addr	size	name	namespace	namesrc	sigsrc	thunk	tags	signature
7100000080	12	nndetailRoGetRoDataStart		i	a	0		char * nndetailRoGetRoDataStart(void)
7100000090	12	nndetailRoGetRoDataEnd		i	a	0		undefined * nndetailRoGetRoDataEnd(void)
71000000a0	352	_init		i	i	0		int _init(EVP_PKEY_CTX * ctx)
7100000200	144	_fini		i	a	0		undefined _fini(void)
7100000290	36	FUN_7100000290		d	a	0		undefined8 FUN_7100000290(long param_1)
7100000340	120	FUN_7100000340		d	a	0		undefined8 FUN_7100000340(undefined8 param_1, undefined8 param_2, long param_3)
71000003c0	184	FUN_71000003c0		d	a	0		undefined FUN_71000003c0(long param_1, ulong param_2, ulong param_3)
7100000480	88	FUN_7100000480		d	a	0		undefined FUN_7100000480(void)
71000004e0	80	FUN_71000004e0		d	a	0		undefined FUN_71000004e0(void)
7100000530	88	FUN_7100000530		d	a	0		undefined FUN_7100000530(void)
7100000590	88	FUN_7100000590		d	a	0		undefined FUN_7100000590(void)
71000005f0	80	FUN_71000005f0		d	a	0		undefined FUN_71000005f0(void)
7100000640	80	FUN_7100000640		d	a	0		undefined FUN_7100000640(void)
7100000690	88	FUN_7100000690		d	a	0		undefined FUN_7100000690(void)
71000006f0	88	FUN_71000006f0		d	a	0		undefined FUN_71000006f0(void)
7100000750	88	FUN_7100000750		d	a	0		undefined FUN_7100000750(void)
71000007b0	88	FUN_71000007b0		d	a	0		undefined FUN_71000007b0(void)
7100000810	88	FUN_7100000810		d	a	0		undefined FUN_7100000810(void)
7100000870	88	FUN_7100000870		d	a	0		undefined FUN_7100000870(void)
71000008d0	88	FUN_71000008d0		d	a	0		undefined FUN_71000008d0(void)
7100000930	88	FUN_7100000930		d	a	0		undefined FUN_7100000930(void)
7100000990	88	FUN_7100000990		d	a	0		undefined FUN_7100000990(void)
71000009f0	88	FUN_71000009f0		d	a	0		undefined FUN_71000009f0(void)
7100000a50	80	FUN_7100000a50		d	a	0		undefined FUN_7100000a50(void)
7100000aa0	80	FUN_7100000aa0		d	a	0		undefined FUN_7100000aa0(void)
7100000af0	80	FUN_7100000af0		d	a	0		undefined FUN_7100000af0(void)
7100000b40	80	FUN_7100000b40		d	a	0		undefined FUN_7100000b40(void)
7100000b90	88	FUN_7100000b90		d	a	0		undefined FUN_7100000b90(void)
7100000bf0	88	FUN_7100000bf0		d	a	0		undefined FUN_7100000bf0(void)
7100000c50	88	FUN_7100000c50		d	a	0		undefined FUN_7100000c50(void)
7100000cb0	88	FUN_7100000cb0		d	a	0		undefined FUN_7100000cb0(void)
7100000d10	88	FUN_7100000d10		d	a	0		undefined FUN_7100000d10(void)
7100000d70	88	FUN_7100000d70		d	a	0		undefined FUN_7100000d70(void)
7100000dd0	88	FUN_7100000dd0		d	a	0		undefined FUN_7100000dd0(void)
7100000e30	88	FUN_7100000e30		d	a	0		undefined FUN_7100000e30(void)
7100000e90	88	FUN_7100000e90		d	a	0		undefined FUN_7100000e90(void)
7100000ef0	88	FUN_7100000ef0		d	a	0		undefined FUN_7100000ef0(void)
7100000f50	88	FUN_7100000f50		d	a	0		undefined FUN_7100000f50(void)
7100000fb0	88	FUN_7100000fb0		d	a	0		undefined FUN_7100000fb0(void)
7100001010	88	FUN_7100001010		d	a	0		undefined FUN_7100001010(void)
7100001070	88	FUN_7100001070		d	a	0		undefined FUN_7100001070(void)
71000010d0	88	FUN_71000010d0		d	a	0		undefined FUN_71000010d0(void)
7100001130	88	FUN_7100001130		d	a	0		undefined FUN_7100001130(void)
7100001190	88	FUN_7100001190		d	a	0		undefined FUN_7100001190(void)
71000011f0	88	FUN_71000011f0		d	a	0		undefined FUN_71000011f0(void)
7100001250	88	FUN_7100001250		d	a	0		undefined FUN_7100001250(void)
71000012b0	88	FUN_71000012b0		d	a	0		undefined FUN_71000012b0(void)
7100001310	88	FUN_7100001310		d	a	0		undefined FUN_7100001310(void)
7100001370	88	FUN_7100001370		d	a	0		undefined FUN_7100001370(void)
71000013d0	88	FUN_71000013d0		d	a	0		undefined FUN_71000013d0(void)
7100001430	88	FUN_7100001430		d	a	0		undefined FUN_7100001430(void)
7100001490	88	FUN_7100001490		d	a	0		undefined FUN_7100001490(void)
71000014f0	88	FUN_71000014f0		d	a	0		undefined FUN_71000014f0(void)
7100001550	88	FUN_7100001550		d	a	0		undefined FUN_7100001550(void)
71000015b0	88	FUN_71000015b0		d	a	0		undefined FUN_71000015b0(void)
7100001610	88	FUN_7100001610		d	a	0		undefined FUN_7100001610(void)
7100001670	88	FUN_7100001670		d	a	0		undefined FUN_7100001670(void)
71000016d0	88	FUN_71000016d0		d	a	0		undefined FUN_71000016d0(void)
7100001730	88	FUN_7100001730		d	a	0		undefined FUN_7100001730(void)
7100001790	88	FUN_7100001790		d	a	0		undefined FUN_7100001790(void)
71000017f0	88	FUN_71000017f0		d	a	0		undefined FUN_71000017f0(void)
7100001850	88	FUN_7100001850		d	a	0		undefined FUN_7100001850(void)
71000018b0	88	FUN_71000018b0		d	a	0		undefined FUN_71000018b0(void)
7100001910	88	FUN_7100001910		d	a	0		undefined FUN_7100001910(void)
7100001970	88	FUN_7100001970		d	a	0		undefined FUN_7100001970(void)
71000019d0	88	FUN_71000019d0		d	a	0		undefined FUN_71000019d0(void)
7100001a30	88	FUN_7100001a30		d	a	0		undefined FUN_7100001a30(void)
7100001a90	80	FUN_7100001a90		d	a	0		undefined FUN_7100001a90(void)
7100001ae0	80	FUN_7100001ae0		d	a	0		undefined FUN_7100001ae0(void)
7100001b30	80	FUN_7100001b30		d	a	0		undefined FUN_7100001b30(void)
7100001b80	80	FUN_7100001b80		d	a	0		undefined FUN_7100001b80(void)
7100001bd0	80	FUN_7100001bd0		d	a	0		undefined FUN_7100001bd0(void)
7100001c20	80	FUN_7100001c20		d	a	0		undefined FUN_7100001c20(void)
7100001c70	80	FUN_7100001c70		d	a	0		undefined FUN_7100001c70(void)
7100001cc0	88	FUN_7100001cc0		d	a	0		undefined FUN_7100001cc0(void)
7100001d20	88	FUN_7100001d20		d	a	0		undefined FUN_7100001d20(void)
7100001d80	88	FUN_7100001d80		d	a	0		undefined FUN_7100001d80(void)
7100001de0	88	FUN_7100001de0		d	a	0		undefined FUN_7100001de0(void)
7100001e40	88	FUN_7100001e40		d	a	0		undefined FUN_7100001e40(void)
7100001ea0	88	FUN_7100001ea0		d	a	0		undefined FUN_7100001ea0(void)
7100001f00	88	FUN_7100001f00		d	a	0		undefined FUN_7100001f00(void)
7100001f60	88	FUN_7100001f60		d	a	0		undefined FUN_7100001f60(void)
7100001fc0	88	FUN_7100001fc0		d	a	0		undefined FUN_7100001fc0(void)
7100002020	88	FUN_7100002020		d	a	0		undefined FUN_7100002020(void)
7100002080	88	FUN_7100002080		d	a	0		undefined FUN_7100002080(void)
71000020e0	88	FUN_71000020e0		d	a	0		undefined FUN_71000020e0(void)
7100002140	88	FUN_7100002140		d	a	0		undefined FUN_7100002140(void)
71000021a0	80	FUN_71000021a0		d	a	0		undefined FUN_71000021a0(void)
71000021f0	88	FUN_71000021f0		d	a	0		undefined FUN_71000021f0(void)
7100002250	88	FUN_7100002250		d	a	0		undefined FUN_7100002250(void)
71000022b0	80	FUN_71000022b0		d	a	0		undefined FUN_71000022b0(void)
7100002300	80	FUN_7100002300		d	a	0		undefined FUN_7100002300(void)
7100002350	80	FUN_7100002350		d	a	0		undefined FUN_7100002350(void)
71000023a0	80	FUN_71000023a0		d	a	0		undefined FUN_71000023a0(void)
71000023f0	88	FUN_71000023f0		d	a	0		undefined FUN_71000023f0(void)
7100002450	88	FUN_7100002450		d	a	0		undefined FUN_7100002450(void)
71000024b0	88	FUN_71000024b0		d	a	0		undefined FUN_71000024b0(void)
7100002510	88	FUN_7100002510		d	a	0		undefined FUN_7100002510(void)
7100002570	88	FUN_7100002570		d	a	0		undefined FUN_7100002570(void)
71000025d0	80	FUN_71000025d0		d	a	0		undefined FUN_71000025d0(void)
7100002620	80	FUN_7100002620		d	a	0		undefined FUN_7100002620(void)
7100002670	80	FUN_7100002670		d	a	0		undefined FUN_7100002670(void)
71000026c0	80	FUN_71000026c0		d	a	0		undefined FUN_71000026c0(void)
7100002710	80	FUN_7100002710		d	a	0		undefined FUN_7100002710(void)
7100002760	80	FUN_7100002760		d	a	0		undefined FUN_7100002760(void)
71000027b0	80	FUN_71000027b0		d	a	0		undefined FUN_71000027b0(void)
7100002800	80	FUN_7100002800		d	a	0		undefined FUN_7100002800(void)
7100002850	80	FUN_7100002850		d	a	0		undefined FUN_7100002850(void)
71000028a0	80	FUN_71000028a0		d	a	0		undefined FUN_71000028a0(void)
71000028f0	80	FUN_71000028f0		d	a	0		undefined FUN_71000028f0(void)
7100002940	80	FUN_7100002940		d	a	0		undefined FUN_7100002940(void)
7100002990	80	FUN_7100002990		d	a	0		undefined FUN_7100002990(void)
71000029e0	80	FUN_71000029e0		d	a	0		undefined FUN_71000029e0(void)
7100002a30	80	FUN_7100002a30		d	a	0		undefined FUN_7100002a30(void)
7100002a80	80	FUN_7100002a80		d	a	0		undefined FUN_7100002a80(void)
7100002ad0	80	FUN_7100002ad0		d	a	0		undefined FUN_7100002ad0(void)
7100002b20	80	FUN_7100002b20		d	a	0		undefined FUN_7100002b20(void)
7100002b70	80	FUN_7100002b70		d	a	0		undefined FUN_7100002b70(void)
7100002bc0	80	FUN_7100002bc0		d	a	0		undefined FUN_7100002bc0(void)
7100002c10	80	FUN_7100002c10		d	a	0		undefined FUN_7100002c10(void)
7100002c60	80	FUN_7100002c60		d	a	0		undefined FUN_7100002c60(void)
7100002cb0	80	FUN_7100002cb0		d	a	0		undefined FUN_7100002cb0(void)
7100002d00	80	FUN_7100002d00		d	a	0		undefined FUN_7100002d00(void)
7100002d50	80	FUN_7100002d50		d	a	0		undefined FUN_7100002d50(void)
7100002da0	80	FUN_7100002da0		d	a	0		undefined FUN_7100002da0(void)
7100002df0	88	FUN_7100002df0		d	a	0		undefined FUN_7100002df0(void)
7100002e50	88	FUN_7100002e50		d	a	0		undefined FUN_7100002e50(void)
7100002eb0	88	FUN_7100002eb0		d	a	0		undefined FUN_7100002eb0(void)
7100002f10	88	FUN_7100002f10		d	a	0		undefined FUN_7100002f10(void)
7100002f70	88	FUN_7100002f70		d	a	0		undefined FUN_7100002f70(void)
7100002fd0	88	FUN_7100002fd0		d	a	0		undefined FUN_7100002fd0(void)
7100003030	88	FUN_7100003030		d	a	0		undefined FUN_7100003030(void)
7100003090	88	FUN_7100003090		d	a	0		undefined FUN_7100003090(void)
71000030f0	88	FUN_71000030f0		d	a	0		undefined FUN_71000030f0(void)
7100003150	88	FUN_7100003150		d	a	0		undefined FUN_7100003150(void)
71000031b0	88	FUN_71000031b0		d	a	0		undefined FUN_71000031b0(void)
7100003210	88	FUN_7100003210		d	a	0		undefined FUN_7100003210(void)
7100003270	88	FUN_7100003270		d	a	0		undefined FUN_7100003270(void)
71000032d0	80	FUN_71000032d0		d	a	0		undefined FUN_71000032d0(void)
7100003320	80	FUN_7100003320		d	a	0		undefined FUN_7100003320(void)
7100003370	88	FUN_7100003370		d	a	0		undefined FUN_7100003370(void)
71000033d0	80	FUN_71000033d0		d	a	0		undefined FUN_71000033d0(void)
7100003420	80	FUN_7100003420		d	a	0		undefined FUN_7100003420(void)
7100003470	80	FUN_7100003470		d	a	0		undefined FUN_7100003470(void)
71000034c0	80	FUN_71000034c0		d	a	0		undefined FUN_71000034c0(void)
7100003510	80	FUN_7100003510		d	a	0		undefined FUN_7100003510(void)
7100003560	80	FUN_7100003560		d	a	0		undefined FUN_7100003560(void)
71000035b0	80	FUN_71000035b0		d	a	0		undefined FUN_71000035b0(void)
7100003600	80	FUN_7100003600		d	a	0		undefined FUN_7100003600(void)
7100003650	80	FUN_7100003650		d	a	0		undefined FUN_7100003650(void)
71000036a0	80	FUN_71000036a0		d	a	0		undefined FUN_71000036a0(void)
71000036f0	80	FUN_71000036f0		d	a	0		undefined FUN_71000036f0(void)
7100003740	80	FUN_7100003740		d	a	0		undefined FUN_7100003740(void)
7100003790	80	FUN_7100003790		d	a	0		undefined FUN_7100003790(void)
71000037e0	80	FUN_71000037e0		d	a	0		undefined FUN_71000037e0(void)
7100003830	208	Mg1802CameraManager	mg1802::Mg1802CameraManager	a	a	0		undefined Mg1802CameraManager(Mg1802CameraManager * this)
7100003900	16	FUN_7100003900		d	a	0		undefined FUN_7100003900(void)
7100003910	100	~Mg1802CameraManager	mg1802::Mg1802CameraManager	a	a	0		undefined ~Mg1802CameraManager(Mg1802CameraManager * this)
7100003974	36	~Mg1802CameraManager	mg1802::Mg1802CameraManager	a	a	0		undefined ~Mg1802CameraManager(Mg1802CameraManager * this)
7100003998	8	SetState	mg1802::Mg1802CameraManager	a	a	0		undefined SetState(long param_1, uint param_2)
71000039a0	8	IsFinished	mg1802::Mg1802CameraManager	a	a	0		undefined IsFinished(Mg1802CameraManager * this)
71000039b0	232	IsFinished	mg1802::Mg1802CameraManager::Impl	a	a	0		undefined IsFinished(Impl * this)
7100003aa0	8	GetPosition	mg1802::Mg1802CameraManager	a	a	0		undefined GetPosition(Mg1802CameraManager * this)
7100003ab0	296	GetPosition	mg1802::Mg1802CameraManager::Impl	a	a	0		undefined1[16] GetPosition(Impl * this)
7100003be0	204	~Impl	mg1802::Mg1802CameraManager::Impl	a	a	0		undefined ~Impl(Impl * this)
7100003cac	36	~Impl	mg1802::Mg1802CameraManager::Impl	a	a	0		undefined ~Impl(Impl * this)
7100003cd0	36	Setup	mg1802::Mg1802CameraManager::Impl	a	a	0		undefined Setup(Impl * this)
7100003cf4	4	PostSetup	mg1802::Mg1802ObjectBaseImpl	a	a	0		undefined PostSetup(void)
7100003cf8	4	Initialize	mg1802::Mg1802ObjectBaseImpl	a	a	0		undefined Initialize(void)
7100003cfc	4	StartOpeningDemo	mg1802::Mg1802ObjectBaseImpl	a	a	0		undefined StartOpeningDemo(void)
7100003d00	4	SkipOpeningDemo	mg1802::Mg1802ObjectBaseImpl	a	a	0		undefined SkipOpeningDemo(void)
7100003d04	4	PreStartTelop	mg1802::Mg1802ObjectBaseImpl	a	a	0		undefined PreStartTelop(void)
7100003d08	4	StartGame	mg1802::Mg1802ObjectBaseImpl	a	a	0		undefined StartGame(void)
7100003d0c	4	StartRound	mg1802::Mg1802ObjectBaseImpl	a	a	0		undefined StartRound(void)
7100003d10	4	StartPlayer	mg1802::Mg1802ObjectBaseImpl	a	a	0		undefined StartPlayer(void)
7100003d14	4	EndPlayer	mg1802::Mg1802ObjectBaseImpl	a	a	0		undefined EndPlayer(void)
7100003d18	4	EndRound	mg1802::Mg1802ObjectBaseImpl	a	a	0		undefined EndRound(void)
7100003d1c	4	StartFinish	mg1802::Mg1802ObjectBaseImpl	a	a	0		undefined StartFinish(void)
7100003d20	156	StartCapture	mg1802::Mg1802CameraManager::Impl	a	a	0		undefined StartCapture(Impl * this)
7100003dbc	124	StartResult	mg1802::Mg1802CameraManager::Impl	a	a	0		undefined StartResult(Impl * this)
7100003e40	24	Update	mg1802::Mg1802CameraManager::Impl	a	a	0		undefined Update(void)
7100003e58	8	~Impl	mg1802::Mg1802CameraManager::Impl	a	a	0		undefined ~Impl(Impl * this)
7100003e60	40	~Impl	mg1802::Mg1802CameraManager::Impl	a	a	0		undefined ~Impl(Impl * this)
7100003e88	4	getInstanceTypeinfo	bex::Fiber	a	a	0		undefined getInstanceTypeinfo(void)
7100003e8c	4	StartUpdate	bex::Fiber	a	a	0		undefined StartUpdate(void)
7100003e90	24	Update	mg1802::Mg1802CameraManager::Impl	a	a	0		undefined Update(void)
7100003ea8	44	Destroy	bex::Fiber	a	a	0		undefined Destroy(Fiber * this)
7100003ed4	4	~Mg1802ObjectBaseImpl	mg1802::Mg1802ObjectBaseImpl	a	a	0		undefined ~Mg1802ObjectBaseImpl(void)
7100003ed8	4	~Mg1802ObjectBaseImpl	mg1802::Mg1802ObjectBaseImpl	a	a	0		undefined ~Mg1802ObjectBaseImpl(Mg1802ObjectBaseImpl * this)
7100003edc	4	Setup	mg1802::Mg1802ObjectBaseImpl	a	a	0		undefined Setup(void)
7100003ee0	4	StartCapture	mg1802::Mg1802ObjectBaseImpl	a	a	0		undefined StartCapture(void)
7100003ee4	4	StartResult	mg1802::Mg1802ObjectBaseImpl	a	a	0		undefined StartResult(void)
7100003ee8	320	SetupEnv	mg1802::Mg1802CameraManager::Impl	a	a	0		undefined SetupEnv(long param_1)
7100004030	1100	SetupCamera	mg1802::Mg1802CameraManager::Impl	a	a	0		undefined SetupCamera(Impl * this)
7100004490	468	AddComponent<bq::ComMatter,bq::MatterType,(void*)0>	nn::bezel::Entity	a	a	0		WeakHandle AddComponent<bq::ComMatter,bq::MatterType,(void*)0>(long * param_1_00, HandlePtr * param_2, undefined4 * param_3)
710000466c	672	GetFile	mg1802::Mg1802ANIM	a	a	0		undefined GetFile(ulong * param_1_00, long param_2, char * param_3)
7100004910	432	PlayCamera	mg1802::Mg1802CameraManager::Impl	a	a	0		undefined PlayCamera(Impl * this, char * param_1, uint param_2)
7100004ac8	372	SafeCreate<bq::ComMatter,nn::bezel::HandlePtr<nn::bezel::Entity>const&,bq::MatterType>	bex::ComponentUtil	a	a	0		WeakHandle SafeCreate<bq::ComMatter,nn::bezel::HandlePtr<nn::bezel::Entity>const&,bq::MatterType>(long * param_1_00, ComponentUtil * this, undefined4 * param_3)
7100004c4c	32	IsDerivedFrom	nn::bezel::detail::StaticTypeDesc<bq::ComMatter,false,nn::bezel::Component>	a	a	0		bool IsDerivedFrom(undefined * param_1)
7100004c6c	12	GetBaseTypeDesc	nn::bezel::detail::StaticTypeDesc<bq::ComMatter,false,nn::bezel::Component>	a	a	0		undefined * GetBaseTypeDesc(void)
7100004c78	20	GetNextBaseTypeDesc	nn::bezel::detail::StaticTypeDesc<bq::ComMatter,false,nn::bezel::Component>	a	a	0		undefined * GetNextBaseTypeDesc(long param_1)
7100004c8c	8	CastTo	nn::bezel::detail::StaticTypeDesc<bq::ComMatter,false,nn::bezel::Component>	a	a	0		undefined8 CastTo(undefined8 param_1, undefined8 param_2)
7100004c94	8	CastToConst	nn::bezel::detail::StaticTypeDesc<bq::ComMatter,false,nn::bezel::Component>	a	a	0		undefined8 CastToConst(undefined8 param_1, undefined8 param_2)
7100004c9c	20	IsDerivedFrom	nn::bezel::detail::StaticTypeDesc<nn::bezel::Component,false>	a	a	0		bool IsDerivedFrom(undefined * param_1)
7100004cb0	8	GetBaseTypeDesc	nn::bezel::detail::StaticTypeDesc<nn::bezel::Component,false>	a	a	0		undefined8 GetBaseTypeDesc(void)
7100004cb8	8	GetNextBaseTypeDesc	nn::bezel::detail::StaticTypeDesc<nn::bezel::Component,false>	a	a	0		undefined8 GetNextBaseTypeDesc(void)
7100004cc0	8	CastTo	nn::bezel::detail::StaticTypeDesc<nn::bezel::Component,false>	a	a	0		undefined8 CastTo(undefined8 param_1, undefined8 param_2)
7100004cc8	8	CastToConst	nn::bezel::detail::StaticTypeDesc<nn::bezel::Component,false>	a	a	0		undefined8 CastToConst(undefined8 param_1, undefined8 param_2)
7100004cd0	20	FUN_7100004cd0		d	a	0		undefined FUN_7100004cd0(void)
7100004cf0	80	FUN_7100004cf0		d	a	0		undefined FUN_7100004cf0(char * param_1)
7100004d40	48	FUN_7100004d40		d	a	0		undefined FUN_7100004d40(logic_error * param_1, char * param_2)
7100004d70	12	NnDetailBezelGetTypeDesc	nn::bezel::StringViewHashPair	a	a	0		undefined * NnDetailBezelGetTypeDesc(void)
7100004d7c	4	NnDetailBezelGetThisPtr	nn::bezel::StringViewHashPair	a	a	0		undefined NnDetailBezelGetThisPtr(void)
7100004d80	4	NnDetailBezelGetThisPtrConst	nn::bezel::StringViewHashPair	a	a	0		undefined NnDetailBezelGetThisPtrConst(void)
7100004d84	20	IsDerivedFrom	nn::bezel::detail::StaticTypeDesc<nn::bezel::StringViewHashPair,true>	a	a	0		bool IsDerivedFrom(undefined * param_1)
7100004d98	8	GetBaseTypeDesc	nn::bezel::detail::StaticTypeDesc<nn::bezel::StringViewHashPair,true>	a	a	0		undefined8 GetBaseTypeDesc(void)
7100004da0	8	GetNextBaseTypeDesc	nn::bezel::detail::StaticTypeDesc<nn::bezel::StringViewHashPair,true>	a	a	0		undefined8 GetNextBaseTypeDesc(void)
7100004da8	8	CastTo	nn::bezel::detail::StaticTypeDesc<nn::bezel::StringViewHashPair,true>	a	a	0		undefined8 CastTo(undefined8 param_1, undefined8 param_2)
7100004db0	8	CastToConst	nn::bezel::detail::StaticTypeDesc<nn::bezel::StringViewHashPair,true>	a	a	0		undefined8 CastToConst(undefined8 param_1, undefined8 param_2)
7100004db8	408	append	std::basic_string<char,std::char_traits<char>,bex::HeapModule::Allocator_string<char>>	a	a	0		ulong * append(ulong * param_1, void * param_2, byte * param_3, ulong param_4)
7100004f50	516	insert	std::basic_string<char,std::char_traits<char>,bex::HeapModule::Allocator_string<char>>	a	a	0		basic_string<char,std::char_traits<char>,bex::HeapModule::Allocator_string<char>> * insert(basic_string<char,std::char_traits<char>,bex::HeapModule::Allocator_string<char>> * this, ulong param_1, basic_string<char,std::char_traits<char>,bex::HeapModule::Allocator_string<char>> * param_2, ulong param_3)
7100005154	24	FUN_7100005154		d	a	0		undefined FUN_7100005154(void)
7100005170	80	FUN_7100005170		d	a	0		undefined FUN_7100005170(char * param_1)
71000051c0	48	FUN_71000051c0		d	a	0		undefined FUN_71000051c0(logic_error * param_1, char * param_2)
71000051f0	32	IsDerivedFrom	nn::bezel::detail::StaticTypeDesc<actor::ComActorMotion,false,nn::bezel::Component>	a	a	0		bool IsDerivedFrom(undefined * param_1)
7100005210	12	GetBaseTypeDesc	nn::bezel::detail::StaticTypeDesc<actor::ComActorMotion,false,nn::bezel::Component>	a	a	0		undefined * GetBaseTypeDesc(void)
710000521c	20	GetNextBaseTypeDesc	nn::bezel::detail::StaticTypeDesc<actor::ComActorMotion,false,nn::bezel::Component>	a	a	0		undefined * GetNextBaseTypeDesc(long param_1)
7100005230	8	CastTo	nn::bezel::detail::StaticTypeDesc<actor::ComActorMotion,false,nn::bezel::Component>	a	a	0		undefined8 CastTo(undefined8 param_1, undefined8 param_2)
7100005238	8	CastToConst	nn::bezel::detail::StaticTypeDesc<actor::ComActorMotion,false,nn::bezel::Component>	a	a	0		undefined8 CastToConst(undefined8 param_1, undefined8 param_2)
7100005240	216	SetDofEnable	mg1802::Mg1802CameraManager::Impl	a	a	0	ST_PARTIAL	undefined SetDofEnable(void)
7100005318	280	TryGetExtension<bex::gfx::GraphicsLayerExtension>	nn::bezel::GraphicsLayer	a	a	0		undefined8 TryGetExtension<bex::gfx::GraphicsLayerExtension>(GraphicsLayer * this)
7100005438	20	~ScopedTypeId	nn::bezel::detail::ScopedTypeId<nn::bezel::IGraphicsLayerExtension,32>	a	a	0		undefined ~ScopedTypeId(ScopedTypeId<nn::bezel::IGraphicsLayerExtension,32> * this)
710000544c	20	IsDerivedFrom	nn::bezel::detail::StaticTypeDesc<nn::bezel::IGraphicsLayerExtension,false>	a	a	0		bool IsDerivedFrom(undefined * param_1)
7100005460	8	GetBaseTypeDesc	nn::bezel::detail::StaticTypeDesc<nn::bezel::IGraphicsLayerExtension,false>	a	a	0		undefined8 GetBaseTypeDesc(void)
7100005468	8	GetNextBaseTypeDesc	nn::bezel::detail::StaticTypeDesc<nn::bezel::IGraphicsLayerExtension,false>	a	a	0		undefined8 GetNextBaseTypeDesc(void)
7100005470	8	CastTo	nn::bezel::detail::StaticTypeDesc<nn::bezel::IGraphicsLayerExtension,false>	a	a	0		undefined8 CastTo(undefined8 param_1, undefined8 param_2)
7100005478	8	CastToConst	nn::bezel::detail::StaticTypeDesc<nn::bezel::IGraphicsLayerExtension,false>	a	a	0		undefined8 CastToConst(undefined8 param_1, undefined8 param_2)
7100005480	32	IsDerivedFrom	nn::bezel::detail::StaticTypeDesc<bex::gfx::GraphicsLayerExtension,false,nn::bezel::IGraphicsLayerExtension>	a	a	0		bool IsDerivedFrom(undefined * param_1)
71000054a0	12	GetBaseTypeDesc	nn::bezel::detail::StaticTypeDesc<bex::gfx::GraphicsLayerExtension,false,nn::bezel::IGraphicsLayerExtension>	a	a	0		undefined * GetBaseTypeDesc(void)
71000054ac	20	GetNextBaseTypeDesc	nn::bezel::detail::StaticTypeDesc<bex::gfx::GraphicsLayerExtension,false,nn::bezel::IGraphicsLayerExtension>	a	a	0		undefined * GetNextBaseTypeDesc(long param_1)
71000054c0	8	CastTo	nn::bezel::detail::StaticTypeDesc<bex::gfx::GraphicsLayerExtension,false,nn::bezel::IGraphicsLayerExtension>	a	a	0		undefined8 CastTo(undefined8 param_1, undefined8 param_2)
71000054c8	8	CastToConst	nn::bezel::detail::StaticTypeDesc<bex::gfx::GraphicsLayerExtension,false,nn::bezel::IGraphicsLayerExtension>	a	a	0		undefined8 CastToConst(undefined8 param_1, undefined8 param_2)
71000054d0	32	IsDerivedFrom	nn::bezel::detail::StaticTypeDesc<nn::bezel::ComCamera,false,nn::bezel::Component>	a	a	0		bool IsDerivedFrom(undefined * param_1)
71000054f0	12	GetBaseTypeDesc	nn::bezel::detail::StaticTypeDesc<nn::bezel::ComCamera,false,nn::bezel::Component>	a	a	0		undefined * GetBaseTypeDesc(void)
71000054fc	20	GetNextBaseTypeDesc	nn::bezel::detail::StaticTypeDesc<nn::bezel::ComCamera,false,nn::bezel::Component>	a	a	0		undefined * GetNextBaseTypeDesc(long param_1)
7100005510	8	CastTo	nn::bezel::detail::StaticTypeDesc<nn::bezel::ComCamera,false,nn::bezel::Component>	a	a	0		undefined8 CastTo(undefined8 param_1, undefined8 param_2)
7100005518	8	CastToConst	nn::bezel::detail::StaticTypeDesc<nn::bezel::ComCamera,false,nn::bezel::Component>	a	a	0		undefined8 CastToConst(undefined8 param_1, undefined8 param_2)
7100005520	132	Mg1802EffectManager	mg1802::Mg1802EffectManager	a	a	0		undefined Mg1802EffectManager(Mg1802EffectManager * this)
71000055a4	1524	Impl	mg1802::Mg1802EffectManager::Impl	a	a	0		undefined Impl(Impl * this)
7100005b98	100	~Mg1802EffectManager	mg1802::Mg1802EffectManager	a	a	0		undefined ~Mg1802EffectManager(Mg1802EffectManager * this)
7100005bfc	36	~Mg1802EffectManager	mg1802::Mg1802EffectManager	a	a	0		undefined ~Mg1802EffectManager(Mg1802EffectManager * this)
7100005c20	8	SetState	mg1802::Mg1802EffectManager	a	a	0		undefined SetState(long param_1, uint param_2)
7100005c28	68	Start	mg1802::Mg1802EffectManager	a	a	0		undefined4 Start(Mg1802EffectManager * this, ulong param_1, long * param_2, char * param_3)
7100005c6c	196	Stop	mg1802::Mg1802EffectManager	a	a	0		undefined Stop(Mg1802EffectManager * this, ulong param_1, uint param_2)
7100005d30	8	Start	mg1802::Mg1802EffectManager	a	a	0		undefined Start(long param_1, int param_2)
7100005d38	232	Start	mg1802::Mg1802EffectManager::Impl	a	a	0		undefined Start(long param_1, int param_2)
7100005e20	868	~Impl	mg1802::Mg1802EffectManager::Impl	a	a	0		undefined ~Impl(Impl * this)
7100006184	36	~Impl	mg1802::Mg1802EffectManager::Impl	a	a	0		undefined ~Impl(Impl * this)
71000061a8	20	Setup	mg1802::Mg1802EffectManager::Impl	a	a	0		undefined Setup(Impl * this)
71000061c0	780	StartResult	mg1802::Mg1802EffectManager::Impl	a	a	0		undefined StartResult(Impl * this)
71000064f0	24	Update	mg1802::Mg1802EffectManager::Impl	a	a	0		undefined Update(void)
7100006508	8	~Impl	mg1802::Mg1802EffectManager::Impl	a	a	0		undefined ~Impl(Impl * this)
7100006510	40	~Impl	mg1802::Mg1802EffectManager::Impl	a	a	0		undefined ~Impl(Impl * this)
7100006540	24	Update	mg1802::Mg1802EffectManager::Impl	a	a	0		undefined Update(void)
7100006558	52	~EFFECT	mg1802::Mg1802EffectManager::Impl::EFFECT_WORK::EFFECT	a	a	0		undefined ~EFFECT(EFFECT * this)
710000658c	52	~EFFECT	mg1802::Mg1802EffectManager::Impl::EFFECT_WORK::EFFECT	a	a	0		undefined ~EFFECT(EFFECT * this)
71000065c0	184	Remove	mg1802::Mg1802EffectManager::Impl::EFFECT_WORK::EFFECT	a	a	0		undefined Remove(EFFECT * this)
7100006680	880	CreateEffect	mg1802::Mg1802EffectManager::Impl	a	a	0		undefined CreateEffect(Impl * this)
71000069f8	660	Create	mg1802::Mg1802EffectManager::Impl::EFFECT_WORK	a	a	0		undefined Create(EFFECT_WORK * this, char * param_1)
7100006c8c	208	Start	mg1802::Mg1802EffectManager::Impl::EFFECT_WORK	a	a	0		undefined4 Start(long param_1, long * param_2, char * param_3)
7100006d60	428	Hook	mg1802::Mg1802EffectManager::Impl::EFFECT_WORK::EFFECT	a	a	0		undefined Hook(EFFECT * this, long * param_1, char * param_2)
7100006f14	32	IsDerivedFrom	nn::bezel::detail::StaticTypeDesc<nn::bezel::ComModel,false,nn::bezel::Component>	a	a	0		bool IsDerivedFrom(undefined * param_1)
7100006f34	12	GetBaseTypeDesc	nn::bezel::detail::StaticTypeDesc<nn::bezel::ComModel,false,nn::bezel::Component>	a	a	0		undefined * GetBaseTypeDesc(void)
7100006f40	20	GetNextBaseTypeDesc	nn::bezel::detail::StaticTypeDesc<nn::bezel::ComModel,false,nn::bezel::Component>	a	a	0		undefined * GetNextBaseTypeDesc(long param_1)
7100006f54	8	CastTo	nn::bezel::detail::StaticTypeDesc<nn::bezel::ComModel,false,nn::bezel::Component>	a	a	0		undefined8 CastTo(undefined8 param_1, undefined8 param_2)
7100006f5c	8	CastToConst	nn::bezel::detail::StaticTypeDesc<nn::bezel::ComModel,false,nn::bezel::Component>	a	a	0		undefined8 CastToConst(undefined8 param_1, undefined8 param_2)
7100006f64	232	Mg1802InfoManager	mg1802::Mg1802InfoManager	a	a	0	ST_PARTIAL	undefined Mg1802InfoManager(Mg1802InfoManager * this)
710000704c	68	~Mg1802InfoManager	mg1802::Mg1802InfoManager	a	a	0		undefined ~Mg1802InfoManager(Mg1802InfoManager * this)
7100007090	36	~Mg1802InfoManager	mg1802::Mg1802InfoManager	a	a	0		undefined ~Mg1802InfoManager(Mg1802InfoManager * this)
71000070b4	8	Setup	mg1802::Mg1802InfoManager	a	a	0		undefined Setup(Mg1802InfoManager * this)
71000070bc	12	SetBeatCount	mg1802::Mg1802InfoManager	a	a	0		undefined SetBeatCount(Mg1802InfoManager * this, undefined4 param_1)
71000070c8	12	SetReadyBeatCount	mg1802::Mg1802InfoManager	a	a	0		undefined SetReadyBeatCount(Mg1802InfoManager * this, undefined4 param_1)
71000070d4	12	GetBeatCount	mg1802::Mg1802InfoManager	a	a	0		undefined4 GetBeatCount(Mg1802InfoManager * this)
71000070e0	84	IsReadyNoteInfo	mg1802::Mg1802InfoManager	a	a	0		bool IsReadyNoteInfo(Mg1802InfoManager * this)
7100007134	56	GetReadyNoteInfo	mg1802::Mg1802InfoManager	a	a	0		undefined GetReadyNoteInfo(undefined8 * param_1, long param_2)
710000716c	84	IsStartNoteInfo	mg1802::Mg1802InfoManager	a	a	0		bool IsStartNoteInfo(Mg1802InfoManager * this)
71000071c0	56	GetStartNoteInfo	mg1802::Mg1802InfoManager	a	a	0		undefined GetStartNoteInfo(undefined8 * param_1, long param_2)
71000071f8	12	GetMaxScore	mg1802::Mg1802InfoManager	a	a	0		undefined4 GetMaxScore(Mg1802InfoManager * this)
7100007204	12	SetMainFrame	mg1802::Mg1802InfoManager	a	a	0		undefined SetMainFrame(Mg1802InfoManager * this, undefined4 param_1)
7100007210	12	GetMainFrame	mg1802::Mg1802InfoManager	a	a	0		undefined4 GetMainFrame(Mg1802InfoManager * this)
710000721c	20	IsDebugViewJust	mg1802::Mg1802InfoManager	a	a	0		undefined1 IsDebugViewJust(void)
7100007230	20	GetComMode	mg1802::Mg1802InfoManager	a	a	0		undefined4 GetComMode(void)
7100007244	8	GetListIngredientType	mg1802::Mg1802InfoManager	a	a	0		undefined GetListIngredientType(Mg1802InfoManager * this, long * param_1)
7100007250	684	GetListIngredientType	mg1802::Mg1802InfoManager::Impl	a	a	0	ST_ANALYZED	undefined GetListIngredientType(Impl * this, long * param_1)
710000750c	24	GetMainBeatType	mg1802::Mg1802InfoManager	a	a	0		undefined GetMainBeatType(void)
7100007528	44	GetBeatToSec	mg1802::Mg1802InfoManager	a	a	0	ST_ANALYZED	undefined GetBeatToSec(undefined8 param_1_00, undefined4 param_2)
7100007558	44	GetRotateBegin	mg1802::Mg1802InfoManager	a	a	0		undefined1[16] GetRotateBegin(Mg1802InfoManager * this)
7100007584	44	GetRotateSpin	mg1802::Mg1802InfoManager	a	a	0		undefined1[16] GetRotateSpin(Mg1802InfoManager * this)
71000075b0	12	GetStackCreamNum	mg1802::Mg1802InfoManager	a	a	0		undefined4 GetStackCreamNum(Mg1802InfoManager * this)
71000075bc	12	GetStackIngredienNum	mg1802::Mg1802InfoManager	a	a	0		undefined4 GetStackIngredienNum(Mg1802InfoManager * this)
71000075c8	76	CalcMotionSpeed	mg1802::Mg1802InfoManager	a	a	0		float CalcMotionSpeed(float param_1, undefined8 param_2_00, undefined4 param_3)
7100007618	48	GetAnimSpeed	mg1802::Mg1802InfoManager	a	a	0	ST_ANALYZED	float GetAnimSpeed(void)
710000764c	80	GetBeatRatio	mg1802::Mg1802InfoManager	a	a	0		float GetBeatRatio(Mg1802InfoManager * this, undefined4 param_1)
71000076a0	12	GetTotalBeatNum	mg1802::Mg1802InfoManager	a	a	0		undefined4 GetTotalBeatNum(Mg1802InfoManager * this)
71000076ac	8	JustRCSound	mg1802::Mg1802InfoManager	a	a	0		undefined JustRCSound(Mg1802InfoManager * this, undefined8 param_1, ulong param_2, uint param_3)
71000076b4	476	JustRCSound	mg1802::Mg1802InfoManager::Impl	a	a	0	ST_ANALYZED	undefined JustRCSound(Impl * this, undefined8 param_1, ulong param_2, uint param_3)
7100007890	64	SetOut	mg1802::Mg1802InfoManager	a	a	0	ST_ANALYZED	undefined SetOut(Mg1802InfoManager * this, uint param_1)
71000078d0	244	Start	mg1802::SyncWork	a	a	0		undefined1[16] Start(float param_1, SyncWork * this, undefined4 param_3)
71000079cc	252	GetFrame	mg1802::SyncWork	a	a	0		float GetFrame(SyncWork * this)
7100007acc	112	GetFrameBG	mg1802::SyncWork	a	a	0		float GetFrameBG(SyncWork * this)
7100007b40	80	~Impl	mg1802::Mg1802InfoManager::Impl	a	a	0		undefined ~Impl(Impl * this)
7100007b90	88	~Impl	mg1802::Mg1802InfoManager::Impl	a	a	0		undefined ~Impl(Impl * this)
7100007bf0	40	Update	mg1802::Mg1802InfoManager::Impl	a	a	0		undefined Update(Impl * this)
7100007c20	1904	SetupNoteInfo	mg1802::Mg1802InfoManager::Impl	a	a	0	ST_ANALYZED	undefined SetupNoteInfo(Impl * this)
71000083ac	260	SetupRotate	mg1802::Mg1802InfoManager::Impl	a	a	0	ST_PARTIAL	undefined SetupRotate(Impl * this)
71000084c0	828	StackIngredient	mg1802::Mg1802InfoManager::Impl	a	a	0	ST_ANALYZED	undefined StackIngredient(Impl * this)
7100008810	668	GetThrowTypeData	mg1802::Mg1802InfoManager::Impl	a	a	0		undefined4 GetThrowTypeData(undefined8 param_1_00, byte * param_2)
7100008aac	20	FUN_7100008aac		d	a	0		undefined FUN_7100008aac(void)
7100008ac0	20	FUN_7100008ac0		d	a	0		undefined FUN_7100008ac0(void)
7100008ad4	20	FUN_7100008ad4		d	a	0		undefined FUN_7100008ad4(void)
7100008ae8	200	Mg1802NpcManager	mg1802::Mg1802NpcManager	a	a	0		undefined Mg1802NpcManager(Mg1802NpcManager * this)
7100008bb0	100	~Mg1802NpcManager	mg1802::Mg1802NpcManager	a	a	0		undefined ~Mg1802NpcManager(Mg1802NpcManager * this)
7100008c14	36	~Mg1802NpcManager	mg1802::Mg1802NpcManager	a	a	0		undefined ~Mg1802NpcManager(Mg1802NpcManager * this)
7100008c38	8	SetState	mg1802::Mg1802NpcManager	a	a	0		undefined SetState(long param_1, uint param_2)
7100008c40	32	Ready	mg1802::Mg1802NpcManager	a	a	0	ST_PARTIAL	undefined Ready(Mg1802NpcManager * this, undefined8 * param_1)
7100008c60	44	Action	mg1802::Mg1802NpcManager	a	a	0	ST_ANALYZED	undefined Action(undefined8 param_1_00, long param_2)
7100008c8c	160	Just	mg1802::Mg1802NpcManager	a	a	0		undefined Just(Mg1802NpcManager * this, uint param_1)
7100008d2c	24	GetPlayerID	mg1802::Mg1802NpcManager	a	a	0		undefined GetPlayerID(undefined4 * param_1, long param_2, uint param_3)
7100008d44	72	SetVisible	mg1802::Mg1802NpcManager	a	a	0		undefined SetVisible(long param_1)
7100008d8c	348	array	std::array<mg1802::Mg1802NpcModel,4ul>	a	a	0	ST_PARTIAL	undefined array(array<mg1802::Mg1802NpcModel,4ul> * this)
7100008ee8	252	~Impl	mg1802::Mg1802NpcManager::Impl	a	a	0		undefined ~Impl(Impl * this)
7100008fe4	36	~Impl	mg1802::Mg1802NpcManager::Impl	a	a	0		undefined ~Impl(Impl * this)
7100009008	72	Setup	mg1802::Mg1802NpcManager::Impl	a	a	0		undefined Setup(Impl * this)
7100009050	340	PostSetup	mg1802::Mg1802NpcManager::Impl	a	a	0		undefined PostSetup(Impl * this)
71000091a4	188	StartResult	mg1802::Mg1802NpcManager::Impl	a	a	0		undefined StartResult(Impl * this)
7100009260	124	Update	mg1802::Mg1802NpcManager::Impl	a	a	0		undefined Update(Impl * this)
71000092e0	8	~Impl	mg1802::Mg1802NpcManager::Impl	a	a	0		undefined ~Impl(Impl * this)
71000092e8	40	~Impl	mg1802::Mg1802NpcManager::Impl	a	a	0		undefined ~Impl(Impl * this)
7100009310	124	Update	mg1802::Mg1802NpcManager::Impl	a	a	0		undefined Update(Impl * this)
7100009390	72	~Mg1802NpcModel	mg1802::Mg1802NpcModel	a	a	0		undefined ~Mg1802NpcModel(Mg1802NpcModel * this)
71000093d8	80	~Mg1802NpcModel	mg1802::Mg1802NpcModel	a	a	0		undefined ~Mg1802NpcModel(Mg1802NpcModel * this)
7100009428	84	Update	mg1802::Mg1802NpcModel	a	a	0	ST_PARTIAL	undefined Update(Mg1802NpcModel * this)
710000947c	340	HarbingerAction	mg1802::Mg1802NpcModel	a	a	0		undefined HarbingerAction(Mg1802NpcModel * this)
71000095d0	248	GetAction	mg1802::Mg1802NpcModel	a	a	0		undefined GetAction(Mg1802NpcModel * this)
71000096c8	360	ThrowAction	mg1802::Mg1802NpcModel	a	a	0		Mg1802NpcModel * ThrowAction(float param_1, Mg1802NpcModel * this)
7100009830	204	NextAnim	mg1802::Mg1802NpcModel	a	a	0		undefined NextAnim(Mg1802NpcModel * this)
7100009900	1088	Create	mg1802::Mg1802NpcModel	a	a	0		undefined Create(Mg1802NpcModel * this, ulong param_1)
7100009d58	216	CreateModel	mg1802::Mg1802NpcModel	a	a	0		MGModel * CreateModel(Mg1802NpcModel * this, char * param_1, undefined4 param_2)
7100009e30	520	Ready	mg1802::Mg1802NpcModel	a	a	0	ST_ANALYZED	undefined Ready(Mg1802NpcModel * this, undefined8 * param_1)
710000a038	32	SetState	mg1802::Mg1802ObjectBaseImpl	a	a	0	ST_ANALYZED	undefined SetState(Mg1802ObjectBaseImpl * this, uint param_1)
710000a058	260	Mg1802ParfaitManager	mg1802::Mg1802ParfaitManager	a	a	0		undefined Mg1802ParfaitManager(Mg1802ParfaitManager * this)
710000a15c	100	~Mg1802ParfaitManager	mg1802::Mg1802ParfaitManager	a	a	0		undefined ~Mg1802ParfaitManager(Mg1802ParfaitManager * this)
710000a1c0	36	~Mg1802ParfaitManager	mg1802::Mg1802ParfaitManager	a	a	0		undefined ~Mg1802ParfaitManager(Mg1802ParfaitManager * this)
710000a1e4	8	SetState	mg1802::Mg1802ParfaitManager	a	a	0		undefined SetState(long param_1, uint param_2)
710000a1ec	20	GetEntity	mg1802::Mg1802ParfaitManager	a	a	0		undefined GetEntity(void)
710000a200	20	GetModel	mg1802::Mg1802ParfaitManager	a	a	0		undefined8 GetModel(Mg1802ParfaitManager * this, int param_1)
710000a214	64	GetPositionHook	mg1802::Mg1802ParfaitManager	a	a	0		undefined GetPositionHook(Mg1802ParfaitManager * this, int param_1)
710000a260	176	CheckHit	mg1802::Mg1802ParfaitManager	a	a	0	ST_ANALYZED	undefined1[16] CheckHit(Mg1802ParfaitManager * this, int param_1)
710000a310	88	Hit	mg1802::Mg1802ParfaitManager	a	a	0	ST_ANALYZED	undefined Hit(long param_1, undefined8 param_2, uint param_3)
710000a368	56	Ready	mg1802::Mg1802ParfaitManager	a	a	0	ST_ANALYZED	undefined Ready(Mg1802ParfaitManager * this, long param_1)
710000a3a0	304	Throw	mg1802::Mg1802ParfaitManager	a	a	0	ST_ANALYZED	undefined Throw(Mg1802ParfaitManager * this, long param_1, undefined8 * param_2)
710000a4d0	8	DebugAllSet	mg1802::Mg1802ParfaitManager	a	a	0		undefined DebugAllSet(Mg1802ParfaitManager * this, uint param_1)
710000a4e0	76	DebugAllSet	mg1802::Mg1802ParfaitManager::Impl	a	a	0		undefined DebugAllSet(Impl * this, uint param_1)
710000a5f0	148	~Impl	mg1802::Mg1802ParfaitManager::Impl	a	a	0		undefined ~Impl(Impl * this)
710000a690	156	~Impl	mg1802::Mg1802ParfaitManager::Impl	a	a	0		undefined ~Impl(Impl * this)
710000a72c	4	Setup	mg1802::Mg1802ParfaitManager::Impl	a	a	0		undefined Setup(void)
710000a730	4	PostSetup	mg1802::Mg1802ParfaitManager::Impl	a	a	0		undefined PostSetup(void)
710000a740	116	Update	mg1802::Mg1802ParfaitManager::Impl	a	a	0	ST_PARTIAL	undefined Update(Impl * this)
710000a7c0	144	~Impl	mg1802::Mg1802ParfaitManager::Impl	a	a	0		undefined ~Impl(Impl * this)
710000a860	156	~Impl	mg1802::Mg1802ParfaitManager::Impl	a	a	0		undefined ~Impl(Impl * this)
710000a900	124	Update	mg1802::Mg1802ParfaitManager::Impl	a	a	0		undefined Update(Impl * this)
710000a97c	44	~SHADOW	mg1802::Mg1802ParfaitManager::Impl::SHADOW	a	a	0		undefined ~SHADOW(SHADOW * this)
710000a9a8	68	~SHADOW	mg1802::Mg1802ParfaitManager::Impl::SHADOW	a	a	0		undefined ~SHADOW(SHADOW * this)
710000a9ec	264	~array	std::array<mg1802::Mg1802ParfaitManager::Impl::SHADOW,8ul>	a	a	0		undefined ~array(array<mg1802::Mg1802ParfaitManager::Impl::SHADOW,8ul> * this)
710000ab00	1504	Create	mg1802::Mg1802ParfaitManager::Impl	a	a	0	ST_PARTIAL	undefined Create(long param_1, undefined8 param_2, INGREDIENT * * param_3, undefined * param_4)
710000b0e8	128	~INGREDIENT	mg1802::Mg1802ParfaitManager::Impl::INGREDIENT	a	a	0		undefined ~INGREDIENT(INGREDIENT * this)
710000b168	124	~INGREDIENT	mg1802::Mg1802ParfaitManager::Impl::INGREDIENT	a	a	0		undefined ~INGREDIENT(INGREDIENT * this)
710000b1e4	528	Create	mg1802::Mg1802ParfaitManager::Impl::INGREDIENT	a	a	0		undefined Create(INGREDIENT * this, int param_1, undefined8 param_2, undefined * param_3)
710000b400	320	__push_back_slow_path<std::unique_ptr<mg1802::Mg1802ParfaitManager::Impl::INGREDIENT,std::default_delete<mg1802::Mg1802ParfaitManager::Impl::INGREDIENT>>>	std::vector<std::unique_ptr<mg1802::Mg1802ParfaitManager::Impl::INGREDIENT,std::default_delete<mg1802::Mg1802ParfaitManager::Impl::INGREDIENT>>,bex::HeapModule::Allocator_vector<std::unique_ptr<mg1802::Mg1802ParfaitManager::Impl::INGREDIENT,std::default_delete<mg1802::Mg1802ParfaitManager::Impl::INGREDIENT>>>>	a	a	0		void __push_back_slow_path<std::unique_ptr<mg1802::Mg1802ParfaitManager::Impl::INGREDIENT,std::default_delete<mg1802::Mg1802ParfaitManager::Impl::INGREDIENT>>>(vector<std::unique_ptr<mg1802::Mg1802ParfaitManager::Impl::INGREDIENT,std::default_delete<mg1802::Mg1802ParfaitManager::Impl::INGREDIENT>>,bex::HeapModule::Allocator_vector<std::unique_ptr<mg1802::Mg1802ParfaitManager::Impl::INGREDIENT,std::default_delete<mg1802::Mg1802ParfaitManager::Impl::INGREDIENT>>>> * this, long * param_1)
710000b544	20	FUN_710000b544		d	a	0		undefined FUN_710000b544(void)
710000b560	1064	Shadow	mg1802::Mg1802ParfaitManager::Impl	a	a	0		undefined Shadow(Impl * this)
710000b990	620	move	mg1802::Mg1802ParfaitManager::Impl::INGREDIENT	a	a	0	ST_ANALYZED	undefined move(INGREDIENT * this)
710000bc08	692	StartHit	mg1802::Mg1802ParfaitManager::Impl::INGREDIENT	a	a	0	ST_ANALYZED	undefined StartHit(INGREDIENT * this)
710000bebc	204	GetHitStatus	mg1802::Mg1802ParfaitManager::Impl::INGREDIENT	a	a	0	ST_ANALYZED	ulong GetHitStatus(INGREDIENT * this)
710000bf88	32	IsDerivedFrom	nn::bezel::detail::StaticTypeDesc<bex::gfx::ComModelBuffer,false,nn::bezel::Component>	a	a	0		bool IsDerivedFrom(undefined * param_1)
710000bfa8	12	GetBaseTypeDesc	nn::bezel::detail::StaticTypeDesc<bex::gfx::ComModelBuffer,false,nn::bezel::Component>	a	a	0		undefined * GetBaseTypeDesc(void)
710000bfb4	20	GetNextBaseTypeDesc	nn::bezel::detail::StaticTypeDesc<bex::gfx::ComModelBuffer,false,nn::bezel::Component>	a	a	0		undefined * GetNextBaseTypeDesc(long param_1)
710000bfc8	8	CastTo	nn::bezel::detail::StaticTypeDesc<bex::gfx::ComModelBuffer,false,nn::bezel::Component>	a	a	0		undefined8 CastTo(undefined8 param_1, undefined8 param_2)
710000bfd0	8	CastToConst	nn::bezel::detail::StaticTypeDesc<bex::gfx::ComModelBuffer,false,nn::bezel::Component>	a	a	0		undefined8 CastToConst(undefined8 param_1, undefined8 param_2)
710000bfdc	4	~__func	std::__function::__func<mg1802::Mg1802ParfaitManager::Impl::INGREDIENT::StartHit()::{lambda(float)#1},std::allocator<mg1802::Mg1802ParfaitManager::Impl::INGREDIENT::StartHit()::{lambda(float)#1}>,nn::util::Vector3f(float)>	a	a	0		undefined ~__func(__func<mg1802::Mg1802ParfaitManager::Impl::INGREDIENT::StartHit()::{lambda(float)#1},std::allocator<mg1802::Mg1802ParfaitManager::Impl::INGREDIENT::StartHit()::{lambda(float)#1}>,nn::util::Vector3f(float)> * this)
710000bfe0	56	__clone	std::__function::__func<mg1802::Mg1802ParfaitManager::Impl::INGREDIENT::StartHit()::{lambda(float)#1},std::allocator<mg1802::Mg1802ParfaitManager::Impl::INGREDIENT::StartHit()::{lambda(float)#1}>,nn::util::Vector3f(float)>	a	a	0		undefined __clone(__func<mg1802::Mg1802ParfaitManager::Impl::INGREDIENT::StartHit()::{lambda(float)#1},std::allocator<mg1802::Mg1802ParfaitManager::Impl::INGREDIENT::StartHit()::{lambda(float)#1}>,nn::util::Vector3f(float)> * this)
710000c018	28	__clone	std::__function::__func<mg1802::Mg1802ParfaitManager::Impl::INGREDIENT::StartHit()::{lambda(float)#1},std::allocator<mg1802::Mg1802ParfaitManager::Impl::INGREDIENT::StartHit()::{lambda(float)#1}>,nn::util::Vector3f(float)>	a	a	0		undefined __clone(__func<mg1802::Mg1802ParfaitManager::Impl::INGREDIENT::StartHit()::{lambda(float)#1},std::allocator<mg1802::Mg1802ParfaitManager::Impl::INGREDIENT::StartHit()::{lambda(float)#1}>,nn::util::Vector3f(float)> * this, long * param_1)
710000c034	4	destroy	std::__function::__func<mg1802::Mg1802ParfaitManager::Impl::INGREDIENT::StartHit()::{lambda(float)#1},std::allocator<mg1802::Mg1802ParfaitManager::Impl::INGREDIENT::StartHit()::{lambda(float)#1}>,nn::util::Vector3f(float)>	a	a	0		undefined destroy(void)
710000c038	4	destroy_deallocate	std::__function::__func<mg1802::Mg1802ParfaitManager::Impl::INGREDIENT::StartHit()::{lambda(float)#1},std::allocator<mg1802::Mg1802ParfaitManager::Impl::INGREDIENT::StartHit()::{lambda(float)#1}>,nn::util::Vector3f(float)>	a	a	0		undefined destroy_deallocate(__func<mg1802::Mg1802ParfaitManager::Impl::INGREDIENT::StartHit()::{lambda(float)#1},std::allocator<mg1802::Mg1802ParfaitManager::Impl::INGREDIENT::StartHit()::{lambda(float)#1}>,nn::util::Vector3f(float)> * this)
710000c03c	12	operator()	std::__function::__func<mg1802::Mg1802ParfaitManager::Impl::INGREDIENT::StartHit()::{lambda(float)#1},std::allocator<mg1802::Mg1802ParfaitManager::Impl::INGREDIENT::StartHit()::{lambda(float)#1}>,nn::util::Vector3f(float)>	a	a	0		undefined operator()(__func<mg1802::Mg1802ParfaitManager::Impl::INGREDIENT::StartHit()::{lambda(float)#1},std::allocator<mg1802::Mg1802ParfaitManager::Impl::INGREDIENT::StartHit()::{lambda(float)#1}>,nn::util::Vector3f(float)> * this, float * param_1)
710000c048	428	MoveJust	mg1802::Mg1802ParfaitManager::Impl::INGREDIENT	a	a	0	ST_ANALYZED	undefined1[16] MoveJust(float param_1, INGREDIENT * this)
710000c1f4	1696	AddRotate	mg1802::Mg1802ParfaitManager::Impl::INGREDIENT	a	a	0	ST_PARTIAL	undefined AddRotate(undefined1[16] param_1, undefined1[16] param_2, undefined1[16] param_3, INGREDIENT * this, ulong param_5)
710000c894	256	Hook	mg1802::Mg1802ParfaitManager::Impl::INGREDIENT	a	a	0		undefined Hook(INGREDIENT * this, uint param_1)
710000c994	356	FUN_710000c994		d	a	0		undefined FUN_710000c994(long * param_1, long * param_2)
710000cafc	4	~__func	std::__function::__func<mg1802::Mg1802ParfaitManager::Impl::INGREDIENT::StartHit()::{lambda(float)#2},std::allocator<mg1802::Mg1802ParfaitManager::Impl::INGREDIENT::StartHit()::{lambda(float)#2}>,nn::util::Vector3f(float)>	a	a	0		undefined ~__func(__func<mg1802::Mg1802ParfaitManager::Impl::INGREDIENT::StartHit()::{lambda(float)#2},std::allocator<mg1802::Mg1802ParfaitManager::Impl::INGREDIENT::StartHit()::{lambda(float)#2}>,nn::util::Vector3f(float)> * this)
710000cb00	56	__clone	std::__function::__func<mg1802::Mg1802ParfaitManager::Impl::INGREDIENT::StartHit()::{lambda(float)#2},std::allocator<mg1802::Mg1802ParfaitManager::Impl::INGREDIENT::StartHit()::{lambda(float)#2}>,nn::util::Vector3f(float)>	a	a	0		undefined __clone(__func<mg1802::Mg1802ParfaitManager::Impl::INGREDIENT::StartHit()::{lambda(float)#2},std::allocator<mg1802::Mg1802ParfaitManager::Impl::INGREDIENT::StartHit()::{lambda(float)#2}>,nn::util::Vector3f(float)> * this)
710000cb38	28	__clone	std::__function::__func<mg1802::Mg1802ParfaitManager::Impl::INGREDIENT::StartHit()::{lambda(float)#2},std::allocator<mg1802::Mg1802ParfaitManager::Impl::INGREDIENT::StartHit()::{lambda(float)#2}>,nn::util::Vector3f(float)>	a	a	0		undefined __clone(__func<mg1802::Mg1802ParfaitManager::Impl::INGREDIENT::StartHit()::{lambda(float)#2},std::allocator<mg1802::Mg1802ParfaitManager::Impl::INGREDIENT::StartHit()::{lambda(float)#2}>,nn::util::Vector3f(float)> * this, long * param_1)
710000cb54	4	destroy	std::__function::__func<mg1802::Mg1802ParfaitManager::Impl::INGREDIENT::StartHit()::{lambda(float)#2},std::allocator<mg1802::Mg1802ParfaitManager::Impl::INGREDIENT::StartHit()::{lambda(float)#2}>,nn::util::Vector3f(float)>	a	a	0		undefined destroy(void)
710000cb58	4	destroy_deallocate	std::__function::__func<mg1802::Mg1802ParfaitManager::Impl::INGREDIENT::StartHit()::{lambda(float)#2},std::allocator<mg1802::Mg1802ParfaitManager::Impl::INGREDIENT::StartHit()::{lambda(float)#2}>,nn::util::Vector3f(float)>	a	a	0		undefined destroy_deallocate(__func<mg1802::Mg1802ParfaitManager::Impl::INGREDIENT::StartHit()::{lambda(float)#2},std::allocator<mg1802::Mg1802ParfaitManager::Impl::INGREDIENT::StartHit()::{lambda(float)#2}>,nn::util::Vector3f(float)> * this)
710000cb5c	12	operator()	std::__function::__func<mg1802::Mg1802ParfaitManager::Impl::INGREDIENT::StartHit()::{lambda(float)#2},std::allocator<mg1802::Mg1802ParfaitManager::Impl::INGREDIENT::StartHit()::{lambda(float)#2}>,nn::util::Vector3f(float)>	a	a	0		undefined operator()(__func<mg1802::Mg1802ParfaitManager::Impl::INGREDIENT::StartHit()::{lambda(float)#2},std::allocator<mg1802::Mg1802ParfaitManager::Impl::INGREDIENT::StartHit()::{lambda(float)#2}>,nn::util::Vector3f(float)> * this, float * param_1)
710000cb68	428	MoveFailure	mg1802::Mg1802ParfaitManager::Impl::INGREDIENT	a	a	0	ST_ANALYZED	undefined1[16] MoveFailure(float param_1, INGREDIENT * this)
710000cd20	344	SetPosition	mg1802::Mg1802ParfaitManager::Impl::SHADOW	a	a	0		undefined SetPosition(SHADOW * this, undefined1[16] * param_1)
710000ce80	608	SetMoveType	mg1802::Mg1802ParfaitManager::Impl::INGREDIENT	a	a	0	ST_PARTIAL	undefined SetMoveType(long param_1, long param_2)
710000d0e0	4	~__func	std::__function::__func<mg1802::Mg1802ParfaitManager::Impl::INGREDIENT::SetMoveType(mg1802::NOTE_INFO_const&,nn::util::Vector3f_const&)::{lambda(float)#1},std::allocator<mg1802::Mg1802ParfaitManager::Impl::INGREDIENT::SetMoveType(mg1802::NOTE_INFO_const&,nn::util::Vector3f_const&)::{lambda(float)#1}>,nn::util::Vector3f(float)>	a	a	0		undefined ~__func(__func<mg1802::Mg1802ParfaitManager::Impl::INGREDIENT::SetMoveType(mg1802::NOTE_INFO_const&,nn::util::Vector3f_const&)::{lambda(float)#1},std::allocator<mg1802::Mg1802ParfaitManager::Impl::INGREDIENT::SetMoveType(mg1802::NOTE_INFO_const&,nn::util::Vector3f_const&)::{lambda(float)#1}>,nn::util::Vector3f(float)> * this)
710000d0e4	56	__clone	std::__function::__func<mg1802::Mg1802ParfaitManager::Impl::INGREDIENT::SetMoveType(mg1802::NOTE_INFO_const&,nn::util::Vector3f_const&)::{lambda(float)#1},std::allocator<mg1802::Mg1802ParfaitManager::Impl::INGREDIENT::SetMoveType(mg1802::NOTE_INFO_const&,nn::util::Vector3f_const&)::{lambda(float)#1}>,nn::util::Vector3f(float)>	a	a	0		undefined __clone(__func<mg1802::Mg1802ParfaitManager::Impl::INGREDIENT::SetMoveType(mg1802::NOTE_INFO_const&,nn::util::Vector3f_const&)::{lambda(float)#1},std::allocator<mg1802::Mg1802ParfaitManager::Impl::INGREDIENT::SetMoveType(mg1802::NOTE_INFO_const&,nn::util::Vector3f_const&)::{lambda(float)#1}>,nn::util::Vector3f(float)> * this)
710000d11c	28	__clone	std::__function::__func<mg1802::Mg1802ParfaitManager::Impl::INGREDIENT::SetMoveType(mg1802::NOTE_INFO_const&,nn::util::Vector3f_const&)::{lambda(float)#1},std::allocator<mg1802::Mg1802ParfaitManager::Impl::INGREDIENT::SetMoveType(mg1802::NOTE_INFO_const&,nn::util::Vector3f_const&)::{lambda(float)#1}>,nn::util::Vector3f(float)>	a	a	0		undefined __clone(__func<mg1802::Mg1802ParfaitManager::Impl::INGREDIENT::SetMoveType(mg1802::NOTE_INFO_const&,nn::util::Vector3f_const&)::{lambda(float)#1},std::allocator<mg1802::Mg1802ParfaitManager::Impl::INGREDIENT::SetMoveType(mg1802::NOTE_INFO_const&,nn::util::Vector3f_const&)::{lambda(float)#1}>,nn::util::Vector3f(float)> * this, long * param_1)
710000d138	4	destroy	std::__function::__func<mg1802::Mg1802ParfaitManager::Impl::INGREDIENT::SetMoveType(mg1802::NOTE_INFO_const&,nn::util::Vector3f_const&)::{lambda(float)#1},std::allocator<mg1802::Mg1802ParfaitManager::Impl::INGREDIENT::SetMoveType(mg1802::NOTE_INFO_const&,nn::util::Vector3f_const&)::{lambda(float)#1}>,nn::util::Vector3f(float)>	a	a	0		undefined destroy(void)
710000d13c	4	destroy_deallocate	std::__function::__func<mg1802::Mg1802ParfaitManager::Impl::INGREDIENT::SetMoveType(mg1802::NOTE_INFO_const&,nn::util::Vector3f_const&)::{lambda(float)#1},std::allocator<mg1802::Mg1802ParfaitManager::Impl::INGREDIENT::SetMoveType(mg1802::NOTE_INFO_const&,nn::util::Vector3f_const&)::{lambda(float)#1}>,nn::util::Vector3f(float)>	a	a	0		undefined destroy_deallocate(__func<mg1802::Mg1802ParfaitManager::Impl::INGREDIENT::SetMoveType(mg1802::NOTE_INFO_const&,nn::util::Vector3f_const&)::{lambda(float)#1},std::allocator<mg1802::Mg1802ParfaitManager::Impl::INGREDIENT::SetMoveType(mg1802::NOTE_INFO_const&,nn::util::Vector3f_const&)::{lambda(float)#1}>,nn::util::Vector3f(float)> * this)
710000d140	180	operator()	std::__function::__func<mg1802::Mg1802ParfaitManager::Impl::INGREDIENT::SetMoveType(mg1802::NOTE_INFO_const&,nn::util::Vector3f_const&)::{lambda(float)#1},std::allocator<mg1802::Mg1802ParfaitManager::Impl::INGREDIENT::SetMoveType(mg1802::NOTE_INFO_const&,nn::util::Vector3f_const&)::{lambda(float)#1}>,nn::util::Vector3f(float)>	a	a	0		undefined1[16] operator()(__func<mg1802::Mg1802ParfaitManager::Impl::INGREDIENT::SetMoveType(mg1802::NOTE_INFO_const&,nn::util::Vector3f_const&)::{lambda(float)#1},std::allocator<mg1802::Mg1802ParfaitManager::Impl::INGREDIENT::SetMoveType(mg1802::NOTE_INFO_const&,nn::util::Vector3f_const&)::{lambda(float)#1}>,nn::util::Vector3f(float)> * this, float * param_2)
710000d1f4	1304	MoveRot	mg1802::Mg1802ParfaitManager::Impl::INGREDIENT	a	a	0		undefined MoveRot(float param_1, INGREDIENT * this)
710000d70c	4	~__func	std::__function::__func<mg1802::Mg1802ParfaitManager::Impl::INGREDIENT::SetMoveType(mg1802::NOTE_INFO_const&,nn::util::Vector3f_const&)::{lambda(float)#2},std::allocator<mg1802::Mg1802ParfaitManager::Impl::INGREDIENT::SetMoveType(mg1802::NOTE_INFO_const&,nn::util::Vector3f_const&)::{lambda(float)#2}>,nn::util::Vector3f(float)>	a	a	0		undefined ~__func(__func<mg1802::Mg1802ParfaitManager::Impl::INGREDIENT::SetMoveType(mg1802::NOTE_INFO_const&,nn::util::Vector3f_const&)::{lambda(float)#2},std::allocator<mg1802::Mg1802ParfaitManager::Impl::INGREDIENT::SetMoveType(mg1802::NOTE_INFO_const&,nn::util::Vector3f_const&)::{lambda(float)#2}>,nn::util::Vector3f(float)> * this)
710000d710	56	__clone	std::__function::__func<mg1802::Mg1802ParfaitManager::Impl::INGREDIENT::SetMoveType(mg1802::NOTE_INFO_const&,nn::util::Vector3f_const&)::{lambda(float)#2},std::allocator<mg1802::Mg1802ParfaitManager::Impl::INGREDIENT::SetMoveType(mg1802::NOTE_INFO_const&,nn::util::Vector3f_const&)::{lambda(float)#2}>,nn::util::Vector3f(float)>	a	a	0		undefined __clone(__func<mg1802::Mg1802ParfaitManager::Impl::INGREDIENT::SetMoveType(mg1802::NOTE_INFO_const&,nn::util::Vector3f_const&)::{lambda(float)#2},std::allocator<mg1802::Mg1802ParfaitManager::Impl::INGREDIENT::SetMoveType(mg1802::NOTE_INFO_const&,nn::util::Vector3f_const&)::{lambda(float)#2}>,nn::util::Vector3f(float)> * this)
710000d748	28	__clone	std::__function::__func<mg1802::Mg1802ParfaitManager::Impl::INGREDIENT::SetMoveType(mg1802::NOTE_INFO_const&,nn::util::Vector3f_const&)::{lambda(float)#2},std::allocator<mg1802::Mg1802ParfaitManager::Impl::INGREDIENT::SetMoveType(mg1802::NOTE_INFO_const&,nn::util::Vector3f_const&)::{lambda(float)#2}>,nn::util::Vector3f(float)>	a	a	0		undefined __clone(__func<mg1802::Mg1802ParfaitManager::Impl::INGREDIENT::SetMoveType(mg1802::NOTE_INFO_const&,nn::util::Vector3f_const&)::{lambda(float)#2},std::allocator<mg1802::Mg1802ParfaitManager::Impl::INGREDIENT::SetMoveType(mg1802::NOTE_INFO_const&,nn::util::Vector3f_const&)::{lambda(float)#2}>,nn::util::Vector3f(float)> * this, long * param_1)
710000d764	4	destroy	std::__function::__func<mg1802::Mg1802ParfaitManager::Impl::INGREDIENT::SetMoveType(mg1802::NOTE_INFO_const&,nn::util::Vector3f_const&)::{lambda(float)#2},std::allocator<mg1802::Mg1802ParfaitManager::Impl::INGREDIENT::SetMoveType(mg1802::NOTE_INFO_const&,nn::util::Vector3f_const&)::{lambda(float)#2}>,nn::util::Vector3f(float)>	a	a	0		undefined destroy(void)
710000d768	4	destroy_deallocate	std::__function::__func<mg1802::Mg1802ParfaitManager::Impl::INGREDIENT::SetMoveType(mg1802::NOTE_INFO_const&,nn::util::Vector3f_const&)::{lambda(float)#2},std::allocator<mg1802::Mg1802ParfaitManager::Impl::INGREDIENT::SetMoveType(mg1802::NOTE_INFO_const&,nn::util::Vector3f_const&)::{lambda(float)#2}>,nn::util::Vector3f(float)>	a	a	0		undefined destroy_deallocate(__func<mg1802::Mg1802ParfaitManager::Impl::INGREDIENT::SetMoveType(mg1802::NOTE_INFO_const&,nn::util::Vector3f_const&)::{lambda(float)#2},std::allocator<mg1802::Mg1802ParfaitManager::Impl::INGREDIENT::SetMoveType(mg1802::NOTE_INFO_const&,nn::util::Vector3f_const&)::{lambda(float)#2}>,nn::util::Vector3f(float)> * this)
710000d76c	116	operator()	std::__function::__func<mg1802::Mg1802ParfaitManager::Impl::INGREDIENT::SetMoveType(mg1802::NOTE_INFO_const&,nn::util::Vector3f_const&)::{lambda(float)#2},std::allocator<mg1802::Mg1802ParfaitManager::Impl::INGREDIENT::SetMoveType(mg1802::NOTE_INFO_const&,nn::util::Vector3f_const&)::{lambda(float)#2}>,nn::util::Vector3f(float)>	a	a	0		undefined1[16] operator()(__func<mg1802::Mg1802ParfaitManager::Impl::INGREDIENT::SetMoveType(mg1802::NOTE_INFO_const&,nn::util::Vector3f_const&)::{lambda(float)#2},std::allocator<mg1802::Mg1802ParfaitManager::Impl::INGREDIENT::SetMoveType(mg1802::NOTE_INFO_const&,nn::util::Vector3f_const&)::{lambda(float)#2}>,nn::util::Vector3f(float)> * this, float * param_2)
710000d7e0	4	~__func	std::__function::__func<mg1802::Mg1802ParfaitManager::Impl::INGREDIENT::SetMoveType(mg1802::NOTE_INFO_const&,nn::util::Vector3f_const&)::{lambda(float)#3},std::allocator<mg1802::Mg1802ParfaitManager::Impl::INGREDIENT::SetMoveType(mg1802::NOTE_INFO_const&,nn::util::Vector3f_const&)::{lambda(float)#3}>,nn::util::Vector3f(float)>	a	a	0		undefined ~__func(__func<mg1802::Mg1802ParfaitManager::Impl::INGREDIENT::SetMoveType(mg1802::NOTE_INFO_const&,nn::util::Vector3f_const&)::{lambda(float)#3},std::allocator<mg1802::Mg1802ParfaitManager::Impl::INGREDIENT::SetMoveType(mg1802::NOTE_INFO_const&,nn::util::Vector3f_const&)::{lambda(float)#3}>,nn::util::Vector3f(float)> * this)
710000d7e4	56	__clone	std::__function::__func<mg1802::Mg1802ParfaitManager::Impl::INGREDIENT::SetMoveType(mg1802::NOTE_INFO_const&,nn::util::Vector3f_const&)::{lambda(float)#3},std::allocator<mg1802::Mg1802ParfaitManager::Impl::INGREDIENT::SetMoveType(mg1802::NOTE_INFO_const&,nn::util::Vector3f_const&)::{lambda(float)#3}>,nn::util::Vector3f(float)>	a	a	0		undefined __clone(__func<mg1802::Mg1802ParfaitManager::Impl::INGREDIENT::SetMoveType(mg1802::NOTE_INFO_const&,nn::util::Vector3f_const&)::{lambda(float)#3},std::allocator<mg1802::Mg1802ParfaitManager::Impl::INGREDIENT::SetMoveType(mg1802::NOTE_INFO_const&,nn::util::Vector3f_const&)::{lambda(float)#3}>,nn::util::Vector3f(float)> * this)
710000d81c	28	__clone	std::__function::__func<mg1802::Mg1802ParfaitManager::Impl::INGREDIENT::SetMoveType(mg1802::NOTE_INFO_const&,nn::util::Vector3f_const&)::{lambda(float)#3},std::allocator<mg1802::Mg1802ParfaitManager::Impl::INGREDIENT::SetMoveType(mg1802::NOTE_INFO_const&,nn::util::Vector3f_const&)::{lambda(float)#3}>,nn::util::Vector3f(float)>	a	a	0		undefined __clone(__func<mg1802::Mg1802ParfaitManager::Impl::INGREDIENT::SetMoveType(mg1802::NOTE_INFO_const&,nn::util::Vector3f_const&)::{lambda(float)#3},std::allocator<mg1802::Mg1802ParfaitManager::Impl::INGREDIENT::SetMoveType(mg1802::NOTE_INFO_const&,nn::util::Vector3f_const&)::{lambda(float)#3}>,nn::util::Vector3f(float)> * this, long * param_1)
710000d838	4	destroy	std::__function::__func<mg1802::Mg1802ParfaitManager::Impl::INGREDIENT::SetMoveType(mg1802::NOTE_INFO_const&,nn::util::Vector3f_const&)::{lambda(float)#3},std::allocator<mg1802::Mg1802ParfaitManager::Impl::INGREDIENT::SetMoveType(mg1802::NOTE_INFO_const&,nn::util::Vector3f_const&)::{lambda(float)#3}>,nn::util::Vector3f(float)>	a	a	0		undefined destroy(void)
710000d83c	4	destroy_deallocate	std::__function::__func<mg1802::Mg1802ParfaitManager::Impl::INGREDIENT::SetMoveType(mg1802::NOTE_INFO_const&,nn::util::Vector3f_const&)::{lambda(float)#3},std::allocator<mg1802::Mg1802ParfaitManager::Impl::INGREDIENT::SetMoveType(mg1802::NOTE_INFO_const&,nn::util::Vector3f_const&)::{lambda(float)#3}>,nn::util::Vector3f(float)>	a	a	0		undefined destroy_deallocate(__func<mg1802::Mg1802ParfaitManager::Impl::INGREDIENT::SetMoveType(mg1802::NOTE_INFO_const&,nn::util::Vector3f_const&)::{lambda(float)#3},std::allocator<mg1802::Mg1802ParfaitManager::Impl::INGREDIENT::SetMoveType(mg1802::NOTE_INFO_const&,nn::util::Vector3f_const&)::{lambda(float)#3}>,nn::util::Vector3f(float)> * this)
710000d840	12	operator()	std::__function::__func<mg1802::Mg1802ParfaitManager::Impl::INGREDIENT::SetMoveType(mg1802::NOTE_INFO_const&,nn::util::Vector3f_const&)::{lambda(float)#3},std::allocator<mg1802::Mg1802ParfaitManager::Impl::INGREDIENT::SetMoveType(mg1802::NOTE_INFO_const&,nn::util::Vector3f_const&)::{lambda(float)#3}>,nn::util::Vector3f(float)>	a	a	0		undefined operator()(__func<mg1802::Mg1802ParfaitManager::Impl::INGREDIENT::SetMoveType(mg1802::NOTE_INFO_const&,nn::util::Vector3f_const&)::{lambda(float)#3},std::allocator<mg1802::Mg1802ParfaitManager::Impl::INGREDIENT::SetMoveType(mg1802::NOTE_INFO_const&,nn::util::Vector3f_const&)::{lambda(float)#3}>,nn::util::Vector3f(float)> * this, float * param_1)
710000d850	636	MoveS2	mg1802::Mg1802ParfaitManager::Impl::INGREDIENT	a	a	0	ST_PARTIAL	undefined MoveS2(float param_1, INGREDIENT * this)
710000dae0	480	AddComponent<bex::sound::ComActor,,(void*)0>	nn::bezel::Entity	a	a	0		WeakHandle AddComponent<bex::sound::ComActor,,(void*)0>(long * param_1, HandlePtr * param_2)
710000dcc8	32	IsDerivedFrom	nn::bezel::detail::StaticTypeDesc<bex::sound::ComActor,false,nn::bezel::Component>	a	a	0		bool IsDerivedFrom(undefined * param_1)
710000dce8	12	GetBaseTypeDesc	nn::bezel::detail::StaticTypeDesc<bex::sound::ComActor,false,nn::bezel::Component>	a	a	0		undefined * GetBaseTypeDesc(void)
710000dcf4	20	GetNextBaseTypeDesc	nn::bezel::detail::StaticTypeDesc<bex::sound::ComActor,false,nn::bezel::Component>	a	a	0		undefined * GetNextBaseTypeDesc(long param_1)
710000dd08	8	CastTo	nn::bezel::detail::StaticTypeDesc<bex::sound::ComActor,false,nn::bezel::Component>	a	a	0		undefined8 CastTo(undefined8 param_1, undefined8 param_2)
710000dd10	8	CastToConst	nn::bezel::detail::StaticTypeDesc<bex::sound::ComActor,false,nn::bezel::Component>	a	a	0		undefined8 CastToConst(undefined8 param_1, undefined8 param_2)
710000dd18	4	~__func	std::__function::__func<mg1802::Mg1802ParfaitManager::Impl::INGREDIENT::SetMoveType(mg1802::NOTE_INFO_const&,nn::util::Vector3f_const&)::{lambda(float)#4},std::allocator<mg1802::Mg1802ParfaitManager::Impl::INGREDIENT::SetMoveType(mg1802::NOTE_INFO_const&,nn::util::Vector3f_const&)::{lambda(float)#4}>,nn::util::Vector3f(float)>	a	a	0		undefined ~__func(__func<mg1802::Mg1802ParfaitManager::Impl::INGREDIENT::SetMoveType(mg1802::NOTE_INFO_const&,nn::util::Vector3f_const&)::{lambda(float)#4},std::allocator<mg1802::Mg1802ParfaitManager::Impl::INGREDIENT::SetMoveType(mg1802::NOTE_INFO_const&,nn::util::Vector3f_const&)::{lambda(float)#4}>,nn::util::Vector3f(float)> * this)
710000dd1c	56	__clone	std::__function::__func<mg1802::Mg1802ParfaitManager::Impl::INGREDIENT::SetMoveType(mg1802::NOTE_INFO_const&,nn::util::Vector3f_const&)::{lambda(float)#4},std::allocator<mg1802::Mg1802ParfaitManager::Impl::INGREDIENT::SetMoveType(mg1802::NOTE_INFO_const&,nn::util::Vector3f_const&)::{lambda(float)#4}>,nn::util::Vector3f(float)>	a	a	0		undefined __clone(__func<mg1802::Mg1802ParfaitManager::Impl::INGREDIENT::SetMoveType(mg1802::NOTE_INFO_const&,nn::util::Vector3f_const&)::{lambda(float)#4},std::allocator<mg1802::Mg1802ParfaitManager::Impl::INGREDIENT::SetMoveType(mg1802::NOTE_INFO_const&,nn::util::Vector3f_const&)::{lambda(float)#4}>,nn::util::Vector3f(float)> * this)
710000dd54	28	__clone	std::__function::__func<mg1802::Mg1802ParfaitManager::Impl::INGREDIENT::SetMoveType(mg1802::NOTE_INFO_const&,nn::util::Vector3f_const&)::{lambda(float)#4},std::allocator<mg1802::Mg1802ParfaitManager::Impl::INGREDIENT::SetMoveType(mg1802::NOTE_INFO_const&,nn::util::Vector3f_const&)::{lambda(float)#4}>,nn::util::Vector3f(float)>	a	a	0		undefined __clone(__func<mg1802::Mg1802ParfaitManager::Impl::INGREDIENT::SetMoveType(mg1802::NOTE_INFO_const&,nn::util::Vector3f_const&)::{lambda(float)#4},std::allocator<mg1802::Mg1802ParfaitManager::Impl::INGREDIENT::SetMoveType(mg1802::NOTE_INFO_const&,nn::util::Vector3f_const&)::{lambda(float)#4}>,nn::util::Vector3f(float)> * this, long * param_1)
710000dd70	4	destroy	std::__function::__func<mg1802::Mg1802ParfaitManager::Impl::INGREDIENT::SetMoveType(mg1802::NOTE_INFO_const&,nn::util::Vector3f_const&)::{lambda(float)#4},std::allocator<mg1802::Mg1802ParfaitManager::Impl::INGREDIENT::SetMoveType(mg1802::NOTE_INFO_const&,nn::util::Vector3f_const&)::{lambda(float)#4}>,nn::util::Vector3f(float)>	a	a	0		undefined destroy(void)
710000dd74	4	destroy_deallocate	std::__function::__func<mg1802::Mg1802ParfaitManager::Impl::INGREDIENT::SetMoveType(mg1802::NOTE_INFO_const&,nn::util::Vector3f_const&)::{lambda(float)#4},std::allocator<mg1802::Mg1802ParfaitManager::Impl::INGREDIENT::SetMoveType(mg1802::NOTE_INFO_const&,nn::util::Vector3f_const&)::{lambda(float)#4}>,nn::util::Vector3f(float)>	a	a	0		undefined destroy_deallocate(__func<mg1802::Mg1802ParfaitManager::Impl::INGREDIENT::SetMoveType(mg1802::NOTE_INFO_const&,nn::util::Vector3f_const&)::{lambda(float)#4},std::allocator<mg1802::Mg1802ParfaitManager::Impl::INGREDIENT::SetMoveType(mg1802::NOTE_INFO_const&,nn::util::Vector3f_const&)::{lambda(float)#4}>,nn::util::Vector3f(float)> * this)
710000dd78	12	operator()	std::__function::__func<mg1802::Mg1802ParfaitManager::Impl::INGREDIENT::SetMoveType(mg1802::NOTE_INFO_const&,nn::util::Vector3f_const&)::{lambda(float)#4},std::allocator<mg1802::Mg1802ParfaitManager::Impl::INGREDIENT::SetMoveType(mg1802::NOTE_INFO_const&,nn::util::Vector3f_const&)::{lambda(float)#4}>,nn::util::Vector3f(float)>	a	a	0		undefined operator()(__func<mg1802::Mg1802ParfaitManager::Impl::INGREDIENT::SetMoveType(mg1802::NOTE_INFO_const&,nn::util::Vector3f_const&)::{lambda(float)#4},std::allocator<mg1802::Mg1802ParfaitManager::Impl::INGREDIENT::SetMoveType(mg1802::NOTE_INFO_const&,nn::util::Vector3f_const&)::{lambda(float)#4}>,nn::util::Vector3f(float)> * this, float * param_1)
710000dd84	328	MoveS3	mg1802::Mg1802ParfaitManager::Impl::INGREDIENT	a	a	0		undefined1[16] MoveS3(float param_1, INGREDIENT * this)
710000decc	132	Mg1802PlayerManager	mg1802::Mg1802PlayerManager	a	a	0		undefined Mg1802PlayerManager(Mg1802PlayerManager * this)
710000df50	360	Impl	mg1802::Mg1802PlayerManager::Impl	a	a	0	ST_PARTIAL	undefined Impl(Impl * this)
710000e0b8	100	~Mg1802PlayerManager	mg1802::Mg1802PlayerManager	a	a	0		undefined ~Mg1802PlayerManager(Mg1802PlayerManager * this)
710000e11c	36	~Mg1802PlayerManager	mg1802::Mg1802PlayerManager	a	a	0		undefined ~Mg1802PlayerManager(Mg1802PlayerManager * this)
710000e140	8	SetState	mg1802::Mg1802PlayerManager	a	a	0		undefined SetState(long param_1, uint param_2)
710000e148	8	StartIdle	mg1802::Mg1802PlayerManager	a	a	0		undefined StartIdle(Mg1802PlayerManager * this)
710000e150	200	StartIdle	mg1802::Mg1802PlayerManager::Impl	a	a	0		undefined StartIdle(int param_1)
710000e218	24	GetPlayerID	mg1802::Mg1802PlayerManager	a	a	0		undefined GetPlayerID(undefined4 * param_1, long param_2, uint param_3)
710000e230	24	TimingTelop	mg1802::Mg1802PlayerManager	a	a	0		undefined TimingTelop(Mg1802PlayerManager * this, ulong param_1, uint param_2)
710000e248	140	PlayHitEffect	mg1802::Mg1802PlayerManager	a	a	0		undefined PlayHitEffect(long param_1, ulong param_2)
710000e2d4	268	~Impl	mg1802::Mg1802PlayerManager::Impl	a	a	0		undefined ~Impl(Impl * this)
710000e3e0	36	~Impl	mg1802::Mg1802PlayerManager::Impl	a	a	0		undefined ~Impl(Impl * this)
710000e404	612	Setup	mg1802::Mg1802PlayerManager::Impl	a	a	0	ST_PARTIAL	undefined Setup(Impl * this)
710000e668	56	PostSetup	mg1802::Mg1802PlayerManager::Impl	a	a	0		undefined PostSetup(Impl * this)
710000e6a0	80	StartPlayer	mg1802::Mg1802PlayerManager::Impl	a	a	0		undefined StartPlayer(Impl * this)
710000e6f0	20	EndPlayer	mg1802::Mg1802PlayerManager::Impl	a	a	0		undefined EndPlayer(Impl * this)
710000e704	4	StartCapture	mg1802::Mg1802PlayerManager::Impl	a	a	0		undefined StartCapture(void)
710000e708	4	StartResult	mg1802::Mg1802PlayerManager::Impl	a	a	0		undefined StartResult(void)
710000e710	460	Update	mg1802::Mg1802PlayerManager::Impl	a	a	0	ST_ANALYZED	undefined Update(Impl * this)
710000e8dc	8	~Impl	mg1802::Mg1802PlayerManager::Impl	a	a	0		undefined ~Impl(Impl * this)
710000e8e4	40	~Impl	mg1802::Mg1802PlayerManager::Impl	a	a	0		undefined ~Impl(Impl * this)
710000e90c	8	Update	mg1802::Mg1802PlayerManager::Impl	a	a	0		undefined Update(Impl * this)
710000e914	76	~PLAYER	mg1802::Mg1802PlayerManager::Impl::PLAYER	a	a	0		undefined ~PLAYER(PLAYER * this)
710000e960	84	~PLAYER	mg1802::Mg1802PlayerManager::Impl::PLAYER	a	a	0		undefined ~PLAYER(PLAYER * this)
710000e9b4	4	getInstanceTypeinfo	ca::mg::MGActorPlayer	a	a	0		undefined getInstanceTypeinfo(void)
710000e9b8	60	SetScale	ca::mg::MGModel	a	a	0		undefined SetScale(float param_1, MGModel * this)
710000e9f4	12	OnReceiveMessage	ca::mg::MGModel	a	a	0		undefined OnReceiveMessage(undefined4 * param_1)
710000ea00	512	CreateModel	mg1802::Mg1802PlayerManager::Impl::PLAYER	a	a	0		undefined CreateModel(PLAYER * this, uint * param_1)
710000ec00	1068	CreatePlayerModel	mg1802::Mg1802PlayerManager::Impl::PLAYER	a	a	0		undefined CreatePlayerModel(PLAYER * this, byte * param_1, uint * param_2)
710000f044	276	CreateStickModel	mg1802::Mg1802PlayerManager::Impl::PLAYER	a	a	0		undefined CreateStickModel(PLAYER * this, byte * param_1)
710000f15c	372	StartHook	mg1802::Mg1802PlayerManager::Impl::PLAYER	a	a	0		undefined StartHook(PLAYER * this)
710000f2d4	340	ResetCom	mg1802::Mg1802PlayerManager::Impl::PLAYER	a	a	0	ST_ANALYZED	undefined ResetCom(PLAYER * this)
710000f428	492	Result	mg1802::Mg1802PlayerManager::Impl	a	a	0		undefined Result(Impl * this)
710000f614	388	ControlCom	mg1802::Mg1802PlayerManager::Impl::PLAYER	a	a	0	ST_ANALYZED	undefined ControlCom(PLAYER * this)
710000f798	188	HitCom	mg1802::Mg1802PlayerManager::Impl::PLAYER	a	a	0	ST_ANALYZED	undefined HitCom(PLAYER * this, char * param_1)
710000f854	300	TimingTelop	mg1802::Mg1802PlayerManager::Impl::PLAYER	a	a	0	ST_ANALYZED	undefined TimingTelop(PLAYER * this, uint param_1)
710000f984	68	DummySymbolLink	mg1802::Scene	a	a	0		undefined DummySymbolLink(ulong param_1)
710000f9cc	220	getStaticTypeinfo	mg1802::Scene	a	a	0		undefined * getStaticTypeinfo(void)
710000faa8	96	getPropertyList	mg1802::Scene	a	a	0		undefined8 getPropertyList(void)
710000fb08	44	createInstance	mg1802::Scene	a	a	0		Scene * createInstance(void)
710000fb34	20	deleteInstance	mg1802::Scene	a	a	0		undefined deleteInstance(long * param_1)
710000fb48	4	checkGuiProperty	rtti::Class	a	a	0		undefined checkGuiProperty(void * param_1, Property * param_2, PropertyList * param_3)
710000fb4c	4	createGuiProperty	rtti::Class	a	a	0		undefined createGuiProperty(void * param_1, Property * param_2, Typeinfo * param_3, uint param_4)
710000fb50	220	getStaticTypeinfo	mg1802::Scene::Params	a	a	0		undefined * getStaticTypeinfo(void)
710000fc2c	1300	getPropertyList	mg1802::Scene::Params	a	a	0	ST_PARTIAL	undefined * getPropertyList(void)
7100010140	132	createInstance	mg1802::Scene::Params	a	a	0	ST_PARTIAL	undefined createInstance(void)
71000101c4	20	deleteInstance	mg1802::Scene::Params	a	a	0		undefined deleteInstance(long * param_1)
71000101d8	192	Scene	mg1802::Scene	a	a	0	ST_ANALYZED	undefined Scene(Scene * this)
71000102a0	360	Reset	nn::bezel::HandleSource<bq::SceneBase>	a	a	0		undefined Reset(HandleSource<bq::SceneBase> * this, long param_1)
7100010410	236	~Scene	mg1802::Scene	a	a	0		undefined ~Scene(Scene * this)
71000104fc	36	~Scene	mg1802::Scene	a	a	0		undefined ~Scene(Scene * this)
7100010520	200	RmSyncedSetupGame	mg1802::Scene	a	a	0	ST_ANALYZED	undefined RmSyncedSetupGame(Scene * this)
71000105e8	292	SetupRhythm	mg1802::Scene	a	a	0	ST_ANALYZED	undefined SetupRhythm(Scene * this)
7100010710	32	RmCleanupGame	mg1802::Scene	a	a	0	ST_ANALYZED	undefined RmCleanupGame(Scene * this)
7100010730	8	OnRmGameStartAfter	mg1802::Scene	a	a	0		undefined OnRmGameStartAfter(Scene * this)
7100010738	8	TrigRmGameMainBgmPracticeStart	mg1802::Scene	a	a	0		undefined TrigRmGameMainBgmPracticeStart(Scene * this)
7100010740	8	TrigRmGameMainBgmTopStart	mg1802::Scene	a	a	0		undefined TrigRmGameMainBgmTopStart(void)
7100010748	16	OnRmGameMain	mg1802::Scene	a	a	0		undefined OnRmGameMain(Scene * this)
7100010758	8	TrigRmGameResultCaptureSetting	mg1802::Scene	a	a	0		undefined TrigRmGameResultCaptureSetting(Scene * this)
7100010760	8	TrigRmGameEndingSetting	mg1802::Scene	a	a	0		undefined TrigRmGameEndingSetting(Scene * this)
7100010768	48	OnRmRecieveBeatEntry	mg1802::Scene	a	a	0	ST_ANALYZED	undefined OnRmRecieveBeatEntry(Scene * this, undefined4 * param_1)
7100010798	4	OnRmRecieveBeatEntryLock	mg1802::Scene	a	a	0	ST_ANALYZED	undefined OnRmRecieveBeatEntryLock(void)
710001079c	8	OnRmRecieveBeatNextEntry	mg1802::Scene	a	a	0		undefined OnRmRecieveBeatNextEntry(Scene * this, undefined4 * param_1)
71000107a4	8	TrigRmGameMainChartEnd	mg1802::Scene	a	a	0		undefined TrigRmGameMainChartEnd(Scene * this)
71000107ac	4	IsUseControlWipe	mg1802::Scene	a	a	0		undefined IsUseControlWipe(void)
71000107b0	32	GetAcc	mg1802::Scene	a	a	0		undefined4 GetAcc(Scene * this)
71000107d0	32	GetComMode	mg1802::Scene	a	a	0		undefined4 GetComMode(Scene * this)
71000107f0	32	IsDebugBeat	mg1802::Scene	a	a	0		undefined1 IsDebugBeat(Scene * this)
7100010810	32	GetChartNo	mg1802::Scene	a	a	0		undefined4 GetChartNo(Scene * this)
7100010830	32	IsBPM	mg1802::Scene	a	a	0		undefined1 IsBPM(Scene * this)
7100010850	32	GetBPM	mg1802::Scene	a	a	0		undefined4 GetBPM(Scene * this)
7100010870	32	IsDebugViewJust	mg1802::Scene	a	a	0		undefined1 IsDebugViewJust(Scene * this)
7100010890	32	GetJustFrame	mg1802::Scene	a	a	0		undefined4 GetJustFrame(Scene * this)
71000108b0	32	GetJustWide	mg1802::Scene	a	a	0		undefined4 GetJustWide(Scene * this)
71000108d0	32	GetHitWide	mg1802::Scene	a	a	0		undefined4 GetHitWide(Scene * this)
71000108f0	32	GetJumpOrange	mg1802::Scene	a	a	0		undefined4 GetJumpOrange(Scene * this)
7100010910	32	IsViewBeat	mg1802::Scene	a	a	0		undefined1 IsViewBeat(Scene * this)
7100010930	32	IsLog	mg1802::Scene	a	a	0		undefined1 IsLog(Scene * this)
7100010950	32	IsLogJustSound	mg1802::Scene	a	a	0		undefined1 IsLogJustSound(Scene * this)
7100010970	32	IsAllHook	mg1802::Scene	a	a	0		undefined1 IsAllHook(Scene * this)
7100010990	32	IsThrowRot	mg1802::Scene	a	a	0		undefined1 IsThrowRot(Scene * this)
71000109b0	60	GetGameStartRotate	mg1802::Scene	a	a	0		float GetGameStartRotate(Scene * this)
71000109ec	32	GetGameRotateNum	mg1802::Scene	a	a	0		undefined4 GetGameRotateNum(Scene * this)
7100010a0c	32	GetResultStartRotate	mg1802::Scene	a	a	0		undefined4 GetResultStartRotate(Scene * this)
7100010a2c	32	GetResultRotateSpeed	mg1802::Scene	a	a	0		undefined4 GetResultRotateSpeed(Scene * this)
7100010a4c	32	IsButtonPlay	mg1802::Scene	a	a	0		undefined1 IsButtonPlay(Scene * this)
7100010a6c	60	GetDebugStar	mg1802::Scene	a	a	0		undefined4 GetDebugStar(Scene * this)
7100010aa8	580	GetChartJson	mg1802::Scene	a	a	0	ST_ANALYZED	undefined GetChartJson(undefined8 * param_1)
7100010cec	220	getInstanceTypeinfo	mg1802::Scene	a	a	0		undefined * getInstanceTypeinfo(void)
7100010dc8	16	GetSymbol	mg1802::Scene	a	a	0		undefined8 GetSymbol(void)
7100010dd8	8	GetTickElapsed	bex::SceneBase	a	a	0		undefined8 GetTickElapsed(void)
7100010de0	28	GetHandle	bex::SceneBase	a	a	0		undefined GetHandle(undefined8 * param_1, long param_2)
7100010dfc	4	OnCleanupProcessing	bex::GameScene	a	a	0		undefined OnCleanupProcessing(void)
7100010e00	4	OnSyncEnd	bex::NetworkGameScene	a	a	0		undefined OnSyncEnd(void)
7100010e04	4	OnGameSequenceBefore	ca::rm::RmMgSceneBase	a	a	0		undefined OnGameSequenceBefore(void)
7100010e08	4	OnGameSequenceAfter	ca::rm::RmMgSceneBase	a	a	0		undefined OnGameSequenceAfter(void)
7100010e0c	4	OnThreeMinTimerEnd	bq::MinigameScene	a	a	0		undefined OnThreeMinTimerEnd(void)
7100010e10	8	OnCharaGameDemoStart	bq::MinigameScene	a	a	0		undefined8 OnCharaGameDemoStart(void)
7100010e18	8	OnCharaGameDemo	bq::MinigameScene	a	a	0		undefined8 OnCharaGameDemo(void)
7100010e20	4	OnCharaGameDemoSkipStart	bq::MinigameScene	a	a	0		undefined OnCharaGameDemoSkipStart(void)
7100010e24	4	OnCharaGameDemoSkipEnd	bq::MinigameScene	a	a	0		undefined OnCharaGameDemoSkipEnd(void)
7100010e28	8	OnCharaGameDemoEnd	bq::MinigameScene	a	a	0		undefined8 OnCharaGameDemoEnd(void)
7100010e30	8	OnGameInstInit	ca::rm::RmMgSceneBase	a	a	0		undefined8 OnGameInstInit(void)
7100010e38	8	OnGameFirstFade	ca::rm::RmMgSceneBase	a	a	0		undefined8 OnGameFirstFade(void)
7100010e40	8	OnGameOpening	ca::rm::RmMgSceneBase	a	a	0		undefined8 OnGameOpening(void)
7100010e48	8	OnGameOpeningSkip	ca::rm::RmMgSceneBase	a	a	0		undefined8 OnGameOpeningSkip(void)
7100010e50	8	OnGameStartBefore	ca::rm::RmMgSceneBase	a	a	0		undefined8 OnGameStartBefore(void)
7100010e58	8	OnGameStartTelopBefore	bq::MinigameScene	a	a	0		undefined8 OnGameStartTelopBefore(void)
7100010e60	8	OnGameStart	ca::rm::RmMgSceneBase	a	a	0		undefined8 OnGameStart(void)
7100010e68	8	OnGameFinishAfter	bq::MinigameScene	a	a	0		undefined8 OnGameFinishAfter(void)
7100010e70	8	OnEndingInit	bq::MinigameScene	a	a	0		undefined8 OnEndingInit(void)
7100010e78	8	OnGameEndingFade	bq::MinigameScene	a	a	0		undefined8 OnGameEndingFade(void)
7100010e80	8	OnGameEndingChangeCut	bq::MinigameScene	a	a	0		undefined8 OnGameEndingChangeCut(void)
7100010e88	8	OnGameEndingAfter	ca::rm::RmMgSceneBase	a	a	0		undefined8 OnGameEndingAfter(void)
7100010e90	8	OnGameEndingSkip	ca::rm::RmMgSceneBase	a	a	0		undefined8 OnGameEndingSkip(void)
7100010e98	4	TrigRmGameWipeFadeOutStart	ca::rm::RmMgSceneBase	a	a	0		undefined TrigRmGameWipeFadeOutStart(void)
7100010e9c	4	TrigRmGameMainBgmPracticeFinish	ca::rm::RmMgSceneBase	a	a	0		undefined TrigRmGameMainBgmPracticeFinish(void)
7100010ea0	4	TrigRmGameMainBgmIntroStart	ca::rm::RmMgSceneBase	a	a	0		undefined TrigRmGameMainBgmIntroStart(void)
7100010ea4	8	OnRmGameEnd	ca::rm::RmMgSceneBase	a	a	0		undefined8 OnRmGameEnd(void)
7100010eac	8	OnRmGameFinish	ca::rm::RmMgSceneBase	a	a	0		undefined8 OnRmGameFinish(void)
7100010eb4	8	OnRmGameExit	ca::rm::RmMgSceneBase	a	a	0		undefined8 OnRmGameExit(void)
7100010ebc	4	~Params	mg1802::Scene::Params	a	a	0		undefined ~Params(Params * this)
7100010ec0	220	getInstanceTypeinfo	mg1802::Scene::Params	a	a	0		undefined * getInstanceTypeinfo(void)
7100010f9c	16	GetSymbol	mg1802::Scene::Params	a	a	0		undefined8 GetSymbol(void)
7100010fac	4	~Class	rtti::Class	a	a	0		undefined ~Class(void)
7100010fb0	1216	FUN_7100010fb0		d	a	0		undefined FUN_7100010fb0(void)
7100011470	192	Mg1802Sequence	mg1802::Mg1802Sequence	a	a	0		undefined Mg1802Sequence(Mg1802Sequence * this)
7100011530	100	~Mg1802Sequence	mg1802::Mg1802Sequence	a	a	0		undefined ~Mg1802Sequence(Mg1802Sequence * this)
7100011594	36	~Mg1802Sequence	mg1802::Mg1802Sequence	a	a	0		undefined ~Mg1802Sequence(Mg1802Sequence * this)
71000115b8	8	Setup	mg1802::Mg1802Sequence	a	a	0		undefined Setup(Mg1802Sequence * this)
71000115c0	1848	Setup	mg1802::Mg1802Sequence::Impl	a	a	0	ST_PARTIAL	undefined Setup(Impl * this)
7100011cf8	60	OnRmGameStartAfter	mg1802::Mg1802Sequence	a	a	0	ST_ANALYZED	undefined8 OnRmGameStartAfter(Mg1802Sequence * this)
7100011d40	88	TrigRmGameMainBgmPracticeStart	mg1802::Mg1802Sequence	a	a	0	ST_ANALYZED	undefined TrigRmGameMainBgmPracticeStart(Mg1802Sequence * this)
7100011d98	4	TrigRmGameMainBgmTopStart	mg1802::Mg1802Sequence	a	a	0	ST_ANALYZED	undefined TrigRmGameMainBgmTopStart(void)
7100011d9c	32	OnRmGameMain	mg1802::Mg1802Sequence	a	a	0		undefined8 OnRmGameMain(Mg1802Sequence * this, undefined4 param_1)
7100011dc0	92	TrigRmGameMainChartEnd	mg1802::Mg1802Sequence	a	a	0	ST_ANALYZED	undefined TrigRmGameMainChartEnd(Mg1802Sequence * this)
7100011e20	92	GameFinish	mg1802::Mg1802Sequence	a	a	0	ST_PARTIAL	undefined GameFinish(Mg1802Sequence * this)
7100011e80	76	TrigRmGameResultCaptureSetting	mg1802::Mg1802Sequence	a	a	0	ST_ANALYZED	undefined TrigRmGameResultCaptureSetting(Mg1802Sequence * this)
7100011ed0	92	TrigRmGameEndingSetting	mg1802::Mg1802Sequence	a	a	0	ST_ANALYZED	undefined TrigRmGameEndingSetting(Mg1802Sequence * this)
7100011f30	100	OnRmRecieveBeatEntry	mg1802::Mg1802Sequence	a	a	0	ST_ANALYZED	undefined OnRmRecieveBeatEntry(Mg1802Sequence * this, undefined4 * param_1)
7100011fa0	108	OnRmRecieveBeatNextEntry	mg1802::Mg1802Sequence	a	a	0	ST_ANALYZED	undefined OnRmRecieveBeatNextEntry(Mg1802Sequence * this, undefined4 * param_1)
710001200c	400	~Impl	mg1802::Mg1802Sequence::Impl	a	a	0		undefined ~Impl(Impl * this)
710001219c	36	~Impl	mg1802::Mg1802Sequence::Impl	a	a	0		undefined ~Impl(Impl * this)
71000121c0	24	Update	mg1802::Mg1802Sequence::Impl	a	a	0		undefined Update(void)
71000121d8	20	FUN_71000121d8		d	a	0		undefined FUN_71000121d8(void)
71000121ec	132	Mg1802StageManager	mg1802::Mg1802StageManager	a	a	0		undefined Mg1802StageManager(Mg1802StageManager * this)
7100012270	516	Impl	mg1802::Mg1802StageManager::Impl	a	a	0		undefined Impl(Impl * this)
7100012474	100	~Mg1802StageManager	mg1802::Mg1802StageManager	a	a	0		undefined ~Mg1802StageManager(Mg1802StageManager * this)
71000124d8	36	~Mg1802StageManager	mg1802::Mg1802StageManager	a	a	0		undefined ~Mg1802StageManager(Mg1802StageManager * this)
71000124fc	8	SetState	mg1802::Mg1802StageManager	a	a	0		undefined SetState(long param_1, uint param_2)
7100012504	12	HookStage	mg1802::Mg1802StageManager	a	a	0		undefined HookStage(long param_1, WeakHandle * param_2)
7100012510	80	GetPositionHookStage	mg1802::Mg1802StageManager	a	a	0		undefined GetPositionHookStage(Mg1802StageManager * this, char * param_1)
7100012560	8	HookGlass	mg1802::Mg1802StageManager	a	a	0		undefined HookGlass(long param_1, uint param_2, undefined8 param_3, ulong param_4, uint param_5)
7100012568	344	HookGlass	mg1802::Mg1802StageManager::Impl	a	a	0	ST_ANALYZED	undefined HookGlass(Impl * this, uint param_1, undefined8 param_2, ulong param_3, uint param_4)
71000126c0	124	GetPositionGlass	mg1802::Mg1802StageManager	a	a	0		undefined1[16] GetPositionGlass(long param_1, int param_2, undefined8 param_3, undefined * param_4)
710001273c	56	GetPositionGlass	mg1802::Mg1802StageManager	a	a	0		undefined GetPositionGlass(Mg1802StageManager * this)
7100012774	456	GetQuaternionGlass	mg1802::Mg1802StageManager	a	a	0		undefined GetQuaternionGlass(undefined1[16] param_1_00, undefined1[16] param_2, undefined1[16] param_3, Mg1802StageManager * this, int param_5, undefined8 param_6, undefined * param_7)
710001293c	92	SetRotateSpeedGlass	mg1802::Mg1802StageManager	a	a	0		undefined SetRotateSpeedGlass(float param_1, Mg1802StageManager * this)
7100012998	8	StartCream	mg1802::Mg1802StageManager	a	a	0		undefined StartCream(Mg1802StageManager * this)
71000129a0	400	StartCream	mg1802::Mg1802StageManager::Impl	a	a	0	ST_ANALYZED	undefined StartCream(Impl * this)
7100012b30	32	SetMiss	mg1802::Mg1802StageManager	a	a	0		undefined SetMiss(Mg1802StageManager * this, int param_1)
7100012b50	44	IsMiss	mg1802::Mg1802StageManager	a	a	0		bool IsMiss(Mg1802StageManager * this)
7100012b7c	116	ReadyEffect	mg1802::Mg1802StageManager	a	a	0		undefined4 ReadyEffect(undefined8 param_1_00, int param_2, ulong param_3)
7100012bf0	116	ThrowEffect	mg1802::Mg1802StageManager	a	a	0		undefined4 ThrowEffect(undefined8 param_1_00, int param_2, ulong param_3)
7100012c64	8	StartIdle	mg1802::Mg1802StageManager	a	a	0		undefined StartIdle(Mg1802StageManager * this)
7100012c6c	500	StartIdle	mg1802::Mg1802StageManager::Impl	a	a	0	ST_PARTIAL	undefined StartIdle(Impl * this)
7100012e60	8	Ready	mg1802::Mg1802StageManager	a	a	0		undefined Ready(Mg1802StageManager * this)
7100012e68	140	Ready	mg1802::Mg1802StageManager::Impl	a	a	0	ST_ANALYZED	undefined Ready(Impl * this)
7100012ef8	108	ReadyOff	mg1802::Mg1802StageManager	a	a	0		undefined ReadyOff(Mg1802StageManager * this)
7100012f68	516	~Impl	mg1802::Mg1802StageManager::Impl	a	a	0		undefined ~Impl(Impl * this)
710001316c	36	~Impl	mg1802::Mg1802StageManager::Impl	a	a	0		undefined ~Impl(Impl * this)
7100013190	4	Setup	mg1802::Mg1802StageManager::Impl	a	a	0		undefined Setup(void)
7100013194	492	PostSetup	mg1802::Mg1802StageManager::Impl	a	a	0	ST_PARTIAL	undefined PostSetup(Impl * this)
7100013384	532	StartCapture	mg1802::Mg1802StageManager::Impl	a	a	0		undefined StartCapture(Impl * this)
710001359c	216	StartResult	mg1802::Mg1802StageManager::Impl	a	a	0		undefined StartResult(Impl * this)
7100013680	456	Update	mg1802::Mg1802StageManager::Impl	a	a	0	ST_PARTIAL	undefined Update(Impl * this)
7100013850	8	~Impl	mg1802::Mg1802StageManager::Impl	a	a	0		undefined ~Impl(Impl * this)
7100013858	40	~Impl	mg1802::Mg1802StageManager::Impl	a	a	0		undefined ~Impl(Impl * this)
7100013880	8	Update	mg1802::Mg1802StageManager::Impl	a	a	0		undefined Update(Impl * this)
7100013888	4	~SyncWork	mg1802::SyncWork	a	a	0		undefined ~SyncWork(void)
710001388c	4	~SyncWork	mg1802::SyncWork	a	a	0		undefined ~SyncWork(SyncWork * this)
7100013890	1468	Create	mg1802::Mg1802StageManager::Impl	a	a	0		undefined Create(long param_1)
7100013e60	2072	CreateCream	mg1802::Mg1802StageManager::Impl	a	a	0		undefined CreateCream(long param_1)
71000146b0	556	CreateKopenguin	mg1802::Mg1802StageManager::Impl	a	a	0		undefined CreateKopenguin(long param_1, undefined8 param_2, char * * param_3, undefined * param_4)
71000148e4	308	Create	mg1802::Mg1802StageManager::Impl::KOPENGUIN	a	a	0		undefined Create(KOPENGUIN * this, ulong param_1, undefined8 param_2, undefined * param_3)
7100014a20	240	StackCream	mg1802::Mg1802StageManager::Impl	a	a	0	ST_ANALYZED	undefined StackCream(Impl * this)
7100014b10	480	ResultModel	mg1802::Mg1802StageManager::Impl	a	a	0	ST_ANALYZED	undefined ResultModel(long param_1)
7100014cf0	140	Result	mg1802::Mg1802StageManager::Impl::KOPENGUIN	a	a	0		undefined Result(KOPENGUIN * this)
7100014d7c	548	GetGrassHookBone	mg1802::Mg1802StageManager::Impl	a	a	0	ST_ANALYZED	undefined GetGrassHookBone(ulong * param_1, long param_2, int param_3, undefined8 param_4, undefined * param_5)
7100014fb0	12	SetScene	mg1802::util	a	a	0		undefined SetScene(undefined8 param_1)
7100014fc0	12	GetScene	mg1802::util	a	a	0		undefined8 GetScene(void)
7100014fd0	76	CreateSceneEntity	mg1802::util	a	a	0		undefined CreateSceneEntity(char * param_1)
7100015020	88	CreateMGModel	mg1802::util	a	a	0		MGModel * CreateMGModel(util * this, char * param_1)
7100015080	244	CreateMGCommonModel	mg1802::util	a	a	0		MGModel * CreateMGCommonModel(char * param_1)
7100015180	16	GetModelFileName	mg1802::util	a	a	0		undefined GetModelFileName(ulong * param_1_00, char * param_2)
7100015190	172	CreateMGModelNum	mg1802::util	a	a	0		MGModel * CreateMGModelNum(util * param_1, char * param_2, undefined8 param_3, undefined * param_4)
7100015240	480	GetNumName	mg1802::util	a	a	0		undefined GetNumName(ulong * param_1, util * this, int param_3, undefined8 param_4, undefined * param_5)
7100015420	244	CreateNPCModel	mg1802::util	a	a	0		MGModel * CreateNPCModel(char * param_1, undefined4 param_2)
7100015520	104	CreateNPCModelNum	mg1802::util	a	a	0		MGModel * CreateNPCModelNum(util * param_1, undefined4 param_2, undefined8 param_3, undefined * param_4)
7100015590	88	CreateMGEnvModel	mg1802::util	a	a	0		MGModel * CreateMGEnvModel(util * this, char * param_1)
71000155f0	16	GetEnvModelFileName	mg1802::util	a	a	0		undefined GetEnvModelFileName(ulong * param_1_00, char * param_2)
7100015600	224	CreateMap	mg1802::util	a	a	0		undefined CreateMap(long * param_1_00, util * this, util * param_3)
71000156e0	560	GetMapFileName	mg1802::util	a	a	0		undefined GetMapFileName(ulong * param_1, util * this)
7100015910	80	TargetRot	mg1802::util	a	a	0		bool TargetRot(float param_1, float param_2, float * param_3)
7100015960	828	TextureFileName	mg1802::util	a	a	0		undefined TextureFileName(ulong * param_1, util * this, int param_3)
7100015ca0	8	DirectDebugFlag	mg1802::util	a	a	0		undefined8 DirectDebugFlag(void)
7100015cb0	748	GetModelFileNameSub	mg1802::util	a	a	0		undefined GetModelFileNameSub(ulong * param_1_00, util * this, char * param_3)
7100015fa0	4	GetDT	mg1802::util	a	a	0		undefined GetDT(void)
7100015fb0	16	GetDTCalc	mg1802::util	a	a	0		float GetDTCalc(float param_1, float param_2)
7100015fc0	44	GetDTDiv	mg1802::util	a	a	0		float GetDTDiv(float param_1)
7100015ff0	188	GetPlayerIDName	mg1802::util	a	a	0		undefined GetPlayerIDName(long * param_1, util * this)
71000160b0	648	CreatePlayerMarkEntityName	mg1802::util	a	a	0		undefined CreatePlayerMarkEntityName(ulong * param_1, util * this, int * param_3, char * param_4)
7100016340	40	CheckOne	mg1802::util	a	a	0		bool CheckOne(char * param_1)
7100016370	60	DownTimer	mg1802::util	a	a	0		bool DownTimer(float * param_1)
71000163b0	76	AddRotate	mg1802::util	a	a	0	ST_ANALYZED	float AddRotate(float param_1, float param_2)
7100016400	616	CreateEffect	mg1802::util	a	a	0		undefined CreateEffect(char * param_1)
7100016670	8	RegisterGeneratedBindCodes_mg1802	nn::bezel::detail::autogen	a	a	0		undefined8 RegisterGeneratedBindCodes_mg1802(void)
7100016680	16	SuppressDeadStrip_mg1802	nn::bezel::detail::autogen	a	a	0		undefined4 SuppressDeadStrip_mg1802(void)
7100016690	8	RegisterGeneratedBindCodes_sharedPCH	nn::bezel::detail::autogen	a	a	0		undefined8 RegisterGeneratedBindCodes_sharedPCH(void)
71000166a0	16	SuppressDeadStrip_sharedPCH	nn::bezel::detail::autogen	a	a	0		undefined4 SuppressDeadStrip_sharedPCH(void)
71000166b0	20	FUN_71000166b0		d	a	0		undefined FUN_71000166b0(void)
71000166d0	16	__nnmusl_init_dso		i	d	1		undefined __nnmusl_init_dso()
71000166e0	16	ProtectRelro	nn::ro	d	a	1		undefined ProtectRelro(void * param_1, void * param_2, void * param_3, void * param_4, void * param_5)
71000166f0	16	__nnmusl_fini_dso		i	d	1		undefined __nnmusl_fini_dso()
7100016700	16	__cxa_guard_acquire		i	d	1		undefined __cxa_guard_acquire()
7100016710	16	__cxa_guard_release		i	d	1		undefined __cxa_guard_release()
7100016720	16	operator.new	<EXTERNAL>	d	a	1		void * operator.new(ulong param_1, ulong param_2, HeapID param_3)
7100016730	16	Fiber	<EXTERNAL>::bex::Fiber	d	a	1		undefined Fiber(Fiber * this, int param_1, bool param_2)
7100016740	16	AbortImpl	<EXTERNAL>::nn::diag::detail	d	a	1		undefined AbortImpl(void)
7100016750	16	__cxa_begin_catch		i	d	1		undefined __cxa_begin_catch()
7100016760	16	terminate	<EXTERNAL>::std	d	a	1		undefined terminate(void)
7100016770	16	~Mg1802CameraManager	mg1802::Mg1802CameraManager	d	a	1		undefined ~Mg1802CameraManager(Mg1802CameraManager * this)
7100016780	16	operator.delete	<EXTERNAL>	d	a	1		void operator.delete(void * param_1)
7100016790	16	SetState	mg1802::Mg1802ObjectBaseImpl	d	a	1		undefined SetState(Mg1802ObjectBaseImpl * this, uint param_1)
71000167a0	16	IsFinished	mg1802::Mg1802CameraManager::Impl	d	a	1		undefined IsFinished(Impl * this)
71000167b0	16	IsFinished	<EXTERNAL>::actor::ComActorMotion	d	a	1		undefined IsFinished(void)
71000167c0	16	GetPosition	mg1802::Mg1802CameraManager::Impl	d	a	1		undefined1[16] GetPosition(Impl * this)
71000167d0	16	GetCamera	<EXTERNAL>::nn::bezel::ComCamera	d	a	1		undefined GetCamera(void)
71000167e0	16	~Impl	mg1802::Mg1802CameraManager::Impl	d	a	1		undefined ~Impl(Impl * this)
71000167f0	16	~Fiber	<EXTERNAL>::bex::Fiber	d	a	1		undefined ~Fiber(Fiber * this)
7100016800	16	SetupEnv	mg1802::Mg1802CameraManager::Impl	d	a	1		undefined SetupEnv(long param_1)
7100016810	16	SetupCamera	mg1802::Mg1802CameraManager::Impl	d	a	1		undefined SetupCamera(Impl * this)
7100016820	16	PlayCamera	mg1802::Mg1802CameraManager::Impl	d	a	1		undefined PlayCamera(Impl * this, char * param_1, uint param_2)
7100016830	16	SetVisible	<EXTERNAL>::ca::mg::MGModel	d	a	1		undefined SetVisible(bool param_1)
7100016840	16	SetDofEnable	mg1802::Mg1802CameraManager::Impl	d	a	1		undefined SetDofEnable(void)
7100016850	16	Wait	<EXTERNAL>::bex::Fiber	d	a	1		undefined Wait(void)
7100016860	16	getStaticTypeinfo	<EXTERNAL>::bex::Fiber	d	a	1		undefined getStaticTypeinfo(void)
7100016870	16	Free	<EXTERNAL>::bex::HeapModule	d	a	1		undefined Free(void * param_1)
7100016880	16	CreateMGEnvModel	mg1802::util	d	a	1		MGModel * CreateMGEnvModel(util * this, char * param_1)
7100016890	16	CreateSceneEntity	mg1802::util	d	a	1		undefined CreateSceneEntity(char * param_1)
71000168a0	16	AddComponent<bq::ComMatter,bq::MatterType,(void*)0>	nn::bezel::Entity	d	a	1		WeakHandle AddComponent<bq::ComMatter,bq::MatterType,(void*)0>(long * param_1_00, HandlePtr * param_2, undefined4 * param_3)
71000168b0	16	GetMotion	<EXTERNAL>::bq::ComMatter	d	a	1		undefined GetMotion(void)
71000168c0	16	strlen		i	i	1		size_t strlen(char * __s)
71000168d0	16	Alloc	<EXTERNAL>::bex::HeapModule	d	a	1		undefined Alloc(HeapID param_1, ulong param_2, int param_3, char * param_4, int param_5, char * param_6, char * param_7)
71000168e0	16	memmove		i	i	1		void * memmove(void * __dest, void * __src, size_t __n)
71000168f0	16	GetFile	mg1802::Mg1802ANIM	d	a	1		undefined GetFile(ulong * param_1_00, long param_2, char * param_3)
7100016900	16	AddAnimation	<EXTERNAL>::actor::ComActorMotion	d	a	1		undefined AddAnimation(StringViewHashPair * param_1, basic_string_view * param_2, bool param_3, AnimatinType param_4, bool param_5, bool param_6)
7100016910	16	GetCamera	<EXTERNAL>::bq::ComMatter	d	a	1		undefined GetCamera(void)
7100016920	16	GetDefaultGraphicsLayer	<EXTERNAL>::nn::bezel::GraphicsCoreModule	d	a	1		undefined GetDefaultGraphicsLayer(void)
7100016930	16	SetCamera	<EXTERNAL>::nn::bezel::GraphicsLayer	d	a	1		undefined SetCamera(WeakHandle * param_1)
7100016940	16	SafeCreate<bq::ComMatter,nn::bezel::HandlePtr<nn::bezel::Entity>const&,bq::MatterType>	bex::ComponentUtil	d	a	1		WeakHandle SafeCreate<bq::ComMatter,nn::bezel::HandlePtr<nn::bezel::Entity>const&,bq::MatterType>(long * param_1_00, ComponentUtil * this, undefined4 * param_3)
7100016950	16	_internalCheckComponentValidity	<EXTERNAL>::nn::bezel::Entity	d	a	1		undefined _internalCheckComponentValidity(HandlePtr * param_1)
7100016960	16	AddComponentImpl	<EXTERNAL>::nn::bezel::Entity	d	a	1		undefined AddComponentImpl(HandlePtr * param_1)
7100016970	16	insert	std::basic_string<char,std::char_traits<char>,bex::HeapModule::Allocator_string<char>>	d	a	1		basic_string<char,std::char_traits<char>,bex::HeapModule::Allocator_string<char>> * insert(basic_string<char,std::char_traits<char>,bex::HeapModule::Allocator_string<char>> * this, ulong param_1, basic_string<char,std::char_traits<char>,bex::HeapModule::Allocator_string<char>> * param_2, ulong param_3)
7100016980	16	append	std::basic_string<char,std::char_traits<char>,bex::HeapModule::Allocator_string<char>>	d	a	1		ulong * append(ulong * param_1, void * param_2, byte * param_3, ulong param_4)
7100016990	16	Play	<EXTERNAL>::actor::ComActorMotion	d	a	1		undefined Play(StringViewHashPair * param_1)
71000169a0	16	GetFrameMax	<EXTERNAL>::actor::ComActorMotion	d	a	1		undefined GetFrameMax(void)
71000169b0	16	SetFrame	<EXTERNAL>::actor::ComActorMotion	d	a	1		undefined SetFrame(float param_1)
71000169c0	16	ComMatter	<EXTERNAL>::bq::ComMatter	d	a	1		undefined ComMatter(ComMatter * this, HandlePtr * param_1, MatterType param_2, bool param_3)
71000169d0	16	__cxa_allocate_exception		i	d	1		undefined __cxa_allocate_exception()
71000169e0	16	__cxa_throw		i	d	1		undefined __cxa_throw()
71000169f0	16	__cxa_free_exception		i	d	1		undefined __cxa_free_exception()
7100016a00	16	_Unwind_Resume		i	d	1		undefined _Unwind_Resume()
7100016a10	16	logic_error	<EXTERNAL>::std::logic_error	d	a	1		undefined logic_error(logic_error * this, char * param_1)
7100016a20	16	GetScene	<EXTERNAL>::bex::gfx::RendererModule	d	a	1		undefined GetScene(SceneType param_1)
7100016a30	16	GetGraphicsLayer	<EXTERNAL>::bex::gfx::Scene	d	a	1		undefined GetGraphicsLayer(int param_1)
7100016a40	16	TryGetExtension<bex::gfx::GraphicsLayerExtension>	nn::bezel::GraphicsLayer	d	a	1		undefined8 TryGetExtension<bex::gfx::GraphicsLayerExtension>(GraphicsLayer * this)
7100016a50	16	SetDofEnable	<EXTERNAL>::bex::gfx::ComPosteffect	d	a	1		undefined SetDofEnable(bool param_1)
7100016a60	16	Allocate	<EXTERNAL>::nn::bezel::detail::TypeIdGenerator	d	a	1		undefined Allocate(TypeDesc * param_1)
7100016a70	16	Deallocate	<EXTERNAL>::nn::bezel::detail::TypeIdGenerator	d	a	1		undefined Deallocate(TypeDesc * param_1, int param_2)
7100016a80	16	Mg1802CameraManager	mg1802::Mg1802CameraManager	d	a	1		undefined Mg1802CameraManager(Mg1802CameraManager * this)
7100016a90	16	Impl	mg1802::Mg1802EffectManager::Impl	d	a	1		undefined Impl(Impl * this)
7100016aa0	16	~Mg1802EffectManager	mg1802::Mg1802EffectManager	d	a	1		undefined ~Mg1802EffectManager(Mg1802EffectManager * this)
7100016ab0	16	Start	mg1802::Mg1802EffectManager	d	a	1		undefined4 Start(Mg1802EffectManager * this, ulong param_1, long * param_2, char * param_3)
7100016ac0	16	Start	mg1802::Mg1802EffectManager::Impl::EFFECT_WORK	d	a	1		undefined4 Start(long param_1, long * param_2, char * param_3)
7100016ad0	16	Stop	mg1802::Mg1802EffectManager	d	a	1		undefined Stop(Mg1802EffectManager * this, ulong param_1, uint param_2)
7100016ae0	16	Stop	<EXTERNAL>::bex::Effect	d	a	1		undefined Stop(bool param_1)
7100016af0	16	Detach	<EXTERNAL>::bex::Effect	d	a	1		undefined Detach(void)
7100016b00	16	Start	mg1802::Mg1802EffectManager	d	a	1		undefined Start(long param_1, int param_2)
7100016b10	16	Start	mg1802::Mg1802EffectManager::Impl	d	a	1		undefined Start(long param_1, int param_2)
7100016b20	16	SetVisible	<EXTERNAL>::bex::Effect	d	a	1		undefined SetVisible(bool param_1)
7100016b30	16	Start	<EXTERNAL>::bex::Effect	d	a	1		undefined Start(bool param_1)
7100016b40	16	SetPosition	<EXTERNAL>::bex::Effect	d	a	1		undefined SetPosition(Vector3f * param_1)
7100016b50	16	~Impl	mg1802::Mg1802EffectManager::Impl	d	a	1		undefined ~Impl(Impl * this)
7100016b60	16	Remove	mg1802::Mg1802EffectManager::Impl::EFFECT_WORK::EFFECT	d	a	1		undefined Remove(EFFECT * this)
7100016b70	16	CreateEffect	mg1802::Mg1802EffectManager::Impl	d	a	1		undefined CreateEffect(Impl * this)
7100016b80	16	Create	mg1802::Mg1802EffectManager::Impl::EFFECT_WORK	d	a	1		undefined Create(EFFECT_WORK * this, char * param_1)
7100016b90	16	CreateEffect	mg1802::util	d	a	1		undefined CreateEffect(char * param_1)
7100016ba0	16	Hook	mg1802::Mg1802EffectManager::Impl::EFFECT_WORK::EFFECT	d	a	1		undefined Hook(EFFECT * this, long * param_1, char * param_2)
7100016bb0	16	Attach	<EXTERNAL>::bex::Effect	d	a	1		undefined Attach(WeakHandle * param_1, basic_string_view * param_2, int param_3)
7100016bc0	16	Mg1802EffectManager	mg1802::Mg1802EffectManager	d	a	1		undefined Mg1802EffectManager(Mg1802EffectManager * this)
7100016bd0	16	~Mg1802InfoManager	mg1802::Mg1802InfoManager	d	a	1		undefined ~Mg1802InfoManager(Mg1802InfoManager * this)
7100016be0	16	Setup	mg1802::Mg1802InfoManager	d	a	1		undefined Setup(Mg1802InfoManager * this)
7100016bf0	16	SetupNoteInfo	mg1802::Mg1802InfoManager::Impl	d	a	1		undefined SetupNoteInfo(Impl * this)
7100016c00	16	SetBeatCount	mg1802::Mg1802InfoManager	d	a	1		undefined SetBeatCount(Mg1802InfoManager * this, undefined4 param_1)
7100016c10	16	SetReadyBeatCount	mg1802::Mg1802InfoManager	d	a	1		undefined SetReadyBeatCount(Mg1802InfoManager * this, undefined4 param_1)
7100016c20	16	IsReadyNoteInfo	mg1802::Mg1802InfoManager	d	a	1		bool IsReadyNoteInfo(Mg1802InfoManager * this)
7100016c30	16	GetReadyNoteInfo	mg1802::Mg1802InfoManager	d	a	1		undefined GetReadyNoteInfo(undefined8 * param_1, long param_2)
7100016c40	16	IsStartNoteInfo	mg1802::Mg1802InfoManager	d	a	1		bool IsStartNoteInfo(Mg1802InfoManager * this)
7100016c50	16	GetStartNoteInfo	mg1802::Mg1802InfoManager	d	a	1		undefined GetStartNoteInfo(undefined8 * param_1, long param_2)
7100016c60	16	GetMaxScore	mg1802::Mg1802InfoManager	d	a	1		undefined4 GetMaxScore(Mg1802InfoManager * this)
7100016c70	16	SetMainFrame	mg1802::Mg1802InfoManager	d	a	1		undefined SetMainFrame(Mg1802InfoManager * this, undefined4 param_1)
7100016c80	16	GetScene	mg1802::util	d	a	1		undefined8 GetScene(void)
7100016c90	16	IsDebugViewJust	mg1802::Scene	d	a	1		undefined1 IsDebugViewJust(Scene * this)
7100016ca0	16	GetComMode	mg1802::Scene	d	a	1		undefined4 GetComMode(Scene * this)
7100016cb0	16	GetListIngredientType	mg1802::Mg1802InfoManager	d	a	1		undefined GetListIngredientType(Mg1802InfoManager * this, long * param_1)
7100016cc0	16	GetListIngredientType	mg1802::Mg1802InfoManager::Impl	d	a	1		undefined GetListIngredientType(Impl * this, long * param_1)
7100016cd0	16	GetMainBeatType	<EXTERNAL>::ca::rm::RmMgSceneBase	d	a	1		undefined GetMainBeatType(void)
7100016ce0	16	GetBeatToSec	mg1802::Mg1802InfoManager	d	a	1		undefined GetBeatToSec(undefined8 param_1_00, undefined4 param_2)
7100016cf0	16	GetBeatToSec	<EXTERNAL>::ca::rm::snd	d	a	1		undefined GetBeatToSec(BEAT_TYPE param_1, int param_2, BGM_TYPE param_3)
7100016d00	16	GetRotateBegin	mg1802::Mg1802InfoManager	d	a	1		undefined1[16] GetRotateBegin(Mg1802InfoManager * this)
7100016d10	16	GetGameStartRotate	mg1802::Scene	d	a	1		float GetGameStartRotate(Scene * this)
7100016d20	16	GetRotateSpin	mg1802::Mg1802InfoManager	d	a	1		undefined1[16] GetRotateSpin(Mg1802InfoManager * this)
7100016d30	16	GetGameRotateNum	mg1802::Scene	d	a	1		undefined4 GetGameRotateNum(Scene * this)
7100016d40	16	GetStackCreamNum	mg1802::Mg1802InfoManager	d	a	1		undefined4 GetStackCreamNum(Mg1802InfoManager * this)
7100016d50	16	GetStackIngredienNum	mg1802::Mg1802InfoManager	d	a	1		undefined4 GetStackIngredienNum(Mg1802InfoManager * this)
7100016d60	16	CalcMotionSpeed	mg1802::Mg1802InfoManager	d	a	1		float CalcMotionSpeed(float param_1, undefined8 param_2_00, undefined4 param_3)
7100016d70	16	GetAnimSpeed	mg1802::Mg1802InfoManager	d	a	1		float GetAnimSpeed(void)
7100016d80	16	GetBpm	<EXTERNAL>::ca::rm::RmGameWork	d	a	1		undefined GetBpm(void)
7100016d90	16	GetBeatRatio	mg1802::Mg1802InfoManager	d	a	1		float GetBeatRatio(Mg1802InfoManager * this, undefined4 param_1)
7100016da0	16	fmodf		i	i	1		float fmodf(float __x, float __y)
7100016db0	16	GetTotalBeatNum	mg1802::Mg1802InfoManager	d	a	1		undefined4 GetTotalBeatNum(Mg1802InfoManager * this)
7100016dc0	16	JustRCSound	mg1802::Mg1802InfoManager	d	a	1		undefined JustRCSound(Mg1802InfoManager * this, undefined8 param_1, ulong param_2, uint param_3)
7100016dd0	16	JustRCSound	mg1802::Mg1802InfoManager::Impl	d	a	1		undefined JustRCSound(Impl * this, undefined8 param_1, ulong param_2, uint param_3)
7100016de0	16	Play	<EXTERNAL>::bex::sound::SoundModule	d	a	1		undefined Play(char * param_1, float param_2, char * param_3)
7100016df0	16	WriteLocalVariable	<EXTERNAL>::bex::sound::SoundHandle	d	a	1		undefined WriteLocalVariable(int param_1, int param_2)
7100016e00	16	Play3D	<EXTERNAL>::bex::sound::SoundModule	d	a	1		undefined Play3D(char * param_1, Vector3f * param_2, float param_3)
7100016e10	16	SetOut	mg1802::Mg1802InfoManager	d	a	1		undefined SetOut(Mg1802InfoManager * this, uint param_1)
7100016e20	16	Start	mg1802::SyncWork	d	a	1		undefined1[16] Start(float param_1, SyncWork * this, undefined4 param_3)
7100016e30	16	GetDT	mg1802::util	d	a	1		undefined GetDT(void)
7100016e40	16	GetDTCalc	mg1802::util	d	a	1		float GetDTCalc(float param_1, float param_2)
7100016e50	16	sinf		i	i	1		float sinf(float __x)
7100016e60	16	GetFrameBG	mg1802::SyncWork	d	a	1		float GetFrameBG(SyncWork * this)
7100016e70	16	GetDataSize	<EXTERNAL>::ca::rm::RmChartDataMan	d	a	1		undefined GetDataSize(void)
7100016e80	16	SetupRotate	mg1802::Mg1802InfoManager::Impl	d	a	1		undefined SetupRotate(Impl * this)
7100016e90	16	StackIngredient	mg1802::Mg1802InfoManager::Impl	d	a	1		undefined StackIngredient(Impl * this)
7100016ea0	16	GetItemStr	<EXTERNAL>::ca::rm::RmChartDataMan	d	a	1		undefined GetItemStr(int param_1, int param_2)
7100016eb0	16	memchr		i	i	1		void * memchr(void * __s, int __c, size_t __n)
7100016ec0	16	memcmp		i	i	1		int memcmp(void * __s1, void * __s2, size_t __n)
7100016ed0	16	GetThrowTypeData	mg1802::Mg1802InfoManager::Impl	d	a	1		undefined4 GetThrowTypeData(undefined8 param_1_00, byte * param_2)
7100016ee0	16	GetPlayers	<EXTERNAL>::bq::WorkModule	d	a	1		undefined GetPlayers(void)
7100016ef0	16	GetPlayerList	<EXTERNAL>::bq::PlayerWorkHolder	d	a	1		undefined GetPlayerList(PlayerListSortBy param_1)
7100016f00	16	GetPlayerID	<EXTERNAL>::bq::PlayerWork	d	a	1		undefined GetPlayerID(void)
7100016f10	16	SetPersonalPlayNum	<EXTERNAL>::ca::rm::RmUiStatusMan	d	a	1		undefined SetPersonalPlayNum(PlayerID param_1, int param_2)
7100016f20	16	atoi		i	i	1		int atoi(char * __nptr)
7100016f30	16	atof		i	i	1		double atof(char * __nptr)
7100016f40	16	Mg1802InfoManager	mg1802::Mg1802InfoManager	d	a	1		undefined Mg1802InfoManager(Mg1802InfoManager * this)
7100016f50	16	array	std::array<mg1802::Mg1802NpcModel,4ul>	d	a	1		undefined array(array<mg1802::Mg1802NpcModel,4ul> * this)
7100016f60	16	~Mg1802NpcManager	mg1802::Mg1802NpcManager	d	a	1		undefined ~Mg1802NpcManager(Mg1802NpcManager * this)
7100016f70	16	Ready	mg1802::Mg1802NpcManager	d	a	1		undefined Ready(Mg1802NpcManager * this, undefined8 * param_1)
7100016f80	16	Ready	mg1802::Mg1802NpcModel	d	a	1		undefined Ready(Mg1802NpcModel * this, undefined8 * param_1)
7100016f90	16	Action	mg1802::Mg1802NpcManager	d	a	1		undefined Action(undefined8 param_1_00, long param_2)
7100016fa0	16	SetRotateSpeedGlass	mg1802::Mg1802StageManager	d	a	1		undefined SetRotateSpeedGlass(float param_1, Mg1802StageManager * this)
7100016fb0	16	StartCream	mg1802::Mg1802StageManager	d	a	1		undefined StartCream(Mg1802StageManager * this)
7100016fc0	16	Just	mg1802::Mg1802NpcManager	d	a	1		undefined Just(Mg1802NpcManager * this, uint param_1)
7100016fd0	16	IsCurrentMotion	<EXTERNAL>::ca::mg::MGModel	d	a	1		undefined IsCurrentMotion(int param_1, char * param_2)
7100016fe0	16	Play	<EXTERNAL>::ca::mg::MGModel	d	a	1		undefined Play(int param_1, char * param_2, bool param_3)
7100016ff0	16	SetSpeed	<EXTERNAL>::ca::mg::MGModel	d	a	1		undefined SetSpeed(int param_1, float param_2)
7100017000	16	SetVisible	mg1802::Mg1802NpcManager	d	a	1		undefined SetVisible(long param_1)
7100017010	16	~Impl	mg1802::Mg1802NpcManager::Impl	d	a	1		undefined ~Impl(Impl * this)
7100017020	16	Create	mg1802::Mg1802NpcModel	d	a	1		undefined Create(Mg1802NpcModel * this, ulong param_1)
7100017030	16	GetPlayerID	mg1802::Mg1802PlayerManager	d	a	1		undefined GetPlayerID(undefined4 * param_1, long param_2, uint param_3)
7100017040	16	GetEntity	<EXTERNAL>::ca::mg::MGModel	d	a	1		undefined GetEntity(void)
7100017050	16	HookStage	mg1802::Mg1802StageManager	d	a	1		undefined HookStage(long param_1, WeakHandle * param_2)
7100017060	16	HarbingerAction	mg1802::Mg1802NpcModel	d	a	1		undefined HarbingerAction(Mg1802NpcModel * this)
7100017070	16	GetAction	mg1802::Mg1802NpcModel	d	a	1		undefined GetAction(Mg1802NpcModel * this)
7100017080	16	ThrowAction	mg1802::Mg1802NpcModel	d	a	1		Mg1802NpcModel * ThrowAction(float param_1, Mg1802NpcModel * this)
7100017090	16	NextAnim	mg1802::Mg1802NpcModel	d	a	1		undefined NextAnim(Mg1802NpcModel * this)
71000170a0	16	SetAttachOffsetRotation	<EXTERNAL>::ca::mg::MGModel	d	a	1		undefined SetAttachOffsetRotation(Vector3f * param_1)
71000170b0	16	SetAttachOffsetTranslation	<EXTERNAL>::ca::mg::MGModel	d	a	1		undefined SetAttachOffsetTranslation(Vector3f * param_1)
71000170c0	16	Ready	mg1802::Mg1802ParfaitManager	d	a	1		undefined Ready(Mg1802ParfaitManager * this, long param_1)
71000170d0	16	GetModel	mg1802::Mg1802ParfaitManager	d	a	1		undefined8 GetModel(Mg1802ParfaitManager * this, int param_1)
71000170e0	16	Hook	<EXTERNAL>::ca::mg::MGModel	d	a	1		undefined Hook(char * param_1, WeakHandle * param_2)
71000170f0	16	SetAttachMode	<EXTERNAL>::ca::mg::MGModel	d	a	1		undefined SetAttachMode(bool param_1, bool param_2, bool param_3)
7100017100	16	GetBoneWorldPosition	<EXTERNAL>::ca::mg::MGModel	d	a	1		undefined GetBoneWorldPosition(basic_string_view * param_1)
7100017110	16	Throw	mg1802::Mg1802ParfaitManager	d	a	1		undefined Throw(Mg1802ParfaitManager * this, long param_1, undefined8 * param_2)
7100017120	16	ClearStack	<EXTERNAL>::ca::mg::MGModel	d	a	1		undefined ClearStack(int param_1)
7100017130	16	ThrowEffect	mg1802::Mg1802StageManager	d	a	1		undefined4 ThrowEffect(undefined8 param_1_00, int param_2, ulong param_3)
7100017140	16	IsPlay	<EXTERNAL>::ca::mg::MGModel	d	a	1		undefined IsPlay(int param_1, char * param_2)
7100017150	16	GetFrameLength	<EXTERNAL>::ca::mg::MGModel	d	a	1		undefined GetFrameLength(int param_1)
7100017160	16	SetFrame	<EXTERNAL>::ca::mg::MGModel	d	a	1		undefined SetFrame(int param_1, float param_2)
7100017170	16	CreateModel	mg1802::Mg1802NpcModel	d	a	1		MGModel * CreateModel(Mg1802NpcModel * this, char * param_1, undefined4 param_2)
7100017180	16	SetupMotion	<EXTERNAL>::ca::mg::MGModel	d	a	1		undefined SetupMotion(int param_1)
7100017190	16	AddMotion	<EXTERNAL>::ca::mg::MGModel	d	a	1		undefined AddMotion(char * param_1, char * param_2, AnimatinType param_3, bool param_4, bool param_5)
71000171a0	16	SetPlayParam	<EXTERNAL>::ca::mg::MGModel	d	a	1		undefined SetPlayParam(char * param_1, bool param_2, float param_3, AnimationTransitionType param_4)
71000171b0	16	MGModel	<EXTERNAL>::ca::mg::MGModel	d	a	1		undefined MGModel(MGModel * this)
71000171c0	16	RegisterEntity	<EXTERNAL>::ca::mg::MGModel	d	a	1		undefined RegisterEntity(HandlePtr * param_1)
71000171d0	16	CreateNPC	<EXTERNAL>::ca::mg::MGModel	d	a	1		undefined CreateNPC(NonPlayerCharacterID param_1, WeakHandle * param_2)
71000171e0	16	Stack	<EXTERNAL>::ca::mg::MGModel	d	a	1		undefined Stack(int param_1, char * param_2, float param_3, AnimationTransitionType param_4)
71000171f0	16	ReadyEffect	mg1802::Mg1802StageManager	d	a	1		undefined4 ReadyEffect(undefined8 param_1_00, int param_2, ulong param_3)
7100017200	16	Mg1802NpcManager	mg1802::Mg1802NpcManager	d	a	1		undefined Mg1802NpcManager(Mg1802NpcManager * this)
7100017210	16	~Mg1802ParfaitManager	mg1802::Mg1802ParfaitManager	d	a	1		undefined ~Mg1802ParfaitManager(Mg1802ParfaitManager * this)
7100017220	16	CheckHit	mg1802::Mg1802ParfaitManager	d	a	1		undefined1[16] CheckHit(Mg1802ParfaitManager * this, int param_1)
7100017230	16	GetHitStatus	mg1802::Mg1802ParfaitManager::Impl::INGREDIENT	d	a	1		ulong GetHitStatus(INGREDIENT * this)
7100017240	16	Hit	mg1802::Mg1802ParfaitManager	d	a	1		undefined Hit(long param_1, undefined8 param_2, uint param_3)
7100017250	16	GetJustFrame	mg1802::Scene	d	a	1		undefined4 GetJustFrame(Scene * this)
7100017260	16	GetPositionHookStage	mg1802::Mg1802StageManager	d	a	1		undefined GetPositionHookStage(Mg1802StageManager * this, char * param_1)
7100017270	16	SetMoveType	mg1802::Mg1802ParfaitManager::Impl::INGREDIENT	d	a	1		undefined SetMoveType(long param_1, long param_2)
7100017280	16	Detach	<EXTERNAL>::ca::mg::MGModel	d	a	1		undefined Detach(void)
7100017290	16	DebugAllSet	mg1802::Mg1802ParfaitManager::Impl	d	a	1		undefined DebugAllSet(Impl * this, uint param_1)
71000172a0	16	Hook	mg1802::Mg1802ParfaitManager::Impl::INGREDIENT	d	a	1		undefined Hook(INGREDIENT * this, uint param_1)
71000172b0	16	SyncRandRange	<EXTERNAL>::bex::RandModule	d	a	1		undefined SyncRandRange(uint param_1, uint param_2)
71000172c0	16	~array	std::array<mg1802::Mg1802ParfaitManager::Impl::SHADOW,8ul>	d	a	1		undefined ~array(array<mg1802::Mg1802ParfaitManager::Impl::SHADOW,8ul> * this)
71000172d0	16	Create	mg1802::Mg1802ParfaitManager::Impl	d	a	1		undefined Create(long param_1, undefined8 param_2, INGREDIENT * * param_3, undefined * param_4)
71000172e0	16	Shadow	mg1802::Mg1802ParfaitManager::Impl	d	a	1		undefined Shadow(Impl * this)
71000172f0	16	move	mg1802::Mg1802ParfaitManager::Impl::INGREDIENT	d	a	1		undefined move(INGREDIENT * this)
7100017300	16	Create	mg1802::Mg1802ParfaitManager::Impl::INGREDIENT	d	a	1		undefined Create(INGREDIENT * this, int param_1, undefined8 param_2, undefined * param_3)
7100017310	16	__push_back_slow_path<std::unique_ptr<mg1802::Mg1802ParfaitManager::Impl::INGREDIENT,std::default_delete<mg1802::Mg1802ParfaitManager::Impl::INGREDIENT>>>	std::vector<std::unique_ptr<mg1802::Mg1802ParfaitManager::Impl::INGREDIENT,std::default_delete<mg1802::Mg1802ParfaitManager::Impl::INGREDIENT>>,bex::HeapModule::Allocator_vector<std::unique_ptr<mg1802::Mg1802ParfaitManager::Impl::INGREDIENT,std::default_delete<mg1802::Mg1802ParfaitManager::Impl::INGREDIENT>>>>	d	a	1		void __push_back_slow_path<std::unique_ptr<mg1802::Mg1802ParfaitManager::Impl::INGREDIENT,std::default_delete<mg1802::Mg1802ParfaitManager::Impl::INGREDIENT>>>(vector<std::unique_ptr<mg1802::Mg1802ParfaitManager::Impl::INGREDIENT,std::default_delete<mg1802::Mg1802ParfaitManager::Impl::INGREDIENT>>,bex::HeapModule::Allocator_vector<std::unique_ptr<mg1802::Mg1802ParfaitManager::Impl::INGREDIENT,std::default_delete<mg1802::Mg1802ParfaitManager::Impl::INGREDIENT>>>> * this, long * param_1)
7100017320	16	HookGlass	mg1802::Mg1802StageManager	d	a	1		undefined HookGlass(long param_1, uint param_2, undefined8 param_3, ulong param_4, uint param_5)
7100017330	16	GetNumName	mg1802::util	d	a	1		undefined GetNumName(ulong * param_1, util * this, int param_3, undefined8 param_4, undefined * param_5)
7100017340	16	CreateMGModel	mg1802::util	d	a	1		MGModel * CreateMGModel(util * this, char * param_1)
7100017350	16	SetPosition	mg1802::Mg1802ParfaitManager::Impl::SHADOW	d	a	1		undefined SetPosition(SHADOW * this, undefined1[16] * param_1)
7100017360	16	StartHit	mg1802::Mg1802ParfaitManager::Impl::INGREDIENT	d	a	1		undefined StartHit(INGREDIENT * this)
7100017370	16	SetOpaque	<EXTERNAL>::bex::gfx::ComModelBuffer	d	a	1		undefined SetOpaque(float param_1)
7100017380	16	SetMiss	mg1802::Mg1802StageManager	d	a	1		undefined SetMiss(Mg1802StageManager * this, int param_1)
7100017390	16	ReadyOff	mg1802::Mg1802StageManager	d	a	1		undefined ReadyOff(Mg1802StageManager * this)
71000173a0	16	TimingTelop	mg1802::Mg1802PlayerManager	d	a	1		undefined TimingTelop(Mg1802PlayerManager * this, ulong param_1, uint param_2)
71000173b0	16	GetPositionGlass	mg1802::Mg1802StageManager	d	a	1		undefined1[16] GetPositionGlass(long param_1, int param_2, undefined8 param_3, undefined * param_4)
71000173c0	16	PlayHitEffect	mg1802::Mg1802PlayerManager	d	a	1		undefined PlayHitEffect(long param_1, ulong param_2)
71000173d0	16	IsAttached	<EXTERNAL>::bex::sound::SoundHandle	d	a	1		undefined IsAttached(void)
71000173e0	16	Stop_Preset	<EXTERNAL>::bex::sound::SoundHandle	d	a	1		undefined Stop_Preset(FadeTimePreset param_1)
71000173f0	16	GetJustWide	mg1802::Scene	d	a	1		undefined4 GetJustWide(Scene * this)
7100017400	16	GetHitWide	mg1802::Scene	d	a	1		undefined4 GetHitWide(Scene * this)
7100017410	16	operator.new	<EXTERNAL>	d	a	1		void * operator.new(ulong param_1)
7100017420	16	MoveJust	mg1802::Mg1802ParfaitManager::Impl::INGREDIENT	d	a	1		undefined1[16] MoveJust(float param_1, INGREDIENT * this)
7100017430	16	AddRotate	mg1802::Mg1802ParfaitManager::Impl::INGREDIENT	d	a	1		undefined AddRotate(undefined1[16] param_1, undefined1[16] param_2, undefined1[16] param_3, INGREDIENT * this, ulong param_5)
7100017440	16	GetQuaternionGlass	mg1802::Mg1802StageManager	d	a	1		undefined GetQuaternionGlass(undefined1[16] param_1_00, undefined1[16] param_2, undefined1[16] param_3, Mg1802StageManager * this, int param_5, undefined8 param_6, undefined * param_7)
7100017450	16	sqrtf		i	i	1		float sqrtf(float __x)
7100017460	16	MoveFailure	mg1802::Mg1802ParfaitManager::Impl::INGREDIENT	d	a	1		undefined1[16] MoveFailure(float param_1, INGREDIENT * this)
7100017470	16	MoveRot	mg1802::Mg1802ParfaitManager::Impl::INGREDIENT	d	a	1		undefined MoveRot(float param_1, INGREDIENT * this)
7100017480	16	IsThrowRot	mg1802::Scene	d	a	1		undefined1 IsThrowRot(Scene * this)
7100017490	16	MoveS2	mg1802::Mg1802ParfaitManager::Impl::INGREDIENT	d	a	1		undefined MoveS2(float param_1, INGREDIENT * this)
71000174a0	16	AddComponent<bex::sound::ComActor,,(void*)0>	nn::bezel::Entity	d	a	1		WeakHandle AddComponent<bex::sound::ComActor,,(void*)0>(long * param_1, HandlePtr * param_2)
71000174b0	16	PlayHook	<EXTERNAL>::bex::sound::ComActor	d	a	1		undefined PlayHook(char * param_1, float param_2, int param_3, Vector3f * param_4)
71000174c0	16	Create	<EXTERNAL>::bex::sound::ComActor	d	a	1		undefined Create(HandlePtr * param_1)
71000174d0	16	MoveS3	mg1802::Mg1802ParfaitManager::Impl::INGREDIENT	d	a	1		undefined1[16] MoveS3(float param_1, INGREDIENT * this)
71000174e0	16	GetJumpOrange	mg1802::Scene	d	a	1		undefined4 GetJumpOrange(Scene * this)
71000174f0	16	Mg1802ParfaitManager	mg1802::Mg1802ParfaitManager	d	a	1		undefined Mg1802ParfaitManager(Mg1802ParfaitManager * this)
7100017500	16	Impl	mg1802::Mg1802PlayerManager::Impl	d	a	1		undefined Impl(Impl * this)
7100017510	16	MGActorPlayer	<EXTERNAL>::ca::mg::MGActorPlayer	d	a	1		undefined MGActorPlayer(MGActorPlayer * this)
7100017520	16	~Mg1802PlayerManager	mg1802::Mg1802PlayerManager	d	a	1		undefined ~Mg1802PlayerManager(Mg1802PlayerManager * this)
7100017530	16	StartIdle	mg1802::Mg1802PlayerManager	d	a	1		undefined StartIdle(Mg1802PlayerManager * this)
7100017540	16	StartIdle	mg1802::Mg1802PlayerManager::Impl	d	a	1		undefined StartIdle(int param_1)
7100017550	16	TimingTelop	mg1802::Mg1802PlayerManager::Impl::PLAYER	d	a	1		undefined TimingTelop(PLAYER * this, uint param_1)
7100017560	16	~Impl	mg1802::Mg1802PlayerManager::Impl	d	a	1		undefined ~Impl(Impl * this)
7100017570	16	~MGActorPlayer	<EXTERNAL>::ca::mg::MGActorPlayer	d	a	1		undefined ~MGActorPlayer(MGActorPlayer * this)
7100017580	16	GetCharacterID	<EXTERNAL>::bq::PlayerWork	d	a	1		undefined GetCharacterID(void)
7100017590	16	GetPlayerType	<EXTERNAL>::bq::PlayerWork	d	a	1		undefined GetPlayerType(void)
71000175a0	16	CreateModel	mg1802::Mg1802PlayerManager::Impl::PLAYER	d	a	1		undefined CreateModel(PLAYER * this, uint * param_1)
71000175b0	16	StartHook	mg1802::Mg1802PlayerManager::Impl::PLAYER	d	a	1		undefined StartHook(PLAYER * this)
71000175c0	16	ResetCom	mg1802::Mg1802PlayerManager::Impl::PLAYER	d	a	1		undefined ResetCom(PLAYER * this)
71000175d0	16	Result	mg1802::Mg1802PlayerManager::Impl	d	a	1		undefined Result(Impl * this)
71000175e0	16	Update	mg1802::Mg1802PlayerManager::Impl	d	a	1		undefined Update(Impl * this)
71000175f0	16	ControlCom	mg1802::Mg1802PlayerManager::Impl::PLAYER	d	a	1		undefined ControlCom(PLAYER * this)
7100017600	16	DownTimer	mg1802::util	d	a	1		bool DownTimer(float * param_1)
7100017610	16	GetAcc	<EXTERNAL>::bex::InputModule	d	a	1		undefined GetAcc(PlayerID param_1)
7100017620	16	GetAcc	mg1802::Scene	d	a	1		undefined4 GetAcc(Scene * this)
7100017630	16	Play	<EXTERNAL>::ca::mg::MGModel	d	a	1		undefined Play(int param_1, char * param_2, float param_3, AnimationTransitionType param_4, bool param_5)
7100017640	16	getStaticTypeinfo	<EXTERNAL>::ca::mg::MGActorPlayer	d	a	1		undefined getStaticTypeinfo(void)
7100017650	16	GetPlayerIDName	mg1802::util	d	a	1		undefined GetPlayerIDName(long * param_1, util * this)
7100017660	16	CreatePlayerModel	mg1802::Mg1802PlayerManager::Impl::PLAYER	d	a	1		undefined CreatePlayerModel(PLAYER * this, byte * param_1, uint * param_2)
7100017670	16	CreateStickModel	mg1802::Mg1802PlayerManager::Impl::PLAYER	d	a	1		undefined CreateStickModel(PLAYER * this, byte * param_1)
7100017680	16	Create	<EXTERNAL>::ca::mg::MGActorPlayer	d	a	1		undefined Create(int param_1, WeakHandle * param_2)
7100017690	16	EnableControl	<EXTERNAL>::ca::mg::MGActorPlayer	d	a	1		undefined EnableControl(bool param_1)
71000176a0	16	SetPlayerEntity	<EXTERNAL>::ca::rm::RmGameWork	d	a	1		undefined SetPlayerEntity(int param_1, WeakHandle * param_2)
71000176b0	16	SetTranslation	<EXTERNAL>::ca::rm::RmPracticeArrowMan	d	a	1		undefined SetTranslation(int param_1, Vector3f * param_2, Quaternion * param_3)
71000176c0	16	SetPerfectTelopCustomizePos3d	<EXTERNAL>::ca::rm::RmUiTelopMan	d	a	1		undefined SetPerfectTelopCustomizePos3d(PERFECTTELOP_DISP_TYPE param_1, int param_2, Vector3f * param_3)
71000176d0	16	SyncRandF	<EXTERNAL>::bex::RandModule	d	a	1		undefined SyncRandF(void)
71000176e0	16	HitCom	mg1802::Mg1802PlayerManager::Impl::PLAYER	d	a	1		undefined HitCom(PLAYER * this, char * param_1)
71000176f0	16	ShowCommonEffect	<EXTERNAL>::ca::rm::util	d	a	1		undefined ShowCommonEffect(CMN_EFFECT_ID param_1, Vector3f * param_2)
7100017700	16	ShowTimingTelop	<EXTERNAL>::ca::rm::RmUiTelopMan	d	a	1		undefined ShowTimingTelop(PlayerID param_1, TIMING_TYPE param_2, Vector3f * param_3, float param_4)
7100017710	16	Start	<EXTERNAL>::ca::rm::RmStarEffectMan	d	a	1		undefined Start(Vector3f * param_1, float param_2, int param_3, int param_4)
7100017720	16	GetFxTrigger	<EXTERNAL>::ca::mg::MGModel	d	a	1		undefined GetFxTrigger(void)
7100017730	16	Play	<EXTERNAL>::bex::ComFxTrigger	d	a	1		undefined Play(basic_string_view * param_1)
7100017740	16	Mg1802PlayerManager	mg1802::Mg1802PlayerManager	d	a	1		undefined Mg1802PlayerManager(Mg1802PlayerManager * this)
7100017750	16	Scene	mg1802::Scene	d	a	1		undefined Scene(Scene * this)
7100017760	16	getStaticTypeinfo	<EXTERNAL>::ca::rm::RmMgSceneBase	d	a	1		undefined getStaticTypeinfo(void)
7100017770	16	Typeinfo	<EXTERNAL>::rtti::Typeinfo	d	a	1		undefined Typeinfo(Typeinfo * this, Typeinfo * param_1, char * param_2, char * param_3, _func_Property_ptr * param_4, _func_void_ptr * param_5, _func_void_void_ptr * param_6, uint param_7, uint param_8, _func_void_void_ptr_Property_ptr_PropertyList_ptr * param_9, _func_bool_void_ptr_Property_ptr_Typeinfo_ptr_uint * param_10)
7100017780	16	Property	<EXTERNAL>::rtti::Property	d	a	1		undefined Property(Property * this)
7100017790	16	checkGuiPropDefault	<EXTERNAL>::rtti::Typeinfo	d	a	1		undefined checkGuiPropDefault(void * param_1, Property * param_2, PropertyList * param_3)
71000177a0	16	createGuiPropDefault	<EXTERNAL>::rtti::Typeinfo	d	a	1		undefined createGuiPropDefault(void * param_1, Property * param_2, Typeinfo * param_3, uint param_4)
71000177b0	16	getStaticTypeinfo	<EXTERNAL>::bex::SceneParamBase	d	a	1		undefined getStaticTypeinfo(void)
71000177c0	16	Property	<EXTERNAL>::rtti::Property	d	a	1		undefined Property(Property * this, char * param_1, char * param_2, uint param_3, void * param_4, Type * param_5)
71000177d0	16	Property	<EXTERNAL>::rtti::Property	d	a	1		undefined Property(Property * this, char * param_1, char * param_2, uint param_3, void * param_4, Value * param_5, uint param_6, uchar param_7)
71000177e0	16	Property	<EXTERNAL>::rtti::Property	d	a	1		undefined Property(Property * this, char * param_1, char * param_2, uint param_3, void * param_4, Type * param_5, int param_6, int param_7, int param_8)
71000177f0	16	RmMgSceneBase	<EXTERNAL>::ca::rm::RmMgSceneBase	d	a	1		undefined RmMgSceneBase(RmMgSceneBase * this)
7100017800	16	SetScene	mg1802::util	d	a	1		undefined SetScene(undefined8 param_1)
7100017810	16	Reset	nn::bezel::HandleSource<bq::SceneBase>	d	a	1		undefined Reset(HandleSource<bq::SceneBase> * this, long param_1)
7100017820	16	SetupSceneHandle	<EXTERNAL>::ca::util	d	a	1		undefined SetupSceneHandle(WeakHandle param_1, bool param_2)
7100017830	16	LoadSceneNonPlayerCharacter	<EXTERNAL>::bq::CharacterDataModule	d	a	1		undefined LoadSceneNonPlayerCharacter(NonPlayerCharacterID param_1, bool param_2, bool param_3)
7100017840	16	WaitLightEvent	<EXTERNAL>::nn::os	d	a	1		undefined WaitLightEvent(LightEventType * param_1)
7100017850	16	SignalLightEvent	<EXTERNAL>::nn::os	d	a	1		undefined SignalLightEvent(LightEventType * param_1)
7100017860	16	Reserve	<EXTERNAL>::nn::bezel::detail::RcArena	d	a	1		undefined Reserve(void)
7100017870	16	~RmMgSceneBase	<EXTERNAL>::ca::rm::RmMgSceneBase	d	a	1		undefined ~RmMgSceneBase(RmMgSceneBase * this)
7100017880	16	~Scene	mg1802::Scene	d	a	1		undefined ~Scene(Scene * this)
7100017890	16	SetMgCustomizeModel	<EXTERNAL>::ca::rm::RmPracticeArrowMan	d	a	1		undefined SetMgCustomizeModel(basic_string_view * param_1)
71000178a0	16	SetupRhythm	mg1802::Scene	d	a	1		undefined SetupRhythm(Scene * this)
71000178b0	16	SetNextChartDataOffset	<EXTERNAL>::ca::rm::RmMgSceneBase	d	a	1		undefined SetNextChartDataOffset(int param_1)
71000178c0	16	Mg1802Sequence	mg1802::Mg1802Sequence	d	a	1		undefined Mg1802Sequence(Mg1802Sequence * this)
71000178d0	16	Setup	mg1802::Mg1802Sequence	d	a	1		undefined Setup(Mg1802Sequence * this)
71000178e0	16	SetStarTotalScore	<EXTERNAL>::ca::rm::RmUiStatusMan	d	a	1		undefined SetStarTotalScore(int param_1)
71000178f0	16	SetMainBeatType	<EXTERNAL>::ca::rm::RmMgSceneBase	d	a	1		undefined SetMainBeatType(BEAT_TYPE param_1)
7100017900	16	SetMainBgmName	<EXTERNAL>::ca::rm::RmMgSceneBase	d	a	1		undefined SetMainBgmName(basic_string_view * param_1)
7100017910	16	SetGameBgmName	<EXTERNAL>::ca::rm::RmMgSceneBase	d	a	1		undefined SetGameBgmName(basic_string_view * param_1)
7100017920	16	SetGameBgmFinName	<EXTERNAL>::ca::rm::RmMgSceneBase	d	a	1		undefined SetGameBgmFinName(basic_string_view * param_1)
7100017930	16	GetChartJson	mg1802::Scene	d	a	1		undefined GetChartJson(undefined8 * param_1)
7100017940	16	ReadChartData	<EXTERNAL>::ca::rm::RmChartDataMan	d	a	1		undefined ReadChartData(basic_string_view * param_1)
7100017950	16	SetStatusType	<EXTERNAL>::ca::rm::RmUiStatusMan	d	a	1		undefined SetStatusType(STATUS_TYPE param_1)
7100017960	16	OnRmGameStartAfter	mg1802::Mg1802Sequence	d	a	1		undefined8 OnRmGameStartAfter(Mg1802Sequence * this)
7100017970	16	TrigRmGameMainBgmPracticeStart	mg1802::Mg1802Sequence	d	a	1		undefined TrigRmGameMainBgmPracticeStart(Mg1802Sequence * this)
7100017980	16	TrigRmGameMainBgmTopStart	mg1802::Mg1802Sequence	d	a	1		undefined TrigRmGameMainBgmTopStart(void)
7100017990	16	OnRmGameMain	mg1802::Mg1802Sequence	d	a	1		undefined8 OnRmGameMain(Mg1802Sequence * this, undefined4 param_1)
71000179a0	16	TrigRmGameResultCaptureSetting	mg1802::Mg1802Sequence	d	a	1		undefined TrigRmGameResultCaptureSetting(Mg1802Sequence * this)
71000179b0	16	TrigRmGameEndingSetting	mg1802::Mg1802Sequence	d	a	1		undefined TrigRmGameEndingSetting(Mg1802Sequence * this)
71000179c0	16	OnRmRecieveBeatEntry	mg1802::Mg1802Sequence	d	a	1		undefined OnRmRecieveBeatEntry(Mg1802Sequence * this, undefined4 * param_1)
71000179d0	16	OnRmRecieveBeatNextEntry	mg1802::Mg1802Sequence	d	a	1		undefined OnRmRecieveBeatNextEntry(Mg1802Sequence * this, undefined4 * param_1)
71000179e0	16	TrigRmGameMainChartEnd	mg1802::Mg1802Sequence	d	a	1		undefined TrigRmGameMainChartEnd(Mg1802Sequence * this)
71000179f0	16	IsUseControlWipe	mg1802::Scene	d	a	1		undefined IsUseControlWipe(void)
7100017a00	16	IsControlWipeDisp	<EXTERNAL>::ca::rm::RmMgSceneBase	d	a	1		undefined IsControlWipeDisp(void)
7100017a10	16	GetResultStartRotate	mg1802::Scene	d	a	1		undefined4 GetResultStartRotate(Scene * this)
7100017a20	16	GetResultRotateSpeed	mg1802::Scene	d	a	1		undefined4 GetResultRotateSpeed(Scene * this)
7100017a30	16	GetRemixChartNo	<EXTERNAL>::ca::rm::RmGameWork	d	a	1		undefined GetRemixChartNo(void)
7100017a40	16	~Mg1802Sequence	mg1802::Mg1802Sequence	d	a	1		undefined ~Mg1802Sequence(Mg1802Sequence * this)
7100017a50	16	Setup	mg1802::Mg1802Sequence::Impl	d	a	1		undefined Setup(Impl * this)
7100017a60	16	Mg1802StageManager	mg1802::Mg1802StageManager	d	a	1		undefined Mg1802StageManager(Mg1802StageManager * this)
7100017a70	16	CheckOne	mg1802::util	d	a	1		bool CheckOne(char * param_1)
7100017a80	16	StartIdle	mg1802::Mg1802StageManager	d	a	1		undefined StartIdle(Mg1802StageManager * this)
7100017a90	16	Ready	mg1802::Mg1802StageManager	d	a	1		undefined Ready(Mg1802StageManager * this)
7100017aa0	16	~Impl	mg1802::Mg1802Sequence::Impl	d	a	1		undefined ~Impl(Impl * this)
7100017ab0	16	Impl	mg1802::Mg1802StageManager::Impl	d	a	1		undefined Impl(Impl * this)
7100017ac0	16	~Mg1802StageManager	mg1802::Mg1802StageManager	d	a	1		undefined ~Mg1802StageManager(Mg1802StageManager * this)
7100017ad0	16	HookGlass	mg1802::Mg1802StageManager::Impl	d	a	1		undefined HookGlass(Impl * this, uint param_1, undefined8 param_2, ulong param_3, uint param_4)
7100017ae0	16	GetGrassHookBone	mg1802::Mg1802StageManager::Impl	d	a	1		undefined GetGrassHookBone(ulong * param_1, long param_2, int param_3, undefined8 param_4, undefined * param_5)
7100017af0	16	GetBoneWorldMatrix	<EXTERNAL>::ca::mg::MGModel	d	a	1		undefined GetBoneWorldMatrix(basic_string_view * param_1)
7100017b00	16	StartCream	mg1802::Mg1802StageManager::Impl	d	a	1		undefined StartCream(Impl * this)
7100017b10	16	StartIdle	mg1802::Mg1802StageManager::Impl	d	a	1		undefined StartIdle(Impl * this)
7100017b20	16	SetAnimationSpeed	<EXTERNAL>::bex::Effect	d	a	1		undefined SetAnimationSpeed(float param_1)
7100017b30	16	Ready	mg1802::Mg1802StageManager::Impl	d	a	1		undefined Ready(Impl * this)
7100017b40	16	IsOutLineGuideDispEnable	<EXTERNAL>::ca::rm::RmGameWork	d	a	1		undefined IsOutLineGuideDispEnable(void)
7100017b50	16	~Impl	mg1802::Mg1802StageManager::Impl	d	a	1		undefined ~Impl(Impl * this)
7100017b60	16	Create	mg1802::Mg1802StageManager::Impl	d	a	1		undefined Create(long param_1)
7100017b70	16	StackCream	mg1802::Mg1802StageManager::Impl	d	a	1		undefined StackCream(Impl * this)
7100017b80	16	AddRotate	mg1802::util	d	a	1		float AddRotate(float param_1, float param_2)
7100017b90	16	ResultModel	mg1802::Mg1802StageManager::Impl	d	a	1		undefined ResultModel(long param_1)
7100017ba0	16	Result	mg1802::Mg1802StageManager::Impl::KOPENGUIN	d	a	1		undefined Result(KOPENGUIN * this)
7100017bb0	16	Update	mg1802::Mg1802StageManager::Impl	d	a	1		undefined Update(Impl * this)
7100017bc0	16	CreateCream	mg1802::Mg1802StageManager::Impl	d	a	1		undefined CreateCream(long param_1)
7100017bd0	16	CreateKopenguin	mg1802::Mg1802StageManager::Impl	d	a	1		undefined CreateKopenguin(long param_1, undefined8 param_2, char * * param_3, undefined * param_4)
7100017be0	16	Create	mg1802::Mg1802StageManager::Impl::KOPENGUIN	d	a	1		undefined Create(KOPENGUIN * this, ulong param_1, undefined8 param_2, undefined * param_3)
7100017bf0	16	CreateNPCModelNum	mg1802::util	d	a	1		MGModel * CreateNPCModelNum(util * param_1, undefined4 param_2, undefined8 param_3, undefined * param_4)
7100017c00	16	StopAllPlayingFxTrigger	<EXTERNAL>::bex::ComFxTrigger	d	a	1		undefined StopAllPlayingFxTrigger(void)
7100017c10	16	SetFrameMax	<EXTERNAL>::ca::mg::MGModel	d	a	1		undefined SetFrameMax(int param_1)
7100017c20	16	GetStarAchieveJudge	<EXTERNAL>::ca::rm::RmUiStatusMan	d	a	1		undefined GetStarAchieveJudge(void)
7100017c30	16	CreateSceneEntity	<EXTERNAL>::bq::SceneBase	d	a	1		undefined CreateSceneEntity(basic_string_view * param_1)
7100017c40	16	GetModelFileNameSub	mg1802::util	d	a	1		undefined GetModelFileNameSub(ulong * param_1_00, util * this, char * param_3)
7100017c50	16	CreateMGCommonModel	mg1802::util	d	a	1		MGModel * CreateMGCommonModel(char * param_1)
7100017c60	16	Create	<EXTERNAL>::ca::mg::MGModel	d	a	1		undefined Create(char * param_1)
7100017c70	16	CreateNPCModel	mg1802::util	d	a	1		MGModel * CreateNPCModel(char * param_1, undefined4 param_2)
7100017c80	16	GetMapFileName	mg1802::util	d	a	1		undefined GetMapFileName(ulong * param_1, util * this)
7100017c90	16	LoadNbmap	<EXTERNAL>::actor::Util	d	a	1		undefined LoadNbmap(HandlePtr * param_1, basic_string_view * param_2, bool param_3)
7100017ca0	16	GetDeltaTime	<EXTERNAL>::bex::MainModule	d	a	1		undefined GetDeltaTime(void)
7100017cb0	16	memcpy		i	i	1		void * memcpy(void * __dest, void * __src, size_t __n)
7100017cc0	16	Create	<EXTERNAL>::bex::Effect	d	a	1		undefined Create(basic_string_view * param_1)
710004a000	1	__nnmusl_init_dso	<EXTERNAL>	d	d	1		undefined __nnmusl_init_dso()
710004b000	1	ProtectRelro	nn::ro	a	a	0		undefined ProtectRelro(void * param_1, void * param_2, void * param_3, void * param_4, void * param_5)
710004c000	1	__nnmusl_fini_dso	<EXTERNAL>	d	d	1		undefined __nnmusl_fini_dso()
710004d000	1	__cxa_guard_acquire	<EXTERNAL>	d	d	1		undefined __cxa_guard_acquire()
710004f000	1	__cxa_guard_release	<EXTERNAL>	d	d	1		undefined __cxa_guard_release()
71000a6000	1	operator.new	<EXTERNAL>	d	a	1		void * operator.new(ulong param_1, ulong param_2, HeapID param_3)
71000a7000	1	Fiber	<EXTERNAL>::bex::Fiber	d	a	1		undefined Fiber(Fiber * this, int param_1, bool param_2)
71000a8000	1	AbortImpl	<EXTERNAL>::nn::diag::detail	d	a	1		undefined AbortImpl(void)
71000a9000	1	__cxa_begin_catch	<EXTERNAL>	d	d	1		undefined __cxa_begin_catch()
71000aa000	1	terminate	<EXTERNAL>::std	d	a	1		undefined terminate(void)
71000ab000	1	operator.delete	<EXTERNAL>	d	a	1		void operator.delete(void * param_1)
71000ac000	1	IsFinished	<EXTERNAL>::actor::ComActorMotion	d	a	1		undefined IsFinished(void)
71000ae000	1	GetCamera	<EXTERNAL>::nn::bezel::ComCamera	d	a	1		undefined GetCamera(void)
71000af000	1	~Fiber	<EXTERNAL>::bex::Fiber	d	a	1		undefined ~Fiber(Fiber * this)
71000b0000	1	SetVisible	<EXTERNAL>::ca::mg::MGModel	d	a	1		undefined SetVisible(bool param_1)
71000b1000	1	Wait	<EXTERNAL>::bex::Fiber	d	a	1		undefined Wait(void)
71000b2000	1	getStaticTypeinfo	<EXTERNAL>::bex::Fiber	d	a	1		undefined getStaticTypeinfo(void)
71000b3000	1	Free	<EXTERNAL>::bex::HeapModule	d	a	1		undefined Free(void * param_1)
71000b4000	1	GetMotion	<EXTERNAL>::bq::ComMatter	d	a	1		undefined GetMotion(void)
71000b5000	1	strlen	<EXTERNAL>	d	i	1		size_t strlen(char * __s)
71000b6000	1	Alloc	<EXTERNAL>::bex::HeapModule	d	a	1		undefined Alloc(HeapID param_1, ulong param_2, int param_3, char * param_4, int param_5, char * param_6, char * param_7)
71000b7000	1	memmove	<EXTERNAL>	d	i	1		void * memmove(void * __dest, void * __src, size_t __n)
71000b8000	1	AddAnimation	<EXTERNAL>::actor::ComActorMotion	d	a	1		undefined AddAnimation(StringViewHashPair * param_1, basic_string_view * param_2, bool param_3, AnimatinType param_4, bool param_5, bool param_6)
71000b9000	1	GetCamera	<EXTERNAL>::bq::ComMatter	d	a	1		undefined GetCamera(void)
71000bb000	1	GetDefaultGraphicsLayer	<EXTERNAL>::nn::bezel::GraphicsCoreModule	d	a	1		undefined GetDefaultGraphicsLayer(void)
71000bc000	1	SetCamera	<EXTERNAL>::nn::bezel::GraphicsLayer	d	a	1		undefined SetCamera(WeakHandle * param_1)
71000bd000	1	_internalCheckComponentValidity	<EXTERNAL>::nn::bezel::Entity	d	a	1		undefined _internalCheckComponentValidity(HandlePtr * param_1)
71000be000	1	AddComponentImpl	<EXTERNAL>::nn::bezel::Entity	d	a	1		undefined AddComponentImpl(HandlePtr * param_1)
71000bf000	1	Play	<EXTERNAL>::actor::ComActorMotion	d	a	1		undefined Play(StringViewHashPair * param_1)
71000c0000	1	GetFrameMax	<EXTERNAL>::actor::ComActorMotion	d	a	1		undefined GetFrameMax(void)
71000c1000	1	SetFrame	<EXTERNAL>::actor::ComActorMotion	d	a	1		undefined SetFrame(float param_1)
71000c2000	1	ComMatter	<EXTERNAL>::bq::ComMatter	d	a	1		undefined ComMatter(ComMatter * this, HandlePtr * param_1, MatterType param_2, bool param_3)
71000c3000	1	__cxa_allocate_exception	<EXTERNAL>	d	d	1		undefined __cxa_allocate_exception()
71000c4000	1	~length_error	<EXTERNAL>::std::length_error	d	a	1		undefined ~length_error(length_error * this)
71000c5000	1	__cxa_throw	<EXTERNAL>	d	d	1		undefined __cxa_throw()
71000c6000	1	__cxa_free_exception	<EXTERNAL>	d	d	1		undefined __cxa_free_exception()
71000c7000	1	_Unwind_Resume	<EXTERNAL>	d	d	1		undefined _Unwind_Resume()
71000c8000	1	logic_error	<EXTERNAL>::std::logic_error	d	a	1		undefined logic_error(logic_error * this, char * param_1)
71000ca000	1	~out_of_range	<EXTERNAL>::std::out_of_range	d	a	1		undefined ~out_of_range(out_of_range * this)
71000cd000	1	GetScene	<EXTERNAL>::bex::gfx::RendererModule	d	a	1		undefined GetScene(SceneType param_1)
71000ce000	1	GetGraphicsLayer	<EXTERNAL>::bex::gfx::Scene	d	a	1		undefined GetGraphicsLayer(int param_1)
71000cf000	1	SetDofEnable	<EXTERNAL>::bex::gfx::ComPosteffect	d	a	1		undefined SetDofEnable(bool param_1)
71000d0000	1	Allocate	<EXTERNAL>::nn::bezel::detail::TypeIdGenerator	d	a	1		undefined Allocate(TypeDesc * param_1)
71000d1000	1	Deallocate	<EXTERNAL>::nn::bezel::detail::TypeIdGenerator	d	a	1		undefined Deallocate(TypeDesc * param_1, int param_2)
71000d5000	1	Stop	<EXTERNAL>::bex::Effect	d	a	1		undefined Stop(bool param_1)
71000d6000	1	Detach	<EXTERNAL>::bex::Effect	d	a	1		undefined Detach(void)
71000d7000	1	SetVisible	<EXTERNAL>::bex::Effect	d	a	1		undefined SetVisible(bool param_1)
71000d8000	1	Start	<EXTERNAL>::bex::Effect	d	a	1		undefined Start(bool param_1)
71000d9000	1	SetPosition	<EXTERNAL>::bex::Effect	d	a	1		undefined SetPosition(Vector3f * param_1)
71000da000	1	Attach	<EXTERNAL>::bex::Effect	d	a	1		undefined Attach(WeakHandle * param_1, basic_string_view * param_2, int param_3)
71000db000	1	GetMainBeatType	<EXTERNAL>::ca::rm::RmMgSceneBase	d	a	1		undefined GetMainBeatType(void)
71000dc000	1	GetBeatToSec	<EXTERNAL>::ca::rm::snd	d	a	1		undefined GetBeatToSec(BEAT_TYPE param_1, int param_2, BGM_TYPE param_3)
71000dd000	1	GetBpm	<EXTERNAL>::ca::rm::RmGameWork	d	a	1		undefined GetBpm(void)
71000de000	1	fmodf	<EXTERNAL>	d	i	1		float fmodf(float __x, float __y)
71000e0000	1	Play	<EXTERNAL>::bex::sound::SoundModule	d	a	1		undefined Play(char * param_1, float param_2, char * param_3)
71000e1000	1	WriteLocalVariable	<EXTERNAL>::bex::sound::SoundHandle	d	a	1		undefined WriteLocalVariable(int param_1, int param_2)
71000e2000	1	Play3D	<EXTERNAL>::bex::sound::SoundModule	d	a	1		undefined Play3D(char * param_1, Vector3f * param_2, float param_3)
71000e3000	1	sinf	<EXTERNAL>	d	i	1		float sinf(float __x)
71000e4000	1	GetDataSize	<EXTERNAL>::ca::rm::RmChartDataMan	d	a	1		undefined GetDataSize(void)
71000e5000	1	GetItemStr	<EXTERNAL>::ca::rm::RmChartDataMan	d	a	1		undefined GetItemStr(int param_1, int param_2)
71000e6000	1	memchr	<EXTERNAL>	d	i	1		void * memchr(void * __s, int __c, size_t __n)
71000e7000	1	memcmp	<EXTERNAL>	d	i	1		int memcmp(void * __s1, void * __s2, size_t __n)
71000e8000	1	GetPlayers	<EXTERNAL>::bq::WorkModule	d	a	1		undefined GetPlayers(void)
71000e9000	1	GetPlayerList	<EXTERNAL>::bq::PlayerWorkHolder	d	a	1		undefined GetPlayerList(PlayerListSortBy param_1)
71000ea000	1	GetPlayerID	<EXTERNAL>::bq::PlayerWork	d	a	1		undefined GetPlayerID(void)
71000eb000	1	SetPersonalPlayNum	<EXTERNAL>::ca::rm::RmUiStatusMan	d	a	1		undefined SetPersonalPlayNum(PlayerID param_1, int param_2)
71000ec000	1	atoi	<EXTERNAL>	d	i	1		int atoi(char * __nptr)
71000ed000	1	atof	<EXTERNAL>	d	i	1		double atof(char * __nptr)
71000ee000	1	IsCurrentMotion	<EXTERNAL>::ca::mg::MGModel	d	a	1		undefined IsCurrentMotion(int param_1, char * param_2)
71000ef000	1	Play	<EXTERNAL>::ca::mg::MGModel	d	a	1		undefined Play(int param_1, char * param_2, bool param_3)
71000f0000	1	SetSpeed	<EXTERNAL>::ca::mg::MGModel	d	a	1		undefined SetSpeed(int param_1, float param_2)
71000f1000	1	GetEntity	<EXTERNAL>::ca::mg::MGModel	d	a	1		undefined GetEntity(void)
71000f2000	1	SetAttachOffsetRotation	<EXTERNAL>::ca::mg::MGModel	d	a	1		undefined SetAttachOffsetRotation(Vector3f * param_1)
71000f3000	1	SetAttachOffsetTranslation	<EXTERNAL>::ca::mg::MGModel	d	a	1		undefined SetAttachOffsetTranslation(Vector3f * param_1)
71000f4000	1	Hook	<EXTERNAL>::ca::mg::MGModel	d	a	1		undefined Hook(char * param_1, WeakHandle * param_2)
71000f5000	1	SetAttachMode	<EXTERNAL>::ca::mg::MGModel	d	a	1		undefined SetAttachMode(bool param_1, bool param_2, bool param_3)
71000f6000	1	GetBoneWorldPosition	<EXTERNAL>::ca::mg::MGModel	d	a	1		undefined GetBoneWorldPosition(basic_string_view * param_1)
71000f7000	1	ClearStack	<EXTERNAL>::ca::mg::MGModel	d	a	1		undefined ClearStack(int param_1)
71000f8000	1	IsPlay	<EXTERNAL>::ca::mg::MGModel	d	a	1		undefined IsPlay(int param_1, char * param_2)
71000f9000	1	GetFrameLength	<EXTERNAL>::ca::mg::MGModel	d	a	1		undefined GetFrameLength(int param_1)
71000fa000	1	SetFrame	<EXTERNAL>::ca::mg::MGModel	d	a	1		undefined SetFrame(int param_1, float param_2)
71000fb000	1	SetupMotion	<EXTERNAL>::ca::mg::MGModel	d	a	1		undefined SetupMotion(int param_1)
71000fc000	1	AddMotion	<EXTERNAL>::ca::mg::MGModel	d	a	1		undefined AddMotion(char * param_1, char * param_2, AnimatinType param_3, bool param_4, bool param_5)
71000fd000	1	SetPlayParam	<EXTERNAL>::ca::mg::MGModel	d	a	1		undefined SetPlayParam(char * param_1, bool param_2, float param_3, AnimationTransitionType param_4)
71000fe000	1	MGModel	<EXTERNAL>::ca::mg::MGModel	d	a	1		undefined MGModel(MGModel * this)
71000ff000	1	RegisterEntity	<EXTERNAL>::ca::mg::MGModel	d	a	1		undefined RegisterEntity(HandlePtr * param_1)
