addr	size	name	namespace	namesrc	sigsrc	thunk	tags	signature
7100100018	36	~__shared_ptr_pointer	std::__shared_ptr_pointer<bq::act::FiberManHolder<bd01::event::Map01_BoardInstOpening>*,std::shared_ptr<bq::act::Base>::__shared_ptr_default_delete<bq::act::Base,bq::act::FiberManHolder<bd01::event::Map01_BoardInstOpening>>,std::allocator<bq::act::FiberManHolder<bd01::event::Map01_BoardInstOpening>>>	a	a	0		undefined ~__shared_ptr_pointer(__shared_ptr_pointer<bq::act::FiberManHolder<bd01::event::Map01_BoardInstOpening>*,std::shared_ptr<bq::act::Base>::__shared_ptr_default_delete<bq::act::Base,bq::act::FiberManHolder<bd01::event::Map01_BoardInstOpening>>,std::allocator<bq::act::FiberManHolder<bd01::event::Map01_BoardInstOpening>>> * this)
710010003c	24	__on_zero_shared	std::__shared_ptr_pointer<bq::act::FiberManHolder<bd01::event::Map01_BoardInstOpening>*,std::shared_ptr<bq::act::Base>::__shared_ptr_default_delete<bq::act::Base,bq::act::FiberManHolder<bd01::event::Map01_BoardInstOpening>>,std::allocator<bq::act::FiberManHolder<bd01::event::Map01_BoardInstOpening>>>	a	a	0		undefined __on_zero_shared(__shared_ptr_pointer<bq::act::FiberManHolder<bd01::event::Map01_BoardInstOpening>*,std::shared_ptr<bq::act::Base>::__shared_ptr_default_delete<bq::act::Base,bq::act::FiberManHolder<bd01::event::Map01_BoardInstOpening>>,std::allocator<bq::act::FiberManHolder<bd01::event::Map01_BoardInstOpening>>> * this)
7100100054	4	__on_zero_shared_weak	std::__shared_ptr_pointer<bq::act::FiberManHolder<bd01::event::Map01_BoardInstOpening>*,std::shared_ptr<bq::act::Base>::__shared_ptr_default_delete<bq::act::Base,bq::act::FiberManHolder<bd01::event::Map01_BoardInstOpening>>,std::allocator<bq::act::FiberManHolder<bd01::event::Map01_BoardInstOpening>>>	a	a	0		undefined __on_zero_shared_weak(__shared_ptr_pointer<bq::act::FiberManHolder<bd01::event::Map01_BoardInstOpening>*,std::shared_ptr<bq::act::Base>::__shared_ptr_default_delete<bq::act::Base,bq::act::FiberManHolder<bd01::event::Map01_BoardInstOpening>>,std::allocator<bq::act::FiberManHolder<bd01::event::Map01_BoardInstOpening>>> * this)
7100100060	96	~FiberManHolder	bq::act::FiberManHolder<bd01::event::Map01_BoardInstOpening>	a	a	0		undefined ~FiberManHolder(FiberManHolder<bd01::event::Map01_BoardInstOpening> * this)
71001000c0	108	~FiberManHolder	bq::act::FiberManHolder<bd01::event::Map01_BoardInstOpening>	a	a	0		undefined ~FiberManHolder(FiberManHolder<bd01::event::Map01_BoardInstOpening> * this)
710010012c	32	IsProc	bq::act::FiberManHolder<bd01::event::Map01_BoardInstOpening>	a	a	0		uint IsProc(void)
710010014c	12	IsObject	bq::act::FiberManHolder<bd01::event::Map01_BoardInstOpening>	a	a	0		undefined IsObject(long param_1)
7100100158	8	SetPauseLevel	bq::act::FiberManHolder<bd01::event::Map01_BoardInstOpening>	a	a	0		undefined SetPauseLevel(long param_1)
7100100160	36	~__shared_ptr_pointer	std::__shared_ptr_pointer<bd01::event::Map01_BoardInstOpening*,std::shared_ptr<bd01::event::Map01_BoardInstOpening>::__shared_ptr_default_delete<bd01::event::Map01_BoardInstOpening,bd01::event::Map01_BoardInstOpening>,std::allocator<bd01::event::Map01_BoardInstOpening>>	a	a	0		undefined ~__shared_ptr_pointer(__shared_ptr_pointer<bd01::event::Map01_BoardInstOpening*,std::shared_ptr<bd01::event::Map01_BoardInstOpening>::__shared_ptr_default_delete<bd01::event::Map01_BoardInstOpening,bd01::event::Map01_BoardInstOpening>,std::allocator<bd01::event::Map01_BoardInstOpening>> * this)
7100100184	24	__on_zero_shared	std::__shared_ptr_pointer<bd01::event::Map01_BoardInstOpening*,std::shared_ptr<bd01::event::Map01_BoardInstOpening>::__shared_ptr_default_delete<bd01::event::Map01_BoardInstOpening,bd01::event::Map01_BoardInstOpening>,std::allocator<bd01::event::Map01_BoardInstOpening>>	a	a	0		undefined __on_zero_shared(__shared_ptr_pointer<bd01::event::Map01_BoardInstOpening*,std::shared_ptr<bd01::event::Map01_BoardInstOpening>::__shared_ptr_default_delete<bd01::event::Map01_BoardInstOpening,bd01::event::Map01_BoardInstOpening>,std::allocator<bd01::event::Map01_BoardInstOpening>> * this)
710010019c	4	__on_zero_shared_weak	std::__shared_ptr_pointer<bd01::event::Map01_BoardInstOpening*,std::shared_ptr<bd01::event::Map01_BoardInstOpening>::__shared_ptr_default_delete<bd01::event::Map01_BoardInstOpening,bd01::event::Map01_BoardInstOpening>,std::allocator<bd01::event::Map01_BoardInstOpening>>	a	a	0		undefined __on_zero_shared_weak(__shared_ptr_pointer<bd01::event::Map01_BoardInstOpening*,std::shared_ptr<bd01::event::Map01_BoardInstOpening>::__shared_ptr_default_delete<bd01::event::Map01_BoardInstOpening,bd01::event::Map01_BoardInstOpening>,std::allocator<bd01::event::Map01_BoardInstOpening>> * this)
71001001a0	292	AddFiber<bd01::event::Map02_BoardInstOpening>	bq::act::Man	a	a	0		weak_ptr AddFiber<bd01::event::Map02_BoardInstOpening>(long * param_1_00, long * param_2, long param_3)
7100100308	36	~__shared_ptr_pointer	std::__shared_ptr_pointer<bq::act::FiberManHolder<bd01::event::Map02_BoardInstOpening>*,std::shared_ptr<bq::act::Base>::__shared_ptr_default_delete<bq::act::Base,bq::act::FiberManHolder<bd01::event::Map02_BoardInstOpening>>,std::allocator<bq::act::FiberManHolder<bd01::event::Map02_BoardInstOpening>>>	a	a	0		undefined ~__shared_ptr_pointer(__shared_ptr_pointer<bq::act::FiberManHolder<bd01::event::Map02_BoardInstOpening>*,std::shared_ptr<bq::act::Base>::__shared_ptr_default_delete<bq::act::Base,bq::act::FiberManHolder<bd01::event::Map02_BoardInstOpening>>,std::allocator<bq::act::FiberManHolder<bd01::event::Map02_BoardInstOpening>>> * this)
710010032c	24	__on_zero_shared	std::__shared_ptr_pointer<bq::act::FiberManHolder<bd01::event::Map02_BoardInstOpening>*,std::shared_ptr<bq::act::Base>::__shared_ptr_default_delete<bq::act::Base,bq::act::FiberManHolder<bd01::event::Map02_BoardInstOpening>>,std::allocator<bq::act::FiberManHolder<bd01::event::Map02_BoardInstOpening>>>	a	a	0		undefined __on_zero_shared(__shared_ptr_pointer<bq::act::FiberManHolder<bd01::event::Map02_BoardInstOpening>*,std::shared_ptr<bq::act::Base>::__shared_ptr_default_delete<bq::act::Base,bq::act::FiberManHolder<bd01::event::Map02_BoardInstOpening>>,std::allocator<bq::act::FiberManHolder<bd01::event::Map02_BoardInstOpening>>> * this)
7100100344	4	__on_zero_shared_weak	std::__shared_ptr_pointer<bq::act::FiberManHolder<bd01::event::Map02_BoardInstOpening>*,std::shared_ptr<bq::act::Base>::__shared_ptr_default_delete<bq::act::Base,bq::act::FiberManHolder<bd01::event::Map02_BoardInstOpening>>,std::allocator<bq::act::FiberManHolder<bd01::event::Map02_BoardInstOpening>>>	a	a	0		undefined __on_zero_shared_weak(__shared_ptr_pointer<bq::act::FiberManHolder<bd01::event::Map02_BoardInstOpening>*,std::shared_ptr<bq::act::Base>::__shared_ptr_default_delete<bq::act::Base,bq::act::FiberManHolder<bd01::event::Map02_BoardInstOpening>>,std::allocator<bq::act::FiberManHolder<bd01::event::Map02_BoardInstOpening>>> * this)
7100100350	96	~FiberManHolder	bq::act::FiberManHolder<bd01::event::Map02_BoardInstOpening>	a	a	0		undefined ~FiberManHolder(FiberManHolder<bd01::event::Map02_BoardInstOpening> * this)
71001003b0	108	~FiberManHolder	bq::act::FiberManHolder<bd01::event::Map02_BoardInstOpening>	a	a	0		undefined ~FiberManHolder(FiberManHolder<bd01::event::Map02_BoardInstOpening> * this)
710010041c	32	IsProc	bq::act::FiberManHolder<bd01::event::Map02_BoardInstOpening>	a	a	0		uint IsProc(void)
710010043c	12	IsObject	bq::act::FiberManHolder<bd01::event::Map02_BoardInstOpening>	a	a	0		undefined IsObject(long param_1)
7100100448	8	SetPauseLevel	bq::act::FiberManHolder<bd01::event::Map02_BoardInstOpening>	a	a	0		undefined SetPauseLevel(long param_1)
7100100450	36	~__shared_ptr_pointer	std::__shared_ptr_pointer<bd01::event::Map02_BoardInstOpening*,std::shared_ptr<bd01::event::Map02_BoardInstOpening>::__shared_ptr_default_delete<bd01::event::Map02_BoardInstOpening,bd01::event::Map02_BoardInstOpening>,std::allocator<bd01::event::Map02_BoardInstOpening>>	a	a	0		undefined ~__shared_ptr_pointer(__shared_ptr_pointer<bd01::event::Map02_BoardInstOpening*,std::shared_ptr<bd01::event::Map02_BoardInstOpening>::__shared_ptr_default_delete<bd01::event::Map02_BoardInstOpening,bd01::event::Map02_BoardInstOpening>,std::allocator<bd01::event::Map02_BoardInstOpening>> * this)
7100100474	24	__on_zero_shared	std::__shared_ptr_pointer<bd01::event::Map02_BoardInstOpening*,std::shared_ptr<bd01::event::Map02_BoardInstOpening>::__shared_ptr_default_delete<bd01::event::Map02_BoardInstOpening,bd01::event::Map02_BoardInstOpening>,std::allocator<bd01::event::Map02_BoardInstOpening>>	a	a	0		undefined __on_zero_shared(__shared_ptr_pointer<bd01::event::Map02_BoardInstOpening*,std::shared_ptr<bd01::event::Map02_BoardInstOpening>::__shared_ptr_default_delete<bd01::event::Map02_BoardInstOpening,bd01::event::Map02_BoardInstOpening>,std::allocator<bd01::event::Map02_BoardInstOpening>> * this)
710010048c	4	__on_zero_shared_weak	std::__shared_ptr_pointer<bd01::event::Map02_BoardInstOpening*,std::shared_ptr<bd01::event::Map02_BoardInstOpening>::__shared_ptr_default_delete<bd01::event::Map02_BoardInstOpening,bd01::event::Map02_BoardInstOpening>,std::allocator<bd01::event::Map02_BoardInstOpening>>	a	a	0		undefined __on_zero_shared_weak(__shared_ptr_pointer<bd01::event::Map02_BoardInstOpening*,std::shared_ptr<bd01::event::Map02_BoardInstOpening>::__shared_ptr_default_delete<bd01::event::Map02_BoardInstOpening,bd01::event::Map02_BoardInstOpening>,std::allocator<bd01::event::Map02_BoardInstOpening>> * this)
7100100490	292	AddFiber<bd01::event::Map03_BoardInstOpening>	bq::act::Man	a	a	0		weak_ptr AddFiber<bd01::event::Map03_BoardInstOpening>(long * param_1_00, long * param_2, long param_3)
71001005f8	36	~__shared_ptr_pointer	std::__shared_ptr_pointer<bq::act::FiberManHolder<bd01::event::Map03_BoardInstOpening>*,std::shared_ptr<bq::act::Base>::__shared_ptr_default_delete<bq::act::Base,bq::act::FiberManHolder<bd01::event::Map03_BoardInstOpening>>,std::allocator<bq::act::FiberManHolder<bd01::event::Map03_BoardInstOpening>>>	a	a	0		undefined ~__shared_ptr_pointer(__shared_ptr_pointer<bq::act::FiberManHolder<bd01::event::Map03_BoardInstOpening>*,std::shared_ptr<bq::act::Base>::__shared_ptr_default_delete<bq::act::Base,bq::act::FiberManHolder<bd01::event::Map03_BoardInstOpening>>,std::allocator<bq::act::FiberManHolder<bd01::event::Map03_BoardInstOpening>>> * this)
710010061c	24	__on_zero_shared	std::__shared_ptr_pointer<bq::act::FiberManHolder<bd01::event::Map03_BoardInstOpening>*,std::shared_ptr<bq::act::Base>::__shared_ptr_default_delete<bq::act::Base,bq::act::FiberManHolder<bd01::event::Map03_BoardInstOpening>>,std::allocator<bq::act::FiberManHolder<bd01::event::Map03_BoardInstOpening>>>	a	a	0		undefined __on_zero_shared(__shared_ptr_pointer<bq::act::FiberManHolder<bd01::event::Map03_BoardInstOpening>*,std::shared_ptr<bq::act::Base>::__shared_ptr_default_delete<bq::act::Base,bq::act::FiberManHolder<bd01::event::Map03_BoardInstOpening>>,std::allocator<bq::act::FiberManHolder<bd01::event::Map03_BoardInstOpening>>> * this)
7100100634	4	__on_zero_shared_weak	std::__shared_ptr_pointer<bq::act::FiberManHolder<bd01::event::Map03_BoardInstOpening>*,std::shared_ptr<bq::act::Base>::__shared_ptr_default_delete<bq::act::Base,bq::act::FiberManHolder<bd01::event::Map03_BoardInstOpening>>,std::allocator<bq::act::FiberManHolder<bd01::event::Map03_BoardInstOpening>>>	a	a	0		undefined __on_zero_shared_weak(__shared_ptr_pointer<bq::act::FiberManHolder<bd01::event::Map03_BoardInstOpening>*,std::shared_ptr<bq::act::Base>::__shared_ptr_default_delete<bq::act::Base,bq::act::FiberManHolder<bd01::event::Map03_BoardInstOpening>>,std::allocator<bq::act::FiberManHolder<bd01::event::Map03_BoardInstOpening>>> * this)
7100100640	96	~FiberManHolder	bq::act::FiberManHolder<bd01::event::Map03_BoardInstOpening>	a	a	0		undefined ~FiberManHolder(FiberManHolder<bd01::event::Map03_BoardInstOpening> * this)
71001006a0	108	~FiberManHolder	bq::act::FiberManHolder<bd01::event::Map03_BoardInstOpening>	a	a	0		undefined ~FiberManHolder(FiberManHolder<bd01::event::Map03_BoardInstOpening> * this)
710010070c	32	IsProc	bq::act::FiberManHolder<bd01::event::Map03_BoardInstOpening>	a	a	0		uint IsProc(void)
710010072c	12	IsObject	bq::act::FiberManHolder<bd01::event::Map03_BoardInstOpening>	a	a	0		undefined IsObject(long param_1)
7100100738	8	SetPauseLevel	bq::act::FiberManHolder<bd01::event::Map03_BoardInstOpening>	a	a	0		undefined SetPauseLevel(long param_1)
7100100740	36	~__shared_ptr_pointer	std::__shared_ptr_pointer<bd01::event::Map03_BoardInstOpening*,std::shared_ptr<bd01::event::Map03_BoardInstOpening>::__shared_ptr_default_delete<bd01::event::Map03_BoardInstOpening,bd01::event::Map03_BoardInstOpening>,std::allocator<bd01::event::Map03_BoardInstOpening>>	a	a	0		undefined ~__shared_ptr_pointer(__shared_ptr_pointer<bd01::event::Map03_BoardInstOpening*,std::shared_ptr<bd01::event::Map03_BoardInstOpening>::__shared_ptr_default_delete<bd01::event::Map03_BoardInstOpening,bd01::event::Map03_BoardInstOpening>,std::allocator<bd01::event::Map03_BoardInstOpening>> * this)
7100100764	24	__on_zero_shared	std::__shared_ptr_pointer<bd01::event::Map03_BoardInstOpening*,std::shared_ptr<bd01::event::Map03_BoardInstOpening>::__shared_ptr_default_delete<bd01::event::Map03_BoardInstOpening,bd01::event::Map03_BoardInstOpening>,std::allocator<bd01::event::Map03_BoardInstOpening>>	a	a	0		undefined __on_zero_shared(__shared_ptr_pointer<bd01::event::Map03_BoardInstOpening*,std::shared_ptr<bd01::event::Map03_BoardInstOpening>::__shared_ptr_default_delete<bd01::event::Map03_BoardInstOpening,bd01::event::Map03_BoardInstOpening>,std::allocator<bd01::event::Map03_BoardInstOpening>> * this)
710010077c	4	__on_zero_shared_weak	std::__shared_ptr_pointer<bd01::event::Map03_BoardInstOpening*,std::shared_ptr<bd01::event::Map03_BoardInstOpening>::__shared_ptr_default_delete<bd01::event::Map03_BoardInstOpening,bd01::event::Map03_BoardInstOpening>,std::allocator<bd01::event::Map03_BoardInstOpening>>	a	a	0		undefined __on_zero_shared_weak(__shared_ptr_pointer<bd01::event::Map03_BoardInstOpening*,std::shared_ptr<bd01::event::Map03_BoardInstOpening>::__shared_ptr_default_delete<bd01::event::Map03_BoardInstOpening,bd01::event::Map03_BoardInstOpening>,std::allocator<bd01::event::Map03_BoardInstOpening>> * this)
7100100780	292	AddFiber<bd01::event::Map04_BoardInstOpening>	bq::act::Man	a	a	0		weak_ptr AddFiber<bd01::event::Map04_BoardInstOpening>(long * param_1_00, long * param_2, long param_3)
71001008e8	36	~__shared_ptr_pointer	std::__shared_ptr_pointer<bq::act::FiberManHolder<bd01::event::Map04_BoardInstOpening>*,std::shared_ptr<bq::act::Base>::__shared_ptr_default_delete<bq::act::Base,bq::act::FiberManHolder<bd01::event::Map04_BoardInstOpening>>,std::allocator<bq::act::FiberManHolder<bd01::event::Map04_BoardInstOpening>>>	a	a	0		undefined ~__shared_ptr_pointer(__shared_ptr_pointer<bq::act::FiberManHolder<bd01::event::Map04_BoardInstOpening>*,std::shared_ptr<bq::act::Base>::__shared_ptr_default_delete<bq::act::Base,bq::act::FiberManHolder<bd01::event::Map04_BoardInstOpening>>,std::allocator<bq::act::FiberManHolder<bd01::event::Map04_BoardInstOpening>>> * this)
710010090c	24	__on_zero_shared	std::__shared_ptr_pointer<bq::act::FiberManHolder<bd01::event::Map04_BoardInstOpening>*,std::shared_ptr<bq::act::Base>::__shared_ptr_default_delete<bq::act::Base,bq::act::FiberManHolder<bd01::event::Map04_BoardInstOpening>>,std::allocator<bq::act::FiberManHolder<bd01::event::Map04_BoardInstOpening>>>	a	a	0		undefined __on_zero_shared(__shared_ptr_pointer<bq::act::FiberManHolder<bd01::event::Map04_BoardInstOpening>*,std::shared_ptr<bq::act::Base>::__shared_ptr_default_delete<bq::act::Base,bq::act::FiberManHolder<bd01::event::Map04_BoardInstOpening>>,std::allocator<bq::act::FiberManHolder<bd01::event::Map04_BoardInstOpening>>> * this)
7100100924	4	__on_zero_shared_weak	std::__shared_ptr_pointer<bq::act::FiberManHolder<bd01::event::Map04_BoardInstOpening>*,std::shared_ptr<bq::act::Base>::__shared_ptr_default_delete<bq::act::Base,bq::act::FiberManHolder<bd01::event::Map04_BoardInstOpening>>,std::allocator<bq::act::FiberManHolder<bd01::event::Map04_BoardInstOpening>>>	a	a	0		undefined __on_zero_shared_weak(__shared_ptr_pointer<bq::act::FiberManHolder<bd01::event::Map04_BoardInstOpening>*,std::shared_ptr<bq::act::Base>::__shared_ptr_default_delete<bq::act::Base,bq::act::FiberManHolder<bd01::event::Map04_BoardInstOpening>>,std::allocator<bq::act::FiberManHolder<bd01::event::Map04_BoardInstOpening>>> * this)
7100100930	96	~FiberManHolder	bq::act::FiberManHolder<bd01::event::Map04_BoardInstOpening>	a	a	0		undefined ~FiberManHolder(FiberManHolder<bd01::event::Map04_BoardInstOpening> * this)
7100100990	108	~FiberManHolder	bq::act::FiberManHolder<bd01::event::Map04_BoardInstOpening>	a	a	0		undefined ~FiberManHolder(FiberManHolder<bd01::event::Map04_BoardInstOpening> * this)
71001009fc	32	IsProc	bq::act::FiberManHolder<bd01::event::Map04_BoardInstOpening>	a	a	0		uint IsProc(void)
7100100a1c	12	IsObject	bq::act::FiberManHolder<bd01::event::Map04_BoardInstOpening>	a	a	0		undefined IsObject(long param_1)
7100100a28	8	SetPauseLevel	bq::act::FiberManHolder<bd01::event::Map04_BoardInstOpening>	a	a	0		undefined SetPauseLevel(long param_1)
7100100a30	36	~__shared_ptr_pointer	std::__shared_ptr_pointer<bd01::event::Map04_BoardInstOpening*,std::shared_ptr<bd01::event::Map04_BoardInstOpening>::__shared_ptr_default_delete<bd01::event::Map04_BoardInstOpening,bd01::event::Map04_BoardInstOpening>,std::allocator<bd01::event::Map04_BoardInstOpening>>	a	a	0		undefined ~__shared_ptr_pointer(__shared_ptr_pointer<bd01::event::Map04_BoardInstOpening*,std::shared_ptr<bd01::event::Map04_BoardInstOpening>::__shared_ptr_default_delete<bd01::event::Map04_BoardInstOpening,bd01::event::Map04_BoardInstOpening>,std::allocator<bd01::event::Map04_BoardInstOpening>> * this)
7100100a54	24	__on_zero_shared	std::__shared_ptr_pointer<bd01::event::Map04_BoardInstOpening*,std::shared_ptr<bd01::event::Map04_BoardInstOpening>::__shared_ptr_default_delete<bd01::event::Map04_BoardInstOpening,bd01::event::Map04_BoardInstOpening>,std::allocator<bd01::event::Map04_BoardInstOpening>>	a	a	0		undefined __on_zero_shared(__shared_ptr_pointer<bd01::event::Map04_BoardInstOpening*,std::shared_ptr<bd01::event::Map04_BoardInstOpening>::__shared_ptr_default_delete<bd01::event::Map04_BoardInstOpening,bd01::event::Map04_BoardInstOpening>,std::allocator<bd01::event::Map04_BoardInstOpening>> * this)
7100100a6c	4	__on_zero_shared_weak	std::__shared_ptr_pointer<bd01::event::Map04_BoardInstOpening*,std::shared_ptr<bd01::event::Map04_BoardInstOpening>::__shared_ptr_default_delete<bd01::event::Map04_BoardInstOpening,bd01::event::Map04_BoardInstOpening>,std::allocator<bd01::event::Map04_BoardInstOpening>>	a	a	0		undefined __on_zero_shared_weak(__shared_ptr_pointer<bd01::event::Map04_BoardInstOpening*,std::shared_ptr<bd01::event::Map04_BoardInstOpening>::__shared_ptr_default_delete<bd01::event::Map04_BoardInstOpening,bd01::event::Map04_BoardInstOpening>,std::allocator<bd01::event::Map04_BoardInstOpening>> * this)
7100100a70	292	AddFiber<bd01::event::Map05_BoardInstOpening>	bq::act::Man	a	a	0		weak_ptr AddFiber<bd01::event::Map05_BoardInstOpening>(long * param_1_00, long * param_2, long param_3)
7100100bd8	36	~__shared_ptr_pointer	std::__shared_ptr_pointer<bq::act::FiberManHolder<bd01::event::Map05_BoardInstOpening>*,std::shared_ptr<bq::act::Base>::__shared_ptr_default_delete<bq::act::Base,bq::act::FiberManHolder<bd01::event::Map05_BoardInstOpening>>,std::allocator<bq::act::FiberManHolder<bd01::event::Map05_BoardInstOpening>>>	a	a	0		undefined ~__shared_ptr_pointer(__shared_ptr_pointer<bq::act::FiberManHolder<bd01::event::Map05_BoardInstOpening>*,std::shared_ptr<bq::act::Base>::__shared_ptr_default_delete<bq::act::Base,bq::act::FiberManHolder<bd01::event::Map05_BoardInstOpening>>,std::allocator<bq::act::FiberManHolder<bd01::event::Map05_BoardInstOpening>>> * this)
7100100bfc	24	__on_zero_shared	std::__shared_ptr_pointer<bq::act::FiberManHolder<bd01::event::Map05_BoardInstOpening>*,std::shared_ptr<bq::act::Base>::__shared_ptr_default_delete<bq::act::Base,bq::act::FiberManHolder<bd01::event::Map05_BoardInstOpening>>,std::allocator<bq::act::FiberManHolder<bd01::event::Map05_BoardInstOpening>>>	a	a	0		undefined __on_zero_shared(__shared_ptr_pointer<bq::act::FiberManHolder<bd01::event::Map05_BoardInstOpening>*,std::shared_ptr<bq::act::Base>::__shared_ptr_default_delete<bq::act::Base,bq::act::FiberManHolder<bd01::event::Map05_BoardInstOpening>>,std::allocator<bq::act::FiberManHolder<bd01::event::Map05_BoardInstOpening>>> * this)
7100100c14	4	__on_zero_shared_weak	std::__shared_ptr_pointer<bq::act::FiberManHolder<bd01::event::Map05_BoardInstOpening>*,std::shared_ptr<bq::act::Base>::__shared_ptr_default_delete<bq::act::Base,bq::act::FiberManHolder<bd01::event::Map05_BoardInstOpening>>,std::allocator<bq::act::FiberManHolder<bd01::event::Map05_BoardInstOpening>>>	a	a	0		undefined __on_zero_shared_weak(__shared_ptr_pointer<bq::act::FiberManHolder<bd01::event::Map05_BoardInstOpening>*,std::shared_ptr<bq::act::Base>::__shared_ptr_default_delete<bq::act::Base,bq::act::FiberManHolder<bd01::event::Map05_BoardInstOpening>>,std::allocator<bq::act::FiberManHolder<bd01::event::Map05_BoardInstOpening>>> * this)
7100100c20	96	~FiberManHolder	bq::act::FiberManHolder<bd01::event::Map05_BoardInstOpening>	a	a	0		undefined ~FiberManHolder(FiberManHolder<bd01::event::Map05_BoardInstOpening> * this)
7100100c80	108	~FiberManHolder	bq::act::FiberManHolder<bd01::event::Map05_BoardInstOpening>	a	a	0		undefined ~FiberManHolder(FiberManHolder<bd01::event::Map05_BoardInstOpening> * this)
7100100cec	32	IsProc	bq::act::FiberManHolder<bd01::event::Map05_BoardInstOpening>	a	a	0		uint IsProc(void)
7100100d0c	12	IsObject	bq::act::FiberManHolder<bd01::event::Map05_BoardInstOpening>	a	a	0		undefined IsObject(long param_1)
7100100d18	8	SetPauseLevel	bq::act::FiberManHolder<bd01::event::Map05_BoardInstOpening>	a	a	0		undefined SetPauseLevel(long param_1)
7100100d20	36	~__shared_ptr_pointer	std::__shared_ptr_pointer<bd01::event::Map05_BoardInstOpening*,std::shared_ptr<bd01::event::Map05_BoardInstOpening>::__shared_ptr_default_delete<bd01::event::Map05_BoardInstOpening,bd01::event::Map05_BoardInstOpening>,std::allocator<bd01::event::Map05_BoardInstOpening>>	a	a	0		undefined ~__shared_ptr_pointer(__shared_ptr_pointer<bd01::event::Map05_BoardInstOpening*,std::shared_ptr<bd01::event::Map05_BoardInstOpening>::__shared_ptr_default_delete<bd01::event::Map05_BoardInstOpening,bd01::event::Map05_BoardInstOpening>,std::allocator<bd01::event::Map05_BoardInstOpening>> * this)
7100100d44	24	__on_zero_shared	std::__shared_ptr_pointer<bd01::event::Map05_BoardInstOpening*,std::shared_ptr<bd01::event::Map05_BoardInstOpening>::__shared_ptr_default_delete<bd01::event::Map05_BoardInstOpening,bd01::event::Map05_BoardInstOpening>,std::allocator<bd01::event::Map05_BoardInstOpening>>	a	a	0		undefined __on_zero_shared(__shared_ptr_pointer<bd01::event::Map05_BoardInstOpening*,std::shared_ptr<bd01::event::Map05_BoardInstOpening>::__shared_ptr_default_delete<bd01::event::Map05_BoardInstOpening,bd01::event::Map05_BoardInstOpening>,std::allocator<bd01::event::Map05_BoardInstOpening>> * this)
7100100d5c	4	__on_zero_shared_weak	std::__shared_ptr_pointer<bd01::event::Map05_BoardInstOpening*,std::shared_ptr<bd01::event::Map05_BoardInstOpening>::__shared_ptr_default_delete<bd01::event::Map05_BoardInstOpening,bd01::event::Map05_BoardInstOpening>,std::allocator<bd01::event::Map05_BoardInstOpening>>	a	a	0		undefined __on_zero_shared_weak(__shared_ptr_pointer<bd01::event::Map05_BoardInstOpening*,std::shared_ptr<bd01::event::Map05_BoardInstOpening>::__shared_ptr_default_delete<bd01::event::Map05_BoardInstOpening,bd01::event::Map05_BoardInstOpening>,std::allocator<bd01::event::Map05_BoardInstOpening>> * this)
7100100d60	292	AddFiber<bd01::event::Map06_BoardInstOpening>	bq::act::Man	a	a	0		weak_ptr AddFiber<bd01::event::Map06_BoardInstOpening>(long * param_1_00, long * param_2, long param_3)
7100100ec8	36	~__shared_ptr_pointer	std::__shared_ptr_pointer<bq::act::FiberManHolder<bd01::event::Map06_BoardInstOpening>*,std::shared_ptr<bq::act::Base>::__shared_ptr_default_delete<bq::act::Base,bq::act::FiberManHolder<bd01::event::Map06_BoardInstOpening>>,std::allocator<bq::act::FiberManHolder<bd01::event::Map06_BoardInstOpening>>>	a	a	0		undefined ~__shared_ptr_pointer(__shared_ptr_pointer<bq::act::FiberManHolder<bd01::event::Map06_BoardInstOpening>*,std::shared_ptr<bq::act::Base>::__shared_ptr_default_delete<bq::act::Base,bq::act::FiberManHolder<bd01::event::Map06_BoardInstOpening>>,std::allocator<bq::act::FiberManHolder<bd01::event::Map06_BoardInstOpening>>> * this)
7100100eec	24	__on_zero_shared	std::__shared_ptr_pointer<bq::act::FiberManHolder<bd01::event::Map06_BoardInstOpening>*,std::shared_ptr<bq::act::Base>::__shared_ptr_default_delete<bq::act::Base,bq::act::FiberManHolder<bd01::event::Map06_BoardInstOpening>>,std::allocator<bq::act::FiberManHolder<bd01::event::Map06_BoardInstOpening>>>	a	a	0		undefined __on_zero_shared(__shared_ptr_pointer<bq::act::FiberManHolder<bd01::event::Map06_BoardInstOpening>*,std::shared_ptr<bq::act::Base>::__shared_ptr_default_delete<bq::act::Base,bq::act::FiberManHolder<bd01::event::Map06_BoardInstOpening>>,std::allocator<bq::act::FiberManHolder<bd01::event::Map06_BoardInstOpening>>> * this)
7100100f04	4	__on_zero_shared_weak	std::__shared_ptr_pointer<bq::act::FiberManHolder<bd01::event::Map06_BoardInstOpening>*,std::shared_ptr<bq::act::Base>::__shared_ptr_default_delete<bq::act::Base,bq::act::FiberManHolder<bd01::event::Map06_BoardInstOpening>>,std::allocator<bq::act::FiberManHolder<bd01::event::Map06_BoardInstOpening>>>	a	a	0		undefined __on_zero_shared_weak(__shared_ptr_pointer<bq::act::FiberManHolder<bd01::event::Map06_BoardInstOpening>*,std::shared_ptr<bq::act::Base>::__shared_ptr_default_delete<bq::act::Base,bq::act::FiberManHolder<bd01::event::Map06_BoardInstOpening>>,std::allocator<bq::act::FiberManHolder<bd01::event::Map06_BoardInstOpening>>> * this)
7100100f10	96	~FiberManHolder	bq::act::FiberManHolder<bd01::event::Map06_BoardInstOpening>	a	a	0		undefined ~FiberManHolder(FiberManHolder<bd01::event::Map06_BoardInstOpening> * this)
7100100f70	108	~FiberManHolder	bq::act::FiberManHolder<bd01::event::Map06_BoardInstOpening>	a	a	0		undefined ~FiberManHolder(FiberManHolder<bd01::event::Map06_BoardInstOpening> * this)
7100100fdc	32	IsProc	bq::act::FiberManHolder<bd01::event::Map06_BoardInstOpening>	a	a	0		uint IsProc(void)
7100100ffc	12	IsObject	bq::act::FiberManHolder<bd01::event::Map06_BoardInstOpening>	a	a	0		undefined IsObject(long param_1)
7100101008	8	SetPauseLevel	bq::act::FiberManHolder<bd01::event::Map06_BoardInstOpening>	a	a	0		undefined SetPauseLevel(long param_1)
7100101010	36	~__shared_ptr_pointer	std::__shared_ptr_pointer<bd01::event::Map06_BoardInstOpening*,std::shared_ptr<bd01::event::Map06_BoardInstOpening>::__shared_ptr_default_delete<bd01::event::Map06_BoardInstOpening,bd01::event::Map06_BoardInstOpening>,std::allocator<bd01::event::Map06_BoardInstOpening>>	a	a	0		undefined ~__shared_ptr_pointer(__shared_ptr_pointer<bd01::event::Map06_BoardInstOpening*,std::shared_ptr<bd01::event::Map06_BoardInstOpening>::__shared_ptr_default_delete<bd01::event::Map06_BoardInstOpening,bd01::event::Map06_BoardInstOpening>,std::allocator<bd01::event::Map06_BoardInstOpening>> * this)
7100101034	24	__on_zero_shared	std::__shared_ptr_pointer<bd01::event::Map06_BoardInstOpening*,std::shared_ptr<bd01::event::Map06_BoardInstOpening>::__shared_ptr_default_delete<bd01::event::Map06_BoardInstOpening,bd01::event::Map06_BoardInstOpening>,std::allocator<bd01::event::Map06_BoardInstOpening>>	a	a	0		undefined __on_zero_shared(__shared_ptr_pointer<bd01::event::Map06_BoardInstOpening*,std::shared_ptr<bd01::event::Map06_BoardInstOpening>::__shared_ptr_default_delete<bd01::event::Map06_BoardInstOpening,bd01::event::Map06_BoardInstOpening>,std::allocator<bd01::event::Map06_BoardInstOpening>> * this)
710010104c	4	__on_zero_shared_weak	std::__shared_ptr_pointer<bd01::event::Map06_BoardInstOpening*,std::shared_ptr<bd01::event::Map06_BoardInstOpening>::__shared_ptr_default_delete<bd01::event::Map06_BoardInstOpening,bd01::event::Map06_BoardInstOpening>,std::allocator<bd01::event::Map06_BoardInstOpening>>	a	a	0		undefined __on_zero_shared_weak(__shared_ptr_pointer<bd01::event::Map06_BoardInstOpening*,std::shared_ptr<bd01::event::Map06_BoardInstOpening>::__shared_ptr_default_delete<bd01::event::Map06_BoardInstOpening,bd01::event::Map06_BoardInstOpening>,std::allocator<bd01::event::Map06_BoardInstOpening>> * this)
7100101050	292	AddFiber<bd01::event::Map07_BoardInstOpening>	bq::act::Man	a	a	0		weak_ptr AddFiber<bd01::event::Map07_BoardInstOpening>(long * param_1_00, long * param_2, long param_3)
71001011b8	36	~__shared_ptr_pointer	std::__shared_ptr_pointer<bq::act::FiberManHolder<bd01::event::Map07_BoardInstOpening>*,std::shared_ptr<bq::act::Base>::__shared_ptr_default_delete<bq::act::Base,bq::act::FiberManHolder<bd01::event::Map07_BoardInstOpening>>,std::allocator<bq::act::FiberManHolder<bd01::event::Map07_BoardInstOpening>>>	a	a	0		undefined ~__shared_ptr_pointer(__shared_ptr_pointer<bq::act::FiberManHolder<bd01::event::Map07_BoardInstOpening>*,std::shared_ptr<bq::act::Base>::__shared_ptr_default_delete<bq::act::Base,bq::act::FiberManHolder<bd01::event::Map07_BoardInstOpening>>,std::allocator<bq::act::FiberManHolder<bd01::event::Map07_BoardInstOpening>>> * this)
71001011dc	24	__on_zero_shared	std::__shared_ptr_pointer<bq::act::FiberManHolder<bd01::event::Map07_BoardInstOpening>*,std::shared_ptr<bq::act::Base>::__shared_ptr_default_delete<bq::act::Base,bq::act::FiberManHolder<bd01::event::Map07_BoardInstOpening>>,std::allocator<bq::act::FiberManHolder<bd01::event::Map07_BoardInstOpening>>>	a	a	0		undefined __on_zero_shared(__shared_ptr_pointer<bq::act::FiberManHolder<bd01::event::Map07_BoardInstOpening>*,std::shared_ptr<bq::act::Base>::__shared_ptr_default_delete<bq::act::Base,bq::act::FiberManHolder<bd01::event::Map07_BoardInstOpening>>,std::allocator<bq::act::FiberManHolder<bd01::event::Map07_BoardInstOpening>>> * this)
71001011f4	4	__on_zero_shared_weak	std::__shared_ptr_pointer<bq::act::FiberManHolder<bd01::event::Map07_BoardInstOpening>*,std::shared_ptr<bq::act::Base>::__shared_ptr_default_delete<bq::act::Base,bq::act::FiberManHolder<bd01::event::Map07_BoardInstOpening>>,std::allocator<bq::act::FiberManHolder<bd01::event::Map07_BoardInstOpening>>>	a	a	0		undefined __on_zero_shared_weak(__shared_ptr_pointer<bq::act::FiberManHolder<bd01::event::Map07_BoardInstOpening>*,std::shared_ptr<bq::act::Base>::__shared_ptr_default_delete<bq::act::Base,bq::act::FiberManHolder<bd01::event::Map07_BoardInstOpening>>,std::allocator<bq::act::FiberManHolder<bd01::event::Map07_BoardInstOpening>>> * this)
7100101200	96	~FiberManHolder	bq::act::FiberManHolder<bd01::event::Map07_BoardInstOpening>	a	a	0		undefined ~FiberManHolder(FiberManHolder<bd01::event::Map07_BoardInstOpening> * this)
7100101260	108	~FiberManHolder	bq::act::FiberManHolder<bd01::event::Map07_BoardInstOpening>	a	a	0		undefined ~FiberManHolder(FiberManHolder<bd01::event::Map07_BoardInstOpening> * this)
71001012cc	32	IsProc	bq::act::FiberManHolder<bd01::event::Map07_BoardInstOpening>	a	a	0		uint IsProc(void)
71001012ec	12	IsObject	bq::act::FiberManHolder<bd01::event::Map07_BoardInstOpening>	a	a	0		undefined IsObject(long param_1)
71001012f8	8	SetPauseLevel	bq::act::FiberManHolder<bd01::event::Map07_BoardInstOpening>	a	a	0		undefined SetPauseLevel(long param_1)
7100101300	36	~__shared_ptr_pointer	std::__shared_ptr_pointer<bd01::event::Map07_BoardInstOpening*,std::shared_ptr<bd01::event::Map07_BoardInstOpening>::__shared_ptr_default_delete<bd01::event::Map07_BoardInstOpening,bd01::event::Map07_BoardInstOpening>,std::allocator<bd01::event::Map07_BoardInstOpening>>	a	a	0		undefined ~__shared_ptr_pointer(__shared_ptr_pointer<bd01::event::Map07_BoardInstOpening*,std::shared_ptr<bd01::event::Map07_BoardInstOpening>::__shared_ptr_default_delete<bd01::event::Map07_BoardInstOpening,bd01::event::Map07_BoardInstOpening>,std::allocator<bd01::event::Map07_BoardInstOpening>> * this)
7100101324	24	__on_zero_shared	std::__shared_ptr_pointer<bd01::event::Map07_BoardInstOpening*,std::shared_ptr<bd01::event::Map07_BoardInstOpening>::__shared_ptr_default_delete<bd01::event::Map07_BoardInstOpening,bd01::event::Map07_BoardInstOpening>,std::allocator<bd01::event::Map07_BoardInstOpening>>	a	a	0		undefined __on_zero_shared(__shared_ptr_pointer<bd01::event::Map07_BoardInstOpening*,std::shared_ptr<bd01::event::Map07_BoardInstOpening>::__shared_ptr_default_delete<bd01::event::Map07_BoardInstOpening,bd01::event::Map07_BoardInstOpening>,std::allocator<bd01::event::Map07_BoardInstOpening>> * this)
710010133c	4	__on_zero_shared_weak	std::__shared_ptr_pointer<bd01::event::Map07_BoardInstOpening*,std::shared_ptr<bd01::event::Map07_BoardInstOpening>::__shared_ptr_default_delete<bd01::event::Map07_BoardInstOpening,bd01::event::Map07_BoardInstOpening>,std::allocator<bd01::event::Map07_BoardInstOpening>>	a	a	0		undefined __on_zero_shared_weak(__shared_ptr_pointer<bd01::event::Map07_BoardInstOpening*,std::shared_ptr<bd01::event::Map07_BoardInstOpening>::__shared_ptr_default_delete<bd01::event::Map07_BoardInstOpening,bd01::event::Map07_BoardInstOpening>,std::allocator<bd01::event::Map07_BoardInstOpening>> * this)
7100101340	292	AddFiber<bd01::event::Map01_BoardInstExp>	bq::act::Man	a	a	0		weak_ptr AddFiber<bd01::event::Map01_BoardInstExp>(long * param_1_00, long * param_2, long param_3)
71001014a8	36	~__shared_ptr_pointer	std::__shared_ptr_pointer<bq::act::FiberManHolder<bd01::event::Map01_BoardInstExp>*,std::shared_ptr<bq::act::Base>::__shared_ptr_default_delete<bq::act::Base,bq::act::FiberManHolder<bd01::event::Map01_BoardInstExp>>,std::allocator<bq::act::FiberManHolder<bd01::event::Map01_BoardInstExp>>>	a	a	0		undefined ~__shared_ptr_pointer(__shared_ptr_pointer<bq::act::FiberManHolder<bd01::event::Map01_BoardInstExp>*,std::shared_ptr<bq::act::Base>::__shared_ptr_default_delete<bq::act::Base,bq::act::FiberManHolder<bd01::event::Map01_BoardInstExp>>,std::allocator<bq::act::FiberManHolder<bd01::event::Map01_BoardInstExp>>> * this)
71001014cc	24	__on_zero_shared	std::__shared_ptr_pointer<bq::act::FiberManHolder<bd01::event::Map01_BoardInstExp>*,std::shared_ptr<bq::act::Base>::__shared_ptr_default_delete<bq::act::Base,bq::act::FiberManHolder<bd01::event::Map01_BoardInstExp>>,std::allocator<bq::act::FiberManHolder<bd01::event::Map01_BoardInstExp>>>	a	a	0		undefined __on_zero_shared(__shared_ptr_pointer<bq::act::FiberManHolder<bd01::event::Map01_BoardInstExp>*,std::shared_ptr<bq::act::Base>::__shared_ptr_default_delete<bq::act::Base,bq::act::FiberManHolder<bd01::event::Map01_BoardInstExp>>,std::allocator<bq::act::FiberManHolder<bd01::event::Map01_BoardInstExp>>> * this)
71001014e4	4	__on_zero_shared_weak	std::__shared_ptr_pointer<bq::act::FiberManHolder<bd01::event::Map01_BoardInstExp>*,std::shared_ptr<bq::act::Base>::__shared_ptr_default_delete<bq::act::Base,bq::act::FiberManHolder<bd01::event::Map01_BoardInstExp>>,std::allocator<bq::act::FiberManHolder<bd01::event::Map01_BoardInstExp>>>	a	a	0		undefined __on_zero_shared_weak(__shared_ptr_pointer<bq::act::FiberManHolder<bd01::event::Map01_BoardInstExp>*,std::shared_ptr<bq::act::Base>::__shared_ptr_default_delete<bq::act::Base,bq::act::FiberManHolder<bd01::event::Map01_BoardInstExp>>,std::allocator<bq::act::FiberManHolder<bd01::event::Map01_BoardInstExp>>> * this)
71001014f0	96	~FiberManHolder	bq::act::FiberManHolder<bd01::event::Map01_BoardInstExp>	a	a	0		undefined ~FiberManHolder(FiberManHolder<bd01::event::Map01_BoardInstExp> * this)
7100101550	108	~FiberManHolder	bq::act::FiberManHolder<bd01::event::Map01_BoardInstExp>	a	a	0		undefined ~FiberManHolder(FiberManHolder<bd01::event::Map01_BoardInstExp> * this)
71001015bc	32	IsProc	bq::act::FiberManHolder<bd01::event::Map01_BoardInstExp>	a	a	0		uint IsProc(void)
71001015dc	12	IsObject	bq::act::FiberManHolder<bd01::event::Map01_BoardInstExp>	a	a	0		undefined IsObject(long param_1)
71001015e8	8	SetPauseLevel	bq::act::FiberManHolder<bd01::event::Map01_BoardInstExp>	a	a	0		undefined SetPauseLevel(long param_1)
71001015f0	36	~__shared_ptr_pointer	std::__shared_ptr_pointer<bd01::event::Map01_BoardInstExp*,std::shared_ptr<bd01::event::Map01_BoardInstExp>::__shared_ptr_default_delete<bd01::event::Map01_BoardInstExp,bd01::event::Map01_BoardInstExp>,std::allocator<bd01::event::Map01_BoardInstExp>>	a	a	0		undefined ~__shared_ptr_pointer(__shared_ptr_pointer<bd01::event::Map01_BoardInstExp*,std::shared_ptr<bd01::event::Map01_BoardInstExp>::__shared_ptr_default_delete<bd01::event::Map01_BoardInstExp,bd01::event::Map01_BoardInstExp>,std::allocator<bd01::event::Map01_BoardInstExp>> * this)
7100101614	24	__on_zero_shared	std::__shared_ptr_pointer<bd01::event::Map01_BoardInstExp*,std::shared_ptr<bd01::event::Map01_BoardInstExp>::__shared_ptr_default_delete<bd01::event::Map01_BoardInstExp,bd01::event::Map01_BoardInstExp>,std::allocator<bd01::event::Map01_BoardInstExp>>	a	a	0		undefined __on_zero_shared(__shared_ptr_pointer<bd01::event::Map01_BoardInstExp*,std::shared_ptr<bd01::event::Map01_BoardInstExp>::__shared_ptr_default_delete<bd01::event::Map01_BoardInstExp,bd01::event::Map01_BoardInstExp>,std::allocator<bd01::event::Map01_BoardInstExp>> * this)
710010162c	4	__on_zero_shared_weak	std::__shared_ptr_pointer<bd01::event::Map01_BoardInstExp*,std::shared_ptr<bd01::event::Map01_BoardInstExp>::__shared_ptr_default_delete<bd01::event::Map01_BoardInstExp,bd01::event::Map01_BoardInstExp>,std::allocator<bd01::event::Map01_BoardInstExp>>	a	a	0		undefined __on_zero_shared_weak(__shared_ptr_pointer<bd01::event::Map01_BoardInstExp*,std::shared_ptr<bd01::event::Map01_BoardInstExp>::__shared_ptr_default_delete<bd01::event::Map01_BoardInstExp,bd01::event::Map01_BoardInstExp>,std::allocator<bd01::event::Map01_BoardInstExp>> * this)
7100101630	292	AddFiber<bd01::event::Map02_BoardInstExp>	bq::act::Man	a	a	0		weak_ptr AddFiber<bd01::event::Map02_BoardInstExp>(long * param_1_00, long * param_2, long param_3)
7100101798	36	~__shared_ptr_pointer	std::__shared_ptr_pointer<bq::act::FiberManHolder<bd01::event::Map02_BoardInstExp>*,std::shared_ptr<bq::act::Base>::__shared_ptr_default_delete<bq::act::Base,bq::act::FiberManHolder<bd01::event::Map02_BoardInstExp>>,std::allocator<bq::act::FiberManHolder<bd01::event::Map02_BoardInstExp>>>	a	a	0		undefined ~__shared_ptr_pointer(__shared_ptr_pointer<bq::act::FiberManHolder<bd01::event::Map02_BoardInstExp>*,std::shared_ptr<bq::act::Base>::__shared_ptr_default_delete<bq::act::Base,bq::act::FiberManHolder<bd01::event::Map02_BoardInstExp>>,std::allocator<bq::act::FiberManHolder<bd01::event::Map02_BoardInstExp>>> * this)
71001017bc	24	__on_zero_shared	std::__shared_ptr_pointer<bq::act::FiberManHolder<bd01::event::Map02_BoardInstExp>*,std::shared_ptr<bq::act::Base>::__shared_ptr_default_delete<bq::act::Base,bq::act::FiberManHolder<bd01::event::Map02_BoardInstExp>>,std::allocator<bq::act::FiberManHolder<bd01::event::Map02_BoardInstExp>>>	a	a	0		undefined __on_zero_shared(__shared_ptr_pointer<bq::act::FiberManHolder<bd01::event::Map02_BoardInstExp>*,std::shared_ptr<bq::act::Base>::__shared_ptr_default_delete<bq::act::Base,bq::act::FiberManHolder<bd01::event::Map02_BoardInstExp>>,std::allocator<bq::act::FiberManHolder<bd01::event::Map02_BoardInstExp>>> * this)
71001017d4	4	__on_zero_shared_weak	std::__shared_ptr_pointer<bq::act::FiberManHolder<bd01::event::Map02_BoardInstExp>*,std::shared_ptr<bq::act::Base>::__shared_ptr_default_delete<bq::act::Base,bq::act::FiberManHolder<bd01::event::Map02_BoardInstExp>>,std::allocator<bq::act::FiberManHolder<bd01::event::Map02_BoardInstExp>>>	a	a	0		undefined __on_zero_shared_weak(__shared_ptr_pointer<bq::act::FiberManHolder<bd01::event::Map02_BoardInstExp>*,std::shared_ptr<bq::act::Base>::__shared_ptr_default_delete<bq::act::Base,bq::act::FiberManHolder<bd01::event::Map02_BoardInstExp>>,std::allocator<bq::act::FiberManHolder<bd01::event::Map02_BoardInstExp>>> * this)
71001017e0	96	~FiberManHolder	bq::act::FiberManHolder<bd01::event::Map02_BoardInstExp>	a	a	0		undefined ~FiberManHolder(FiberManHolder<bd01::event::Map02_BoardInstExp> * this)
7100101840	108	~FiberManHolder	bq::act::FiberManHolder<bd01::event::Map02_BoardInstExp>	a	a	0		undefined ~FiberManHolder(FiberManHolder<bd01::event::Map02_BoardInstExp> * this)
71001018ac	32	IsProc	bq::act::FiberManHolder<bd01::event::Map02_BoardInstExp>	a	a	0		uint IsProc(void)
71001018cc	12	IsObject	bq::act::FiberManHolder<bd01::event::Map02_BoardInstExp>	a	a	0		undefined IsObject(long param_1)
71001018d8	8	SetPauseLevel	bq::act::FiberManHolder<bd01::event::Map02_BoardInstExp>	a	a	0		undefined SetPauseLevel(long param_1)
71001018e0	36	~__shared_ptr_pointer	std::__shared_ptr_pointer<bd01::event::Map02_BoardInstExp*,std::shared_ptr<bd01::event::Map02_BoardInstExp>::__shared_ptr_default_delete<bd01::event::Map02_BoardInstExp,bd01::event::Map02_BoardInstExp>,std::allocator<bd01::event::Map02_BoardInstExp>>	a	a	0		undefined ~__shared_ptr_pointer(__shared_ptr_pointer<bd01::event::Map02_BoardInstExp*,std::shared_ptr<bd01::event::Map02_BoardInstExp>::__shared_ptr_default_delete<bd01::event::Map02_BoardInstExp,bd01::event::Map02_BoardInstExp>,std::allocator<bd01::event::Map02_BoardInstExp>> * this)
7100101904	24	__on_zero_shared	std::__shared_ptr_pointer<bd01::event::Map02_BoardInstExp*,std::shared_ptr<bd01::event::Map02_BoardInstExp>::__shared_ptr_default_delete<bd01::event::Map02_BoardInstExp,bd01::event::Map02_BoardInstExp>,std::allocator<bd01::event::Map02_BoardInstExp>>	a	a	0		undefined __on_zero_shared(__shared_ptr_pointer<bd01::event::Map02_BoardInstExp*,std::shared_ptr<bd01::event::Map02_BoardInstExp>::__shared_ptr_default_delete<bd01::event::Map02_BoardInstExp,bd01::event::Map02_BoardInstExp>,std::allocator<bd01::event::Map02_BoardInstExp>> * this)
710010191c	4	__on_zero_shared_weak	std::__shared_ptr_pointer<bd01::event::Map02_BoardInstExp*,std::shared_ptr<bd01::event::Map02_BoardInstExp>::__shared_ptr_default_delete<bd01::event::Map02_BoardInstExp,bd01::event::Map02_BoardInstExp>,std::allocator<bd01::event::Map02_BoardInstExp>>	a	a	0		undefined __on_zero_shared_weak(__shared_ptr_pointer<bd01::event::Map02_BoardInstExp*,std::shared_ptr<bd01::event::Map02_BoardInstExp>::__shared_ptr_default_delete<bd01::event::Map02_BoardInstExp,bd01::event::Map02_BoardInstExp>,std::allocator<bd01::event::Map02_BoardInstExp>> * this)
7100101920	292	AddFiber<bd01::event::Map03_BoardInstExp>	bq::act::Man	a	a	0		weak_ptr AddFiber<bd01::event::Map03_BoardInstExp>(long * param_1_00, long * param_2, long param_3)
7100101a88	36	~__shared_ptr_pointer	std::__shared_ptr_pointer<bq::act::FiberManHolder<bd01::event::Map03_BoardInstExp>*,std::shared_ptr<bq::act::Base>::__shared_ptr_default_delete<bq::act::Base,bq::act::FiberManHolder<bd01::event::Map03_BoardInstExp>>,std::allocator<bq::act::FiberManHolder<bd01::event::Map03_BoardInstExp>>>	a	a	0		undefined ~__shared_ptr_pointer(__shared_ptr_pointer<bq::act::FiberManHolder<bd01::event::Map03_BoardInstExp>*,std::shared_ptr<bq::act::Base>::__shared_ptr_default_delete<bq::act::Base,bq::act::FiberManHolder<bd01::event::Map03_BoardInstExp>>,std::allocator<bq::act::FiberManHolder<bd01::event::Map03_BoardInstExp>>> * this)
7100101aac	24	__on_zero_shared	std::__shared_ptr_pointer<bq::act::FiberManHolder<bd01::event::Map03_BoardInstExp>*,std::shared_ptr<bq::act::Base>::__shared_ptr_default_delete<bq::act::Base,bq::act::FiberManHolder<bd01::event::Map03_BoardInstExp>>,std::allocator<bq::act::FiberManHolder<bd01::event::Map03_BoardInstExp>>>	a	a	0		undefined __on_zero_shared(__shared_ptr_pointer<bq::act::FiberManHolder<bd01::event::Map03_BoardInstExp>*,std::shared_ptr<bq::act::Base>::__shared_ptr_default_delete<bq::act::Base,bq::act::FiberManHolder<bd01::event::Map03_BoardInstExp>>,std::allocator<bq::act::FiberManHolder<bd01::event::Map03_BoardInstExp>>> * this)
7100101ac4	4	__on_zero_shared_weak	std::__shared_ptr_pointer<bq::act::FiberManHolder<bd01::event::Map03_BoardInstExp>*,std::shared_ptr<bq::act::Base>::__shared_ptr_default_delete<bq::act::Base,bq::act::FiberManHolder<bd01::event::Map03_BoardInstExp>>,std::allocator<bq::act::FiberManHolder<bd01::event::Map03_BoardInstExp>>>	a	a	0		undefined __on_zero_shared_weak(__shared_ptr_pointer<bq::act::FiberManHolder<bd01::event::Map03_BoardInstExp>*,std::shared_ptr<bq::act::Base>::__shared_ptr_default_delete<bq::act::Base,bq::act::FiberManHolder<bd01::event::Map03_BoardInstExp>>,std::allocator<bq::act::FiberManHolder<bd01::event::Map03_BoardInstExp>>> * this)
7100101ad0	96	~FiberManHolder	bq::act::FiberManHolder<bd01::event::Map03_BoardInstExp>	a	a	0		undefined ~FiberManHolder(FiberManHolder<bd01::event::Map03_BoardInstExp> * this)
7100101b30	108	~FiberManHolder	bq::act::FiberManHolder<bd01::event::Map03_BoardInstExp>	a	a	0		undefined ~FiberManHolder(FiberManHolder<bd01::event::Map03_BoardInstExp> * this)
7100101b9c	32	IsProc	bq::act::FiberManHolder<bd01::event::Map03_BoardInstExp>	a	a	0		uint IsProc(void)
7100101bbc	12	IsObject	bq::act::FiberManHolder<bd01::event::Map03_BoardInstExp>	a	a	0		undefined IsObject(long param_1)
7100101bc8	8	SetPauseLevel	bq::act::FiberManHolder<bd01::event::Map03_BoardInstExp>	a	a	0		undefined SetPauseLevel(long param_1)
7100101bd0	36	~__shared_ptr_pointer	std::__shared_ptr_pointer<bd01::event::Map03_BoardInstExp*,std::shared_ptr<bd01::event::Map03_BoardInstExp>::__shared_ptr_default_delete<bd01::event::Map03_BoardInstExp,bd01::event::Map03_BoardInstExp>,std::allocator<bd01::event::Map03_BoardInstExp>>	a	a	0		undefined ~__shared_ptr_pointer(__shared_ptr_pointer<bd01::event::Map03_BoardInstExp*,std::shared_ptr<bd01::event::Map03_BoardInstExp>::__shared_ptr_default_delete<bd01::event::Map03_BoardInstExp,bd01::event::Map03_BoardInstExp>,std::allocator<bd01::event::Map03_BoardInstExp>> * this)
7100101bf4	24	__on_zero_shared	std::__shared_ptr_pointer<bd01::event::Map03_BoardInstExp*,std::shared_ptr<bd01::event::Map03_BoardInstExp>::__shared_ptr_default_delete<bd01::event::Map03_BoardInstExp,bd01::event::Map03_BoardInstExp>,std::allocator<bd01::event::Map03_BoardInstExp>>	a	a	0		undefined __on_zero_shared(__shared_ptr_pointer<bd01::event::Map03_BoardInstExp*,std::shared_ptr<bd01::event::Map03_BoardInstExp>::__shared_ptr_default_delete<bd01::event::Map03_BoardInstExp,bd01::event::Map03_BoardInstExp>,std::allocator<bd01::event::Map03_BoardInstExp>> * this)
7100101c0c	4	__on_zero_shared_weak	std::__shared_ptr_pointer<bd01::event::Map03_BoardInstExp*,std::shared_ptr<bd01::event::Map03_BoardInstExp>::__shared_ptr_default_delete<bd01::event::Map03_BoardInstExp,bd01::event::Map03_BoardInstExp>,std::allocator<bd01::event::Map03_BoardInstExp>>	a	a	0		undefined __on_zero_shared_weak(__shared_ptr_pointer<bd01::event::Map03_BoardInstExp*,std::shared_ptr<bd01::event::Map03_BoardInstExp>::__shared_ptr_default_delete<bd01::event::Map03_BoardInstExp,bd01::event::Map03_BoardInstExp>,std::allocator<bd01::event::Map03_BoardInstExp>> * this)
7100101c10	292	AddFiber<bd01::event::Map04_BoardInstExp>	bq::act::Man	a	a	0		weak_ptr AddFiber<bd01::event::Map04_BoardInstExp>(long * param_1_00, long * param_2, long param_3)
7100101d78	36	~__shared_ptr_pointer	std::__shared_ptr_pointer<bq::act::FiberManHolder<bd01::event::Map04_BoardInstExp>*,std::shared_ptr<bq::act::Base>::__shared_ptr_default_delete<bq::act::Base,bq::act::FiberManHolder<bd01::event::Map04_BoardInstExp>>,std::allocator<bq::act::FiberManHolder<bd01::event::Map04_BoardInstExp>>>	a	a	0		undefined ~__shared_ptr_pointer(__shared_ptr_pointer<bq::act::FiberManHolder<bd01::event::Map04_BoardInstExp>*,std::shared_ptr<bq::act::Base>::__shared_ptr_default_delete<bq::act::Base,bq::act::FiberManHolder<bd01::event::Map04_BoardInstExp>>,std::allocator<bq::act::FiberManHolder<bd01::event::Map04_BoardInstExp>>> * this)
7100101d9c	24	__on_zero_shared	std::__shared_ptr_pointer<bq::act::FiberManHolder<bd01::event::Map04_BoardInstExp>*,std::shared_ptr<bq::act::Base>::__shared_ptr_default_delete<bq::act::Base,bq::act::FiberManHolder<bd01::event::Map04_BoardInstExp>>,std::allocator<bq::act::FiberManHolder<bd01::event::Map04_BoardInstExp>>>	a	a	0		undefined __on_zero_shared(__shared_ptr_pointer<bq::act::FiberManHolder<bd01::event::Map04_BoardInstExp>*,std::shared_ptr<bq::act::Base>::__shared_ptr_default_delete<bq::act::Base,bq::act::FiberManHolder<bd01::event::Map04_BoardInstExp>>,std::allocator<bq::act::FiberManHolder<bd01::event::Map04_BoardInstExp>>> * this)
7100101db4	4	__on_zero_shared_weak	std::__shared_ptr_pointer<bq::act::FiberManHolder<bd01::event::Map04_BoardInstExp>*,std::shared_ptr<bq::act::Base>::__shared_ptr_default_delete<bq::act::Base,bq::act::FiberManHolder<bd01::event::Map04_BoardInstExp>>,std::allocator<bq::act::FiberManHolder<bd01::event::Map04_BoardInstExp>>>	a	a	0		undefined __on_zero_shared_weak(__shared_ptr_pointer<bq::act::FiberManHolder<bd01::event::Map04_BoardInstExp>*,std::shared_ptr<bq::act::Base>::__shared_ptr_default_delete<bq::act::Base,bq::act::FiberManHolder<bd01::event::Map04_BoardInstExp>>,std::allocator<bq::act::FiberManHolder<bd01::event::Map04_BoardInstExp>>> * this)
7100101dc0	96	~FiberManHolder	bq::act::FiberManHolder<bd01::event::Map04_BoardInstExp>	a	a	0		undefined ~FiberManHolder(FiberManHolder<bd01::event::Map04_BoardInstExp> * this)
7100101e20	108	~FiberManHolder	bq::act::FiberManHolder<bd01::event::Map04_BoardInstExp>	a	a	0		undefined ~FiberManHolder(FiberManHolder<bd01::event::Map04_BoardInstExp> * this)
7100101e8c	32	IsProc	bq::act::FiberManHolder<bd01::event::Map04_BoardInstExp>	a	a	0		uint IsProc(void)
7100101eac	12	IsObject	bq::act::FiberManHolder<bd01::event::Map04_BoardInstExp>	a	a	0		undefined IsObject(long param_1)
7100101eb8	8	SetPauseLevel	bq::act::FiberManHolder<bd01::event::Map04_BoardInstExp>	a	a	0		undefined SetPauseLevel(long param_1)
7100101ec0	36	~__shared_ptr_pointer	std::__shared_ptr_pointer<bd01::event::Map04_BoardInstExp*,std::shared_ptr<bd01::event::Map04_BoardInstExp>::__shared_ptr_default_delete<bd01::event::Map04_BoardInstExp,bd01::event::Map04_BoardInstExp>,std::allocator<bd01::event::Map04_BoardInstExp>>	a	a	0		undefined ~__shared_ptr_pointer(__shared_ptr_pointer<bd01::event::Map04_BoardInstExp*,std::shared_ptr<bd01::event::Map04_BoardInstExp>::__shared_ptr_default_delete<bd01::event::Map04_BoardInstExp,bd01::event::Map04_BoardInstExp>,std::allocator<bd01::event::Map04_BoardInstExp>> * this)
7100101ee4	24	__on_zero_shared	std::__shared_ptr_pointer<bd01::event::Map04_BoardInstExp*,std::shared_ptr<bd01::event::Map04_BoardInstExp>::__shared_ptr_default_delete<bd01::event::Map04_BoardInstExp,bd01::event::Map04_BoardInstExp>,std::allocator<bd01::event::Map04_BoardInstExp>>	a	a	0		undefined __on_zero_shared(__shared_ptr_pointer<bd01::event::Map04_BoardInstExp*,std::shared_ptr<bd01::event::Map04_BoardInstExp>::__shared_ptr_default_delete<bd01::event::Map04_BoardInstExp,bd01::event::Map04_BoardInstExp>,std::allocator<bd01::event::Map04_BoardInstExp>> * this)
7100101efc	4	__on_zero_shared_weak	std::__shared_ptr_pointer<bd01::event::Map04_BoardInstExp*,std::shared_ptr<bd01::event::Map04_BoardInstExp>::__shared_ptr_default_delete<bd01::event::Map04_BoardInstExp,bd01::event::Map04_BoardInstExp>,std::allocator<bd01::event::Map04_BoardInstExp>>	a	a	0		undefined __on_zero_shared_weak(__shared_ptr_pointer<bd01::event::Map04_BoardInstExp*,std::shared_ptr<bd01::event::Map04_BoardInstExp>::__shared_ptr_default_delete<bd01::event::Map04_BoardInstExp,bd01::event::Map04_BoardInstExp>,std::allocator<bd01::event::Map04_BoardInstExp>> * this)
7100101f00	292	AddFiber<bd01::event::Map05_BoardInstExp>	bq::act::Man	a	a	0		weak_ptr AddFiber<bd01::event::Map05_BoardInstExp>(long * param_1_00, long * param_2, long param_3)
7100102068	36	~__shared_ptr_pointer	std::__shared_ptr_pointer<bq::act::FiberManHolder<bd01::event::Map05_BoardInstExp>*,std::shared_ptr<bq::act::Base>::__shared_ptr_default_delete<bq::act::Base,bq::act::FiberManHolder<bd01::event::Map05_BoardInstExp>>,std::allocator<bq::act::FiberManHolder<bd01::event::Map05_BoardInstExp>>>	a	a	0		undefined ~__shared_ptr_pointer(__shared_ptr_pointer<bq::act::FiberManHolder<bd01::event::Map05_BoardInstExp>*,std::shared_ptr<bq::act::Base>::__shared_ptr_default_delete<bq::act::Base,bq::act::FiberManHolder<bd01::event::Map05_BoardInstExp>>,std::allocator<bq::act::FiberManHolder<bd01::event::Map05_BoardInstExp>>> * this)
710010208c	24	__on_zero_shared	std::__shared_ptr_pointer<bq::act::FiberManHolder<bd01::event::Map05_BoardInstExp>*,std::shared_ptr<bq::act::Base>::__shared_ptr_default_delete<bq::act::Base,bq::act::FiberManHolder<bd01::event::Map05_BoardInstExp>>,std::allocator<bq::act::FiberManHolder<bd01::event::Map05_BoardInstExp>>>	a	a	0		undefined __on_zero_shared(__shared_ptr_pointer<bq::act::FiberManHolder<bd01::event::Map05_BoardInstExp>*,std::shared_ptr<bq::act::Base>::__shared_ptr_default_delete<bq::act::Base,bq::act::FiberManHolder<bd01::event::Map05_BoardInstExp>>,std::allocator<bq::act::FiberManHolder<bd01::event::Map05_BoardInstExp>>> * this)
71001020a4	4	__on_zero_shared_weak	std::__shared_ptr_pointer<bq::act::FiberManHolder<bd01::event::Map05_BoardInstExp>*,std::shared_ptr<bq::act::Base>::__shared_ptr_default_delete<bq::act::Base,bq::act::FiberManHolder<bd01::event::Map05_BoardInstExp>>,std::allocator<bq::act::FiberManHolder<bd01::event::Map05_BoardInstExp>>>	a	a	0		undefined __on_zero_shared_weak(__shared_ptr_pointer<bq::act::FiberManHolder<bd01::event::Map05_BoardInstExp>*,std::shared_ptr<bq::act::Base>::__shared_ptr_default_delete<bq::act::Base,bq::act::FiberManHolder<bd01::event::Map05_BoardInstExp>>,std::allocator<bq::act::FiberManHolder<bd01::event::Map05_BoardInstExp>>> * this)
71001020b0	96	~FiberManHolder	bq::act::FiberManHolder<bd01::event::Map05_BoardInstExp>	a	a	0		undefined ~FiberManHolder(FiberManHolder<bd01::event::Map05_BoardInstExp> * this)
7100102110	108	~FiberManHolder	bq::act::FiberManHolder<bd01::event::Map05_BoardInstExp>	a	a	0		undefined ~FiberManHolder(FiberManHolder<bd01::event::Map05_BoardInstExp> * this)
710010217c	32	IsProc	bq::act::FiberManHolder<bd01::event::Map05_BoardInstExp>	a	a	0		uint IsProc(void)
710010219c	12	IsObject	bq::act::FiberManHolder<bd01::event::Map05_BoardInstExp>	a	a	0		undefined IsObject(long param_1)
71001021a8	8	SetPauseLevel	bq::act::FiberManHolder<bd01::event::Map05_BoardInstExp>	a	a	0		undefined SetPauseLevel(long param_1)
71001021b0	36	~__shared_ptr_pointer	std::__shared_ptr_pointer<bd01::event::Map05_BoardInstExp*,std::shared_ptr<bd01::event::Map05_BoardInstExp>::__shared_ptr_default_delete<bd01::event::Map05_BoardInstExp,bd01::event::Map05_BoardInstExp>,std::allocator<bd01::event::Map05_BoardInstExp>>	a	a	0		undefined ~__shared_ptr_pointer(__shared_ptr_pointer<bd01::event::Map05_BoardInstExp*,std::shared_ptr<bd01::event::Map05_BoardInstExp>::__shared_ptr_default_delete<bd01::event::Map05_BoardInstExp,bd01::event::Map05_BoardInstExp>,std::allocator<bd01::event::Map05_BoardInstExp>> * this)
71001021d4	24	__on_zero_shared	std::__shared_ptr_pointer<bd01::event::Map05_BoardInstExp*,std::shared_ptr<bd01::event::Map05_BoardInstExp>::__shared_ptr_default_delete<bd01::event::Map05_BoardInstExp,bd01::event::Map05_BoardInstExp>,std::allocator<bd01::event::Map05_BoardInstExp>>	a	a	0		undefined __on_zero_shared(__shared_ptr_pointer<bd01::event::Map05_BoardInstExp*,std::shared_ptr<bd01::event::Map05_BoardInstExp>::__shared_ptr_default_delete<bd01::event::Map05_BoardInstExp,bd01::event::Map05_BoardInstExp>,std::allocator<bd01::event::Map05_BoardInstExp>> * this)
71001021ec	4	__on_zero_shared_weak	std::__shared_ptr_pointer<bd01::event::Map05_BoardInstExp*,std::shared_ptr<bd01::event::Map05_BoardInstExp>::__shared_ptr_default_delete<bd01::event::Map05_BoardInstExp,bd01::event::Map05_BoardInstExp>,std::allocator<bd01::event::Map05_BoardInstExp>>	a	a	0		undefined __on_zero_shared_weak(__shared_ptr_pointer<bd01::event::Map05_BoardInstExp*,std::shared_ptr<bd01::event::Map05_BoardInstExp>::__shared_ptr_default_delete<bd01::event::Map05_BoardInstExp,bd01::event::Map05_BoardInstExp>,std::allocator<bd01::event::Map05_BoardInstExp>> * this)
71001021f0	292	AddFiber<bd01::event::Map06_BoardInstExp>	bq::act::Man	a	a	0		weak_ptr AddFiber<bd01::event::Map06_BoardInstExp>(long * param_1_00, long * param_2, long param_3)
7100102358	36	~__shared_ptr_pointer	std::__shared_ptr_pointer<bq::act::FiberManHolder<bd01::event::Map06_BoardInstExp>*,std::shared_ptr<bq::act::Base>::__shared_ptr_default_delete<bq::act::Base,bq::act::FiberManHolder<bd01::event::Map06_BoardInstExp>>,std::allocator<bq::act::FiberManHolder<bd01::event::Map06_BoardInstExp>>>	a	a	0		undefined ~__shared_ptr_pointer(__shared_ptr_pointer<bq::act::FiberManHolder<bd01::event::Map06_BoardInstExp>*,std::shared_ptr<bq::act::Base>::__shared_ptr_default_delete<bq::act::Base,bq::act::FiberManHolder<bd01::event::Map06_BoardInstExp>>,std::allocator<bq::act::FiberManHolder<bd01::event::Map06_BoardInstExp>>> * this)
710010237c	24	__on_zero_shared	std::__shared_ptr_pointer<bq::act::FiberManHolder<bd01::event::Map06_BoardInstExp>*,std::shared_ptr<bq::act::Base>::__shared_ptr_default_delete<bq::act::Base,bq::act::FiberManHolder<bd01::event::Map06_BoardInstExp>>,std::allocator<bq::act::FiberManHolder<bd01::event::Map06_BoardInstExp>>>	a	a	0		undefined __on_zero_shared(__shared_ptr_pointer<bq::act::FiberManHolder<bd01::event::Map06_BoardInstExp>*,std::shared_ptr<bq::act::Base>::__shared_ptr_default_delete<bq::act::Base,bq::act::FiberManHolder<bd01::event::Map06_BoardInstExp>>,std::allocator<bq::act::FiberManHolder<bd01::event::Map06_BoardInstExp>>> * this)
7100102394	4	__on_zero_shared_weak	std::__shared_ptr_pointer<bq::act::FiberManHolder<bd01::event::Map06_BoardInstExp>*,std::shared_ptr<bq::act::Base>::__shared_ptr_default_delete<bq::act::Base,bq::act::FiberManHolder<bd01::event::Map06_BoardInstExp>>,std::allocator<bq::act::FiberManHolder<bd01::event::Map06_BoardInstExp>>>	a	a	0		undefined __on_zero_shared_weak(__shared_ptr_pointer<bq::act::FiberManHolder<bd01::event::Map06_BoardInstExp>*,std::shared_ptr<bq::act::Base>::__shared_ptr_default_delete<bq::act::Base,bq::act::FiberManHolder<bd01::event::Map06_BoardInstExp>>,std::allocator<bq::act::FiberManHolder<bd01::event::Map06_BoardInstExp>>> * this)
71001023a0	96	~FiberManHolder	bq::act::FiberManHolder<bd01::event::Map06_BoardInstExp>	a	a	0		undefined ~FiberManHolder(FiberManHolder<bd01::event::Map06_BoardInstExp> * this)
7100102400	108	~FiberManHolder	bq::act::FiberManHolder<bd01::event::Map06_BoardInstExp>	a	a	0		undefined ~FiberManHolder(FiberManHolder<bd01::event::Map06_BoardInstExp> * this)
710010246c	32	IsProc	bq::act::FiberManHolder<bd01::event::Map06_BoardInstExp>	a	a	0		uint IsProc(void)
710010248c	12	IsObject	bq::act::FiberManHolder<bd01::event::Map06_BoardInstExp>	a	a	0		undefined IsObject(long param_1)
7100102498	8	SetPauseLevel	bq::act::FiberManHolder<bd01::event::Map06_BoardInstExp>	a	a	0		undefined SetPauseLevel(long param_1)
71001024a0	36	~__shared_ptr_pointer	std::__shared_ptr_pointer<bd01::event::Map06_BoardInstExp*,std::shared_ptr<bd01::event::Map06_BoardInstExp>::__shared_ptr_default_delete<bd01::event::Map06_BoardInstExp,bd01::event::Map06_BoardInstExp>,std::allocator<bd01::event::Map06_BoardInstExp>>	a	a	0		undefined ~__shared_ptr_pointer(__shared_ptr_pointer<bd01::event::Map06_BoardInstExp*,std::shared_ptr<bd01::event::Map06_BoardInstExp>::__shared_ptr_default_delete<bd01::event::Map06_BoardInstExp,bd01::event::Map06_BoardInstExp>,std::allocator<bd01::event::Map06_BoardInstExp>> * this)
71001024c4	24	__on_zero_shared	std::__shared_ptr_pointer<bd01::event::Map06_BoardInstExp*,std::shared_ptr<bd01::event::Map06_BoardInstExp>::__shared_ptr_default_delete<bd01::event::Map06_BoardInstExp,bd01::event::Map06_BoardInstExp>,std::allocator<bd01::event::Map06_BoardInstExp>>	a	a	0		undefined __on_zero_shared(__shared_ptr_pointer<bd01::event::Map06_BoardInstExp*,std::shared_ptr<bd01::event::Map06_BoardInstExp>::__shared_ptr_default_delete<bd01::event::Map06_BoardInstExp,bd01::event::Map06_BoardInstExp>,std::allocator<bd01::event::Map06_BoardInstExp>> * this)
71001024dc	4	__on_zero_shared_weak	std::__shared_ptr_pointer<bd01::event::Map06_BoardInstExp*,std::shared_ptr<bd01::event::Map06_BoardInstExp>::__shared_ptr_default_delete<bd01::event::Map06_BoardInstExp,bd01::event::Map06_BoardInstExp>,std::allocator<bd01::event::Map06_BoardInstExp>>	a	a	0		undefined __on_zero_shared_weak(__shared_ptr_pointer<bd01::event::Map06_BoardInstExp*,std::shared_ptr<bd01::event::Map06_BoardInstExp>::__shared_ptr_default_delete<bd01::event::Map06_BoardInstExp,bd01::event::Map06_BoardInstExp>,std::allocator<bd01::event::Map06_BoardInstExp>> * this)
71001024e0	292	AddFiber<bd01::event::Map07_BoardInstExp>	bq::act::Man	a	a	0		weak_ptr AddFiber<bd01::event::Map07_BoardInstExp>(long * param_1_00, long * param_2, long param_3)
7100102648	36	~__shared_ptr_pointer	std::__shared_ptr_pointer<bq::act::FiberManHolder<bd01::event::Map07_BoardInstExp>*,std::shared_ptr<bq::act::Base>::__shared_ptr_default_delete<bq::act::Base,bq::act::FiberManHolder<bd01::event::Map07_BoardInstExp>>,std::allocator<bq::act::FiberManHolder<bd01::event::Map07_BoardInstExp>>>	a	a	0		undefined ~__shared_ptr_pointer(__shared_ptr_pointer<bq::act::FiberManHolder<bd01::event::Map07_BoardInstExp>*,std::shared_ptr<bq::act::Base>::__shared_ptr_default_delete<bq::act::Base,bq::act::FiberManHolder<bd01::event::Map07_BoardInstExp>>,std::allocator<bq::act::FiberManHolder<bd01::event::Map07_BoardInstExp>>> * this)
710010266c	24	__on_zero_shared	std::__shared_ptr_pointer<bq::act::FiberManHolder<bd01::event::Map07_BoardInstExp>*,std::shared_ptr<bq::act::Base>::__shared_ptr_default_delete<bq::act::Base,bq::act::FiberManHolder<bd01::event::Map07_BoardInstExp>>,std::allocator<bq::act::FiberManHolder<bd01::event::Map07_BoardInstExp>>>	a	a	0		undefined __on_zero_shared(__shared_ptr_pointer<bq::act::FiberManHolder<bd01::event::Map07_BoardInstExp>*,std::shared_ptr<bq::act::Base>::__shared_ptr_default_delete<bq::act::Base,bq::act::FiberManHolder<bd01::event::Map07_BoardInstExp>>,std::allocator<bq::act::FiberManHolder<bd01::event::Map07_BoardInstExp>>> * this)
7100102684	4	__on_zero_shared_weak	std::__shared_ptr_pointer<bq::act::FiberManHolder<bd01::event::Map07_BoardInstExp>*,std::shared_ptr<bq::act::Base>::__shared_ptr_default_delete<bq::act::Base,bq::act::FiberManHolder<bd01::event::Map07_BoardInstExp>>,std::allocator<bq::act::FiberManHolder<bd01::event::Map07_BoardInstExp>>>	a	a	0		undefined __on_zero_shared_weak(__shared_ptr_pointer<bq::act::FiberManHolder<bd01::event::Map07_BoardInstExp>*,std::shared_ptr<bq::act::Base>::__shared_ptr_default_delete<bq::act::Base,bq::act::FiberManHolder<bd01::event::Map07_BoardInstExp>>,std::allocator<bq::act::FiberManHolder<bd01::event::Map07_BoardInstExp>>> * this)
7100102690	96	~FiberManHolder	bq::act::FiberManHolder<bd01::event::Map07_BoardInstExp>	a	a	0		undefined ~FiberManHolder(FiberManHolder<bd01::event::Map07_BoardInstExp> * this)
71001026f0	108	~FiberManHolder	bq::act::FiberManHolder<bd01::event::Map07_BoardInstExp>	a	a	0		undefined ~FiberManHolder(FiberManHolder<bd01::event::Map07_BoardInstExp> * this)
710010275c	32	IsProc	bq::act::FiberManHolder<bd01::event::Map07_BoardInstExp>	a	a	0		uint IsProc(void)
710010277c	12	IsObject	bq::act::FiberManHolder<bd01::event::Map07_BoardInstExp>	a	a	0		undefined IsObject(long param_1)
7100102788	8	SetPauseLevel	bq::act::FiberManHolder<bd01::event::Map07_BoardInstExp>	a	a	0		undefined SetPauseLevel(long param_1)
7100102790	36	~__shared_ptr_pointer	std::__shared_ptr_pointer<bd01::event::Map07_BoardInstExp*,std::shared_ptr<bd01::event::Map07_BoardInstExp>::__shared_ptr_default_delete<bd01::event::Map07_BoardInstExp,bd01::event::Map07_BoardInstExp>,std::allocator<bd01::event::Map07_BoardInstExp>>	a	a	0		undefined ~__shared_ptr_pointer(__shared_ptr_pointer<bd01::event::Map07_BoardInstExp*,std::shared_ptr<bd01::event::Map07_BoardInstExp>::__shared_ptr_default_delete<bd01::event::Map07_BoardInstExp,bd01::event::Map07_BoardInstExp>,std::allocator<bd01::event::Map07_BoardInstExp>> * this)
71001027b4	24	__on_zero_shared	std::__shared_ptr_pointer<bd01::event::Map07_BoardInstExp*,std::shared_ptr<bd01::event::Map07_BoardInstExp>::__shared_ptr_default_delete<bd01::event::Map07_BoardInstExp,bd01::event::Map07_BoardInstExp>,std::allocator<bd01::event::Map07_BoardInstExp>>	a	a	0		undefined __on_zero_shared(__shared_ptr_pointer<bd01::event::Map07_BoardInstExp*,std::shared_ptr<bd01::event::Map07_BoardInstExp>::__shared_ptr_default_delete<bd01::event::Map07_BoardInstExp,bd01::event::Map07_BoardInstExp>,std::allocator<bd01::event::Map07_BoardInstExp>> * this)
71001027cc	4	__on_zero_shared_weak	std::__shared_ptr_pointer<bd01::event::Map07_BoardInstExp*,std::shared_ptr<bd01::event::Map07_BoardInstExp>::__shared_ptr_default_delete<bd01::event::Map07_BoardInstExp,bd01::event::Map07_BoardInstExp>,std::allocator<bd01::event::Map07_BoardInstExp>>	a	a	0		undefined __on_zero_shared_weak(__shared_ptr_pointer<bd01::event::Map07_BoardInstExp*,std::shared_ptr<bd01::event::Map07_BoardInstExp>::__shared_ptr_default_delete<bd01::event::Map07_BoardInstExp,bd01::event::Map07_BoardInstExp>,std::allocator<bd01::event::Map07_BoardInstExp>> * this)
71001027d0	292	AddFiber<bd01::event::Map03_BoardInstStarMass>	bq::act::Man	a	a	0		weak_ptr AddFiber<bd01::event::Map03_BoardInstStarMass>(long * param_1_00, long * param_2, long param_3)
7100102938	36	~__shared_ptr_pointer	std::__shared_ptr_pointer<bq::act::FiberManHolder<bd01::event::Map03_BoardInstStarMass>*,std::shared_ptr<bq::act::Base>::__shared_ptr_default_delete<bq::act::Base,bq::act::FiberManHolder<bd01::event::Map03_BoardInstStarMass>>,std::allocator<bq::act::FiberManHolder<bd01::event::Map03_BoardInstStarMass>>>	a	a	0		undefined ~__shared_ptr_pointer(__shared_ptr_pointer<bq::act::FiberManHolder<bd01::event::Map03_BoardInstStarMass>*,std::shared_ptr<bq::act::Base>::__shared_ptr_default_delete<bq::act::Base,bq::act::FiberManHolder<bd01::event::Map03_BoardInstStarMass>>,std::allocator<bq::act::FiberManHolder<bd01::event::Map03_BoardInstStarMass>>> * this)
710010295c	24	__on_zero_shared	std::__shared_ptr_pointer<bq::act::FiberManHolder<bd01::event::Map03_BoardInstStarMass>*,std::shared_ptr<bq::act::Base>::__shared_ptr_default_delete<bq::act::Base,bq::act::FiberManHolder<bd01::event::Map03_BoardInstStarMass>>,std::allocator<bq::act::FiberManHolder<bd01::event::Map03_BoardInstStarMass>>>	a	a	0		undefined __on_zero_shared(__shared_ptr_pointer<bq::act::FiberManHolder<bd01::event::Map03_BoardInstStarMass>*,std::shared_ptr<bq::act::Base>::__shared_ptr_default_delete<bq::act::Base,bq::act::FiberManHolder<bd01::event::Map03_BoardInstStarMass>>,std::allocator<bq::act::FiberManHolder<bd01::event::Map03_BoardInstStarMass>>> * this)
7100102974	4	__on_zero_shared_weak	std::__shared_ptr_pointer<bq::act::FiberManHolder<bd01::event::Map03_BoardInstStarMass>*,std::shared_ptr<bq::act::Base>::__shared_ptr_default_delete<bq::act::Base,bq::act::FiberManHolder<bd01::event::Map03_BoardInstStarMass>>,std::allocator<bq::act::FiberManHolder<bd01::event::Map03_BoardInstStarMass>>>	a	a	0		undefined __on_zero_shared_weak(__shared_ptr_pointer<bq::act::FiberManHolder<bd01::event::Map03_BoardInstStarMass>*,std::shared_ptr<bq::act::Base>::__shared_ptr_default_delete<bq::act::Base,bq::act::FiberManHolder<bd01::event::Map03_BoardInstStarMass>>,std::allocator<bq::act::FiberManHolder<bd01::event::Map03_BoardInstStarMass>>> * this)
7100102980	96	~FiberManHolder	bq::act::FiberManHolder<bd01::event::Map03_BoardInstStarMass>	a	a	0		undefined ~FiberManHolder(FiberManHolder<bd01::event::Map03_BoardInstStarMass> * this)
71001029e0	108	~FiberManHolder	bq::act::FiberManHolder<bd01::event::Map03_BoardInstStarMass>	a	a	0		undefined ~FiberManHolder(FiberManHolder<bd01::event::Map03_BoardInstStarMass> * this)
7100102a4c	32	IsProc	bq::act::FiberManHolder<bd01::event::Map03_BoardInstStarMass>	a	a	0		uint IsProc(void)
7100102a6c	12	IsObject	bq::act::FiberManHolder<bd01::event::Map03_BoardInstStarMass>	a	a	0		undefined IsObject(long param_1)
7100102a78	8	SetPauseLevel	bq::act::FiberManHolder<bd01::event::Map03_BoardInstStarMass>	a	a	0		undefined SetPauseLevel(long param_1)
7100102a80	36	~__shared_ptr_pointer	std::__shared_ptr_pointer<bd01::event::Map03_BoardInstStarMass*,std::shared_ptr<bd01::event::Map03_BoardInstStarMass>::__shared_ptr_default_delete<bd01::event::Map03_BoardInstStarMass,bd01::event::Map03_BoardInstStarMass>,std::allocator<bd01::event::Map03_BoardInstStarMass>>	a	a	0		undefined ~__shared_ptr_pointer(__shared_ptr_pointer<bd01::event::Map03_BoardInstStarMass*,std::shared_ptr<bd01::event::Map03_BoardInstStarMass>::__shared_ptr_default_delete<bd01::event::Map03_BoardInstStarMass,bd01::event::Map03_BoardInstStarMass>,std::allocator<bd01::event::Map03_BoardInstStarMass>> * this)
7100102aa4	24	__on_zero_shared	std::__shared_ptr_pointer<bd01::event::Map03_BoardInstStarMass*,std::shared_ptr<bd01::event::Map03_BoardInstStarMass>::__shared_ptr_default_delete<bd01::event::Map03_BoardInstStarMass,bd01::event::Map03_BoardInstStarMass>,std::allocator<bd01::event::Map03_BoardInstStarMass>>	a	a	0		undefined __on_zero_shared(__shared_ptr_pointer<bd01::event::Map03_BoardInstStarMass*,std::shared_ptr<bd01::event::Map03_BoardInstStarMass>::__shared_ptr_default_delete<bd01::event::Map03_BoardInstStarMass,bd01::event::Map03_BoardInstStarMass>,std::allocator<bd01::event::Map03_BoardInstStarMass>> * this)
7100102abc	4	__on_zero_shared_weak	std::__shared_ptr_pointer<bd01::event::Map03_BoardInstStarMass*,std::shared_ptr<bd01::event::Map03_BoardInstStarMass>::__shared_ptr_default_delete<bd01::event::Map03_BoardInstStarMass,bd01::event::Map03_BoardInstStarMass>,std::allocator<bd01::event::Map03_BoardInstStarMass>>	a	a	0		undefined __on_zero_shared_weak(__shared_ptr_pointer<bd01::event::Map03_BoardInstStarMass*,std::shared_ptr<bd01::event::Map03_BoardInstStarMass>::__shared_ptr_default_delete<bd01::event::Map03_BoardInstStarMass,bd01::event::Map03_BoardInstStarMass>,std::allocator<bd01::event::Map03_BoardInstStarMass>> * this)
7100102ac0	292	AddFiber<bd01::event::BoardInst::OpeningSkip>	bq::act::Man	a	a	0		weak_ptr AddFiber<bd01::event::BoardInst::OpeningSkip>(long * param_1_00, long * param_2, long param_3)
7100102c28	36	~__shared_ptr_pointer	std::__shared_ptr_pointer<bq::act::FiberManHolder<bd01::event::BoardInst::OpeningSkip>*,std::shared_ptr<bq::act::Base>::__shared_ptr_default_delete<bq::act::Base,bq::act::FiberManHolder<bd01::event::BoardInst::OpeningSkip>>,std::allocator<bq::act::FiberManHolder<bd01::event::BoardInst::OpeningSkip>>>	a	a	0		undefined ~__shared_ptr_pointer(__shared_ptr_pointer<bq::act::FiberManHolder<bd01::event::BoardInst::OpeningSkip>*,std::shared_ptr<bq::act::Base>::__shared_ptr_default_delete<bq::act::Base,bq::act::FiberManHolder<bd01::event::BoardInst::OpeningSkip>>,std::allocator<bq::act::FiberManHolder<bd01::event::BoardInst::OpeningSkip>>> * this)
7100102c4c	24	__on_zero_shared	std::__shared_ptr_pointer<bq::act::FiberManHolder<bd01::event::BoardInst::OpeningSkip>*,std::shared_ptr<bq::act::Base>::__shared_ptr_default_delete<bq::act::Base,bq::act::FiberManHolder<bd01::event::BoardInst::OpeningSkip>>,std::allocator<bq::act::FiberManHolder<bd01::event::BoardInst::OpeningSkip>>>	a	a	0		undefined __on_zero_shared(__shared_ptr_pointer<bq::act::FiberManHolder<bd01::event::BoardInst::OpeningSkip>*,std::shared_ptr<bq::act::Base>::__shared_ptr_default_delete<bq::act::Base,bq::act::FiberManHolder<bd01::event::BoardInst::OpeningSkip>>,std::allocator<bq::act::FiberManHolder<bd01::event::BoardInst::OpeningSkip>>> * this)
7100102c64	4	__on_zero_shared_weak	std::__shared_ptr_pointer<bq::act::FiberManHolder<bd01::event::BoardInst::OpeningSkip>*,std::shared_ptr<bq::act::Base>::__shared_ptr_default_delete<bq::act::Base,bq::act::FiberManHolder<bd01::event::BoardInst::OpeningSkip>>,std::allocator<bq::act::FiberManHolder<bd01::event::BoardInst::OpeningSkip>>>	a	a	0		undefined __on_zero_shared_weak(__shared_ptr_pointer<bq::act::FiberManHolder<bd01::event::BoardInst::OpeningSkip>*,std::shared_ptr<bq::act::Base>::__shared_ptr_default_delete<bq::act::Base,bq::act::FiberManHolder<bd01::event::BoardInst::OpeningSkip>>,std::allocator<bq::act::FiberManHolder<bd01::event::BoardInst::OpeningSkip>>> * this)
7100102c70	96	~FiberManHolder	bq::act::FiberManHolder<bd01::event::BoardInst::OpeningSkip>	a	a	0		undefined ~FiberManHolder(FiberManHolder<bd01::event::BoardInst::OpeningSkip> * this)
7100102cd0	108	~FiberManHolder	bq::act::FiberManHolder<bd01::event::BoardInst::OpeningSkip>	a	a	0		undefined ~FiberManHolder(FiberManHolder<bd01::event::BoardInst::OpeningSkip> * this)
7100102d3c	32	IsProc	bq::act::FiberManHolder<bd01::event::BoardInst::OpeningSkip>	a	a	0		uint IsProc(void)
7100102d5c	12	IsObject	bq::act::FiberManHolder<bd01::event::BoardInst::OpeningSkip>	a	a	0		undefined IsObject(long param_1)
7100102d68	8	SetPauseLevel	bq::act::FiberManHolder<bd01::event::BoardInst::OpeningSkip>	a	a	0		undefined SetPauseLevel(long param_1)
7100102d70	36	~__shared_ptr_pointer	std::__shared_ptr_pointer<bd01::event::BoardInst::OpeningSkip*,std::shared_ptr<bd01::event::BoardInst::OpeningSkip>::__shared_ptr_default_delete<bd01::event::BoardInst::OpeningSkip,bd01::event::BoardInst::OpeningSkip>,std::allocator<bd01::event::BoardInst::OpeningSkip>>	a	a	0		undefined ~__shared_ptr_pointer(__shared_ptr_pointer<bd01::event::BoardInst::OpeningSkip*,std::shared_ptr<bd01::event::BoardInst::OpeningSkip>::__shared_ptr_default_delete<bd01::event::BoardInst::OpeningSkip,bd01::event::BoardInst::OpeningSkip>,std::allocator<bd01::event::BoardInst::OpeningSkip>> * this)
7100102d94	24	__on_zero_shared	std::__shared_ptr_pointer<bd01::event::BoardInst::OpeningSkip*,std::shared_ptr<bd01::event::BoardInst::OpeningSkip>::__shared_ptr_default_delete<bd01::event::BoardInst::OpeningSkip,bd01::event::BoardInst::OpeningSkip>,std::allocator<bd01::event::BoardInst::OpeningSkip>>	a	a	0		undefined __on_zero_shared(__shared_ptr_pointer<bd01::event::BoardInst::OpeningSkip*,std::shared_ptr<bd01::event::BoardInst::OpeningSkip>::__shared_ptr_default_delete<bd01::event::BoardInst::OpeningSkip,bd01::event::BoardInst::OpeningSkip>,std::allocator<bd01::event::BoardInst::OpeningSkip>> * this)
7100102dac	4	__on_zero_shared_weak	std::__shared_ptr_pointer<bd01::event::BoardInst::OpeningSkip*,std::shared_ptr<bd01::event::BoardInst::OpeningSkip>::__shared_ptr_default_delete<bd01::event::BoardInst::OpeningSkip,bd01::event::BoardInst::OpeningSkip>,std::allocator<bd01::event::BoardInst::OpeningSkip>>	a	a	0		undefined __on_zero_shared_weak(__shared_ptr_pointer<bd01::event::BoardInst::OpeningSkip*,std::shared_ptr<bd01::event::BoardInst::OpeningSkip>::__shared_ptr_default_delete<bd01::event::BoardInst::OpeningSkip,bd01::event::BoardInst::OpeningSkip>,std::allocator<bd01::event::BoardInst::OpeningSkip>> * this)
7100102db0	36	FUN_7100102db0		d	a	0		undefined FUN_7100102db0(__shared_weak_count * param_1)
7100102df0	96	FUN_7100102df0		d	a	0		undefined FUN_7100102df0(long param_1)
7100102e50	108	FUN_7100102e50		d	a	0		undefined FUN_7100102e50(void * param_1)
7100102ebc	32	FUN_7100102ebc		d	a	0		uint FUN_7100102ebc(void)
7100102ef0	36	FUN_7100102ef0		d	a	0		undefined FUN_7100102ef0(__shared_weak_count * param_1)
7100102f30	36	FUN_7100102f30		d	a	0		undefined FUN_7100102f30(__shared_weak_count * param_1)
7100102f70	96	FUN_7100102f70		d	a	0		undefined FUN_7100102f70(long param_1)
7100102fd0	108	FUN_7100102fd0		d	a	0		undefined FUN_7100102fd0(void * param_1)
710010303c	32	FUN_710010303c		d	a	0		uint FUN_710010303c(void)
7100103070	36	FUN_7100103070		d	a	0		undefined FUN_7100103070(__shared_weak_count * param_1)
71001030b0	4	~IntpPosition	bq::act::IntpPosition<bd01::LayoutBase,nn::util::Vector3f>	a	a	0		undefined ~IntpPosition(IntpPosition<bd01::LayoutBase,nn::util::Vector3f> * this)
71001030b4	256	Proc	bq::act::IntpPosition<bd01::LayoutBase,nn::util::Vector3f>	a	a	0		undefined Proc(IntpPosition<bd01::LayoutBase,nn::util::Vector3f> * this)
71001031b4	24	IsProc	bq::act::IntpBase<bd01::LayoutBase,nn::util::Vector3f>	a	a	0		bool IsProc(IntpBase<bd01::LayoutBase,nn::util::Vector3f> * this)
71001031cc	36	~__shared_ptr_pointer	std::__shared_ptr_pointer<bq::act::IntpPosition<bd01::LayoutBase,nn::util::Vector3f>*,std::shared_ptr<bq::act::Base>::__shared_ptr_default_delete<bq::act::Base,bq::act::IntpPosition<bd01::LayoutBase,nn::util::Vector3f>>,std::allocator<bq::act::IntpPosition<bd01::LayoutBase,nn::util::Vector3f>>>	a	a	0		undefined ~__shared_ptr_pointer(__shared_ptr_pointer<bq::act::IntpPosition<bd01::LayoutBase,nn::util::Vector3f>*,std::shared_ptr<bq::act::Base>::__shared_ptr_default_delete<bq::act::Base,bq::act::IntpPosition<bd01::LayoutBase,nn::util::Vector3f>>,std::allocator<bq::act::IntpPosition<bd01::LayoutBase,nn::util::Vector3f>>> * this)
71001031f0	24	__on_zero_shared	std::__shared_ptr_pointer<bq::act::IntpPosition<bd01::LayoutBase,nn::util::Vector3f>*,std::shared_ptr<bq::act::Base>::__shared_ptr_default_delete<bq::act::Base,bq::act::IntpPosition<bd01::LayoutBase,nn::util::Vector3f>>,std::allocator<bq::act::IntpPosition<bd01::LayoutBase,nn::util::Vector3f>>>	a	a	0		undefined __on_zero_shared(__shared_ptr_pointer<bq::act::IntpPosition<bd01::LayoutBase,nn::util::Vector3f>*,std::shared_ptr<bq::act::Base>::__shared_ptr_default_delete<bq::act::Base,bq::act::IntpPosition<bd01::LayoutBase,nn::util::Vector3f>>,std::allocator<bq::act::IntpPosition<bd01::LayoutBase,nn::util::Vector3f>>> * this)
7100103208	4	__on_zero_shared_weak	std::__shared_ptr_pointer<bq::act::IntpPosition<bd01::LayoutBase,nn::util::Vector3f>*,std::shared_ptr<bq::act::Base>::__shared_ptr_default_delete<bq::act::Base,bq::act::IntpPosition<bd01::LayoutBase,nn::util::Vector3f>>,std::allocator<bq::act::IntpPosition<bd01::LayoutBase,nn::util::Vector3f>>>	a	a	0		undefined __on_zero_shared_weak(__shared_ptr_pointer<bq::act::IntpPosition<bd01::LayoutBase,nn::util::Vector3f>*,std::shared_ptr<bq::act::Base>::__shared_ptr_default_delete<bq::act::Base,bq::act::IntpPosition<bd01::LayoutBase,nn::util::Vector3f>>,std::allocator<bq::act::IntpPosition<bd01::LayoutBase,nn::util::Vector3f>>> * this)
710010320c	4	~IntpPosition	bq::act::IntpPosition<bd01::UIStatusPlayer,nn::util::Vector3f>	a	a	0		undefined ~IntpPosition(IntpPosition<bd01::UIStatusPlayer,nn::util::Vector3f> * this)
7100103210	256	Proc	bq::act::IntpPosition<bd01::UIStatusPlayer,nn::util::Vector3f>	a	a	0		undefined Proc(IntpPosition<bd01::UIStatusPlayer,nn::util::Vector3f> * this)
7100103310	24	IsProc	bq::act::IntpBase<bd01::UIStatusPlayer,nn::util::Vector3f>	a	a	0		bool IsProc(IntpBase<bd01::UIStatusPlayer,nn::util::Vector3f> * this)
7100103328	36	~__shared_ptr_pointer	std::__shared_ptr_pointer<bq::act::IntpPosition<bd01::UIStatusPlayer,nn::util::Vector3f>*,std::shared_ptr<bq::act::Base>::__shared_ptr_default_delete<bq::act::Base,bq::act::IntpPosition<bd01::UIStatusPlayer,nn::util::Vector3f>>,std::allocator<bq::act::IntpPosition<bd01::UIStatusPlayer,nn::util::Vector3f>>>	a	a	0		undefined ~__shared_ptr_pointer(__shared_ptr_pointer<bq::act::IntpPosition<bd01::UIStatusPlayer,nn::util::Vector3f>*,std::shared_ptr<bq::act::Base>::__shared_ptr_default_delete<bq::act::Base,bq::act::IntpPosition<bd01::UIStatusPlayer,nn::util::Vector3f>>,std::allocator<bq::act::IntpPosition<bd01::UIStatusPlayer,nn::util::Vector3f>>> * this)
710010334c	24	__on_zero_shared	std::__shared_ptr_pointer<bq::act::IntpPosition<bd01::UIStatusPlayer,nn::util::Vector3f>*,std::shared_ptr<bq::act::Base>::__shared_ptr_default_delete<bq::act::Base,bq::act::IntpPosition<bd01::UIStatusPlayer,nn::util::Vector3f>>,std::allocator<bq::act::IntpPosition<bd01::UIStatusPlayer,nn::util::Vector3f>>>	a	a	0		undefined __on_zero_shared(__shared_ptr_pointer<bq::act::IntpPosition<bd01::UIStatusPlayer,nn::util::Vector3f>*,std::shared_ptr<bq::act::Base>::__shared_ptr_default_delete<bq::act::Base,bq::act::IntpPosition<bd01::UIStatusPlayer,nn::util::Vector3f>>,std::allocator<bq::act::IntpPosition<bd01::UIStatusPlayer,nn::util::Vector3f>>> * this)
7100103364	4	__on_zero_shared_weak	std::__shared_ptr_pointer<bq::act::IntpPosition<bd01::UIStatusPlayer,nn::util::Vector3f>*,std::shared_ptr<bq::act::Base>::__shared_ptr_default_delete<bq::act::Base,bq::act::IntpPosition<bd01::UIStatusPlayer,nn::util::Vector3f>>,std::allocator<bq::act::IntpPosition<bd01::UIStatusPlayer,nn::util::Vector3f>>>	a	a	0		undefined __on_zero_shared_weak(__shared_ptr_pointer<bq::act::IntpPosition<bd01::UIStatusPlayer,nn::util::Vector3f>*,std::shared_ptr<bq::act::Base>::__shared_ptr_default_delete<bq::act::Base,bq::act::IntpPosition<bd01::UIStatusPlayer,nn::util::Vector3f>>,std::allocator<bq::act::IntpPosition<bd01::UIStatusPlayer,nn::util::Vector3f>>> * this)
7100103370	292	AddFiber<bd01::event::CoinGet>	bq::act::Man	a	a	0		weak_ptr AddFiber<bd01::event::CoinGet>(long * param_1_00, long * param_2, long param_3)
71001034d8	36	~__shared_ptr_pointer	std::__shared_ptr_pointer<bq::act::FiberManHolder<bd01::event::CoinGet>*,std::shared_ptr<bq::act::Base>::__shared_ptr_default_delete<bq::act::Base,bq::act::FiberManHolder<bd01::event::CoinGet>>,std::allocator<bq::act::FiberManHolder<bd01::event::CoinGet>>>	a	a	0		undefined ~__shared_ptr_pointer(__shared_ptr_pointer<bq::act::FiberManHolder<bd01::event::CoinGet>*,std::shared_ptr<bq::act::Base>::__shared_ptr_default_delete<bq::act::Base,bq::act::FiberManHolder<bd01::event::CoinGet>>,std::allocator<bq::act::FiberManHolder<bd01::event::CoinGet>>> * this)
71001034fc	24	__on_zero_shared	std::__shared_ptr_pointer<bq::act::FiberManHolder<bd01::event::CoinGet>*,std::shared_ptr<bq::act::Base>::__shared_ptr_default_delete<bq::act::Base,bq::act::FiberManHolder<bd01::event::CoinGet>>,std::allocator<bq::act::FiberManHolder<bd01::event::CoinGet>>>	a	a	0		undefined __on_zero_shared(__shared_ptr_pointer<bq::act::FiberManHolder<bd01::event::CoinGet>*,std::shared_ptr<bq::act::Base>::__shared_ptr_default_delete<bq::act::Base,bq::act::FiberManHolder<bd01::event::CoinGet>>,std::allocator<bq::act::FiberManHolder<bd01::event::CoinGet>>> * this)
7100103514	4	__on_zero_shared_weak	std::__shared_ptr_pointer<bq::act::FiberManHolder<bd01::event::CoinGet>*,std::shared_ptr<bq::act::Base>::__shared_ptr_default_delete<bq::act::Base,bq::act::FiberManHolder<bd01::event::CoinGet>>,std::allocator<bq::act::FiberManHolder<bd01::event::CoinGet>>>	a	a	0		undefined __on_zero_shared_weak(__shared_ptr_pointer<bq::act::FiberManHolder<bd01::event::CoinGet>*,std::shared_ptr<bq::act::Base>::__shared_ptr_default_delete<bq::act::Base,bq::act::FiberManHolder<bd01::event::CoinGet>>,std::allocator<bq::act::FiberManHolder<bd01::event::CoinGet>>> * this)
7100103520	96	~FiberManHolder	bq::act::FiberManHolder<bd01::event::CoinGet>	a	a	0		undefined ~FiberManHolder(FiberManHolder<bd01::event::CoinGet> * this)
7100103580	108	~FiberManHolder	bq::act::FiberManHolder<bd01::event::CoinGet>	a	a	0		undefined ~FiberManHolder(FiberManHolder<bd01::event::CoinGet> * this)
71001035ec	32	IsProc	bq::act::FiberManHolder<bd01::event::CoinGet>	a	a	0		uint IsProc(void)
710010360c	12	IsObject	bq::act::FiberManHolder<bd01::event::CoinGet>	a	a	0		undefined IsObject(long param_1)
7100103618	8	SetPauseLevel	bq::act::FiberManHolder<bd01::event::CoinGet>	a	a	0		undefined SetPauseLevel(long param_1)
7100103620	36	~__shared_ptr_pointer	std::__shared_ptr_pointer<bd01::event::CoinGet*,std::shared_ptr<bd01::event::CoinGet>::__shared_ptr_default_delete<bd01::event::CoinGet,bd01::event::CoinGet>,std::allocator<bd01::event::CoinGet>>	a	a	0		undefined ~__shared_ptr_pointer(__shared_ptr_pointer<bd01::event::CoinGet*,std::shared_ptr<bd01::event::CoinGet>::__shared_ptr_default_delete<bd01::event::CoinGet,bd01::event::CoinGet>,std::allocator<bd01::event::CoinGet>> * this)
7100103644	24	__on_zero_shared	std::__shared_ptr_pointer<bd01::event::CoinGet*,std::shared_ptr<bd01::event::CoinGet>::__shared_ptr_default_delete<bd01::event::CoinGet,bd01::event::CoinGet>,std::allocator<bd01::event::CoinGet>>	a	a	0		undefined __on_zero_shared(__shared_ptr_pointer<bd01::event::CoinGet*,std::shared_ptr<bd01::event::CoinGet>::__shared_ptr_default_delete<bd01::event::CoinGet,bd01::event::CoinGet>,std::allocator<bd01::event::CoinGet>> * this)
710010365c	4	__on_zero_shared_weak	std::__shared_ptr_pointer<bd01::event::CoinGet*,std::shared_ptr<bd01::event::CoinGet>::__shared_ptr_default_delete<bd01::event::CoinGet,bd01::event::CoinGet>,std::allocator<bd01::event::CoinGet>>	a	a	0		undefined __on_zero_shared_weak(__shared_ptr_pointer<bd01::event::CoinGet*,std::shared_ptr<bd01::event::CoinGet>::__shared_ptr_default_delete<bd01::event::CoinGet,bd01::event::CoinGet>,std::allocator<bd01::event::CoinGet>> * this)
7100103660	292	AddFiber<bd01::event::StarSpotAppear>	bq::act::Man	a	a	0		weak_ptr AddFiber<bd01::event::StarSpotAppear>(long * param_1_00, long * param_2, long param_3)
71001037c8	36	~__shared_ptr_pointer	std::__shared_ptr_pointer<bq::act::FiberManHolder<bd01::event::StarSpotAppear>*,std::shared_ptr<bq::act::Base>::__shared_ptr_default_delete<bq::act::Base,bq::act::FiberManHolder<bd01::event::StarSpotAppear>>,std::allocator<bq::act::FiberManHolder<bd01::event::StarSpotAppear>>>	a	a	0		undefined ~__shared_ptr_pointer(__shared_ptr_pointer<bq::act::FiberManHolder<bd01::event::StarSpotAppear>*,std::shared_ptr<bq::act::Base>::__shared_ptr_default_delete<bq::act::Base,bq::act::FiberManHolder<bd01::event::StarSpotAppear>>,std::allocator<bq::act::FiberManHolder<bd01::event::StarSpotAppear>>> * this)
71001037ec	24	__on_zero_shared	std::__shared_ptr_pointer<bq::act::FiberManHolder<bd01::event::StarSpotAppear>*,std::shared_ptr<bq::act::Base>::__shared_ptr_default_delete<bq::act::Base,bq::act::FiberManHolder<bd01::event::StarSpotAppear>>,std::allocator<bq::act::FiberManHolder<bd01::event::StarSpotAppear>>>	a	a	0		undefined __on_zero_shared(__shared_ptr_pointer<bq::act::FiberManHolder<bd01::event::StarSpotAppear>*,std::shared_ptr<bq::act::Base>::__shared_ptr_default_delete<bq::act::Base,bq::act::FiberManHolder<bd01::event::StarSpotAppear>>,std::allocator<bq::act::FiberManHolder<bd01::event::StarSpotAppear>>> * this)
7100103804	4	__on_zero_shared_weak	std::__shared_ptr_pointer<bq::act::FiberManHolder<bd01::event::StarSpotAppear>*,std::shared_ptr<bq::act::Base>::__shared_ptr_default_delete<bq::act::Base,bq::act::FiberManHolder<bd01::event::StarSpotAppear>>,std::allocator<bq::act::FiberManHolder<bd01::event::StarSpotAppear>>>	a	a	0		undefined __on_zero_shared_weak(__shared_ptr_pointer<bq::act::FiberManHolder<bd01::event::StarSpotAppear>*,std::shared_ptr<bq::act::Base>::__shared_ptr_default_delete<bq::act::Base,bq::act::FiberManHolder<bd01::event::StarSpotAppear>>,std::allocator<bq::act::FiberManHolder<bd01::event::StarSpotAppear>>> * this)
7100103810	96	~FiberManHolder	bq::act::FiberManHolder<bd01::event::StarSpotAppear>	a	a	0		undefined ~FiberManHolder(FiberManHolder<bd01::event::StarSpotAppear> * this)
7100103870	108	~FiberManHolder	bq::act::FiberManHolder<bd01::event::StarSpotAppear>	a	a	0		undefined ~FiberManHolder(FiberManHolder<bd01::event::StarSpotAppear> * this)
71001038dc	32	IsProc	bq::act::FiberManHolder<bd01::event::StarSpotAppear>	a	a	0		uint IsProc(void)
71001038fc	12	IsObject	bq::act::FiberManHolder<bd01::event::StarSpotAppear>	a	a	0		undefined IsObject(long param_1)
7100103908	8	SetPauseLevel	bq::act::FiberManHolder<bd01::event::StarSpotAppear>	a	a	0		undefined SetPauseLevel(long param_1)
7100103910	36	~__shared_ptr_pointer	std::__shared_ptr_pointer<bd01::event::StarSpotAppear*,std::shared_ptr<bd01::event::StarSpotAppear>::__shared_ptr_default_delete<bd01::event::StarSpotAppear,bd01::event::StarSpotAppear>,std::allocator<bd01::event::StarSpotAppear>>	a	a	0		undefined ~__shared_ptr_pointer(__shared_ptr_pointer<bd01::event::StarSpotAppear*,std::shared_ptr<bd01::event::StarSpotAppear>::__shared_ptr_default_delete<bd01::event::StarSpotAppear,bd01::event::StarSpotAppear>,std::allocator<bd01::event::StarSpotAppear>> * this)
7100103934	24	__on_zero_shared	std::__shared_ptr_pointer<bd01::event::StarSpotAppear*,std::shared_ptr<bd01::event::StarSpotAppear>::__shared_ptr_default_delete<bd01::event::StarSpotAppear,bd01::event::StarSpotAppear>,std::allocator<bd01::event::StarSpotAppear>>	a	a	0		undefined __on_zero_shared(__shared_ptr_pointer<bd01::event::StarSpotAppear*,std::shared_ptr<bd01::event::StarSpotAppear>::__shared_ptr_default_delete<bd01::event::StarSpotAppear,bd01::event::StarSpotAppear>,std::allocator<bd01::event::StarSpotAppear>> * this)
710010394c	4	__on_zero_shared_weak	std::__shared_ptr_pointer<bd01::event::StarSpotAppear*,std::shared_ptr<bd01::event::StarSpotAppear>::__shared_ptr_default_delete<bd01::event::StarSpotAppear,bd01::event::StarSpotAppear>,std::allocator<bd01::event::StarSpotAppear>>	a	a	0		undefined __on_zero_shared_weak(__shared_ptr_pointer<bd01::event::StarSpotAppear*,std::shared_ptr<bd01::event::StarSpotAppear>::__shared_ptr_default_delete<bd01::event::StarSpotAppear,bd01::event::StarSpotAppear>,std::allocator<bd01::event::StarSpotAppear>> * this)
7100103950	292	AddFiber<bd01::event::ItemGet>	bq::act::Man	a	a	0		weak_ptr AddFiber<bd01::event::ItemGet>(long * param_1_00, long * param_2, long param_3)
7100103ab8	36	~__shared_ptr_pointer	std::__shared_ptr_pointer<bq::act::FiberManHolder<bd01::event::ItemGet>*,std::shared_ptr<bq::act::Base>::__shared_ptr_default_delete<bq::act::Base,bq::act::FiberManHolder<bd01::event::ItemGet>>,std::allocator<bq::act::FiberManHolder<bd01::event::ItemGet>>>	a	a	0		undefined ~__shared_ptr_pointer(__shared_ptr_pointer<bq::act::FiberManHolder<bd01::event::ItemGet>*,std::shared_ptr<bq::act::Base>::__shared_ptr_default_delete<bq::act::Base,bq::act::FiberManHolder<bd01::event::ItemGet>>,std::allocator<bq::act::FiberManHolder<bd01::event::ItemGet>>> * this)
7100103adc	24	__on_zero_shared	std::__shared_ptr_pointer<bq::act::FiberManHolder<bd01::event::ItemGet>*,std::shared_ptr<bq::act::Base>::__shared_ptr_default_delete<bq::act::Base,bq::act::FiberManHolder<bd01::event::ItemGet>>,std::allocator<bq::act::FiberManHolder<bd01::event::ItemGet>>>	a	a	0		undefined __on_zero_shared(__shared_ptr_pointer<bq::act::FiberManHolder<bd01::event::ItemGet>*,std::shared_ptr<bq::act::Base>::__shared_ptr_default_delete<bq::act::Base,bq::act::FiberManHolder<bd01::event::ItemGet>>,std::allocator<bq::act::FiberManHolder<bd01::event::ItemGet>>> * this)
7100103af4	4	__on_zero_shared_weak	std::__shared_ptr_pointer<bq::act::FiberManHolder<bd01::event::ItemGet>*,std::shared_ptr<bq::act::Base>::__shared_ptr_default_delete<bq::act::Base,bq::act::FiberManHolder<bd01::event::ItemGet>>,std::allocator<bq::act::FiberManHolder<bd01::event::ItemGet>>>	a	a	0		undefined __on_zero_shared_weak(__shared_ptr_pointer<bq::act::FiberManHolder<bd01::event::ItemGet>*,std::shared_ptr<bq::act::Base>::__shared_ptr_default_delete<bq::act::Base,bq::act::FiberManHolder<bd01::event::ItemGet>>,std::allocator<bq::act::FiberManHolder<bd01::event::ItemGet>>> * this)
7100103b00	96	~FiberManHolder	bq::act::FiberManHolder<bd01::event::ItemGet>	a	a	0		undefined ~FiberManHolder(FiberManHolder<bd01::event::ItemGet> * this)
7100103b60	108	~FiberManHolder	bq::act::FiberManHolder<bd01::event::ItemGet>	a	a	0		undefined ~FiberManHolder(FiberManHolder<bd01::event::ItemGet> * this)
7100103bcc	32	IsProc	bq::act::FiberManHolder<bd01::event::ItemGet>	a	a	0		uint IsProc(void)
7100103bec	12	IsObject	bq::act::FiberManHolder<bd01::event::ItemGet>	a	a	0		undefined IsObject(long param_1)
7100103bf8	8	SetPauseLevel	bq::act::FiberManHolder<bd01::event::ItemGet>	a	a	0		undefined SetPauseLevel(long param_1)
7100103c00	36	~__shared_ptr_pointer	std::__shared_ptr_pointer<bd01::event::ItemGet*,std::shared_ptr<bd01::event::ItemGet>::__shared_ptr_default_delete<bd01::event::ItemGet,bd01::event::ItemGet>,std::allocator<bd01::event::ItemGet>>	a	a	0		undefined ~__shared_ptr_pointer(__shared_ptr_pointer<bd01::event::ItemGet*,std::shared_ptr<bd01::event::ItemGet>::__shared_ptr_default_delete<bd01::event::ItemGet,bd01::event::ItemGet>,std::allocator<bd01::event::ItemGet>> * this)
7100103c24	24	__on_zero_shared	std::__shared_ptr_pointer<bd01::event::ItemGet*,std::shared_ptr<bd01::event::ItemGet>::__shared_ptr_default_delete<bd01::event::ItemGet,bd01::event::ItemGet>,std::allocator<bd01::event::ItemGet>>	a	a	0		undefined __on_zero_shared(__shared_ptr_pointer<bd01::event::ItemGet*,std::shared_ptr<bd01::event::ItemGet>::__shared_ptr_default_delete<bd01::event::ItemGet,bd01::event::ItemGet>,std::allocator<bd01::event::ItemGet>> * this)
7100103c3c	4	__on_zero_shared_weak	std::__shared_ptr_pointer<bd01::event::ItemGet*,std::shared_ptr<bd01::event::ItemGet>::__shared_ptr_default_delete<bd01::event::ItemGet,bd01::event::ItemGet>,std::allocator<bd01::event::ItemGet>>	a	a	0		undefined __on_zero_shared_weak(__shared_ptr_pointer<bd01::event::ItemGet*,std::shared_ptr<bd01::event::ItemGet>::__shared_ptr_default_delete<bd01::event::ItemGet,bd01::event::ItemGet>,std::allocator<bd01::event::ItemGet>> * this)
7100103c40	292	AddFiber<bd01::event::Map04_QuestInstOpening>	bq::act::Man	a	a	0		weak_ptr AddFiber<bd01::event::Map04_QuestInstOpening>(long * param_1_00, long * param_2, long param_3)
7100103da8	36	~__shared_ptr_pointer	std::__shared_ptr_pointer<bq::act::FiberManHolder<bd01::event::Map04_QuestInstOpening>*,std::shared_ptr<bq::act::Base>::__shared_ptr_default_delete<bq::act::Base,bq::act::FiberManHolder<bd01::event::Map04_QuestInstOpening>>,std::allocator<bq::act::FiberManHolder<bd01::event::Map04_QuestInstOpening>>>	a	a	0		undefined ~__shared_ptr_pointer(__shared_ptr_pointer<bq::act::FiberManHolder<bd01::event::Map04_QuestInstOpening>*,std::shared_ptr<bq::act::Base>::__shared_ptr_default_delete<bq::act::Base,bq::act::FiberManHolder<bd01::event::Map04_QuestInstOpening>>,std::allocator<bq::act::FiberManHolder<bd01::event::Map04_QuestInstOpening>>> * this)
7100103dcc	24	__on_zero_shared	std::__shared_ptr_pointer<bq::act::FiberManHolder<bd01::event::Map04_QuestInstOpening>*,std::shared_ptr<bq::act::Base>::__shared_ptr_default_delete<bq::act::Base,bq::act::FiberManHolder<bd01::event::Map04_QuestInstOpening>>,std::allocator<bq::act::FiberManHolder<bd01::event::Map04_QuestInstOpening>>>	a	a	0		undefined __on_zero_shared(__shared_ptr_pointer<bq::act::FiberManHolder<bd01::event::Map04_QuestInstOpening>*,std::shared_ptr<bq::act::Base>::__shared_ptr_default_delete<bq::act::Base,bq::act::FiberManHolder<bd01::event::Map04_QuestInstOpening>>,std::allocator<bq::act::FiberManHolder<bd01::event::Map04_QuestInstOpening>>> * this)
7100103de4	4	__on_zero_shared_weak	std::__shared_ptr_pointer<bq::act::FiberManHolder<bd01::event::Map04_QuestInstOpening>*,std::shared_ptr<bq::act::Base>::__shared_ptr_default_delete<bq::act::Base,bq::act::FiberManHolder<bd01::event::Map04_QuestInstOpening>>,std::allocator<bq::act::FiberManHolder<bd01::event::Map04_QuestInstOpening>>>	a	a	0		undefined __on_zero_shared_weak(__shared_ptr_pointer<bq::act::FiberManHolder<bd01::event::Map04_QuestInstOpening>*,std::shared_ptr<bq::act::Base>::__shared_ptr_default_delete<bq::act::Base,bq::act::FiberManHolder<bd01::event::Map04_QuestInstOpening>>,std::allocator<bq::act::FiberManHolder<bd01::event::Map04_QuestInstOpening>>> * this)
7100103df0	96	~FiberManHolder	bq::act::FiberManHolder<bd01::event::Map04_QuestInstOpening>	a	a	0		undefined ~FiberManHolder(FiberManHolder<bd01::event::Map04_QuestInstOpening> * this)
7100103e50	108	~FiberManHolder	bq::act::FiberManHolder<bd01::event::Map04_QuestInstOpening>	a	a	0		undefined ~FiberManHolder(FiberManHolder<bd01::event::Map04_QuestInstOpening> * this)
7100103ebc	32	IsProc	bq::act::FiberManHolder<bd01::event::Map04_QuestInstOpening>	a	a	0		uint IsProc(void)
7100103edc	12	IsObject	bq::act::FiberManHolder<bd01::event::Map04_QuestInstOpening>	a	a	0		undefined IsObject(long param_1)
7100103ee8	8	SetPauseLevel	bq::act::FiberManHolder<bd01::event::Map04_QuestInstOpening>	a	a	0		undefined SetPauseLevel(long param_1)
7100103ef0	36	~__shared_ptr_pointer	std::__shared_ptr_pointer<bd01::event::Map04_QuestInstOpening*,std::shared_ptr<bd01::event::Map04_QuestInstOpening>::__shared_ptr_default_delete<bd01::event::Map04_QuestInstOpening,bd01::event::Map04_QuestInstOpening>,std::allocator<bd01::event::Map04_QuestInstOpening>>	a	a	0		undefined ~__shared_ptr_pointer(__shared_ptr_pointer<bd01::event::Map04_QuestInstOpening*,std::shared_ptr<bd01::event::Map04_QuestInstOpening>::__shared_ptr_default_delete<bd01::event::Map04_QuestInstOpening,bd01::event::Map04_QuestInstOpening>,std::allocator<bd01::event::Map04_QuestInstOpening>> * this)
7100103f14	24	__on_zero_shared	std::__shared_ptr_pointer<bd01::event::Map04_QuestInstOpening*,std::shared_ptr<bd01::event::Map04_QuestInstOpening>::__shared_ptr_default_delete<bd01::event::Map04_QuestInstOpening,bd01::event::Map04_QuestInstOpening>,std::allocator<bd01::event::Map04_QuestInstOpening>>	a	a	0		undefined __on_zero_shared(__shared_ptr_pointer<bd01::event::Map04_QuestInstOpening*,std::shared_ptr<bd01::event::Map04_QuestInstOpening>::__shared_ptr_default_delete<bd01::event::Map04_QuestInstOpening,bd01::event::Map04_QuestInstOpening>,std::allocator<bd01::event::Map04_QuestInstOpening>> * this)
7100103f2c	4	__on_zero_shared_weak	std::__shared_ptr_pointer<bd01::event::Map04_QuestInstOpening*,std::shared_ptr<bd01::event::Map04_QuestInstOpening>::__shared_ptr_default_delete<bd01::event::Map04_QuestInstOpening,bd01::event::Map04_QuestInstOpening>,std::allocator<bd01::event::Map04_QuestInstOpening>>	a	a	0		undefined __on_zero_shared_weak(__shared_ptr_pointer<bd01::event::Map04_QuestInstOpening*,std::shared_ptr<bd01::event::Map04_QuestInstOpening>::__shared_ptr_default_delete<bd01::event::Map04_QuestInstOpening,bd01::event::Map04_QuestInstOpening>,std::allocator<bd01::event::Map04_QuestInstOpening>> * this)
7100103f30	292	AddFiber<bd01::event::Map05_QuestInstOpening>	bq::act::Man	a	a	0		weak_ptr AddFiber<bd01::event::Map05_QuestInstOpening>(long * param_1_00, long * param_2, long param_3)
7100104098	36	~__shared_ptr_pointer	std::__shared_ptr_pointer<bq::act::FiberManHolder<bd01::event::Map05_QuestInstOpening>*,std::shared_ptr<bq::act::Base>::__shared_ptr_default_delete<bq::act::Base,bq::act::FiberManHolder<bd01::event::Map05_QuestInstOpening>>,std::allocator<bq::act::FiberManHolder<bd01::event::Map05_QuestInstOpening>>>	a	a	0		undefined ~__shared_ptr_pointer(__shared_ptr_pointer<bq::act::FiberManHolder<bd01::event::Map05_QuestInstOpening>*,std::shared_ptr<bq::act::Base>::__shared_ptr_default_delete<bq::act::Base,bq::act::FiberManHolder<bd01::event::Map05_QuestInstOpening>>,std::allocator<bq::act::FiberManHolder<bd01::event::Map05_QuestInstOpening>>> * this)
71001040bc	24	__on_zero_shared	std::__shared_ptr_pointer<bq::act::FiberManHolder<bd01::event::Map05_QuestInstOpening>*,std::shared_ptr<bq::act::Base>::__shared_ptr_default_delete<bq::act::Base,bq::act::FiberManHolder<bd01::event::Map05_QuestInstOpening>>,std::allocator<bq::act::FiberManHolder<bd01::event::Map05_QuestInstOpening>>>	a	a	0		undefined __on_zero_shared(__shared_ptr_pointer<bq::act::FiberManHolder<bd01::event::Map05_QuestInstOpening>*,std::shared_ptr<bq::act::Base>::__shared_ptr_default_delete<bq::act::Base,bq::act::FiberManHolder<bd01::event::Map05_QuestInstOpening>>,std::allocator<bq::act::FiberManHolder<bd01::event::Map05_QuestInstOpening>>> * this)
71001040d4	4	__on_zero_shared_weak	std::__shared_ptr_pointer<bq::act::FiberManHolder<bd01::event::Map05_QuestInstOpening>*,std::shared_ptr<bq::act::Base>::__shared_ptr_default_delete<bq::act::Base,bq::act::FiberManHolder<bd01::event::Map05_QuestInstOpening>>,std::allocator<bq::act::FiberManHolder<bd01::event::Map05_QuestInstOpening>>>	a	a	0		undefined __on_zero_shared_weak(__shared_ptr_pointer<bq::act::FiberManHolder<bd01::event::Map05_QuestInstOpening>*,std::shared_ptr<bq::act::Base>::__shared_ptr_default_delete<bq::act::Base,bq::act::FiberManHolder<bd01::event::Map05_QuestInstOpening>>,std::allocator<bq::act::FiberManHolder<bd01::event::Map05_QuestInstOpening>>> * this)
71001040e0	96	~FiberManHolder	bq::act::FiberManHolder<bd01::event::Map05_QuestInstOpening>	a	a	0		undefined ~FiberManHolder(FiberManHolder<bd01::event::Map05_QuestInstOpening> * this)
7100104140	108	~FiberManHolder	bq::act::FiberManHolder<bd01::event::Map05_QuestInstOpening>	a	a	0		undefined ~FiberManHolder(FiberManHolder<bd01::event::Map05_QuestInstOpening> * this)
71001041ac	32	IsProc	bq::act::FiberManHolder<bd01::event::Map05_QuestInstOpening>	a	a	0		uint IsProc(void)
71001041cc	12	IsObject	bq::act::FiberManHolder<bd01::event::Map05_QuestInstOpening>	a	a	0		undefined IsObject(long param_1)
71001041d8	8	SetPauseLevel	bq::act::FiberManHolder<bd01::event::Map05_QuestInstOpening>	a	a	0		undefined SetPauseLevel(long param_1)
71001041e0	36	~__shared_ptr_pointer	std::__shared_ptr_pointer<bd01::event::Map05_QuestInstOpening*,std::shared_ptr<bd01::event::Map05_QuestInstOpening>::__shared_ptr_default_delete<bd01::event::Map05_QuestInstOpening,bd01::event::Map05_QuestInstOpening>,std::allocator<bd01::event::Map05_QuestInstOpening>>	a	a	0		undefined ~__shared_ptr_pointer(__shared_ptr_pointer<bd01::event::Map05_QuestInstOpening*,std::shared_ptr<bd01::event::Map05_QuestInstOpening>::__shared_ptr_default_delete<bd01::event::Map05_QuestInstOpening,bd01::event::Map05_QuestInstOpening>,std::allocator<bd01::event::Map05_QuestInstOpening>> * this)
7100104204	24	__on_zero_shared	std::__shared_ptr_pointer<bd01::event::Map05_QuestInstOpening*,std::shared_ptr<bd01::event::Map05_QuestInstOpening>::__shared_ptr_default_delete<bd01::event::Map05_QuestInstOpening,bd01::event::Map05_QuestInstOpening>,std::allocator<bd01::event::Map05_QuestInstOpening>>	a	a	0		undefined __on_zero_shared(__shared_ptr_pointer<bd01::event::Map05_QuestInstOpening*,std::shared_ptr<bd01::event::Map05_QuestInstOpening>::__shared_ptr_default_delete<bd01::event::Map05_QuestInstOpening,bd01::event::Map05_QuestInstOpening>,std::allocator<bd01::event::Map05_QuestInstOpening>> * this)
710010421c	4	__on_zero_shared_weak	std::__shared_ptr_pointer<bd01::event::Map05_QuestInstOpening*,std::shared_ptr<bd01::event::Map05_QuestInstOpening>::__shared_ptr_default_delete<bd01::event::Map05_QuestInstOpening,bd01::event::Map05_QuestInstOpening>,std::allocator<bd01::event::Map05_QuestInstOpening>>	a	a	0		undefined __on_zero_shared_weak(__shared_ptr_pointer<bd01::event::Map05_QuestInstOpening*,std::shared_ptr<bd01::event::Map05_QuestInstOpening>::__shared_ptr_default_delete<bd01::event::Map05_QuestInstOpening,bd01::event::Map05_QuestInstOpening>,std::allocator<bd01::event::Map05_QuestInstOpening>> * this)
7100104220	292	AddFiber<bd01::event::Map07_QuestInstOpening>	bq::act::Man	a	a	0		weak_ptr AddFiber<bd01::event::Map07_QuestInstOpening>(long * param_1_00, long * param_2, long param_3)
7100104388	36	~__shared_ptr_pointer	std::__shared_ptr_pointer<bq::act::FiberManHolder<bd01::event::Map07_QuestInstOpening>*,std::shared_ptr<bq::act::Base>::__shared_ptr_default_delete<bq::act::Base,bq::act::FiberManHolder<bd01::event::Map07_QuestInstOpening>>,std::allocator<bq::act::FiberManHolder<bd01::event::Map07_QuestInstOpening>>>	a	a	0		undefined ~__shared_ptr_pointer(__shared_ptr_pointer<bq::act::FiberManHolder<bd01::event::Map07_QuestInstOpening>*,std::shared_ptr<bq::act::Base>::__shared_ptr_default_delete<bq::act::Base,bq::act::FiberManHolder<bd01::event::Map07_QuestInstOpening>>,std::allocator<bq::act::FiberManHolder<bd01::event::Map07_QuestInstOpening>>> * this)
71001043ac	24	__on_zero_shared	std::__shared_ptr_pointer<bq::act::FiberManHolder<bd01::event::Map07_QuestInstOpening>*,std::shared_ptr<bq::act::Base>::__shared_ptr_default_delete<bq::act::Base,bq::act::FiberManHolder<bd01::event::Map07_QuestInstOpening>>,std::allocator<bq::act::FiberManHolder<bd01::event::Map07_QuestInstOpening>>>	a	a	0		undefined __on_zero_shared(__shared_ptr_pointer<bq::act::FiberManHolder<bd01::event::Map07_QuestInstOpening>*,std::shared_ptr<bq::act::Base>::__shared_ptr_default_delete<bq::act::Base,bq::act::FiberManHolder<bd01::event::Map07_QuestInstOpening>>,std::allocator<bq::act::FiberManHolder<bd01::event::Map07_QuestInstOpening>>> * this)
71001043c4	4	__on_zero_shared_weak	std::__shared_ptr_pointer<bq::act::FiberManHolder<bd01::event::Map07_QuestInstOpening>*,std::shared_ptr<bq::act::Base>::__shared_ptr_default_delete<bq::act::Base,bq::act::FiberManHolder<bd01::event::Map07_QuestInstOpening>>,std::allocator<bq::act::FiberManHolder<bd01::event::Map07_QuestInstOpening>>>	a	a	0		undefined __on_zero_shared_weak(__shared_ptr_pointer<bq::act::FiberManHolder<bd01::event::Map07_QuestInstOpening>*,std::shared_ptr<bq::act::Base>::__shared_ptr_default_delete<bq::act::Base,bq::act::FiberManHolder<bd01::event::Map07_QuestInstOpening>>,std::allocator<bq::act::FiberManHolder<bd01::event::Map07_QuestInstOpening>>> * this)
71001043d0	96	~FiberManHolder	bq::act::FiberManHolder<bd01::event::Map07_QuestInstOpening>	a	a	0		undefined ~FiberManHolder(FiberManHolder<bd01::event::Map07_QuestInstOpening> * this)
7100104430	108	~FiberManHolder	bq::act::FiberManHolder<bd01::event::Map07_QuestInstOpening>	a	a	0		undefined ~FiberManHolder(FiberManHolder<bd01::event::Map07_QuestInstOpening> * this)
710010449c	32	IsProc	bq::act::FiberManHolder<bd01::event::Map07_QuestInstOpening>	a	a	0		uint IsProc(void)
71001044bc	12	IsObject	bq::act::FiberManHolder<bd01::event::Map07_QuestInstOpening>	a	a	0		undefined IsObject(long param_1)
71001044c8	8	SetPauseLevel	bq::act::FiberManHolder<bd01::event::Map07_QuestInstOpening>	a	a	0		undefined SetPauseLevel(long param_1)
71001044d0	36	~__shared_ptr_pointer	std::__shared_ptr_pointer<bd01::event::Map07_QuestInstOpening*,std::shared_ptr<bd01::event::Map07_QuestInstOpening>::__shared_ptr_default_delete<bd01::event::Map07_QuestInstOpening,bd01::event::Map07_QuestInstOpening>,std::allocator<bd01::event::Map07_QuestInstOpening>>	a	a	0		undefined ~__shared_ptr_pointer(__shared_ptr_pointer<bd01::event::Map07_QuestInstOpening*,std::shared_ptr<bd01::event::Map07_QuestInstOpening>::__shared_ptr_default_delete<bd01::event::Map07_QuestInstOpening,bd01::event::Map07_QuestInstOpening>,std::allocator<bd01::event::Map07_QuestInstOpening>> * this)
71001044f4	24	__on_zero_shared	std::__shared_ptr_pointer<bd01::event::Map07_QuestInstOpening*,std::shared_ptr<bd01::event::Map07_QuestInstOpening>::__shared_ptr_default_delete<bd01::event::Map07_QuestInstOpening,bd01::event::Map07_QuestInstOpening>,std::allocator<bd01::event::Map07_QuestInstOpening>>	a	a	0		undefined __on_zero_shared(__shared_ptr_pointer<bd01::event::Map07_QuestInstOpening*,std::shared_ptr<bd01::event::Map07_QuestInstOpening>::__shared_ptr_default_delete<bd01::event::Map07_QuestInstOpening,bd01::event::Map07_QuestInstOpening>,std::allocator<bd01::event::Map07_QuestInstOpening>> * this)
710010450c	4	__on_zero_shared_weak	std::__shared_ptr_pointer<bd01::event::Map07_QuestInstOpening*,std::shared_ptr<bd01::event::Map07_QuestInstOpening>::__shared_ptr_default_delete<bd01::event::Map07_QuestInstOpening,bd01::event::Map07_QuestInstOpening>,std::allocator<bd01::event::Map07_QuestInstOpening>>	a	a	0		undefined __on_zero_shared_weak(__shared_ptr_pointer<bd01::event::Map07_QuestInstOpening*,std::shared_ptr<bd01::event::Map07_QuestInstOpening>::__shared_ptr_default_delete<bd01::event::Map07_QuestInstOpening,bd01::event::Map07_QuestInstOpening>,std::allocator<bd01::event::Map07_QuestInstOpening>> * this)
7100104510	48	Map01_BoardInstOpening	bd01::event::Map01_BoardInstOpening	a	a	0		undefined Map01_BoardInstOpening(Map01_BoardInstOpening * this)
7100104540	1756	Update	bd01::event::Map01_BoardInstOpening	a	a	0		undefined Update(undefined8 param_1)
7100104c1c	304	NpcSet	bd01::event::Map01_BoardInstExp	a	a	0		undefined1[16] NpcSet(int param_1, undefined8 param_2, uint param_3)
7100104d4c	160	NpcReset	bd01::event::Map01_BoardInstExp	a	a	0		undefined NpcReset(undefined8 param_1_00, int param_2)
7100104dec	132	Map01_BoardInstExp	bd01::event::Map01_BoardInstExp	a	a	0		undefined Map01_BoardInstExp(Map01_BoardInstExp * this, undefined8 * param_1, undefined8 * param_2, undefined8 param_3)
7100104e70	576	PlayMassEffect	bd01::event::Map01_BoardInstExp	a	a	0		undefined PlayMassEffect(Map01_BoardInstExp * this)
7100105114	8	StopMassEffect	bd01::event::Map01_BoardInstExp	a	a	0		undefined StopMassEffect(void)
710010511c	152	CalcCameraLookRot	bd01::event::Map01_BoardInstExp	a	a	0		undefined1[16] CalcCameraLookRot(long * param_1, uint param_2)
71001051b4	3784	Update	bd01::event::Map01_BoardInstExp	a	a	0		undefined Update(undefined1[16] param_1, undefined1[16] param_2, undefined1[16] param_3, undefined1[16] param_4, Map01_BoardInstExp * this)
71001060f0	256	FUN_71001060f0		d	a	0		undefined FUN_71001060f0(FiberMan * param_1, undefined8 param_2, long * param_3)
71001061f0	340	FUN_71001061f0		d	a	0		undefined FUN_71001061f0(long * param_1, long param_2, long param_3)
7100106390	3864	Map01_BoardInstExitGuide	bd01::event::Map01_BoardInstExitGuide	a	a	0		undefined Map01_BoardInstExitGuide(Map01_BoardInstExitGuide * this, undefined8 param_1)
71001072dc	140	RunBoardMove	bd01::event::Map01_BoardInstExitGuide	a	a	0		undefined RunBoardMove(Map01_BoardInstExitGuide * this, int param_1)
7100107368	88	~Map01_BoardInstOpening	bd01::event::Map01_BoardInstOpening	a	a	0		undefined ~Map01_BoardInstOpening(Map01_BoardInstOpening * this)
71001073c0	192	~Map01_BoardInstExp	bd01::event::Map01_BoardInstExp	a	a	0		undefined ~Map01_BoardInstExp(Map01_BoardInstExp * this)
7100107480	36	~Map01_BoardInstExp	bd01::event::Map01_BoardInstExp	a	a	0		undefined ~Map01_BoardInstExp(Map01_BoardInstExp * this)
71001074a4	12	GetSoundLabelList	bd01::event::MapBase_BoardInstExp	a	a	0		undefined GetSoundLabelList(undefined8 * param_1)
71001074b0	112	~MapBase_BoardInstExitGuide	bd01::event::MapBase_BoardInstExitGuide	a	a	0		undefined ~MapBase_BoardInstExitGuide(MapBase_BoardInstExitGuide * this)
7100107520	120	~Map01_BoardInstExitGuide	bd01::event::Map01_BoardInstExitGuide	a	a	0		undefined ~Map01_BoardInstExitGuide(Map01_BoardInstExitGuide * this)
7100107598	112	~MapBase_BoardInstExp	bd01::event::MapBase_BoardInstExp	a	a	0		undefined ~MapBase_BoardInstExp(MapBase_BoardInstExp * this)
7100107608	120	~MapBase_BoardInstExp	bd01::event::MapBase_BoardInstExp	a	a	0		undefined ~MapBase_BoardInstExp(MapBase_BoardInstExp * this)
7100107680	88	FUN_7100107680		d	a	0		undefined FUN_7100107680(Fiber * param_1)
71001077bc	108	FUN_71001077bc		d	a	0		undefined FUN_71001077bc(Fiber * param_1)
7100107828	116	FUN_7100107828		d	a	0		undefined FUN_7100107828(Fiber * param_1)
71001079c0	36	FUN_71001079c0		d	a	0		undefined FUN_71001079c0(__shared_weak_count * param_1)
7100107a00	96	FUN_7100107a00		d	a	0		undefined FUN_7100107a00(long param_1)
7100107a60	108	FUN_7100107a60		d	a	0		undefined FUN_7100107a60(void * param_1)
7100107acc	32	FUN_7100107acc		d	a	0		uint FUN_7100107acc(void)
7100107b00	36	FUN_7100107b00		d	a	0		undefined FUN_7100107b00(__shared_weak_count * param_1)
7100107b40	36	FUN_7100107b40		d	a	0		undefined FUN_7100107b40(__shared_weak_count * param_1)
7100107b80	96	FUN_7100107b80		d	a	0		undefined FUN_7100107b80(long param_1)
7100107be0	108	FUN_7100107be0		d	a	0		undefined FUN_7100107be0(void * param_1)
7100107c4c	32	FUN_7100107c4c		d	a	0		uint FUN_7100107c4c(void)
7100107c80	36	FUN_7100107c80		d	a	0		undefined FUN_7100107c80(__shared_weak_count * param_1)
7100107cc0	48	Map02_BoardInstOpening	bd01::event::Map02_BoardInstOpening	a	a	0		undefined Map02_BoardInstOpening(Map02_BoardInstOpening * this)
7100107cf0	500	Update	bd01::event::Map02_BoardInstOpening	a	a	0		undefined Update(Map02_BoardInstOpening * this)
7100107ee4	128	Map02_BoardInstExp	bd01::event::Map02_BoardInstExp	a	a	0		undefined Map02_BoardInstExp(Map02_BoardInstExp * this, undefined8 * param_1, ModelBase * param_2)
7100107f78	980	Update	bd01::event::Map02_BoardInstExp	a	a	0		undefined Update(Map02_BoardInstExp * this)
710010834c	88	GetSoundLabelList	bd01::event::Map02_BoardInstExp	a	a	0		undefined GetSoundLabelList(undefined8 * param_1)
71001083b0	1400	Map02_BoardInstExitGuide	bd01::event::Map02_BoardInstExitGuide	a	a	0		undefined Map02_BoardInstExitGuide(Map02_BoardInstExitGuide * this, undefined8 param_1)
7100108958	88	~Map02_BoardInstOpening	bd01::event::Map02_BoardInstOpening	a	a	0		undefined ~Map02_BoardInstOpening(Map02_BoardInstOpening * this)
71001089b0	120	~Map02_BoardInstExp	bd01::event::Map02_BoardInstExp	a	a	0		undefined ~Map02_BoardInstExp(Map02_BoardInstExp * this)
7100108a28	120	~Map02_BoardInstExitGuide	bd01::event::Map02_BoardInstExitGuide	a	a	0		undefined ~Map02_BoardInstExitGuide(Map02_BoardInstExitGuide * this)
7100108aa0	4	RunBoardMove	bd01::event::MapBase_BoardInstExitGuide	a	a	0		undefined RunBoardMove(void)
7100108aa4	88	Map03_BoardInstOpening	bd01::event::Map03_BoardInstOpening	a	a	0		undefined Map03_BoardInstOpening(Map03_BoardInstOpening * this)
7100108b10	392	Update	bd01::event::Map03_BoardInstOpening	a	a	0		undefined Update(Map03_BoardInstOpening * this)
7100108c98	72	Map03_BoardInstExp	bd01::event::Map03_BoardInstExp	a	a	0		undefined Map03_BoardInstExp(Map03_BoardInstExp * this, undefined8 * param_1, undefined8 param_2)
7100108ce0	864	Update	bd01::event::Map03_BoardInstExp	a	a	0		undefined Update(Map03_BoardInstExp * this)
7100109040	76	GetSoundLabelList	bd01::event::Map03_BoardInstExp	a	a	0		undefined GetSoundLabelList(undefined8 * param_1)
710010908c	84	Map03_BoardInstStarMass	bd01::event::Map03_BoardInstStarMass	a	a	0		undefined Map03_BoardInstStarMass(Map03_BoardInstStarMass * this, undefined8 * param_1, undefined8 param_2)
71001090e0	2204	Update	bd01::event::Map03_BoardInstStarMass	a	a	0		undefined Update(Map03_BoardInstStarMass * this)
71001099b0	88	~Map03_BoardInstOpening	bd01::event::Map03_BoardInstOpening	a	a	0		undefined ~Map03_BoardInstOpening(Map03_BoardInstOpening * this)
7100109a08	120	~Map03_BoardInstExp	bd01::event::Map03_BoardInstExp	a	a	0		undefined ~Map03_BoardInstExp(Map03_BoardInstExp * this)
7100109a80	88	~Map03_BoardInstStarMass	bd01::event::Map03_BoardInstStarMass	a	a	0		undefined ~Map03_BoardInstStarMass(Map03_BoardInstStarMass * this)
7100109ad8	1084	Map04_BoardInstOpening	bd01::event::Map04_BoardInstOpening	a	a	0		undefined Map04_BoardInstOpening(Map04_BoardInstOpening * this)
710010a06c	236	Update	bd01::event::Map04_BoardInstOpening	a	a	0		undefined Update(Map04_BoardInstOpening * this)
710010a158	48	Map04_QuestInstOpening	bd01::event::Map04_QuestInstOpening	a	a	0		undefined Map04_QuestInstOpening(Map04_QuestInstOpening * this)
710010a188	172	Update	bd01::event::Map04_QuestInstOpening	a	a	0		undefined Update(Map04_QuestInstOpening * this)
710010a234	108	Map04_BoardInstExp	bd01::event::Map04_BoardInstExp	a	a	0		undefined Map04_BoardInstExp(Map04_BoardInstExp * this, undefined8 * param_1, undefined8 param_2)
710010a2a0	3624	Update	bd01::event::Map04_BoardInstExp	a	a	0		undefined Update(long param_1)
710010b284	248	FUN_710010b284		d	a	0		undefined FUN_710010b284(undefined8 * param_1)
710010b37c	144	~Map04_BoardInstOpening	bd01::event::Map04_BoardInstOpening	a	a	0		undefined ~Map04_BoardInstOpening(Map04_BoardInstOpening * this)
710010b40c	152	~Map04_BoardInstOpening	bd01::event::Map04_BoardInstOpening	a	a	0		undefined ~Map04_BoardInstOpening(Map04_BoardInstOpening * this)
710010b4a4	88	~Map04_QuestInstOpening	bd01::event::Map04_QuestInstOpening	a	a	0		undefined ~Map04_QuestInstOpening(Map04_QuestInstOpening * this)
710010b4fc	152	~Map04_BoardInstExp	bd01::event::Map04_BoardInstExp	a	a	0		undefined ~Map04_BoardInstExp(Map04_BoardInstExp * this)
710010b594	160	~Map04_BoardInstExp	bd01::event::Map04_BoardInstExp	a	a	0		undefined ~Map04_BoardInstExp(Map04_BoardInstExp * this)
710010b640	292	AddFiber<bd01::event::Map04_ChangeMachine>	bq::act::Man	a	a	0		weak_ptr AddFiber<bd01::event::Map04_ChangeMachine>(long * param_1_00, long * param_2, long param_3)
710010b7a8	36	~__shared_ptr_pointer	std::__shared_ptr_pointer<bq::act::FiberManHolder<bd01::event::Map04_ChangeMachine>*,std::shared_ptr<bq::act::Base>::__shared_ptr_default_delete<bq::act::Base,bq::act::FiberManHolder<bd01::event::Map04_ChangeMachine>>,std::allocator<bq::act::FiberManHolder<bd01::event::Map04_ChangeMachine>>>	a	a	0		undefined ~__shared_ptr_pointer(__shared_ptr_pointer<bq::act::FiberManHolder<bd01::event::Map04_ChangeMachine>*,std::shared_ptr<bq::act::Base>::__shared_ptr_default_delete<bq::act::Base,bq::act::FiberManHolder<bd01::event::Map04_ChangeMachine>>,std::allocator<bq::act::FiberManHolder<bd01::event::Map04_ChangeMachine>>> * this)
710010b7cc	24	__on_zero_shared	std::__shared_ptr_pointer<bq::act::FiberManHolder<bd01::event::Map04_ChangeMachine>*,std::shared_ptr<bq::act::Base>::__shared_ptr_default_delete<bq::act::Base,bq::act::FiberManHolder<bd01::event::Map04_ChangeMachine>>,std::allocator<bq::act::FiberManHolder<bd01::event::Map04_ChangeMachine>>>	a	a	0		undefined __on_zero_shared(__shared_ptr_pointer<bq::act::FiberManHolder<bd01::event::Map04_ChangeMachine>*,std::shared_ptr<bq::act::Base>::__shared_ptr_default_delete<bq::act::Base,bq::act::FiberManHolder<bd01::event::Map04_ChangeMachine>>,std::allocator<bq::act::FiberManHolder<bd01::event::Map04_ChangeMachine>>> * this)
710010b7e4	4	__on_zero_shared_weak	std::__shared_ptr_pointer<bq::act::FiberManHolder<bd01::event::Map04_ChangeMachine>*,std::shared_ptr<bq::act::Base>::__shared_ptr_default_delete<bq::act::Base,bq::act::FiberManHolder<bd01::event::Map04_ChangeMachine>>,std::allocator<bq::act::FiberManHolder<bd01::event::Map04_ChangeMachine>>>	a	a	0		undefined __on_zero_shared_weak(__shared_ptr_pointer<bq::act::FiberManHolder<bd01::event::Map04_ChangeMachine>*,std::shared_ptr<bq::act::Base>::__shared_ptr_default_delete<bq::act::Base,bq::act::FiberManHolder<bd01::event::Map04_ChangeMachine>>,std::allocator<bq::act::FiberManHolder<bd01::event::Map04_ChangeMachine>>> * this)
710010b7f0	96	~FiberManHolder	bq::act::FiberManHolder<bd01::event::Map04_ChangeMachine>	a	a	0		undefined ~FiberManHolder(FiberManHolder<bd01::event::Map04_ChangeMachine> * this)
710010b850	108	~FiberManHolder	bq::act::FiberManHolder<bd01::event::Map04_ChangeMachine>	a	a	0		undefined ~FiberManHolder(FiberManHolder<bd01::event::Map04_ChangeMachine> * this)
710010b8bc	32	IsProc	bq::act::FiberManHolder<bd01::event::Map04_ChangeMachine>	a	a	0		uint IsProc(void)
710010b8dc	12	IsObject	bq::act::FiberManHolder<bd01::event::Map04_ChangeMachine>	a	a	0		undefined IsObject(long param_1)
710010b8e8	8	SetPauseLevel	bq::act::FiberManHolder<bd01::event::Map04_ChangeMachine>	a	a	0		undefined SetPauseLevel(long param_1)
710010b8f0	36	~__shared_ptr_pointer	std::__shared_ptr_pointer<bd01::event::Map04_ChangeMachine*,std::shared_ptr<bd01::event::Map04_ChangeMachine>::__shared_ptr_default_delete<bd01::event::Map04_ChangeMachine,bd01::event::Map04_ChangeMachine>,std::allocator<bd01::event::Map04_ChangeMachine>>	a	a	0		undefined ~__shared_ptr_pointer(__shared_ptr_pointer<bd01::event::Map04_ChangeMachine*,std::shared_ptr<bd01::event::Map04_ChangeMachine>::__shared_ptr_default_delete<bd01::event::Map04_ChangeMachine,bd01::event::Map04_ChangeMachine>,std::allocator<bd01::event::Map04_ChangeMachine>> * this)
710010b914	24	__on_zero_shared	std::__shared_ptr_pointer<bd01::event::Map04_ChangeMachine*,std::shared_ptr<bd01::event::Map04_ChangeMachine>::__shared_ptr_default_delete<bd01::event::Map04_ChangeMachine,bd01::event::Map04_ChangeMachine>,std::allocator<bd01::event::Map04_ChangeMachine>>	a	a	0		undefined __on_zero_shared(__shared_ptr_pointer<bd01::event::Map04_ChangeMachine*,std::shared_ptr<bd01::event::Map04_ChangeMachine>::__shared_ptr_default_delete<bd01::event::Map04_ChangeMachine,bd01::event::Map04_ChangeMachine>,std::allocator<bd01::event::Map04_ChangeMachine>> * this)
710010b92c	4	__on_zero_shared_weak	std::__shared_ptr_pointer<bd01::event::Map04_ChangeMachine*,std::shared_ptr<bd01::event::Map04_ChangeMachine>::__shared_ptr_default_delete<bd01::event::Map04_ChangeMachine,bd01::event::Map04_ChangeMachine>,std::allocator<bd01::event::Map04_ChangeMachine>>	a	a	0		undefined __on_zero_shared_weak(__shared_ptr_pointer<bd01::event::Map04_ChangeMachine*,std::shared_ptr<bd01::event::Map04_ChangeMachine>::__shared_ptr_default_delete<bd01::event::Map04_ChangeMachine,bd01::event::Map04_ChangeMachine>,std::allocator<bd01::event::Map04_ChangeMachine>> * this)
710010b930	48	Map05_BoardInstOpening	bd01::event::Map05_BoardInstOpening	a	a	0		undefined Map05_BoardInstOpening(Map05_BoardInstOpening * this)
710010b960	216	Update	bd01::event::Map05_BoardInstOpening	a	a	0		undefined Update(Map05_BoardInstOpening * this)
710010ba38	48	Map05_QuestInstOpening	bd01::event::Map05_QuestInstOpening	a	a	0		undefined Map05_QuestInstOpening(Map05_QuestInstOpening * this)
710010ba68	284	Update	bd01::event::Map05_QuestInstOpening	a	a	0		undefined Update(Map05_QuestInstOpening * this)
710010bb84	272	Map05_BoardInstExp	bd01::event::Map05_BoardInstExp	a	a	0		undefined Map05_BoardInstExp(Map05_BoardInstExp * this, undefined8 * param_1, undefined8 param_2)
710010bd14	1956	Update	bd01::event::Map05_BoardInstExp	a	a	0		undefined Update(undefined1[16] param_1, undefined1[16] param_2, undefined1[16] param_3, undefined1[16] param_4, Map05_BoardInstExp * this)
710010c4b8	76	GetSoundLabelList	bd01::event::Map05_BoardInstExp	a	a	0		undefined GetSoundLabelList(undefined8 * param_1)
710010c504	88	~Map05_BoardInstOpening	bd01::event::Map05_BoardInstOpening	a	a	0		undefined ~Map05_BoardInstOpening(Map05_BoardInstOpening * this)
710010c55c	88	~Map05_QuestInstOpening	bd01::event::Map05_QuestInstOpening	a	a	0		undefined ~Map05_QuestInstOpening(Map05_QuestInstOpening * this)
710010c5b4	176	~Map05_BoardInstExp	bd01::event::Map05_BoardInstExp	a	a	0		undefined ~Map05_BoardInstExp(Map05_BoardInstExp * this)
710010c664	184	~Map05_BoardInstExp	bd01::event::Map05_BoardInstExp	a	a	0		undefined ~Map05_BoardInstExp(Map05_BoardInstExp * this)
710010c71c	52	Map06_BoardInstOpening	bd01::event::Map06_BoardInstOpening	a	a	0		undefined Map06_BoardInstOpening(Map06_BoardInstOpening * this)
710010c750	1416	Update	bd01::event::Map06_BoardInstOpening	a	a	0		undefined Update(Map06_BoardInstOpening * this)
710010cd70	120	Map06_BoardInstExp	bd01::event::Map06_BoardInstExp	a	a	0		undefined Map06_BoardInstExp(Map06_BoardInstExp * this, undefined8 * param_1, undefined8 param_2)
710010cde8	1548	Update	bd01::event::Map06_BoardInstExp	a	a	0		undefined Update(long param_1)
710010d3f4	428	SetLocalVariable	bd01::event::Map06_BoardInstExp	a	a	0		undefined SetLocalVariable(long param_1)
710010d5a0	120	~Map06_BoardInstOpening	bd01::event::Map06_BoardInstOpening	a	a	0		undefined ~Map06_BoardInstOpening(Map06_BoardInstOpening * this)
710010d618	128	~Map06_BoardInstOpening	bd01::event::Map06_BoardInstOpening	a	a	0		undefined ~Map06_BoardInstOpening(Map06_BoardInstOpening * this)
710010d698	120	~Map06_BoardInstExp	bd01::event::Map06_BoardInstExp	a	a	0		undefined ~Map06_BoardInstExp(Map06_BoardInstExp * this)
710010d710	48	Map07_BoardInstOpening	bd01::event::Map07_BoardInstOpening	a	a	0		undefined Map07_BoardInstOpening(Map07_BoardInstOpening * this)
710010d740	280	Update	bd01::event::Map07_BoardInstOpening	a	a	0		undefined Update(Map07_BoardInstOpening * this)
710010d874	48	Map07_QuestInstOpening	bd01::event::Map07_QuestInstOpening	a	a	0		undefined Map07_QuestInstOpening(Map07_QuestInstOpening * this)
710010d8a4	172	Update	bd01::event::Map07_QuestInstOpening	a	a	0		undefined Update(Map07_QuestInstOpening * this)
710010d950	72	Map07_BoardInstExp	bd01::event::Map07_BoardInstExp	a	a	0		undefined Map07_BoardInstExp(Map07_BoardInstExp * this, undefined8 * param_1, undefined8 param_2)
710010d9a0	920	Update	bd01::event::Map07_BoardInstExp	a	a	0		undefined Update(Map07_BoardInstExp * this)
710010dd58	80	GetSoundLabelList	bd01::event::Map07_BoardInstExp	a	a	0		undefined GetSoundLabelList(undefined8 * param_1)
710010dda8	88	~Map07_BoardInstOpening	bd01::event::Map07_BoardInstOpening	a	a	0		undefined ~Map07_BoardInstOpening(Map07_BoardInstOpening * this)
710010de00	88	~Map07_QuestInstOpening	bd01::event::Map07_QuestInstOpening	a	a	0		undefined ~Map07_QuestInstOpening(Map07_QuestInstOpening * this)
710010de58	120	~Map07_BoardInstExp	bd01::event::Map07_BoardInstExp	a	a	0		undefined ~Map07_BoardInstExp(Map07_BoardInstExp * this)
710010ded0	76	MapBase_BoardInstOpening	bd01::event::MapBase_BoardInstOpening	a	a	0		undefined MapBase_BoardInstOpening(MapBase_BoardInstOpening * this)
710010df30	84	MapBase_BoardInstOpening	bd01::event::MapBase_BoardInstOpening	a	a	0		undefined MapBase_BoardInstOpening(MapBase_BoardInstOpening * this, undefined8 param_1)
710010df98	8	PlayCameraAnim	bd01::event::MapBase_BoardInstOpening	a	a	0		undefined PlayCameraAnim(undefined4 param_1, MapBase_BoardInstOpening * this, byte * param_3)
710010dfa0	8	SetCameraAnimSpeed	bd01::event::MapBase_BoardInstOpening	a	a	0		undefined SetCameraAnimSpeed(float param_1, MapBase_BoardInstOpening * this)
710010dfb0	60	WaitEndCameraAnim	bd01::event::MapBase_BoardInstOpening	a	a	0		undefined WaitEndCameraAnim(MapBase_BoardInstOpening * this)
710010dfec	4	EventStart	bd01::event::MapBase_BoardInstOpening	a	a	0		undefined EventStart(void)
710010dff0	148	EventMapTelop	bd01::event::MapBase_BoardInstOpening	a	a	0		undefined EventMapTelop(void)
710010e084	108	EventMessage	bd01::event::MapBase_BoardInstOpening	a	a	0		undefined EventMessage(undefined8 param_1_00, byte * param_2)
710010e0f0	180	EventImageMessage	bd01::event::MapBase_BoardInstOpening	a	a	0		undefined EventImageMessage(undefined8 param_1_00, byte * param_2, int param_3)
710010e1b0	280	PlayMapCameraLiner	bd01::event::MapBase_BoardInstOpening	a	a	0		undefined PlayMapCameraLiner(undefined8 param_1_00, ActFlowEventFiber * param_2, ActFlowEventFiber * param_3, uint param_4)
710010e2d0	312	PlayMapCamera	bd01::event::MapBase_BoardInstOpening	a	a	0		undefined PlayMapCamera(undefined8 param_1_00, ActFlowEventFiber * param_2, ActFlowEventFiber * param_3, uint param_4)
710010e408	84	MapBase_BoardInstExp	bd01::event::MapBase_BoardInstExp	a	a	0		undefined MapBase_BoardInstExp(MapBase_BoardInstExp * this)
710010e470	88	MapBase_BoardInstExp	bd01::event::MapBase_BoardInstExp	a	a	0		undefined MapBase_BoardInstExp(MapBase_BoardInstExp * this, undefined8 param_1)
710010e4dc	8	PlayCameraAnim	bd01::event::MapBase_BoardInstExp	a	a	0		undefined PlayCameraAnim(undefined4 param_1, MapBase_BoardInstExp * this, byte * param_3)
710010e4e4	8	SetCameraAnimSpeed	bd01::event::MapBase_BoardInstExp	a	a	0		undefined SetCameraAnimSpeed(float param_1, MapBase_BoardInstExp * this)
710010e4f0	60	WaitEndCameraAnim	bd01::event::MapBase_BoardInstExp	a	a	0		undefined WaitEndCameraAnim(MapBase_BoardInstExp * this)
710010e52c	48	InstMessage	bd01::event::MapBase_BoardInstExp	a	a	0		undefined InstMessage(undefined8 param_1_00, byte * param_2)
710010e560	432	PlaySoundList	bd01::event::MapBase_BoardInstExp	a	a	0		undefined PlaySoundList(MapBase_BoardInstExp * this)
710010e730	124	SetSoundListLocalVariable	bd01::event::MapBase_BoardInstExp	a	a	0		undefined SetSoundListLocalVariable(long param_1)
710010e7c0	116	StopSoundList	bd01::event::MapBase_BoardInstExp	a	a	0		undefined StopSoundList(MapBase_BoardInstExp * this)
710010e834	64	MapBase_BoardInstExitGuide	bd01::event::MapBase_BoardInstExitGuide	a	a	0		undefined MapBase_BoardInstExitGuide(MapBase_BoardInstExitGuide * this, undefined8 param_1)
710010e874	144	Update	bd01::event::MapBase_BoardInstExitGuide	a	a	0		undefined Update(MapBase_BoardInstExitGuide * this)
710010e904	104	RunImmediateMove	bd01::event::MapBase_BoardInstExitGuide	a	a	0		undefined RunImmediateMove(MapBase_BoardInstExitGuide * this)
710010e970	1208	RunMove	bd01::event::MapBase_BoardInstExitGuide	a	a	0		undefined RunMove(MapBase_BoardInstExitGuide * this)
710010ee74	8	SetImmediateEnd	bd01::event::MapBase_BoardInstExitGuide	a	a	0		undefined SetImmediateEnd(MapBase_BoardInstExitGuide * this, MapBase_BoardInstExitGuide param_2)
710010ee7c	120	~MapBase_BoardInstExitGuide	bd01::event::MapBase_BoardInstExitGuide	a	a	0		undefined ~MapBase_BoardInstExitGuide(MapBase_BoardInstExitGuide * this)
710010eef4	88	~MapBase_BoardInstOpening	bd01::event::MapBase_BoardInstOpening	a	a	0		undefined ~MapBase_BoardInstOpening(MapBase_BoardInstOpening * this)
710010ef4c	20	FUN_710010ef4c		d	a	0		undefined FUN_710010ef4c(void)
710010ef60	4	~JumpPosition	bq::act::JumpPosition<bd01::NpcModel>	a	a	0		undefined ~JumpPosition(JumpPosition<bd01::NpcModel> * this)
710010ef64	196	Proc	bq::act::SplinePosition<bd01::NpcModel,nn::util::Vector3f>	a	a	0		undefined Proc(SplinePosition<bd01::NpcModel,nn::util::Vector3f> * this)
710010f028	24	IsProc	bq::act::SplineBase<bd01::NpcModel,nn::util::Vector3f>	a	a	0		bool IsProc(SplineBase<bd01::NpcModel,nn::util::Vector3f> * this)
710010f040	36	~__shared_ptr_pointer	std::__shared_ptr_pointer<bq::act::JumpPosition<bd01::NpcModel>*,std::shared_ptr<bq::act::Base>::__shared_ptr_default_delete<bq::act::Base,bq::act::JumpPosition<bd01::NpcModel>>,std::allocator<bq::act::JumpPosition<bd01::NpcModel>>>	a	a	0		undefined ~__shared_ptr_pointer(__shared_ptr_pointer<bq::act::JumpPosition<bd01::NpcModel>*,std::shared_ptr<bq::act::Base>::__shared_ptr_default_delete<bq::act::Base,bq::act::JumpPosition<bd01::NpcModel>>,std::allocator<bq::act::JumpPosition<bd01::NpcModel>>> * this)
710010f064	24	__on_zero_shared	std::__shared_ptr_pointer<bq::act::JumpPosition<bd01::NpcModel>*,std::shared_ptr<bq::act::Base>::__shared_ptr_default_delete<bq::act::Base,bq::act::JumpPosition<bd01::NpcModel>>,std::allocator<bq::act::JumpPosition<bd01::NpcModel>>>	a	a	0		undefined __on_zero_shared(__shared_ptr_pointer<bq::act::JumpPosition<bd01::NpcModel>*,std::shared_ptr<bq::act::Base>::__shared_ptr_default_delete<bq::act::Base,bq::act::JumpPosition<bd01::NpcModel>>,std::allocator<bq::act::JumpPosition<bd01::NpcModel>>> * this)
710010f07c	4	__on_zero_shared_weak	std::__shared_ptr_pointer<bq::act::JumpPosition<bd01::NpcModel>*,std::shared_ptr<bq::act::Base>::__shared_ptr_default_delete<bq::act::Base,bq::act::JumpPosition<bd01::NpcModel>>,std::allocator<bq::act::JumpPosition<bd01::NpcModel>>>	a	a	0		undefined __on_zero_shared_weak(__shared_ptr_pointer<bq::act::JumpPosition<bd01::NpcModel>*,std::shared_ptr<bq::act::Base>::__shared_ptr_default_delete<bq::act::Base,bq::act::JumpPosition<bd01::NpcModel>>,std::allocator<bq::act::JumpPosition<bd01::NpcModel>>> * this)
710010f080	448	BoardResult	bd01::event::BoardResult	a	a	0		undefined BoardResult(BoardResult * this)
710010f680	100	~UniqueHandlePtr	nn::bezel::UniqueHandlePtr<nn::bezel::ITexture>	a	a	0		undefined ~UniqueHandlePtr(UniqueHandlePtr<nn::bezel::ITexture> * this)
710010f6f0	1388	~BoardResult	bd01::event::BoardResult	a	a	0		undefined ~BoardResult(BoardResult * this)
710010fc60	8	~BoardResult	bd01::event::BoardResult	a	a	0		undefined ~BoardResult(BoardResult * this)
710010fc68	36	~BoardResult	bd01::event::BoardResult	a	a	0		undefined ~BoardResult(BoardResult * this)
710010fc8c	40	~BoardResult	bd01::event::BoardResult	a	a	0		undefined ~BoardResult(BoardResult * this)
710010fcb4	360	Update	bd01::event::BoardResult	a	a	0		undefined Update(undefined1[16] param_1, float param_2, BoardResult * this)
710010fe20	1672	SetupEntry	bd01::event::BoardResult	a	a	0		undefined SetupEntry(BoardResult * this)
7100110560	532	SetupPost	bd01::event::BoardResult	a	a	0		undefined SetupPost(BoardResult * this)
7100110774	464	EventResultEntry	bd01::event::BoardResult	a	a	0		undefined EventResultEntry(BoardResult * this)
710011097c	6332	SetupResultMain	bd01::event::BoardResult	a	a	0		undefined SetupResultMain(BoardResult * this)
71001122a0	3820	EventStartMain	bd01::event::BoardResult	a	a	0		undefined EventStartMain(undefined1[16] param_1, float param_2, BoardResult * this)
7100113210	800	EventShowStarGraph	bd01::event::BoardResult	a	a	0		undefined EventShowStarGraph(BoardResult * this)
7100113530	2348	EventBonusStar	bd01::event::BoardResult	a	a	0		undefined EventBonusStar(BoardResult * this)
7100113e90	18280	EventPresentWinner	bd01::event::BoardResult	a	a	0		undefined EventPresentWinner(BoardResult * this)
7100118838	120	EventEndMoveMonitor	bd01::event::BoardResult	a	a	0		undefined EventEndMoveMonitor(BoardResult * this)
71001188b0	692	EventApplause	bd01::event::BoardResult	a	a	0		undefined EventApplause(BoardResult * this)
7100118b80	828	EventNextFinalScore	bd01::event::BoardResult	a	a	0		undefined EventNextFinalScore(BoardResult * this)
7100118ec0	828	CleanupEventMain	bd01::event::BoardResult	a	a	0		undefined CleanupEventMain(BoardResult * this)
7100119200	1316	EventEnd	bd01::event::BoardResult	a	a	0		undefined EventEnd(undefined1[16] param_1, float param_2, BoardResult * this)
7100119780	4	Cleanup	bd01::event::BoardResult	a	a	0		undefined Cleanup(void)
7100119784	4	SetDebugResult	bd01::event::BoardResult	a	a	0		undefined SetDebugResult(void)
7100119790	1884	SetBonusID	bd01::event::BoardResult	a	a	0		undefined SetBonusID(BoardResult * this)
7100119f00	672	GetValueMinPlayer	bd01::event::BoardResult	a	a	0		undefined GetValueMinPlayer(long * param_1, undefined8 param_2, ushort * param_3)
710011a1d0	688	GetValueMaxPlayer	bd01::event::BoardResult	a	a	0		undefined GetValueMaxPlayer(long * param_1, undefined8 param_2, ushort * param_3, ulong param_4)
710011a4b0	2256	GetBonusPlayer	bd01::event::BoardResult	a	a	0		undefined GetBonusPlayer(long * param_1, undefined8 param_2, undefined4 param_3)
710011ad80	20	GetAllPlayerID	bd01::event::BoardResult	a	a	0		undefined GetAllPlayerID(long * param_1)
710011ada0	240	GetOthePlayerID	bd01::event::BoardResult	a	a	0		undefined GetOthePlayerID(long * param_1, undefined8 param_2, int * param_3)
710011aea0	268	GetOthePlayerID	bd01::event::BoardResult	a	a	0		undefined GetOthePlayerID(long * param_1, undefined8 param_2, long * param_3)
710011afc0	80	SetPlayersHeadTargetNone	bd01::event::BoardResult	a	a	0		undefined SetPlayersHeadTargetNone(BoardResult * this, long * param_1, uint param_2)
710011b010	268	SetPlayerHeadTargetNone	bd01::event::BoardResult	a	a	0		undefined SetPlayerHeadTargetNone(BoardResult * this, uint param_1)
710011b11c	260	SetPlayerHeadTargetMonitor	bd01::event::BoardResult	a	a	0		undefined SetPlayerHeadTargetMonitor(BoardResult * this)
710011b220	100	SetPlayersAnim	bd01::event::BoardResult	a	a	0		undefined SetPlayersAnim(long param_1, undefined8 * param_2, undefined8 param_3)
710011b290	104	SetPlayersNextAnim	bd01::event::BoardResult	a	a	0		undefined SetPlayersNextAnim(long param_1, undefined8 * param_2)
710011b300	84	SetPlayersAnimFrameRandom	bd01::event::BoardResult	a	a	0		undefined SetPlayersAnimFrameRandom(BoardResult * this, undefined8 * param_1)
710011b360	12888	SetupHighlightData	bd01::event::BoardResult	a	a	0		undefined SetupHighlightData(BoardResult * this)
710011ead0	524	FUN_710011ead0		d	a	0		undefined FUN_710011ead0(long * param_1, undefined4 * param_2)
710011ed30	1788	FUN_710011ed30		d	a	0		undefined FUN_710011ed30(undefined8 * param_1, vector<bd01::event::BoardResult::StarEventData,bex::HeapModule::Allocator_vector<bd01::event::BoardResult::StarEventData>> * param_2)
710011f490	808	FUN_710011f490		d	a	0		undefined FUN_710011f490(undefined8 * param_1, long param_2, undefined4 * param_3)
710011f7c0	140	FUN_710011f7c0		d	a	0		undefined FUN_710011f7c0(undefined8 * param_1)
710011f8dc	184	SetEventCamera	bd01::event::BoardResult	a	a	0		undefined SetEventCamera(BoardResult * this, Camera * param_1, uint param_2)
710011f9a0	10272	SetupAudience	bd01::event::BoardResult	a	a	0		undefined SetupAudience(BoardResult * this)
710012233c	112	SetAttachimetModel	bd01::event::BoardResult::AudienceNpcCharacter	a	a	0		undefined SetAttachimetModel(AudienceNpcCharacter * this, char * param_1)
71001223c8	8	GetAttachmentModel	bd01::event::BoardResult::AudienceNpcCharacter	a	a	0		undefined8 GetAttachmentModel(AudienceNpcCharacter * this)
71001223d0	652	AddOwner	bd01::event::BoardResult::AudienceSupportChara	a	a	0		undefined AddOwner(AudienceSupportChara * this, int * param_1, long * param_2)
7100122678	200	SetActMoveCamera	bd01::event::BoardResult	a	a	0		undefined SetActMoveCamera(float param_1, ActFlowEventFiber * param_2, Camera * param_3)
7100122740	552	MessageAnim	bd01::event::BoardResult	a	a	0		undefined MessageAnim(BoardResult * this, uint * param_1, byte * param_2, undefined4 param_3, int param_4)
7100122970	3852	EventHighlight	bd01::event::BoardResult	a	a	0		undefined EventHighlight(BoardResult * this, uint param_1)
7100123890	2716	EventBonus	bd01::event::BoardResult	a	a	0		undefined EventBonus(BoardResult * this, int param_1, uint param_2)
71001243cc	272	BonusStarGet	bd01::event::BonusStarGet	a	a	0		undefined BonusStarGet(undefined1[16] param_1_00, undefined1[16] param_2_00, undefined1[16] param_3_00, BonusStarGet * this, undefined8 param_5, undefined8 param_6, BonusStarGet param_7, BonusStarGet param_8, BonusStarGet param_9)
7100124520	84	IsExecutetApplauseEvent	bd01::event::BoardResult	a	a	0		undefined8 IsExecutetApplauseEvent(void)
7100124574	56	SendNext	bd01::event::BoardResult	a	a	0		undefined4 SendNext(BoardResult * this)
71001245b0	1168	EventEndAward	bd01::event::BoardResult	a	a	0		undefined EventEndAward(BoardResult * this)
7100124ad0	1884	EventRankScore	bd01::event::BoardResult	a	a	0		undefined EventRankScore(BoardResult * this)
7100125240	1616	SetRankPoint	bd01::event::BoardResult	a	a	0		ulong SetRankPoint(BoardResult * this)
7100125890	376	SetReward	bd01::event::BoardResult	a	a	0		undefined SetReward(void)
7100125a10	2112	SetPlayReport	bd01::event::BoardResult	a	a	0		undefined SetPlayReport(void)
7100126260	624	FUN_7100126260		d	a	0		undefined FUN_7100126260(long param_1)
71001264d0	308	EventEndScore	bd01::event::BoardResult	a	a	0		undefined EventEndScore(undefined1[16] param_1, float param_2, BoardResult * this)
7100126610	424	EventEndReward	bd01::event::BoardResult	a	a	0		undefined EventEndReward(void)
71001267b8	136	~AudienceNpcCharacter	bd01::event::BoardResult::AudienceNpcCharacter	a	a	0		undefined ~AudienceNpcCharacter(AudienceNpcCharacter * this)
7100126840	36	~AudienceNpcCharacter	bd01::event::BoardResult::AudienceNpcCharacter	a	a	0		undefined ~AudienceNpcCharacter(AudienceNpcCharacter * this)
7100126864	184	AudienceNpcCharacter	bd01::event::BoardResult::AudienceNpcCharacter	a	a	0		undefined AudienceNpcCharacter(AudienceNpcCharacter * this, int param_1, undefined8 param_2, undefined8 param_3)
710012699c	136	PlayAnim	bd01::event::BoardResult::AudienceNpcCharacter	a	a	0		undefined PlayAnim(AudienceNpcCharacter * this, int param_1)
7100126a24	156	AudienceSupportChara	bd01::event::BoardResult::AudienceSupportChara	a	a	0		undefined AudienceSupportChara(AudienceSupportChara * this, undefined4 param_1)
7100126b7c	104	SetVisible	bd01::event::BoardResult::AudienceSupportChara	a	a	0		undefined SetVisible(AudienceSupportChara * this, uint param_1)
7100126be4	184	PlayAnim	bd01::event::BoardResult::AudienceSupportChara	a	a	0		undefined PlayAnim(AudienceSupportChara * this, int param_1)
7100126c9c	16	GetOwnerCount	bd01::event::BoardResult::AudienceSupportChara	a	a	0		ulong GetOwnerCount(AudienceSupportChara * this)
7100126cac	296	OnReceiveMsg	bd01::event::BoardResult	a	a	0		undefined OnReceiveMsg(long param_1, short param_2, short * param_3, long param_4)
7100126dd4	8	OnReceiveMsg	bd01::event::BoardResult	a	a	0		undefined OnReceiveMsg(BoardResult * this, short param_1, short * param_2, long param_3)
7100126ddc	12	NetName	bd01::event::BoardResult	a	a	0		char * NetName(void)
7100126de8	12	NetName	bd01::event::BoardResult	a	a	0		char * NetName(void)
7100126df4	16	SetVisible	bd01::event::BoardResult::AudienceCharacterBase	a	a	0		undefined SetVisible(long param_1)
7100126e04	8	IsNpc	bd01::event::BoardResult::AudienceNpcCharacter	a	a	0		undefined8 IsNpc(void)
7100126e0c	152	~AudienceSupportChara	bd01::event::BoardResult::AudienceSupportChara	a	a	0		undefined ~AudienceSupportChara(AudienceSupportChara * this)
7100126ea4	148	~AudienceSupportChara	bd01::event::BoardResult::AudienceSupportChara	a	a	0		undefined ~AudienceSupportChara(AudienceSupportChara * this)
7100126f38	8	IsNpc	bd01::event::BoardResult::AudienceSupportChara	a	a	0		undefined8 IsNpc(void)
7100126f40	268	FUN_7100126f40		d	a	0		undefined FUN_7100126f40(undefined8 * param_1, long * param_2)
710012704c	20	FUN_710012704c		d	a	0		undefined FUN_710012704c(void)
7100127060	80	destroy	std::__tree<std::__value_type<int,bex::vector<bd01::event::BoardResult::StarEventData>>,std::__map_value_compare<int,std::__value_type<int,bex::vector<bd01::event::BoardResult::StarEventData>>,std::less<int>,true>,bex::HeapModule::Allocator_map<std::__value_type<int,bex::vector<bd01::event::BoardResult::StarEventData>>>>	a	a	0		undefined destroy(__tree<std::__value_type<int,bex::vector<bd01::event::BoardResult::StarEventData>>,std::__map_value_compare<int,std::__value_type<int,bex::vector<bd01::event::BoardResult::StarEventData>>,std::less<int>,true>,bex::HeapModule::Allocator_map<std::__value_type<int,bex::vector<bd01::event::BoardResult::StarEventData>>>> * this, undefined8 * param_1)
71001270b0	540	assign<bd01::event::BoardResult::StarEventData*,0>	std::vector<bd01::event::BoardResult::StarEventData,bex::HeapModule::Allocator_vector<bd01::event::BoardResult::StarEventData>>	a	a	0		void assign<bd01::event::BoardResult::StarEventData*,0>(vector<bd01::event::BoardResult::StarEventData,bex::HeapModule::Allocator_vector<bd01::event::BoardResult::StarEventData>> * this, undefined8 * param_1, undefined8 * param_2)
71001272d0	368	__emplace_back_slow_path<bd01::event::BoardResult::StarEventData&>	std::vector<bd01::event::BoardResult::StarEventData,bex::HeapModule::Allocator_vector<bd01::event::BoardResult::StarEventData>>	a	a	0		int * __emplace_back_slow_path<bd01::event::BoardResult::StarEventData&>(long * param_1, undefined4 * param_2, long param_3)
7100127440	2684	FUN_7100127440		d	a	0		int * FUN_7100127440(int * param_1, int * param_2, long param_3)
7100127ee0	380	FUN_7100127ee0		d	a	0		int FUN_7100127ee0(int * param_1, int * param_2, int * param_3, int * param_4, int * param_5)
7100128060	916	FUN_7100128060		d	a	0		bool FUN_7100128060(int * param_1, int * param_2)
7100128400	500	FUN_7100128400		d	a	0		int FUN_7100128400(int * param_1, int * param_2, int * param_3, int * param_4)
7100128600	400	__push_back_slow_path<bd01::event::BoardResult::PickupStarEventData>	std::vector<bd01::event::BoardResult::PickupStarEventData,bex::HeapModule::Allocator_vector<bd01::event::BoardResult::PickupStarEventData>>	a	a	0		void __push_back_slow_path<bd01::event::BoardResult::PickupStarEventData>(vector<bd01::event::BoardResult::PickupStarEventData,bex::HeapModule::Allocator_vector<bd01::event::BoardResult::PickupStarEventData>> * this, undefined8 * param_1)
7100128790	20	FUN_7100128790		d	a	0		undefined FUN_7100128790(void)
71001287a4	20	FUN_71001287a4		d	a	0		undefined FUN_71001287a4(void)
71001287b8	80	destroy	std::__tree<std::__value_type<bq::PlayerCharacterID,bex::vector<bex::PlayerID>>,std::__map_value_compare<bq::PlayerCharacterID,std::__value_type<bq::PlayerCharacterID,bex::vector<bex::PlayerID>>,std::less<bq::PlayerCharacterID>,true>,bex::HeapModule::Allocator_map<std::__value_type<bq::PlayerCharacterID,bex::vector<bex::PlayerID>>>>	a	a	0		undefined destroy(__tree<std::__value_type<bq::PlayerCharacterID,bex::vector<bex::PlayerID>>,std::__map_value_compare<bq::PlayerCharacterID,std::__value_type<bq::PlayerCharacterID,bex::vector<bex::PlayerID>>,std::less<bq::PlayerCharacterID>,true>,bex::HeapModule::Allocator_map<std::__value_type<bq::PlayerCharacterID,bex::vector<bex::PlayerID>>>> * this, undefined8 * param_1)
7100128808	88	~Map01_BoardResultEventEntry	bd01::event::Map01_BoardResultEventEntry	a	a	0		undefined ~Map01_BoardResultEventEntry(Map01_BoardResultEventEntry * this)
7100128860	4	SetupPost	bd01::event::MapBase_BoardResultEventEntry	a	a	0		undefined SetupPost(void)
7100128870	360	assign<bex::PlayerID*,0>	std::vector<bex::PlayerID,bex::HeapModule::Allocator_vector<bex::PlayerID>>	a	a	0		void assign<bex::PlayerID*,0>(vector<bex::PlayerID,bex::HeapModule::Allocator_vector<bex::PlayerID>> * this, undefined4 * param_1, undefined4 * param_2)
71001289d8	120	~BonusStarGet	bd01::event::BonusStarGet	a	a	0		undefined ~BonusStarGet(BonusStarGet * this)
7100128a50	128	~BonusStarGet	bd01::event::BonusStarGet	a	a	0		undefined ~BonusStarGet(BonusStarGet * this)
7100128ad0	1148	Update	bd01::event::BonusStarGet	a	a	0		undefined Update(BonusStarGet * this)
7100128f80	292	AddFiber<bd01::ActStarResultBonusGet>	bq::act::Man	a	a	0		weak_ptr AddFiber<bd01::ActStarResultBonusGet>(long * param_1_00, long * param_2, long param_3)
71001290e8	36	~__shared_ptr_pointer	std::__shared_ptr_pointer<bq::act::FiberManHolder<bd01::ActStarResultBonusGet>*,std::shared_ptr<bq::act::Base>::__shared_ptr_default_delete<bq::act::Base,bq::act::FiberManHolder<bd01::ActStarResultBonusGet>>,std::allocator<bq::act::FiberManHolder<bd01::ActStarResultBonusGet>>>	a	a	0		undefined ~__shared_ptr_pointer(__shared_ptr_pointer<bq::act::FiberManHolder<bd01::ActStarResultBonusGet>*,std::shared_ptr<bq::act::Base>::__shared_ptr_default_delete<bq::act::Base,bq::act::FiberManHolder<bd01::ActStarResultBonusGet>>,std::allocator<bq::act::FiberManHolder<bd01::ActStarResultBonusGet>>> * this)
710012910c	24	__on_zero_shared	std::__shared_ptr_pointer<bq::act::FiberManHolder<bd01::ActStarResultBonusGet>*,std::shared_ptr<bq::act::Base>::__shared_ptr_default_delete<bq::act::Base,bq::act::FiberManHolder<bd01::ActStarResultBonusGet>>,std::allocator<bq::act::FiberManHolder<bd01::ActStarResultBonusGet>>>	a	a	0		undefined __on_zero_shared(__shared_ptr_pointer<bq::act::FiberManHolder<bd01::ActStarResultBonusGet>*,std::shared_ptr<bq::act::Base>::__shared_ptr_default_delete<bq::act::Base,bq::act::FiberManHolder<bd01::ActStarResultBonusGet>>,std::allocator<bq::act::FiberManHolder<bd01::ActStarResultBonusGet>>> * this)
7100129124	4	__on_zero_shared_weak	std::__shared_ptr_pointer<bq::act::FiberManHolder<bd01::ActStarResultBonusGet>*,std::shared_ptr<bq::act::Base>::__shared_ptr_default_delete<bq::act::Base,bq::act::FiberManHolder<bd01::ActStarResultBonusGet>>,std::allocator<bq::act::FiberManHolder<bd01::ActStarResultBonusGet>>>	a	a	0		undefined __on_zero_shared_weak(__shared_ptr_pointer<bq::act::FiberManHolder<bd01::ActStarResultBonusGet>*,std::shared_ptr<bq::act::Base>::__shared_ptr_default_delete<bq::act::Base,bq::act::FiberManHolder<bd01::ActStarResultBonusGet>>,std::allocator<bq::act::FiberManHolder<bd01::ActStarResultBonusGet>>> * this)
7100129130	96	~FiberManHolder	bq::act::FiberManHolder<bd01::ActStarResultBonusGet>	a	a	0		undefined ~FiberManHolder(FiberManHolder<bd01::ActStarResultBonusGet> * this)
7100129190	108	~FiberManHolder	bq::act::FiberManHolder<bd01::ActStarResultBonusGet>	a	a	0		undefined ~FiberManHolder(FiberManHolder<bd01::ActStarResultBonusGet> * this)
71001291fc	32	IsProc	bq::act::FiberManHolder<bd01::ActStarResultBonusGet>	a	a	0		uint IsProc(void)
710012921c	12	IsObject	bq::act::FiberManHolder<bd01::ActStarResultBonusGet>	a	a	0		undefined IsObject(long param_1)
7100129228	8	SetPauseLevel	bq::act::FiberManHolder<bd01::ActStarResultBonusGet>	a	a	0		undefined SetPauseLevel(long param_1)
7100129230	36	~__shared_ptr_pointer	std::__shared_ptr_pointer<bd01::ActStarResultBonusGet*,std::shared_ptr<bd01::ActStarResultBonusGet>::__shared_ptr_default_delete<bd01::ActStarResultBonusGet,bd01::ActStarResultBonusGet>,std::allocator<bd01::ActStarResultBonusGet>>	a	a	0		undefined ~__shared_ptr_pointer(__shared_ptr_pointer<bd01::ActStarResultBonusGet*,std::shared_ptr<bd01::ActStarResultBonusGet>::__shared_ptr_default_delete<bd01::ActStarResultBonusGet,bd01::ActStarResultBonusGet>,std::allocator<bd01::ActStarResultBonusGet>> * this)
7100129254	24	__on_zero_shared	std::__shared_ptr_pointer<bd01::ActStarResultBonusGet*,std::shared_ptr<bd01::ActStarResultBonusGet>::__shared_ptr_default_delete<bd01::ActStarResultBonusGet,bd01::ActStarResultBonusGet>,std::allocator<bd01::ActStarResultBonusGet>>	a	a	0		undefined __on_zero_shared(__shared_ptr_pointer<bd01::ActStarResultBonusGet*,std::shared_ptr<bd01::ActStarResultBonusGet>::__shared_ptr_default_delete<bd01::ActStarResultBonusGet,bd01::ActStarResultBonusGet>,std::allocator<bd01::ActStarResultBonusGet>> * this)
710012926c	4	__on_zero_shared_weak	std::__shared_ptr_pointer<bd01::ActStarResultBonusGet*,std::shared_ptr<bd01::ActStarResultBonusGet>::__shared_ptr_default_delete<bd01::ActStarResultBonusGet,bd01::ActStarResultBonusGet>,std::allocator<bd01::ActStarResultBonusGet>>	a	a	0		undefined __on_zero_shared_weak(__shared_ptr_pointer<bd01::ActStarResultBonusGet*,std::shared_ptr<bd01::ActStarResultBonusGet>::__shared_ptr_default_delete<bd01::ActStarResultBonusGet,bd01::ActStarResultBonusGet>,std::allocator<bd01::ActStarResultBonusGet>> * this)
7100129270	44	~AudienceCharacterBase	bd01::event::BoardResult::AudienceCharacterBase	a	a	0		undefined ~AudienceCharacterBase(AudienceCharacterBase * this)
710012929c	1	~AudienceCharacterBase	bd01::event::BoardResult::AudienceCharacterBase	a	a	0		undefined ~AudienceCharacterBase(void)
71001292a0	368	__push_back_slow_path<bd01::event::BoardResult::StarEventData_const&>	std::vector<bd01::event::BoardResult::StarEventData,bex::HeapModule::Allocator_vector<bd01::event::BoardResult::StarEventData>>	a	a	0		void __push_back_slow_path<bd01::event::BoardResult::StarEventData_const&>(vector<bd01::event::BoardResult::StarEventData,bex::HeapModule::Allocator_vector<bd01::event::BoardResult::StarEventData>> * this, undefined4 * param_1)
7100129410	20	FUN_7100129410		d	a	0		undefined FUN_7100129410(void)
7100129430	2648	FUN_7100129430		d	a	0		undefined FUN_7100129430(undefined4 * param_1, undefined4 * param_2, long param_3)
7100129ea0	684	FUN_7100129ea0		d	a	0		ulong FUN_7100129ea0(undefined4 * param_1, undefined4 * param_2, undefined4 * param_3, undefined4 * param_4, undefined4 * param_5)
710012a150	672	FUN_710012a150		d	a	0		undefined8 FUN_710012a150(undefined4 * param_1, undefined4 * param_2, undefined4 * param_3)
710012a3f0	648	FUN_710012a3f0		d	a	0		bool FUN_710012a3f0(undefined4 * param_1, undefined4 * param_2)
710012a680	504	FUN_710012a680		d	a	0		ulong FUN_710012a680(undefined4 * param_1, undefined4 * param_2, undefined4 * param_3, undefined4 * param_4)
710012a880	4084	FUN_710012a880		d	a	0		undefined FUN_710012a880(undefined4 * param_1, undefined4 * param_2, long param_3)
710012b890	1008	FUN_710012b890		d	a	0		ulong FUN_710012b890(undefined4 * param_1, undefined4 * param_2, undefined4 * param_3, undefined4 * param_4, undefined4 * param_5)
710012bc80	1064	FUN_710012bc80		d	a	0		undefined8 FUN_710012bc80(undefined4 * param_1, undefined4 * param_2, undefined4 * param_3)
710012c0b0	828	FUN_710012c0b0		d	a	0		bool FUN_710012c0b0(undefined4 * param_1, undefined4 * param_2)
710012c400	744	FUN_710012c400		d	a	0		ulong FUN_710012c400(undefined4 * param_1, undefined4 * param_2, undefined4 * param_3, undefined4 * param_4)
710012c6e8	20	FUN_710012c6e8		d	a	0		undefined FUN_710012c6e8(void)
710012c700	2192	FUN_710012c700		d	a	0		undefined FUN_710012c700(int * param_1, int * param_2, long param_3)
710012cfb0	444	FUN_710012cfb0		d	a	0		ulong FUN_710012cfb0(int * param_1, int * param_2, int * param_3, int * param_4, int * param_5)
710012d170	400	FUN_710012d170		d	a	0		undefined8 FUN_710012d170(int * param_1, int * param_2, int * param_3)
710012d300	576	FUN_710012d300		d	a	0		bool FUN_710012d300(int * param_1, int * param_2)
710012d550	324	FUN_710012d550		d	a	0		ulong FUN_710012d550(int * param_1, int * param_2, int * param_3, int * param_4)
710012d6a0	2360	FUN_710012d6a0		d	a	0		undefined FUN_710012d6a0(undefined8 * param_1, undefined8 * param_2, long param_3)
710012dff0	588	FUN_710012dff0		d	a	0		ulong FUN_710012dff0(undefined8 * param_1, undefined8 * param_2, undefined8 * param_3, undefined8 * param_4, undefined8 * param_5)
710012e240	556	FUN_710012e240		d	a	0		undefined8 FUN_710012e240(undefined8 * param_1, undefined8 * param_2, undefined8 * param_3)
710012e470	612	FUN_710012e470		d	a	0		bool FUN_710012e470(undefined8 * param_1, undefined8 * param_2)
710012e6e0	432	FUN_710012e6e0		d	a	0		ulong FUN_710012e6e0(undefined8 * param_1, undefined8 * param_2, undefined8 * param_3, undefined8 * param_4)
710012e890	4172	FUN_710012e890		d	a	0		undefined FUN_710012e890(undefined8 * param_1, undefined8 * param_2, long param_3)
710012f910	764	FUN_710012f910		d	a	0		ulong FUN_710012f910(undefined8 * param_1, undefined8 * param_2, undefined8 * param_3, undefined8 * param_4, undefined8 * param_5)
710012fc10	928	FUN_710012fc10		d	a	0		undefined8 FUN_710012fc10(undefined8 * param_1, undefined8 * param_2, undefined8 * param_3)
710012ffb0	920	FUN_710012ffb0		d	a	0		bool FUN_710012ffb0(undefined8 * param_1, undefined8 * param_2)
7100130350	596	FUN_7100130350		d	a	0		ulong FUN_7100130350(undefined8 * param_1, undefined8 * param_2, undefined8 * param_3, undefined8 * param_4)
71001305b0	4172	FUN_71001305b0		d	a	0		undefined FUN_71001305b0(undefined8 * param_1, undefined8 * param_2, long param_3)
7100131630	764	FUN_7100131630		d	a	0		ulong FUN_7100131630(undefined8 * param_1, undefined8 * param_2, undefined8 * param_3, undefined8 * param_4, undefined8 * param_5)
7100131930	928	FUN_7100131930		d	a	0		undefined8 FUN_7100131930(undefined8 * param_1, undefined8 * param_2, undefined8 * param_3)
7100131cd0	920	FUN_7100131cd0		d	a	0		bool FUN_7100131cd0(undefined8 * param_1, undefined8 * param_2)
7100132070	596	FUN_7100132070		d	a	0		ulong FUN_7100132070(undefined8 * param_1, undefined8 * param_2, undefined8 * param_3, undefined8 * param_4)
71001322d0	292	AddFiber<bd01::event::MapBase_BoardResultEventEntry>	bq::act::Man	a	a	0		weak_ptr AddFiber<bd01::event::MapBase_BoardResultEventEntry>(long * param_1_00, long * param_2, long param_3)
7100132438	36	~__shared_ptr_pointer	std::__shared_ptr_pointer<bq::act::FiberManHolder<bd01::event::MapBase_BoardResultEventEntry>*,std::shared_ptr<bq::act::Base>::__shared_ptr_default_delete<bq::act::Base,bq::act::FiberManHolder<bd01::event::MapBase_BoardResultEventEntry>>,std::allocator<bq::act::FiberManHolder<bd01::event::MapBase_BoardResultEventEntry>>>	a	a	0		undefined ~__shared_ptr_pointer(__shared_ptr_pointer<bq::act::FiberManHolder<bd01::event::MapBase_BoardResultEventEntry>*,std::shared_ptr<bq::act::Base>::__shared_ptr_default_delete<bq::act::Base,bq::act::FiberManHolder<bd01::event::MapBase_BoardResultEventEntry>>,std::allocator<bq::act::FiberManHolder<bd01::event::MapBase_BoardResultEventEntry>>> * this)
710013245c	24	__on_zero_shared	std::__shared_ptr_pointer<bq::act::FiberManHolder<bd01::event::MapBase_BoardResultEventEntry>*,std::shared_ptr<bq::act::Base>::__shared_ptr_default_delete<bq::act::Base,bq::act::FiberManHolder<bd01::event::MapBase_BoardResultEventEntry>>,std::allocator<bq::act::FiberManHolder<bd01::event::MapBase_BoardResultEventEntry>>>	a	a	0		undefined __on_zero_shared(__shared_ptr_pointer<bq::act::FiberManHolder<bd01::event::MapBase_BoardResultEventEntry>*,std::shared_ptr<bq::act::Base>::__shared_ptr_default_delete<bq::act::Base,bq::act::FiberManHolder<bd01::event::MapBase_BoardResultEventEntry>>,std::allocator<bq::act::FiberManHolder<bd01::event::MapBase_BoardResultEventEntry>>> * this)
7100132474	4	__on_zero_shared_weak	std::__shared_ptr_pointer<bq::act::FiberManHolder<bd01::event::MapBase_BoardResultEventEntry>*,std::shared_ptr<bq::act::Base>::__shared_ptr_default_delete<bq::act::Base,bq::act::FiberManHolder<bd01::event::MapBase_BoardResultEventEntry>>,std::allocator<bq::act::FiberManHolder<bd01::event::MapBase_BoardResultEventEntry>>>	a	a	0		undefined __on_zero_shared_weak(__shared_ptr_pointer<bq::act::FiberManHolder<bd01::event::MapBase_BoardResultEventEntry>*,std::shared_ptr<bq::act::Base>::__shared_ptr_default_delete<bq::act::Base,bq::act::FiberManHolder<bd01::event::MapBase_BoardResultEventEntry>>,std::allocator<bq::act::FiberManHolder<bd01::event::MapBase_BoardResultEventEntry>>> * this)
7100132480	96	~FiberManHolder	bq::act::FiberManHolder<bd01::event::MapBase_BoardResultEventEntry>	a	a	0		undefined ~FiberManHolder(FiberManHolder<bd01::event::MapBase_BoardResultEventEntry> * this)
71001324e0	108	~FiberManHolder	bq::act::FiberManHolder<bd01::event::MapBase_BoardResultEventEntry>	a	a	0		undefined ~FiberManHolder(FiberManHolder<bd01::event::MapBase_BoardResultEventEntry> * this)
710013254c	32	IsProc	bq::act::FiberManHolder<bd01::event::MapBase_BoardResultEventEntry>	a	a	0		uint IsProc(void)
710013256c	12	IsObject	bq::act::FiberManHolder<bd01::event::MapBase_BoardResultEventEntry>	a	a	0		undefined IsObject(long param_1)
7100132578	8	SetPauseLevel	bq::act::FiberManHolder<bd01::event::MapBase_BoardResultEventEntry>	a	a	0		undefined SetPauseLevel(long param_1)
7100132580	36	~__shared_ptr_pointer	std::__shared_ptr_pointer<bd01::event::MapBase_BoardResultEventEntry*,std::shared_ptr<bd01::event::MapBase_BoardResultEventEntry>::__shared_ptr_default_delete<bd01::event::MapBase_BoardResultEventEntry,bd01::event::MapBase_BoardResultEventEntry>,std::allocator<bd01::event::MapBase_BoardResultEventEntry>>	a	a	0		undefined ~__shared_ptr_pointer(__shared_ptr_pointer<bd01::event::MapBase_BoardResultEventEntry*,std::shared_ptr<bd01::event::MapBase_BoardResultEventEntry>::__shared_ptr_default_delete<bd01::event::MapBase_BoardResultEventEntry,bd01::event::MapBase_BoardResultEventEntry>,std::allocator<bd01::event::MapBase_BoardResultEventEntry>> * this)
71001325a4	24	__on_zero_shared	std::__shared_ptr_pointer<bd01::event::MapBase_BoardResultEventEntry*,std::shared_ptr<bd01::event::MapBase_BoardResultEventEntry>::__shared_ptr_default_delete<bd01::event::MapBase_BoardResultEventEntry,bd01::event::MapBase_BoardResultEventEntry>,std::allocator<bd01::event::MapBase_BoardResultEventEntry>>	a	a	0		undefined __on_zero_shared(__shared_ptr_pointer<bd01::event::MapBase_BoardResultEventEntry*,std::shared_ptr<bd01::event::MapBase_BoardResultEventEntry>::__shared_ptr_default_delete<bd01::event::MapBase_BoardResultEventEntry,bd01::event::MapBase_BoardResultEventEntry>,std::allocator<bd01::event::MapBase_BoardResultEventEntry>> * this)
71001325bc	4	__on_zero_shared_weak	std::__shared_ptr_pointer<bd01::event::MapBase_BoardResultEventEntry*,std::shared_ptr<bd01::event::MapBase_BoardResultEventEntry>::__shared_ptr_default_delete<bd01::event::MapBase_BoardResultEventEntry,bd01::event::MapBase_BoardResultEventEntry>,std::allocator<bd01::event::MapBase_BoardResultEventEntry>>	a	a	0		undefined __on_zero_shared_weak(__shared_ptr_pointer<bd01::event::MapBase_BoardResultEventEntry*,std::shared_ptr<bd01::event::MapBase_BoardResultEventEntry>::__shared_ptr_default_delete<bd01::event::MapBase_BoardResultEventEntry,bd01::event::MapBase_BoardResultEventEntry>,std::allocator<bd01::event::MapBase_BoardResultEventEntry>> * this)
71001325c0	4	~__func	std::__function::__func<std::__bind<void(bd01::event::BoardResult::*)(int),bd01::event::BoardResult*,std::placeholders::__ph<1>const&>,std::allocator<std::__bind<void(bd01::event::BoardResult::*)(int),bd01::event::BoardResult*,std::placeholders::__ph<1>const&>>,void(int)>	a	a	0		undefined ~__func(__func<std::__bind<void(bd01::event::BoardResult::*)(int),bd01::event::BoardResult*,std::placeholders::__ph<1>const&>,std::allocator<std::__bind<void(bd01::event::BoardResult::*)(int),bd01::event::BoardResult*,std::placeholders::__ph<1>const&>>,void(int)> * this)
71001325c4	64	__clone	std::__function::__func<std::__bind<void(bd01::event::BoardResult::*)(int),bd01::event::BoardResult*,std::placeholders::__ph<1>const&>,std::allocator<std::__bind<void(bd01::event::BoardResult::*)(int),bd01::event::BoardResult*,std::placeholders::__ph<1>const&>>,void(int)>	a	a	0		undefined __clone(__func<std::__bind<void(bd01::event::BoardResult::*)(int),bd01::event::BoardResult*,std::placeholders::__ph<1>const&>,std::allocator<std::__bind<void(bd01::event::BoardResult::*)(int),bd01::event::BoardResult*,std::placeholders::__ph<1>const&>>,void(int)> * this)
7100132604	36	__clone	std::__function::__func<std::__bind<void(bd01::event::BoardResult::*)(int),bd01::event::BoardResult*,std::placeholders::__ph<1>const&>,std::allocator<std::__bind<void(bd01::event::BoardResult::*)(int),bd01::event::BoardResult*,std::placeholders::__ph<1>const&>>,void(int)>	a	a	0		undefined __clone(__func<std::__bind<void(bd01::event::BoardResult::*)(int),bd01::event::BoardResult*,std::placeholders::__ph<1>const&>,std::allocator<std::__bind<void(bd01::event::BoardResult::*)(int),bd01::event::BoardResult*,std::placeholders::__ph<1>const&>>,void(int)> * this, long * param_1)
7100132628	4	destroy	std::__function::__func<std::__bind<void(bd01::event::BoardResult::*)(int),bd01::event::BoardResult*,std::placeholders::__ph<1>const&>,std::allocator<std::__bind<void(bd01::event::BoardResult::*)(int),bd01::event::BoardResult*,std::placeholders::__ph<1>const&>>,void(int)>	a	a	0		undefined destroy(void)
710013262c	4	destroy_deallocate	std::__function::__func<std::__bind<void(bd01::event::BoardResult::*)(int),bd01::event::BoardResult*,std::placeholders::__ph<1>const&>,std::allocator<std::__bind<void(bd01::event::BoardResult::*)(int),bd01::event::BoardResult*,std::placeholders::__ph<1>const&>>,void(int)>	a	a	0		undefined destroy_deallocate(__func<std::__bind<void(bd01::event::BoardResult::*)(int),bd01::event::BoardResult*,std::placeholders::__ph<1>const&>,std::allocator<std::__bind<void(bd01::event::BoardResult::*)(int),bd01::event::BoardResult*,std::placeholders::__ph<1>const&>>,void(int)> * this)
7100132630	32	operator()	std::__function::__func<std::__bind<void(bd01::event::BoardResult::*)(int),bd01::event::BoardResult*,std::placeholders::__ph<1>const&>,std::allocator<std::__bind<void(bd01::event::BoardResult::*)(int),bd01::event::BoardResult*,std::placeholders::__ph<1>const&>>,void(int)>	a	a	0		undefined operator()(__func<std::__bind<void(bd01::event::BoardResult::*)(int),bd01::event::BoardResult*,std::placeholders::__ph<1>const&>,std::allocator<std::__bind<void(bd01::event::BoardResult::*)(int),bd01::event::BoardResult*,std::placeholders::__ph<1>const&>>,void(int)> * this, undefined4 * param_1)
7100132660	2396	FUN_7100132660		d	a	0		undefined FUN_7100132660(int * param_1, int * param_2, long param_3)
7100132fe0	428	FUN_7100132fe0		d	a	0		ulong FUN_7100132fe0(int * param_1, int * param_2, int * param_3, int * param_4, int * param_5)
7100133190	532	FUN_7100133190		d	a	0		undefined8 FUN_7100133190(int * param_1, int * param_2, int * param_3)
71001333b0	560	FUN_71001333b0		d	a	0		bool FUN_71001333b0(int * param_1, int * param_2)
71001335f0	340	FUN_71001335f0		d	a	0		ulong FUN_71001335f0(int * param_1, int * param_2, int * param_3, int * param_4)
7100133750	292	AddFiber<bd01::event::BonusStarGet>	bq::act::Man	a	a	0		weak_ptr AddFiber<bd01::event::BonusStarGet>(long * param_1_00, long * param_2, long param_3)
71001338b8	36	~__shared_ptr_pointer	std::__shared_ptr_pointer<bq::act::FiberManHolder<bd01::event::BonusStarGet>*,std::shared_ptr<bq::act::Base>::__shared_ptr_default_delete<bq::act::Base,bq::act::FiberManHolder<bd01::event::BonusStarGet>>,std::allocator<bq::act::FiberManHolder<bd01::event::BonusStarGet>>>	a	a	0		undefined ~__shared_ptr_pointer(__shared_ptr_pointer<bq::act::FiberManHolder<bd01::event::BonusStarGet>*,std::shared_ptr<bq::act::Base>::__shared_ptr_default_delete<bq::act::Base,bq::act::FiberManHolder<bd01::event::BonusStarGet>>,std::allocator<bq::act::FiberManHolder<bd01::event::BonusStarGet>>> * this)
71001338dc	24	__on_zero_shared	std::__shared_ptr_pointer<bq::act::FiberManHolder<bd01::event::BonusStarGet>*,std::shared_ptr<bq::act::Base>::__shared_ptr_default_delete<bq::act::Base,bq::act::FiberManHolder<bd01::event::BonusStarGet>>,std::allocator<bq::act::FiberManHolder<bd01::event::BonusStarGet>>>	a	a	0		undefined __on_zero_shared(__shared_ptr_pointer<bq::act::FiberManHolder<bd01::event::BonusStarGet>*,std::shared_ptr<bq::act::Base>::__shared_ptr_default_delete<bq::act::Base,bq::act::FiberManHolder<bd01::event::BonusStarGet>>,std::allocator<bq::act::FiberManHolder<bd01::event::BonusStarGet>>> * this)
71001338f4	4	__on_zero_shared_weak	std::__shared_ptr_pointer<bq::act::FiberManHolder<bd01::event::BonusStarGet>*,std::shared_ptr<bq::act::Base>::__shared_ptr_default_delete<bq::act::Base,bq::act::FiberManHolder<bd01::event::BonusStarGet>>,std::allocator<bq::act::FiberManHolder<bd01::event::BonusStarGet>>>	a	a	0		undefined __on_zero_shared_weak(__shared_ptr_pointer<bq::act::FiberManHolder<bd01::event::BonusStarGet>*,std::shared_ptr<bq::act::Base>::__shared_ptr_default_delete<bq::act::Base,bq::act::FiberManHolder<bd01::event::BonusStarGet>>,std::allocator<bq::act::FiberManHolder<bd01::event::BonusStarGet>>> * this)
7100133900	96	~FiberManHolder	bq::act::FiberManHolder<bd01::event::BonusStarGet>	a	a	0		undefined ~FiberManHolder(FiberManHolder<bd01::event::BonusStarGet> * this)
7100133960	108	~FiberManHolder	bq::act::FiberManHolder<bd01::event::BonusStarGet>	a	a	0		undefined ~FiberManHolder(FiberManHolder<bd01::event::BonusStarGet> * this)
71001339cc	32	IsProc	bq::act::FiberManHolder<bd01::event::BonusStarGet>	a	a	0		uint IsProc(void)
71001339ec	12	IsObject	bq::act::FiberManHolder<bd01::event::BonusStarGet>	a	a	0		undefined IsObject(long param_1)
71001339f8	8	SetPauseLevel	bq::act::FiberManHolder<bd01::event::BonusStarGet>	a	a	0		undefined SetPauseLevel(long param_1)
7100133a00	36	~__shared_ptr_pointer	std::__shared_ptr_pointer<bd01::event::BonusStarGet*,std::shared_ptr<bd01::event::BonusStarGet>::__shared_ptr_default_delete<bd01::event::BonusStarGet,bd01::event::BonusStarGet>,std::allocator<bd01::event::BonusStarGet>>	a	a	0		undefined ~__shared_ptr_pointer(__shared_ptr_pointer<bd01::event::BonusStarGet*,std::shared_ptr<bd01::event::BonusStarGet>::__shared_ptr_default_delete<bd01::event::BonusStarGet,bd01::event::BonusStarGet>,std::allocator<bd01::event::BonusStarGet>> * this)
7100133a24	24	__on_zero_shared	std::__shared_ptr_pointer<bd01::event::BonusStarGet*,std::shared_ptr<bd01::event::BonusStarGet>::__shared_ptr_default_delete<bd01::event::BonusStarGet,bd01::event::BonusStarGet>,std::allocator<bd01::event::BonusStarGet>>	a	a	0		undefined __on_zero_shared(__shared_ptr_pointer<bd01::event::BonusStarGet*,std::shared_ptr<bd01::event::BonusStarGet>::__shared_ptr_default_delete<bd01::event::BonusStarGet,bd01::event::BonusStarGet>,std::allocator<bd01::event::BonusStarGet>> * this)
7100133a3c	4	__on_zero_shared_weak	std::__shared_ptr_pointer<bd01::event::BonusStarGet*,std::shared_ptr<bd01::event::BonusStarGet>::__shared_ptr_default_delete<bd01::event::BonusStarGet,bd01::event::BonusStarGet>,std::allocator<bd01::event::BonusStarGet>>	a	a	0		undefined __on_zero_shared_weak(__shared_ptr_pointer<bd01::event::BonusStarGet*,std::shared_ptr<bd01::event::BonusStarGet>::__shared_ptr_default_delete<bd01::event::BonusStarGet,bd01::event::BonusStarGet>,std::allocator<bd01::event::BonusStarGet>> * this)
7100133a40	2684	FUN_7100133a40		d	a	0		int * FUN_7100133a40(int * param_1, int * param_2, long param_3)
71001344e0	380	FUN_71001344e0		d	a	0		int FUN_71001344e0(int * param_1, int * param_2, int * param_3, int * param_4, int * param_5)
7100134660	916	FUN_7100134660		d	a	0		bool FUN_7100134660(int * param_1, int * param_2)
7100134a00	500	FUN_7100134a00		d	a	0		int FUN_7100134a00(int * param_1, int * param_2, int * param_3, int * param_4)
7100134c00	2684	FUN_7100134c00		d	a	0		int * FUN_7100134c00(int * param_1, int * param_2, long param_3)
71001356a0	380	FUN_71001356a0		d	a	0		int FUN_71001356a0(int * param_1, int * param_2, int * param_3, int * param_4, int * param_5)
7100135820	916	FUN_7100135820		d	a	0		bool FUN_7100135820(int * param_1, int * param_2)
7100135bc0	500	FUN_7100135bc0		d	a	0		int FUN_7100135bc0(int * param_1, int * param_2, int * param_3, int * param_4)
7100135dc0	548	__emplace_back_slow_path<char(&)[256]>	std::vector<std::basic_string<char,std::char_traits<char>,bex::HeapModule::Allocator_string<char>>,bex::HeapModule::Allocator_vector<std::basic_string<char,std::char_traits<char>,bex::HeapModule::Allocator_string<char>>>>	a	a	0		void __emplace_back_slow_path<char(&)[256]>(vector<std::basic_string<char,std::char_traits<char>,bex::HeapModule::Allocator_string<char>>,bex::HeapModule::Allocator_vector<std::basic_string<char,std::char_traits<char>,bex::HeapModule::Allocator_string<char>>>> * this, char * param_1)
7100136000	548	__emplace_back_slow_path<char_const(&)[1]>	std::vector<std::basic_string<char,std::char_traits<char>,bex::HeapModule::Allocator_string<char>>,bex::HeapModule::Allocator_vector<std::basic_string<char,std::char_traits<char>,bex::HeapModule::Allocator_string<char>>>>	a	a	0		void __emplace_back_slow_path<char_const(&)[1]>(vector<std::basic_string<char,std::char_traits<char>,bex::HeapModule::Allocator_string<char>>,bex::HeapModule::Allocator_vector<std::basic_string<char,std::char_traits<char>,bex::HeapModule::Allocator_string<char>>>> * this, char * param_1)
7100136240	880	Update	bd01::event::Map02_BoardResultEventEntry	a	a	0		undefined Update(Map02_BoardResultEventEntry * this)
710013660c	88	~Map02_BoardResultEventEntry	bd01::event::Map02_BoardResultEventEntry	a	a	0		undefined ~Map02_BoardResultEventEntry(Map02_BoardResultEventEntry * this)
7100136664	52	Map03_BoardResultEventEntry	bd01::event::Map03_BoardResultEventEntry	a	a	0		undefined Map03_BoardResultEventEntry(Map03_BoardResultEventEntry * this)
7100136698	144	~Map03_BoardResultEventEntry	bd01::event::Map03_BoardResultEventEntry	a	a	0		undefined ~Map03_BoardResultEventEntry(Map03_BoardResultEventEntry * this)
7100136728	36	~Map03_BoardResultEventEntry	bd01::event::Map03_BoardResultEventEntry	a	a	0		undefined ~Map03_BoardResultEventEntry(Map03_BoardResultEventEntry * this)
710013674c	532	Setup	bd01::event::Map03_BoardResultEventEntry	a	a	0		undefined Setup(Map03_BoardResultEventEntry * this, long param_1)
7100136980	688	Update	bd01::event::Map03_BoardResultEventEntry	a	a	0		undefined Update(Map03_BoardResultEventEntry * this)
7100136c30	48	Map04_BoardResultEventEntry	bd01::event::Map04_BoardResultEventEntry	a	a	0		undefined Map04_BoardResultEventEntry(Map04_BoardResultEventEntry * this)
7100136c60	88	SetupPost	bd01::event::Map04_BoardResultEventEntry	a	a	0		undefined SetupPost(void)
7100136cb8	88	~Map04_BoardResultEventEntry	bd01::event::Map04_BoardResultEventEntry	a	a	0		undefined ~Map04_BoardResultEventEntry(Map04_BoardResultEventEntry * this)
7100136d10	48	Map05_BoardResultEventEntry	bd01::event::Map05_BoardResultEventEntry	a	a	0		undefined Map05_BoardResultEventEntry(Map05_BoardResultEventEntry * this)
7100136d40	152	Setup	bd01::event::Map05_BoardResultEventEntry	a	a	0		undefined Setup(undefined1[16] param_1_00, undefined1[16] param_2, undefined1[16] param_3, undefined1[16] param_4, Map05_BoardResultEventEntry * this, long param_6)
7100136dd8	24	SetupPost	bd01::event::Map05_BoardResultEventEntry	a	a	0		undefined SetupPost(void)
7100136df0	88	~Map05_BoardResultEventEntry	bd01::event::Map05_BoardResultEventEntry	a	a	0		undefined ~Map05_BoardResultEventEntry(Map05_BoardResultEventEntry * this)
7100136e48	48	Map06_BoardResultEventEntry	bd01::event::Map06_BoardResultEventEntry	a	a	0		undefined Map06_BoardResultEventEntry(Map06_BoardResultEventEntry * this)
7100136e78	112	Setup	bd01::event::Map06_BoardResultEventEntry	a	a	0		undefined Setup(Map06_BoardResultEventEntry * this, long param_1)
7100136ee8	168	SetupPost	bd01::event::Map06_BoardResultEventEntry	a	a	0		undefined SetupPost(void)
7100136f90	88	~Map06_BoardResultEventEntry	bd01::event::Map06_BoardResultEventEntry	a	a	0		undefined ~Map06_BoardResultEventEntry(Map06_BoardResultEventEntry * this)
7100136fe8	48	Map07_BoardResultEventEntry	bd01::event::Map07_BoardResultEventEntry	a	a	0		undefined Map07_BoardResultEventEntry(Map07_BoardResultEventEntry * this)
7100137018	108	Setup	bd01::event::Map07_BoardResultEventEntry	a	a	0		undefined Setup(Map07_BoardResultEventEntry * this, long param_1)
7100137084	428	SetupPost	bd01::event::Map07_BoardResultEventEntry	a	a	0		undefined SetupPost(void)
7100137230	88	~Map07_BoardResultEventEntry	bd01::event::Map07_BoardResultEventEntry	a	a	0		undefined ~Map07_BoardResultEventEntry(Map07_BoardResultEventEntry * this)
710013728c	36	FUN_710013728c		d	a	0		undefined FUN_710013728c(void)
71001372c0	4	FUN_71001372c0		d	a	0		undefined FUN_71001372c0(void)
71001372c4	4	operator.delete	<EXTERNAL>	d	a	1		void operator.delete(void * param_1)
71001372dc	60	MapBase_BoardResultEventEntry	bd01::event::MapBase_BoardResultEventEntry	a	a	0		undefined MapBase_BoardResultEventEntry(MapBase_BoardResultEventEntry * this)
7100137318	280	Setup	bd01::event::MapBase_BoardResultEventEntry	a	a	0		undefined Setup(MapBase_BoardResultEventEntry * this, long param_1)
7100137430	720	Update	bd01::event::MapBase_BoardResultEventEntry	a	a	0		undefined Update(MapBase_BoardResultEventEntry * this)
7100137740	600	MessageAnim	bd01::event::MapBase_BoardResultEventEntry	a	a	0		undefined MessageAnim(MapBase_BoardResultEventEntry * this, uint * param_1, byte * param_2, undefined4 param_3, int param_4)
7100137998	88	~MapBase_BoardResultEventEntry	bd01::event::MapBase_BoardResultEventEntry	a	a	0		undefined ~MapBase_BoardResultEventEntry(MapBase_BoardResultEventEntry * this)
71001379f0	572	MessageRun	bd01::event::BossMgEventImplBase	a	a	0		undefined MessageRun(BossMgEventImplBase * this, undefined4 param_1)
7100137c2c	60	MessageRun	bd01::event::BossMgEventImplBase	a	a	0		undefined MessageRun(BossMgEventImplBase * this, byte * param_1, undefined4 param_2)
7100137c70	444	Dialog	bd01::event::BossMgEventImplBase	a	a	0		undefined4 Dialog(BossMgEventImplBase * this, byte * param_1, long * param_2, char * param_3)
7100137e2c	104	BossMgEventImplBase	bd01::event::BossMgEventImplBase	a	a	0		undefined BossMgEventImplBase(BossMgEventImplBase * this)
7100137e94	36	~BossMgEventImplBase	bd01::event::BossMgEventImplBase	a	a	0		undefined ~BossMgEventImplBase(BossMgEventImplBase * this)
7100137ec0	356	Update	bd01::event::BossMgEventImplBase	a	a	0		undefined Update(BossMgEventImplBase * this)
7100138030	368	OnEnd	bd01::event::BossMgEventImplBase	a	a	0		undefined OnEnd(BossMgEventImplBase * this)
71001381a0	836	Create	bd01::event::BossMgEventImplBase	a	a	0		undefined Create(BossMgEventImplBase * this)
7100138520	1036	InitMC	bd01::event::BossMgEventImplBase	a	a	0		undefined InitMC(BossMgEventImplBase * this)
7100138940	268	SuportNpcMgr	bd01::event::SuportNpcMgr	a	a	0		undefined SuportNpcMgr(SuportNpcMgr * this, undefined8 param_1, long * param_2, undefined8 * param_3, undefined8 param_4)
7100138b10	812	ResetPcPos	bd01::event::BossMgEventImplBase	a	a	0		undefined ResetPcPos(BossMgEventImplBase * this, ulong param_1)
7100138e40	496	ResetNpc	bd01::event::NearNpcMgr	a	a	0		undefined ResetNpc(NearNpcMgr * this, ulong param_1)
7100139050	660	PlayCameraAnim	bd01::event::BossMgEventImplBase	a	a	0		undefined PlayCameraAnim(long param_1, int param_2)
7100139310	1916	EventStart	bd01::event::BossMgEventImplBase	a	a	0		undefined8 EventStart(BossMgEventImplBase * this)
7100139ad0	232	PlayBossPostEffectIn	bd01::event::BossMgEventImplBase	a	a	0		undefined PlayBossPostEffectIn(void)
7100139bb8	1336	BossEntry	bd01::event::BossMgEventImplBase	a	a	0		undefined BossEntry(BossMgEventImplBase * this)
710013a110	964	NpcReaction	bd01::event::NearNpcMgr	a	a	0		undefined NpcReaction(NearNpcMgr * this, undefined8 * param_1)
710013a534	540	EventReStart	bd01::event::BossMgEventImplBase	a	a	0		undefined8 EventReStart(BossMgEventImplBase * this)
710013a750	300	MoveToBoss	bd01::event::BossMgEventImplBase	a	a	0		undefined MoveToBoss(BossMgEventImplBase * this)
710013a87c	448	EventRematchStart	bd01::event::BossMgEventImplBase	a	a	0		undefined8 EventRematchStart(BossMgEventImplBase * this)
710013aa3c	1100	EventChoiceGotoBoss	bd01::event::BossMgEventImplBase	a	a	0		undefined8 EventChoiceGotoBoss(BossMgEventImplBase * this)
710013aea0	2876	EventMgBefore	bd01::event::BossMgEventImplBase	a	a	0		undefined8 EventMgBefore(BossMgEventImplBase * this)
710013ba40	1844	Comming	bd01::event::SuportNpcMgr	a	a	0		undefined Comming(SuportNpcMgr * this, long * param_1)
710013c280	452	PlayUI	bd01::event::SuportNpcMgr	a	a	0		undefined PlayUI(SuportNpcMgr * this)
710013c470	1264	SelectWaitChara	bd01::event::SuportNpcMgr	a	a	0		undefined SelectWaitChara(long * param_1)
710013c9f0	984	EventMgStart	bd01::event::BossMgEventImplBase	a	a	0		undefined8 EventMgStart(BossMgEventImplBase * this)
710013ce20	236	ActTurnTo	bd01::event::SuportNpcMgr	a	a	0		undefined ActTurnTo(SuportNpcMgr * this, undefined8 * param_1)
710013cf30	632	JumpAnim	bd01::event::BossMgEventImplBase	a	a	0		undefined JumpAnim(float param_1, undefined4 param_2, BossMgEventImplBase * this, long * param_4, undefined8 * param_5, ulong param_6)
710013d1d0	316	ActMgStart	bd01::event::SuportNpcMgr	a	a	0		undefined ActMgStart(SuportNpcMgr * this)
710013d310	1504	EventMgEnd	bd01::event::BossMgEventImplBase	a	a	0		undefined4 EventMgEnd(BossMgEventImplBase * this)
710013d91c	124	AchievementGet	bd01::event::BossMgEventImplBase	a	a	0		undefined AchievementGet(BossMgEventImplBase * this)
710013d998	328	SetupWaitCharaMgEnd	bd01::event::SuportNpcMgr	a	a	0		undefined SetupWaitCharaMgEnd(SuportNpcMgr * this)
710013dae0	544	ActMgEnd	bd01::event::SuportNpcMgr	a	a	0		undefined ActMgEnd(SuportNpcMgr * this)
710013dd20	2088	EventMgWin	bd01::event::BossMgEventImplBase	a	a	0		undefined8 EventMgWin(BossMgEventImplBase * this)
710013e580	228	ActTurnToCamera	bd01::event::SuportNpcMgr	a	a	0		undefined ActTurnToCamera(SuportNpcMgr * this, undefined4 param_1, byte param_2)
710013e688	372	Save	bd01::event::BossMgEventImplBase	a	a	0		undefined Save(void)
710013e818	976	ReplaseBottle	bd01::event::BossMgEventImplBase	a	a	0		undefined ReplaseBottle(BossMgEventImplBase * this)
710013ebf0	656	EvnetMgLose	bd01::event::BossMgEventImplBase	a	a	0		undefined8 EvnetMgLose(BossMgEventImplBase * this)
710013eea0	868	EvnetMgRematchWin	bd01::event::BossMgEventImplBase	a	a	0		undefined8 EvnetMgRematchWin(BossMgEventImplBase * this)
710013f220	708	EvnetMgRematchLose	bd01::event::BossMgEventImplBase	a	a	0		undefined8 EvnetMgRematchLose(BossMgEventImplBase * this)
710013f4f0	1740	EventExitSupport	bd01::event::BossMgEventImplBase	a	a	0		bool EventExitSupport(BossMgEventImplBase * this)
710013fc10	1384	Exit	bd01::event::SuportNpcMgr	a	a	0		undefined Exit(SuportNpcMgr * this, long * param_1)
71001401cc	284	EventRidePlatform	bd01::event::BossMgEventImplBase	a	a	0		undefined8 EventRidePlatform(BossMgEventImplBase * this)
71001402f0	5624	RidePlatform	bd01::event::BossMgEventImplBase	a	a	0		undefined RidePlatform(BossMgEventImplBase * this)
7100141948	124	EventMovingStart	bd01::event::BossMgEventImplBase	a	a	0		undefined8 EventMovingStart(BossMgEventImplBase * this)
71001419c4	52	EventNextMap	bd01::event::BossMgEventImplBase	a	a	0		undefined8 EventNextMap(BossMgEventImplBase * this)
71001419f8	204	BottleSuckedIn	bd01::event::BossMgEventImplBase	a	a	0		undefined BottleSuckedIn(BossMgEventImplBase * this, ulong param_1)
7100141ad0	280	BottleSpitOut	bd01::event::BossMgEventImplBase	a	a	0		undefined BottleSpitOut(BossMgEventImplBase * this)
7100141bf0	752	ClearSky	bd01::event::BossMgEventImplBase	a	a	0		undefined ClearSky(BossMgEventImplBase * this)
7100141ee0	272	PlayBossPostEffectOut	bd01::event::BossMgEventImplBase	a	a	0		undefined PlayBossPostEffectOut(void)
7100141ff0	60	WaitScreenIn	bd01::event::BossMgEventImplBase	a	a	0		undefined WaitScreenIn(BossMgEventImplBase * this, long * param_1)
710014202c	340	IsScreen	bd01::event::BossMgEventImplBase	a	a	0		bool IsScreen(undefined8 param_1_00, long * param_2)
7100142180	60	WaitScreenOut	bd01::event::BossMgEventImplBase	a	a	0		undefined WaitScreenOut(BossMgEventImplBase * this, long * param_1)
71001421bc	328	OnMoveToStartMgWin	bd01::event::BossMgEventImplBase	a	a	0		undefined OnMoveToStartMgWin(BossMgEventImplBase * this)
7100142310	208	GetDecoItem	bd01::event::BossMgEventImplBase	a	a	0		undefined GetDecoItem(BossMgEventImplBase * this, int param_1)
71001423e0	100	SetBossPostEffect	bd01::event::BossMgEventImplBase	a	a	0		undefined SetBossPostEffect(ulong param_1)
7100142444	196	PlayBossVortexEffect	bd01::event::BossMgEventImplBase	a	a	0		undefined PlayBossVortexEffect(BossMgEventImplBase * this, ulong param_1)
7100142508	148	StopBossVortexEffect	bd01::event::BossMgEventImplBase	a	a	0		undefined StopBossVortexEffect(BossMgEventImplBase * this)
710014259c	148	ExitBossVortexEffect	bd01::event::BossMgEventImplBase	a	a	0		undefined ExitBossVortexEffect(BossMgEventImplBase * this)
7100142630	144	OnUpdateBossBefore	bd01::event::BossMgEventImplBase	a	a	0		undefined OnUpdateBossBefore(BossMgEventImplBase * this)
71001426c0	256	OnUpdateBossLose	bd01::event::BossMgEventImplBase	a	a	0		undefined OnUpdateBossLose(BossMgEventImplBase * this)
71001427c0	144	OnUpdateBossWin	bd01::event::BossMgEventImplBase	a	a	0		undefined OnUpdateBossWin(BossMgEventImplBase * this)
7100142850	1312	Update	bd01::event::BossMgEvent	a	a	0		undefined Update(BossMgEvent * this)
7100142da0	2728	OnUpdateQuest	bd01::event::BossMgEvent	a	a	0		undefined OnUpdateQuest(BossMgEvent * this)
71001438b4	272	CheckFlag	bd01::event::BossMgEventImplBase	a	a	0		uint CheckFlag(char * param_1)
71001439e0	480	AddComponent<bex::sound::ComActor,,(void*)0>	nn::bezel::Entity	a	a	0		WeakHandle AddComponent<bex::sound::ComActor,,(void*)0>(long * param_1, HandlePtr * param_2)
7100143bc8	216	OnFadeinAfter	bd01::event::BossMgEvent	a	a	0		undefined OnFadeinAfter(void)
7100143ca0	112	~BossMgEvent	bd01::event::BossMgEvent	a	a	0		undefined ~BossMgEvent(BossMgEvent * this)
7100143d10	120	~BossMgEvent	bd01::event::BossMgEvent	a	a	0		undefined ~BossMgEvent(BossMgEvent * this)
7100143d88	16	GetMessageLabel	bd01::event::BossMgEventImplBase	a	a	0		undefined8 GetMessageLabel(undefined8 param_1_00, int param_2)
7100143d98	12	GetSuportNpcArgList	bd01::event::BossMgEventImplBase	a	a	0		undefined GetSuportNpcArgList(undefined8 * param_1)
7100143da4	12	GetNpcCommingNodeList	bd01::event::BossMgEventImplBase	a	a	0		undefined GetNpcCommingNodeList(undefined8 * param_1)
7100143db0	12	GetNpcExitNodeList	bd01::event::BossMgEventImplBase	a	a	0		undefined GetNpcExitNodeList(undefined8 * param_1)
7100143dbc	480	NpcMoveToBoss	bd01::event::BossMgEventImplBase	a	a	0		undefined NpcMoveToBoss(undefined1[16] param_1, undefined1[16] param_2, undefined1[16] param_3, undefined1[16] param_4, long param_5)
7100143f9c	4	ReplaseBottleInit	bd01::event::BossMgEventImplBase	a	a	0		undefined ReplaseBottleInit(void)
7100143fa0	4	ReplaseBottleAfter	bd01::event::BossMgEventImplBase	a	a	0		undefined ReplaseBottleAfter(void)
7100143fa4	4	IsBossMap	bd01::event::BossMgEventImplBase	a	a	0		undefined IsBossMap(void)
7100143fa8	4	OnVortexIn	bd01::event::BossMgEventImplBase	a	a	0		undefined OnVortexIn(void)
7100143fac	4	OnEventMgEndBeforeFade	bd01::event::BossMgEventImplBase	a	a	0		undefined OnEventMgEndBeforeFade(void)
7100143fb0	4	OnEventRemachStart	bd01::event::BossMgEventImplBase	a	a	0		undefined OnEventRemachStart(void)
7100143fb4	4	OnEventRemachEnd	bd01::event::BossMgEventImplBase	a	a	0		undefined OnEventRemachEnd(void)
7100143fb8	8	GetPosBoss	bd01::event::BossMgEventImplBase	a	a	0		undefined8 GetPosBoss(void)
7100143fc0	32	GetPosStart	bd01::event::BossMgEventImplBase	a	a	0		undefined GetPosStart(void)
7100143fe0	32	GetStarBottle	bd01::event::BossMgEventImplBase	a	a	0		undefined GetStarBottle(void)
7100144000	32	GetPlatformModel	bd01::event::BossMgEventImplBase	a	a	0		undefined GetPlatformModel(void)
7100144020	8	GetSignModel	bd01::event::BossMgEventImplBase	a	a	0		undefined8 GetSignModel(void)
7100144030	2056	CreateSuportNpc	bd01::event::SuportNpcMgr	a	a	0		undefined CreateSuportNpc(SuportNpcMgr * this, long * param_1)
71001449cc	288	SuportNpc	bd01::event::SuportNpcMgr::SuportNpc	a	a	0		undefined SuportNpc(SuportNpc * this, int * param_1)
7100144b90	664	__push_back_slow_path<bd01::event::SuportNpcArg_const&>	std::vector<bd01::event::SuportNpcArg,bex::HeapModule::Allocator_vector<bd01::event::SuportNpcArg>>	a	a	0		void __push_back_slow_path<bd01::event::SuportNpcArg_const&>(vector<bd01::event::SuportNpcArg,bex::HeapModule::Allocator_vector<bd01::event::SuportNpcArg>> * this, undefined4 * param_1)
7100144e40	104	FUN_7100144e40		d	a	0		undefined FUN_7100144e40(undefined8 * param_1)
7100144ea8	20	FUN_7100144ea8		d	a	0		undefined FUN_7100144ea8(void)
7100144ec0	340	__emplace_back_slow_path<std::unique_ptr<bd01::event::SuportNpcMgr::SuportNpc,std::default_delete<bd01::event::SuportNpcMgr::SuportNpc>>>	std::vector<std::unique_ptr<bd01::event::SuportNpcMgr::SuportNpc,std::default_delete<bd01::event::SuportNpcMgr::SuportNpc>>,std::allocator<std::unique_ptr<bd01::event::SuportNpcMgr::SuportNpc,std::default_delete<bd01::event::SuportNpcMgr::SuportNpc>>>>	a	a	0		void __emplace_back_slow_path<std::unique_ptr<bd01::event::SuportNpcMgr::SuportNpc,std::default_delete<bd01::event::SuportNpcMgr::SuportNpc>>>(vector<std::unique_ptr<bd01::event::SuportNpcMgr::SuportNpc,std::default_delete<bd01::event::SuportNpcMgr::SuportNpc>>,std::allocator<std::unique_ptr<bd01::event::SuportNpcMgr::SuportNpc,std::default_delete<bd01::event::SuportNpcMgr::SuportNpc>>>> * this, undefined8 * param_1)
7100145018	20	FUN_7100145018		d	a	0		undefined FUN_7100145018(void)
710014502c	240	FUN_710014502c		d	a	0		undefined FUN_710014502c(undefined8 * param_1, long * param_2)
7100145120	132	FUN_7100145120		d	a	0		undefined FUN_7100145120(long * param_1)
71001451b0	332	FUN_71001451b0		d	a	0		undefined4 * FUN_71001451b0(undefined8 param_1, undefined4 * param_2, undefined4 * param_3, undefined4 * param_4)
7100145378	20	FUN_7100145378		d	a	0		undefined FUN_7100145378(void)
7100145390	268	ActSupportNpcPathMove	bd01::event::SuportNpcMgr::ActSupportNpcPathMove	a	a	0		undefined ActSupportNpcPathMove(ActSupportNpcPathMove * this, undefined8 param_1, long * param_2, undefined4 param_3, byte param_4, undefined8 param_5)
71001454c0	292	AddFiber<bd01::event::SuportNpcMgr::ActSupportNpcPathMove>	bq::act::Man	a	a	0		weak_ptr AddFiber<bd01::event::SuportNpcMgr::ActSupportNpcPathMove>(long * param_1_00, long * param_2, long param_3)
7100145628	36	~__shared_ptr_pointer	std::__shared_ptr_pointer<bq::act::FiberManHolder<bd01::event::SuportNpcMgr::ActSupportNpcPathMove>*,std::shared_ptr<bq::act::Base>::__shared_ptr_default_delete<bq::act::Base,bq::act::FiberManHolder<bd01::event::SuportNpcMgr::ActSupportNpcPathMove>>,std::allocator<bq::act::FiberManHolder<bd01::event::SuportNpcMgr::ActSupportNpcPathMove>>>	a	a	0		undefined ~__shared_ptr_pointer(__shared_ptr_pointer<bq::act::FiberManHolder<bd01::event::SuportNpcMgr::ActSupportNpcPathMove>*,std::shared_ptr<bq::act::Base>::__shared_ptr_default_delete<bq::act::Base,bq::act::FiberManHolder<bd01::event::SuportNpcMgr::ActSupportNpcPathMove>>,std::allocator<bq::act::FiberManHolder<bd01::event::SuportNpcMgr::ActSupportNpcPathMove>>> * this)
710014564c	24	__on_zero_shared	std::__shared_ptr_pointer<bq::act::FiberManHolder<bd01::event::SuportNpcMgr::ActSupportNpcPathMove>*,std::shared_ptr<bq::act::Base>::__shared_ptr_default_delete<bq::act::Base,bq::act::FiberManHolder<bd01::event::SuportNpcMgr::ActSupportNpcPathMove>>,std::allocator<bq::act::FiberManHolder<bd01::event::SuportNpcMgr::ActSupportNpcPathMove>>>	a	a	0		undefined __on_zero_shared(__shared_ptr_pointer<bq::act::FiberManHolder<bd01::event::SuportNpcMgr::ActSupportNpcPathMove>*,std::shared_ptr<bq::act::Base>::__shared_ptr_default_delete<bq::act::Base,bq::act::FiberManHolder<bd01::event::SuportNpcMgr::ActSupportNpcPathMove>>,std::allocator<bq::act::FiberManHolder<bd01::event::SuportNpcMgr::ActSupportNpcPathMove>>> * this)
7100145664	4	__on_zero_shared_weak	std::__shared_ptr_pointer<bq::act::FiberManHolder<bd01::event::SuportNpcMgr::ActSupportNpcPathMove>*,std::shared_ptr<bq::act::Base>::__shared_ptr_default_delete<bq::act::Base,bq::act::FiberManHolder<bd01::event::SuportNpcMgr::ActSupportNpcPathMove>>,std::allocator<bq::act::FiberManHolder<bd01::event::SuportNpcMgr::ActSupportNpcPathMove>>>	a	a	0		undefined __on_zero_shared_weak(__shared_ptr_pointer<bq::act::FiberManHolder<bd01::event::SuportNpcMgr::ActSupportNpcPathMove>*,std::shared_ptr<bq::act::Base>::__shared_ptr_default_delete<bq::act::Base,bq::act::FiberManHolder<bd01::event::SuportNpcMgr::ActSupportNpcPathMove>>,std::allocator<bq::act::FiberManHolder<bd01::event::SuportNpcMgr::ActSupportNpcPathMove>>> * this)
7100145670	96	~FiberManHolder	bq::act::FiberManHolder<bd01::event::SuportNpcMgr::ActSupportNpcPathMove>	a	a	0		undefined ~FiberManHolder(FiberManHolder<bd01::event::SuportNpcMgr::ActSupportNpcPathMove> * this)
71001456d0	108	~FiberManHolder	bq::act::FiberManHolder<bd01::event::SuportNpcMgr::ActSupportNpcPathMove>	a	a	0		undefined ~FiberManHolder(FiberManHolder<bd01::event::SuportNpcMgr::ActSupportNpcPathMove> * this)
710014573c	32	IsProc	bq::act::FiberManHolder<bd01::event::SuportNpcMgr::ActSupportNpcPathMove>	a	a	0		uint IsProc(void)
710014575c	12	IsObject	bq::act::FiberManHolder<bd01::event::SuportNpcMgr::ActSupportNpcPathMove>	a	a	0		undefined IsObject(long param_1)
7100145768	8	SetPauseLevel	bq::act::FiberManHolder<bd01::event::SuportNpcMgr::ActSupportNpcPathMove>	a	a	0		undefined SetPauseLevel(long param_1)
7100145770	36	~__shared_ptr_pointer	std::__shared_ptr_pointer<bd01::event::SuportNpcMgr::ActSupportNpcPathMove*,std::shared_ptr<bd01::event::SuportNpcMgr::ActSupportNpcPathMove>::__shared_ptr_default_delete<bd01::event::SuportNpcMgr::ActSupportNpcPathMove,bd01::event::SuportNpcMgr::ActSupportNpcPathMove>,std::allocator<bd01::event::SuportNpcMgr::ActSupportNpcPathMove>>	a	a	0		undefined ~__shared_ptr_pointer(__shared_ptr_pointer<bd01::event::SuportNpcMgr::ActSupportNpcPathMove*,std::shared_ptr<bd01::event::SuportNpcMgr::ActSupportNpcPathMove>::__shared_ptr_default_delete<bd01::event::SuportNpcMgr::ActSupportNpcPathMove,bd01::event::SuportNpcMgr::ActSupportNpcPathMove>,std::allocator<bd01::event::SuportNpcMgr::ActSupportNpcPathMove>> * this)
7100145794	24	__on_zero_shared	std::__shared_ptr_pointer<bd01::event::SuportNpcMgr::ActSupportNpcPathMove*,std::shared_ptr<bd01::event::SuportNpcMgr::ActSupportNpcPathMove>::__shared_ptr_default_delete<bd01::event::SuportNpcMgr::ActSupportNpcPathMove,bd01::event::SuportNpcMgr::ActSupportNpcPathMove>,std::allocator<bd01::event::SuportNpcMgr::ActSupportNpcPathMove>>	a	a	0		undefined __on_zero_shared(__shared_ptr_pointer<bd01::event::SuportNpcMgr::ActSupportNpcPathMove*,std::shared_ptr<bd01::event::SuportNpcMgr::ActSupportNpcPathMove>::__shared_ptr_default_delete<bd01::event::SuportNpcMgr::ActSupportNpcPathMove,bd01::event::SuportNpcMgr::ActSupportNpcPathMove>,std::allocator<bd01::event::SuportNpcMgr::ActSupportNpcPathMove>> * this)
71001457ac	4	__on_zero_shared_weak	std::__shared_ptr_pointer<bd01::event::SuportNpcMgr::ActSupportNpcPathMove*,std::shared_ptr<bd01::event::SuportNpcMgr::ActSupportNpcPathMove>::__shared_ptr_default_delete<bd01::event::SuportNpcMgr::ActSupportNpcPathMove,bd01::event::SuportNpcMgr::ActSupportNpcPathMove>,std::allocator<bd01::event::SuportNpcMgr::ActSupportNpcPathMove>>	a	a	0		undefined __on_zero_shared_weak(__shared_ptr_pointer<bd01::event::SuportNpcMgr::ActSupportNpcPathMove*,std::shared_ptr<bd01::event::SuportNpcMgr::ActSupportNpcPathMove>::__shared_ptr_default_delete<bd01::event::SuportNpcMgr::ActSupportNpcPathMove,bd01::event::SuportNpcMgr::ActSupportNpcPathMove>,std::allocator<bd01::event::SuportNpcMgr::ActSupportNpcPathMove>> * this)
71001457b0	112	~ActSupportNpcPathMove	bd01::event::SuportNpcMgr::ActSupportNpcPathMove	a	a	0		undefined ~ActSupportNpcPathMove(ActSupportNpcPathMove * this)
7100145820	120	~ActSupportNpcPathMove	bd01::event::SuportNpcMgr::ActSupportNpcPathMove	a	a	0		undefined ~ActSupportNpcPathMove(ActSupportNpcPathMove * this)
7100145898	808	Update	bd01::event::SuportNpcMgr::ActSupportNpcPathMove	a	a	0		undefined Update(ActSupportNpcPathMove * this)
7100145be4	980	Bd01Move	bd01::event::SuportNpcMgr::ActSupportNpcPathMove	a	a	0		undefined Bd01Move(ActSupportNpcPathMove * this)
7100145fe0	1328	Bd06Move	bd01::event::SuportNpcMgr::ActSupportNpcPathMove	a	a	0		undefined Bd06Move(ActSupportNpcPathMove * this)
7100146540	4376	PathMove	bd01::event::SuportNpcMgr::ActSupportNpcPathMove	a	a	0		undefined PathMove(ActSupportNpcPathMove * this)
7100147690	672	Jump	bd01::event::SuportNpcMgr::ActSupportNpcPathMove	a	a	0		undefined Jump(undefined1[16] param_1, ActSupportNpcPathMove * this)
7100147970	36	~__shared_ptr_pointer	std::__shared_ptr_pointer<bq::act::JumpPosition<bd01::PlayerModel>*,std::shared_ptr<bq::act::Base>::__shared_ptr_default_delete<bq::act::Base,bq::act::JumpPosition<bd01::PlayerModel>>,std::allocator<bq::act::JumpPosition<bd01::PlayerModel>>>	a	a	0		undefined ~__shared_ptr_pointer(__shared_ptr_pointer<bq::act::JumpPosition<bd01::PlayerModel>*,std::shared_ptr<bq::act::Base>::__shared_ptr_default_delete<bq::act::Base,bq::act::JumpPosition<bd01::PlayerModel>>,std::allocator<bq::act::JumpPosition<bd01::PlayerModel>>> * this)
7100147994	24	__on_zero_shared	std::__shared_ptr_pointer<bq::act::JumpPosition<bd01::PlayerModel>*,std::shared_ptr<bq::act::Base>::__shared_ptr_default_delete<bq::act::Base,bq::act::JumpPosition<bd01::PlayerModel>>,std::allocator<bq::act::JumpPosition<bd01::PlayerModel>>>	a	a	0		undefined __on_zero_shared(__shared_ptr_pointer<bq::act::JumpPosition<bd01::PlayerModel>*,std::shared_ptr<bq::act::Base>::__shared_ptr_default_delete<bq::act::Base,bq::act::JumpPosition<bd01::PlayerModel>>,std::allocator<bq::act::JumpPosition<bd01::PlayerModel>>> * this)
71001479ac	4	__on_zero_shared_weak	std::__shared_ptr_pointer<bq::act::JumpPosition<bd01::PlayerModel>*,std::shared_ptr<bq::act::Base>::__shared_ptr_default_delete<bq::act::Base,bq::act::JumpPosition<bd01::PlayerModel>>,std::allocator<bq::act::JumpPosition<bd01::PlayerModel>>>	a	a	0		undefined __on_zero_shared_weak(__shared_ptr_pointer<bq::act::JumpPosition<bd01::PlayerModel>*,std::shared_ptr<bq::act::Base>::__shared_ptr_default_delete<bq::act::Base,bq::act::JumpPosition<bd01::PlayerModel>>,std::allocator<bq::act::JumpPosition<bd01::PlayerModel>>> * this)
71001479b0	20	FUN_71001479b0		d	a	0		undefined FUN_71001479b0(void)
71001479d0	636	JumpAnim	bd01::event::SuportNpcMgr	a	a	0		undefined JumpAnim(float param_1, undefined4 param_2, SuportNpcMgr * this, long * param_4, undefined8 * param_5, ulong param_6)
7100147c70	312	FUN_7100147c70		d	a	0		undefined FUN_7100147c70(long * param_1, ulong param_2)
7100147da8	36	~BossMgEventImplBD01	bd01::event::BossMgEventImplBD01	a	a	0		undefined ~BossMgEventImplBD01(BossMgEventImplBD01 * this)
7100147dcc	200	Create	bd01::event::BossMgEventImplBD01	a	a	0		undefined Create(BossMgEventImplBD01 * this)
7100147eb0	3276	EventStart	bd01::event::BossMgEventImplBD01	a	a	0		undefined8 EventStart(BossMgEventImplBD01 * this)
7100148bb4	420	GetSuportNpcArgList	bd01::event::BossMgEventImplBD01	a	a	0		undefined GetSuportNpcArgList(undefined8 * param_1)
7100148dc4	120	GetNpcCommingNodeList	bd01::event::BossMgEventImplBD01	a	a	0		undefined GetNpcCommingNodeList(undefined8 * param_1)
7100148e3c	104	GetNpcExitNodeList	bd01::event::BossMgEventImplBD01	a	a	0		undefined GetNpcExitNodeList(undefined8 * param_1)
7100148ea4	140	ReplaseBottleAfter	bd01::event::BossMgEventImplBD01	a	a	0		undefined ReplaseBottleAfter(void)
7100148f4c	32	GetPosBoss	bd01::event::BossMgEventImplBD01	a	a	0		undefined GetPosBoss(void)
7100148f6c	32	GetSignModel	bd01::event::BossMgEventImplBD01	a	a	0		undefined GetSignModel(void)
7100148f8c	668	BossScreenBD01	bd01::event::BossScreenBD01	a	a	0		undefined BossScreenBD01(BossScreenBD01 * this)
7100149268	100	BossScreenBase	bd01::event::BossScreenBase	a	a	0		undefined BossScreenBase(BossScreenBase * this)
71001493a0	292	~BossScreenBase	bd01::event::BossScreenBase	a	a	0		undefined ~BossScreenBase(BossScreenBase * this)
71001494c8	36	~BossScreenBD01	bd01::event::BossScreenBD01	a	a	0		undefined ~BossScreenBD01(BossScreenBD01 * this)
71001494f0	216	BossRegretMotion	bd01::event::BossScreenBD01	a	a	0		undefined BossRegretMotion(BossScreenBD01 * this)
71001495d0	444	SetupRender	bd01::event::BossScreenBase	a	a	0		undefined SetupRender(BossScreenBase * this)
710014978c	380	SetupCommonModel	bd01::event::BossScreenBase	a	a	0		undefined SetupCommonModel(BossScreenBase * this)
7100149930	100	~UniqueHandlePtr	nn::bezel::UniqueHandlePtr<nn::bezel::RenderTarget>	a	a	0		undefined ~UniqueHandlePtr(UniqueHandlePtr<nn::bezel::RenderTarget> * this)
7100149994	36	~BossScreenBase	bd01::event::BossScreenBase	a	a	0		undefined ~BossScreenBase(BossScreenBase * this)
71001499c0	136	BossRegretMotion	bd01::event::BossScreenBase	a	a	0		undefined BossRegretMotion(BossScreenBase * this)
7100149a50	280	vector	bex::vector<bd01::event::SuportNpcArg>	a	a	0		undefined vector(undefined8 * param_1, undefined4 * param_2, ulong param_3)
7100149b70	332	FUN_7100149b70		d	a	0		undefined4 * FUN_7100149b70(undefined8 param_1, undefined4 * param_2, undefined4 * param_3, undefined4 * param_4)
7100149cd8	184	~BossMgEventImplBase	bd01::event::BossMgEventImplBase	a	a	0		undefined ~BossMgEventImplBase(BossMgEventImplBase * this)
7100149d90	36	~BossMgEventImplBD04	bd01::event::BossMgEventImplBD04	a	a	0		undefined ~BossMgEventImplBD04(BossMgEventImplBD04 * this)
7100149db4	16	GetMessageLabel	bd01::event::BossMgEventImplBD04	a	a	0		undefined8 GetMessageLabel(undefined8 param_1_00, int param_2)
7100149dc4	192	Create	bd01::event::BossMgEventImplBD04	a	a	0		undefined Create(BossMgEventImplBD04 * this)
7100149ea0	412	GetSuportNpcArgList	bd01::event::BossMgEventImplBD04	a	a	0		undefined GetSuportNpcArgList(undefined8 * param_1)
710014a0a8	88	GetNpcCommingNodeList	bd01::event::BossMgEventImplBD04	a	a	0		undefined GetNpcCommingNodeList(undefined8 * param_1)
710014a100	88	GetNpcExitNodeList	bd01::event::BossMgEventImplBD04	a	a	0		undefined GetNpcExitNodeList(undefined8 * param_1)
710014a160	7692	BottleSuckedIn	bd01::event::BossMgEventImplBD04	a	a	0		undefined BottleSuckedIn(BossMgEventImplBD04 * this, uint param_1)
710014bfb0	984	BottleSpitOut	bd01::event::BossMgEventImplBD04	a	a	0		undefined BottleSpitOut(BossMgEventImplBD04 * this)
710014c390	1024	ClearSky	bd01::event::BossMgEventImplBD04	a	a	0		undefined ClearSky(BossMgEventImplBD04 * this)
710014c7ac	184	OnUpdateBossBefore	bd01::event::BossMgEventImplBD04	a	a	0		undefined OnUpdateBossBefore(BossMgEventImplBD04 * this)
710014c864	592	OnUpdateBossLose	bd01::event::BossMgEventImplBD04	a	a	0		undefined OnUpdateBossLose(BossMgEventImplBD04 * this)
710014cab4	696	OnUpdateBossWin	bd01::event::BossMgEventImplBD04	a	a	0		undefined OnUpdateBossWin(BossMgEventImplBD04 * this)
710014cd6c	2004	OnVortexIn	bd01::event::BossMgEventImplBD04	a	a	0		undefined OnVortexIn(BossMgEventImplBD04 * this)
710014d564	252	OnMoveToStartMgWin	bd01::event::BossMgEventImplBD04	a	a	0		undefined OnMoveToStartMgWin(BossMgEventImplBD04 * this)
710014d660	116	GetDecoItem	bd01::event::BossMgEventImplBD04	a	a	0		undefined GetDecoItem(BossMgEventImplBD04 * this, int param_1)
710014d6d4	260	OnEventMgEndBeforeFade	bd01::event::BossMgEventImplBD04	a	a	0		undefined OnEventMgEndBeforeFade(BossMgEventImplBD04 * this)
710014d7d8	260	OnEventRemachStart	bd01::event::BossMgEventImplBD04	a	a	0		undefined OnEventRemachStart(BossMgEventImplBD04 * this)
710014d8dc	196	OnEventRemachEnd	bd01::event::BossMgEventImplBD04	a	a	0		undefined OnEventRemachEnd(void)
710014d9a0	32	GetPosBoss	bd01::event::BossMgEventImplBD04	a	a	0		undefined GetPosBoss(void)
710014d9c0	32	GetSignModel	bd01::event::BossMgEventImplBD04	a	a	0		undefined GetSignModel(void)
710014d9e0	588	BossScreenBD04	bd01::event::BossScreenBD04	a	a	0		undefined BossScreenBD04(BossScreenBD04 * this)
710014dc6c	36	~BossScreenBD04	bd01::event::BossScreenBD04	a	a	0		undefined ~BossScreenBD04(BossScreenBD04 * this)
710014dc90	36	~BossMgEventImplBD05	bd01::event::BossMgEventImplBD05	a	a	0		undefined ~BossMgEventImplBD05(BossMgEventImplBD05 * this)
710014dcb4	16	GetMessageLabel	bd01::event::BossMgEventImplBD05	a	a	0		undefined8 GetMessageLabel(undefined8 param_1_00, int param_2)
710014dcc4	188	Create	bd01::event::BossMgEventImplBD05	a	a	0		undefined Create(BossMgEventImplBD05 * this)
710014dd9c	1656	BossEntry	bd01::event::BossMgEventImplBD05	a	a	0		undefined BossEntry(BossMgEventImplBD05 * this)
710014e444	404	GetSuportNpcArgList	bd01::event::BossMgEventImplBD05	a	a	0		undefined GetSuportNpcArgList(undefined8 * param_1)
710014e644	96	GetNpcCommingNodeList	bd01::event::BossMgEventImplBD05	a	a	0		undefined GetNpcCommingNodeList(undefined8 * param_1)
710014e6a4	104	GetNpcExitNodeList	bd01::event::BossMgEventImplBD05	a	a	0		undefined GetNpcExitNodeList(undefined8 * param_1)
710014e710	972	ClearSky	bd01::event::BossMgEventImplBD05	a	a	0		undefined ClearSky(BossMgEventImplBD05 * this)
710014eadc	60	ReplaseBottleInit	bd01::event::BossMgEventImplBD05	a	a	0		undefined ReplaseBottleInit(void)
710014eb18	252	ReplaseBottleAfter	bd01::event::BossMgEventImplBD05	a	a	0		undefined ReplaseBottleAfter(void)
710014ec14	20	OnEventMgEndBeforeFade	bd01::event::BossMgEventImplBD05	a	a	0		undefined OnEventMgEndBeforeFade(void)
710014ec28	32	GetPosBoss	bd01::event::BossMgEventImplBD05	a	a	0		undefined GetPosBoss(void)
710014ec48	32	GetSignModel	bd01::event::BossMgEventImplBD05	a	a	0		undefined GetSignModel(void)
710014ec68	968	BossScreenBD05	bd01::event::BossScreenBD05	a	a	0		undefined BossScreenBD05(BossScreenBD05 * this)
710014f094	72	~BossScreenBD05	bd01::event::BossScreenBD05	a	a	0		undefined ~BossScreenBD05(BossScreenBD05 * this)
710014f0dc	80	~BossScreenBD05	bd01::event::BossScreenBD05	a	a	0		undefined ~BossScreenBD05(BossScreenBD05 * this)
710014f12c	72	~BossMgEventImplBD06	bd01::event::BossMgEventImplBD06	a	a	0		undefined ~BossMgEventImplBD06(BossMgEventImplBD06 * this)
710014f174	80	~BossMgEventImplBD06	bd01::event::BossMgEventImplBD06	a	a	0		undefined ~BossMgEventImplBD06(BossMgEventImplBD06 * this)
710014f1d0	384	Update	bd01::event::BossMgEventImplBD06	a	a	0		undefined Update(BossMgEventImplBD06 * this)
710014f350	808	Create	bd01::event::BossMgEventImplBD06	a	a	0		undefined Create(BossMgEventImplBD06 * this)
710014f6a0	3020	EventStart	bd01::event::BossMgEventImplBD06	a	a	0		undefined8 EventStart(BossMgEventImplBD06 * this)
71001502b0	860	EventReStart	bd01::event::BossMgEventImplBD06	a	a	0		undefined8 EventReStart(BossMgEventImplBD06 * this)
7100150620	1768	EventRematchStart	bd01::event::BossMgEventImplBD06	a	a	0		undefined8 EventRematchStart(BossMgEventImplBD06 * this)
7100150d58	964	EventChoiceGotoBoss	bd01::event::BossMgEventImplBD06	a	a	0		undefined8 EventChoiceGotoBoss(BossMgEventImplBD06 * this)
7100151170	2076	EventMgBefore	bd01::event::BossMgEventImplBD06	a	a	0		undefined8 EventMgBefore(BossMgEventImplBD06 * this)
71001519f0	864	EventMgStart	bd01::event::BossMgEventImplBD06	a	a	0		undefined8 EventMgStart(BossMgEventImplBD06 * this)
7100151db0	1476	EventMgEnd	bd01::event::BossMgEventImplBD06	a	a	0		undefined4 EventMgEnd(BossMgEventImplBD06 * this)
7100152390	8732	EventMgWin	bd01::event::BossMgEventImplBD06	a	a	0		undefined8 EventMgWin(BossMgEventImplBD06 * this)
7100154680	836	EvnetMgLose	bd01::event::BossMgEventImplBD06	a	a	0		undefined8 EvnetMgLose(BossMgEventImplBD06 * this)
71001549f4	368	EventMovingStart	bd01::event::BossMgEventImplBD06	a	a	0		undefined8 EventMovingStart(BossMgEventImplBD06 * this)
7100154b80	496	GetSuportNpcArgList	bd01::event::BossMgEventImplBD06	a	a	0		undefined GetSuportNpcArgList(undefined8 * param_1)
7100154df4	112	GetNpcCommingNodeList	bd01::event::BossMgEventImplBD06	a	a	0		undefined GetNpcCommingNodeList(undefined8 * param_1)
7100154e64	112	GetNpcExitNodeList	bd01::event::BossMgEventImplBD06	a	a	0		undefined GetNpcExitNodeList(undefined8 * param_1)
7100154ed4	160	IsBossMap	bd01::event::BossMgEventImplBD06	a	a	0		uint IsBossMap(void)
7100154f90	252	OnUpdateBossBefore	bd01::event::BossMgEventImplBD06	a	a	0		undefined OnUpdateBossBefore(BossMgEventImplBD06 * this)
710015508c	268	OnUpdateBossLose	bd01::event::BossMgEventImplBD06	a	a	0		undefined OnUpdateBossLose(BossMgEventImplBD06 * this)
7100155198	264	OnUpdateBossWin	bd01::event::BossMgEventImplBD06	a	a	0		undefined OnUpdateBossWin(BossMgEventImplBD06 * this)
71001552a0	32	GetPosBoss	bd01::event::BossMgEventImplBD06	a	a	0		undefined GetPosBoss(void)
71001552c0	32	GetSignModel	bd01::event::BossMgEventImplBD06	a	a	0		undefined GetSignModel(void)
71001552e0	288	SetPcAndMcPos	bd01::event::BossMgEventImplBD06	a	a	0		undefined SetPcAndMcPos(BossMgEventImplBD06 * this)
7100155400	360	Intp<bd01::Model,nn::util::Vector3f>	bq::act::Man	a	a	0		weak_ptr Intp<bd01::Model,nn::util::Vector3f>(long * param_1_00, float param_2, undefined4 param_3, long * param_4, long param_5, ulong * param_6, undefined8 * param_7)
710015558c	4	~IntpPosition	bq::act::IntpPosition<bd01::Model,nn::util::Vector3f>	a	a	0		undefined ~IntpPosition(IntpPosition<bd01::Model,nn::util::Vector3f> * this)
7100155590	256	Proc	bq::act::IntpPosition<bd01::Model,nn::util::Vector3f>	a	a	0		undefined Proc(IntpPosition<bd01::Model,nn::util::Vector3f> * this)
7100155690	24	IsProc	bq::act::IntpBase<bd01::Model,nn::util::Vector3f>	a	a	0		bool IsProc(IntpBase<bd01::Model,nn::util::Vector3f> * this)
71001556a8	36	~__shared_ptr_pointer	std::__shared_ptr_pointer<bq::act::IntpPosition<bd01::Model,nn::util::Vector3f>*,std::shared_ptr<bq::act::Base>::__shared_ptr_default_delete<bq::act::Base,bq::act::IntpPosition<bd01::Model,nn::util::Vector3f>>,std::allocator<bq::act::IntpPosition<bd01::Model,nn::util::Vector3f>>>	a	a	0		undefined ~__shared_ptr_pointer(__shared_ptr_pointer<bq::act::IntpPosition<bd01::Model,nn::util::Vector3f>*,std::shared_ptr<bq::act::Base>::__shared_ptr_default_delete<bq::act::Base,bq::act::IntpPosition<bd01::Model,nn::util::Vector3f>>,std::allocator<bq::act::IntpPosition<bd01::Model,nn::util::Vector3f>>> * this)
71001556cc	24	__on_zero_shared	std::__shared_ptr_pointer<bq::act::IntpPosition<bd01::Model,nn::util::Vector3f>*,std::shared_ptr<bq::act::Base>::__shared_ptr_default_delete<bq::act::Base,bq::act::IntpPosition<bd01::Model,nn::util::Vector3f>>,std::allocator<bq::act::IntpPosition<bd01::Model,nn::util::Vector3f>>>	a	a	0		undefined __on_zero_shared(__shared_ptr_pointer<bq::act::IntpPosition<bd01::Model,nn::util::Vector3f>*,std::shared_ptr<bq::act::Base>::__shared_ptr_default_delete<bq::act::Base,bq::act::IntpPosition<bd01::Model,nn::util::Vector3f>>,std::allocator<bq::act::IntpPosition<bd01::Model,nn::util::Vector3f>>> * this)
71001556e4	4	__on_zero_shared_weak	std::__shared_ptr_pointer<bq::act::IntpPosition<bd01::Model,nn::util::Vector3f>*,std::shared_ptr<bq::act::Base>::__shared_ptr_default_delete<bq::act::Base,bq::act::IntpPosition<bd01::Model,nn::util::Vector3f>>,std::allocator<bq::act::IntpPosition<bd01::Model,nn::util::Vector3f>>>	a	a	0		undefined __on_zero_shared_weak(__shared_ptr_pointer<bq::act::IntpPosition<bd01::Model,nn::util::Vector3f>*,std::shared_ptr<bq::act::Base>::__shared_ptr_default_delete<bq::act::Base,bq::act::IntpPosition<bd01::Model,nn::util::Vector3f>>,std::allocator<bq::act::IntpPosition<bd01::Model,nn::util::Vector3f>>> * this)
71001556e8	460	ReturnToStart	bd01::event::BossMgEventImplBD06	a	a	0		undefined ReturnToStart(BossMgEventImplBD06 * this)
71001558d0	680	SelectWaitCharaBD06	bd01::event::SuportNpcMgr	a	a	0		undefined SelectWaitCharaBD06(SuportNpcMgr * this)
7100155bb0	280	SetPosBD06MgAfter	bd01::event::SuportNpcMgr	a	a	0		undefined SetPosBD06MgAfter(SuportNpcMgr * this)
7100155cc8	612	LittleStarGet	bd01::event::BossMgEventImplBD06	a	a	0		undefined LittleStarGet(BossMgEventImplBD06 * this, int param_1, long * param_2)
7100155f60	292	AddFiber<bd01::ActLittleStarFall>	bq::act::Man	a	a	0		weak_ptr AddFiber<bd01::ActLittleStarFall>(long * param_1_00, long * param_2, long param_3)
71001560c8	36	~__shared_ptr_pointer	std::__shared_ptr_pointer<bq::act::FiberManHolder<bd01::ActLittleStarFall>*,std::shared_ptr<bq::act::Base>::__shared_ptr_default_delete<bq::act::Base,bq::act::FiberManHolder<bd01::ActLittleStarFall>>,std::allocator<bq::act::FiberManHolder<bd01::ActLittleStarFall>>>	a	a	0		undefined ~__shared_ptr_pointer(__shared_ptr_pointer<bq::act::FiberManHolder<bd01::ActLittleStarFall>*,std::shared_ptr<bq::act::Base>::__shared_ptr_default_delete<bq::act::Base,bq::act::FiberManHolder<bd01::ActLittleStarFall>>,std::allocator<bq::act::FiberManHolder<bd01::ActLittleStarFall>>> * this)
71001560ec	24	__on_zero_shared	std::__shared_ptr_pointer<bq::act::FiberManHolder<bd01::ActLittleStarFall>*,std::shared_ptr<bq::act::Base>::__shared_ptr_default_delete<bq::act::Base,bq::act::FiberManHolder<bd01::ActLittleStarFall>>,std::allocator<bq::act::FiberManHolder<bd01::ActLittleStarFall>>>	a	a	0		undefined __on_zero_shared(__shared_ptr_pointer<bq::act::FiberManHolder<bd01::ActLittleStarFall>*,std::shared_ptr<bq::act::Base>::__shared_ptr_default_delete<bq::act::Base,bq::act::FiberManHolder<bd01::ActLittleStarFall>>,std::allocator<bq::act::FiberManHolder<bd01::ActLittleStarFall>>> * this)
7100156104	4	__on_zero_shared_weak	std::__shared_ptr_pointer<bq::act::FiberManHolder<bd01::ActLittleStarFall>*,std::shared_ptr<bq::act::Base>::__shared_ptr_default_delete<bq::act::Base,bq::act::FiberManHolder<bd01::ActLittleStarFall>>,std::allocator<bq::act::FiberManHolder<bd01::ActLittleStarFall>>>	a	a	0		undefined __on_zero_shared_weak(__shared_ptr_pointer<bq::act::FiberManHolder<bd01::ActLittleStarFall>*,std::shared_ptr<bq::act::Base>::__shared_ptr_default_delete<bq::act::Base,bq::act::FiberManHolder<bd01::ActLittleStarFall>>,std::allocator<bq::act::FiberManHolder<bd01::ActLittleStarFall>>> * this)
7100156110	96	~FiberManHolder	bq::act::FiberManHolder<bd01::ActLittleStarFall>	a	a	0		undefined ~FiberManHolder(FiberManHolder<bd01::ActLittleStarFall> * this)
7100156170	108	~FiberManHolder	bq::act::FiberManHolder<bd01::ActLittleStarFall>	a	a	0		undefined ~FiberManHolder(FiberManHolder<bd01::ActLittleStarFall> * this)
71001561dc	32	IsProc	bq::act::FiberManHolder<bd01::ActLittleStarFall>	a	a	0		uint IsProc(void)
71001561fc	12	IsObject	bq::act::FiberManHolder<bd01::ActLittleStarFall>	a	a	0		undefined IsObject(long param_1)
7100156208	8	SetPauseLevel	bq::act::FiberManHolder<bd01::ActLittleStarFall>	a	a	0		undefined SetPauseLevel(long param_1)
7100156210	36	~__shared_ptr_pointer	std::__shared_ptr_pointer<bd01::ActLittleStarFall*,std::shared_ptr<bd01::ActLittleStarFall>::__shared_ptr_default_delete<bd01::ActLittleStarFall,bd01::ActLittleStarFall>,std::allocator<bd01::ActLittleStarFall>>	a	a	0		undefined ~__shared_ptr_pointer(__shared_ptr_pointer<bd01::ActLittleStarFall*,std::shared_ptr<bd01::ActLittleStarFall>::__shared_ptr_default_delete<bd01::ActLittleStarFall,bd01::ActLittleStarFall>,std::allocator<bd01::ActLittleStarFall>> * this)
7100156234	24	__on_zero_shared	std::__shared_ptr_pointer<bd01::ActLittleStarFall*,std::shared_ptr<bd01::ActLittleStarFall>::__shared_ptr_default_delete<bd01::ActLittleStarFall,bd01::ActLittleStarFall>,std::allocator<bd01::ActLittleStarFall>>	a	a	0		undefined __on_zero_shared(__shared_ptr_pointer<bd01::ActLittleStarFall*,std::shared_ptr<bd01::ActLittleStarFall>::__shared_ptr_default_delete<bd01::ActLittleStarFall,bd01::ActLittleStarFall>,std::allocator<bd01::ActLittleStarFall>> * this)
710015624c	4	__on_zero_shared_weak	std::__shared_ptr_pointer<bd01::ActLittleStarFall*,std::shared_ptr<bd01::ActLittleStarFall>::__shared_ptr_default_delete<bd01::ActLittleStarFall,bd01::ActLittleStarFall>,std::allocator<bd01::ActLittleStarFall>>	a	a	0		undefined __on_zero_shared_weak(__shared_ptr_pointer<bd01::ActLittleStarFall*,std::shared_ptr<bd01::ActLittleStarFall>::__shared_ptr_default_delete<bd01::ActLittleStarFall,bd01::ActLittleStarFall>,std::allocator<bd01::ActLittleStarFall>> * this)
7100156250	360	IntpTurn<bd01::NpcModel,nn::util::Vector3f>	bq::act::Man	a	a	0		weak_ptr IntpTurn<bd01::NpcModel,nn::util::Vector3f>(long * param_1_00, float param_2, undefined4 param_3, long * param_4, long param_5, ulong * param_6, Vector3f * param_7)
71001563dc	4	~IntpTurn	bq::act::IntpTurn<bd01::NpcModel,nn::util::Vector3f>	a	a	0		undefined ~IntpTurn(IntpTurn<bd01::NpcModel,nn::util::Vector3f> * this)
71001563e0	268	Proc	bq::act::IntpTurn<bd01::NpcModel,nn::util::Vector3f>	a	a	0		undefined Proc(IntpTurn<bd01::NpcModel,nn::util::Vector3f> * this)
71001564ec	36	~__shared_ptr_pointer	std::__shared_ptr_pointer<bq::act::IntpTurn<bd01::NpcModel,nn::util::Vector3f>*,std::shared_ptr<bq::act::Base>::__shared_ptr_default_delete<bq::act::Base,bq::act::IntpTurn<bd01::NpcModel,nn::util::Vector3f>>,std::allocator<bq::act::IntpTurn<bd01::NpcModel,nn::util::Vector3f>>>	a	a	0		undefined ~__shared_ptr_pointer(__shared_ptr_pointer<bq::act::IntpTurn<bd01::NpcModel,nn::util::Vector3f>*,std::shared_ptr<bq::act::Base>::__shared_ptr_default_delete<bq::act::Base,bq::act::IntpTurn<bd01::NpcModel,nn::util::Vector3f>>,std::allocator<bq::act::IntpTurn<bd01::NpcModel,nn::util::Vector3f>>> * this)
7100156510	24	__on_zero_shared	std::__shared_ptr_pointer<bq::act::IntpTurn<bd01::NpcModel,nn::util::Vector3f>*,std::shared_ptr<bq::act::Base>::__shared_ptr_default_delete<bq::act::Base,bq::act::IntpTurn<bd01::NpcModel,nn::util::Vector3f>>,std::allocator<bq::act::IntpTurn<bd01::NpcModel,nn::util::Vector3f>>>	a	a	0		undefined __on_zero_shared(__shared_ptr_pointer<bq::act::IntpTurn<bd01::NpcModel,nn::util::Vector3f>*,std::shared_ptr<bq::act::Base>::__shared_ptr_default_delete<bq::act::Base,bq::act::IntpTurn<bd01::NpcModel,nn::util::Vector3f>>,std::allocator<bq::act::IntpTurn<bd01::NpcModel,nn::util::Vector3f>>> * this)
7100156528	4	__on_zero_shared_weak	std::__shared_ptr_pointer<bq::act::IntpTurn<bd01::NpcModel,nn::util::Vector3f>*,std::shared_ptr<bq::act::Base>::__shared_ptr_default_delete<bq::act::Base,bq::act::IntpTurn<bd01::NpcModel,nn::util::Vector3f>>,std::allocator<bq::act::IntpTurn<bd01::NpcModel,nn::util::Vector3f>>>	a	a	0		undefined __on_zero_shared_weak(__shared_ptr_pointer<bq::act::IntpTurn<bd01::NpcModel,nn::util::Vector3f>*,std::shared_ptr<bq::act::Base>::__shared_ptr_default_delete<bq::act::Base,bq::act::IntpTurn<bd01::NpcModel,nn::util::Vector3f>>,std::allocator<bq::act::IntpTurn<bd01::NpcModel,nn::util::Vector3f>>> * this)
710015652c	72	~BossMgEventImplBD07	bd01::event::BossMgEventImplBD07	a	a	0		undefined ~BossMgEventImplBD07(BossMgEventImplBD07 * this)
7100156574	80	~BossMgEventImplBD07	bd01::event::BossMgEventImplBD07	a	a	0		undefined ~BossMgEventImplBD07(BossMgEventImplBD07 * this)
71001565c4	16	GetMessageLabel	bd01::event::BossMgEventImplBD07	a	a	0		undefined8 GetMessageLabel(undefined8 param_1_00, int param_2)
71001565d4	256	Create	bd01::event::BossMgEventImplBD07	a	a	0		undefined Create(BossMgEventImplBD07 * this)
71001566f4	1560	BossEntry	bd01::event::BossMgEventImplBD07	a	a	0		undefined BossEntry(BossMgEventImplBD07 * this)
7100156d28	412	GetSuportNpcArgList	bd01::event::BossMgEventImplBD07	a	a	0		undefined GetSuportNpcArgList(undefined8 * param_1)
7100156f30	88	GetNpcCommingNodeList	bd01::event::BossMgEventImplBD07	a	a	0		undefined GetNpcCommingNodeList(undefined8 * param_1)
7100156f88	88	GetNpcExitNodeList	bd01::event::BossMgEventImplBD07	a	a	0		undefined GetNpcExitNodeList(undefined8 * param_1)
7100156fe0	124	NpcMoveToBoss	bd01::event::BossMgEventImplBD07	a	a	0		undefined NpcMoveToBoss(BossMgEventImplBD07 * this)
710015705c	32	GetPosBoss	bd01::event::BossMgEventImplBD07	a	a	0		undefined GetPosBoss(void)
710015707c	32	GetSignModel	bd01::event::BossMgEventImplBD07	a	a	0		undefined GetSignModel(void)
710015709c	688	BossScreenBD07	bd01::event::BossScreenBD07	a	a	0		undefined BossScreenBD07(BossScreenBD07 * this)
7100157390	36	~BossScreenBD07	bd01::event::BossScreenBD07	a	a	0		undefined ~BossScreenBD07(BossScreenBD07 * this)
71001573b4	32	IsDerivedFrom	nn::bezel::detail::StaticTypeDesc<bex::sound::ComActor,false,nn::bezel::Component>	a	a	0		bool IsDerivedFrom(undefined * param_1)
71001573d4	12	GetBaseTypeDesc	nn::bezel::detail::StaticTypeDesc<bex::sound::ComActor,false,nn::bezel::Component>	a	a	0		undefined * GetBaseTypeDesc(void)
71001573e0	20	GetNextBaseTypeDesc	nn::bezel::detail::StaticTypeDesc<bex::sound::ComActor,false,nn::bezel::Component>	a	a	0		undefined * GetNextBaseTypeDesc(long param_1)
71001573f4	8	CastTo	nn::bezel::detail::StaticTypeDesc<bex::sound::ComActor,false,nn::bezel::Component>	a	a	0		undefined8 CastTo(undefined8 param_1, undefined8 param_2)
71001573fc	8	CastToConst	nn::bezel::detail::StaticTypeDesc<bex::sound::ComActor,false,nn::bezel::Component>	a	a	0		undefined8 CastToConst(undefined8 param_1, undefined8 param_2)
7100157410	408	~SuportNpcMgr	bd01::event::SuportNpcMgr	a	a	0		undefined ~SuportNpcMgr(SuportNpcMgr * this)
71001575bc	36	FUN_71001575bc		d	a	0		undefined FUN_71001575bc(void)
71001575f0	4	FUN_71001575f0		d	a	0		undefined FUN_71001575f0(void)
71001575f4	4	operator.delete	<EXTERNAL>	d	a	1		void operator.delete(void * param_1)
710015760c	36	FUN_710015760c		d	a	0		undefined FUN_710015760c(void)
7100157640	4	FUN_7100157640		d	a	0		undefined FUN_7100157640(void)
7100157644	4	operator.delete	<EXTERNAL>	d	a	1		void operator.delete(void * param_1)
7100157660	292	AddFiber<bd01::event::StoryBossMgCall>	bq::act::Man	a	a	0		weak_ptr AddFiber<bd01::event::StoryBossMgCall>(long * param_1_00, long * param_2, long param_3)
71001577c8	36	~__shared_ptr_pointer	std::__shared_ptr_pointer<bq::act::FiberManHolder<bd01::event::StoryBossMgCall>*,std::shared_ptr<bq::act::Base>::__shared_ptr_default_delete<bq::act::Base,bq::act::FiberManHolder<bd01::event::StoryBossMgCall>>,std::allocator<bq::act::FiberManHolder<bd01::event::StoryBossMgCall>>>	a	a	0		undefined ~__shared_ptr_pointer(__shared_ptr_pointer<bq::act::FiberManHolder<bd01::event::StoryBossMgCall>*,std::shared_ptr<bq::act::Base>::__shared_ptr_default_delete<bq::act::Base,bq::act::FiberManHolder<bd01::event::StoryBossMgCall>>,std::allocator<bq::act::FiberManHolder<bd01::event::StoryBossMgCall>>> * this)
71001577ec	24	__on_zero_shared	std::__shared_ptr_pointer<bq::act::FiberManHolder<bd01::event::StoryBossMgCall>*,std::shared_ptr<bq::act::Base>::__shared_ptr_default_delete<bq::act::Base,bq::act::FiberManHolder<bd01::event::StoryBossMgCall>>,std::allocator<bq::act::FiberManHolder<bd01::event::StoryBossMgCall>>>	a	a	0		undefined __on_zero_shared(__shared_ptr_pointer<bq::act::FiberManHolder<bd01::event::StoryBossMgCall>*,std::shared_ptr<bq::act::Base>::__shared_ptr_default_delete<bq::act::Base,bq::act::FiberManHolder<bd01::event::StoryBossMgCall>>,std::allocator<bq::act::FiberManHolder<bd01::event::StoryBossMgCall>>> * this)
7100157804	4	__on_zero_shared_weak	std::__shared_ptr_pointer<bq::act::FiberManHolder<bd01::event::StoryBossMgCall>*,std::shared_ptr<bq::act::Base>::__shared_ptr_default_delete<bq::act::Base,bq::act::FiberManHolder<bd01::event::StoryBossMgCall>>,std::allocator<bq::act::FiberManHolder<bd01::event::StoryBossMgCall>>>	a	a	0		undefined __on_zero_shared_weak(__shared_ptr_pointer<bq::act::FiberManHolder<bd01::event::StoryBossMgCall>*,std::shared_ptr<bq::act::Base>::__shared_ptr_default_delete<bq::act::Base,bq::act::FiberManHolder<bd01::event::StoryBossMgCall>>,std::allocator<bq::act::FiberManHolder<bd01::event::StoryBossMgCall>>> * this)
7100157810	96	~FiberManHolder	bq::act::FiberManHolder<bd01::event::StoryBossMgCall>	a	a	0		undefined ~FiberManHolder(FiberManHolder<bd01::event::StoryBossMgCall> * this)
7100157870	108	~FiberManHolder	bq::act::FiberManHolder<bd01::event::StoryBossMgCall>	a	a	0		undefined ~FiberManHolder(FiberManHolder<bd01::event::StoryBossMgCall> * this)
71001578dc	32	IsProc	bq::act::FiberManHolder<bd01::event::StoryBossMgCall>	a	a	0		uint IsProc(void)
71001578fc	12	IsObject	bq::act::FiberManHolder<bd01::event::StoryBossMgCall>	a	a	0		undefined IsObject(long param_1)
7100157908	8	SetPauseLevel	bq::act::FiberManHolder<bd01::event::StoryBossMgCall>	a	a	0		undefined SetPauseLevel(long param_1)
7100157910	36	~__shared_ptr_pointer	std::__shared_ptr_pointer<bd01::event::StoryBossMgCall*,std::shared_ptr<bd01::event::StoryBossMgCall>::__shared_ptr_default_delete<bd01::event::StoryBossMgCall,bd01::event::StoryBossMgCall>,std::allocator<bd01::event::StoryBossMgCall>>	a	a	0		undefined ~__shared_ptr_pointer(__shared_ptr_pointer<bd01::event::StoryBossMgCall*,std::shared_ptr<bd01::event::StoryBossMgCall>::__shared_ptr_default_delete<bd01::event::StoryBossMgCall,bd01::event::StoryBossMgCall>,std::allocator<bd01::event::StoryBossMgCall>> * this)
7100157934	24	__on_zero_shared	std::__shared_ptr_pointer<bd01::event::StoryBossMgCall*,std::shared_ptr<bd01::event::StoryBossMgCall>::__shared_ptr_default_delete<bd01::event::StoryBossMgCall,bd01::event::StoryBossMgCall>,std::allocator<bd01::event::StoryBossMgCall>>	a	a	0		undefined __on_zero_shared(__shared_ptr_pointer<bd01::event::StoryBossMgCall*,std::shared_ptr<bd01::event::StoryBossMgCall>::__shared_ptr_default_delete<bd01::event::StoryBossMgCall,bd01::event::StoryBossMgCall>,std::allocator<bd01::event::StoryBossMgCall>> * this)
710015794c	4	__on_zero_shared_weak	std::__shared_ptr_pointer<bd01::event::StoryBossMgCall*,std::shared_ptr<bd01::event::StoryBossMgCall>::__shared_ptr_default_delete<bd01::event::StoryBossMgCall,bd01::event::StoryBossMgCall>,std::allocator<bd01::event::StoryBossMgCall>>	a	a	0		undefined __on_zero_shared_weak(__shared_ptr_pointer<bd01::event::StoryBossMgCall*,std::shared_ptr<bd01::event::StoryBossMgCall>::__shared_ptr_default_delete<bd01::event::StoryBossMgCall,bd01::event::StoryBossMgCall>,std::allocator<bd01::event::StoryBossMgCall>> * this)
7100157950	36	~__shared_ptr_pointer	std::__shared_ptr_pointer<bq::act::JumpPosition<bd01::Player>*,std::shared_ptr<bq::act::Base>::__shared_ptr_default_delete<bq::act::Base,bq::act::JumpPosition<bd01::Player>>,std::allocator<bq::act::JumpPosition<bd01::Player>>>	a	a	0		undefined ~__shared_ptr_pointer(__shared_ptr_pointer<bq::act::JumpPosition<bd01::Player>*,std::shared_ptr<bq::act::Base>::__shared_ptr_default_delete<bq::act::Base,bq::act::JumpPosition<bd01::Player>>,std::allocator<bq::act::JumpPosition<bd01::Player>>> * this)
7100157974	24	__on_zero_shared	std::__shared_ptr_pointer<bq::act::JumpPosition<bd01::Player>*,std::shared_ptr<bq::act::Base>::__shared_ptr_default_delete<bq::act::Base,bq::act::JumpPosition<bd01::Player>>,std::allocator<bq::act::JumpPosition<bd01::Player>>>	a	a	0		undefined __on_zero_shared(__shared_ptr_pointer<bq::act::JumpPosition<bd01::Player>*,std::shared_ptr<bq::act::Base>::__shared_ptr_default_delete<bq::act::Base,bq::act::JumpPosition<bd01::Player>>,std::allocator<bq::act::JumpPosition<bd01::Player>>> * this)
710015798c	4	__on_zero_shared_weak	std::__shared_ptr_pointer<bq::act::JumpPosition<bd01::Player>*,std::shared_ptr<bq::act::Base>::__shared_ptr_default_delete<bq::act::Base,bq::act::JumpPosition<bd01::Player>>,std::allocator<bq::act::JumpPosition<bd01::Player>>>	a	a	0		undefined __on_zero_shared_weak(__shared_ptr_pointer<bq::act::JumpPosition<bd01::Player>*,std::shared_ptr<bq::act::Base>::__shared_ptr_default_delete<bq::act::Base,bq::act::JumpPosition<bd01::Player>>,std::allocator<bq::act::JumpPosition<bd01::Player>>> * this)
7100157994	36	FUN_7100157994		d	a	0		undefined FUN_7100157994(void)
71001579c8	4	FUN_71001579c8		d	a	0		undefined FUN_71001579c8(void)
71001579cc	4	operator.delete	<EXTERNAL>	d	a	1		void operator.delete(void * param_1)
71001579e0	292	AddFiber<bd01::event::BossMgEventImplBase>	bq::act::Man	a	a	0		weak_ptr AddFiber<bd01::event::BossMgEventImplBase>(long * param_1_00, long * param_2, long param_3)
7100157b48	36	~__shared_ptr_pointer	std::__shared_ptr_pointer<bq::act::FiberManHolder<bd01::event::BossMgEventImplBase>*,std::shared_ptr<bq::act::Base>::__shared_ptr_default_delete<bq::act::Base,bq::act::FiberManHolder<bd01::event::BossMgEventImplBase>>,std::allocator<bq::act::FiberManHolder<bd01::event::BossMgEventImplBase>>>	a	a	0		undefined ~__shared_ptr_pointer(__shared_ptr_pointer<bq::act::FiberManHolder<bd01::event::BossMgEventImplBase>*,std::shared_ptr<bq::act::Base>::__shared_ptr_default_delete<bq::act::Base,bq::act::FiberManHolder<bd01::event::BossMgEventImplBase>>,std::allocator<bq::act::FiberManHolder<bd01::event::BossMgEventImplBase>>> * this)
7100157b6c	24	__on_zero_shared	std::__shared_ptr_pointer<bq::act::FiberManHolder<bd01::event::BossMgEventImplBase>*,std::shared_ptr<bq::act::Base>::__shared_ptr_default_delete<bq::act::Base,bq::act::FiberManHolder<bd01::event::BossMgEventImplBase>>,std::allocator<bq::act::FiberManHolder<bd01::event::BossMgEventImplBase>>>	a	a	0		undefined __on_zero_shared(__shared_ptr_pointer<bq::act::FiberManHolder<bd01::event::BossMgEventImplBase>*,std::shared_ptr<bq::act::Base>::__shared_ptr_default_delete<bq::act::Base,bq::act::FiberManHolder<bd01::event::BossMgEventImplBase>>,std::allocator<bq::act::FiberManHolder<bd01::event::BossMgEventImplBase>>> * this)
7100157b84	4	__on_zero_shared_weak	std::__shared_ptr_pointer<bq::act::FiberManHolder<bd01::event::BossMgEventImplBase>*,std::shared_ptr<bq::act::Base>::__shared_ptr_default_delete<bq::act::Base,bq::act::FiberManHolder<bd01::event::BossMgEventImplBase>>,std::allocator<bq::act::FiberManHolder<bd01::event::BossMgEventImplBase>>>	a	a	0		undefined __on_zero_shared_weak(__shared_ptr_pointer<bq::act::FiberManHolder<bd01::event::BossMgEventImplBase>*,std::shared_ptr<bq::act::Base>::__shared_ptr_default_delete<bq::act::Base,bq::act::FiberManHolder<bd01::event::BossMgEventImplBase>>,std::allocator<bq::act::FiberManHolder<bd01::event::BossMgEventImplBase>>> * this)
7100157b90	96	~FiberManHolder	bq::act::FiberManHolder<bd01::event::BossMgEventImplBase>	a	a	0		undefined ~FiberManHolder(FiberManHolder<bd01::event::BossMgEventImplBase> * this)
7100157bf0	108	~FiberManHolder	bq::act::FiberManHolder<bd01::event::BossMgEventImplBase>	a	a	0		undefined ~FiberManHolder(FiberManHolder<bd01::event::BossMgEventImplBase> * this)
7100157c5c	32	IsProc	bq::act::FiberManHolder<bd01::event::BossMgEventImplBase>	a	a	0		uint IsProc(void)
7100157c7c	12	IsObject	bq::act::FiberManHolder<bd01::event::BossMgEventImplBase>	a	a	0		undefined IsObject(long param_1)
7100157c88	8	SetPauseLevel	bq::act::FiberManHolder<bd01::event::BossMgEventImplBase>	a	a	0		undefined SetPauseLevel(long param_1)
7100157c90	36	~__shared_ptr_pointer	std::__shared_ptr_pointer<bd01::event::BossMgEventImplBase*,std::shared_ptr<bd01::event::BossMgEventImplBase>::__shared_ptr_default_delete<bd01::event::BossMgEventImplBase,bd01::event::BossMgEventImplBase>,std::allocator<bd01::event::BossMgEventImplBase>>	a	a	0		undefined ~__shared_ptr_pointer(__shared_ptr_pointer<bd01::event::BossMgEventImplBase*,std::shared_ptr<bd01::event::BossMgEventImplBase>::__shared_ptr_default_delete<bd01::event::BossMgEventImplBase,bd01::event::BossMgEventImplBase>,std::allocator<bd01::event::BossMgEventImplBase>> * this)
7100157cb4	24	__on_zero_shared	std::__shared_ptr_pointer<bd01::event::BossMgEventImplBase*,std::shared_ptr<bd01::event::BossMgEventImplBase>::__shared_ptr_default_delete<bd01::event::BossMgEventImplBase,bd01::event::BossMgEventImplBase>,std::allocator<bd01::event::BossMgEventImplBase>>	a	a	0		undefined __on_zero_shared(__shared_ptr_pointer<bd01::event::BossMgEventImplBase*,std::shared_ptr<bd01::event::BossMgEventImplBase>::__shared_ptr_default_delete<bd01::event::BossMgEventImplBase,bd01::event::BossMgEventImplBase>,std::allocator<bd01::event::BossMgEventImplBase>> * this)
7100157ccc	4	__on_zero_shared_weak	std::__shared_ptr_pointer<bd01::event::BossMgEventImplBase*,std::shared_ptr<bd01::event::BossMgEventImplBase>::__shared_ptr_default_delete<bd01::event::BossMgEventImplBase,bd01::event::BossMgEventImplBase>,std::allocator<bd01::event::BossMgEventImplBase>>	a	a	0		undefined __on_zero_shared_weak(__shared_ptr_pointer<bd01::event::BossMgEventImplBase*,std::shared_ptr<bd01::event::BossMgEventImplBase>::__shared_ptr_default_delete<bd01::event::BossMgEventImplBase,bd01::event::BossMgEventImplBase>,std::allocator<bd01::event::BossMgEventImplBase>> * this)
7100157cd0	188	BranchSpot	bd01::event::BranchSpot	a	a	0		undefined BranchSpot(BranchSpot * this, uint * param_1, undefined4 param_2)
7100157e00	336	~BranchSpot	bd01::event::BranchSpot	a	a	0		undefined ~BranchSpot(BranchSpot * this)
7100157f60	156	DestroyArrow	bd01::event::BranchSpot	a	a	0		undefined DestroyArrow(BranchSpot * this)
7100158000	32	DestroyEffect	bd01::event::BranchSpot	a	a	0		undefined DestroyEffect(BranchSpot * this)
7100158020	8	~BranchSpot	bd01::event::BranchSpot	a	a	0		undefined ~BranchSpot(BranchSpot * this)
7100158028	36	~BranchSpot	bd01::event::BranchSpot	a	a	0		undefined ~BranchSpot(BranchSpot * this)
710015804c	40	~BranchSpot	bd01::event::BranchSpot	a	a	0		undefined ~BranchSpot(BranchSpot * this)
7100158080	500	Update	bd01::event::BranchSpot	a	a	0		undefined Update(BranchSpot * this)
7100158280	564	RunBranch	bd01::event::BranchSpot	a	a	0		undefined RunBranch(BranchSpot * this)
71001584b4	268	RunMapCheck	bd01::event::BranchSpot	a	a	0		undefined RunMapCheck(BranchSpot * this)
71001585dc	60	RunCom	bd01::event::BranchSpot	a	a	0		undefined RunCom(BranchSpot * this)
7100158620	100	RunOtherID	bd01::event::BranchSpot	a	a	0		undefined RunOtherID(BranchSpot * this)
7100158690	3556	RunMyID	bd01::event::BranchSpot	a	a	0		undefined RunMyID(BranchSpot * this)
7100159484	96	SetRotation	bd01::event::BranchSpot::ArrowModel	a	a	0		undefined SetRotation(undefined1[16] param_1, ArrowModel * this)
71001594e4	60	Off	bd01::event::BranchSpot::ArrowModel	a	a	0		undefined Off(ArrowModel * this)
7100159520	60	On	bd01::event::BranchSpot::ArrowModel	a	a	0		undefined On(ArrowModel * this)
7100159560	784	UpdateEffect	bd01::event::BranchSpot	a	a	0		undefined UpdateEffect(BranchSpot * this, int param_1)
71001598c0	20	OnReceiveMsg	bd01::event::BranchSpot	a	a	0		undefined OnReceiveMsg(long param_1, undefined8 param_2, short * param_3)
71001598d4	20	OnReceiveMsg	bd01::event::BranchSpot	a	a	0		undefined OnReceiveMsg(BranchSpot * this, undefined8 param_2_00, short * param_2)
71001598e8	456	ArrowModel	bd01::event::BranchSpot::ArrowModel	a	a	0		undefined ArrowModel(ArrowModel * this, int param_1)
7100159b00	92	Update	bd01::event::BranchSpot::ArrowModel	a	a	0		undefined Update(ArrowModel * this)
7100159b5c	12	NetName	bd01::event::BranchSpot	a	a	0		char * NetName(void)
7100159b68	12	NetName	bd01::event::BranchSpot	a	a	0		char * NetName(void)
7100159b74	80	~ArrowModel	bd01::event::BranchSpot::ArrowModel	a	a	0		undefined ~ArrowModel(ArrowModel * this)
7100159bc4	88	~ArrowModel	bd01::event::BranchSpot::ArrowModel	a	a	0		undefined ~ArrowModel(ArrowModel * this)
7100159c1c	80	~ArrowModel	bd01::event::BranchSpot::ArrowModel	a	a	0		undefined ~ArrowModel(ArrowModel * this)
7100159c6c	88	~ArrowModel	bd01::event::BranchSpot::ArrowModel	a	a	0		undefined ~ArrowModel(ArrowModel * this)
7100159cc4	20	FUN_7100159cc4		d	a	0		undefined FUN_7100159cc4(void)
7100159ce0	292	AddFiber<bd01::event::MapCheck>	bq::act::Man	a	a	0		weak_ptr AddFiber<bd01::event::MapCheck>(long * param_1_00, long * param_2, long param_3)
7100159e48	36	~__shared_ptr_pointer	std::__shared_ptr_pointer<bq::act::FiberManHolder<bd01::event::MapCheck>*,std::shared_ptr<bq::act::Base>::__shared_ptr_default_delete<bq::act::Base,bq::act::FiberManHolder<bd01::event::MapCheck>>,std::allocator<bq::act::FiberManHolder<bd01::event::MapCheck>>>	a	a	0		undefined ~__shared_ptr_pointer(__shared_ptr_pointer<bq::act::FiberManHolder<bd01::event::MapCheck>*,std::shared_ptr<bq::act::Base>::__shared_ptr_default_delete<bq::act::Base,bq::act::FiberManHolder<bd01::event::MapCheck>>,std::allocator<bq::act::FiberManHolder<bd01::event::MapCheck>>> * this)
7100159e6c	24	__on_zero_shared	std::__shared_ptr_pointer<bq::act::FiberManHolder<bd01::event::MapCheck>*,std::shared_ptr<bq::act::Base>::__shared_ptr_default_delete<bq::act::Base,bq::act::FiberManHolder<bd01::event::MapCheck>>,std::allocator<bq::act::FiberManHolder<bd01::event::MapCheck>>>	a	a	0		undefined __on_zero_shared(__shared_ptr_pointer<bq::act::FiberManHolder<bd01::event::MapCheck>*,std::shared_ptr<bq::act::Base>::__shared_ptr_default_delete<bq::act::Base,bq::act::FiberManHolder<bd01::event::MapCheck>>,std::allocator<bq::act::FiberManHolder<bd01::event::MapCheck>>> * this)
7100159e84	4	__on_zero_shared_weak	std::__shared_ptr_pointer<bq::act::FiberManHolder<bd01::event::MapCheck>*,std::shared_ptr<bq::act::Base>::__shared_ptr_default_delete<bq::act::Base,bq::act::FiberManHolder<bd01::event::MapCheck>>,std::allocator<bq::act::FiberManHolder<bd01::event::MapCheck>>>	a	a	0		undefined __on_zero_shared_weak(__shared_ptr_pointer<bq::act::FiberManHolder<bd01::event::MapCheck>*,std::shared_ptr<bq::act::Base>::__shared_ptr_default_delete<bq::act::Base,bq::act::FiberManHolder<bd01::event::MapCheck>>,std::allocator<bq::act::FiberManHolder<bd01::event::MapCheck>>> * this)
7100159e90	96	~FiberManHolder	bq::act::FiberManHolder<bd01::event::MapCheck>	a	a	0		undefined ~FiberManHolder(FiberManHolder<bd01::event::MapCheck> * this)
7100159ef0	108	~FiberManHolder	bq::act::FiberManHolder<bd01::event::MapCheck>	a	a	0		undefined ~FiberManHolder(FiberManHolder<bd01::event::MapCheck> * this)
7100159f5c	32	IsProc	bq::act::FiberManHolder<bd01::event::MapCheck>	a	a	0		uint IsProc(void)
7100159f7c	12	IsObject	bq::act::FiberManHolder<bd01::event::MapCheck>	a	a	0		undefined IsObject(long param_1)
7100159f88	8	SetPauseLevel	bq::act::FiberManHolder<bd01::event::MapCheck>	a	a	0		undefined SetPauseLevel(long param_1)
7100159f90	36	~__shared_ptr_pointer	std::__shared_ptr_pointer<bd01::event::MapCheck*,std::shared_ptr<bd01::event::MapCheck>::__shared_ptr_default_delete<bd01::event::MapCheck,bd01::event::MapCheck>,std::allocator<bd01::event::MapCheck>>	a	a	0		undefined ~__shared_ptr_pointer(__shared_ptr_pointer<bd01::event::MapCheck*,std::shared_ptr<bd01::event::MapCheck>::__shared_ptr_default_delete<bd01::event::MapCheck,bd01::event::MapCheck>,std::allocator<bd01::event::MapCheck>> * this)
7100159fb4	24	__on_zero_shared	std::__shared_ptr_pointer<bd01::event::MapCheck*,std::shared_ptr<bd01::event::MapCheck>::__shared_ptr_default_delete<bd01::event::MapCheck,bd01::event::MapCheck>,std::allocator<bd01::event::MapCheck>>	a	a	0		undefined __on_zero_shared(__shared_ptr_pointer<bd01::event::MapCheck*,std::shared_ptr<bd01::event::MapCheck>::__shared_ptr_default_delete<bd01::event::MapCheck,bd01::event::MapCheck>,std::allocator<bd01::event::MapCheck>> * this)
7100159fcc	4	__on_zero_shared_weak	std::__shared_ptr_pointer<bd01::event::MapCheck*,std::shared_ptr<bd01::event::MapCheck>::__shared_ptr_default_delete<bd01::event::MapCheck,bd01::event::MapCheck>,std::allocator<bd01::event::MapCheck>>	a	a	0		undefined __on_zero_shared_weak(__shared_ptr_pointer<bd01::event::MapCheck*,std::shared_ptr<bd01::event::MapCheck>::__shared_ptr_default_delete<bd01::event::MapCheck,bd01::event::MapCheck>,std::allocator<bd01::event::MapCheck>> * this)
7100159fd0	308	BranchSpotKey	bd01::event::BranchSpotKey	a	a	0		undefined BranchSpotKey(BranchSpotKey * this, uint * param_1)
710015a160	1040	KeyIn	bd01::event::BranchSpotKey	a	a	0		undefined KeyIn(BranchSpotKey * this)
710015a5a0	360	Intp<bd01::ItemModel,nn::util::Vector3f>	bq::act::Man	a	a	0		weak_ptr Intp<bd01::ItemModel,nn::util::Vector3f>(long * param_1_00, float param_2, undefined4 param_3, long * param_4, long param_5, ulong * param_6, undefined8 * param_7)
710015a730	908	KeyOut	bd01::event::BranchSpotKey	a	a	0		undefined KeyOut(BranchSpotKey * this)
710015aae4	284	KeyGateOpen	bd01::event::BranchSpotKey	a	a	0		undefined KeyGateOpen(BranchSpotKey * this)
710015ac1c	208	Update	bd01::event::BranchSpotKey	a	a	0		undefined Update(BranchSpotKey * this)
710015acf0	1848	RunSelect	bd01::event::BranchSpotKey	a	a	0		undefined RunSelect(BranchSpotKey * this)
710015b474	64	RunOpen	bd01::event::BranchSpotKey	a	a	0		undefined RunOpen(BranchSpotKey * this)
710015b4b4	240	RunBranch	bd01::event::BranchSpotKey	a	a	0		undefined RunBranch(BranchSpotKey * this)
710015b5c0	120	~BranchSpotKey	bd01::event::BranchSpotKey	a	a	0		undefined ~BranchSpotKey(BranchSpotKey * this)
710015b638	128	~BranchSpotKey	bd01::event::BranchSpotKey	a	a	0		undefined ~BranchSpotKey(BranchSpotKey * this)
710015b6b8	4	~IntpPosition	bq::act::IntpPosition<bd01::ItemModel,nn::util::Vector3f>	a	a	0		undefined ~IntpPosition(IntpPosition<bd01::ItemModel,nn::util::Vector3f> * this)
710015b6bc	256	Proc	bq::act::IntpPosition<bd01::ItemModel,nn::util::Vector3f>	a	a	0		undefined Proc(IntpPosition<bd01::ItemModel,nn::util::Vector3f> * this)
710015b7bc	24	IsProc	bq::act::IntpBase<bd01::ItemModel,nn::util::Vector3f>	a	a	0		bool IsProc(IntpBase<bd01::ItemModel,nn::util::Vector3f> * this)
710015b7d4	36	~__shared_ptr_pointer	std::__shared_ptr_pointer<bq::act::IntpPosition<bd01::ItemModel,nn::util::Vector3f>*,std::shared_ptr<bq::act::Base>::__shared_ptr_default_delete<bq::act::Base,bq::act::IntpPosition<bd01::ItemModel,nn::util::Vector3f>>,std::allocator<bq::act::IntpPosition<bd01::ItemModel,nn::util::Vector3f>>>	a	a	0		undefined ~__shared_ptr_pointer(__shared_ptr_pointer<bq::act::IntpPosition<bd01::ItemModel,nn::util::Vector3f>*,std::shared_ptr<bq::act::Base>::__shared_ptr_default_delete<bq::act::Base,bq::act::IntpPosition<bd01::ItemModel,nn::util::Vector3f>>,std::allocator<bq::act::IntpPosition<bd01::ItemModel,nn::util::Vector3f>>> * this)
710015b7f8	24	__on_zero_shared	std::__shared_ptr_pointer<bq::act::IntpPosition<bd01::ItemModel,nn::util::Vector3f>*,std::shared_ptr<bq::act::Base>::__shared_ptr_default_delete<bq::act::Base,bq::act::IntpPosition<bd01::ItemModel,nn::util::Vector3f>>,std::allocator<bq::act::IntpPosition<bd01::ItemModel,nn::util::Vector3f>>>	a	a	0		undefined __on_zero_shared(__shared_ptr_pointer<bq::act::IntpPosition<bd01::ItemModel,nn::util::Vector3f>*,std::shared_ptr<bq::act::Base>::__shared_ptr_default_delete<bq::act::Base,bq::act::IntpPosition<bd01::ItemModel,nn::util::Vector3f>>,std::allocator<bq::act::IntpPosition<bd01::ItemModel,nn::util::Vector3f>>> * this)
710015b810	4	__on_zero_shared_weak	std::__shared_ptr_pointer<bq::act::IntpPosition<bd01::ItemModel,nn::util::Vector3f>*,std::shared_ptr<bq::act::Base>::__shared_ptr_default_delete<bq::act::Base,bq::act::IntpPosition<bd01::ItemModel,nn::util::Vector3f>>,std::allocator<bq::act::IntpPosition<bd01::ItemModel,nn::util::Vector3f>>>	a	a	0		undefined __on_zero_shared_weak(__shared_ptr_pointer<bq::act::IntpPosition<bd01::ItemModel,nn::util::Vector3f>*,std::shared_ptr<bq::act::Base>::__shared_ptr_default_delete<bq::act::Base,bq::act::IntpPosition<bd01::ItemModel,nn::util::Vector3f>>,std::allocator<bq::act::IntpPosition<bd01::ItemModel,nn::util::Vector3f>>> * this)
710015b814	4	~MoveScale	bq::act::MoveScale<bd01::ItemModel,nn::util::Vector3f>	a	a	0		undefined ~MoveScale(MoveScale<bd01::ItemModel,nn::util::Vector3f> * this)
710015b818	172	Proc	bq::act::MoveScale<bd01::ItemModel,nn::util::Vector3f>	a	a	0		undefined Proc(MoveScale<bd01::ItemModel,nn::util::Vector3f> * this)
710015b8c4	24	IsProc	bq::act::MoveBase<bd01::ItemModel,nn::util::Vector3f>	a	a	0		bool IsProc(MoveBase<bd01::ItemModel,nn::util::Vector3f> * this)
710015b8dc	36	~__shared_ptr_pointer	std::__shared_ptr_pointer<bq::act::MoveScale<bd01::ItemModel,nn::util::Vector3f>*,std::shared_ptr<bq::act::Base>::__shared_ptr_default_delete<bq::act::Base,bq::act::MoveScale<bd01::ItemModel,nn::util::Vector3f>>,std::allocator<bq::act::MoveScale<bd01::ItemModel,nn::util::Vector3f>>>	a	a	0		undefined ~__shared_ptr_pointer(__shared_ptr_pointer<bq::act::MoveScale<bd01::ItemModel,nn::util::Vector3f>*,std::shared_ptr<bq::act::Base>::__shared_ptr_default_delete<bq::act::Base,bq::act::MoveScale<bd01::ItemModel,nn::util::Vector3f>>,std::allocator<bq::act::MoveScale<bd01::ItemModel,nn::util::Vector3f>>> * this)
710015b900	24	__on_zero_shared	std::__shared_ptr_pointer<bq::act::MoveScale<bd01::ItemModel,nn::util::Vector3f>*,std::shared_ptr<bq::act::Base>::__shared_ptr_default_delete<bq::act::Base,bq::act::MoveScale<bd01::ItemModel,nn::util::Vector3f>>,std::allocator<bq::act::MoveScale<bd01::ItemModel,nn::util::Vector3f>>>	a	a	0		undefined __on_zero_shared(__shared_ptr_pointer<bq::act::MoveScale<bd01::ItemModel,nn::util::Vector3f>*,std::shared_ptr<bq::act::Base>::__shared_ptr_default_delete<bq::act::Base,bq::act::MoveScale<bd01::ItemModel,nn::util::Vector3f>>,std::allocator<bq::act::MoveScale<bd01::ItemModel,nn::util::Vector3f>>> * this)
710015b918	4	__on_zero_shared_weak	std::__shared_ptr_pointer<bq::act::MoveScale<bd01::ItemModel,nn::util::Vector3f>*,std::shared_ptr<bq::act::Base>::__shared_ptr_default_delete<bq::act::Base,bq::act::MoveScale<bd01::ItemModel,nn::util::Vector3f>>,std::allocator<bq::act::MoveScale<bd01::ItemModel,nn::util::Vector3f>>>	a	a	0		undefined __on_zero_shared_weak(__shared_ptr_pointer<bq::act::MoveScale<bd01::ItemModel,nn::util::Vector3f>*,std::shared_ptr<bq::act::Base>::__shared_ptr_default_delete<bq::act::Base,bq::act::MoveScale<bd01::ItemModel,nn::util::Vector3f>>,std::allocator<bq::act::MoveScale<bd01::ItemModel,nn::util::Vector3f>>> * this)
710015b91c	4	~MoveRotate	bq::act::MoveRotate<bd01::ItemModel,nn::util::Vector3f>	a	a	0		undefined ~MoveRotate(MoveRotate<bd01::ItemModel,nn::util::Vector3f> * this)
710015b920	172	Proc	bq::act::MoveRotate<bd01::ItemModel,nn::util::Vector3f>	a	a	0		undefined Proc(MoveRotate<bd01::ItemModel,nn::util::Vector3f> * this)
710015b9cc	36	~__shared_ptr_pointer	std::__shared_ptr_pointer<bq::act::MoveRotate<bd01::ItemModel,nn::util::Vector3f>*,std::shared_ptr<bq::act::Base>::__shared_ptr_default_delete<bq::act::Base,bq::act::MoveRotate<bd01::ItemModel,nn::util::Vector3f>>,std::allocator<bq::act::MoveRotate<bd01::ItemModel,nn::util::Vector3f>>>	a	a	0		undefined ~__shared_ptr_pointer(__shared_ptr_pointer<bq::act::MoveRotate<bd01::ItemModel,nn::util::Vector3f>*,std::shared_ptr<bq::act::Base>::__shared_ptr_default_delete<bq::act::Base,bq::act::MoveRotate<bd01::ItemModel,nn::util::Vector3f>>,std::allocator<bq::act::MoveRotate<bd01::ItemModel,nn::util::Vector3f>>> * this)
710015b9f0	24	__on_zero_shared	std::__shared_ptr_pointer<bq::act::MoveRotate<bd01::ItemModel,nn::util::Vector3f>*,std::shared_ptr<bq::act::Base>::__shared_ptr_default_delete<bq::act::Base,bq::act::MoveRotate<bd01::ItemModel,nn::util::Vector3f>>,std::allocator<bq::act::MoveRotate<bd01::ItemModel,nn::util::Vector3f>>>	a	a	0		undefined __on_zero_shared(__shared_ptr_pointer<bq::act::MoveRotate<bd01::ItemModel,nn::util::Vector3f>*,std::shared_ptr<bq::act::Base>::__shared_ptr_default_delete<bq::act::Base,bq::act::MoveRotate<bd01::ItemModel,nn::util::Vector3f>>,std::allocator<bq::act::MoveRotate<bd01::ItemModel,nn::util::Vector3f>>> * this)
710015ba08	4	__on_zero_shared_weak	std::__shared_ptr_pointer<bq::act::MoveRotate<bd01::ItemModel,nn::util::Vector3f>*,std::shared_ptr<bq::act::Base>::__shared_ptr_default_delete<bq::act::Base,bq::act::MoveRotate<bd01::ItemModel,nn::util::Vector3f>>,std::allocator<bq::act::MoveRotate<bd01::ItemModel,nn::util::Vector3f>>>	a	a	0		undefined __on_zero_shared_weak(__shared_ptr_pointer<bq::act::MoveRotate<bd01::ItemModel,nn::util::Vector3f>*,std::shared_ptr<bq::act::Base>::__shared_ptr_default_delete<bq::act::Base,bq::act::MoveRotate<bd01::ItemModel,nn::util::Vector3f>>,std::allocator<bq::act::MoveRotate<bd01::ItemModel,nn::util::Vector3f>>> * this)
710015ba10	292	AddFiber<bd01::event::ItemUseKey>	bq::act::Man	a	a	0		weak_ptr AddFiber<bd01::event::ItemUseKey>(long * param_1_00, long * param_2, long param_3)
710015bb78	36	~__shared_ptr_pointer	std::__shared_ptr_pointer<bq::act::FiberManHolder<bd01::event::ItemUseKey>*,std::shared_ptr<bq::act::Base>::__shared_ptr_default_delete<bq::act::Base,bq::act::FiberManHolder<bd01::event::ItemUseKey>>,std::allocator<bq::act::FiberManHolder<bd01::event::ItemUseKey>>>	a	a	0		undefined ~__shared_ptr_pointer(__shared_ptr_pointer<bq::act::FiberManHolder<bd01::event::ItemUseKey>*,std::shared_ptr<bq::act::Base>::__shared_ptr_default_delete<bq::act::Base,bq::act::FiberManHolder<bd01::event::ItemUseKey>>,std::allocator<bq::act::FiberManHolder<bd01::event::ItemUseKey>>> * this)
710015bb9c	24	__on_zero_shared	std::__shared_ptr_pointer<bq::act::FiberManHolder<bd01::event::ItemUseKey>*,std::shared_ptr<bq::act::Base>::__shared_ptr_default_delete<bq::act::Base,bq::act::FiberManHolder<bd01::event::ItemUseKey>>,std::allocator<bq::act::FiberManHolder<bd01::event::ItemUseKey>>>	a	a	0		undefined __on_zero_shared(__shared_ptr_pointer<bq::act::FiberManHolder<bd01::event::ItemUseKey>*,std::shared_ptr<bq::act::Base>::__shared_ptr_default_delete<bq::act::Base,bq::act::FiberManHolder<bd01::event::ItemUseKey>>,std::allocator<bq::act::FiberManHolder<bd01::event::ItemUseKey>>> * this)
710015bbb4	4	__on_zero_shared_weak	std::__shared_ptr_pointer<bq::act::FiberManHolder<bd01::event::ItemUseKey>*,std::shared_ptr<bq::act::Base>::__shared_ptr_default_delete<bq::act::Base,bq::act::FiberManHolder<bd01::event::ItemUseKey>>,std::allocator<bq::act::FiberManHolder<bd01::event::ItemUseKey>>>	a	a	0		undefined __on_zero_shared_weak(__shared_ptr_pointer<bq::act::FiberManHolder<bd01::event::ItemUseKey>*,std::shared_ptr<bq::act::Base>::__shared_ptr_default_delete<bq::act::Base,bq::act::FiberManHolder<bd01::event::ItemUseKey>>,std::allocator<bq::act::FiberManHolder<bd01::event::ItemUseKey>>> * this)
710015bbc0	96	~FiberManHolder	bq::act::FiberManHolder<bd01::event::ItemUseKey>	a	a	0		undefined ~FiberManHolder(FiberManHolder<bd01::event::ItemUseKey> * this)
710015bc20	108	~FiberManHolder	bq::act::FiberManHolder<bd01::event::ItemUseKey>	a	a	0		undefined ~FiberManHolder(FiberManHolder<bd01::event::ItemUseKey> * this)
710015bc8c	32	IsProc	bq::act::FiberManHolder<bd01::event::ItemUseKey>	a	a	0		uint IsProc(void)
710015bcac	12	IsObject	bq::act::FiberManHolder<bd01::event::ItemUseKey>	a	a	0		undefined IsObject(long param_1)
710015bcb8	8	SetPauseLevel	bq::act::FiberManHolder<bd01::event::ItemUseKey>	a	a	0		undefined SetPauseLevel(long param_1)
710015bcc0	36	~__shared_ptr_pointer	std::__shared_ptr_pointer<bd01::event::ItemUseKey*,std::shared_ptr<bd01::event::ItemUseKey>::__shared_ptr_default_delete<bd01::event::ItemUseKey,bd01::event::ItemUseKey>,std::allocator<bd01::event::ItemUseKey>>	a	a	0		undefined ~__shared_ptr_pointer(__shared_ptr_pointer<bd01::event::ItemUseKey*,std::shared_ptr<bd01::event::ItemUseKey>::__shared_ptr_default_delete<bd01::event::ItemUseKey,bd01::event::ItemUseKey>,std::allocator<bd01::event::ItemUseKey>> * this)
710015bce4	24	__on_zero_shared	std::__shared_ptr_pointer<bd01::event::ItemUseKey*,std::shared_ptr<bd01::event::ItemUseKey>::__shared_ptr_default_delete<bd01::event::ItemUseKey,bd01::event::ItemUseKey>,std::allocator<bd01::event::ItemUseKey>>	a	a	0		undefined __on_zero_shared(__shared_ptr_pointer<bd01::event::ItemUseKey*,std::shared_ptr<bd01::event::ItemUseKey>::__shared_ptr_default_delete<bd01::event::ItemUseKey,bd01::event::ItemUseKey>,std::allocator<bd01::event::ItemUseKey>> * this)
710015bcfc	4	__on_zero_shared_weak	std::__shared_ptr_pointer<bd01::event::ItemUseKey*,std::shared_ptr<bd01::event::ItemUseKey>::__shared_ptr_default_delete<bd01::event::ItemUseKey,bd01::event::ItemUseKey>,std::allocator<bd01::event::ItemUseKey>>	a	a	0		undefined __on_zero_shared_weak(__shared_ptr_pointer<bd01::event::ItemUseKey*,std::shared_ptr<bd01::event::ItemUseKey>::__shared_ptr_default_delete<bd01::event::ItemUseKey,bd01::event::ItemUseKey>,std::allocator<bd01::event::ItemUseKey>> * this)
710015bd00	292	AddFiber<bd01::event::BranchSpot>	bq::act::Man	a	a	0		weak_ptr AddFiber<bd01::event::BranchSpot>(long * param_1_00, long * param_2, long param_3)
710015be68	36	~__shared_ptr_pointer	std::__shared_ptr_pointer<bq::act::FiberManHolder<bd01::event::BranchSpot>*,std::shared_ptr<bq::act::Base>::__shared_ptr_default_delete<bq::act::Base,bq::act::FiberManHolder<bd01::event::BranchSpot>>,std::allocator<bq::act::FiberManHolder<bd01::event::BranchSpot>>>	a	a	0		undefined ~__shared_ptr_pointer(__shared_ptr_pointer<bq::act::FiberManHolder<bd01::event::BranchSpot>*,std::shared_ptr<bq::act::Base>::__shared_ptr_default_delete<bq::act::Base,bq::act::FiberManHolder<bd01::event::BranchSpot>>,std::allocator<bq::act::FiberManHolder<bd01::event::BranchSpot>>> * this)
710015be8c	24	__on_zero_shared	std::__shared_ptr_pointer<bq::act::FiberManHolder<bd01::event::BranchSpot>*,std::shared_ptr<bq::act::Base>::__shared_ptr_default_delete<bq::act::Base,bq::act::FiberManHolder<bd01::event::BranchSpot>>,std::allocator<bq::act::FiberManHolder<bd01::event::BranchSpot>>>	a	a	0		undefined __on_zero_shared(__shared_ptr_pointer<bq::act::FiberManHolder<bd01::event::BranchSpot>*,std::shared_ptr<bq::act::Base>::__shared_ptr_default_delete<bq::act::Base,bq::act::FiberManHolder<bd01::event::BranchSpot>>,std::allocator<bq::act::FiberManHolder<bd01::event::BranchSpot>>> * this)
710015bea4	4	__on_zero_shared_weak	std::__shared_ptr_pointer<bq::act::FiberManHolder<bd01::event::BranchSpot>*,std::shared_ptr<bq::act::Base>::__shared_ptr_default_delete<bq::act::Base,bq::act::FiberManHolder<bd01::event::BranchSpot>>,std::allocator<bq::act::FiberManHolder<bd01::event::BranchSpot>>>	a	a	0		undefined __on_zero_shared_weak(__shared_ptr_pointer<bq::act::FiberManHolder<bd01::event::BranchSpot>*,std::shared_ptr<bq::act::Base>::__shared_ptr_default_delete<bq::act::Base,bq::act::FiberManHolder<bd01::event::BranchSpot>>,std::allocator<bq::act::FiberManHolder<bd01::event::BranchSpot>>> * this)
710015beb0	96	~FiberManHolder	bq::act::FiberManHolder<bd01::event::BranchSpot>	a	a	0		undefined ~FiberManHolder(FiberManHolder<bd01::event::BranchSpot> * this)
710015bf10	108	~FiberManHolder	bq::act::FiberManHolder<bd01::event::BranchSpot>	a	a	0		undefined ~FiberManHolder(FiberManHolder<bd01::event::BranchSpot> * this)
710015bf7c	32	IsProc	bq::act::FiberManHolder<bd01::event::BranchSpot>	a	a	0		uint IsProc(void)
710015bf9c	12	IsObject	bq::act::FiberManHolder<bd01::event::BranchSpot>	a	a	0		undefined IsObject(long param_1)
710015bfa8	8	SetPauseLevel	bq::act::FiberManHolder<bd01::event::BranchSpot>	a	a	0		undefined SetPauseLevel(long param_1)
710015bfb0	36	~__shared_ptr_pointer	std::__shared_ptr_pointer<bd01::event::BranchSpot*,std::shared_ptr<bd01::event::BranchSpot>::__shared_ptr_default_delete<bd01::event::BranchSpot,bd01::event::BranchSpot>,std::allocator<bd01::event::BranchSpot>>	a	a	0		undefined ~__shared_ptr_pointer(__shared_ptr_pointer<bd01::event::BranchSpot*,std::shared_ptr<bd01::event::BranchSpot>::__shared_ptr_default_delete<bd01::event::BranchSpot,bd01::event::BranchSpot>,std::allocator<bd01::event::BranchSpot>> * this)
710015bfd4	24	__on_zero_shared	std::__shared_ptr_pointer<bd01::event::BranchSpot*,std::shared_ptr<bd01::event::BranchSpot>::__shared_ptr_default_delete<bd01::event::BranchSpot,bd01::event::BranchSpot>,std::allocator<bd01::event::BranchSpot>>	a	a	0		undefined __on_zero_shared(__shared_ptr_pointer<bd01::event::BranchSpot*,std::shared_ptr<bd01::event::BranchSpot>::__shared_ptr_default_delete<bd01::event::BranchSpot,bd01::event::BranchSpot>,std::allocator<bd01::event::BranchSpot>> * this)
710015bfec	4	__on_zero_shared_weak	std::__shared_ptr_pointer<bd01::event::BranchSpot*,std::shared_ptr<bd01::event::BranchSpot>::__shared_ptr_default_delete<bd01::event::BranchSpot,bd01::event::BranchSpot>,std::allocator<bd01::event::BranchSpot>>	a	a	0		undefined __on_zero_shared_weak(__shared_ptr_pointer<bd01::event::BranchSpot*,std::shared_ptr<bd01::event::BranchSpot>::__shared_ptr_default_delete<bd01::event::BranchSpot,bd01::event::BranchSpot>,std::allocator<bd01::event::BranchSpot>> * this)
710015bff0	948	ChanceSlot	bd01::event::ChanceSlot	a	a	0		undefined ChanceSlot(ChanceSlot * this, int param_1)
710015c410	100	~UniqueHandlePtr	nn::bezel::UniqueHandlePtr<nn::bezel::GuiLayoutTexture>	a	a	0		undefined ~UniqueHandlePtr(UniqueHandlePtr<nn::bezel::GuiLayoutTexture> * this)
710015c474	4	Update	bd01::event::ChanceSlot	a	a	0		undefined Update(void)
710015c478	216	Start	bd01::event::ChanceSlot	a	a	0		undefined Start(ChanceSlot * this)
710015c550	16	FuncRoll	bd01::event::ChanceSlot	a	a	0		undefined FuncRoll(ChanceSlot * this)
710015c560	320	Stop	bd01::event::ChanceSlot	a	a	0		undefined Stop(ChanceSlot * this, int param_1)
710015c6a0	724	SetReelTexture	bd01::event::ChanceSlot	a	a	0		undefined SetReelTexture(ChanceSlot * this)
710015c980	264	FuncStop	bd01::event::ChanceSlot	a	a	0		undefined FuncStop(ChanceSlot * this)
710015ca88	16	IsEnd	bd01::event::ChanceSlot	a	a	0		bool IsEnd(ChanceSlot * this)
710015caa0	56	WaitEnd	bd01::event::ChanceSlot	a	a	0		undefined WaitEnd(ChanceSlot * this)
710015cad8	676	UpdateRoll	bd01::event::ChanceSlot	a	a	0		undefined UpdateRoll(ChanceSlot * this)
710015cd7c	32	SetSpeed	bd01::event::ChanceSlot	a	a	0		undefined SetSpeed(ChanceSlot * this, int param_1)
710015cd9c	40	AddSpeed	bd01::event::ChanceSlot	a	a	0		undefined AddSpeed(ChanceSlot * this, int param_1)
710015cdc4	72	UpdateReel	bd01::event::ChanceSlot	a	a	0		undefined UpdateReel(ChanceSlot * this)
710015ce0c	136	SetReel	bd01::event::ChanceSlot	a	a	0		undefined SetReel(ChanceSlot * this, vector<bd01::ChanceRoulette,bex::HeapModule::Allocator_vector<bd01::ChanceRoulette>> * param_1)
710015ce94	8	SetResult	bd01::event::ChanceSlot	a	a	0		undefined SetResult(ChanceSlot * this, undefined4 param_1)
710015ce9c	608	ChanceMass	bd01::event::ChanceMass	a	a	0		undefined ChanceMass(ChanceMass * this, undefined4 * param_1)
710015d39c	3060	Update	bd01::event::ChanceMass	a	a	0		undefined Update(ChanceMass * this)
710015e040	3892	Setup	bd01::event::ChanceMass	a	a	0		undefined Setup(ChanceMass * this)
710015efa0	996	RunInst	bd01::event::ChanceMass	a	a	0		undefined RunInst(ChanceMass * this)
710015f3b0	2256	RunRoulette	bd01::event::ChanceMass	a	a	0		undefined RunRoulette(ChanceMass * this)
710015fd00	532	RunResult	bd01::event::ChanceMass	a	a	0		undefined RunResult(ChanceMass * this)
710015ff14	964	Cleanup	bd01::event::ChanceMass	a	a	0		undefined Cleanup(long param_1)
71001602d8	660	StartSlot	bd01::event::ChanceMass	a	a	0		undefined StartSlot(ChanceMass * this)
7100160570	1096	StopSlot	bd01::event::ChanceMass	a	a	0		undefined StopSlot(ChanceMass * this, int param_1, int param_2)
71001609b8	52	SendSlot	bd01::event::ChanceMass	a	a	0		undefined4 SendSlot(ChanceMass * this, undefined2 param_1, undefined2 param_2)
71001609ec	60	IsEndSlot	bd01::event::ChanceMass	a	a	0		bool IsEndSlot(ChanceMass * this)
7100160a30	120	WaitEndSlot	bd01::event::ChanceMass	a	a	0		undefined WaitEndSlot(ChanceMass * this)
7100160aa8	20	SendAuto	bd01::event::ChanceMass	a	a	0		undefined4 SendAuto(ChanceMass * this)
7100160abc	52	SendMove	bd01::event::ChanceMass	a	a	0		undefined4 SendMove(ChanceMass * this, undefined2 param_1)
7100160af0	324	OnReceiveMsg	bd01::event::ChanceMass	a	a	0		undefined OnReceiveMsg(long param_1, ushort param_2, ushort * param_3)
7100160c34	8	OnReceiveMsg	bd01::event::ChanceMass	a	a	0		undefined OnReceiveMsg(ChanceMass * this, ushort param_1, ushort * param_2)
7100160c3c	948	RunResultCoin	bd01::event::ChanceMass	a	a	0		bool RunResultCoin(ChanceMass * this, uint * param_1, uint * param_2, uint param_3)
710016100c	1036	RunResultStar	bd01::event::ChanceMass	a	a	0		bool RunResultStar(ChanceMass * this, uint * param_1, uint * param_2, uint param_3)
7100161434	344	RunResultChangeCoin	bd01::event::ChanceMass	a	a	0		bool RunResultChangeCoin(ChanceMass * this)
710016158c	344	RunResultChangeStar	bd01::event::ChanceMass	a	a	0		bool RunResultChangeStar(ChanceMass * this)
71001616e4	756	RunResultChangeStarCoin	bd01::event::ChanceMass	a	a	0		undefined8 RunResultChangeStarCoin(ChanceMass * this)
71001619d8	3216	RunResultEnd	bd01::event::ChanceMass	a	a	0		undefined RunResultEnd(ChanceMass * this, ulong param_1, ulong param_2, uint param_3, ulong param_4, ulong param_5)
71001626c8	1352	RunResultPlayerMove	bd01::event::ChanceMass	a	a	0		undefined RunResultPlayerMove(ChanceMass * this)
7100162c40	340	FUN_7100162c40		d	a	0		undefined FUN_7100162c40(long * param_1, long param_2, long param_3)
7100162dd8	1212	RunResultChangeCoin_	bd01::event::ChanceMass	a	a	0		bool RunResultChangeCoin_(ChanceMass * this)
71001632b4	1588	RunResultChangeStar_	bd01::event::ChanceMass	a	a	0		bool RunResultChangeStar_(ChanceMass * this)
7100163908	232	MessageAnim	bd01::event::ChanceMass	a	a	0		undefined MessageAnim(ChanceMass * this, uint * param_1, byte * param_2, int param_3)
71001639f0	416	~ChanceSlot	bd01::event::ChanceSlot	a	a	0		undefined ~ChanceSlot(ChanceSlot * this)
7100163b90	36	~ChanceSlot	bd01::event::ChanceSlot	a	a	0		undefined ~ChanceSlot(ChanceSlot * this)
7100163bb4	8	~ChanceSlot	bd01::event::ChanceSlot	a	a	0		undefined ~ChanceSlot(ChanceSlot * this)
7100163bbc	40	~ChanceSlot	bd01::event::ChanceSlot	a	a	0		undefined ~ChanceSlot(ChanceSlot * this)
7100163be4	8	~ChanceSlot	bd01::event::ChanceSlot	a	a	0		undefined ~ChanceSlot(ChanceSlot * this)
7100163bec	40	~ChanceSlot	bd01::event::ChanceSlot	a	a	0		undefined ~ChanceSlot(ChanceSlot * this)
7100163c14	612	~ChanceMass	bd01::event::ChanceMass	a	a	0		undefined ~ChanceMass(ChanceMass * this)
7100163e78	36	~ChanceMass	bd01::event::ChanceMass	a	a	0		undefined ~ChanceMass(ChanceMass * this)
7100163e9c	12	NetName	bd01::event::ChanceMass	a	a	0		char * NetName(void)
7100163ea8	8	~ChanceMass	bd01::event::ChanceMass	a	a	0		undefined ~ChanceMass(ChanceMass * this)
7100163eb0	40	~ChanceMass	bd01::event::ChanceMass	a	a	0		undefined ~ChanceMass(ChanceMass * this)
7100163ed8	12	NetName	bd01::event::ChanceMass	a	a	0		char * NetName(void)
7100163ef0	380	assign<bd01::ChanceRoulette*,0>	std::vector<bd01::ChanceRoulette,bex::HeapModule::Allocator_vector<bd01::ChanceRoulette>>	a	a	0		void assign<bd01::ChanceRoulette*,0>(vector<bd01::ChanceRoulette,bex::HeapModule::Allocator_vector<bd01::ChanceRoulette>> * this, undefined4 * param_1, undefined4 * param_2)
710016406c	20	FUN_710016406c		d	a	0		undefined FUN_710016406c(void)
7100164080	88	FUN_7100164080		d	a	0		undefined FUN_7100164080(Fiber * param_1)
7100164344	4	~__func	std::__function::__func<std::__bind<void(bd01::event::ChanceSlot::*&)(),bd01::event::ChanceSlot*&>,std::allocator<std::__bind<void(bd01::event::ChanceSlot::*&)(),bd01::event::ChanceSlot*&>>,void()>	a	a	0		undefined ~__func(__func<std::__bind<void(bd01::event::ChanceSlot::*&)(),bd01::event::ChanceSlot*&>,std::allocator<std::__bind<void(bd01::event::ChanceSlot::*&)(),bd01::event::ChanceSlot*&>>,void()> * this)
7100164348	64	__clone	std::__function::__func<std::__bind<void(bd01::event::ChanceSlot::*&)(),bd01::event::ChanceSlot*&>,std::allocator<std::__bind<void(bd01::event::ChanceSlot::*&)(),bd01::event::ChanceSlot*&>>,void()>	a	a	0		undefined __clone(__func<std::__bind<void(bd01::event::ChanceSlot::*&)(),bd01::event::ChanceSlot*&>,std::allocator<std::__bind<void(bd01::event::ChanceSlot::*&)(),bd01::event::ChanceSlot*&>>,void()> * this)
7100164388	36	__clone	std::__function::__func<std::__bind<void(bd01::event::ChanceSlot::*&)(),bd01::event::ChanceSlot*&>,std::allocator<std::__bind<void(bd01::event::ChanceSlot::*&)(),bd01::event::ChanceSlot*&>>,void()>	a	a	0		undefined __clone(__func<std::__bind<void(bd01::event::ChanceSlot::*&)(),bd01::event::ChanceSlot*&>,std::allocator<std::__bind<void(bd01::event::ChanceSlot::*&)(),bd01::event::ChanceSlot*&>>,void()> * this, long * param_1)
71001643ac	4	destroy	std::__function::__func<std::__bind<void(bd01::event::ChanceSlot::*&)(),bd01::event::ChanceSlot*&>,std::allocator<std::__bind<void(bd01::event::ChanceSlot::*&)(),bd01::event::ChanceSlot*&>>,void()>	a	a	0		undefined destroy(void)
71001643b0	4	destroy_deallocate	std::__function::__func<std::__bind<void(bd01::event::ChanceSlot::*&)(),bd01::event::ChanceSlot*&>,std::allocator<std::__bind<void(bd01::event::ChanceSlot::*&)(),bd01::event::ChanceSlot*&>>,void()>	a	a	0		undefined destroy_deallocate(__func<std::__bind<void(bd01::event::ChanceSlot::*&)(),bd01::event::ChanceSlot*&>,std::allocator<std::__bind<void(bd01::event::ChanceSlot::*&)(),bd01::event::ChanceSlot*&>>,void()> * this)
71001643b4	28	operator()	std::__function::__func<std::__bind<void(bd01::event::ChanceSlot::*&)(),bd01::event::ChanceSlot*&>,std::allocator<std::__bind<void(bd01::event::ChanceSlot::*&)(),bd01::event::ChanceSlot*&>>,void()>	a	a	0		undefined operator()(__func<std::__bind<void(bd01::event::ChanceSlot::*&)(),bd01::event::ChanceSlot*&>,std::allocator<std::__bind<void(bd01::event::ChanceSlot::*&)(),bd01::event::ChanceSlot*&>>,void()> * this)
71001643d0	292	AddFiber<bd01::ActSupportCharaMoveMassSafe>	bq::act::Man	a	a	0		weak_ptr AddFiber<bd01::ActSupportCharaMoveMassSafe>(long * param_1_00, long * param_2, long param_3)
7100164538	36	~__shared_ptr_pointer	std::__shared_ptr_pointer<bq::act::FiberManHolder<bd01::ActSupportCharaMoveMassSafe>*,std::shared_ptr<bq::act::Base>::__shared_ptr_default_delete<bq::act::Base,bq::act::FiberManHolder<bd01::ActSupportCharaMoveMassSafe>>,std::allocator<bq::act::FiberManHolder<bd01::ActSupportCharaMoveMassSafe>>>	a	a	0		undefined ~__shared_ptr_pointer(__shared_ptr_pointer<bq::act::FiberManHolder<bd01::ActSupportCharaMoveMassSafe>*,std::shared_ptr<bq::act::Base>::__shared_ptr_default_delete<bq::act::Base,bq::act::FiberManHolder<bd01::ActSupportCharaMoveMassSafe>>,std::allocator<bq::act::FiberManHolder<bd01::ActSupportCharaMoveMassSafe>>> * this)
710016455c	24	__on_zero_shared	std::__shared_ptr_pointer<bq::act::FiberManHolder<bd01::ActSupportCharaMoveMassSafe>*,std::shared_ptr<bq::act::Base>::__shared_ptr_default_delete<bq::act::Base,bq::act::FiberManHolder<bd01::ActSupportCharaMoveMassSafe>>,std::allocator<bq::act::FiberManHolder<bd01::ActSupportCharaMoveMassSafe>>>	a	a	0		undefined __on_zero_shared(__shared_ptr_pointer<bq::act::FiberManHolder<bd01::ActSupportCharaMoveMassSafe>*,std::shared_ptr<bq::act::Base>::__shared_ptr_default_delete<bq::act::Base,bq::act::FiberManHolder<bd01::ActSupportCharaMoveMassSafe>>,std::allocator<bq::act::FiberManHolder<bd01::ActSupportCharaMoveMassSafe>>> * this)
7100164574	4	__on_zero_shared_weak	std::__shared_ptr_pointer<bq::act::FiberManHolder<bd01::ActSupportCharaMoveMassSafe>*,std::shared_ptr<bq::act::Base>::__shared_ptr_default_delete<bq::act::Base,bq::act::FiberManHolder<bd01::ActSupportCharaMoveMassSafe>>,std::allocator<bq::act::FiberManHolder<bd01::ActSupportCharaMoveMassSafe>>>	a	a	0		undefined __on_zero_shared_weak(__shared_ptr_pointer<bq::act::FiberManHolder<bd01::ActSupportCharaMoveMassSafe>*,std::shared_ptr<bq::act::Base>::__shared_ptr_default_delete<bq::act::Base,bq::act::FiberManHolder<bd01::ActSupportCharaMoveMassSafe>>,std::allocator<bq::act::FiberManHolder<bd01::ActSupportCharaMoveMassSafe>>> * this)
7100164580	96	~FiberManHolder	bq::act::FiberManHolder<bd01::ActSupportCharaMoveMassSafe>	a	a	0		undefined ~FiberManHolder(FiberManHolder<bd01::ActSupportCharaMoveMassSafe> * this)
71001645e0	108	~FiberManHolder	bq::act::FiberManHolder<bd01::ActSupportCharaMoveMassSafe>	a	a	0		undefined ~FiberManHolder(FiberManHolder<bd01::ActSupportCharaMoveMassSafe> * this)
710016464c	32	IsProc	bq::act::FiberManHolder<bd01::ActSupportCharaMoveMassSafe>	a	a	0		uint IsProc(void)
710016466c	12	IsObject	bq::act::FiberManHolder<bd01::ActSupportCharaMoveMassSafe>	a	a	0		undefined IsObject(long param_1)
7100164678	8	SetPauseLevel	bq::act::FiberManHolder<bd01::ActSupportCharaMoveMassSafe>	a	a	0		undefined SetPauseLevel(long param_1)
7100164680	36	~__shared_ptr_pointer	std::__shared_ptr_pointer<bd01::ActSupportCharaMoveMassSafe*,std::shared_ptr<bd01::ActSupportCharaMoveMassSafe>::__shared_ptr_default_delete<bd01::ActSupportCharaMoveMassSafe,bd01::ActSupportCharaMoveMassSafe>,std::allocator<bd01::ActSupportCharaMoveMassSafe>>	a	a	0		undefined ~__shared_ptr_pointer(__shared_ptr_pointer<bd01::ActSupportCharaMoveMassSafe*,std::shared_ptr<bd01::ActSupportCharaMoveMassSafe>::__shared_ptr_default_delete<bd01::ActSupportCharaMoveMassSafe,bd01::ActSupportCharaMoveMassSafe>,std::allocator<bd01::ActSupportCharaMoveMassSafe>> * this)
71001646a4	24	__on_zero_shared	std::__shared_ptr_pointer<bd01::ActSupportCharaMoveMassSafe*,std::shared_ptr<bd01::ActSupportCharaMoveMassSafe>::__shared_ptr_default_delete<bd01::ActSupportCharaMoveMassSafe,bd01::ActSupportCharaMoveMassSafe>,std::allocator<bd01::ActSupportCharaMoveMassSafe>>	a	a	0		undefined __on_zero_shared(__shared_ptr_pointer<bd01::ActSupportCharaMoveMassSafe*,std::shared_ptr<bd01::ActSupportCharaMoveMassSafe>::__shared_ptr_default_delete<bd01::ActSupportCharaMoveMassSafe,bd01::ActSupportCharaMoveMassSafe>,std::allocator<bd01::ActSupportCharaMoveMassSafe>> * this)
71001646bc	4	__on_zero_shared_weak	std::__shared_ptr_pointer<bd01::ActSupportCharaMoveMassSafe*,std::shared_ptr<bd01::ActSupportCharaMoveMassSafe>::__shared_ptr_default_delete<bd01::ActSupportCharaMoveMassSafe,bd01::ActSupportCharaMoveMassSafe>,std::allocator<bd01::ActSupportCharaMoveMassSafe>>	a	a	0		undefined __on_zero_shared_weak(__shared_ptr_pointer<bd01::ActSupportCharaMoveMassSafe*,std::shared_ptr<bd01::ActSupportCharaMoveMassSafe>::__shared_ptr_default_delete<bd01::ActSupportCharaMoveMassSafe,bd01::ActSupportCharaMoveMassSafe>,std::allocator<bd01::ActSupportCharaMoveMassSafe>> * this)
71001646c0	20	FUN_71001646c0		d	a	0		undefined FUN_71001646c0(void)
71001646d4	36	FUN_71001646d4		d	a	0		undefined FUN_71001646d4(__shared_weak_count * param_1)
7100164720	96	FUN_7100164720		d	a	0		undefined FUN_7100164720(long param_1)
7100164780	108	FUN_7100164780		d	a	0		undefined FUN_7100164780(void * param_1)
71001647ec	32	FUN_71001647ec		d	a	0		uint FUN_71001647ec(void)
7100164820	36	FUN_7100164820		d	a	0		undefined FUN_7100164820(__shared_weak_count * param_1)
7100164860	292	AddFiber<bd01::ActCoinSpline>	bq::act::Man	a	a	0		weak_ptr AddFiber<bd01::ActCoinSpline>(long * param_1_00, long * param_2, long param_3)
71001649c8	36	~__shared_ptr_pointer	std::__shared_ptr_pointer<bq::act::FiberManHolder<bd01::ActCoinSpline>*,std::shared_ptr<bq::act::Base>::__shared_ptr_default_delete<bq::act::Base,bq::act::FiberManHolder<bd01::ActCoinSpline>>,std::allocator<bq::act::FiberManHolder<bd01::ActCoinSpline>>>	a	a	0		undefined ~__shared_ptr_pointer(__shared_ptr_pointer<bq::act::FiberManHolder<bd01::ActCoinSpline>*,std::shared_ptr<bq::act::Base>::__shared_ptr_default_delete<bq::act::Base,bq::act::FiberManHolder<bd01::ActCoinSpline>>,std::allocator<bq::act::FiberManHolder<bd01::ActCoinSpline>>> * this)
71001649ec	24	__on_zero_shared	std::__shared_ptr_pointer<bq::act::FiberManHolder<bd01::ActCoinSpline>*,std::shared_ptr<bq::act::Base>::__shared_ptr_default_delete<bq::act::Base,bq::act::FiberManHolder<bd01::ActCoinSpline>>,std::allocator<bq::act::FiberManHolder<bd01::ActCoinSpline>>>	a	a	0		undefined __on_zero_shared(__shared_ptr_pointer<bq::act::FiberManHolder<bd01::ActCoinSpline>*,std::shared_ptr<bq::act::Base>::__shared_ptr_default_delete<bq::act::Base,bq::act::FiberManHolder<bd01::ActCoinSpline>>,std::allocator<bq::act::FiberManHolder<bd01::ActCoinSpline>>> * this)
7100164a04	4	__on_zero_shared_weak	std::__shared_ptr_pointer<bq::act::FiberManHolder<bd01::ActCoinSpline>*,std::shared_ptr<bq::act::Base>::__shared_ptr_default_delete<bq::act::Base,bq::act::FiberManHolder<bd01::ActCoinSpline>>,std::allocator<bq::act::FiberManHolder<bd01::ActCoinSpline>>>	a	a	0		undefined __on_zero_shared_weak(__shared_ptr_pointer<bq::act::FiberManHolder<bd01::ActCoinSpline>*,std::shared_ptr<bq::act::Base>::__shared_ptr_default_delete<bq::act::Base,bq::act::FiberManHolder<bd01::ActCoinSpline>>,std::allocator<bq::act::FiberManHolder<bd01::ActCoinSpline>>> * this)
7100164a10	96	~FiberManHolder	bq::act::FiberManHolder<bd01::ActCoinSpline>	a	a	0		undefined ~FiberManHolder(FiberManHolder<bd01::ActCoinSpline> * this)
7100164a70	108	~FiberManHolder	bq::act::FiberManHolder<bd01::ActCoinSpline>	a	a	0		undefined ~FiberManHolder(FiberManHolder<bd01::ActCoinSpline> * this)
7100164adc	32	IsProc	bq::act::FiberManHolder<bd01::ActCoinSpline>	a	a	0		uint IsProc(void)
7100164afc	12	IsObject	bq::act::FiberManHolder<bd01::ActCoinSpline>	a	a	0		undefined IsObject(long param_1)
7100164b08	8	SetPauseLevel	bq::act::FiberManHolder<bd01::ActCoinSpline>	a	a	0		undefined SetPauseLevel(long param_1)
7100164b10	36	~__shared_ptr_pointer	std::__shared_ptr_pointer<bd01::ActCoinSpline*,std::shared_ptr<bd01::ActCoinSpline>::__shared_ptr_default_delete<bd01::ActCoinSpline,bd01::ActCoinSpline>,std::allocator<bd01::ActCoinSpline>>	a	a	0		undefined ~__shared_ptr_pointer(__shared_ptr_pointer<bd01::ActCoinSpline*,std::shared_ptr<bd01::ActCoinSpline>::__shared_ptr_default_delete<bd01::ActCoinSpline,bd01::ActCoinSpline>,std::allocator<bd01::ActCoinSpline>> * this)
7100164b34	24	__on_zero_shared	std::__shared_ptr_pointer<bd01::ActCoinSpline*,std::shared_ptr<bd01::ActCoinSpline>::__shared_ptr_default_delete<bd01::ActCoinSpline,bd01::ActCoinSpline>,std::allocator<bd01::ActCoinSpline>>	a	a	0		undefined __on_zero_shared(__shared_ptr_pointer<bd01::ActCoinSpline*,std::shared_ptr<bd01::ActCoinSpline>::__shared_ptr_default_delete<bd01::ActCoinSpline,bd01::ActCoinSpline>,std::allocator<bd01::ActCoinSpline>> * this)
7100164b4c	4	__on_zero_shared_weak	std::__shared_ptr_pointer<bd01::ActCoinSpline*,std::shared_ptr<bd01::ActCoinSpline>::__shared_ptr_default_delete<bd01::ActCoinSpline,bd01::ActCoinSpline>,std::allocator<bd01::ActCoinSpline>>	a	a	0		undefined __on_zero_shared_weak(__shared_ptr_pointer<bd01::ActCoinSpline*,std::shared_ptr<bd01::ActCoinSpline>::__shared_ptr_default_delete<bd01::ActCoinSpline,bd01::ActCoinSpline>,std::allocator<bd01::ActCoinSpline>> * this)
7100164b50	156	FUN_7100164b50		d	a	0		undefined FUN_7100164b50(void)
7100164bec	4	FUN_7100164bec		d	a	0		undefined FUN_7100164bec(void)
7100164bf0	156	FUN_7100164bf0		d	a	0		undefined FUN_7100164bf0(void)
7100164c8c	4	FUN_7100164c8c		d	a	0		undefined FUN_7100164c8c(void)
7100164c90	2872	FUN_7100164c90		d	a	0		undefined FUN_7100164c90(void)
71001657c8	176	CoinGet	bd01::event::CoinGet	a	a	0		undefined CoinGet(CoinGet * this, uint * param_1, int param_2, undefined4 param_3, byte param_4, undefined4 param_5)
710016588c	144	CoinGet	bd01::event::CoinGet	a	a	0		undefined CoinGet(CoinGet * this, undefined4 * param_2, undefined8 param_3, int param_4, undefined4 param_5, CoinGet param_6, undefined4 param_7)
710016591c	148	CoinGet	bd01::event::CoinGet	a	a	0		undefined CoinGet(CoinGet * this, undefined4 * param_2, undefined8 param_3, undefined8 param_4, int param_5, undefined4 param_6, CoinGet param_7, undefined4 param_8)
71001659b0	2008	Update	bd01::event::CoinGet	a	a	0		undefined Update(CoinGet * this)
71001661c8	160	CoinLose	bd01::event::CoinLose	a	a	0		undefined CoinLose(CoinLose * this, uint * param_1, int param_2, undefined4 param_3, byte param_4)
710016627c	8	SetAudioCameraSplitId	bd01::event::CoinLose	a	a	0		undefined SetAudioCameraSplitId(CoinLose * this, undefined4 param_1)
7100166284	1416	Update	bd01::event::CoinLose	a	a	0		undefined Update(CoinLose * this)
7100166838	88	~CoinGet	bd01::event::CoinGet	a	a	0		undefined ~CoinGet(CoinGet * this)
7100166890	88	~CoinLose	bd01::event::CoinLose	a	a	0		undefined ~CoinLose(CoinLose * this)
71001668f0	292	AddFiber<bd01::ActCoinFall>	bq::act::Man	a	a	0		weak_ptr AddFiber<bd01::ActCoinFall>(long * param_1_00, long * param_2, long param_3)
7100166a58	36	~__shared_ptr_pointer	std::__shared_ptr_pointer<bq::act::FiberManHolder<bd01::ActCoinFall>*,std::shared_ptr<bq::act::Base>::__shared_ptr_default_delete<bq::act::Base,bq::act::FiberManHolder<bd01::ActCoinFall>>,std::allocator<bq::act::FiberManHolder<bd01::ActCoinFall>>>	a	a	0		undefined ~__shared_ptr_pointer(__shared_ptr_pointer<bq::act::FiberManHolder<bd01::ActCoinFall>*,std::shared_ptr<bq::act::Base>::__shared_ptr_default_delete<bq::act::Base,bq::act::FiberManHolder<bd01::ActCoinFall>>,std::allocator<bq::act::FiberManHolder<bd01::ActCoinFall>>> * this)
7100166a7c	24	__on_zero_shared	std::__shared_ptr_pointer<bq::act::FiberManHolder<bd01::ActCoinFall>*,std::shared_ptr<bq::act::Base>::__shared_ptr_default_delete<bq::act::Base,bq::act::FiberManHolder<bd01::ActCoinFall>>,std::allocator<bq::act::FiberManHolder<bd01::ActCoinFall>>>	a	a	0		undefined __on_zero_shared(__shared_ptr_pointer<bq::act::FiberManHolder<bd01::ActCoinFall>*,std::shared_ptr<bq::act::Base>::__shared_ptr_default_delete<bq::act::Base,bq::act::FiberManHolder<bd01::ActCoinFall>>,std::allocator<bq::act::FiberManHolder<bd01::ActCoinFall>>> * this)
7100166a94	4	__on_zero_shared_weak	std::__shared_ptr_pointer<bq::act::FiberManHolder<bd01::ActCoinFall>*,std::shared_ptr<bq::act::Base>::__shared_ptr_default_delete<bq::act::Base,bq::act::FiberManHolder<bd01::ActCoinFall>>,std::allocator<bq::act::FiberManHolder<bd01::ActCoinFall>>>	a	a	0		undefined __on_zero_shared_weak(__shared_ptr_pointer<bq::act::FiberManHolder<bd01::ActCoinFall>*,std::shared_ptr<bq::act::Base>::__shared_ptr_default_delete<bq::act::Base,bq::act::FiberManHolder<bd01::ActCoinFall>>,std::allocator<bq::act::FiberManHolder<bd01::ActCoinFall>>> * this)
7100166aa0	96	~FiberManHolder	bq::act::FiberManHolder<bd01::ActCoinFall>	a	a	0		undefined ~FiberManHolder(FiberManHolder<bd01::ActCoinFall> * this)
7100166b00	108	~FiberManHolder	bq::act::FiberManHolder<bd01::ActCoinFall>	a	a	0		undefined ~FiberManHolder(FiberManHolder<bd01::ActCoinFall> * this)
7100166b6c	32	IsProc	bq::act::FiberManHolder<bd01::ActCoinFall>	a	a	0		uint IsProc(void)
7100166b8c	12	IsObject	bq::act::FiberManHolder<bd01::ActCoinFall>	a	a	0		undefined IsObject(long param_1)
7100166b98	8	SetPauseLevel	bq::act::FiberManHolder<bd01::ActCoinFall>	a	a	0		undefined SetPauseLevel(long param_1)
7100166ba0	36	~__shared_ptr_pointer	std::__shared_ptr_pointer<bd01::ActCoinFall*,std::shared_ptr<bd01::ActCoinFall>::__shared_ptr_default_delete<bd01::ActCoinFall,bd01::ActCoinFall>,std::allocator<bd01::ActCoinFall>>	a	a	0		undefined ~__shared_ptr_pointer(__shared_ptr_pointer<bd01::ActCoinFall*,std::shared_ptr<bd01::ActCoinFall>::__shared_ptr_default_delete<bd01::ActCoinFall,bd01::ActCoinFall>,std::allocator<bd01::ActCoinFall>> * this)
7100166bc4	24	__on_zero_shared	std::__shared_ptr_pointer<bd01::ActCoinFall*,std::shared_ptr<bd01::ActCoinFall>::__shared_ptr_default_delete<bd01::ActCoinFall,bd01::ActCoinFall>,std::allocator<bd01::ActCoinFall>>	a	a	0		undefined __on_zero_shared(__shared_ptr_pointer<bd01::ActCoinFall*,std::shared_ptr<bd01::ActCoinFall>::__shared_ptr_default_delete<bd01::ActCoinFall,bd01::ActCoinFall>,std::allocator<bd01::ActCoinFall>> * this)
7100166bdc	4	__on_zero_shared_weak	std::__shared_ptr_pointer<bd01::ActCoinFall*,std::shared_ptr<bd01::ActCoinFall>::__shared_ptr_default_delete<bd01::ActCoinFall,bd01::ActCoinFall>,std::allocator<bd01::ActCoinFall>>	a	a	0		undefined __on_zero_shared_weak(__shared_ptr_pointer<bd01::ActCoinFall*,std::shared_ptr<bd01::ActCoinFall>::__shared_ptr_default_delete<bd01::ActCoinFall,bd01::ActCoinFall>,std::allocator<bd01::ActCoinFall>> * this)
7100166be0	292	AddFiber<bd01::ActCoinLoss>	bq::act::Man	a	a	0		weak_ptr AddFiber<bd01::ActCoinLoss>(long * param_1_00, long * param_2, long param_3)
7100166d48	36	~__shared_ptr_pointer	std::__shared_ptr_pointer<bq::act::FiberManHolder<bd01::ActCoinLoss>*,std::shared_ptr<bq::act::Base>::__shared_ptr_default_delete<bq::act::Base,bq::act::FiberManHolder<bd01::ActCoinLoss>>,std::allocator<bq::act::FiberManHolder<bd01::ActCoinLoss>>>	a	a	0		undefined ~__shared_ptr_pointer(__shared_ptr_pointer<bq::act::FiberManHolder<bd01::ActCoinLoss>*,std::shared_ptr<bq::act::Base>::__shared_ptr_default_delete<bq::act::Base,bq::act::FiberManHolder<bd01::ActCoinLoss>>,std::allocator<bq::act::FiberManHolder<bd01::ActCoinLoss>>> * this)
7100166d6c	24	__on_zero_shared	std::__shared_ptr_pointer<bq::act::FiberManHolder<bd01::ActCoinLoss>*,std::shared_ptr<bq::act::Base>::__shared_ptr_default_delete<bq::act::Base,bq::act::FiberManHolder<bd01::ActCoinLoss>>,std::allocator<bq::act::FiberManHolder<bd01::ActCoinLoss>>>	a	a	0		undefined __on_zero_shared(__shared_ptr_pointer<bq::act::FiberManHolder<bd01::ActCoinLoss>*,std::shared_ptr<bq::act::Base>::__shared_ptr_default_delete<bq::act::Base,bq::act::FiberManHolder<bd01::ActCoinLoss>>,std::allocator<bq::act::FiberManHolder<bd01::ActCoinLoss>>> * this)
7100166d84	4	__on_zero_shared_weak	std::__shared_ptr_pointer<bq::act::FiberManHolder<bd01::ActCoinLoss>*,std::shared_ptr<bq::act::Base>::__shared_ptr_default_delete<bq::act::Base,bq::act::FiberManHolder<bd01::ActCoinLoss>>,std::allocator<bq::act::FiberManHolder<bd01::ActCoinLoss>>>	a	a	0		undefined __on_zero_shared_weak(__shared_ptr_pointer<bq::act::FiberManHolder<bd01::ActCoinLoss>*,std::shared_ptr<bq::act::Base>::__shared_ptr_default_delete<bq::act::Base,bq::act::FiberManHolder<bd01::ActCoinLoss>>,std::allocator<bq::act::FiberManHolder<bd01::ActCoinLoss>>> * this)
7100166d90	96	~FiberManHolder	bq::act::FiberManHolder<bd01::ActCoinLoss>	a	a	0		undefined ~FiberManHolder(FiberManHolder<bd01::ActCoinLoss> * this)
7100166df0	108	~FiberManHolder	bq::act::FiberManHolder<bd01::ActCoinLoss>	a	a	0		undefined ~FiberManHolder(FiberManHolder<bd01::ActCoinLoss> * this)
7100166e5c	32	IsProc	bq::act::FiberManHolder<bd01::ActCoinLoss>	a	a	0		uint IsProc(void)
7100166e7c	12	IsObject	bq::act::FiberManHolder<bd01::ActCoinLoss>	a	a	0		undefined IsObject(long param_1)
7100166e88	8	SetPauseLevel	bq::act::FiberManHolder<bd01::ActCoinLoss>	a	a	0		undefined SetPauseLevel(long param_1)
7100166e90	36	~__shared_ptr_pointer	std::__shared_ptr_pointer<bd01::ActCoinLoss*,std::shared_ptr<bd01::ActCoinLoss>::__shared_ptr_default_delete<bd01::ActCoinLoss,bd01::ActCoinLoss>,std::allocator<bd01::ActCoinLoss>>	a	a	0		undefined ~__shared_ptr_pointer(__shared_ptr_pointer<bd01::ActCoinLoss*,std::shared_ptr<bd01::ActCoinLoss>::__shared_ptr_default_delete<bd01::ActCoinLoss,bd01::ActCoinLoss>,std::allocator<bd01::ActCoinLoss>> * this)
7100166eb4	24	__on_zero_shared	std::__shared_ptr_pointer<bd01::ActCoinLoss*,std::shared_ptr<bd01::ActCoinLoss>::__shared_ptr_default_delete<bd01::ActCoinLoss,bd01::ActCoinLoss>,std::allocator<bd01::ActCoinLoss>>	a	a	0		undefined __on_zero_shared(__shared_ptr_pointer<bd01::ActCoinLoss*,std::shared_ptr<bd01::ActCoinLoss>::__shared_ptr_default_delete<bd01::ActCoinLoss,bd01::ActCoinLoss>,std::allocator<bd01::ActCoinLoss>> * this)
7100166ecc	4	__on_zero_shared_weak	std::__shared_ptr_pointer<bd01::ActCoinLoss*,std::shared_ptr<bd01::ActCoinLoss>::__shared_ptr_default_delete<bd01::ActCoinLoss,bd01::ActCoinLoss>,std::allocator<bd01::ActCoinLoss>>	a	a	0		undefined __on_zero_shared_weak(__shared_ptr_pointer<bd01::ActCoinLoss*,std::shared_ptr<bd01::ActCoinLoss>::__shared_ptr_default_delete<bd01::ActCoinLoss,bd01::ActCoinLoss>,std::allocator<bd01::ActCoinLoss>> * this)
7100166ed0	796	Dice	bd01::event::Dice	a	a	0		undefined Dice(Dice * this, uint * param_1, byte param_2)
71001672d0	352	~Dice	bd01::event::Dice	a	a	0		undefined ~Dice(Dice * this)
7100167430	8	~Dice	bd01::event::Dice	a	a	0		undefined ~Dice(Dice * this)
7100167438	36	~Dice	bd01::event::Dice	a	a	0		undefined ~Dice(Dice * this)
710016745c	40	~Dice	bd01::event::Dice	a	a	0		undefined ~Dice(Dice * this)
7100167490	1520	Update	bd01::event::Dice	a	a	0		undefined Update(Dice * this)
7100167a9c	192	RunInst	bd01::event::Dice	a	a	0		undefined RunInst(Dice * this)
7100167b60	1604	RunDice	bd01::event::Dice	a	a	0		undefined RunDice(Dice * this, ulong param_1, ulong param_2)
71001681d0	3896	RunResult	bd01::event::Dice	a	a	0		undefined RunResult(Dice * this)
7100169144	20	SendCancel	bd01::event::Dice	a	a	0		undefined4 SendCancel(Dice * this)
7100169158	64	SendThrow	bd01::event::Dice	a	a	0		Dice * SendThrow(Dice * this)
7100169198	60	SendDice	bd01::event::Dice	a	a	0		Dice * SendDice(Dice * this, undefined2 param_1)
71001691d4	352	RunBonus	bd01::event::Dice	a	a	0		undefined RunBonus(Dice * this, int param_1)
7100169350	88	OnReceiveMsg	bd01::event::Dice	a	a	0		undefined OnReceiveMsg(long param_1, short param_2, short * param_3)
71001693a8	88	OnReceiveMsg	bd01::event::Dice	a	a	0		undefined OnReceiveMsg(Dice * this, short param_1, short * param_2)
7100169400	692	InstDice	bd01::event::InstDice	a	a	0		undefined InstDice(InstDice * this, int * param_1)
7100169760	328	~InstDice	bd01::event::InstDice	a	a	0		undefined ~InstDice(InstDice * this)
71001698a8	8	~InstDice	bd01::event::InstDice	a	a	0		undefined ~InstDice(InstDice * this)
71001698b0	36	~InstDice	bd01::event::InstDice	a	a	0		undefined ~InstDice(InstDice * this)
71001698d4	40	~InstDice	bd01::event::InstDice	a	a	0		undefined ~InstDice(InstDice * this)
71001698fc	12	UpdateStart	bd01::event::InstDice	a	a	0		undefined UpdateStart(InstDice * this)
7100169910	848	Update	bd01::event::InstDice	a	a	0		undefined Update(InstDice * this)
7100169c84	52	SendThrow	bd01::event::InstDice	a	a	0		undefined4 SendThrow(InstDice * this)
7100169cb8	44	OnReceiveMsg	bd01::event::InstDice	a	a	0		undefined OnReceiveMsg(long param_1, undefined8 param_2, short * param_3)
7100169ce4	44	OnReceiveMsg	bd01::event::InstDice	a	a	0		undefined OnReceiveMsg(InstDice * this, undefined8 param_2_00, short * param_2)
7100169d10	708	EventDice	bd01::event::EventDice	a	a	0		undefined EventDice(EventDice * this, int * param_1, undefined4 param_2)
710016a080	328	~EventDice	bd01::event::EventDice	a	a	0		undefined ~EventDice(EventDice * this)
710016a1c8	8	~EventDice	bd01::event::EventDice	a	a	0		undefined ~EventDice(EventDice * this)
710016a1d0	36	~EventDice	bd01::event::EventDice	a	a	0		undefined ~EventDice(EventDice * this)
710016a1f4	40	~EventDice	bd01::event::EventDice	a	a	0		undefined ~EventDice(EventDice * this)
710016a220	744	Update	bd01::event::EventDice	a	a	0		undefined Update(EventDice * this)
710016a530	52	SendThrow	bd01::event::EventDice	a	a	0		undefined4 SendThrow(EventDice * this)
710016a564	44	OnReceiveMsg	bd01::event::EventDice	a	a	0		undefined OnReceiveMsg(long param_1, undefined8 param_2, short * param_3)
710016a590	44	OnReceiveMsg	bd01::event::EventDice	a	a	0		undefined OnReceiveMsg(EventDice * this, undefined8 param_2_00, short * param_2)
710016a5bc	12	NetName	bd01::event::Dice	a	a	0		char * NetName(void)
710016a5c8	12	NetName	bd01::event::Dice	a	a	0		char * NetName(void)
710016a5d4	12	NetName	bd01::event::InstDice	a	a	0		char * NetName(void)
710016a5e0	12	NetName	bd01::event::InstDice	a	a	0		char * NetName(void)
710016a5ec	12	NetName	bd01::event::EventDice	a	a	0		char * NetName(void)
710016a5f8	12	NetName	bd01::event::EventDice	a	a	0		char * NetName(void)
710016a604	144	FUN_710016a604		d	a	0		undefined FUN_710016a604(Fiber * param_1)
710016a694	152	FUN_710016a694		d	a	0		undefined FUN_710016a694(Fiber * param_1)
710016a894	356	FUN_710016a894		d	a	0		undefined FUN_710016a894(long * param_1, long * param_2)
710016af78	4	FUN_710016af78		d	a	0		undefined FUN_710016af78(void)
710016af7c	4	operator.delete	<EXTERNAL>	d	a	1		void operator.delete(void * param_1)
710016af90	36	FUN_710016af90		d	a	0		undefined FUN_710016af90(__shared_weak_count * param_1)
710016afd0	96	FUN_710016afd0		d	a	0		undefined FUN_710016afd0(long param_1)
710016b09c	32	FUN_710016b09c		d	a	0		uint FUN_710016b09c(void)
710016b110	292	AddFiber<bd01::event::Map04_ActBindSupportCharaKart>	bq::act::Man	a	a	0		weak_ptr AddFiber<bd01::event::Map04_ActBindSupportCharaKart>(long * param_1_00, long * param_2, long param_3)
710016b278	36	~__shared_ptr_pointer	std::__shared_ptr_pointer<bq::act::FiberManHolder<bd01::event::Map04_ActBindSupportCharaKart>*,std::shared_ptr<bq::act::Base>::__shared_ptr_default_delete<bq::act::Base,bq::act::FiberManHolder<bd01::event::Map04_ActBindSupportCharaKart>>,std::allocator<bq::act::FiberManHolder<bd01::event::Map04_ActBindSupportCharaKart>>>	a	a	0		undefined ~__shared_ptr_pointer(__shared_ptr_pointer<bq::act::FiberManHolder<bd01::event::Map04_ActBindSupportCharaKart>*,std::shared_ptr<bq::act::Base>::__shared_ptr_default_delete<bq::act::Base,bq::act::FiberManHolder<bd01::event::Map04_ActBindSupportCharaKart>>,std::allocator<bq::act::FiberManHolder<bd01::event::Map04_ActBindSupportCharaKart>>> * this)
710016b29c	24	__on_zero_shared	std::__shared_ptr_pointer<bq::act::FiberManHolder<bd01::event::Map04_ActBindSupportCharaKart>*,std::shared_ptr<bq::act::Base>::__shared_ptr_default_delete<bq::act::Base,bq::act::FiberManHolder<bd01::event::Map04_ActBindSupportCharaKart>>,std::allocator<bq::act::FiberManHolder<bd01::event::Map04_ActBindSupportCharaKart>>>	a	a	0		undefined __on_zero_shared(__shared_ptr_pointer<bq::act::FiberManHolder<bd01::event::Map04_ActBindSupportCharaKart>*,std::shared_ptr<bq::act::Base>::__shared_ptr_default_delete<bq::act::Base,bq::act::FiberManHolder<bd01::event::Map04_ActBindSupportCharaKart>>,std::allocator<bq::act::FiberManHolder<bd01::event::Map04_ActBindSupportCharaKart>>> * this)
710016b2b4	4	__on_zero_shared_weak	std::__shared_ptr_pointer<bq::act::FiberManHolder<bd01::event::Map04_ActBindSupportCharaKart>*,std::shared_ptr<bq::act::Base>::__shared_ptr_default_delete<bq::act::Base,bq::act::FiberManHolder<bd01::event::Map04_ActBindSupportCharaKart>>,std::allocator<bq::act::FiberManHolder<bd01::event::Map04_ActBindSupportCharaKart>>>	a	a	0		undefined __on_zero_shared_weak(__shared_ptr_pointer<bq::act::FiberManHolder<bd01::event::Map04_ActBindSupportCharaKart>*,std::shared_ptr<bq::act::Base>::__shared_ptr_default_delete<bq::act::Base,bq::act::FiberManHolder<bd01::event::Map04_ActBindSupportCharaKart>>,std::allocator<bq::act::FiberManHolder<bd01::event::Map04_ActBindSupportCharaKart>>> * this)
710016b2c0	96	~FiberManHolder	bq::act::FiberManHolder<bd01::event::Map04_ActBindSupportCharaKart>	a	a	0		undefined ~FiberManHolder(FiberManHolder<bd01::event::Map04_ActBindSupportCharaKart> * this)
710016b320	108	~FiberManHolder	bq::act::FiberManHolder<bd01::event::Map04_ActBindSupportCharaKart>	a	a	0		undefined ~FiberManHolder(FiberManHolder<bd01::event::Map04_ActBindSupportCharaKart> * this)
710016b38c	32	IsProc	bq::act::FiberManHolder<bd01::event::Map04_ActBindSupportCharaKart>	a	a	0		uint IsProc(void)
710016b3ac	12	IsObject	bq::act::FiberManHolder<bd01::event::Map04_ActBindSupportCharaKart>	a	a	0		undefined IsObject(long param_1)
710016b3b8	8	SetPauseLevel	bq::act::FiberManHolder<bd01::event::Map04_ActBindSupportCharaKart>	a	a	0		undefined SetPauseLevel(long param_1)
710016b3c0	36	~__shared_ptr_pointer	std::__shared_ptr_pointer<bd01::event::Map04_ActBindSupportCharaKart*,std::shared_ptr<bd01::event::Map04_ActBindSupportCharaKart>::__shared_ptr_default_delete<bd01::event::Map04_ActBindSupportCharaKart,bd01::event::Map04_ActBindSupportCharaKart>,std::allocator<bd01::event::Map04_ActBindSupportCharaKart>>	a	a	0		undefined ~__shared_ptr_pointer(__shared_ptr_pointer<bd01::event::Map04_ActBindSupportCharaKart*,std::shared_ptr<bd01::event::Map04_ActBindSupportCharaKart>::__shared_ptr_default_delete<bd01::event::Map04_ActBindSupportCharaKart,bd01::event::Map04_ActBindSupportCharaKart>,std::allocator<bd01::event::Map04_ActBindSupportCharaKart>> * this)
710016b3e4	24	__on_zero_shared	std::__shared_ptr_pointer<bd01::event::Map04_ActBindSupportCharaKart*,std::shared_ptr<bd01::event::Map04_ActBindSupportCharaKart>::__shared_ptr_default_delete<bd01::event::Map04_ActBindSupportCharaKart,bd01::event::Map04_ActBindSupportCharaKart>,std::allocator<bd01::event::Map04_ActBindSupportCharaKart>>	a	a	0		undefined __on_zero_shared(__shared_ptr_pointer<bd01::event::Map04_ActBindSupportCharaKart*,std::shared_ptr<bd01::event::Map04_ActBindSupportCharaKart>::__shared_ptr_default_delete<bd01::event::Map04_ActBindSupportCharaKart,bd01::event::Map04_ActBindSupportCharaKart>,std::allocator<bd01::event::Map04_ActBindSupportCharaKart>> * this)
710016b3fc	4	__on_zero_shared_weak	std::__shared_ptr_pointer<bd01::event::Map04_ActBindSupportCharaKart*,std::shared_ptr<bd01::event::Map04_ActBindSupportCharaKart>::__shared_ptr_default_delete<bd01::event::Map04_ActBindSupportCharaKart,bd01::event::Map04_ActBindSupportCharaKart>,std::allocator<bd01::event::Map04_ActBindSupportCharaKart>>	a	a	0		undefined __on_zero_shared_weak(__shared_ptr_pointer<bd01::event::Map04_ActBindSupportCharaKart*,std::shared_ptr<bd01::event::Map04_ActBindSupportCharaKart>::__shared_ptr_default_delete<bd01::event::Map04_ActBindSupportCharaKart,bd01::event::Map04_ActBindSupportCharaKart>,std::allocator<bd01::event::Map04_ActBindSupportCharaKart>> * this)
710016b404	52	FUN_710016b404		d	a	0		undefined FUN_710016b404(long param_1)
710016b450	4	FUN_710016b450		d	a	0		undefined FUN_710016b450(void)
710016b454	4	operator.delete	<EXTERNAL>	d	a	1		void operator.delete(void * param_1)
710016b468	36	FUN_710016b468		d	a	0		undefined FUN_710016b468(__shared_weak_count * param_1)
710016b4b0	96	FUN_710016b4b0		d	a	0		undefined FUN_710016b4b0(long param_1)
710016b510	108	FUN_710016b510		d	a	0		undefined FUN_710016b510(void * param_1)
710016b57c	32	FUN_710016b57c		d	a	0		uint FUN_710016b57c(void)
710016b5b0	36	FUN_710016b5b0		d	a	0		undefined FUN_710016b5b0(__shared_weak_count * param_1)
710016b5f4	52	FUN_710016b5f4		d	a	0		undefined FUN_710016b5f4(long param_1)
710016b640	4	FUN_710016b640		d	a	0		undefined FUN_710016b640(void)
710016b644	4	operator.delete	<EXTERNAL>	d	a	1		void operator.delete(void * param_1)
710016b658	36	FUN_710016b658		d	a	0		undefined FUN_710016b658(__shared_weak_count * param_1)
710016b6a0	96	FUN_710016b6a0		d	a	0		undefined FUN_710016b6a0(long param_1)
710016b700	108	FUN_710016b700		d	a	0		undefined FUN_710016b700(void * param_1)
710016b76c	32	FUN_710016b76c		d	a	0		uint FUN_710016b76c(void)
710016b7a0	36	FUN_710016b7a0		d	a	0		undefined FUN_710016b7a0(__shared_weak_count * param_1)
710016b7e0	64	DuelBase	bd01::event::DuelBase	a	a	0		undefined DuelBase(DuelBase * this)
710016b820	1384	Setup	bd01::event::DuelBase	a	a	0		undefined Setup(DuelBase * this)
710016bdec	56	Cleanup	bd01::event::DuelBase	a	a	0		undefined Cleanup(DuelBase * this)
710016be24	232	MessageAnim	bd01::event::DuelBase	a	a	0		undefined MessageAnim(DuelBase * this, uint * param_1, byte * param_2, int param_3, int param_4)
710016bf0c	244	MessageAnim	bd01::event::DuelBase	a	a	0		undefined MessageAnim(DuelBase * this, vector<bex::PlayerID,bex::HeapModule::Allocator_vector<bex::PlayerID>> * param_1, byte * param_2, int param_3, int param_4)
710016c000	180	CoinDuel	bd01::event::CoinDuel	a	a	0		undefined CoinDuel(CoinDuel * this, undefined4 * param_1, undefined4 * param_2, byte param_3, undefined4 param_4)
710016c0e0	6720	Update	bd01::event::CoinDuel	a	a	0		undefined Update(undefined1[16] param_1, undefined1[16] param_2, undefined1[16] param_3, undefined1[16] param_4, CoinDuel * this)
710016db50	256	Setup	bd01::event::CoinDuel	a	a	0		undefined Setup(CoinDuel * this)
710016dc50	1236	RunResult	bd01::event::CoinDuel	a	a	0		undefined RunResult(CoinDuel * this)
710016e158	952	RunMg	bd01::event::CoinDuel	a	a	0		undefined RunMg(CoinDuel * this)
710016e538	56	SendBet	bd01::event::CoinDuel	a	a	0		undefined4 SendBet(CoinDuel * this, undefined2 param_1)
710016e570	40	OnReceiveMsg	bd01::event::CoinDuel	a	a	0		undefined OnReceiveMsg(long param_1, undefined8 param_2, short * param_3)
710016e598	40	OnReceiveMsg	bd01::event::CoinDuel	a	a	0		undefined OnReceiveMsg(CoinDuel * this, undefined8 param_2_00, short * param_2)
710016e5c0	152	CoinDuelResult	bd01::event::CoinDuelResult	a	a	0		undefined CoinDuelResult(CoinDuelResult * this, CoinDuelResult param_2)
710016e670	680	Setup	bd01::event::CoinDuelResult	a	a	0		undefined Setup(CoinDuelResult * this)
710016e918	96	Cleanup	bd01::event::CoinDuelResult	a	a	0		undefined Cleanup(long param_1)
710016e980	7208	Update	bd01::event::CoinDuelResult	a	a	0		undefined Update(undefined1[16] param_1, undefined1[16] param_2, undefined1[16] param_3, undefined1[16] param_4, CoinDuelResult * this)
7100170610	2204	RunMgResult	bd01::event::CoinDuelResult	a	a	0		undefined RunMgResult(CoinDuelResult * this)
7100170f04	108	StarDuel	bd01::event::StarDuel	a	a	0		undefined StarDuel(StarDuel * this, undefined4 * param_2, undefined4 * param_3, StarDuel param_4)
7100170f70	6028	Update	bd01::event::StarDuel	a	a	0		undefined Update(undefined1[16] param_1, undefined1[16] param_2, undefined1[16] param_3, undefined1[16] param_4, StarDuel * this)
710017272c	4200	CollectStar	bd01::event::StarDuel	a	a	0		undefined CollectStar(StarDuel * this, int param_1, Player * param_2, ulong param_3)
71001737b0	156	StarDuelResult	bd01::event::StarDuelResult	a	a	0		undefined StarDuelResult(StarDuelResult * this, StarDuelResult param_2)
71001738d0	11092	Update	bd01::event::StarDuelResult	a	a	0		undefined Update(undefined1[16] param_1, undefined1[16] param_2, undefined1[16] param_3, undefined1[16] param_4, StarDuelResult * this)
7100176480	144	~DuelBase	bd01::event::DuelBase	a	a	0		undefined ~DuelBase(DuelBase * this)
7100176510	152	~DuelBase	bd01::event::DuelBase	a	a	0		undefined ~DuelBase(DuelBase * this)
71001765a8	188	~CoinDuel	bd01::event::CoinDuel	a	a	0		undefined ~CoinDuel(CoinDuel * this)
7100176664	36	~CoinDuel	bd01::event::CoinDuel	a	a	0		undefined ~CoinDuel(CoinDuel * this)
7100176688	12	NetName	bd01::event::CoinDuel	a	a	0		char * NetName(void)
7100176694	8	~CoinDuel	bd01::event::CoinDuel	a	a	0		undefined ~CoinDuel(CoinDuel * this)
710017669c	40	~CoinDuel	bd01::event::CoinDuel	a	a	0		undefined ~CoinDuel(CoinDuel * this)
71001766c4	12	NetName	bd01::event::CoinDuel	a	a	0		char * NetName(void)
71001766d0	152	~CoinDuelResult	bd01::event::CoinDuelResult	a	a	0		undefined ~CoinDuelResult(CoinDuelResult * this)
7100176768	208	~StarDuel	bd01::event::StarDuel	a	a	0		undefined ~StarDuel(StarDuel * this)
7100176838	36	~StarDuel	bd01::event::StarDuel	a	a	0		undefined ~StarDuel(StarDuel * this)
710017685c	224	~StarDuelResult	bd01::event::StarDuelResult	a	a	0		undefined ~StarDuelResult(StarDuelResult * this)
710017693c	36	~StarDuelResult	bd01::event::StarDuelResult	a	a	0		undefined ~StarDuelResult(StarDuelResult * this)
7100176960	292	AddFiber<bd01::event::CoinLose>	bq::act::Man	a	a	0		weak_ptr AddFiber<bd01::event::CoinLose>(long * param_1_00, long * param_2, long param_3)
7100176ac8	36	~__shared_ptr_pointer	std::__shared_ptr_pointer<bq::act::FiberManHolder<bd01::event::CoinLose>*,std::shared_ptr<bq::act::Base>::__shared_ptr_default_delete<bq::act::Base,bq::act::FiberManHolder<bd01::event::CoinLose>>,std::allocator<bq::act::FiberManHolder<bd01::event::CoinLose>>>	a	a	0		undefined ~__shared_ptr_pointer(__shared_ptr_pointer<bq::act::FiberManHolder<bd01::event::CoinLose>*,std::shared_ptr<bq::act::Base>::__shared_ptr_default_delete<bq::act::Base,bq::act::FiberManHolder<bd01::event::CoinLose>>,std::allocator<bq::act::FiberManHolder<bd01::event::CoinLose>>> * this)
7100176aec	24	__on_zero_shared	std::__shared_ptr_pointer<bq::act::FiberManHolder<bd01::event::CoinLose>*,std::shared_ptr<bq::act::Base>::__shared_ptr_default_delete<bq::act::Base,bq::act::FiberManHolder<bd01::event::CoinLose>>,std::allocator<bq::act::FiberManHolder<bd01::event::CoinLose>>>	a	a	0		undefined __on_zero_shared(__shared_ptr_pointer<bq::act::FiberManHolder<bd01::event::CoinLose>*,std::shared_ptr<bq::act::Base>::__shared_ptr_default_delete<bq::act::Base,bq::act::FiberManHolder<bd01::event::CoinLose>>,std::allocator<bq::act::FiberManHolder<bd01::event::CoinLose>>> * this)
7100176b04	4	__on_zero_shared_weak	std::__shared_ptr_pointer<bq::act::FiberManHolder<bd01::event::CoinLose>*,std::shared_ptr<bq::act::Base>::__shared_ptr_default_delete<bq::act::Base,bq::act::FiberManHolder<bd01::event::CoinLose>>,std::allocator<bq::act::FiberManHolder<bd01::event::CoinLose>>>	a	a	0		undefined __on_zero_shared_weak(__shared_ptr_pointer<bq::act::FiberManHolder<bd01::event::CoinLose>*,std::shared_ptr<bq::act::Base>::__shared_ptr_default_delete<bq::act::Base,bq::act::FiberManHolder<bd01::event::CoinLose>>,std::allocator<bq::act::FiberManHolder<bd01::event::CoinLose>>> * this)
7100176b10	96	~FiberManHolder	bq::act::FiberManHolder<bd01::event::CoinLose>	a	a	0		undefined ~FiberManHolder(FiberManHolder<bd01::event::CoinLose> * this)
7100176b70	108	~FiberManHolder	bq::act::FiberManHolder<bd01::event::CoinLose>	a	a	0		undefined ~FiberManHolder(FiberManHolder<bd01::event::CoinLose> * this)
7100176bdc	32	IsProc	bq::act::FiberManHolder<bd01::event::CoinLose>	a	a	0		uint IsProc(void)
7100176bfc	12	IsObject	bq::act::FiberManHolder<bd01::event::CoinLose>	a	a	0		undefined IsObject(long param_1)
7100176c08	8	SetPauseLevel	bq::act::FiberManHolder<bd01::event::CoinLose>	a	a	0		undefined SetPauseLevel(long param_1)
7100176c10	36	~__shared_ptr_pointer	std::__shared_ptr_pointer<bd01::event::CoinLose*,std::shared_ptr<bd01::event::CoinLose>::__shared_ptr_default_delete<bd01::event::CoinLose,bd01::event::CoinLose>,std::allocator<bd01::event::CoinLose>>	a	a	0		undefined ~__shared_ptr_pointer(__shared_ptr_pointer<bd01::event::CoinLose*,std::shared_ptr<bd01::event::CoinLose>::__shared_ptr_default_delete<bd01::event::CoinLose,bd01::event::CoinLose>,std::allocator<bd01::event::CoinLose>> * this)
7100176c34	24	__on_zero_shared	std::__shared_ptr_pointer<bd01::event::CoinLose*,std::shared_ptr<bd01::event::CoinLose>::__shared_ptr_default_delete<bd01::event::CoinLose,bd01::event::CoinLose>,std::allocator<bd01::event::CoinLose>>	a	a	0		undefined __on_zero_shared(__shared_ptr_pointer<bd01::event::CoinLose*,std::shared_ptr<bd01::event::CoinLose>::__shared_ptr_default_delete<bd01::event::CoinLose,bd01::event::CoinLose>,std::allocator<bd01::event::CoinLose>> * this)
7100176c4c	4	__on_zero_shared_weak	std::__shared_ptr_pointer<bd01::event::CoinLose*,std::shared_ptr<bd01::event::CoinLose>::__shared_ptr_default_delete<bd01::event::CoinLose,bd01::event::CoinLose>,std::allocator<bd01::event::CoinLose>>	a	a	0		undefined __on_zero_shared_weak(__shared_ptr_pointer<bd01::event::CoinLose*,std::shared_ptr<bd01::event::CoinLose>::__shared_ptr_default_delete<bd01::event::CoinLose,bd01::event::CoinLose>,std::allocator<bd01::event::CoinLose>> * this)
7100176c50	292	AddFiber<bd01::event::DuelItemMgCall>	bq::act::Man	a	a	0		weak_ptr AddFiber<bd01::event::DuelItemMgCall>(long * param_1_00, long * param_2, long param_3)
7100176db8	36	~__shared_ptr_pointer	std::__shared_ptr_pointer<bq::act::FiberManHolder<bd01::event::DuelItemMgCall>*,std::shared_ptr<bq::act::Base>::__shared_ptr_default_delete<bq::act::Base,bq::act::FiberManHolder<bd01::event::DuelItemMgCall>>,std::allocator<bq::act::FiberManHolder<bd01::event::DuelItemMgCall>>>	a	a	0		undefined ~__shared_ptr_pointer(__shared_ptr_pointer<bq::act::FiberManHolder<bd01::event::DuelItemMgCall>*,std::shared_ptr<bq::act::Base>::__shared_ptr_default_delete<bq::act::Base,bq::act::FiberManHolder<bd01::event::DuelItemMgCall>>,std::allocator<bq::act::FiberManHolder<bd01::event::DuelItemMgCall>>> * this)
7100176ddc	24	__on_zero_shared	std::__shared_ptr_pointer<bq::act::FiberManHolder<bd01::event::DuelItemMgCall>*,std::shared_ptr<bq::act::Base>::__shared_ptr_default_delete<bq::act::Base,bq::act::FiberManHolder<bd01::event::DuelItemMgCall>>,std::allocator<bq::act::FiberManHolder<bd01::event::DuelItemMgCall>>>	a	a	0		undefined __on_zero_shared(__shared_ptr_pointer<bq::act::FiberManHolder<bd01::event::DuelItemMgCall>*,std::shared_ptr<bq::act::Base>::__shared_ptr_default_delete<bq::act::Base,bq::act::FiberManHolder<bd01::event::DuelItemMgCall>>,std::allocator<bq::act::FiberManHolder<bd01::event::DuelItemMgCall>>> * this)
7100176df4	4	__on_zero_shared_weak	std::__shared_ptr_pointer<bq::act::FiberManHolder<bd01::event::DuelItemMgCall>*,std::shared_ptr<bq::act::Base>::__shared_ptr_default_delete<bq::act::Base,bq::act::FiberManHolder<bd01::event::DuelItemMgCall>>,std::allocator<bq::act::FiberManHolder<bd01::event::DuelItemMgCall>>>	a	a	0		undefined __on_zero_shared_weak(__shared_ptr_pointer<bq::act::FiberManHolder<bd01::event::DuelItemMgCall>*,std::shared_ptr<bq::act::Base>::__shared_ptr_default_delete<bq::act::Base,bq::act::FiberManHolder<bd01::event::DuelItemMgCall>>,std::allocator<bq::act::FiberManHolder<bd01::event::DuelItemMgCall>>> * this)
7100176e00	96	~FiberManHolder	bq::act::FiberManHolder<bd01::event::DuelItemMgCall>	a	a	0		undefined ~FiberManHolder(FiberManHolder<bd01::event::DuelItemMgCall> * this)
7100176e60	108	~FiberManHolder	bq::act::FiberManHolder<bd01::event::DuelItemMgCall>	a	a	0		undefined ~FiberManHolder(FiberManHolder<bd01::event::DuelItemMgCall> * this)
7100176ecc	32	IsProc	bq::act::FiberManHolder<bd01::event::DuelItemMgCall>	a	a	0		uint IsProc(void)
7100176eec	12	IsObject	bq::act::FiberManHolder<bd01::event::DuelItemMgCall>	a	a	0		undefined IsObject(long param_1)
7100176ef8	8	SetPauseLevel	bq::act::FiberManHolder<bd01::event::DuelItemMgCall>	a	a	0		undefined SetPauseLevel(long param_1)
7100176f00	36	~__shared_ptr_pointer	std::__shared_ptr_pointer<bd01::event::DuelItemMgCall*,std::shared_ptr<bd01::event::DuelItemMgCall>::__shared_ptr_default_delete<bd01::event::DuelItemMgCall,bd01::event::DuelItemMgCall>,std::allocator<bd01::event::DuelItemMgCall>>	a	a	0		undefined ~__shared_ptr_pointer(__shared_ptr_pointer<bd01::event::DuelItemMgCall*,std::shared_ptr<bd01::event::DuelItemMgCall>::__shared_ptr_default_delete<bd01::event::DuelItemMgCall,bd01::event::DuelItemMgCall>,std::allocator<bd01::event::DuelItemMgCall>> * this)
7100176f24	24	__on_zero_shared	std::__shared_ptr_pointer<bd01::event::DuelItemMgCall*,std::shared_ptr<bd01::event::DuelItemMgCall>::__shared_ptr_default_delete<bd01::event::DuelItemMgCall,bd01::event::DuelItemMgCall>,std::allocator<bd01::event::DuelItemMgCall>>	a	a	0		undefined __on_zero_shared(__shared_ptr_pointer<bd01::event::DuelItemMgCall*,std::shared_ptr<bd01::event::DuelItemMgCall>::__shared_ptr_default_delete<bd01::event::DuelItemMgCall,bd01::event::DuelItemMgCall>,std::allocator<bd01::event::DuelItemMgCall>> * this)
7100176f3c	4	__on_zero_shared_weak	std::__shared_ptr_pointer<bd01::event::DuelItemMgCall*,std::shared_ptr<bd01::event::DuelItemMgCall>::__shared_ptr_default_delete<bd01::event::DuelItemMgCall,bd01::event::DuelItemMgCall>,std::allocator<bd01::event::DuelItemMgCall>>	a	a	0		undefined __on_zero_shared_weak(__shared_ptr_pointer<bd01::event::DuelItemMgCall*,std::shared_ptr<bd01::event::DuelItemMgCall>::__shared_ptr_default_delete<bd01::event::DuelItemMgCall,bd01::event::DuelItemMgCall>,std::allocator<bd01::event::DuelItemMgCall>> * this)
7100176f40	292	AddFiber<bd01::event::DuelMgCall>	bq::act::Man	a	a	0		weak_ptr AddFiber<bd01::event::DuelMgCall>(long * param_1_00, long * param_2, long param_3)
71001770a8	36	~__shared_ptr_pointer	std::__shared_ptr_pointer<bq::act::FiberManHolder<bd01::event::DuelMgCall>*,std::shared_ptr<bq::act::Base>::__shared_ptr_default_delete<bq::act::Base,bq::act::FiberManHolder<bd01::event::DuelMgCall>>,std::allocator<bq::act::FiberManHolder<bd01::event::DuelMgCall>>>	a	a	0		undefined ~__shared_ptr_pointer(__shared_ptr_pointer<bq::act::FiberManHolder<bd01::event::DuelMgCall>*,std::shared_ptr<bq::act::Base>::__shared_ptr_default_delete<bq::act::Base,bq::act::FiberManHolder<bd01::event::DuelMgCall>>,std::allocator<bq::act::FiberManHolder<bd01::event::DuelMgCall>>> * this)
71001770cc	24	__on_zero_shared	std::__shared_ptr_pointer<bq::act::FiberManHolder<bd01::event::DuelMgCall>*,std::shared_ptr<bq::act::Base>::__shared_ptr_default_delete<bq::act::Base,bq::act::FiberManHolder<bd01::event::DuelMgCall>>,std::allocator<bq::act::FiberManHolder<bd01::event::DuelMgCall>>>	a	a	0		undefined __on_zero_shared(__shared_ptr_pointer<bq::act::FiberManHolder<bd01::event::DuelMgCall>*,std::shared_ptr<bq::act::Base>::__shared_ptr_default_delete<bq::act::Base,bq::act::FiberManHolder<bd01::event::DuelMgCall>>,std::allocator<bq::act::FiberManHolder<bd01::event::DuelMgCall>>> * this)
71001770e4	4	__on_zero_shared_weak	std::__shared_ptr_pointer<bq::act::FiberManHolder<bd01::event::DuelMgCall>*,std::shared_ptr<bq::act::Base>::__shared_ptr_default_delete<bq::act::Base,bq::act::FiberManHolder<bd01::event::DuelMgCall>>,std::allocator<bq::act::FiberManHolder<bd01::event::DuelMgCall>>>	a	a	0		undefined __on_zero_shared_weak(__shared_ptr_pointer<bq::act::FiberManHolder<bd01::event::DuelMgCall>*,std::shared_ptr<bq::act::Base>::__shared_ptr_default_delete<bq::act::Base,bq::act::FiberManHolder<bd01::event::DuelMgCall>>,std::allocator<bq::act::FiberManHolder<bd01::event::DuelMgCall>>> * this)
71001770f0	96	~FiberManHolder	bq::act::FiberManHolder<bd01::event::DuelMgCall>	a	a	0		undefined ~FiberManHolder(FiberManHolder<bd01::event::DuelMgCall> * this)
7100177150	108	~FiberManHolder	bq::act::FiberManHolder<bd01::event::DuelMgCall>	a	a	0		undefined ~FiberManHolder(FiberManHolder<bd01::event::DuelMgCall> * this)
71001771bc	32	IsProc	bq::act::FiberManHolder<bd01::event::DuelMgCall>	a	a	0		uint IsProc(void)
71001771dc	12	IsObject	bq::act::FiberManHolder<bd01::event::DuelMgCall>	a	a	0		undefined IsObject(long param_1)
71001771e8	8	SetPauseLevel	bq::act::FiberManHolder<bd01::event::DuelMgCall>	a	a	0		undefined SetPauseLevel(long param_1)
71001771f0	36	~__shared_ptr_pointer	std::__shared_ptr_pointer<bd01::event::DuelMgCall*,std::shared_ptr<bd01::event::DuelMgCall>::__shared_ptr_default_delete<bd01::event::DuelMgCall,bd01::event::DuelMgCall>,std::allocator<bd01::event::DuelMgCall>>	a	a	0		undefined ~__shared_ptr_pointer(__shared_ptr_pointer<bd01::event::DuelMgCall*,std::shared_ptr<bd01::event::DuelMgCall>::__shared_ptr_default_delete<bd01::event::DuelMgCall,bd01::event::DuelMgCall>,std::allocator<bd01::event::DuelMgCall>> * this)
7100177214	24	__on_zero_shared	std::__shared_ptr_pointer<bd01::event::DuelMgCall*,std::shared_ptr<bd01::event::DuelMgCall>::__shared_ptr_default_delete<bd01::event::DuelMgCall,bd01::event::DuelMgCall>,std::allocator<bd01::event::DuelMgCall>>	a	a	0		undefined __on_zero_shared(__shared_ptr_pointer<bd01::event::DuelMgCall*,std::shared_ptr<bd01::event::DuelMgCall>::__shared_ptr_default_delete<bd01::event::DuelMgCall,bd01::event::DuelMgCall>,std::allocator<bd01::event::DuelMgCall>> * this)
710017722c	4	__on_zero_shared_weak	std::__shared_ptr_pointer<bd01::event::DuelMgCall*,std::shared_ptr<bd01::event::DuelMgCall>::__shared_ptr_default_delete<bd01::event::DuelMgCall,bd01::event::DuelMgCall>,std::allocator<bd01::event::DuelMgCall>>	a	a	0		undefined __on_zero_shared_weak(__shared_ptr_pointer<bd01::event::DuelMgCall*,std::shared_ptr<bd01::event::DuelMgCall>::__shared_ptr_default_delete<bd01::event::DuelMgCall,bd01::event::DuelMgCall>,std::allocator<bd01::event::DuelMgCall>> * this)
7100177230	292	AddFiber<bd01::event::DuelItemMgResult>	bq::act::Man	a	a	0		weak_ptr AddFiber<bd01::event::DuelItemMgResult>(long * param_1_00, long * param_2, long param_3)
7100177398	36	~__shared_ptr_pointer	std::__shared_ptr_pointer<bq::act::FiberManHolder<bd01::event::DuelItemMgResult>*,std::shared_ptr<bq::act::Base>::__shared_ptr_default_delete<bq::act::Base,bq::act::FiberManHolder<bd01::event::DuelItemMgResult>>,std::allocator<bq::act::FiberManHolder<bd01::event::DuelItemMgResult>>>	a	a	0		undefined ~__shared_ptr_pointer(__shared_ptr_pointer<bq::act::FiberManHolder<bd01::event::DuelItemMgResult>*,std::shared_ptr<bq::act::Base>::__shared_ptr_default_delete<bq::act::Base,bq::act::FiberManHolder<bd01::event::DuelItemMgResult>>,std::allocator<bq::act::FiberManHolder<bd01::event::DuelItemMgResult>>> * this)
71001773bc	24	__on_zero_shared	std::__shared_ptr_pointer<bq::act::FiberManHolder<bd01::event::DuelItemMgResult>*,std::shared_ptr<bq::act::Base>::__shared_ptr_default_delete<bq::act::Base,bq::act::FiberManHolder<bd01::event::DuelItemMgResult>>,std::allocator<bq::act::FiberManHolder<bd01::event::DuelItemMgResult>>>	a	a	0		undefined __on_zero_shared(__shared_ptr_pointer<bq::act::FiberManHolder<bd01::event::DuelItemMgResult>*,std::shared_ptr<bq::act::Base>::__shared_ptr_default_delete<bq::act::Base,bq::act::FiberManHolder<bd01::event::DuelItemMgResult>>,std::allocator<bq::act::FiberManHolder<bd01::event::DuelItemMgResult>>> * this)
71001773d4	4	__on_zero_shared_weak	std::__shared_ptr_pointer<bq::act::FiberManHolder<bd01::event::DuelItemMgResult>*,std::shared_ptr<bq::act::Base>::__shared_ptr_default_delete<bq::act::Base,bq::act::FiberManHolder<bd01::event::DuelItemMgResult>>,std::allocator<bq::act::FiberManHolder<bd01::event::DuelItemMgResult>>>	a	a	0		undefined __on_zero_shared_weak(__shared_ptr_pointer<bq::act::FiberManHolder<bd01::event::DuelItemMgResult>*,std::shared_ptr<bq::act::Base>::__shared_ptr_default_delete<bq::act::Base,bq::act::FiberManHolder<bd01::event::DuelItemMgResult>>,std::allocator<bq::act::FiberManHolder<bd01::event::DuelItemMgResult>>> * this)
71001773e0	96	~FiberManHolder	bq::act::FiberManHolder<bd01::event::DuelItemMgResult>	a	a	0		undefined ~FiberManHolder(FiberManHolder<bd01::event::DuelItemMgResult> * this)
7100177440	108	~FiberManHolder	bq::act::FiberManHolder<bd01::event::DuelItemMgResult>	a	a	0		undefined ~FiberManHolder(FiberManHolder<bd01::event::DuelItemMgResult> * this)
71001774ac	32	IsProc	bq::act::FiberManHolder<bd01::event::DuelItemMgResult>	a	a	0		uint IsProc(void)
71001774cc	12	IsObject	bq::act::FiberManHolder<bd01::event::DuelItemMgResult>	a	a	0		undefined IsObject(long param_1)
71001774d8	8	SetPauseLevel	bq::act::FiberManHolder<bd01::event::DuelItemMgResult>	a	a	0		undefined SetPauseLevel(long param_1)
71001774e0	36	~__shared_ptr_pointer	std::__shared_ptr_pointer<bd01::event::DuelItemMgResult*,std::shared_ptr<bd01::event::DuelItemMgResult>::__shared_ptr_default_delete<bd01::event::DuelItemMgResult,bd01::event::DuelItemMgResult>,std::allocator<bd01::event::DuelItemMgResult>>	a	a	0		undefined ~__shared_ptr_pointer(__shared_ptr_pointer<bd01::event::DuelItemMgResult*,std::shared_ptr<bd01::event::DuelItemMgResult>::__shared_ptr_default_delete<bd01::event::DuelItemMgResult,bd01::event::DuelItemMgResult>,std::allocator<bd01::event::DuelItemMgResult>> * this)
7100177504	24	__on_zero_shared	std::__shared_ptr_pointer<bd01::event::DuelItemMgResult*,std::shared_ptr<bd01::event::DuelItemMgResult>::__shared_ptr_default_delete<bd01::event::DuelItemMgResult,bd01::event::DuelItemMgResult>,std::allocator<bd01::event::DuelItemMgResult>>	a	a	0		undefined __on_zero_shared(__shared_ptr_pointer<bd01::event::DuelItemMgResult*,std::shared_ptr<bd01::event::DuelItemMgResult>::__shared_ptr_default_delete<bd01::event::DuelItemMgResult,bd01::event::DuelItemMgResult>,std::allocator<bd01::event::DuelItemMgResult>> * this)
710017751c	4	__on_zero_shared_weak	std::__shared_ptr_pointer<bd01::event::DuelItemMgResult*,std::shared_ptr<bd01::event::DuelItemMgResult>::__shared_ptr_default_delete<bd01::event::DuelItemMgResult,bd01::event::DuelItemMgResult>,std::allocator<bd01::event::DuelItemMgResult>>	a	a	0		undefined __on_zero_shared_weak(__shared_ptr_pointer<bd01::event::DuelItemMgResult*,std::shared_ptr<bd01::event::DuelItemMgResult>::__shared_ptr_default_delete<bd01::event::DuelItemMgResult,bd01::event::DuelItemMgResult>,std::allocator<bd01::event::DuelItemMgResult>> * this)
7100177520	292	AddFiber<bd01::event::DuelMgResult>	bq::act::Man	a	a	0		weak_ptr AddFiber<bd01::event::DuelMgResult>(long * param_1_00, long * param_2, long param_3)
7100177688	36	~__shared_ptr_pointer	std::__shared_ptr_pointer<bq::act::FiberManHolder<bd01::event::DuelMgResult>*,std::shared_ptr<bq::act::Base>::__shared_ptr_default_delete<bq::act::Base,bq::act::FiberManHolder<bd01::event::DuelMgResult>>,std::allocator<bq::act::FiberManHolder<bd01::event::DuelMgResult>>>	a	a	0		undefined ~__shared_ptr_pointer(__shared_ptr_pointer<bq::act::FiberManHolder<bd01::event::DuelMgResult>*,std::shared_ptr<bq::act::Base>::__shared_ptr_default_delete<bq::act::Base,bq::act::FiberManHolder<bd01::event::DuelMgResult>>,std::allocator<bq::act::FiberManHolder<bd01::event::DuelMgResult>>> * this)
71001776ac	24	__on_zero_shared	std::__shared_ptr_pointer<bq::act::FiberManHolder<bd01::event::DuelMgResult>*,std::shared_ptr<bq::act::Base>::__shared_ptr_default_delete<bq::act::Base,bq::act::FiberManHolder<bd01::event::DuelMgResult>>,std::allocator<bq::act::FiberManHolder<bd01::event::DuelMgResult>>>	a	a	0		undefined __on_zero_shared(__shared_ptr_pointer<bq::act::FiberManHolder<bd01::event::DuelMgResult>*,std::shared_ptr<bq::act::Base>::__shared_ptr_default_delete<bq::act::Base,bq::act::FiberManHolder<bd01::event::DuelMgResult>>,std::allocator<bq::act::FiberManHolder<bd01::event::DuelMgResult>>> * this)
71001776c4	4	__on_zero_shared_weak	std::__shared_ptr_pointer<bq::act::FiberManHolder<bd01::event::DuelMgResult>*,std::shared_ptr<bq::act::Base>::__shared_ptr_default_delete<bq::act::Base,bq::act::FiberManHolder<bd01::event::DuelMgResult>>,std::allocator<bq::act::FiberManHolder<bd01::event::DuelMgResult>>>	a	a	0		undefined __on_zero_shared_weak(__shared_ptr_pointer<bq::act::FiberManHolder<bd01::event::DuelMgResult>*,std::shared_ptr<bq::act::Base>::__shared_ptr_default_delete<bq::act::Base,bq::act::FiberManHolder<bd01::event::DuelMgResult>>,std::allocator<bq::act::FiberManHolder<bd01::event::DuelMgResult>>> * this)
71001776d0	96	~FiberManHolder	bq::act::FiberManHolder<bd01::event::DuelMgResult>	a	a	0		undefined ~FiberManHolder(FiberManHolder<bd01::event::DuelMgResult> * this)
7100177730	108	~FiberManHolder	bq::act::FiberManHolder<bd01::event::DuelMgResult>	a	a	0		undefined ~FiberManHolder(FiberManHolder<bd01::event::DuelMgResult> * this)
710017779c	32	IsProc	bq::act::FiberManHolder<bd01::event::DuelMgResult>	a	a	0		uint IsProc(void)
71001777bc	12	IsObject	bq::act::FiberManHolder<bd01::event::DuelMgResult>	a	a	0		undefined IsObject(long param_1)
71001777c8	8	SetPauseLevel	bq::act::FiberManHolder<bd01::event::DuelMgResult>	a	a	0		undefined SetPauseLevel(long param_1)
71001777d0	36	~__shared_ptr_pointer	std::__shared_ptr_pointer<bd01::event::DuelMgResult*,std::shared_ptr<bd01::event::DuelMgResult>::__shared_ptr_default_delete<bd01::event::DuelMgResult,bd01::event::DuelMgResult>,std::allocator<bd01::event::DuelMgResult>>	a	a	0		undefined ~__shared_ptr_pointer(__shared_ptr_pointer<bd01::event::DuelMgResult*,std::shared_ptr<bd01::event::DuelMgResult>::__shared_ptr_default_delete<bd01::event::DuelMgResult,bd01::event::DuelMgResult>,std::allocator<bd01::event::DuelMgResult>> * this)
71001777f4	24	__on_zero_shared	std::__shared_ptr_pointer<bd01::event::DuelMgResult*,std::shared_ptr<bd01::event::DuelMgResult>::__shared_ptr_default_delete<bd01::event::DuelMgResult,bd01::event::DuelMgResult>,std::allocator<bd01::event::DuelMgResult>>	a	a	0		undefined __on_zero_shared(__shared_ptr_pointer<bd01::event::DuelMgResult*,std::shared_ptr<bd01::event::DuelMgResult>::__shared_ptr_default_delete<bd01::event::DuelMgResult,bd01::event::DuelMgResult>,std::allocator<bd01::event::DuelMgResult>> * this)
710017780c	4	__on_zero_shared_weak	std::__shared_ptr_pointer<bd01::event::DuelMgResult*,std::shared_ptr<bd01::event::DuelMgResult>::__shared_ptr_default_delete<bd01::event::DuelMgResult,bd01::event::DuelMgResult>,std::allocator<bd01::event::DuelMgResult>>	a	a	0		undefined __on_zero_shared_weak(__shared_ptr_pointer<bd01::event::DuelMgResult*,std::shared_ptr<bd01::event::DuelMgResult>::__shared_ptr_default_delete<bd01::event::DuelMgResult,bd01::event::DuelMgResult>,std::allocator<bd01::event::DuelMgResult>> * this)
7100177810	292	AddFiber<bd01::ActStarAppearGet>	bq::act::Man	a	a	0		weak_ptr AddFiber<bd01::ActStarAppearGet>(long * param_1_00, long * param_2, long param_3)
7100177978	36	~__shared_ptr_pointer	std::__shared_ptr_pointer<bq::act::FiberManHolder<bd01::ActStarAppearGet>*,std::shared_ptr<bq::act::Base>::__shared_ptr_default_delete<bq::act::Base,bq::act::FiberManHolder<bd01::ActStarAppearGet>>,std::allocator<bq::act::FiberManHolder<bd01::ActStarAppearGet>>>	a	a	0		undefined ~__shared_ptr_pointer(__shared_ptr_pointer<bq::act::FiberManHolder<bd01::ActStarAppearGet>*,std::shared_ptr<bq::act::Base>::__shared_ptr_default_delete<bq::act::Base,bq::act::FiberManHolder<bd01::ActStarAppearGet>>,std::allocator<bq::act::FiberManHolder<bd01::ActStarAppearGet>>> * this)
710017799c	24	__on_zero_shared	std::__shared_ptr_pointer<bq::act::FiberManHolder<bd01::ActStarAppearGet>*,std::shared_ptr<bq::act::Base>::__shared_ptr_default_delete<bq::act::Base,bq::act::FiberManHolder<bd01::ActStarAppearGet>>,std::allocator<bq::act::FiberManHolder<bd01::ActStarAppearGet>>>	a	a	0		undefined __on_zero_shared(__shared_ptr_pointer<bq::act::FiberManHolder<bd01::ActStarAppearGet>*,std::shared_ptr<bq::act::Base>::__shared_ptr_default_delete<bq::act::Base,bq::act::FiberManHolder<bd01::ActStarAppearGet>>,std::allocator<bq::act::FiberManHolder<bd01::ActStarAppearGet>>> * this)
71001779b4	4	__on_zero_shared_weak	std::__shared_ptr_pointer<bq::act::FiberManHolder<bd01::ActStarAppearGet>*,std::shared_ptr<bq::act::Base>::__shared_ptr_default_delete<bq::act::Base,bq::act::FiberManHolder<bd01::ActStarAppearGet>>,std::allocator<bq::act::FiberManHolder<bd01::ActStarAppearGet>>>	a	a	0		undefined __on_zero_shared_weak(__shared_ptr_pointer<bq::act::FiberManHolder<bd01::ActStarAppearGet>*,std::shared_ptr<bq::act::Base>::__shared_ptr_default_delete<bq::act::Base,bq::act::FiberManHolder<bd01::ActStarAppearGet>>,std::allocator<bq::act::FiberManHolder<bd01::ActStarAppearGet>>> * this)
71001779c0	96	~FiberManHolder	bq::act::FiberManHolder<bd01::ActStarAppearGet>	a	a	0		undefined ~FiberManHolder(FiberManHolder<bd01::ActStarAppearGet> * this)
7100177a20	108	~FiberManHolder	bq::act::FiberManHolder<bd01::ActStarAppearGet>	a	a	0		undefined ~FiberManHolder(FiberManHolder<bd01::ActStarAppearGet> * this)
7100177a8c	32	IsProc	bq::act::FiberManHolder<bd01::ActStarAppearGet>	a	a	0		uint IsProc(void)
7100177aac	12	IsObject	bq::act::FiberManHolder<bd01::ActStarAppearGet>	a	a	0		undefined IsObject(long param_1)
7100177ab8	8	SetPauseLevel	bq::act::FiberManHolder<bd01::ActStarAppearGet>	a	a	0		undefined SetPauseLevel(long param_1)
7100177ac0	36	~__shared_ptr_pointer	std::__shared_ptr_pointer<bd01::ActStarAppearGet*,std::shared_ptr<bd01::ActStarAppearGet>::__shared_ptr_default_delete<bd01::ActStarAppearGet,bd01::ActStarAppearGet>,std::allocator<bd01::ActStarAppearGet>>	a	a	0		undefined ~__shared_ptr_pointer(__shared_ptr_pointer<bd01::ActStarAppearGet*,std::shared_ptr<bd01::ActStarAppearGet>::__shared_ptr_default_delete<bd01::ActStarAppearGet,bd01::ActStarAppearGet>,std::allocator<bd01::ActStarAppearGet>> * this)
7100177ae4	24	__on_zero_shared	std::__shared_ptr_pointer<bd01::ActStarAppearGet*,std::shared_ptr<bd01::ActStarAppearGet>::__shared_ptr_default_delete<bd01::ActStarAppearGet,bd01::ActStarAppearGet>,std::allocator<bd01::ActStarAppearGet>>	a	a	0		undefined __on_zero_shared(__shared_ptr_pointer<bd01::ActStarAppearGet*,std::shared_ptr<bd01::ActStarAppearGet>::__shared_ptr_default_delete<bd01::ActStarAppearGet,bd01::ActStarAppearGet>,std::allocator<bd01::ActStarAppearGet>> * this)
7100177afc	4	__on_zero_shared_weak	std::__shared_ptr_pointer<bd01::ActStarAppearGet*,std::shared_ptr<bd01::ActStarAppearGet>::__shared_ptr_default_delete<bd01::ActStarAppearGet,bd01::ActStarAppearGet>,std::allocator<bd01::ActStarAppearGet>>	a	a	0		undefined __on_zero_shared_weak(__shared_ptr_pointer<bd01::ActStarAppearGet*,std::shared_ptr<bd01::ActStarAppearGet>::__shared_ptr_default_delete<bd01::ActStarAppearGet,bd01::ActStarAppearGet>,std::allocator<bd01::ActStarAppearGet>> * this)
7100177b00	532	IsStart	bd01::event::DuelMassStop	a	a	0		uint IsStart(uint * param_1)
7100177d14	184	DuelMassStop	bd01::event::DuelMassStop	a	a	0		undefined DuelMassStop(DuelMassStop * this, uint * param_1)
7100177e80	2336	Setup	bd01::event::DuelMassStop	a	a	0		undefined Setup(DuelMassStop * this)
71001787a4	20	Cleanup	bd01::event::DuelMassStop	a	a	0		undefined Cleanup(void)
71001787c0	9408	Update	bd01::event::DuelMassStop	a	a	0		undefined Update(DuelMassStop * this)
710017ad34	92	DuelResultMassStop	bd01::event::DuelResultMassStop	a	a	0		undefined DuelResultMassStop(DuelResultMassStop * this)
710017ada4	408	Update	bd01::event::DuelResultMassStop	a	a	0		undefined Update(DuelResultMassStop * this)
710017af5c	176	~DuelMassStop	bd01::event::DuelMassStop	a	a	0		undefined ~DuelMassStop(DuelMassStop * this)
710017b00c	36	~DuelMassStop	bd01::event::DuelMassStop	a	a	0		undefined ~DuelMassStop(DuelMassStop * this)
710017b030	88	~DuelResultMassStop	bd01::event::DuelResultMassStop	a	a	0		undefined ~DuelResultMassStop(DuelResultMassStop * this)
710017b090	1992	FUN_710017b090		d	a	0		uint * FUN_710017b090(uint * param_1, uint * param_2, long param_3)
710017b880	456	FUN_710017b880		d	a	0		int FUN_710017b880(int * param_1, int * param_2, int * param_3, int * param_4, int * param_5)
710017ba50	752	FUN_710017ba50		d	a	0		bool FUN_710017ba50(int * param_1, int * param_2)
710017bd40	292	AddFiber<bd01::event::StarDuel>	bq::act::Man	a	a	0		weak_ptr AddFiber<bd01::event::StarDuel>(long * param_1_00, long * param_2, long param_3)
710017bea8	36	~__shared_ptr_pointer	std::__shared_ptr_pointer<bq::act::FiberManHolder<bd01::event::StarDuel>*,std::shared_ptr<bq::act::Base>::__shared_ptr_default_delete<bq::act::Base,bq::act::FiberManHolder<bd01::event::StarDuel>>,std::allocator<bq::act::FiberManHolder<bd01::event::StarDuel>>>	a	a	0		undefined ~__shared_ptr_pointer(__shared_ptr_pointer<bq::act::FiberManHolder<bd01::event::StarDuel>*,std::shared_ptr<bq::act::Base>::__shared_ptr_default_delete<bq::act::Base,bq::act::FiberManHolder<bd01::event::StarDuel>>,std::allocator<bq::act::FiberManHolder<bd01::event::StarDuel>>> * this)
710017becc	24	__on_zero_shared	std::__shared_ptr_pointer<bq::act::FiberManHolder<bd01::event::StarDuel>*,std::shared_ptr<bq::act::Base>::__shared_ptr_default_delete<bq::act::Base,bq::act::FiberManHolder<bd01::event::StarDuel>>,std::allocator<bq::act::FiberManHolder<bd01::event::StarDuel>>>	a	a	0		undefined __on_zero_shared(__shared_ptr_pointer<bq::act::FiberManHolder<bd01::event::StarDuel>*,std::shared_ptr<bq::act::Base>::__shared_ptr_default_delete<bq::act::Base,bq::act::FiberManHolder<bd01::event::StarDuel>>,std::allocator<bq::act::FiberManHolder<bd01::event::StarDuel>>> * this)
710017bee4	4	__on_zero_shared_weak	std::__shared_ptr_pointer<bq::act::FiberManHolder<bd01::event::StarDuel>*,std::shared_ptr<bq::act::Base>::__shared_ptr_default_delete<bq::act::Base,bq::act::FiberManHolder<bd01::event::StarDuel>>,std::allocator<bq::act::FiberManHolder<bd01::event::StarDuel>>>	a	a	0		undefined __on_zero_shared_weak(__shared_ptr_pointer<bq::act::FiberManHolder<bd01::event::StarDuel>*,std::shared_ptr<bq::act::Base>::__shared_ptr_default_delete<bq::act::Base,bq::act::FiberManHolder<bd01::event::StarDuel>>,std::allocator<bq::act::FiberManHolder<bd01::event::StarDuel>>> * this)
710017bef0	96	~FiberManHolder	bq::act::FiberManHolder<bd01::event::StarDuel>	a	a	0		undefined ~FiberManHolder(FiberManHolder<bd01::event::StarDuel> * this)
710017bf50	108	~FiberManHolder	bq::act::FiberManHolder<bd01::event::StarDuel>	a	a	0		undefined ~FiberManHolder(FiberManHolder<bd01::event::StarDuel> * this)
710017bfbc	32	IsProc	bq::act::FiberManHolder<bd01::event::StarDuel>	a	a	0		uint IsProc(void)
710017bfdc	12	IsObject	bq::act::FiberManHolder<bd01::event::StarDuel>	a	a	0		undefined IsObject(long param_1)
710017bfe8	8	SetPauseLevel	bq::act::FiberManHolder<bd01::event::StarDuel>	a	a	0		undefined SetPauseLevel(long param_1)
710017bff0	36	~__shared_ptr_pointer	std::__shared_ptr_pointer<bd01::event::StarDuel*,std::shared_ptr<bd01::event::StarDuel>::__shared_ptr_default_delete<bd01::event::StarDuel,bd01::event::StarDuel>,std::allocator<bd01::event::StarDuel>>	a	a	0		undefined ~__shared_ptr_pointer(__shared_ptr_pointer<bd01::event::StarDuel*,std::shared_ptr<bd01::event::StarDuel>::__shared_ptr_default_delete<bd01::event::StarDuel,bd01::event::StarDuel>,std::allocator<bd01::event::StarDuel>> * this)
710017c014	24	__on_zero_shared	std::__shared_ptr_pointer<bd01::event::StarDuel*,std::shared_ptr<bd01::event::StarDuel>::__shared_ptr_default_delete<bd01::event::StarDuel,bd01::event::StarDuel>,std::allocator<bd01::event::StarDuel>>	a	a	0		undefined __on_zero_shared(__shared_ptr_pointer<bd01::event::StarDuel*,std::shared_ptr<bd01::event::StarDuel>::__shared_ptr_default_delete<bd01::event::StarDuel,bd01::event::StarDuel>,std::allocator<bd01::event::StarDuel>> * this)
710017c02c	4	__on_zero_shared_weak	std::__shared_ptr_pointer<bd01::event::StarDuel*,std::shared_ptr<bd01::event::StarDuel>::__shared_ptr_default_delete<bd01::event::StarDuel,bd01::event::StarDuel>,std::allocator<bd01::event::StarDuel>>	a	a	0		undefined __on_zero_shared_weak(__shared_ptr_pointer<bd01::event::StarDuel*,std::shared_ptr<bd01::event::StarDuel>::__shared_ptr_default_delete<bd01::event::StarDuel,bd01::event::StarDuel>,std::allocator<bd01::event::StarDuel>> * this)
710017c030	292	AddFiber<bd01::event::CoinDuel>	bq::act::Man	a	a	0		weak_ptr AddFiber<bd01::event::CoinDuel>(long * param_1_00, long * param_2, long param_3)
710017c198	36	~__shared_ptr_pointer	std::__shared_ptr_pointer<bq::act::FiberManHolder<bd01::event::CoinDuel>*,std::shared_ptr<bq::act::Base>::__shared_ptr_default_delete<bq::act::Base,bq::act::FiberManHolder<bd01::event::CoinDuel>>,std::allocator<bq::act::FiberManHolder<bd01::event::CoinDuel>>>	a	a	0		undefined ~__shared_ptr_pointer(__shared_ptr_pointer<bq::act::FiberManHolder<bd01::event::CoinDuel>*,std::shared_ptr<bq::act::Base>::__shared_ptr_default_delete<bq::act::Base,bq::act::FiberManHolder<bd01::event::CoinDuel>>,std::allocator<bq::act::FiberManHolder<bd01::event::CoinDuel>>> * this)
710017c1bc	24	__on_zero_shared	std::__shared_ptr_pointer<bq::act::FiberManHolder<bd01::event::CoinDuel>*,std::shared_ptr<bq::act::Base>::__shared_ptr_default_delete<bq::act::Base,bq::act::FiberManHolder<bd01::event::CoinDuel>>,std::allocator<bq::act::FiberManHolder<bd01::event::CoinDuel>>>	a	a	0		undefined __on_zero_shared(__shared_ptr_pointer<bq::act::FiberManHolder<bd01::event::CoinDuel>*,std::shared_ptr<bq::act::Base>::__shared_ptr_default_delete<bq::act::Base,bq::act::FiberManHolder<bd01::event::CoinDuel>>,std::allocator<bq::act::FiberManHolder<bd01::event::CoinDuel>>> * this)
710017c1d4	4	__on_zero_shared_weak	std::__shared_ptr_pointer<bq::act::FiberManHolder<bd01::event::CoinDuel>*,std::shared_ptr<bq::act::Base>::__shared_ptr_default_delete<bq::act::Base,bq::act::FiberManHolder<bd01::event::CoinDuel>>,std::allocator<bq::act::FiberManHolder<bd01::event::CoinDuel>>>	a	a	0		undefined __on_zero_shared_weak(__shared_ptr_pointer<bq::act::FiberManHolder<bd01::event::CoinDuel>*,std::shared_ptr<bq::act::Base>::__shared_ptr_default_delete<bq::act::Base,bq::act::FiberManHolder<bd01::event::CoinDuel>>,std::allocator<bq::act::FiberManHolder<bd01::event::CoinDuel>>> * this)
710017c1e0	96	~FiberManHolder	bq::act::FiberManHolder<bd01::event::CoinDuel>	a	a	0		undefined ~FiberManHolder(FiberManHolder<bd01::event::CoinDuel> * this)
710017c240	108	~FiberManHolder	bq::act::FiberManHolder<bd01::event::CoinDuel>	a	a	0		undefined ~FiberManHolder(FiberManHolder<bd01::event::CoinDuel> * this)
710017c2ac	32	IsProc	bq::act::FiberManHolder<bd01::event::CoinDuel>	a	a	0		uint IsProc(void)
710017c2cc	12	IsObject	bq::act::FiberManHolder<bd01::event::CoinDuel>	a	a	0		undefined IsObject(long param_1)
710017c2d8	8	SetPauseLevel	bq::act::FiberManHolder<bd01::event::CoinDuel>	a	a	0		undefined SetPauseLevel(long param_1)
710017c2e0	36	~__shared_ptr_pointer	std::__shared_ptr_pointer<bd01::event::CoinDuel*,std::shared_ptr<bd01::event::CoinDuel>::__shared_ptr_default_delete<bd01::event::CoinDuel,bd01::event::CoinDuel>,std::allocator<bd01::event::CoinDuel>>	a	a	0		undefined ~__shared_ptr_pointer(__shared_ptr_pointer<bd01::event::CoinDuel*,std::shared_ptr<bd01::event::CoinDuel>::__shared_ptr_default_delete<bd01::event::CoinDuel,bd01::event::CoinDuel>,std::allocator<bd01::event::CoinDuel>> * this)
710017c304	24	__on_zero_shared	std::__shared_ptr_pointer<bd01::event::CoinDuel*,std::shared_ptr<bd01::event::CoinDuel>::__shared_ptr_default_delete<bd01::event::CoinDuel,bd01::event::CoinDuel>,std::allocator<bd01::event::CoinDuel>>	a	a	0		undefined __on_zero_shared(__shared_ptr_pointer<bd01::event::CoinDuel*,std::shared_ptr<bd01::event::CoinDuel>::__shared_ptr_default_delete<bd01::event::CoinDuel,bd01::event::CoinDuel>,std::allocator<bd01::event::CoinDuel>> * this)
710017c31c	4	__on_zero_shared_weak	std::__shared_ptr_pointer<bd01::event::CoinDuel*,std::shared_ptr<bd01::event::CoinDuel>::__shared_ptr_default_delete<bd01::event::CoinDuel,bd01::event::CoinDuel>,std::allocator<bd01::event::CoinDuel>>	a	a	0		undefined __on_zero_shared_weak(__shared_ptr_pointer<bd01::event::CoinDuel*,std::shared_ptr<bd01::event::CoinDuel>::__shared_ptr_default_delete<bd01::event::CoinDuel,bd01::event::CoinDuel>,std::allocator<bd01::event::CoinDuel>> * this)
710017c320	292	AddFiber<bd01::event::CoinDuelResult>	bq::act::Man	a	a	0		weak_ptr AddFiber<bd01::event::CoinDuelResult>(long * param_1_00, long * param_2, long param_3)
710017c488	36	~__shared_ptr_pointer	std::__shared_ptr_pointer<bq::act::FiberManHolder<bd01::event::CoinDuelResult>*,std::shared_ptr<bq::act::Base>::__shared_ptr_default_delete<bq::act::Base,bq::act::FiberManHolder<bd01::event::CoinDuelResult>>,std::allocator<bq::act::FiberManHolder<bd01::event::CoinDuelResult>>>	a	a	0		undefined ~__shared_ptr_pointer(__shared_ptr_pointer<bq::act::FiberManHolder<bd01::event::CoinDuelResult>*,std::shared_ptr<bq::act::Base>::__shared_ptr_default_delete<bq::act::Base,bq::act::FiberManHolder<bd01::event::CoinDuelResult>>,std::allocator<bq::act::FiberManHolder<bd01::event::CoinDuelResult>>> * this)
710017c4ac	24	__on_zero_shared	std::__shared_ptr_pointer<bq::act::FiberManHolder<bd01::event::CoinDuelResult>*,std::shared_ptr<bq::act::Base>::__shared_ptr_default_delete<bq::act::Base,bq::act::FiberManHolder<bd01::event::CoinDuelResult>>,std::allocator<bq::act::FiberManHolder<bd01::event::CoinDuelResult>>>	a	a	0		undefined __on_zero_shared(__shared_ptr_pointer<bq::act::FiberManHolder<bd01::event::CoinDuelResult>*,std::shared_ptr<bq::act::Base>::__shared_ptr_default_delete<bq::act::Base,bq::act::FiberManHolder<bd01::event::CoinDuelResult>>,std::allocator<bq::act::FiberManHolder<bd01::event::CoinDuelResult>>> * this)
710017c4c4	4	__on_zero_shared_weak	std::__shared_ptr_pointer<bq::act::FiberManHolder<bd01::event::CoinDuelResult>*,std::shared_ptr<bq::act::Base>::__shared_ptr_default_delete<bq::act::Base,bq::act::FiberManHolder<bd01::event::CoinDuelResult>>,std::allocator<bq::act::FiberManHolder<bd01::event::CoinDuelResult>>>	a	a	0		undefined __on_zero_shared_weak(__shared_ptr_pointer<bq::act::FiberManHolder<bd01::event::CoinDuelResult>*,std::shared_ptr<bq::act::Base>::__shared_ptr_default_delete<bq::act::Base,bq::act::FiberManHolder<bd01::event::CoinDuelResult>>,std::allocator<bq::act::FiberManHolder<bd01::event::CoinDuelResult>>> * this)
710017c4d0	96	~FiberManHolder	bq::act::FiberManHolder<bd01::event::CoinDuelResult>	a	a	0		undefined ~FiberManHolder(FiberManHolder<bd01::event::CoinDuelResult> * this)
710017c530	108	~FiberManHolder	bq::act::FiberManHolder<bd01::event::CoinDuelResult>	a	a	0		undefined ~FiberManHolder(FiberManHolder<bd01::event::CoinDuelResult> * this)
710017c59c	32	IsProc	bq::act::FiberManHolder<bd01::event::CoinDuelResult>	a	a	0		uint IsProc(void)
710017c5bc	12	IsObject	bq::act::FiberManHolder<bd01::event::CoinDuelResult>	a	a	0		undefined IsObject(long param_1)
710017c5c8	8	SetPauseLevel	bq::act::FiberManHolder<bd01::event::CoinDuelResult>	a	a	0		undefined SetPauseLevel(long param_1)
710017c5d0	36	~__shared_ptr_pointer	std::__shared_ptr_pointer<bd01::event::CoinDuelResult*,std::shared_ptr<bd01::event::CoinDuelResult>::__shared_ptr_default_delete<bd01::event::CoinDuelResult,bd01::event::CoinDuelResult>,std::allocator<bd01::event::CoinDuelResult>>	a	a	0		undefined ~__shared_ptr_pointer(__shared_ptr_pointer<bd01::event::CoinDuelResult*,std::shared_ptr<bd01::event::CoinDuelResult>::__shared_ptr_default_delete<bd01::event::CoinDuelResult,bd01::event::CoinDuelResult>,std::allocator<bd01::event::CoinDuelResult>> * this)
710017c5f4	24	__on_zero_shared	std::__shared_ptr_pointer<bd01::event::CoinDuelResult*,std::shared_ptr<bd01::event::CoinDuelResult>::__shared_ptr_default_delete<bd01::event::CoinDuelResult,bd01::event::CoinDuelResult>,std::allocator<bd01::event::CoinDuelResult>>	a	a	0		undefined __on_zero_shared(__shared_ptr_pointer<bd01::event::CoinDuelResult*,std::shared_ptr<bd01::event::CoinDuelResult>::__shared_ptr_default_delete<bd01::event::CoinDuelResult,bd01::event::CoinDuelResult>,std::allocator<bd01::event::CoinDuelResult>> * this)
710017c60c	4	__on_zero_shared_weak	std::__shared_ptr_pointer<bd01::event::CoinDuelResult*,std::shared_ptr<bd01::event::CoinDuelResult>::__shared_ptr_default_delete<bd01::event::CoinDuelResult,bd01::event::CoinDuelResult>,std::allocator<bd01::event::CoinDuelResult>>	a	a	0		undefined __on_zero_shared_weak(__shared_ptr_pointer<bd01::event::CoinDuelResult*,std::shared_ptr<bd01::event::CoinDuelResult>::__shared_ptr_default_delete<bd01::event::CoinDuelResult,bd01::event::CoinDuelResult>,std::allocator<bd01::event::CoinDuelResult>> * this)
710017c610	292	AddFiber<bd01::event::StarDuelResult>	bq::act::Man	a	a	0		weak_ptr AddFiber<bd01::event::StarDuelResult>(long * param_1_00, long * param_2, long param_3)
710017c778	36	~__shared_ptr_pointer	std::__shared_ptr_pointer<bq::act::FiberManHolder<bd01::event::StarDuelResult>*,std::shared_ptr<bq::act::Base>::__shared_ptr_default_delete<bq::act::Base,bq::act::FiberManHolder<bd01::event::StarDuelResult>>,std::allocator<bq::act::FiberManHolder<bd01::event::StarDuelResult>>>	a	a	0		undefined ~__shared_ptr_pointer(__shared_ptr_pointer<bq::act::FiberManHolder<bd01::event::StarDuelResult>*,std::shared_ptr<bq::act::Base>::__shared_ptr_default_delete<bq::act::Base,bq::act::FiberManHolder<bd01::event::StarDuelResult>>,std::allocator<bq::act::FiberManHolder<bd01::event::StarDuelResult>>> * this)
710017c79c	24	__on_zero_shared	std::__shared_ptr_pointer<bq::act::FiberManHolder<bd01::event::StarDuelResult>*,std::shared_ptr<bq::act::Base>::__shared_ptr_default_delete<bq::act::Base,bq::act::FiberManHolder<bd01::event::StarDuelResult>>,std::allocator<bq::act::FiberManHolder<bd01::event::StarDuelResult>>>	a	a	0		undefined __on_zero_shared(__shared_ptr_pointer<bq::act::FiberManHolder<bd01::event::StarDuelResult>*,std::shared_ptr<bq::act::Base>::__shared_ptr_default_delete<bq::act::Base,bq::act::FiberManHolder<bd01::event::StarDuelResult>>,std::allocator<bq::act::FiberManHolder<bd01::event::StarDuelResult>>> * this)
710017c7b4	4	__on_zero_shared_weak	std::__shared_ptr_pointer<bq::act::FiberManHolder<bd01::event::StarDuelResult>*,std::shared_ptr<bq::act::Base>::__shared_ptr_default_delete<bq::act::Base,bq::act::FiberManHolder<bd01::event::StarDuelResult>>,std::allocator<bq::act::FiberManHolder<bd01::event::StarDuelResult>>>	a	a	0		undefined __on_zero_shared_weak(__shared_ptr_pointer<bq::act::FiberManHolder<bd01::event::StarDuelResult>*,std::shared_ptr<bq::act::Base>::__shared_ptr_default_delete<bq::act::Base,bq::act::FiberManHolder<bd01::event::StarDuelResult>>,std::allocator<bq::act::FiberManHolder<bd01::event::StarDuelResult>>> * this)
710017c7c0	96	~FiberManHolder	bq::act::FiberManHolder<bd01::event::StarDuelResult>	a	a	0		undefined ~FiberManHolder(FiberManHolder<bd01::event::StarDuelResult> * this)
710017c820	108	~FiberManHolder	bq::act::FiberManHolder<bd01::event::StarDuelResult>	a	a	0		undefined ~FiberManHolder(FiberManHolder<bd01::event::StarDuelResult> * this)
710017c88c	32	IsProc	bq::act::FiberManHolder<bd01::event::StarDuelResult>	a	a	0		uint IsProc(void)
710017c8ac	12	IsObject	bq::act::FiberManHolder<bd01::event::StarDuelResult>	a	a	0		undefined IsObject(long param_1)
710017c8b8	8	SetPauseLevel	bq::act::FiberManHolder<bd01::event::StarDuelResult>	a	a	0		undefined SetPauseLevel(long param_1)
710017c8c0	36	~__shared_ptr_pointer	std::__shared_ptr_pointer<bd01::event::StarDuelResult*,std::shared_ptr<bd01::event::StarDuelResult>::__shared_ptr_default_delete<bd01::event::StarDuelResult,bd01::event::StarDuelResult>,std::allocator<bd01::event::StarDuelResult>>	a	a	0		undefined ~__shared_ptr_pointer(__shared_ptr_pointer<bd01::event::StarDuelResult*,std::shared_ptr<bd01::event::StarDuelResult>::__shared_ptr_default_delete<bd01::event::StarDuelResult,bd01::event::StarDuelResult>,std::allocator<bd01::event::StarDuelResult>> * this)
710017c8e4	24	__on_zero_shared	std::__shared_ptr_pointer<bd01::event::StarDuelResult*,std::shared_ptr<bd01::event::StarDuelResult>::__shared_ptr_default_delete<bd01::event::StarDuelResult,bd01::event::StarDuelResult>,std::allocator<bd01::event::StarDuelResult>>	a	a	0		undefined __on_zero_shared(__shared_ptr_pointer<bd01::event::StarDuelResult*,std::shared_ptr<bd01::event::StarDuelResult>::__shared_ptr_default_delete<bd01::event::StarDuelResult,bd01::event::StarDuelResult>,std::allocator<bd01::event::StarDuelResult>> * this)
710017c8fc	4	__on_zero_shared_weak	std::__shared_ptr_pointer<bd01::event::StarDuelResult*,std::shared_ptr<bd01::event::StarDuelResult>::__shared_ptr_default_delete<bd01::event::StarDuelResult,bd01::event::StarDuelResult>,std::allocator<bd01::event::StarDuelResult>>	a	a	0		undefined __on_zero_shared_weak(__shared_ptr_pointer<bd01::event::StarDuelResult*,std::shared_ptr<bd01::event::StarDuelResult>::__shared_ptr_default_delete<bd01::event::StarDuelResult,bd01::event::StarDuelResult>,std::allocator<bd01::event::StarDuelResult>> * this)
710017c900	104	HappeningMass	bd01::event::HappeningMass	a	a	0		undefined HappeningMass(HappeningMass * this, uint * param_1)
710017c97c	740	Update	bd01::event::HappeningMass	a	a	0		undefined Update(HappeningMass * this)
710017cc80	88	~HappeningMass	bd01::event::HappeningMass	a	a	0		undefined ~HappeningMass(HappeningMass * this)
710017ccd8	104	HiddenBlockMass	bd01::event::HiddenBlockMass	a	a	0		undefined HiddenBlockMass(HiddenBlockMass * this, uint * param_1)
710017cd54	224	Update	bd01::event::HiddenBlockMass	a	a	0		undefined Update(HiddenBlockMass * this)
710017ce50	88	~HiddenBlockMass	bd01::event::HiddenBlockMass	a	a	0		undefined ~HiddenBlockMass(HiddenBlockMass * this)
710017ceb0	292	AddFiber<bd01::event::HiddenBlock>	bq::act::Man	a	a	0		weak_ptr AddFiber<bd01::event::HiddenBlock>(long * param_1_00, long * param_2, long param_3)
710017d018	36	~__shared_ptr_pointer	std::__shared_ptr_pointer<bq::act::FiberManHolder<bd01::event::HiddenBlock>*,std::shared_ptr<bq::act::Base>::__shared_ptr_default_delete<bq::act::Base,bq::act::FiberManHolder<bd01::event::HiddenBlock>>,std::allocator<bq::act::FiberManHolder<bd01::event::HiddenBlock>>>	a	a	0		undefined ~__shared_ptr_pointer(__shared_ptr_pointer<bq::act::FiberManHolder<bd01::event::HiddenBlock>*,std::shared_ptr<bq::act::Base>::__shared_ptr_default_delete<bq::act::Base,bq::act::FiberManHolder<bd01::event::HiddenBlock>>,std::allocator<bq::act::FiberManHolder<bd01::event::HiddenBlock>>> * this)
710017d03c	24	__on_zero_shared	std::__shared_ptr_pointer<bq::act::FiberManHolder<bd01::event::HiddenBlock>*,std::shared_ptr<bq::act::Base>::__shared_ptr_default_delete<bq::act::Base,bq::act::FiberManHolder<bd01::event::HiddenBlock>>,std::allocator<bq::act::FiberManHolder<bd01::event::HiddenBlock>>>	a	a	0		undefined __on_zero_shared(__shared_ptr_pointer<bq::act::FiberManHolder<bd01::event::HiddenBlock>*,std::shared_ptr<bq::act::Base>::__shared_ptr_default_delete<bq::act::Base,bq::act::FiberManHolder<bd01::event::HiddenBlock>>,std::allocator<bq::act::FiberManHolder<bd01::event::HiddenBlock>>> * this)
710017d054	4	__on_zero_shared_weak	std::__shared_ptr_pointer<bq::act::FiberManHolder<bd01::event::HiddenBlock>*,std::shared_ptr<bq::act::Base>::__shared_ptr_default_delete<bq::act::Base,bq::act::FiberManHolder<bd01::event::HiddenBlock>>,std::allocator<bq::act::FiberManHolder<bd01::event::HiddenBlock>>>	a	a	0		undefined __on_zero_shared_weak(__shared_ptr_pointer<bq::act::FiberManHolder<bd01::event::HiddenBlock>*,std::shared_ptr<bq::act::Base>::__shared_ptr_default_delete<bq::act::Base,bq::act::FiberManHolder<bd01::event::HiddenBlock>>,std::allocator<bq::act::FiberManHolder<bd01::event::HiddenBlock>>> * this)
710017d060	96	~FiberManHolder	bq::act::FiberManHolder<bd01::event::HiddenBlock>	a	a	0		undefined ~FiberManHolder(FiberManHolder<bd01::event::HiddenBlock> * this)
710017d0c0	108	~FiberManHolder	bq::act::FiberManHolder<bd01::event::HiddenBlock>	a	a	0		undefined ~FiberManHolder(FiberManHolder<bd01::event::HiddenBlock> * this)
710017d12c	32	IsProc	bq::act::FiberManHolder<bd01::event::HiddenBlock>	a	a	0		uint IsProc(void)
710017d14c	12	IsObject	bq::act::FiberManHolder<bd01::event::HiddenBlock>	a	a	0		undefined IsObject(long param_1)
710017d158	8	SetPauseLevel	bq::act::FiberManHolder<bd01::event::HiddenBlock>	a	a	0		undefined SetPauseLevel(long param_1)
710017d160	36	~__shared_ptr_pointer	std::__shared_ptr_pointer<bd01::event::HiddenBlock*,std::shared_ptr<bd01::event::HiddenBlock>::__shared_ptr_default_delete<bd01::event::HiddenBlock,bd01::event::HiddenBlock>,std::allocator<bd01::event::HiddenBlock>>	a	a	0		undefined ~__shared_ptr_pointer(__shared_ptr_pointer<bd01::event::HiddenBlock*,std::shared_ptr<bd01::event::HiddenBlock>::__shared_ptr_default_delete<bd01::event::HiddenBlock,bd01::event::HiddenBlock>,std::allocator<bd01::event::HiddenBlock>> * this)
710017d184	24	__on_zero_shared	std::__shared_ptr_pointer<bd01::event::HiddenBlock*,std::shared_ptr<bd01::event::HiddenBlock>::__shared_ptr_default_delete<bd01::event::HiddenBlock,bd01::event::HiddenBlock>,std::allocator<bd01::event::HiddenBlock>>	a	a	0		undefined __on_zero_shared(__shared_ptr_pointer<bd01::event::HiddenBlock*,std::shared_ptr<bd01::event::HiddenBlock>::__shared_ptr_default_delete<bd01::event::HiddenBlock,bd01::event::HiddenBlock>,std::allocator<bd01::event::HiddenBlock>> * this)
710017d19c	4	__on_zero_shared_weak	std::__shared_ptr_pointer<bd01::event::HiddenBlock*,std::shared_ptr<bd01::event::HiddenBlock>::__shared_ptr_default_delete<bd01::event::HiddenBlock,bd01::event::HiddenBlock>,std::allocator<bd01::event::HiddenBlock>>	a	a	0		undefined __on_zero_shared_weak(__shared_ptr_pointer<bd01::event::HiddenBlock*,std::shared_ptr<bd01::event::HiddenBlock>::__shared_ptr_default_delete<bd01::event::HiddenBlock,bd01::event::HiddenBlock>,std::allocator<bd01::event::HiddenBlock>> * this)
710017d1a0	320	FUN_710017d1a0		d	a	0		undefined FUN_710017d1a0(void)
710017d508	132	LittleStarGet	bd01::event::LittleStarGet	a	a	0		undefined LittleStarGet(LittleStarGet * this, int param_1, undefined4 param_2, undefined4 param_3)
710017d5a0	1052	Update	bd01::event::LittleStarGet	a	a	0		undefined Update(LittleStarGet * this)
710017d9f4	88	~LittleStarGet	bd01::event::LittleStarGet	a	a	0		undefined ~LittleStarGet(LittleStarGet * this)
710017da4c	212	Map07_EventFiber	bd01::event::Map07_EventFiber	a	a	0		undefined Map07_EventFiber(Map07_EventFiber * this)
710017db34	36	~Map07_EventFiber	bd01::event::Map07_EventFiber	a	a	0		undefined ~Map07_EventFiber(Map07_EventFiber * this)
710017db58	128	FastFowardUiIn	bd01::event::Map07_EventFiber	a	a	0		UIStatusFastForward * FastFowardUiIn(Map07_EventFiber * this, uint param_1)
710017dbd8	72	FastFowardUiOut	bd01::event::Map07_EventFiber	a	a	0		undefined FastFowardUiOut(void)
710017dc20	80	DiceUiIn	bd01::event::Map07_EventFiber	a	a	0		undefined DiceUiIn(Map07_EventFiber * this)
710017dc70	80	DiceUiOut	bd01::event::Map07_EventFiber	a	a	0		undefined DiceUiOut(Map07_EventFiber * this)
710017dcc0	236	CameraMovePc	bd01::event::Map07_EventFiber	a	a	0		undefined CameraMovePc(Map07_EventFiber * this, Camera * param_1, short * param_2)
710017ddd0	504	Dialog	bd01::event::Map07_EventFiber	a	a	0		undefined4 Dialog(Map07_EventFiber * this, byte * param_1, long * param_2, ulong param_3, char * param_4, int param_5)
710017dfc8	24	SetTalkNpc	bd01::event::Map07_EventFiber	a	a	0		undefined SetTalkNpc(Map07_EventFiber * this, long param_1, char * param_2, char * param_3)
710017dfe0	168	SetPos	bd01::event::Map07_EventFiber	a	a	0		undefined SetPos(undefined8 param_1, long * param_2, short param_3)
710017e088	316	EndReset	bd01::event::Map07_EventFiber	a	a	0		undefined EndReset(Map07_EventFiber * this)
710017e1c4	108	Map07_EventLapBonus	bd01::event::Map07_EventLapBonus	a	a	0		undefined Map07_EventLapBonus(Map07_EventLapBonus * this)
710017e244	1036	Update	bd01::event::Map07_EventLapBonus	a	a	0		undefined Update(Map07_EventLapBonus * this)
710017e670	56	Map07_EventPackunflowerBase	bd01::event::Map07_EventPackunflowerBase	a	a	0		undefined Map07_EventPackunflowerBase(Map07_EventPackunflowerBase * this)
710017e6a8	232	SetUp	bd01::event::Map07_EventPackunflowerBase	a	a	0		undefined SetUp(Map07_EventPackunflowerBase * this)
710017e790	20	SetEventCamera	bd01::event::Map07_EventPackunflowerBase	a	a	0		undefined SetEventCamera(long param_1, ulong param_2)
710017e7a4	604	LookToPackunflower	bd01::event::Map07_EventPackunflowerBase	a	a	0		undefined LookToPackunflower(Map07_EventPackunflowerBase * this, ulong param_1)
710017ea20	364	Bite	bd01::event::Map07_EventPackunflowerBase	a	a	0		undefined Bite(Map07_EventPackunflowerBase * this, uint param_1)
710017eb90	536	Grow	bd01::event::Map07_EventPackunflowerBase	a	a	0		undefined Grow(Map07_EventPackunflowerBase * this)
710017eda8	128	SetDropVisible	bd01::event::Map07_EventPackunflowerBase	a	a	0		undefined SetDropVisible(long param_1)
710017ee28	56	Map07_EventPackunflower	bd01::event::Map07_EventPackunflower	a	a	0		undefined Map07_EventPackunflower(Map07_EventPackunflower * this)
710017ee60	1956	Update	bd01::event::Map07_EventPackunflower	a	a	0		undefined Update(Map07_EventPackunflower * this)
710017f620	56	Map07_EventPackunflowerQuest7013	bd01::event::Map07_EventPackunflowerQuest7013	a	a	0		undefined Map07_EventPackunflowerQuest7013(Map07_EventPackunflowerQuest7013 * this)
710017f658	1176	Update	bd01::event::Map07_EventPackunflowerQuest7013	a	a	0		undefined Update(Map07_EventPackunflowerQuest7013 * this)
710017faf0	56	Map07_EventPackunflowerQuest7016	bd01::event::Map07_EventPackunflowerQuest7016	a	a	0		undefined Map07_EventPackunflowerQuest7016(Map07_EventPackunflowerQuest7016 * this)
710017fb28	800	Update	bd01::event::Map07_EventPackunflowerQuest7016	a	a	0		undefined Update(Map07_EventPackunflowerQuest7016 * this)
710017fe48	108	BeeMgr	bd01::event::BeeMgr	a	a	0		undefined BeeMgr(BeeMgr * this)
710017ff80	1264	Create	bd01::event::BeeMgr	a	a	0		undefined Create(BeeMgr * this)
7100180530	256	~BeeMgr	bd01::event::BeeMgr	a	a	0		undefined ~BeeMgr(BeeMgr * this)
7100180630	36	~BeeMgr	bd01::event::BeeMgr	a	a	0		undefined ~BeeMgr(BeeMgr * this)
7100180660	928	Start	bd01::event::BeeMgr	a	a	0		undefined Start(BeeMgr * this, int param_1, long param_2)
7100180a10	696	Update	bd01::event::BeeMgr	a	a	0		undefined Update(undefined1[16] param_1, undefined1[16] param_2, undefined1[16] param_3, undefined1[16] param_4, long param_5)
7100180cc8	184	End	bd01::event::BeeMgr	a	a	0		undefined End(BeeMgr * this)
7100180d80	1340	Map07_EventBeehive	bd01::event::Map07_EventBeehive	a	a	0		undefined Map07_EventBeehive(Map07_EventBeehive * this)
7100181378	256	~Map07_EventBeehive	bd01::event::Map07_EventBeehive	a	a	0		undefined ~Map07_EventBeehive(Map07_EventBeehive * this)
7100181478	8	~Map07_EventBeehive	bd01::event::Map07_EventBeehive	a	a	0		undefined ~Map07_EventBeehive(Map07_EventBeehive * this)
7100181480	36	~Map07_EventBeehive	bd01::event::Map07_EventBeehive	a	a	0		undefined ~Map07_EventBeehive(Map07_EventBeehive * this)
71001814a4	40	~Map07_EventBeehive	bd01::event::Map07_EventBeehive	a	a	0		undefined ~Map07_EventBeehive(Map07_EventBeehive * this)
71001814d0	4424	Update	bd01::event::Map07_EventBeehive	a	a	0		undefined Update(Map07_EventBeehive * param_1)
7100182710	216	Honeycomb	bd01::event::Honeycomb	a	a	0		undefined Honeycomb(Honeycomb * this)
71001827e8	908	Reset	bd01::event::Honeycomb	a	a	0		undefined Reset(Honeycomb * this)
7100182b74	528	EventInit	bd01::event::Map07_EventBeehive	a	a	0		undefined EventInit(long param_1)
7100182d90	600	ActHnyMoveRun	bd01::event::Map07_EventBeehive	a	a	0		undefined ActHnyMoveRun(undefined4 param_1, Map07_EventBeehive * this, long * param_3, byte param_4, uint param_5)
7100183024	20	LotteryMissSelect	bd01::event::Map07_EventBeehive	a	a	0		undefined LotteryMissSelect(void)
7100183038	200	ActHnyTurn	bd01::event::Map07_EventBeehive	a	a	0		undefined ActHnyTurn(undefined4 param_1, Map07_EventBeehive * this)
7100183120	2024	Select	bd01::event::Map07_EventBeehive	a	a	0		undefined4 Select(Map07_EventBeehive * this, undefined8 * param_1)
710018394c	332	MoveAndPeck	bd01::event::Map07_EventBeehive	a	a	0		undefined MoveAndPeck(Map07_EventBeehive * this, undefined8 * param_1, int param_2)
7100183ab0	1852	OnBeeHit	bd01::event::Map07_EventBeehive	a	a	0		undefined OnBeeHit(Map07_EventBeehive * this, long * param_1, int param_2, int param_3)
7100184234	104	SubActorMotion	bd01::event::Map07_EventBeehive	a	a	0		undefined SubActorMotion(Map07_EventBeehive * this, undefined8 param_1, long param_2)
71001842a0	2316	PlayDropAnim	bd01::event::Honeycomb	a	a	0		undefined PlayDropAnim(Honeycomb * this, uint param_1, int param_2)
7100184bb4	104	MainActorMotion	bd01::event::Map07_EventBeehive	a	a	0		undefined MainActorMotion(Map07_EventBeehive * this, undefined8 param_1, long param_2)
7100184c1c	40	HoneycombInit	bd01::event::Map07_EventBeehive	a	a	0		undefined HoneycombInit(void)
7100184c44	20	OnReceiveMsg	bd01::event::Map07_EventBeehive	a	a	0		undefined OnReceiveMsg(long param_1, short param_2)
7100184c58	20	OnReceiveMsg	bd01::event::Map07_EventBeehive	a	a	0		undefined OnReceiveMsg(Map07_EventBeehive * this, short param_1)
7100184c6c	116	SetCursor	bd01::event::Map07_EventBeehive	a	a	0		undefined SetCursor(Map07_EventBeehive * this, undefined8 * param_1)
7100184ce0	276	Peck	bd01::event::Map07_EventBeehive	a	a	0		undefined Peck(Map07_EventBeehive * this, undefined8 * param_1, int param_2)
7100184df4	164	Map07_EventBeehiveQuest	bd01::event::Map07_EventBeehiveQuest	a	a	0		undefined Map07_EventBeehiveQuest(Map07_EventBeehiveQuest * this, undefined4 param_1)
7100184edc	1876	Update	bd01::event::Map07_EventBeehiveQuest	a	a	0		undefined Update(Map07_EventBeehiveQuest * this)
7100185664	164	Map07_EventHanachanMoveBase	bd01::event::Map07_EventHanachanMoveBase	a	a	0		undefined Map07_EventHanachanMoveBase(Map07_EventHanachanMoveBase * this)
7100185708	36	~Map07_EventHanachanMoveBase	bd01::event::Map07_EventHanachanMoveBase	a	a	0		undefined ~Map07_EventHanachanMoveBase(Map07_EventHanachanMoveBase * this)
7100185730	2984	Run	bd01::event::Map07_EventHanachanMoveBase	a	a	0		undefined Run(Map07_EventHanachanMoveBase * this)
7100186310	5064	CreateMassModel	bd01::event::Map07_EventHanachanMoveBase	a	a	0		undefined CreateMassModel(Map07_EventHanachanMoveBase * this)
7100187710	1468	HookPc	bd01::event::Map07_EventHanachanMoveBase	a	a	0		undefined HookPc(Map07_EventHanachanMoveBase * this)
7100187cf0	108	PlayRidePlayerAnim	bd01::event::Map07_EventHanachanMoveBase	a	a	0		undefined PlayRidePlayerAnim(Map07_EventHanachanMoveBase * this, undefined8 param_1)
7100187d60	76	PlayRidePlayerFxTrig	bd01::event::Map07_EventHanachanMoveBase	a	a	0		undefined PlayRidePlayerFxTrig(Map07_EventHanachanMoveBase * this, undefined8 param_1)
7100187dac	108	PlayHanachanAnim	bd01::event::Map07_EventHanachanMoveBase	a	a	0		undefined PlayHanachanAnim(Map07_EventHanachanMoveBase * this, undefined8 param_1, ulong param_2)
7100187e20	76	StopRidePlayerFxTrig	bd01::event::Map07_EventHanachanMoveBase	a	a	0		undefined StopRidePlayerFxTrig(Map07_EventHanachanMoveBase * this, undefined8 param_1)
7100187e70	9112	MassChange	bd01::event::Map07_EventHanachanMoveBase	a	a	0		undefined MassChange(Map07_EventHanachanMoveBase * this)
710018a244	260	MovedMessage	bd01::event::Map07_EventHanachanMoveBase	a	a	0		undefined MovedMessage(Map07_EventHanachanMoveBase * this)
710018a348	212	SetMassTexture	bd01::event::Map07_EventHanachanMoveBase	a	a	0		undefined SetMassTexture(Map07_EventHanachanMoveBase * this, int param_1, ulong param_2)
710018a41c	572	EndResetHanachanMove	bd01::event::Map07_EventHanachanMoveBase	a	a	0		undefined EndResetHanachanMove(Map07_EventHanachanMoveBase * this)
710018a658	56	SetIsAnger	bd01::event::Map07_EventHanachanMoveBase	a	a	0		bool SetIsAnger(Map07_EventHanachanMoveBase * this)
710018a690	940	RingBell	bd01::event::Map07_EventHanachanMoveBase	a	a	0		undefined RingBell(Map07_EventHanachanMoveBase * this)
710018aa5c	180	Map07_EventHanachanHappuning	bd01::event::Map07_EventHanachanHappuning	a	a	0		undefined Map07_EventHanachanHappuning(Map07_EventHanachanHappuning * this)
710018ab10	312	Update	bd01::event::Map07_EventHanachanHappuning	a	a	0		undefined Update(Map07_EventHanachanHappuning * this)
710018ac48	256	Map07_EventHanachanAlarmClock	bd01::event::Map07_EventHanachanAlarmClock	a	a	0		undefined Map07_EventHanachanAlarmClock(Map07_EventHanachanAlarmClock * this)
710018ad60	1052	Update	bd01::event::Map07_EventHanachanAlarmClock	a	a	0		undefined Update(Map07_EventHanachanMoveBase * param_1)
710018b184	184	Map07_EventHanachanQuest7011	bd01::event::Map07_EventHanachanQuest7011	a	a	0		undefined Map07_EventHanachanQuest7011(Map07_EventHanachanQuest7011 * this)
710018b240	1256	Update	bd01::event::Map07_EventHanachanQuest7011	a	a	0		undefined Update(Map07_EventHanachanQuest7011 * this)
710018b750	180	Map07_EventHanachanQuest7012	bd01::event::Map07_EventHanachanQuest7012	a	a	0		undefined Map07_EventHanachanQuest7012(Map07_EventHanachanQuest7012 * this)
710018b804	244	Update	bd01::event::Map07_EventHanachanQuest7012	a	a	0		undefined Update(Map07_EventHanachanQuest7012 * this)
710018b8f8	148	~Map07_EventLapBonus	bd01::event::Map07_EventLapBonus	a	a	0		undefined ~Map07_EventLapBonus(Map07_EventLapBonus * this)
710018b98c	148	~Map07_EventPackunflower	bd01::event::Map07_EventPackunflower	a	a	0		undefined ~Map07_EventPackunflower(Map07_EventPackunflower * this)
710018ba20	148	~Map07_EventPackunflowerQuest7013	bd01::event::Map07_EventPackunflowerQuest7013	a	a	0		undefined ~Map07_EventPackunflowerQuest7013(Map07_EventPackunflowerQuest7013 * this)
710018bab4	148	~Map07_EventPackunflowerQuest7016	bd01::event::Map07_EventPackunflowerQuest7016	a	a	0		undefined ~Map07_EventPackunflowerQuest7016(Map07_EventPackunflowerQuest7016 * this)
710018bb48	80	~Map07_EventBeehiveQuest	bd01::event::Map07_EventBeehiveQuest	a	a	0		undefined ~Map07_EventBeehiveQuest(Map07_EventBeehiveQuest * this)
710018bb98	88	~Map07_EventBeehiveQuest	bd01::event::Map07_EventBeehiveQuest	a	a	0		undefined ~Map07_EventBeehiveQuest(Map07_EventBeehiveQuest * this)
710018bbf0	12	NetName	bd01::event::Map07_EventBeehive	a	a	0		char * NetName(void)
710018bbfc	80	~Map07_EventBeehiveQuest	bd01::event::Map07_EventBeehiveQuest	a	a	0		undefined ~Map07_EventBeehiveQuest(Map07_EventBeehiveQuest * this)
710018bc4c	88	~Map07_EventBeehiveQuest	bd01::event::Map07_EventBeehiveQuest	a	a	0		undefined ~Map07_EventBeehiveQuest(Map07_EventBeehiveQuest * this)
710018bca4	12	NetName	bd01::event::Map07_EventBeehive	a	a	0		char * NetName(void)
710018bcb0	556	~Map07_EventHanachanMoveBase	bd01::event::Map07_EventHanachanMoveBase	a	a	0		undefined ~Map07_EventHanachanMoveBase(Map07_EventHanachanMoveBase * this)
710018bedc	36	~Map07_EventHanachanHappuning	bd01::event::Map07_EventHanachanHappuning	a	a	0		undefined ~Map07_EventHanachanHappuning(Map07_EventHanachanHappuning * this)
710018bf00	36	~Map07_EventHanachanAlarmClock	bd01::event::Map07_EventHanachanAlarmClock	a	a	0		undefined ~Map07_EventHanachanAlarmClock(Map07_EventHanachanAlarmClock * this)
710018bf24	72	~Map07_EventHanachanQuest7011	bd01::event::Map07_EventHanachanQuest7011	a	a	0		undefined ~Map07_EventHanachanQuest7011(Map07_EventHanachanQuest7011 * this)
710018bf6c	80	~Map07_EventHanachanQuest7011	bd01::event::Map07_EventHanachanQuest7011	a	a	0		undefined ~Map07_EventHanachanQuest7011(Map07_EventHanachanQuest7011 * this)
710018bfbc	36	~Map07_EventHanachanQuest7012	bd01::event::Map07_EventHanachanQuest7012	a	a	0		undefined ~Map07_EventHanachanQuest7012(Map07_EventHanachanQuest7012 * this)
710018bfe0	140	~Map07_EventFiber	bd01::event::Map07_EventFiber	a	a	0		undefined ~Map07_EventFiber(Map07_EventFiber * this)
710018c06c	148	~Map07_EventPackunflowerBase	bd01::event::Map07_EventPackunflowerBase	a	a	0		undefined ~Map07_EventPackunflowerBase(Map07_EventPackunflowerBase * this)
710018c100	408	Intp<bd01::ModelBase,nn::util::Vector3f>	bq::act::Man	a	a	0		weak_ptr Intp<bd01::ModelBase,nn::util::Vector3f>(long * param_1_00, float param_2, undefined4 param_3, long * param_4, long * param_5, ulong * param_6, undefined8 * param_7)
710018c2bc	4	~IntpPositionBW	bq::act::IntpPositionBW<bd01::ModelBase,nn::util::Vector3f>	a	a	0		undefined ~IntpPositionBW(IntpPositionBW<bd01::ModelBase,nn::util::Vector3f> * this)
710018c2c0	288	Proc	bq::act::IntpPositionBW<bd01::ModelBase,nn::util::Vector3f>	a	a	0		undefined Proc(IntpPositionBW<bd01::ModelBase,nn::util::Vector3f> * this)
710018c3e0	60	IsProc	bq::act::IntpBaseBW<bd01::ModelBase,nn::util::Vector3f>	a	a	0		bool IsProc(IntpBaseBW<bd01::ModelBase,nn::util::Vector3f> * this)
710018c41c	4	~BaseBW	bq::act::BaseBW<bd01::ModelBase>	a	a	0		undefined ~BaseBW(BaseBW<bd01::ModelBase> * this)
710018c420	52	IsProc	bq::act::BaseBW<bd01::ModelBase>	a	a	0		bool IsProc(BaseBW<bd01::ModelBase> * this)
710018c454	36	~__shared_ptr_pointer	std::__shared_ptr_pointer<bq::act::IntpPositionBW<bd01::ModelBase,nn::util::Vector3f>*,std::shared_ptr<bq::act::Base>::__shared_ptr_default_delete<bq::act::Base,bq::act::IntpPositionBW<bd01::ModelBase,nn::util::Vector3f>>,std::allocator<bq::act::IntpPositionBW<bd01::ModelBase,nn::util::Vector3f>>>	a	a	0		undefined ~__shared_ptr_pointer(__shared_ptr_pointer<bq::act::IntpPositionBW<bd01::ModelBase,nn::util::Vector3f>*,std::shared_ptr<bq::act::Base>::__shared_ptr_default_delete<bq::act::Base,bq::act::IntpPositionBW<bd01::ModelBase,nn::util::Vector3f>>,std::allocator<bq::act::IntpPositionBW<bd01::ModelBase,nn::util::Vector3f>>> * this)
710018c478	24	__on_zero_shared	std::__shared_ptr_pointer<bq::act::IntpPositionBW<bd01::ModelBase,nn::util::Vector3f>*,std::shared_ptr<bq::act::Base>::__shared_ptr_default_delete<bq::act::Base,bq::act::IntpPositionBW<bd01::ModelBase,nn::util::Vector3f>>,std::allocator<bq::act::IntpPositionBW<bd01::ModelBase,nn::util::Vector3f>>>	a	a	0		undefined __on_zero_shared(__shared_ptr_pointer<bq::act::IntpPositionBW<bd01::ModelBase,nn::util::Vector3f>*,std::shared_ptr<bq::act::Base>::__shared_ptr_default_delete<bq::act::Base,bq::act::IntpPositionBW<bd01::ModelBase,nn::util::Vector3f>>,std::allocator<bq::act::IntpPositionBW<bd01::ModelBase,nn::util::Vector3f>>> * this)
710018c490	4	__on_zero_shared_weak	std::__shared_ptr_pointer<bq::act::IntpPositionBW<bd01::ModelBase,nn::util::Vector3f>*,std::shared_ptr<bq::act::Base>::__shared_ptr_default_delete<bq::act::Base,bq::act::IntpPositionBW<bd01::ModelBase,nn::util::Vector3f>>,std::allocator<bq::act::IntpPositionBW<bd01::ModelBase,nn::util::Vector3f>>>	a	a	0		undefined __on_zero_shared_weak(__shared_ptr_pointer<bq::act::IntpPositionBW<bd01::ModelBase,nn::util::Vector3f>*,std::shared_ptr<bq::act::Base>::__shared_ptr_default_delete<bq::act::Base,bq::act::IntpPositionBW<bd01::ModelBase,nn::util::Vector3f>>,std::allocator<bq::act::IntpPositionBW<bd01::ModelBase,nn::util::Vector3f>>> * this)
710018c494	20	FUN_710018c494		d	a	0		undefined FUN_710018c494(void)
710018c4b0	80	FUN_710018c4b0		d	a	0		undefined FUN_710018c4b0(void)
710018c500	80	FUN_710018c500		d	a	0		undefined FUN_710018c500(void)
710018c550	96	QuestFakeNPC	bd01::event::QuestFakeNPC	a	a	0		undefined QuestFakeNPC(QuestFakeNPC * this, long param_1, undefined4 param_2)
710018c5b0	748	Update	bd01::event::QuestFakeNPC	a	a	0		undefined Update(QuestFakeNPC * this)
710018c8f0	328	FUN_710018c8f0		d	a	0		undefined FUN_710018c8f0(char * param_1, undefined8 * param_2, long param_3)
710018ca6c	440	FUN_710018ca6c		d	a	0		undefined FUN_710018ca6c(long * param_1, char * param_2, uint param_3)
710018cc24	480	QuestFirstDeco	bd01::event::QuestFirstDeco	a	a	0		undefined QuestFirstDeco(QuestFirstDeco * this, undefined8 param_1, undefined4 param_2)
710018ce60	828	Update	bd01::event::QuestFirstDeco	a	a	0		undefined Update(QuestFirstDeco * this)
710018d1a0	288	FUN_710018d1a0		d	a	0		undefined FUN_710018d1a0(long param_1, byte * param_2, uint param_3)
710018d2c0	148	Update	bd01::event::QuestFirstPutSignboard	a	a	0		undefined Update(void)
710018d354	396	QuestItemGive	bd01::event::QuestItemGive	a	a	0		undefined QuestItemGive(QuestItemGive * this, char * param_1, undefined8 param_2, byte param_3)
710018d510	1488	Update	bd01::event::QuestItemGive	a	a	0		undefined Update(QuestItemGive * this)
710018db30	300	GetSoundActor	bd01::event::QuestItemGive	a	a	0		undefined GetSoundActor(long * param_1, long param_2)
710018dc64	92	QuestJoinTelop	bd01::event::QuestJoinTelop	a	a	0		undefined QuestJoinTelop(QuestJoinTelop * this, undefined4 param_1, undefined4 param_2, long param_3)
710018dcc0	400	Update	bd01::event::QuestJoinTelop	a	a	0		undefined Update(QuestJoinTelop * this)
710018de50	228	CheckReadyToStart	bd01::event::QuestQuizSolve	a	a	0		uint CheckReadyToStart(void)
710018df34	448	FUN_710018df34		d	a	0		undefined FUN_710018df34(undefined8 * param_1, char * param_2, uint param_3)
710018e0f4	84	IsFirstSolve	bd01::event::QuestQuizSolve	a	a	0		uint IsFirstSolve(void)
710018e148	148	IsAllSolve	bd01::event::QuestQuizSolve	a	a	0		uint IsAllSolve(void)
710018e1dc	408	QuestQuizSolve	bd01::event::QuestQuizSolve	a	a	0		undefined QuestQuizSolve(QuestQuizSolve * this, long param_1)
710018e3a0	392	Update	bd01::event::QuestQuizSolve	a	a	0		undefined Update(QuestQuizSolve * this)
710018e530	444	FUN_710018e530		d	a	0		undefined FUN_710018e530(long param_1, undefined8 param_2, char * param_3)
710018e710	88	QuestSelectQuestMap	bd01::event::QuestSelectQuestMap	a	a	0		undefined QuestSelectQuestMap(QuestSelectQuestMap * this, long param_1)
710018e770	172	~QuestSelectQuestMap	bd01::event::QuestSelectQuestMap	a	a	0		undefined ~QuestSelectQuestMap(QuestSelectQuestMap * this)
710018e81c	36	~QuestSelectQuestMap	bd01::event::QuestSelectQuestMap	a	a	0		undefined ~QuestSelectQuestMap(QuestSelectQuestMap * this)
710018e840	1216	Update	bd01::event::QuestSelectQuestMap	a	a	0		undefined Update(QuestSelectQuestMap * this)
710018ed90	468	AddComponent<bq::ComUiSelectQuestMap,,(void*)0>	nn::bezel::Entity	a	a	0		WeakHandle AddComponent<bq::ComUiSelectQuestMap,,(void*)0>(long * param_1, HandlePtr * param_2)
710018ef70	292	SetQuestPlayReport	bd01::event::QuestReward	a	a	0		undefined SetQuestPlayReport(ulong param_1)
710018f094	208	IsReadyToStart	bd01::event::QuestTotalLittleStar	a	a	0		bool IsReadyToStart(void)
710018f168	152	IsTotal	bd01::event::QuestTotalLittleStar	a	a	0		bool IsTotal(uint param_1)
710018f204	208	IsBoard	bd01::event::QuestTotalLittleStar	a	a	0		bool IsBoard(uint param_1)
710018f2d8	340	IsAllBoard	bd01::event::QuestTotalLittleStar	a	a	0		bool IsAllBoard(void)
710018f434	468	Update	bd01::event::QuestTotalLittleStar	a	a	0		undefined Update(void)
710018f610	224	FUN_710018f610		d	a	0		undefined FUN_710018f610(char * param_1, uint param_2, undefined4 param_3)
710018f72c	56	QuestWarpToStartMass	bd01::event::QuestWarpToStartMass	a	a	0		undefined QuestWarpToStartMass(QuestWarpToStartMass * this)
710018f770	852	Update	bd01::event::QuestWarpToStartMass	a	a	0		undefined Update(void)
710018fb88	232	QuestBossMgEvent	bd01::event::QuestBossMgEvent	a	a	0		undefined QuestBossMgEvent(QuestBossMgEvent * this, byte * param_1)
710018fc84	500	Update	bd01::event::QuestBossMgEvent	a	a	0		undefined Update(QuestBossMgEvent * this)
710018febc	4	OnUpdateQuest	bd01::event::QuestBossMgEvent	a	a	0		undefined OnUpdateQuest(void)
710018fec0	524	IsBossMap	bd01::event::QuestBossMgEvent	a	a	0		uint IsBossMap(void)
71001900ec	36	OnEnterMapFadeInBefore	bd01::event::QuestBossMgEvent	a	a	0		undefined OnEnterMapFadeInBefore(void)
7100190110	4	OnEnterMapFadeInAfter	bd01::event::QuestBossMgEvent	a	a	0		undefined OnEnterMapFadeInAfter(void)
7100190120	64	Update	bd01::event::QuestReward	a	a	0		undefined Update(void)
7100190160	88	~QuestFirstPutSignboard	bd01::event::QuestFirstPutSignboard	a	a	0		undefined ~QuestFirstPutSignboard(QuestFirstPutSignboard * this)
71001901b8	88	~QuestTotalLittleStar	bd01::event::QuestTotalLittleStar	a	a	0		undefined ~QuestTotalLittleStar(QuestTotalLittleStar * this)
7100190210	88	~QuestReward	bd01::event::QuestReward	a	a	0		undefined ~QuestReward(QuestReward * this)
7100190268	88	~QuestFakeNPC	bd01::event::QuestFakeNPC	a	a	0		undefined ~QuestFakeNPC(QuestFakeNPC * this)
71001902c0	120	~QuestFirstDeco	bd01::event::QuestFirstDeco	a	a	0		undefined ~QuestFirstDeco(QuestFirstDeco * this)
7100190338	128	~QuestFirstDeco	bd01::event::QuestFirstDeco	a	a	0		undefined ~QuestFirstDeco(QuestFirstDeco * this)
71001903b8	88	~QuestItemGive	bd01::event::QuestItemGive	a	a	0		undefined ~QuestItemGive(QuestItemGive * this)
7100190410	88	~QuestJoinTelop	bd01::event::QuestJoinTelop	a	a	0		undefined ~QuestJoinTelop(QuestJoinTelop * this)
7100190468	128	~QuestQuizSolve	bd01::event::QuestQuizSolve	a	a	0		undefined ~QuestQuizSolve(QuestQuizSolve * this)
71001904e8	136	~QuestQuizSolve	bd01::event::QuestQuizSolve	a	a	0		undefined ~QuestQuizSolve(QuestQuizSolve * this)
7100190570	88	~QuestWarpToStartMass	bd01::event::QuestWarpToStartMass	a	a	0		undefined ~QuestWarpToStartMass(QuestWarpToStartMass * this)
71001905c8	112	~QuestBossMgEvent	bd01::event::QuestBossMgEvent	a	a	0		undefined ~QuestBossMgEvent(QuestBossMgEvent * this)
7100190638	120	~QuestBossMgEvent	bd01::event::QuestBossMgEvent	a	a	0		undefined ~QuestBossMgEvent(QuestBossMgEvent * this)
71001906b0	896	FUN_71001906b0		d	a	0		undefined FUN_71001906b0(long * param_1, ulong param_2, basic_string<char,std::char_traits<char>,bex::HeapModule::Allocator_string<char>> * param_3)
7100190a50	392	FUN_7100190a50		d	a	0		undefined FUN_7100190a50(long * param_1, undefined8 * param_2, long param_3)
7100190bdc	52	FUN_7100190bdc		d	a	0		undefined FUN_7100190bdc(long param_1)
7100190c28	4	FUN_7100190c28		d	a	0		undefined FUN_7100190c28(void)
7100190c2c	4	operator.delete	<EXTERNAL>	d	a	1		void operator.delete(void * param_1)
7100190c98	52	FUN_7100190c98		d	a	0		undefined FUN_7100190c98(long param_1)
7100190ce4	4	FUN_7100190ce4		d	a	0		undefined FUN_7100190ce4(void)
7100190ce8	4	operator.delete	<EXTERNAL>	d	a	1		void operator.delete(void * param_1)
7100190d70	52	FUN_7100190d70		d	a	0		undefined FUN_7100190d70(long param_1)
7100190dbc	4	FUN_7100190dbc		d	a	0		undefined FUN_7100190dbc(void)
7100190dc0	4	operator.delete	<EXTERNAL>	d	a	1		void operator.delete(void * param_1)
7100190e40	4	~JumpPosition	bq::act::JumpPosition<bd01::ItemModel>	a	a	0		undefined ~JumpPosition(JumpPosition<bd01::ItemModel> * this)
7100190e44	196	Proc	bq::act::SplinePosition<bd01::ItemModel,nn::util::Vector3f>	a	a	0		undefined Proc(SplinePosition<bd01::ItemModel,nn::util::Vector3f> * this)
7100190f08	24	IsProc	bq::act::SplineBase<bd01::ItemModel,nn::util::Vector3f>	a	a	0		bool IsProc(SplineBase<bd01::ItemModel,nn::util::Vector3f> * this)
7100190f20	36	~__shared_ptr_pointer	std::__shared_ptr_pointer<bq::act::JumpPosition<bd01::ItemModel>*,std::shared_ptr<bq::act::Base>::__shared_ptr_default_delete<bq::act::Base,bq::act::JumpPosition<bd01::ItemModel>>,std::allocator<bq::act::JumpPosition<bd01::ItemModel>>>	a	a	0		undefined ~__shared_ptr_pointer(__shared_ptr_pointer<bq::act::JumpPosition<bd01::ItemModel>*,std::shared_ptr<bq::act::Base>::__shared_ptr_default_delete<bq::act::Base,bq::act::JumpPosition<bd01::ItemModel>>,std::allocator<bq::act::JumpPosition<bd01::ItemModel>>> * this)
7100190f44	24	__on_zero_shared	std::__shared_ptr_pointer<bq::act::JumpPosition<bd01::ItemModel>*,std::shared_ptr<bq::act::Base>::__shared_ptr_default_delete<bq::act::Base,bq::act::JumpPosition<bd01::ItemModel>>,std::allocator<bq::act::JumpPosition<bd01::ItemModel>>>	a	a	0		undefined __on_zero_shared(__shared_ptr_pointer<bq::act::JumpPosition<bd01::ItemModel>*,std::shared_ptr<bq::act::Base>::__shared_ptr_default_delete<bq::act::Base,bq::act::JumpPosition<bd01::ItemModel>>,std::allocator<bq::act::JumpPosition<bd01::ItemModel>>> * this)
7100190f5c	4	__on_zero_shared_weak	std::__shared_ptr_pointer<bq::act::JumpPosition<bd01::ItemModel>*,std::shared_ptr<bq::act::Base>::__shared_ptr_default_delete<bq::act::Base,bq::act::JumpPosition<bd01::ItemModel>>,std::allocator<bq::act::JumpPosition<bd01::ItemModel>>>	a	a	0		undefined __on_zero_shared_weak(__shared_ptr_pointer<bq::act::JumpPosition<bd01::ItemModel>*,std::shared_ptr<bq::act::Base>::__shared_ptr_default_delete<bq::act::Base,bq::act::JumpPosition<bd01::ItemModel>>,std::allocator<bq::act::JumpPosition<bd01::ItemModel>>> * this)
7100190f60	360	SafeCreate<bq::ComUiSelectQuestMap,nn::bezel::HandlePtr<nn::bezel::Entity>const&>	bex::ComponentUtil	a	a	0		WeakHandle SafeCreate<bq::ComUiSelectQuestMap,nn::bezel::HandlePtr<nn::bezel::Entity>const&>(long * param_1, ComponentUtil * this)
71001910d8	32	IsDerivedFrom	nn::bezel::detail::StaticTypeDesc<bq::ComUiSelectQuestMap,false,nn::bezel::Component>	a	a	0		bool IsDerivedFrom(undefined * param_1)
71001910f8	12	GetBaseTypeDesc	nn::bezel::detail::StaticTypeDesc<bq::ComUiSelectQuestMap,false,nn::bezel::Component>	a	a	0		undefined * GetBaseTypeDesc(void)
7100191104	20	GetNextBaseTypeDesc	nn::bezel::detail::StaticTypeDesc<bq::ComUiSelectQuestMap,false,nn::bezel::Component>	a	a	0		undefined * GetNextBaseTypeDesc(long param_1)
7100191118	8	CastTo	nn::bezel::detail::StaticTypeDesc<bq::ComUiSelectQuestMap,false,nn::bezel::Component>	a	a	0		undefined8 CastTo(undefined8 param_1, undefined8 param_2)
7100191120	8	CastToConst	nn::bezel::detail::StaticTypeDesc<bq::ComUiSelectQuestMap,false,nn::bezel::Component>	a	a	0		undefined8 CastToConst(undefined8 param_1, undefined8 param_2)
7100191178	4	FUN_7100191178		d	a	0		undefined FUN_7100191178(void)
710019117c	4	operator.delete	<EXTERNAL>	d	a	1		void operator.delete(void * param_1)
7100191210	292	AddFiber<bd01::event::BossMgEvent>	bq::act::Man	a	a	0		weak_ptr AddFiber<bd01::event::BossMgEvent>(long * param_1_00, long * param_2, long param_3)
7100191378	36	~__shared_ptr_pointer	std::__shared_ptr_pointer<bq::act::FiberManHolder<bd01::event::BossMgEvent>*,std::shared_ptr<bq::act::Base>::__shared_ptr_default_delete<bq::act::Base,bq::act::FiberManHolder<bd01::event::BossMgEvent>>,std::allocator<bq::act::FiberManHolder<bd01::event::BossMgEvent>>>	a	a	0		undefined ~__shared_ptr_pointer(__shared_ptr_pointer<bq::act::FiberManHolder<bd01::event::BossMgEvent>*,std::shared_ptr<bq::act::Base>::__shared_ptr_default_delete<bq::act::Base,bq::act::FiberManHolder<bd01::event::BossMgEvent>>,std::allocator<bq::act::FiberManHolder<bd01::event::BossMgEvent>>> * this)
710019139c	24	__on_zero_shared	std::__shared_ptr_pointer<bq::act::FiberManHolder<bd01::event::BossMgEvent>*,std::shared_ptr<bq::act::Base>::__shared_ptr_default_delete<bq::act::Base,bq::act::FiberManHolder<bd01::event::BossMgEvent>>,std::allocator<bq::act::FiberManHolder<bd01::event::BossMgEvent>>>	a	a	0		undefined __on_zero_shared(__shared_ptr_pointer<bq::act::FiberManHolder<bd01::event::BossMgEvent>*,std::shared_ptr<bq::act::Base>::__shared_ptr_default_delete<bq::act::Base,bq::act::FiberManHolder<bd01::event::BossMgEvent>>,std::allocator<bq::act::FiberManHolder<bd01::event::BossMgEvent>>> * this)
71001913b4	4	__on_zero_shared_weak	std::__shared_ptr_pointer<bq::act::FiberManHolder<bd01::event::BossMgEvent>*,std::shared_ptr<bq::act::Base>::__shared_ptr_default_delete<bq::act::Base,bq::act::FiberManHolder<bd01::event::BossMgEvent>>,std::allocator<bq::act::FiberManHolder<bd01::event::BossMgEvent>>>	a	a	0		undefined __on_zero_shared_weak(__shared_ptr_pointer<bq::act::FiberManHolder<bd01::event::BossMgEvent>*,std::shared_ptr<bq::act::Base>::__shared_ptr_default_delete<bq::act::Base,bq::act::FiberManHolder<bd01::event::BossMgEvent>>,std::allocator<bq::act::FiberManHolder<bd01::event::BossMgEvent>>> * this)
71001913c0	96	~FiberManHolder	bq::act::FiberManHolder<bd01::event::BossMgEvent>	a	a	0		undefined ~FiberManHolder(FiberManHolder<bd01::event::BossMgEvent> * this)
7100191420	108	~FiberManHolder	bq::act::FiberManHolder<bd01::event::BossMgEvent>	a	a	0		undefined ~FiberManHolder(FiberManHolder<bd01::event::BossMgEvent> * this)
710019148c	32	IsProc	bq::act::FiberManHolder<bd01::event::BossMgEvent>	a	a	0		uint IsProc(void)
71001914ac	12	IsObject	bq::act::FiberManHolder<bd01::event::BossMgEvent>	a	a	0		undefined IsObject(long param_1)
71001914b8	8	SetPauseLevel	bq::act::FiberManHolder<bd01::event::BossMgEvent>	a	a	0		undefined SetPauseLevel(long param_1)
71001914c0	36	~__shared_ptr_pointer	std::__shared_ptr_pointer<bd01::event::BossMgEvent*,std::shared_ptr<bd01::event::BossMgEvent>::__shared_ptr_default_delete<bd01::event::BossMgEvent,bd01::event::BossMgEvent>,std::allocator<bd01::event::BossMgEvent>>	a	a	0		undefined ~__shared_ptr_pointer(__shared_ptr_pointer<bd01::event::BossMgEvent*,std::shared_ptr<bd01::event::BossMgEvent>::__shared_ptr_default_delete<bd01::event::BossMgEvent,bd01::event::BossMgEvent>,std::allocator<bd01::event::BossMgEvent>> * this)
71001914e4	24	__on_zero_shared	std::__shared_ptr_pointer<bd01::event::BossMgEvent*,std::shared_ptr<bd01::event::BossMgEvent>::__shared_ptr_default_delete<bd01::event::BossMgEvent,bd01::event::BossMgEvent>,std::allocator<bd01::event::BossMgEvent>>	a	a	0		undefined __on_zero_shared(__shared_ptr_pointer<bd01::event::BossMgEvent*,std::shared_ptr<bd01::event::BossMgEvent>::__shared_ptr_default_delete<bd01::event::BossMgEvent,bd01::event::BossMgEvent>,std::allocator<bd01::event::BossMgEvent>> * this)
71001914fc	4	__on_zero_shared_weak	std::__shared_ptr_pointer<bd01::event::BossMgEvent*,std::shared_ptr<bd01::event::BossMgEvent>::__shared_ptr_default_delete<bd01::event::BossMgEvent,bd01::event::BossMgEvent>,std::allocator<bd01::event::BossMgEvent>>	a	a	0		undefined __on_zero_shared_weak(__shared_ptr_pointer<bd01::event::BossMgEvent*,std::shared_ptr<bd01::event::BossMgEvent>::__shared_ptr_default_delete<bd01::event::BossMgEvent,bd01::event::BossMgEvent>,std::allocator<bd01::event::BossMgEvent>> * this)
7100191500	212	ItemUseTrapBase	bd01::event::ItemUseTrapBase	a	a	0		undefined ItemUseTrapBase(ItemUseTrapBase * this, undefined4 * param_1, undefined4 param_2, undefined2 * param_3, undefined4 param_4)
71001916ec	60	RunCom	bd01::event::ItemUseTrapBase	a	a	0		undefined RunCom(ItemUseTrapBase * this)
7100191730	460	RunOtherID	bd01::event::ItemUseTrapBase	a	a	0		undefined RunOtherID(long param_1)
7100191960	4140	RunMyID	bd01::event::ItemUseTrapBase	a	a	0		undefined RunMyID(ItemUseTrapBase * this)
7100192bc0	276	UpdateGuide	bd01::event::ItemUseTrapBase	a	a	0		undefined UpdateGuide(ItemUseTrapBase * this)
7100192ce0	928	SetCursorPosition	bd01::event::ItemUseTrapBase	a	a	0		undefined SetCursorPosition(ItemUseTrapBase * this, long param_1)
7100193080	500	GetChoice	bd01::event::ItemUseTrapBase	a	a	0		undefined GetChoice(vector<bd01::event::ItemUseTrapBase::Choice,bex::HeapModule::Allocator_vector<bd01::event::ItemUseTrapBase::Choice>> * param_1_00, long param_2, short * param_3)
71001932a0	28	RequestGuide	bd01::event::ItemUseTrapBase	a	a	0		undefined RequestGuide(ItemUseTrapBase * this, byte param_1)
71001932c0	1284	CreateGuide	bd01::event::ItemUseTrapBase	a	a	0		undefined CreateGuide(ItemUseTrapBase * this, short * param_1)
71001937e0	96	DeleteGuide	bd01::event::ItemUseTrapBase	a	a	0		undefined DeleteGuide(ItemUseTrapBase * this)
7100193840	296	GetNextTrackData	bd01::event::ItemUseTrapBase	a	a	0		undefined GetNextTrackData(ushort * param_1, undefined8 param_2, ushort * param_3, short * param_4)
7100193970	980	RunSelect	bd01::event::ItemUseTrapBase	a	a	0		undefined RunSelect(ItemUseTrapBase * this)
7100193d44	20	OnReceiveMsg	bd01::event::ItemUseTrapBase	a	a	0		undefined OnReceiveMsg(long param_1, undefined8 param_2, undefined2 * param_3)
7100193d58	20	OnReceiveMsg	bd01::event::ItemUseTrapBase	a	a	0		undefined OnReceiveMsg(ItemUseTrapBase * this, undefined8 param_2_00, undefined2 * param_2)
7100193d6c	176	ItemUse10CoinTakeMass	bd01::event::ItemUse10CoinTakeMass	a	a	0		undefined ItemUse10CoinTakeMass(ItemUse10CoinTakeMass * this, uint * param_1, undefined2 * param_2)
7100193e30	20	Update	bd01::event::ItemUse10CoinTakeMass	a	a	0		undefined Update(ItemUse10CoinTakeMass * this)
7100193e44	176	ItemUseHalfCoinTakeMass	bd01::event::ItemUseHalfCoinTakeMass	a	a	0		undefined ItemUseHalfCoinTakeMass(ItemUseHalfCoinTakeMass * this, uint * param_1, undefined2 * param_2)
7100193f08	20	Update	bd01::event::ItemUseHalfCoinTakeMass	a	a	0		undefined Update(ItemUseHalfCoinTakeMass * this)
7100193f1c	176	ItemUseStarTakeMass	bd01::event::ItemUseStarTakeMass	a	a	0		undefined ItemUseStarTakeMass(ItemUseStarTakeMass * this, uint * param_1, undefined2 * param_2)
7100193fe0	20	Update	bd01::event::ItemUseStarTakeMass	a	a	0		undefined Update(ItemUseStarTakeMass * this)
7100193ff4	36	~ItemUseTrapBase	bd01::event::ItemUseTrapBase	a	a	0		undefined ~ItemUseTrapBase(ItemUseTrapBase * this)
7100194018	12	NetName	bd01::event::ItemUseTrapBase	a	a	0		char * NetName(void)
7100194024	8	~ItemUseTrapBase	bd01::event::ItemUseTrapBase	a	a	0		undefined ~ItemUseTrapBase(ItemUseTrapBase * this)
710019402c	40	~ItemUseTrapBase	bd01::event::ItemUseTrapBase	a	a	0		undefined ~ItemUseTrapBase(ItemUseTrapBase * this)
7100194054	12	NetName	bd01::event::ItemUseTrapBase	a	a	0		char * NetName(void)
7100194060	36	~ItemUse10CoinTakeMass	bd01::event::ItemUse10CoinTakeMass	a	a	0		undefined ~ItemUse10CoinTakeMass(ItemUse10CoinTakeMass * this)
7100194084	8	~ItemUse10CoinTakeMass	bd01::event::ItemUse10CoinTakeMass	a	a	0		undefined ~ItemUse10CoinTakeMass(ItemUse10CoinTakeMass * this)
710019408c	40	~ItemUse10CoinTakeMass	bd01::event::ItemUse10CoinTakeMass	a	a	0		undefined ~ItemUse10CoinTakeMass(ItemUse10CoinTakeMass * this)
71001940b4	36	~ItemUseHalfCoinTakeMass	bd01::event::ItemUseHalfCoinTakeMass	a	a	0		undefined ~ItemUseHalfCoinTakeMass(ItemUseHalfCoinTakeMass * this)
71001940d8	8	~ItemUseHalfCoinTakeMass	bd01::event::ItemUseHalfCoinTakeMass	a	a	0		undefined ~ItemUseHalfCoinTakeMass(ItemUseHalfCoinTakeMass * this)
71001940e0	40	~ItemUseHalfCoinTakeMass	bd01::event::ItemUseHalfCoinTakeMass	a	a	0		undefined ~ItemUseHalfCoinTakeMass(ItemUseHalfCoinTakeMass * this)
7100194110	288	~ItemUseTrapBase	bd01::event::ItemUseTrapBase	a	a	0		undefined ~ItemUseTrapBase(ItemUseTrapBase * this)
7100194234	36	~ItemUseStarTakeMass	bd01::event::ItemUseStarTakeMass	a	a	0		undefined ~ItemUseStarTakeMass(ItemUseStarTakeMass * this)
7100194258	8	~ItemUseStarTakeMass	bd01::event::ItemUseStarTakeMass	a	a	0		undefined ~ItemUseStarTakeMass(ItemUseStarTakeMass * this)
7100194260	40	~ItemUseStarTakeMass	bd01::event::ItemUseStarTakeMass	a	a	0		undefined ~ItemUseStarTakeMass(ItemUseStarTakeMass * this)
7100194288	88	FUN_7100194288		d	a	0		undefined FUN_7100194288(Fiber * param_1)
71001943b0	4	~__func	std::__function::__func<std::__bind<void(bd01::event::ItemUseTrapBase::*&)(),bd01::event::ItemUseTrapBase*&>,std::allocator<std::__bind<void(bd01::event::ItemUseTrapBase::*&)(),bd01::event::ItemUseTrapBase*&>>,void()>	a	a	0		undefined ~__func(__func<std::__bind<void(bd01::event::ItemUseTrapBase::*&)(),bd01::event::ItemUseTrapBase*&>,std::allocator<std::__bind<void(bd01::event::ItemUseTrapBase::*&)(),bd01::event::ItemUseTrapBase*&>>,void()> * this)
71001943b4	64	__clone	std::__function::__func<std::__bind<void(bd01::event::ItemUseTrapBase::*&)(),bd01::event::ItemUseTrapBase*&>,std::allocator<std::__bind<void(bd01::event::ItemUseTrapBase::*&)(),bd01::event::ItemUseTrapBase*&>>,void()>	a	a	0		undefined __clone(__func<std::__bind<void(bd01::event::ItemUseTrapBase::*&)(),bd01::event::ItemUseTrapBase*&>,std::allocator<std::__bind<void(bd01::event::ItemUseTrapBase::*&)(),bd01::event::ItemUseTrapBase*&>>,void()> * this)
71001943f4	36	__clone	std::__function::__func<std::__bind<void(bd01::event::ItemUseTrapBase::*&)(),bd01::event::ItemUseTrapBase*&>,std::allocator<std::__bind<void(bd01::event::ItemUseTrapBase::*&)(),bd01::event::ItemUseTrapBase*&>>,void()>	a	a	0		undefined __clone(__func<std::__bind<void(bd01::event::ItemUseTrapBase::*&)(),bd01::event::ItemUseTrapBase*&>,std::allocator<std::__bind<void(bd01::event::ItemUseTrapBase::*&)(),bd01::event::ItemUseTrapBase*&>>,void()> * this, long * param_1)
7100194418	4	destroy	std::__function::__func<std::__bind<void(bd01::event::ItemUseTrapBase::*&)(),bd01::event::ItemUseTrapBase*&>,std::allocator<std::__bind<void(bd01::event::ItemUseTrapBase::*&)(),bd01::event::ItemUseTrapBase*&>>,void()>	a	a	0		undefined destroy(void)
710019441c	4	destroy_deallocate	std::__function::__func<std::__bind<void(bd01::event::ItemUseTrapBase::*&)(),bd01::event::ItemUseTrapBase*&>,std::allocator<std::__bind<void(bd01::event::ItemUseTrapBase::*&)(),bd01::event::ItemUseTrapBase*&>>,void()>	a	a	0		undefined destroy_deallocate(__func<std::__bind<void(bd01::event::ItemUseTrapBase::*&)(),bd01::event::ItemUseTrapBase*&>,std::allocator<std::__bind<void(bd01::event::ItemUseTrapBase::*&)(),bd01::event::ItemUseTrapBase*&>>,void()> * this)
7100194420	28	operator()	std::__function::__func<std::__bind<void(bd01::event::ItemUseTrapBase::*&)(),bd01::event::ItemUseTrapBase*&>,std::allocator<std::__bind<void(bd01::event::ItemUseTrapBase::*&)(),bd01::event::ItemUseTrapBase*&>>,void()>	a	a	0		undefined operator()(__func<std::__bind<void(bd01::event::ItemUseTrapBase::*&)(),bd01::event::ItemUseTrapBase*&>,std::allocator<std::__bind<void(bd01::event::ItemUseTrapBase::*&)(),bd01::event::ItemUseTrapBase*&>>,void()> * this)
710019443c	36	FUN_710019443c		d	a	0		undefined FUN_710019443c(__shared_weak_count * param_1)
7100194480	96	FUN_7100194480		d	a	0		undefined FUN_7100194480(long param_1)
71001944e0	108	FUN_71001944e0		d	a	0		undefined FUN_71001944e0(void * param_1)
710019454c	32	FUN_710019454c		d	a	0		uint FUN_710019454c(void)
7100194580	36	FUN_7100194580		d	a	0		undefined FUN_7100194580(__shared_weak_count * param_1)
71001945c0	320	__emplace_back_slow_path<bd01::LayoutBase*&>	std::vector<std::unique_ptr<bd01::LayoutBase,std::default_delete<bd01::LayoutBase>>,bex::HeapModule::Allocator_vector<std::unique_ptr<bd01::LayoutBase,std::default_delete<bd01::LayoutBase>>>>	a	a	0		void __emplace_back_slow_path<bd01::LayoutBase*&>(vector<std::unique_ptr<bd01::LayoutBase,std::default_delete<bd01::LayoutBase>>,bex::HeapModule::Allocator_vector<std::unique_ptr<bd01::LayoutBase,std::default_delete<bd01::LayoutBase>>>> * this, long * param_1)
7100194704	20	FUN_7100194704		d	a	0		undefined FUN_7100194704(void)
7100194720	520	__emplace_back_slow_path<bd01::TrackData&,bd01::TrackData_const&>	std::vector<bd01::event::ItemUseTrapBase::Choice,bex::HeapModule::Allocator_vector<bd01::event::ItemUseTrapBase::Choice>>	a	a	0		void __emplace_back_slow_path<bd01::TrackData&,bd01::TrackData_const&>(vector<bd01::event::ItemUseTrapBase::Choice,bex::HeapModule::Allocator_vector<bd01::event::ItemUseTrapBase::Choice>> * this, short * param_1, undefined8 param_2)
7100194928	72	FUN_7100194928		d	a	0		undefined FUN_7100194928(undefined8 * param_1)
7100194970	20	FUN_7100194970		d	a	0		undefined FUN_7100194970(void)
7100194984	144	LuckyMass	bd01::event::LuckyMass	a	a	0		undefined LuckyMass(LuckyMass * this, uint * param_1)
7100194a40	2912	Update	bd01::event::LuckyMass	a	a	0		undefined Update(LuckyMass * this)
71001955f0	1896	RunRoulette	bd01::event::LuckyMass	a	a	0		undefined RunRoulette(LuckyMass * this)
7100195dac	200	RunResult	bd01::event::LuckyMass	a	a	0		undefined RunResult(LuckyMass * this)
7100195e74	12	IsGetCoin	bd01::event::LuckyMass	a	a	0		bool IsGetCoin(LuckyMass * this, uint param_1)
7100195e80	16	IsGetItem	bd01::event::LuckyMass	a	a	0		bool IsGetItem(LuckyMass * this, int param_1)
7100195e90	100	GetRouletteNo	bd01::event::LuckyMass	a	a	0		undefined1 GetRouletteNo(LuckyMass * this)
7100195ef4	356	RunResultGetCoin	bd01::event::LuckyMass	a	a	0		undefined RunResultGetCoin(ActFlowEventFiber * param_1, int param_2)
7100196074	192	RunResultGetItem	bd01::event::LuckyMass	a	a	0		undefined RunResultGetItem(LuckyMass * this, undefined4 param_1)
7100196150	64	SendResult	bd01::event::LuckyMass	a	a	0		undefined4 SendResult(LuckyMass * this)
7100196190	20	OnReceiveMsg	bd01::event::LuckyMass	a	a	0		undefined OnReceiveMsg(long param_1, undefined8 param_2, short * param_3)
71001961a4	20	OnReceiveMsg	bd01::event::LuckyMass	a	a	0		undefined OnReceiveMsg(LuckyMass * this, undefined8 param_2_00, short * param_2)
71001961b8	124	~LuckyMass	bd01::event::LuckyMass	a	a	0		undefined ~LuckyMass(LuckyMass * this)
7100196234	132	~LuckyMass	bd01::event::LuckyMass	a	a	0		undefined ~LuckyMass(LuckyMass * this)
71001962b8	12	NetName	bd01::event::LuckyMass	a	a	0		char * NetName(void)
71001962c4	124	~LuckyMass	bd01::event::LuckyMass	a	a	0		undefined ~LuckyMass(LuckyMass * this)
7100196340	132	~LuckyMass	bd01::event::LuckyMass	a	a	0		undefined ~LuckyMass(LuckyMass * this)
71001963c4	12	NetName	bd01::event::LuckyMass	a	a	0		char * NetName(void)
71001963d0	292	AddFiber<bd01::ActSupportCharaMoveSafe>	bq::act::Man	a	a	0		weak_ptr AddFiber<bd01::ActSupportCharaMoveSafe>(long * param_1_00, long * param_2, long param_3)
7100196538	36	~__shared_ptr_pointer	std::__shared_ptr_pointer<bq::act::FiberManHolder<bd01::ActSupportCharaMoveSafe>*,std::shared_ptr<bq::act::Base>::__shared_ptr_default_delete<bq::act::Base,bq::act::FiberManHolder<bd01::ActSupportCharaMoveSafe>>,std::allocator<bq::act::FiberManHolder<bd01::ActSupportCharaMoveSafe>>>	a	a	0		undefined ~__shared_ptr_pointer(__shared_ptr_pointer<bq::act::FiberManHolder<bd01::ActSupportCharaMoveSafe>*,std::shared_ptr<bq::act::Base>::__shared_ptr_default_delete<bq::act::Base,bq::act::FiberManHolder<bd01::ActSupportCharaMoveSafe>>,std::allocator<bq::act::FiberManHolder<bd01::ActSupportCharaMoveSafe>>> * this)
710019655c	24	__on_zero_shared	std::__shared_ptr_pointer<bq::act::FiberManHolder<bd01::ActSupportCharaMoveSafe>*,std::shared_ptr<bq::act::Base>::__shared_ptr_default_delete<bq::act::Base,bq::act::FiberManHolder<bd01::ActSupportCharaMoveSafe>>,std::allocator<bq::act::FiberManHolder<bd01::ActSupportCharaMoveSafe>>>	a	a	0		undefined __on_zero_shared(__shared_ptr_pointer<bq::act::FiberManHolder<bd01::ActSupportCharaMoveSafe>*,std::shared_ptr<bq::act::Base>::__shared_ptr_default_delete<bq::act::Base,bq::act::FiberManHolder<bd01::ActSupportCharaMoveSafe>>,std::allocator<bq::act::FiberManHolder<bd01::ActSupportCharaMoveSafe>>> * this)
7100196574	4	__on_zero_shared_weak	std::__shared_ptr_pointer<bq::act::FiberManHolder<bd01::ActSupportCharaMoveSafe>*,std::shared_ptr<bq::act::Base>::__shared_ptr_default_delete<bq::act::Base,bq::act::FiberManHolder<bd01::ActSupportCharaMoveSafe>>,std::allocator<bq::act::FiberManHolder<bd01::ActSupportCharaMoveSafe>>>	a	a	0		undefined __on_zero_shared_weak(__shared_ptr_pointer<bq::act::FiberManHolder<bd01::ActSupportCharaMoveSafe>*,std::shared_ptr<bq::act::Base>::__shared_ptr_default_delete<bq::act::Base,bq::act::FiberManHolder<bd01::ActSupportCharaMoveSafe>>,std::allocator<bq::act::FiberManHolder<bd01::ActSupportCharaMoveSafe>>> * this)
7100196580	96	~FiberManHolder	bq::act::FiberManHolder<bd01::ActSupportCharaMoveSafe>	a	a	0		undefined ~FiberManHolder(FiberManHolder<bd01::ActSupportCharaMoveSafe> * this)
71001965e0	108	~FiberManHolder	bq::act::FiberManHolder<bd01::ActSupportCharaMoveSafe>	a	a	0		undefined ~FiberManHolder(FiberManHolder<bd01::ActSupportCharaMoveSafe> * this)
710019664c	32	IsProc	bq::act::FiberManHolder<bd01::ActSupportCharaMoveSafe>	a	a	0		uint IsProc(void)
710019666c	12	IsObject	bq::act::FiberManHolder<bd01::ActSupportCharaMoveSafe>	a	a	0		undefined IsObject(long param_1)
7100196678	8	SetPauseLevel	bq::act::FiberManHolder<bd01::ActSupportCharaMoveSafe>	a	a	0		undefined SetPauseLevel(long param_1)
7100196680	36	~__shared_ptr_pointer	std::__shared_ptr_pointer<bd01::ActSupportCharaMoveSafe*,std::shared_ptr<bd01::ActSupportCharaMoveSafe>::__shared_ptr_default_delete<bd01::ActSupportCharaMoveSafe,bd01::ActSupportCharaMoveSafe>,std::allocator<bd01::ActSupportCharaMoveSafe>>	a	a	0		undefined ~__shared_ptr_pointer(__shared_ptr_pointer<bd01::ActSupportCharaMoveSafe*,std::shared_ptr<bd01::ActSupportCharaMoveSafe>::__shared_ptr_default_delete<bd01::ActSupportCharaMoveSafe,bd01::ActSupportCharaMoveSafe>,std::allocator<bd01::ActSupportCharaMoveSafe>> * this)
71001966a4	24	__on_zero_shared	std::__shared_ptr_pointer<bd01::ActSupportCharaMoveSafe*,std::shared_ptr<bd01::ActSupportCharaMoveSafe>::__shared_ptr_default_delete<bd01::ActSupportCharaMoveSafe,bd01::ActSupportCharaMoveSafe>,std::allocator<bd01::ActSupportCharaMoveSafe>>	a	a	0		undefined __on_zero_shared(__shared_ptr_pointer<bd01::ActSupportCharaMoveSafe*,std::shared_ptr<bd01::ActSupportCharaMoveSafe>::__shared_ptr_default_delete<bd01::ActSupportCharaMoveSafe,bd01::ActSupportCharaMoveSafe>,std::allocator<bd01::ActSupportCharaMoveSafe>> * this)
71001966bc	4	__on_zero_shared_weak	std::__shared_ptr_pointer<bd01::ActSupportCharaMoveSafe*,std::shared_ptr<bd01::ActSupportCharaMoveSafe>::__shared_ptr_default_delete<bd01::ActSupportCharaMoveSafe,bd01::ActSupportCharaMoveSafe>,std::allocator<bd01::ActSupportCharaMoveSafe>>	a	a	0		undefined __on_zero_shared_weak(__shared_ptr_pointer<bd01::ActSupportCharaMoveSafe*,std::shared_ptr<bd01::ActSupportCharaMoveSafe>::__shared_ptr_default_delete<bd01::ActSupportCharaMoveSafe,bd01::ActSupportCharaMoveSafe>,std::allocator<bd01::ActSupportCharaMoveSafe>> * this)
71001966c0	136	In	bd01::event::ClaypipeBase	a	a	0		undefined In(ClaypipeBase * this, ulong param_1)
7100196748	140	Out	bd01::event::ClaypipeBase	a	a	0		undefined Out(ClaypipeBase * this, ulong param_1)
71001967d4	92	Update	bd01::event::ClaypipeBase	a	a	0		undefined Update(ClaypipeBase * this)
7100196830	152	ClaypipeGold	bd01::event::ClaypipeGold	a	a	0		undefined ClaypipeGold(ClaypipeGold * this)
71001968dc	192	In	bd01::event::ClaypipeGold	a	a	0		undefined In(ClaypipeGold * this, ulong param_1)
710019699c	200	Out	bd01::event::ClaypipeGold	a	a	0		undefined Out(ClaypipeGold * this, ulong param_1)
7100196a64	80	PlayInSe	bd01::event::ClaypipeGold	a	a	0		undefined PlayInSe(ClaypipeGold * this)
7100196ab4	80	PlayOutSe	bd01::event::ClaypipeGold	a	a	0		undefined PlayOutSe(ClaypipeGold * this)
7100196b04	152	ClaypipeNormal	bd01::event::ClaypipeNormal	a	a	0		undefined ClaypipeNormal(ClaypipeNormal * this)
7100196bb0	192	In	bd01::event::ClaypipeNormal	a	a	0		undefined In(ClaypipeNormal * this, ulong param_1)
7100196c70	200	Out	bd01::event::ClaypipeNormal	a	a	0		undefined Out(ClaypipeNormal * this, ulong param_1)
7100196d38	80	PlayInSe	bd01::event::ClaypipeNormal	a	a	0		undefined PlayInSe(ClaypipeNormal * this)
7100196d88	80	PlayOutSe	bd01::event::ClaypipeNormal	a	a	0		undefined PlayOutSe(ClaypipeNormal * this)
7100196dd8	84	ActPlayerFromClaypipe	bd01::event::ActPlayerFromClaypipe	a	a	0		undefined ActPlayerFromClaypipe(ActPlayerFromClaypipe * this, long param_1, undefined8 param_2)
7100196e30	4504	Update	bd01::event::ActPlayerFromClaypipe	a	a	0		undefined Update(ActPlayerFromClaypipe * this)
71001980ec	28	GetOutScale	bd01::event::ActPlayerFromClaypipe	a	a	0		undefined8 GetOutScale(int param_1)
7100198108	36	GetInScale	bd01::event::ActPlayerFromClaypipe	a	a	0		undefined8 GetInScale(int param_1)
710019812c	212	GetJumpGravityDefault	bd01::event::ActPlayerFromClaypipe	a	a	0		float GetJumpGravityDefault(float param_1)
7100198200	104	ActPlayerToClaypipe	bd01::event::ActPlayerToClaypipe	a	a	0		undefined ActPlayerToClaypipe(ActPlayerToClaypipe * this, long param_1, long param_2)
7100198270	1212	Update	bd01::event::ActPlayerToClaypipe	a	a	0		undefined Update(ActPlayerToClaypipe * this)
7100198760	24	GetHookPos	bd01::event::ActPlayerToClaypipe	a	a	0		undefined GetHookPos(ActPlayerToClaypipe * this)
7100198778	100	HookPc	bd01::event::ActPlayerToClaypipe	a	a	0		undefined HookPc(ActPlayerToClaypipe * this, long * param_1)
71001987dc	128	ClaypipeIn	bd01::event::ClaypipeIn	a	a	0		undefined ClaypipeIn(ClaypipeIn * this, undefined8 param_1, long * param_2, undefined8 * param_3)
7100198870	716	Update	bd01::event::ClaypipeIn	a	a	0		undefined Update(ClaypipeIn * this)
7100198b7c	140	ClaypipeOut	bd01::event::ClaypipeOut	a	a	0		undefined ClaypipeOut(ClaypipeOut * this, long param_1, undefined8 param_2, undefined8 * param_3)
7100198c1c	604	Update	bd01::event::ClaypipeOut	a	a	0		undefined Update(ClaypipeOut * this)
7100198e94	104	PipeEventBase	bd01::event::PipeEventBase	a	a	0		undefined PipeEventBase(PipeEventBase * this, undefined4 * param_1, long * param_2)
7100198f30	2188	Update	bd01::event::PipeEventBase	a	a	0		undefined Update(PipeEventBase * this)
71001998a0	148	GoldPipe	bd01::event::GoldPipe	a	a	0		undefined GoldPipe(GoldPipe * this, undefined4 * param_1)
7100199980	512	GetTrackList	bd01::event::GoldPipe	a	a	0		undefined GetTrackList(long * param_1)
7100199bd4	148	NormalPipe	bd01::event::NormalPipe	a	a	0		undefined NormalPipe(NormalPipe * this, undefined4 * param_1)
7100199cc0	1132	GetTrackList	bd01::event::NormalPipe	a	a	0		undefined GetTrackList(TrackData * param_1, long param_2)
710019a1bc	36	~ClaypipeBase	bd01::event::ClaypipeBase	a	a	0		undefined ~ClaypipeBase(ClaypipeBase * this)
710019a1e0	4	GetModel	bd01::event::ClaypipeBase	a	a	0		undefined GetModel(void)
710019a1e4	4	PlayInSe	bd01::event::ClaypipeBase	a	a	0		undefined PlayInSe(void)
710019a1e8	4	PlayOutSe	bd01::event::ClaypipeBase	a	a	0		undefined PlayOutSe(void)
710019a1ec	8	GetItemId	bd01::event::ClaypipeBase	a	a	0		undefined4 GetItemId(ClaypipeBase * this)
710019a1f4	8	~ClaypipeBase	bd01::event::ClaypipeBase	a	a	0		undefined ~ClaypipeBase(ClaypipeBase * this)
710019a1fc	40	~ClaypipeBase	bd01::event::ClaypipeBase	a	a	0		undefined ~ClaypipeBase(ClaypipeBase * this)
710019a224	36	~ClaypipeGold	bd01::event::ClaypipeGold	a	a	0		undefined ~ClaypipeGold(ClaypipeGold * this)
710019a248	8	~ClaypipeGold	bd01::event::ClaypipeGold	a	a	0		undefined ~ClaypipeGold(ClaypipeGold * this)
710019a250	40	~ClaypipeGold	bd01::event::ClaypipeGold	a	a	0		undefined ~ClaypipeGold(ClaypipeGold * this)
710019a278	36	~ClaypipeNormal	bd01::event::ClaypipeNormal	a	a	0		undefined ~ClaypipeNormal(ClaypipeNormal * this)
710019a29c	8	~ClaypipeNormal	bd01::event::ClaypipeNormal	a	a	0		undefined ~ClaypipeNormal(ClaypipeNormal * this)
710019a2a4	40	~ClaypipeNormal	bd01::event::ClaypipeNormal	a	a	0		undefined ~ClaypipeNormal(ClaypipeNormal * this)
710019a2cc	88	~ActPlayerFromClaypipe	bd01::event::ActPlayerFromClaypipe	a	a	0		undefined ~ActPlayerFromClaypipe(ActPlayerFromClaypipe * this)
710019a324	88	~ActPlayerToClaypipe	bd01::event::ActPlayerToClaypipe	a	a	0		undefined ~ActPlayerToClaypipe(ActPlayerToClaypipe * this)
710019a37c	88	~ClaypipeIn	bd01::event::ClaypipeIn	a	a	0		undefined ~ClaypipeIn(ClaypipeIn * this)
710019a3d4	88	~ClaypipeOut	bd01::event::ClaypipeOut	a	a	0		undefined ~ClaypipeOut(ClaypipeOut * this)
710019a42c	120	~PipeEventBase	bd01::event::PipeEventBase	a	a	0		undefined ~PipeEventBase(PipeEventBase * this)
710019a4a4	128	~PipeEventBase	bd01::event::PipeEventBase	a	a	0		undefined ~PipeEventBase(PipeEventBase * this)
710019a524	12	GetTrackList	bd01::event::PipeEventBase	a	a	0		undefined GetTrackList(undefined8 * param_1)
710019a530	128	~GoldPipe	bd01::event::GoldPipe	a	a	0		undefined ~GoldPipe(GoldPipe * this)
710019a5b0	128	~NormalPipe	bd01::event::NormalPipe	a	a	0		undefined ~NormalPipe(NormalPipe * this)
710019a630	88	FUN_710019a630		d	a	0		undefined FUN_710019a630(Fiber * param_1)
710019a8a8	4	~MoveScale	bq::act::MoveScale<bd01::Player,nn::util::Vector3f>	a	a	0		undefined ~MoveScale(MoveScale<bd01::Player,nn::util::Vector3f> * this)
710019a8ac	164	Proc	bq::act::MoveScale<bd01::Player,nn::util::Vector3f>	a	a	0		undefined Proc(MoveScale<bd01::Player,nn::util::Vector3f> * this)
710019a950	24	IsProc	bq::act::MoveBase<bd01::Player,nn::util::Vector3f>	a	a	0		bool IsProc(MoveBase<bd01::Player,nn::util::Vector3f> * this)
710019a968	36	~__shared_ptr_pointer	std::__shared_ptr_pointer<bq::act::MoveScale<bd01::Player,nn::util::Vector3f>*,std::shared_ptr<bq::act::Base>::__shared_ptr_default_delete<bq::act::Base,bq::act::MoveScale<bd01::Player,nn::util::Vector3f>>,std::allocator<bq::act::MoveScale<bd01::Player,nn::util::Vector3f>>>	a	a	0		undefined ~__shared_ptr_pointer(__shared_ptr_pointer<bq::act::MoveScale<bd01::Player,nn::util::Vector3f>*,std::shared_ptr<bq::act::Base>::__shared_ptr_default_delete<bq::act::Base,bq::act::MoveScale<bd01::Player,nn::util::Vector3f>>,std::allocator<bq::act::MoveScale<bd01::Player,nn::util::Vector3f>>> * this)
710019a98c	24	__on_zero_shared	std::__shared_ptr_pointer<bq::act::MoveScale<bd01::Player,nn::util::Vector3f>*,std::shared_ptr<bq::act::Base>::__shared_ptr_default_delete<bq::act::Base,bq::act::MoveScale<bd01::Player,nn::util::Vector3f>>,std::allocator<bq::act::MoveScale<bd01::Player,nn::util::Vector3f>>>	a	a	0		undefined __on_zero_shared(__shared_ptr_pointer<bq::act::MoveScale<bd01::Player,nn::util::Vector3f>*,std::shared_ptr<bq::act::Base>::__shared_ptr_default_delete<bq::act::Base,bq::act::MoveScale<bd01::Player,nn::util::Vector3f>>,std::allocator<bq::act::MoveScale<bd01::Player,nn::util::Vector3f>>> * this)
710019a9a4	4	__on_zero_shared_weak	std::__shared_ptr_pointer<bq::act::MoveScale<bd01::Player,nn::util::Vector3f>*,std::shared_ptr<bq::act::Base>::__shared_ptr_default_delete<bq::act::Base,bq::act::MoveScale<bd01::Player,nn::util::Vector3f>>,std::allocator<bq::act::MoveScale<bd01::Player,nn::util::Vector3f>>>	a	a	0		undefined __on_zero_shared_weak(__shared_ptr_pointer<bq::act::MoveScale<bd01::Player,nn::util::Vector3f>*,std::shared_ptr<bq::act::Base>::__shared_ptr_default_delete<bq::act::Base,bq::act::MoveScale<bd01::Player,nn::util::Vector3f>>,std::allocator<bq::act::MoveScale<bd01::Player,nn::util::Vector3f>>> * this)
710019a9a8	4	~MovePosition	bq::act::MovePosition<bd01::Player,nn::util::Vector3f>	a	a	0		undefined ~MovePosition(MovePosition<bd01::Player,nn::util::Vector3f> * this)
710019a9ac	164	Proc	bq::act::MovePosition<bd01::Player,nn::util::Vector3f>	a	a	0		undefined Proc(MovePosition<bd01::Player,nn::util::Vector3f> * this)
710019aa50	36	~__shared_ptr_pointer	std::__shared_ptr_pointer<bq::act::MovePosition<bd01::Player,nn::util::Vector3f>*,std::shared_ptr<bq::act::Base>::__shared_ptr_default_delete<bq::act::Base,bq::act::MovePosition<bd01::Player,nn::util::Vector3f>>,std::allocator<bq::act::MovePosition<bd01::Player,nn::util::Vector3f>>>	a	a	0		undefined ~__shared_ptr_pointer(__shared_ptr_pointer<bq::act::MovePosition<bd01::Player,nn::util::Vector3f>*,std::shared_ptr<bq::act::Base>::__shared_ptr_default_delete<bq::act::Base,bq::act::MovePosition<bd01::Player,nn::util::Vector3f>>,std::allocator<bq::act::MovePosition<bd01::Player,nn::util::Vector3f>>> * this)
710019aa74	24	__on_zero_shared	std::__shared_ptr_pointer<bq::act::MovePosition<bd01::Player,nn::util::Vector3f>*,std::shared_ptr<bq::act::Base>::__shared_ptr_default_delete<bq::act::Base,bq::act::MovePosition<bd01::Player,nn::util::Vector3f>>,std::allocator<bq::act::MovePosition<bd01::Player,nn::util::Vector3f>>>	a	a	0		undefined __on_zero_shared(__shared_ptr_pointer<bq::act::MovePosition<bd01::Player,nn::util::Vector3f>*,std::shared_ptr<bq::act::Base>::__shared_ptr_default_delete<bq::act::Base,bq::act::MovePosition<bd01::Player,nn::util::Vector3f>>,std::allocator<bq::act::MovePosition<bd01::Player,nn::util::Vector3f>>> * this)
710019aa8c	4	__on_zero_shared_weak	std::__shared_ptr_pointer<bq::act::MovePosition<bd01::Player,nn::util::Vector3f>*,std::shared_ptr<bq::act::Base>::__shared_ptr_default_delete<bq::act::Base,bq::act::MovePosition<bd01::Player,nn::util::Vector3f>>,std::allocator<bq::act::MovePosition<bd01::Player,nn::util::Vector3f>>>	a	a	0		undefined __on_zero_shared_weak(__shared_ptr_pointer<bq::act::MovePosition<bd01::Player,nn::util::Vector3f>*,std::shared_ptr<bq::act::Base>::__shared_ptr_default_delete<bq::act::Base,bq::act::MovePosition<bd01::Player,nn::util::Vector3f>>,std::allocator<bq::act::MovePosition<bd01::Player,nn::util::Vector3f>>> * this)
710019aa90	292	AddFiber<bd01::map::ActGoldKuriboJoyful>	bq::act::Man	a	a	0		weak_ptr AddFiber<bd01::map::ActGoldKuriboJoyful>(long * param_1_00, long * param_2, long param_3)
710019abf8	36	~__shared_ptr_pointer	std::__shared_ptr_pointer<bq::act::FiberManHolder<bd01::map::ActGoldKuriboJoyful>*,std::shared_ptr<bq::act::Base>::__shared_ptr_default_delete<bq::act::Base,bq::act::FiberManHolder<bd01::map::ActGoldKuriboJoyful>>,std::allocator<bq::act::FiberManHolder<bd01::map::ActGoldKuriboJoyful>>>	a	a	0		undefined ~__shared_ptr_pointer(__shared_ptr_pointer<bq::act::FiberManHolder<bd01::map::ActGoldKuriboJoyful>*,std::shared_ptr<bq::act::Base>::__shared_ptr_default_delete<bq::act::Base,bq::act::FiberManHolder<bd01::map::ActGoldKuriboJoyful>>,std::allocator<bq::act::FiberManHolder<bd01::map::ActGoldKuriboJoyful>>> * this)
710019ac1c	24	__on_zero_shared	std::__shared_ptr_pointer<bq::act::FiberManHolder<bd01::map::ActGoldKuriboJoyful>*,std::shared_ptr<bq::act::Base>::__shared_ptr_default_delete<bq::act::Base,bq::act::FiberManHolder<bd01::map::ActGoldKuriboJoyful>>,std::allocator<bq::act::FiberManHolder<bd01::map::ActGoldKuriboJoyful>>>	a	a	0		undefined __on_zero_shared(__shared_ptr_pointer<bq::act::FiberManHolder<bd01::map::ActGoldKuriboJoyful>*,std::shared_ptr<bq::act::Base>::__shared_ptr_default_delete<bq::act::Base,bq::act::FiberManHolder<bd01::map::ActGoldKuriboJoyful>>,std::allocator<bq::act::FiberManHolder<bd01::map::ActGoldKuriboJoyful>>> * this)
710019ac34	4	__on_zero_shared_weak	std::__shared_ptr_pointer<bq::act::FiberManHolder<bd01::map::ActGoldKuriboJoyful>*,std::shared_ptr<bq::act::Base>::__shared_ptr_default_delete<bq::act::Base,bq::act::FiberManHolder<bd01::map::ActGoldKuriboJoyful>>,std::allocator<bq::act::FiberManHolder<bd01::map::ActGoldKuriboJoyful>>>	a	a	0		undefined __on_zero_shared_weak(__shared_ptr_pointer<bq::act::FiberManHolder<bd01::map::ActGoldKuriboJoyful>*,std::shared_ptr<bq::act::Base>::__shared_ptr_default_delete<bq::act::Base,bq::act::FiberManHolder<bd01::map::ActGoldKuriboJoyful>>,std::allocator<bq::act::FiberManHolder<bd01::map::ActGoldKuriboJoyful>>> * this)
710019ac40	96	~FiberManHolder	bq::act::FiberManHolder<bd01::map::ActGoldKuriboJoyful>	a	a	0		undefined ~FiberManHolder(FiberManHolder<bd01::map::ActGoldKuriboJoyful> * this)
710019aca0	108	~FiberManHolder	bq::act::FiberManHolder<bd01::map::ActGoldKuriboJoyful>	a	a	0		undefined ~FiberManHolder(FiberManHolder<bd01::map::ActGoldKuriboJoyful> * this)
710019ad0c	32	IsProc	bq::act::FiberManHolder<bd01::map::ActGoldKuriboJoyful>	a	a	0		uint IsProc(void)
710019ad2c	12	IsObject	bq::act::FiberManHolder<bd01::map::ActGoldKuriboJoyful>	a	a	0		undefined IsObject(long param_1)
710019ad38	8	SetPauseLevel	bq::act::FiberManHolder<bd01::map::ActGoldKuriboJoyful>	a	a	0		undefined SetPauseLevel(long param_1)
710019ad40	36	~__shared_ptr_pointer	std::__shared_ptr_pointer<bd01::map::ActGoldKuriboJoyful*,std::shared_ptr<bd01::map::ActGoldKuriboJoyful>::__shared_ptr_default_delete<bd01::map::ActGoldKuriboJoyful,bd01::map::ActGoldKuriboJoyful>,std::allocator<bd01::map::ActGoldKuriboJoyful>>	a	a	0		undefined ~__shared_ptr_pointer(__shared_ptr_pointer<bd01::map::ActGoldKuriboJoyful*,std::shared_ptr<bd01::map::ActGoldKuriboJoyful>::__shared_ptr_default_delete<bd01::map::ActGoldKuriboJoyful,bd01::map::ActGoldKuriboJoyful>,std::allocator<bd01::map::ActGoldKuriboJoyful>> * this)
710019ad64	24	__on_zero_shared	std::__shared_ptr_pointer<bd01::map::ActGoldKuriboJoyful*,std::shared_ptr<bd01::map::ActGoldKuriboJoyful>::__shared_ptr_default_delete<bd01::map::ActGoldKuriboJoyful,bd01::map::ActGoldKuriboJoyful>,std::allocator<bd01::map::ActGoldKuriboJoyful>>	a	a	0		undefined __on_zero_shared(__shared_ptr_pointer<bd01::map::ActGoldKuriboJoyful*,std::shared_ptr<bd01::map::ActGoldKuriboJoyful>::__shared_ptr_default_delete<bd01::map::ActGoldKuriboJoyful,bd01::map::ActGoldKuriboJoyful>,std::allocator<bd01::map::ActGoldKuriboJoyful>> * this)
710019ad7c	4	__on_zero_shared_weak	std::__shared_ptr_pointer<bd01::map::ActGoldKuriboJoyful*,std::shared_ptr<bd01::map::ActGoldKuriboJoyful>::__shared_ptr_default_delete<bd01::map::ActGoldKuriboJoyful,bd01::map::ActGoldKuriboJoyful>,std::allocator<bd01::map::ActGoldKuriboJoyful>>	a	a	0		undefined __on_zero_shared_weak(__shared_ptr_pointer<bd01::map::ActGoldKuriboJoyful*,std::shared_ptr<bd01::map::ActGoldKuriboJoyful>::__shared_ptr_default_delete<bd01::map::ActGoldKuriboJoyful,bd01::map::ActGoldKuriboJoyful>,std::allocator<bd01::map::ActGoldKuriboJoyful>> * this)
710019ad80	348	Spline<bd01::Player,nn::util::Vector3f>	bq::act::Man	a	a	0		weak_ptr Spline<bd01::Player,nn::util::Vector3f>(long * param_1_00, undefined4 param_2, long * param_3, long param_4, long * param_5, undefined8 * param_6, undefined8 * param_7)
710019af00	4	~SplinePosition	bq::act::SplinePosition<bd01::Player,nn::util::Vector3f>	a	a	0		undefined ~SplinePosition(SplinePosition<bd01::Player,nn::util::Vector3f> * this)
710019af04	36	~__shared_ptr_pointer	std::__shared_ptr_pointer<bq::act::SplinePosition<bd01::Player,nn::util::Vector3f>*,std::shared_ptr<bq::act::Base>::__shared_ptr_default_delete<bq::act::Base,bq::act::SplinePosition<bd01::Player,nn::util::Vector3f>>,std::allocator<bq::act::SplinePosition<bd01::Player,nn::util::Vector3f>>>	a	a	0		undefined ~__shared_ptr_pointer(__shared_ptr_pointer<bq::act::SplinePosition<bd01::Player,nn::util::Vector3f>*,std::shared_ptr<bq::act::Base>::__shared_ptr_default_delete<bq::act::Base,bq::act::SplinePosition<bd01::Player,nn::util::Vector3f>>,std::allocator<bq::act::SplinePosition<bd01::Player,nn::util::Vector3f>>> * this)
710019af28	24	__on_zero_shared	std::__shared_ptr_pointer<bq::act::SplinePosition<bd01::Player,nn::util::Vector3f>*,std::shared_ptr<bq::act::Base>::__shared_ptr_default_delete<bq::act::Base,bq::act::SplinePosition<bd01::Player,nn::util::Vector3f>>,std::allocator<bq::act::SplinePosition<bd01::Player,nn::util::Vector3f>>>	a	a	0		undefined __on_zero_shared(__shared_ptr_pointer<bq::act::SplinePosition<bd01::Player,nn::util::Vector3f>*,std::shared_ptr<bq::act::Base>::__shared_ptr_default_delete<bq::act::Base,bq::act::SplinePosition<bd01::Player,nn::util::Vector3f>>,std::allocator<bq::act::SplinePosition<bd01::Player,nn::util::Vector3f>>> * this)
710019af40	4	__on_zero_shared_weak	std::__shared_ptr_pointer<bq::act::SplinePosition<bd01::Player,nn::util::Vector3f>*,std::shared_ptr<bq::act::Base>::__shared_ptr_default_delete<bq::act::Base,bq::act::SplinePosition<bd01::Player,nn::util::Vector3f>>,std::allocator<bq::act::SplinePosition<bd01::Player,nn::util::Vector3f>>>	a	a	0		undefined __on_zero_shared_weak(__shared_ptr_pointer<bq::act::SplinePosition<bd01::Player,nn::util::Vector3f>*,std::shared_ptr<bq::act::Base>::__shared_ptr_default_delete<bq::act::Base,bq::act::SplinePosition<bd01::Player,nn::util::Vector3f>>,std::allocator<bq::act::SplinePosition<bd01::Player,nn::util::Vector3f>>> * this)
710019af50	292	AddFiber<bd01::map::ActGoldKuriboDamage>	bq::act::Man	a	a	0		weak_ptr AddFiber<bd01::map::ActGoldKuriboDamage>(long * param_1_00, long * param_2, long param_3)
710019b0b8	36	~__shared_ptr_pointer	std::__shared_ptr_pointer<bq::act::FiberManHolder<bd01::map::ActGoldKuriboDamage>*,std::shared_ptr<bq::act::Base>::__shared_ptr_default_delete<bq::act::Base,bq::act::FiberManHolder<bd01::map::ActGoldKuriboDamage>>,std::allocator<bq::act::FiberManHolder<bd01::map::ActGoldKuriboDamage>>>	a	a	0		undefined ~__shared_ptr_pointer(__shared_ptr_pointer<bq::act::FiberManHolder<bd01::map::ActGoldKuriboDamage>*,std::shared_ptr<bq::act::Base>::__shared_ptr_default_delete<bq::act::Base,bq::act::FiberManHolder<bd01::map::ActGoldKuriboDamage>>,std::allocator<bq::act::FiberManHolder<bd01::map::ActGoldKuriboDamage>>> * this)
710019b0dc	24	__on_zero_shared	std::__shared_ptr_pointer<bq::act::FiberManHolder<bd01::map::ActGoldKuriboDamage>*,std::shared_ptr<bq::act::Base>::__shared_ptr_default_delete<bq::act::Base,bq::act::FiberManHolder<bd01::map::ActGoldKuriboDamage>>,std::allocator<bq::act::FiberManHolder<bd01::map::ActGoldKuriboDamage>>>	a	a	0		undefined __on_zero_shared(__shared_ptr_pointer<bq::act::FiberManHolder<bd01::map::ActGoldKuriboDamage>*,std::shared_ptr<bq::act::Base>::__shared_ptr_default_delete<bq::act::Base,bq::act::FiberManHolder<bd01::map::ActGoldKuriboDamage>>,std::allocator<bq::act::FiberManHolder<bd01::map::ActGoldKuriboDamage>>> * this)
710019b0f4	4	__on_zero_shared_weak	std::__shared_ptr_pointer<bq::act::FiberManHolder<bd01::map::ActGoldKuriboDamage>*,std::shared_ptr<bq::act::Base>::__shared_ptr_default_delete<bq::act::Base,bq::act::FiberManHolder<bd01::map::ActGoldKuriboDamage>>,std::allocator<bq::act::FiberManHolder<bd01::map::ActGoldKuriboDamage>>>	a	a	0		undefined __on_zero_shared_weak(__shared_ptr_pointer<bq::act::FiberManHolder<bd01::map::ActGoldKuriboDamage>*,std::shared_ptr<bq::act::Base>::__shared_ptr_default_delete<bq::act::Base,bq::act::FiberManHolder<bd01::map::ActGoldKuriboDamage>>,std::allocator<bq::act::FiberManHolder<bd01::map::ActGoldKuriboDamage>>> * this)
710019b100	96	~FiberManHolder	bq::act::FiberManHolder<bd01::map::ActGoldKuriboDamage>	a	a	0		undefined ~FiberManHolder(FiberManHolder<bd01::map::ActGoldKuriboDamage> * this)
710019b160	108	~FiberManHolder	bq::act::FiberManHolder<bd01::map::ActGoldKuriboDamage>	a	a	0		undefined ~FiberManHolder(FiberManHolder<bd01::map::ActGoldKuriboDamage> * this)
710019b1cc	32	IsProc	bq::act::FiberManHolder<bd01::map::ActGoldKuriboDamage>	a	a	0		uint IsProc(void)
710019b1ec	12	IsObject	bq::act::FiberManHolder<bd01::map::ActGoldKuriboDamage>	a	a	0		undefined IsObject(long param_1)
710019b1f8	8	SetPauseLevel	bq::act::FiberManHolder<bd01::map::ActGoldKuriboDamage>	a	a	0		undefined SetPauseLevel(long param_1)
710019b200	36	~__shared_ptr_pointer	std::__shared_ptr_pointer<bd01::map::ActGoldKuriboDamage*,std::shared_ptr<bd01::map::ActGoldKuriboDamage>::__shared_ptr_default_delete<bd01::map::ActGoldKuriboDamage,bd01::map::ActGoldKuriboDamage>,std::allocator<bd01::map::ActGoldKuriboDamage>>	a	a	0		undefined ~__shared_ptr_pointer(__shared_ptr_pointer<bd01::map::ActGoldKuriboDamage*,std::shared_ptr<bd01::map::ActGoldKuriboDamage>::__shared_ptr_default_delete<bd01::map::ActGoldKuriboDamage,bd01::map::ActGoldKuriboDamage>,std::allocator<bd01::map::ActGoldKuriboDamage>> * this)
710019b224	24	__on_zero_shared	std::__shared_ptr_pointer<bd01::map::ActGoldKuriboDamage*,std::shared_ptr<bd01::map::ActGoldKuriboDamage>::__shared_ptr_default_delete<bd01::map::ActGoldKuriboDamage,bd01::map::ActGoldKuriboDamage>,std::allocator<bd01::map::ActGoldKuriboDamage>>	a	a	0		undefined __on_zero_shared(__shared_ptr_pointer<bd01::map::ActGoldKuriboDamage*,std::shared_ptr<bd01::map::ActGoldKuriboDamage>::__shared_ptr_default_delete<bd01::map::ActGoldKuriboDamage,bd01::map::ActGoldKuriboDamage>,std::allocator<bd01::map::ActGoldKuriboDamage>> * this)
710019b23c	4	__on_zero_shared_weak	std::__shared_ptr_pointer<bd01::map::ActGoldKuriboDamage*,std::shared_ptr<bd01::map::ActGoldKuriboDamage>::__shared_ptr_default_delete<bd01::map::ActGoldKuriboDamage,bd01::map::ActGoldKuriboDamage>,std::allocator<bd01::map::ActGoldKuriboDamage>>	a	a	0		undefined __on_zero_shared_weak(__shared_ptr_pointer<bd01::map::ActGoldKuriboDamage*,std::shared_ptr<bd01::map::ActGoldKuriboDamage>::__shared_ptr_default_delete<bd01::map::ActGoldKuriboDamage,bd01::map::ActGoldKuriboDamage>,std::allocator<bd01::map::ActGoldKuriboDamage>> * this)
710019b240	292	AddFiber<bd01::map::ActBubbleExit>	bq::act::Man	a	a	0		weak_ptr AddFiber<bd01::map::ActBubbleExit>(long * param_1_00, long * param_2, long param_3)
710019b3a8	36	~__shared_ptr_pointer	std::__shared_ptr_pointer<bq::act::FiberManHolder<bd01::map::ActBubbleExit>*,std::shared_ptr<bq::act::Base>::__shared_ptr_default_delete<bq::act::Base,bq::act::FiberManHolder<bd01::map::ActBubbleExit>>,std::allocator<bq::act::FiberManHolder<bd01::map::ActBubbleExit>>>	a	a	0		undefined ~__shared_ptr_pointer(__shared_ptr_pointer<bq::act::FiberManHolder<bd01::map::ActBubbleExit>*,std::shared_ptr<bq::act::Base>::__shared_ptr_default_delete<bq::act::Base,bq::act::FiberManHolder<bd01::map::ActBubbleExit>>,std::allocator<bq::act::FiberManHolder<bd01::map::ActBubbleExit>>> * this)
710019b3cc	24	__on_zero_shared	std::__shared_ptr_pointer<bq::act::FiberManHolder<bd01::map::ActBubbleExit>*,std::shared_ptr<bq::act::Base>::__shared_ptr_default_delete<bq::act::Base,bq::act::FiberManHolder<bd01::map::ActBubbleExit>>,std::allocator<bq::act::FiberManHolder<bd01::map::ActBubbleExit>>>	a	a	0		undefined __on_zero_shared(__shared_ptr_pointer<bq::act::FiberManHolder<bd01::map::ActBubbleExit>*,std::shared_ptr<bq::act::Base>::__shared_ptr_default_delete<bq::act::Base,bq::act::FiberManHolder<bd01::map::ActBubbleExit>>,std::allocator<bq::act::FiberManHolder<bd01::map::ActBubbleExit>>> * this)
710019b3e4	4	__on_zero_shared_weak	std::__shared_ptr_pointer<bq::act::FiberManHolder<bd01::map::ActBubbleExit>*,std::shared_ptr<bq::act::Base>::__shared_ptr_default_delete<bq::act::Base,bq::act::FiberManHolder<bd01::map::ActBubbleExit>>,std::allocator<bq::act::FiberManHolder<bd01::map::ActBubbleExit>>>	a	a	0		undefined __on_zero_shared_weak(__shared_ptr_pointer<bq::act::FiberManHolder<bd01::map::ActBubbleExit>*,std::shared_ptr<bq::act::Base>::__shared_ptr_default_delete<bq::act::Base,bq::act::FiberManHolder<bd01::map::ActBubbleExit>>,std::allocator<bq::act::FiberManHolder<bd01::map::ActBubbleExit>>> * this)
710019b3f0	96	~FiberManHolder	bq::act::FiberManHolder<bd01::map::ActBubbleExit>	a	a	0		undefined ~FiberManHolder(FiberManHolder<bd01::map::ActBubbleExit> * this)
710019b450	108	~FiberManHolder	bq::act::FiberManHolder<bd01::map::ActBubbleExit>	a	a	0		undefined ~FiberManHolder(FiberManHolder<bd01::map::ActBubbleExit> * this)
710019b4bc	32	IsProc	bq::act::FiberManHolder<bd01::map::ActBubbleExit>	a	a	0		uint IsProc(void)
710019b4dc	12	IsObject	bq::act::FiberManHolder<bd01::map::ActBubbleExit>	a	a	0		undefined IsObject(long param_1)
710019b4e8	8	SetPauseLevel	bq::act::FiberManHolder<bd01::map::ActBubbleExit>	a	a	0		undefined SetPauseLevel(long param_1)
710019b4f0	36	~__shared_ptr_pointer	std::__shared_ptr_pointer<bd01::map::ActBubbleExit*,std::shared_ptr<bd01::map::ActBubbleExit>::__shared_ptr_default_delete<bd01::map::ActBubbleExit,bd01::map::ActBubbleExit>,std::allocator<bd01::map::ActBubbleExit>>	a	a	0		undefined ~__shared_ptr_pointer(__shared_ptr_pointer<bd01::map::ActBubbleExit*,std::shared_ptr<bd01::map::ActBubbleExit>::__shared_ptr_default_delete<bd01::map::ActBubbleExit,bd01::map::ActBubbleExit>,std::allocator<bd01::map::ActBubbleExit>> * this)
710019b514	24	__on_zero_shared	std::__shared_ptr_pointer<bd01::map::ActBubbleExit*,std::shared_ptr<bd01::map::ActBubbleExit>::__shared_ptr_default_delete<bd01::map::ActBubbleExit,bd01::map::ActBubbleExit>,std::allocator<bd01::map::ActBubbleExit>>	a	a	0		undefined __on_zero_shared(__shared_ptr_pointer<bd01::map::ActBubbleExit*,std::shared_ptr<bd01::map::ActBubbleExit>::__shared_ptr_default_delete<bd01::map::ActBubbleExit,bd01::map::ActBubbleExit>,std::allocator<bd01::map::ActBubbleExit>> * this)
710019b52c	4	__on_zero_shared_weak	std::__shared_ptr_pointer<bd01::map::ActBubbleExit*,std::shared_ptr<bd01::map::ActBubbleExit>::__shared_ptr_default_delete<bd01::map::ActBubbleExit,bd01::map::ActBubbleExit>,std::allocator<bd01::map::ActBubbleExit>>	a	a	0		undefined __on_zero_shared_weak(__shared_ptr_pointer<bd01::map::ActBubbleExit*,std::shared_ptr<bd01::map::ActBubbleExit>::__shared_ptr_default_delete<bd01::map::ActBubbleExit,bd01::map::ActBubbleExit>,std::allocator<bd01::map::ActBubbleExit>> * this)
710019b530	292	AddFiber<bd01::event::ActPlayerToClaypipe>	bq::act::Man	a	a	0		weak_ptr AddFiber<bd01::event::ActPlayerToClaypipe>(long * param_1_00, long * param_2, long param_3)
710019b698	36	~__shared_ptr_pointer	std::__shared_ptr_pointer<bq::act::FiberManHolder<bd01::event::ActPlayerToClaypipe>*,std::shared_ptr<bq::act::Base>::__shared_ptr_default_delete<bq::act::Base,bq::act::FiberManHolder<bd01::event::ActPlayerToClaypipe>>,std::allocator<bq::act::FiberManHolder<bd01::event::ActPlayerToClaypipe>>>	a	a	0		undefined ~__shared_ptr_pointer(__shared_ptr_pointer<bq::act::FiberManHolder<bd01::event::ActPlayerToClaypipe>*,std::shared_ptr<bq::act::Base>::__shared_ptr_default_delete<bq::act::Base,bq::act::FiberManHolder<bd01::event::ActPlayerToClaypipe>>,std::allocator<bq::act::FiberManHolder<bd01::event::ActPlayerToClaypipe>>> * this)
710019b6bc	24	__on_zero_shared	std::__shared_ptr_pointer<bq::act::FiberManHolder<bd01::event::ActPlayerToClaypipe>*,std::shared_ptr<bq::act::Base>::__shared_ptr_default_delete<bq::act::Base,bq::act::FiberManHolder<bd01::event::ActPlayerToClaypipe>>,std::allocator<bq::act::FiberManHolder<bd01::event::ActPlayerToClaypipe>>>	a	a	0		undefined __on_zero_shared(__shared_ptr_pointer<bq::act::FiberManHolder<bd01::event::ActPlayerToClaypipe>*,std::shared_ptr<bq::act::Base>::__shared_ptr_default_delete<bq::act::Base,bq::act::FiberManHolder<bd01::event::ActPlayerToClaypipe>>,std::allocator<bq::act::FiberManHolder<bd01::event::ActPlayerToClaypipe>>> * this)
710019b6d4	4	__on_zero_shared_weak	std::__shared_ptr_pointer<bq::act::FiberManHolder<bd01::event::ActPlayerToClaypipe>*,std::shared_ptr<bq::act::Base>::__shared_ptr_default_delete<bq::act::Base,bq::act::FiberManHolder<bd01::event::ActPlayerToClaypipe>>,std::allocator<bq::act::FiberManHolder<bd01::event::ActPlayerToClaypipe>>>	a	a	0		undefined __on_zero_shared_weak(__shared_ptr_pointer<bq::act::FiberManHolder<bd01::event::ActPlayerToClaypipe>*,std::shared_ptr<bq::act::Base>::__shared_ptr_default_delete<bq::act::Base,bq::act::FiberManHolder<bd01::event::ActPlayerToClaypipe>>,std::allocator<bq::act::FiberManHolder<bd01::event::ActPlayerToClaypipe>>> * this)
710019b6e0	96	~FiberManHolder	bq::act::FiberManHolder<bd01::event::ActPlayerToClaypipe>	a	a	0		undefined ~FiberManHolder(FiberManHolder<bd01::event::ActPlayerToClaypipe> * this)
710019b740	108	~FiberManHolder	bq::act::FiberManHolder<bd01::event::ActPlayerToClaypipe>	a	a	0		undefined ~FiberManHolder(FiberManHolder<bd01::event::ActPlayerToClaypipe> * this)
710019b7ac	32	IsProc	bq::act::FiberManHolder<bd01::event::ActPlayerToClaypipe>	a	a	0		uint IsProc(void)
710019b7cc	12	IsObject	bq::act::FiberManHolder<bd01::event::ActPlayerToClaypipe>	a	a	0		undefined IsObject(long param_1)
710019b7d8	8	SetPauseLevel	bq::act::FiberManHolder<bd01::event::ActPlayerToClaypipe>	a	a	0		undefined SetPauseLevel(long param_1)
710019b7e0	36	~__shared_ptr_pointer	std::__shared_ptr_pointer<bd01::event::ActPlayerToClaypipe*,std::shared_ptr<bd01::event::ActPlayerToClaypipe>::__shared_ptr_default_delete<bd01::event::ActPlayerToClaypipe,bd01::event::ActPlayerToClaypipe>,std::allocator<bd01::event::ActPlayerToClaypipe>>	a	a	0		undefined ~__shared_ptr_pointer(__shared_ptr_pointer<bd01::event::ActPlayerToClaypipe*,std::shared_ptr<bd01::event::ActPlayerToClaypipe>::__shared_ptr_default_delete<bd01::event::ActPlayerToClaypipe,bd01::event::ActPlayerToClaypipe>,std::allocator<bd01::event::ActPlayerToClaypipe>> * this)
710019b804	24	__on_zero_shared	std::__shared_ptr_pointer<bd01::event::ActPlayerToClaypipe*,std::shared_ptr<bd01::event::ActPlayerToClaypipe>::__shared_ptr_default_delete<bd01::event::ActPlayerToClaypipe,bd01::event::ActPlayerToClaypipe>,std::allocator<bd01::event::ActPlayerToClaypipe>>	a	a	0		undefined __on_zero_shared(__shared_ptr_pointer<bd01::event::ActPlayerToClaypipe*,std::shared_ptr<bd01::event::ActPlayerToClaypipe>::__shared_ptr_default_delete<bd01::event::ActPlayerToClaypipe,bd01::event::ActPlayerToClaypipe>,std::allocator<bd01::event::ActPlayerToClaypipe>> * this)
710019b81c	4	__on_zero_shared_weak	std::__shared_ptr_pointer<bd01::event::ActPlayerToClaypipe*,std::shared_ptr<bd01::event::ActPlayerToClaypipe>::__shared_ptr_default_delete<bd01::event::ActPlayerToClaypipe,bd01::event::ActPlayerToClaypipe>,std::allocator<bd01::event::ActPlayerToClaypipe>>	a	a	0		undefined __on_zero_shared_weak(__shared_ptr_pointer<bd01::event::ActPlayerToClaypipe*,std::shared_ptr<bd01::event::ActPlayerToClaypipe>::__shared_ptr_default_delete<bd01::event::ActPlayerToClaypipe,bd01::event::ActPlayerToClaypipe>,std::allocator<bd01::event::ActPlayerToClaypipe>> * this)
710019b820	292	AddFiber<bd01::event::ActPlayerFromClaypipe>	bq::act::Man	a	a	0		weak_ptr AddFiber<bd01::event::ActPlayerFromClaypipe>(long * param_1_00, long * param_2, long param_3)
710019b988	36	~__shared_ptr_pointer	std::__shared_ptr_pointer<bq::act::FiberManHolder<bd01::event::ActPlayerFromClaypipe>*,std::shared_ptr<bq::act::Base>::__shared_ptr_default_delete<bq::act::Base,bq::act::FiberManHolder<bd01::event::ActPlayerFromClaypipe>>,std::allocator<bq::act::FiberManHolder<bd01::event::ActPlayerFromClaypipe>>>	a	a	0		undefined ~__shared_ptr_pointer(__shared_ptr_pointer<bq::act::FiberManHolder<bd01::event::ActPlayerFromClaypipe>*,std::shared_ptr<bq::act::Base>::__shared_ptr_default_delete<bq::act::Base,bq::act::FiberManHolder<bd01::event::ActPlayerFromClaypipe>>,std::allocator<bq::act::FiberManHolder<bd01::event::ActPlayerFromClaypipe>>> * this)
710019b9ac	24	__on_zero_shared	std::__shared_ptr_pointer<bq::act::FiberManHolder<bd01::event::ActPlayerFromClaypipe>*,std::shared_ptr<bq::act::Base>::__shared_ptr_default_delete<bq::act::Base,bq::act::FiberManHolder<bd01::event::ActPlayerFromClaypipe>>,std::allocator<bq::act::FiberManHolder<bd01::event::ActPlayerFromClaypipe>>>	a	a	0		undefined __on_zero_shared(__shared_ptr_pointer<bq::act::FiberManHolder<bd01::event::ActPlayerFromClaypipe>*,std::shared_ptr<bq::act::Base>::__shared_ptr_default_delete<bq::act::Base,bq::act::FiberManHolder<bd01::event::ActPlayerFromClaypipe>>,std::allocator<bq::act::FiberManHolder<bd01::event::ActPlayerFromClaypipe>>> * this)
710019b9c4	4	__on_zero_shared_weak	std::__shared_ptr_pointer<bq::act::FiberManHolder<bd01::event::ActPlayerFromClaypipe>*,std::shared_ptr<bq::act::Base>::__shared_ptr_default_delete<bq::act::Base,bq::act::FiberManHolder<bd01::event::ActPlayerFromClaypipe>>,std::allocator<bq::act::FiberManHolder<bd01::event::ActPlayerFromClaypipe>>>	a	a	0		undefined __on_zero_shared_weak(__shared_ptr_pointer<bq::act::FiberManHolder<bd01::event::ActPlayerFromClaypipe>*,std::shared_ptr<bq::act::Base>::__shared_ptr_default_delete<bq::act::Base,bq::act::FiberManHolder<bd01::event::ActPlayerFromClaypipe>>,std::allocator<bq::act::FiberManHolder<bd01::event::ActPlayerFromClaypipe>>> * this)
710019b9d0	96	~FiberManHolder	bq::act::FiberManHolder<bd01::event::ActPlayerFromClaypipe>	a	a	0		undefined ~FiberManHolder(FiberManHolder<bd01::event::ActPlayerFromClaypipe> * this)
710019ba30	108	~FiberManHolder	bq::act::FiberManHolder<bd01::event::ActPlayerFromClaypipe>	a	a	0		undefined ~FiberManHolder(FiberManHolder<bd01::event::ActPlayerFromClaypipe> * this)
710019ba9c	32	IsProc	bq::act::FiberManHolder<bd01::event::ActPlayerFromClaypipe>	a	a	0		uint IsProc(void)
710019babc	12	IsObject	bq::act::FiberManHolder<bd01::event::ActPlayerFromClaypipe>	a	a	0		undefined IsObject(long param_1)
710019bac8	8	SetPauseLevel	bq::act::FiberManHolder<bd01::event::ActPlayerFromClaypipe>	a	a	0		undefined SetPauseLevel(long param_1)
710019bad0	36	~__shared_ptr_pointer	std::__shared_ptr_pointer<bd01::event::ActPlayerFromClaypipe*,std::shared_ptr<bd01::event::ActPlayerFromClaypipe>::__shared_ptr_default_delete<bd01::event::ActPlayerFromClaypipe,bd01::event::ActPlayerFromClaypipe>,std::allocator<bd01::event::ActPlayerFromClaypipe>>	a	a	0		undefined ~__shared_ptr_pointer(__shared_ptr_pointer<bd01::event::ActPlayerFromClaypipe*,std::shared_ptr<bd01::event::ActPlayerFromClaypipe>::__shared_ptr_default_delete<bd01::event::ActPlayerFromClaypipe,bd01::event::ActPlayerFromClaypipe>,std::allocator<bd01::event::ActPlayerFromClaypipe>> * this)
710019baf4	24	__on_zero_shared	std::__shared_ptr_pointer<bd01::event::ActPlayerFromClaypipe*,std::shared_ptr<bd01::event::ActPlayerFromClaypipe>::__shared_ptr_default_delete<bd01::event::ActPlayerFromClaypipe,bd01::event::ActPlayerFromClaypipe>,std::allocator<bd01::event::ActPlayerFromClaypipe>>	a	a	0		undefined __on_zero_shared(__shared_ptr_pointer<bd01::event::ActPlayerFromClaypipe*,std::shared_ptr<bd01::event::ActPlayerFromClaypipe>::__shared_ptr_default_delete<bd01::event::ActPlayerFromClaypipe,bd01::event::ActPlayerFromClaypipe>,std::allocator<bd01::event::ActPlayerFromClaypipe>> * this)
710019bb0c	4	__on_zero_shared_weak	std::__shared_ptr_pointer<bd01::event::ActPlayerFromClaypipe*,std::shared_ptr<bd01::event::ActPlayerFromClaypipe>::__shared_ptr_default_delete<bd01::event::ActPlayerFromClaypipe,bd01::event::ActPlayerFromClaypipe>,std::allocator<bd01::event::ActPlayerFromClaypipe>>	a	a	0		undefined __on_zero_shared_weak(__shared_ptr_pointer<bd01::event::ActPlayerFromClaypipe*,std::shared_ptr<bd01::event::ActPlayerFromClaypipe>::__shared_ptr_default_delete<bd01::event::ActPlayerFromClaypipe,bd01::event::ActPlayerFromClaypipe>,std::allocator<bd01::event::ActPlayerFromClaypipe>> * this)
710019bb10	292	AddFiber<bd01::event::ClaypipeIn>	bq::act::Man	a	a	0		weak_ptr AddFiber<bd01::event::ClaypipeIn>(long * param_1_00, long * param_2, long param_3)
710019bc78	36	~__shared_ptr_pointer	std::__shared_ptr_pointer<bq::act::FiberManHolder<bd01::event::ClaypipeIn>*,std::shared_ptr<bq::act::Base>::__shared_ptr_default_delete<bq::act::Base,bq::act::FiberManHolder<bd01::event::ClaypipeIn>>,std::allocator<bq::act::FiberManHolder<bd01::event::ClaypipeIn>>>	a	a	0		undefined ~__shared_ptr_pointer(__shared_ptr_pointer<bq::act::FiberManHolder<bd01::event::ClaypipeIn>*,std::shared_ptr<bq::act::Base>::__shared_ptr_default_delete<bq::act::Base,bq::act::FiberManHolder<bd01::event::ClaypipeIn>>,std::allocator<bq::act::FiberManHolder<bd01::event::ClaypipeIn>>> * this)
710019bc9c	24	__on_zero_shared	std::__shared_ptr_pointer<bq::act::FiberManHolder<bd01::event::ClaypipeIn>*,std::shared_ptr<bq::act::Base>::__shared_ptr_default_delete<bq::act::Base,bq::act::FiberManHolder<bd01::event::ClaypipeIn>>,std::allocator<bq::act::FiberManHolder<bd01::event::ClaypipeIn>>>	a	a	0		undefined __on_zero_shared(__shared_ptr_pointer<bq::act::FiberManHolder<bd01::event::ClaypipeIn>*,std::shared_ptr<bq::act::Base>::__shared_ptr_default_delete<bq::act::Base,bq::act::FiberManHolder<bd01::event::ClaypipeIn>>,std::allocator<bq::act::FiberManHolder<bd01::event::ClaypipeIn>>> * this)
710019bcb4	4	__on_zero_shared_weak	std::__shared_ptr_pointer<bq::act::FiberManHolder<bd01::event::ClaypipeIn>*,std::shared_ptr<bq::act::Base>::__shared_ptr_default_delete<bq::act::Base,bq::act::FiberManHolder<bd01::event::ClaypipeIn>>,std::allocator<bq::act::FiberManHolder<bd01::event::ClaypipeIn>>>	a	a	0		undefined __on_zero_shared_weak(__shared_ptr_pointer<bq::act::FiberManHolder<bd01::event::ClaypipeIn>*,std::shared_ptr<bq::act::Base>::__shared_ptr_default_delete<bq::act::Base,bq::act::FiberManHolder<bd01::event::ClaypipeIn>>,std::allocator<bq::act::FiberManHolder<bd01::event::ClaypipeIn>>> * this)
710019bcc0	96	~FiberManHolder	bq::act::FiberManHolder<bd01::event::ClaypipeIn>	a	a	0		undefined ~FiberManHolder(FiberManHolder<bd01::event::ClaypipeIn> * this)
710019bd20	108	~FiberManHolder	bq::act::FiberManHolder<bd01::event::ClaypipeIn>	a	a	0		undefined ~FiberManHolder(FiberManHolder<bd01::event::ClaypipeIn> * this)
710019bd8c	32	IsProc	bq::act::FiberManHolder<bd01::event::ClaypipeIn>	a	a	0		uint IsProc(void)
710019bdac	12	IsObject	bq::act::FiberManHolder<bd01::event::ClaypipeIn>	a	a	0		undefined IsObject(long param_1)
710019bdb8	8	SetPauseLevel	bq::act::FiberManHolder<bd01::event::ClaypipeIn>	a	a	0		undefined SetPauseLevel(long param_1)
710019bdc0	36	~__shared_ptr_pointer	std::__shared_ptr_pointer<bd01::event::ClaypipeIn*,std::shared_ptr<bd01::event::ClaypipeIn>::__shared_ptr_default_delete<bd01::event::ClaypipeIn,bd01::event::ClaypipeIn>,std::allocator<bd01::event::ClaypipeIn>>	a	a	0		undefined ~__shared_ptr_pointer(__shared_ptr_pointer<bd01::event::ClaypipeIn*,std::shared_ptr<bd01::event::ClaypipeIn>::__shared_ptr_default_delete<bd01::event::ClaypipeIn,bd01::event::ClaypipeIn>,std::allocator<bd01::event::ClaypipeIn>> * this)
710019bde4	24	__on_zero_shared	std::__shared_ptr_pointer<bd01::event::ClaypipeIn*,std::shared_ptr<bd01::event::ClaypipeIn>::__shared_ptr_default_delete<bd01::event::ClaypipeIn,bd01::event::ClaypipeIn>,std::allocator<bd01::event::ClaypipeIn>>	a	a	0		undefined __on_zero_shared(__shared_ptr_pointer<bd01::event::ClaypipeIn*,std::shared_ptr<bd01::event::ClaypipeIn>::__shared_ptr_default_delete<bd01::event::ClaypipeIn,bd01::event::ClaypipeIn>,std::allocator<bd01::event::ClaypipeIn>> * this)
710019bdfc	4	__on_zero_shared_weak	std::__shared_ptr_pointer<bd01::event::ClaypipeIn*,std::shared_ptr<bd01::event::ClaypipeIn>::__shared_ptr_default_delete<bd01::event::ClaypipeIn,bd01::event::ClaypipeIn>,std::allocator<bd01::event::ClaypipeIn>>	a	a	0		undefined __on_zero_shared_weak(__shared_ptr_pointer<bd01::event::ClaypipeIn*,std::shared_ptr<bd01::event::ClaypipeIn>::__shared_ptr_default_delete<bd01::event::ClaypipeIn,bd01::event::ClaypipeIn>,std::allocator<bd01::event::ClaypipeIn>> * this)
710019be00	4	~MovePosition	bq::act::MovePosition<bd01::CameraHandle,nn::util::Vector3f>	a	a	0		undefined ~MovePosition(MovePosition<bd01::CameraHandle,nn::util::Vector3f> * this)
710019be04	168	Proc	bq::act::MovePosition<bd01::CameraHandle,nn::util::Vector3f>	a	a	0		undefined Proc(MovePosition<bd01::CameraHandle,nn::util::Vector3f> * this)
710019beac	24	IsProc	bq::act::MoveBase<bd01::CameraHandle,nn::util::Vector3f>	a	a	0		bool IsProc(MoveBase<bd01::CameraHandle,nn::util::Vector3f> * this)
710019bec4	36	~__shared_ptr_pointer	std::__shared_ptr_pointer<bq::act::MovePosition<bd01::CameraHandle,nn::util::Vector3f>*,std::shared_ptr<bq::act::Base>::__shared_ptr_default_delete<bq::act::Base,bq::act::MovePosition<bd01::CameraHandle,nn::util::Vector3f>>,std::allocator<bq::act::MovePosition<bd01::CameraHandle,nn::util::Vector3f>>>	a	a	0		undefined ~__shared_ptr_pointer(__shared_ptr_pointer<bq::act::MovePosition<bd01::CameraHandle,nn::util::Vector3f>*,std::shared_ptr<bq::act::Base>::__shared_ptr_default_delete<bq::act::Base,bq::act::MovePosition<bd01::CameraHandle,nn::util::Vector3f>>,std::allocator<bq::act::MovePosition<bd01::CameraHandle,nn::util::Vector3f>>> * this)
710019bee8	24	__on_zero_shared	std::__shared_ptr_pointer<bq::act::MovePosition<bd01::CameraHandle,nn::util::Vector3f>*,std::shared_ptr<bq::act::Base>::__shared_ptr_default_delete<bq::act::Base,bq::act::MovePosition<bd01::CameraHandle,nn::util::Vector3f>>,std::allocator<bq::act::MovePosition<bd01::CameraHandle,nn::util::Vector3f>>>	a	a	0		undefined __on_zero_shared(__shared_ptr_pointer<bq::act::MovePosition<bd01::CameraHandle,nn::util::Vector3f>*,std::shared_ptr<bq::act::Base>::__shared_ptr_default_delete<bq::act::Base,bq::act::MovePosition<bd01::CameraHandle,nn::util::Vector3f>>,std::allocator<bq::act::MovePosition<bd01::CameraHandle,nn::util::Vector3f>>> * this)
710019bf00	4	__on_zero_shared_weak	std::__shared_ptr_pointer<bq::act::MovePosition<bd01::CameraHandle,nn::util::Vector3f>*,std::shared_ptr<bq::act::Base>::__shared_ptr_default_delete<bq::act::Base,bq::act::MovePosition<bd01::CameraHandle,nn::util::Vector3f>>,std::allocator<bq::act::MovePosition<bd01::CameraHandle,nn::util::Vector3f>>>	a	a	0		undefined __on_zero_shared_weak(__shared_ptr_pointer<bq::act::MovePosition<bd01::CameraHandle,nn::util::Vector3f>*,std::shared_ptr<bq::act::Base>::__shared_ptr_default_delete<bq::act::Base,bq::act::MovePosition<bd01::CameraHandle,nn::util::Vector3f>>,std::allocator<bq::act::MovePosition<bd01::CameraHandle,nn::util::Vector3f>>> * this)
710019bf04	36	FUN_710019bf04		d	a	0		undefined FUN_710019bf04(__shared_weak_count * param_1)
710019bf50	96	FUN_710019bf50		d	a	0		undefined FUN_710019bf50(long param_1)
710019bfb0	108	FUN_710019bfb0		d	a	0		undefined FUN_710019bfb0(void * param_1)
710019c01c	32	FUN_710019c01c		d	a	0		uint FUN_710019c01c(void)
710019c050	36	FUN_710019c050		d	a	0		undefined FUN_710019c050(__shared_weak_count * param_1)
710019c090	292	AddFiber<bd01::event::ClaypipeOut>	bq::act::Man	a	a	0		weak_ptr AddFiber<bd01::event::ClaypipeOut>(long * param_1_00, long * param_2, long param_3)
710019c1f8	36	~__shared_ptr_pointer	std::__shared_ptr_pointer<bq::act::FiberManHolder<bd01::event::ClaypipeOut>*,std::shared_ptr<bq::act::Base>::__shared_ptr_default_delete<bq::act::Base,bq::act::FiberManHolder<bd01::event::ClaypipeOut>>,std::allocator<bq::act::FiberManHolder<bd01::event::ClaypipeOut>>>	a	a	0		undefined ~__shared_ptr_pointer(__shared_ptr_pointer<bq::act::FiberManHolder<bd01::event::ClaypipeOut>*,std::shared_ptr<bq::act::Base>::__shared_ptr_default_delete<bq::act::Base,bq::act::FiberManHolder<bd01::event::ClaypipeOut>>,std::allocator<bq::act::FiberManHolder<bd01::event::ClaypipeOut>>> * this)
710019c21c	24	__on_zero_shared	std::__shared_ptr_pointer<bq::act::FiberManHolder<bd01::event::ClaypipeOut>*,std::shared_ptr<bq::act::Base>::__shared_ptr_default_delete<bq::act::Base,bq::act::FiberManHolder<bd01::event::ClaypipeOut>>,std::allocator<bq::act::FiberManHolder<bd01::event::ClaypipeOut>>>	a	a	0		undefined __on_zero_shared(__shared_ptr_pointer<bq::act::FiberManHolder<bd01::event::ClaypipeOut>*,std::shared_ptr<bq::act::Base>::__shared_ptr_default_delete<bq::act::Base,bq::act::FiberManHolder<bd01::event::ClaypipeOut>>,std::allocator<bq::act::FiberManHolder<bd01::event::ClaypipeOut>>> * this)
710019c234	4	__on_zero_shared_weak	std::__shared_ptr_pointer<bq::act::FiberManHolder<bd01::event::ClaypipeOut>*,std::shared_ptr<bq::act::Base>::__shared_ptr_default_delete<bq::act::Base,bq::act::FiberManHolder<bd01::event::ClaypipeOut>>,std::allocator<bq::act::FiberManHolder<bd01::event::ClaypipeOut>>>	a	a	0		undefined __on_zero_shared_weak(__shared_ptr_pointer<bq::act::FiberManHolder<bd01::event::ClaypipeOut>*,std::shared_ptr<bq::act::Base>::__shared_ptr_default_delete<bq::act::Base,bq::act::FiberManHolder<bd01::event::ClaypipeOut>>,std::allocator<bq::act::FiberManHolder<bd01::event::ClaypipeOut>>> * this)
710019c240	96	~FiberManHolder	bq::act::FiberManHolder<bd01::event::ClaypipeOut>	a	a	0		undefined ~FiberManHolder(FiberManHolder<bd01::event::ClaypipeOut> * this)
710019c2a0	108	~FiberManHolder	bq::act::FiberManHolder<bd01::event::ClaypipeOut>	a	a	0		undefined ~FiberManHolder(FiberManHolder<bd01::event::ClaypipeOut> * this)
710019c30c	32	IsProc	bq::act::FiberManHolder<bd01::event::ClaypipeOut>	a	a	0		uint IsProc(void)
710019c32c	12	IsObject	bq::act::FiberManHolder<bd01::event::ClaypipeOut>	a	a	0		undefined IsObject(long param_1)
710019c338	8	SetPauseLevel	bq::act::FiberManHolder<bd01::event::ClaypipeOut>	a	a	0		undefined SetPauseLevel(long param_1)
710019c340	36	~__shared_ptr_pointer	std::__shared_ptr_pointer<bd01::event::ClaypipeOut*,std::shared_ptr<bd01::event::ClaypipeOut>::__shared_ptr_default_delete<bd01::event::ClaypipeOut,bd01::event::ClaypipeOut>,std::allocator<bd01::event::ClaypipeOut>>	a	a	0		undefined ~__shared_ptr_pointer(__shared_ptr_pointer<bd01::event::ClaypipeOut*,std::shared_ptr<bd01::event::ClaypipeOut>::__shared_ptr_default_delete<bd01::event::ClaypipeOut,bd01::event::ClaypipeOut>,std::allocator<bd01::event::ClaypipeOut>> * this)
710019c364	24	__on_zero_shared	std::__shared_ptr_pointer<bd01::event::ClaypipeOut*,std::shared_ptr<bd01::event::ClaypipeOut>::__shared_ptr_default_delete<bd01::event::ClaypipeOut,bd01::event::ClaypipeOut>,std::allocator<bd01::event::ClaypipeOut>>	a	a	0		undefined __on_zero_shared(__shared_ptr_pointer<bd01::event::ClaypipeOut*,std::shared_ptr<bd01::event::ClaypipeOut>::__shared_ptr_default_delete<bd01::event::ClaypipeOut,bd01::event::ClaypipeOut>,std::allocator<bd01::event::ClaypipeOut>> * this)
710019c37c	4	__on_zero_shared_weak	std::__shared_ptr_pointer<bd01::event::ClaypipeOut*,std::shared_ptr<bd01::event::ClaypipeOut>::__shared_ptr_default_delete<bd01::event::ClaypipeOut,bd01::event::ClaypipeOut>,std::allocator<bd01::event::ClaypipeOut>>	a	a	0		undefined __on_zero_shared_weak(__shared_ptr_pointer<bd01::event::ClaypipeOut*,std::shared_ptr<bd01::event::ClaypipeOut>::__shared_ptr_default_delete<bd01::event::ClaypipeOut,bd01::event::ClaypipeOut>,std::allocator<bd01::event::ClaypipeOut>> * this)
710019c384	52	FUN_710019c384		d	a	0		undefined FUN_710019c384(long param_1)
710019c3d0	4	FUN_710019c3d0		d	a	0		undefined FUN_710019c3d0(void)
710019c3d4	4	operator.delete	<EXTERNAL>	d	a	1		void operator.delete(void * param_1)
710019c3e0	340	FUN_710019c3e0		d	a	0		undefined FUN_710019c3e0(ushort * param_1, long param_2, undefined8 param_3, int * param_4)
710019c538	184	HiddenBlock	bd01::event::HiddenBlock	a	a	0		undefined HiddenBlock(HiddenBlock * this, uint * param_1, byte param_2)
710019c64c	444	Setup	bd01::event::HiddenBlock	a	a	0		undefined Setup(HiddenBlock * this)
710019c830	388	PlayJingle_HSBD00_KAKUSHI_BLOCK	bd01::event::HiddenBlock	a	a	0		undefined PlayJingle_HSBD00_KAKUSHI_BLOCK(HiddenBlock * this)
710019c9f8	208	Update	bd01::event::HiddenBlock	a	a	0		undefined Update(HiddenBlock * this)
710019cac8	656	RunStart	bd01::event::HiddenBlock	a	a	0		undefined RunStart(HiddenBlock * param_1)
710019cd60	460	RunRoulette	bd01::event::HiddenBlock	a	a	0		undefined RunRoulette(HiddenBlock * this)
710019cf80	760	RunInput	bd01::event::HiddenBlock	a	a	0		undefined RunInput(long param_1)
710019d278	668	RunStar	bd01::event::HiddenBlock	a	a	0		undefined RunStar(HiddenBlock * this)
710019d550	820	RunCoin	bd01::event::HiddenBlock	a	a	0		undefined RunCoin(HiddenBlock * this)
710019d8d0	388	BlockJump	bd01::event::HiddenBlock	a	a	0		undefined BlockJump(long * param_1, long param_2)
710019da98	12	OnReceiveMsg	bd01::event::HiddenBlock	a	a	0		undefined OnReceiveMsg(long param_1)
710019daa4	12	OnReceiveMsg	bd01::event::HiddenBlock	a	a	0		undefined OnReceiveMsg(HiddenBlock * this)
710019dab0	116	InitEntry	bd01::event::HiddenBlock	a	a	0		undefined InitEntry(void)
710019db40	1064	GetInitEntryMass	bd01::event::HiddenBlock	a	a	0		undefined GetInitEntryMass(long * param_1)
710019dfe8	64	NextEntry	bd01::event::HiddenBlock	a	a	0		undefined NextEntry(void)
710019e030	1068	GetNextEntryMass	bd01::event::HiddenBlock	a	a	0		undefined GetNextEntryMass(ushort * param_1)
710019e4e0	216	CheckEntry	bd01::event::HiddenBlock	a	a	0		undefined CheckEntry(void)
710019e5d8	52	GetHiddenBlockCount	bd01::event::HiddenBlock	a	a	0		undefined4 GetHiddenBlockCount(void)
710019e60c	104	GetPossibleEntryMass	bd01::event::HiddenBlock	a	a	0		undefined GetPossibleEntryMass(long * param_1_00, TrackData * param_2)
710019e690	196	~HiddenBlock	bd01::event::HiddenBlock	a	a	0		undefined ~HiddenBlock(HiddenBlock * this)
710019e754	36	~HiddenBlock	bd01::event::HiddenBlock	a	a	0		undefined ~HiddenBlock(HiddenBlock * this)
710019e778	12	NetName	bd01::event::HiddenBlock	a	a	0		char * NetName(void)
710019e784	8	~HiddenBlock	bd01::event::HiddenBlock	a	a	0		undefined ~HiddenBlock(HiddenBlock * this)
710019e78c	40	~HiddenBlock	bd01::event::HiddenBlock	a	a	0		undefined ~HiddenBlock(HiddenBlock * this)
710019e7b4	12	NetName	bd01::event::HiddenBlock	a	a	0		char * NetName(void)
710019e7c0	88	FUN_710019e7c0		d	a	0		undefined FUN_710019e7c0(Fiber * param_1)
710019e8c8	88	FUN_710019e8c8		d	a	0		undefined FUN_710019e8c8(Fiber * param_1)
710019e9c8	4	~EventDataHiddenBlock	bd01::EventDataHiddenBlock	a	a	0		undefined ~EventDataHiddenBlock(EventDataHiddenBlock * this)
710019e9cc	12	GetPtr	bd01::EventDataHiddenBlock	a	a	0		undefined8 GetPtr(EventDataHiddenBlock * this, int param_1)
710019e9d8	36	FUN_710019e9d8		d	a	0		undefined FUN_710019e9d8(__shared_weak_count * param_1)
710019ea20	96	FUN_710019ea20		d	a	0		undefined FUN_710019ea20(long param_1)
710019ea80	108	FUN_710019ea80		d	a	0		undefined FUN_710019ea80(void * param_1)
710019eaec	32	FUN_710019eaec		d	a	0		uint FUN_710019eaec(void)
710019eb20	36	FUN_710019eb20		d	a	0		undefined FUN_710019eb20(__shared_weak_count * param_1)
710019eb60	36	FUN_710019eb60		d	a	0		undefined FUN_710019eb60(__shared_weak_count * param_1)
710019eba0	96	FUN_710019eba0		d	a	0		undefined FUN_710019eba0(long param_1)
710019ec00	108	FUN_710019ec00		d	a	0		undefined FUN_710019ec00(void * param_1)
710019ec6c	32	FUN_710019ec6c		d	a	0		uint FUN_710019ec6c(void)
710019eca0	36	FUN_710019eca0		d	a	0		undefined FUN_710019eca0(__shared_weak_count * param_1)
710019ece0	292	AddFiber<bd01::ActCoinJump>	bq::act::Man	a	a	0		weak_ptr AddFiber<bd01::ActCoinJump>(long * param_1_00, long * param_2, long param_3)
710019ee48	36	~__shared_ptr_pointer	std::__shared_ptr_pointer<bq::act::FiberManHolder<bd01::ActCoinJump>*,std::shared_ptr<bq::act::Base>::__shared_ptr_default_delete<bq::act::Base,bq::act::FiberManHolder<bd01::ActCoinJump>>,std::allocator<bq::act::FiberManHolder<bd01::ActCoinJump>>>	a	a	0		undefined ~__shared_ptr_pointer(__shared_ptr_pointer<bq::act::FiberManHolder<bd01::ActCoinJump>*,std::shared_ptr<bq::act::Base>::__shared_ptr_default_delete<bq::act::Base,bq::act::FiberManHolder<bd01::ActCoinJump>>,std::allocator<bq::act::FiberManHolder<bd01::ActCoinJump>>> * this)
710019ee6c	24	__on_zero_shared	std::__shared_ptr_pointer<bq::act::FiberManHolder<bd01::ActCoinJump>*,std::shared_ptr<bq::act::Base>::__shared_ptr_default_delete<bq::act::Base,bq::act::FiberManHolder<bd01::ActCoinJump>>,std::allocator<bq::act::FiberManHolder<bd01::ActCoinJump>>>	a	a	0		undefined __on_zero_shared(__shared_ptr_pointer<bq::act::FiberManHolder<bd01::ActCoinJump>*,std::shared_ptr<bq::act::Base>::__shared_ptr_default_delete<bq::act::Base,bq::act::FiberManHolder<bd01::ActCoinJump>>,std::allocator<bq::act::FiberManHolder<bd01::ActCoinJump>>> * this)
710019ee84	4	__on_zero_shared_weak	std::__shared_ptr_pointer<bq::act::FiberManHolder<bd01::ActCoinJump>*,std::shared_ptr<bq::act::Base>::__shared_ptr_default_delete<bq::act::Base,bq::act::FiberManHolder<bd01::ActCoinJump>>,std::allocator<bq::act::FiberManHolder<bd01::ActCoinJump>>>	a	a	0		undefined __on_zero_shared_weak(__shared_ptr_pointer<bq::act::FiberManHolder<bd01::ActCoinJump>*,std::shared_ptr<bq::act::Base>::__shared_ptr_default_delete<bq::act::Base,bq::act::FiberManHolder<bd01::ActCoinJump>>,std::allocator<bq::act::FiberManHolder<bd01::ActCoinJump>>> * this)
710019ee90	96	~FiberManHolder	bq::act::FiberManHolder<bd01::ActCoinJump>	a	a	0		undefined ~FiberManHolder(FiberManHolder<bd01::ActCoinJump> * this)
710019eef0	108	~FiberManHolder	bq::act::FiberManHolder<bd01::ActCoinJump>	a	a	0		undefined ~FiberManHolder(FiberManHolder<bd01::ActCoinJump> * this)
710019ef5c	32	IsProc	bq::act::FiberManHolder<bd01::ActCoinJump>	a	a	0		uint IsProc(void)
710019ef7c	12	IsObject	bq::act::FiberManHolder<bd01::ActCoinJump>	a	a	0		undefined IsObject(long param_1)
710019ef88	8	SetPauseLevel	bq::act::FiberManHolder<bd01::ActCoinJump>	a	a	0		undefined SetPauseLevel(long param_1)
710019ef90	36	~__shared_ptr_pointer	std::__shared_ptr_pointer<bd01::ActCoinJump*,std::shared_ptr<bd01::ActCoinJump>::__shared_ptr_default_delete<bd01::ActCoinJump,bd01::ActCoinJump>,std::allocator<bd01::ActCoinJump>>	a	a	0		undefined ~__shared_ptr_pointer(__shared_ptr_pointer<bd01::ActCoinJump*,std::shared_ptr<bd01::ActCoinJump>::__shared_ptr_default_delete<bd01::ActCoinJump,bd01::ActCoinJump>,std::allocator<bd01::ActCoinJump>> * this)
710019efb4	24	__on_zero_shared	std::__shared_ptr_pointer<bd01::ActCoinJump*,std::shared_ptr<bd01::ActCoinJump>::__shared_ptr_default_delete<bd01::ActCoinJump,bd01::ActCoinJump>,std::allocator<bd01::ActCoinJump>>	a	a	0		undefined __on_zero_shared(__shared_ptr_pointer<bd01::ActCoinJump*,std::shared_ptr<bd01::ActCoinJump>::__shared_ptr_default_delete<bd01::ActCoinJump,bd01::ActCoinJump>,std::allocator<bd01::ActCoinJump>> * this)
710019efcc	4	__on_zero_shared_weak	std::__shared_ptr_pointer<bd01::ActCoinJump*,std::shared_ptr<bd01::ActCoinJump>::__shared_ptr_default_delete<bd01::ActCoinJump,bd01::ActCoinJump>,std::allocator<bd01::ActCoinJump>>	a	a	0		undefined __on_zero_shared_weak(__shared_ptr_pointer<bd01::ActCoinJump*,std::shared_ptr<bd01::ActCoinJump>::__shared_ptr_default_delete<bd01::ActCoinJump,bd01::ActCoinJump>,std::allocator<bd01::ActCoinJump>> * this)
710019efd0	296	FUN_710019efd0		d	a	0		undefined FUN_710019efd0(long * param_1, ulong param_2)
710019f0f8	212	ItemGet	bd01::event::ItemGet	a	a	0		undefined ItemGet(ItemGet * this, uint * param_1, undefined4 param_2, undefined4 param_3, undefined8 param_4, undefined4 param_5)
710019f218	544	Setup	bd01::event::ItemGet	a	a	0		undefined Setup(ItemGet * this, ulong param_1)
710019f440	660	ItemGet	bd01::event::ItemGet	a	a	0		undefined ItemGet(ItemGet * this, uint * param_1, char * param_2, undefined4 param_3, undefined4 param_4)
710019f700	152	ItemGet	bd01::event::ItemGet	a	a	0		undefined ItemGet(ItemGet * this, uint * param_1, undefined8 param_2, undefined4 param_3)
710019f7d0	884	Update	bd01::event::ItemGet	a	a	0		undefined Update(ItemGet * this)
710019fb90	4092	RunGet	bd01::event::ItemGet	a	a	0		undefined RunGet(ActFlowEventFiber * param_1)
71001a0bd4	220	ItemLose	bd01::event::ItemLose	a	a	0		undefined ItemLose(ItemLose * this, uint * param_1, undefined4 param_2)
71001a0cfc	500	Update	bd01::event::ItemLose	a	a	0		undefined Update(ItemLose * this)
71001a0f0c	160	ItemGetDelete	bd01::event::ItemGetDelete	a	a	0		undefined ItemGetDelete(ItemGetDelete * this, uint * param_1, undefined4 param_2)
71001a0ff0	1760	Update	bd01::event::ItemGetDelete	a	a	0		undefined Update(long param_1)
71001a1734	56	SendResult	bd01::event::ItemGetDelete	a	a	0		undefined4 SendResult(ItemGetDelete * this, undefined2 param_1)
71001a176c	40	OnReceiveMsg	bd01::event::ItemGetDelete	a	a	0		undefined OnReceiveMsg(long param_1, undefined8 param_2, short * param_3)
71001a1794	40	OnReceiveMsg	bd01::event::ItemGetDelete	a	a	0		undefined OnReceiveMsg(ItemGetDelete * this, undefined8 param_2_00, short * param_2)
71001a17bc	120	~ItemGet	bd01::event::ItemGet	a	a	0		undefined ~ItemGet(ItemGet * this)
71001a1834	128	~ItemGet	bd01::event::ItemGet	a	a	0		undefined ~ItemGet(ItemGet * this)
71001a18b4	120	~ItemLose	bd01::event::ItemLose	a	a	0		undefined ~ItemLose(ItemLose * this)
71001a192c	128	~ItemLose	bd01::event::ItemLose	a	a	0		undefined ~ItemLose(ItemLose * this)
71001a19ac	172	~ItemGetDelete	bd01::event::ItemGetDelete	a	a	0		undefined ~ItemGetDelete(ItemGetDelete * this)
71001a1a58	180	~ItemGetDelete	bd01::event::ItemGetDelete	a	a	0		undefined ~ItemGetDelete(ItemGetDelete * this)
71001a1b0c	12	NetName	bd01::event::ItemGetDelete	a	a	0		char * NetName(void)
71001a1b18	172	~ItemGetDelete	bd01::event::ItemGetDelete	a	a	0		undefined ~ItemGetDelete(ItemGetDelete * this)
71001a1bc4	8	~ItemGetDelete	bd01::event::ItemGetDelete	a	a	0		undefined ~ItemGetDelete(ItemGetDelete * this)
71001a1bcc	12	NetName	bd01::event::ItemGetDelete	a	a	0		char * NetName(void)
71001a1bd8	20	FUN_71001a1bd8		d	a	0		undefined FUN_71001a1bd8(void)
71001a1bf0	292	AddFiber<bd01::event::ItemGetDelete>	bq::act::Man	a	a	0		weak_ptr AddFiber<bd01::event::ItemGetDelete>(long * param_1_00, long * param_2, long param_3)
71001a1d58	36	~__shared_ptr_pointer	std::__shared_ptr_pointer<bq::act::FiberManHolder<bd01::event::ItemGetDelete>*,std::shared_ptr<bq::act::Base>::__shared_ptr_default_delete<bq::act::Base,bq::act::FiberManHolder<bd01::event::ItemGetDelete>>,std::allocator<bq::act::FiberManHolder<bd01::event::ItemGetDelete>>>	a	a	0		undefined ~__shared_ptr_pointer(__shared_ptr_pointer<bq::act::FiberManHolder<bd01::event::ItemGetDelete>*,std::shared_ptr<bq::act::Base>::__shared_ptr_default_delete<bq::act::Base,bq::act::FiberManHolder<bd01::event::ItemGetDelete>>,std::allocator<bq::act::FiberManHolder<bd01::event::ItemGetDelete>>> * this)
71001a1d7c	24	__on_zero_shared	std::__shared_ptr_pointer<bq::act::FiberManHolder<bd01::event::ItemGetDelete>*,std::shared_ptr<bq::act::Base>::__shared_ptr_default_delete<bq::act::Base,bq::act::FiberManHolder<bd01::event::ItemGetDelete>>,std::allocator<bq::act::FiberManHolder<bd01::event::ItemGetDelete>>>	a	a	0		undefined __on_zero_shared(__shared_ptr_pointer<bq::act::FiberManHolder<bd01::event::ItemGetDelete>*,std::shared_ptr<bq::act::Base>::__shared_ptr_default_delete<bq::act::Base,bq::act::FiberManHolder<bd01::event::ItemGetDelete>>,std::allocator<bq::act::FiberManHolder<bd01::event::ItemGetDelete>>> * this)
71001a1d94	4	__on_zero_shared_weak	std::__shared_ptr_pointer<bq::act::FiberManHolder<bd01::event::ItemGetDelete>*,std::shared_ptr<bq::act::Base>::__shared_ptr_default_delete<bq::act::Base,bq::act::FiberManHolder<bd01::event::ItemGetDelete>>,std::allocator<bq::act::FiberManHolder<bd01::event::ItemGetDelete>>>	a	a	0		undefined __on_zero_shared_weak(__shared_ptr_pointer<bq::act::FiberManHolder<bd01::event::ItemGetDelete>*,std::shared_ptr<bq::act::Base>::__shared_ptr_default_delete<bq::act::Base,bq::act::FiberManHolder<bd01::event::ItemGetDelete>>,std::allocator<bq::act::FiberManHolder<bd01::event::ItemGetDelete>>> * this)
71001a1da0	96	~FiberManHolder	bq::act::FiberManHolder<bd01::event::ItemGetDelete>	a	a	0		undefined ~FiberManHolder(FiberManHolder<bd01::event::ItemGetDelete> * this)
71001a1e00	108	~FiberManHolder	bq::act::FiberManHolder<bd01::event::ItemGetDelete>	a	a	0		undefined ~FiberManHolder(FiberManHolder<bd01::event::ItemGetDelete> * this)
71001a1e6c	32	IsProc	bq::act::FiberManHolder<bd01::event::ItemGetDelete>	a	a	0		uint IsProc(void)
71001a1e8c	12	IsObject	bq::act::FiberManHolder<bd01::event::ItemGetDelete>	a	a	0		undefined IsObject(long param_1)
71001a1e98	8	SetPauseLevel	bq::act::FiberManHolder<bd01::event::ItemGetDelete>	a	a	0		undefined SetPauseLevel(long param_1)
71001a1ea0	36	~__shared_ptr_pointer	std::__shared_ptr_pointer<bd01::event::ItemGetDelete*,std::shared_ptr<bd01::event::ItemGetDelete>::__shared_ptr_default_delete<bd01::event::ItemGetDelete,bd01::event::ItemGetDelete>,std::allocator<bd01::event::ItemGetDelete>>	a	a	0		undefined ~__shared_ptr_pointer(__shared_ptr_pointer<bd01::event::ItemGetDelete*,std::shared_ptr<bd01::event::ItemGetDelete>::__shared_ptr_default_delete<bd01::event::ItemGetDelete,bd01::event::ItemGetDelete>,std::allocator<bd01::event::ItemGetDelete>> * this)
71001a1ec4	24	__on_zero_shared	std::__shared_ptr_pointer<bd01::event::ItemGetDelete*,std::shared_ptr<bd01::event::ItemGetDelete>::__shared_ptr_default_delete<bd01::event::ItemGetDelete,bd01::event::ItemGetDelete>,std::allocator<bd01::event::ItemGetDelete>>	a	a	0		undefined __on_zero_shared(__shared_ptr_pointer<bd01::event::ItemGetDelete*,std::shared_ptr<bd01::event::ItemGetDelete>::__shared_ptr_default_delete<bd01::event::ItemGetDelete,bd01::event::ItemGetDelete>,std::allocator<bd01::event::ItemGetDelete>> * this)
71001a1edc	4	__on_zero_shared_weak	std::__shared_ptr_pointer<bd01::event::ItemGetDelete*,std::shared_ptr<bd01::event::ItemGetDelete>::__shared_ptr_default_delete<bd01::event::ItemGetDelete,bd01::event::ItemGetDelete>,std::allocator<bd01::event::ItemGetDelete>>	a	a	0		undefined __on_zero_shared_weak(__shared_ptr_pointer<bd01::event::ItemGetDelete*,std::shared_ptr<bd01::event::ItemGetDelete>::__shared_ptr_default_delete<bd01::event::ItemGetDelete,bd01::event::ItemGetDelete>,std::allocator<bd01::event::ItemGetDelete>> * this)
71001a1ee0	360	IntpScale<bd01::ItemModel,nn::util::Vector3f>	bq::act::Man	a	a	0		weak_ptr IntpScale<bd01::ItemModel,nn::util::Vector3f>(long * param_1_00, float param_2, undefined4 param_3, long * param_4, long param_5, ulong * param_6, undefined8 * param_7)
71001a206c	4	~IntpScale	bq::act::IntpScale<bd01::ItemModel,nn::util::Vector3f>	a	a	0		undefined ~IntpScale(IntpScale<bd01::ItemModel,nn::util::Vector3f> * this)
71001a2070	256	Proc	bq::act::IntpScale<bd01::ItemModel,nn::util::Vector3f>	a	a	0		undefined Proc(IntpScale<bd01::ItemModel,nn::util::Vector3f> * this)
71001a2170	36	~__shared_ptr_pointer	std::__shared_ptr_pointer<bq::act::IntpScale<bd01::ItemModel,nn::util::Vector3f>*,std::shared_ptr<bq::act::Base>::__shared_ptr_default_delete<bq::act::Base,bq::act::IntpScale<bd01::ItemModel,nn::util::Vector3f>>,std::allocator<bq::act::IntpScale<bd01::ItemModel,nn::util::Vector3f>>>	a	a	0		undefined ~__shared_ptr_pointer(__shared_ptr_pointer<bq::act::IntpScale<bd01::ItemModel,nn::util::Vector3f>*,std::shared_ptr<bq::act::Base>::__shared_ptr_default_delete<bq::act::Base,bq::act::IntpScale<bd01::ItemModel,nn::util::Vector3f>>,std::allocator<bq::act::IntpScale<bd01::ItemModel,nn::util::Vector3f>>> * this)
71001a2194	24	__on_zero_shared	std::__shared_ptr_pointer<bq::act::IntpScale<bd01::ItemModel,nn::util::Vector3f>*,std::shared_ptr<bq::act::Base>::__shared_ptr_default_delete<bq::act::Base,bq::act::IntpScale<bd01::ItemModel,nn::util::Vector3f>>,std::allocator<bq::act::IntpScale<bd01::ItemModel,nn::util::Vector3f>>>	a	a	0		undefined __on_zero_shared(__shared_ptr_pointer<bq::act::IntpScale<bd01::ItemModel,nn::util::Vector3f>*,std::shared_ptr<bq::act::Base>::__shared_ptr_default_delete<bq::act::Base,bq::act::IntpScale<bd01::ItemModel,nn::util::Vector3f>>,std::allocator<bq::act::IntpScale<bd01::ItemModel,nn::util::Vector3f>>> * this)
71001a21ac	4	__on_zero_shared_weak	std::__shared_ptr_pointer<bq::act::IntpScale<bd01::ItemModel,nn::util::Vector3f>*,std::shared_ptr<bq::act::Base>::__shared_ptr_default_delete<bq::act::Base,bq::act::IntpScale<bd01::ItemModel,nn::util::Vector3f>>,std::allocator<bq::act::IntpScale<bd01::ItemModel,nn::util::Vector3f>>>	a	a	0		undefined __on_zero_shared_weak(__shared_ptr_pointer<bq::act::IntpScale<bd01::ItemModel,nn::util::Vector3f>*,std::shared_ptr<bq::act::Base>::__shared_ptr_default_delete<bq::act::Base,bq::act::IntpScale<bd01::ItemModel,nn::util::Vector3f>>,std::allocator<bq::act::IntpScale<bd01::ItemModel,nn::util::Vector3f>>> * this)
71001a21b0	292	AddFiber<bd01::event::ItemUseItemBag>	bq::act::Man	a	a	0		weak_ptr AddFiber<bd01::event::ItemUseItemBag>(long * param_1_00, long * param_2, long param_3)
71001a2318	36	~__shared_ptr_pointer	std::__shared_ptr_pointer<bq::act::FiberManHolder<bd01::event::ItemUseItemBag>*,std::shared_ptr<bq::act::Base>::__shared_ptr_default_delete<bq::act::Base,bq::act::FiberManHolder<bd01::event::ItemUseItemBag>>,std::allocator<bq::act::FiberManHolder<bd01::event::ItemUseItemBag>>>	a	a	0		undefined ~__shared_ptr_pointer(__shared_ptr_pointer<bq::act::FiberManHolder<bd01::event::ItemUseItemBag>*,std::shared_ptr<bq::act::Base>::__shared_ptr_default_delete<bq::act::Base,bq::act::FiberManHolder<bd01::event::ItemUseItemBag>>,std::allocator<bq::act::FiberManHolder<bd01::event::ItemUseItemBag>>> * this)
71001a233c	24	__on_zero_shared	std::__shared_ptr_pointer<bq::act::FiberManHolder<bd01::event::ItemUseItemBag>*,std::shared_ptr<bq::act::Base>::__shared_ptr_default_delete<bq::act::Base,bq::act::FiberManHolder<bd01::event::ItemUseItemBag>>,std::allocator<bq::act::FiberManHolder<bd01::event::ItemUseItemBag>>>	a	a	0		undefined __on_zero_shared(__shared_ptr_pointer<bq::act::FiberManHolder<bd01::event::ItemUseItemBag>*,std::shared_ptr<bq::act::Base>::__shared_ptr_default_delete<bq::act::Base,bq::act::FiberManHolder<bd01::event::ItemUseItemBag>>,std::allocator<bq::act::FiberManHolder<bd01::event::ItemUseItemBag>>> * this)
71001a2354	4	__on_zero_shared_weak	std::__shared_ptr_pointer<bq::act::FiberManHolder<bd01::event::ItemUseItemBag>*,std::shared_ptr<bq::act::Base>::__shared_ptr_default_delete<bq::act::Base,bq::act::FiberManHolder<bd01::event::ItemUseItemBag>>,std::allocator<bq::act::FiberManHolder<bd01::event::ItemUseItemBag>>>	a	a	0		undefined __on_zero_shared_weak(__shared_ptr_pointer<bq::act::FiberManHolder<bd01::event::ItemUseItemBag>*,std::shared_ptr<bq::act::Base>::__shared_ptr_default_delete<bq::act::Base,bq::act::FiberManHolder<bd01::event::ItemUseItemBag>>,std::allocator<bq::act::FiberManHolder<bd01::event::ItemUseItemBag>>> * this)
71001a2360	96	~FiberManHolder	bq::act::FiberManHolder<bd01::event::ItemUseItemBag>	a	a	0		undefined ~FiberManHolder(FiberManHolder<bd01::event::ItemUseItemBag> * this)
71001a23c0	108	~FiberManHolder	bq::act::FiberManHolder<bd01::event::ItemUseItemBag>	a	a	0		undefined ~FiberManHolder(FiberManHolder<bd01::event::ItemUseItemBag> * this)
71001a242c	32	IsProc	bq::act::FiberManHolder<bd01::event::ItemUseItemBag>	a	a	0		uint IsProc(void)
71001a244c	12	IsObject	bq::act::FiberManHolder<bd01::event::ItemUseItemBag>	a	a	0		undefined IsObject(long param_1)
71001a2458	8	SetPauseLevel	bq::act::FiberManHolder<bd01::event::ItemUseItemBag>	a	a	0		undefined SetPauseLevel(long param_1)
71001a2460	36	~__shared_ptr_pointer	std::__shared_ptr_pointer<bd01::event::ItemUseItemBag*,std::shared_ptr<bd01::event::ItemUseItemBag>::__shared_ptr_default_delete<bd01::event::ItemUseItemBag,bd01::event::ItemUseItemBag>,std::allocator<bd01::event::ItemUseItemBag>>	a	a	0		undefined ~__shared_ptr_pointer(__shared_ptr_pointer<bd01::event::ItemUseItemBag*,std::shared_ptr<bd01::event::ItemUseItemBag>::__shared_ptr_default_delete<bd01::event::ItemUseItemBag,bd01::event::ItemUseItemBag>,std::allocator<bd01::event::ItemUseItemBag>> * this)
71001a2484	24	__on_zero_shared	std::__shared_ptr_pointer<bd01::event::ItemUseItemBag*,std::shared_ptr<bd01::event::ItemUseItemBag>::__shared_ptr_default_delete<bd01::event::ItemUseItemBag,bd01::event::ItemUseItemBag>,std::allocator<bd01::event::ItemUseItemBag>>	a	a	0		undefined __on_zero_shared(__shared_ptr_pointer<bd01::event::ItemUseItemBag*,std::shared_ptr<bd01::event::ItemUseItemBag>::__shared_ptr_default_delete<bd01::event::ItemUseItemBag,bd01::event::ItemUseItemBag>,std::allocator<bd01::event::ItemUseItemBag>> * this)
71001a249c	4	__on_zero_shared_weak	std::__shared_ptr_pointer<bd01::event::ItemUseItemBag*,std::shared_ptr<bd01::event::ItemUseItemBag>::__shared_ptr_default_delete<bd01::event::ItemUseItemBag,bd01::event::ItemUseItemBag>,std::allocator<bd01::event::ItemUseItemBag>>	a	a	0		undefined __on_zero_shared_weak(__shared_ptr_pointer<bd01::event::ItemUseItemBag*,std::shared_ptr<bd01::event::ItemUseItemBag>::__shared_ptr_default_delete<bd01::event::ItemUseItemBag,bd01::event::ItemUseItemBag>,std::allocator<bd01::event::ItemUseItemBag>> * this)
71001a24a0	4	~MovePosition	bq::act::MovePosition<bd01::ItemModel,nn::util::Vector3f>	a	a	0		undefined ~MovePosition(MovePosition<bd01::ItemModel,nn::util::Vector3f> * this)
71001a24a4	172	Proc	bq::act::MovePosition<bd01::ItemModel,nn::util::Vector3f>	a	a	0		undefined Proc(MovePosition<bd01::ItemModel,nn::util::Vector3f> * this)
71001a2550	36	~__shared_ptr_pointer	std::__shared_ptr_pointer<bq::act::MovePosition<bd01::ItemModel,nn::util::Vector3f>*,std::shared_ptr<bq::act::Base>::__shared_ptr_default_delete<bq::act::Base,bq::act::MovePosition<bd01::ItemModel,nn::util::Vector3f>>,std::allocator<bq::act::MovePosition<bd01::ItemModel,nn::util::Vector3f>>>	a	a	0		undefined ~__shared_ptr_pointer(__shared_ptr_pointer<bq::act::MovePosition<bd01::ItemModel,nn::util::Vector3f>*,std::shared_ptr<bq::act::Base>::__shared_ptr_default_delete<bq::act::Base,bq::act::MovePosition<bd01::ItemModel,nn::util::Vector3f>>,std::allocator<bq::act::MovePosition<bd01::ItemModel,nn::util::Vector3f>>> * this)
71001a2574	24	__on_zero_shared	std::__shared_ptr_pointer<bq::act::MovePosition<bd01::ItemModel,nn::util::Vector3f>*,std::shared_ptr<bq::act::Base>::__shared_ptr_default_delete<bq::act::Base,bq::act::MovePosition<bd01::ItemModel,nn::util::Vector3f>>,std::allocator<bq::act::MovePosition<bd01::ItemModel,nn::util::Vector3f>>>	a	a	0		undefined __on_zero_shared(__shared_ptr_pointer<bq::act::MovePosition<bd01::ItemModel,nn::util::Vector3f>*,std::shared_ptr<bq::act::Base>::__shared_ptr_default_delete<bq::act::Base,bq::act::MovePosition<bd01::ItemModel,nn::util::Vector3f>>,std::allocator<bq::act::MovePosition<bd01::ItemModel,nn::util::Vector3f>>> * this)
71001a258c	4	__on_zero_shared_weak	std::__shared_ptr_pointer<bq::act::MovePosition<bd01::ItemModel,nn::util::Vector3f>*,std::shared_ptr<bq::act::Base>::__shared_ptr_default_delete<bq::act::Base,bq::act::MovePosition<bd01::ItemModel,nn::util::Vector3f>>,std::allocator<bq::act::MovePosition<bd01::ItemModel,nn::util::Vector3f>>>	a	a	0		undefined __on_zero_shared_weak(__shared_ptr_pointer<bq::act::MovePosition<bd01::ItemModel,nn::util::Vector3f>*,std::shared_ptr<bq::act::Base>::__shared_ptr_default_delete<bq::act::Base,bq::act::MovePosition<bd01::ItemModel,nn::util::Vector3f>>,std::allocator<bq::act::MovePosition<bd01::ItemModel,nn::util::Vector3f>>> * this)
71001a2590	188	ItemSlot	bd01::event::ItemSlot	a	a	0		undefined ItemSlot(ItemSlot * this)
71001a26b4	4	Update	bd01::event::ItemSlot	a	a	0		undefined Update(void)
71001a26b8	196	Start	bd01::event::ItemSlot	a	a	0		undefined Start(ItemSlot * this)
71001a277c	16	FuncRoll	bd01::event::ItemSlot	a	a	0		undefined FuncRoll(ItemSlot * this)
71001a278c	220	Stop	bd01::event::ItemSlot	a	a	0		undefined Stop(ItemSlot * this)
71001a2870	260	FuncStop	bd01::event::ItemSlot	a	a	0		undefined FuncStop(ItemSlot * this)
71001a2978	16	IsEnd	bd01::event::ItemSlot	a	a	0		bool IsEnd(ItemSlot * this)
71001a2990	56	WaitEnd	bd01::event::ItemSlot	a	a	0		undefined WaitEnd(ItemSlot * this)
71001a29c8	728	UpdateRoll	bd01::event::ItemSlot	a	a	0		undefined UpdateRoll(ItemSlot * this)
71001a2ca0	160	UpdateReel	bd01::event::ItemSlot	a	a	0		undefined UpdateReel(ItemSlot * this)
71001a2d40	600	SetReelTexture	bd01::event::ItemSlot	a	a	0		undefined SetReelTexture(ItemSlot * this)
71001a2fa0	424	SetReel	bd01::event::ItemSlot	a	a	0		undefined SetReel(ItemSlot * this, vector<bq::ItemID,bex::HeapModule::Allocator_vector<bq::ItemID>> * param_1)
71001a314c	8	SetHit	bd01::event::ItemSlot	a	a	0		undefined SetHit(ItemSlot * this, undefined4 param_1)
71001a3154	164	ItemMassBase	bd01::event::ItemMassBase	a	a	0		undefined ItemMassBase(ItemMassBase * this, uint * param_1, uint param_2)
71001a323c	160	GetRouletteNo	bd01::event::ItemMassBase	a	a	0		undefined1 GetRouletteNo(ItemMassBase * this)
71001a32dc	56	RunLastTurn	bd01::event::ItemMassBase	a	a	0		undefined RunLastTurn(ItemMassBase * this)
71001a3320	608	RunMg	bd01::event::ItemMassBase	a	a	0		undefined RunMg(ItemMassBase * this)
71001a3600	1628	RunRoulette	bd01::event::ItemMassBase	a	a	0		undefined RunRoulette(ItemMassBase * this)
71001a3d00	476	StopSlot	bd01::event::ItemMassBase	a	a	0		undefined StopSlot(ItemMassBase * this)
71001a3edc	52	SendStop	bd01::event::ItemMassBase	a	a	0		undefined4 SendStop(ItemMassBase * this)
71001a3f10	132	IsSupportCharaAction	bd01::event::ItemMassBase	a	a	0		undefined8 IsSupportCharaAction(ItemMassBase * this)
71001a3f94	12	OnReceiveMsg	bd01::event::ItemMassBase	a	a	0		undefined OnReceiveMsg(long param_1)
71001a3fa0	12	OnReceiveMsg	bd01::event::ItemMassBase	a	a	0		undefined OnReceiveMsg(ItemMassBase * this)
71001a3fac	72	ItemMass	bd01::event::ItemMass	a	a	0		undefined ItemMass(ItemMass * this, uint * param_1)
71001a3ff4	172	~ItemMass	bd01::event::ItemMass	a	a	0		undefined ~ItemMass(ItemMass * this)
71001a40a0	8	~ItemMass	bd01::event::ItemMass	a	a	0		undefined ~ItemMass(ItemMass * this)
71001a40a8	36	~ItemMass	bd01::event::ItemMass	a	a	0		undefined ~ItemMass(ItemMass * this)
71001a40cc	40	~ItemMass	bd01::event::ItemMass	a	a	0		undefined ~ItemMass(ItemMass * this)
71001a40f4	852	Update	bd01::event::ItemMass	a	a	0		undefined Update(ItemMass * this)
71001a446c	104	ItemMassResult	bd01::event::ItemMassResult	a	a	0		undefined ItemMassResult(ItemMassResult * this, uint param_1)
71001a44d4	172	~ItemMassResult	bd01::event::ItemMassResult	a	a	0		undefined ~ItemMassResult(ItemMassResult * this)
71001a4580	8	~ItemMassResult	bd01::event::ItemMassResult	a	a	0		undefined ~ItemMassResult(ItemMassResult * this)
71001a4588	36	~ItemMassResult	bd01::event::ItemMassResult	a	a	0		undefined ~ItemMassResult(ItemMassResult * this)
71001a45ac	40	~ItemMassResult	bd01::event::ItemMassResult	a	a	0		undefined ~ItemMassResult(ItemMassResult * this)
71001a45d4	1028	Update	bd01::event::ItemMassResult	a	a	0		undefined Update(ItemMassResult * this)
71001a4a00	576	~ItemSlot	bd01::event::ItemSlot	a	a	0		undefined ~ItemSlot(ItemSlot * this)
71001a4c40	36	~ItemSlot	bd01::event::ItemSlot	a	a	0		undefined ~ItemSlot(ItemSlot * this)
71001a4c64	8	~ItemSlot	bd01::event::ItemSlot	a	a	0		undefined ~ItemSlot(ItemSlot * this)
71001a4c6c	40	~ItemSlot	bd01::event::ItemSlot	a	a	0		undefined ~ItemSlot(ItemSlot * this)
71001a4c94	8	~ItemSlot	bd01::event::ItemSlot	a	a	0		undefined ~ItemSlot(ItemSlot * this)
71001a4c9c	40	~ItemSlot	bd01::event::ItemSlot	a	a	0		undefined ~ItemSlot(ItemSlot * this)
71001a4cc4	172	~ItemMassBase	bd01::event::ItemMassBase	a	a	0		undefined ~ItemMassBase(ItemMassBase * this)
71001a4d70	180	~ItemMassBase	bd01::event::ItemMassBase	a	a	0		undefined ~ItemMassBase(ItemMassBase * this)
71001a4e24	4	Update	bd01::event::ItemMassBase	a	a	0		undefined Update(void)
71001a4e28	12	NetName	bd01::event::ItemMassBase	a	a	0		char * NetName(void)
71001a4e34	172	~ItemMassBase	bd01::event::ItemMassBase	a	a	0		undefined ~ItemMassBase(ItemMassBase * this)
71001a4ee0	8	~ItemMassBase	bd01::event::ItemMassBase	a	a	0		undefined ~ItemMassBase(ItemMassBase * this)
71001a4ee8	12	NetName	bd01::event::ItemMassBase	a	a	0		char * NetName(void)
71001a4f00	380	assign<bq::ItemID*,0>	std::vector<bq::ItemID,bex::HeapModule::Allocator_vector<bq::ItemID>>	a	a	0		void assign<bq::ItemID*,0>(vector<bq::ItemID,bex::HeapModule::Allocator_vector<bq::ItemID>> * this, undefined4 * param_1, undefined4 * param_2)
71001a507c	4	~__func	std::__function::__func<std::__bind<void(bd01::event::ItemSlot::*&)(),bd01::event::ItemSlot*&>,std::allocator<std::__bind<void(bd01::event::ItemSlot::*&)(),bd01::event::ItemSlot*&>>,void()>	a	a	0		undefined ~__func(__func<std::__bind<void(bd01::event::ItemSlot::*&)(),bd01::event::ItemSlot*&>,std::allocator<std::__bind<void(bd01::event::ItemSlot::*&)(),bd01::event::ItemSlot*&>>,void()> * this)
71001a5080	64	__clone	std::__function::__func<std::__bind<void(bd01::event::ItemSlot::*&)(),bd01::event::ItemSlot*&>,std::allocator<std::__bind<void(bd01::event::ItemSlot::*&)(),bd01::event::ItemSlot*&>>,void()>	a	a	0		undefined __clone(__func<std::__bind<void(bd01::event::ItemSlot::*&)(),bd01::event::ItemSlot*&>,std::allocator<std::__bind<void(bd01::event::ItemSlot::*&)(),bd01::event::ItemSlot*&>>,void()> * this)
71001a50c0	36	__clone	std::__function::__func<std::__bind<void(bd01::event::ItemSlot::*&)(),bd01::event::ItemSlot*&>,std::allocator<std::__bind<void(bd01::event::ItemSlot::*&)(),bd01::event::ItemSlot*&>>,void()>	a	a	0		undefined __clone(__func<std::__bind<void(bd01::event::ItemSlot::*&)(),bd01::event::ItemSlot*&>,std::allocator<std::__bind<void(bd01::event::ItemSlot::*&)(),bd01::event::ItemSlot*&>>,void()> * this, long * param_1)
71001a50e4	4	destroy	std::__function::__func<std::__bind<void(bd01::event::ItemSlot::*&)(),bd01::event::ItemSlot*&>,std::allocator<std::__bind<void(bd01::event::ItemSlot::*&)(),bd01::event::ItemSlot*&>>,void()>	a	a	0		undefined destroy(void)
71001a50e8	4	destroy_deallocate	std::__function::__func<std::__bind<void(bd01::event::ItemSlot::*&)(),bd01::event::ItemSlot*&>,std::allocator<std::__bind<void(bd01::event::ItemSlot::*&)(),bd01::event::ItemSlot*&>>,void()>	a	a	0		undefined destroy_deallocate(__func<std::__bind<void(bd01::event::ItemSlot::*&)(),bd01::event::ItemSlot*&>,std::allocator<std::__bind<void(bd01::event::ItemSlot::*&)(),bd01::event::ItemSlot*&>>,void()> * this)
71001a50ec	28	operator()	std::__function::__func<std::__bind<void(bd01::event::ItemSlot::*&)(),bd01::event::ItemSlot*&>,std::allocator<std::__bind<void(bd01::event::ItemSlot::*&)(),bd01::event::ItemSlot*&>>,void()>	a	a	0		undefined operator()(__func<std::__bind<void(bd01::event::ItemSlot::*&)(),bd01::event::ItemSlot*&>,std::allocator<std::__bind<void(bd01::event::ItemSlot::*&)(),bd01::event::ItemSlot*&>>,void()> * this)
71001a5110	292	AddFiber<bd01::event::ItemMgCall>	bq::act::Man	a	a	0		weak_ptr AddFiber<bd01::event::ItemMgCall>(long * param_1_00, long * param_2, long param_3)
71001a5278	36	~__shared_ptr_pointer	std::__shared_ptr_pointer<bq::act::FiberManHolder<bd01::event::ItemMgCall>*,std::shared_ptr<bq::act::Base>::__shared_ptr_default_delete<bq::act::Base,bq::act::FiberManHolder<bd01::event::ItemMgCall>>,std::allocator<bq::act::FiberManHolder<bd01::event::ItemMgCall>>>	a	a	0		undefined ~__shared_ptr_pointer(__shared_ptr_pointer<bq::act::FiberManHolder<bd01::event::ItemMgCall>*,std::shared_ptr<bq::act::Base>::__shared_ptr_default_delete<bq::act::Base,bq::act::FiberManHolder<bd01::event::ItemMgCall>>,std::allocator<bq::act::FiberManHolder<bd01::event::ItemMgCall>>> * this)
71001a529c	24	__on_zero_shared	std::__shared_ptr_pointer<bq::act::FiberManHolder<bd01::event::ItemMgCall>*,std::shared_ptr<bq::act::Base>::__shared_ptr_default_delete<bq::act::Base,bq::act::FiberManHolder<bd01::event::ItemMgCall>>,std::allocator<bq::act::FiberManHolder<bd01::event::ItemMgCall>>>	a	a	0		undefined __on_zero_shared(__shared_ptr_pointer<bq::act::FiberManHolder<bd01::event::ItemMgCall>*,std::shared_ptr<bq::act::Base>::__shared_ptr_default_delete<bq::act::Base,bq::act::FiberManHolder<bd01::event::ItemMgCall>>,std::allocator<bq::act::FiberManHolder<bd01::event::ItemMgCall>>> * this)
71001a52b4	4	__on_zero_shared_weak	std::__shared_ptr_pointer<bq::act::FiberManHolder<bd01::event::ItemMgCall>*,std::shared_ptr<bq::act::Base>::__shared_ptr_default_delete<bq::act::Base,bq::act::FiberManHolder<bd01::event::ItemMgCall>>,std::allocator<bq::act::FiberManHolder<bd01::event::ItemMgCall>>>	a	a	0		undefined __on_zero_shared_weak(__shared_ptr_pointer<bq::act::FiberManHolder<bd01::event::ItemMgCall>*,std::shared_ptr<bq::act::Base>::__shared_ptr_default_delete<bq::act::Base,bq::act::FiberManHolder<bd01::event::ItemMgCall>>,std::allocator<bq::act::FiberManHolder<bd01::event::ItemMgCall>>> * this)
71001a52c0	96	~FiberManHolder	bq::act::FiberManHolder<bd01::event::ItemMgCall>	a	a	0		undefined ~FiberManHolder(FiberManHolder<bd01::event::ItemMgCall> * this)
71001a5320	108	~FiberManHolder	bq::act::FiberManHolder<bd01::event::ItemMgCall>	a	a	0		undefined ~FiberManHolder(FiberManHolder<bd01::event::ItemMgCall> * this)
71001a538c	32	IsProc	bq::act::FiberManHolder<bd01::event::ItemMgCall>	a	a	0		uint IsProc(void)
71001a53ac	12	IsObject	bq::act::FiberManHolder<bd01::event::ItemMgCall>	a	a	0		undefined IsObject(long param_1)
71001a53b8	8	SetPauseLevel	bq::act::FiberManHolder<bd01::event::ItemMgCall>	a	a	0		undefined SetPauseLevel(long param_1)
71001a53c0	36	~__shared_ptr_pointer	std::__shared_ptr_pointer<bd01::event::ItemMgCall*,std::shared_ptr<bd01::event::ItemMgCall>::__shared_ptr_default_delete<bd01::event::ItemMgCall,bd01::event::ItemMgCall>,std::allocator<bd01::event::ItemMgCall>>	a	a	0		undefined ~__shared_ptr_pointer(__shared_ptr_pointer<bd01::event::ItemMgCall*,std::shared_ptr<bd01::event::ItemMgCall>::__shared_ptr_default_delete<bd01::event::ItemMgCall,bd01::event::ItemMgCall>,std::allocator<bd01::event::ItemMgCall>> * this)
71001a53e4	24	__on_zero_shared	std::__shared_ptr_pointer<bd01::event::ItemMgCall*,std::shared_ptr<bd01::event::ItemMgCall>::__shared_ptr_default_delete<bd01::event::ItemMgCall,bd01::event::ItemMgCall>,std::allocator<bd01::event::ItemMgCall>>	a	a	0		undefined __on_zero_shared(__shared_ptr_pointer<bd01::event::ItemMgCall*,std::shared_ptr<bd01::event::ItemMgCall>::__shared_ptr_default_delete<bd01::event::ItemMgCall,bd01::event::ItemMgCall>,std::allocator<bd01::event::ItemMgCall>> * this)
71001a53fc	4	__on_zero_shared_weak	std::__shared_ptr_pointer<bd01::event::ItemMgCall*,std::shared_ptr<bd01::event::ItemMgCall>::__shared_ptr_default_delete<bd01::event::ItemMgCall,bd01::event::ItemMgCall>,std::allocator<bd01::event::ItemMgCall>>	a	a	0		undefined __on_zero_shared_weak(__shared_ptr_pointer<bd01::event::ItemMgCall*,std::shared_ptr<bd01::event::ItemMgCall>::__shared_ptr_default_delete<bd01::event::ItemMgCall,bd01::event::ItemMgCall>,std::allocator<bd01::event::ItemMgCall>> * this)
71001a5400	292	AddFiber<bd01::event::ItemMgResult>	bq::act::Man	a	a	0		weak_ptr AddFiber<bd01::event::ItemMgResult>(long * param_1_00, long * param_2, long param_3)
71001a5568	36	~__shared_ptr_pointer	std::__shared_ptr_pointer<bq::act::FiberManHolder<bd01::event::ItemMgResult>*,std::shared_ptr<bq::act::Base>::__shared_ptr_default_delete<bq::act::Base,bq::act::FiberManHolder<bd01::event::ItemMgResult>>,std::allocator<bq::act::FiberManHolder<bd01::event::ItemMgResult>>>	a	a	0		undefined ~__shared_ptr_pointer(__shared_ptr_pointer<bq::act::FiberManHolder<bd01::event::ItemMgResult>*,std::shared_ptr<bq::act::Base>::__shared_ptr_default_delete<bq::act::Base,bq::act::FiberManHolder<bd01::event::ItemMgResult>>,std::allocator<bq::act::FiberManHolder<bd01::event::ItemMgResult>>> * this)
71001a558c	24	__on_zero_shared	std::__shared_ptr_pointer<bq::act::FiberManHolder<bd01::event::ItemMgResult>*,std::shared_ptr<bq::act::Base>::__shared_ptr_default_delete<bq::act::Base,bq::act::FiberManHolder<bd01::event::ItemMgResult>>,std::allocator<bq::act::FiberManHolder<bd01::event::ItemMgResult>>>	a	a	0		undefined __on_zero_shared(__shared_ptr_pointer<bq::act::FiberManHolder<bd01::event::ItemMgResult>*,std::shared_ptr<bq::act::Base>::__shared_ptr_default_delete<bq::act::Base,bq::act::FiberManHolder<bd01::event::ItemMgResult>>,std::allocator<bq::act::FiberManHolder<bd01::event::ItemMgResult>>> * this)
71001a55a4	4	__on_zero_shared_weak	std::__shared_ptr_pointer<bq::act::FiberManHolder<bd01::event::ItemMgResult>*,std::shared_ptr<bq::act::Base>::__shared_ptr_default_delete<bq::act::Base,bq::act::FiberManHolder<bd01::event::ItemMgResult>>,std::allocator<bq::act::FiberManHolder<bd01::event::ItemMgResult>>>	a	a	0		undefined __on_zero_shared_weak(__shared_ptr_pointer<bq::act::FiberManHolder<bd01::event::ItemMgResult>*,std::shared_ptr<bq::act::Base>::__shared_ptr_default_delete<bq::act::Base,bq::act::FiberManHolder<bd01::event::ItemMgResult>>,std::allocator<bq::act::FiberManHolder<bd01::event::ItemMgResult>>> * this)
71001a55b0	96	~FiberManHolder	bq::act::FiberManHolder<bd01::event::ItemMgResult>	a	a	0		undefined ~FiberManHolder(FiberManHolder<bd01::event::ItemMgResult> * this)
71001a5610	108	~FiberManHolder	bq::act::FiberManHolder<bd01::event::ItemMgResult>	a	a	0		undefined ~FiberManHolder(FiberManHolder<bd01::event::ItemMgResult> * this)
71001a567c	32	IsProc	bq::act::FiberManHolder<bd01::event::ItemMgResult>	a	a	0		uint IsProc(void)
71001a569c	12	IsObject	bq::act::FiberManHolder<bd01::event::ItemMgResult>	a	a	0		undefined IsObject(long param_1)
71001a56a8	8	SetPauseLevel	bq::act::FiberManHolder<bd01::event::ItemMgResult>	a	a	0		undefined SetPauseLevel(long param_1)
71001a56b0	36	~__shared_ptr_pointer	std::__shared_ptr_pointer<bd01::event::ItemMgResult*,std::shared_ptr<bd01::event::ItemMgResult>::__shared_ptr_default_delete<bd01::event::ItemMgResult,bd01::event::ItemMgResult>,std::allocator<bd01::event::ItemMgResult>>	a	a	0		undefined ~__shared_ptr_pointer(__shared_ptr_pointer<bd01::event::ItemMgResult*,std::shared_ptr<bd01::event::ItemMgResult>::__shared_ptr_default_delete<bd01::event::ItemMgResult,bd01::event::ItemMgResult>,std::allocator<bd01::event::ItemMgResult>> * this)
71001a56d4	24	__on_zero_shared	std::__shared_ptr_pointer<bd01::event::ItemMgResult*,std::shared_ptr<bd01::event::ItemMgResult>::__shared_ptr_default_delete<bd01::event::ItemMgResult,bd01::event::ItemMgResult>,std::allocator<bd01::event::ItemMgResult>>	a	a	0		undefined __on_zero_shared(__shared_ptr_pointer<bd01::event::ItemMgResult*,std::shared_ptr<bd01::event::ItemMgResult>::__shared_ptr_default_delete<bd01::event::ItemMgResult,bd01::event::ItemMgResult>,std::allocator<bd01::event::ItemMgResult>> * this)
71001a56ec	4	__on_zero_shared_weak	std::__shared_ptr_pointer<bd01::event::ItemMgResult*,std::shared_ptr<bd01::event::ItemMgResult>::__shared_ptr_default_delete<bd01::event::ItemMgResult,bd01::event::ItemMgResult>,std::allocator<bd01::event::ItemMgResult>>	a	a	0		undefined __on_zero_shared_weak(__shared_ptr_pointer<bd01::event::ItemMgResult*,std::shared_ptr<bd01::event::ItemMgResult>::__shared_ptr_default_delete<bd01::event::ItemMgResult,bd01::event::ItemMgResult>,std::allocator<bd01::event::ItemMgResult>> * this)
71001a56f0	344	ItemShopSpotBase	bd01::event::ItemShopSpotBase	a	a	0		undefined ItemShopSpotBase(ItemShopSpotBase * this, uint * param_1, undefined4 param_2)
71001a5c4c	8	~ItemShopSpotBase	bd01::event::ItemShopSpotBase	a	a	0		undefined ~ItemShopSpotBase(ItemShopSpotBase * this)
71001a5c54	1	~ItemShopSpotBase	bd01::event::ItemShopSpotBase	a	a	0		undefined ~ItemShopSpotBase(void)
71001a5c58	1	~ItemShopSpotBase	bd01::event::ItemShopSpotBase	a	a	0		undefined ~ItemShopSpotBase(void)
71001a5c60	764	GetShopLineup	bd01::event::ItemShopSpotBase	a	a	0		undefined GetShopLineup(long * param_1, ItemShopSpotBase * this, uint param_3)
71001a5f8c	44	GetShopLineup	bd01::event::ItemShopSpotBase	a	a	0		undefined GetShopLineup(long * param_1, ItemShopSpotBase * this)
71001a5fc0	216	GetShopLineupCheapes	bd01::event::ItemShopSpotBase	a	a	0		int GetShopLineupCheapes(ItemShopSpotBase * this)
71001a60c0	204	IsShopSoldOut	bd01::event::ItemShopSpotBase	a	a	0		byte IsShopSoldOut(uint param_1)
71001a618c	104	IsShopSoldOut	bd01::event::ItemShopSpotBase	a	a	0		byte IsShopSoldOut(undefined8 param_1)
71001a61f4	32	IsShopClosed	bd01::event::ItemShopSpotBase	a	a	0		undefined IsShopClosed(undefined8 param_1)
71001a6214	96	UseStock	bd01::event::ItemShopSpotBase	a	a	0		bool UseStock(ItemShopSpotBase * this)
71001a6280	204	IsStocks	bd01::event::ItemShopSpotBase	a	a	0		bool IsStocks(ItemShopSpotBase * this, uint param_1)
71001a6350	2216	SetupShopLineup	bd01::event::ItemShopSpotBase	a	a	0		undefined SetupShopLineup(ItemShopSpotBase * this)
71001a6cb0	856	UpdateShopLineup	bd01::event::ItemShopSpotBase	a	a	0		undefined UpdateShopLineup(ItemShopSpotBase * this)
71001a7080	492	CleanupShopLineup	bd01::event::ItemShopSpotBase	a	a	0		undefined CleanupShopLineup(ItemShopSpotBase * this)
71001a726c	132	GetItem2DPosition	bd01::event::ItemShopSpotBase	a	a	0		undefined GetItem2DPosition(ItemShopSpotBase * this, int param_1)
71001a72f0	20	SetHookModel	bd01::event::ItemShopSpotBase	a	a	0		undefined SetHookModel(ItemShopSpotBase * this, undefined8 * param_1)
71001a7304	20	SetPosBone	bd01::event::ItemShopSpotBase	a	a	0		undefined SetPosBone(ItemShopSpotBase * this, undefined8 * param_1)
71001a7318	620	PlayScaleAnim	bd01::event::ItemShopSpotBase	a	a	0		undefined PlayScaleAnim(ItemShopSpotBase * this, int param_1)
71001a7584	284	SetStopShopCamera	bd01::event::ItemShopSpotBase	a	a	0		undefined SetStopShopCamera(ItemShopSpotBase * this)
71001a76a0	52	SetItemPosNodeName	bd01::event::ItemShopSpotBase	a	a	0		undefined SetItemPosNodeName(ItemShopSpotBase * this, char * param_1)
71001a76d4	196	CheckStoneFull	bd01::event::ItemShopSpotBase	a	a	0		bool CheckStoneFull(ItemShopSpotBase * this)
71001a7798	104	ItemShopSpotNokonoko	bd01::event::ItemShopSpotNokonoko	a	a	0		undefined ItemShopSpotNokonoko(ItemShopSpotNokonoko * this, uint * param_2, ItemShopSpotNokonoko param_3)
71001a7800	136	ItemShopSpotNokonoko	bd01::event::ItemShopSpotNokonoko	a	a	0		undefined ItemShopSpotNokonoko(ItemShopSpotNokonoko * this, uint * param_2, undefined8 param_3, undefined8 * param_4, ItemShopSpotNokonoko param_5)
71001a7888	136	ItemShopSpotNokonoko	bd01::event::ItemShopSpotNokonoko	a	a	0		undefined ItemShopSpotNokonoko(ItemShopSpotNokonoko * this, uint * param_2, undefined8 param_3, undefined8 * param_4, ItemShopSpotNokonoko param_5)
71001a7910	1520	Update	bd01::event::ItemShopSpotNokonoko	a	a	0		undefined Update(ItemShopSpotNokonoko * this)
71001a7f80	4	RunLastTurn	bd01::event::ItemShopSpotNokonoko	a	a	0		undefined RunLastTurn(void)
71001a7f90	2980	RunInst	bd01::event::ItemShopSpotNokonoko	a	a	0		bool RunInst(ItemShopSpotNokonoko * this)
71001a8be0	5296	RunBuy	bd01::event::ItemShopSpotNokonoko	a	a	0		undefined RunBuy(ItemShopSpotNokonoko * this)
71001aa134	296	MessageAnim	bd01::event::ItemShopSpotNokonoko	a	a	0		undefined MessageAnim(ItemShopSpotNokonoko * this, uint * param_1, byte * param_2, int param_3)
71001aa25c	112	AddFiber<bd01::event::SupportCharaEffect>	bq::act::FiberMan	a	a	0		weak_ptr AddFiber<bd01::event::SupportCharaEffect>(long * param_1_00, FiberMan * this, long param_3)
71001aa2d0	448	RunBuyItem	bd01::event::ItemShopSpotNokonoko	a	a	0		undefined RunBuyItem(ItemShopSpotNokonoko * this, int * param_1)
71001aa4b4	56	SendSelect	bd01::event::ItemShopSpotNokonoko	a	a	0		undefined4 SendSelect(ItemShopSpotNokonoko * this, undefined2 param_1)
71001aa4ec	52	SendCancel	bd01::event::ItemShopSpotNokonoko	a	a	0		undefined4 SendCancel(ItemShopSpotNokonoko * this)
71001aa520	64	OnReceiveMsg	bd01::event::ItemShopSpotNokonoko	a	a	0		undefined OnReceiveMsg(long param_1, undefined8 param_2, short * param_3)
71001aa560	64	OnReceiveMsg	bd01::event::ItemShopSpotNokonoko	a	a	0		undefined OnReceiveMsg(ItemShopSpotNokonoko * this, undefined8 param_2_00, short * param_2)
71001aa5a0	88	ItemShopSpotKameck	bd01::event::ItemShopSpotKameck	a	a	0		undefined ItemShopSpotKameck(ItemShopSpotKameck * this, uint * param_1)
71001aa5f8	120	ItemShopSpotKameck	bd01::event::ItemShopSpotKameck	a	a	0		undefined ItemShopSpotKameck(ItemShopSpotKameck * this, uint * param_1, undefined8 param_2, undefined8 * param_3)
71001aa670	120	ItemShopSpotKameck	bd01::event::ItemShopSpotKameck	a	a	0		undefined ItemShopSpotKameck(ItemShopSpotKameck * this, uint * param_1, undefined8 param_2, undefined8 * param_3)
71001aa6e8	872	Update	bd01::event::ItemShopSpotKameck	a	a	0		undefined Update(ItemShopSpotKameck * this)
71001aaa80	4	RunLastTurn	bd01::event::ItemShopSpotKameck	a	a	0		undefined RunLastTurn(void)
71001aaa90	3240	RunInst	bd01::event::ItemShopSpotKameck	a	a	0		bool RunInst(ItemShopSpotKameck * this)
71001ab7f0	5336	RunBuy	bd01::event::ItemShopSpotKameck	a	a	0		undefined RunBuy(ItemShopSpotKameck * this)
71001acd70	296	MessageAnim	bd01::event::ItemShopSpotKameck	a	a	0		undefined MessageAnim(ItemShopSpotKameck * this, uint * param_1, byte * param_2, int param_3)
71001acea0	448	RunBuyItem	bd01::event::ItemShopSpotKameck	a	a	0		undefined RunBuyItem(ItemShopSpotKameck * this, int * param_1)
71001ad084	56	SendSelect	bd01::event::ItemShopSpotKameck	a	a	0		undefined4 SendSelect(ItemShopSpotKameck * this, undefined2 param_1)
71001ad0bc	52	SendCancel	bd01::event::ItemShopSpotKameck	a	a	0		undefined4 SendCancel(ItemShopSpotKameck * this)
71001ad0f0	64	OnReceiveMsg	bd01::event::ItemShopSpotKameck	a	a	0		undefined OnReceiveMsg(long param_1, undefined8 param_2, short * param_3)
71001ad130	64	OnReceiveMsg	bd01::event::ItemShopSpotKameck	a	a	0		undefined OnReceiveMsg(ItemShopSpotKameck * this, undefined8 param_2_00, short * param_2)
71001ad170	36	~ItemShopSpotNokonoko	bd01::event::ItemShopSpotNokonoko	a	a	0		undefined ~ItemShopSpotNokonoko(ItemShopSpotNokonoko * this)
71001ad194	12	NetName	bd01::event::ItemShopSpotNokonoko	a	a	0		char * NetName(void)
71001ad1a0	8	~ItemShopSpotNokonoko	bd01::event::ItemShopSpotNokonoko	a	a	0		undefined ~ItemShopSpotNokonoko(ItemShopSpotNokonoko * this)
71001ad1a8	40	~ItemShopSpotNokonoko	bd01::event::ItemShopSpotNokonoko	a	a	0		undefined ~ItemShopSpotNokonoko(ItemShopSpotNokonoko * this)
71001ad1d0	12	NetName	bd01::event::ItemShopSpotNokonoko	a	a	0		char * NetName(void)
71001ad1e0	1256	~ItemShopSpotBase	bd01::event::ItemShopSpotBase	a	a	0		undefined ~ItemShopSpotBase(ItemShopSpotBase * this)
71001ad6c8	36	~ItemShopSpotKameck	bd01::event::ItemShopSpotKameck	a	a	0		undefined ~ItemShopSpotKameck(ItemShopSpotKameck * this)
71001ad6ec	12	NetName	bd01::event::ItemShopSpotKameck	a	a	0		char * NetName(void)
71001ad6f8	8	~ItemShopSpotKameck	bd01::event::ItemShopSpotKameck	a	a	0		undefined ~ItemShopSpotKameck(ItemShopSpotKameck * this)
71001ad700	40	~ItemShopSpotKameck	bd01::event::ItemShopSpotKameck	a	a	0		undefined ~ItemShopSpotKameck(ItemShopSpotKameck * this)
71001ad728	12	NetName	bd01::event::ItemShopSpotKameck	a	a	0		char * NetName(void)
71001ad734	4	~EventDataCommand	bd01::EventDataCommand	a	a	0		undefined ~EventDataCommand(EventDataCommand * this)
71001ad738	160	ItemUseBase	bd01::event::ItemUseBase	a	a	0		undefined ItemUseBase(ItemUseBase * this, uint * param_1, uint * param_2)
71001ad7f0	420	ItemUseOut	bd01::event::ItemUseBase	a	a	0		undefined ItemUseOut(ItemUseBase * this, uint * param_1)
71001ad9c0	472	ItemUseOut	bd01::event::ItemUseBase	a	a	0		undefined ItemUseOut(ItemUseBase * this, uint * param_1, Vector3f * param_2)
71001adbbc	388	ChangeSlowDice	bd01::event::ItemUseBase	a	a	0		undefined ChangeSlowDice(ItemUseBase * this, uint param_1)
71001add40	212	ItemUseKinoko	bd01::event::ItemUseKinoko	a	a	0		undefined ItemUseKinoko(ItemUseKinoko * this, uint * param_1, byte param_2)
71001ade2c	304	Update	bd01::event::ItemUseKinoko	a	a	0		undefined Update(ItemUseKinoko * this)
71001adf5c	220	ItemUseManyKinoko	bd01::event::ItemUseManyKinoko	a	a	0		undefined ItemUseManyKinoko(ItemUseManyKinoko * this, uint * param_1, byte param_2)
71001ae090	148	ItemUseTicketBase	bd01::event::ItemUseTicketBase	a	a	0		undefined ItemUseTicketBase(ItemUseTicketBase * this, uint * param_1, undefined4 param_2, byte param_3)
71001ae168	4	Update	bd01::event::ItemUseManyKinoko	a	a	0		undefined Update(void)
71001ae16c	1348	RunUse	bd01::event::ItemUseTicketBase	a	a	0		undefined RunUse(long param_1)
71001ae6d0	188	ItemUseDoubleDice	bd01::event::ItemUseDoubleDice	a	a	0		undefined ItemUseDoubleDice(ItemUseDoubleDice * this, uint * param_1)
71001ae7a4	208	Update	bd01::event::ItemUseDoubleDice	a	a	0		undefined Update(ItemUseDoubleDice * this)
71001ae874	188	ItemUseTripleDice	bd01::event::ItemUseTripleDice	a	a	0		undefined ItemUseTripleDice(ItemUseTripleDice * this, uint * param_1)
71001ae948	208	Update	bd01::event::ItemUseTripleDice	a	a	0		undefined Update(ItemUseTripleDice * this)
71001aea18	188	ItemUseGoldDoubleDice	bd01::event::ItemUseGoldDoubleDice	a	a	0		undefined ItemUseGoldDoubleDice(ItemUseGoldDoubleDice * this, uint * param_1)
71001aeaec	208	Update	bd01::event::ItemUseGoldDoubleDice	a	a	0		undefined Update(ItemUseGoldDoubleDice * this)
71001aebbc	188	ItemUseGoldTripleDice	bd01::event::ItemUseGoldTripleDice	a	a	0		undefined ItemUseGoldTripleDice(ItemUseGoldTripleDice * this, uint * param_1)
71001aec90	208	Update	bd01::event::ItemUseGoldTripleDice	a	a	0		undefined Update(ItemUseGoldTripleDice * this)
71001aed60	188	ItemUseJustDice	bd01::event::ItemUseJustDice	a	a	0		undefined ItemUseJustDice(ItemUseJustDice * this, uint * param_1)
71001aee34	208	Update	bd01::event::ItemUseJustDice	a	a	0		undefined Update(ItemUseJustDice * this)
71001aef04	228	ItemUseSlowDice	bd01::event::ItemUseSlowDice	a	a	0		undefined ItemUseSlowDice(ItemUseSlowDice * this, uint * param_1, uint * param_2)
71001af000	200	Update	bd01::event::ItemUseSlowDice	a	a	0		undefined Update(ItemUseSlowDice * this)
71001af0c8	968	RunTarget	bd01::event::ItemUseSlowDice	a	a	0		undefined RunTarget(ItemUseSlowDice * this)
71001af490	156	RunMyself	bd01::event::ItemUseSlowDice	a	a	0		undefined RunMyself(ItemUseSlowDice * this)
71001af52c	128	ItemUseMirrorBase	bd01::event::ItemUseMirrorBase	a	a	0		undefined ItemUseMirrorBase(ItemUseMirrorBase * this, uint * param_1, undefined4 param_2)
71001af5f0	24	MirrorEntry	bd01::event::ItemUseMirrorBase	a	a	0		undefined MirrorEntry(ItemUseMirrorBase * this)
71001af608	24	MirrorIn	bd01::event::ItemUseMirrorBase	a	a	0		undefined MirrorIn(ItemUseMirrorBase * this)
71001af620	172	MirrorExit	bd01::event::ItemUseMirrorBase	a	a	0		undefined MirrorExit(ItemUseMirrorBase * this)
71001af6d0	3608	Change	bd01::event::ItemUseMirrorBase	a	a	0		undefined Change(ItemUseMirrorBase * this)
71001b0590	296	ItemUseChangeBox	bd01::event::ItemUseChangeBox	a	a	0		undefined ItemUseChangeBox(ItemUseChangeBox * this, uint * param_1)
71001b072c	20	Update	bd01::event::ItemUseChangeBox	a	a	0		undefined Update(ItemUseChangeBox * this)
71001b0740	276	ItemUseSuperChangeBox	bd01::event::ItemUseSuperChangeBox	a	a	0		undefined ItemUseSuperChangeBox(ItemUseSuperChangeBox * this, uint * param_1, uint * param_2)
71001b08ac	20	Update	bd01::event::ItemUseSuperChangeBox	a	a	0		undefined Update(ItemUseSuperChangeBox * this)
71001b08c0	284	ItemUseWarpBox	bd01::event::ItemUseWarpBox	a	a	0		undefined ItemUseWarpBox(ItemUseWarpBox * this, uint * param_1)
71001b0a10	5592	Update	bd01::event::ItemUseWarpBox	a	a	0		undefined Update(ItemUseWarpBox * this)
71001b20bc	220	ItemUseGoldPipe	bd01::event::ItemUseGoldPipe	a	a	0		undefined ItemUseGoldPipe(ItemUseGoldPipe * this, uint * param_1)
71001b21b0	556	Update	bd01::event::ItemUseGoldPipe	a	a	0		undefined Update(ItemUseBase * param_1)
71001b23fc	188	ItemUseNormalPipe	bd01::event::ItemUseNormalPipe	a	a	0		undefined ItemUseNormalPipe(ItemUseNormalPipe * this, uint * param_1)
71001b24d0	808	Update	bd01::event::ItemUseNormalPipe	a	a	0		undefined Update(ItemUseBase * param_1)
71001b2828	192	ItemUseShoppingPipe	bd01::event::ItemUseShoppingPipe	a	a	0		undefined ItemUseShoppingPipe(ItemUseShoppingPipe * this, uint * param_1)
71001b2920	412	GetShoppingSpot	bd01::event::ItemUseShoppingPipe	a	a	0		undefined GetShoppingSpot(ushort * param_1)
71001b2b28	116	ChooseMass	bd01::event::ItemUseShoppingPipe	a	a	0		undefined ChooseMass(ushort * param_1_00, undefined8 param_2, undefined8 param_3)
71001b2be0	6432	Update	bd01::event::ItemUseShoppingPipe	a	a	0		undefined Update(ItemUseShoppingPipe * this)
71001b4654	188	ItemUseKey	bd01::event::ItemUseKey	a	a	0		undefined ItemUseKey(ItemUseKey * this, uint * param_1)
71001b4728	64	Update	bd01::event::ItemUseKey	a	a	0		undefined Update(ItemUseKey * this)
71001b4768	268	ItemUseStealBox	bd01::event::ItemUseStealBox	a	a	0		undefined ItemUseStealBox(ItemUseStealBox * this, uint * param_1, uint * param_2)
71001b4910	7404	Update	bd01::event::ItemUseStealBox	a	a	0		undefined Update(undefined1[16] param_1, undefined1[16] param_2, undefined1[16] param_3, undefined1[16] param_4, ItemUseStealBox * this)
71001b6680	220	ItemUseHiddenBlock	bd01::event::ItemUseHiddenBlock	a	a	0		undefined ItemUseHiddenBlock(ItemUseHiddenBlock * this, uint * param_1)
71001b6774	276	Update	bd01::event::ItemUseHiddenBlock	a	a	0		undefined Update(ItemUseHiddenBlock * this)
71001b68a4	172	ItemUseDuelGloveBase	bd01::event::ItemUseDuelGloveBase	a	a	0		undefined ItemUseDuelGloveBase(ItemUseDuelGloveBase * this, uint * param_1, uint * param_2, undefined4 param_3)
71001b69a0	7872	RunUse	bd01::event::ItemUseDuelGloveBase	a	a	0		undefined RunUse(undefined1[16] param_1, undefined1[16] param_2, undefined1[16] param_3, undefined1[16] param_4, ItemUseDuelGloveBase * this)
71001b88d0	172	ItemUseDuelGlove	bd01::event::ItemUseDuelGlove	a	a	0		undefined ItemUseDuelGlove(ItemUseDuelGlove * this, uint * param_1, uint * param_2, undefined4 param_3)
71001b8990	196	Update	bd01::event::ItemUseDuelGlove	a	a	0		undefined Update(undefined1[16] param_1, undefined1[16] param_2, undefined1[16] param_3, undefined1[16] param_4, ItemUseDuelGlove * this)
71001b8a70	188	ItemUseDuelGloveResult	bd01::event::ItemUseDuelGloveResult	a	a	0		undefined ItemUseDuelGloveResult(ItemUseDuelGloveResult * this)
71001b8b70	168	Update	bd01::event::ItemUseDuelGloveResult	a	a	0		undefined Update(ItemUseDuelGloveResult * this)
71001b8c34	196	ItemUseSuperDuelGlove	bd01::event::ItemUseSuperDuelGlove	a	a	0		undefined ItemUseSuperDuelGlove(ItemUseSuperDuelGlove * this, uint * param_1, uint * param_2)
71001b8d0c	192	Update	bd01::event::ItemUseSuperDuelGlove	a	a	0		undefined Update(undefined1[16] param_1, undefined1[16] param_2, undefined1[16] param_3, undefined1[16] param_4, ItemUseSuperDuelGlove * this)
71001b8de8	188	ItemUseSuperDuelGloveResult	bd01::event::ItemUseSuperDuelGloveResult	a	a	0		undefined ItemUseSuperDuelGloveResult(ItemUseSuperDuelGloveResult * this)
71001b8ee8	168	Update	bd01::event::ItemUseSuperDuelGloveResult	a	a	0		undefined Update(ItemUseSuperDuelGloveResult * this)
71001b8fac	192	ItemUseWanwan	bd01::event::ItemUseWanwan	a	a	0		undefined ItemUseWanwan(ItemUseWanwan * this, uint * param_1)
71001b90a0	5808	Update	bd01::event::ItemUseWanwan	a	a	0		undefined Update(undefined1[16] param_1, undefined1[16] param_2, undefined1[16] param_3, undefined1[16] param_4, ItemUseWanwan * this)
71001ba7c0	408	ResetStar	bd01::event::ItemUseWanwan	a	a	0		undefined ResetStar(void)
71001ba960	216	ItemUseShoppingPhone	bd01::event::ItemUseShoppingPhone	a	a	0		undefined ItemUseShoppingPhone(ItemUseShoppingPhone * this, uint * param_1)
71001baab0	616	CheckCanBuy	bd01::event::ItemUseShoppingPhone	a	a	0		byte CheckCanBuy(ItemUseShoppingPhone * this)
71001bad40	4224	Update	bd01::event::ItemUseShoppingPhone	a	a	0		undefined Update(ItemUseShoppingPhone * param_1)
71001bbef4	236	MessageNpc	bd01::event::ItemUseShoppingPhone	a	a	0		undefined MessageNpc(ItemUseShoppingPhone * this, byte * param_1, byte param_2)
71001bbffc	336	ItemUseKoopaPhone	bd01::event::ItemUseKoopaPhone	a	a	0		undefined ItemUseKoopaPhone(ItemUseKoopaPhone * this, uint * param_1, uint * param_2)
71001bc210	2508	Update	bd01::event::ItemUseKoopaPhone	a	a	0		undefined Update(ActFlowEventFiber * param_1)
71001bcc0c	268	ItemUseTereBell	bd01::event::ItemUseTereBell	a	a	0		undefined ItemUseTereBell(ItemUseTereBell * this, uint * param_1, uint * param_2, undefined4 param_3)
71001bcd30	968	Update	bd01::event::ItemUseTereBell	a	a	0		undefined Update(long param_1)
71001bd154	244	ItemUseItemBag	bd01::event::ItemUseItemBag	a	a	0		undefined ItemUseItemBag(ItemUseItemBag * this, uint * param_1, undefined8 param_2)
71001bd310	808	GetItemData	bd01::event::ItemUseItemBag	a	a	0		undefined GetItemData(long * param_1)
71001bd654	128	Update	bd01::event::ItemUseItemBag	a	a	0		undefined Update(ItemUseItemBag * this)
71001bd6e0	1624	RunUse	bd01::event::ItemUseItemBag	a	a	0		undefined RunUse(ItemUseItemBag * this)
71001bdd60	1120	RunGet	bd01::event::ItemUseItemBag	a	a	0		undefined RunGet(ItemUseItemBag * this)
71001be220	200	ItemUseStone	bd01::event::ItemUseStone	a	a	0		undefined ItemUseStone(ItemUseStone * this, uint * param_1)
71001be380	1612	Update	bd01::event::ItemUseStone	a	a	0		undefined Update(long param_1)
71001be9f0	244	ItemUseSlowKinoko	bd01::event::ItemUseSlowKinoko	a	a	0		undefined ItemUseSlowKinoko(ItemUseSlowKinoko * this, uint * param_1, uint * param_2, byte param_3)
71001beafc	20	Update	bd01::event::ItemUseSlowKinoko	a	a	0		undefined Update(undefined1[16] param_1, undefined1[16] param_2, undefined1[16] param_3, undefined1[16] param_4, ItemUseSlowKinoko * this)
71001beb10	2164	RunTarget	bd01::event::ItemUseSlowKinoko	a	a	0		undefined RunTarget(undefined1[16] param_1, undefined1[16] param_2, undefined1[16] param_3, undefined1[16] param_4, ItemUseSlowKinoko * this)
71001bf38c	220	RunMyself	bd01::event::ItemUseSlowKinoko	a	a	0		undefined RunMyself(ItemUseSlowKinoko * this)
71001bf468	220	ItemUseManySlowKinoko	bd01::event::ItemUseManySlowKinoko	a	a	0		undefined ItemUseManySlowKinoko(ItemUseManySlowKinoko * this, uint * param_1, byte param_2)
71001bf59c	4	Update	bd01::event::ItemUseManySlowKinoko	a	a	0		undefined Update(void)
71001bf5a0	196	ItemUseSuperSlowKinoko	bd01::event::ItemUseSuperSlowKinoko	a	a	0		undefined ItemUseSuperSlowKinoko(ItemUseSuperSlowKinoko * this, uint * param_1)
71001bf700	4108	Update	bd01::event::ItemUseSuperSlowKinoko	a	a	0		undefined Update(undefined1[16] param_1, undefined1[16] param_2, undefined1[16] param_3, undefined1[16] param_4, ItemUseSuperSlowKinoko * this)
71001c07ec	88	~ItemUseKinoko	bd01::event::ItemUseKinoko	a	a	0		undefined ~ItemUseKinoko(ItemUseKinoko * this)
71001c0844	144	~ItemUseTicketBase	bd01::event::ItemUseTicketBase	a	a	0		undefined ~ItemUseTicketBase(ItemUseTicketBase * this)
71001c08d4	152	~ItemUseManyKinoko	bd01::event::ItemUseManyKinoko	a	a	0		undefined ~ItemUseManyKinoko(ItemUseManyKinoko * this)
71001c096c	88	~ItemUseDoubleDice	bd01::event::ItemUseDoubleDice	a	a	0		undefined ~ItemUseDoubleDice(ItemUseDoubleDice * this)
71001c09c4	88	~ItemUseTripleDice	bd01::event::ItemUseTripleDice	a	a	0		undefined ~ItemUseTripleDice(ItemUseTripleDice * this)
71001c0a1c	88	~ItemUseGoldDoubleDice	bd01::event::ItemUseGoldDoubleDice	a	a	0		undefined ~ItemUseGoldDoubleDice(ItemUseGoldDoubleDice * this)
71001c0a74	88	~ItemUseGoldTripleDice	bd01::event::ItemUseGoldTripleDice	a	a	0		undefined ~ItemUseGoldTripleDice(ItemUseGoldTripleDice * this)
71001c0acc	88	~ItemUseJustDice	bd01::event::ItemUseJustDice	a	a	0		undefined ~ItemUseJustDice(ItemUseJustDice * this)
71001c0b24	88	~ItemUseSlowDice	bd01::event::ItemUseSlowDice	a	a	0		undefined ~ItemUseSlowDice(ItemUseSlowDice * this)
71001c0b7c	144	~ItemUseMirrorBase	bd01::event::ItemUseMirrorBase	a	a	0		undefined ~ItemUseMirrorBase(ItemUseMirrorBase * this)
71001c0c0c	152	~ItemUseChangeBox	bd01::event::ItemUseChangeBox	a	a	0		undefined ~ItemUseChangeBox(ItemUseChangeBox * this)
71001c0ca4	152	~ItemUseSuperChangeBox	bd01::event::ItemUseSuperChangeBox	a	a	0		undefined ~ItemUseSuperChangeBox(ItemUseSuperChangeBox * this)
71001c0d3c	88	~ItemUseWarpBox	bd01::event::ItemUseWarpBox	a	a	0		undefined ~ItemUseWarpBox(ItemUseWarpBox * this)
71001c0d94	88	~ItemUseGoldPipe	bd01::event::ItemUseGoldPipe	a	a	0		undefined ~ItemUseGoldPipe(ItemUseGoldPipe * this)
71001c0dec	88	~ItemUseNormalPipe	bd01::event::ItemUseNormalPipe	a	a	0		undefined ~ItemUseNormalPipe(ItemUseNormalPipe * this)
71001c0e44	120	~ItemUseShoppingPipe	bd01::event::ItemUseShoppingPipe	a	a	0		undefined ~ItemUseShoppingPipe(ItemUseShoppingPipe * this)
71001c0ebc	128	~ItemUseShoppingPipe	bd01::event::ItemUseShoppingPipe	a	a	0		undefined ~ItemUseShoppingPipe(ItemUseShoppingPipe * this)
71001c0f3c	88	~ItemUseKey	bd01::event::ItemUseKey	a	a	0		undefined ~ItemUseKey(ItemUseKey * this)
71001c0f94	168	~ItemUseStealBox	bd01::event::ItemUseStealBox	a	a	0		undefined ~ItemUseStealBox(ItemUseStealBox * this)
71001c103c	176	~ItemUseStealBox	bd01::event::ItemUseStealBox	a	a	0		undefined ~ItemUseStealBox(ItemUseStealBox * this)
71001c10ec	88	~ItemUseHiddenBlock	bd01::event::ItemUseHiddenBlock	a	a	0		undefined ~ItemUseHiddenBlock(ItemUseHiddenBlock * this)
71001c1144	88	~ItemUseDuelGlove	bd01::event::ItemUseDuelGlove	a	a	0		undefined ~ItemUseDuelGlove(ItemUseDuelGlove * this)
71001c119c	88	~ItemUseDuelGloveResult	bd01::event::ItemUseDuelGloveResult	a	a	0		undefined ~ItemUseDuelGloveResult(ItemUseDuelGloveResult * this)
71001c11f4	88	~ItemUseSuperDuelGlove	bd01::event::ItemUseSuperDuelGlove	a	a	0		undefined ~ItemUseSuperDuelGlove(ItemUseSuperDuelGlove * this)
71001c124c	88	~ItemUseSuperDuelGloveResult	bd01::event::ItemUseSuperDuelGloveResult	a	a	0		undefined ~ItemUseSuperDuelGloveResult(ItemUseSuperDuelGloveResult * this)
71001c12a4	120	~ItemUseWanwan	bd01::event::ItemUseWanwan	a	a	0		undefined ~ItemUseWanwan(ItemUseWanwan * this)
71001c131c	128	~ItemUseWanwan	bd01::event::ItemUseWanwan	a	a	0		undefined ~ItemUseWanwan(ItemUseWanwan * this)
71001c139c	144	~ItemUseShoppingPhone	bd01::event::ItemUseShoppingPhone	a	a	0		undefined ~ItemUseShoppingPhone(ItemUseShoppingPhone * this)
71001c142c	152	~ItemUseShoppingPhone	bd01::event::ItemUseShoppingPhone	a	a	0		undefined ~ItemUseShoppingPhone(ItemUseShoppingPhone * this)
71001c14c4	144	~ItemUseKoopaPhone	bd01::event::ItemUseKoopaPhone	a	a	0		undefined ~ItemUseKoopaPhone(ItemUseKoopaPhone * this)
71001c1554	152	~ItemUseKoopaPhone	bd01::event::ItemUseKoopaPhone	a	a	0		undefined ~ItemUseKoopaPhone(ItemUseKoopaPhone * this)
71001c15ec	88	~ItemUseTereBell	bd01::event::ItemUseTereBell	a	a	0		undefined ~ItemUseTereBell(ItemUseTereBell * this)
71001c1644	192	~ItemUseItemBag	bd01::event::ItemUseItemBag	a	a	0		undefined ~ItemUseItemBag(ItemUseItemBag * this)
71001c1704	200	~ItemUseItemBag	bd01::event::ItemUseItemBag	a	a	0		undefined ~ItemUseItemBag(ItemUseItemBag * this)
71001c17cc	168	~ItemUseStone	bd01::event::ItemUseStone	a	a	0		undefined ~ItemUseStone(ItemUseStone * this)
71001c1874	176	~ItemUseStone	bd01::event::ItemUseStone	a	a	0		undefined ~ItemUseStone(ItemUseStone * this)
71001c1924	88	~ItemUseSlowKinoko	bd01::event::ItemUseSlowKinoko	a	a	0		undefined ~ItemUseSlowKinoko(ItemUseSlowKinoko * this)
71001c197c	152	~ItemUseManySlowKinoko	bd01::event::ItemUseManySlowKinoko	a	a	0		undefined ~ItemUseManySlowKinoko(ItemUseManySlowKinoko * this)
71001c1a14	168	~ItemUseSuperSlowKinoko	bd01::event::ItemUseSuperSlowKinoko	a	a	0		undefined ~ItemUseSuperSlowKinoko(ItemUseSuperSlowKinoko * this)
71001c1abc	176	~ItemUseSuperSlowKinoko	bd01::event::ItemUseSuperSlowKinoko	a	a	0		undefined ~ItemUseSuperSlowKinoko(ItemUseSuperSlowKinoko * this)
71001c1b6c	88	~ItemUseBase	bd01::event::ItemUseBase	a	a	0		undefined ~ItemUseBase(ItemUseBase * this)
71001c1bc4	152	~ItemUseMirrorBase	bd01::event::ItemUseMirrorBase	a	a	0		undefined ~ItemUseMirrorBase(ItemUseMirrorBase * this)
71001c1c5c	88	~ItemUseDuelGloveBase	bd01::event::ItemUseDuelGloveBase	a	a	0		undefined ~ItemUseDuelGloveBase(ItemUseDuelGloveBase * this)
71001c1cb4	152	~ItemUseTicketBase	bd01::event::ItemUseTicketBase	a	a	0		undefined ~ItemUseTicketBase(ItemUseTicketBase * this)
71001c1d4c	88	FUN_71001c1d4c		d	a	0		undefined FUN_71001c1d4c(Fiber * param_1)
71001c1fc8	88	FUN_71001c1fc8		d	a	0		undefined FUN_71001c1fc8(Fiber * param_1)
71001c2240	296	GetComMatter	bd01::ModelBase	a	a	0		undefined GetComMatter(long * param_1, long param_2)
71001c2370	292	AddFiber<bd01::event::Map04_ActRemoveKart>	bq::act::Man	a	a	0		weak_ptr AddFiber<bd01::event::Map04_ActRemoveKart>(long * param_1_00, long * param_2, long param_3)
71001c24d8	36	~__shared_ptr_pointer	std::__shared_ptr_pointer<bq::act::FiberManHolder<bd01::event::Map04_ActRemoveKart>*,std::shared_ptr<bq::act::Base>::__shared_ptr_default_delete<bq::act::Base,bq::act::FiberManHolder<bd01::event::Map04_ActRemoveKart>>,std::allocator<bq::act::FiberManHolder<bd01::event::Map04_ActRemoveKart>>>	a	a	0		undefined ~__shared_ptr_pointer(__shared_ptr_pointer<bq::act::FiberManHolder<bd01::event::Map04_ActRemoveKart>*,std::shared_ptr<bq::act::Base>::__shared_ptr_default_delete<bq::act::Base,bq::act::FiberManHolder<bd01::event::Map04_ActRemoveKart>>,std::allocator<bq::act::FiberManHolder<bd01::event::Map04_ActRemoveKart>>> * this)
71001c24fc	24	__on_zero_shared	std::__shared_ptr_pointer<bq::act::FiberManHolder<bd01::event::Map04_ActRemoveKart>*,std::shared_ptr<bq::act::Base>::__shared_ptr_default_delete<bq::act::Base,bq::act::FiberManHolder<bd01::event::Map04_ActRemoveKart>>,std::allocator<bq::act::FiberManHolder<bd01::event::Map04_ActRemoveKart>>>	a	a	0		undefined __on_zero_shared(__shared_ptr_pointer<bq::act::FiberManHolder<bd01::event::Map04_ActRemoveKart>*,std::shared_ptr<bq::act::Base>::__shared_ptr_default_delete<bq::act::Base,bq::act::FiberManHolder<bd01::event::Map04_ActRemoveKart>>,std::allocator<bq::act::FiberManHolder<bd01::event::Map04_ActRemoveKart>>> * this)
71001c2514	4	__on_zero_shared_weak	std::__shared_ptr_pointer<bq::act::FiberManHolder<bd01::event::Map04_ActRemoveKart>*,std::shared_ptr<bq::act::Base>::__shared_ptr_default_delete<bq::act::Base,bq::act::FiberManHolder<bd01::event::Map04_ActRemoveKart>>,std::allocator<bq::act::FiberManHolder<bd01::event::Map04_ActRemoveKart>>>	a	a	0		undefined __on_zero_shared_weak(__shared_ptr_pointer<bq::act::FiberManHolder<bd01::event::Map04_ActRemoveKart>*,std::shared_ptr<bq::act::Base>::__shared_ptr_default_delete<bq::act::Base,bq::act::FiberManHolder<bd01::event::Map04_ActRemoveKart>>,std::allocator<bq::act::FiberManHolder<bd01::event::Map04_ActRemoveKart>>> * this)
71001c2520	96	~FiberManHolder	bq::act::FiberManHolder<bd01::event::Map04_ActRemoveKart>	a	a	0		undefined ~FiberManHolder(FiberManHolder<bd01::event::Map04_ActRemoveKart> * this)
71001c2580	108	~FiberManHolder	bq::act::FiberManHolder<bd01::event::Map04_ActRemoveKart>	a	a	0		undefined ~FiberManHolder(FiberManHolder<bd01::event::Map04_ActRemoveKart> * this)
71001c25ec	32	IsProc	bq::act::FiberManHolder<bd01::event::Map04_ActRemoveKart>	a	a	0		uint IsProc(void)
71001c260c	12	IsObject	bq::act::FiberManHolder<bd01::event::Map04_ActRemoveKart>	a	a	0		undefined IsObject(long param_1)
71001c2618	8	SetPauseLevel	bq::act::FiberManHolder<bd01::event::Map04_ActRemoveKart>	a	a	0		undefined SetPauseLevel(long param_1)
71001c2620	36	~__shared_ptr_pointer	std::__shared_ptr_pointer<bd01::event::Map04_ActRemoveKart*,std::shared_ptr<bd01::event::Map04_ActRemoveKart>::__shared_ptr_default_delete<bd01::event::Map04_ActRemoveKart,bd01::event::Map04_ActRemoveKart>,std::allocator<bd01::event::Map04_ActRemoveKart>>	a	a	0		undefined ~__shared_ptr_pointer(__shared_ptr_pointer<bd01::event::Map04_ActRemoveKart*,std::shared_ptr<bd01::event::Map04_ActRemoveKart>::__shared_ptr_default_delete<bd01::event::Map04_ActRemoveKart,bd01::event::Map04_ActRemoveKart>,std::allocator<bd01::event::Map04_ActRemoveKart>> * this)
71001c2644	24	__on_zero_shared	std::__shared_ptr_pointer<bd01::event::Map04_ActRemoveKart*,std::shared_ptr<bd01::event::Map04_ActRemoveKart>::__shared_ptr_default_delete<bd01::event::Map04_ActRemoveKart,bd01::event::Map04_ActRemoveKart>,std::allocator<bd01::event::Map04_ActRemoveKart>>	a	a	0		undefined __on_zero_shared(__shared_ptr_pointer<bd01::event::Map04_ActRemoveKart*,std::shared_ptr<bd01::event::Map04_ActRemoveKart>::__shared_ptr_default_delete<bd01::event::Map04_ActRemoveKart,bd01::event::Map04_ActRemoveKart>,std::allocator<bd01::event::Map04_ActRemoveKart>> * this)
71001c265c	4	__on_zero_shared_weak	std::__shared_ptr_pointer<bd01::event::Map04_ActRemoveKart*,std::shared_ptr<bd01::event::Map04_ActRemoveKart>::__shared_ptr_default_delete<bd01::event::Map04_ActRemoveKart,bd01::event::Map04_ActRemoveKart>,std::allocator<bd01::event::Map04_ActRemoveKart>>	a	a	0		undefined __on_zero_shared_weak(__shared_ptr_pointer<bd01::event::Map04_ActRemoveKart*,std::shared_ptr<bd01::event::Map04_ActRemoveKart>::__shared_ptr_default_delete<bd01::event::Map04_ActRemoveKart,bd01::event::Map04_ActRemoveKart>,std::allocator<bd01::event::Map04_ActRemoveKart>> * this)
71001c2660	36	FUN_71001c2660		d	a	0		undefined FUN_71001c2660(__shared_weak_count * param_1)
71001c26a0	96	FUN_71001c26a0		d	a	0		undefined FUN_71001c26a0(long param_1)
71001c2700	108	FUN_71001c2700		d	a	0		undefined FUN_71001c2700(void * param_1)
71001c276c	32	FUN_71001c276c		d	a	0		uint FUN_71001c276c(void)
71001c27a0	36	FUN_71001c27a0		d	a	0		undefined FUN_71001c27a0(__shared_weak_count * param_1)
71001c27e0	292	AddFiber<bd01::event::GoldPipe>	bq::act::Man	a	a	0		weak_ptr AddFiber<bd01::event::GoldPipe>(long * param_1_00, long * param_2, long param_3)
71001c2948	36	~__shared_ptr_pointer	std::__shared_ptr_pointer<bq::act::FiberManHolder<bd01::event::GoldPipe>*,std::shared_ptr<bq::act::Base>::__shared_ptr_default_delete<bq::act::Base,bq::act::FiberManHolder<bd01::event::GoldPipe>>,std::allocator<bq::act::FiberManHolder<bd01::event::GoldPipe>>>	a	a	0		undefined ~__shared_ptr_pointer(__shared_ptr_pointer<bq::act::FiberManHolder<bd01::event::GoldPipe>*,std::shared_ptr<bq::act::Base>::__shared_ptr_default_delete<bq::act::Base,bq::act::FiberManHolder<bd01::event::GoldPipe>>,std::allocator<bq::act::FiberManHolder<bd01::event::GoldPipe>>> * this)
71001c296c	24	__on_zero_shared	std::__shared_ptr_pointer<bq::act::FiberManHolder<bd01::event::GoldPipe>*,std::shared_ptr<bq::act::Base>::__shared_ptr_default_delete<bq::act::Base,bq::act::FiberManHolder<bd01::event::GoldPipe>>,std::allocator<bq::act::FiberManHolder<bd01::event::GoldPipe>>>	a	a	0		undefined __on_zero_shared(__shared_ptr_pointer<bq::act::FiberManHolder<bd01::event::GoldPipe>*,std::shared_ptr<bq::act::Base>::__shared_ptr_default_delete<bq::act::Base,bq::act::FiberManHolder<bd01::event::GoldPipe>>,std::allocator<bq::act::FiberManHolder<bd01::event::GoldPipe>>> * this)
71001c2984	4	__on_zero_shared_weak	std::__shared_ptr_pointer<bq::act::FiberManHolder<bd01::event::GoldPipe>*,std::shared_ptr<bq::act::Base>::__shared_ptr_default_delete<bq::act::Base,bq::act::FiberManHolder<bd01::event::GoldPipe>>,std::allocator<bq::act::FiberManHolder<bd01::event::GoldPipe>>>	a	a	0		undefined __on_zero_shared_weak(__shared_ptr_pointer<bq::act::FiberManHolder<bd01::event::GoldPipe>*,std::shared_ptr<bq::act::Base>::__shared_ptr_default_delete<bq::act::Base,bq::act::FiberManHolder<bd01::event::GoldPipe>>,std::allocator<bq::act::FiberManHolder<bd01::event::GoldPipe>>> * this)
71001c2990	96	~FiberManHolder	bq::act::FiberManHolder<bd01::event::GoldPipe>	a	a	0		undefined ~FiberManHolder(FiberManHolder<bd01::event::GoldPipe> * this)
71001c29f0	108	~FiberManHolder	bq::act::FiberManHolder<bd01::event::GoldPipe>	a	a	0		undefined ~FiberManHolder(FiberManHolder<bd01::event::GoldPipe> * this)
71001c2a5c	32	IsProc	bq::act::FiberManHolder<bd01::event::GoldPipe>	a	a	0		uint IsProc(void)
71001c2a7c	12	IsObject	bq::act::FiberManHolder<bd01::event::GoldPipe>	a	a	0		undefined IsObject(long param_1)
71001c2a88	8	SetPauseLevel	bq::act::FiberManHolder<bd01::event::GoldPipe>	a	a	0		undefined SetPauseLevel(long param_1)
71001c2a90	36	~__shared_ptr_pointer	std::__shared_ptr_pointer<bd01::event::GoldPipe*,std::shared_ptr<bd01::event::GoldPipe>::__shared_ptr_default_delete<bd01::event::GoldPipe,bd01::event::GoldPipe>,std::allocator<bd01::event::GoldPipe>>	a	a	0		undefined ~__shared_ptr_pointer(__shared_ptr_pointer<bd01::event::GoldPipe*,std::shared_ptr<bd01::event::GoldPipe>::__shared_ptr_default_delete<bd01::event::GoldPipe,bd01::event::GoldPipe>,std::allocator<bd01::event::GoldPipe>> * this)
71001c2ab4	24	__on_zero_shared	std::__shared_ptr_pointer<bd01::event::GoldPipe*,std::shared_ptr<bd01::event::GoldPipe>::__shared_ptr_default_delete<bd01::event::GoldPipe,bd01::event::GoldPipe>,std::allocator<bd01::event::GoldPipe>>	a	a	0		undefined __on_zero_shared(__shared_ptr_pointer<bd01::event::GoldPipe*,std::shared_ptr<bd01::event::GoldPipe>::__shared_ptr_default_delete<bd01::event::GoldPipe,bd01::event::GoldPipe>,std::allocator<bd01::event::GoldPipe>> * this)
71001c2acc	4	__on_zero_shared_weak	std::__shared_ptr_pointer<bd01::event::GoldPipe*,std::shared_ptr<bd01::event::GoldPipe>::__shared_ptr_default_delete<bd01::event::GoldPipe,bd01::event::GoldPipe>,std::allocator<bd01::event::GoldPipe>>	a	a	0		undefined __on_zero_shared_weak(__shared_ptr_pointer<bd01::event::GoldPipe*,std::shared_ptr<bd01::event::GoldPipe>::__shared_ptr_default_delete<bd01::event::GoldPipe,bd01::event::GoldPipe>,std::allocator<bd01::event::GoldPipe>> * this)
71001c2ad0	292	AddFiber<bd01::event::NormalPipe>	bq::act::Man	a	a	0		weak_ptr AddFiber<bd01::event::NormalPipe>(long * param_1_00, long * param_2, long param_3)
71001c2c38	36	~__shared_ptr_pointer	std::__shared_ptr_pointer<bq::act::FiberManHolder<bd01::event::NormalPipe>*,std::shared_ptr<bq::act::Base>::__shared_ptr_default_delete<bq::act::Base,bq::act::FiberManHolder<bd01::event::NormalPipe>>,std::allocator<bq::act::FiberManHolder<bd01::event::NormalPipe>>>	a	a	0		undefined ~__shared_ptr_pointer(__shared_ptr_pointer<bq::act::FiberManHolder<bd01::event::NormalPipe>*,std::shared_ptr<bq::act::Base>::__shared_ptr_default_delete<bq::act::Base,bq::act::FiberManHolder<bd01::event::NormalPipe>>,std::allocator<bq::act::FiberManHolder<bd01::event::NormalPipe>>> * this)
71001c2c5c	24	__on_zero_shared	std::__shared_ptr_pointer<bq::act::FiberManHolder<bd01::event::NormalPipe>*,std::shared_ptr<bq::act::Base>::__shared_ptr_default_delete<bq::act::Base,bq::act::FiberManHolder<bd01::event::NormalPipe>>,std::allocator<bq::act::FiberManHolder<bd01::event::NormalPipe>>>	a	a	0		undefined __on_zero_shared(__shared_ptr_pointer<bq::act::FiberManHolder<bd01::event::NormalPipe>*,std::shared_ptr<bq::act::Base>::__shared_ptr_default_delete<bq::act::Base,bq::act::FiberManHolder<bd01::event::NormalPipe>>,std::allocator<bq::act::FiberManHolder<bd01::event::NormalPipe>>> * this)
71001c2c74	4	__on_zero_shared_weak	std::__shared_ptr_pointer<bq::act::FiberManHolder<bd01::event::NormalPipe>*,std::shared_ptr<bq::act::Base>::__shared_ptr_default_delete<bq::act::Base,bq::act::FiberManHolder<bd01::event::NormalPipe>>,std::allocator<bq::act::FiberManHolder<bd01::event::NormalPipe>>>	a	a	0		undefined __on_zero_shared_weak(__shared_ptr_pointer<bq::act::FiberManHolder<bd01::event::NormalPipe>*,std::shared_ptr<bq::act::Base>::__shared_ptr_default_delete<bq::act::Base,bq::act::FiberManHolder<bd01::event::NormalPipe>>,std::allocator<bq::act::FiberManHolder<bd01::event::NormalPipe>>> * this)
71001c2c80	96	~FiberManHolder	bq::act::FiberManHolder<bd01::event::NormalPipe>	a	a	0		undefined ~FiberManHolder(FiberManHolder<bd01::event::NormalPipe> * this)
71001c2ce0	108	~FiberManHolder	bq::act::FiberManHolder<bd01::event::NormalPipe>	a	a	0		undefined ~FiberManHolder(FiberManHolder<bd01::event::NormalPipe> * this)
71001c2d4c	32	IsProc	bq::act::FiberManHolder<bd01::event::NormalPipe>	a	a	0		uint IsProc(void)
71001c2d6c	12	IsObject	bq::act::FiberManHolder<bd01::event::NormalPipe>	a	a	0		undefined IsObject(long param_1)
71001c2d78	8	SetPauseLevel	bq::act::FiberManHolder<bd01::event::NormalPipe>	a	a	0		undefined SetPauseLevel(long param_1)
71001c2d80	36	~__shared_ptr_pointer	std::__shared_ptr_pointer<bd01::event::NormalPipe*,std::shared_ptr<bd01::event::NormalPipe>::__shared_ptr_default_delete<bd01::event::NormalPipe,bd01::event::NormalPipe>,std::allocator<bd01::event::NormalPipe>>	a	a	0		undefined ~__shared_ptr_pointer(__shared_ptr_pointer<bd01::event::NormalPipe*,std::shared_ptr<bd01::event::NormalPipe>::__shared_ptr_default_delete<bd01::event::NormalPipe,bd01::event::NormalPipe>,std::allocator<bd01::event::NormalPipe>> * this)
71001c2da4	24	__on_zero_shared	std::__shared_ptr_pointer<bd01::event::NormalPipe*,std::shared_ptr<bd01::event::NormalPipe>::__shared_ptr_default_delete<bd01::event::NormalPipe,bd01::event::NormalPipe>,std::allocator<bd01::event::NormalPipe>>	a	a	0		undefined __on_zero_shared(__shared_ptr_pointer<bd01::event::NormalPipe*,std::shared_ptr<bd01::event::NormalPipe>::__shared_ptr_default_delete<bd01::event::NormalPipe,bd01::event::NormalPipe>,std::allocator<bd01::event::NormalPipe>> * this)
71001c2dbc	4	__on_zero_shared_weak	std::__shared_ptr_pointer<bd01::event::NormalPipe*,std::shared_ptr<bd01::event::NormalPipe>::__shared_ptr_default_delete<bd01::event::NormalPipe,bd01::event::NormalPipe>,std::allocator<bd01::event::NormalPipe>>	a	a	0		undefined __on_zero_shared_weak(__shared_ptr_pointer<bd01::event::NormalPipe*,std::shared_ptr<bd01::event::NormalPipe>::__shared_ptr_default_delete<bd01::event::NormalPipe,bd01::event::NormalPipe>,std::allocator<bd01::event::NormalPipe>> * this)
71001c2dc4	52	FUN_71001c2dc4		d	a	0		undefined FUN_71001c2dc4(long param_1)
71001c2e10	4	FUN_71001c2e10		d	a	0		undefined FUN_71001c2e10(void)
71001c2e14	4	operator.delete	<EXTERNAL>	d	a	1		void operator.delete(void * param_1)
71001c2e20	340	FUN_71001c2e20		d	a	0		undefined FUN_71001c2e20(ushort * param_1, long param_2, undefined8 param_3, int * param_4)
71001c2f74	36	FUN_71001c2f74		d	a	0		undefined FUN_71001c2f74(__shared_weak_count * param_1)
71001c2fc0	96	FUN_71001c2fc0		d	a	0		undefined FUN_71001c2fc0(long param_1)
71001c3020	108	FUN_71001c3020		d	a	0		undefined FUN_71001c3020(void * param_1)
71001c308c	32	FUN_71001c308c		d	a	0		uint FUN_71001c308c(void)
71001c30c0	36	FUN_71001c30c0		d	a	0		undefined FUN_71001c30c0(__shared_weak_count * param_1)
71001c3100	292	AddFiber<bd01::event::StarSpotNextItem>	bq::act::Man	a	a	0		weak_ptr AddFiber<bd01::event::StarSpotNextItem>(long * param_1_00, long * param_2, long param_3)
71001c3268	36	~__shared_ptr_pointer	std::__shared_ptr_pointer<bq::act::FiberManHolder<bd01::event::StarSpotNextItem>*,std::shared_ptr<bq::act::Base>::__shared_ptr_default_delete<bq::act::Base,bq::act::FiberManHolder<bd01::event::StarSpotNextItem>>,std::allocator<bq::act::FiberManHolder<bd01::event::StarSpotNextItem>>>	a	a	0		undefined ~__shared_ptr_pointer(__shared_ptr_pointer<bq::act::FiberManHolder<bd01::event::StarSpotNextItem>*,std::shared_ptr<bq::act::Base>::__shared_ptr_default_delete<bq::act::Base,bq::act::FiberManHolder<bd01::event::StarSpotNextItem>>,std::allocator<bq::act::FiberManHolder<bd01::event::StarSpotNextItem>>> * this)
71001c328c	24	__on_zero_shared	std::__shared_ptr_pointer<bq::act::FiberManHolder<bd01::event::StarSpotNextItem>*,std::shared_ptr<bq::act::Base>::__shared_ptr_default_delete<bq::act::Base,bq::act::FiberManHolder<bd01::event::StarSpotNextItem>>,std::allocator<bq::act::FiberManHolder<bd01::event::StarSpotNextItem>>>	a	a	0		undefined __on_zero_shared(__shared_ptr_pointer<bq::act::FiberManHolder<bd01::event::StarSpotNextItem>*,std::shared_ptr<bq::act::Base>::__shared_ptr_default_delete<bq::act::Base,bq::act::FiberManHolder<bd01::event::StarSpotNextItem>>,std::allocator<bq::act::FiberManHolder<bd01::event::StarSpotNextItem>>> * this)
71001c32a4	4	__on_zero_shared_weak	std::__shared_ptr_pointer<bq::act::FiberManHolder<bd01::event::StarSpotNextItem>*,std::shared_ptr<bq::act::Base>::__shared_ptr_default_delete<bq::act::Base,bq::act::FiberManHolder<bd01::event::StarSpotNextItem>>,std::allocator<bq::act::FiberManHolder<bd01::event::StarSpotNextItem>>>	a	a	0		undefined __on_zero_shared_weak(__shared_ptr_pointer<bq::act::FiberManHolder<bd01::event::StarSpotNextItem>*,std::shared_ptr<bq::act::Base>::__shared_ptr_default_delete<bq::act::Base,bq::act::FiberManHolder<bd01::event::StarSpotNextItem>>,std::allocator<bq::act::FiberManHolder<bd01::event::StarSpotNextItem>>> * this)
71001c32b0	96	~FiberManHolder	bq::act::FiberManHolder<bd01::event::StarSpotNextItem>	a	a	0		undefined ~FiberManHolder(FiberManHolder<bd01::event::StarSpotNextItem> * this)
71001c3310	108	~FiberManHolder	bq::act::FiberManHolder<bd01::event::StarSpotNextItem>	a	a	0		undefined ~FiberManHolder(FiberManHolder<bd01::event::StarSpotNextItem> * this)
71001c337c	32	IsProc	bq::act::FiberManHolder<bd01::event::StarSpotNextItem>	a	a	0		uint IsProc(void)
71001c339c	12	IsObject	bq::act::FiberManHolder<bd01::event::StarSpotNextItem>	a	a	0		undefined IsObject(long param_1)
71001c33a8	8	SetPauseLevel	bq::act::FiberManHolder<bd01::event::StarSpotNextItem>	a	a	0		undefined SetPauseLevel(long param_1)
71001c33b0	36	~__shared_ptr_pointer	std::__shared_ptr_pointer<bd01::event::StarSpotNextItem*,std::shared_ptr<bd01::event::StarSpotNextItem>::__shared_ptr_default_delete<bd01::event::StarSpotNextItem,bd01::event::StarSpotNextItem>,std::allocator<bd01::event::StarSpotNextItem>>	a	a	0		undefined ~__shared_ptr_pointer(__shared_ptr_pointer<bd01::event::StarSpotNextItem*,std::shared_ptr<bd01::event::StarSpotNextItem>::__shared_ptr_default_delete<bd01::event::StarSpotNextItem,bd01::event::StarSpotNextItem>,std::allocator<bd01::event::StarSpotNextItem>> * this)
71001c33d4	24	__on_zero_shared	std::__shared_ptr_pointer<bd01::event::StarSpotNextItem*,std::shared_ptr<bd01::event::StarSpotNextItem>::__shared_ptr_default_delete<bd01::event::StarSpotNextItem,bd01::event::StarSpotNextItem>,std::allocator<bd01::event::StarSpotNextItem>>	a	a	0		undefined __on_zero_shared(__shared_ptr_pointer<bd01::event::StarSpotNextItem*,std::shared_ptr<bd01::event::StarSpotNextItem>::__shared_ptr_default_delete<bd01::event::StarSpotNextItem,bd01::event::StarSpotNextItem>,std::allocator<bd01::event::StarSpotNextItem>> * this)
71001c33ec	4	__on_zero_shared_weak	std::__shared_ptr_pointer<bd01::event::StarSpotNextItem*,std::shared_ptr<bd01::event::StarSpotNextItem>::__shared_ptr_default_delete<bd01::event::StarSpotNextItem,bd01::event::StarSpotNextItem>,std::allocator<bd01::event::StarSpotNextItem>>	a	a	0		undefined __on_zero_shared_weak(__shared_ptr_pointer<bd01::event::StarSpotNextItem*,std::shared_ptr<bd01::event::StarSpotNextItem>::__shared_ptr_default_delete<bd01::event::StarSpotNextItem,bd01::event::StarSpotNextItem>,std::allocator<bd01::event::StarSpotNextItem>> * this)
71001c33f0	292	AddFiber<bd01::event::KoopaMass>	bq::act::Man	a	a	0		weak_ptr AddFiber<bd01::event::KoopaMass>(long * param_1_00, long * param_2, long param_3)
71001c3558	36	~__shared_ptr_pointer	std::__shared_ptr_pointer<bq::act::FiberManHolder<bd01::event::KoopaMass>*,std::shared_ptr<bq::act::Base>::__shared_ptr_default_delete<bq::act::Base,bq::act::FiberManHolder<bd01::event::KoopaMass>>,std::allocator<bq::act::FiberManHolder<bd01::event::KoopaMass>>>	a	a	0		undefined ~__shared_ptr_pointer(__shared_ptr_pointer<bq::act::FiberManHolder<bd01::event::KoopaMass>*,std::shared_ptr<bq::act::Base>::__shared_ptr_default_delete<bq::act::Base,bq::act::FiberManHolder<bd01::event::KoopaMass>>,std::allocator<bq::act::FiberManHolder<bd01::event::KoopaMass>>> * this)
71001c357c	24	__on_zero_shared	std::__shared_ptr_pointer<bq::act::FiberManHolder<bd01::event::KoopaMass>*,std::shared_ptr<bq::act::Base>::__shared_ptr_default_delete<bq::act::Base,bq::act::FiberManHolder<bd01::event::KoopaMass>>,std::allocator<bq::act::FiberManHolder<bd01::event::KoopaMass>>>	a	a	0		undefined __on_zero_shared(__shared_ptr_pointer<bq::act::FiberManHolder<bd01::event::KoopaMass>*,std::shared_ptr<bq::act::Base>::__shared_ptr_default_delete<bq::act::Base,bq::act::FiberManHolder<bd01::event::KoopaMass>>,std::allocator<bq::act::FiberManHolder<bd01::event::KoopaMass>>> * this)
71001c3594	4	__on_zero_shared_weak	std::__shared_ptr_pointer<bq::act::FiberManHolder<bd01::event::KoopaMass>*,std::shared_ptr<bq::act::Base>::__shared_ptr_default_delete<bq::act::Base,bq::act::FiberManHolder<bd01::event::KoopaMass>>,std::allocator<bq::act::FiberManHolder<bd01::event::KoopaMass>>>	a	a	0		undefined __on_zero_shared_weak(__shared_ptr_pointer<bq::act::FiberManHolder<bd01::event::KoopaMass>*,std::shared_ptr<bq::act::Base>::__shared_ptr_default_delete<bq::act::Base,bq::act::FiberManHolder<bd01::event::KoopaMass>>,std::allocator<bq::act::FiberManHolder<bd01::event::KoopaMass>>> * this)
71001c35a0	96	~FiberManHolder	bq::act::FiberManHolder<bd01::event::KoopaMass>	a	a	0		undefined ~FiberManHolder(FiberManHolder<bd01::event::KoopaMass> * this)
71001c3600	108	~FiberManHolder	bq::act::FiberManHolder<bd01::event::KoopaMass>	a	a	0		undefined ~FiberManHolder(FiberManHolder<bd01::event::KoopaMass> * this)
71001c366c	32	IsProc	bq::act::FiberManHolder<bd01::event::KoopaMass>	a	a	0		uint IsProc(void)
71001c368c	12	IsObject	bq::act::FiberManHolder<bd01::event::KoopaMass>	a	a	0		undefined IsObject(long param_1)
71001c3698	8	SetPauseLevel	bq::act::FiberManHolder<bd01::event::KoopaMass>	a	a	0		undefined SetPauseLevel(long param_1)
71001c36a0	36	~__shared_ptr_pointer	std::__shared_ptr_pointer<bd01::event::KoopaMass*,std::shared_ptr<bd01::event::KoopaMass>::__shared_ptr_default_delete<bd01::event::KoopaMass,bd01::event::KoopaMass>,std::allocator<bd01::event::KoopaMass>>	a	a	0		undefined ~__shared_ptr_pointer(__shared_ptr_pointer<bd01::event::KoopaMass*,std::shared_ptr<bd01::event::KoopaMass>::__shared_ptr_default_delete<bd01::event::KoopaMass,bd01::event::KoopaMass>,std::allocator<bd01::event::KoopaMass>> * this)
71001c36c4	24	__on_zero_shared	std::__shared_ptr_pointer<bd01::event::KoopaMass*,std::shared_ptr<bd01::event::KoopaMass>::__shared_ptr_default_delete<bd01::event::KoopaMass,bd01::event::KoopaMass>,std::allocator<bd01::event::KoopaMass>>	a	a	0		undefined __on_zero_shared(__shared_ptr_pointer<bd01::event::KoopaMass*,std::shared_ptr<bd01::event::KoopaMass>::__shared_ptr_default_delete<bd01::event::KoopaMass,bd01::event::KoopaMass>,std::allocator<bd01::event::KoopaMass>> * this)
71001c36dc	4	__on_zero_shared_weak	std::__shared_ptr_pointer<bd01::event::KoopaMass*,std::shared_ptr<bd01::event::KoopaMass>::__shared_ptr_default_delete<bd01::event::KoopaMass,bd01::event::KoopaMass>,std::allocator<bd01::event::KoopaMass>>	a	a	0		undefined __on_zero_shared_weak(__shared_ptr_pointer<bd01::event::KoopaMass*,std::shared_ptr<bd01::event::KoopaMass>::__shared_ptr_default_delete<bd01::event::KoopaMass,bd01::event::KoopaMass>,std::allocator<bd01::event::KoopaMass>> * this)
71001c36e0	292	AddFiber<bd01::event::Teresa>	bq::act::Man	a	a	0		weak_ptr AddFiber<bd01::event::Teresa>(long * param_1_00, long * param_2, long param_3)
71001c3848	36	~__shared_ptr_pointer	std::__shared_ptr_pointer<bq::act::FiberManHolder<bd01::event::Teresa>*,std::shared_ptr<bq::act::Base>::__shared_ptr_default_delete<bq::act::Base,bq::act::FiberManHolder<bd01::event::Teresa>>,std::allocator<bq::act::FiberManHolder<bd01::event::Teresa>>>	a	a	0		undefined ~__shared_ptr_pointer(__shared_ptr_pointer<bq::act::FiberManHolder<bd01::event::Teresa>*,std::shared_ptr<bq::act::Base>::__shared_ptr_default_delete<bq::act::Base,bq::act::FiberManHolder<bd01::event::Teresa>>,std::allocator<bq::act::FiberManHolder<bd01::event::Teresa>>> * this)
71001c386c	24	__on_zero_shared	std::__shared_ptr_pointer<bq::act::FiberManHolder<bd01::event::Teresa>*,std::shared_ptr<bq::act::Base>::__shared_ptr_default_delete<bq::act::Base,bq::act::FiberManHolder<bd01::event::Teresa>>,std::allocator<bq::act::FiberManHolder<bd01::event::Teresa>>>	a	a	0		undefined __on_zero_shared(__shared_ptr_pointer<bq::act::FiberManHolder<bd01::event::Teresa>*,std::shared_ptr<bq::act::Base>::__shared_ptr_default_delete<bq::act::Base,bq::act::FiberManHolder<bd01::event::Teresa>>,std::allocator<bq::act::FiberManHolder<bd01::event::Teresa>>> * this)
71001c3884	4	__on_zero_shared_weak	std::__shared_ptr_pointer<bq::act::FiberManHolder<bd01::event::Teresa>*,std::shared_ptr<bq::act::Base>::__shared_ptr_default_delete<bq::act::Base,bq::act::FiberManHolder<bd01::event::Teresa>>,std::allocator<bq::act::FiberManHolder<bd01::event::Teresa>>>	a	a	0		undefined __on_zero_shared_weak(__shared_ptr_pointer<bq::act::FiberManHolder<bd01::event::Teresa>*,std::shared_ptr<bq::act::Base>::__shared_ptr_default_delete<bq::act::Base,bq::act::FiberManHolder<bd01::event::Teresa>>,std::allocator<bq::act::FiberManHolder<bd01::event::Teresa>>> * this)
71001c3890	96	~FiberManHolder	bq::act::FiberManHolder<bd01::event::Teresa>	a	a	0		undefined ~FiberManHolder(FiberManHolder<bd01::event::Teresa> * this)
71001c38f0	108	~FiberManHolder	bq::act::FiberManHolder<bd01::event::Teresa>	a	a	0		undefined ~FiberManHolder(FiberManHolder<bd01::event::Teresa> * this)
71001c395c	32	IsProc	bq::act::FiberManHolder<bd01::event::Teresa>	a	a	0		uint IsProc(void)
71001c397c	12	IsObject	bq::act::FiberManHolder<bd01::event::Teresa>	a	a	0		undefined IsObject(long param_1)
71001c3988	8	SetPauseLevel	bq::act::FiberManHolder<bd01::event::Teresa>	a	a	0		undefined SetPauseLevel(long param_1)
71001c3990	36	~__shared_ptr_pointer	std::__shared_ptr_pointer<bd01::event::Teresa*,std::shared_ptr<bd01::event::Teresa>::__shared_ptr_default_delete<bd01::event::Teresa,bd01::event::Teresa>,std::allocator<bd01::event::Teresa>>	a	a	0		undefined ~__shared_ptr_pointer(__shared_ptr_pointer<bd01::event::Teresa*,std::shared_ptr<bd01::event::Teresa>::__shared_ptr_default_delete<bd01::event::Teresa,bd01::event::Teresa>,std::allocator<bd01::event::Teresa>> * this)
71001c39b4	24	__on_zero_shared	std::__shared_ptr_pointer<bd01::event::Teresa*,std::shared_ptr<bd01::event::Teresa>::__shared_ptr_default_delete<bd01::event::Teresa,bd01::event::Teresa>,std::allocator<bd01::event::Teresa>>	a	a	0		undefined __on_zero_shared(__shared_ptr_pointer<bd01::event::Teresa*,std::shared_ptr<bd01::event::Teresa>::__shared_ptr_default_delete<bd01::event::Teresa,bd01::event::Teresa>,std::allocator<bd01::event::Teresa>> * this)
71001c39cc	4	__on_zero_shared_weak	std::__shared_ptr_pointer<bd01::event::Teresa*,std::shared_ptr<bd01::event::Teresa>::__shared_ptr_default_delete<bd01::event::Teresa,bd01::event::Teresa>,std::allocator<bd01::event::Teresa>>	a	a	0		undefined __on_zero_shared_weak(__shared_ptr_pointer<bd01::event::Teresa*,std::shared_ptr<bd01::event::Teresa>::__shared_ptr_default_delete<bd01::event::Teresa,bd01::event::Teresa>,std::allocator<bd01::event::Teresa>> * this)
71001c39d0	360	Intp<bd01::ObjectModel,nn::util::Vector3f>	bq::act::Man	a	a	0		weak_ptr Intp<bd01::ObjectModel,nn::util::Vector3f>(long * param_1_00, float param_2, undefined4 param_3, long * param_4, long param_5, ulong * param_6, undefined8 * param_7)
71001c3b5c	4	~IntpPosition	bq::act::IntpPosition<bd01::ObjectModel,nn::util::Vector3f>	a	a	0		undefined ~IntpPosition(IntpPosition<bd01::ObjectModel,nn::util::Vector3f> * this)
71001c3b60	256	Proc	bq::act::IntpPosition<bd01::ObjectModel,nn::util::Vector3f>	a	a	0		undefined Proc(IntpPosition<bd01::ObjectModel,nn::util::Vector3f> * this)
71001c3c60	24	IsProc	bq::act::IntpBase<bd01::ObjectModel,nn::util::Vector3f>	a	a	0		bool IsProc(IntpBase<bd01::ObjectModel,nn::util::Vector3f> * this)
71001c3c78	36	~__shared_ptr_pointer	std::__shared_ptr_pointer<bq::act::IntpPosition<bd01::ObjectModel,nn::util::Vector3f>*,std::shared_ptr<bq::act::Base>::__shared_ptr_default_delete<bq::act::Base,bq::act::IntpPosition<bd01::ObjectModel,nn::util::Vector3f>>,std::allocator<bq::act::IntpPosition<bd01::ObjectModel,nn::util::Vector3f>>>	a	a	0		undefined ~__shared_ptr_pointer(__shared_ptr_pointer<bq::act::IntpPosition<bd01::ObjectModel,nn::util::Vector3f>*,std::shared_ptr<bq::act::Base>::__shared_ptr_default_delete<bq::act::Base,bq::act::IntpPosition<bd01::ObjectModel,nn::util::Vector3f>>,std::allocator<bq::act::IntpPosition<bd01::ObjectModel,nn::util::Vector3f>>> * this)
71001c3c9c	24	__on_zero_shared	std::__shared_ptr_pointer<bq::act::IntpPosition<bd01::ObjectModel,nn::util::Vector3f>*,std::shared_ptr<bq::act::Base>::__shared_ptr_default_delete<bq::act::Base,bq::act::IntpPosition<bd01::ObjectModel,nn::util::Vector3f>>,std::allocator<bq::act::IntpPosition<bd01::ObjectModel,nn::util::Vector3f>>>	a	a	0		undefined __on_zero_shared(__shared_ptr_pointer<bq::act::IntpPosition<bd01::ObjectModel,nn::util::Vector3f>*,std::shared_ptr<bq::act::Base>::__shared_ptr_default_delete<bq::act::Base,bq::act::IntpPosition<bd01::ObjectModel,nn::util::Vector3f>>,std::allocator<bq::act::IntpPosition<bd01::ObjectModel,nn::util::Vector3f>>> * this)
71001c3cb4	4	__on_zero_shared_weak	std::__shared_ptr_pointer<bq::act::IntpPosition<bd01::ObjectModel,nn::util::Vector3f>*,std::shared_ptr<bq::act::Base>::__shared_ptr_default_delete<bq::act::Base,bq::act::IntpPosition<bd01::ObjectModel,nn::util::Vector3f>>,std::allocator<bq::act::IntpPosition<bd01::ObjectModel,nn::util::Vector3f>>>	a	a	0		undefined __on_zero_shared_weak(__shared_ptr_pointer<bq::act::IntpPosition<bd01::ObjectModel,nn::util::Vector3f>*,std::shared_ptr<bq::act::Base>::__shared_ptr_default_delete<bq::act::Base,bq::act::IntpPosition<bd01::ObjectModel,nn::util::Vector3f>>,std::allocator<bq::act::IntpPosition<bd01::ObjectModel,nn::util::Vector3f>>> * this)
71001c3cb8	100	KoopaMassBase	bd01::event::KoopaMassBase	a	a	0		undefined KoopaMassBase(KoopaMassBase * this)
71001c3e30	528	~KoopaMassBase	bd01::event::KoopaMassBase	a	a	0		undefined ~KoopaMassBase(KoopaMassBase * this)
71001c4040	36	~KoopaMassBase	bd01::event::KoopaMassBase	a	a	0		undefined ~KoopaMassBase(KoopaMassBase * this)
71001c4070	3756	Setup	bd01::event::KoopaMassBase	a	a	0		undefined Setup(KoopaMassBase * this)
71001c5090	380	UpdateLook	bd01::event::KoopaMassBase	a	a	0		undefined UpdateLook(KoopaMassBase * this)
71001c520c	336	Cleanup	bd01::event::KoopaMassBase	a	a	0		undefined Cleanup(long param_1)
71001c535c	236	RunAwayKoopa	bd01::event::KoopaMassBase	a	a	0		undefined RunAwayKoopa(KoopaMassBase * this)
71001c5470	460	RunAwayPlayer	bd01::event::KoopaMassBase	a	a	0		undefined RunAwayPlayer(KoopaMassBase * this, int * param_1)
71001c56a0	392	RunFallPlayer	bd01::event::KoopaMassBase	a	a	0		undefined RunFallPlayer(KoopaMassBase * this, int * param_1)
71001c5890	392	RunFallPlayer	bd01::event::KoopaMassBase	a	a	0		undefined RunFallPlayer(KoopaMassBase * this, undefined8 param_1, byte param_2)
71001c5a78	1072	MessageAnim	bd01::event::KoopaMassBase	a	a	0		undefined MessageAnim(KoopaMassBase * this, uint * param_1, byte * param_2, undefined4 param_3, int param_4, byte param_5)
71001c5ea8	32	SetLookPlayer	bd01::event::KoopaMassBase	a	a	0		undefined SetLookPlayer(KoopaMassBase * this, long param_1)
71001c5ec8	244	KoopaMass	bd01::event::KoopaMass	a	a	0		undefined KoopaMass(KoopaMass * this, uint * param_2, KoopaMass param_3)
71001c60d0	4	Setup	bd01::event::KoopaMass	a	a	0		undefined Setup(void)
71001c60d4	644	Cleanup	bd01::event::KoopaMass	a	a	0		undefined Cleanup(long param_1)
71001c6360	1120	Update	bd01::event::KoopaMass	a	a	0		undefined Update(undefined1[16] param_1, undefined1[16] param_2, undefined1[16] param_3, undefined1[16] param_4, KoopaMass * this)
71001c67d0	4528	RunEntry	bd01::event::KoopaMass	a	a	0		undefined RunEntry(ActFlowEventFiber * param_1, int param_2)
71001c7a30	2800	RunInst	bd01::event::KoopaMass	a	a	0		undefined RunInst(KoopaMass * this, int param_1)
71001c85d0	3292	RunKoopaFire	bd01::event::KoopaMass	a	a	0		undefined4 RunKoopaFire(KoopaMass * this, int param_1, int param_2)
71001c92e8	816	RunGetCoin	bd01::event::KoopaMass	a	a	0		undefined RunGetCoin(long param_1)
71001c9634	880	RunRoulette	bd01::event::KoopaMass	a	a	0		undefined RunRoulette(KoopaMass * this, int param_1, int param_2)
71001c9a50	460	RunResult	bd01::event::KoopaMass	a	a	0		uint RunResult(undefined1[16] param_1_00, undefined1[16] param_2_00, undefined1[16] param_3, undefined1[16] param_4, KoopaMass * this, int param_6, int param_7)
71001c9c20	4764	RunExit	bd01::event::KoopaMass	a	a	0		undefined RunExit(KoopaMass * this)
71001caf00	4168	ActTornadoOut	bd01::event::ActTornadoOut	a	a	0		undefined ActTornadoOut(ActTornadoOut * this, undefined4 * param_2, undefined8 param_3, ushort * param_4, uint param_5, ActTornadoOut param_6)
71001cbf60	340	FUN_71001cbf60		d	a	0		undefined FUN_71001cbf60(long * param_1, long param_2, long param_3)
71001cc100	1348	SetupRoulette	bd01::event::KoopaMass	a	a	0		undefined SetupRoulette(KoopaMass * this, int param_1, int param_2, uint param_3)
71001cc6f0	3048	RunKoopaSafe	bd01::event::KoopaMass	a	a	0		byte RunKoopaSafe(KoopaMass * this, uint param_1, int param_2, int param_3)
71001cd45c	1180	RunResultGetCoin	bd01::event::KoopaMass	a	a	0		ulong RunResultGetCoin(KoopaMass * this, uint param_1)
71001cd91c	1320	RunResultGetCoinHalf	bd01::event::KoopaMass	a	a	0		ulong RunResultGetCoinHalf(KoopaMass * this)
71001cde70	1624	RunResultGetCoinAll	bd01::event::KoopaMass	a	a	0		undefined RunResultGetCoinAll(KoopaMass * this, uint param_1)
71001ce580	3720	RunResultRevolution	bd01::event::KoopaMass	a	a	0		undefined RunResultRevolution(KoopaMass * this)
71001cf580	7472	RunResultShuffle	bd01::event::KoopaMass	a	a	0		undefined RunResultShuffle(undefined1[16] param_1, undefined1[16] param_2, undefined1[16] param_3, undefined1[16] param_4, KoopaMass * this)
71001d13ac	364	RunResult100Stars	bd01::event::KoopaMass	a	a	0		undefined RunResult100Stars(KoopaMass * this)
71001d1518	364	RunResult1000Coins	bd01::event::KoopaMass	a	a	0		undefined RunResult1000Coins(KoopaMass * this)
71001d1684	2916	RunResultGetStar	bd01::event::KoopaMass	a	a	0		undefined8 RunResultGetStar(KoopaMass * this, uint param_1, int param_2, int param_3)
71001d2240	4612	RunPlayerGather	bd01::event::KoopaMass	a	a	0		undefined RunPlayerGather(KoopaMass * this)
71001d3688	4960	CreateMassModel	bd01::event::KoopaMass	a	a	0		undefined CreateMassModel(KoopaMass * this, uint param_1)
71001d4a90	340	FUN_71001d4a90		d	a	0		undefined FUN_71001d4a90(long * param_1, long param_2, long param_3)
71001d4c28	344	Triangle	bd01::event::ScreenCrash::Delaunay::Triangle	a	a	0		undefined Triangle(Triangle * this, long * param_1, short param_2, short param_3, short param_4)
71001d4d80	140	GetCircumCenter	bd01::event::ScreenCrash::Delaunay::Triangle	a	a	0		undefined GetCircumCenter(void)
71001d4e0c	60	CheckClockWise	bd01::event::ScreenCrash::Delaunay::Triangle	a	a	0		bool CheckClockWise(undefined8 param_1_00, undefined8 * param_2, undefined8 * param_3, undefined8 * param_4)
71001d4e48	36	CheckInner	bd01::event::ScreenCrash::Delaunay::Triangle	a	a	0		bool CheckInner(Triangle * this, undefined8 * param_1)
71001d4e6c	20	Delaunay	bd01::event::ScreenCrash::Delaunay	a	a	0		undefined Delaunay(undefined4 param_1, undefined4 param_2, Delaunay * this)
71001d4e80	3672	Split	bd01::event::ScreenCrash::Delaunay	a	a	0		undefined Split(Delaunay * this, long * param_1)
71001d5e00	592	FUN_71001d5e00		d	a	0		undefined8 * FUN_71001d5e00(long * param_1, long param_2, undefined8 * param_3)
71001d6050	88	ScreenCrash	bd01::event::ScreenCrash	a	a	0		undefined ScreenCrash(ScreenCrash * this)
71001d60b0	344	~ScreenCrash	bd01::event::ScreenCrash	a	a	0		undefined ~ScreenCrash(ScreenCrash * this)
71001d6208	36	~ScreenCrash	bd01::event::ScreenCrash	a	a	0		undefined ~ScreenCrash(ScreenCrash * this)
71001d6230	7532	Setup	bd01::event::ScreenCrash	a	a	0		undefined Setup(ScreenCrash * this)
71001d8020	480	AddComponent<nn::bezel::ComModel,,(void*)0>	nn::bezel::Entity	a	a	0		WeakHandle AddComponent<nn::bezel::ComModel,,(void*)0>(long * param_1, HandlePtr * param_2)
71001d8208	4	~CreateRuntimeShapeParam	nn::bezel::CreateRuntimeShapeParam	a	a	0		undefined ~CreateRuntimeShapeParam(void)
71001d8210	2120	Update	bd01::event::ScreenCrash	a	a	0		undefined Update(ScreenCrash * this)
71001d8a74	216	~KoopaMass	bd01::event::KoopaMass	a	a	0		undefined ~KoopaMass(KoopaMass * this)
71001d8b4c	36	~KoopaMass	bd01::event::KoopaMass	a	a	0		undefined ~KoopaMass(KoopaMass * this)
71001d8b70	88	FUN_71001d8b70		d	a	0		undefined FUN_71001d8b70(Fiber * param_1)
71001d8cec	88	FUN_71001d8cec		d	a	0		undefined FUN_71001d8cec(Fiber * param_1)
71001d8ec4	88	FUN_71001d8ec4		d	a	0		undefined FUN_71001d8ec4(Fiber * param_1)
71001d90a4	88	~ActTornadoIn	bd01::event::ActTornadoIn	a	a	0		undefined ~ActTornadoIn(ActTornadoIn * this)
71001d9100	912	Update	bd01::event::ActTornadoIn	a	a	0		undefined Update(ActTornadoIn * this)
71001d9494	88	~ActTornadoRise	bd01::event::ActTornadoRise	a	a	0		undefined ~ActTornadoRise(ActTornadoRise * this)
71001d94f0	868	Update	bd01::event::ActTornadoRise	a	a	0		undefined Update(ActTornadoRise * this)
71001d9860	88	~ActTornadoOut	bd01::event::ActTornadoOut	a	a	0		undefined ~ActTornadoOut(ActTornadoOut * this)
71001d98c0	5088	Update	bd01::event::ActTornadoOut	a	a	0		undefined Update(ActTornadoOut * this)
71001daca4	88	FUN_71001daca4		d	a	0		undefined FUN_71001daca4(Fiber * param_1)
71001daf18	4	~MoveRotate	bq::act::MoveRotate<bd01::PlayerModel,nn::util::Vector3f>	a	a	0		undefined ~MoveRotate(MoveRotate<bd01::PlayerModel,nn::util::Vector3f> * this)
71001daf1c	172	Proc	bq::act::MoveRotate<bd01::PlayerModel,nn::util::Vector3f>	a	a	0		undefined Proc(MoveRotate<bd01::PlayerModel,nn::util::Vector3f> * this)
71001dafc8	36	~__shared_ptr_pointer	std::__shared_ptr_pointer<bq::act::MoveRotate<bd01::PlayerModel,nn::util::Vector3f>*,std::shared_ptr<bq::act::Base>::__shared_ptr_default_delete<bq::act::Base,bq::act::MoveRotate<bd01::PlayerModel,nn::util::Vector3f>>,std::allocator<bq::act::MoveRotate<bd01::PlayerModel,nn::util::Vector3f>>>	a	a	0		undefined ~__shared_ptr_pointer(__shared_ptr_pointer<bq::act::MoveRotate<bd01::PlayerModel,nn::util::Vector3f>*,std::shared_ptr<bq::act::Base>::__shared_ptr_default_delete<bq::act::Base,bq::act::MoveRotate<bd01::PlayerModel,nn::util::Vector3f>>,std::allocator<bq::act::MoveRotate<bd01::PlayerModel,nn::util::Vector3f>>> * this)
71001dafec	24	__on_zero_shared	std::__shared_ptr_pointer<bq::act::MoveRotate<bd01::PlayerModel,nn::util::Vector3f>*,std::shared_ptr<bq::act::Base>::__shared_ptr_default_delete<bq::act::Base,bq::act::MoveRotate<bd01::PlayerModel,nn::util::Vector3f>>,std::allocator<bq::act::MoveRotate<bd01::PlayerModel,nn::util::Vector3f>>>	a	a	0		undefined __on_zero_shared(__shared_ptr_pointer<bq::act::MoveRotate<bd01::PlayerModel,nn::util::Vector3f>*,std::shared_ptr<bq::act::Base>::__shared_ptr_default_delete<bq::act::Base,bq::act::MoveRotate<bd01::PlayerModel,nn::util::Vector3f>>,std::allocator<bq::act::MoveRotate<bd01::PlayerModel,nn::util::Vector3f>>> * this)
71001db004	4	__on_zero_shared_weak	std::__shared_ptr_pointer<bq::act::MoveRotate<bd01::PlayerModel,nn::util::Vector3f>*,std::shared_ptr<bq::act::Base>::__shared_ptr_default_delete<bq::act::Base,bq::act::MoveRotate<bd01::PlayerModel,nn::util::Vector3f>>,std::allocator<bq::act::MoveRotate<bd01::PlayerModel,nn::util::Vector3f>>>	a	a	0		undefined __on_zero_shared_weak(__shared_ptr_pointer<bq::act::MoveRotate<bd01::PlayerModel,nn::util::Vector3f>*,std::shared_ptr<bq::act::Base>::__shared_ptr_default_delete<bq::act::Base,bq::act::MoveRotate<bd01::PlayerModel,nn::util::Vector3f>>,std::allocator<bq::act::MoveRotate<bd01::PlayerModel,nn::util::Vector3f>>> * this)
71001db008	88	FUN_71001db008		d	a	0		undefined FUN_71001db008(Fiber * param_1)
71001db170	88	~ActTornadoFall	bd01::event::ActTornadoFall	a	a	0		undefined ~ActTornadoFall(ActTornadoFall * this)
71001db1d0	528	Update	bd01::event::ActTornadoFall	a	a	0		undefined Update(ActTornadoFall * this)
71001db408	88	~ActCoinKoopaMass	bd01::event::ActCoinKoopaMass	a	a	0		undefined ~ActCoinKoopaMass(ActCoinKoopaMass * this)
71001db460	600	Update	bd01::event::ActCoinKoopaMass	a	a	0		undefined Update(ActCoinKoopaMass * this)
71001db6e0	88	FUN_71001db6e0		d	a	0		undefined FUN_71001db6e0(Fiber * param_1)
71001db8ec	88	~ActCoinFallKoopaMass	bd01::event::ActCoinFallKoopaMass	a	a	0		undefined ~ActCoinFallKoopaMass(ActCoinFallKoopaMass * this)
71001db944	436	Update	bd01::event::ActCoinFallKoopaMass	a	a	0		undefined Update(ActCoinFallKoopaMass * this)
71001dbb14	120	~ActStarKoopaMass	bd01::event::ActStarKoopaMass	a	a	0		undefined ~ActStarKoopaMass(ActStarKoopaMass * this)
71001dbb8c	128	~ActStarKoopaMass	bd01::event::ActStarKoopaMass	a	a	0		undefined ~ActStarKoopaMass(ActStarKoopaMass * this)
71001dbc10	1188	Update	bd01::event::ActStarKoopaMass	a	a	0		undefined Update(ActStarKoopaMass * this)
71001dc0e4	108	FUN_71001dc0e4		d	a	0		undefined FUN_71001dc0e4(Fiber * param_1)
71001dc150	116	FUN_71001dc150		d	a	0		undefined FUN_71001dc150(Fiber * param_1)
71001dc1d0	480	FUN_71001dc1d0		d	a	0		undefined FUN_71001dc1d0(long param_1)
71001dc3f4	36	FUN_71001dc3f4		d	a	0		undefined FUN_71001dc3f4(__shared_weak_count * param_1)
71001dc440	96	FUN_71001dc440		d	a	0		undefined FUN_71001dc440(long param_1)
71001dc4a0	108	FUN_71001dc4a0		d	a	0		undefined FUN_71001dc4a0(void * param_1)
71001dc50c	32	FUN_71001dc50c		d	a	0		uint FUN_71001dc50c(void)
71001dc540	36	FUN_71001dc540		d	a	0		undefined FUN_71001dc540(__shared_weak_count * param_1)
71001dc580	88	FUN_71001dc580		d	a	0		undefined FUN_71001dc580(Fiber * param_1)
71001dc740	348	Spline<bd01::ModelBase,nn::util::Vector3f>	bq::act::Man	a	a	0		weak_ptr Spline<bd01::ModelBase,nn::util::Vector3f>(long * param_1_00, undefined4 param_2, long * param_3, long param_4, long * param_5, undefined8 * param_6, undefined8 * param_7)
71001dc8c0	4	~SplinePosition	bq::act::SplinePosition<bd01::ModelBase,nn::util::Vector3f>	a	a	0		undefined ~SplinePosition(SplinePosition<bd01::ModelBase,nn::util::Vector3f> * this)
71001dc8c4	36	~__shared_ptr_pointer	std::__shared_ptr_pointer<bq::act::SplinePosition<bd01::ModelBase,nn::util::Vector3f>*,std::shared_ptr<bq::act::Base>::__shared_ptr_default_delete<bq::act::Base,bq::act::SplinePosition<bd01::ModelBase,nn::util::Vector3f>>,std::allocator<bq::act::SplinePosition<bd01::ModelBase,nn::util::Vector3f>>>	a	a	0		undefined ~__shared_ptr_pointer(__shared_ptr_pointer<bq::act::SplinePosition<bd01::ModelBase,nn::util::Vector3f>*,std::shared_ptr<bq::act::Base>::__shared_ptr_default_delete<bq::act::Base,bq::act::SplinePosition<bd01::ModelBase,nn::util::Vector3f>>,std::allocator<bq::act::SplinePosition<bd01::ModelBase,nn::util::Vector3f>>> * this)
71001dc8e8	24	__on_zero_shared	std::__shared_ptr_pointer<bq::act::SplinePosition<bd01::ModelBase,nn::util::Vector3f>*,std::shared_ptr<bq::act::Base>::__shared_ptr_default_delete<bq::act::Base,bq::act::SplinePosition<bd01::ModelBase,nn::util::Vector3f>>,std::allocator<bq::act::SplinePosition<bd01::ModelBase,nn::util::Vector3f>>>	a	a	0		undefined __on_zero_shared(__shared_ptr_pointer<bq::act::SplinePosition<bd01::ModelBase,nn::util::Vector3f>*,std::shared_ptr<bq::act::Base>::__shared_ptr_default_delete<bq::act::Base,bq::act::SplinePosition<bd01::ModelBase,nn::util::Vector3f>>,std::allocator<bq::act::SplinePosition<bd01::ModelBase,nn::util::Vector3f>>> * this)
71001dc900	4	__on_zero_shared_weak	std::__shared_ptr_pointer<bq::act::SplinePosition<bd01::ModelBase,nn::util::Vector3f>*,std::shared_ptr<bq::act::Base>::__shared_ptr_default_delete<bq::act::Base,bq::act::SplinePosition<bd01::ModelBase,nn::util::Vector3f>>,std::allocator<bq::act::SplinePosition<bd01::ModelBase,nn::util::Vector3f>>>	a	a	0		undefined __on_zero_shared_weak(__shared_ptr_pointer<bq::act::SplinePosition<bd01::ModelBase,nn::util::Vector3f>*,std::shared_ptr<bq::act::Base>::__shared_ptr_default_delete<bq::act::Base,bq::act::SplinePosition<bd01::ModelBase,nn::util::Vector3f>>,std::allocator<bq::act::SplinePosition<bd01::ModelBase,nn::util::Vector3f>>> * this)
71001dc904	88	FUN_71001dc904		d	a	0		undefined FUN_71001dc904(Fiber * param_1)
71001dcb9c	20	FUN_71001dcb9c		d	a	0		undefined FUN_71001dcb9c(void)
71001dcbb0	12	NnDetailBezelGetTypeDesc	nn::bezel::CreateRuntimeShapeParam	a	a	0		undefined * NnDetailBezelGetTypeDesc(void)
71001dcbbc	4	NnDetailBezelGetThisPtr	nn::bezel::CreateRuntimeShapeParam	a	a	0		undefined NnDetailBezelGetThisPtr(void)
71001dcbc0	4	NnDetailBezelGetThisPtrConst	nn::bezel::CreateRuntimeShapeParam	a	a	0		undefined NnDetailBezelGetThisPtrConst(void)
71001dcbc4	4	~CreateRuntimeShapeParam	nn::bezel::CreateRuntimeShapeParam	a	a	0		undefined ~CreateRuntimeShapeParam(CreateRuntimeShapeParam * this)
71001dcbc8	20	IsDerivedFrom	nn::bezel::detail::StaticTypeDesc<nn::bezel::CreateRuntimeShapeParam,true>	a	a	0		bool IsDerivedFrom(undefined * param_1)
71001dcbdc	8	GetBaseTypeDesc	nn::bezel::detail::StaticTypeDesc<nn::bezel::CreateRuntimeShapeParam,true>	a	a	0		undefined8 GetBaseTypeDesc(void)
71001dcbe4	8	GetNextBaseTypeDesc	nn::bezel::detail::StaticTypeDesc<nn::bezel::CreateRuntimeShapeParam,true>	a	a	0		undefined8 GetNextBaseTypeDesc(void)
71001dcbec	8	CastTo	nn::bezel::detail::StaticTypeDesc<nn::bezel::CreateRuntimeShapeParam,true>	a	a	0		undefined8 CastTo(undefined8 param_1, undefined8 param_2)
71001dcbf4	8	CastToConst	nn::bezel::detail::StaticTypeDesc<nn::bezel::CreateRuntimeShapeParam,true>	a	a	0		undefined8 CastToConst(undefined8 param_1, undefined8 param_2)
71001dcbfc	4	~__func	std::__function::__func<std::__bind<void(bd01::event::KoopaMassBase::*&)(),bd01::event::KoopaMassBase*&>,std::allocator<std::__bind<void(bd01::event::KoopaMassBase::*&)(),bd01::event::KoopaMassBase*&>>,void()>	a	a	0		undefined ~__func(__func<std::__bind<void(bd01::event::KoopaMassBase::*&)(),bd01::event::KoopaMassBase*&>,std::allocator<std::__bind<void(bd01::event::KoopaMassBase::*&)(),bd01::event::KoopaMassBase*&>>,void()> * this)
71001dcc00	64	__clone	std::__function::__func<std::__bind<void(bd01::event::KoopaMassBase::*&)(),bd01::event::KoopaMassBase*&>,std::allocator<std::__bind<void(bd01::event::KoopaMassBase::*&)(),bd01::event::KoopaMassBase*&>>,void()>	a	a	0		undefined __clone(__func<std::__bind<void(bd01::event::KoopaMassBase::*&)(),bd01::event::KoopaMassBase*&>,std::allocator<std::__bind<void(bd01::event::KoopaMassBase::*&)(),bd01::event::KoopaMassBase*&>>,void()> * this)
71001dcc40	36	__clone	std::__function::__func<std::__bind<void(bd01::event::KoopaMassBase::*&)(),bd01::event::KoopaMassBase*&>,std::allocator<std::__bind<void(bd01::event::KoopaMassBase::*&)(),bd01::event::KoopaMassBase*&>>,void()>	a	a	0		undefined __clone(__func<std::__bind<void(bd01::event::KoopaMassBase::*&)(),bd01::event::KoopaMassBase*&>,std::allocator<std::__bind<void(bd01::event::KoopaMassBase::*&)(),bd01::event::KoopaMassBase*&>>,void()> * this, long * param_1)
71001dcc64	4	destroy	std::__function::__func<std::__bind<void(bd01::event::KoopaMassBase::*&)(),bd01::event::KoopaMassBase*&>,std::allocator<std::__bind<void(bd01::event::KoopaMassBase::*&)(),bd01::event::KoopaMassBase*&>>,void()>	a	a	0		undefined destroy(void)
71001dcc68	4	destroy_deallocate	std::__function::__func<std::__bind<void(bd01::event::KoopaMassBase::*&)(),bd01::event::KoopaMassBase*&>,std::allocator<std::__bind<void(bd01::event::KoopaMassBase::*&)(),bd01::event::KoopaMassBase*&>>,void()>	a	a	0		undefined destroy_deallocate(__func<std::__bind<void(bd01::event::KoopaMassBase::*&)(),bd01::event::KoopaMassBase*&>,std::allocator<std::__bind<void(bd01::event::KoopaMassBase::*&)(),bd01::event::KoopaMassBase*&>>,void()> * this)
71001dcc6c	28	operator()	std::__function::__func<std::__bind<void(bd01::event::KoopaMassBase::*&)(),bd01::event::KoopaMassBase*&>,std::allocator<std::__bind<void(bd01::event::KoopaMassBase::*&)(),bd01::event::KoopaMassBase*&>>,void()>	a	a	0		undefined operator()(__func<std::__bind<void(bd01::event::KoopaMassBase::*&)(),bd01::event::KoopaMassBase*&>,std::allocator<std::__bind<void(bd01::event::KoopaMassBase::*&)(),bd01::event::KoopaMassBase*&>>,void()> * this)
71001dcc88	36	FUN_71001dcc88		d	a	0		undefined FUN_71001dcc88(__shared_weak_count * param_1)
71001dccd0	96	FUN_71001dccd0		d	a	0		undefined FUN_71001dccd0(long param_1)
71001dcd30	108	FUN_71001dcd30		d	a	0		undefined FUN_71001dcd30(void * param_1)
71001dcd9c	32	FUN_71001dcd9c		d	a	0		uint FUN_71001dcd9c(void)
71001dcdd0	36	FUN_71001dcdd0		d	a	0		undefined FUN_71001dcdd0(__shared_weak_count * param_1)
71001dce10	292	AddFiber<bd01::ActPlayerFall>	bq::act::Man	a	a	0		weak_ptr AddFiber<bd01::ActPlayerFall>(long * param_1_00, long * param_2, long param_3)
71001dcf78	36	~__shared_ptr_pointer	std::__shared_ptr_pointer<bq::act::FiberManHolder<bd01::ActPlayerFall>*,std::shared_ptr<bq::act::Base>::__shared_ptr_default_delete<bq::act::Base,bq::act::FiberManHolder<bd01::ActPlayerFall>>,std::allocator<bq::act::FiberManHolder<bd01::ActPlayerFall>>>	a	a	0		undefined ~__shared_ptr_pointer(__shared_ptr_pointer<bq::act::FiberManHolder<bd01::ActPlayerFall>*,std::shared_ptr<bq::act::Base>::__shared_ptr_default_delete<bq::act::Base,bq::act::FiberManHolder<bd01::ActPlayerFall>>,std::allocator<bq::act::FiberManHolder<bd01::ActPlayerFall>>> * this)
71001dcf9c	24	__on_zero_shared	std::__shared_ptr_pointer<bq::act::FiberManHolder<bd01::ActPlayerFall>*,std::shared_ptr<bq::act::Base>::__shared_ptr_default_delete<bq::act::Base,bq::act::FiberManHolder<bd01::ActPlayerFall>>,std::allocator<bq::act::FiberManHolder<bd01::ActPlayerFall>>>	a	a	0		undefined __on_zero_shared(__shared_ptr_pointer<bq::act::FiberManHolder<bd01::ActPlayerFall>*,std::shared_ptr<bq::act::Base>::__shared_ptr_default_delete<bq::act::Base,bq::act::FiberManHolder<bd01::ActPlayerFall>>,std::allocator<bq::act::FiberManHolder<bd01::ActPlayerFall>>> * this)
71001dcfb4	4	__on_zero_shared_weak	std::__shared_ptr_pointer<bq::act::FiberManHolder<bd01::ActPlayerFall>*,std::shared_ptr<bq::act::Base>::__shared_ptr_default_delete<bq::act::Base,bq::act::FiberManHolder<bd01::ActPlayerFall>>,std::allocator<bq::act::FiberManHolder<bd01::ActPlayerFall>>>	a	a	0		undefined __on_zero_shared_weak(__shared_ptr_pointer<bq::act::FiberManHolder<bd01::ActPlayerFall>*,std::shared_ptr<bq::act::Base>::__shared_ptr_default_delete<bq::act::Base,bq::act::FiberManHolder<bd01::ActPlayerFall>>,std::allocator<bq::act::FiberManHolder<bd01::ActPlayerFall>>> * this)
71001dcfc0	96	~FiberManHolder	bq::act::FiberManHolder<bd01::ActPlayerFall>	a	a	0		undefined ~FiberManHolder(FiberManHolder<bd01::ActPlayerFall> * this)
71001dd020	108	~FiberManHolder	bq::act::FiberManHolder<bd01::ActPlayerFall>	a	a	0		undefined ~FiberManHolder(FiberManHolder<bd01::ActPlayerFall> * this)
71001dd08c	32	IsProc	bq::act::FiberManHolder<bd01::ActPlayerFall>	a	a	0		uint IsProc(void)
71001dd0ac	12	IsObject	bq::act::FiberManHolder<bd01::ActPlayerFall>	a	a	0		undefined IsObject(long param_1)
71001dd0b8	8	SetPauseLevel	bq::act::FiberManHolder<bd01::ActPlayerFall>	a	a	0		undefined SetPauseLevel(long param_1)
71001dd0c0	36	~__shared_ptr_pointer	std::__shared_ptr_pointer<bd01::ActPlayerFall*,std::shared_ptr<bd01::ActPlayerFall>::__shared_ptr_default_delete<bd01::ActPlayerFall,bd01::ActPlayerFall>,std::allocator<bd01::ActPlayerFall>>	a	a	0		undefined ~__shared_ptr_pointer(__shared_ptr_pointer<bd01::ActPlayerFall*,std::shared_ptr<bd01::ActPlayerFall>::__shared_ptr_default_delete<bd01::ActPlayerFall,bd01::ActPlayerFall>,std::allocator<bd01::ActPlayerFall>> * this)
71001dd0e4	24	__on_zero_shared	std::__shared_ptr_pointer<bd01::ActPlayerFall*,std::shared_ptr<bd01::ActPlayerFall>::__shared_ptr_default_delete<bd01::ActPlayerFall,bd01::ActPlayerFall>,std::allocator<bd01::ActPlayerFall>>	a	a	0		undefined __on_zero_shared(__shared_ptr_pointer<bd01::ActPlayerFall*,std::shared_ptr<bd01::ActPlayerFall>::__shared_ptr_default_delete<bd01::ActPlayerFall,bd01::ActPlayerFall>,std::allocator<bd01::ActPlayerFall>> * this)
71001dd0fc	4	__on_zero_shared_weak	std::__shared_ptr_pointer<bd01::ActPlayerFall*,std::shared_ptr<bd01::ActPlayerFall>::__shared_ptr_default_delete<bd01::ActPlayerFall,bd01::ActPlayerFall>,std::allocator<bd01::ActPlayerFall>>	a	a	0		undefined __on_zero_shared_weak(__shared_ptr_pointer<bd01::ActPlayerFall*,std::shared_ptr<bd01::ActPlayerFall>::__shared_ptr_default_delete<bd01::ActPlayerFall,bd01::ActPlayerFall>,std::allocator<bd01::ActPlayerFall>> * this)
71001dd100	36	FUN_71001dd100		d	a	0		undefined FUN_71001dd100(__shared_weak_count * param_1)
71001dd140	96	FUN_71001dd140		d	a	0		undefined FUN_71001dd140(long param_1)
71001dd1a0	108	FUN_71001dd1a0		d	a	0		undefined FUN_71001dd1a0(void * param_1)
71001dd20c	32	FUN_71001dd20c		d	a	0		uint FUN_71001dd20c(void)
71001dd240	36	FUN_71001dd240		d	a	0		undefined FUN_71001dd240(__shared_weak_count * param_1)
71001dd280	36	FUN_71001dd280		d	a	0		undefined FUN_71001dd280(__shared_weak_count * param_1)
71001dd2c0	96	FUN_71001dd2c0		d	a	0		undefined FUN_71001dd2c0(long param_1)
71001dd320	108	FUN_71001dd320		d	a	0		undefined FUN_71001dd320(void * param_1)
71001dd38c	32	FUN_71001dd38c		d	a	0		uint FUN_71001dd38c(void)
71001dd3c0	36	FUN_71001dd3c0		d	a	0		undefined FUN_71001dd3c0(__shared_weak_count * param_1)
71001dd400	292	AddFiber<bd01::event::ActTornadoIn>	bq::act::Man	a	a	0		weak_ptr AddFiber<bd01::event::ActTornadoIn>(long * param_1_00, long * param_2, long param_3)
71001dd568	36	~__shared_ptr_pointer	std::__shared_ptr_pointer<bq::act::FiberManHolder<bd01::event::ActTornadoIn>*,std::shared_ptr<bq::act::Base>::__shared_ptr_default_delete<bq::act::Base,bq::act::FiberManHolder<bd01::event::ActTornadoIn>>,std::allocator<bq::act::FiberManHolder<bd01::event::ActTornadoIn>>>	a	a	0		undefined ~__shared_ptr_pointer(__shared_ptr_pointer<bq::act::FiberManHolder<bd01::event::ActTornadoIn>*,std::shared_ptr<bq::act::Base>::__shared_ptr_default_delete<bq::act::Base,bq::act::FiberManHolder<bd01::event::ActTornadoIn>>,std::allocator<bq::act::FiberManHolder<bd01::event::ActTornadoIn>>> * this)
71001dd58c	24	__on_zero_shared	std::__shared_ptr_pointer<bq::act::FiberManHolder<bd01::event::ActTornadoIn>*,std::shared_ptr<bq::act::Base>::__shared_ptr_default_delete<bq::act::Base,bq::act::FiberManHolder<bd01::event::ActTornadoIn>>,std::allocator<bq::act::FiberManHolder<bd01::event::ActTornadoIn>>>	a	a	0		undefined __on_zero_shared(__shared_ptr_pointer<bq::act::FiberManHolder<bd01::event::ActTornadoIn>*,std::shared_ptr<bq::act::Base>::__shared_ptr_default_delete<bq::act::Base,bq::act::FiberManHolder<bd01::event::ActTornadoIn>>,std::allocator<bq::act::FiberManHolder<bd01::event::ActTornadoIn>>> * this)
71001dd5a4	4	__on_zero_shared_weak	std::__shared_ptr_pointer<bq::act::FiberManHolder<bd01::event::ActTornadoIn>*,std::shared_ptr<bq::act::Base>::__shared_ptr_default_delete<bq::act::Base,bq::act::FiberManHolder<bd01::event::ActTornadoIn>>,std::allocator<bq::act::FiberManHolder<bd01::event::ActTornadoIn>>>	a	a	0		undefined __on_zero_shared_weak(__shared_ptr_pointer<bq::act::FiberManHolder<bd01::event::ActTornadoIn>*,std::shared_ptr<bq::act::Base>::__shared_ptr_default_delete<bq::act::Base,bq::act::FiberManHolder<bd01::event::ActTornadoIn>>,std::allocator<bq::act::FiberManHolder<bd01::event::ActTornadoIn>>> * this)
71001dd5b0	96	~FiberManHolder	bq::act::FiberManHolder<bd01::event::ActTornadoIn>	a	a	0		undefined ~FiberManHolder(FiberManHolder<bd01::event::ActTornadoIn> * this)
71001dd610	108	~FiberManHolder	bq::act::FiberManHolder<bd01::event::ActTornadoIn>	a	a	0		undefined ~FiberManHolder(FiberManHolder<bd01::event::ActTornadoIn> * this)
71001dd67c	32	IsProc	bq::act::FiberManHolder<bd01::event::ActTornadoIn>	a	a	0		uint IsProc(void)
71001dd69c	12	IsObject	bq::act::FiberManHolder<bd01::event::ActTornadoIn>	a	a	0		undefined IsObject(long param_1)
71001dd6a8	8	SetPauseLevel	bq::act::FiberManHolder<bd01::event::ActTornadoIn>	a	a	0		undefined SetPauseLevel(long param_1)
71001dd6b0	36	~__shared_ptr_pointer	std::__shared_ptr_pointer<bd01::event::ActTornadoIn*,std::shared_ptr<bd01::event::ActTornadoIn>::__shared_ptr_default_delete<bd01::event::ActTornadoIn,bd01::event::ActTornadoIn>,std::allocator<bd01::event::ActTornadoIn>>	a	a	0		undefined ~__shared_ptr_pointer(__shared_ptr_pointer<bd01::event::ActTornadoIn*,std::shared_ptr<bd01::event::ActTornadoIn>::__shared_ptr_default_delete<bd01::event::ActTornadoIn,bd01::event::ActTornadoIn>,std::allocator<bd01::event::ActTornadoIn>> * this)
71001dd6d4	24	__on_zero_shared	std::__shared_ptr_pointer<bd01::event::ActTornadoIn*,std::shared_ptr<bd01::event::ActTornadoIn>::__shared_ptr_default_delete<bd01::event::ActTornadoIn,bd01::event::ActTornadoIn>,std::allocator<bd01::event::ActTornadoIn>>	a	a	0		undefined __on_zero_shared(__shared_ptr_pointer<bd01::event::ActTornadoIn*,std::shared_ptr<bd01::event::ActTornadoIn>::__shared_ptr_default_delete<bd01::event::ActTornadoIn,bd01::event::ActTornadoIn>,std::allocator<bd01::event::ActTornadoIn>> * this)
71001dd6ec	4	__on_zero_shared_weak	std::__shared_ptr_pointer<bd01::event::ActTornadoIn*,std::shared_ptr<bd01::event::ActTornadoIn>::__shared_ptr_default_delete<bd01::event::ActTornadoIn,bd01::event::ActTornadoIn>,std::allocator<bd01::event::ActTornadoIn>>	a	a	0		undefined __on_zero_shared_weak(__shared_ptr_pointer<bd01::event::ActTornadoIn*,std::shared_ptr<bd01::event::ActTornadoIn>::__shared_ptr_default_delete<bd01::event::ActTornadoIn,bd01::event::ActTornadoIn>,std::allocator<bd01::event::ActTornadoIn>> * this)
71001dd6f0	292	AddFiber<bd01::event::ActTornadoRise>	bq::act::Man	a	a	0		weak_ptr AddFiber<bd01::event::ActTornadoRise>(long * param_1_00, long * param_2, long param_3)
71001dd858	36	~__shared_ptr_pointer	std::__shared_ptr_pointer<bq::act::FiberManHolder<bd01::event::ActTornadoRise>*,std::shared_ptr<bq::act::Base>::__shared_ptr_default_delete<bq::act::Base,bq::act::FiberManHolder<bd01::event::ActTornadoRise>>,std::allocator<bq::act::FiberManHolder<bd01::event::ActTornadoRise>>>	a	a	0		undefined ~__shared_ptr_pointer(__shared_ptr_pointer<bq::act::FiberManHolder<bd01::event::ActTornadoRise>*,std::shared_ptr<bq::act::Base>::__shared_ptr_default_delete<bq::act::Base,bq::act::FiberManHolder<bd01::event::ActTornadoRise>>,std::allocator<bq::act::FiberManHolder<bd01::event::ActTornadoRise>>> * this)
71001dd87c	24	__on_zero_shared	std::__shared_ptr_pointer<bq::act::FiberManHolder<bd01::event::ActTornadoRise>*,std::shared_ptr<bq::act::Base>::__shared_ptr_default_delete<bq::act::Base,bq::act::FiberManHolder<bd01::event::ActTornadoRise>>,std::allocator<bq::act::FiberManHolder<bd01::event::ActTornadoRise>>>	a	a	0		undefined __on_zero_shared(__shared_ptr_pointer<bq::act::FiberManHolder<bd01::event::ActTornadoRise>*,std::shared_ptr<bq::act::Base>::__shared_ptr_default_delete<bq::act::Base,bq::act::FiberManHolder<bd01::event::ActTornadoRise>>,std::allocator<bq::act::FiberManHolder<bd01::event::ActTornadoRise>>> * this)
71001dd894	4	__on_zero_shared_weak	std::__shared_ptr_pointer<bq::act::FiberManHolder<bd01::event::ActTornadoRise>*,std::shared_ptr<bq::act::Base>::__shared_ptr_default_delete<bq::act::Base,bq::act::FiberManHolder<bd01::event::ActTornadoRise>>,std::allocator<bq::act::FiberManHolder<bd01::event::ActTornadoRise>>>	a	a	0		undefined __on_zero_shared_weak(__shared_ptr_pointer<bq::act::FiberManHolder<bd01::event::ActTornadoRise>*,std::shared_ptr<bq::act::Base>::__shared_ptr_default_delete<bq::act::Base,bq::act::FiberManHolder<bd01::event::ActTornadoRise>>,std::allocator<bq::act::FiberManHolder<bd01::event::ActTornadoRise>>> * this)
71001dd8a0	96	~FiberManHolder	bq::act::FiberManHolder<bd01::event::ActTornadoRise>	a	a	0		undefined ~FiberManHolder(FiberManHolder<bd01::event::ActTornadoRise> * this)
71001dd900	108	~FiberManHolder	bq::act::FiberManHolder<bd01::event::ActTornadoRise>	a	a	0		undefined ~FiberManHolder(FiberManHolder<bd01::event::ActTornadoRise> * this)
71001dd96c	32	IsProc	bq::act::FiberManHolder<bd01::event::ActTornadoRise>	a	a	0		uint IsProc(void)
71001dd98c	12	IsObject	bq::act::FiberManHolder<bd01::event::ActTornadoRise>	a	a	0		undefined IsObject(long param_1)
71001dd998	8	SetPauseLevel	bq::act::FiberManHolder<bd01::event::ActTornadoRise>	a	a	0		undefined SetPauseLevel(long param_1)
71001dd9a0	36	~__shared_ptr_pointer	std::__shared_ptr_pointer<bd01::event::ActTornadoRise*,std::shared_ptr<bd01::event::ActTornadoRise>::__shared_ptr_default_delete<bd01::event::ActTornadoRise,bd01::event::ActTornadoRise>,std::allocator<bd01::event::ActTornadoRise>>	a	a	0		undefined ~__shared_ptr_pointer(__shared_ptr_pointer<bd01::event::ActTornadoRise*,std::shared_ptr<bd01::event::ActTornadoRise>::__shared_ptr_default_delete<bd01::event::ActTornadoRise,bd01::event::ActTornadoRise>,std::allocator<bd01::event::ActTornadoRise>> * this)
71001dd9c4	24	__on_zero_shared	std::__shared_ptr_pointer<bd01::event::ActTornadoRise*,std::shared_ptr<bd01::event::ActTornadoRise>::__shared_ptr_default_delete<bd01::event::ActTornadoRise,bd01::event::ActTornadoRise>,std::allocator<bd01::event::ActTornadoRise>>	a	a	0		undefined __on_zero_shared(__shared_ptr_pointer<bd01::event::ActTornadoRise*,std::shared_ptr<bd01::event::ActTornadoRise>::__shared_ptr_default_delete<bd01::event::ActTornadoRise,bd01::event::ActTornadoRise>,std::allocator<bd01::event::ActTornadoRise>> * this)
71001dd9dc	4	__on_zero_shared_weak	std::__shared_ptr_pointer<bd01::event::ActTornadoRise*,std::shared_ptr<bd01::event::ActTornadoRise>::__shared_ptr_default_delete<bd01::event::ActTornadoRise,bd01::event::ActTornadoRise>,std::allocator<bd01::event::ActTornadoRise>>	a	a	0		undefined __on_zero_shared_weak(__shared_ptr_pointer<bd01::event::ActTornadoRise*,std::shared_ptr<bd01::event::ActTornadoRise>::__shared_ptr_default_delete<bd01::event::ActTornadoRise,bd01::event::ActTornadoRise>,std::allocator<bd01::event::ActTornadoRise>> * this)
71001dd9e0	292	AddFiber<bd01::event::ActTornadoOut>	bq::act::Man	a	a	0		weak_ptr AddFiber<bd01::event::ActTornadoOut>(long * param_1_00, long * param_2, long param_3)
71001ddb48	36	~__shared_ptr_pointer	std::__shared_ptr_pointer<bq::act::FiberManHolder<bd01::event::ActTornadoOut>*,std::shared_ptr<bq::act::Base>::__shared_ptr_default_delete<bq::act::Base,bq::act::FiberManHolder<bd01::event::ActTornadoOut>>,std::allocator<bq::act::FiberManHolder<bd01::event::ActTornadoOut>>>	a	a	0		undefined ~__shared_ptr_pointer(__shared_ptr_pointer<bq::act::FiberManHolder<bd01::event::ActTornadoOut>*,std::shared_ptr<bq::act::Base>::__shared_ptr_default_delete<bq::act::Base,bq::act::FiberManHolder<bd01::event::ActTornadoOut>>,std::allocator<bq::act::FiberManHolder<bd01::event::ActTornadoOut>>> * this)
71001ddb6c	24	__on_zero_shared	std::__shared_ptr_pointer<bq::act::FiberManHolder<bd01::event::ActTornadoOut>*,std::shared_ptr<bq::act::Base>::__shared_ptr_default_delete<bq::act::Base,bq::act::FiberManHolder<bd01::event::ActTornadoOut>>,std::allocator<bq::act::FiberManHolder<bd01::event::ActTornadoOut>>>	a	a	0		undefined __on_zero_shared(__shared_ptr_pointer<bq::act::FiberManHolder<bd01::event::ActTornadoOut>*,std::shared_ptr<bq::act::Base>::__shared_ptr_default_delete<bq::act::Base,bq::act::FiberManHolder<bd01::event::ActTornadoOut>>,std::allocator<bq::act::FiberManHolder<bd01::event::ActTornadoOut>>> * this)
71001ddb84	4	__on_zero_shared_weak	std::__shared_ptr_pointer<bq::act::FiberManHolder<bd01::event::ActTornadoOut>*,std::shared_ptr<bq::act::Base>::__shared_ptr_default_delete<bq::act::Base,bq::act::FiberManHolder<bd01::event::ActTornadoOut>>,std::allocator<bq::act::FiberManHolder<bd01::event::ActTornadoOut>>>	a	a	0		undefined __on_zero_shared_weak(__shared_ptr_pointer<bq::act::FiberManHolder<bd01::event::ActTornadoOut>*,std::shared_ptr<bq::act::Base>::__shared_ptr_default_delete<bq::act::Base,bq::act::FiberManHolder<bd01::event::ActTornadoOut>>,std::allocator<bq::act::FiberManHolder<bd01::event::ActTornadoOut>>> * this)
71001ddb90	96	~FiberManHolder	bq::act::FiberManHolder<bd01::event::ActTornadoOut>	a	a	0		undefined ~FiberManHolder(FiberManHolder<bd01::event::ActTornadoOut> * this)
71001ddbf0	108	~FiberManHolder	bq::act::FiberManHolder<bd01::event::ActTornadoOut>	a	a	0		undefined ~FiberManHolder(FiberManHolder<bd01::event::ActTornadoOut> * this)
71001ddc5c	32	IsProc	bq::act::FiberManHolder<bd01::event::ActTornadoOut>	a	a	0		uint IsProc(void)
71001ddc7c	12	IsObject	bq::act::FiberManHolder<bd01::event::ActTornadoOut>	a	a	0		undefined IsObject(long param_1)
71001ddc88	8	SetPauseLevel	bq::act::FiberManHolder<bd01::event::ActTornadoOut>	a	a	0		undefined SetPauseLevel(long param_1)
71001ddc90	36	~__shared_ptr_pointer	std::__shared_ptr_pointer<bd01::event::ActTornadoOut*,std::shared_ptr<bd01::event::ActTornadoOut>::__shared_ptr_default_delete<bd01::event::ActTornadoOut,bd01::event::ActTornadoOut>,std::allocator<bd01::event::ActTornadoOut>>	a	a	0		undefined ~__shared_ptr_pointer(__shared_ptr_pointer<bd01::event::ActTornadoOut*,std::shared_ptr<bd01::event::ActTornadoOut>::__shared_ptr_default_delete<bd01::event::ActTornadoOut,bd01::event::ActTornadoOut>,std::allocator<bd01::event::ActTornadoOut>> * this)
71001ddcb4	24	__on_zero_shared	std::__shared_ptr_pointer<bd01::event::ActTornadoOut*,std::shared_ptr<bd01::event::ActTornadoOut>::__shared_ptr_default_delete<bd01::event::ActTornadoOut,bd01::event::ActTornadoOut>,std::allocator<bd01::event::ActTornadoOut>>	a	a	0		undefined __on_zero_shared(__shared_ptr_pointer<bd01::event::ActTornadoOut*,std::shared_ptr<bd01::event::ActTornadoOut>::__shared_ptr_default_delete<bd01::event::ActTornadoOut,bd01::event::ActTornadoOut>,std::allocator<bd01::event::ActTornadoOut>> * this)
71001ddccc	4	__on_zero_shared_weak	std::__shared_ptr_pointer<bd01::event::ActTornadoOut*,std::shared_ptr<bd01::event::ActTornadoOut>::__shared_ptr_default_delete<bd01::event::ActTornadoOut,bd01::event::ActTornadoOut>,std::allocator<bd01::event::ActTornadoOut>>	a	a	0		undefined __on_zero_shared_weak(__shared_ptr_pointer<bd01::event::ActTornadoOut*,std::shared_ptr<bd01::event::ActTornadoOut>::__shared_ptr_default_delete<bd01::event::ActTornadoOut,bd01::event::ActTornadoOut>,std::allocator<bd01::event::ActTornadoOut>> * this)
71001ddcd0	36	FUN_71001ddcd0		d	a	0		undefined FUN_71001ddcd0(__shared_weak_count * param_1)
71001ddd10	96	FUN_71001ddd10		d	a	0		undefined FUN_71001ddd10(long param_1)
71001ddd70	108	FUN_71001ddd70		d	a	0		undefined FUN_71001ddd70(void * param_1)
71001ddddc	32	FUN_71001ddddc		d	a	0		uint FUN_71001ddddc(void)
71001dde10	36	FUN_71001dde10		d	a	0		undefined FUN_71001dde10(__shared_weak_count * param_1)
71001dde50	36	FUN_71001dde50		d	a	0		undefined FUN_71001dde50(__shared_weak_count * param_1)
71001dde90	96	FUN_71001dde90		d	a	0		undefined FUN_71001dde90(long param_1)
71001ddef0	108	FUN_71001ddef0		d	a	0		undefined FUN_71001ddef0(void * param_1)
71001ddf5c	32	FUN_71001ddf5c		d	a	0		uint FUN_71001ddf5c(void)
71001ddf90	36	FUN_71001ddf90		d	a	0		undefined FUN_71001ddf90(__shared_weak_count * param_1)
71001ddfd0	292	AddFiber<bd01::event::ActTornadoFall>	bq::act::Man	a	a	0		weak_ptr AddFiber<bd01::event::ActTornadoFall>(long * param_1_00, long * param_2, long param_3)
71001de138	36	~__shared_ptr_pointer	std::__shared_ptr_pointer<bq::act::FiberManHolder<bd01::event::ActTornadoFall>*,std::shared_ptr<bq::act::Base>::__shared_ptr_default_delete<bq::act::Base,bq::act::FiberManHolder<bd01::event::ActTornadoFall>>,std::allocator<bq::act::FiberManHolder<bd01::event::ActTornadoFall>>>	a	a	0		undefined ~__shared_ptr_pointer(__shared_ptr_pointer<bq::act::FiberManHolder<bd01::event::ActTornadoFall>*,std::shared_ptr<bq::act::Base>::__shared_ptr_default_delete<bq::act::Base,bq::act::FiberManHolder<bd01::event::ActTornadoFall>>,std::allocator<bq::act::FiberManHolder<bd01::event::ActTornadoFall>>> * this)
71001de15c	24	__on_zero_shared	std::__shared_ptr_pointer<bq::act::FiberManHolder<bd01::event::ActTornadoFall>*,std::shared_ptr<bq::act::Base>::__shared_ptr_default_delete<bq::act::Base,bq::act::FiberManHolder<bd01::event::ActTornadoFall>>,std::allocator<bq::act::FiberManHolder<bd01::event::ActTornadoFall>>>	a	a	0		undefined __on_zero_shared(__shared_ptr_pointer<bq::act::FiberManHolder<bd01::event::ActTornadoFall>*,std::shared_ptr<bq::act::Base>::__shared_ptr_default_delete<bq::act::Base,bq::act::FiberManHolder<bd01::event::ActTornadoFall>>,std::allocator<bq::act::FiberManHolder<bd01::event::ActTornadoFall>>> * this)
71001de174	4	__on_zero_shared_weak	std::__shared_ptr_pointer<bq::act::FiberManHolder<bd01::event::ActTornadoFall>*,std::shared_ptr<bq::act::Base>::__shared_ptr_default_delete<bq::act::Base,bq::act::FiberManHolder<bd01::event::ActTornadoFall>>,std::allocator<bq::act::FiberManHolder<bd01::event::ActTornadoFall>>>	a	a	0		undefined __on_zero_shared_weak(__shared_ptr_pointer<bq::act::FiberManHolder<bd01::event::ActTornadoFall>*,std::shared_ptr<bq::act::Base>::__shared_ptr_default_delete<bq::act::Base,bq::act::FiberManHolder<bd01::event::ActTornadoFall>>,std::allocator<bq::act::FiberManHolder<bd01::event::ActTornadoFall>>> * this)
71001de180	96	~FiberManHolder	bq::act::FiberManHolder<bd01::event::ActTornadoFall>	a	a	0		undefined ~FiberManHolder(FiberManHolder<bd01::event::ActTornadoFall> * this)
71001de1e0	108	~FiberManHolder	bq::act::FiberManHolder<bd01::event::ActTornadoFall>	a	a	0		undefined ~FiberManHolder(FiberManHolder<bd01::event::ActTornadoFall> * this)
71001de24c	32	IsProc	bq::act::FiberManHolder<bd01::event::ActTornadoFall>	a	a	0		uint IsProc(void)
71001de26c	12	IsObject	bq::act::FiberManHolder<bd01::event::ActTornadoFall>	a	a	0		undefined IsObject(long param_1)
71001de278	8	SetPauseLevel	bq::act::FiberManHolder<bd01::event::ActTornadoFall>	a	a	0		undefined SetPauseLevel(long param_1)
71001de280	36	~__shared_ptr_pointer	std::__shared_ptr_pointer<bd01::event::ActTornadoFall*,std::shared_ptr<bd01::event::ActTornadoFall>::__shared_ptr_default_delete<bd01::event::ActTornadoFall,bd01::event::ActTornadoFall>,std::allocator<bd01::event::ActTornadoFall>>	a	a	0		undefined ~__shared_ptr_pointer(__shared_ptr_pointer<bd01::event::ActTornadoFall*,std::shared_ptr<bd01::event::ActTornadoFall>::__shared_ptr_default_delete<bd01::event::ActTornadoFall,bd01::event::ActTornadoFall>,std::allocator<bd01::event::ActTornadoFall>> * this)
71001de2a4	24	__on_zero_shared	std::__shared_ptr_pointer<bd01::event::ActTornadoFall*,std::shared_ptr<bd01::event::ActTornadoFall>::__shared_ptr_default_delete<bd01::event::ActTornadoFall,bd01::event::ActTornadoFall>,std::allocator<bd01::event::ActTornadoFall>>	a	a	0		undefined __on_zero_shared(__shared_ptr_pointer<bd01::event::ActTornadoFall*,std::shared_ptr<bd01::event::ActTornadoFall>::__shared_ptr_default_delete<bd01::event::ActTornadoFall,bd01::event::ActTornadoFall>,std::allocator<bd01::event::ActTornadoFall>> * this)
71001de2bc	4	__on_zero_shared_weak	std::__shared_ptr_pointer<bd01::event::ActTornadoFall*,std::shared_ptr<bd01::event::ActTornadoFall>::__shared_ptr_default_delete<bd01::event::ActTornadoFall,bd01::event::ActTornadoFall>,std::allocator<bd01::event::ActTornadoFall>>	a	a	0		undefined __on_zero_shared_weak(__shared_ptr_pointer<bd01::event::ActTornadoFall*,std::shared_ptr<bd01::event::ActTornadoFall>::__shared_ptr_default_delete<bd01::event::ActTornadoFall,bd01::event::ActTornadoFall>,std::allocator<bd01::event::ActTornadoFall>> * this)
71001de2c0	292	AddFiber<bd01::event::ScreenCrash>	bq::act::Man	a	a	0		weak_ptr AddFiber<bd01::event::ScreenCrash>(long * param_1_00, long * param_2, long param_3)
71001de428	36	~__shared_ptr_pointer	std::__shared_ptr_pointer<bq::act::FiberManHolder<bd01::event::ScreenCrash>*,std::shared_ptr<bq::act::Base>::__shared_ptr_default_delete<bq::act::Base,bq::act::FiberManHolder<bd01::event::ScreenCrash>>,std::allocator<bq::act::FiberManHolder<bd01::event::ScreenCrash>>>	a	a	0		undefined ~__shared_ptr_pointer(__shared_ptr_pointer<bq::act::FiberManHolder<bd01::event::ScreenCrash>*,std::shared_ptr<bq::act::Base>::__shared_ptr_default_delete<bq::act::Base,bq::act::FiberManHolder<bd01::event::ScreenCrash>>,std::allocator<bq::act::FiberManHolder<bd01::event::ScreenCrash>>> * this)
71001de44c	24	__on_zero_shared	std::__shared_ptr_pointer<bq::act::FiberManHolder<bd01::event::ScreenCrash>*,std::shared_ptr<bq::act::Base>::__shared_ptr_default_delete<bq::act::Base,bq::act::FiberManHolder<bd01::event::ScreenCrash>>,std::allocator<bq::act::FiberManHolder<bd01::event::ScreenCrash>>>	a	a	0		undefined __on_zero_shared(__shared_ptr_pointer<bq::act::FiberManHolder<bd01::event::ScreenCrash>*,std::shared_ptr<bq::act::Base>::__shared_ptr_default_delete<bq::act::Base,bq::act::FiberManHolder<bd01::event::ScreenCrash>>,std::allocator<bq::act::FiberManHolder<bd01::event::ScreenCrash>>> * this)
71001de464	4	__on_zero_shared_weak	std::__shared_ptr_pointer<bq::act::FiberManHolder<bd01::event::ScreenCrash>*,std::shared_ptr<bq::act::Base>::__shared_ptr_default_delete<bq::act::Base,bq::act::FiberManHolder<bd01::event::ScreenCrash>>,std::allocator<bq::act::FiberManHolder<bd01::event::ScreenCrash>>>	a	a	0		undefined __on_zero_shared_weak(__shared_ptr_pointer<bq::act::FiberManHolder<bd01::event::ScreenCrash>*,std::shared_ptr<bq::act::Base>::__shared_ptr_default_delete<bq::act::Base,bq::act::FiberManHolder<bd01::event::ScreenCrash>>,std::allocator<bq::act::FiberManHolder<bd01::event::ScreenCrash>>> * this)
71001de470	96	~FiberManHolder	bq::act::FiberManHolder<bd01::event::ScreenCrash>	a	a	0		undefined ~FiberManHolder(FiberManHolder<bd01::event::ScreenCrash> * this)
71001de4d0	108	~FiberManHolder	bq::act::FiberManHolder<bd01::event::ScreenCrash>	a	a	0		undefined ~FiberManHolder(FiberManHolder<bd01::event::ScreenCrash> * this)
71001de53c	32	IsProc	bq::act::FiberManHolder<bd01::event::ScreenCrash>	a	a	0		uint IsProc(void)
71001de55c	12	IsObject	bq::act::FiberManHolder<bd01::event::ScreenCrash>	a	a	0		undefined IsObject(long param_1)
71001de568	8	SetPauseLevel	bq::act::FiberManHolder<bd01::event::ScreenCrash>	a	a	0		undefined SetPauseLevel(long param_1)
71001de570	36	~__shared_ptr_pointer	std::__shared_ptr_pointer<bd01::event::ScreenCrash*,std::shared_ptr<bd01::event::ScreenCrash>::__shared_ptr_default_delete<bd01::event::ScreenCrash,bd01::event::ScreenCrash>,std::allocator<bd01::event::ScreenCrash>>	a	a	0		undefined ~__shared_ptr_pointer(__shared_ptr_pointer<bd01::event::ScreenCrash*,std::shared_ptr<bd01::event::ScreenCrash>::__shared_ptr_default_delete<bd01::event::ScreenCrash,bd01::event::ScreenCrash>,std::allocator<bd01::event::ScreenCrash>> * this)
71001de594	24	__on_zero_shared	std::__shared_ptr_pointer<bd01::event::ScreenCrash*,std::shared_ptr<bd01::event::ScreenCrash>::__shared_ptr_default_delete<bd01::event::ScreenCrash,bd01::event::ScreenCrash>,std::allocator<bd01::event::ScreenCrash>>	a	a	0		undefined __on_zero_shared(__shared_ptr_pointer<bd01::event::ScreenCrash*,std::shared_ptr<bd01::event::ScreenCrash>::__shared_ptr_default_delete<bd01::event::ScreenCrash,bd01::event::ScreenCrash>,std::allocator<bd01::event::ScreenCrash>> * this)
71001de5ac	4	__on_zero_shared_weak	std::__shared_ptr_pointer<bd01::event::ScreenCrash*,std::shared_ptr<bd01::event::ScreenCrash>::__shared_ptr_default_delete<bd01::event::ScreenCrash,bd01::event::ScreenCrash>,std::allocator<bd01::event::ScreenCrash>>	a	a	0		undefined __on_zero_shared_weak(__shared_ptr_pointer<bd01::event::ScreenCrash*,std::shared_ptr<bd01::event::ScreenCrash>::__shared_ptr_default_delete<bd01::event::ScreenCrash,bd01::event::ScreenCrash>,std::allocator<bd01::event::ScreenCrash>> * this)
71001de5b4	52	FUN_71001de5b4		d	a	0		undefined FUN_71001de5b4(long param_1)
71001de5e8	24	FUN_71001de5e8		d	a	0		undefined FUN_71001de5e8(long param_1, undefined8 * param_2)
71001de600	4	FUN_71001de600		d	a	0		undefined FUN_71001de600(void)
71001de604	4	operator.delete	<EXTERNAL>	d	a	1		void operator.delete(void * param_1)
71001de608	168	FUN_71001de608		d	a	0		undefined FUN_71001de608(long param_1)
71001de6b4	52	FUN_71001de6b4		d	a	0		undefined FUN_71001de6b4(long param_1)
71001de700	4	FUN_71001de700		d	a	0		undefined FUN_71001de700(void)
71001de704	4	operator.delete	<EXTERNAL>	d	a	1		void operator.delete(void * param_1)
71001de760	292	AddFiber<bd01::event::ActCoinKoopaMass>	bq::act::Man	a	a	0		weak_ptr AddFiber<bd01::event::ActCoinKoopaMass>(long * param_1_00, long * param_2, long param_3)
71001de8c8	36	~__shared_ptr_pointer	std::__shared_ptr_pointer<bq::act::FiberManHolder<bd01::event::ActCoinKoopaMass>*,std::shared_ptr<bq::act::Base>::__shared_ptr_default_delete<bq::act::Base,bq::act::FiberManHolder<bd01::event::ActCoinKoopaMass>>,std::allocator<bq::act::FiberManHolder<bd01::event::ActCoinKoopaMass>>>	a	a	0		undefined ~__shared_ptr_pointer(__shared_ptr_pointer<bq::act::FiberManHolder<bd01::event::ActCoinKoopaMass>*,std::shared_ptr<bq::act::Base>::__shared_ptr_default_delete<bq::act::Base,bq::act::FiberManHolder<bd01::event::ActCoinKoopaMass>>,std::allocator<bq::act::FiberManHolder<bd01::event::ActCoinKoopaMass>>> * this)
71001de8ec	24	__on_zero_shared	std::__shared_ptr_pointer<bq::act::FiberManHolder<bd01::event::ActCoinKoopaMass>*,std::shared_ptr<bq::act::Base>::__shared_ptr_default_delete<bq::act::Base,bq::act::FiberManHolder<bd01::event::ActCoinKoopaMass>>,std::allocator<bq::act::FiberManHolder<bd01::event::ActCoinKoopaMass>>>	a	a	0		undefined __on_zero_shared(__shared_ptr_pointer<bq::act::FiberManHolder<bd01::event::ActCoinKoopaMass>*,std::shared_ptr<bq::act::Base>::__shared_ptr_default_delete<bq::act::Base,bq::act::FiberManHolder<bd01::event::ActCoinKoopaMass>>,std::allocator<bq::act::FiberManHolder<bd01::event::ActCoinKoopaMass>>> * this)
71001de904	4	__on_zero_shared_weak	std::__shared_ptr_pointer<bq::act::FiberManHolder<bd01::event::ActCoinKoopaMass>*,std::shared_ptr<bq::act::Base>::__shared_ptr_default_delete<bq::act::Base,bq::act::FiberManHolder<bd01::event::ActCoinKoopaMass>>,std::allocator<bq::act::FiberManHolder<bd01::event::ActCoinKoopaMass>>>	a	a	0		undefined __on_zero_shared_weak(__shared_ptr_pointer<bq::act::FiberManHolder<bd01::event::ActCoinKoopaMass>*,std::shared_ptr<bq::act::Base>::__shared_ptr_default_delete<bq::act::Base,bq::act::FiberManHolder<bd01::event::ActCoinKoopaMass>>,std::allocator<bq::act::FiberManHolder<bd01::event::ActCoinKoopaMass>>> * this)
71001de910	96	~FiberManHolder	bq::act::FiberManHolder<bd01::event::ActCoinKoopaMass>	a	a	0		undefined ~FiberManHolder(FiberManHolder<bd01::event::ActCoinKoopaMass> * this)
71001de970	108	~FiberManHolder	bq::act::FiberManHolder<bd01::event::ActCoinKoopaMass>	a	a	0		undefined ~FiberManHolder(FiberManHolder<bd01::event::ActCoinKoopaMass> * this)
71001de9dc	32	IsProc	bq::act::FiberManHolder<bd01::event::ActCoinKoopaMass>	a	a	0		uint IsProc(void)
71001de9fc	12	IsObject	bq::act::FiberManHolder<bd01::event::ActCoinKoopaMass>	a	a	0		undefined IsObject(long param_1)
71001dea08	8	SetPauseLevel	bq::act::FiberManHolder<bd01::event::ActCoinKoopaMass>	a	a	0		undefined SetPauseLevel(long param_1)
71001dea10	36	~__shared_ptr_pointer	std::__shared_ptr_pointer<bd01::event::ActCoinKoopaMass*,std::shared_ptr<bd01::event::ActCoinKoopaMass>::__shared_ptr_default_delete<bd01::event::ActCoinKoopaMass,bd01::event::ActCoinKoopaMass>,std::allocator<bd01::event::ActCoinKoopaMass>>	a	a	0		undefined ~__shared_ptr_pointer(__shared_ptr_pointer<bd01::event::ActCoinKoopaMass*,std::shared_ptr<bd01::event::ActCoinKoopaMass>::__shared_ptr_default_delete<bd01::event::ActCoinKoopaMass,bd01::event::ActCoinKoopaMass>,std::allocator<bd01::event::ActCoinKoopaMass>> * this)
71001dea34	24	__on_zero_shared	std::__shared_ptr_pointer<bd01::event::ActCoinKoopaMass*,std::shared_ptr<bd01::event::ActCoinKoopaMass>::__shared_ptr_default_delete<bd01::event::ActCoinKoopaMass,bd01::event::ActCoinKoopaMass>,std::allocator<bd01::event::ActCoinKoopaMass>>	a	a	0		undefined __on_zero_shared(__shared_ptr_pointer<bd01::event::ActCoinKoopaMass*,std::shared_ptr<bd01::event::ActCoinKoopaMass>::__shared_ptr_default_delete<bd01::event::ActCoinKoopaMass,bd01::event::ActCoinKoopaMass>,std::allocator<bd01::event::ActCoinKoopaMass>> * this)
71001dea4c	4	__on_zero_shared_weak	std::__shared_ptr_pointer<bd01::event::ActCoinKoopaMass*,std::shared_ptr<bd01::event::ActCoinKoopaMass>::__shared_ptr_default_delete<bd01::event::ActCoinKoopaMass,bd01::event::ActCoinKoopaMass>,std::allocator<bd01::event::ActCoinKoopaMass>>	a	a	0		undefined __on_zero_shared_weak(__shared_ptr_pointer<bd01::event::ActCoinKoopaMass*,std::shared_ptr<bd01::event::ActCoinKoopaMass>::__shared_ptr_default_delete<bd01::event::ActCoinKoopaMass,bd01::event::ActCoinKoopaMass>,std::allocator<bd01::event::ActCoinKoopaMass>> * this)
71001dea50	36	FUN_71001dea50		d	a	0		undefined FUN_71001dea50(__shared_weak_count * param_1)
71001dea90	96	FUN_71001dea90		d	a	0		undefined FUN_71001dea90(long param_1)
71001deaf0	108	FUN_71001deaf0		d	a	0		undefined FUN_71001deaf0(void * param_1)
71001deb5c	32	FUN_71001deb5c		d	a	0		uint FUN_71001deb5c(void)
71001deb90	36	FUN_71001deb90		d	a	0		undefined FUN_71001deb90(__shared_weak_count * param_1)
71001debd0	292	AddFiber<bd01::event::ActCoinFallKoopaMass>	bq::act::Man	a	a	0		weak_ptr AddFiber<bd01::event::ActCoinFallKoopaMass>(long * param_1_00, long * param_2, long param_3)
71001ded38	36	~__shared_ptr_pointer	std::__shared_ptr_pointer<bq::act::FiberManHolder<bd01::event::ActCoinFallKoopaMass>*,std::shared_ptr<bq::act::Base>::__shared_ptr_default_delete<bq::act::Base,bq::act::FiberManHolder<bd01::event::ActCoinFallKoopaMass>>,std::allocator<bq::act::FiberManHolder<bd01::event::ActCoinFallKoopaMass>>>	a	a	0		undefined ~__shared_ptr_pointer(__shared_ptr_pointer<bq::act::FiberManHolder<bd01::event::ActCoinFallKoopaMass>*,std::shared_ptr<bq::act::Base>::__shared_ptr_default_delete<bq::act::Base,bq::act::FiberManHolder<bd01::event::ActCoinFallKoopaMass>>,std::allocator<bq::act::FiberManHolder<bd01::event::ActCoinFallKoopaMass>>> * this)
71001ded5c	24	__on_zero_shared	std::__shared_ptr_pointer<bq::act::FiberManHolder<bd01::event::ActCoinFallKoopaMass>*,std::shared_ptr<bq::act::Base>::__shared_ptr_default_delete<bq::act::Base,bq::act::FiberManHolder<bd01::event::ActCoinFallKoopaMass>>,std::allocator<bq::act::FiberManHolder<bd01::event::ActCoinFallKoopaMass>>>	a	a	0		undefined __on_zero_shared(__shared_ptr_pointer<bq::act::FiberManHolder<bd01::event::ActCoinFallKoopaMass>*,std::shared_ptr<bq::act::Base>::__shared_ptr_default_delete<bq::act::Base,bq::act::FiberManHolder<bd01::event::ActCoinFallKoopaMass>>,std::allocator<bq::act::FiberManHolder<bd01::event::ActCoinFallKoopaMass>>> * this)
71001ded74	4	__on_zero_shared_weak	std::__shared_ptr_pointer<bq::act::FiberManHolder<bd01::event::ActCoinFallKoopaMass>*,std::shared_ptr<bq::act::Base>::__shared_ptr_default_delete<bq::act::Base,bq::act::FiberManHolder<bd01::event::ActCoinFallKoopaMass>>,std::allocator<bq::act::FiberManHolder<bd01::event::ActCoinFallKoopaMass>>>	a	a	0		undefined __on_zero_shared_weak(__shared_ptr_pointer<bq::act::FiberManHolder<bd01::event::ActCoinFallKoopaMass>*,std::shared_ptr<bq::act::Base>::__shared_ptr_default_delete<bq::act::Base,bq::act::FiberManHolder<bd01::event::ActCoinFallKoopaMass>>,std::allocator<bq::act::FiberManHolder<bd01::event::ActCoinFallKoopaMass>>> * this)
71001ded80	96	~FiberManHolder	bq::act::FiberManHolder<bd01::event::ActCoinFallKoopaMass>	a	a	0		undefined ~FiberManHolder(FiberManHolder<bd01::event::ActCoinFallKoopaMass> * this)
71001dede0	108	~FiberManHolder	bq::act::FiberManHolder<bd01::event::ActCoinFallKoopaMass>	a	a	0		undefined ~FiberManHolder(FiberManHolder<bd01::event::ActCoinFallKoopaMass> * this)
71001dee4c	32	IsProc	bq::act::FiberManHolder<bd01::event::ActCoinFallKoopaMass>	a	a	0		uint IsProc(void)
71001dee6c	12	IsObject	bq::act::FiberManHolder<bd01::event::ActCoinFallKoopaMass>	a	a	0		undefined IsObject(long param_1)
71001dee78	8	SetPauseLevel	bq::act::FiberManHolder<bd01::event::ActCoinFallKoopaMass>	a	a	0		undefined SetPauseLevel(long param_1)
71001dee80	36	~__shared_ptr_pointer	std::__shared_ptr_pointer<bd01::event::ActCoinFallKoopaMass*,std::shared_ptr<bd01::event::ActCoinFallKoopaMass>::__shared_ptr_default_delete<bd01::event::ActCoinFallKoopaMass,bd01::event::ActCoinFallKoopaMass>,std::allocator<bd01::event::ActCoinFallKoopaMass>>	a	a	0		undefined ~__shared_ptr_pointer(__shared_ptr_pointer<bd01::event::ActCoinFallKoopaMass*,std::shared_ptr<bd01::event::ActCoinFallKoopaMass>::__shared_ptr_default_delete<bd01::event::ActCoinFallKoopaMass,bd01::event::ActCoinFallKoopaMass>,std::allocator<bd01::event::ActCoinFallKoopaMass>> * this)
71001deea4	24	__on_zero_shared	std::__shared_ptr_pointer<bd01::event::ActCoinFallKoopaMass*,std::shared_ptr<bd01::event::ActCoinFallKoopaMass>::__shared_ptr_default_delete<bd01::event::ActCoinFallKoopaMass,bd01::event::ActCoinFallKoopaMass>,std::allocator<bd01::event::ActCoinFallKoopaMass>>	a	a	0		undefined __on_zero_shared(__shared_ptr_pointer<bd01::event::ActCoinFallKoopaMass*,std::shared_ptr<bd01::event::ActCoinFallKoopaMass>::__shared_ptr_default_delete<bd01::event::ActCoinFallKoopaMass,bd01::event::ActCoinFallKoopaMass>,std::allocator<bd01::event::ActCoinFallKoopaMass>> * this)
71001deebc	4	__on_zero_shared_weak	std::__shared_ptr_pointer<bd01::event::ActCoinFallKoopaMass*,std::shared_ptr<bd01::event::ActCoinFallKoopaMass>::__shared_ptr_default_delete<bd01::event::ActCoinFallKoopaMass,bd01::event::ActCoinFallKoopaMass>,std::allocator<bd01::event::ActCoinFallKoopaMass>>	a	a	0		undefined __on_zero_shared_weak(__shared_ptr_pointer<bd01::event::ActCoinFallKoopaMass*,std::shared_ptr<bd01::event::ActCoinFallKoopaMass>::__shared_ptr_default_delete<bd01::event::ActCoinFallKoopaMass,bd01::event::ActCoinFallKoopaMass>,std::allocator<bd01::event::ActCoinFallKoopaMass>> * this)
71001deec0	292	AddFiber<bd01::event::ActStarKoopaMass>	bq::act::Man	a	a	0		weak_ptr AddFiber<bd01::event::ActStarKoopaMass>(long * param_1_00, long * param_2, long param_3)
71001df028	36	~__shared_ptr_pointer	std::__shared_ptr_pointer<bq::act::FiberManHolder<bd01::event::ActStarKoopaMass>*,std::shared_ptr<bq::act::Base>::__shared_ptr_default_delete<bq::act::Base,bq::act::FiberManHolder<bd01::event::ActStarKoopaMass>>,std::allocator<bq::act::FiberManHolder<bd01::event::ActStarKoopaMass>>>	a	a	0		undefined ~__shared_ptr_pointer(__shared_ptr_pointer<bq::act::FiberManHolder<bd01::event::ActStarKoopaMass>*,std::shared_ptr<bq::act::Base>::__shared_ptr_default_delete<bq::act::Base,bq::act::FiberManHolder<bd01::event::ActStarKoopaMass>>,std::allocator<bq::act::FiberManHolder<bd01::event::ActStarKoopaMass>>> * this)
71001df04c	24	__on_zero_shared	std::__shared_ptr_pointer<bq::act::FiberManHolder<bd01::event::ActStarKoopaMass>*,std::shared_ptr<bq::act::Base>::__shared_ptr_default_delete<bq::act::Base,bq::act::FiberManHolder<bd01::event::ActStarKoopaMass>>,std::allocator<bq::act::FiberManHolder<bd01::event::ActStarKoopaMass>>>	a	a	0		undefined __on_zero_shared(__shared_ptr_pointer<bq::act::FiberManHolder<bd01::event::ActStarKoopaMass>*,std::shared_ptr<bq::act::Base>::__shared_ptr_default_delete<bq::act::Base,bq::act::FiberManHolder<bd01::event::ActStarKoopaMass>>,std::allocator<bq::act::FiberManHolder<bd01::event::ActStarKoopaMass>>> * this)
71001df064	4	__on_zero_shared_weak	std::__shared_ptr_pointer<bq::act::FiberManHolder<bd01::event::ActStarKoopaMass>*,std::shared_ptr<bq::act::Base>::__shared_ptr_default_delete<bq::act::Base,bq::act::FiberManHolder<bd01::event::ActStarKoopaMass>>,std::allocator<bq::act::FiberManHolder<bd01::event::ActStarKoopaMass>>>	a	a	0		undefined __on_zero_shared_weak(__shared_ptr_pointer<bq::act::FiberManHolder<bd01::event::ActStarKoopaMass>*,std::shared_ptr<bq::act::Base>::__shared_ptr_default_delete<bq::act::Base,bq::act::FiberManHolder<bd01::event::ActStarKoopaMass>>,std::allocator<bq::act::FiberManHolder<bd01::event::ActStarKoopaMass>>> * this)
71001df070	96	~FiberManHolder	bq::act::FiberManHolder<bd01::event::ActStarKoopaMass>	a	a	0		undefined ~FiberManHolder(FiberManHolder<bd01::event::ActStarKoopaMass> * this)
71001df0d0	108	~FiberManHolder	bq::act::FiberManHolder<bd01::event::ActStarKoopaMass>	a	a	0		undefined ~FiberManHolder(FiberManHolder<bd01::event::ActStarKoopaMass> * this)
71001df13c	32	IsProc	bq::act::FiberManHolder<bd01::event::ActStarKoopaMass>	a	a	0		uint IsProc(void)
71001df15c	12	IsObject	bq::act::FiberManHolder<bd01::event::ActStarKoopaMass>	a	a	0		undefined IsObject(long param_1)
71001df168	8	SetPauseLevel	bq::act::FiberManHolder<bd01::event::ActStarKoopaMass>	a	a	0		undefined SetPauseLevel(long param_1)
71001df170	36	~__shared_ptr_pointer	std::__shared_ptr_pointer<bd01::event::ActStarKoopaMass*,std::shared_ptr<bd01::event::ActStarKoopaMass>::__shared_ptr_default_delete<bd01::event::ActStarKoopaMass,bd01::event::ActStarKoopaMass>,std::allocator<bd01::event::ActStarKoopaMass>>	a	a	0		undefined ~__shared_ptr_pointer(__shared_ptr_pointer<bd01::event::ActStarKoopaMass*,std::shared_ptr<bd01::event::ActStarKoopaMass>::__shared_ptr_default_delete<bd01::event::ActStarKoopaMass,bd01::event::ActStarKoopaMass>,std::allocator<bd01::event::ActStarKoopaMass>> * this)
71001df194	24	__on_zero_shared	std::__shared_ptr_pointer<bd01::event::ActStarKoopaMass*,std::shared_ptr<bd01::event::ActStarKoopaMass>::__shared_ptr_default_delete<bd01::event::ActStarKoopaMass,bd01::event::ActStarKoopaMass>,std::allocator<bd01::event::ActStarKoopaMass>>	a	a	0		undefined __on_zero_shared(__shared_ptr_pointer<bd01::event::ActStarKoopaMass*,std::shared_ptr<bd01::event::ActStarKoopaMass>::__shared_ptr_default_delete<bd01::event::ActStarKoopaMass,bd01::event::ActStarKoopaMass>,std::allocator<bd01::event::ActStarKoopaMass>> * this)
71001df1ac	4	__on_zero_shared_weak	std::__shared_ptr_pointer<bd01::event::ActStarKoopaMass*,std::shared_ptr<bd01::event::ActStarKoopaMass>::__shared_ptr_default_delete<bd01::event::ActStarKoopaMass,bd01::event::ActStarKoopaMass>,std::allocator<bd01::event::ActStarKoopaMass>>	a	a	0		undefined __on_zero_shared_weak(__shared_ptr_pointer<bd01::event::ActStarKoopaMass*,std::shared_ptr<bd01::event::ActStarKoopaMass>::__shared_ptr_default_delete<bd01::event::ActStarKoopaMass,bd01::event::ActStarKoopaMass>,std::allocator<bd01::event::ActStarKoopaMass>> * this)
71001df1b0	36	FUN_71001df1b0		d	a	0		undefined FUN_71001df1b0(__shared_weak_count * param_1)
71001df1f0	96	FUN_71001df1f0		d	a	0		undefined FUN_71001df1f0(long param_1)
71001df250	108	FUN_71001df250		d	a	0		undefined FUN_71001df250(void * param_1)
71001df2bc	32	FUN_71001df2bc		d	a	0		uint FUN_71001df2bc(void)
71001df2f0	36	FUN_71001df2f0		d	a	0		undefined FUN_71001df2f0(__shared_weak_count * param_1)
71001df330	36	FUN_71001df330		d	a	0		undefined FUN_71001df330(__shared_weak_count * param_1)
71001df370	96	FUN_71001df370		d	a	0		undefined FUN_71001df370(long param_1)
71001df3d0	108	FUN_71001df3d0		d	a	0		undefined FUN_71001df3d0(void * param_1)
71001df43c	32	FUN_71001df43c		d	a	0		uint FUN_71001df43c(void)
71001df470	36	FUN_71001df470		d	a	0		undefined FUN_71001df470(__shared_weak_count * param_1)
71001df4b0	356	__emplace_back_slow_path<bex::vector<nn::util::Vector2f>&,short,short,short>	std::vector<bd01::event::ScreenCrash::Delaunay::Triangle,bex::HeapModule::Allocator_vector<bd01::event::ScreenCrash::Delaunay::Triangle>>	a	a	0		void __emplace_back_slow_path<bex::vector<nn::util::Vector2f>&,short,short,short>(vector<bd01::event::ScreenCrash::Delaunay::Triangle,bex::HeapModule::Allocator_vector<bd01::event::ScreenCrash::Delaunay::Triangle>> * this, long * param_1, short * param_2, short * param_3, short * param_4)
71001df620	268	construct[abi:v160006]<bd01::event::ScreenCrash::Delaunay::Triangle,bex::vector<nn::util::Vector2f>&,short,short,short>	std::allocator<bd01::event::ScreenCrash::Delaunay::Triangle>	a	a	0		void construct[abi:v160006]<bd01::event::ScreenCrash::Delaunay::Triangle,bex::vector<nn::util::Vector2f>&,short,short,short>(undefined8 param_1_00, Triangle * param_2, long * param_3, short * param_4, short * param_5, short * param_6)
71001df72c	20	FUN_71001df72c		d	a	0		undefined FUN_71001df72c(void)
71001df740	20	FUN_71001df740		d	a	0		undefined FUN_71001df740(void)
71001df760	464	__emplace_back_slow_path<bd01::event::ScreenCrash::Fragment&>	std::vector<bd01::event::ScreenCrash::Fragment,bex::HeapModule::Allocator_vector<bd01::event::ScreenCrash::Fragment>>	a	a	0		void __emplace_back_slow_path<bd01::event::ScreenCrash::Fragment&>(vector<bd01::event::ScreenCrash::Fragment,bex::HeapModule::Allocator_vector<bd01::event::ScreenCrash::Fragment>> * this, long * param_1)
71001df934	20	FUN_71001df934		d	a	0		undefined FUN_71001df934(void)
71001df948	112	IsStart	bd01::event::LastSpurt	a	a	0		undefined8 IsStart(void)
71001df9b8	240	LastSpurt	bd01::event::LastSpurt	a	a	0		undefined LastSpurt(LastSpurt * this)
71001dfb94	328	~LastSpurt	bd01::event::LastSpurt	a	a	0		undefined ~LastSpurt(LastSpurt * this)
71001dfcdc	8	~LastSpurt	bd01::event::LastSpurt	a	a	0		undefined ~LastSpurt(LastSpurt * this)
71001dfce4	36	~LastSpurt	bd01::event::LastSpurt	a	a	0		undefined ~LastSpurt(LastSpurt * this)
71001dfd08	40	~LastSpurt	bd01::event::LastSpurt	a	a	0		undefined ~LastSpurt(LastSpurt * this)
71001dfd30	4436	Update	bd01::event::LastSpurt	a	a	0		undefined Update(undefined1[16] param_1, undefined1[16] param_2, undefined1[16] param_3, undefined1[16] param_4, LastSpurt * this)
71001e0ec0	1332	Init	bd01::event::LastSpurt	a	a	0		undefined Init(LastSpurt * this)
71001e1410	596	SetCandidate	bd01::event::LastSpurt	a	a	0		undefined SetCandidate(LastSpurt * this)
71001e168c	744	MessageAnim	bd01::event::LastSpurt	a	a	0		undefined MessageAnim(LastSpurt * this, uint * param_1, byte * param_2, undefined4 param_3, int param_4, int param_5)
71001e1980	828	ShowRanking	bd01::event::LastSpurt	a	a	0		undefined ShowRanking(LastSpurt * this)
71001e1d10	1268	Start	bd01::event::LastSpurt::FlyingKameck	a	a	0		undefined Start(FlyingKameck * this, int param_1)
71001e2224	784	SeqSelectEvent	bd01::event::LastSpurt	a	a	0		undefined4 SeqSelectEvent(ActFlowEventFiber * param_1)
71001e2550	536	LastSpurtEvent	bd01::event::LastSpurt	a	a	0		undefined LastSpurtEvent(undefined1[16] param_1_00, undefined1[16] param_2, undefined1[16] param_3, undefined1[16] param_4, LastSpurt * this, undefined4 param_6)
71001e2768	648	EndNPCTalk	bd01::event::LastSpurt	a	a	0		undefined EndNPCTalk(undefined1[16] param_1, undefined1[16] param_2, undefined1[16] param_3, undefined1[16] param_4, LastSpurt * this)
71001e29f0	1220	End	bd01::event::LastSpurt	a	a	0		undefined End(long param_1)
71001e2eb4	756	Create	bd01::event::LastSpurt	a	a	0		undefined Create(LastSpurt * this)
71001e3220	3036	RandomAdviceMessage	bd01::event::LastSpurt	a	a	0		undefined RandomAdviceMessage(LastSpurt * this)
71001e3e20	772	EventGetKinoko	bd01::event::LastSpurt	a	a	0		undefined EventGetKinoko(ActFlowEventFiber * param_1)
71001e4148	1440	EventGetKinokoRandom	bd01::event::LastSpurt	a	a	0		undefined EventGetKinokoRandom(ActFlowEventFiber * param_1)
71001e4710	516	EventCoin2X	bd01::event::LastSpurt	a	a	0		undefined EventCoin2X(undefined1[16] param_1, undefined1[16] param_2, undefined1[16] param_3, undefined1[16] param_4, LastSpurt * this)
71001e4930	2216	EventAdditionStar	bd01::event::LastSpurt	a	a	0		undefined EventAdditionStar(LastSpurt * this)
71001e5230	8	EventGetStarTakeMass	bd01::event::LastSpurt	a	a	0		undefined EventGetStarTakeMass(undefined1[16] param_1, undefined1[16] param_2, undefined1[16] param_3, undefined1[16] param_4, LastSpurt * this)
71001e5238	8	EventGetDoubleDice	bd01::event::LastSpurt	a	a	0		undefined EventGetDoubleDice(undefined1[16] param_1, undefined1[16] param_2, undefined1[16] param_3, undefined1[16] param_4, LastSpurt * this)
71001e5240	1388	EventAdditionCoinMass	bd01::event::LastSpurt	a	a	0		undefined EventAdditionCoinMass(LastSpurt * param_1)
71001e57cc	704	EventAdditionKoopaMass	bd01::event::LastSpurt	a	a	0		undefined EventAdditionKoopaMass(LastSpurt * param_1)
71001e5b04	704	EventAdditionChanceMass	bd01::event::LastSpurt	a	a	0		undefined EventAdditionChanceMass(LastSpurt * param_1)
71001e5e40	1212	StartSplit	bd01::event::LastSpurt	a	a	0		undefined StartSplit(undefined1[16] param_1, undefined1[16] param_2, undefined1[16] param_3, undefined1[16] param_4, LastSpurt * this)
71001e6340	1316	EventItemGet	bd01::event::LastSpurt	a	a	0		undefined EventItemGet(undefined1[16] param_1, undefined1[16] param_2, undefined1[16] param_3, undefined1[16] param_4, LastSpurt * this, undefined4 param_6)
71001e68a0	6640	EventAdditionMass	bd01::event::LastSpurt	a	a	0		uint EventAdditionMass(LastSpurt * this, int param_1, TrackData * param_2)
71001e83c0	348	GetCameraCrossVec	bd01::event::LastSpurt	a	a	0		undefined GetCameraCrossVec(LastSpurt * this, uint param_1, undefined8 * param_2, float * param_3)
71001e851c	256	StartIsolation	bd01::event::LastSpurt	a	a	0		undefined StartIsolation(LastSpurt * this)
71001e861c	200	EndIsolation	bd01::event::LastSpurt	a	a	0		undefined EndIsolation(LastSpurt * this)
71001e86e4	56	SendResult	bd01::event::LastSpurt	a	a	0		undefined4 SendResult(LastSpurt * this, undefined2 param_1)
71001e871c	40	OnReceiveMsg	bd01::event::LastSpurt	a	a	0		undefined OnReceiveMsg(long param_1, undefined8 param_2, short * param_3)
71001e8744	40	OnReceiveMsg	bd01::event::LastSpurt	a	a	0		undefined OnReceiveMsg(LastSpurt * this, undefined8 param_2_00, short * param_2)
71001e876c	12	NetName	bd01::event::LastSpurt	a	a	0		char * NetName(void)
71001e8778	12	NetName	bd01::event::LastSpurt	a	a	0		char * NetName(void)
71001e8790	616	InitPathMove	bd01::event::LastSpurt::FlyingKameck	a	a	0		undefined InitPathMove(FlyingKameck * this, undefined2 * param_1, undefined4 param_2)
71001e89f8	4	~EventDataLastSupert	bd01::EventDataLastSupert	a	a	0		undefined ~EventDataLastSupert(EventDataLastSupert * this)
71001e89fc	16	GetI32	bd01::EventDataLastSupert	a	a	0		undefined4 GetI32(EventDataLastSupert * this, int param_1)
71001e8a0c	128	~FlyingKameck	bd01::event::LastSpurt::FlyingKameck	a	a	0		undefined ~FlyingKameck(FlyingKameck * this)
71001e8a8c	136	~FlyingKameck	bd01::event::LastSpurt::FlyingKameck	a	a	0		undefined ~FlyingKameck(FlyingKameck * this)
71001e8b20	924	Update	bd01::event::LastSpurt::FlyingKameck	a	a	0		undefined Update(FlyingKameck * this)
71001e8ecc	64	destroy	std::__tree<std::__value_type<int,short>,std::__map_value_compare<int,std::__value_type<int,short>,std::less<int>,true>,std::allocator<std::__value_type<int,short>>>	a	a	0		undefined destroy(__tree<std::__value_type<int,short>,std::__map_value_compare<int,std::__value_type<int,short>,std::less<int>,true>,std::allocator<std::__value_type<int,short>>> * this, undefined8 * param_1)
71001e8f10	1780	UpdatePathMove	bd01::event::LastSpurt::FlyingKameck	a	a	0		undefined UpdatePathMove(FlyingKameck * this)
71001e9610	1652	NextPath	bd01::event::LastSpurt::FlyingKameck	a	a	0		undefined NextPath(FlyingKameck * this)
71001e9cb8	20	FUN_71001e9cb8		d	a	0		undefined FUN_71001e9cb8(void)
71001e9ccc	20	FUN_71001e9ccc		d	a	0		undefined FUN_71001e9ccc(void)
71001e9ce0	2480	FUN_71001e9ce0		d	a	0		undefined FUN_71001e9ce0(int * param_1, int * param_2, long param_3)
71001ea6c0	436	FUN_71001ea6c0		d	a	0		ulong FUN_71001ea6c0(int * param_1, int * param_2, int * param_3, int * param_4, int * param_5)
71001ea880	524	FUN_71001ea880		d	a	0		undefined8 FUN_71001ea880(int * param_1, int * param_2, int * param_3)
71001eaa90	564	FUN_71001eaa90		d	a	0		bool FUN_71001eaa90(int * param_1, int * param_2)
71001eacd0	340	FUN_71001eacd0		d	a	0		ulong FUN_71001eacd0(int * param_1, int * param_2, int * param_3, int * param_4)
71001eae2c	52	FUN_71001eae2c		d	a	0		undefined FUN_71001eae2c(long param_1)
71001eae78	4	FUN_71001eae78		d	a	0		undefined FUN_71001eae78(void)
71001eae7c	4	operator.delete	<EXTERNAL>	d	a	1		void operator.delete(void * param_1)
71001eae8c	20	FUN_71001eae8c		d	a	0		undefined FUN_71001eae8c(void)
71001eaea0	292	AddFiber<bd01::ActNpcFlyMove>	bq::act::Man	a	a	0		weak_ptr AddFiber<bd01::ActNpcFlyMove>(long * param_1_00, long * param_2, long param_3)
71001eb008	36	~__shared_ptr_pointer	std::__shared_ptr_pointer<bq::act::FiberManHolder<bd01::ActNpcFlyMove>*,std::shared_ptr<bq::act::Base>::__shared_ptr_default_delete<bq::act::Base,bq::act::FiberManHolder<bd01::ActNpcFlyMove>>,std::allocator<bq::act::FiberManHolder<bd01::ActNpcFlyMove>>>	a	a	0		undefined ~__shared_ptr_pointer(__shared_ptr_pointer<bq::act::FiberManHolder<bd01::ActNpcFlyMove>*,std::shared_ptr<bq::act::Base>::__shared_ptr_default_delete<bq::act::Base,bq::act::FiberManHolder<bd01::ActNpcFlyMove>>,std::allocator<bq::act::FiberManHolder<bd01::ActNpcFlyMove>>> * this)
71001eb02c	24	__on_zero_shared	std::__shared_ptr_pointer<bq::act::FiberManHolder<bd01::ActNpcFlyMove>*,std::shared_ptr<bq::act::Base>::__shared_ptr_default_delete<bq::act::Base,bq::act::FiberManHolder<bd01::ActNpcFlyMove>>,std::allocator<bq::act::FiberManHolder<bd01::ActNpcFlyMove>>>	a	a	0		undefined __on_zero_shared(__shared_ptr_pointer<bq::act::FiberManHolder<bd01::ActNpcFlyMove>*,std::shared_ptr<bq::act::Base>::__shared_ptr_default_delete<bq::act::Base,bq::act::FiberManHolder<bd01::ActNpcFlyMove>>,std::allocator<bq::act::FiberManHolder<bd01::ActNpcFlyMove>>> * this)
71001eb044	4	__on_zero_shared_weak	std::__shared_ptr_pointer<bq::act::FiberManHolder<bd01::ActNpcFlyMove>*,std::shared_ptr<bq::act::Base>::__shared_ptr_default_delete<bq::act::Base,bq::act::FiberManHolder<bd01::ActNpcFlyMove>>,std::allocator<bq::act::FiberManHolder<bd01::ActNpcFlyMove>>>	a	a	0		undefined __on_zero_shared_weak(__shared_ptr_pointer<bq::act::FiberManHolder<bd01::ActNpcFlyMove>*,std::shared_ptr<bq::act::Base>::__shared_ptr_default_delete<bq::act::Base,bq::act::FiberManHolder<bd01::ActNpcFlyMove>>,std::allocator<bq::act::FiberManHolder<bd01::ActNpcFlyMove>>> * this)
71001eb050	96	~FiberManHolder	bq::act::FiberManHolder<bd01::ActNpcFlyMove>	a	a	0		undefined ~FiberManHolder(FiberManHolder<bd01::ActNpcFlyMove> * this)
71001eb0b0	108	~FiberManHolder	bq::act::FiberManHolder<bd01::ActNpcFlyMove>	a	a	0		undefined ~FiberManHolder(FiberManHolder<bd01::ActNpcFlyMove> * this)
71001eb11c	32	IsProc	bq::act::FiberManHolder<bd01::ActNpcFlyMove>	a	a	0		uint IsProc(void)
71001eb13c	12	IsObject	bq::act::FiberManHolder<bd01::ActNpcFlyMove>	a	a	0		undefined IsObject(long param_1)
71001eb148	8	SetPauseLevel	bq::act::FiberManHolder<bd01::ActNpcFlyMove>	a	a	0		undefined SetPauseLevel(long param_1)
71001eb150	36	~__shared_ptr_pointer	std::__shared_ptr_pointer<bd01::ActNpcFlyMove*,std::shared_ptr<bd01::ActNpcFlyMove>::__shared_ptr_default_delete<bd01::ActNpcFlyMove,bd01::ActNpcFlyMove>,std::allocator<bd01::ActNpcFlyMove>>	a	a	0		undefined ~__shared_ptr_pointer(__shared_ptr_pointer<bd01::ActNpcFlyMove*,std::shared_ptr<bd01::ActNpcFlyMove>::__shared_ptr_default_delete<bd01::ActNpcFlyMove,bd01::ActNpcFlyMove>,std::allocator<bd01::ActNpcFlyMove>> * this)
71001eb174	24	__on_zero_shared	std::__shared_ptr_pointer<bd01::ActNpcFlyMove*,std::shared_ptr<bd01::ActNpcFlyMove>::__shared_ptr_default_delete<bd01::ActNpcFlyMove,bd01::ActNpcFlyMove>,std::allocator<bd01::ActNpcFlyMove>>	a	a	0		undefined __on_zero_shared(__shared_ptr_pointer<bd01::ActNpcFlyMove*,std::shared_ptr<bd01::ActNpcFlyMove>::__shared_ptr_default_delete<bd01::ActNpcFlyMove,bd01::ActNpcFlyMove>,std::allocator<bd01::ActNpcFlyMove>> * this)
71001eb18c	4	__on_zero_shared_weak	std::__shared_ptr_pointer<bd01::ActNpcFlyMove*,std::shared_ptr<bd01::ActNpcFlyMove>::__shared_ptr_default_delete<bd01::ActNpcFlyMove,bd01::ActNpcFlyMove>,std::allocator<bd01::ActNpcFlyMove>>	a	a	0		undefined __on_zero_shared_weak(__shared_ptr_pointer<bd01::ActNpcFlyMove*,std::shared_ptr<bd01::ActNpcFlyMove>::__shared_ptr_default_delete<bd01::ActNpcFlyMove,bd01::ActNpcFlyMove>,std::allocator<bd01::ActNpcFlyMove>> * this)
71001eb190	292	AddFiber<bd01::ActNpcFlyTurn>	bq::act::Man	a	a	0		weak_ptr AddFiber<bd01::ActNpcFlyTurn>(long * param_1_00, long * param_2, long param_3)
71001eb2f8	36	~__shared_ptr_pointer	std::__shared_ptr_pointer<bq::act::FiberManHolder<bd01::ActNpcFlyTurn>*,std::shared_ptr<bq::act::Base>::__shared_ptr_default_delete<bq::act::Base,bq::act::FiberManHolder<bd01::ActNpcFlyTurn>>,std::allocator<bq::act::FiberManHolder<bd01::ActNpcFlyTurn>>>	a	a	0		undefined ~__shared_ptr_pointer(__shared_ptr_pointer<bq::act::FiberManHolder<bd01::ActNpcFlyTurn>*,std::shared_ptr<bq::act::Base>::__shared_ptr_default_delete<bq::act::Base,bq::act::FiberManHolder<bd01::ActNpcFlyTurn>>,std::allocator<bq::act::FiberManHolder<bd01::ActNpcFlyTurn>>> * this)
71001eb31c	24	__on_zero_shared	std::__shared_ptr_pointer<bq::act::FiberManHolder<bd01::ActNpcFlyTurn>*,std::shared_ptr<bq::act::Base>::__shared_ptr_default_delete<bq::act::Base,bq::act::FiberManHolder<bd01::ActNpcFlyTurn>>,std::allocator<bq::act::FiberManHolder<bd01::ActNpcFlyTurn>>>	a	a	0		undefined __on_zero_shared(__shared_ptr_pointer<bq::act::FiberManHolder<bd01::ActNpcFlyTurn>*,std::shared_ptr<bq::act::Base>::__shared_ptr_default_delete<bq::act::Base,bq::act::FiberManHolder<bd01::ActNpcFlyTurn>>,std::allocator<bq::act::FiberManHolder<bd01::ActNpcFlyTurn>>> * this)
71001eb334	4	__on_zero_shared_weak	std::__shared_ptr_pointer<bq::act::FiberManHolder<bd01::ActNpcFlyTurn>*,std::shared_ptr<bq::act::Base>::__shared_ptr_default_delete<bq::act::Base,bq::act::FiberManHolder<bd01::ActNpcFlyTurn>>,std::allocator<bq::act::FiberManHolder<bd01::ActNpcFlyTurn>>>	a	a	0		undefined __on_zero_shared_weak(__shared_ptr_pointer<bq::act::FiberManHolder<bd01::ActNpcFlyTurn>*,std::shared_ptr<bq::act::Base>::__shared_ptr_default_delete<bq::act::Base,bq::act::FiberManHolder<bd01::ActNpcFlyTurn>>,std::allocator<bq::act::FiberManHolder<bd01::ActNpcFlyTurn>>> * this)
71001eb340	96	~FiberManHolder	bq::act::FiberManHolder<bd01::ActNpcFlyTurn>	a	a	0		undefined ~FiberManHolder(FiberManHolder<bd01::ActNpcFlyTurn> * this)
71001eb3a0	108	~FiberManHolder	bq::act::FiberManHolder<bd01::ActNpcFlyTurn>	a	a	0		undefined ~FiberManHolder(FiberManHolder<bd01::ActNpcFlyTurn> * this)
71001eb40c	32	IsProc	bq::act::FiberManHolder<bd01::ActNpcFlyTurn>	a	a	0		uint IsProc(void)
71001eb42c	12	IsObject	bq::act::FiberManHolder<bd01::ActNpcFlyTurn>	a	a	0		undefined IsObject(long param_1)
71001eb438	8	SetPauseLevel	bq::act::FiberManHolder<bd01::ActNpcFlyTurn>	a	a	0		undefined SetPauseLevel(long param_1)
71001eb440	36	~__shared_ptr_pointer	std::__shared_ptr_pointer<bd01::ActNpcFlyTurn*,std::shared_ptr<bd01::ActNpcFlyTurn>::__shared_ptr_default_delete<bd01::ActNpcFlyTurn,bd01::ActNpcFlyTurn>,std::allocator<bd01::ActNpcFlyTurn>>	a	a	0		undefined ~__shared_ptr_pointer(__shared_ptr_pointer<bd01::ActNpcFlyTurn*,std::shared_ptr<bd01::ActNpcFlyTurn>::__shared_ptr_default_delete<bd01::ActNpcFlyTurn,bd01::ActNpcFlyTurn>,std::allocator<bd01::ActNpcFlyTurn>> * this)
71001eb464	24	__on_zero_shared	std::__shared_ptr_pointer<bd01::ActNpcFlyTurn*,std::shared_ptr<bd01::ActNpcFlyTurn>::__shared_ptr_default_delete<bd01::ActNpcFlyTurn,bd01::ActNpcFlyTurn>,std::allocator<bd01::ActNpcFlyTurn>>	a	a	0		undefined __on_zero_shared(__shared_ptr_pointer<bd01::ActNpcFlyTurn*,std::shared_ptr<bd01::ActNpcFlyTurn>::__shared_ptr_default_delete<bd01::ActNpcFlyTurn,bd01::ActNpcFlyTurn>,std::allocator<bd01::ActNpcFlyTurn>> * this)
71001eb47c	4	__on_zero_shared_weak	std::__shared_ptr_pointer<bd01::ActNpcFlyTurn*,std::shared_ptr<bd01::ActNpcFlyTurn>::__shared_ptr_default_delete<bd01::ActNpcFlyTurn,bd01::ActNpcFlyTurn>,std::allocator<bd01::ActNpcFlyTurn>>	a	a	0		undefined __on_zero_shared_weak(__shared_ptr_pointer<bd01::ActNpcFlyTurn*,std::shared_ptr<bd01::ActNpcFlyTurn>::__shared_ptr_default_delete<bd01::ActNpcFlyTurn,bd01::ActNpcFlyTurn>,std::allocator<bd01::ActNpcFlyTurn>> * this)
71001eb480	188	RunawayBase	bd01::event::RunawayBase	a	a	0		undefined RunawayBase(RunawayBase * this, uint * param_1)
71001eb550	2148	SetCarMove	bd01::event::RunawayBase	a	a	0		undefined SetCarMove(float param_1, float param_2, float param_3, RunawayBase * this, int * param_5, uint param_6, int * param_7, uint param_8)
71001ebe00	784	SetPoliceMove	bd01::event::RunawayBase	a	a	0		undefined SetPoliceMove(float param_1, RunawayBase * this, long param_3, uint param_4)
71001ec150	2108	SetPlayerMove	bd01::event::RunawayBase	a	a	0		undefined SetPlayerMove(RunawayBase * this, int * param_1, uint param_2, long param_3, uint param_4)
71001ec9d0	476	SetCameraMove	bd01::event::RunawayBase	a	a	0		undefined SetCameraMove(RunawayBase * this, long param_1, uint param_2)
71001ecbd0	212	Map04_RunawayRaceCar	bd01::event::Map04_RunawayRaceCar	a	a	0		undefined Map04_RunawayRaceCar(Map04_RunawayRaceCar * this, uint * param_1)
71001ecce8	124	SetupCarMove	bd01::event::Map04_RunawayRaceCar	a	a	0		undefined SetupCarMove(Map04_RunawayRaceCar * this)
71001ecd70	1308	SetupPlayerMove	bd01::event::Map04_RunawayRaceCar	a	a	0		undefined SetupPlayerMove(Map04_RunawayRaceCar * this)
71001ed2d4	4264	Setup	bd01::event::Map04_RunawayRaceCar	a	a	0		undefined Setup(Map04_RunawayRaceCar * this)
71001ee660	16	FastSleep	bd01::event::Map04_RunawayRaceCar	a	a	0		undefined FastSleep(float param_1, Map04_RunawayRaceCar * this)
71001ee670	4736	Update	bd01::event::Map04_RunawayRaceCar	a	a	0		undefined Update(Map04_RunawayRaceCar * param_1)
71001efa50	340	FUN_71001efa50		d	a	0		undefined FUN_71001efa50(long * param_1, long param_2, long param_3)
71001efbf0	904	OrderData	bd01::OrderData	a	a	0		undefined OrderData(OrderData * this, byte * param_1)
71001f0050	460	Map04_ActRunawayPlayerMove	bd01::event::Map04_ActRunawayPlayerMove	a	a	0		undefined Map04_ActRunawayPlayerMove(undefined4 param_1, undefined1[16] param_2_00, Map04_ActRunawayPlayerMove * this, undefined8 param_4, long * param_5, char * param_6, byte param_7, byte param_8)
71001f0278	228	Map05_RunawayBase	bd01::event::Map05_RunawayBase	a	a	0		undefined Map05_RunawayBase(Map05_RunawayBase * this, uint * param_1, undefined4 param_2, undefined8 param_3)
71001f03a0	168	SetCarMove	bd01::event::Map05_RunawayBase	a	a	0		undefined SetCarMove(float param_1, float param_2, float param_3, Map05_RunawayBase * this, int * param_5, uint param_6, int * param_7, uint param_8)
71001f0448	4	SetPlayerMove	bd01::event::Map05_RunawayBase	a	a	0		undefined SetPlayerMove(void)
71001f044c	4	SetCameraMove	bd01::event::Map05_RunawayBase	a	a	0		undefined SetCameraMove(void)
71001f0450	96	Setup	bd01::event::Map05_RunawayBase	a	a	0		undefined Setup(Map05_RunawayBase * this)
71001f04b0	1292	Update	bd01::event::Map05_RunawayBase	a	a	0		undefined Update(Map05_RunawayBase * this)
71001f0a10	268	ActRunawayCameraMove	bd01::event::ActRunawayCameraMove	a	a	0		undefined ActRunawayCameraMove(undefined4 param_1, ActRunawayCameraMove * this, long * param_3)
71001f0b4c	68	Map05_Runaway00	bd01::event::Map05_Runaway00	a	a	0		undefined Map05_Runaway00(Map05_Runaway00 * this, uint * param_1, undefined8 param_2)
71001f0b90	204	SetupCarMove	bd01::event::Map05_Runaway00	a	a	0		undefined SetupCarMove(Map05_Runaway00 * this)
71001f0c5c	192	SetupPlayerMove	bd01::event::Map05_Runaway00	a	a	0		undefined SetupPlayerMove(Map05_Runaway00 * this)
71001f0d1c	72	SetupCameraMove	bd01::event::Map05_Runaway00	a	a	0		undefined SetupCameraMove(Map05_Runaway00 * this)
71001f0d64	68	Map05_Runaway01	bd01::event::Map05_Runaway01	a	a	0		undefined Map05_Runaway01(Map05_Runaway01 * this, uint * param_1, undefined8 param_2)
71001f0da8	204	SetupCarMove	bd01::event::Map05_Runaway01	a	a	0		undefined SetupCarMove(Map05_Runaway01 * this)
71001f0e74	192	SetupPlayerMove	bd01::event::Map05_Runaway01	a	a	0		undefined SetupPlayerMove(Map05_Runaway01 * this)
71001f0f34	72	SetupCameraMove	bd01::event::Map05_Runaway01	a	a	0		undefined SetupCameraMove(Map05_Runaway01 * this)
71001f0f7c	36	~RunawayBase	bd01::event::RunawayBase	a	a	0		undefined ~RunawayBase(RunawayBase * this)
71001f0fa0	4	SetupCarMove	bd01::event::RunawayBase	a	a	0		undefined SetupCarMove(void)
71001f0fa4	4	SetupPoliceMove	bd01::event::RunawayBase	a	a	0		undefined SetupPoliceMove(void)
71001f0fa8	4	SetupPlayerMove	bd01::event::RunawayBase	a	a	0		undefined SetupPlayerMove(void)
71001f0fac	4	SetupCameraMove	bd01::event::RunawayBase	a	a	0		undefined SetupCameraMove(void)
71001f0fb0	168	~Map04_RunawayRaceCar	bd01::event::Map04_RunawayRaceCar	a	a	0		undefined ~Map04_RunawayRaceCar(Map04_RunawayRaceCar * this)
71001f1058	176	~Map04_RunawayRaceCar	bd01::event::Map04_RunawayRaceCar	a	a	0		undefined ~Map04_RunawayRaceCar(Map04_RunawayRaceCar * this)
71001f1108	36	~Map05_RunawayBase	bd01::event::Map05_RunawayBase	a	a	0		undefined ~Map05_RunawayBase(Map05_RunawayBase * this)
71001f112c	36	~Map05_Runaway00	bd01::event::Map05_Runaway00	a	a	0		undefined ~Map05_Runaway00(Map05_Runaway00 * this)
71001f1150	240	~RunawayBase	bd01::event::RunawayBase	a	a	0		undefined ~RunawayBase(RunawayBase * this)
71001f1240	36	~Map05_Runaway01	bd01::event::Map05_Runaway01	a	a	0		undefined ~Map05_Runaway01(Map05_Runaway01 * this)
71001f1270	392	assign<nn::util::Vector3f*,0>	std::vector<nn::util::Vector3f,bex::HeapModule::Allocator_vector<nn::util::Vector3f>>	a	a	0		void assign<nn::util::Vector3f*,0>(vector<nn::util::Vector3f,bex::HeapModule::Allocator_vector<nn::util::Vector3f>> * this, undefined8 * param_1, undefined8 * param_2)
71001f13f8	36	~Map04RunnawayModel	bd01::event::Map04_RunawayRaceCar::Map04RunnawayModel	a	a	0		undefined ~Map04RunnawayModel(Map04RunnawayModel * this)
71001f141c	92	GetBoneScale	bd01::event::Map04_RunawayRaceCar::Map04RunnawayModel	a	a	0		undefined1[16] GetBoneScale(long * param_1)
71001f1478	100	GetBoneScale	bd01::event::Map04_RunawayRaceCar::Map04RunnawayModel	a	a	0		undefined GetBoneScale(long param_1)
71001f14dc	8	~Map04RunnawayModel	bd01::event::Map04_RunawayRaceCar::Map04RunnawayModel	a	a	0		undefined ~Map04RunnawayModel(Map04RunnawayModel * this)
71001f14e4	40	~Map04RunnawayModel	bd01::event::Map04_RunawayRaceCar::Map04RunnawayModel	a	a	0		undefined ~Map04RunnawayModel(Map04RunnawayModel * this)
71001f150c	88	FUN_71001f150c		d	a	0		undefined FUN_71001f150c(Fiber * param_1)
71001f1620	200	~PrerequisiteData	bd01::PrerequisiteData	a	a	0		undefined ~PrerequisiteData(PrerequisiteData * this)
71001f16f0	340	FUN_71001f16f0		d	a	0		undefined FUN_71001f16f0(long * param_1, long * param_2)
71001f1860	212	FUN_71001f1860		d	a	0		undefined FUN_71001f1860(long * param_1)
71001f1940	160	FUN_71001f1940		d	a	0		undefined FUN_71001f1940(long param_1)
71001f19e0	208	FUN_71001f19e0		d	a	0		undefined FUN_71001f19e0(undefined8 * param_1, long * param_2)
71001f1ac0	136	FUN_71001f1ac0		d	a	0		undefined FUN_71001f1ac0(undefined8 * param_1)
71001f1b50	312	FUN_71001f1b50		d	a	0		long * FUN_71001f1b50(undefined8 param_1, byte * param_2, byte * param_3, long * param_4)
71001f1d00	164	~Map04_ActRunawayPlayerMove	bd01::event::Map04_ActRunawayPlayerMove	a	a	0		undefined ~Map04_ActRunawayPlayerMove(Map04_ActRunawayPlayerMove * this)
71001f1da4	172	~Map04_ActRunawayPlayerMove	bd01::event::Map04_ActRunawayPlayerMove	a	a	0		undefined ~Map04_ActRunawayPlayerMove(Map04_ActRunawayPlayerMove * this)
71001f1e50	736	Update	bd01::event::Map04_ActRunawayPlayerMove	a	a	0		undefined Update(Map04_ActRunawayPlayerMove * this)
71001f2150	292	AddFiber<bd01::event::Map04_ActPlayerMove>	bq::act::Man	a	a	0		weak_ptr AddFiber<bd01::event::Map04_ActPlayerMove>(long * param_1_00, long * param_2, long param_3)
71001f22b8	36	~__shared_ptr_pointer	std::__shared_ptr_pointer<bq::act::FiberManHolder<bd01::event::Map04_ActPlayerMove>*,std::shared_ptr<bq::act::Base>::__shared_ptr_default_delete<bq::act::Base,bq::act::FiberManHolder<bd01::event::Map04_ActPlayerMove>>,std::allocator<bq::act::FiberManHolder<bd01::event::Map04_ActPlayerMove>>>	a	a	0		undefined ~__shared_ptr_pointer(__shared_ptr_pointer<bq::act::FiberManHolder<bd01::event::Map04_ActPlayerMove>*,std::shared_ptr<bq::act::Base>::__shared_ptr_default_delete<bq::act::Base,bq::act::FiberManHolder<bd01::event::Map04_ActPlayerMove>>,std::allocator<bq::act::FiberManHolder<bd01::event::Map04_ActPlayerMove>>> * this)
71001f22dc	24	__on_zero_shared	std::__shared_ptr_pointer<bq::act::FiberManHolder<bd01::event::Map04_ActPlayerMove>*,std::shared_ptr<bq::act::Base>::__shared_ptr_default_delete<bq::act::Base,bq::act::FiberManHolder<bd01::event::Map04_ActPlayerMove>>,std::allocator<bq::act::FiberManHolder<bd01::event::Map04_ActPlayerMove>>>	a	a	0		undefined __on_zero_shared(__shared_ptr_pointer<bq::act::FiberManHolder<bd01::event::Map04_ActPlayerMove>*,std::shared_ptr<bq::act::Base>::__shared_ptr_default_delete<bq::act::Base,bq::act::FiberManHolder<bd01::event::Map04_ActPlayerMove>>,std::allocator<bq::act::FiberManHolder<bd01::event::Map04_ActPlayerMove>>> * this)
71001f22f4	4	__on_zero_shared_weak	std::__shared_ptr_pointer<bq::act::FiberManHolder<bd01::event::Map04_ActPlayerMove>*,std::shared_ptr<bq::act::Base>::__shared_ptr_default_delete<bq::act::Base,bq::act::FiberManHolder<bd01::event::Map04_ActPlayerMove>>,std::allocator<bq::act::FiberManHolder<bd01::event::Map04_ActPlayerMove>>>	a	a	0		undefined __on_zero_shared_weak(__shared_ptr_pointer<bq::act::FiberManHolder<bd01::event::Map04_ActPlayerMove>*,std::shared_ptr<bq::act::Base>::__shared_ptr_default_delete<bq::act::Base,bq::act::FiberManHolder<bd01::event::Map04_ActPlayerMove>>,std::allocator<bq::act::FiberManHolder<bd01::event::Map04_ActPlayerMove>>> * this)
71001f2300	96	~FiberManHolder	bq::act::FiberManHolder<bd01::event::Map04_ActPlayerMove>	a	a	0		undefined ~FiberManHolder(FiberManHolder<bd01::event::Map04_ActPlayerMove> * this)
71001f2360	108	~FiberManHolder	bq::act::FiberManHolder<bd01::event::Map04_ActPlayerMove>	a	a	0		undefined ~FiberManHolder(FiberManHolder<bd01::event::Map04_ActPlayerMove> * this)
71001f23cc	32	IsProc	bq::act::FiberManHolder<bd01::event::Map04_ActPlayerMove>	a	a	0		uint IsProc(void)
71001f23ec	12	IsObject	bq::act::FiberManHolder<bd01::event::Map04_ActPlayerMove>	a	a	0		undefined IsObject(long param_1)
71001f23f8	8	SetPauseLevel	bq::act::FiberManHolder<bd01::event::Map04_ActPlayerMove>	a	a	0		undefined SetPauseLevel(long param_1)
71001f2400	36	~__shared_ptr_pointer	std::__shared_ptr_pointer<bd01::event::Map04_ActPlayerMove*,std::shared_ptr<bd01::event::Map04_ActPlayerMove>::__shared_ptr_default_delete<bd01::event::Map04_ActPlayerMove,bd01::event::Map04_ActPlayerMove>,std::allocator<bd01::event::Map04_ActPlayerMove>>	a	a	0		undefined ~__shared_ptr_pointer(__shared_ptr_pointer<bd01::event::Map04_ActPlayerMove*,std::shared_ptr<bd01::event::Map04_ActPlayerMove>::__shared_ptr_default_delete<bd01::event::Map04_ActPlayerMove,bd01::event::Map04_ActPlayerMove>,std::allocator<bd01::event::Map04_ActPlayerMove>> * this)
71001f2424	24	__on_zero_shared	std::__shared_ptr_pointer<bd01::event::Map04_ActPlayerMove*,std::shared_ptr<bd01::event::Map04_ActPlayerMove>::__shared_ptr_default_delete<bd01::event::Map04_ActPlayerMove,bd01::event::Map04_ActPlayerMove>,std::allocator<bd01::event::Map04_ActPlayerMove>>	a	a	0		undefined __on_zero_shared(__shared_ptr_pointer<bd01::event::Map04_ActPlayerMove*,std::shared_ptr<bd01::event::Map04_ActPlayerMove>::__shared_ptr_default_delete<bd01::event::Map04_ActPlayerMove,bd01::event::Map04_ActPlayerMove>,std::allocator<bd01::event::Map04_ActPlayerMove>> * this)
71001f243c	4	__on_zero_shared_weak	std::__shared_ptr_pointer<bd01::event::Map04_ActPlayerMove*,std::shared_ptr<bd01::event::Map04_ActPlayerMove>::__shared_ptr_default_delete<bd01::event::Map04_ActPlayerMove,bd01::event::Map04_ActPlayerMove>,std::allocator<bd01::event::Map04_ActPlayerMove>>	a	a	0		undefined __on_zero_shared_weak(__shared_ptr_pointer<bd01::event::Map04_ActPlayerMove*,std::shared_ptr<bd01::event::Map04_ActPlayerMove>::__shared_ptr_default_delete<bd01::event::Map04_ActPlayerMove,bd01::event::Map04_ActPlayerMove>,std::allocator<bd01::event::Map04_ActPlayerMove>> * this)
71001f2440	248	ActRunawayCarMove	bd01::event::ActRunawayCarMove	a	a	0		undefined ActRunawayCarMove(undefined4 param_1, ActRunawayCarMove * this, undefined8 param_3, long * param_4)
71001f255c	112	~ActRunawayCarMove	bd01::event::ActRunawayCarMove	a	a	0		undefined ~ActRunawayCarMove(ActRunawayCarMove * this)
71001f25cc	120	~Map05_ActRunawayCarMove00	bd01::event::Map05_ActRunawayCarMove00	a	a	0		undefined ~Map05_ActRunawayCarMove00(Map05_ActRunawayCarMove00 * this)
71001f2650	1024	Update	bd01::event::ActRunawayCarMove	a	a	0		undefined Update(ActRunawayCarMove * this)
71001f2ab0	672	MoveStart	bd01::event::Map05_ActRunawayCarMove00	a	a	0		undefined MoveStart(Map05_ActRunawayCarMove00 * this)
71001f2d74	100	MoveEnd	bd01::event::Map05_ActRunawayCarMove00	a	a	0		undefined MoveEnd(Map05_ActRunawayCarMove00 * this)
71001f2dd8	4	MoveNextLast	bd01::event::ActRunawayCarMove	a	a	0		undefined MoveNextLast(void)
71001f2ddc	4	MoveTurn	bd01::event::ActRunawayCarMove	a	a	0		undefined MoveTurn(void)
71001f2de0	120	~ActRunawayCarMove	bd01::event::ActRunawayCarMove	a	a	0		undefined ~ActRunawayCarMove(ActRunawayCarMove * this)
71001f2e58	4	MoveStart	bd01::event::ActRunawayCarMove	a	a	0		undefined MoveStart(void)
71001f2e5c	4	MoveEnd	bd01::event::ActRunawayCarMove	a	a	0		undefined MoveEnd(void)
71001f2e60	4	~MoveRotate	bq::act::MoveRotate<bd01::NpcModel,nn::util::Vector3f>	a	a	0		undefined ~MoveRotate(MoveRotate<bd01::NpcModel,nn::util::Vector3f> * this)
71001f2e64	172	Proc	bq::act::MoveRotate<bd01::NpcModel,nn::util::Vector3f>	a	a	0		undefined Proc(MoveRotate<bd01::NpcModel,nn::util::Vector3f> * this)
71001f2f10	36	~__shared_ptr_pointer	std::__shared_ptr_pointer<bq::act::MoveRotate<bd01::NpcModel,nn::util::Vector3f>*,std::shared_ptr<bq::act::Base>::__shared_ptr_default_delete<bq::act::Base,bq::act::MoveRotate<bd01::NpcModel,nn::util::Vector3f>>,std::allocator<bq::act::MoveRotate<bd01::NpcModel,nn::util::Vector3f>>>	a	a	0		undefined ~__shared_ptr_pointer(__shared_ptr_pointer<bq::act::MoveRotate<bd01::NpcModel,nn::util::Vector3f>*,std::shared_ptr<bq::act::Base>::__shared_ptr_default_delete<bq::act::Base,bq::act::MoveRotate<bd01::NpcModel,nn::util::Vector3f>>,std::allocator<bq::act::MoveRotate<bd01::NpcModel,nn::util::Vector3f>>> * this)
71001f2f34	24	__on_zero_shared	std::__shared_ptr_pointer<bq::act::MoveRotate<bd01::NpcModel,nn::util::Vector3f>*,std::shared_ptr<bq::act::Base>::__shared_ptr_default_delete<bq::act::Base,bq::act::MoveRotate<bd01::NpcModel,nn::util::Vector3f>>,std::allocator<bq::act::MoveRotate<bd01::NpcModel,nn::util::Vector3f>>>	a	a	0		undefined __on_zero_shared(__shared_ptr_pointer<bq::act::MoveRotate<bd01::NpcModel,nn::util::Vector3f>*,std::shared_ptr<bq::act::Base>::__shared_ptr_default_delete<bq::act::Base,bq::act::MoveRotate<bd01::NpcModel,nn::util::Vector3f>>,std::allocator<bq::act::MoveRotate<bd01::NpcModel,nn::util::Vector3f>>> * this)
71001f2f4c	4	__on_zero_shared_weak	std::__shared_ptr_pointer<bq::act::MoveRotate<bd01::NpcModel,nn::util::Vector3f>*,std::shared_ptr<bq::act::Base>::__shared_ptr_default_delete<bq::act::Base,bq::act::MoveRotate<bd01::NpcModel,nn::util::Vector3f>>,std::allocator<bq::act::MoveRotate<bd01::NpcModel,nn::util::Vector3f>>>	a	a	0		undefined __on_zero_shared_weak(__shared_ptr_pointer<bq::act::MoveRotate<bd01::NpcModel,nn::util::Vector3f>*,std::shared_ptr<bq::act::Base>::__shared_ptr_default_delete<bq::act::Base,bq::act::MoveRotate<bd01::NpcModel,nn::util::Vector3f>>,std::allocator<bq::act::MoveRotate<bd01::NpcModel,nn::util::Vector3f>>> * this)
71001f2f50	408	ActRunawayPlayerMove	bd01::event::ActRunawayPlayerMove	a	a	0		undefined ActRunawayPlayerMove(undefined4 param_1, ActRunawayPlayerMove * this, undefined8 param_3, long * param_4, char * param_5)
71001f3144	164	~ActRunawayPlayerMove	bd01::event::ActRunawayPlayerMove	a	a	0		undefined ~ActRunawayPlayerMove(ActRunawayPlayerMove * this)
71001f31e8	172	~Map05_ActRunawayPlayerMove	bd01::event::Map05_ActRunawayPlayerMove	a	a	0		undefined ~Map05_ActRunawayPlayerMove(Map05_ActRunawayPlayerMove * this)
71001f32a0	384	Update	bd01::event::ActRunawayPlayerMove	a	a	0		undefined Update(ActRunawayPlayerMove * this)
71001f343c	12	MoveStart	bd01::event::Map05_ActRunawayPlayerMove	a	a	0		undefined MoveStart(Map05_ActRunawayPlayerMove * this)
71001f3448	244	MoveEnd	bd01::event::Map05_ActRunawayPlayerMove	a	a	0		undefined MoveEnd(Map05_ActRunawayPlayerMove * this)
71001f3558	172	~ActRunawayPlayerMove	bd01::event::ActRunawayPlayerMove	a	a	0		undefined ~ActRunawayPlayerMove(ActRunawayPlayerMove * this)
71001f3604	4	MoveStart	bd01::event::ActRunawayPlayerMove	a	a	0		undefined MoveStart(void)
71001f3608	4	MoveEnd	bd01::event::ActRunawayPlayerMove	a	a	0		undefined MoveEnd(void)
71001f360c	112	~ActRunawayCameraMove	bd01::event::ActRunawayCameraMove	a	a	0		undefined ~ActRunawayCameraMove(ActRunawayCameraMove * this)
71001f367c	120	~ActRunawayCameraMove	bd01::event::ActRunawayCameraMove	a	a	0		undefined ~ActRunawayCameraMove(ActRunawayCameraMove * this)
71001f3700	592	Update	bd01::event::ActRunawayCameraMove	a	a	0		undefined Update(ActRunawayCameraMove * this)
71001f3974	20	FUN_71001f3974		d	a	0		undefined FUN_71001f3974(void)
71001f3988	36	FUN_71001f3988		d	a	0		undefined FUN_71001f3988(__shared_weak_count * param_1)
71001f39d0	96	FUN_71001f39d0		d	a	0		undefined FUN_71001f39d0(long param_1)
71001f3a30	108	FUN_71001f3a30		d	a	0		undefined FUN_71001f3a30(void * param_1)
71001f3a9c	32	FUN_71001f3a9c		d	a	0		uint FUN_71001f3a9c(void)
71001f3ad0	36	FUN_71001f3ad0		d	a	0		undefined FUN_71001f3ad0(__shared_weak_count * param_1)
71001f3b10	292	AddFiber<bd01::ActModelMove>	bq::act::Man	a	a	0		weak_ptr AddFiber<bd01::ActModelMove>(long * param_1_00, long * param_2, long param_3)
71001f3c78	36	~__shared_ptr_pointer	std::__shared_ptr_pointer<bq::act::FiberManHolder<bd01::ActModelMove>*,std::shared_ptr<bq::act::Base>::__shared_ptr_default_delete<bq::act::Base,bq::act::FiberManHolder<bd01::ActModelMove>>,std::allocator<bq::act::FiberManHolder<bd01::ActModelMove>>>	a	a	0		undefined ~__shared_ptr_pointer(__shared_ptr_pointer<bq::act::FiberManHolder<bd01::ActModelMove>*,std::shared_ptr<bq::act::Base>::__shared_ptr_default_delete<bq::act::Base,bq::act::FiberManHolder<bd01::ActModelMove>>,std::allocator<bq::act::FiberManHolder<bd01::ActModelMove>>> * this)
71001f3c9c	24	__on_zero_shared	std::__shared_ptr_pointer<bq::act::FiberManHolder<bd01::ActModelMove>*,std::shared_ptr<bq::act::Base>::__shared_ptr_default_delete<bq::act::Base,bq::act::FiberManHolder<bd01::ActModelMove>>,std::allocator<bq::act::FiberManHolder<bd01::ActModelMove>>>	a	a	0		undefined __on_zero_shared(__shared_ptr_pointer<bq::act::FiberManHolder<bd01::ActModelMove>*,std::shared_ptr<bq::act::Base>::__shared_ptr_default_delete<bq::act::Base,bq::act::FiberManHolder<bd01::ActModelMove>>,std::allocator<bq::act::FiberManHolder<bd01::ActModelMove>>> * this)
71001f3cb4	4	__on_zero_shared_weak	std::__shared_ptr_pointer<bq::act::FiberManHolder<bd01::ActModelMove>*,std::shared_ptr<bq::act::Base>::__shared_ptr_default_delete<bq::act::Base,bq::act::FiberManHolder<bd01::ActModelMove>>,std::allocator<bq::act::FiberManHolder<bd01::ActModelMove>>>	a	a	0		undefined __on_zero_shared_weak(__shared_ptr_pointer<bq::act::FiberManHolder<bd01::ActModelMove>*,std::shared_ptr<bq::act::Base>::__shared_ptr_default_delete<bq::act::Base,bq::act::FiberManHolder<bd01::ActModelMove>>,std::allocator<bq::act::FiberManHolder<bd01::ActModelMove>>> * this)
71001f3cc0	96	~FiberManHolder	bq::act::FiberManHolder<bd01::ActModelMove>	a	a	0		undefined ~FiberManHolder(FiberManHolder<bd01::ActModelMove> * this)
71001f3d20	108	~FiberManHolder	bq::act::FiberManHolder<bd01::ActModelMove>	a	a	0		undefined ~FiberManHolder(FiberManHolder<bd01::ActModelMove> * this)
71001f3d8c	32	IsProc	bq::act::FiberManHolder<bd01::ActModelMove>	a	a	0		uint IsProc(void)
71001f3dac	12	IsObject	bq::act::FiberManHolder<bd01::ActModelMove>	a	a	0		undefined IsObject(long param_1)
71001f3db8	8	SetPauseLevel	bq::act::FiberManHolder<bd01::ActModelMove>	a	a	0		undefined SetPauseLevel(long param_1)
71001f3dc0	36	~__shared_ptr_pointer	std::__shared_ptr_pointer<bd01::ActModelMove*,std::shared_ptr<bd01::ActModelMove>::__shared_ptr_default_delete<bd01::ActModelMove,bd01::ActModelMove>,std::allocator<bd01::ActModelMove>>	a	a	0		undefined ~__shared_ptr_pointer(__shared_ptr_pointer<bd01::ActModelMove*,std::shared_ptr<bd01::ActModelMove>::__shared_ptr_default_delete<bd01::ActModelMove,bd01::ActModelMove>,std::allocator<bd01::ActModelMove>> * this)
71001f3de4	24	__on_zero_shared	std::__shared_ptr_pointer<bd01::ActModelMove*,std::shared_ptr<bd01::ActModelMove>::__shared_ptr_default_delete<bd01::ActModelMove,bd01::ActModelMove>,std::allocator<bd01::ActModelMove>>	a	a	0		undefined __on_zero_shared(__shared_ptr_pointer<bd01::ActModelMove*,std::shared_ptr<bd01::ActModelMove>::__shared_ptr_default_delete<bd01::ActModelMove,bd01::ActModelMove>,std::allocator<bd01::ActModelMove>> * this)
71001f3dfc	4	__on_zero_shared_weak	std::__shared_ptr_pointer<bd01::ActModelMove*,std::shared_ptr<bd01::ActModelMove>::__shared_ptr_default_delete<bd01::ActModelMove,bd01::ActModelMove>,std::allocator<bd01::ActModelMove>>	a	a	0		undefined __on_zero_shared_weak(__shared_ptr_pointer<bd01::ActModelMove*,std::shared_ptr<bd01::ActModelMove>::__shared_ptr_default_delete<bd01::ActModelMove,bd01::ActModelMove>,std::allocator<bd01::ActModelMove>> * this)
71001f3e00	292	AddFiber<bd01::event::Map04_ActRunawayPlayerMove>	bq::act::Man	a	a	0		weak_ptr AddFiber<bd01::event::Map04_ActRunawayPlayerMove>(long * param_1_00, long * param_2, long param_3)
71001f3f68	36	~__shared_ptr_pointer	std::__shared_ptr_pointer<bq::act::FiberManHolder<bd01::event::Map04_ActRunawayPlayerMove>*,std::shared_ptr<bq::act::Base>::__shared_ptr_default_delete<bq::act::Base,bq::act::FiberManHolder<bd01::event::Map04_ActRunawayPlayerMove>>,std::allocator<bq::act::FiberManHolder<bd01::event::Map04_ActRunawayPlayerMove>>>	a	a	0		undefined ~__shared_ptr_pointer(__shared_ptr_pointer<bq::act::FiberManHolder<bd01::event::Map04_ActRunawayPlayerMove>*,std::shared_ptr<bq::act::Base>::__shared_ptr_default_delete<bq::act::Base,bq::act::FiberManHolder<bd01::event::Map04_ActRunawayPlayerMove>>,std::allocator<bq::act::FiberManHolder<bd01::event::Map04_ActRunawayPlayerMove>>> * this)
71001f3f8c	24	__on_zero_shared	std::__shared_ptr_pointer<bq::act::FiberManHolder<bd01::event::Map04_ActRunawayPlayerMove>*,std::shared_ptr<bq::act::Base>::__shared_ptr_default_delete<bq::act::Base,bq::act::FiberManHolder<bd01::event::Map04_ActRunawayPlayerMove>>,std::allocator<bq::act::FiberManHolder<bd01::event::Map04_ActRunawayPlayerMove>>>	a	a	0		undefined __on_zero_shared(__shared_ptr_pointer<bq::act::FiberManHolder<bd01::event::Map04_ActRunawayPlayerMove>*,std::shared_ptr<bq::act::Base>::__shared_ptr_default_delete<bq::act::Base,bq::act::FiberManHolder<bd01::event::Map04_ActRunawayPlayerMove>>,std::allocator<bq::act::FiberManHolder<bd01::event::Map04_ActRunawayPlayerMove>>> * this)
71001f3fa4	4	__on_zero_shared_weak	std::__shared_ptr_pointer<bq::act::FiberManHolder<bd01::event::Map04_ActRunawayPlayerMove>*,std::shared_ptr<bq::act::Base>::__shared_ptr_default_delete<bq::act::Base,bq::act::FiberManHolder<bd01::event::Map04_ActRunawayPlayerMove>>,std::allocator<bq::act::FiberManHolder<bd01::event::Map04_ActRunawayPlayerMove>>>	a	a	0		undefined __on_zero_shared_weak(__shared_ptr_pointer<bq::act::FiberManHolder<bd01::event::Map04_ActRunawayPlayerMove>*,std::shared_ptr<bq::act::Base>::__shared_ptr_default_delete<bq::act::Base,bq::act::FiberManHolder<bd01::event::Map04_ActRunawayPlayerMove>>,std::allocator<bq::act::FiberManHolder<bd01::event::Map04_ActRunawayPlayerMove>>> * this)
71001f3fb0	96	~FiberManHolder	bq::act::FiberManHolder<bd01::event::Map04_ActRunawayPlayerMove>	a	a	0		undefined ~FiberManHolder(FiberManHolder<bd01::event::Map04_ActRunawayPlayerMove> * this)
71001f4010	108	~FiberManHolder	bq::act::FiberManHolder<bd01::event::Map04_ActRunawayPlayerMove>	a	a	0		undefined ~FiberManHolder(FiberManHolder<bd01::event::Map04_ActRunawayPlayerMove> * this)
71001f407c	32	IsProc	bq::act::FiberManHolder<bd01::event::Map04_ActRunawayPlayerMove>	a	a	0		uint IsProc(void)
71001f409c	12	IsObject	bq::act::FiberManHolder<bd01::event::Map04_ActRunawayPlayerMove>	a	a	0		undefined IsObject(long param_1)
71001f40a8	8	SetPauseLevel	bq::act::FiberManHolder<bd01::event::Map04_ActRunawayPlayerMove>	a	a	0		undefined SetPauseLevel(long param_1)
71001f40b0	36	~__shared_ptr_pointer	std::__shared_ptr_pointer<bd01::event::Map04_ActRunawayPlayerMove*,std::shared_ptr<bd01::event::Map04_ActRunawayPlayerMove>::__shared_ptr_default_delete<bd01::event::Map04_ActRunawayPlayerMove,bd01::event::Map04_ActRunawayPlayerMove>,std::allocator<bd01::event::Map04_ActRunawayPlayerMove>>	a	a	0		undefined ~__shared_ptr_pointer(__shared_ptr_pointer<bd01::event::Map04_ActRunawayPlayerMove*,std::shared_ptr<bd01::event::Map04_ActRunawayPlayerMove>::__shared_ptr_default_delete<bd01::event::Map04_ActRunawayPlayerMove,bd01::event::Map04_ActRunawayPlayerMove>,std::allocator<bd01::event::Map04_ActRunawayPlayerMove>> * this)
71001f40d4	24	__on_zero_shared	std::__shared_ptr_pointer<bd01::event::Map04_ActRunawayPlayerMove*,std::shared_ptr<bd01::event::Map04_ActRunawayPlayerMove>::__shared_ptr_default_delete<bd01::event::Map04_ActRunawayPlayerMove,bd01::event::Map04_ActRunawayPlayerMove>,std::allocator<bd01::event::Map04_ActRunawayPlayerMove>>	a	a	0		undefined __on_zero_shared(__shared_ptr_pointer<bd01::event::Map04_ActRunawayPlayerMove*,std::shared_ptr<bd01::event::Map04_ActRunawayPlayerMove>::__shared_ptr_default_delete<bd01::event::Map04_ActRunawayPlayerMove,bd01::event::Map04_ActRunawayPlayerMove>,std::allocator<bd01::event::Map04_ActRunawayPlayerMove>> * this)
71001f40ec	4	__on_zero_shared_weak	std::__shared_ptr_pointer<bd01::event::Map04_ActRunawayPlayerMove*,std::shared_ptr<bd01::event::Map04_ActRunawayPlayerMove>::__shared_ptr_default_delete<bd01::event::Map04_ActRunawayPlayerMove,bd01::event::Map04_ActRunawayPlayerMove>,std::allocator<bd01::event::Map04_ActRunawayPlayerMove>>	a	a	0		undefined __on_zero_shared_weak(__shared_ptr_pointer<bd01::event::Map04_ActRunawayPlayerMove*,std::shared_ptr<bd01::event::Map04_ActRunawayPlayerMove>::__shared_ptr_default_delete<bd01::event::Map04_ActRunawayPlayerMove,bd01::event::Map04_ActRunawayPlayerMove>,std::allocator<bd01::event::Map04_ActRunawayPlayerMove>> * this)
71001f40f0	292	AddFiber<bd01::event::Map05_ActRunawayCarMove00>	bq::act::Man	a	a	0		weak_ptr AddFiber<bd01::event::Map05_ActRunawayCarMove00>(long * param_1_00, long * param_2, long param_3)
71001f4258	36	~__shared_ptr_pointer	std::__shared_ptr_pointer<bq::act::FiberManHolder<bd01::event::Map05_ActRunawayCarMove00>*,std::shared_ptr<bq::act::Base>::__shared_ptr_default_delete<bq::act::Base,bq::act::FiberManHolder<bd01::event::Map05_ActRunawayCarMove00>>,std::allocator<bq::act::FiberManHolder<bd01::event::Map05_ActRunawayCarMove00>>>	a	a	0		undefined ~__shared_ptr_pointer(__shared_ptr_pointer<bq::act::FiberManHolder<bd01::event::Map05_ActRunawayCarMove00>*,std::shared_ptr<bq::act::Base>::__shared_ptr_default_delete<bq::act::Base,bq::act::FiberManHolder<bd01::event::Map05_ActRunawayCarMove00>>,std::allocator<bq::act::FiberManHolder<bd01::event::Map05_ActRunawayCarMove00>>> * this)
71001f427c	24	__on_zero_shared	std::__shared_ptr_pointer<bq::act::FiberManHolder<bd01::event::Map05_ActRunawayCarMove00>*,std::shared_ptr<bq::act::Base>::__shared_ptr_default_delete<bq::act::Base,bq::act::FiberManHolder<bd01::event::Map05_ActRunawayCarMove00>>,std::allocator<bq::act::FiberManHolder<bd01::event::Map05_ActRunawayCarMove00>>>	a	a	0		undefined __on_zero_shared(__shared_ptr_pointer<bq::act::FiberManHolder<bd01::event::Map05_ActRunawayCarMove00>*,std::shared_ptr<bq::act::Base>::__shared_ptr_default_delete<bq::act::Base,bq::act::FiberManHolder<bd01::event::Map05_ActRunawayCarMove00>>,std::allocator<bq::act::FiberManHolder<bd01::event::Map05_ActRunawayCarMove00>>> * this)
71001f4294	4	__on_zero_shared_weak	std::__shared_ptr_pointer<bq::act::FiberManHolder<bd01::event::Map05_ActRunawayCarMove00>*,std::shared_ptr<bq::act::Base>::__shared_ptr_default_delete<bq::act::Base,bq::act::FiberManHolder<bd01::event::Map05_ActRunawayCarMove00>>,std::allocator<bq::act::FiberManHolder<bd01::event::Map05_ActRunawayCarMove00>>>	a	a	0		undefined __on_zero_shared_weak(__shared_ptr_pointer<bq::act::FiberManHolder<bd01::event::Map05_ActRunawayCarMove00>*,std::shared_ptr<bq::act::Base>::__shared_ptr_default_delete<bq::act::Base,bq::act::FiberManHolder<bd01::event::Map05_ActRunawayCarMove00>>,std::allocator<bq::act::FiberManHolder<bd01::event::Map05_ActRunawayCarMove00>>> * this)
71001f42a0	96	~FiberManHolder	bq::act::FiberManHolder<bd01::event::Map05_ActRunawayCarMove00>	a	a	0		undefined ~FiberManHolder(FiberManHolder<bd01::event::Map05_ActRunawayCarMove00> * this)
71001f4300	108	~FiberManHolder	bq::act::FiberManHolder<bd01::event::Map05_ActRunawayCarMove00>	a	a	0		undefined ~FiberManHolder(FiberManHolder<bd01::event::Map05_ActRunawayCarMove00> * this)
71001f436c	32	IsProc	bq::act::FiberManHolder<bd01::event::Map05_ActRunawayCarMove00>	a	a	0		uint IsProc(void)
71001f438c	12	IsObject	bq::act::FiberManHolder<bd01::event::Map05_ActRunawayCarMove00>	a	a	0		undefined IsObject(long param_1)
71001f4398	8	SetPauseLevel	bq::act::FiberManHolder<bd01::event::Map05_ActRunawayCarMove00>	a	a	0		undefined SetPauseLevel(long param_1)
71001f43a0	36	~__shared_ptr_pointer	std::__shared_ptr_pointer<bd01::event::Map05_ActRunawayCarMove00*,std::shared_ptr<bd01::event::Map05_ActRunawayCarMove00>::__shared_ptr_default_delete<bd01::event::Map05_ActRunawayCarMove00,bd01::event::Map05_ActRunawayCarMove00>,std::allocator<bd01::event::Map05_ActRunawayCarMove00>>	a	a	0		undefined ~__shared_ptr_pointer(__shared_ptr_pointer<bd01::event::Map05_ActRunawayCarMove00*,std::shared_ptr<bd01::event::Map05_ActRunawayCarMove00>::__shared_ptr_default_delete<bd01::event::Map05_ActRunawayCarMove00,bd01::event::Map05_ActRunawayCarMove00>,std::allocator<bd01::event::Map05_ActRunawayCarMove00>> * this)
71001f43c4	24	__on_zero_shared	std::__shared_ptr_pointer<bd01::event::Map05_ActRunawayCarMove00*,std::shared_ptr<bd01::event::Map05_ActRunawayCarMove00>::__shared_ptr_default_delete<bd01::event::Map05_ActRunawayCarMove00,bd01::event::Map05_ActRunawayCarMove00>,std::allocator<bd01::event::Map05_ActRunawayCarMove00>>	a	a	0		undefined __on_zero_shared(__shared_ptr_pointer<bd01::event::Map05_ActRunawayCarMove00*,std::shared_ptr<bd01::event::Map05_ActRunawayCarMove00>::__shared_ptr_default_delete<bd01::event::Map05_ActRunawayCarMove00,bd01::event::Map05_ActRunawayCarMove00>,std::allocator<bd01::event::Map05_ActRunawayCarMove00>> * this)
71001f43dc	4	__on_zero_shared_weak	std::__shared_ptr_pointer<bd01::event::Map05_ActRunawayCarMove00*,std::shared_ptr<bd01::event::Map05_ActRunawayCarMove00>::__shared_ptr_default_delete<bd01::event::Map05_ActRunawayCarMove00,bd01::event::Map05_ActRunawayCarMove00>,std::allocator<bd01::event::Map05_ActRunawayCarMove00>>	a	a	0		undefined __on_zero_shared_weak(__shared_ptr_pointer<bd01::event::Map05_ActRunawayCarMove00*,std::shared_ptr<bd01::event::Map05_ActRunawayCarMove00>::__shared_ptr_default_delete<bd01::event::Map05_ActRunawayCarMove00,bd01::event::Map05_ActRunawayCarMove00>,std::allocator<bd01::event::Map05_ActRunawayCarMove00>> * this)
71001f43e0	292	AddFiber<bd01::event::Map05_ActRunawayPlayerMove>	bq::act::Man	a	a	0		weak_ptr AddFiber<bd01::event::Map05_ActRunawayPlayerMove>(long * param_1_00, long * param_2, long param_3)
71001f4548	36	~__shared_ptr_pointer	std::__shared_ptr_pointer<bq::act::FiberManHolder<bd01::event::Map05_ActRunawayPlayerMove>*,std::shared_ptr<bq::act::Base>::__shared_ptr_default_delete<bq::act::Base,bq::act::FiberManHolder<bd01::event::Map05_ActRunawayPlayerMove>>,std::allocator<bq::act::FiberManHolder<bd01::event::Map05_ActRunawayPlayerMove>>>	a	a	0		undefined ~__shared_ptr_pointer(__shared_ptr_pointer<bq::act::FiberManHolder<bd01::event::Map05_ActRunawayPlayerMove>*,std::shared_ptr<bq::act::Base>::__shared_ptr_default_delete<bq::act::Base,bq::act::FiberManHolder<bd01::event::Map05_ActRunawayPlayerMove>>,std::allocator<bq::act::FiberManHolder<bd01::event::Map05_ActRunawayPlayerMove>>> * this)
71001f456c	24	__on_zero_shared	std::__shared_ptr_pointer<bq::act::FiberManHolder<bd01::event::Map05_ActRunawayPlayerMove>*,std::shared_ptr<bq::act::Base>::__shared_ptr_default_delete<bq::act::Base,bq::act::FiberManHolder<bd01::event::Map05_ActRunawayPlayerMove>>,std::allocator<bq::act::FiberManHolder<bd01::event::Map05_ActRunawayPlayerMove>>>	a	a	0		undefined __on_zero_shared(__shared_ptr_pointer<bq::act::FiberManHolder<bd01::event::Map05_ActRunawayPlayerMove>*,std::shared_ptr<bq::act::Base>::__shared_ptr_default_delete<bq::act::Base,bq::act::FiberManHolder<bd01::event::Map05_ActRunawayPlayerMove>>,std::allocator<bq::act::FiberManHolder<bd01::event::Map05_ActRunawayPlayerMove>>> * this)
71001f4584	4	__on_zero_shared_weak	std::__shared_ptr_pointer<bq::act::FiberManHolder<bd01::event::Map05_ActRunawayPlayerMove>*,std::shared_ptr<bq::act::Base>::__shared_ptr_default_delete<bq::act::Base,bq::act::FiberManHolder<bd01::event::Map05_ActRunawayPlayerMove>>,std::allocator<bq::act::FiberManHolder<bd01::event::Map05_ActRunawayPlayerMove>>>	a	a	0		undefined __on_zero_shared_weak(__shared_ptr_pointer<bq::act::FiberManHolder<bd01::event::Map05_ActRunawayPlayerMove>*,std::shared_ptr<bq::act::Base>::__shared_ptr_default_delete<bq::act::Base,bq::act::FiberManHolder<bd01::event::Map05_ActRunawayPlayerMove>>,std::allocator<bq::act::FiberManHolder<bd01::event::Map05_ActRunawayPlayerMove>>> * this)
71001f4590	96	~FiberManHolder	bq::act::FiberManHolder<bd01::event::Map05_ActRunawayPlayerMove>	a	a	0		undefined ~FiberManHolder(FiberManHolder<bd01::event::Map05_ActRunawayPlayerMove> * this)
71001f45f0	108	~FiberManHolder	bq::act::FiberManHolder<bd01::event::Map05_ActRunawayPlayerMove>	a	a	0		undefined ~FiberManHolder(FiberManHolder<bd01::event::Map05_ActRunawayPlayerMove> * this)
71001f465c	32	IsProc	bq::act::FiberManHolder<bd01::event::Map05_ActRunawayPlayerMove>	a	a	0		uint IsProc(void)
71001f467c	12	IsObject	bq::act::FiberManHolder<bd01::event::Map05_ActRunawayPlayerMove>	a	a	0		undefined IsObject(long param_1)
71001f4688	8	SetPauseLevel	bq::act::FiberManHolder<bd01::event::Map05_ActRunawayPlayerMove>	a	a	0		undefined SetPauseLevel(long param_1)
71001f4690	36	~__shared_ptr_pointer	std::__shared_ptr_pointer<bd01::event::Map05_ActRunawayPlayerMove*,std::shared_ptr<bd01::event::Map05_ActRunawayPlayerMove>::__shared_ptr_default_delete<bd01::event::Map05_ActRunawayPlayerMove,bd01::event::Map05_ActRunawayPlayerMove>,std::allocator<bd01::event::Map05_ActRunawayPlayerMove>>	a	a	0		undefined ~__shared_ptr_pointer(__shared_ptr_pointer<bd01::event::Map05_ActRunawayPlayerMove*,std::shared_ptr<bd01::event::Map05_ActRunawayPlayerMove>::__shared_ptr_default_delete<bd01::event::Map05_ActRunawayPlayerMove,bd01::event::Map05_ActRunawayPlayerMove>,std::allocator<bd01::event::Map05_ActRunawayPlayerMove>> * this)
71001f46b4	24	__on_zero_shared	std::__shared_ptr_pointer<bd01::event::Map05_ActRunawayPlayerMove*,std::shared_ptr<bd01::event::Map05_ActRunawayPlayerMove>::__shared_ptr_default_delete<bd01::event::Map05_ActRunawayPlayerMove,bd01::event::Map05_ActRunawayPlayerMove>,std::allocator<bd01::event::Map05_ActRunawayPlayerMove>>	a	a	0		undefined __on_zero_shared(__shared_ptr_pointer<bd01::event::Map05_ActRunawayPlayerMove*,std::shared_ptr<bd01::event::Map05_ActRunawayPlayerMove>::__shared_ptr_default_delete<bd01::event::Map05_ActRunawayPlayerMove,bd01::event::Map05_ActRunawayPlayerMove>,std::allocator<bd01::event::Map05_ActRunawayPlayerMove>> * this)
71001f46cc	4	__on_zero_shared_weak	std::__shared_ptr_pointer<bd01::event::Map05_ActRunawayPlayerMove*,std::shared_ptr<bd01::event::Map05_ActRunawayPlayerMove>::__shared_ptr_default_delete<bd01::event::Map05_ActRunawayPlayerMove,bd01::event::Map05_ActRunawayPlayerMove>,std::allocator<bd01::event::Map05_ActRunawayPlayerMove>>	a	a	0		undefined __on_zero_shared_weak(__shared_ptr_pointer<bd01::event::Map05_ActRunawayPlayerMove*,std::shared_ptr<bd01::event::Map05_ActRunawayPlayerMove>::__shared_ptr_default_delete<bd01::event::Map05_ActRunawayPlayerMove,bd01::event::Map05_ActRunawayPlayerMove>,std::allocator<bd01::event::Map05_ActRunawayPlayerMove>> * this)
71001f46d0	292	AddFiber<bd01::event::ActRunawayCameraMove>	bq::act::Man	a	a	0		weak_ptr AddFiber<bd01::event::ActRunawayCameraMove>(long * param_1_00, long * param_2, long param_3)
71001f4838	36	~__shared_ptr_pointer	std::__shared_ptr_pointer<bq::act::FiberManHolder<bd01::event::ActRunawayCameraMove>*,std::shared_ptr<bq::act::Base>::__shared_ptr_default_delete<bq::act::Base,bq::act::FiberManHolder<bd01::event::ActRunawayCameraMove>>,std::allocator<bq::act::FiberManHolder<bd01::event::ActRunawayCameraMove>>>	a	a	0		undefined ~__shared_ptr_pointer(__shared_ptr_pointer<bq::act::FiberManHolder<bd01::event::ActRunawayCameraMove>*,std::shared_ptr<bq::act::Base>::__shared_ptr_default_delete<bq::act::Base,bq::act::FiberManHolder<bd01::event::ActRunawayCameraMove>>,std::allocator<bq::act::FiberManHolder<bd01::event::ActRunawayCameraMove>>> * this)
71001f485c	24	__on_zero_shared	std::__shared_ptr_pointer<bq::act::FiberManHolder<bd01::event::ActRunawayCameraMove>*,std::shared_ptr<bq::act::Base>::__shared_ptr_default_delete<bq::act::Base,bq::act::FiberManHolder<bd01::event::ActRunawayCameraMove>>,std::allocator<bq::act::FiberManHolder<bd01::event::ActRunawayCameraMove>>>	a	a	0		undefined __on_zero_shared(__shared_ptr_pointer<bq::act::FiberManHolder<bd01::event::ActRunawayCameraMove>*,std::shared_ptr<bq::act::Base>::__shared_ptr_default_delete<bq::act::Base,bq::act::FiberManHolder<bd01::event::ActRunawayCameraMove>>,std::allocator<bq::act::FiberManHolder<bd01::event::ActRunawayCameraMove>>> * this)
71001f4874	4	__on_zero_shared_weak	std::__shared_ptr_pointer<bq::act::FiberManHolder<bd01::event::ActRunawayCameraMove>*,std::shared_ptr<bq::act::Base>::__shared_ptr_default_delete<bq::act::Base,bq::act::FiberManHolder<bd01::event::ActRunawayCameraMove>>,std::allocator<bq::act::FiberManHolder<bd01::event::ActRunawayCameraMove>>>	a	a	0		undefined __on_zero_shared_weak(__shared_ptr_pointer<bq::act::FiberManHolder<bd01::event::ActRunawayCameraMove>*,std::shared_ptr<bq::act::Base>::__shared_ptr_default_delete<bq::act::Base,bq::act::FiberManHolder<bd01::event::ActRunawayCameraMove>>,std::allocator<bq::act::FiberManHolder<bd01::event::ActRunawayCameraMove>>> * this)
71001f4880	96	~FiberManHolder	bq::act::FiberManHolder<bd01::event::ActRunawayCameraMove>	a	a	0		undefined ~FiberManHolder(FiberManHolder<bd01::event::ActRunawayCameraMove> * this)
71001f48e0	108	~FiberManHolder	bq::act::FiberManHolder<bd01::event::ActRunawayCameraMove>	a	a	0		undefined ~FiberManHolder(FiberManHolder<bd01::event::ActRunawayCameraMove> * this)
71001f494c	32	IsProc	bq::act::FiberManHolder<bd01::event::ActRunawayCameraMove>	a	a	0		uint IsProc(void)
71001f496c	12	IsObject	bq::act::FiberManHolder<bd01::event::ActRunawayCameraMove>	a	a	0		undefined IsObject(long param_1)
71001f4978	8	SetPauseLevel	bq::act::FiberManHolder<bd01::event::ActRunawayCameraMove>	a	a	0		undefined SetPauseLevel(long param_1)
71001f4980	36	~__shared_ptr_pointer	std::__shared_ptr_pointer<bd01::event::ActRunawayCameraMove*,std::shared_ptr<bd01::event::ActRunawayCameraMove>::__shared_ptr_default_delete<bd01::event::ActRunawayCameraMove,bd01::event::ActRunawayCameraMove>,std::allocator<bd01::event::ActRunawayCameraMove>>	a	a	0		undefined ~__shared_ptr_pointer(__shared_ptr_pointer<bd01::event::ActRunawayCameraMove*,std::shared_ptr<bd01::event::ActRunawayCameraMove>::__shared_ptr_default_delete<bd01::event::ActRunawayCameraMove,bd01::event::ActRunawayCameraMove>,std::allocator<bd01::event::ActRunawayCameraMove>> * this)
71001f49a4	24	__on_zero_shared	std::__shared_ptr_pointer<bd01::event::ActRunawayCameraMove*,std::shared_ptr<bd01::event::ActRunawayCameraMove>::__shared_ptr_default_delete<bd01::event::ActRunawayCameraMove,bd01::event::ActRunawayCameraMove>,std::allocator<bd01::event::ActRunawayCameraMove>>	a	a	0		undefined __on_zero_shared(__shared_ptr_pointer<bd01::event::ActRunawayCameraMove*,std::shared_ptr<bd01::event::ActRunawayCameraMove>::__shared_ptr_default_delete<bd01::event::ActRunawayCameraMove,bd01::event::ActRunawayCameraMove>,std::allocator<bd01::event::ActRunawayCameraMove>> * this)
71001f49bc	4	__on_zero_shared_weak	std::__shared_ptr_pointer<bd01::event::ActRunawayCameraMove*,std::shared_ptr<bd01::event::ActRunawayCameraMove>::__shared_ptr_default_delete<bd01::event::ActRunawayCameraMove,bd01::event::ActRunawayCameraMove>,std::allocator<bd01::event::ActRunawayCameraMove>>	a	a	0		undefined __on_zero_shared_weak(__shared_ptr_pointer<bd01::event::ActRunawayCameraMove*,std::shared_ptr<bd01::event::ActRunawayCameraMove>::__shared_ptr_default_delete<bd01::event::ActRunawayCameraMove,bd01::event::ActRunawayCameraMove>,std::allocator<bd01::event::ActRunawayCameraMove>> * this)
71001f49c0	168	beginEventPrintInfo	bd01::event	a	a	0		undefined beginEventPrintInfo(undefined8 param_1, char * param_2)
71001f4a70	168	finishEventPrintInfo	bd01::event	a	a	0		undefined finishEventPrintInfo(undefined8 param_1, char * param_2)
71001f4b20	92	SetNpcLook	bd01::event	a	a	0		undefined SetNpcLook(long param_1)
71001f4b80	68	SetNpcLook	bd01::event	a	a	0		undefined SetNpcLook(undefined8 param_1_00, long param_2)
71001f4bd0	60	SetNpcLookNone	bd01::event	a	a	0		undefined SetNpcLookNone(long param_1)
71001f4c10	292	SetCastShadow	bd01::event	a	a	0		undefined SetCastShadow(long param_1)
71001f4d40	276	IsCastShadow	bd01::event	a	a	0		uint IsCastShadow(long param_1)
71001f4e60	428	GetJugemuHookPos	bd01::event	a	a	0		undefined1[16] GetJugemuHookPos(long * param_1, uint * param_2, uint param_3, uint param_4)
71001f5010	452	UpdJugemuHook	bd01::event	a	a	0		undefined UpdJugemuHook(float param_1_00, undefined1[16] param_2, long * param_3, uint * param_4, uint param_5)
71001f51e0	24	Calcintp	bd01::event	a	a	0		undefined1[16] Calcintp(undefined1[16] param_1, undefined1[16] param_2, float param_3)
71001f5200	52	Calcquad	bd01::event	a	a	0		undefined1[16] Calcquad(undefined1[16] param_1, undefined1[16] param_2, undefined1[16] param_3, float param_4)
71001f5240	296	resetChest	bd01::event	a	a	0		undefined resetChest(MapMgr * param_1)
71001f5370	524	resetFish	bd01::event	a	a	0		undefined resetFish(MapMgr * param_1)
71001f55c0	444	resetZipline	bd01::event	a	a	0		undefined resetZipline(MapMgr * param_1)
71001f5780	452	resetTide	bd01::event	a	a	0		undefined resetTide(MapMgr * param_1)
71001f5944	48	Map01_PlayerBegin	bd01::event::Map01_PlayerBegin	a	a	0		undefined Map01_PlayerBegin(Map01_PlayerBegin * this)
71001f5974	4	Update	bd01::event::Map01_PlayerBegin	a	a	0		undefined Update(void)
71001f5978	84	Map01_PlayerEnd0	bd01::event::Map01_PlayerEnd0	a	a	0		undefined Map01_PlayerEnd0(Map01_PlayerEnd0 * this, MapMgr * param_1)
71001f59e0	4	Update	bd01::event::Map01_PlayerEnd0	a	a	0		undefined Update(void)
71001f59e4	148	Map01_PlayerEnd1	bd01::event::Map01_PlayerEnd1	a	a	0		undefined Map01_PlayerEnd1(Map01_PlayerEnd1 * this, long param_1)
71001f5a8c	4	Update	bd01::event::Map01_PlayerEnd1	a	a	0		undefined Update(void)
71001f5a90	204	Map01_TurnBegin	bd01::event::Map01_TurnBegin	a	a	0		undefined Map01_TurnBegin(Map01_TurnBegin * this, long param_1)
71001f5b74	1120	Update	bd01::event::Map01_TurnBegin	a	a	0		undefined Update(Map01_TurnBegin * this)
71001f5ff0	80	Map01_TurnBegin2	bd01::event::Map01_TurnBegin2	a	a	0		undefined Map01_TurnBegin2(Map01_TurnBegin2 * this, undefined8 param_1)
71001f6054	216	Update	bd01::event::Map01_TurnBegin2	a	a	0		undefined Update(long param_1)
71001f612c	80	Map01_TurnEnd	bd01::event::Map01_TurnEnd	a	a	0		undefined Map01_TurnEnd(Map01_TurnEnd * this, undefined8 param_1)
71001f6190	24	Update	bd01::event::Map01_TurnEnd	a	a	0		undefined Update(Map01_TurnEnd * this)
71001f61a8	144	Map01_Tide	bd01::event::Map01_Tide	a	a	0		undefined Map01_Tide(Map01_Tide * this, undefined4 * param_1, undefined8 param_2, undefined4 param_3)
71001f6250	480	~Map01_Tide	bd01::event::Map01_Tide	a	a	0		undefined ~Map01_Tide(Map01_Tide * this)
71001f6430	36	~Map01_Tide	bd01::event::Map01_Tide	a	a	0		undefined ~Map01_Tide(Map01_Tide * this)
71001f6460	10040	Update	bd01::event::Map01_Tide	a	a	0		undefined Update(Map01_Tide * this)
71001f8f50	152	ActFishup	bd01::event::ActFishup	a	a	0		undefined ActFishup(ActFishup * this, uint * param_1, undefined8 param_2, undefined8 param_3, undefined8 param_4)
71001f8ffc	80	~ActFishup	bd01::event::ActFishup	a	a	0		undefined ~ActFishup(ActFishup * this)
71001f904c	36	~ActFishup	bd01::event::ActFishup	a	a	0		undefined ~ActFishup(ActFishup * this)
71001f9070	1776	Update	bd01::event::ActFishup	a	a	0		undefined Update(ActFishup * this)
71001f9760	756	ActLand	bd01::event::ActLand	a	a	0		undefined ActLand(undefined1[16] param_1, ActLand * this, uint * param_3, undefined8 param_4, long * param_5, undefined2 * param_6, undefined8 param_7)
71001f9a78	80	~ActLand	bd01::event::ActLand	a	a	0		undefined ~ActLand(ActLand * this)
71001f9ac8	36	~ActLand	bd01::event::ActLand	a	a	0		undefined ~ActLand(ActLand * this)
71001f9af0	2244	Update	bd01::event::ActLand	a	a	0		undefined Update(ActLand * this)
71001fa3bc	88	ActJugemu	bd01::event::ActJugemu	a	a	0		undefined ActJugemu(ActJugemu * this, undefined8 param_1, undefined4 param_2, undefined4 * param_3)
71001fa414	80	~ActJugemu	bd01::event::ActJugemu	a	a	0		undefined ~ActJugemu(ActJugemu * this)
71001fa464	36	~ActJugemu	bd01::event::ActJugemu	a	a	0		undefined ~ActJugemu(ActJugemu * this)
71001fa490	1252	Update	bd01::event::ActJugemu	a	a	0		undefined Update(ActJugemu * this)
71001fa980	348	CalcTime	bd01::event::ActJugemu	a	a	0		undefined8 CalcTime(float param_1, float param_2, undefined8 param_3_00, int * param_4, float * param_5, float * param_6)
71001faadc	124	Map01_IslandPassing	bd01::event::Map01_IslandPassing	a	a	0		undefined Map01_IslandPassing(Map01_IslandPassing * this, uint * param_1, undefined8 param_2)
71001fab6c	156	~Map01_IslandPassing	bd01::event::Map01_IslandPassing	a	a	0		undefined ~Map01_IslandPassing(Map01_IslandPassing * this)
71001fac08	36	~Map01_IslandPassing	bd01::event::Map01_IslandPassing	a	a	0		undefined ~Map01_IslandPassing(Map01_IslandPassing * this)
71001fac30	16336	Update	bd01::event::Map01_IslandPassing	a	a	0		undefined Update(Map01_IslandPassing * this)
71001ff2dc	48	MessageAnim	bd01::event::Map01_IslandPassing	a	a	0		undefined MessageAnim(Map01_IslandPassing * this, byte * param_1)
71001ff30c	692	checkVolcano	bd01::event::Map01_IslandPassing	a	a	0		undefined checkVolcano(Map01_IslandPassing * this, short * param_1)
71001ff5f4	152	Map01_IslandPassingQuest	bd01::event::Map01_IslandPassingQuest	a	a	0		undefined Map01_IslandPassingQuest(Map01_IslandPassingQuest * this, uint * param_1, undefined8 param_2, undefined4 param_3)
71001ff6ac	156	~Map01_IslandPassingQuest	bd01::event::Map01_IslandPassingQuest	a	a	0		undefined ~Map01_IslandPassingQuest(Map01_IslandPassingQuest * this)
71001ff74c	36	~Map01_IslandPassingQuest	bd01::event::Map01_IslandPassingQuest	a	a	0		undefined ~Map01_IslandPassingQuest(Map01_IslandPassingQuest * this)
71001ff770	8096	Play	bd01::event::Map01_IslandPassingQuest	a	a	0		undefined Play(Map01_IslandPassingQuest * this, int param_1)
