addr	size	name	namespace	namesrc	sigsrc	thunk	tags	signature
7100000080	12	nndetailRoGetRoDataStart		i	a	0		undefined1 * nndetailRoGetRoDataStart(void)
7100000090	12	nndetailRoGetRoDataEnd		i	a	0		undefined * nndetailRoGetRoDataEnd(void)
71000000a0	352	_init		i	i	0		int _init(EVP_PKEY_CTX * ctx)
7100000200	144	_fini		i	a	0		undefined _fini(void)
7100000290	36	FUN_7100000290		d	a	0		undefined8 FUN_7100000290(long param_1)
7100000340	120	FUN_7100000340		d	a	0		undefined8 FUN_7100000340(undefined8 param_1, undefined8 param_2, long param_3)
71000003c0	184	FUN_71000003c0		d	a	0		undefined FUN_71000003c0(long param_1, ulong param_2, ulong param_3)
7100000480	88	FUN_7100000480		d	a	0		undefined FUN_7100000480(void)
71000004e0	80	FUN_71000004e0		d	a	0		undefined FUN_71000004e0(void)
7100000530	88	FUN_7100000530		d	a	0		undefined FUN_7100000530(void)
7100000590	88	FUN_7100000590		d	a	0		undefined FUN_7100000590(void)
71000005f0	80	FUN_71000005f0		d	a	0		undefined FUN_71000005f0(void)
7100000640	80	FUN_7100000640		d	a	0		undefined FUN_7100000640(void)
7100000690	88	FUN_7100000690		d	a	0		undefined FUN_7100000690(void)
71000006f0	88	FUN_71000006f0		d	a	0		undefined FUN_71000006f0(void)
7100000750	88	FUN_7100000750		d	a	0		undefined FUN_7100000750(void)
71000007b0	88	FUN_71000007b0		d	a	0		undefined FUN_71000007b0(void)
7100000810	88	FUN_7100000810		d	a	0		undefined FUN_7100000810(void)
7100000870	88	FUN_7100000870		d	a	0		undefined FUN_7100000870(void)
71000008d0	88	FUN_71000008d0		d	a	0		undefined FUN_71000008d0(void)
7100000930	88	FUN_7100000930		d	a	0		undefined FUN_7100000930(void)
7100000990	88	FUN_7100000990		d	a	0		undefined FUN_7100000990(void)
71000009f0	88	FUN_71000009f0		d	a	0		undefined FUN_71000009f0(void)
7100000a50	80	FUN_7100000a50		d	a	0		undefined FUN_7100000a50(void)
7100000aa0	80	FUN_7100000aa0		d	a	0		undefined FUN_7100000aa0(void)
7100000af0	80	FUN_7100000af0		d	a	0		undefined FUN_7100000af0(void)
7100000b40	80	FUN_7100000b40		d	a	0		undefined FUN_7100000b40(void)
7100000b90	88	FUN_7100000b90		d	a	0		undefined FUN_7100000b90(void)
7100000bf0	88	FUN_7100000bf0		d	a	0		undefined FUN_7100000bf0(void)
7100000c50	88	FUN_7100000c50		d	a	0		undefined FUN_7100000c50(void)
7100000cb0	88	FUN_7100000cb0		d	a	0		undefined FUN_7100000cb0(void)
7100000d10	88	FUN_7100000d10		d	a	0		undefined FUN_7100000d10(void)
7100000d70	88	FUN_7100000d70		d	a	0		undefined FUN_7100000d70(void)
7100000dd0	88	FUN_7100000dd0		d	a	0		undefined FUN_7100000dd0(void)
7100000e30	88	FUN_7100000e30		d	a	0		undefined FUN_7100000e30(void)
7100000e90	88	FUN_7100000e90		d	a	0		undefined FUN_7100000e90(void)
7100000ef0	88	FUN_7100000ef0		d	a	0		undefined FUN_7100000ef0(void)
7100000f50	88	FUN_7100000f50		d	a	0		undefined FUN_7100000f50(void)
7100000fb0	88	FUN_7100000fb0		d	a	0		undefined FUN_7100000fb0(void)
7100001010	88	FUN_7100001010		d	a	0		undefined FUN_7100001010(void)
7100001070	88	FUN_7100001070		d	a	0		undefined FUN_7100001070(void)
71000010d0	88	FUN_71000010d0		d	a	0		undefined FUN_71000010d0(void)
7100001130	88	FUN_7100001130		d	a	0		undefined FUN_7100001130(void)
7100001190	88	FUN_7100001190		d	a	0		undefined FUN_7100001190(void)
71000011f0	88	FUN_71000011f0		d	a	0		undefined FUN_71000011f0(void)
7100001250	88	FUN_7100001250		d	a	0		undefined FUN_7100001250(void)
71000012b0	88	FUN_71000012b0		d	a	0		undefined FUN_71000012b0(void)
7100001310	88	FUN_7100001310		d	a	0		undefined FUN_7100001310(void)
7100001370	88	FUN_7100001370		d	a	0		undefined FUN_7100001370(void)
71000013d0	88	FUN_71000013d0		d	a	0		undefined FUN_71000013d0(void)
7100001430	88	FUN_7100001430		d	a	0		undefined FUN_7100001430(void)
7100001490	88	FUN_7100001490		d	a	0		undefined FUN_7100001490(void)
71000014f0	88	FUN_71000014f0		d	a	0		undefined FUN_71000014f0(void)
7100001550	88	FUN_7100001550		d	a	0		undefined FUN_7100001550(void)
71000015b0	88	FUN_71000015b0		d	a	0		undefined FUN_71000015b0(void)
7100001610	88	FUN_7100001610		d	a	0		undefined FUN_7100001610(void)
7100001670	88	FUN_7100001670		d	a	0		undefined FUN_7100001670(void)
71000016d0	88	FUN_71000016d0		d	a	0		undefined FUN_71000016d0(void)
7100001730	88	FUN_7100001730		d	a	0		undefined FUN_7100001730(void)
7100001790	88	FUN_7100001790		d	a	0		undefined FUN_7100001790(void)
71000017f0	88	FUN_71000017f0		d	a	0		undefined FUN_71000017f0(void)
7100001850	88	FUN_7100001850		d	a	0		undefined FUN_7100001850(void)
71000018b0	88	FUN_71000018b0		d	a	0		undefined FUN_71000018b0(void)
7100001910	88	FUN_7100001910		d	a	0		undefined FUN_7100001910(void)
7100001970	88	FUN_7100001970		d	a	0		undefined FUN_7100001970(void)
71000019d0	88	FUN_71000019d0		d	a	0		undefined FUN_71000019d0(void)
7100001a30	88	FUN_7100001a30		d	a	0		undefined FUN_7100001a30(void)
7100001a90	80	FUN_7100001a90		d	a	0		undefined FUN_7100001a90(void)
7100001ae0	80	FUN_7100001ae0		d	a	0		undefined FUN_7100001ae0(void)
7100001b30	80	FUN_7100001b30		d	a	0		undefined FUN_7100001b30(void)
7100001b80	80	FUN_7100001b80		d	a	0		undefined FUN_7100001b80(void)
7100001bd0	80	FUN_7100001bd0		d	a	0		undefined FUN_7100001bd0(void)
7100001c20	80	FUN_7100001c20		d	a	0		undefined FUN_7100001c20(void)
7100001c70	80	FUN_7100001c70		d	a	0		undefined FUN_7100001c70(void)
7100001cc0	88	FUN_7100001cc0		d	a	0		undefined FUN_7100001cc0(void)
7100001d20	88	FUN_7100001d20		d	a	0		undefined FUN_7100001d20(void)
7100001d80	88	FUN_7100001d80		d	a	0		undefined FUN_7100001d80(void)
7100001de0	88	FUN_7100001de0		d	a	0		undefined FUN_7100001de0(void)
7100001e40	88	FUN_7100001e40		d	a	0		undefined FUN_7100001e40(void)
7100001ea0	88	FUN_7100001ea0		d	a	0		undefined FUN_7100001ea0(void)
7100001f00	88	FUN_7100001f00		d	a	0		undefined FUN_7100001f00(void)
7100001f60	88	FUN_7100001f60		d	a	0		undefined FUN_7100001f60(void)
7100001fc0	88	FUN_7100001fc0		d	a	0		undefined FUN_7100001fc0(void)
7100002020	88	FUN_7100002020		d	a	0		undefined FUN_7100002020(void)
7100002080	88	FUN_7100002080		d	a	0		undefined FUN_7100002080(void)
71000020e0	88	FUN_71000020e0		d	a	0		undefined FUN_71000020e0(void)
7100002140	88	FUN_7100002140		d	a	0		undefined FUN_7100002140(void)
71000021a0	80	FUN_71000021a0		d	a	0		undefined FUN_71000021a0(void)
71000021f0	88	FUN_71000021f0		d	a	0		undefined FUN_71000021f0(void)
7100002250	88	FUN_7100002250		d	a	0		undefined FUN_7100002250(void)
71000022b0	80	FUN_71000022b0		d	a	0		undefined FUN_71000022b0(void)
7100002300	80	FUN_7100002300		d	a	0		undefined FUN_7100002300(void)
7100002350	80	FUN_7100002350		d	a	0		undefined FUN_7100002350(void)
71000023a0	80	FUN_71000023a0		d	a	0		undefined FUN_71000023a0(void)
71000023f0	88	FUN_71000023f0		d	a	0		undefined FUN_71000023f0(void)
7100002450	88	FUN_7100002450		d	a	0		undefined FUN_7100002450(void)
71000024b0	88	FUN_71000024b0		d	a	0		undefined FUN_71000024b0(void)
7100002510	88	FUN_7100002510		d	a	0		undefined FUN_7100002510(void)
7100002570	88	FUN_7100002570		d	a	0		undefined FUN_7100002570(void)
71000025d0	80	FUN_71000025d0		d	a	0		undefined FUN_71000025d0(void)
7100002620	80	FUN_7100002620		d	a	0		undefined FUN_7100002620(void)
7100002670	80	FUN_7100002670		d	a	0		undefined FUN_7100002670(void)
71000026c0	80	FUN_71000026c0		d	a	0		undefined FUN_71000026c0(void)
7100002710	80	FUN_7100002710		d	a	0		undefined FUN_7100002710(void)
7100002760	80	FUN_7100002760		d	a	0		undefined FUN_7100002760(void)
71000027b0	80	FUN_71000027b0		d	a	0		undefined FUN_71000027b0(void)
7100002800	80	FUN_7100002800		d	a	0		undefined FUN_7100002800(void)
7100002850	80	FUN_7100002850		d	a	0		undefined FUN_7100002850(void)
71000028a0	80	FUN_71000028a0		d	a	0		undefined FUN_71000028a0(void)
71000028f0	80	FUN_71000028f0		d	a	0		undefined FUN_71000028f0(void)
7100002940	80	FUN_7100002940		d	a	0		undefined FUN_7100002940(void)
7100002990	80	FUN_7100002990		d	a	0		undefined FUN_7100002990(void)
71000029e0	80	FUN_71000029e0		d	a	0		undefined FUN_71000029e0(void)
7100002a30	80	FUN_7100002a30		d	a	0		undefined FUN_7100002a30(void)
7100002a80	80	FUN_7100002a80		d	a	0		undefined FUN_7100002a80(void)
7100002ad0	80	FUN_7100002ad0		d	a	0		undefined FUN_7100002ad0(void)
7100002b20	80	FUN_7100002b20		d	a	0		undefined FUN_7100002b20(void)
7100002b70	80	FUN_7100002b70		d	a	0		undefined FUN_7100002b70(void)
7100002bc0	80	FUN_7100002bc0		d	a	0		undefined FUN_7100002bc0(void)
7100002c10	80	FUN_7100002c10		d	a	0		undefined FUN_7100002c10(void)
7100002c60	80	FUN_7100002c60		d	a	0		undefined FUN_7100002c60(void)
7100002cb0	80	FUN_7100002cb0		d	a	0		undefined FUN_7100002cb0(void)
7100002d00	80	FUN_7100002d00		d	a	0		undefined FUN_7100002d00(void)
7100002d50	80	FUN_7100002d50		d	a	0		undefined FUN_7100002d50(void)
7100002da0	80	FUN_7100002da0		d	a	0		undefined FUN_7100002da0(void)
7100002df0	88	FUN_7100002df0		d	a	0		undefined FUN_7100002df0(void)
7100002e50	88	FUN_7100002e50		d	a	0		undefined FUN_7100002e50(void)
7100002eb0	88	FUN_7100002eb0		d	a	0		undefined FUN_7100002eb0(void)
7100002f10	88	FUN_7100002f10		d	a	0		undefined FUN_7100002f10(void)
7100002f70	88	FUN_7100002f70		d	a	0		undefined FUN_7100002f70(void)
7100002fd0	88	FUN_7100002fd0		d	a	0		undefined FUN_7100002fd0(void)
7100003030	88	FUN_7100003030		d	a	0		undefined FUN_7100003030(void)
7100003090	88	FUN_7100003090		d	a	0		undefined FUN_7100003090(void)
71000030f0	88	FUN_71000030f0		d	a	0		undefined FUN_71000030f0(void)
7100003150	88	FUN_7100003150		d	a	0		undefined FUN_7100003150(void)
71000031b0	88	FUN_71000031b0		d	a	0		undefined FUN_71000031b0(void)
7100003210	88	FUN_7100003210		d	a	0		undefined FUN_7100003210(void)
7100003270	88	FUN_7100003270		d	a	0		undefined FUN_7100003270(void)
71000032d0	80	FUN_71000032d0		d	a	0		undefined FUN_71000032d0(void)
7100003320	80	FUN_7100003320		d	a	0		undefined FUN_7100003320(void)
7100003370	88	FUN_7100003370		d	a	0		undefined FUN_7100003370(void)
71000033d0	80	FUN_71000033d0		d	a	0		undefined FUN_71000033d0(void)
7100003420	80	FUN_7100003420		d	a	0		undefined FUN_7100003420(void)
7100003470	80	FUN_7100003470		d	a	0		undefined FUN_7100003470(void)
71000034c0	80	FUN_71000034c0		d	a	0		undefined FUN_71000034c0(void)
7100003510	80	FUN_7100003510		d	a	0		undefined FUN_7100003510(void)
7100003560	80	FUN_7100003560		d	a	0		undefined FUN_7100003560(void)
71000035b0	232	Mg1401CameraManager	mg1401::Mg1401CameraManager	a	a	0		undefined Mg1401CameraManager(Mg1401CameraManager * this)
71000036a0	16	FUN_71000036a0		d	a	0		undefined FUN_71000036a0(void)
71000036b0	100	~Mg1401CameraManager	mg1401::Mg1401CameraManager	a	a	0		undefined ~Mg1401CameraManager(Mg1401CameraManager * this)
7100003714	36	~Mg1401CameraManager	mg1401::Mg1401CameraManager	a	a	0		undefined ~Mg1401CameraManager(Mg1401CameraManager * this)
7100003738	8	Setup	mg1401::Mg1401CameraManager	a	a	0		undefined Setup(Mg1401CameraManager * this)
7100003740	4196	Setup	mg1401::Mg1401CameraManager::Impl	a	a	0		undefined Setup(Impl * this)
71000047e4	108	Initialize	mg1401::Mg1401CameraManager	a	a	0		undefined Initialize(Mg1401CameraManager * this)
7100004850	200	StartOpeningDemo	mg1401::Mg1401CameraManager	a	a	0		undefined StartOpeningDemo(Mg1401CameraManager * this)
7100004918	96	SkipOpeningDemo	mg1401::Mg1401CameraManager	a	a	0		undefined SkipOpeningDemo(undefined1[16] param_1, undefined1[16] param_2, undefined1[16] param_3, undefined1[16] param_4, Mg1401CameraManager * this)
7100004978	16	StartGame	mg1401::Mg1401CameraManager	a	a	0		undefined StartGame(Mg1401CameraManager * this)
7100004988	4	StartFinish	mg1401::Mg1401CameraManager	a	a	0		undefined StartFinish(void)
710000498c	128	StartEndingDemo	mg1401::Mg1401CameraManager	a	a	0		undefined StartEndingDemo(Mg1401CameraManager * this)
7100004a0c	16	SetCameraPositionX	mg1401::Mg1401CameraManager	a	a	0		undefined SetCameraPositionX(undefined4 param_1, Mg1401CameraManager * this, uint param_3)
7100004a1c	12	IsFinishedOpeningAnim	mg1401::Mg1401CameraManager	a	a	0		undefined1 IsFinishedOpeningAnim(Mg1401CameraManager * this)
7100004a28	8	SplitCamera	mg1401::Mg1401CameraManager	a	a	0		undefined SplitCamera(undefined1[16] param_1, undefined1[16] param_2, undefined1[16] param_3, undefined1[16] param_4, Mg1401CameraManager * this)
7100004a30	1420	SplitCamera	mg1401::Mg1401CameraManager::Impl	a	a	0		undefined SplitCamera(undefined1[16] param_1, undefined1[16] param_2, undefined1[16] param_3, undefined1[16] param_4, Impl * this)
7100004fd8	8	IntegrateCamera	mg1401::Mg1401CameraManager	a	a	0		undefined IntegrateCamera(Mg1401CameraManager * this)
7100004fe0	1184	IntegrateCamera	mg1401::Mg1401CameraManager::Impl	a	a	0		undefined IntegrateCamera(Impl * this)
71000054a0	8	ItemSelectCamera	mg1401::Mg1401CameraManager	a	a	0		undefined ItemSelectCamera(Mg1401CameraManager * this)
71000054b0	1004	ItemSelectCamera	mg1401::Mg1401CameraManager::Impl	a	a	0		undefined ItemSelectCamera(Impl * this)
71000058b0	8	StartSuccessMotion	mg1401::Mg1401CameraManager	a	a	0		undefined StartSuccessMotion(Mg1401CameraManager * this)
71000058c0	576	StartSuccessMotion	mg1401::Mg1401CameraManager::Impl	a	a	0		undefined StartSuccessMotion(Impl * this)
7100005b14	8	EndSuccessMotion	mg1401::Mg1401CameraManager	a	a	0		undefined EndSuccessMotion(undefined1[16] param_1, undefined1[16] param_2, undefined1[16] param_3, undefined1[16] param_4, Mg1401CameraManager * this)
7100005b1c	4	PostSetup	mg1401::Mg1401SequenceObjectBase	a	a	0		undefined PostSetup(void)
7100005b20	4	PreStartTelop	mg1401::Mg1401SequenceObjectBase	a	a	0		undefined PreStartTelop(void)
7100005b30	968	~Impl	mg1401::Mg1401CameraManager::Impl	a	a	0		undefined ~Impl(Impl * this)
7100005f04	36	~Impl	mg1401::Mg1401CameraManager::Impl	a	a	0		undefined ~Impl(Impl * this)
7100005f28	4	getInstanceTypeinfo	bex::Fiber	a	a	0		undefined getInstanceTypeinfo(void)
7100005f2c	4	StartUpdate	bex::Fiber	a	a	0		undefined StartUpdate(void)
7100005f30	264	Update	mg1401::Mg1401CameraManager::Impl	a	a	0		undefined Update(undefined1[16] param_1, undefined1[16] param_2, undefined1[16] param_3, undefined1[16] param_4, Impl * this)
7100006038	44	Destroy	bex::Fiber	a	a	0		undefined Destroy(Fiber * this)
7100006070	672	~array	std::array<nn::bezel::UniqueHandlePtr<nn::bezel::Entity>,8ul>	a	a	0		undefined ~array(array<nn::bezel::UniqueHandlePtr<nn::bezel::Entity>,8ul> * this)
7100006310	32	IsDerivedFrom	nn::bezel::detail::StaticTypeDesc<bq::ComSplitScreen,false,nn::bezel::Component>	a	a	0		bool IsDerivedFrom(undefined * param_1)
7100006330	12	GetBaseTypeDesc	nn::bezel::detail::StaticTypeDesc<bq::ComSplitScreen,false,nn::bezel::Component>	a	a	0		undefined * GetBaseTypeDesc(void)
710000633c	20	GetNextBaseTypeDesc	nn::bezel::detail::StaticTypeDesc<bq::ComSplitScreen,false,nn::bezel::Component>	a	a	0		undefined * GetNextBaseTypeDesc(long param_1)
7100006350	8	CastTo	nn::bezel::detail::StaticTypeDesc<bq::ComSplitScreen,false,nn::bezel::Component>	a	a	0		undefined8 CastTo(undefined8 param_1, undefined8 param_2)
7100006358	8	CastToConst	nn::bezel::detail::StaticTypeDesc<bq::ComSplitScreen,false,nn::bezel::Component>	a	a	0		undefined8 CastToConst(undefined8 param_1, undefined8 param_2)
7100006360	20	IsDerivedFrom	nn::bezel::detail::StaticTypeDesc<nn::bezel::Component,false>	a	a	0		bool IsDerivedFrom(undefined * param_1)
7100006374	8	GetBaseTypeDesc	nn::bezel::detail::StaticTypeDesc<nn::bezel::Component,false>	a	a	0		undefined8 GetBaseTypeDesc(void)
710000637c	8	GetNextBaseTypeDesc	nn::bezel::detail::StaticTypeDesc<nn::bezel::Component,false>	a	a	0		undefined8 GetNextBaseTypeDesc(void)
7100006384	8	CastTo	nn::bezel::detail::StaticTypeDesc<nn::bezel::Component,false>	a	a	0		undefined8 CastTo(undefined8 param_1, undefined8 param_2)
710000638c	8	CastToConst	nn::bezel::detail::StaticTypeDesc<nn::bezel::Component,false>	a	a	0		undefined8 CastToConst(undefined8 param_1, undefined8 param_2)
71000063a0	3364	on_opening_proc	mg1401::Mg1401CameraManager::Impl	a	a	0		undefined on_opening_proc(undefined1[16] param_1, undefined1[16] param_2, undefined1[16] param_3, undefined1[16] param_4, Impl * this)
71000070dc	804	UpdateCameraInfo	mg1401::Mg1401CameraManager::Impl	a	a	0		undefined UpdateCameraInfo(Impl * this)
7100007400	264	GetMotion	mg1401::Mg1401CameraManager::Impl	a	a	0		undefined GetMotion(long * param_1, undefined8 param_2, long * param_3)
7100007510	32	IsDerivedFrom	nn::bezel::detail::StaticTypeDesc<actor::ComActorMotion,false,nn::bezel::Component>	a	a	0		bool IsDerivedFrom(undefined * param_1)
7100007530	12	GetBaseTypeDesc	nn::bezel::detail::StaticTypeDesc<actor::ComActorMotion,false,nn::bezel::Component>	a	a	0		undefined * GetBaseTypeDesc(void)
710000753c	20	GetNextBaseTypeDesc	nn::bezel::detail::StaticTypeDesc<actor::ComActorMotion,false,nn::bezel::Component>	a	a	0		undefined * GetNextBaseTypeDesc(long param_1)
7100007550	8	CastTo	nn::bezel::detail::StaticTypeDesc<actor::ComActorMotion,false,nn::bezel::Component>	a	a	0		undefined8 CastTo(undefined8 param_1, undefined8 param_2)
7100007558	8	CastToConst	nn::bezel::detail::StaticTypeDesc<actor::ComActorMotion,false,nn::bezel::Component>	a	a	0		undefined8 CastToConst(undefined8 param_1, undefined8 param_2)
7100007560	236	FUN_7100007560		d	a	0		undefined FUN_7100007560(long * param_1, ulong param_2)
710000764c	20	FUN_710000764c		d	a	0		undefined FUN_710000764c(void)
7100007660	432	__construct_at_end<std::__bit_iterator<std::vector<bool,bex::HeapModule::Allocator_vector<bool>>,false,0ul>>	std::vector<bool,bex::HeapModule::Allocator_vector<bool>>	a	a	0		type __construct_at_end<std::__bit_iterator<std::vector<bool,bex::HeapModule::Allocator_vector<bool>>,false,0ul>>(vector<bool,bex::HeapModule::Allocator_vector<bool>> * this, long * param_1, long * param_2)
7100007810	80	FUN_7100007810		d	a	0		undefined FUN_7100007810(char * param_1)
7100007860	48	FUN_7100007860		d	a	0		undefined FUN_7100007860(logic_error * param_1, char * param_2)
7100007890	676	FUN_7100007890		d	a	0		undefined FUN_7100007890(long * param_1, long * param_2, long * param_3, long * param_4)
7100007b34	20	FUN_7100007b34		d	a	0		undefined FUN_7100007b34(void)
7100007b50	416	FUN_7100007b50		d	a	0		undefined FUN_7100007b50(long * param_1, ulong param_2)
7100007cf0	20	FUN_7100007cf0		d	a	0		undefined FUN_7100007cf0(void)
7100007d10	468	AddComponent<bq::ComSplitScreen,,(void*)0>	nn::bezel::Entity	a	a	0		WeakHandle AddComponent<bq::ComSplitScreen,,(void*)0>(long * param_1, HandlePtr * param_2)
7100007ef0	480	AddComponent<nn::bezel::ComCamera,,(void*)0>	nn::bezel::Entity	a	a	0		WeakHandle AddComponent<nn::bezel::ComCamera,,(void*)0>(long * param_1, HandlePtr * param_2)
71000080e0	468	AddComponent<actor::ComActorMotion,,(void*)0>	nn::bezel::Entity	a	a	0		WeakHandle AddComponent<actor::ComActorMotion,,(void*)0>(long * param_1, HandlePtr * param_2)
71000082bc	360	SafeCreate<bq::ComSplitScreen,nn::bezel::HandlePtr<nn::bezel::Entity>const&>	bex::ComponentUtil	a	a	0		WeakHandle SafeCreate<bq::ComSplitScreen,nn::bezel::HandlePtr<nn::bezel::Entity>const&>(long * param_1, ComponentUtil * this)
7100008438	32	IsDerivedFrom	nn::bezel::detail::StaticTypeDesc<nn::bezel::ComCamera,false,nn::bezel::Component>	a	a	0		bool IsDerivedFrom(undefined * param_1)
7100008458	12	GetBaseTypeDesc	nn::bezel::detail::StaticTypeDesc<nn::bezel::ComCamera,false,nn::bezel::Component>	a	a	0		undefined * GetBaseTypeDesc(void)
7100008464	20	GetNextBaseTypeDesc	nn::bezel::detail::StaticTypeDesc<nn::bezel::ComCamera,false,nn::bezel::Component>	a	a	0		undefined * GetNextBaseTypeDesc(long param_1)
7100008478	8	CastTo	nn::bezel::detail::StaticTypeDesc<nn::bezel::ComCamera,false,nn::bezel::Component>	a	a	0		undefined8 CastTo(undefined8 param_1, undefined8 param_2)
7100008480	8	CastToConst	nn::bezel::detail::StaticTypeDesc<nn::bezel::ComCamera,false,nn::bezel::Component>	a	a	0		undefined8 CastToConst(undefined8 param_1, undefined8 param_2)
7100008488	12	NnDetailBezelGetTypeDesc	nn::bezel::StringViewHashPair	a	a	0		undefined * NnDetailBezelGetTypeDesc(void)
7100008494	4	NnDetailBezelGetThisPtr	nn::bezel::StringViewHashPair	a	a	0		undefined NnDetailBezelGetThisPtr(void)
7100008498	4	NnDetailBezelGetThisPtrConst	nn::bezel::StringViewHashPair	a	a	0		undefined NnDetailBezelGetThisPtrConst(void)
710000849c	20	IsDerivedFrom	nn::bezel::detail::StaticTypeDesc<nn::bezel::StringViewHashPair,true>	a	a	0		bool IsDerivedFrom(undefined * param_1)
71000084b0	8	GetBaseTypeDesc	nn::bezel::detail::StaticTypeDesc<nn::bezel::StringViewHashPair,true>	a	a	0		undefined8 GetBaseTypeDesc(void)
71000084b8	8	GetNextBaseTypeDesc	nn::bezel::detail::StaticTypeDesc<nn::bezel::StringViewHashPair,true>	a	a	0		undefined8 GetNextBaseTypeDesc(void)
71000084c0	8	CastTo	nn::bezel::detail::StaticTypeDesc<nn::bezel::StringViewHashPair,true>	a	a	0		undefined8 CastTo(undefined8 param_1, undefined8 param_2)
71000084c8	8	CastToConst	nn::bezel::detail::StaticTypeDesc<nn::bezel::StringViewHashPair,true>	a	a	0		undefined8 CastToConst(undefined8 param_1, undefined8 param_2)
71000084d0	408	append	std::basic_string<char,std::char_traits<char>,bex::HeapModule::Allocator_string<char>>	a	a	0		basic_string<char,std::char_traits<char>,bex::HeapModule::Allocator_string<char>> * append(basic_string<char,std::char_traits<char>,bex::HeapModule::Allocator_string<char>> * this, void * param_1, ulong param_2)
7100008668	20	FUN_7100008668		d	a	0		undefined FUN_7100008668(void)
7100008680	456	__push_back_slow_path<std::basic_string<char,std::char_traits<char>,bex::HeapModule::Allocator_string<char>>>	std::vector<std::basic_string<char,std::char_traits<char>,bex::HeapModule::Allocator_string<char>>,std::allocator<std::basic_string<char,std::char_traits<char>,bex::HeapModule::Allocator_string<char>>>>	a	a	0		void __push_back_slow_path<std::basic_string<char,std::char_traits<char>,bex::HeapModule::Allocator_string<char>>>(vector<std::basic_string<char,std::char_traits<char>,bex::HeapModule::Allocator_string<char>>,std::allocator<std::basic_string<char,std::char_traits<char>,bex::HeapModule::Allocator_string<char>>>> * this, undefined8 * param_1)
7100008848	20	FUN_7100008848		d	a	0		undefined FUN_7100008848(void)
7100008860	56	FUN_7100008860		d	a	0		undefined FUN_7100008860(void)
71000088a0	724	operator()	std::uniform_int_distribution<long>	a	a	0		ulong operator()(uniform_int_distribution<long> * this, undefined8 param_2_00, long * param_2)
7100008b80	288	to_string<int>	bex	a	a	0		basic_string to_string<int>(long * param_1_00, int param_2)
7100008ce4	516	insert	std::basic_string<char,std::char_traits<char>,bex::HeapModule::Allocator_string<char>>	a	a	0		basic_string<char,std::char_traits<char>,bex::HeapModule::Allocator_string<char>> * insert(basic_string<char,std::char_traits<char>,bex::HeapModule::Allocator_string<char>> * this, ulong param_1, basic_string<char,std::char_traits<char>,bex::HeapModule::Allocator_string<char>> * param_2, ulong param_3)
7100008ee8	24	FUN_7100008ee8		d	a	0		undefined FUN_7100008ee8(void)
7100008f00	80	FUN_7100008f00		d	a	0		undefined FUN_7100008f00(char * param_1)
7100008f50	48	FUN_7100008f50		d	a	0		undefined FUN_7100008f50(logic_error * param_1, char * param_2)
7100008f80	132	~basic_ostringstream	std::basic_ostringstream<char,std::char_traits<char>,bex::HeapModule::Allocator_string<char>>	a	a	0		undefined ~basic_ostringstream(basic_ostringstream<char,std::char_traits<char>,bex::HeapModule::Allocator_string<char>> * this)
7100009004	140	~basic_ostringstream	std::basic_ostringstream<char,std::char_traits<char>,bex::HeapModule::Allocator_string<char>>	a	a	0		undefined ~basic_ostringstream(basic_ostringstream<char,std::char_traits<char>,bex::HeapModule::Allocator_string<char>> * this)
7100009090	140	~basic_ostringstream	std::basic_ostringstream<char,std::char_traits<char>,bex::HeapModule::Allocator_string<char>>	a	a	0		undefined ~basic_ostringstream(basic_ostringstream<char,std::char_traits<char>,bex::HeapModule::Allocator_string<char>> * this)
710000911c	148	~basic_ostringstream	std::basic_ostringstream<char,std::char_traits<char>,bex::HeapModule::Allocator_string<char>>	a	a	0		undefined ~basic_ostringstream(basic_ostringstream<char,std::char_traits<char>,bex::HeapModule::Allocator_string<char>> * this)
71000091b0	64	~basic_stringbuf	std::basic_stringbuf<char,std::char_traits<char>,bex::HeapModule::Allocator_string<char>>	a	a	0		undefined ~basic_stringbuf(basic_stringbuf<char,std::char_traits<char>,bex::HeapModule::Allocator_string<char>> * this)
71000091f0	72	~basic_stringbuf	std::basic_stringbuf<char,std::char_traits<char>,bex::HeapModule::Allocator_string<char>>	a	a	0		undefined ~basic_stringbuf(basic_stringbuf<char,std::char_traits<char>,bex::HeapModule::Allocator_string<char>> * this)
7100009238	280	seekoff	std::basic_stringbuf<char,std::char_traits<char>,bex::HeapModule::Allocator_string<char>>	a	a	0		undefined1[16] seekoff(basic_stringbuf<char,std::char_traits<char>,bex::HeapModule::Allocator_string<char>> * this, long param_1, int param_2, uint param_3)
7100009364	80	underflow	std::basic_stringbuf<char,std::char_traits<char>,bex::HeapModule::Allocator_string<char>>	a	a	0		ulong underflow(basic_stringbuf<char,std::char_traits<char>,bex::HeapModule::Allocator_string<char>> * this)
71000093b4	108	pbackfail	std::basic_stringbuf<char,std::char_traits<char>,bex::HeapModule::Allocator_string<char>>	a	a	0		uint pbackfail(basic_stringbuf<char,std::char_traits<char>,bex::HeapModule::Allocator_string<char>> * this, uint param_1)
7100009420	472	overflow	std::basic_stringbuf<char,std::char_traits<char>,bex::HeapModule::Allocator_string<char>>	a	a	0		ulong overflow(basic_stringbuf<char,std::char_traits<char>,bex::HeapModule::Allocator_string<char>> * this, uint param_1)
7100009604	308	push_back	std::basic_string<char,std::char_traits<char>,bex::HeapModule::Allocator_string<char>>	a	a	0		undefined push_back(basic_string<char,std::char_traits<char>,bex::HeapModule::Allocator_string<char>> * this, basic_string<char,std::char_traits<char>,bex::HeapModule::Allocator_string<char>> param_2)
7100009738	404	append	std::basic_string<char,std::char_traits<char>,bex::HeapModule::Allocator_string<char>>	a	a	0		basic_string<char,std::char_traits<char>,bex::HeapModule::Allocator_string<char>> * append(basic_string<char,std::char_traits<char>,bex::HeapModule::Allocator_string<char>> * this, ulong param_1, int param_2)
71000098d0	580	str	std::basic_stringbuf<char,std::char_traits<char>,bex::HeapModule::Allocator_string<char>>	a	a	0		undefined str(long * param_1, long param_2)
7100009b20	1248	IntegrateResultCamera	mg1401::Mg1401CameraManager::Impl	a	a	0		undefined IntegrateResultCamera(Impl * this)
710000a020	548	__push_back_slow_path<std::basic_string<char,std::char_traits<char>,bex::HeapModule::Allocator_string<char>>const&>	std::vector<std::basic_string<char,std::char_traits<char>,bex::HeapModule::Allocator_string<char>>,std::allocator<std::basic_string<char,std::char_traits<char>,bex::HeapModule::Allocator_string<char>>>>	a	a	0		void __push_back_slow_path<std::basic_string<char,std::char_traits<char>,bex::HeapModule::Allocator_string<char>>const&>(vector<std::basic_string<char,std::char_traits<char>,bex::HeapModule::Allocator_string<char>>,std::allocator<std::basic_string<char,std::char_traits<char>,bex::HeapModule::Allocator_string<char>>>> * this, byte * param_1)
710000a258	220	getStaticTypeinfo	mg1401::Mg1401GameParam	a	a	0		undefined8 getStaticTypeinfo(void)
710000a334	200	getPropertyList	mg1401::Mg1401GameParam	a	a	0		undefined8 getPropertyList(void)
710000a3fc	32	createInstance	mg1401::Mg1401GameParam	a	a	0		undefined createInstance(void)
710000a41c	12	deleteInstance	mg1401::Mg1401GameParam	a	a	0		undefined deleteInstance(void * param_1)
710000a428	4	checkGuiProperty	rtti::Struct	a	a	0		undefined checkGuiProperty(void * param_1, Property * param_2, PropertyList * param_3)
710000a42c	4	createGuiProperty	rtti::Struct	a	a	0		undefined createGuiProperty(void * param_1, Property * param_2, Typeinfo * param_3, uint param_4)
710000a430	220	getStaticTypeinfo	mg1401::Mg1401CharacterData	a	a	0		undefined8 getStaticTypeinfo(void)
710000a50c	600	getPropertyList	mg1401::Mg1401CharacterData	a	a	0		undefined * getPropertyList(void)
710000a764	8	createInstance	mg1401::Mg1401CharacterData	a	a	0		undefined createInstance(void)
710000a76c	12	deleteInstance	mg1401::Mg1401CharacterData	a	a	0		undefined deleteInstance(void * param_1)
710000a778	220	getStaticTypeinfo	mg1401::Mg1401NpcData	a	a	0		undefined8 getStaticTypeinfo(void)
710000a854	284	getPropertyList	mg1401::Mg1401NpcData	a	a	0		undefined8 getPropertyList(void)
710000a970	8	createInstance	mg1401::Mg1401NpcData	a	a	0		undefined createInstance(void)
710000a978	12	deleteInstance	mg1401::Mg1401NpcData	a	a	0		undefined deleteInstance(void * param_1)
710000a984	220	getStaticTypeinfo	mg1401::Mg1401AudienceData	a	a	0		undefined8 getStaticTypeinfo(void)
710000aa60	244	getPropertyList	mg1401::Mg1401AudienceData	a	a	0		undefined8 getPropertyList(void)
710000ab54	8	createInstance	mg1401::Mg1401AudienceData	a	a	0		undefined createInstance(void)
710000ab5c	12	deleteInstance	mg1401::Mg1401AudienceData	a	a	0		undefined deleteInstance(void * param_1)
710000ab68	168	Mg1401Param	mg1401::Mg1401Param	a	a	0		undefined Mg1401Param(Mg1401Param * this)
710000ac10	68	~Mg1401Param	mg1401::Mg1401Param	a	a	0		undefined ~Mg1401Param(Mg1401Param * this)
710000ac54	36	~Mg1401Param	mg1401::Mg1401Param	a	a	0		undefined ~Mg1401Param(Mg1401Param * this)
710000ac78	8	LoadData	mg1401::Mg1401Param	a	a	0		undefined LoadData(Mg1401Param * this)
710000ac80	1780	LoadData	mg1401::Mg1401Param::Impl	a	a	0		undefined LoadData(Impl * this)
710000b420	16	GetReelSpeedRate	mg1401::Mg1401Param	a	a	0		undefined4 GetReelSpeedRate(Mg1401Param * this)
710000b430	20	GetOpeningMotionChangeFrame	mg1401::Mg1401Param	a	a	0		undefined4 GetOpeningMotionChangeFrame(Mg1401Param * this, int param_2)
710000b444	8	GetCharacterHookModelName	mg1401::Mg1401Param	a	a	0		undefined GetCharacterHookModelName(long * param_1, long param_2, int param_3)
710000b44c	220	GetCharacterHookModelName	mg1401::Mg1401Param::Impl	a	a	0		undefined GetCharacterHookModelName(long * param_1, Impl * this, int param_3)
710000b52c	56	GetOpeningStartZ	mg1401::Mg1401Param	a	a	0		int GetOpeningStartZ(long param_1, int param_2)
710000b568	56	GetOpeningStartZ2	mg1401::Mg1401Param	a	a	0		int GetOpeningStartZ2(long param_1, int param_2)
710000b5a4	56	GetOpeningMoveZ	mg1401::Mg1401Param	a	a	0		int GetOpeningMoveZ(long param_1, int param_2)
710000b5e0	56	GetOpeningMoveY	mg1401::Mg1401Param	a	a	0		int GetOpeningMoveY(long param_1, int param_2)
710000b61c	56	GetOpeningMoveSpeed	mg1401::Mg1401Param	a	a	0		int GetOpeningMoveSpeed(long param_1, int param_2)
710000b658	56	GetOpeningMoveJumpFrame	mg1401::Mg1401Param	a	a	0		int GetOpeningMoveJumpFrame(long param_1, int param_2)
710000b694	56	GetOpeningIdleMotionIdx	mg1401::Mg1401Param	a	a	0		int GetOpeningIdleMotionIdx(long param_1, int param_2)
710000b6d0	56	GetOpeningWalkMotionIdx	mg1401::Mg1401Param	a	a	0		int GetOpeningWalkMotionIdx(long param_1, int param_2)
710000b70c	56	GetOpeningMotionStartFrame	mg1401::Mg1401Param	a	a	0		int GetOpeningMotionStartFrame(long param_1, int param_2)
710000b748	84	IsMinisizeCharacter	mg1401::Mg1401Param	a	a	0		bool IsMinisizeCharacter(long param_1, int param_2)
710000b7a0	80	GetNpcColor	mg1401::Mg1401Param	a	a	0		undefined1[16] GetNpcColor(Mg1401Param * this, int param_2)
710000b7f0	60	GetAudienceData	mg1401::Mg1401Param	a	a	0		bool GetAudienceData(Mg1401Param * this, int param_1, undefined4 * param_2)
710000b830	264	~Impl	mg1401::Mg1401Param::Impl	a	a	0		undefined ~Impl(Impl * this)
710000b93c	36	~Impl	mg1401::Mg1401Param::Impl	a	a	0		undefined ~Impl(Impl * this)
710000b960	432	DeserializeRTTI<mg1401::Mg1401GameParam>	bq::DataBaseJsonReader	a	a	0		bool DeserializeRTTI<mg1401::Mg1401GameParam>(DataBaseJsonReader * this, char * param_1, long * param_2)
710000bb20	448	DeserializeRTTI<mg1401::Mg1401CharacterData>	bq::DataBaseJsonReader	a	a	0		bool DeserializeRTTI<mg1401::Mg1401CharacterData>(DataBaseJsonReader * this, char * param_1, long * param_2)
710000bcf0	432	DeserializeRTTI<mg1401::Mg1401NpcData>	bq::DataBaseJsonReader	a	a	0		bool DeserializeRTTI<mg1401::Mg1401NpcData>(DataBaseJsonReader * this, char * param_1, long * param_2)
710000beb0	448	DeserializeRTTI<mg1401::Mg1401AudienceData>	bq::DataBaseJsonReader	a	a	0		bool DeserializeRTTI<mg1401::Mg1401AudienceData>(DataBaseJsonReader * this, char * param_1, long * param_2)
710000c080	344	GetAssetPath	mg1401	a	a	0		undefined GetAssetPath(undefined8 * param_1, mg1401 * this, int param_3, byte * param_4)
710000c1e0	444	FUN_710000c1e0		d	a	0		undefined FUN_710000c1e0(long * param_1, ulong param_2)
710000c39c	20	FUN_710000c39c		d	a	0		undefined FUN_710000c39c(void)
710000c3b0	420	FUN_710000c3b0		d	a	0		undefined FUN_710000c3b0(long * param_1, ulong param_2)
710000c554	20	FUN_710000c554		d	a	0		undefined FUN_710000c554(void)
710000c570	312	FUN_710000c570		d	a	0		undefined FUN_710000c570(long * param_1, ulong param_2)
710000c6a8	20	FUN_710000c6a8		d	a	0		undefined FUN_710000c6a8(void)
710000c6c0	412	FUN_710000c6c0		d	a	0		undefined FUN_710000c6c0(long * param_1, ulong param_2)
710000c85c	20	FUN_710000c85c		d	a	0		undefined FUN_710000c85c(void)
710000c870	484	GetAssetPath	mg1401	a	a	0		undefined GetAssetPath(undefined8 * param_1, mg1401 * this, int param_3)
710000ca60	736	__push_back_slow_path<mg1401::CharacterData_const&>	std::vector<mg1401::CharacterData,bex::HeapModule::Allocator_vector<mg1401::CharacterData>>	a	a	0		void __push_back_slow_path<mg1401::CharacterData_const&>(vector<mg1401::CharacterData,bex::HeapModule::Allocator_vector<mg1401::CharacterData>> * this, undefined4 * param_1)
710000cd60	104	FUN_710000cd60		d	a	0		undefined FUN_710000cd60(undefined8 * param_1)
710000cdc8	20	FUN_710000cdc8		d	a	0		undefined FUN_710000cdc8(void)
710000cddc	20	FUN_710000cddc		d	a	0		undefined FUN_710000cddc(void)
710000cdf0	20	FUN_710000cdf0		d	a	0		undefined FUN_710000cdf0(void)
710000ce10	344	GetCharacterData	mg1401::Mg1401Param::Impl	a	a	0		int * GetCharacterData(Impl * this, int param_1)
710000d330	220	Mg1401LayoutManager	mg1401::Mg1401LayoutManager	a	a	0		undefined Mg1401LayoutManager(Mg1401LayoutManager * this)
710000d40c	68	~Mg1401LayoutManager	mg1401::Mg1401LayoutManager	a	a	0		undefined ~Mg1401LayoutManager(Mg1401LayoutManager * this)
710000d450	36	~Mg1401LayoutManager	mg1401::Mg1401LayoutManager	a	a	0		undefined ~Mg1401LayoutManager(Mg1401LayoutManager * this)
710000d474	16	Setup	mg1401::Mg1401LayoutManager	a	a	0		undefined Setup(Mg1401LayoutManager * this)
710000d484	16	StartFinish	mg1401::Mg1401LayoutManager	a	a	0		undefined StartFinish(Mg1401LayoutManager * this)
710000d494	312	ShowTheme	mg1401::Mg1401LayoutManager	a	a	0		undefined ShowTheme(long param_1, int param_2)
710000d5cc	16	IsEndShowTheme	mg1401::Mg1401LayoutManager	a	a	0		uint IsEndShowTheme(Mg1401LayoutManager * this)
710000d5dc	84	ShowTimer	mg1401::Mg1401LayoutManager	a	a	0		undefined ShowTimer(Mg1401LayoutManager * this)
710000d634	100	StartTimer	mg1401::Mg1401LayoutManager	a	a	0		undefined StartTimer(Mg1401LayoutManager * this)
710000d69c	8	SetTime	mg1401::Mg1401LayoutManager	a	a	0		undefined SetTime(float param_1, long param_2)
710000d6a4	140	SetTime	mg1401::Mg1401LayoutManager::Impl	a	a	0		undefined SetTime(float param_1, long param_2)
710000d738	92	GetTime	mg1401::Mg1401LayoutManager	a	a	0		undefined1[16] GetTime(long param_1)
710000d798	104	SetTimerPause	mg1401::Mg1401LayoutManager	a	a	0		undefined SetTimerPause(Mg1401LayoutManager * this, uint param_1)
710000d804	104	HideTimer	mg1401::Mg1401LayoutManager	a	a	0		undefined HideTimer(Mg1401LayoutManager * this)
710000d870	112	IsEndTimer	mg1401::Mg1401LayoutManager	a	a	0		undefined8 IsEndTimer(Mg1401LayoutManager * this)
710000d8e4	4	ShowComboLayout	mg1401::Mg1401LayoutManager	a	a	0		undefined ShowComboLayout(void)
710000d8e8	4	HideComboLayout	mg1401::Mg1401LayoutManager	a	a	0		undefined HideComboLayout(void)
710000d8ec	4	SetComboNum	mg1401::Mg1401LayoutManager	a	a	0		undefined SetComboNum(void)
710000d8f0	4	SetComboPoint	mg1401::Mg1401LayoutManager	a	a	0		undefined SetComboPoint(void)
710000d8f4	36	ShowPointLayout	mg1401::Mg1401LayoutManager	a	a	0		undefined ShowPointLayout(Mg1401LayoutManager * this, ulong param_1)
710000d918	40	SetPoint	mg1401::Mg1401LayoutManager	a	a	0		undefined SetPoint(Mg1401LayoutManager * this, ulong param_1, bool param_2)
710000d940	76	HideShowLayoutAll	mg1401::Mg1401LayoutManager	a	a	0		undefined HideShowLayoutAll(Mg1401LayoutManager * this)
710000d98c	132	ShowAllPointLayout	mg1401::Mg1401LayoutManager	a	a	0		undefined ShowAllPointLayout(long param_1, bool param_2)
710000da10	4	Initialize	mg1401::Mg1401SequenceObjectBase	a	a	0		undefined Initialize(void)
710000da14	4	StartOpeningDemo	mg1401::Mg1401SequenceObjectBase	a	a	0		undefined StartOpeningDemo(void)
710000da18	4	SkipOpeningDemo	mg1401::Mg1401SequenceObjectBase	a	a	0		undefined SkipOpeningDemo(void)
710000da1c	4	StartGame	mg1401::Mg1401SequenceObjectBase	a	a	0		undefined StartGame(void)
710000da20	4	StartEndingDemo	mg1401::Mg1401SequenceObjectBase	a	a	0		undefined StartEndingDemo(void)
710000da30	452	~Impl	mg1401::Mg1401LayoutManager::Impl	a	a	0		undefined ~Impl(Impl * this)
710000dbf4	36	~Impl	mg1401::Mg1401LayoutManager::Impl	a	a	0		undefined ~Impl(Impl * this)
710000dc20	112	Update	mg1401::Mg1401LayoutManager::Impl	a	a	0		undefined Update(Impl * this)
710000dc90	1572	Setup	mg1401::Mg1401LayoutManager::Impl	a	a	0		undefined Setup(Impl * this)
710000e2c0	336	~Mg1401PointLayout	mg1401::Mg1401PointLayout	a	a	0		undefined ~Mg1401PointLayout(Mg1401PointLayout * this)
710000e410	468	AddComponent<bq::ComUiTimer,bq::ComUiTimer::UiTimerType,(void*)0>	nn::bezel::Entity	a	a	0		WeakHandle AddComponent<bq::ComUiTimer,bq::ComUiTimer::UiTimerType,(void*)0>(long * param_1_00, HandlePtr * param_2, undefined4 * param_3)
710000e5f0	468	AddComponent<bq::ComUi,char_const*,char_const(&)[18],(void*)0>	nn::bezel::Entity	a	a	0		WeakHandle AddComponent<bq::ComUi,char_const*,char_const(&)[18],(void*)0>(long * param_1_00, HandlePtr * param_2, undefined8 * param_3, char * param_4)
710000e7d0	1280	Setup	mg1401::Mg1401PointLayout	a	a	0		undefined Setup(Mg1401PointLayout * this)
710000ece0	468	AddComponent<bq::ComUiScore,bq::ComUiScore::UiScoreType,(void*)0>	nn::bezel::Entity	a	a	0		WeakHandle AddComponent<bq::ComUiScore,bq::ComUiScore::UiScoreType,(void*)0>(long * param_1_00, HandlePtr * param_2, undefined4 * param_3)
710000eec0	468	AddComponent<bq::ComUi,char_const*,char_const(&)[24],(void*)0>	nn::bezel::Entity	a	a	0		WeakHandle AddComponent<bq::ComUi,char_const*,char_const(&)[24],(void*)0>(long * param_1_00, HandlePtr * param_2, undefined8 * param_3, char * param_4)
710000f09c	368	SafeCreate<bq::ComUiTimer,nn::bezel::HandlePtr<nn::bezel::Entity>const&,bq::ComUiTimer::UiTimerType>	bex::ComponentUtil	a	a	0		WeakHandle SafeCreate<bq::ComUiTimer,nn::bezel::HandlePtr<nn::bezel::Entity>const&,bq::ComUiTimer::UiTimerType>(long * param_1_00, ComponentUtil * this, undefined4 * param_3)
710000f21c	32	IsDerivedFrom	nn::bezel::detail::StaticTypeDesc<bq::ComUiTimer,false,nn::bezel::Component>	a	a	0		bool IsDerivedFrom(undefined * param_1)
710000f23c	12	GetBaseTypeDesc	nn::bezel::detail::StaticTypeDesc<bq::ComUiTimer,false,nn::bezel::Component>	a	a	0		undefined * GetBaseTypeDesc(void)
710000f248	20	GetNextBaseTypeDesc	nn::bezel::detail::StaticTypeDesc<bq::ComUiTimer,false,nn::bezel::Component>	a	a	0		undefined * GetNextBaseTypeDesc(long param_1)
710000f25c	8	CastTo	nn::bezel::detail::StaticTypeDesc<bq::ComUiTimer,false,nn::bezel::Component>	a	a	0		undefined8 CastTo(undefined8 param_1, undefined8 param_2)
710000f264	8	CastToConst	nn::bezel::detail::StaticTypeDesc<bq::ComUiTimer,false,nn::bezel::Component>	a	a	0		undefined8 CastToConst(undefined8 param_1, undefined8 param_2)
710000f26c	408	SafeCreate<bq::ComUi,nn::bezel::HandlePtr<nn::bezel::Entity>const&,char_const*,char_const(&)[18]>	bex::ComponentUtil	a	a	0		WeakHandle SafeCreate<bq::ComUi,nn::bezel::HandlePtr<nn::bezel::Entity>const&,char_const*,char_const(&)[18]>(long * param_1_00, ComponentUtil * this, undefined8 * param_3, char * param_4)
710000f414	32	IsDerivedFrom	nn::bezel::detail::StaticTypeDesc<bq::ComUi,false,nn::bezel::Component>	a	a	0		bool IsDerivedFrom(undefined * param_1)
710000f434	12	GetBaseTypeDesc	nn::bezel::detail::StaticTypeDesc<bq::ComUi,false,nn::bezel::Component>	a	a	0		undefined * GetBaseTypeDesc(void)
710000f440	20	GetNextBaseTypeDesc	nn::bezel::detail::StaticTypeDesc<bq::ComUi,false,nn::bezel::Component>	a	a	0		undefined * GetNextBaseTypeDesc(long param_1)
710000f454	8	CastTo	nn::bezel::detail::StaticTypeDesc<bq::ComUi,false,nn::bezel::Component>	a	a	0		undefined8 CastTo(undefined8 param_1, undefined8 param_2)
710000f45c	8	CastToConst	nn::bezel::detail::StaticTypeDesc<bq::ComUi,false,nn::bezel::Component>	a	a	0		undefined8 CastToConst(undefined8 param_1, undefined8 param_2)
710000f470	468	AddComponent<bq::ComUi,char_const*,char_const(&)[17],nn::bezel::GuiLayoutCreateArg&,(void*)0>	nn::bezel::Entity	a	a	0		WeakHandle AddComponent<bq::ComUi,char_const*,char_const(&)[17],nn::bezel::GuiLayoutCreateArg&,(void*)0>(long * param_1_00, HandlePtr * param_2, undefined8 * param_3, char * param_4, GuiLayoutCreateArg * param_5)
710000f64c	4	~GuiLayoutCreateArg	nn::bezel::GuiLayoutCreateArg	a	a	0		undefined ~GuiLayoutCreateArg(void)
710000f650	4	~GuiLayoutCreateArg	nn::bezel::GuiLayoutCreateArg	a	a	0		undefined ~GuiLayoutCreateArg(GuiLayoutCreateArg * this)
710000f654	416	SafeCreate<bq::ComUi,nn::bezel::HandlePtr<nn::bezel::Entity>const&,char_const*,char_const(&)[17],nn::bezel::GuiLayoutCreateArg&>	bex::ComponentUtil	a	a	0		WeakHandle SafeCreate<bq::ComUi,nn::bezel::HandlePtr<nn::bezel::Entity>const&,char_const*,char_const(&)[17],nn::bezel::GuiLayoutCreateArg&>(long * param_1_00, ComponentUtil * this, undefined8 * param_3, char * param_4, GuiLayoutCreateArg * param_5)
710000f810	376	__push_back_slow_path<nn::bezel::UniqueHandlePtr<nn::bezel::Entity>>	std::vector<nn::bezel::UniqueHandlePtr<nn::bezel::Entity>,bex::HeapModule::Allocator_vector<nn::bezel::UniqueHandlePtr<nn::bezel::Entity>>>	a	a	0		void __push_back_slow_path<nn::bezel::UniqueHandlePtr<nn::bezel::Entity>>(vector<nn::bezel::UniqueHandlePtr<nn::bezel::Entity>,bex::HeapModule::Allocator_vector<nn::bezel::UniqueHandlePtr<nn::bezel::Entity>>> * this, long * param_1)
710000f988	20	FUN_710000f988		d	a	0		undefined FUN_710000f988(void)
710000f9a0	312	__push_back_slow_path<nn::bezel::HandlePtr<bq::ComUiScore>>	std::vector<nn::bezel::HandlePtr<bq::ComUiScore>,bex::HeapModule::Allocator_vector<nn::bezel::HandlePtr<bq::ComUiScore>>>	a	a	0		void __push_back_slow_path<nn::bezel::HandlePtr<bq::ComUiScore>>(vector<nn::bezel::HandlePtr<bq::ComUiScore>,bex::HeapModule::Allocator_vector<nn::bezel::HandlePtr<bq::ComUiScore>>> * this, long * param_1)
710000fad8	20	FUN_710000fad8		d	a	0		undefined FUN_710000fad8(void)
710000faec	368	SafeCreate<bq::ComUiScore,nn::bezel::HandlePtr<nn::bezel::Entity>const&,bq::ComUiScore::UiScoreType>	bex::ComponentUtil	a	a	0		WeakHandle SafeCreate<bq::ComUiScore,nn::bezel::HandlePtr<nn::bezel::Entity>const&,bq::ComUiScore::UiScoreType>(long * param_1_00, ComponentUtil * this, undefined4 * param_3)
710000fc6c	32	IsDerivedFrom	nn::bezel::detail::StaticTypeDesc<bq::ComUiScore,false,nn::bezel::Component>	a	a	0		bool IsDerivedFrom(undefined * param_1)
710000fc8c	12	GetBaseTypeDesc	nn::bezel::detail::StaticTypeDesc<bq::ComUiScore,false,nn::bezel::Component>	a	a	0		undefined * GetBaseTypeDesc(void)
710000fc98	20	GetNextBaseTypeDesc	nn::bezel::detail::StaticTypeDesc<bq::ComUiScore,false,nn::bezel::Component>	a	a	0		undefined * GetNextBaseTypeDesc(long param_1)
710000fcac	8	CastTo	nn::bezel::detail::StaticTypeDesc<bq::ComUiScore,false,nn::bezel::Component>	a	a	0		undefined8 CastTo(undefined8 param_1, undefined8 param_2)
710000fcb4	8	CastToConst	nn::bezel::detail::StaticTypeDesc<bq::ComUiScore,false,nn::bezel::Component>	a	a	0		undefined8 CastToConst(undefined8 param_1, undefined8 param_2)
710000fcbc	408	SafeCreate<bq::ComUi,nn::bezel::HandlePtr<nn::bezel::Entity>const&,char_const*,char_const(&)[24]>	bex::ComponentUtil	a	a	0		WeakHandle SafeCreate<bq::ComUi,nn::bezel::HandlePtr<nn::bezel::Entity>const&,char_const*,char_const(&)[24]>(long * param_1_00, ComponentUtil * this, undefined8 * param_3, char * param_4)
710000fe70	264	GetComTimer	mg1401::Mg1401LayoutManager::Impl	a	a	0		undefined GetComTimer(long * param_1, long param_2)
710000ff80	212	Mg1401MapManager	mg1401::Mg1401MapManager	a	a	0		undefined Mg1401MapManager(Mg1401MapManager * this)
7100010054	100	~Mg1401MapManager	mg1401::Mg1401MapManager	a	a	0		undefined ~Mg1401MapManager(Mg1401MapManager * this)
71000100b8	36	~Mg1401MapManager	mg1401::Mg1401MapManager	a	a	0		undefined ~Mg1401MapManager(Mg1401MapManager * this)
71000100dc	8	Setup	mg1401::Mg1401MapManager	a	a	0		undefined Setup(undefined1[16] param_1, undefined1[16] param_2, undefined1[16] param_3, undefined1[16] param_4, Mg1401MapManager * this)
71000100f0	68	PostSetup	mg1401::Mg1401MapManager	a	a	0		undefined PostSetup(undefined1[16] param_1, undefined1[16] param_2, undefined1[16] param_3, undefined1[16] param_4, Mg1401MapManager * this)
7100010140	76	Initialize	mg1401::Mg1401MapManager	a	a	0		undefined Initialize(Mg1401MapManager * this)
710001018c	4	StartOpeningDemo	mg1401::Mg1401MapManager	a	a	0		undefined StartOpeningDemo(void)
7100010190	4	SkipOpeningDemo	mg1401::Mg1401MapManager	a	a	0		undefined SkipOpeningDemo(void)
7100010194	4	StartGame	mg1401::Mg1401MapManager	a	a	0		undefined StartGame(void)
71000101a0	60	StartFinish	mg1401::Mg1401MapManager	a	a	0		undefined StartFinish(Mg1401MapManager * this)
71000101dc	8	StartEndingDemo	mg1401::Mg1401MapManager	a	a	0		undefined StartEndingDemo(undefined1[16] param_1, undefined1[16] param_2, undefined1[16] param_3, undefined1[16] param_4, Mg1401MapManager * this)
71000101f0	644	StartEndingDemo	mg1401::Mg1401MapManager::Impl	a	a	0		undefined StartEndingDemo(undefined1[16] param_1, undefined1[16] param_2, undefined1[16] param_3, undefined1[16] param_4, Impl * this)
7100010490	60	SetReelLightOn	mg1401::Mg1401MapManager	a	a	0		undefined SetReelLightOn(Mg1401MapManager * this)
71000104d0	60	SetReelLightOff	mg1401::Mg1401MapManager	a	a	0		undefined SetReelLightOff(Mg1401MapManager * this)
7100010510	128	SetThemeReelLightOn	mg1401::Mg1401MapManager	a	a	0		undefined SetThemeReelLightOn(Mg1401MapManager * this)
7100010590	108	SetThemeReelLightOff	mg1401::Mg1401MapManager	a	a	0		undefined SetThemeReelLightOff(Mg1401MapManager * this)
71000105fc	96	GetStagePlayerTransform	mg1401::Mg1401MapManager	a	a	0		undefined GetStagePlayerTransform(Mg1401MapManager * this, int param_1, undefined8 * param_2, undefined8 * param_3)
710001065c	8	GetCameraPositionX	mg1401::Mg1401MapManager	a	a	0		undefined GetCameraPositionX(undefined1[16] param_1_00, undefined1[16] param_2, undefined1[16] param_3, undefined1[16] param_4, Mg1401MapManager * this, int param_6)
7100010664	256	GetCameraPositionX	mg1401::Mg1401MapManager::Impl	a	a	0		ulong GetCameraPositionX(undefined1[16] param_1_00, undefined1[16] param_2, undefined1[16] param_3, undefined1[16] param_4, Impl * this, int param_6)
7100010768	8	GetCharacterStepPosition	mg1401::Mg1401MapManager	a	a	0		undefined GetCharacterStepPosition(undefined1[16] param_1_00, undefined1[16] param_2, undefined1[16] param_3, undefined1[16] param_4, Mg1401MapManager * this, int param_6)
7100010770	256	GetCharacterStepPosition	mg1401::Mg1401MapManager::Impl	a	a	0		ulong GetCharacterStepPosition(undefined1[16] param_1_00, undefined1[16] param_2, undefined1[16] param_3, undefined1[16] param_4, Impl * this, int param_6)
710001088c	100	StartReel	mg1401::Mg1401MapManager	a	a	0		undefined StartReel(Mg1401MapManager * this, int param_1, uint param_2)
71000108f0	20	StopReel	mg1401::Mg1401MapManager	a	a	0		undefined StopReel(long param_1, int param_2)
7100010904	16	PlayPushButtonAnimation	mg1401::Mg1401MapManager	a	a	0		undefined PlayPushButtonAnimation(Mg1401MapManager * this, int param_1)
7100010914	228	IsCorrectPredictTiming	mg1401::Mg1401MapManager	a	a	0		bool IsCorrectPredictTiming(float param_1, Mg1401MapManager * this, int param_3)
71000109f8	36	IsReel	mg1401::Mg1401MapManager	a	a	0		bool IsReel(Mg1401MapManager * this, int param_1)
7100010a1c	56	GetReelProgressRate	mg1401::Mg1401MapManager	a	a	0		float GetReelProgressRate(void)
7100010a54	124	IsSuccessSlot	mg1401::Mg1401MapManager	a	a	0		bool IsSuccessSlot(Mg1401MapManager * this, int param_1)
7100010ad0	60	ForceTimeLimit	mg1401::Mg1401MapManager	a	a	0		undefined ForceTimeLimit(Mg1401MapManager * this)
7100010b10	84	ResetSlotMotion	mg1401::Mg1401MapManager	a	a	0		undefined ResetSlotMotion(Mg1401MapManager * this)
7100010b70	80	ChangeTheme	mg1401::Mg1401MapManager	a	a	0		undefined ChangeTheme(Mg1401MapManager * this, int param_1)
7100010bc0	152	StopCountDownMotion	mg1401::Mg1401MapManager	a	a	0		undefined StopCountDownMotion(Mg1401MapManager * this)
7100010c58	20	StopCountDownMotion	mg1401::Mg1401MapManager	a	a	0		undefined StopCountDownMotion(Mg1401MapManager * this, int param_1)
7100010c70	104	PlaySuccessMotion	mg1401::Mg1401MapManager	a	a	0		undefined PlaySuccessMotion(Mg1401MapManager * this)
7100010cd8	12	IsFinishedEdgeMotion	mg1401::Mg1401MapManager	a	a	0		undefined IsFinishedEdgeMotion(void)
7100010ce4	20	StartSuccess	mg1401::Mg1401MapManager	a	a	0		undefined StartSuccess(Mg1401MapManager * this)
7100010cf8	8	StartSplit	mg1401::Mg1401MapManager	a	a	0		undefined StartSplit(undefined1[16] param_1, undefined1[16] param_2, undefined1[16] param_3, undefined1[16] param_4, Mg1401MapManager * this)
7100010d00	464	StartSplit	mg1401::Mg1401MapManager::Impl	a	a	0		undefined StartSplit(undefined1[16] param_1, undefined1[16] param_2, undefined1[16] param_3, undefined1[16] param_4, Impl * this)
7100010ed8	8	StartSplit	mg1401::Mg1401MapManager	a	a	0		undefined StartSplit(undefined1[16] param_1_00, undefined1[16] param_2, undefined1[16] param_3, undefined1[16] param_4, Mg1401MapManager * this, uint param_6)
7100010ee0	272	StartSplit	mg1401::Mg1401MapManager::Impl	a	a	0		undefined StartSplit(undefined1[16] param_1_00, undefined1[16] param_2, undefined1[16] param_3, undefined1[16] param_4, Impl * this, uint param_6)
7100010ff0	8	EndSplit	mg1401::Mg1401MapManager	a	a	0		undefined EndSplit(undefined1[16] param_1, undefined1[16] param_2, undefined1[16] param_3, undefined1[16] param_4, Mg1401MapManager * this)
7100011000	580	EndSplit	mg1401::Mg1401MapManager::Impl	a	a	0		undefined EndSplit(undefined1[16] param_1, undefined1[16] param_2, undefined1[16] param_3, undefined1[16] param_4, Impl * this)
7100011254	24	ForceStopReel	mg1401::Mg1401MapManager	a	a	0		undefined ForceStopReel(float param_1, Mg1401MapManager * this, int param_3, ulong param_4, uint param_5)
710001126c	16	GetFinalyReelSpeed	mg1401::Mg1401MapManager	a	a	0		undefined GetFinalyReelSpeed(Mg1401MapManager * this, int param_1)
710001127c	8	StartFxDucking	mg1401::Mg1401MapManager	a	a	0		undefined StartFxDucking(long param_1, int param_2)
7100011290	412	StartFxDucking	mg1401::Mg1401MapManager::Impl	a	a	0		undefined StartFxDucking(Impl * this, int param_1)
7100011440	640	~Impl	mg1401::Mg1401MapManager::Impl	a	a	0		undefined ~Impl(Impl * this)
71000116c0	36	~Impl	mg1401::Mg1401MapManager::Impl	a	a	0		undefined ~Impl(Impl * this)
71000116f0	1644	Update	mg1401::Mg1401MapManager::Impl	a	a	0		undefined Update(Impl * this)
7100011d70	532	Update	mg1401::SlotReel	a	a	0		undefined Update(SlotReel * this)
7100011f90	332	PlayCorrectMotion	mg1401::SlotReel	a	a	0		undefined PlayCorrectMotion(SlotReel * this)
71000120dc	404	UpdateTheme	mg1401::SlotReel	a	a	0		undefined UpdateTheme(SlotReel * this)
7100012270	600	UpdateReel	mg1401::SlotReel	a	a	0		undefined UpdateReel(SlotReel * this)
71000124d0	320	GetSoundComActor	mg1401::SlotReel	a	a	0		undefined GetSoundComActor(long * param_1, SlotReel * this)
7100012620	624	GetQuatFromDegRot	mg1401	a	a	0		undefined GetQuatFromDegRot(void)
7100012890	32	IsDerivedFrom	nn::bezel::detail::StaticTypeDesc<bex::sound::ComActor,false,nn::bezel::Component>	a	a	0		bool IsDerivedFrom(undefined * param_1)
71000128b0	12	GetBaseTypeDesc	nn::bezel::detail::StaticTypeDesc<bex::sound::ComActor,false,nn::bezel::Component>	a	a	0		undefined * GetBaseTypeDesc(void)
71000128bc	20	GetNextBaseTypeDesc	nn::bezel::detail::StaticTypeDesc<bex::sound::ComActor,false,nn::bezel::Component>	a	a	0		undefined * GetNextBaseTypeDesc(long param_1)
71000128d0	8	CastTo	nn::bezel::detail::StaticTypeDesc<bex::sound::ComActor,false,nn::bezel::Component>	a	a	0		undefined8 CastTo(undefined8 param_1, undefined8 param_2)
71000128d8	8	CastToConst	nn::bezel::detail::StaticTypeDesc<bex::sound::ComActor,false,nn::bezel::Component>	a	a	0		undefined8 CastToConst(undefined8 param_1, undefined8 param_2)
71000128e0	196	GetFinalyReelSpeed	mg1401::SlotReel	a	a	0		float GetFinalyReelSpeed(SlotReel * this)
71000129a8	188	UpdateRollSeVariable	mg1401::SlotReel	a	a	0		undefined UpdateRollSeVariable(SlotReel * this)
7100012a70	1236	GetMotionSlot	mg1401::SlotReel	a	a	0		undefined GetMotionSlot(long * param_1, long param_2, undefined4 param_3)
7100012f50	344	PauseCountDownMotion	mg1401::SlotReel	a	a	0		undefined PauseCountDownMotion(SlotReel * this, ulong param_1)
71000130b0	6220	Create	mg1401::Mg1401MapManager::Impl	a	a	0		undefined Create(undefined1[16] param_1, undefined1[16] param_2, undefined1[16] param_3, undefined1[16] param_4, Impl * this)
7100014960	468	AddComponent<bq::ComMatter,bq::MatterType,(void*)0>	nn::bezel::Entity	a	a	0		WeakHandle AddComponent<bq::ComMatter,bq::MatterType,(void*)0>(long * param_1_00, HandlePtr * param_2, undefined4 * param_3)
7100014b40	5404	SlotReel	mg1401::SlotReel	a	a	0		undefined SlotReel(SlotReel * this, undefined4 param_1, undefined4 * param_2)
71000160a0	1784	Setup	mg1401::NpcManager	a	a	0		undefined Setup(undefined1[16] param_1, undefined1[16] param_2, undefined1[16] param_3, undefined1[16] param_4, NpcManager * this)
71000167a8	32	IsDerivedFrom	nn::bezel::detail::StaticTypeDesc<bex::gfx::ComPosteffect,false,nn::bezel::Component>	a	a	0		bool IsDerivedFrom(undefined * param_1)
71000167c8	12	GetBaseTypeDesc	nn::bezel::detail::StaticTypeDesc<bex::gfx::ComPosteffect,false,nn::bezel::Component>	a	a	0		undefined * GetBaseTypeDesc(void)
71000167d4	20	GetNextBaseTypeDesc	nn::bezel::detail::StaticTypeDesc<bex::gfx::ComPosteffect,false,nn::bezel::Component>	a	a	0		undefined * GetNextBaseTypeDesc(long param_1)
71000167e8	8	CastTo	nn::bezel::detail::StaticTypeDesc<bex::gfx::ComPosteffect,false,nn::bezel::Component>	a	a	0		undefined8 CastTo(undefined8 param_1, undefined8 param_2)
71000167f0	8	CastToConst	nn::bezel::detail::StaticTypeDesc<bex::gfx::ComPosteffect,false,nn::bezel::Component>	a	a	0		undefined8 CastToConst(undefined8 param_1, undefined8 param_2)
7100016800	420	ForEachComponentWithBreakImpl<bex::gfx::ComPosteffect>	nn::bezel::Entity	a	a	0		undefined8 ForEachComponentWithBreakImpl<bex::gfx::ComPosteffect>(Entity * this, uint param_1, uint param_2, undefined8 * param_3)
71000169b0	4	destructor	nn::bezel::detail::FunctionOperationsHelper<nn::bezel::EntityForEachCommand(nn::bezel::HandlePtr<bex::gfx::ComPosteffect>const&),nn::util::detail::Function<nn::bezel::EntityForEachCommand(nn::bezel::HandlePtr<bex::gfx::ComPosteffect>const&),actor::Util::FindChildrenComponent<bex::gfx::ComPosteffect>(nn::bezel::HandlePtr<nn::bezel::Entity>const&,bool)::{lambda(nn::bezel::HandlePtr<bex::gfx::ComPosteffect>const&)#1},void>>	a	a	0		undefined destructor(void)
71000169b4	96	copier	nn::bezel::detail::FunctionOperationsHelper<nn::bezel::EntityForEachCommand(nn::bezel::HandlePtr<bex::gfx::ComPosteffect>const&),nn::util::detail::Function<nn::bezel::EntityForEachCommand(nn::bezel::HandlePtr<bex::gfx::ComPosteffect>const&),actor::Util::FindChildrenComponent<bex::gfx::ComPosteffect>(nn::bezel::HandlePtr<nn::bezel::Entity>const&,bool)::{lambda(nn::bezel::HandlePtr<bex::gfx::ComPosteffect>const&)#1},void>>	a	a	0		undefined copier(long * param_1, ulong param_2, ulong param_3, long param_4)
7100016a14	96	mover	nn::bezel::detail::FunctionOperationsHelper<nn::bezel::EntityForEachCommand(nn::bezel::HandlePtr<bex::gfx::ComPosteffect>const&),nn::util::detail::Function<nn::bezel::EntityForEachCommand(nn::bezel::HandlePtr<bex::gfx::ComPosteffect>const&),actor::Util::FindChildrenComponent<bex::gfx::ComPosteffect>(nn::bezel::HandlePtr<nn::bezel::Entity>const&,bool)::{lambda(nn::bezel::HandlePtr<bex::gfx::ComPosteffect>const&)#1},void>>	a	a	0		undefined mover(long * param_1, ulong param_2, ulong param_3, long param_4)
7100016a74	4	~IFunction	nn::util::IFunction<nn::bezel::EntityForEachCommand(nn::bezel::HandlePtr<bex::gfx::ComPosteffect>const&)>	a	a	0		undefined ~IFunction(void)
7100016a78	48	operator()	nn::util::detail::Function<nn::bezel::EntityForEachCommand(nn::bezel::HandlePtr<bex::gfx::ComPosteffect>const&),actor::Util::FindChildrenComponent<bex::gfx::ComPosteffect>(nn::bezel::HandlePtr<nn::bezel::Entity>const&,bool)::{lambda(nn::bezel::HandlePtr<bex::gfx::ComPosteffect>const&)#1},void>	a	a	0		undefined8 operator()(Function<nn::bezel::EntityForEachCommand(nn::bezel::HandlePtr<bex::gfx::ComPosteffect>const&),actor::Util::FindChildrenComponent<bex::gfx::ComPosteffect>(nn::bezel::HandlePtr<nn::bezel::Entity>const&,bool)::{lambda(nn::bezel::HandlePtr<bex::gfx::ComPosteffect>const&)#1},void> * this, undefined8 * param_1)
7100016aa8	4	~Function	nn::util::detail::Function<nn::bezel::EntityForEachCommand(nn::bezel::HandlePtr<bex::gfx::ComPosteffect>const&),actor::Util::FindChildrenComponent<bex::gfx::ComPosteffect>(nn::bezel::HandlePtr<nn::bezel::Entity>const&,bool)::{lambda(nn::bezel::HandlePtr<bex::gfx::ComPosteffect>const&)#1},void>	a	a	0		undefined ~Function(Function<nn::bezel::EntityForEachCommand(nn::bezel::HandlePtr<bex::gfx::ComPosteffect>const&),actor::Util::FindChildrenComponent<bex::gfx::ComPosteffect>(nn::bezel::HandlePtr<nn::bezel::Entity>const&,bool)::{lambda(nn::bezel::HandlePtr<bex::gfx::ComPosteffect>const&)#1},void> * this)
7100016aac	1	~IFunction	nn::util::IFunction<nn::bezel::EntityForEachCommand(nn::bezel::HandlePtr<bex::gfx::ComPosteffect>const&)>	a	a	0		undefined ~IFunction(void)
7100016ab0	32	IsDerivedFrom	nn::bezel::detail::StaticTypeDesc<bex::gfx::ComDirectionalLight,false,nn::bezel::Component>	a	a	0		bool IsDerivedFrom(undefined * param_1)
7100016ad0	12	GetBaseTypeDesc	nn::bezel::detail::StaticTypeDesc<bex::gfx::ComDirectionalLight,false,nn::bezel::Component>	a	a	0		undefined * GetBaseTypeDesc(void)
7100016adc	20	GetNextBaseTypeDesc	nn::bezel::detail::StaticTypeDesc<bex::gfx::ComDirectionalLight,false,nn::bezel::Component>	a	a	0		undefined * GetNextBaseTypeDesc(long param_1)
7100016af0	8	CastTo	nn::bezel::detail::StaticTypeDesc<bex::gfx::ComDirectionalLight,false,nn::bezel::Component>	a	a	0		undefined8 CastTo(undefined8 param_1, undefined8 param_2)
7100016af8	8	CastToConst	nn::bezel::detail::StaticTypeDesc<bex::gfx::ComDirectionalLight,false,nn::bezel::Component>	a	a	0		undefined8 CastToConst(undefined8 param_1, undefined8 param_2)
7100016b00	420	ForEachComponentWithBreakImpl<bex::gfx::ComDirectionalLight>	nn::bezel::Entity	a	a	0		undefined8 ForEachComponentWithBreakImpl<bex::gfx::ComDirectionalLight>(Entity * this, uint param_1, uint param_2, undefined8 * param_3)
7100016cb0	4	destructor	nn::bezel::detail::FunctionOperationsHelper<nn::bezel::EntityForEachCommand(nn::bezel::HandlePtr<bex::gfx::ComDirectionalLight>const&),nn::util::detail::Function<nn::bezel::EntityForEachCommand(nn::bezel::HandlePtr<bex::gfx::ComDirectionalLight>const&),actor::Util::FindChildrenComponent<bex::gfx::ComDirectionalLight>(nn::bezel::HandlePtr<nn::bezel::Entity>const&,bool)::{lambda(nn::bezel::HandlePtr<bex::gfx::ComDirectionalLight>const&)#1},void>>	a	a	0		undefined destructor(void)
7100016cb4	96	copier	nn::bezel::detail::FunctionOperationsHelper<nn::bezel::EntityForEachCommand(nn::bezel::HandlePtr<bex::gfx::ComDirectionalLight>const&),nn::util::detail::Function<nn::bezel::EntityForEachCommand(nn::bezel::HandlePtr<bex::gfx::ComDirectionalLight>const&),actor::Util::FindChildrenComponent<bex::gfx::ComDirectionalLight>(nn::bezel::HandlePtr<nn::bezel::Entity>const&,bool)::{lambda(nn::bezel::HandlePtr<bex::gfx::ComDirectionalLight>const&)#1},void>>	a	a	0		undefined copier(long * param_1, ulong param_2, ulong param_3, long param_4)
7100016d14	96	mover	nn::bezel::detail::FunctionOperationsHelper<nn::bezel::EntityForEachCommand(nn::bezel::HandlePtr<bex::gfx::ComDirectionalLight>const&),nn::util::detail::Function<nn::bezel::EntityForEachCommand(nn::bezel::HandlePtr<bex::gfx::ComDirectionalLight>const&),actor::Util::FindChildrenComponent<bex::gfx::ComDirectionalLight>(nn::bezel::HandlePtr<nn::bezel::Entity>const&,bool)::{lambda(nn::bezel::HandlePtr<bex::gfx::ComDirectionalLight>const&)#1},void>>	a	a	0		undefined mover(long * param_1, ulong param_2, ulong param_3, long param_4)
7100016d74	4	~IFunction	nn::util::IFunction<nn::bezel::EntityForEachCommand(nn::bezel::HandlePtr<bex::gfx::ComDirectionalLight>const&)>	a	a	0		undefined ~IFunction(void)
7100016d78	48	operator()	nn::util::detail::Function<nn::bezel::EntityForEachCommand(nn::bezel::HandlePtr<bex::gfx::ComDirectionalLight>const&),actor::Util::FindChildrenComponent<bex::gfx::ComDirectionalLight>(nn::bezel::HandlePtr<nn::bezel::Entity>const&,bool)::{lambda(nn::bezel::HandlePtr<bex::gfx::ComDirectionalLight>const&)#1},void>	a	a	0		undefined8 operator()(Function<nn::bezel::EntityForEachCommand(nn::bezel::HandlePtr<bex::gfx::ComDirectionalLight>const&),actor::Util::FindChildrenComponent<bex::gfx::ComDirectionalLight>(nn::bezel::HandlePtr<nn::bezel::Entity>const&,bool)::{lambda(nn::bezel::HandlePtr<bex::gfx::ComDirectionalLight>const&)#1},void> * this, undefined8 * param_1)
7100016da8	4	~Function	nn::util::detail::Function<nn::bezel::EntityForEachCommand(nn::bezel::HandlePtr<bex::gfx::ComDirectionalLight>const&),actor::Util::FindChildrenComponent<bex::gfx::ComDirectionalLight>(nn::bezel::HandlePtr<nn::bezel::Entity>const&,bool)::{lambda(nn::bezel::HandlePtr<bex::gfx::ComDirectionalLight>const&)#1},void>	a	a	0		undefined ~Function(Function<nn::bezel::EntityForEachCommand(nn::bezel::HandlePtr<bex::gfx::ComDirectionalLight>const&),actor::Util::FindChildrenComponent<bex::gfx::ComDirectionalLight>(nn::bezel::HandlePtr<nn::bezel::Entity>const&,bool)::{lambda(nn::bezel::HandlePtr<bex::gfx::ComDirectionalLight>const&)#1},void> * this)
7100016dac	1	~IFunction	nn::util::IFunction<nn::bezel::EntityForEachCommand(nn::bezel::HandlePtr<bex::gfx::ComDirectionalLight>const&)>	a	a	0		undefined ~IFunction(void)
7100016db0	372	SafeCreate<bq::ComMatter,nn::bezel::HandlePtr<nn::bezel::Entity>const&,bq::MatterType>	bex::ComponentUtil	a	a	0		WeakHandle SafeCreate<bq::ComMatter,nn::bezel::HandlePtr<nn::bezel::Entity>const&,bq::MatterType>(long * param_1_00, ComponentUtil * this, undefined4 * param_3)
7100016f34	32	IsDerivedFrom	nn::bezel::detail::StaticTypeDesc<bq::ComMatter,false,nn::bezel::Component>	a	a	0		bool IsDerivedFrom(undefined * param_1)
7100016f54	12	GetBaseTypeDesc	nn::bezel::detail::StaticTypeDesc<bq::ComMatter,false,nn::bezel::Component>	a	a	0		undefined * GetBaseTypeDesc(void)
7100016f60	20	GetNextBaseTypeDesc	nn::bezel::detail::StaticTypeDesc<bq::ComMatter,false,nn::bezel::Component>	a	a	0		undefined * GetNextBaseTypeDesc(long param_1)
7100016f74	8	CastTo	nn::bezel::detail::StaticTypeDesc<bq::ComMatter,false,nn::bezel::Component>	a	a	0		undefined8 CastTo(undefined8 param_1, undefined8 param_2)
7100016f7c	8	CastToConst	nn::bezel::detail::StaticTypeDesc<bq::ComMatter,false,nn::bezel::Component>	a	a	0		undefined8 CastToConst(undefined8 param_1, undefined8 param_2)
7100016f84	32	IsDerivedFrom	nn::bezel::detail::StaticTypeDesc<nn::bezel::ComModel,false,nn::bezel::Component>	a	a	0		bool IsDerivedFrom(undefined * param_1)
7100016fa4	12	GetBaseTypeDesc	nn::bezel::detail::StaticTypeDesc<nn::bezel::ComModel,false,nn::bezel::Component>	a	a	0		undefined * GetBaseTypeDesc(void)
7100016fb0	20	GetNextBaseTypeDesc	nn::bezel::detail::StaticTypeDesc<nn::bezel::ComModel,false,nn::bezel::Component>	a	a	0		undefined * GetNextBaseTypeDesc(long param_1)
7100016fc4	8	CastTo	nn::bezel::detail::StaticTypeDesc<nn::bezel::ComModel,false,nn::bezel::Component>	a	a	0		undefined8 CastTo(undefined8 param_1, undefined8 param_2)
7100016fcc	8	CastToConst	nn::bezel::detail::StaticTypeDesc<nn::bezel::ComModel,false,nn::bezel::Component>	a	a	0		undefined8 CastToConst(undefined8 param_1, undefined8 param_2)
7100016fe0	480	AddComponent<bex::sound::ComActor,,(void*)0>	nn::bezel::Entity	a	a	0		WeakHandle AddComponent<bex::sound::ComActor,,(void*)0>(long * param_1, HandlePtr * param_2)
71000171c8	288	~SlotReel	mg1401::SlotReel	a	a	0		undefined ~SlotReel(SlotReel * this)
71000172e8	36	~SlotReel	mg1401::SlotReel	a	a	0		undefined ~SlotReel(SlotReel * this)
7100017310	320	__push_back_slow_path<std::unique_ptr<mg1401::SlotReel,std::default_delete<mg1401::SlotReel>>>	std::vector<std::unique_ptr<mg1401::SlotReel,std::default_delete<mg1401::SlotReel>>,bex::HeapModule::Allocator_vector<std::unique_ptr<mg1401::SlotReel,std::default_delete<mg1401::SlotReel>>>>	a	a	0		void __push_back_slow_path<std::unique_ptr<mg1401::SlotReel,std::default_delete<mg1401::SlotReel>>>(vector<std::unique_ptr<mg1401::SlotReel,std::default_delete<mg1401::SlotReel>>,bex::HeapModule::Allocator_vector<std::unique_ptr<mg1401::SlotReel,std::default_delete<mg1401::SlotReel>>>> * this, long * param_1)
7100017454	20	FUN_7100017454		d	a	0		undefined FUN_7100017454(void)
7100017470	176	~NpcManager	mg1401::NpcManager	a	a	0		undefined ~NpcManager(NpcManager * this)
7100017520	168	~NpcManager	mg1401::NpcManager	a	a	0		undefined ~NpcManager(NpcManager * this)
71000175d0	224	PlayClapMotion	mg1401::NpcManager	a	a	0		undefined PlayClapMotion(NpcManager * this)
71000176c0	320	__push_back_slow_path<std::unique_ptr<mg1401::Mg1401Model,std::default_delete<mg1401::Mg1401Model>>>	std::vector<std::unique_ptr<mg1401::Mg1401Model,std::default_delete<mg1401::Mg1401Model>>,bex::HeapModule::Allocator_vector<std::unique_ptr<mg1401::Mg1401Model,std::default_delete<mg1401::Mg1401Model>>>>	a	a	0		void __push_back_slow_path<std::unique_ptr<mg1401::Mg1401Model,std::default_delete<mg1401::Mg1401Model>>>(vector<std::unique_ptr<mg1401::Mg1401Model,std::default_delete<mg1401::Mg1401Model>>,bex::HeapModule::Allocator_vector<std::unique_ptr<mg1401::Mg1401Model,std::default_delete<mg1401::Mg1401Model>>>> * this, long * param_1)
7100017804	20	FUN_7100017804		d	a	0		undefined FUN_7100017804(void)
7100017820	1084	PostSetup	mg1401::SlotReel	a	a	0		undefined PostSetup(undefined1[16] param_1, undefined1[16] param_2, undefined1[16] param_3, undefined1[16] param_4, SlotReel * this)
7100017c6c	372	AttachSlotModel	mg1401::SlotReel	a	a	0		undefined AttachSlotModel(SlotReel * this, undefined8 * param_1, byte * param_2)
7100017de0	380	SetReelLightOff	mg1401::SlotReel	a	a	0		undefined SetReelLightOff(SlotReel * this)
7100017f60	480	AddComponent<nn::bezel::ComAttachment,,(void*)0>	nn::bezel::Entity	a	a	0		WeakHandle AddComponent<nn::bezel::ComAttachment,,(void*)0>(long * param_1, HandlePtr * param_2)
7100018148	32	IsDerivedFrom	nn::bezel::detail::StaticTypeDesc<nn::bezel::ComAttachment,false,nn::bezel::Component>	a	a	0		bool IsDerivedFrom(undefined * param_1)
7100018168	12	GetBaseTypeDesc	nn::bezel::detail::StaticTypeDesc<nn::bezel::ComAttachment,false,nn::bezel::Component>	a	a	0		undefined * GetBaseTypeDesc(void)
7100018174	20	GetNextBaseTypeDesc	nn::bezel::detail::StaticTypeDesc<nn::bezel::ComAttachment,false,nn::bezel::Component>	a	a	0		undefined * GetNextBaseTypeDesc(long param_1)
7100018188	8	CastTo	nn::bezel::detail::StaticTypeDesc<nn::bezel::ComAttachment,false,nn::bezel::Component>	a	a	0		undefined8 CastTo(undefined8 param_1, undefined8 param_2)
7100018190	8	CastToConst	nn::bezel::detail::StaticTypeDesc<nn::bezel::ComAttachment,false,nn::bezel::Component>	a	a	0		undefined8 CastToConst(undefined8 param_1, undefined8 param_2)
7100018198	240	StartFinish	mg1401::SlotReel	a	a	0		undefined StartFinish(SlotReel * this)
7100018290	224	PlayByeMotion	mg1401::NpcManager	a	a	0		undefined PlayByeMotion(NpcManager * this)
7100018378	304	SetLayerVisibilityBit	mg1401::SlotReel	a	a	0		undefined SetLayerVisibilityBit(SlotReel * this, undefined4 param_1)
71000184a8	368	StopReel	mg1401::SlotReel	a	a	0		undefined StopReel(SlotReel * param_1)
710001861c	240	ForceStopReel	mg1401::SlotReel	a	a	0		undefined ForceStopReel(float param_1, SlotReel * this, ulong param_3, uint param_4)
7100018710	388	SetReelLightOn	mg1401::SlotReel	a	a	0		undefined SetReelLightOn(SlotReel * this)
71000188a0	404	StartReel	mg1401::SlotReel	a	a	0		undefined StartReel(SlotReel * this)
7100018a40	332	PlayCountDownMotion	mg1401::SlotReel	a	a	0		undefined PlayCountDownMotion(SlotReel * this)
7100018b90	332	PlayPushButtonAnimation	mg1401::SlotReel	a	a	0		undefined PlayPushButtonAnimation(SlotReel * this)
7100018cdc	152	ForceTimeLimit	mg1401::SlotReel	a	a	0		undefined ForceTimeLimit(SlotReel * this)
7100018d80	224	PlayIdleMotion	mg1401::NpcManager	a	a	0		undefined PlayIdleMotion(NpcManager * this)
7100018e70	332	ResetSlotMotion	mg1401::SlotReel	a	a	0		undefined ResetSlotMotion(SlotReel * this)
7100018fbc	168	ChangeTheme	mg1401::SlotReel	a	a	0		undefined ChangeTheme(SlotReel * this, int param_1)
7100019070	496	PlaySuccessMotion	mg1401::SlotReel	a	a	0		undefined PlaySuccessMotion(SlotReel * this)
7100019260	224	PlayJoyMotion	mg1401::NpcManager	a	a	0		undefined PlayJoyMotion(NpcManager * this)
7100019350	168	CreateModel	mg1401	a	a	0		undefined CreateModel(undefined8 * param_1_00, char * param_2, undefined8 param_3)
7100019400	468	AddComponent<bq::ComMatter,char_const*&,(void*)0>	nn::bezel::Entity	a	a	0		WeakHandle AddComponent<bq::ComMatter,char_const*&,(void*)0>(long * param_1_00, HandlePtr * param_2, undefined8 * param_3)
71000195e0	560	AddModelMotion	mg1401	a	a	0		undefined AddModelMotion(long * param_1, mg1401 * this, byte * param_3, char * param_4)
7100019820	592	AddModelMotion	mg1401	a	a	0		undefined AddModelMotion(undefined8 * param_1, mg1401 * this, byte * param_3, undefined8 param_4, char * param_5)
7100019a80	180	CreatePcModel	mg1401	a	a	0		undefined CreatePcModel(undefined8 * param_1_00, mg1401 * this, undefined4 * param_3)
7100019b40	468	AddComponent<bq::ComMatter,bex::PlayerID&,bq::MatterType,(void*)0>	nn::bezel::Entity	a	a	0		WeakHandle AddComponent<bq::ComMatter,bex::PlayerID&,bq::MatterType,(void*)0>(long * param_1_00, HandlePtr * param_2, undefined4 * param_3, undefined4 * param_4)
7100019d20	168	CreateNpcModel	mg1401	a	a	0		undefined CreateNpcModel(undefined8 * param_1_00, char * param_2, undefined4 param_3)
7100019dd0	468	AddComponent<bq::ComMatter,bq::NonPlayerCharacterID&,(void*)0>	nn::bezel::Entity	a	a	0		WeakHandle AddComponent<bq::ComMatter,bq::NonPlayerCharacterID&,(void*)0>(long * param_1_00, HandlePtr * param_2, undefined4 * param_3)
7100019fb0	656	AddNpcMotion	mg1401	a	a	0		undefined AddNpcMotion(undefined8 * param_1, mg1401 * this, undefined4 param_3, byte * param_4, char * param_5)
710001a250	112	GetNodePosition	mg1401	a	a	0		bool GetNodePosition(undefined1[16] param_1, undefined1[16] param_2, undefined1[16] param_3, undefined1[16] param_4, long * param_5, undefined8 param_6, undefined8 * param_7)
710001a2c0	312	GetNodeMatrix	mg1401	a	a	0		bool GetNodeMatrix(undefined1[16] param_1, undefined1[16] param_2, undefined1[16] param_3, undefined1[16] param_4, long * param_5, undefined8 param_6, undefined1[16] * param_7)
710001a400	52	GetNodeRotation	mg1401	a	a	0		bool GetNodeRotation(undefined1[16] param_1, undefined1[16] param_2, undefined1[16] param_3, undefined1[16] param_4, long * param_5, undefined8 param_6, long * param_7)
710001a440	4216	GetNodeTransform	mg1401	a	a	0		bool GetNodeTransform(undefined1[16] param_1, undefined1[16] param_2, undefined1[16] param_3, undefined1[16] param_4, long * param_5, undefined8 param_6, undefined8 * param_7, long * param_8)
710001b4c0	440	GetNodeTransform	mg1401	a	a	0		bool GetNodeTransform(undefined1[16] param_1, undefined1[16] param_2, undefined1[16] param_3, undefined1[16] param_4, long * param_5, undefined8 param_6, undefined8 * param_7, byte * param_8)
710001b680	600	GetNodeTransform	mg1401	a	a	0		bool GetNodeTransform(undefined1[16] param_1, undefined1[16] param_2, undefined1[16] param_3, undefined1[16] param_4, long * param_5, undefined8 param_6, undefined8 * param_7, byte * param_8, undefined8 * param_9)
710001b8e0	312	GetBoneIndex	mg1401	a	a	0		undefined8 GetBoneIndex(long * param_1)
710001ba20	340	IsNodeValid	mg1401	a	a	0		bool IsNodeValid(long * param_1)
710001bb80	972	SetNodePosition	mg1401	a	a	0		undefined8 SetNodePosition(undefined1[16] param_1, undefined1[16] param_2, undefined1[16] param_3, undefined1[16] param_4, long * param_5, undefined8 param_6, float * param_7)
710001bf60	1036	SetNodeRotation	mg1401	a	a	0		undefined8 SetNodeRotation(undefined1[16] param_1, undefined1[16] param_2, undefined1[16] param_3, undefined1[16] param_4, long * param_5, undefined8 param_6, float * param_7)
710001c380	800	SetNodeTransform	mg1401	a	a	0		undefined8 SetNodeTransform(long * param_1, undefined8 param_2, undefined8 param_3, undefined1[12] * param_4)
710001c6a8	144	Mg1401Model	mg1401::Mg1401Model	a	a	0		undefined Mg1401Model(Mg1401Model * this)
710001c738	96	~Mg1401Model	mg1401::Mg1401Model	a	a	0		undefined ~Mg1401Model(Mg1401Model * this)
710001c798	36	~Mg1401Model	mg1401::Mg1401Model	a	a	0		undefined ~Mg1401Model(Mg1401Model * this)
710001c7bc	32	GetEntity	mg1401::Mg1401Model	a	a	0		undefined GetEntity(undefined8 * param_1, long param_2)
710001c7dc	8	GetComMatter	mg1401::Mg1401Model	a	a	0		undefined GetComMatter(long * param_1, long param_2)
710001c7f0	260	GetComMatter	mg1401::Mg1401Model::Impl	a	a	0		undefined GetComMatter(long * param_1, long param_2)
710001c8fc	96	GetComModel	mg1401::Mg1401Model	a	a	0		undefined GetComModel(long param_1)
710001c95c	96	GetComActorMotion	mg1401::Mg1401Model	a	a	0		undefined GetComActorMotion(long param_1)
710001c9c0	116	CreateModel	mg1401::Mg1401Model	a	a	0		undefined CreateModel(undefined8 * param_1_00, long param_2, char * param_3, undefined8 param_4)
710001ca40	132	CreatePcModel	mg1401::Mg1401Model	a	a	0		undefined CreatePcModel(undefined8 * param_1_00, long param_2, mg1401 * param_3, undefined4 * param_4)
710001cad0	116	CreateNpcModel	mg1401::Mg1401Model	a	a	0		undefined CreateNpcModel(undefined8 * param_1_00, long param_2, char * param_3, undefined4 param_4)
710001cb44	8	AddModelMotion	mg1401::Mg1401Model	a	a	0		undefined AddModelMotion(Mg1401Model * this, char * param_1)
710001cb50	432	AddModelMotion	mg1401::Mg1401Model::Impl	a	a	0		ulong AddModelMotion(Impl * this, char * param_1)
710001cd00	8	AddNpcMotion	mg1401::Mg1401Model	a	a	0		undefined AddNpcMotion(long param_1, undefined4 param_2, char * param_3)
710001cd10	448	AddNpcMotion	mg1401::Mg1401Model::Impl	a	a	0		ulong AddNpcMotion(Impl * this, undefined4 param_1, char * param_2)
710001ced0	8	PlayMotion	mg1401::Mg1401Model	a	a	0		undefined PlayMotion(long param_1, ulong param_2)
710001cee0	360	PlayMotion	mg1401::Mg1401Model::Impl	a	a	0		undefined PlayMotion(long param_1, ulong param_2)
710001d04c	8	SetMotionFrame	mg1401::Mg1401Model	a	a	0		undefined SetMotionFrame(float param_1, long param_2)
710001d054	232	SetMotionFrame	mg1401::Mg1401Model::Impl	a	a	0		undefined SetMotionFrame(float param_1, long param_2)
710001d13c	96	GetMotionFrame	mg1401::Mg1401Model	a	a	0		undefined GetMotionFrame(long param_1)
710001d19c	8	SetMotionSpeed	mg1401::Mg1401Model	a	a	0		undefined SetMotionSpeed(float param_1, long param_2)
710001d1a4	232	SetMotionSpeed	mg1401::Mg1401Model::Impl	a	a	0		undefined SetMotionSpeed(float param_1, long param_2)
710001d28c	96	GetMotionSpeed	mg1401::Mg1401Model	a	a	0		undefined GetMotionSpeed(long param_1)
710001d2ec	8	SetMotionPause	mg1401::Mg1401Model	a	a	0		undefined SetMotionPause(long param_1)
710001d2f4	136	SetMotionPause	mg1401::Mg1401Model::Impl	a	a	0		undefined SetMotionPause(long param_1)
710001d37c	100	IsMotionFinished	mg1401::Mg1401Model	a	a	0		uint IsMotionFinished(long param_1)
710001d3e0	8	IsThisPlaying	mg1401::Mg1401Model	a	a	0		uint IsThisPlaying(long param_1, ulong param_2)
710001d3f0	348	IsThisPlaying	mg1401::Mg1401Model::Impl	a	a	0		uint IsThisPlaying(long param_1, ulong param_2)
710001d550	24	GetMotionName	mg1401::Mg1401Model	a	a	0		undefined GetMotionName(undefined8 * param_1_00, long param_2, ulong param_3)
710001d56c	200	GetMotionName	mg1401::Mg1401Model::Impl	a	a	0		undefined GetMotionName(undefined8 * param_1, undefined8 param_2, ulong param_3)
710001d680	64	SetPosition	mg1401::Mg1401Model	a	a	0		undefined SetPosition(long param_1)
710001d6c0	20	GetPosition	mg1401::Mg1401Model	a	a	0		undefined GetPosition(void)
710001d6d4	64	SetRotation	mg1401::Mg1401Model	a	a	0		undefined SetRotation(long param_1)
710001d714	20	GetRotation	mg1401::Mg1401Model	a	a	0		undefined GetRotation(void)
710001d728	64	SetScale	mg1401::Mg1401Model	a	a	0		undefined SetScale(long param_1)
710001d768	20	GetScale	mg1401::Mg1401Model	a	a	0		undefined GetScale(void)
710001d77c	8	SetVisible	mg1401::Mg1401Model	a	a	0		undefined SetVisible(long param_1)
710001d784	224	SetVisible	mg1401::Mg1401Model::Impl	a	a	0		undefined SetVisible(long param_1)
710001d864	8	IsVisible	mg1401::Mg1401Model	a	a	0		uint IsVisible(long param_1)
710001d86c	212	IsVisible	mg1401::Mg1401Model::Impl	a	a	0		uint IsVisible(long param_1)
710001d940	8	SetBoneVisible	mg1401::Mg1401Model	a	a	0		undefined SetBoneVisible(long param_1, char * param_2)
710001d948	288	SetBoneVisible	mg1401::Mg1401Model::Impl	a	a	0		undefined SetBoneVisible(long param_1, char * param_2)
710001da68	160	GetNodePosition	mg1401::Mg1401Model	a	a	0		bool GetNodePosition(undefined1[16] param_1_00, undefined1[16] param_2_00, undefined1[16] param_3, undefined1[16] param_4, Mg1401Model * this, undefined8 param_6, undefined8 * param_7)
710001db08	112	GetNodeTransform	mg1401::Mg1401Model	a	a	0		bool GetNodeTransform(undefined1[16] param_1_00, undefined1[16] param_2_00, undefined1[16] param_3_00, undefined1[16] param_4, long param_5, undefined8 param_6, undefined8 * param_7, long * param_8)
710001db78	488	GetNodeTransform	mg1401::Mg1401Model	a	a	0		bool GetNodeTransform(undefined1[16] param_1_00, undefined1[16] param_2_00, undefined1[16] param_3_00, undefined1[16] param_4, Mg1401Model * this, undefined8 param_6, undefined8 * param_7, byte * param_8)
710001dd60	8	GetNodeTransform	mg1401::Mg1401Model	a	a	0		bool GetNodeTransform(undefined1[16] param_1_00, undefined1[16] param_2_00, undefined1[16] param_3_00, undefined1[16] param_4_00, Mg1401Model * this, undefined8 param_6, undefined8 * param_7, byte * param_8, undefined8 * param_9)
710001dd68	644	GetNodeTransform	mg1401::Mg1401Model::Impl	a	a	0		bool GetNodeTransform(undefined1[16] param_1_00, undefined1[16] param_2_00, undefined1[16] param_3_00, undefined1[16] param_4_00, Impl * this, undefined8 param_6, undefined8 * param_7, byte * param_8, undefined8 * param_9)
710001dfec	112	GetNodeMatrix	mg1401::Mg1401Model	a	a	0		bool GetNodeMatrix(undefined1[16] param_1_00, undefined1[16] param_2_00, undefined1[16] param_3, undefined1[16] param_4, long param_5, undefined8 param_6, undefined1[16] * param_7)
710001e05c	112	SetNodePosition	mg1401::Mg1401Model	a	a	0		uint SetNodePosition(undefined1[16] param_1_00, undefined1[16] param_2_00, undefined1[16] param_3, undefined1[16] param_4, long param_5, undefined8 param_6, float * param_7)
710001e0cc	112	SetNodeRotation	mg1401::Mg1401Model	a	a	0		uint SetNodeRotation(undefined1[16] param_1_00, undefined1[16] param_2_00, undefined1[16] param_3, undefined1[16] param_4, long param_5, undefined8 param_6, float * param_7)
710001e140	144	~Impl	mg1401::Mg1401Model::Impl	a	a	0		undefined ~Impl(Impl * this)
710001e1d0	136	~Impl	mg1401::Mg1401Model::Impl	a	a	0		undefined ~Impl(Impl * this)
710001e258	20	FUN_710001e258		d	a	0		undefined FUN_710001e258(void)
710001e270	288	to_string<unsigned_long>	bex	a	a	0		basic_string to_string<unsigned_long>(long * param_1_00, ulong param_2)
710001e3d4	388	SafeCreate<bq::ComMatter,nn::bezel::HandlePtr<nn::bezel::Entity>const&,char_const*&>	bex::ComponentUtil	a	a	0		WeakHandle SafeCreate<bq::ComMatter,nn::bezel::HandlePtr<nn::bezel::Entity>const&,char_const*&>(long * param_1_00, ComponentUtil * this, undefined8 * param_3)
710001e568	384	SafeCreate<bq::ComMatter,nn::bezel::HandlePtr<nn::bezel::Entity>const&,bex::PlayerID&,bq::MatterType>	bex::ComponentUtil	a	a	0		WeakHandle SafeCreate<bq::ComMatter,nn::bezel::HandlePtr<nn::bezel::Entity>const&,bex::PlayerID&,bq::MatterType>(long * param_1_00, ComponentUtil * this, undefined4 * param_3, undefined4 * param_4)
710001e6f8	368	SafeCreate<bq::ComMatter,nn::bezel::HandlePtr<nn::bezel::Entity>const&,bq::NonPlayerCharacterID&>	bex::ComponentUtil	a	a	0		WeakHandle SafeCreate<bq::ComMatter,nn::bezel::HandlePtr<nn::bezel::Entity>const&,bq::NonPlayerCharacterID&>(long * param_1_00, ComponentUtil * this, undefined4 * param_3)
710001e880	80	FUN_710001e880		d	a	0		undefined FUN_710001e880(void)
710001e8d0	80	FUN_710001e8d0		d	a	0		undefined FUN_710001e8d0(void)
710001e920	176	Mg1401PlayerManager	mg1401::Mg1401PlayerManager	a	a	0		undefined Mg1401PlayerManager(Mg1401PlayerManager * this)
710001e9d0	100	~Mg1401PlayerManager	mg1401::Mg1401PlayerManager	a	a	0		undefined ~Mg1401PlayerManager(Mg1401PlayerManager * this)
710001ea34	36	~Mg1401PlayerManager	mg1401::Mg1401PlayerManager	a	a	0		undefined ~Mg1401PlayerManager(Mg1401PlayerManager * this)
710001ea58	8	Setup	mg1401::Mg1401PlayerManager	a	a	0		undefined Setup(Mg1401PlayerManager * this)
710001ea60	464	Setup	mg1401::Mg1401PlayerManager::Impl	a	a	0		undefined Setup(Impl * this)
710001ec40	60	PostSetup	mg1401::Mg1401PlayerManager	a	a	0		undefined PostSetup(undefined1[16] param_1, undefined1[16] param_2, undefined1[16] param_3, undefined1[16] param_4, Mg1401PlayerManager * this)
710001ec7c	8	Initialize	mg1401::Mg1401PlayerManager	a	a	0		undefined Initialize(Mg1401PlayerManager * this)
710001ec90	1640	Initialize	mg1401::Mg1401PlayerManager::Impl	a	a	0		undefined Initialize(Impl * this)
710001f304	12	GetPlayerNum	mg1401::Mg1401PlayerManager	a	a	0		undefined8 GetPlayerNum(Mg1401PlayerManager * this)
710001f310	36	GetPlayerPosition	mg1401::Mg1401PlayerManager	a	a	0		undefined1[16] GetPlayerPosition(void)
710001f334	4	StartOpeningDemo	mg1401::Mg1401PlayerManager	a	a	0		undefined StartOpeningDemo(void)
710001f340	60	SkipOpeningDemo	mg1401::Mg1401PlayerManager	a	a	0		undefined SkipOpeningDemo(Mg1401PlayerManager * this)
710001f380	268	PreStartTelop	mg1401::Mg1401PlayerManager	a	a	0		undefined PreStartTelop(Mg1401PlayerManager * this)
710001f490	208	StartGame	mg1401::Mg1401PlayerManager	a	a	0		undefined StartGame(Mg1401PlayerManager * this)
710001f560	60	StartFinish	mg1401::Mg1401PlayerManager	a	a	0		undefined StartFinish(Mg1401PlayerManager * this)
710001f5a0	60	StartEndingDemo	mg1401::Mg1401PlayerManager	a	a	0		undefined StartEndingDemo(Mg1401PlayerManager * this)
710001f5e0	76	InstInit	mg1401::Mg1401PlayerManager	a	a	0		undefined InstInit(Mg1401PlayerManager * this)
710001f62c	16	StartReel	mg1401::Mg1401PlayerManager	a	a	0		undefined StartReel(Mg1401PlayerManager * this, long param_1)
710001f63c	16	StopInput	mg1401::Mg1401PlayerManager	a	a	0		undefined StopInput(Mg1401PlayerManager * this, long param_1)
710001f64c	56	SetPushReady	mg1401::Mg1401PlayerManager	a	a	0		undefined SetPushReady(Mg1401PlayerManager * this, long param_1)
710001f684	16	SetCorrect	mg1401::Mg1401PlayerManager	a	a	0		undefined SetCorrect(Mg1401PlayerManager * this, long param_1)
710001f6a0	124	SetSuccess	mg1401::Mg1401PlayerManager	a	a	0		undefined SetSuccess(Mg1401PlayerManager * this, uint param_1)
710001f720	120	SetFail	mg1401::Mg1401PlayerManager	a	a	0		undefined SetFail(Mg1401PlayerManager * this)
710001f798	20	GetPlayerCharacterID	mg1401::Mg1401PlayerManager	a	a	0		undefined4 GetPlayerCharacterID(Mg1401PlayerManager * this, long param_1)
710001f7ac	24	GetPlayerID	mg1401::Mg1401PlayerManager	a	a	0		undefined GetPlayerID(undefined4 * param_1_00, long param_2, long param_3)
710001f7c4	60	IsLocalPlayer	mg1401::Mg1401PlayerManager	a	a	0		uint IsLocalPlayer(Mg1401PlayerManager * this, long param_1)
710001f800	16	ForcePushButton	mg1401::Mg1401PlayerManager	a	a	0		undefined ForcePushButton(long param_1, long param_2)
710001f810	64	StartSplit	mg1401::Mg1401PlayerManager	a	a	0		undefined StartSplit(Mg1401PlayerManager * this)
710001f850	20	StartSplit	mg1401::Mg1401PlayerManager	a	a	0		undefined StartSplit(Mg1401PlayerManager * this, long param_1)
710001f870	60	EndSplit	mg1401::Mg1401PlayerManager	a	a	0		undefined EndSplit(Mg1401PlayerManager * this)
710001f8ac	68	PlayReadyMotion	mg1401::Mg1401PlayerManager	a	a	0		undefined PlayReadyMotion(Mg1401PlayerManager * this, long param_1)
710001f8f0	132	~Impl	mg1401::Mg1401PlayerManager::Impl	a	a	0		undefined ~Impl(Impl * this)
710001f980	140	~Impl	mg1401::Mg1401PlayerManager::Impl	a	a	0		undefined ~Impl(Impl * this)
710001fa10	68	Update	mg1401::Mg1401PlayerManager::Impl	a	a	0		undefined Update(undefined1[16] param_1, undefined1[16] param_2, undefined1[16] param_3, undefined1[16] param_4, Impl * this)
710001fa60	796	Update	mg1401::Mg1401Player	a	a	0		undefined Update(undefined1[16] param_1, undefined1[16] param_2, undefined1[16] param_3, undefined1[16] param_4, Mg1401Player * this)
710001fd88	3608	on_opening_proc	mg1401::Mg1401Player	a	a	0		undefined on_opening_proc(undefined1[16] param_1, undefined1[16] param_2, undefined1[16] param_3, undefined1[16] param_4, Mg1401Player * this)
7100021a90	284	on_game_proc	mg1401::Mg1401Player	a	a	0		undefined on_game_proc(Mg1401Player * this)
7100021f8c	32	IsDerivedFrom	nn::bezel::detail::StaticTypeDesc<ca::ui::CaComUiUserName,false,nn::bezel::Component>	a	a	0		bool IsDerivedFrom(undefined * param_1)
7100021fac	12	GetBaseTypeDesc	nn::bezel::detail::StaticTypeDesc<ca::ui::CaComUiUserName,false,nn::bezel::Component>	a	a	0		undefined * GetBaseTypeDesc(void)
7100021fb8	20	GetNextBaseTypeDesc	nn::bezel::detail::StaticTypeDesc<ca::ui::CaComUiUserName,false,nn::bezel::Component>	a	a	0		undefined * GetNextBaseTypeDesc(long param_1)
7100021fcc	8	CastTo	nn::bezel::detail::StaticTypeDesc<ca::ui::CaComUiUserName,false,nn::bezel::Component>	a	a	0		undefined8 CastTo(undefined8 param_1, undefined8 param_2)
7100021fd4	8	CastToConst	nn::bezel::detail::StaticTypeDesc<ca::ui::CaComUiUserName,false,nn::bezel::Component>	a	a	0		undefined8 CastToConst(undefined8 param_1, undefined8 param_2)
7100021fe0	352	PlayPlayerMotion	mg1401::Mg1401Player	a	a	0		undefined PlayPlayerMotion(undefined4 param_1, Mg1401Player * this, int param_3)
7100022140	300	AnimationName	actor::MotionArg	a	a	0		MotionArg * AnimationName(MotionArg * this, long param_1)
7100022270	816	UpdateCom	mg1401::Mg1401Player	a	a	0		undefined UpdateCom(Mg1401Player * this)
71000225a0	156	GetActorPad	mg1401::Mg1401Player	a	a	0		undefined GetActorPad(undefined8 * param_1, long param_2)
710002263c	588	SetCorrect	mg1401::Mg1401Player	a	a	0		undefined SetCorrect(Mg1401Player * this)
7100022890	272	IsThisPlaying	mg1401::Mg1401Player	a	a	0		uint IsThisPlaying(Mg1401Player * this, int param_1)
71000229a0	668	Mg1401Player	mg1401::Mg1401Player	a	a	0		undefined Mg1401Player(Mg1401Player * this, int * param_1, undefined4 param_2, undefined4 param_3)
7100022c40	3468	Setup	mg1401::Mg1401Player	a	a	0		undefined Setup(Mg1401Player * this)
7100023a30	480	AddComponent<ca::ui::CaComUiUserName,,(void*)0>	nn::bezel::Entity	a	a	0		WeakHandle AddComponent<ca::ui::CaComUiUserName,,(void*)0>(long * param_1, HandlePtr * param_2)
7100023c20	444	~Mg1401Player	mg1401::Mg1401Player	a	a	0		undefined ~Mg1401Player(Mg1401Player * this)
7100023ddc	36	~Mg1401Player	mg1401::Mg1401Player	a	a	0		undefined ~Mg1401Player(Mg1401Player * this)
7100023e60	380	__push_back_slow_path<std::basic_string<char,std::char_traits<char>,bex::HeapModule::Allocator_string<char>>>	std::vector<std::basic_string<char,std::char_traits<char>,bex::HeapModule::Allocator_string<char>>,bex::HeapModule::Allocator_vector<std::basic_string<char,std::char_traits<char>,bex::HeapModule::Allocator_string<char>>>>	a	a	0		void __push_back_slow_path<std::basic_string<char,std::char_traits<char>,bex::HeapModule::Allocator_string<char>>>(vector<std::basic_string<char,std::char_traits<char>,bex::HeapModule::Allocator_string<char>>,bex::HeapModule::Allocator_vector<std::basic_string<char,std::char_traits<char>,bex::HeapModule::Allocator_string<char>>>> * this, undefined8 * param_1)
7100023fe0	104	FUN_7100023fe0		d	a	0		undefined FUN_7100023fe0(undefined8 * param_1)
7100024048	20	FUN_7100024048		d	a	0		undefined FUN_7100024048(void)
710002405c	32	IsDerivedFrom	nn::bezel::detail::StaticTypeDesc<nn::bezel::ComAnimator,false,nn::bezel::Component>	a	a	0		bool IsDerivedFrom(undefined * param_1)
710002407c	12	GetBaseTypeDesc	nn::bezel::detail::StaticTypeDesc<nn::bezel::ComAnimator,false,nn::bezel::Component>	a	a	0		undefined * GetBaseTypeDesc(void)
7100024088	20	GetNextBaseTypeDesc	nn::bezel::detail::StaticTypeDesc<nn::bezel::ComAnimator,false,nn::bezel::Component>	a	a	0		undefined * GetNextBaseTypeDesc(long param_1)
710002409c	8	CastTo	nn::bezel::detail::StaticTypeDesc<nn::bezel::ComAnimator,false,nn::bezel::Component>	a	a	0		undefined8 CastTo(undefined8 param_1, undefined8 param_2)
71000240a4	8	CastToConst	nn::bezel::detail::StaticTypeDesc<nn::bezel::ComAnimator,false,nn::bezel::Component>	a	a	0		undefined8 CastToConst(undefined8 param_1, undefined8 param_2)
71000240b0	584	__push_back_slow_path<std::basic_string<char,std::char_traits<char>,bex::HeapModule::Allocator_string<char>>const&>	std::vector<std::basic_string<char,std::char_traits<char>,bex::HeapModule::Allocator_string<char>>,bex::HeapModule::Allocator_vector<std::basic_string<char,std::char_traits<char>,bex::HeapModule::Allocator_string<char>>>>	a	a	0		void __push_back_slow_path<std::basic_string<char,std::char_traits<char>,bex::HeapModule::Allocator_string<char>>const&>(vector<std::basic_string<char,std::char_traits<char>,bex::HeapModule::Allocator_string<char>>,bex::HeapModule::Allocator_vector<std::basic_string<char,std::char_traits<char>,bex::HeapModule::Allocator_string<char>>>> * this, byte * param_1)
7100024314	4	~__func	std::__function::__func<actor::ActionStatus(*)(actor::ActionContext_const&)noexcept,std::allocator<actor::ActionStatus(*)(actor::ActionContext_const&)noexcept>,actor::ActionStatus(actor::ActionContext_const&)>	a	a	0		undefined ~__func(__func<actor::ActionStatus(*)(actor::ActionContext_const&)noexcept,std::allocator<actor::ActionStatus(*)(actor::ActionContext_const&)noexcept>,actor::ActionStatus(actor::ActionContext_const&)> * this)
7100024318	56	__clone	std::__function::__func<actor::ActionStatus(*)(actor::ActionContext_const&)noexcept,std::allocator<actor::ActionStatus(*)(actor::ActionContext_const&)noexcept>,actor::ActionStatus(actor::ActionContext_const&)>	a	a	0		undefined __clone(__func<actor::ActionStatus(*)(actor::ActionContext_const&)noexcept,std::allocator<actor::ActionStatus(*)(actor::ActionContext_const&)noexcept>,actor::ActionStatus(actor::ActionContext_const&)> * this)
7100024350	28	__clone	std::__function::__func<actor::ActionStatus(*)(actor::ActionContext_const&)noexcept,std::allocator<actor::ActionStatus(*)(actor::ActionContext_const&)noexcept>,actor::ActionStatus(actor::ActionContext_const&)>	a	a	0		undefined __clone(__func<actor::ActionStatus(*)(actor::ActionContext_const&)noexcept,std::allocator<actor::ActionStatus(*)(actor::ActionContext_const&)noexcept>,actor::ActionStatus(actor::ActionContext_const&)> * this, long * param_1)
710002436c	4	destroy	std::__function::__func<actor::ActionStatus(*)(actor::ActionContext_const&)noexcept,std::allocator<actor::ActionStatus(*)(actor::ActionContext_const&)noexcept>,actor::ActionStatus(actor::ActionContext_const&)>	a	a	0		undefined destroy(void)
7100024370	4	destroy_deallocate	std::__function::__func<actor::ActionStatus(*)(actor::ActionContext_const&)noexcept,std::allocator<actor::ActionStatus(*)(actor::ActionContext_const&)noexcept>,actor::ActionStatus(actor::ActionContext_const&)>	a	a	0		undefined destroy_deallocate(__func<actor::ActionStatus(*)(actor::ActionContext_const&)noexcept,std::allocator<actor::ActionStatus(*)(actor::ActionContext_const&)noexcept>,actor::ActionStatus(actor::ActionContext_const&)> * this)
7100024374	12	operator()	std::__function::__func<actor::ActionStatus(*)(actor::ActionContext_const&)noexcept,std::allocator<actor::ActionStatus(*)(actor::ActionContext_const&)noexcept>,actor::ActionStatus(actor::ActionContext_const&)>	a	a	0		undefined operator()(__func<actor::ActionStatus(*)(actor::ActionContext_const&)noexcept,std::allocator<actor::ActionStatus(*)(actor::ActionContext_const&)noexcept>,actor::ActionStatus(actor::ActionContext_const&)> * this, undefined8 param_1)
7100024390	320	__push_back_slow_path<std::unique_ptr<mg1401::Mg1401Player,std::default_delete<mg1401::Mg1401Player>>>	std::vector<std::unique_ptr<mg1401::Mg1401Player,std::default_delete<mg1401::Mg1401Player>>,bex::HeapModule::Allocator_vector<std::unique_ptr<mg1401::Mg1401Player,std::default_delete<mg1401::Mg1401Player>>>>	a	a	0		void __push_back_slow_path<std::unique_ptr<mg1401::Mg1401Player,std::default_delete<mg1401::Mg1401Player>>>(vector<std::unique_ptr<mg1401::Mg1401Player,std::default_delete<mg1401::Mg1401Player>>,bex::HeapModule::Allocator_vector<std::unique_ptr<mg1401::Mg1401Player,std::default_delete<mg1401::Mg1401Player>>>> * this, long * param_1)
71000244d4	20	FUN_71000244d4		d	a	0		undefined FUN_71000244d4(void)
71000244f0	1440	PostSetup	mg1401::Mg1401Player	a	a	0		undefined PostSetup(undefined1[16] param_1, undefined1[16] param_2, undefined1[16] param_3, undefined1[16] param_4, Mg1401Player * this)
7100024ab0	468	AddComponent<bq::ComUi,char_const*,char_const(&)[20],nn::bezel::GuiLayoutCreateArg&,(void*)0>	nn::bezel::Entity	a	a	0		WeakHandle AddComponent<bq::ComUi,char_const*,char_const(&)[20],nn::bezel::GuiLayoutCreateArg&,(void*)0>(long * param_1_00, HandlePtr * param_2, undefined8 * param_3, char * param_4, GuiLayoutCreateArg * param_5)
7100024c8c	416	SafeCreate<bq::ComUi,nn::bezel::HandlePtr<nn::bezel::Entity>const&,char_const*,char_const(&)[20],nn::bezel::GuiLayoutCreateArg&>	bex::ComponentUtil	a	a	0		WeakHandle SafeCreate<bq::ComUi,nn::bezel::HandlePtr<nn::bezel::Entity>const&,char_const*,char_const(&)[20],nn::bezel::GuiLayoutCreateArg&>(long * param_1_00, ComponentUtil * this, undefined8 * param_3, char * param_4, GuiLayoutCreateArg * param_5)
7100024e40	1212	Initialize	mg1401::Mg1401Player	a	a	0		undefined Initialize(Mg1401Player * this)
7100025310	176	StopInput	mg1401::Mg1401Player	a	a	0		undefined StopInput(Mg1401Player * this)
71000253c0	500	EndSplit	mg1401::Mg1401Player	a	a	0		undefined EndSplit(Mg1401Player * this)
71000255c0	32	IsDerivedFrom	nn::bezel::detail::StaticTypeDesc<nn::bezel::ComPhysicalAnimation,false,nn::bezel::Component>	a	a	0		bool IsDerivedFrom(undefined * param_1)
71000255e0	12	GetBaseTypeDesc	nn::bezel::detail::StaticTypeDesc<nn::bezel::ComPhysicalAnimation,false,nn::bezel::Component>	a	a	0		undefined * GetBaseTypeDesc(void)
71000255ec	20	GetNextBaseTypeDesc	nn::bezel::detail::StaticTypeDesc<nn::bezel::ComPhysicalAnimation,false,nn::bezel::Component>	a	a	0		undefined * GetNextBaseTypeDesc(long param_1)
7100025600	8	CastTo	nn::bezel::detail::StaticTypeDesc<nn::bezel::ComPhysicalAnimation,false,nn::bezel::Component>	a	a	0		undefined8 CastTo(undefined8 param_1, undefined8 param_2)
7100025608	8	CastToConst	nn::bezel::detail::StaticTypeDesc<nn::bezel::ComPhysicalAnimation,false,nn::bezel::Component>	a	a	0		undefined8 CastToConst(undefined8 param_1, undefined8 param_2)
7100025610	20	FUN_7100025610		d	a	0		undefined FUN_7100025610(void)
7100025624	292	SkipOpeningDemo	mg1401::Mg1401Player	a	a	0		undefined SkipOpeningDemo(Mg1401Player * this)
7100025750	792	StartFinish	mg1401::Mg1401Player	a	a	0		undefined StartFinish(Mg1401Player * this)
7100025a80	612	StartEndingDemo	mg1401::Mg1401Player	a	a	0		undefined StartEndingDemo(Mg1401Player * this)
7100025cf0	388	StartReel	mg1401::Mg1401Player	a	a	0		undefined StartReel(Mg1401Player * this)
7100025e80	376	SetSuccess	mg1401::Mg1401Player	a	a	0		undefined SetSuccess(Mg1401Player * this, ulong param_1)
7100026000	196	ForcePushButton	mg1401::Mg1401Player	a	a	0		undefined ForcePushButton(Mg1401Player * param_1)
71000260d0	604	StartSplit	mg1401::Mg1401Player	a	a	0		undefined StartSplit(Mg1401Player * this, ulong param_1)
7100026340	80	FUN_7100026340		d	a	0		undefined FUN_7100026340(void)
7100026390	80	FUN_7100026390		d	a	0		undefined FUN_7100026390(void)
71000263e0	68	DummySymbolLink	mg1401::Scene	a	a	0		undefined DummySymbolLink(ulong param_1)
7100026428	220	getStaticTypeinfo	mg1401::Scene	a	a	0		undefined * getStaticTypeinfo(void)
7100026504	96	getPropertyList	mg1401::Scene	a	a	0		undefined8 getPropertyList(void)
7100026564	44	createInstance	mg1401::Scene	a	a	0		Scene * createInstance(void)
7100026590	20	deleteInstance	mg1401::Scene	a	a	0		undefined deleteInstance(long * param_1)
71000265a4	4	checkGuiProperty	rtti::Class	a	a	0		undefined checkGuiProperty(void * param_1, Property * param_2, PropertyList * param_3)
71000265a8	4	createGuiProperty	rtti::Class	a	a	0		undefined createGuiProperty(void * param_1, Property * param_2, Typeinfo * param_3, uint param_4)
71000265ac	220	getStaticTypeinfo	mg1401::Scene::Params	a	a	0		undefined * getStaticTypeinfo(void)
7100026688	468	getPropertyList	mg1401::Scene::Params	a	a	0		undefined * getPropertyList(void)
710002685c	68	createInstance	mg1401::Scene::Params	a	a	0		undefined createInstance(void)
71000268a0	20	deleteInstance	mg1401::Scene::Params	a	a	0		undefined deleteInstance(long * param_1)
71000268b4	168	Scene	mg1401::Scene	a	a	0		undefined Scene(Scene * this)
710002695c	84	~Scene	mg1401::Scene	a	a	0		undefined ~Scene(Scene * this)
71000269b0	36	~Scene	mg1401::Scene	a	a	0		undefined ~Scene(Scene * this)
71000269d4	184	DoSetupGame	mg1401::Scene	a	a	0		undefined DoSetupGame(Scene * this)
7100026a8c	8	DoGameInit	mg1401::Scene	a	a	0		undefined DoGameInit(undefined1[16] param_1, undefined1[16] param_2, undefined1[16] param_3, undefined1[16] param_4, Scene * this)
7100026a94	48	DoGameInstInit	mg1401::Scene	a	a	0		undefined DoGameInstInit(undefined1[16] param_1, undefined1[16] param_2, undefined1[16] param_3, undefined1[16] param_4)
7100026ac4	80	DoGameOpening	mg1401::Scene	a	a	0		undefined8 DoGameOpening(Scene * this)
7100026b14	48	DoGameOpeningSkip	mg1401::Scene	a	a	0		undefined8 DoGameOpeningSkip(Scene * this)
7100026b44	48	DoGameStartBefore	mg1401::Scene	a	a	0		undefined8 DoGameStartBefore(Scene * this)
7100026b74	8	DoGameStart	mg1401::Scene	a	a	0		undefined8 DoGameStart(void)
7100026b7c	48	DoGameStartAfter	mg1401::Scene	a	a	0		undefined8 DoGameStartAfter(Scene * this)
7100026bac	8	DoGameMain	mg1401::Scene	a	a	0		undefined1 DoGameMain(Scene * this)
7100026bb4	48	DoGameEnd	mg1401::Scene	a	a	0		undefined8 DoGameEnd(Scene * this)
7100026be4	164	DoGameEnding	mg1401::Scene	a	a	0		undefined8 DoGameEnding(Scene * this)
7100026c88	32	DoGameCleanup	mg1401::Scene	a	a	0		undefined DoGameCleanup(Scene * this)
7100026ca8	16	GetScene	mg1401::Scene	a	a	0		undefined8 GetScene(void)
7100026cb8	12	GetDbpGameTime	mg1401::Scene	a	a	0		float GetDbpGameTime(Scene * this)
7100026cc4	16	IsDbpDisableTimeoverGame	mg1401::Scene	a	a	0		bool IsDbpDisableTimeoverGame(Scene * this)
7100026cd4	16	IsDbpDisableTimeover	mg1401::Scene	a	a	0		bool IsDbpDisableTimeover(Scene * this)
7100026ce4	8	IsDbpProgressDcc	mg1401::Scene	a	a	0		Scene IsDbpProgressDcc(Scene * this)
7100026cec	8	GetDbpReelMinSpeed	mg1401::Scene	a	a	0		undefined4 GetDbpReelMinSpeed(Scene * this)
7100026cf4	16	IsSlotMotion	mg1401::Scene	a	a	0		bool IsSlotMotion(Scene * this)
7100026d04	28	GetDbpReelSpeedType	mg1401::Scene	a	a	0		int GetDbpReelSpeedType(Scene * this)
7100026d20	184	GetDbpComboReelSpeed	mg1401::Scene	a	a	0		float GetDbpComboReelSpeed(Scene * this, undefined4 param_1)
7100026dd8	64	GetDbpReelSpeed	mg1401::Scene	a	a	0		undefined1[16] GetDbpReelSpeed(Scene * this)
7100026e18	172	GetGraphicsLayer	mg1401::Scene	a	a	0		undefined GetGraphicsLayer(long * param_1)
7100026ec4	4	GetGraphicsLayer	mg1401::Scene	a	a	0		undefined GetGraphicsLayer(void)
7100026ec8	4	GetGraphicsSplitLayer	mg1401::Scene	a	a	0		undefined GetGraphicsSplitLayer(void)
7100026ecc	220	getInstanceTypeinfo	mg1401::Scene	a	a	0		undefined * getInstanceTypeinfo(void)
7100026fa8	16	GetSymbol	mg1401::Scene	a	a	0		undefined8 GetSymbol(void)
7100026fb8	8	GetTickElapsed	bex::SceneBase	a	a	0		undefined8 GetTickElapsed(void)
7100026fc0	28	GetHandle	bex::SceneBase	a	a	0		undefined GetHandle(undefined8 * param_1, long param_2)
7100026fdc	4	OnCleanupProcessing	bex::GameScene	a	a	0		undefined OnCleanupProcessing(void)
7100026fe0	4	OnSyncEnd	bex::NetworkGameScene	a	a	0		undefined OnSyncEnd(void)
7100026fe4	4	OnThreeMinTimerEnd	bq::MinigameScene	a	a	0		undefined OnThreeMinTimerEnd(void)
7100026fe8	8	OnCharaGameDemoStart	bq::MinigameScene	a	a	0		undefined8 OnCharaGameDemoStart(void)
7100026ff0	8	OnCharaGameDemo	bq::MinigameScene	a	a	0		undefined8 OnCharaGameDemo(void)
7100026ff8	4	OnCharaGameDemoSkipStart	bq::MinigameScene	a	a	0		undefined OnCharaGameDemoSkipStart(void)
7100026ffc	4	OnCharaGameDemoSkipEnd	bq::MinigameScene	a	a	0		undefined OnCharaGameDemoSkipEnd(void)
7100027000	8	OnCharaGameDemoEnd	bq::MinigameScene	a	a	0		undefined8 OnCharaGameDemoEnd(void)
7100027008	8	OnGameStartTelopBefore	bq::MinigameScene	a	a	0		undefined8 OnGameStartTelopBefore(void)
7100027010	8	OnGameFinishAfter	bq::MinigameScene	a	a	0		undefined8 OnGameFinishAfter(void)
7100027018	8	OnEndingInit	bq::MinigameScene	a	a	0		undefined8 OnEndingInit(void)
7100027020	8	OnGameEndingFade	bq::MinigameScene	a	a	0		undefined8 OnGameEndingFade(void)
7100027028	8	OnGameEndingChangeCut	bq::MinigameScene	a	a	0		undefined8 OnGameEndingChangeCut(void)
7100027030	4	PreSetupGame	ca::kbm::MinigameScene	a	a	0		undefined PreSetupGame(void)
7100027034	4	DoTickAdjustmentComplete	ca::kbm::MinigameScene	a	a	0		undefined DoTickAdjustmentComplete(void)
7100027038	8	DoGameFinish	ca::kbm::MinigameScene	a	a	0		undefined8 DoGameFinish(void)
7100027040	8	DoGameEndingBefore	ca::kbm::MinigameScene	a	a	0		undefined8 DoGameEndingBefore(void)
7100027048	8	DoGameEndingAfter	ca::kbm::MinigameScene	a	a	0		undefined8 DoGameEndingAfter(void)
7100027050	8	DoGameEndingSkip	ca::kbm::MinigameScene	a	a	0		undefined8 DoGameEndingSkip(void)
7100027058	8	DoGameLastFade	ca::kbm::MinigameScene	a	a	0		undefined8 DoGameLastFade(void)
7100027060	8	DoGameExit	ca::kbm::MinigameScene	a	a	0		undefined8 DoGameExit(void)
7100027068	4	~Params	mg1401::Scene::Params	a	a	0		undefined ~Params(Params * this)
710002706c	220	getInstanceTypeinfo	mg1401::Scene::Params	a	a	0		undefined * getInstanceTypeinfo(void)
7100027148	16	GetSymbol	mg1401::Scene::Params	a	a	0		undefined8 GetSymbol(void)
7100027158	4	~Class	rtti::Class	a	a	0		undefined ~Class(void)
7100027160	2040	FUN_7100027160		d	a	0		undefined FUN_7100027160(void)
7100027958	280	Mg1401Sequence	mg1401::Mg1401Sequence	a	a	0		undefined Mg1401Sequence(Mg1401Sequence * this)
7100027a70	100	~Mg1401Sequence	mg1401::Mg1401Sequence	a	a	0		undefined ~Mg1401Sequence(Mg1401Sequence * this)
7100027ad4	36	~Mg1401Sequence	mg1401::Mg1401Sequence	a	a	0		undefined ~Mg1401Sequence(Mg1401Sequence * this)
7100027af8	8	Setup	mg1401::Mg1401Sequence	a	a	0		undefined Setup(Mg1401Sequence * this)
7100027b00	3048	Setup	mg1401::Mg1401Sequence::Impl	a	a	0		undefined Setup(Impl * this)
71000286f4	8	Initialize	mg1401::Mg1401Sequence	a	a	0		undefined Initialize(undefined1[16] param_1, undefined1[16] param_2, undefined1[16] param_3, undefined1[16] param_4, Mg1401Sequence * this)
7100028700	816	Initialize	mg1401::Mg1401Sequence::Impl	a	a	0		undefined Initialize(undefined1[16] param_1, undefined1[16] param_2, undefined1[16] param_3, undefined1[16] param_4, Impl * this)
7100028a38	84	DoGameInit	mg1401::Mg1401Sequence	a	a	0		undefined8 DoGameInit(undefined1[16] param_1, undefined1[16] param_2, undefined1[16] param_3, undefined1[16] param_4, Mg1401Sequence * this)
7100028a8c	68	InstInit	mg1401::Mg1401Sequence	a	a	0		undefined InstInit(undefined1[16] param_1, undefined1[16] param_2, undefined1[16] param_3, undefined1[16] param_4)
7100028ad0	8	DoGameInstInit	mg1401::Mg1401Sequence	a	a	0		undefined8 DoGameInstInit(void)
7100028ae0	124	StartOpeningDemo	mg1401::Mg1401Sequence	a	a	0		undefined StartOpeningDemo(Mg1401Sequence * this)
7100028b60	72	SkipOpeningDemo	mg1401::Mg1401Sequence	a	a	0		undefined SkipOpeningDemo(Mg1401Sequence * this)
7100028bb0	72	PreStartTelop	mg1401::Mg1401Sequence	a	a	0		undefined PreStartTelop(Mg1401Sequence * this)
7100028c00	8	StartGame	mg1401::Mg1401Sequence	a	a	0		undefined StartGame(Mg1401Sequence * this)
7100028c10	2216	StartGame	mg1401::Mg1401Sequence::Impl	a	a	0		undefined StartGame(Impl * this)
71000294d0	8	StartFinish	mg1401::Mg1401Sequence	a	a	0		undefined StartFinish(Mg1401Sequence * this)
71000294e0	504	StartFinish	mg1401::Mg1401Sequence::Impl	a	a	0		undefined StartFinish(Impl * this)
71000296e4	28	StartEndingDemo	mg1401::Mg1401Sequence	a	a	0		undefined StartEndingDemo(Mg1401Sequence * this)
7100029700	12	IsSequenceEnd	mg1401::Mg1401Sequence	a	a	0		undefined1 IsSequenceEnd(Mg1401Sequence * this)
7100029710	156	IsAllSuccess	mg1401::Mg1401Sequence	a	a	0		bool IsAllSuccess(void)
71000297ac	12	GetTheme	mg1401::Mg1401Sequence	a	a	0		undefined4 GetTheme(Mg1401Sequence * this)
71000297b8	96	AddPersonalPoint	mg1401::Mg1401Sequence	a	a	0		undefined AddPersonalPoint(Mg1401Sequence * this, long param_1)
7100029818	12	GetPoint	mg1401::Mg1401Sequence	a	a	0		undefined4 GetPoint(Mg1401Sequence * this)
7100029824	12	GetComboNum	mg1401::Mg1401Sequence	a	a	0		undefined4 GetComboNum(Mg1401Sequence * this)
7100029830	12	GetTurn	mg1401::Mg1401Sequence	a	a	0		undefined4 GetTurn(Mg1401Sequence * this)
710002983c	8	ForcePushInputA	mg1401::Mg1401Sequence	a	a	0		undefined ForcePushInputA(float param_1, Mg1401Sequence * this, int param_3)
7100029844	8	ForceStopReel	mg1401::Mg1401Sequence	a	a	0		undefined ForceStopReel(float param_1, Mg1401Sequence * this, int param_3, byte param_4)
710002984c	24	GetRank	mg1401::Mg1401Sequence	a	a	0		undefined GetRank(void)
7100029864	24	IsTimeOut	mg1401::Mg1401Sequence	a	a	0		bool IsTimeOut(Mg1401Sequence * this, uint param_1)
7100029880	668	~Impl	mg1401::Mg1401Sequence::Impl	a	a	0		undefined ~Impl(Impl * this)
7100029b1c	36	~Impl	mg1401::Mg1401Sequence::Impl	a	a	0		undefined ~Impl(Impl * this)
7100029b40	340	Update	mg1401::Mg1401Sequence::Impl	a	a	0		undefined Update(undefined1[16] param_1, undefined1[16] param_2, undefined1[16] param_3, undefined1[16] param_4, Impl * this)
7100029ca0	2612	on_game	mg1401::Mg1401Sequence::Impl	a	a	0		undefined on_game(undefined1[16] param_1, undefined1[16] param_2, undefined1[16] param_3, undefined1[16] param_4, Impl * this)
710002a6e0	1328	on_ending_demo	mg1401::Mg1401Sequence::Impl	a	a	0		undefined on_ending_demo(Impl * this)
710002ac30	1220	on_game_change_theme	mg1401::Mg1401Sequence::Impl	a	a	0		undefined8 on_game_change_theme(undefined1[16] param_1, undefined1[16] param_2, undefined1[16] param_3, undefined1[16] param_4, Impl * this)
710002b0fc	224	BroadcastPlayerTimeOut	mg1401::Mg1401Sequence::Impl	a	a	0		undefined BroadcastPlayerTimeOut(undefined8 param_1_00, int param_2, byte param_3)
710002b1dc	72	IsAllAnswered	mg1401::Mg1401Sequence::Impl	a	a	0		bool IsAllAnswered(Impl * this)
710002b230	440	FailEvent	mg1401::Mg1401Sequence::Impl	a	a	0		undefined FailEvent(Impl * this)
710002b3e8	200	BroadcastRestartReel	mg1401::Mg1401Sequence::Impl	a	a	0		undefined BroadcastRestartReel(undefined8 param_1_00, int param_2)
710002b4b0	68	SafeLock	nn::bezel::WeakHandle<bex::sound::SoundHandle>	a	a	0		undefined SafeLock(long * param_1, long * param_2)
710002b500	256	GetComponent<bq::ComUiNameStatus>	nn::bezel::Entity	a	a	0		WeakHandle GetComponent<bq::ComUiNameStatus>(long * param_1, long param_2)
710002b610	144	GetAssetPath	mg1401	a	a	0		undefined GetAssetPath(undefined8 * param_1, mg1401 * this)
710002b6a4	172	_ZNSt3__112basic_stringIcNS_11char_traitsIcEEN3bex10HeapModule16Allocator_stringIcEEEC2B7v160006IDnEEPKc		i	a	0		undefined _ZNSt3__112basic_stringIcNS_11char_traitsIcEEN3bex10HeapModule16Allocator_stringIcEEEC2B7v160006IDnEEPKc(long * param_1, char * param_2)
710002b750	304	ChangeTheme	mg1401::Mg1401Sequence::Impl	a	a	0		undefined ChangeTheme(Impl * this)
710002b880	208	BroadcastRestTime	mg1401::Mg1401Sequence::Impl	a	a	0		undefined BroadcastRestTime(float param_1)
710002b950	32	IsDerivedFrom	nn::bezel::detail::StaticTypeDesc<bq::ComUiNameStatus,false,nn::bezel::Component>	a	a	0		bool IsDerivedFrom(undefined * param_1)
710002b970	12	GetBaseTypeDesc	nn::bezel::detail::StaticTypeDesc<bq::ComUiNameStatus,false,nn::bezel::Component>	a	a	0		undefined * GetBaseTypeDesc(void)
710002b97c	20	GetNextBaseTypeDesc	nn::bezel::detail::StaticTypeDesc<bq::ComUiNameStatus,false,nn::bezel::Component>	a	a	0		undefined * GetNextBaseTypeDesc(long param_1)
710002b990	8	CastTo	nn::bezel::detail::StaticTypeDesc<bq::ComUiNameStatus,false,nn::bezel::Component>	a	a	0		undefined8 CastTo(undefined8 param_1, undefined8 param_2)
710002b998	8	CastToConst	nn::bezel::detail::StaticTypeDesc<bq::ComUiNameStatus,false,nn::bezel::Component>	a	a	0		undefined8 CastToConst(undefined8 param_1, undefined8 param_2)
710002b9a0	32	IsDerivedFrom	nn::bezel::detail::StaticTypeDesc<ca::kb::ui::UiMgScoreRank,false,nn::bezel::Component>	a	a	0		bool IsDerivedFrom(undefined * param_1)
710002b9c0	12	GetBaseTypeDesc	nn::bezel::detail::StaticTypeDesc<ca::kb::ui::UiMgScoreRank,false,nn::bezel::Component>	a	a	0		undefined * GetBaseTypeDesc(void)
710002b9cc	20	GetNextBaseTypeDesc	nn::bezel::detail::StaticTypeDesc<ca::kb::ui::UiMgScoreRank,false,nn::bezel::Component>	a	a	0		undefined * GetNextBaseTypeDesc(long param_1)
710002b9e0	8	CastTo	nn::bezel::detail::StaticTypeDesc<ca::kb::ui::UiMgScoreRank,false,nn::bezel::Component>	a	a	0		undefined8 CastTo(undefined8 param_1, undefined8 param_2)
710002b9e8	8	CastToConst	nn::bezel::detail::StaticTypeDesc<ca::kb::ui::UiMgScoreRank,false,nn::bezel::Component>	a	a	0		undefined8 CastToConst(undefined8 param_1, undefined8 param_2)
710002b9f0	32	IsDerivedFrom	nn::bezel::detail::StaticTypeDesc<ca::kb::ui::UiMgResult,false,nn::bezel::Component>	a	a	0		bool IsDerivedFrom(undefined * param_1)
710002ba10	12	GetBaseTypeDesc	nn::bezel::detail::StaticTypeDesc<ca::kb::ui::UiMgResult,false,nn::bezel::Component>	a	a	0		undefined * GetBaseTypeDesc(void)
710002ba1c	20	GetNextBaseTypeDesc	nn::bezel::detail::StaticTypeDesc<ca::kb::ui::UiMgResult,false,nn::bezel::Component>	a	a	0		undefined * GetNextBaseTypeDesc(long param_1)
710002ba30	8	CastTo	nn::bezel::detail::StaticTypeDesc<ca::kb::ui::UiMgResult,false,nn::bezel::Component>	a	a	0		undefined8 CastTo(undefined8 param_1, undefined8 param_2)
710002ba38	8	CastToConst	nn::bezel::detail::StaticTypeDesc<ca::kb::ui::UiMgResult,false,nn::bezel::Component>	a	a	0		undefined8 CastToConst(undefined8 param_1, undefined8 param_2)
710002ba40	464	AddComponent<ca::kb::ui::UiMgResult,bq::MinigameID,(void*)0>	nn::bezel::Entity	a	a	0		WeakHandle AddComponent<ca::kb::ui::UiMgResult,bq::MinigameID,(void*)0>(long * param_1_00, HandlePtr * param_2, undefined4 * param_3)
710002bc20	464	AddComponent<ca::kb::ui::UiMgScoreRank,bq::MinigameID,(void*)0>	nn::bezel::Entity	a	a	0		WeakHandle AddComponent<ca::kb::ui::UiMgScoreRank,bq::MinigameID,(void*)0>(long * param_1_00, HandlePtr * param_2, undefined4 * param_3)
710002bdf8	20	FUN_710002bdf8		d	a	0		undefined FUN_710002bdf8(void)
710002be10	4	~__func	std::__function::__func<mg1401::Mg1401Sequence::Impl::Setup()::{lambda(ca::kb::RPCArgumentsRecvPack&)#1},std::allocator<mg1401::Mg1401Sequence::Impl::Setup()::{lambda(ca::kb::RPCArgumentsRecvPack&)#1}>,void(ca::kb::RPCArgumentsRecvPack&)>	a	a	0		undefined ~__func(__func<mg1401::Mg1401Sequence::Impl::Setup()::{lambda(ca::kb::RPCArgumentsRecvPack&)#1},std::allocator<mg1401::Mg1401Sequence::Impl::Setup()::{lambda(ca::kb::RPCArgumentsRecvPack&)#1}>,void(ca::kb::RPCArgumentsRecvPack&)> * this)
710002be14	56	__clone	std::__function::__func<mg1401::Mg1401Sequence::Impl::Setup()::{lambda(ca::kb::RPCArgumentsRecvPack&)#1},std::allocator<mg1401::Mg1401Sequence::Impl::Setup()::{lambda(ca::kb::RPCArgumentsRecvPack&)#1}>,void(ca::kb::RPCArgumentsRecvPack&)>	a	a	0		undefined __clone(__func<mg1401::Mg1401Sequence::Impl::Setup()::{lambda(ca::kb::RPCArgumentsRecvPack&)#1},std::allocator<mg1401::Mg1401Sequence::Impl::Setup()::{lambda(ca::kb::RPCArgumentsRecvPack&)#1}>,void(ca::kb::RPCArgumentsRecvPack&)> * this)
710002be4c	28	__clone	std::__function::__func<mg1401::Mg1401Sequence::Impl::Setup()::{lambda(ca::kb::RPCArgumentsRecvPack&)#1},std::allocator<mg1401::Mg1401Sequence::Impl::Setup()::{lambda(ca::kb::RPCArgumentsRecvPack&)#1}>,void(ca::kb::RPCArgumentsRecvPack&)>	a	a	0		undefined __clone(__func<mg1401::Mg1401Sequence::Impl::Setup()::{lambda(ca::kb::RPCArgumentsRecvPack&)#1},std::allocator<mg1401::Mg1401Sequence::Impl::Setup()::{lambda(ca::kb::RPCArgumentsRecvPack&)#1}>,void(ca::kb::RPCArgumentsRecvPack&)> * this, long * param_1)
710002be68	4	destroy	std::__function::__func<mg1401::Mg1401Sequence::Impl::Setup()::{lambda(ca::kb::RPCArgumentsRecvPack&)#1},std::allocator<mg1401::Mg1401Sequence::Impl::Setup()::{lambda(ca::kb::RPCArgumentsRecvPack&)#1}>,void(ca::kb::RPCArgumentsRecvPack&)>	a	a	0		undefined destroy(void)
710002be6c	4	destroy_deallocate	std::__function::__func<mg1401::Mg1401Sequence::Impl::Setup()::{lambda(ca::kb::RPCArgumentsRecvPack&)#1},std::allocator<mg1401::Mg1401Sequence::Impl::Setup()::{lambda(ca::kb::RPCArgumentsRecvPack&)#1}>,void(ca::kb::RPCArgumentsRecvPack&)>	a	a	0		undefined destroy_deallocate(__func<mg1401::Mg1401Sequence::Impl::Setup()::{lambda(ca::kb::RPCArgumentsRecvPack&)#1},std::allocator<mg1401::Mg1401Sequence::Impl::Setup()::{lambda(ca::kb::RPCArgumentsRecvPack&)#1}>,void(ca::kb::RPCArgumentsRecvPack&)> * this)
710002be70	100	operator()	std::__function::__func<mg1401::Mg1401Sequence::Impl::Setup()::{lambda(ca::kb::RPCArgumentsRecvPack&)#1},std::allocator<mg1401::Mg1401Sequence::Impl::Setup()::{lambda(ca::kb::RPCArgumentsRecvPack&)#1}>,void(ca::kb::RPCArgumentsRecvPack&)>	a	a	0		undefined operator()(__func<mg1401::Mg1401Sequence::Impl::Setup()::{lambda(ca::kb::RPCArgumentsRecvPack&)#1},std::allocator<mg1401::Mg1401Sequence::Impl::Setup()::{lambda(ca::kb::RPCArgumentsRecvPack&)#1}>,void(ca::kb::RPCArgumentsRecvPack&)> * this, RPCArgumentsRecvPack * param_1)
710002bed4	4	~__func	std::__function::__func<mg1401::Mg1401Sequence::Impl::Setup()::{lambda(ca::kb::RPCArgumentsRecvPack&)#2},std::allocator<mg1401::Mg1401Sequence::Impl::Setup()::{lambda(ca::kb::RPCArgumentsRecvPack&)#2}>,void(ca::kb::RPCArgumentsRecvPack&)>	a	a	0		undefined ~__func(__func<mg1401::Mg1401Sequence::Impl::Setup()::{lambda(ca::kb::RPCArgumentsRecvPack&)#2},std::allocator<mg1401::Mg1401Sequence::Impl::Setup()::{lambda(ca::kb::RPCArgumentsRecvPack&)#2}>,void(ca::kb::RPCArgumentsRecvPack&)> * this)
710002bed8	56	__clone	std::__function::__func<mg1401::Mg1401Sequence::Impl::Setup()::{lambda(ca::kb::RPCArgumentsRecvPack&)#2},std::allocator<mg1401::Mg1401Sequence::Impl::Setup()::{lambda(ca::kb::RPCArgumentsRecvPack&)#2}>,void(ca::kb::RPCArgumentsRecvPack&)>	a	a	0		undefined __clone(__func<mg1401::Mg1401Sequence::Impl::Setup()::{lambda(ca::kb::RPCArgumentsRecvPack&)#2},std::allocator<mg1401::Mg1401Sequence::Impl::Setup()::{lambda(ca::kb::RPCArgumentsRecvPack&)#2}>,void(ca::kb::RPCArgumentsRecvPack&)> * this)
710002bf10	28	__clone	std::__function::__func<mg1401::Mg1401Sequence::Impl::Setup()::{lambda(ca::kb::RPCArgumentsRecvPack&)#2},std::allocator<mg1401::Mg1401Sequence::Impl::Setup()::{lambda(ca::kb::RPCArgumentsRecvPack&)#2}>,void(ca::kb::RPCArgumentsRecvPack&)>	a	a	0		undefined __clone(__func<mg1401::Mg1401Sequence::Impl::Setup()::{lambda(ca::kb::RPCArgumentsRecvPack&)#2},std::allocator<mg1401::Mg1401Sequence::Impl::Setup()::{lambda(ca::kb::RPCArgumentsRecvPack&)#2}>,void(ca::kb::RPCArgumentsRecvPack&)> * this, long * param_1)
710002bf2c	4	destroy	std::__function::__func<mg1401::Mg1401Sequence::Impl::Setup()::{lambda(ca::kb::RPCArgumentsRecvPack&)#2},std::allocator<mg1401::Mg1401Sequence::Impl::Setup()::{lambda(ca::kb::RPCArgumentsRecvPack&)#2}>,void(ca::kb::RPCArgumentsRecvPack&)>	a	a	0		undefined destroy(void)
710002bf30	4	destroy_deallocate	std::__function::__func<mg1401::Mg1401Sequence::Impl::Setup()::{lambda(ca::kb::RPCArgumentsRecvPack&)#2},std::allocator<mg1401::Mg1401Sequence::Impl::Setup()::{lambda(ca::kb::RPCArgumentsRecvPack&)#2}>,void(ca::kb::RPCArgumentsRecvPack&)>	a	a	0		undefined destroy_deallocate(__func<mg1401::Mg1401Sequence::Impl::Setup()::{lambda(ca::kb::RPCArgumentsRecvPack&)#2},std::allocator<mg1401::Mg1401Sequence::Impl::Setup()::{lambda(ca::kb::RPCArgumentsRecvPack&)#2}>,void(ca::kb::RPCArgumentsRecvPack&)> * this)
710002bf34	8	operator()	std::__function::__func<mg1401::Mg1401Sequence::Impl::Setup()::{lambda(ca::kb::RPCArgumentsRecvPack&)#2},std::allocator<mg1401::Mg1401Sequence::Impl::Setup()::{lambda(ca::kb::RPCArgumentsRecvPack&)#2}>,void(ca::kb::RPCArgumentsRecvPack&)>	a	a	0		undefined operator()(__func<mg1401::Mg1401Sequence::Impl::Setup()::{lambda(ca::kb::RPCArgumentsRecvPack&)#2},std::allocator<mg1401::Mg1401Sequence::Impl::Setup()::{lambda(ca::kb::RPCArgumentsRecvPack&)#2}>,void(ca::kb::RPCArgumentsRecvPack&)> * this, RPCArgumentsRecvPack * param_1)
710002bf3c	188	BroadcastStopReel	mg1401::Mg1401Sequence::Impl	a	a	0		undefined BroadcastStopReel(Impl * this, RPCArgumentsRecvPack * param_1)
710002bff8	4	~__func	std::__function::__func<mg1401::Mg1401Sequence::Impl::Setup()::{lambda(ca::kb::RPCArgumentsRecvPack&)#3},std::allocator<mg1401::Mg1401Sequence::Impl::Setup()::{lambda(ca::kb::RPCArgumentsRecvPack&)#3}>,void(ca::kb::RPCArgumentsRecvPack&)>	a	a	0		undefined ~__func(__func<mg1401::Mg1401Sequence::Impl::Setup()::{lambda(ca::kb::RPCArgumentsRecvPack&)#3},std::allocator<mg1401::Mg1401Sequence::Impl::Setup()::{lambda(ca::kb::RPCArgumentsRecvPack&)#3}>,void(ca::kb::RPCArgumentsRecvPack&)> * this)
710002bffc	56	__clone	std::__function::__func<mg1401::Mg1401Sequence::Impl::Setup()::{lambda(ca::kb::RPCArgumentsRecvPack&)#3},std::allocator<mg1401::Mg1401Sequence::Impl::Setup()::{lambda(ca::kb::RPCArgumentsRecvPack&)#3}>,void(ca::kb::RPCArgumentsRecvPack&)>	a	a	0		undefined __clone(__func<mg1401::Mg1401Sequence::Impl::Setup()::{lambda(ca::kb::RPCArgumentsRecvPack&)#3},std::allocator<mg1401::Mg1401Sequence::Impl::Setup()::{lambda(ca::kb::RPCArgumentsRecvPack&)#3}>,void(ca::kb::RPCArgumentsRecvPack&)> * this)
710002c034	28	__clone	std::__function::__func<mg1401::Mg1401Sequence::Impl::Setup()::{lambda(ca::kb::RPCArgumentsRecvPack&)#3},std::allocator<mg1401::Mg1401Sequence::Impl::Setup()::{lambda(ca::kb::RPCArgumentsRecvPack&)#3}>,void(ca::kb::RPCArgumentsRecvPack&)>	a	a	0		undefined __clone(__func<mg1401::Mg1401Sequence::Impl::Setup()::{lambda(ca::kb::RPCArgumentsRecvPack&)#3},std::allocator<mg1401::Mg1401Sequence::Impl::Setup()::{lambda(ca::kb::RPCArgumentsRecvPack&)#3}>,void(ca::kb::RPCArgumentsRecvPack&)> * this, long * param_1)
710002c050	4	destroy	std::__function::__func<mg1401::Mg1401Sequence::Impl::Setup()::{lambda(ca::kb::RPCArgumentsRecvPack&)#3},std::allocator<mg1401::Mg1401Sequence::Impl::Setup()::{lambda(ca::kb::RPCArgumentsRecvPack&)#3}>,void(ca::kb::RPCArgumentsRecvPack&)>	a	a	0		undefined destroy(void)
710002c054	4	destroy_deallocate	std::__function::__func<mg1401::Mg1401Sequence::Impl::Setup()::{lambda(ca::kb::RPCArgumentsRecvPack&)#3},std::allocator<mg1401::Mg1401Sequence::Impl::Setup()::{lambda(ca::kb::RPCArgumentsRecvPack&)#3}>,void(ca::kb::RPCArgumentsRecvPack&)>	a	a	0		undefined destroy_deallocate(__func<mg1401::Mg1401Sequence::Impl::Setup()::{lambda(ca::kb::RPCArgumentsRecvPack&)#3},std::allocator<mg1401::Mg1401Sequence::Impl::Setup()::{lambda(ca::kb::RPCArgumentsRecvPack&)#3}>,void(ca::kb::RPCArgumentsRecvPack&)> * this)
710002c058	124	operator()	std::__function::__func<mg1401::Mg1401Sequence::Impl::Setup()::{lambda(ca::kb::RPCArgumentsRecvPack&)#3},std::allocator<mg1401::Mg1401Sequence::Impl::Setup()::{lambda(ca::kb::RPCArgumentsRecvPack&)#3}>,void(ca::kb::RPCArgumentsRecvPack&)>	a	a	0		undefined operator()(__func<mg1401::Mg1401Sequence::Impl::Setup()::{lambda(ca::kb::RPCArgumentsRecvPack&)#3},std::allocator<mg1401::Mg1401Sequence::Impl::Setup()::{lambda(ca::kb::RPCArgumentsRecvPack&)#3}>,void(ca::kb::RPCArgumentsRecvPack&)> * this, RPCArgumentsRecvPack * param_1)
710002c0d4	4	~__func	std::__function::__func<mg1401::Mg1401Sequence::Impl::Setup()::{lambda(ca::kb::RPCArgumentsRecvPack&)#4},std::allocator<mg1401::Mg1401Sequence::Impl::Setup()::{lambda(ca::kb::RPCArgumentsRecvPack&)#4}>,void(ca::kb::RPCArgumentsRecvPack&)>	a	a	0		undefined ~__func(__func<mg1401::Mg1401Sequence::Impl::Setup()::{lambda(ca::kb::RPCArgumentsRecvPack&)#4},std::allocator<mg1401::Mg1401Sequence::Impl::Setup()::{lambda(ca::kb::RPCArgumentsRecvPack&)#4}>,void(ca::kb::RPCArgumentsRecvPack&)> * this)
710002c0d8	56	__clone	std::__function::__func<mg1401::Mg1401Sequence::Impl::Setup()::{lambda(ca::kb::RPCArgumentsRecvPack&)#4},std::allocator<mg1401::Mg1401Sequence::Impl::Setup()::{lambda(ca::kb::RPCArgumentsRecvPack&)#4}>,void(ca::kb::RPCArgumentsRecvPack&)>	a	a	0		undefined __clone(__func<mg1401::Mg1401Sequence::Impl::Setup()::{lambda(ca::kb::RPCArgumentsRecvPack&)#4},std::allocator<mg1401::Mg1401Sequence::Impl::Setup()::{lambda(ca::kb::RPCArgumentsRecvPack&)#4}>,void(ca::kb::RPCArgumentsRecvPack&)> * this)
710002c110	28	__clone	std::__function::__func<mg1401::Mg1401Sequence::Impl::Setup()::{lambda(ca::kb::RPCArgumentsRecvPack&)#4},std::allocator<mg1401::Mg1401Sequence::Impl::Setup()::{lambda(ca::kb::RPCArgumentsRecvPack&)#4}>,void(ca::kb::RPCArgumentsRecvPack&)>	a	a	0		undefined __clone(__func<mg1401::Mg1401Sequence::Impl::Setup()::{lambda(ca::kb::RPCArgumentsRecvPack&)#4},std::allocator<mg1401::Mg1401Sequence::Impl::Setup()::{lambda(ca::kb::RPCArgumentsRecvPack&)#4}>,void(ca::kb::RPCArgumentsRecvPack&)> * this, long * param_1)
710002c12c	4	destroy	std::__function::__func<mg1401::Mg1401Sequence::Impl::Setup()::{lambda(ca::kb::RPCArgumentsRecvPack&)#4},std::allocator<mg1401::Mg1401Sequence::Impl::Setup()::{lambda(ca::kb::RPCArgumentsRecvPack&)#4}>,void(ca::kb::RPCArgumentsRecvPack&)>	a	a	0		undefined destroy(void)
710002c130	4	destroy_deallocate	std::__function::__func<mg1401::Mg1401Sequence::Impl::Setup()::{lambda(ca::kb::RPCArgumentsRecvPack&)#4},std::allocator<mg1401::Mg1401Sequence::Impl::Setup()::{lambda(ca::kb::RPCArgumentsRecvPack&)#4}>,void(ca::kb::RPCArgumentsRecvPack&)>	a	a	0		undefined destroy_deallocate(__func<mg1401::Mg1401Sequence::Impl::Setup()::{lambda(ca::kb::RPCArgumentsRecvPack&)#4},std::allocator<mg1401::Mg1401Sequence::Impl::Setup()::{lambda(ca::kb::RPCArgumentsRecvPack&)#4}>,void(ca::kb::RPCArgumentsRecvPack&)> * this)
710002c134	8	operator()	std::__function::__func<mg1401::Mg1401Sequence::Impl::Setup()::{lambda(ca::kb::RPCArgumentsRecvPack&)#4},std::allocator<mg1401::Mg1401Sequence::Impl::Setup()::{lambda(ca::kb::RPCArgumentsRecvPack&)#4}>,void(ca::kb::RPCArgumentsRecvPack&)>	a	a	0		undefined operator()(__func<mg1401::Mg1401Sequence::Impl::Setup()::{lambda(ca::kb::RPCArgumentsRecvPack&)#4},std::allocator<mg1401::Mg1401Sequence::Impl::Setup()::{lambda(ca::kb::RPCArgumentsRecvPack&)#4}>,void(ca::kb::RPCArgumentsRecvPack&)> * this, RPCArgumentsRecvPack * param_1)
710002c140	340	BroadcastAddPersonalPoint	mg1401::Mg1401Sequence::Impl	a	a	0		undefined BroadcastAddPersonalPoint(Impl * this, RPCArgumentsRecvPack * param_1)
710002c29c	4	~__func	std::__function::__func<mg1401::Mg1401Sequence::Impl::Setup()::{lambda(ca::kb::RPCArgumentsRecvPack&)#5},std::allocator<mg1401::Mg1401Sequence::Impl::Setup()::{lambda(ca::kb::RPCArgumentsRecvPack&)#5}>,void(ca::kb::RPCArgumentsRecvPack&)>	a	a	0		undefined ~__func(__func<mg1401::Mg1401Sequence::Impl::Setup()::{lambda(ca::kb::RPCArgumentsRecvPack&)#5},std::allocator<mg1401::Mg1401Sequence::Impl::Setup()::{lambda(ca::kb::RPCArgumentsRecvPack&)#5}>,void(ca::kb::RPCArgumentsRecvPack&)> * this)
710002c2a0	56	__clone	std::__function::__func<mg1401::Mg1401Sequence::Impl::Setup()::{lambda(ca::kb::RPCArgumentsRecvPack&)#5},std::allocator<mg1401::Mg1401Sequence::Impl::Setup()::{lambda(ca::kb::RPCArgumentsRecvPack&)#5}>,void(ca::kb::RPCArgumentsRecvPack&)>	a	a	0		undefined __clone(__func<mg1401::Mg1401Sequence::Impl::Setup()::{lambda(ca::kb::RPCArgumentsRecvPack&)#5},std::allocator<mg1401::Mg1401Sequence::Impl::Setup()::{lambda(ca::kb::RPCArgumentsRecvPack&)#5}>,void(ca::kb::RPCArgumentsRecvPack&)> * this)
710002c2d8	28	__clone	std::__function::__func<mg1401::Mg1401Sequence::Impl::Setup()::{lambda(ca::kb::RPCArgumentsRecvPack&)#5},std::allocator<mg1401::Mg1401Sequence::Impl::Setup()::{lambda(ca::kb::RPCArgumentsRecvPack&)#5}>,void(ca::kb::RPCArgumentsRecvPack&)>	a	a	0		undefined __clone(__func<mg1401::Mg1401Sequence::Impl::Setup()::{lambda(ca::kb::RPCArgumentsRecvPack&)#5},std::allocator<mg1401::Mg1401Sequence::Impl::Setup()::{lambda(ca::kb::RPCArgumentsRecvPack&)#5}>,void(ca::kb::RPCArgumentsRecvPack&)> * this, long * param_1)
710002c2f4	4	destroy	std::__function::__func<mg1401::Mg1401Sequence::Impl::Setup()::{lambda(ca::kb::RPCArgumentsRecvPack&)#5},std::allocator<mg1401::Mg1401Sequence::Impl::Setup()::{lambda(ca::kb::RPCArgumentsRecvPack&)#5}>,void(ca::kb::RPCArgumentsRecvPack&)>	a	a	0		undefined destroy(void)
710002c2f8	4	destroy_deallocate	std::__function::__func<mg1401::Mg1401Sequence::Impl::Setup()::{lambda(ca::kb::RPCArgumentsRecvPack&)#5},std::allocator<mg1401::Mg1401Sequence::Impl::Setup()::{lambda(ca::kb::RPCArgumentsRecvPack&)#5}>,void(ca::kb::RPCArgumentsRecvPack&)>	a	a	0		undefined destroy_deallocate(__func<mg1401::Mg1401Sequence::Impl::Setup()::{lambda(ca::kb::RPCArgumentsRecvPack&)#5},std::allocator<mg1401::Mg1401Sequence::Impl::Setup()::{lambda(ca::kb::RPCArgumentsRecvPack&)#5}>,void(ca::kb::RPCArgumentsRecvPack&)> * this)
710002c2fc	92	operator()	std::__function::__func<mg1401::Mg1401Sequence::Impl::Setup()::{lambda(ca::kb::RPCArgumentsRecvPack&)#5},std::allocator<mg1401::Mg1401Sequence::Impl::Setup()::{lambda(ca::kb::RPCArgumentsRecvPack&)#5}>,void(ca::kb::RPCArgumentsRecvPack&)>	a	a	0		undefined operator()(__func<mg1401::Mg1401Sequence::Impl::Setup()::{lambda(ca::kb::RPCArgumentsRecvPack&)#5},std::allocator<mg1401::Mg1401Sequence::Impl::Setup()::{lambda(ca::kb::RPCArgumentsRecvPack&)#5}>,void(ca::kb::RPCArgumentsRecvPack&)> * this, RPCArgumentsRecvPack * param_1)
710002c358	4	~__func	std::__function::__func<mg1401::Mg1401Sequence::Impl::Setup()::{lambda(ca::kb::RPCArgumentsRecvPack&)#6},std::allocator<mg1401::Mg1401Sequence::Impl::Setup()::{lambda(ca::kb::RPCArgumentsRecvPack&)#6}>,void(ca::kb::RPCArgumentsRecvPack&)>	a	a	0		undefined ~__func(__func<mg1401::Mg1401Sequence::Impl::Setup()::{lambda(ca::kb::RPCArgumentsRecvPack&)#6},std::allocator<mg1401::Mg1401Sequence::Impl::Setup()::{lambda(ca::kb::RPCArgumentsRecvPack&)#6}>,void(ca::kb::RPCArgumentsRecvPack&)> * this)
710002c35c	56	__clone	std::__function::__func<mg1401::Mg1401Sequence::Impl::Setup()::{lambda(ca::kb::RPCArgumentsRecvPack&)#6},std::allocator<mg1401::Mg1401Sequence::Impl::Setup()::{lambda(ca::kb::RPCArgumentsRecvPack&)#6}>,void(ca::kb::RPCArgumentsRecvPack&)>	a	a	0		undefined __clone(__func<mg1401::Mg1401Sequence::Impl::Setup()::{lambda(ca::kb::RPCArgumentsRecvPack&)#6},std::allocator<mg1401::Mg1401Sequence::Impl::Setup()::{lambda(ca::kb::RPCArgumentsRecvPack&)#6}>,void(ca::kb::RPCArgumentsRecvPack&)> * this)
710002c394	28	__clone	std::__function::__func<mg1401::Mg1401Sequence::Impl::Setup()::{lambda(ca::kb::RPCArgumentsRecvPack&)#6},std::allocator<mg1401::Mg1401Sequence::Impl::Setup()::{lambda(ca::kb::RPCArgumentsRecvPack&)#6}>,void(ca::kb::RPCArgumentsRecvPack&)>	a	a	0		undefined __clone(__func<mg1401::Mg1401Sequence::Impl::Setup()::{lambda(ca::kb::RPCArgumentsRecvPack&)#6},std::allocator<mg1401::Mg1401Sequence::Impl::Setup()::{lambda(ca::kb::RPCArgumentsRecvPack&)#6}>,void(ca::kb::RPCArgumentsRecvPack&)> * this, long * param_1)
710002c3b0	4	destroy	std::__function::__func<mg1401::Mg1401Sequence::Impl::Setup()::{lambda(ca::kb::RPCArgumentsRecvPack&)#6},std::allocator<mg1401::Mg1401Sequence::Impl::Setup()::{lambda(ca::kb::RPCArgumentsRecvPack&)#6}>,void(ca::kb::RPCArgumentsRecvPack&)>	a	a	0		undefined destroy(void)
710002c3b4	4	destroy_deallocate	std::__function::__func<mg1401::Mg1401Sequence::Impl::Setup()::{lambda(ca::kb::RPCArgumentsRecvPack&)#6},std::allocator<mg1401::Mg1401Sequence::Impl::Setup()::{lambda(ca::kb::RPCArgumentsRecvPack&)#6}>,void(ca::kb::RPCArgumentsRecvPack&)>	a	a	0		undefined destroy_deallocate(__func<mg1401::Mg1401Sequence::Impl::Setup()::{lambda(ca::kb::RPCArgumentsRecvPack&)#6},std::allocator<mg1401::Mg1401Sequence::Impl::Setup()::{lambda(ca::kb::RPCArgumentsRecvPack&)#6}>,void(ca::kb::RPCArgumentsRecvPack&)> * this)
710002c3b8	108	operator()	std::__function::__func<mg1401::Mg1401Sequence::Impl::Setup()::{lambda(ca::kb::RPCArgumentsRecvPack&)#6},std::allocator<mg1401::Mg1401Sequence::Impl::Setup()::{lambda(ca::kb::RPCArgumentsRecvPack&)#6}>,void(ca::kb::RPCArgumentsRecvPack&)>	a	a	0		undefined operator()(__func<mg1401::Mg1401Sequence::Impl::Setup()::{lambda(ca::kb::RPCArgumentsRecvPack&)#6},std::allocator<mg1401::Mg1401Sequence::Impl::Setup()::{lambda(ca::kb::RPCArgumentsRecvPack&)#6}>,void(ca::kb::RPCArgumentsRecvPack&)> * this, RPCArgumentsRecvPack * param_1)
710002c424	200	BroadcastAddPersonalPoint	mg1401::Mg1401Sequence::Impl	a	a	0		undefined BroadcastAddPersonalPoint(undefined8 param_1_00, int param_2)
710002c4ec	224	BroadcastPush	mg1401::Mg1401Sequence::Impl	a	a	0		undefined BroadcastPush(float param_1, undefined8 param_2_00, int param_3)
710002c5cc	248	BroadcastStopReel	mg1401::Mg1401Sequence::Impl	a	a	0		undefined BroadcastStopReel(float param_1, undefined8 param_2_00, int param_3, byte param_4)
710002c6d0	16	GetThemeNoToPattern	mg1401	a	a	0		undefined4 GetThemeNoToPattern(int param_1)
710002c6e0	8	RegisterGeneratedBindCodes_mg1401	nn::bezel::detail::autogen	a	a	0		undefined8 RegisterGeneratedBindCodes_mg1401(void)
710002c6f0	16	SuppressDeadStrip_mg1401	nn::bezel::detail::autogen	a	a	0		undefined4 SuppressDeadStrip_mg1401(void)
710002c700	8	RegisterGeneratedBindCodes_sharedPCH	nn::bezel::detail::autogen	a	a	0		undefined8 RegisterGeneratedBindCodes_sharedPCH(void)
710002c710	16	SuppressDeadStrip_sharedPCH	nn::bezel::detail::autogen	a	a	0		undefined4 SuppressDeadStrip_sharedPCH(void)
710002c720	20	FUN_710002c720		d	a	0		undefined FUN_710002c720(void)
710002c740	16	__nnmusl_init_dso		i	d	1		undefined __nnmusl_init_dso()
710002c750	16	ProtectRelro	<EXTERNAL>::nn::ro	d	a	1		undefined ProtectRelro(void * param_1, void * param_2, void * param_3, void * param_4, void * param_5)
710002c760	16	__nnmusl_fini_dso		i	d	1		undefined __nnmusl_fini_dso()
710002c770	16	__cxa_guard_acquire		i	d	1		undefined __cxa_guard_acquire()
710002c780	16	__cxa_guard_release		i	d	1		undefined __cxa_guard_release()
710002c790	16	operator.new	<EXTERNAL>	d	a	1		void * operator.new(ulong param_1, ulong param_2, HeapID param_3)
710002c7a0	16	Fiber	<EXTERNAL>::bex::Fiber	d	a	1		undefined Fiber(Fiber * this, int param_1, bool param_2)
710002c7b0	16	memset		i	i	1		void * memset(void * __s, int __c, size_t __n)
710002c7c0	16	AbortImpl	<EXTERNAL>::nn::diag::detail	d	a	1		undefined AbortImpl(void)
710002c7d0	16	__cxa_begin_catch		i	d	1		undefined __cxa_begin_catch()
710002c7e0	16	terminate	<EXTERNAL>::std	d	a	1		undefined terminate(void)
710002c7f0	16	~Mg1401CameraManager	mg1401::Mg1401CameraManager	d	a	1		undefined ~Mg1401CameraManager(Mg1401CameraManager * this)
710002c800	16	operator.delete	<EXTERNAL>	d	a	1		void operator.delete(void * param_1)
710002c810	16	Setup	mg1401::Mg1401CameraManager::Impl	d	a	1		undefined Setup(Impl * this)
710002c820	16	GetScene	mg1401::Scene	d	a	1		undefined8 GetScene(void)
710002c830	16	CreateSceneEntity	<EXTERNAL>::bq::SceneBase	d	a	1		undefined CreateSceneEntity(basic_string_view * param_1)
710002c840	16	AddComponent<bq::ComSplitScreen,,(void*)0>	nn::bezel::Entity	d	a	1		WeakHandle AddComponent<bq::ComSplitScreen,,(void*)0>(long * param_1, HandlePtr * param_2)
710002c850	16	AddComponent<nn::bezel::ComCamera,,(void*)0>	nn::bezel::Entity	d	a	1		WeakHandle AddComponent<nn::bezel::ComCamera,,(void*)0>(long * param_1, HandlePtr * param_2)
710002c860	16	GetCamera	<EXTERNAL>::nn::bezel::ComCamera	d	a	1		undefined GetCamera(void)
710002c870	16	AddComponent<actor::ComActorMotion,,(void*)0>	nn::bezel::Entity	d	a	1		WeakHandle AddComponent<actor::ComActorMotion,,(void*)0>(long * param_1, HandlePtr * param_2)
710002c880	16	append	std::basic_string<char,std::char_traits<char>,bex::HeapModule::Allocator_string<char>>	d	a	1		basic_string<char,std::char_traits<char>,bex::HeapModule::Allocator_string<char>> * append(basic_string<char,std::char_traits<char>,bex::HeapModule::Allocator_string<char>> * this, void * param_1, ulong param_2)
710002c890	16	Free	<EXTERNAL>::bex::HeapModule	d	a	1		undefined Free(void * param_1)
710002c8a0	16	strlen		i	i	1		size_t strlen(char * __s)
710002c8b0	16	AddAnimation	<EXTERNAL>::actor::ComActorMotion	d	a	1		undefined AddAnimation(StringViewHashPair * param_1, basic_string_view * param_2, bool param_3, AnimatinType param_4, bool param_5, bool param_6)
710002c8c0	16	Alloc	<EXTERNAL>::bex::HeapModule	d	a	1		undefined Alloc(HeapID param_1, ulong param_2, int param_3, char * param_4, int param_5, char * param_6, char * param_7)
710002c8d0	16	__push_back_slow_path<std::basic_string<char,std::char_traits<char>,bex::HeapModule::Allocator_string<char>>>	std::vector<std::basic_string<char,std::char_traits<char>,bex::HeapModule::Allocator_string<char>>,std::allocator<std::basic_string<char,std::char_traits<char>,bex::HeapModule::Allocator_string<char>>>>	d	a	1		void __push_back_slow_path<std::basic_string<char,std::char_traits<char>,bex::HeapModule::Allocator_string<char>>>(vector<std::basic_string<char,std::char_traits<char>,bex::HeapModule::Allocator_string<char>>,std::allocator<std::basic_string<char,std::char_traits<char>,bex::HeapModule::Allocator_string<char>>>> * this, undefined8 * param_1)
710002c8e0	16	MiniRand	<EXTERNAL>::ca::kb::MiniRand	d	a	1		undefined MiniRand(MiniRand * this)
710002c8f0	16	operator()	std::uniform_int_distribution<long>	d	a	1		ulong operator()(uniform_int_distribution<long> * this, undefined8 param_2_00, long * param_2)
710002c900	16	GetGraphicsLayer	mg1401::Scene	d	a	1		undefined GetGraphicsLayer(void)
710002c910	16	SetCamera	<EXTERNAL>::nn::bezel::GraphicsLayer	d	a	1		undefined SetCamera(WeakHandle * param_1)
710002c920	16	to_string<int>	bex	d	a	1		basic_string to_string<int>(long * param_1_00, int param_2)
710002c930	16	insert	std::basic_string<char,std::char_traits<char>,bex::HeapModule::Allocator_string<char>>	d	a	1		basic_string<char,std::char_traits<char>,bex::HeapModule::Allocator_string<char>> * insert(basic_string<char,std::char_traits<char>,bex::HeapModule::Allocator_string<char>> * this, ulong param_1, basic_string<char,std::char_traits<char>,bex::HeapModule::Allocator_string<char>> * param_2, ulong param_3)
710002c940	16	GetGraphicsSplitLayer	mg1401::Scene	d	a	1		undefined GetGraphicsSplitLayer(void)
710002c950	16	IntegrateCamera	mg1401::Mg1401CameraManager::Impl	d	a	1		undefined IntegrateCamera(Impl * this)
710002c960	16	UpdateCameraInfo	mg1401::Mg1401CameraManager::Impl	d	a	1		undefined UpdateCameraInfo(Impl * this)
710002c970	16	GetMotion	mg1401::Mg1401CameraManager::Impl	d	a	1		undefined GetMotion(long * param_1, undefined8 param_2, long * param_3)
710002c980	16	Play	<EXTERNAL>::actor::ComActorMotion	d	a	1		undefined Play(StringViewHashPair * param_1)
710002c990	16	StartSplit	mg1401::Mg1401MapManager	d	a	1		undefined StartSplit(undefined1[16] param_1, undefined1[16] param_2, undefined1[16] param_3, undefined1[16] param_4, Mg1401MapManager * this)
710002c9a0	16	Stop	<EXTERNAL>::actor::ComActorMotion	d	a	1		undefined Stop(void)
710002c9b0	16	SplitCamera	mg1401::Mg1401CameraManager::Impl	d	a	1		undefined SplitCamera(undefined1[16] param_1, undefined1[16] param_2, undefined1[16] param_3, undefined1[16] param_4, Impl * this)
710002c9c0	16	IntegrateResultCamera	mg1401::Mg1401CameraManager::Impl	d	a	1		undefined IntegrateResultCamera(Impl * this)
710002c9d0	16	SetCameraPositionX	mg1401::Mg1401CameraManager	d	a	1		undefined SetCameraPositionX(undefined4 param_1, Mg1401CameraManager * this, uint param_3)
710002c9e0	16	SplitCamera	mg1401::Mg1401CameraManager	d	a	1		undefined SplitCamera(undefined1[16] param_1, undefined1[16] param_2, undefined1[16] param_3, undefined1[16] param_4, Mg1401CameraManager * this)
710002c9f0	16	StartSplit	mg1401::Mg1401PlayerManager	d	a	1		undefined StartSplit(Mg1401PlayerManager * this)
710002ca00	16	SetParam	<EXTERNAL>::bq::SplitScreenLayerList	d	a	1		undefined SetParam(SplitScreenParam * param_1, int param_2)
710002ca10	16	GetGraphicsLayer	mg1401::Scene	d	a	1		undefined GetGraphicsLayer(long * param_1)
710002ca20	16	SetEnabled	<EXTERNAL>::nn::bezel::GraphicsLayer	d	a	1		undefined SetEnabled(bool param_1)
710002ca30	16	GetCurrentGfxSceneType	<EXTERNAL>::bex::Scene	d	a	1		undefined GetCurrentGfxSceneType(void)
710002ca40	16	SetSplitScreen	<EXTERNAL>::bex::sound::SoundModule	d	a	1		undefined SetSplitScreen(SceneType param_1, vector * param_2, vector * param_3, float param_4)
710002ca50	16	Apply	<EXTERNAL>::bq::SplitScreenLayerList	d	a	1		undefined Apply(void)
710002ca60	16	FreeMemory	<EXTERNAL>::bex::sound	d	a	1		undefined FreeMemory(void * param_1)
710002ca70	16	ItemSelectCamera	mg1401::Mg1401CameraManager	d	a	1		undefined ItemSelectCamera(Mg1401CameraManager * this)
710002ca80	16	ItemSelectCamera	mg1401::Mg1401CameraManager::Impl	d	a	1		undefined ItemSelectCamera(Impl * this)
710002ca90	16	StartSuccessMotion	mg1401::Mg1401CameraManager	d	a	1		undefined StartSuccessMotion(Mg1401CameraManager * this)
710002caa0	16	StartSuccessMotion	mg1401::Mg1401CameraManager::Impl	d	a	1		undefined StartSuccessMotion(Impl * this)
710002cab0	16	__push_back_slow_path<std::basic_string<char,std::char_traits<char>,bex::HeapModule::Allocator_string<char>>const&>	std::vector<std::basic_string<char,std::char_traits<char>,bex::HeapModule::Allocator_string<char>>,std::allocator<std::basic_string<char,std::char_traits<char>,bex::HeapModule::Allocator_string<char>>>>	d	a	1		void __push_back_slow_path<std::basic_string<char,std::char_traits<char>,bex::HeapModule::Allocator_string<char>>const&>(vector<std::basic_string<char,std::char_traits<char>,bex::HeapModule::Allocator_string<char>>,std::allocator<std::basic_string<char,std::char_traits<char>,bex::HeapModule::Allocator_string<char>>>> * this, byte * param_1)
710002cac0	16	memmove		i	i	1		void * memmove(void * __dest, void * __src, size_t __n)
710002cad0	16	EndSuccessMotion	mg1401::Mg1401CameraManager	d	a	1		undefined EndSuccessMotion(undefined1[16] param_1, undefined1[16] param_2, undefined1[16] param_3, undefined1[16] param_4, Mg1401CameraManager * this)
710002cae0	16	~Impl	mg1401::Mg1401CameraManager::Impl	d	a	1		undefined ~Impl(Impl * this)
710002caf0	16	SplitTo	<EXTERNAL>::bq::SplitScreenLayerList	d	a	1		undefined SplitTo(int param_1, int param_2, int param_3, float param_4)
710002cb00	16	~array	std::array<nn::bezel::UniqueHandlePtr<nn::bezel::Entity>,8ul>	d	a	1		undefined ~array(array<nn::bezel::UniqueHandlePtr<nn::bezel::Entity>,8ul> * this)
710002cb10	16	~Fiber	<EXTERNAL>::bex::Fiber	d	a	1		undefined ~Fiber(Fiber * this)
710002cb20	16	getStaticTypeinfo	<EXTERNAL>::bex::Fiber	d	a	1		undefined getStaticTypeinfo(void)
710002cb30	16	Wait	<EXTERNAL>::bex::Fiber	d	a	1		undefined Wait(void)
710002cb40	16	on_opening_proc	mg1401::Mg1401CameraManager::Impl	d	a	1		undefined on_opening_proc(undefined1[16] param_1, undefined1[16] param_2, undefined1[16] param_3, undefined1[16] param_4, Impl * this)
710002cb50	16	SetViewMatrix	<EXTERNAL>::nn::bezel::Camera	d	a	1		undefined SetViewMatrix(MatrixRowMajor4x3f * param_1)
710002cb60	16	SetProjectionPerspectiveFovy	<EXTERNAL>::nn::bezel::Camera	d	a	1		undefined SetProjectionPerspectiveFovy(float param_1, float param_2, float param_3)
710002cb70	16	SetPosition	<EXTERNAL>::nn::bezel::Camera	d	a	1		undefined SetPosition(Vector3f * param_1)
710002cb80	16	GetFrame	<EXTERNAL>::actor::ComActorMotion	d	a	1		undefined GetFrame(void)
710002cb90	16	StartSplit	mg1401::Mg1401PlayerManager	d	a	1		undefined StartSplit(Mg1401PlayerManager * this, long param_1)
710002cba0	16	StartSplit	mg1401::Mg1401MapManager	d	a	1		undefined StartSplit(undefined1[16] param_1_00, undefined1[16] param_2, undefined1[16] param_3, undefined1[16] param_4, Mg1401MapManager * this, uint param_6)
710002cbb0	16	Play	<EXTERNAL>::bex::sound::SoundModule	d	a	1		undefined Play(char * param_1, float param_2, char * param_3)
710002cbc0	16	__construct_at_end<std::__bit_iterator<std::vector<bool,bex::HeapModule::Allocator_vector<bool>>,false,0ul>>	std::vector<bool,bex::HeapModule::Allocator_vector<bool>>	d	a	1		type __construct_at_end<std::__bit_iterator<std::vector<bool,bex::HeapModule::Allocator_vector<bool>>,false,0ul>>(vector<bool,bex::HeapModule::Allocator_vector<bool>> * this, long * param_1, long * param_2)
710002cbd0	16	_Unwind_Resume		i	d	1		undefined _Unwind_Resume()
710002cbe0	16	__cxa_allocate_exception		i	d	1		undefined __cxa_allocate_exception()
710002cbf0	16	__cxa_throw		i	d	1		undefined __cxa_throw()
710002cc00	16	__cxa_free_exception		i	d	1		undefined __cxa_free_exception()
710002cc10	16	logic_error	<EXTERNAL>::std::logic_error	d	a	1		undefined logic_error(logic_error * this, char * param_1)
710002cc20	16	AllocMemory	<EXTERNAL>::bex::sound	d	a	1		undefined AllocMemory(ulong param_1, int param_2, char * param_3, int param_4, char * param_5, char * param_6)
710002cc30	16	SafeCreate<bq::ComSplitScreen,nn::bezel::HandlePtr<nn::bezel::Entity>const&>	bex::ComponentUtil	d	a	1		WeakHandle SafeCreate<bq::ComSplitScreen,nn::bezel::HandlePtr<nn::bezel::Entity>const&>(long * param_1, ComponentUtil * this)
710002cc40	16	_internalCheckComponentValidity	<EXTERNAL>::nn::bezel::Entity	d	a	1		undefined _internalCheckComponentValidity(HandlePtr * param_1)
710002cc50	16	AddComponentImpl	<EXTERNAL>::nn::bezel::Entity	d	a	1		undefined AddComponentImpl(HandlePtr * param_1)
710002cc60	16	Create	<EXTERNAL>::nn::bezel::ComCamera	d	a	1		undefined Create(HandlePtr * param_1)
710002cc70	16	Create	<EXTERNAL>::actor::ComActorMotion	d	a	1		undefined Create(HandlePtr * param_1)
710002cc80	16	ComSplitScreen	<EXTERNAL>::bq::ComSplitScreen	d	a	1		undefined ComSplitScreen(ComSplitScreen * this, HandlePtr * param_1)
710002cc90	16	operator.new	<EXTERNAL>	d	a	1		void * operator.new(ulong param_1)
710002cca0	16	bad_array_new_length	<EXTERNAL>::std::bad_array_new_length	d	a	1		undefined bad_array_new_length(bad_array_new_length * this)
710002ccb0	16	Rand	<EXTERNAL>::ca::kb::MiniRand	d	a	1		undefined Rand(void)
710002ccc0	16	init	<EXTERNAL>::std::ios_base	d	a	1		undefined init(void * param_1)
710002ccd0	16	streambuf	<EXTERNAL>::std::streambuf	d	a	1		undefined streambuf(streambuf * this)
710002cce0	16	operator<<	<EXTERNAL>::std::ostream	d	a	1		undefined operator<<(ostream * this, int param_1)
710002ccf0	16	str	std::basic_stringbuf<char,std::char_traits<char>,bex::HeapModule::Allocator_string<char>>	d	a	1		undefined str(long * param_1, long param_2)
710002cd00	16	~streambuf	<EXTERNAL>::std::streambuf	d	a	1		undefined ~streambuf(streambuf * this)
710002cd10	16	~ostream	<EXTERNAL>::std::ostream	d	a	1		undefined ~ostream(ostream * this)
710002cd20	16	~ios	<EXTERNAL>::std::ios	d	a	1		undefined ~ios(ios * this)
710002cd30	16	~basic_ostringstream	std::basic_ostringstream<char,std::char_traits<char>,bex::HeapModule::Allocator_string<char>>	d	a	1		undefined ~basic_ostringstream(basic_ostringstream<char,std::char_traits<char>,bex::HeapModule::Allocator_string<char>> * this)
710002cd40	16	push_back	std::basic_string<char,std::char_traits<char>,bex::HeapModule::Allocator_string<char>>	d	a	1		undefined push_back(basic_string<char,std::char_traits<char>,bex::HeapModule::Allocator_string<char>> * this, basic_string<char,std::char_traits<char>,bex::HeapModule::Allocator_string<char>> param_2)
710002cd50	16	append	std::basic_string<char,std::char_traits<char>,bex::HeapModule::Allocator_string<char>>	d	a	1		basic_string<char,std::char_traits<char>,bex::HeapModule::Allocator_string<char>> * append(basic_string<char,std::char_traits<char>,bex::HeapModule::Allocator_string<char>> * this, ulong param_1, int param_2)
710002cd60	16	__cxa_end_catch		i	d	1		undefined __cxa_end_catch()
710002cd70	16	Mg1401CameraManager	mg1401::Mg1401CameraManager	d	a	1		undefined Mg1401CameraManager(Mg1401CameraManager * this)
710002cd80	16	getRootTypeinfo	<EXTERNAL>::rtti::Typeinfo	d	a	1		undefined getRootTypeinfo(void)
710002cd90	16	Typeinfo	<EXTERNAL>::rtti::Typeinfo	d	a	1		undefined Typeinfo(Typeinfo * this, Typeinfo * param_1, char * param_2, char * param_3, _func_Property_ptr * param_4, _func_void_ptr * param_5, _func_void_void_ptr * param_6, uint param_7, uint param_8, _func_void_void_ptr_Property_ptr_PropertyList_ptr * param_9, _func_bool_void_ptr_Property_ptr_Typeinfo_ptr_uint * param_10)
710002cda0	16	Property	<EXTERNAL>::rtti::Property	d	a	1		undefined Property(Property * this, char * param_1, char * param_2, uint param_3, void * param_4, Type * param_5)
710002cdb0	16	Property	<EXTERNAL>::rtti::Property	d	a	1		undefined Property(Property * this)
710002cdc0	16	checkGuiPropDefault	<EXTERNAL>::rtti::Typeinfo	d	a	1		undefined checkGuiPropDefault(void * param_1, Property * param_2, PropertyList * param_3)
710002cdd0	16	createGuiPropDefault	<EXTERNAL>::rtti::Typeinfo	d	a	1		undefined createGuiPropDefault(void * param_1, Property * param_2, Typeinfo * param_3, uint param_4)
710002cde0	16	~Mg1401Param	mg1401::Mg1401Param	d	a	1		undefined ~Mg1401Param(Mg1401Param * this)
710002cdf0	16	LoadData	mg1401::Mg1401Param	d	a	1		undefined LoadData(Mg1401Param * this)
710002ce00	16	LoadData	mg1401::Mg1401Param::Impl	d	a	1		undefined LoadData(Impl * this)
710002ce10	16	JsonReader	<EXTERNAL>::nn::bezel::JsonReader	d	a	1		undefined JsonReader(JsonReader * this)
710002ce20	16	ParseFromAsset	<EXTERNAL>::bq::DataBaseJsonReader	d	a	1		undefined ParseFromAsset(char * param_1, bool param_2)
710002ce30	16	DeserializeRTTI<mg1401::Mg1401GameParam>	bq::DataBaseJsonReader	d	a	1		bool DeserializeRTTI<mg1401::Mg1401GameParam>(DataBaseJsonReader * this, char * param_1, long * param_2)
710002ce40	16	DeserializeRTTI<mg1401::Mg1401CharacterData>	bq::DataBaseJsonReader	d	a	1		bool DeserializeRTTI<mg1401::Mg1401CharacterData>(DataBaseJsonReader * this, char * param_1, long * param_2)
710002ce50	16	DeserializeRTTI<mg1401::Mg1401NpcData>	bq::DataBaseJsonReader	d	a	1		bool DeserializeRTTI<mg1401::Mg1401NpcData>(DataBaseJsonReader * this, char * param_1, long * param_2)
710002ce60	16	DeserializeRTTI<mg1401::Mg1401AudienceData>	bq::DataBaseJsonReader	d	a	1		bool DeserializeRTTI<mg1401::Mg1401AudienceData>(DataBaseJsonReader * this, char * param_1, long * param_2)
710002ce70	16	GetAssetPath	mg1401	d	a	1		undefined GetAssetPath(undefined8 * param_1, mg1401 * this, int param_3, byte * param_4)
710002ce80	16	__push_back_slow_path<mg1401::CharacterData_const&>	std::vector<mg1401::CharacterData,bex::HeapModule::Allocator_vector<mg1401::CharacterData>>	d	a	1		void __push_back_slow_path<mg1401::CharacterData_const&>(vector<mg1401::CharacterData,bex::HeapModule::Allocator_vector<mg1401::CharacterData>> * this, undefined4 * param_1)
710002ce90	16	~DataBaseJsonReader	<EXTERNAL>::bq::DataBaseJsonReader	d	a	1		undefined ~DataBaseJsonReader(DataBaseJsonReader * this)
710002cea0	16	GetReelSpeedRate	mg1401::Mg1401Param	d	a	1		undefined4 GetReelSpeedRate(Mg1401Param * this)
710002ceb0	16	GetOpeningMotionChangeFrame	mg1401::Mg1401Param	d	a	1		undefined4 GetOpeningMotionChangeFrame(Mg1401Param * this, int param_2)
710002cec0	16	GetCharacterHookModelName	mg1401::Mg1401Param	d	a	1		undefined GetCharacterHookModelName(long * param_1, long param_2, int param_3)
710002ced0	16	GetCharacterHookModelName	mg1401::Mg1401Param::Impl	d	a	1		undefined GetCharacterHookModelName(long * param_1, Impl * this, int param_3)
710002cee0	16	GetCharacterData	mg1401::Mg1401Param::Impl	d	a	1		int * GetCharacterData(Impl * this, int param_1)
710002cef0	16	GetOpeningStartZ	mg1401::Mg1401Param	d	a	1		int GetOpeningStartZ(long param_1, int param_2)
710002cf00	16	GetOpeningStartZ2	mg1401::Mg1401Param	d	a	1		int GetOpeningStartZ2(long param_1, int param_2)
710002cf10	16	GetOpeningMoveZ	mg1401::Mg1401Param	d	a	1		int GetOpeningMoveZ(long param_1, int param_2)
710002cf20	16	GetOpeningMoveY	mg1401::Mg1401Param	d	a	1		int GetOpeningMoveY(long param_1, int param_2)
710002cf30	16	GetOpeningMoveSpeed	mg1401::Mg1401Param	d	a	1		int GetOpeningMoveSpeed(long param_1, int param_2)
710002cf40	16	GetOpeningWalkMotionIdx	mg1401::Mg1401Param	d	a	1		int GetOpeningWalkMotionIdx(long param_1, int param_2)
710002cf50	16	GetOpeningMotionStartFrame	mg1401::Mg1401Param	d	a	1		int GetOpeningMotionStartFrame(long param_1, int param_2)
710002cf60	16	IsMinisizeCharacter	mg1401::Mg1401Param	d	a	1		bool IsMinisizeCharacter(long param_1, int param_2)
710002cf70	16	GetNpcColor	mg1401::Mg1401Param	d	a	1		undefined1[16] GetNpcColor(Mg1401Param * this, int param_2)
710002cf80	16	GetAudienceData	mg1401::Mg1401Param	d	a	1		bool GetAudienceData(Mg1401Param * this, int param_1, undefined4 * param_2)
710002cf90	16	~Impl	mg1401::Mg1401Param::Impl	d	a	1		undefined ~Impl(Impl * this)
710002cfa0	16	BeginArray	<EXTERNAL>::nn::bezel::JsonReader	d	a	1		undefined BeginArray(basic_string_view param_1)
710002cfb0	16	GetArraySize	<EXTERNAL>::nn::bezel::JsonReader	d	a	1		undefined GetArraySize(void)
710002cfc0	16	EndArray	<EXTERNAL>::nn::bezel::JsonReader	d	a	1		undefined EndArray(void)
710002cfd0	16	DeserializeRTTI_	<EXTERNAL>::bq::DataBaseJsonReader	d	a	1		undefined DeserializeRTTI_(int param_1, void * param_2, Typeinfo * param_3)
710002cfe0	16	GetAssetPath	mg1401	d	a	1		undefined GetAssetPath(undefined8 * param_1, mg1401 * this, int param_3)
710002cff0	16	Mg1401Param	mg1401::Mg1401Param	d	a	1		undefined Mg1401Param(Mg1401Param * this)
710002d000	16	~Mg1401LayoutManager	mg1401::Mg1401LayoutManager	d	a	1		undefined ~Mg1401LayoutManager(Mg1401LayoutManager * this)
710002d010	16	ShowTheme	mg1401::Mg1401LayoutManager	d	a	1		undefined ShowTheme(long param_1, int param_2)
710002d020	16	IsEndShowTheme	mg1401::Mg1401LayoutManager	d	a	1		uint IsEndShowTheme(Mg1401LayoutManager * this)
710002d030	16	ShowTimer	mg1401::Mg1401LayoutManager	d	a	1		undefined ShowTimer(Mg1401LayoutManager * this)
710002d040	16	IsDbpDisableTimeoverGame	mg1401::Scene	d	a	1		bool IsDbpDisableTimeoverGame(Scene * this)
710002d050	16	GetComTimer	mg1401::Mg1401LayoutManager::Impl	d	a	1		undefined GetComTimer(long * param_1, long param_2)
710002d060	16	In	<EXTERNAL>::bq::ComUiTimer	d	a	1		undefined In(bool param_1)
710002d070	16	StartTimer	mg1401::Mg1401LayoutManager	d	a	1		undefined StartTimer(Mg1401LayoutManager * this)
710002d080	16	StartTimer	<EXTERNAL>::bq::ComUiTimer	d	a	1		undefined StartTimer(void)
710002d090	16	SetTime	mg1401::Mg1401LayoutManager	d	a	1		undefined SetTime(float param_1, long param_2)
710002d0a0	16	SetTime	mg1401::Mg1401LayoutManager::Impl	d	a	1		undefined SetTime(float param_1, long param_2)
710002d0b0	16	RemainSecond	<EXTERNAL>::bq::ComUiTimer	d	a	1		undefined RemainSecond(void)
710002d0c0	16	SetTimer	<EXTERNAL>::bq::ComUiTimer	d	a	1		undefined SetTimer(float param_1)
710002d0d0	16	GetTime	mg1401::Mg1401LayoutManager	d	a	1		undefined1[16] GetTime(long param_1)
710002d0e0	16	SetTimerPause	mg1401::Mg1401LayoutManager	d	a	1		undefined SetTimerPause(Mg1401LayoutManager * this, uint param_1)
710002d0f0	16	SuspendTimer	<EXTERNAL>::bq::ComUiTimer	d	a	1		undefined SuspendTimer(void)
710002d100	16	ResumeTimer	<EXTERNAL>::bq::ComUiTimer	d	a	1		undefined ResumeTimer(void)
710002d110	16	HideTimer	mg1401::Mg1401LayoutManager	d	a	1		undefined HideTimer(Mg1401LayoutManager * this)
710002d120	16	Out	<EXTERNAL>::bq::ComUiTimer	d	a	1		undefined Out(bool param_1)
710002d130	16	IsEndTimer	mg1401::Mg1401LayoutManager	d	a	1		undefined8 IsEndTimer(Mg1401LayoutManager * this)
710002d140	16	IsEndTimer	<EXTERNAL>::bq::ComUiTimer	d	a	1		undefined IsEndTimer(void)
710002d150	16	HideComboLayout	mg1401::Mg1401LayoutManager	d	a	1		undefined HideComboLayout(void)
710002d160	16	SetComboNum	mg1401::Mg1401LayoutManager	d	a	1		undefined SetComboNum(void)
710002d170	16	ShowPointLayout	mg1401::Mg1401LayoutManager	d	a	1		undefined ShowPointLayout(Mg1401LayoutManager * this, ulong param_1)
710002d180	16	In	<EXTERNAL>::bq::ComUiScore	d	a	1		undefined In(bool param_1)
710002d190	16	SetPoint	mg1401::Mg1401LayoutManager	d	a	1		undefined SetPoint(Mg1401LayoutManager * this, ulong param_1, bool param_2)
710002d1a0	16	SetScore	<EXTERNAL>::bq::ComUiScore	d	a	1		undefined SetScore(int param_1, bool param_2)
710002d1b0	16	HideShowLayoutAll	mg1401::Mg1401LayoutManager	d	a	1		undefined HideShowLayoutAll(Mg1401LayoutManager * this)
710002d1c0	16	ShowAllPointLayout	mg1401::Mg1401LayoutManager	d	a	1		undefined ShowAllPointLayout(long param_1, bool param_2)
710002d1d0	16	~Impl	mg1401::Mg1401LayoutManager::Impl	d	a	1		undefined ~Impl(Impl * this)
710002d1e0	16	~Mg1401PointLayout	mg1401::Mg1401PointLayout	d	a	1		undefined ~Mg1401PointLayout(Mg1401PointLayout * this)
710002d1f0	16	AddComponent<bq::ComUiTimer,bq::ComUiTimer::UiTimerType,(void*)0>	nn::bezel::Entity	d	a	1		WeakHandle AddComponent<bq::ComUiTimer,bq::ComUiTimer::UiTimerType,(void*)0>(long * param_1_00, HandlePtr * param_2, undefined4 * param_3)
710002d200	16	AddComponent<bq::ComUi,char_const*,char_const(&)[18],(void*)0>	nn::bezel::Entity	d	a	1		WeakHandle AddComponent<bq::ComUi,char_const*,char_const(&)[18],(void*)0>(long * param_1_00, HandlePtr * param_2, undefined8 * param_3, char * param_4)
710002d210	16	GetText	<EXTERNAL>::bq::ComUiBase	d	a	1		undefined GetText(char * param_1)
710002d220	16	SetMessageLabel	<EXTERNAL>::bq::GuiLayoutText	d	a	1		undefined SetMessageLabel(basic_string_view * param_1)
710002d230	16	Setup	mg1401::Mg1401PointLayout	d	a	1		undefined Setup(Mg1401PointLayout * this)
710002d240	16	AddComponent<bq::ComUiScore,bq::ComUiScore::UiScoreType,(void*)0>	nn::bezel::Entity	d	a	1		WeakHandle AddComponent<bq::ComUiScore,bq::ComUiScore::UiScoreType,(void*)0>(long * param_1_00, HandlePtr * param_2, undefined4 * param_3)
710002d250	16	SetPlayerID	<EXTERNAL>::bq::ComUiScore	d	a	1		undefined SetPlayerID(PlayerID param_1)
710002d260	16	SetOneshot	<EXTERNAL>::bq::ComUiScore	d	a	1		undefined SetOneshot(float param_1)
710002d270	16	AddComponent<bq::ComUi,char_const*,char_const(&)[24],(void*)0>	nn::bezel::Entity	d	a	1		WeakHandle AddComponent<bq::ComUi,char_const*,char_const(&)[24],(void*)0>(long * param_1_00, HandlePtr * param_2, undefined8 * param_3, char * param_4)
710002d280	16	SafeCreate<bq::ComUiTimer,nn::bezel::HandlePtr<nn::bezel::Entity>const&,bq::ComUiTimer::UiTimerType>	bex::ComponentUtil	d	a	1		WeakHandle SafeCreate<bq::ComUiTimer,nn::bezel::HandlePtr<nn::bezel::Entity>const&,bq::ComUiTimer::UiTimerType>(long * param_1_00, ComponentUtil * this, undefined4 * param_3)
710002d290	16	SafeCreate<bq::ComUi,nn::bezel::HandlePtr<nn::bezel::Entity>const&,char_const*,char_const(&)[18]>	bex::ComponentUtil	d	a	1		WeakHandle SafeCreate<bq::ComUi,nn::bezel::HandlePtr<nn::bezel::Entity>const&,char_const*,char_const(&)[18]>(long * param_1_00, ComponentUtil * this, undefined8 * param_3, char * param_4)
710002d2a0	16	AddComponent<bq::ComUi,char_const*,char_const(&)[17],nn::bezel::GuiLayoutCreateArg&,(void*)0>	nn::bezel::Entity	d	a	1		WeakHandle AddComponent<bq::ComUi,char_const*,char_const(&)[17],nn::bezel::GuiLayoutCreateArg&,(void*)0>(long * param_1_00, HandlePtr * param_2, undefined8 * param_3, char * param_4, GuiLayoutCreateArg * param_5)
710002d2b0	16	__push_back_slow_path<nn::bezel::UniqueHandlePtr<nn::bezel::Entity>>	std::vector<nn::bezel::UniqueHandlePtr<nn::bezel::Entity>,bex::HeapModule::Allocator_vector<nn::bezel::UniqueHandlePtr<nn::bezel::Entity>>>	d	a	1		void __push_back_slow_path<nn::bezel::UniqueHandlePtr<nn::bezel::Entity>>(vector<nn::bezel::UniqueHandlePtr<nn::bezel::Entity>,bex::HeapModule::Allocator_vector<nn::bezel::UniqueHandlePtr<nn::bezel::Entity>>> * this, long * param_1)
710002d2c0	16	__push_back_slow_path<nn::bezel::HandlePtr<bq::ComUiScore>>	std::vector<nn::bezel::HandlePtr<bq::ComUiScore>,bex::HeapModule::Allocator_vector<nn::bezel::HandlePtr<bq::ComUiScore>>>	d	a	1		void __push_back_slow_path<nn::bezel::HandlePtr<bq::ComUiScore>>(vector<nn::bezel::HandlePtr<bq::ComUiScore>,bex::HeapModule::Allocator_vector<nn::bezel::HandlePtr<bq::ComUiScore>>> * this, long * param_1)
710002d2d0	16	SafeCreate<bq::ComUiScore,nn::bezel::HandlePtr<nn::bezel::Entity>const&,bq::ComUiScore::UiScoreType>	bex::ComponentUtil	d	a	1		WeakHandle SafeCreate<bq::ComUiScore,nn::bezel::HandlePtr<nn::bezel::Entity>const&,bq::ComUiScore::UiScoreType>(long * param_1_00, ComponentUtil * this, undefined4 * param_3)
710002d2e0	16	SafeCreate<bq::ComUi,nn::bezel::HandlePtr<nn::bezel::Entity>const&,char_const*,char_const(&)[24]>	bex::ComponentUtil	d	a	1		WeakHandle SafeCreate<bq::ComUi,nn::bezel::HandlePtr<nn::bezel::Entity>const&,char_const*,char_const(&)[24]>(long * param_1_00, ComponentUtil * this, undefined8 * param_3, char * param_4)
710002d2f0	16	ComUiTimer	<EXTERNAL>::bq::ComUiTimer	d	a	1		undefined ComUiTimer(ComUiTimer * this, HandlePtr * param_1, UiTimerType param_2)
710002d300	16	ComUi	<EXTERNAL>::bq::ComUi	d	a	1		undefined ComUi(ComUi * this, HandlePtr * param_1, basic_string_view * param_2, basic_string_view * param_3)
710002d310	16	SafeCreate<bq::ComUi,nn::bezel::HandlePtr<nn::bezel::Entity>const&,char_const*,char_const(&)[17],nn::bezel::GuiLayoutCreateArg&>	bex::ComponentUtil	d	a	1		WeakHandle SafeCreate<bq::ComUi,nn::bezel::HandlePtr<nn::bezel::Entity>const&,char_const*,char_const(&)[17],nn::bezel::GuiLayoutCreateArg&>(long * param_1_00, ComponentUtil * this, undefined8 * param_3, char * param_4, GuiLayoutCreateArg * param_5)
710002d320	16	ComUi	<EXTERNAL>::bq::ComUi	d	a	1		undefined ComUi(ComUi * this, HandlePtr * param_1, basic_string_view * param_2, basic_string_view * param_3, GuiLayoutCreateArg * param_4)
710002d330	16	ComUiScore	<EXTERNAL>::bq::ComUiScore	d	a	1		undefined ComUiScore(ComUiScore * this, HandlePtr * param_1, UiScoreType param_2)
710002d340	16	Mg1401LayoutManager	mg1401::Mg1401LayoutManager	d	a	1		undefined Mg1401LayoutManager(Mg1401LayoutManager * this)
710002d350	16	~Mg1401MapManager	mg1401::Mg1401MapManager	d	a	1		undefined ~Mg1401MapManager(Mg1401MapManager * this)
710002d360	16	Create	mg1401::Mg1401MapManager::Impl	d	a	1		undefined Create(undefined1[16] param_1, undefined1[16] param_2, undefined1[16] param_3, undefined1[16] param_4, Impl * this)
710002d370	16	PostSetup	mg1401::SlotReel	d	a	1		undefined PostSetup(undefined1[16] param_1, undefined1[16] param_2, undefined1[16] param_3, undefined1[16] param_4, SlotReel * this)
710002d380	16	EndSplit	mg1401::Mg1401MapManager::Impl	d	a	1		undefined EndSplit(undefined1[16] param_1, undefined1[16] param_2, undefined1[16] param_3, undefined1[16] param_4, Impl * this)
710002d390	16	StartFinish	mg1401::SlotReel	d	a	1		undefined StartFinish(SlotReel * this)
710002d3a0	16	StartEndingDemo	mg1401::Mg1401MapManager::Impl	d	a	1		undefined StartEndingDemo(undefined1[16] param_1, undefined1[16] param_2, undefined1[16] param_3, undefined1[16] param_4, Impl * this)
710002d3b0	16	SetLayerVisibilityBit	mg1401::SlotReel	d	a	1		undefined SetLayerVisibilityBit(SlotReel * this, undefined4 param_1)
710002d3c0	16	StopReel	mg1401::SlotReel	d	a	1		undefined StopReel(SlotReel * param_1)
710002d3d0	16	PlayByeMotion	mg1401::NpcManager	d	a	1		undefined PlayByeMotion(NpcManager * this)
710002d3e0	16	FindChildren	<EXTERNAL>::nn::bezel::Entity	d	a	1		undefined FindChildren(EntityState param_1, basic_string_view param_2)
710002d3f0	16	SetVisible	<EXTERNAL>::nn::bezel::ComModel	d	a	1		undefined SetVisible(bool param_1)
710002d400	16	SetPosition	mg1401::Mg1401Model	d	a	1		undefined SetPosition(long param_1)
710002d410	16	sprintf		i	i	1		int sprintf(char * __s, char * __format, ...)
710002d420	16	GetEntity	mg1401::Mg1401Model	d	a	1		undefined GetEntity(undefined8 * param_1, long param_2)
710002d430	16	GetNodePosition	mg1401	d	a	1		bool GetNodePosition(undefined1[16] param_1, undefined1[16] param_2, undefined1[16] param_3, undefined1[16] param_4, long * param_5, undefined8 param_6, undefined8 * param_7)
710002d440	16	SetVisible	mg1401::Mg1401Model	d	a	1		undefined SetVisible(long param_1)
710002d450	16	SetReelLightOn	mg1401::Mg1401MapManager	d	a	1		undefined SetReelLightOn(Mg1401MapManager * this)
710002d460	16	SetReelLightOn	mg1401::SlotReel	d	a	1		undefined SetReelLightOn(SlotReel * this)
710002d470	16	SetReelLightOff	mg1401::Mg1401MapManager	d	a	1		undefined SetReelLightOff(Mg1401MapManager * this)
710002d480	16	SetReelLightOff	mg1401::SlotReel	d	a	1		undefined SetReelLightOff(SlotReel * this)
710002d490	16	SetThemeReelLightOn	mg1401::Mg1401MapManager	d	a	1		undefined SetThemeReelLightOn(Mg1401MapManager * this)
710002d4a0	16	SetMotionFrame	mg1401::Mg1401Model	d	a	1		undefined SetMotionFrame(float param_1, long param_2)
710002d4b0	16	SetMotionSpeed	mg1401::Mg1401Model	d	a	1		undefined SetMotionSpeed(float param_1, long param_2)
710002d4c0	16	SetThemeReelLightOff	mg1401::Mg1401MapManager	d	a	1		undefined SetThemeReelLightOff(Mg1401MapManager * this)
710002d4d0	16	GetStagePlayerTransform	mg1401::Mg1401MapManager	d	a	1		undefined GetStagePlayerTransform(Mg1401MapManager * this, int param_1, undefined8 * param_2, undefined8 * param_3)
710002d4e0	16	GetCameraPositionX	mg1401::Mg1401MapManager	d	a	1		undefined GetCameraPositionX(undefined1[16] param_1_00, undefined1[16] param_2, undefined1[16] param_3, undefined1[16] param_4, Mg1401MapManager * this, int param_6)
710002d4f0	16	GetCameraPositionX	mg1401::Mg1401MapManager::Impl	d	a	1		ulong GetCameraPositionX(undefined1[16] param_1_00, undefined1[16] param_2, undefined1[16] param_3, undefined1[16] param_4, Impl * this, int param_6)
710002d500	16	GetCharacterStepPosition	mg1401::Mg1401MapManager	d	a	1		undefined GetCharacterStepPosition(undefined1[16] param_1_00, undefined1[16] param_2, undefined1[16] param_3, undefined1[16] param_4, Mg1401MapManager * this, int param_6)
710002d510	16	GetCharacterStepPosition	mg1401::Mg1401MapManager::Impl	d	a	1		ulong GetCharacterStepPosition(undefined1[16] param_1_00, undefined1[16] param_2, undefined1[16] param_3, undefined1[16] param_4, Impl * this, int param_6)
710002d520	16	StartReel	mg1401::Mg1401MapManager	d	a	1		undefined StartReel(Mg1401MapManager * this, int param_1, uint param_2)
710002d530	16	StartReel	mg1401::SlotReel	d	a	1		undefined StartReel(SlotReel * this)
710002d540	16	PlayCountDownMotion	mg1401::SlotReel	d	a	1		undefined PlayCountDownMotion(SlotReel * this)
710002d550	16	SetCurrentLater	<EXTERNAL>::ca::kb::ut::TickAlarm	d	a	1		undefined SetCurrentLater(int param_1)
710002d560	16	StopReel	mg1401::Mg1401MapManager	d	a	1		undefined StopReel(long param_1, int param_2)
710002d570	16	PlayPushButtonAnimation	mg1401::Mg1401MapManager	d	a	1		undefined PlayPushButtonAnimation(Mg1401MapManager * this, int param_1)
710002d580	16	PlayPushButtonAnimation	mg1401::SlotReel	d	a	1		undefined PlayPushButtonAnimation(SlotReel * this)
710002d590	16	IsCorrectPredictTiming	mg1401::Mg1401MapManager	d	a	1		bool IsCorrectPredictTiming(float param_1, Mg1401MapManager * this, int param_3)
710002d5a0	16	GetFinalyReelSpeed	mg1401::SlotReel	d	a	1		float GetFinalyReelSpeed(SlotReel * this)
710002d5b0	16	NAP	<EXTERNAL>::ca::kb	d	a	1		undefined NAP(void)
710002d5c0	16	GetTheme	mg1401::Mg1401Sequence	d	a	1		undefined4 GetTheme(Mg1401Sequence * this)
710002d5d0	16	GetThemeNoToPattern	mg1401	d	a	1		undefined4 GetThemeNoToPattern(int param_1)
710002d5e0	16	IsReel	mg1401::Mg1401MapManager	d	a	1		bool IsReel(Mg1401MapManager * this, int param_1)
710002d5f0	16	GetDiffTick	<EXTERNAL>::ca::kb::ut::TickAlarm	d	a	1		undefined GetDiffTick(void)
710002d600	16	IsSuccessSlot	mg1401::Mg1401MapManager	d	a	1		bool IsSuccessSlot(Mg1401MapManager * this, int param_1)
710002d610	16	ForceTimeLimit	mg1401::Mg1401MapManager	d	a	1		undefined ForceTimeLimit(Mg1401MapManager * this)
710002d620	16	ForceTimeLimit	mg1401::SlotReel	d	a	1		undefined ForceTimeLimit(SlotReel * this)
710002d630	16	ResetSlotMotion	mg1401::Mg1401MapManager	d	a	1		undefined ResetSlotMotion(Mg1401MapManager * this)
710002d640	16	PlayIdleMotion	mg1401::NpcManager	d	a	1		undefined PlayIdleMotion(NpcManager * this)
710002d650	16	ResetSlotMotion	mg1401::SlotReel	d	a	1		undefined ResetSlotMotion(SlotReel * this)
710002d660	16	ChangeTheme	mg1401::Mg1401MapManager	d	a	1		undefined ChangeTheme(Mg1401MapManager * this, int param_1)
710002d670	16	ChangeTheme	mg1401::SlotReel	d	a	1		undefined ChangeTheme(SlotReel * this, int param_1)
710002d680	16	StopCountDownMotion	mg1401::Mg1401MapManager	d	a	1		undefined StopCountDownMotion(Mg1401MapManager * this)
710002d690	16	PauseCountDownMotion	mg1401::SlotReel	d	a	1		undefined PauseCountDownMotion(SlotReel * this, ulong param_1)
710002d6a0	16	PlaySuccessMotion	mg1401::Mg1401MapManager	d	a	1		undefined PlaySuccessMotion(Mg1401MapManager * this)
710002d6b0	16	PlaySuccessMotion	mg1401::SlotReel	d	a	1		undefined PlaySuccessMotion(SlotReel * this)
710002d6c0	16	IsFinishedEdgeMotion	mg1401::Mg1401MapManager	d	a	1		undefined IsFinishedEdgeMotion(void)
710002d6d0	16	IsEnd	<EXTERNAL>::ca::kb::ut::TickAlarm	d	a	1		undefined IsEnd(void)
710002d6e0	16	StartSuccess	mg1401::Mg1401MapManager	d	a	1		undefined StartSuccess(Mg1401MapManager * this)
710002d6f0	16	PlayJoyMotion	mg1401::NpcManager	d	a	1		undefined PlayJoyMotion(NpcManager * this)
710002d700	16	StartSplit	mg1401::Mg1401MapManager::Impl	d	a	1		undefined StartSplit(undefined1[16] param_1, undefined1[16] param_2, undefined1[16] param_3, undefined1[16] param_4, Impl * this)
710002d710	16	StartSplit	mg1401::Mg1401MapManager::Impl	d	a	1		undefined StartSplit(undefined1[16] param_1_00, undefined1[16] param_2, undefined1[16] param_3, undefined1[16] param_4, Impl * this, uint param_6)
710002d720	16	EndSplit	mg1401::Mg1401MapManager	d	a	1		undefined EndSplit(undefined1[16] param_1, undefined1[16] param_2, undefined1[16] param_3, undefined1[16] param_4, Mg1401MapManager * this)
710002d730	16	ForceStopReel	mg1401::Mg1401MapManager	d	a	1		undefined ForceStopReel(float param_1, Mg1401MapManager * this, int param_3, ulong param_4, uint param_5)
710002d740	16	ForceStopReel	mg1401::SlotReel	d	a	1		undefined ForceStopReel(float param_1, SlotReel * this, ulong param_3, uint param_4)
710002d750	16	StartFxDucking	mg1401::Mg1401MapManager	d	a	1		undefined StartFxDucking(long param_1, int param_2)
710002d760	16	StartFxDucking	mg1401::Mg1401MapManager::Impl	d	a	1		undefined StartFxDucking(Impl * this, int param_1)
710002d770	16	SafeGetFxTrigger	<EXTERNAL>::bq::ComMatter	d	a	1		undefined SafeGetFxTrigger(void)
710002d780	16	Play	<EXTERNAL>::bex::ComFxTrigger	d	a	1		undefined Play(basic_string_view * param_1)
710002d790	16	~Impl	mg1401::Mg1401MapManager::Impl	d	a	1		undefined ~Impl(Impl * this)
710002d7a0	16	Update	mg1401::SlotReel	d	a	1		undefined Update(SlotReel * this)
710002d7b0	16	IsTimeOut	mg1401::Mg1401Sequence	d	a	1		bool IsTimeOut(Mg1401Sequence * this, uint param_1)
710002d7c0	16	GetComActorMotion	mg1401::Mg1401Model	d	a	1		undefined GetComActorMotion(long param_1)
710002d7d0	16	GetAnimationSlot	<EXTERNAL>::actor::ComActorMotion	d	a	1		undefined GetAnimationSlot(StringViewHashPair * param_1)
710002d7e0	16	GetMotionName	mg1401::Mg1401Model	d	a	1		undefined GetMotionName(undefined8 * param_1_00, long param_2, ulong param_3)
710002d7f0	16	Play	<EXTERNAL>::actor::ActorAnimationSlot	d	a	1		undefined Play(StringViewHashPair * param_1)
710002d800	16	SetFrame	<EXTERNAL>::actor::ActorAnimationSlot	d	a	1		undefined SetFrame(float param_1)
710002d810	16	SetSpeed	<EXTERNAL>::actor::ActorAnimationSlot	d	a	1		undefined SetSpeed(float param_1)
710002d820	16	IsAllSuccess	mg1401::Mg1401Sequence	d	a	1		bool IsAllSuccess(void)
710002d830	16	GetQuatFromDegRot	mg1401	d	a	1		undefined GetQuatFromDegRot(void)
710002d840	16	SetRotation	mg1401::Mg1401Model	d	a	1		undefined SetRotation(long param_1)
710002d850	16	GetFrame	<EXTERNAL>::actor::ActorAnimationSlot	d	a	1		undefined GetFrame(void)
710002d860	16	fmodf		i	i	1		float fmodf(float __x, float __y)
710002d870	16	GetPosition	mg1401::Mg1401Model	d	a	1		undefined GetPosition(void)
710002d880	16	Play3D	<EXTERNAL>::bex::sound::SoundModule	d	a	1		undefined Play3D(char * param_1, Vector3f * param_2, float param_3)
710002d890	16	UpdateTheme	mg1401::SlotReel	d	a	1		undefined UpdateTheme(SlotReel * this)
710002d8a0	16	UpdateReel	mg1401::SlotReel	d	a	1		undefined UpdateReel(SlotReel * this)
710002d8b0	16	PlayCorrectMotion	mg1401::SlotReel	d	a	1		undefined PlayCorrectMotion(SlotReel * this)
710002d8c0	16	GetMotionSlot	mg1401::SlotReel	d	a	1		undefined GetMotionSlot(long * param_1, long param_2, undefined4 param_3)
710002d8d0	16	Stop_Preset	<EXTERNAL>::bex::sound::SoundHandle	d	a	1		undefined Stop_Preset(FadeTimePreset param_1)
710002d8e0	16	GetSoundComActor	mg1401::SlotReel	d	a	1		undefined GetSoundComActor(long * param_1, SlotReel * this)
710002d8f0	16	PlayPosition	<EXTERNAL>::bex::sound::ComActor	d	a	1		undefined PlayPosition(char * param_1, Vector3f * param_2, float param_3)
710002d900	16	Get	<EXTERNAL>::ca::kb::WorkArea	d	a	1		undefined Get(void)
710002d910	16	GetRecommendLocalControl	<EXTERNAL>::ca::kb::WorkArea	d	a	1		undefined GetRecommendLocalControl(PlayerID param_1)
710002d920	16	ForceStopReel	mg1401::Mg1401Sequence	d	a	1		undefined ForceStopReel(float param_1, Mg1401Sequence * this, int param_3, byte param_4)
710002d930	16	GetDbpReelSpeed	mg1401::Scene	d	a	1		undefined1[16] GetDbpReelSpeed(Scene * this)
710002d940	16	GetDbpReelSpeedType	mg1401::Scene	d	a	1		int GetDbpReelSpeedType(Scene * this)
710002d950	16	IsDbpProgressDcc	mg1401::Scene	d	a	1		Scene IsDbpProgressDcc(Scene * this)
710002d960	16	GetTurn	mg1401::Mg1401Sequence	d	a	1		undefined4 GetTurn(Mg1401Sequence * this)
710002d970	16	GetComboNum	mg1401::Mg1401Sequence	d	a	1		undefined4 GetComboNum(Mg1401Sequence * this)
710002d980	16	GetDbpComboReelSpeed	mg1401::Scene	d	a	1		float GetDbpComboReelSpeed(Scene * this, undefined4 param_1)
710002d990	16	UpdateRollSeVariable	mg1401::SlotReel	d	a	1		undefined UpdateRollSeVariable(SlotReel * this)
710002d9a0	16	GetDbpReelMinSpeed	mg1401::Scene	d	a	1		undefined4 GetDbpReelMinSpeed(Scene * this)
710002d9b0	16	WriteLocalVariable	<EXTERNAL>::bex::sound::SoundHandle	d	a	1		undefined WriteLocalVariable(int param_1, int param_2)
710002d9c0	16	Mg1401Model	mg1401::Mg1401Model	d	a	1		undefined Mg1401Model(Mg1401Model * this)
710002d9d0	16	CreateModel	mg1401::Mg1401Model	d	a	1		undefined CreateModel(undefined8 * param_1_00, long param_2, char * param_3, undefined8 param_4)
710002d9e0	16	GetComModel	mg1401::Mg1401Model	d	a	1		undefined GetComModel(long param_1)
710002d9f0	16	ForEachComponentWithBreakImpl<bex::gfx::ComPosteffect>	nn::bezel::Entity	d	a	1		undefined8 ForEachComponentWithBreakImpl<bex::gfx::ComPosteffect>(Entity * this, uint param_1, uint param_2, undefined8 * param_3)
710002da00	16	alternativeMemoryDealloc	<EXTERNAL>::nn::bezel::detail	d	a	1		undefined alternativeMemoryDealloc(void * param_1)
710002da10	16	SetFxaaEdgeThreshold	<EXTERNAL>::bex::gfx::ComPosteffect	d	a	1		undefined SetFxaaEdgeThreshold(float param_1)
710002da20	16	ForEachComponentWithBreakImpl<bex::gfx::ComDirectionalLight>	nn::bezel::Entity	d	a	1		undefined8 ForEachComponentWithBreakImpl<bex::gfx::ComDirectionalLight>(Entity * this, uint param_1, uint param_2, undefined8 * param_3)
710002da30	16	SetShadowmapDynamicCameraNear	<EXTERNAL>::bex::gfx::ComDirectionalLight	d	a	1		undefined SetShadowmapDynamicCameraNear(float param_1)
710002da40	16	SetShadowmapDynamicCameraFar	<EXTERNAL>::bex::gfx::ComDirectionalLight	d	a	1		undefined SetShadowmapDynamicCameraFar(float param_1)
710002da50	16	SetShadowmapDynamicFadeOut	<EXTERNAL>::bex::gfx::ComDirectionalLight	d	a	1		undefined SetShadowmapDynamicFadeOut(float param_1)
710002da60	16	LoadNbmap	<EXTERNAL>::actor::Util	d	a	1		undefined LoadNbmap(HandlePtr * param_1, basic_string_view * param_2, bool param_3)
710002da70	16	AddComponent<bq::ComMatter,bq::MatterType,(void*)0>	nn::bezel::Entity	d	a	1		WeakHandle AddComponent<bq::ComMatter,bq::MatterType,(void*)0>(long * param_1_00, HandlePtr * param_2, undefined4 * param_3)
710002da80	16	GetPlayers	<EXTERNAL>::bq::WorkModule	d	a	1		undefined GetPlayers(void)
710002da90	16	GetPlayerList	<EXTERNAL>::bq::PlayerWorkHolder	d	a	1		undefined GetPlayerList(PlayerListSortBy param_1)
710002daa0	16	GetPlayerID	<EXTERNAL>::bq::PlayerWork	d	a	1		undefined GetPlayerID(void)
710002dab0	16	SlotReel	mg1401::SlotReel	d	a	1		undefined SlotReel(SlotReel * this, undefined4 param_1, undefined4 * param_2)
710002dac0	16	__push_back_slow_path<std::unique_ptr<mg1401::SlotReel,std::default_delete<mg1401::SlotReel>>>	std::vector<std::unique_ptr<mg1401::SlotReel,std::default_delete<mg1401::SlotReel>>,bex::HeapModule::Allocator_vector<std::unique_ptr<mg1401::SlotReel,std::default_delete<mg1401::SlotReel>>>>	d	a	1		void __push_back_slow_path<std::unique_ptr<mg1401::SlotReel,std::default_delete<mg1401::SlotReel>>>(vector<std::unique_ptr<mg1401::SlotReel,std::default_delete<mg1401::SlotReel>>,bex::HeapModule::Allocator_vector<std::unique_ptr<mg1401::SlotReel,std::default_delete<mg1401::SlotReel>>>> * this, long * param_1)
710002dad0	16	Setup	mg1401::NpcManager	d	a	1		undefined Setup(undefined1[16] param_1, undefined1[16] param_2, undefined1[16] param_3, undefined1[16] param_4, NpcManager * this)
710002dae0	16	SafeCreate<bq::ComMatter,nn::bezel::HandlePtr<nn::bezel::Entity>const&,bq::MatterType>	bex::ComponentUtil	d	a	1		WeakHandle SafeCreate<bq::ComMatter,nn::bezel::HandlePtr<nn::bezel::Entity>const&,bq::MatterType>(long * param_1_00, ComponentUtil * this, undefined4 * param_3)
710002daf0	16	IsSlotMotion	mg1401::Scene	d	a	1		bool IsSlotMotion(Scene * this)
710002db00	16	AddModelMotion	mg1401::Mg1401Model	d	a	1		undefined AddModelMotion(Mg1401Model * this, char * param_1)
710002db10	16	AddAnimationSlot	<EXTERNAL>::actor::ComActorMotion	d	a	1		undefined AddAnimationSlot(StringViewHashPair * param_1)
710002db20	16	PlayMotion	mg1401::Mg1401Model	d	a	1		undefined PlayMotion(long param_1, ulong param_2)
710002db30	16	AddComponent<bex::sound::ComActor,,(void*)0>	nn::bezel::Entity	d	a	1		WeakHandle AddComponent<bex::sound::ComActor,,(void*)0>(long * param_1, HandlePtr * param_2)
710002db40	16	SetLayerVisibleId	<EXTERNAL>::bex::sound::ComActor	d	a	1		undefined SetLayerVisibleId(LayerVisibleId param_1)
710002db50	16	CreateNpcModel	mg1401::Mg1401Model	d	a	1		undefined CreateNpcModel(undefined8 * param_1_00, long param_2, char * param_3, undefined4 param_4)
710002db60	16	AddNpcMotion	mg1401::Mg1401Model	d	a	1		undefined AddNpcMotion(long param_1, undefined4 param_2, char * param_3)
710002db70	16	GetFrameMax	<EXTERNAL>::actor::ComActorMotion	d	a	1		undefined GetFrameMax(void)
710002db80	16	RandRangeF	<EXTERNAL>::bex::RandModule	d	a	1		undefined RandRangeF(float param_1, float param_2)
710002db90	16	GetNodeTransform	mg1401	d	a	1		bool GetNodeTransform(undefined1[16] param_1, undefined1[16] param_2, undefined1[16] param_3, undefined1[16] param_4, long * param_5, undefined8 param_6, undefined8 * param_7, byte * param_8)
710002dba0	16	FindMaterial	<EXTERNAL>::nn::bezel::ComModel	d	a	1		undefined FindMaterial(basic_string_view param_1)
710002dbb0	16	MaterialHandle	<EXTERNAL>::nn::bezel::MaterialHandle	d	a	1		undefined MaterialHandle(MaterialHandle * this)
710002dbc0	16	Reset	<EXTERNAL>::nn::bezel::MaterialHandle	d	a	1		undefined Reset(Material * param_1)
710002dbd0	16	SafeLock	<EXTERNAL>::nn::bezel::MaterialHandle	d	a	1		undefined SafeLock(void)
710002dbe0	16	~MaterialHandle	<EXTERNAL>::nn::bezel::MaterialHandle	d	a	1		undefined ~MaterialHandle(MaterialHandle * this)
710002dbf0	16	FindParam	<EXTERNAL>::nn::bezel::Material	d	a	1		undefined FindParam(basic_string_view param_1)
710002dc00	16	GetVector4	<EXTERNAL>::nn::bezel::MaterialParam	d	a	1		undefined GetVector4(void)
710002dc10	16	SetVector4	<EXTERNAL>::nn::bezel::MaterialParam	d	a	1		undefined SetVector4(Vector4f * param_1)
710002dc20	16	__push_back_slow_path<std::unique_ptr<mg1401::Mg1401Model,std::default_delete<mg1401::Mg1401Model>>>	std::vector<std::unique_ptr<mg1401::Mg1401Model,std::default_delete<mg1401::Mg1401Model>>,bex::HeapModule::Allocator_vector<std::unique_ptr<mg1401::Mg1401Model,std::default_delete<mg1401::Mg1401Model>>>>	d	a	1		void __push_back_slow_path<std::unique_ptr<mg1401::Mg1401Model,std::default_delete<mg1401::Mg1401Model>>>(vector<std::unique_ptr<mg1401::Mg1401Model,std::default_delete<mg1401::Mg1401Model>>,bex::HeapModule::Allocator_vector<std::unique_ptr<mg1401::Mg1401Model,std::default_delete<mg1401::Mg1401Model>>>> * this, long * param_1)
710002dc30	16	PlayClapMotion	mg1401::NpcManager	d	a	1		undefined PlayClapMotion(NpcManager * this)
710002dc40	16	alternativeAlignmentMemoryAlloc	<EXTERNAL>::nn::bezel::detail	d	a	1		undefined alternativeAlignmentMemoryAlloc(ulong param_1, ulong param_2)
710002dc50	16	ComMatter	<EXTERNAL>::bq::ComMatter	d	a	1		undefined ComMatter(ComMatter * this, HandlePtr * param_1, MatterType param_2, bool param_3)
710002dc60	16	Create	<EXTERNAL>::bex::sound::ComActor	d	a	1		undefined Create(HandlePtr * param_1)
710002dc70	16	~SlotReel	mg1401::SlotReel	d	a	1		undefined ~SlotReel(SlotReel * this)
710002dc80	16	GetPlayerCharacterID	mg1401::Mg1401PlayerManager	d	a	1		undefined4 GetPlayerCharacterID(Mg1401PlayerManager * this, long param_1)
710002dc90	16	GetNodeTransform	mg1401::Mg1401Model	d	a	1		bool GetNodeTransform(undefined1[16] param_1_00, undefined1[16] param_2_00, undefined1[16] param_3_00, undefined1[16] param_4, Mg1401Model * this, undefined8 param_6, undefined8 * param_7, byte * param_8)
710002dca0	16	AttachSlotModel	mg1401::SlotReel	d	a	1		undefined AttachSlotModel(SlotReel * this, undefined8 * param_1, byte * param_2)
710002dcb0	16	HasCastableComponentImpl	<EXTERNAL>::nn::bezel::Entity	d	a	1		undefined HasCastableComponentImpl(TypeDesc * param_1)
710002dcc0	16	GetBoneSocket	<EXTERNAL>::nn::bezel::ComModel	d	a	1		undefined GetBoneSocket(basic_string_view param_1)
710002dcd0	16	AddComponent<nn::bezel::ComAttachment,,(void*)0>	nn::bezel::Entity	d	a	1		WeakHandle AddComponent<nn::bezel::ComAttachment,,(void*)0>(long * param_1, HandlePtr * param_2)
710002dce0	16	SetTarget	<EXTERNAL>::nn::bezel::ComAttachment	d	a	1		undefined SetTarget(WeakHandle * param_1)
710002dcf0	16	Create	<EXTERNAL>::nn::bezel::ComAttachment	d	a	1		undefined Create(HandlePtr * param_1)
710002dd00	16	Stop	<EXTERNAL>::bex::sound::SoundHandle	d	a	1		undefined Stop(void)
710002dd10	16	GetFrameMax	<EXTERNAL>::actor::ActorAnimationSlot	d	a	1		undefined GetFrameMax(void)
710002dd20	16	Mg1401MapManager	mg1401::Mg1401MapManager	d	a	1		undefined Mg1401MapManager(Mg1401MapManager * this)
710002dd30	16	CreateModel	mg1401	d	a	1		undefined CreateModel(undefined8 * param_1_00, char * param_2, undefined8 param_3)
710002dd40	16	AddComponent<bq::ComMatter,char_const*&,(void*)0>	nn::bezel::Entity	d	a	1		WeakHandle AddComponent<bq::ComMatter,char_const*&,(void*)0>(long * param_1_00, HandlePtr * param_2, undefined8 * param_3)
710002dd50	16	SafeCreate<bq::ComMatter,nn::bezel::HandlePtr<nn::bezel::Entity>const&,char_const*&>	bex::ComponentUtil	d	a	1		WeakHandle SafeCreate<bq::ComMatter,nn::bezel::HandlePtr<nn::bezel::Entity>const&,char_const*&>(long * param_1_00, ComponentUtil * this, undefined8 * param_3)
710002dd60	16	AddModelMotion	mg1401	d	a	1		undefined AddModelMotion(long * param_1, mg1401 * this, byte * param_3, char * param_4)
710002dd70	16	SetPrefix	<EXTERNAL>::actor::ComActorMotion	d	a	1		undefined SetPrefix(char * param_1)
710002dd80	16	CreatePcModel	mg1401	d	a	1		undefined CreatePcModel(undefined8 * param_1_00, mg1401 * this, undefined4 * param_3)
710002dd90	16	AddComponent<bq::ComMatter,bex::PlayerID&,bq::MatterType,(void*)0>	nn::bezel::Entity	d	a	1		WeakHandle AddComponent<bq::ComMatter,bex::PlayerID&,bq::MatterType,(void*)0>(long * param_1_00, HandlePtr * param_2, undefined4 * param_3, undefined4 * param_4)
710002dda0	16	SafeCreate<bq::ComMatter,nn::bezel::HandlePtr<nn::bezel::Entity>const&,bex::PlayerID&,bq::MatterType>	bex::ComponentUtil	d	a	1		WeakHandle SafeCreate<bq::ComMatter,nn::bezel::HandlePtr<nn::bezel::Entity>const&,bex::PlayerID&,bq::MatterType>(long * param_1_00, ComponentUtil * this, undefined4 * param_3, undefined4 * param_4)
710002ddb0	16	CreateNpcModel	mg1401	d	a	1		undefined CreateNpcModel(undefined8 * param_1_00, char * param_2, undefined4 param_3)
710002ddc0	16	AddComponent<bq::ComMatter,bq::NonPlayerCharacterID&,(void*)0>	nn::bezel::Entity	d	a	1		WeakHandle AddComponent<bq::ComMatter,bq::NonPlayerCharacterID&,(void*)0>(long * param_1_00, HandlePtr * param_2, undefined4 * param_3)
710002ddd0	16	SafeCreate<bq::ComMatter,nn::bezel::HandlePtr<nn::bezel::Entity>const&,bq::NonPlayerCharacterID&>	bex::ComponentUtil	d	a	1		WeakHandle SafeCreate<bq::ComMatter,nn::bezel::HandlePtr<nn::bezel::Entity>const&,bq::NonPlayerCharacterID&>(long * param_1_00, ComponentUtil * this, undefined4 * param_3)
710002dde0	16	AddNpcMotion	mg1401	d	a	1		undefined AddNpcMotion(undefined8 * param_1, mg1401 * this, undefined4 param_3, byte * param_4, char * param_5)
710002ddf0	16	CharacterDataPath	<EXTERNAL>::bq::CharacterDataPath	d	a	1		undefined CharacterDataPath(CharacterDataPath * this, NonPlayerCharacterID param_1)
710002de00	16	GetAnimationPrefix	<EXTERNAL>::bq::CharacterDataPath	d	a	1		undefined GetAnimationPrefix(void)
710002de10	16	GetNodeMatrix	mg1401	d	a	1		bool GetNodeMatrix(undefined1[16] param_1, undefined1[16] param_2, undefined1[16] param_3, undefined1[16] param_4, long * param_5, undefined8 param_6, undefined1[16] * param_7)
710002de20	16	GetBoneIndex	mg1401	d	a	1		undefined8 GetBoneIndex(long * param_1)
710002de30	16	CalculateLocalTransform	<EXTERNAL>::nn::bezel::SkeletonPose	d	a	1		undefined CalculateLocalTransform(int param_1)
710002de40	16	GetNodeTransform	mg1401	d	a	1		bool GetNodeTransform(undefined1[16] param_1, undefined1[16] param_2, undefined1[16] param_3, undefined1[16] param_4, long * param_5, undefined8 param_6, undefined8 * param_7, long * param_8)
710002de50	16	sqrtf		i	i	1		float sqrtf(float __x)
710002de60	16	FindBoneIndex	<EXTERNAL>::nn::bezel::SkeletonPose	d	a	1		undefined FindBoneIndex(char * param_1)
710002de70	16	SetNodePosition	mg1401	d	a	1		undefined8 SetNodePosition(undefined1[16] param_1, undefined1[16] param_2, undefined1[16] param_3, undefined1[16] param_4, long * param_5, undefined8 param_6, float * param_7)
710002de80	16	Calculate	<EXTERNAL>::nn::bezel::SkeletonPose	d	a	1		undefined Calculate(void)
710002de90	16	CalculateForce	<EXTERNAL>::nn::bezel::SkeletonPose	d	a	1		undefined CalculateForce(void)
710002dea0	16	SetLocalMtxRt	<EXTERNAL>::nn::bezel::SkeletonPose	d	a	1		undefined SetLocalMtxRt(int param_1, MatrixRowMajor4x3f * param_2)
710002deb0	16	SetNodeRotation	mg1401	d	a	1		undefined8 SetNodeRotation(undefined1[16] param_1, undefined1[16] param_2, undefined1[16] param_3, undefined1[16] param_4, long * param_5, undefined8 param_6, float * param_7)
710002dec0	16	Mg1401Model	mg1401::Mg1401Model	d	a	1		undefined Mg1401Model(Mg1401Model * this)
710002ded0	16	~Mg1401Model	mg1401::Mg1401Model	d	a	1		undefined ~Mg1401Model(Mg1401Model * this)
710002dee0	16	~Mg1401Model	mg1401::Mg1401Model	d	a	1		undefined ~Mg1401Model(Mg1401Model * this)
710002def0	16	GetComMatter	mg1401::Mg1401Model	d	a	1		undefined GetComMatter(long * param_1, long param_2)
710002df00	16	GetComMatter	mg1401::Mg1401Model::Impl	d	a	1		undefined GetComMatter(long * param_1, long param_2)
710002df10	16	GetModel	<EXTERNAL>::bq::ComMatter	d	a	1		undefined GetModel(void)
710002df20	16	GetMotion	<EXTERNAL>::bq::ComMatter	d	a	1		undefined GetMotion(void)
710002df30	16	CreatePcModel	mg1401::Mg1401Model	d	a	1		undefined CreatePcModel(undefined8 * param_1_00, long param_2, mg1401 * param_3, undefined4 * param_4)
710002df40	16	AddModelMotion	mg1401::Mg1401Model::Impl	d	a	1		ulong AddModelMotion(Impl * this, char * param_1)
710002df50	16	GetMotionName	mg1401::Mg1401Model::Impl	d	a	1		undefined GetMotionName(undefined8 * param_1, undefined8 param_2, ulong param_3)
710002df60	16	AddNpcMotion	mg1401::Mg1401Model::Impl	d	a	1		ulong AddNpcMotion(Impl * this, undefined4 param_1, char * param_2)
710002df70	16	PlayMotion	mg1401::Mg1401Model::Impl	d	a	1		undefined PlayMotion(long param_1, ulong param_2)
710002df80	16	SetMotionFrame	mg1401::Mg1401Model::Impl	d	a	1		undefined SetMotionFrame(float param_1, long param_2)
710002df90	16	SetFrame	<EXTERNAL>::actor::ComActorMotion	d	a	1		undefined SetFrame(float param_1)
710002dfa0	16	GetMotionFrame	mg1401::Mg1401Model	d	a	1		undefined GetMotionFrame(long param_1)
710002dfb0	16	SetMotionSpeed	mg1401::Mg1401Model::Impl	d	a	1		undefined SetMotionSpeed(float param_1, long param_2)
710002dfc0	16	SetSpeed	<EXTERNAL>::actor::ComActorMotion	d	a	1		undefined SetSpeed(float param_1)
710002dfd0	16	GetSpeed	<EXTERNAL>::actor::ComActorMotion	d	a	1		undefined GetSpeed(void)
710002dfe0	16	SetMotionPause	mg1401::Mg1401Model::Impl	d	a	1		undefined SetMotionPause(long param_1)
710002dff0	16	SetPauseEnabled	<EXTERNAL>::actor::ComActorMotion	d	a	1		undefined SetPauseEnabled(bool param_1)
710002e000	16	IsMotionFinished	mg1401::Mg1401Model	d	a	1		uint IsMotionFinished(long param_1)
710002e010	16	IsFinished	<EXTERNAL>::actor::ComActorMotion	d	a	1		undefined IsFinished(void)
710002e020	16	IsThisPlaying	mg1401::Mg1401Model::Impl	d	a	1		uint IsThisPlaying(long param_1, ulong param_2)
710002e030	16	IsThisPlaying	<EXTERNAL>::actor::ComActorMotion	d	a	1		undefined IsThisPlaying(StringViewHashPair * param_1)
710002e040	16	to_string<unsigned_long>	bex	d	a	1		basic_string to_string<unsigned_long>(long * param_1_00, ulong param_2)
710002e050	16	SetTranslation	<EXTERNAL>::nn::bezel::Entity	d	a	1		undefined SetTranslation(Vector3f * param_1)
710002e060	16	GetTranslation	<EXTERNAL>::nn::bezel::Entity	d	a	1		undefined GetTranslation(void)
710002e070	16	SetRotation	<EXTERNAL>::nn::bezel::Entity	d	a	1		undefined SetRotation(Quaternion * param_1)
710002e080	16	CalculateRotation	<EXTERNAL>::nn::bezel::Entity	d	a	1		undefined CalculateRotation(void)
710002e090	16	SetScale	<EXTERNAL>::nn::bezel::Entity	d	a	1		undefined SetScale(Vector3f * param_1)
710002e0a0	16	GetScale	<EXTERNAL>::nn::bezel::Entity	d	a	1		undefined GetScale(void)
710002e0b0	16	SetVisible	mg1401::Mg1401Model::Impl	d	a	1		undefined SetVisible(long param_1)
710002e0c0	16	IsVisible	mg1401::Mg1401Model::Impl	d	a	1		uint IsVisible(long param_1)
710002e0d0	16	SetBoneVisible	mg1401::Mg1401Model::Impl	d	a	1		undefined SetBoneVisible(long param_1, char * param_2)
710002e0e0	16	FindBoneIndex	<EXTERNAL>::nn::bezel::ComModel	d	a	1		undefined FindBoneIndex(basic_string_view param_1)
710002e0f0	16	SetBoneVisible	<EXTERNAL>::nn::bezel::ComModel	d	a	1		undefined SetBoneVisible(int param_1, bool param_2)
710002e100	16	GetNodeTransform	mg1401::Mg1401Model::Impl	d	a	1		bool GetNodeTransform(undefined1[16] param_1_00, undefined1[16] param_2_00, undefined1[16] param_3_00, undefined1[16] param_4_00, Impl * this, undefined8 param_6, undefined8 * param_7, byte * param_8, undefined8 * param_9)
710002e110	16	operator<<	<EXTERNAL>::std::ostream	d	a	1		undefined operator<<(ostream * this, ulong param_1)
710002e120	16	ComMatter	<EXTERNAL>::bq::ComMatter	d	a	1		undefined ComMatter(ComMatter * this, HandlePtr * param_1, basic_string_view * param_2, bool param_3)
710002e130	16	ComMatter	<EXTERNAL>::bq::ComMatter	d	a	1		undefined ComMatter(ComMatter * this, HandlePtr * param_1, PlayerID param_2, MatterType param_3)
710002e140	16	ComMatter	<EXTERNAL>::bq::ComMatter	d	a	1		undefined ComMatter(ComMatter * this, HandlePtr * param_1, NonPlayerCharacterID param_2)
710002e150	16	~Mg1401PlayerManager	mg1401::Mg1401PlayerManager	d	a	1		undefined ~Mg1401PlayerManager(Mg1401PlayerManager * this)
710002e160	16	Setup	mg1401::Mg1401PlayerManager::Impl	d	a	1		undefined Setup(Impl * this)
710002e170	16	GetCharacterID	<EXTERNAL>::bq::PlayerWork	d	a	1		undefined GetCharacterID(void)
710002e180	16	Mg1401Player	mg1401::Mg1401Player	d	a	1		undefined Mg1401Player(Mg1401Player * this, int * param_1, undefined4 param_2, undefined4 param_3)
710002e190	16	Setup	mg1401::Mg1401Player	d	a	1		undefined Setup(Mg1401Player * this)
710002e1a0	16	__push_back_slow_path<std::unique_ptr<mg1401::Mg1401Player,std::default_delete<mg1401::Mg1401Player>>>	std::vector<std::unique_ptr<mg1401::Mg1401Player,std::default_delete<mg1401::Mg1401Player>>,bex::HeapModule::Allocator_vector<std::unique_ptr<mg1401::Mg1401Player,std::default_delete<mg1401::Mg1401Player>>>>	d	a	1		void __push_back_slow_path<std::unique_ptr<mg1401::Mg1401Player,std::default_delete<mg1401::Mg1401Player>>>(vector<std::unique_ptr<mg1401::Mg1401Player,std::default_delete<mg1401::Mg1401Player>>,bex::HeapModule::Allocator_vector<std::unique_ptr<mg1401::Mg1401Player,std::default_delete<mg1401::Mg1401Player>>>> * this, long * param_1)
710002e1b0	16	GetRandomSeedChannel	<EXTERNAL>::ca::kb::WorkArea	d	a	1		undefined GetRandomSeedChannel(uint param_1)
710002e1c0	16	PostSetup	mg1401::Mg1401Player	d	a	1		undefined PostSetup(undefined1[16] param_1, undefined1[16] param_2, undefined1[16] param_3, undefined1[16] param_4, Mg1401Player * this)
710002e1d0	16	Initialize	mg1401::Mg1401PlayerManager::Impl	d	a	1		undefined Initialize(Impl * this)
710002e1e0	16	Initialize	mg1401::Mg1401Player	d	a	1		undefined Initialize(Mg1401Player * this)
710002e1f0	16	FindFromPlayerID	<EXTERNAL>::bq::PlayerWorkHolder	d	a	1		undefined FindFromPlayerID(PlayerID param_1)
710002e200	16	GetPlayerType	<EXTERNAL>::bq::PlayerWork	d	a	1		undefined GetPlayerType(void)
710002e210	16	RandRange	<EXTERNAL>::ca::kb::MiniRand	d	a	1		undefined RandRange(int param_1, int param_2)
710002e220	16	GetPlayerNum	mg1401::Mg1401PlayerManager	d	a	1		undefined8 GetPlayerNum(Mg1401PlayerManager * this)
710002e230	16	GetPlayerPosition	mg1401::Mg1401PlayerManager	d	a	1		undefined1[16] GetPlayerPosition(void)
710002e240	16	SkipOpeningDemo	mg1401::Mg1401Player	d	a	1		undefined SkipOpeningDemo(Mg1401Player * this)
710002e250	16	PlayPlayerMotion	mg1401::Mg1401Player	d	a	1		undefined PlayPlayerMotion(undefined4 param_1, Mg1401Player * this, int param_3)
710002e260	16	RandRangeF	<EXTERNAL>::ca::kb::MiniRand	d	a	1		undefined RandRangeF(float param_1, float param_2)
710002e270	16	SetInputControlEnabled	<EXTERNAL>::actor::ComActor	d	a	1		undefined SetInputControlEnabled(bool param_1)
710002e280	16	StartFinish	mg1401::Mg1401Player	d	a	1		undefined StartFinish(Mg1401Player * this)
710002e290	16	StartEndingDemo	mg1401::Mg1401Player	d	a	1		undefined StartEndingDemo(Mg1401Player * this)
710002e2a0	16	InstInit	mg1401::Mg1401PlayerManager	d	a	1		undefined InstInit(Mg1401PlayerManager * this)
710002e2b0	16	StartReel	mg1401::Mg1401PlayerManager	d	a	1		undefined StartReel(Mg1401PlayerManager * this, long param_1)
710002e2c0	16	StartReel	mg1401::Mg1401Player	d	a	1		undefined StartReel(Mg1401Player * this)
710002e2d0	16	StopInput	mg1401::Mg1401PlayerManager	d	a	1		undefined StopInput(Mg1401PlayerManager * this, long param_1)
710002e2e0	16	StopInput	mg1401::Mg1401Player	d	a	1		undefined StopInput(Mg1401Player * this)
710002e2f0	16	SetPushReady	mg1401::Mg1401PlayerManager	d	a	1		undefined SetPushReady(Mg1401PlayerManager * this, long param_1)
710002e300	16	SetCorrect	mg1401::Mg1401PlayerManager	d	a	1		undefined SetCorrect(Mg1401PlayerManager * this, long param_1)
710002e310	16	SetCorrect	mg1401::Mg1401Player	d	a	1		undefined SetCorrect(Mg1401Player * this)
710002e320	16	SetSuccess	mg1401::Mg1401PlayerManager	d	a	1		undefined SetSuccess(Mg1401PlayerManager * this, uint param_1)
710002e330	16	SetSuccess	mg1401::Mg1401Player	d	a	1		undefined SetSuccess(Mg1401Player * this, ulong param_1)
710002e340	16	SetFail	mg1401::Mg1401PlayerManager	d	a	1		undefined SetFail(Mg1401PlayerManager * this)
710002e350	16	GetPlayerID	mg1401::Mg1401PlayerManager	d	a	1		undefined GetPlayerID(undefined4 * param_1_00, long param_2, long param_3)
710002e360	16	IsLocalPlayer	mg1401::Mg1401PlayerManager	d	a	1		uint IsLocalPlayer(Mg1401PlayerManager * this, long param_1)
710002e370	16	ForcePushButton	mg1401::Mg1401PlayerManager	d	a	1		undefined ForcePushButton(long param_1, long param_2)
710002e380	16	ForcePushButton	mg1401::Mg1401Player	d	a	1		undefined ForcePushButton(Mg1401Player * param_1)
710002e390	16	StartSplit	mg1401::Mg1401Player	d	a	1		undefined StartSplit(Mg1401Player * this, ulong param_1)
710002e3a0	16	EndSplit	mg1401::Mg1401PlayerManager	d	a	1		undefined EndSplit(Mg1401PlayerManager * this)
710002e3b0	16	EndSplit	mg1401::Mg1401Player	d	a	1		undefined EndSplit(Mg1401Player * this)
710002e3c0	16	Update	mg1401::Mg1401Player	d	a	1		undefined Update(undefined1[16] param_1, undefined1[16] param_2, undefined1[16] param_3, undefined1[16] param_4, Mg1401Player * this)
710002e3d0	16	GetPosition	<EXTERNAL>::actor::ComActor	d	a	1		undefined GetPosition(void)
710002e3e0	16	LytPosFrom3DPos	<EXTERNAL>::bex::util	d	a	1		undefined LytPosFrom3DPos(Vector3f * param_1, Vector3f * param_2, WeakHandle param_3)
710002e3f0	16	SetTranslation	<EXTERNAL>::ca::ui::CaComUiUserName	d	a	1		undefined SetTranslation(Vector3f param_1)
710002e400	16	SetPosition	<EXTERNAL>::actor::ComActor	d	a	1		undefined SetPosition(Vector3f * param_1)
710002e410	16	SetRotation	<EXTERNAL>::actor::ComActor	d	a	1		undefined SetRotation(Quaternion * param_1)
710002e420	16	on_opening_proc	mg1401::Mg1401Player	d	a	1		undefined on_opening_proc(undefined1[16] param_1, undefined1[16] param_2, undefined1[16] param_3, undefined1[16] param_4, Mg1401Player * this)
710002e430	16	on_game_proc	mg1401::Mg1401Player	d	a	1		undefined on_game_proc(Mg1401Player * this)
710002e440	16	SetTargetLookAtPosition	<EXTERNAL>::bex::ComHeading	d	a	1		undefined SetTargetLookAtPosition(Vector3f * param_1)
710002e450	16	UpdateCom	mg1401::Mg1401Player	d	a	1		undefined UpdateCom(Mg1401Player * this)
710002e460	16	GetPad	<EXTERNAL>::actor::ComActor	d	a	1		undefined GetPad(void)
710002e470	16	GetTrigger	<EXTERNAL>::actor::ComActorPad	d	a	1		undefined GetTrigger(void)
710002e480	16	ForcePushInputA	mg1401::Mg1401Sequence	d	a	1		undefined ForcePushInputA(float param_1, Mg1401Sequence * this, int param_3)
710002e490	16	Stop	<EXTERNAL>::bex::ComFxTrigger	d	a	1		undefined Stop(basic_string_view * param_1)
710002e4a0	16	AnimationName	actor::MotionArg	d	a	1		MotionArg * AnimationName(MotionArg * this, long param_1)
710002e4b0	16	Play	<EXTERNAL>::actor::ComActorMotion	d	a	1		undefined Play(MotionArg * param_1)
710002e4c0	16	IsOverlayEnabled	<EXTERNAL>::actor::ComActorPad	d	a	1		undefined IsOverlayEnabled(void)
710002e4d0	16	SetOverlayEnabled	<EXTERNAL>::actor::ComActorPad	d	a	1		undefined SetOverlayEnabled(bool param_1)
710002e4e0	16	GetOverlayTrigger	<EXTERNAL>::actor::ComActorPad	d	a	1		undefined GetOverlayTrigger(void)
710002e4f0	16	SetOverlayTrigger	<EXTERNAL>::actor::ComActorPad	d	a	1		undefined SetOverlayTrigger(uint param_1)
710002e500	16	GetActorPad	mg1401::Mg1401Player	d	a	1		undefined GetActorPad(undefined8 * param_1, long param_2)
710002e510	16	IsThisPlaying	mg1401::Mg1401Player	d	a	1		uint IsThisPlaying(Mg1401Player * this, int param_1)
710002e520	16	AddPersonalPoint	mg1401::Mg1401Sequence	d	a	1		undefined AddPersonalPoint(Mg1401Sequence * this, long param_1)
710002e530	16	Create	<EXTERNAL>::bex::Effect	d	a	1		undefined Create(basic_string_view * param_1)
710002e540	16	Start	<EXTERNAL>::bex::Effect	d	a	1		undefined Start(bool param_1)
710002e550	16	SetPosition	<EXTERNAL>::bex::Effect	d	a	1		undefined SetPosition(Vector3f * param_1)
710002e560	16	SetLayerVisibilityBit	<EXTERNAL>::bex::Effect	d	a	1		undefined SetLayerVisibilityBit(uint param_1)
710002e570	16	AddComponent<ca::ui::CaComUiUserName,,(void*)0>	nn::bezel::Entity	d	a	1		WeakHandle AddComponent<ca::ui::CaComUiUserName,,(void*)0>(long * param_1, HandlePtr * param_2)
710002e580	16	GetActor	<EXTERNAL>::bq::ComMatter	d	a	1		undefined GetActor(void)
710002e590	16	AddHeading	<EXTERNAL>::bq::ComMatter	d	a	1		undefined AddHeading(void)
710002e5a0	16	ExistAction	<EXTERNAL>::actor::ComActor	d	a	1		undefined ExistAction(ActorHashedString * param_1)
710002e5b0	16	EraseAction	<EXTERNAL>::actor::ComActor	d	a	1		undefined EraseAction(ActorHashedString * param_1)
710002e5c0	16	__push_back_slow_path<std::basic_string<char,std::char_traits<char>,bex::HeapModule::Allocator_string<char>>>	std::vector<std::basic_string<char,std::char_traits<char>,bex::HeapModule::Allocator_string<char>>,bex::HeapModule::Allocator_vector<std::basic_string<char,std::char_traits<char>,bex::HeapModule::Allocator_string<char>>>>	d	a	1		void __push_back_slow_path<std::basic_string<char,std::char_traits<char>,bex::HeapModule::Allocator_string<char>>>(vector<std::basic_string<char,std::char_traits<char>,bex::HeapModule::Allocator_string<char>>,bex::HeapModule::Allocator_vector<std::basic_string<char,std::char_traits<char>,bex::HeapModule::Allocator_string<char>>>> * this, undefined8 * param_1)
710002e5d0	16	CreateAnimationRef	<EXTERNAL>::nn::bezel::ComAnimator	d	a	1		undefined CreateAnimationRef(StringViewHashPair * param_1)
710002e5e0	16	Create	<EXTERNAL>::nn::bezel::AnimationNodeMirror	d	a	1		undefined Create(UniqueHandlePtr param_1)
710002e5f0	16	AddAnimation	<EXTERNAL>::nn::bezel::ComAnimator	d	a	1		undefined AddAnimation(StringViewHashPair * param_1, UniqueHandlePtr param_2)
710002e600	16	__push_back_slow_path<std::basic_string<char,std::char_traits<char>,bex::HeapModule::Allocator_string<char>>const&>	std::vector<std::basic_string<char,std::char_traits<char>,bex::HeapModule::Allocator_string<char>>,bex::HeapModule::Allocator_vector<std::basic_string<char,std::char_traits<char>,bex::HeapModule::Allocator_string<char>>>>	d	a	1		void __push_back_slow_path<std::basic_string<char,std::char_traits<char>,bex::HeapModule::Allocator_string<char>>const&>(vector<std::basic_string<char,std::char_traits<char>,bex::HeapModule::Allocator_string<char>>,bex::HeapModule::Allocator_vector<std::basic_string<char,std::char_traits<char>,bex::HeapModule::Allocator_string<char>>>> * this, byte * param_1)
710002e610	16	RegisterAction	<EXTERNAL>::actor::ComActor	d	a	1		undefined RegisterAction(ActorHashedString * param_1, function * param_2)
710002e620	16	CallAction	<EXTERNAL>::actor::ComActor	d	a	1		undefined CallAction(ActorHashedString * param_1, bool param_2)
710002e630	16	ClearCollision	<EXTERNAL>::actor::ComActor	d	a	1		undefined ClearCollision(void)
710002e640	16	Create	<EXTERNAL>::ca::ui::CaComUiUserName	d	a	1		undefined Create(HandlePtr * param_1)
710002e650	16	~Mg1401Player	mg1401::Mg1401Player	d	a	1		undefined ~Mg1401Player(Mg1401Player * this)
710002e660	16	SetActionName	<EXTERNAL>::actor::ComActor	d	a	1		undefined SetActionName(ActorHashedString * param_1, bool param_2)
710002e670	16	GetLocalLeadPlayerID	<EXTERNAL>::ca::kb::WorkArea	d	a	1		undefined GetLocalLeadPlayerID(void)
710002e680	16	AddComponent<bq::ComUi,char_const*,char_const(&)[20],nn::bezel::GuiLayoutCreateArg&,(void*)0>	nn::bezel::Entity	d	a	1		WeakHandle AddComponent<bq::ComUi,char_const*,char_const(&)[20],nn::bezel::GuiLayoutCreateArg&,(void*)0>(long * param_1_00, HandlePtr * param_2, undefined8 * param_3, char * param_4, GuiLayoutCreateArg * param_5)
710002e690	16	SafeCreate<bq::ComUi,nn::bezel::HandlePtr<nn::bezel::Entity>const&,char_const*,char_const(&)[20],nn::bezel::GuiLayoutCreateArg&>	bex::ComponentUtil	d	a	1		WeakHandle SafeCreate<bq::ComUi,nn::bezel::HandlePtr<nn::bezel::Entity>const&,char_const*,char_const(&)[20],nn::bezel::GuiLayoutCreateArg&>(long * param_1_00, ComponentUtil * this, undefined8 * param_3, char * param_4, GuiLayoutCreateArg * param_5)
710002e6a0	16	SetTargetNone	<EXTERNAL>::bex::ComHeading	d	a	1		undefined SetTargetNone(void)
710002e6b0	16	LookImmediately	<EXTERNAL>::bex::ComHeading	d	a	1		undefined LookImmediately(void)
710002e6c0	16	SetEnabled	<EXTERNAL>::nn::bezel::ComPhysicalAnimation	d	a	1		undefined SetEnabled(bool param_1)
710002e6d0	16	SetPlayer	<EXTERNAL>::ca::ui::CaComUiUserName	d	a	1		undefined SetPlayer(PlayerID param_1, bool param_2)
710002e6e0	16	AttachPlayer	<EXTERNAL>::ca::ui::CaComUiUserName	d	a	1		undefined AttachPlayer(ATTACH_TYPE param_1, HandlePtr * param_2, float param_3)
710002e6f0	16	SetGraphicsLayer	<EXTERNAL>::ca::ui::CaComUiUserName	d	a	1		undefined SetGraphicsLayer(WeakHandle * param_1)
710002e700	16	In	<EXTERNAL>::ca::ui::CaComUiUserName	d	a	1		undefined In(void)
710002e710	16	PCHeight	<EXTERNAL>::bq::CharacterData	d	a	1		undefined PCHeight(PlayerCharacterID param_1, Vector3f * param_2)
710002e720	16	SetOverlayHold	<EXTERNAL>::actor::ComActorPad	d	a	1		undefined SetOverlayHold(uint param_1)
710002e730	16	GetModel	<EXTERNAL>::actor::ComActor	d	a	1		undefined GetModel(void)
710002e740	16	Out	<EXTERNAL>::ca::ui::CaComUiUserName	d	a	1		undefined Out(void)
710002e750	16	GetRank	mg1401::Mg1401Sequence	d	a	1		undefined GetRank(void)
710002e760	16	Mg1401PlayerManager	mg1401::Mg1401PlayerManager	d	a	1		undefined Mg1401PlayerManager(Mg1401PlayerManager * this)
710002e770	16	Scene	mg1401::Scene	d	a	1		undefined Scene(Scene * this)
710002e780	16	getStaticTypeinfo	<EXTERNAL>::ca::kbm::MinigameScene	d	a	1		undefined getStaticTypeinfo(void)
710002e790	16	getStaticTypeinfo	<EXTERNAL>::bex::SceneParamBase	d	a	1		undefined getStaticTypeinfo(void)
710002e7a0	16	Property	<EXTERNAL>::rtti::Property	d	a	1		undefined Property(Property * this, char * param_1, char * param_2, uint param_3, void * param_4, Value * param_5, uint param_6, uchar param_7)
710002e7b0	16	Property	<EXTERNAL>::rtti::Property	d	a	1		undefined Property(Property * this, char * param_1, char * param_2, uint param_3, void * param_4, Type * param_5, int param_6, int param_7, int param_8)
710002e7c0	16	MinigameScene	<EXTERNAL>::ca::kbm::MinigameScene	d	a	1		undefined MinigameScene(MinigameScene * this)
710002e7d0	16	LoadSceneNonPlayerCharacter	<EXTERNAL>::bq::CharacterDataModule	d	a	1		undefined LoadSceneNonPlayerCharacter(NonPlayerCharacterID param_1, bool param_2, bool param_3)
710002e7e0	16	~MinigameScene	<EXTERNAL>::ca::kbm::MinigameScene	d	a	1		undefined ~MinigameScene(MinigameScene * this)
710002e7f0	16	~Scene	mg1401::Scene	d	a	1		undefined ~Scene(Scene * this)
710002e800	16	Mg1401Sequence	mg1401::Mg1401Sequence	d	a	1		undefined Mg1401Sequence(Mg1401Sequence * this)
710002e810	16	Setup	mg1401::Mg1401Sequence	d	a	1		undefined Setup(Mg1401Sequence * this)
710002e820	16	DoGameInit	mg1401::Mg1401Sequence	d	a	1		undefined8 DoGameInit(undefined1[16] param_1, undefined1[16] param_2, undefined1[16] param_3, undefined1[16] param_4, Mg1401Sequence * this)
710002e830	16	IsSequenceFirst	<EXTERNAL>::ca::kbm::MinigameScene	d	a	1		undefined IsSequenceFirst(void)
710002e840	16	InstInit	mg1401::Mg1401Sequence	d	a	1		undefined InstInit(undefined1[16] param_1, undefined1[16] param_2, undefined1[16] param_3, undefined1[16] param_4)
710002e850	16	DoGameInstInit	mg1401::Mg1401Sequence	d	a	1		undefined8 DoGameInstInit(void)
710002e860	16	StartOpeningDemo	mg1401::Mg1401Sequence	d	a	1		undefined StartOpeningDemo(Mg1401Sequence * this)
710002e870	16	IsSequenceEnd	mg1401::Mg1401Sequence	d	a	1		undefined1 IsSequenceEnd(Mg1401Sequence * this)
710002e880	16	SkipOpeningDemo	mg1401::Mg1401Sequence	d	a	1		undefined SkipOpeningDemo(Mg1401Sequence * this)
710002e890	16	PreStartTelop	mg1401::Mg1401Sequence	d	a	1		undefined PreStartTelop(Mg1401Sequence * this)
710002e8a0	16	StartGame	mg1401::Mg1401Sequence	d	a	1		undefined StartGame(Mg1401Sequence * this)
710002e8b0	16	StartFinish	mg1401::Mg1401Sequence	d	a	1		undefined StartFinish(Mg1401Sequence * this)
710002e8c0	16	TryResultGradeJingle_Start	<EXTERNAL>::ca::kbm	d	a	1		undefined TryResultGradeJingle_Start(void)
710002e8d0	16	StartEndingDemo	mg1401::Mg1401Sequence	d	a	1		undefined StartEndingDemo(Mg1401Sequence * this)
710002e8e0	16	GetPoint	mg1401::Mg1401Sequence	d	a	1		undefined4 GetPoint(Mg1401Sequence * this)
710002e8f0	16	SetMinigameClearScore	<EXTERNAL>::ca::kb::WorkArea	d	a	1		undefined SetMinigameClearScore(int param_1)
710002e900	16	GetRank	<EXTERNAL>::ca::kb::MgRankData	d	a	1		undefined GetRank(int param_1)
710002e910	16	SetMinigameClearGrade	<EXTERNAL>::ca::kb::WorkArea	d	a	1		undefined SetMinigameClearGrade(GameClearGrade param_1, bool param_2)
710002e920	16	GetDbpGameTime	mg1401::Scene	d	a	1		float GetDbpGameTime(Scene * this)
710002e930	16	IsDbpDisableTimeover	mg1401::Scene	d	a	1		bool IsDbpDisableTimeover(Scene * this)
710002e940	16	GetSequence	<EXTERNAL>::bex::GameScene	d	a	1		undefined GetSequence(void)
710002e950	16	GetGfxSceneType	<EXTERNAL>::bex::Scene	d	a	1		undefined GetGfxSceneType(uint param_1)
710002e960	16	GetScene	<EXTERNAL>::bex::gfx::RendererModule	d	a	1		undefined GetScene(SceneType param_1)
710002e970	16	GetGraphicsLayer	<EXTERNAL>::bex::gfx::Scene	d	a	1		undefined GetGraphicsLayer(int param_1)
710002e980	16	~Mg1401Sequence	mg1401::Mg1401Sequence	d	a	1		undefined ~Mg1401Sequence(Mg1401Sequence * this)
710002e990	16	Setup	mg1401::Mg1401Sequence::Impl	d	a	1		undefined Setup(Impl * this)
710002e9a0	16	AddComponent<ca::kb::ui::UiMgResult,bq::MinigameID,(void*)0>	nn::bezel::Entity	d	a	1		WeakHandle AddComponent<ca::kb::ui::UiMgResult,bq::MinigameID,(void*)0>(long * param_1_00, HandlePtr * param_2, undefined4 * param_3)
710002e9b0	16	AddComponent<ca::kb::ui::UiMgScoreRank,bq::MinigameID,(void*)0>	nn::bezel::Entity	d	a	1		WeakHandle AddComponent<ca::kb::ui::UiMgScoreRank,bq::MinigameID,(void*)0>(long * param_1_00, HandlePtr * param_2, undefined4 * param_3)
710002e9c0	16	SetPlace	<EXTERNAL>::ca::kb::ui::UiMgScoreRank	d	a	1		undefined SetPlace(LytPlace param_1)
710002e9d0	16	SetRecord	<EXTERNAL>::ca::kb::ui::UiMgScoreRank	d	a	1		undefined SetRecord(int param_1)
710002e9e0	16	Initialize	mg1401::Mg1401Sequence::Impl	d	a	1		undefined Initialize(undefined1[16] param_1, undefined1[16] param_2, undefined1[16] param_3, undefined1[16] param_4, Impl * this)
710002e9f0	16	ChangeTheme	mg1401::Mg1401Sequence::Impl	d	a	1		undefined ChangeTheme(Impl * this)
710002ea00	16	StartGame	mg1401::Mg1401Sequence::Impl	d	a	1		undefined StartGame(Impl * this)
710002ea10	16	SetScore	<EXTERNAL>::ca::kb::ui::UiMgScoreRank	d	a	1		undefined SetScore(int param_1)
710002ea20	16	In	<EXTERNAL>::ca::kb::ui::UiMgScoreRank	d	a	1		undefined In(void)
710002ea30	16	SetName	<EXTERNAL>::bq::ComUiNameStatus	d	a	1		undefined SetName(PlayerID param_1)
710002ea40	16	In	<EXTERNAL>::bq::ComUiNameStatus	d	a	1		undefined In(void)
710002ea50	16	StartFinish	mg1401::Mg1401Sequence::Impl	d	a	1		undefined StartFinish(Impl * this)
710002ea60	16	Out	<EXTERNAL>::bq::ComUiNameStatus	d	a	1		undefined Out(void)
710002ea70	16	Stop	<EXTERNAL>::bex::Effect	d	a	1		undefined Stop(bool param_1)
710002ea80	16	BroadcastAddPersonalPoint	mg1401::Mg1401Sequence::Impl	d	a	1		undefined BroadcastAddPersonalPoint(undefined8 param_1_00, int param_2)
710002ea90	16	BroadcastPush	mg1401::Mg1401Sequence::Impl	d	a	1		undefined BroadcastPush(float param_1, undefined8 param_2_00, int param_3)
710002eaa0	16	BroadcastStopReel	mg1401::Mg1401Sequence::Impl	d	a	1		undefined BroadcastStopReel(float param_1, undefined8 param_2_00, int param_3, byte param_4)
710002eab0	16	~Impl	mg1401::Mg1401Sequence::Impl	d	a	1		undefined ~Impl(Impl * this)
710002eac0	16	on_ending_demo	mg1401::Mg1401Sequence::Impl	d	a	1		undefined on_ending_demo(Impl * this)
710002ead0	16	on_game	mg1401::Mg1401Sequence::Impl	d	a	1		undefined on_game(undefined1[16] param_1, undefined1[16] param_2, undefined1[16] param_3, undefined1[16] param_4, Impl * this)
710002eae0	16	on_game_change_theme	mg1401::Mg1401Sequence::Impl	d	a	1		undefined8 on_game_change_theme(undefined1[16] param_1, undefined1[16] param_2, undefined1[16] param_3, undefined1[16] param_4, Impl * this)
710002eaf0	16	TryStartWhistle	<EXTERNAL>::bq::MGSound	d	a	1		undefined TryStartWhistle(WHISTLE_TYPE param_1)
710002eb00	16	BroadcastPlayerTimeOut	mg1401::Mg1401Sequence::Impl	d	a	1		undefined BroadcastPlayerTimeOut(undefined8 param_1_00, int param_2, byte param_3)
710002eb10	16	BroadcastRestTime	mg1401::Mg1401Sequence::Impl	d	a	1		undefined BroadcastRestTime(float param_1)
710002eb20	16	SafeLock	nn::bezel::WeakHandle<bex::sound::SoundHandle>	d	a	1		undefined SafeLock(long * param_1, long * param_2)
710002eb30	16	GetComponent<bq::ComUiNameStatus>	nn::bezel::Entity	d	a	1		WeakHandle GetComponent<bq::ComUiNameStatus>(long * param_1, long param_2)
710002eb40	16	_ZNSt3__112basic_stringIcNS_11char_traitsIcEEN3bex10HeapModule16Allocator_stringIcEEEC2B7v160006IDnEEPKc		i	a	1		undefined _ZNSt3__112basic_stringIcNS_11char_traitsIcEEN3bex10HeapModule16Allocator_stringIcEEEC2B7v160006IDnEEPKc(long * param_1, char * param_2)
710002eb50	16	GetAssetPath	mg1401	d	a	1		undefined GetAssetPath(undefined8 * param_1, mg1401 * this)
710002eb60	16	GetEmitter	<EXTERNAL>::bex::Effect	d	a	1		undefined GetEmitter(void)
710002eb70	16	SetLayerVisibilityBit	<EXTERNAL>::nn::bezel::ParticleFx2Emitter	d	a	1		undefined SetLayerVisibilityBit(uint param_1)
710002eb80	16	IsAllAnswered	mg1401::Mg1401Sequence::Impl	d	a	1		bool IsAllAnswered(Impl * this)
710002eb90	16	FailEvent	mg1401::Mg1401Sequence::Impl	d	a	1		undefined FailEvent(Impl * this)
710002eba0	16	BroadcastRestartReel	mg1401::Mg1401Sequence::Impl	d	a	1		undefined BroadcastRestartReel(undefined8 param_1_00, int param_2)
710002ebb0	16	FadeOut	<EXTERNAL>::bq::MgWipeModule	d	a	1		undefined FadeOut(WipeType param_1, float param_2)
710002ebc0	16	IsPlayingFadeAnim	<EXTERNAL>::bq::MgWipeModule	d	a	1		undefined IsPlayingFadeAnim(void)
710002ebd0	16	IsFinishedMgClearGradeSync	<EXTERNAL>::ca::kb::WorkArea	d	a	1		undefined IsFinishedMgClearGradeSync(void)
710002ebe0	16	IsEnd	<EXTERNAL>::ca::kb::ui::UiMgResult	d	a	1		undefined IsEnd(void)
710002ebf0	16	SetScore	<EXTERNAL>::ca::kb::ui::UiMgResult	d	a	1		undefined SetScore(int param_1)
710002ec00	16	SetPosType	<EXTERNAL>::ca::kb::ui::UiMgResult	d	a	1		undefined SetPosType(POS_TYPE param_1)
710002ec10	16	In	<EXTERNAL>::ca::kb::ui::UiMgResult	d	a	1		undefined In(void)
710002ec20	16	IsCalledMinigame	<EXTERNAL>::ca::kb::WorkArea	d	a	1		undefined IsCalledMinigame(void)
710002ec30	16	Out	<EXTERNAL>::ca::kb::ui::UiMgResult	d	a	1		undefined Out(void)
710002ec40	16	FadeIn	<EXTERNAL>::bq::MgWipeModule	d	a	1		undefined FadeIn(WipeType param_1, float param_2)
710002ec50	16	Out	<EXTERNAL>::ca::kb::ui::UiMgScoreRank	d	a	1		undefined Out(void)
710002ec60	16	Reset	<EXTERNAL>::ca::kb::RPCArgumentsSendPack	d	a	1		undefined Reset(uint param_1, ushort param_2)
710002ec70	16	RPCArgSerialize	<EXTERNAL>::ca::kb	d	a	1		undefined RPCArgSerialize(RPCArgumentsSendPack * param_1, int param_2)
710002ec80	16	RPCArgSerialize	<EXTERNAL>::ca::kb	d	a	1		undefined RPCArgSerialize(RPCArgumentsSendPack * param_1, bool param_2)
710002ec90	16	RPCSerializeSend	<EXTERNAL>::ca::kb	d	a	1		undefined RPCSerializeSend(enRPCSendStyle param_1, RPCArgumentsSendPack * param_2)
710002eca0	16	RPCArgSerialize	<EXTERNAL>::ca::kb	d	a	1		undefined RPCArgSerialize(RPCArgumentsSendPack * param_1, float param_2)
710002ecb0	16	Create	<EXTERNAL>::ca::kb::ui::UiMgResult	d	a	1		undefined Create(HandlePtr * param_1, MinigameID param_2)
710002ecc0	16	Create	<EXTERNAL>::ca::kb::ui::UiMgScoreRank	d	a	1		undefined Create(HandlePtr * param_1, MinigameID param_2)
710002ecd0	16	RPCArgDeserialize	<EXTERNAL>::ca::kb	d	a	1		undefined RPCArgDeserialize(RPCArgumentsRecvPack * param_1, int * param_2)
710002ece0	16	RPCArgDeserialize	<EXTERNAL>::ca::kb	d	a	1		undefined RPCArgDeserialize(RPCArgumentsRecvPack * param_1, float * param_2)
710002ecf0	16	BroadcastStopReel	mg1401::Mg1401Sequence::Impl	d	a	1		undefined BroadcastStopReel(Impl * this, RPCArgumentsRecvPack * param_1)
710002ed00	16	RPCArgDeserialize	<EXTERNAL>::ca::kb	d	a	1		undefined RPCArgDeserialize(RPCArgumentsRecvPack * param_1, bool * param_2)
710002ed10	16	BroadcastAddPersonalPoint	mg1401::Mg1401Sequence::Impl	d	a	1		undefined BroadcastAddPersonalPoint(Impl * this, RPCArgumentsRecvPack * param_1)
7100070000	1	NnBezelDetailTickMessageBitFlagSet	ca::ui::CaComUiUserName	a	d	0		undefined NnBezelDetailTickMessageBitFlagSet()
7100071000	1	ProtectRelro	<EXTERNAL>::nn::ro	d	a	1		undefined ProtectRelro(void * param_1, void * param_2, void * param_3, void * param_4, void * param_5)
7100072000	1	end		i	d	0		undefined end()
7100073000	1	__cxa_guard_acquire	<EXTERNAL>	d	d	1		undefined __cxa_guard_acquire()
7100075000	1	__cxa_guard_release	<EXTERNAL>	d	d	1		undefined __cxa_guard_release()
71000cc000	1	operator.new	<EXTERNAL>	d	a	1		void * operator.new(ulong param_1, ulong param_2, HeapID param_3)
71000cd000	1	Fiber	<EXTERNAL>::bex::Fiber	d	a	1		undefined Fiber(Fiber * this, int param_1, bool param_2)
71000ce000	1	memset	<EXTERNAL>	d	i	1		void * memset(void * __s, int __c, size_t __n)
71000cf000	1	AbortImpl	<EXTERNAL>::nn::diag::detail	d	a	1		undefined AbortImpl(void)
71000d0000	1	__cxa_begin_catch	<EXTERNAL>	d	d	1		undefined __cxa_begin_catch()
71000d1000	1	terminate	<EXTERNAL>::std	d	a	1		undefined terminate(void)
71000d2000	1	operator.delete	<EXTERNAL>	d	a	1		void operator.delete(void * param_1)
71000d3000	1	CreateSceneEntity	<EXTERNAL>::bq::SceneBase	d	a	1		undefined CreateSceneEntity(basic_string_view * param_1)
71000d4000	1	GetCamera	<EXTERNAL>::nn::bezel::ComCamera	d	a	1		undefined GetCamera(void)
71000d5000	1	Free	<EXTERNAL>::bex::HeapModule	d	a	1		undefined Free(void * param_1)
71000d6000	1	strlen	<EXTERNAL>	d	i	1		size_t strlen(char * __s)
71000d7000	1	AddAnimation	<EXTERNAL>::actor::ComActorMotion	d	a	1		undefined AddAnimation(StringViewHashPair * param_1, basic_string_view * param_2, bool param_3, AnimatinType param_4, bool param_5, bool param_6)
71000d8000	1	Alloc	<EXTERNAL>::bex::HeapModule	d	a	1		undefined Alloc(HeapID param_1, ulong param_2, int param_3, char * param_4, int param_5, char * param_6, char * param_7)
71000d9000	1	MiniRand	<EXTERNAL>::ca::kb::MiniRand	d	a	1		undefined MiniRand(MiniRand * this)
71000da000	1	SetCamera	<EXTERNAL>::nn::bezel::GraphicsLayer	d	a	1		undefined SetCamera(WeakHandle * param_1)
71000db000	1	Play	<EXTERNAL>::actor::ComActorMotion	d	a	1		undefined Play(StringViewHashPair * param_1)
71000dc000	1	Stop	<EXTERNAL>::actor::ComActorMotion	d	a	1		undefined Stop(void)
71000dd000	1	SetParam	<EXTERNAL>::bq::SplitScreenLayerList	d	a	1		undefined SetParam(SplitScreenParam * param_1, int param_2)
71000de000	1	SetEnabled	<EXTERNAL>::nn::bezel::GraphicsLayer	d	a	1		undefined SetEnabled(bool param_1)
71000e0000	1	GetCurrentGfxSceneType	<EXTERNAL>::bex::Scene	d	a	1		undefined GetCurrentGfxSceneType(void)
71000e1000	1	SetSplitScreen	<EXTERNAL>::bex::sound::SoundModule	d	a	1		undefined SetSplitScreen(SceneType param_1, vector * param_2, vector * param_3, float param_4)
71000e2000	1	Apply	<EXTERNAL>::bq::SplitScreenLayerList	d	a	1		undefined Apply(void)
71000e3000	1	FreeMemory	<EXTERNAL>::bex::sound	d	a	1		undefined FreeMemory(void * param_1)
71000e4000	1	memmove	<EXTERNAL>	d	i	1		void * memmove(void * __dest, void * __src, size_t __n)
71000e5000	1	SplitTo	<EXTERNAL>::bq::SplitScreenLayerList	d	a	1		undefined SplitTo(int param_1, int param_2, int param_3, float param_4)
71000e6000	1	~Fiber	<EXTERNAL>::bex::Fiber	d	a	1		undefined ~Fiber(Fiber * this)
71000e7000	1	getStaticTypeinfo	<EXTERNAL>::bex::Fiber	d	a	1		undefined getStaticTypeinfo(void)
71000e8000	1	Wait	<EXTERNAL>::bex::Fiber	d	a	1		undefined Wait(void)
71000e9000	1	SetViewMatrix	<EXTERNAL>::nn::bezel::Camera	d	a	1		undefined SetViewMatrix(MatrixRowMajor4x3f * param_1)
71000ea000	1	SetProjectionPerspectiveFovy	<EXTERNAL>::nn::bezel::Camera	d	a	1		undefined SetProjectionPerspectiveFovy(float param_1, float param_2, float param_3)
71000eb000	1	SetPosition	<EXTERNAL>::nn::bezel::Camera	d	a	1		undefined SetPosition(Vector3f * param_1)
71000ec000	1	GetFrame	<EXTERNAL>::actor::ComActorMotion	d	a	1		undefined GetFrame(void)
71000ed000	1	Play	<EXTERNAL>::bex::sound::SoundModule	d	a	1		undefined Play(char * param_1, float param_2, char * param_3)
71000ee000	1	_Unwind_Resume	<EXTERNAL>	d	d	1		undefined _Unwind_Resume()
71000ef000	1	__cxa_allocate_exception	<EXTERNAL>	d	d	1		undefined __cxa_allocate_exception()
71000f0000	1	~length_error	<EXTERNAL>::std::length_error	d	a	1		undefined ~length_error(length_error * this)
71000f1000	1	__cxa_throw	<EXTERNAL>	d	d	1		undefined __cxa_throw()
71000f2000	1	__cxa_free_exception	<EXTERNAL>	d	d	1		undefined __cxa_free_exception()
71000f3000	1	logic_error	<EXTERNAL>::std::logic_error	d	a	1		undefined logic_error(logic_error * this, char * param_1)
71000f5000	1	AllocMemory	<EXTERNAL>::bex::sound	d	a	1		undefined AllocMemory(ulong param_1, int param_2, char * param_3, int param_4, char * param_5, char * param_6)
71000f6000	1	_internalCheckComponentValidity	<EXTERNAL>::nn::bezel::Entity	d	a	1		undefined _internalCheckComponentValidity(HandlePtr * param_1)
71000f7000	1	AddComponentImpl	<EXTERNAL>::nn::bezel::Entity	d	a	1		undefined AddComponentImpl(HandlePtr * param_1)
71000f8000	1	Create	<EXTERNAL>::nn::bezel::ComCamera	d	a	1		undefined Create(HandlePtr * param_1)
71000f9000	1	Create	<EXTERNAL>::actor::ComActorMotion	d	a	1		undefined Create(HandlePtr * param_1)
71000fa000	1	ComSplitScreen	<EXTERNAL>::bq::ComSplitScreen	d	a	1		undefined ComSplitScreen(ComSplitScreen * this, HandlePtr * param_1)
71000fb000	1	operator.new	<EXTERNAL>	d	a	1		void * operator.new(ulong param_1)
71000fc000	1	bad_array_new_length	<EXTERNAL>::std::bad_array_new_length	d	a	1		undefined bad_array_new_length(bad_array_new_length * this)
71000fd000	1	~bad_array_new_length	<EXTERNAL>::std::bad_array_new_length	d	a	1		undefined ~bad_array_new_length(bad_array_new_length * this)
71000fe000	1	Rand	<EXTERNAL>::ca::kb::MiniRand	d	a	1		undefined Rand(void)
71000ff000	1	init	<EXTERNAL>::std::ios_base	d	a	1		undefined init(void * param_1)
