addr	size	name	namespace	namesrc	sigsrc	thunk	tags	signature
7100600228	40	FUN_7100600228		d	a	0		bool FUN_7100600228(long param_1)
7100600250	120	FUN_7100600250		d	a	0		undefined FUN_7100600250(undefined8 * param_1, long param_2)
71006002c8	32	Enable	nn::bezel::Collision	a	a	0		undefined Enable(Collision * this)
71006002e8	28	Disable	nn::bezel::Collision	a	a	0		undefined Disable(Collision * this)
7100600304	12	GetPosition	nn::bezel::Collision	a	a	0		undefined GetPosition(Collision * this)
7100600310	12	SetPosition	nn::bezel::Collision	a	a	0		undefined SetPosition(long * param_1)
710060031c	12	GetRotation	nn::bezel::Collision	a	a	0		undefined GetRotation(Collision * this)
7100600328	12	SetRotation	nn::bezel::Collision	a	a	0		undefined SetRotation(long * param_1)
7100600334	12	GetTransform	nn::bezel::Collision	a	a	0		undefined GetTransform(Collision * this)
7100600340	12	FUN_7100600340		d	a	0		undefined FUN_7100600340(long * param_1)
710060034c	12	SetTransform	nn::bezel::Collision	a	a	0	ST_PARTIAL,SYS_COLLISION	undefined SetTransform(long * param_1)
7100600358	12	GetShapeAndTransform	nn::bezel::Collision	a	a	0		undefined GetShapeAndTransform(long * param_1)
7100600364	164	SetCollisionLayer	nn::bezel::Collision	a	a	0		undefined SetCollisionLayer(Collision * this, int param_1)
7100600408	228	FUN_7100600408		d	a	0		undefined FUN_7100600408(long * param_1, uint param_2)
71006004ec	240	SetCollisionFlagsEnabled	nn::bezel::Collision	a	a	0		undefined SetCollisionFlagsEnabled(Collision * this, uint param_1, ulong param_2)
71006005dc	72	FUN_71006005dc		d	a	0		undefined FUN_71006005dc(long param_1)
7100600624	12	FUN_7100600624		d	a	0		undefined FUN_7100600624(long * param_1)
7100600630	12	FUN_7100600630		d	a	0		undefined FUN_7100600630(long * param_1)
710060063c	88	FUN_710060063c		d	a	0		undefined FUN_710060063c(undefined8 * param_1, long * param_2)
7100600694	12	FUN_7100600694		d	a	0		undefined FUN_7100600694(long * param_1)
71006006a0	32	FUN_71006006a0		d	a	0		undefined FUN_71006006a0(long * param_1)
71006006c0	124	SetDynamicFriction	nn::bezel::Collision	a	a	0		undefined SetDynamicFriction(Collision * this)
710060073c	32	FUN_710060073c		d	a	0		undefined FUN_710060073c(long * param_1)
7100600760	124	SetStaticFriction	nn::bezel::Collision	a	a	0		undefined SetStaticFriction(Collision * this)
71006007dc	32	FUN_71006007dc		d	a	0		undefined FUN_71006007dc(long * param_1)
7100600800	124	SetRestitution	nn::bezel::Collision	a	a	0		undefined SetRestitution(Collision * this)
710060087c	32	FUN_710060087c		d	a	0		undefined FUN_710060087c(long * param_1)
71006008a0	108	FUN_71006008a0		d	a	0		undefined FUN_71006008a0(long * param_1)
710060090c	32	FUN_710060090c		d	a	0		undefined FUN_710060090c(long * param_1)
7100600930	108	FUN_7100600930		d	a	0		undefined FUN_7100600930(long * param_1)
710060099c	32	GetCollisionLabel	nn::bezel::Collision	a	a	0		undefined4 GetCollisionLabel(Collision * this)
71006009c0	108	FUN_71006009c0		d	a	0		undefined FUN_71006009c0(long * param_1, undefined4 param_2)
7100600a2c	32	FUN_7100600a2c		d	a	0		undefined4 FUN_7100600a2c(long * param_1)
7100600a50	108	FUN_7100600a50		d	a	0		undefined FUN_7100600a50(long * param_1, undefined4 param_2)
7100600abc	28	FUN_7100600abc		d	a	0		int FUN_7100600abc(long param_1)
7100600ad8	32	FUN_7100600ad8		d	a	0		undefined FUN_7100600ad8(undefined8 * param_1, long param_2, int param_3)
7100600af8	164	Connect	nn::bezel::Collision	a	a	0		undefined Connect(Collision * this, undefined8 * param_1)
7100600b9c	160	FUN_7100600b9c		d	a	0		undefined FUN_7100600b9c(long param_1)
7100600c3c	168	FUN_7100600c3c		d	a	0		undefined FUN_7100600c3c(long param_1, undefined8 * param_2)
7100600ce4	160	FUN_7100600ce4		d	a	0		undefined FUN_7100600ce4(long param_1)
7100600d84	84	GetName	nn::bezel::Collision	a	a	0		undefined1[16] GetName(Collision * this)
7100600dd8	16	SetName	nn::bezel::Collision	a	a	0		undefined SetName(long param_1)
7100600de8	144	FUN_7100600de8		d	a	0		undefined FUN_7100600de8(long param_1)
7100600e78	120	FUN_7100600e78		d	a	0		undefined FUN_7100600e78(undefined4 * param_1, long param_2)
7100600ef0	16	FUN_7100600ef0		d	a	0		undefined FUN_7100600ef0(long param_1)
7100600f00	128	FUN_7100600f00		d	a	0		undefined FUN_7100600f00(long param_1)
7100600f80	308	FUN_7100600f80		d	a	0		undefined FUN_7100600f80(undefined4 * param_1, long param_2)
71006010b4	76	FUN_71006010b4		d	a	0		undefined1[16] FUN_71006010b4(long param_1)
7100601100	112	FUN_7100601100		d	a	0		undefined FUN_7100601100(long param_1, undefined8 * param_2)
7100601170	52	FUN_7100601170		d	a	0		undefined1[16] FUN_7100601170(long param_1)
71006011a4	96	FUN_71006011a4		d	a	0		undefined FUN_71006011a4(long param_1, undefined1[16] * param_2)
7100601204	228	FUN_7100601204		d	a	0		undefined1[16] FUN_7100601204(long param_1)
71006012e8	68	FUN_71006012e8		d	a	0		undefined FUN_71006012e8(long param_1, float * param_2)
710060132c	596	FUN_710060132c		d	a	0		undefined FUN_710060132c(float * param_1, float * param_2)
7100601580	80	FUN_7100601580		d	d	0	ST_PARTIAL,SYS_COLLISION	undefined FUN_7100601580()
71006015e0	208	FUN_71006015e0		d	a	0		undefined FUN_71006015e0(long * param_1, undefined4 * param_2)
71006016b0	284	FUN_71006016b0		d	a	0		undefined FUN_71006016b0(long param_1, undefined8 * param_2)
71006017d0	264	FUN_71006017d0		d	a	0		undefined FUN_71006017d0(long param_1, long param_2)
71006018f0	284	FUN_71006018f0		d	a	0		undefined FUN_71006018f0(long * param_1)
7100601a10	272	~CollisionMesh	nn::bezel::detail::CollisionMesh	a	a	0		undefined ~CollisionMesh(CollisionMesh * this)
7100601b20	36	FUN_7100601b20		d	a	0		undefined FUN_7100601b20(CollisionMesh * param_1)
7100601b50	1272	FUN_7100601b50		d	a	0		undefined8 FUN_7100601b50(long param_1, undefined8 * param_2, long * param_3, undefined8 param_4, undefined4 * param_5)
7100602144	36	FUN_7100602144		d	a	0		undefined1[16] FUN_7100602144(long param_1)
7100602178	12	FUN_7100602178		d	a	0		undefined1 FUN_7100602178(long param_1)
7100602190	12	FUN_7100602190		d	a	0		undefined4 FUN_7100602190(long param_1)
71006021a8	12	FUN_71006021a8		d	a	0		undefined4 FUN_71006021a8(long param_1)
71006021c0	12	FUN_71006021c0		d	a	0		undefined4 FUN_71006021c0(long param_1)
71006021d8	12	FUN_71006021d8		d	a	0		undefined1 FUN_71006021d8(long param_1)
71006021f0	12	FUN_71006021f0		d	a	0		long FUN_71006021f0(long param_1)
710060222c	80	FUN_710060222c		d	a	0		undefined FUN_710060222c(long * param_1)
710060227c	112	FUN_710060227c		d	a	0		undefined FUN_710060227c(long * param_1)
71006022ec	36	FUN_71006022ec		d	a	0		undefined FUN_71006022ec(long * param_1)
7100602310	64	FUN_7100602310		d	a	0		undefined FUN_7100602310(long * param_1)
7100602454	52	FUN_7100602454		d	a	0		undefined FUN_7100602454(long * param_1)
7100602490	256	FUN_7100602490		d	a	0		undefined FUN_7100602490(long * param_1)
7100602590	36	FUN_7100602590		d	a	0		undefined FUN_7100602590(long * param_1)
71006025b4	8	FUN_71006025b4		d	a	0		undefined8 FUN_71006025b4(long param_1)
71006025bc	92	FUN_71006025bc		d	a	0		undefined FUN_71006025bc(long param_1, long * param_2, undefined8 param_3, undefined8 param_4, undefined8 param_5, undefined8 param_6, undefined8 param_7, undefined8 param_8)
710060262c	104	CollisionShape	nn::bezel::CollisionShape	a	a	0		undefined CollisionShape(CollisionShape * this)
7100602694	96	~CollisionShape	nn::bezel::CollisionShape	a	a	0		undefined ~CollisionShape(CollisionShape * this)
71006026f4	36	FUN_71006026f4		d	a	0		undefined FUN_71006026f4(CollisionShape * param_1)
7100602718	116	CollisionShape	nn::bezel::CollisionShape	a	a	0		undefined CollisionShape(CollisionShape * this, undefined4 param_1)
710060278c	928	FUN_710060278c		d	a	0		undefined FUN_710060278c(long param_1, undefined4 param_2)
7100602b2c	216	CreateSphere	nn::bezel::CollisionShape	a	a	0		undefined CreateSphere(CollisionShape * param_1_00, undefined4 param_2)
7100602c04	208	SetSphere	nn::bezel::CollisionShape	a	a	0		undefined SetSphere(undefined4 param_1, CollisionShape * this)
7100602cd4	188	FUN_7100602cd4		d	a	0		undefined FUN_7100602cd4(CollisionShape * param_1)
7100602d90	180	FUN_7100602d90		d	a	0		undefined FUN_7100602d90(long param_1)
7100602e44	140	CreateCapsule	nn::bezel::CollisionShape	a	a	0	ST_PARTIAL,SYS_COLLISION	undefined CreateCapsule(CollisionShape * param_1_00, undefined4 param_2, undefined4 param_3)
7100602ed0	136	SetCapsule	nn::bezel::CollisionShape	a	a	0	ST_PARTIAL,SYS_COLLISION	undefined SetCapsule(undefined4 param_1, undefined4 param_2, CollisionShape * this)
7100602f58	152	CreateBox	nn::bezel::CollisionShape	a	a	0	ST_PARTIAL,SYS_COLLISION	undefined CreateBox(CollisionShape * param_1, CollisionShape * this)
7100602ff0	160	SetBox	nn::bezel::CollisionShape	a	a	0		undefined SetBox(CollisionShape * this, undefined8 * param_1)
7100603090	140	CreateComplex	nn::bezel::CollisionShape	a	a	0		undefined CreateComplex(CollisionShape * param_1)
710060311c	132	SetComplex	nn::bezel::CollisionShape	a	a	0		undefined SetComplex(CollisionShape * this)
71006031a0	192	SetRuntimeConvexMesh	nn::bezel::CollisionShape	a	a	0		undefined SetRuntimeConvexMesh(CollisionShape * this, undefined8 * param_1)
7100603260	8	GetType	nn::bezel::CollisionShape	a	a	0		CollisionShape GetType(CollisionShape * this)
7100603268	12	FUN_7100603268		d	a	0		undefined1[16] FUN_7100603268(long param_1)
7100603274	52	FUN_7100603274		d	a	0		undefined FUN_7100603274(long param_1, undefined8 * param_2)
71006032a8	28	FUN_71006032a8		d	a	0		undefined FUN_71006032a8(long param_1, undefined8 * param_2, float * param_3)
71006032c4	20	SetLocalTranslation	nn::bezel::CollisionShape	a	a	0		undefined SetLocalTranslation(CollisionShape * this, undefined8 * param_1)
71006032d8	8	SetLocalRotation	nn::bezel::CollisionShape	a	a	0		undefined SetLocalRotation(long param_1, float * param_2)
71006032e0	548	SetLocalTransform	nn::bezel::CollisionShape	a	a	0		undefined SetLocalTransform(CollisionShape * this, float * param_1)
7100603504	8	GetLocalTranslation	nn::bezel::CollisionShape	a	a	0		undefined1[16] GetLocalTranslation(CollisionShape * this)
710060350c	8	GetLocalRotation	nn::bezel::CollisionShape	a	a	0		undefined1[16] GetLocalRotation(CollisionShape * this)
7100603514	32	GetSphereRadius	nn::bezel::CollisionShape	a	a	0		undefined4 GetSphereRadius(CollisionShape * this)
7100603534	32	SetSphereRadius	nn::bezel::CollisionShape	a	a	0		undefined SetSphereRadius(undefined4 param_1, CollisionShape * this)
7100603554	36	GetCapsuleRadius	nn::bezel::CollisionShape	a	a	0	ST_ANALYZED,SYS_COLLISION	undefined4 GetCapsuleRadius(CollisionShape * this)
7100603578	36	FUN_7100603578		d	a	0		undefined FUN_7100603578(undefined4 param_1, long param_2)
710060359c	36	GetCapsuleHalfHeight	nn::bezel::CollisionShape	a	a	0	ST_ANALYZED,SYS_COLLISION	undefined4 GetCapsuleHalfHeight(CollisionShape * this)
71006035c0	36	FUN_71006035c0		d	a	0		undefined FUN_71006035c0(undefined4 param_1, long param_2)
71006035e4	36	GetBoxHalfExtents	nn::bezel::CollisionShape	a	a	0	ST_PARTIAL,SYS_COLLISION	undefined1[16] GetBoxHalfExtents(CollisionShape * this)
7100603608	48	FUN_7100603608		d	a	0		undefined FUN_7100603608(long param_1, undefined8 * param_2)
7100603638	56	FUN_7100603638		d	a	0		int FUN_7100603638(long param_1)
7100603670	44	FUN_7100603670		d	a	0		long FUN_7100603670(long param_1, int param_2)
71006036a0	364	AddComplexChild	nn::bezel::CollisionShape	a	a	0		undefined AddComplexChild(CollisionShape * this, long param_1)
7100603810	412	AddComplexChild	nn::bezel::CollisionShape	a	a	0		undefined AddComplexChild(CollisionShape * this, long param_1, long * param_2)
71006039b0	104	FUN_71006039b0		d	a	0		undefined FUN_71006039b0(long param_1)
7100603a18	80	FUN_7100603a18		d	a	0		undefined FUN_7100603a18(long param_1, float * param_2)
7100603a70	1832	FUN_7100603a70		d	a	0		undefined1[16] FUN_7100603a70(long param_1, float * param_2)
7100604198	20	FUN_7100604198		d	a	0		undefined FUN_7100604198(float param_1, long param_2)
71006041b0	464	FUN_71006041b0		d	a	0		undefined FUN_71006041b0(float param_1, long param_2)
7100604380	268	FUN_7100604380		d	a	0		undefined FUN_7100604380(long param_1)
710060448c	348	CastRay	nn::bezel::CollisionShape	a	a	0		undefined4 CastRay(undefined4 param_1, undefined8 param_2, int param_3, long param_4, undefined8 * param_5, undefined8 * param_6, undefined8 * param_7, undefined8 * param_8)
71006045f0	2472	FUN_71006045f0		d	a	0	ST_PARTIAL,SYS_COLLISION	undefined8 FUN_71006045f0(long param_1, undefined8 * param_2, long * param_3, undefined8 * param_4)
7100604f98	608	CastShape	nn::bezel::CollisionShape	a	a	0		bool CastShape(undefined4 param_1, undefined8 * param_2, long param_3, undefined8 * param_4, long param_5, undefined8 * param_6, undefined8 * param_7, undefined8 * param_8, undefined8 * param_9)
71006051f8	180	FUN_71006051f8		d	a	0	ST_PARTIAL,SYS_COLLISION	undefined FUN_71006051f8(long param_1, undefined8 param_2, undefined8 param_3, undefined8 * param_4)
71006052ac	204	Overlap	nn::bezel::CollisionShape	a	a	0		undefined1 Overlap(long param_1, undefined8 * param_2, undefined8 * param_3, undefined8 param_4, undefined8 param_5, undefined8 param_6)
7100605378	360	ComputePenetration	nn::bezel::CollisionShape	a	a	0	ST_PARTIAL,SYS_COLLISION	bool ComputePenetration(undefined8 * param_1, undefined4 * param_2, long param_3, undefined8 * param_4, undefined8 * param_5, undefined8 param_6, undefined8 param_7, undefined8 param_8)
71006054e0	284	FUN_71006054e0		d	a	0		undefined FUN_71006054e0(undefined8 * param_1, undefined8 * param_2, long param_3, undefined8 * param_4, undefined8 * param_5)
7100605600	140	FUN_7100605600		d	a	0		undefined FUN_7100605600(long * param_1, undefined8 * param_2)
7100605690	376	FUN_7100605690		d	a	0		undefined FUN_7100605690(undefined4 param_1, undefined4 param_2, long param_3, long * param_4, undefined8 param_5, undefined1 param_6, undefined8 param_7)
7100605808	232	FUN_7100605808		d	a	0		undefined FUN_7100605808(long param_1, long * param_2)
71006058f0	244	FUN_71006058f0		d	a	0		undefined FUN_71006058f0(long param_1, long * param_2, undefined8 param_3)
71006059e4	180	FUN_71006059e4		d	a	0		undefined FUN_71006059e4(long param_1, undefined8 * param_2, undefined8 param_3)
7100605a98	8	FUN_7100605a98		d	a	0		undefined1 FUN_7100605a98(long param_1)
7100605aa0	28	FUN_7100605aa0		d	a	0		undefined FUN_7100605aa0(long param_1, uint param_2)
7100605abc	24	FUN_7100605abc		d	a	0		undefined4 FUN_7100605abc(long param_1)
7100605ad4	28	FUN_7100605ad4		d	a	0		undefined FUN_7100605ad4(float param_1, long param_2)
7100605af0	24	FUN_7100605af0		d	a	0		undefined4 FUN_7100605af0(long param_1)
7100605b08	28	FUN_7100605b08		d	a	0		undefined FUN_7100605b08(float param_1, long param_2)
7100605b24	24	FUN_7100605b24		d	a	0		undefined4 FUN_7100605b24(long param_1)
7100605b3c	28	FUN_7100605b3c		d	a	0		undefined FUN_7100605b3c(float param_1, long param_2)
7100605b58	32	FUN_7100605b58		d	a	0		undefined1[16] FUN_7100605b58(long param_1)
7100605b78	36	FUN_7100605b78		d	a	0		undefined FUN_7100605b78(long param_1, undefined1[16] * param_2)
7100605b9c	160	FUN_7100605b9c		d	a	0		undefined * FUN_7100605b9c(long param_1)
7100605c40	328	FUN_7100605c40		d	a	0		undefined FUN_7100605c40(long param_1, long param_2)
7100605d90	204	FUN_7100605d90		d	a	0		undefined FUN_7100605d90(undefined8 param_1, long param_2, undefined8 * param_3)
7100605e5c	156	FUN_7100605e5c		d	a	0		undefined FUN_7100605e5c(undefined8 * param_1, long * param_2)
7100605f00	492	FUN_7100605f00		d	a	0		undefined FUN_7100605f00(CollisionShape * param_1, long * param_2, char * param_3)
71006060ec	12	FUN_71006060ec		d	a	0		undefined FUN_71006060ec(undefined8 * param_1)
7100606100	120	~Complex	nn::bezel::CollisionShape::Complex	a	a	0		undefined ~Complex(Complex * this)
7100606180	268	FUN_7100606180		d	a	0		undefined FUN_7100606180(long * param_1, long * param_2)
7100606290	464	FUN_7100606290		d	a	0		undefined FUN_7100606290(long * param_1, long param_2, undefined8 param_3)
7100606480	12	FUN_7100606480		d	a	0		undefined * FUN_7100606480(void)
71006064d0	568	FUN_71006064d0		d	a	0		undefined FUN_71006064d0(long * param_1, long param_2)
7100606710	400	FUN_7100606710		d	a	0		undefined FUN_7100606710(long * param_1, undefined8 * param_2)
71006068a0	4	FUN_71006068a0		d	a	0		undefined FUN_71006068a0(void)
71006068a4	120	FUN_71006068a4		d	a	0		undefined FUN_71006068a4(undefined8 * param_1, ulong param_2, ulong param_3, long param_4)
710060691c	120	FUN_710060691c		d	a	0		undefined FUN_710060691c(undefined8 * param_1, ulong param_2, ulong param_3, long param_4)
7100606ad0	4	FUN_7100606ad0		d	a	0		undefined FUN_7100606ad0(void)
7100606ad4	120	FUN_7100606ad4		d	a	0		undefined FUN_7100606ad4(undefined8 * param_1, ulong param_2, ulong param_3, long param_4)
7100606b4c	120	FUN_7100606b4c		d	a	0		undefined FUN_7100606b4c(undefined8 * param_1, ulong param_2, ulong param_3, long param_4)
7100606bc4	292	FUN_7100606bc4		d	a	0		undefined8 FUN_7100606bc4(long param_1, int * param_2, undefined8 param_3, undefined8 param_4, undefined8 * param_5)
7100606cec	4	FUN_7100606cec		d	a	0		undefined FUN_7100606cec(void)
7100606cf0	104	FUN_7100606cf0		d	a	0		undefined FUN_7100606cf0(undefined8 * param_1, ulong param_2, ulong param_3, long param_4)
7100606d58	104	FUN_7100606d58		d	a	0		undefined FUN_7100606d58(undefined8 * param_1, ulong param_2, ulong param_3, long param_4)
7100606dc0	244	FUN_7100606dc0		d	a	0		ulong FUN_7100606dc0(long param_1, undefined8 param_2, undefined8 param_3, undefined8 param_4, undefined8 * param_5)
7100606eb8	4	FUN_7100606eb8		d	a	0		undefined FUN_7100606eb8(void)
7100606ebc	100	FUN_7100606ebc		d	a	0		undefined FUN_7100606ebc(long * param_1, ulong param_2, ulong param_3, long param_4)
7100606f20	100	FUN_7100606f20		d	a	0		undefined FUN_7100606f20(long * param_1, ulong param_2, ulong param_3, long param_4)
7100606f84	116	FUN_7100606f84		d	a	0		undefined8 FUN_7100606f84(long param_1, int * param_2, undefined8 param_3, undefined8 param_4, undefined8 * param_5)
7100606ffc	4	FUN_7100606ffc		d	a	0		undefined FUN_7100606ffc(void)
7100607000	112	FUN_7100607000		d	a	0		undefined FUN_7100607000(undefined8 * param_1, ulong param_2, ulong param_3, long param_4)
7100607070	112	FUN_7100607070		d	a	0		undefined FUN_7100607070(undefined8 * param_1, ulong param_2, ulong param_3, long param_4)
71006070e4	252	FUN_71006070e4		d	a	0	ST_PARTIAL,SYS_COLLISION	ulong FUN_71006070e4(long param_1, undefined8 param_2, undefined8 param_3, undefined8 param_4, undefined8 * param_5)
71006071e4	4	FUN_71006071e4		d	a	0		undefined FUN_71006071e4(void)
71006071e8	112	FUN_71006071e8		d	a	0		undefined FUN_71006071e8(undefined8 * param_1, ulong param_2, ulong param_3, long param_4)
7100607258	112	FUN_7100607258		d	a	0		undefined FUN_7100607258(undefined8 * param_1, ulong param_2, ulong param_3, long param_4)
71006072c8	168	FUN_71006072c8		d	a	0	ST_PARTIAL,SYS_COLLISION	undefined8 FUN_71006072c8(long param_1, int * param_2, undefined8 param_3, undefined8 param_4, undefined8 * param_5)
7100607374	4	FUN_7100607374		d	a	0		undefined FUN_7100607374(void)
7100607378	100	FUN_7100607378		d	a	0		undefined FUN_7100607378(long * param_1, ulong param_2, ulong param_3, long param_4)
71006073dc	100	FUN_71006073dc		d	a	0		undefined FUN_71006073dc(long * param_1, ulong param_2, ulong param_3, long param_4)
7100607440	164	FUN_7100607440		d	a	0		undefined8 FUN_7100607440(long param_1, undefined4 * param_2, undefined8 param_3, undefined8 param_4, undefined8 * param_5)
71006074e8	532	FUN_71006074e8		d	a	0		undefined FUN_71006074e8(undefined8 * param_1, long * param_2)
71006076fc	4	FUN_71006076fc		d	a	0		undefined FUN_71006076fc(void)
7100607700	120	FUN_7100607700		d	a	0		undefined FUN_7100607700(undefined8 * param_1, ulong param_2, ulong param_3, long param_4)
7100607778	120	FUN_7100607778		d	a	0		undefined FUN_7100607778(undefined8 * param_1, ulong param_2, ulong param_3, long param_4)
71006077f0	228	FUN_71006077f0		d	a	0		undefined8 FUN_71006077f0(long param_1)
71006078d8	4	FUN_71006078d8		d	a	0		undefined FUN_71006078d8(void)
71006078dc	92	FUN_71006078dc		d	a	0		undefined FUN_71006078dc(undefined8 * param_1, ulong param_2, ulong param_3, long param_4)
7100607938	92	FUN_7100607938		d	a	0		undefined FUN_7100607938(undefined8 * param_1, ulong param_2, ulong param_3, long param_4)
7100607c8c	4	FUN_7100607c8c		d	a	0		undefined FUN_7100607c8c(void)
7100607c90	96	FUN_7100607c90		d	a	0		undefined FUN_7100607c90(long * param_1, ulong param_2, ulong param_3, long param_4)
7100607cf0	96	FUN_7100607cf0		d	a	0		undefined FUN_7100607cf0(long * param_1, ulong param_2, ulong param_3, long param_4)
7100607d50	212	FUN_7100607d50		d	a	0		undefined4 FUN_7100607d50(long param_1, int * param_2, undefined8 param_3, undefined8 param_4, undefined8 * param_5)
7100607e28	4	FUN_7100607e28		d	a	0		undefined FUN_7100607e28(void)
7100607e2c	96	FUN_7100607e2c		d	a	0		undefined FUN_7100607e2c(long * param_1, ulong param_2, ulong param_3, long param_4)
7100607e8c	96	FUN_7100607e8c		d	a	0		undefined FUN_7100607e8c(long * param_1, ulong param_2, ulong param_3, long param_4)
7100607eec	176	FUN_7100607eec		d	a	0		undefined4 FUN_7100607eec(long param_1, int * param_2, undefined8 param_3, undefined4 param_4)
7100607fa0	4	FUN_7100607fa0		d	a	0		undefined FUN_7100607fa0(void)
7100607fa4	100	FUN_7100607fa4		d	a	0		undefined FUN_7100607fa4(long * param_1, ulong param_2, ulong param_3, long param_4)
7100608008	100	FUN_7100608008		d	a	0		undefined FUN_7100608008(long * param_1, ulong param_2, ulong param_3, long param_4)
710060806c	476	FUN_710060806c		d	a	0		undefined8 FUN_710060806c(long param_1, uint * param_2, undefined8 param_3, undefined8 param_4, undefined8 * param_5)
710060824c	144	FUN_710060824c		d	a	0		undefined FUN_710060824c(long * param_1, long * param_2, long * param_3)
71006082e0	336	FUN_71006082e0		d	a	0	ST_PARTIAL,SYS_COLLISION	undefined FUN_71006082e0(long * param_1)
7100608440	8	FUN_7100608440		d	a	0		undefined FUN_7100608440(undefined8 * param_1, long param_2)
7100608448	8	IsEnabled	nn::bezel::ComCollision	a	a	0		ComCollision IsEnabled(ComCollision * this)
7100608450	120	SetEnabled	nn::bezel::ComCollision	a	a	0		undefined SetEnabled(ComCollision * this, ComCollision param_2)
71006084c8	12	Teleport	nn::bezel::ComCollision	a	a	0		undefined Teleport(ComCollision * this)
71006084d4	8	GetShapeAndTransform	nn::bezel::ComCollision	a	a	0		undefined GetShapeAndTransform(long param_1)
71006084dc	12	GetCollisionLayer	nn::bezel::ComCollision	a	a	0		undefined4 GetCollisionLayer(ComCollision * this)
71006084e8	8	SetCollisionLayer	nn::bezel::ComCollision	a	a	0		undefined SetCollisionLayer(ComCollision * this, int param_1)
71006084f0	12	FUN_71006084f0		d	a	0		undefined4 FUN_71006084f0(long param_1)
71006084fc	8	SetCollisionFlags	nn::bezel::ComCollision	a	a	0		undefined SetCollisionFlags(long param_1, uint param_2)
7100608504	8	SetCollisionFlagsEnabled	nn::bezel::ComCollision	a	a	0		undefined SetCollisionFlagsEnabled(ComCollision * this, uint param_1, ulong param_2)
710060850c	8	FUN_710060850c		d	a	0		undefined FUN_710060850c(long param_1)
7100608514	8	FUN_7100608514		d	a	0		undefined FUN_7100608514(long param_1)
710060851c	8	FUN_710060851c		d	a	0		undefined FUN_710060851c(undefined8 * param_1, long param_2)
7100608524	8	FUN_7100608524		d	a	0		undefined FUN_7100608524(long param_1)
710060852c	8	SetDynamicFriction	nn::bezel::ComCollision	a	a	0		undefined SetDynamicFriction(ComCollision * this)
7100608534	8	FUN_7100608534		d	a	0		undefined FUN_7100608534(long param_1)
710060853c	8	SetStaticFriction	nn::bezel::ComCollision	a	a	0		undefined SetStaticFriction(ComCollision * this)
7100608544	8	FUN_7100608544		d	a	0		undefined FUN_7100608544(long param_1)
710060854c	8	SetRestitution	nn::bezel::ComCollision	a	a	0		undefined SetRestitution(ComCollision * this)
7100608554	8	FUN_7100608554		d	a	0		undefined FUN_7100608554(long param_1)
710060855c	8	FUN_710060855c		d	a	0		undefined FUN_710060855c(long param_1)
7100608564	8	FUN_7100608564		d	a	0		undefined FUN_7100608564(long param_1)
710060856c	8	FUN_710060856c		d	a	0		undefined FUN_710060856c(long param_1)
7100608574	8	FUN_7100608574		d	a	0		undefined4 FUN_7100608574(long param_1)
710060857c	8	SetCollisionLabel	nn::bezel::ComCollision	a	a	0		undefined SetCollisionLabel(long param_1, undefined4 param_2)
7100608584	8	GetPhysicsAttribute	nn::bezel::ComCollision	a	a	0		undefined4 GetPhysicsAttribute(ComCollision * this)
710060858c	8	SetPhysicsAttribute	nn::bezel::ComCollision	a	a	0		undefined SetPhysicsAttribute(long param_1, undefined4 param_2)
7100608594	8	FUN_7100608594		d	a	0		int FUN_7100608594(long param_1)
710060859c	8	FUN_710060859c		d	a	0		undefined FUN_710060859c(undefined8 * param_1, long param_2, int param_3)
71006085a4	28	FUN_71006085a4		d	a	0		undefined FUN_71006085a4(undefined8 * param_1, long param_2)
71006085c0	28	GetCollision	nn::bezel::ComCollision	a	a	0		undefined GetCollision(undefined8 * param_1, long param_2)
71006085dc	48	FUN_71006085dc		d	a	0	ST_PARTIAL,SYS_COLLISION	undefined FUN_71006085dc(long * param_1)
7100608610	296	FUN_7100608610		d	a	0		undefined FUN_7100608610(undefined8 * param_1, long param_2, undefined8 param_3, long param_4)
710060888c	408	FUN_710060888c		d	a	0	ST_PARTIAL,SYS_COLLISION	undefined FUN_710060888c(undefined4 * param_1, long * param_2, long param_3)
7100608a2c	64	FUN_7100608a2c		d	a	0		undefined FUN_7100608a2c(long * param_1)
7100608ab0	12	FUN_7100608ab0		d	a	0		undefined FUN_7100608ab0(void)
7100608b18	404	Create	nn::bezel::ComRigidBody	a	a	0	ST_PARTIAL,SYS_COLLISION	undefined Create(long * param_1_00, ComRigidBody * this, long * param_3)
7100608cac	580	Create	nn::bezel::ComRigidBody	a	a	0	ST_PARTIAL,SYS_COLLISION	undefined Create(long * param_1_00, ComRigidBody * this, long param_3)
7100608ef0	744	FUN_7100608ef0		d	a	0		undefined FUN_7100608ef0(long * param_1, long * param_2, long param_3)
71006091e0	428	FUN_71006091e0		d	a	0		undefined1[16] FUN_71006091e0(long param_1, byte * param_2, ulong param_3, undefined8 * param_4)
710060938c	120	FUN_710060938c		d	a	0	ST_PARTIAL,SYS_COLLISION	undefined FUN_710060938c(long * param_1, long * param_2, long * param_3, undefined1 param_4)
7100609404	20	FUN_7100609404		d	a	0	ST_PARTIAL,SYS_COLLISION	undefined FUN_7100609404(long * param_1)
7100609420	36	FUN_7100609420		d	a	0		undefined FUN_7100609420(long * param_1)
7100609444	40	FUN_7100609444		d	a	0		undefined FUN_7100609444(long param_1)
710060946c	44	FUN_710060946c		d	a	0		undefined FUN_710060946c(long param_1)
7100609498	8	FUN_7100609498		d	a	0		undefined1 FUN_7100609498(long param_1)
71006094a0	84	SetSyncScaleEnabled	nn::bezel::ComRigidBody	a	a	0	ST_PARTIAL,SYS_COLLISION	undefined SetSyncScaleEnabled(ComRigidBody * this, byte param_1)
71006094f4	8	GetShape	nn::bezel::ComRigidBody	a	a	0		undefined GetShape(ComRigidBody * this)
71006094fc	8	FUN_71006094fc		d	a	0		undefined FUN_71006094fc(long param_1)
7100609504	8	FUN_7100609504		d	a	0		undefined FUN_7100609504(long param_1, long param_2)
710060950c	8	SetShape	nn::bezel::ComRigidBody	a	a	0		undefined SetShape(long param_1, long param_2)
7100609514	8	FUN_7100609514		d	a	0		undefined FUN_7100609514(long param_1)
710060951c	8	FUN_710060951c		d	a	0		undefined FUN_710060951c(long param_1)
7100609524	8	FUN_7100609524		d	a	0		undefined FUN_7100609524(undefined4 param_1, long param_2)
710060952c	8	FUN_710060952c		d	a	0		undefined FUN_710060952c(long param_1)
7100609534	8	FUN_7100609534		d	a	0		undefined FUN_7100609534(undefined4 param_1, long param_2)
710060953c	36	FUN_710060953c		d	a	0		undefined4 FUN_710060953c(long param_1)
7100609560	8	SetMotionType	nn::bezel::ComRigidBody	a	a	0		undefined SetMotionType(long param_1, int param_2)
7100609568	12	FUN_7100609568		d	a	0		undefined1 FUN_7100609568(long param_1)
7100609574	28	IsKinematic	nn::bezel::ComRigidBody	a	a	0		bool IsKinematic(ComRigidBody * this)
7100609590	28	FUN_7100609590		d	a	0		bool FUN_7100609590(long param_1)
71006095ac	20	FUN_71006095ac		d	a	0		bool FUN_71006095ac(long param_1)
71006095c0	8	FUN_71006095c0		d	a	0		bool FUN_71006095c0(long param_1)
71006095c8	8	GetMass	nn::bezel::ComRigidBody	a	a	0		undefined GetMass(ComRigidBody * this)
71006095d0	8	SetMass	nn::bezel::ComRigidBody	a	a	0		uint SetMass(float param_1, long param_2)
71006095d8	8	FUN_71006095d8		d	a	0		undefined FUN_71006095d8(long param_1)
71006095e0	8	SetDensity	nn::bezel::ComRigidBody	a	a	0		uint SetDensity(float param_1, ComRigidBody * this)
71006095e8	8	GetLinearVelocity	nn::bezel::ComRigidBody	a	a	0		undefined GetLinearVelocity(ComRigidBody * this)
71006095f0	8	FUN_71006095f0		d	a	0		undefined FUN_71006095f0(long param_1, undefined8 * param_2)
71006095f8	8	SetLinearVelocity	nn::bezel::ComRigidBody	a	a	0		undefined SetLinearVelocity(ComRigidBody * this, undefined8 * param_1)
7100609600	8	GetAngularVelocity	nn::bezel::ComRigidBody	a	a	0		undefined GetAngularVelocity(ComRigidBody * this)
7100609608	8	SetAngularVelocity	nn::bezel::ComRigidBody	a	a	0		undefined SetAngularVelocity(ComRigidBody * this, undefined8 * param_1)
7100609610	8	FUN_7100609610		d	a	0		undefined FUN_7100609610(long param_1)
7100609618	8	FUN_7100609618		d	a	0		undefined FUN_7100609618(long param_1)
7100609620	8	FUN_7100609620		d	a	0		undefined FUN_7100609620(long param_1)
7100609628	8	SetLinearDamping	nn::bezel::ComRigidBody	a	a	0		undefined SetLinearDamping(long param_1)
7100609630	8	FUN_7100609630		d	a	0		undefined FUN_7100609630(long param_1)
7100609638	8	SetAngularDamping	nn::bezel::ComRigidBody	a	a	0		undefined SetAngularDamping(long param_1)
7100609640	12	FUN_7100609640		d	a	0		undefined4 FUN_7100609640(long param_1)
710060964c	8	SetCollisionDetectionMode	nn::bezel::ComRigidBody	a	a	0		undefined SetCollisionDetectionMode(long param_1, int param_2)
7100609654	8	IsGravityEnabled	nn::bezel::ComRigidBody	a	a	0		bool IsGravityEnabled(ComRigidBody * this)
710060965c	8	SetGravityEnabled	nn::bezel::ComRigidBody	a	a	0		undefined SetGravityEnabled(ComRigidBody * this, uint param_1)
7100609664	8	FUN_7100609664		d	a	0		undefined4 FUN_7100609664(long param_1)
710060966c	8	SetConstraintsOnAxis	nn::bezel::ComRigidBody	a	a	0		undefined SetConstraintsOnAxis(ComRigidBody * this, uint param_1)
7100609674	8	ApplyForce	nn::bezel::ComRigidBody	a	a	0		undefined ApplyForce(ComRigidBody * this, undefined8 * param_1)
710060967c	8	ApplyForceAtPosition	nn::bezel::ComRigidBody	a	a	0		undefined ApplyForceAtPosition(long param_1, undefined8 * param_2, undefined8 * param_3, undefined8 param_4, undefined8 param_5, undefined8 param_6, undefined8 param_7, undefined8 param_8)
7100609684	8	ApplyImpulseForce	nn::bezel::ComRigidBody	a	a	0		undefined ApplyImpulseForce(long param_1, undefined8 * param_2)
710060968c	8	ApplyTorque	nn::bezel::ComRigidBody	a	a	0		undefined ApplyTorque(long param_1, undefined8 * param_2)
7100609694	8	ApplyImpulseTorque	nn::bezel::ComRigidBody	a	a	0		undefined ApplyImpulseTorque(ComRigidBody * this, undefined8 * param_1)
710060969c	8	FUN_710060969c		d	a	0		undefined1 FUN_710060969c(long param_1)
71006096a4	8	FUN_71006096a4		d	a	0		undefined FUN_71006096a4(long param_1, undefined1 param_2)
71006096ac	8	FUN_71006096ac		d	a	0		undefined1 FUN_71006096ac(long param_1)
71006096b4	8	SetApplyRotationEnabled	nn::bezel::ComRigidBody	a	a	0		undefined SetApplyRotationEnabled(ComRigidBody * this, ComRigidBody param_2)
71006096bc	28	FUN_71006096bc		d	a	0		undefined FUN_71006096bc(undefined8 * param_1, long param_2)
71006096d8	28	GetRigidBody	nn::bezel::ComRigidBody	a	a	0		undefined GetRigidBody(undefined8 * param_1, long param_2)
71006096f4	8	GetRigidBodyPtr	nn::bezel::ComRigidBody	a	a	0		undefined8 GetRigidBodyPtr(ComRigidBody * this)
7100609704	8	FUN_7100609704		d	d	0	ST_PARTIAL,SYS_COLLISION	undefined FUN_7100609704()
710060970c	168	FUN_710060970c		d	a	0	ST_PARTIAL,SYS_COLLISION	undefined FUN_710060970c(long param_1)
71006097b4	272	FUN_71006097b4		d	a	0	ST_PARTIAL,SYS_COLLISION	undefined FUN_71006097b4(long param_1, ulong param_2)
71006098c4	104	FUN_71006098c4		d	a	0	ST_PARTIAL,SYS_COLLISION	undefined FUN_71006098c4(long param_1)
710060992c	12	FUN_710060992c		d	a	0		undefined FUN_710060992c(undefined8 param_1, long param_2, undefined8 * param_3)
7100609938	112	FUN_7100609938		d	a	0		undefined FUN_7100609938(long param_1, long * param_2, char * param_3)
7100609a10	232	CopyConstruct	nn::bezel::detail::VariantImpl::CtorDtor<nn::bezel::CollisionShape::Mesh,nn::bezel::CollisionShape::Complex,nn::bezel::CollisionShape::Collection,nn::bezel::CollisionShape::RuntimeConvexMesh,nn::bezel::CollisionShape::RuntimeTriangleMesh,nn::bezel::CollisionShape::RuntimeHeightField>	a	a	0		undefined CopyConstruct(long * param_1, long * param_2, char param_3)
7100609b00	880	FUN_7100609b00		d	a	0		undefined1[16] FUN_7100609b00(long * param_1, uint * param_2, undefined4 * param_3, undefined8 * param_4)
7100609e70	404	FUN_7100609e70		d	a	0		undefined FUN_7100609e70(long * param_1, long * param_2, long * param_3)
710060a004	624	Create	nn::bezel::ComTriggerVolume	a	a	0		undefined Create(long * param_1_00, ComTriggerVolume * this, long param_3)
710060a274	740	FUN_710060a274		d	a	0		undefined FUN_710060a274(long * param_1, long * param_2, long param_3)
710060a558	112	FUN_710060a558		d	a	0		undefined FUN_710060a558(long * param_1, long * param_2, long * param_3, undefined1 param_4)
710060a5c8	20	FUN_710060a5c8		d	a	0		undefined FUN_710060a5c8(long * param_1)
710060a5e4	36	FUN_710060a5e4		d	a	0		undefined FUN_710060a5e4(long * param_1)
710060a608	40	FUN_710060a608		d	a	0		undefined FUN_710060a608(long param_1)
710060a630	44	FUN_710060a630		d	a	0		undefined FUN_710060a630(long param_1)
710060a65c	8	FUN_710060a65c		d	a	0		undefined1 FUN_710060a65c(long param_1)
710060a664	84	FUN_710060a664		d	a	0		undefined FUN_710060a664(long param_1, byte param_2)
710060a6b8	8	FUN_710060a6b8		d	a	0		undefined FUN_710060a6b8(long param_1)
710060a6c0	8	FUN_710060a6c0		d	a	0		undefined FUN_710060a6c0(long param_1)
710060a6c8	8	FUN_710060a6c8		d	a	0		undefined FUN_710060a6c8(long param_1, long param_2)
710060a6d0	8	FUN_710060a6d0		d	a	0		undefined FUN_710060a6d0(long param_1)
710060a6d8	8	FUN_710060a6d8		d	a	0		undefined FUN_710060a6d8(long param_1)
710060a6e0	8	FUN_710060a6e0		d	a	0		undefined FUN_710060a6e0(undefined4 param_1, long param_2)
710060a6e8	28	FUN_710060a6e8		d	a	0		undefined FUN_710060a6e8(undefined8 * param_1, long param_2)
710060a704	28	GetTriggerVolume	nn::bezel::ComTriggerVolume	a	a	0		undefined GetTriggerVolume(undefined8 * param_1, long param_2)
710060a730	120	FUN_710060a730		d	a	0		undefined FUN_710060a730(long param_1)
710060a834	408	FUN_710060a834		d	a	0		undefined FUN_710060a834(undefined8 param_1, long param_2, undefined8 * param_3)
710060a9cc	112	FUN_710060a9cc		d	a	0		undefined FUN_710060a9cc(long param_1, long * param_2, char * param_3)
710060aa98	208	FUN_710060aa98		d	a	0		undefined FUN_710060aa98(long * param_1, long * param_2, undefined8 param_3, undefined8 param_4, undefined8 param_5, undefined8 param_6, undefined8 param_7, undefined8 param_8)
710060ab70	352	FUN_710060ab70		d	a	0		undefined FUN_710060ab70(long * param_1, undefined1 * param_2, ulong param_3, undefined8 param_4, undefined8 param_5, undefined8 param_6, undefined8 param_7, undefined8 param_8, undefined8 param_9)
710060acd0	104	FUN_710060acd0		d	a	0		undefined FUN_710060acd0(long * param_1)
710060ad38	36	FUN_710060ad38		d	a	0		undefined FUN_710060ad38(long * param_1)
710060ad5c	64	FUN_710060ad5c		d	a	0		undefined FUN_710060ad5c(long * param_1)
710060ada4	128	FUN_710060ada4		d	a	0		long * FUN_710060ada4(long param_1, undefined8 param_2, uint param_3)
710060ae30	1552	FUN_710060ae30		d	a	0		long * FUN_710060ae30(long param_1, long * param_2, undefined8 param_3, uint param_4)
710060b450	232	FUN_710060b450		d	a	0	ST_PARTIAL,SYS_COLLISION	undefined FUN_710060b450(long param_1, undefined8 * param_2, uint param_3)
710060b540	488	FUN_710060b540		d	a	0	ST_PARTIAL,SYS_COLLISION	undefined FUN_710060b540(long param_1, undefined8 * param_2)
710060b730	416	FUN_710060b730		d	a	0		undefined FUN_710060b730(long * param_1, long * param_2)
710060b8e0	636	FUN_710060b8e0		d	a	0		undefined FUN_710060b8e0(long * param_1, long * param_2)
710060bb80	320	FUN_710060bb80		d	a	0		undefined FUN_710060bb80(long * param_1, char param_2)
710060bd28	32	FUN_710060bd28		d	a	0		undefined FUN_710060bd28(undefined8 * param_1)
710060bd50	256	FUN_710060bd50		d	a	0		undefined FUN_710060bd50(long param_1)
710060be50	420	FUN_710060be50		d	a	0		undefined FUN_710060be50(long * param_1, long * param_2)
710060c000	360	FUN_710060c000		d	a	0		undefined FUN_710060c000(long * param_1, long param_2)
710060c170	380	FUN_710060c170		d	a	0		undefined FUN_710060c170(long * param_1)
710060c2f0	64	FUN_710060c2f0		d	a	0		undefined FUN_710060c2f0(long * param_1)
710060c340	668	FUN_710060c340		d	a	0		undefined FUN_710060c340(long param_1, long * param_2, long * param_3)
710060c5dc	440	FUN_710060c5dc		d	a	0		undefined FUN_710060c5dc(long param_1, long * param_2, long * param_3)
710060c7a0	348	FUN_710060c7a0		d	a	0		undefined FUN_710060c7a0(long param_1, long * param_2)
710060c8fc	260	FUN_710060c8fc		d	a	0		undefined FUN_710060c8fc(long param_1, long * param_2)
710060ca00	348	FUN_710060ca00		d	a	0		undefined FUN_710060ca00(long param_1, long * param_2)
710060cb5c	236	FUN_710060cb5c		d	a	0		undefined FUN_710060cb5c(long param_1, long * param_2)
710060cc48	84	FUN_710060cc48		d	a	0		undefined1[16] FUN_710060cc48(long param_1)
710060cc9c	84	FUN_710060cc9c		d	a	0		undefined1[16] FUN_710060cc9c(long param_1)
710060ccf0	232	SetTransform	nn::bezel::PhysicsConstraint	a	a	0		undefined SetTransform(PhysicsConstraint * this, undefined8 * param_1, undefined8 * param_2)
710060cdd8	124	FUN_710060cdd8		d	a	0		undefined FUN_710060cdd8(long param_1, undefined8 * param_2)
710060ce54	124	SetTransform1	nn::bezel::PhysicsConstraint	a	a	0		undefined SetTransform1(PhysicsConstraint * this, undefined8 * param_1)
710060ced0	56	FUN_710060ced0		d	a	0		undefined1[16] FUN_710060ced0(long param_1)
710060cf08	224	FUN_710060cf08		d	a	0		undefined FUN_710060cf08(long param_1, byte * param_2, ulong param_3)
710060cfe8	56	FUN_710060cfe8		d	a	0		undefined1[16] FUN_710060cfe8(long param_1)
710060d020	224	FUN_710060d020		d	a	0		undefined FUN_710060d020(long param_1, byte * param_2, ulong param_3)
710060d100	788	FUN_710060d100		d	a	0		uint FUN_710060d100(undefined8 * param_1, long param_2)
710060d420	704	FUN_710060d420		d	a	0		ulong * FUN_710060d420(ulong * param_1, undefined1 * param_2, undefined1 * param_3)
710060d6e0	60	FUN_710060d6e0		d	a	0		bool FUN_710060d6e0(long param_1)
710060d71c	24	FUN_710060d71c		d	a	0		undefined FUN_710060d71c(long param_1, undefined4 param_2)
710060d734	52	FUN_710060d734		d	a	0		ushort FUN_710060d734(long param_1)
710060d768	24	SetCollisionEnabled	nn::bezel::PhysicsConstraint	a	a	0		undefined SetCollisionEnabled(PhysicsConstraint * this, undefined4 param_1)
710060d780	56	FUN_710060d780		d	a	0		bool FUN_710060d780(long param_1)
710060d7b8	28	FUN_710060d7b8		d	a	0		undefined FUN_710060d7b8(long param_1, uint param_2)
710060d7d4	24	FUN_710060d7d4		d	a	0		undefined FUN_710060d7d4(long * param_1)
710060d800	12	FUN_710060d800		d	a	0		undefined FUN_710060d800(undefined8 * param_1)
710060d80c	24	FUN_710060d80c		d	a	0		undefined FUN_710060d80c(long param_1)
710060d83c	56	FUN_710060d83c		d	a	0		undefined FUN_710060d83c(long * param_1, long * param_2)
710060d874	4	thunk_FUN_710060c170		d	a	1		undefined thunk_FUN_710060c170(long * param_1)
710060d878	36	FUN_710060d878		d	a	0		undefined FUN_710060d878(long * param_1)
710060d89c	52	FUN_710060d89c		d	a	0		undefined FUN_710060d89c(long param_1, uint param_2)
710060d8d0	48	FUN_710060d8d0		d	a	0		undefined FUN_710060d8d0(long param_1, uint param_2, uint param_3)
710060d900	80	FUN_710060d900		d	a	0		undefined FUN_710060d900(undefined8 * param_1, long param_2)
710060d950	80	FUN_710060d950		d	a	0		undefined FUN_710060d950(long param_1, long param_2)
710060d9a0	80	FUN_710060d9a0		d	a	0		undefined FUN_710060d9a0(undefined8 * param_1, long param_2)
710060d9f0	80	FUN_710060d9f0		d	a	0		undefined FUN_710060d9f0(long param_1, long param_2)
710060da40	80	FUN_710060da40		d	a	0		undefined FUN_710060da40(undefined8 * param_1, long param_2)
710060da90	80	FUN_710060da90		d	a	0		undefined FUN_710060da90(long param_1, long param_2)
710060dae0	80	FUN_710060dae0		d	a	0		undefined1[16] FUN_710060dae0(long param_1)
710060db30	72	FUN_710060db30		d	a	0		undefined FUN_710060db30(long param_1, undefined8 * param_2)
710060db78	128	FUN_710060db78		d	a	0		undefined FUN_710060db78(long param_1, undefined8 * param_2, undefined8 * param_3)
710060dbf8	92	FUN_710060dbf8		d	a	0		undefined FUN_710060dbf8(long param_1, undefined8 * param_2, undefined8 * param_3)
710060dc54	16	FUN_710060dc54		d	a	0		undefined FUN_710060dc54(long param_1)
710060dc64	16	FUN_710060dc64		d	a	0		undefined FUN_710060dc64(long param_1)
710060dc74	104	FUN_710060dc74		d	a	0		undefined FUN_710060dc74(undefined4 param_1, long param_2)
710060dcdc	108	FUN_710060dcdc		d	a	0		undefined FUN_710060dcdc(undefined4 param_1, undefined4 param_2, undefined4 param_3, long param_4)
710060dd48	104	FUN_710060dd48		d	a	0		undefined FUN_710060dd48(undefined4 param_1, undefined4 param_2, long param_3)
710060ddb0	108	FUN_710060ddb0		d	a	0		undefined FUN_710060ddb0(undefined4 param_1, undefined4 param_2, undefined4 param_3, undefined4 param_4, long param_5)
710060de1c	104	FUN_710060de1c		d	a	0		undefined FUN_710060de1c(undefined4 param_1, undefined4 param_2, long param_3)
710060de84	108	FUN_710060de84		d	a	0		undefined FUN_710060de84(undefined4 param_1, undefined4 param_2, undefined4 param_3, undefined4 param_4, long param_5)
710060def0	208	FUN_710060def0		d	a	0		long * FUN_710060def0(long param_1, undefined8 * param_2, long param_3, undefined8 * param_4)
710060dfc0	56	FUN_710060dfc0		d	a	0	ST_PARTIAL,SYS_COLLISION	long * FUN_710060dfc0(long * param_1)
710060e000	880	FUN_710060e000		d	a	0		long * FUN_710060e000(long param_1, byte * param_2, ulong param_3, byte * param_4, ulong param_5)
710060e370	256	FUN_710060e370		d	a	0		long * FUN_710060e370(undefined8 param_1, long * param_2)
710060e478	52	FUN_710060e478		d	a	0		undefined FUN_710060e478(ulong * param_1, long param_2)
710060e4ac	40	FUN_710060e4ac		d	a	0		undefined FUN_710060e4ac(long param_1, byte * param_2, char * param_3)
710060e4d4	60	FUN_710060e4d4		d	a	0		undefined FUN_710060e4d4(undefined1[16] param_1, undefined8 param_2, undefined8 param_3, long param_4, undefined8 * param_5)
710060e510	136	FUN_710060e510		d	a	0		undefined FUN_710060e510(long param_1, long * param_2, char * param_3)
710060e598	52	FUN_710060e598		d	a	0		undefined FUN_710060e598(ulong * param_1, long param_2)
710060e5cc	40	FUN_710060e5cc		d	a	0		undefined FUN_710060e5cc(long param_1, byte * param_2, char * param_3)
710060e5f4	60	FUN_710060e5f4		d	a	0		undefined FUN_710060e5f4(undefined1[16] param_1, undefined8 param_2, undefined8 param_3, long param_4, undefined8 * param_5)
710060e630	136	FUN_710060e630		d	a	0		undefined FUN_710060e630(PhysicsConstraint * param_1, long * param_2, char * param_3)
710060e6b8	44	FUN_710060e6b8		d	a	0		undefined FUN_710060e6b8(undefined8 param_1, long param_2)
710060e6e4	8	FUN_710060e6e4		d	a	0		undefined FUN_710060e6e4(long param_1, byte * param_2)
710060e6ec	44	FUN_710060e6ec		d	a	0		undefined FUN_710060e6ec(byte * param_1, long param_2)
710060e718	8	FUN_710060e718		d	a	0		undefined FUN_710060e718(PhysicsConstraint * param_1, byte * param_2)
710060e720	44	FUN_710060e720		d	a	0		undefined FUN_710060e720(undefined8 param_1, long param_2)
710060e74c	8	FUN_710060e74c		d	a	0		undefined FUN_710060e74c(long param_1, byte * param_2)
710060e754	248	FUN_710060e754		d	a	0		undefined FUN_710060e754(undefined8 param_1, long param_2, undefined8 * param_3)
710060e84c	276	FUN_710060e84c		d	a	0		undefined FUN_710060e84c(long param_1, long * param_2, char * param_3)
710060e960	424	FUN_710060e960		d	a	0		undefined FUN_710060e960(undefined8 param_1, long param_2, undefined8 * param_3)
710060eb08	460	FUN_710060eb08		d	a	0		undefined FUN_710060eb08(long param_1, long * param_2, char * param_3)
710060ecd4	132	FUN_710060ecd4		d	a	0		undefined FUN_710060ecd4(undefined8 param_1, long param_2, undefined8 * param_3)
710060ed58	164	FUN_710060ed58		d	a	0		undefined FUN_710060ed58(long param_1, long * param_2, char * param_3)
710060edfc	80	FUN_710060edfc		d	a	0		undefined FUN_710060edfc(float * param_1, long param_2)
710060ee4c	52	FUN_710060ee4c		d	a	0		undefined FUN_710060ee4c(long param_1, float * param_2)
710060ee80	12	FUN_710060ee80		d	a	0		undefined * FUN_710060ee80(void)
710060ee94	12	FUN_710060ee94		d	a	0		undefined * FUN_710060ee94(void)
710060eea8	12	FUN_710060eea8		d	a	0		undefined * FUN_710060eea8(void)
710060eebc	12	FUN_710060eebc		d	a	0		undefined * FUN_710060eebc(void)
710060f08c	308	FUN_710060f08c		d	a	0		undefined FUN_710060f08c(undefined8 * param_1, long param_2)
710060f1c0	340	FUN_710060f1c0		d	a	0		undefined FUN_710060f1c0(undefined8 * param_1, long param_2)
710060f348	340	FUN_710060f348		d	a	0		undefined FUN_710060f348(undefined8 * param_1, long param_2)
710060f4d0	340	FUN_710060f4d0		d	a	0		undefined FUN_710060f4d0(undefined8 * param_1, long param_2)
710060f660	80	FUN_710060f660		d	a	0		undefined FUN_710060f660(void)
710060f6b0	56	FUN_710060f6b0		d	a	0		undefined FUN_710060f6b0(undefined8 * param_1, undefined4 * param_2)
710060f6e8	60	FUN_710060f6e8		d	a	0		undefined FUN_710060f6e8(long param_1, undefined4 * param_2)
710060f724	48	FUN_710060f724		d	a	0		undefined FUN_710060f724(long * param_1, long * param_2)
710060f754	4	thunk_FUN_710060c170		d	a	1		undefined thunk_FUN_710060c170(long * param_1)
710060f758	36	FUN_710060f758		d	a	0		undefined FUN_710060f758(long * param_1)
710060f77c	52	FUN_710060f77c		d	a	0		ushort FUN_710060f77c(long param_1)
710060f7b0	24	FUN_710060f7b0		d	a	0		undefined FUN_710060f7b0(long param_1, undefined4 param_2)
710060f7c8	52	FUN_710060f7c8		d	a	0		ushort FUN_710060f7c8(long param_1)
710060f7fc	24	FUN_710060f7fc		d	a	0		undefined FUN_710060f7fc(long param_1, undefined4 param_2)
710060f814	52	FUN_710060f814		d	a	0		ushort FUN_710060f814(long param_1)
710060f848	24	FUN_710060f848		d	a	0		undefined FUN_710060f848(long param_1, undefined4 param_2)
710060f860	16	FUN_710060f860		d	a	0		undefined FUN_710060f860(long param_1)
710060f870	16	FUN_710060f870		d	a	0		undefined FUN_710060f870(long param_1)
710060f880	16	FUN_710060f880		d	a	0		undefined FUN_710060f880(long param_1)
710060f890	16	SetMaxDistance	nn::bezel::PhysicsConstraintDistance	a	a	0		undefined SetMaxDistance(long param_1)
710060f8a0	16	FUN_710060f8a0		d	a	0		undefined FUN_710060f8a0(long param_1)
710060f8b0	16	FUN_710060f8b0		d	a	0		undefined FUN_710060f8b0(long param_1)
710060f8c0	16	FUN_710060f8c0		d	a	0		undefined FUN_710060f8c0(long param_1)
710060f8d0	16	FUN_710060f8d0		d	a	0		undefined FUN_710060f8d0(long param_1)
710060f8e0	16	FUN_710060f8e0		d	a	0		undefined FUN_710060f8e0(long param_1)
710060f8f0	16	FUN_710060f8f0		d	a	0		undefined FUN_710060f8f0(long param_1)
710060f900	16	FUN_710060f900		d	a	0		undefined FUN_710060f900(long param_1)
710060f910	208	FUN_710060f910		d	a	0		long * FUN_710060f910(long param_1, undefined8 * param_2, long param_3, undefined8 * param_4)
710060f9e0	56	FUN_710060f9e0		d	a	0		long * FUN_710060f9e0(long * param_1)
710060fa20	880	FUN_710060fa20		d	a	0		long * FUN_710060fa20(long param_1, byte * param_2, ulong param_3, byte * param_4, ulong param_5)
710060fd90	256	FUN_710060fd90		d	a	0		long * FUN_710060fd90(undefined8 param_1, long * param_2)
710060fe98	52	FUN_710060fe98		d	a	0		undefined FUN_710060fe98(ulong * param_1, long param_2)
710060fecc	40	FUN_710060fecc		d	a	0		undefined FUN_710060fecc(long param_1, byte * param_2, char * param_3)
710060fef4	60	FUN_710060fef4		d	a	0		undefined FUN_710060fef4(undefined1[16] param_1, undefined8 param_2, undefined8 param_3, long param_4, undefined8 * param_5)
710060ff30	136	FUN_710060ff30		d	a	0		undefined FUN_710060ff30(long param_1, long * param_2, char * param_3)
710060ffb8	52	FUN_710060ffb8		d	a	0		undefined FUN_710060ffb8(ulong * param_1, long param_2)
710060ffec	40	FUN_710060ffec		d	a	0		undefined FUN_710060ffec(long param_1, byte * param_2, char * param_3)
7100610014	60	FUN_7100610014		d	a	0		undefined FUN_7100610014(undefined1[16] param_1, undefined8 param_2, undefined8 param_3, long param_4, undefined8 * param_5)
7100610050	136	FUN_7100610050		d	a	0		undefined FUN_7100610050(PhysicsConstraint * param_1, long * param_2, char * param_3)
71006100d8	44	FUN_71006100d8		d	a	0		undefined FUN_71006100d8(undefined8 param_1, long param_2)
7100610104	8	FUN_7100610104		d	a	0		undefined FUN_7100610104(long param_1, byte * param_2)
710061010c	44	FUN_710061010c		d	a	0		undefined FUN_710061010c(byte * param_1, long param_2)
7100610138	8	FUN_7100610138		d	a	0		undefined FUN_7100610138(PhysicsConstraint * param_1, byte * param_2)
7100610140	44	FUN_7100610140		d	a	0		undefined FUN_7100610140(undefined8 param_1, long param_2)
710061016c	8	FUN_710061016c		d	a	0		undefined FUN_710061016c(long param_1, byte * param_2)
71006101d8	48	FUN_71006101d8		d	a	0		undefined FUN_71006101d8(long * param_1, long * param_2)
7100610208	4	thunk_FUN_710060c170		d	a	1		undefined thunk_FUN_710060c170(long * param_1)
710061020c	36	FUN_710061020c		d	a	0		undefined FUN_710061020c(long * param_1)
7100610230	16	FUN_7100610230		d	a	0		undefined FUN_7100610230(long param_1)
7100610240	16	FUN_7100610240		d	a	0		undefined FUN_7100610240(long param_1)
7100610250	16	FUN_7100610250		d	a	0		undefined FUN_7100610250(long param_1)
7100610260	16	FUN_7100610260		d	a	0		undefined FUN_7100610260(long param_1)
7100610270	208	FUN_7100610270		d	a	0		long * FUN_7100610270(long param_1, undefined8 * param_2, long param_3, undefined8 * param_4)
7100610340	56	FUN_7100610340		d	a	0		long * FUN_7100610340(long * param_1)
7100610380	880	FUN_7100610380		d	a	0		long * FUN_7100610380(long param_1, byte * param_2, ulong param_3, byte * param_4, ulong param_5)
71006106f0	256	FUN_71006106f0		d	a	0		long * FUN_71006106f0(undefined8 param_1, long * param_2)
71006107f8	52	FUN_71006107f8		d	a	0		undefined FUN_71006107f8(ulong * param_1, long param_2)
710061082c	40	FUN_710061082c		d	a	0		undefined FUN_710061082c(long param_1, byte * param_2, char * param_3)
7100610854	60	FUN_7100610854		d	a	0		undefined FUN_7100610854(undefined1[16] param_1, undefined8 param_2, undefined8 param_3, long param_4, undefined8 * param_5)
7100610890	136	FUN_7100610890		d	a	0		undefined FUN_7100610890(long param_1, long * param_2, char * param_3)
7100610918	52	FUN_7100610918		d	a	0		undefined FUN_7100610918(ulong * param_1, long param_2)
710061094c	40	FUN_710061094c		d	a	0		undefined FUN_710061094c(long param_1, byte * param_2, char * param_3)
7100610974	60	FUN_7100610974		d	a	0		undefined FUN_7100610974(undefined1[16] param_1, undefined8 param_2, undefined8 param_3, long param_4, undefined8 * param_5)
71006109b0	136	FUN_71006109b0		d	a	0		undefined FUN_71006109b0(PhysicsConstraint * param_1, long * param_2, char * param_3)
7100610a38	44	FUN_7100610a38		d	a	0		undefined FUN_7100610a38(undefined8 param_1, long param_2)
7100610a64	8	FUN_7100610a64		d	a	0		undefined FUN_7100610a64(long param_1, byte * param_2)
7100610a6c	44	FUN_7100610a6c		d	a	0		undefined FUN_7100610a6c(byte * param_1, long param_2)
7100610a98	8	FUN_7100610a98		d	a	0		undefined FUN_7100610a98(PhysicsConstraint * param_1, byte * param_2)
7100610aa0	44	FUN_7100610aa0		d	a	0		undefined FUN_7100610aa0(undefined8 param_1, long param_2)
7100610acc	8	FUN_7100610acc		d	a	0		undefined FUN_7100610acc(long param_1, byte * param_2)
7100610ad4	80	FUN_7100610ad4		d	a	0		undefined FUN_7100610ad4(float * param_1, long param_2)
7100610b24	52	FUN_7100610b24		d	a	0		undefined FUN_7100610b24(long param_1, float * param_2)
7100610bbc	52	FUN_7100610bbc		d	a	0		undefined FUN_7100610bbc(long * param_1, long * param_2)
7100610bf0	4	thunk_FUN_710060c170		d	a	1		undefined thunk_FUN_710060c170(long * param_1)
7100610bf4	36	FUN_7100610bf4		d	a	0		undefined FUN_7100610bf4(long * param_1)
7100610c18	52	FUN_7100610c18		d	a	0		ushort FUN_7100610c18(long param_1)
7100610c4c	24	FUN_7100610c4c		d	a	0		undefined FUN_7100610c4c(long param_1, undefined4 param_2)
7100610c64	52	FUN_7100610c64		d	a	0		ushort FUN_7100610c64(long param_1)
7100610c98	24	FUN_7100610c98		d	a	0		undefined FUN_7100610c98(long param_1, undefined4 param_2)
7100610cb0	52	FUN_7100610cb0		d	a	0		ushort FUN_7100610cb0(long param_1)
7100610ce4	24	FUN_7100610ce4		d	a	0		undefined FUN_7100610ce4(long param_1, undefined4 param_2)
7100610cfc	80	FUN_7100610cfc		d	a	0		undefined FUN_7100610cfc(undefined8 * param_1, long param_2)
7100610d4c	80	FUN_7100610d4c		d	a	0		undefined FUN_7100610d4c(long param_1, long param_2)
7100610d9c	16	FUN_7100610d9c		d	a	0		undefined FUN_7100610d9c(long param_1)
7100610dac	20	FUN_7100610dac		d	a	0		undefined FUN_7100610dac(long param_1)
7100610dc0	16	FUN_7100610dc0		d	a	0		undefined FUN_7100610dc0(long param_1)
7100610dd0	16	FUN_7100610dd0		d	a	0		undefined FUN_7100610dd0(long param_1)
7100610de0	16	FUN_7100610de0		d	a	0		undefined FUN_7100610de0(long param_1)
7100610df0	16	FUN_7100610df0		d	a	0		undefined FUN_7100610df0(long param_1)
7100610e00	16	FUN_7100610e00		d	a	0		undefined FUN_7100610e00(long param_1)
7100610e10	16	FUN_7100610e10		d	a	0		undefined FUN_7100610e10(long param_1)
7100610e20	16	FUN_7100610e20		d	a	0		undefined FUN_7100610e20(long param_1)
7100610e30	16	FUN_7100610e30		d	a	0		undefined FUN_7100610e30(long param_1)
7100610e40	16	FUN_7100610e40		d	a	0		undefined FUN_7100610e40(long param_1)
7100610e50	16	FUN_7100610e50		d	a	0		undefined FUN_7100610e50(long param_1)
7100610e60	104	FUN_7100610e60		d	a	0		undefined FUN_7100610e60(undefined4 param_1, undefined4 param_2, long param_3)
7100610ec8	108	FUN_7100610ec8		d	a	0		undefined FUN_7100610ec8(undefined4 param_1, undefined4 param_2, undefined4 param_3, undefined4 param_4, long param_5)
7100610f34	208	FUN_7100610f34		d	a	0		long * FUN_7100610f34(long param_1, undefined8 * param_2, long param_3, undefined8 * param_4)
7100611004	56	FUN_7100611004		d	a	0		long * FUN_7100611004(long * param_1)
7100611040	880	FUN_7100611040		d	a	0		long * FUN_7100611040(long param_1, byte * param_2, ulong param_3, byte * param_4, ulong param_5)
71006113b0	256	FUN_71006113b0		d	a	0		long * FUN_71006113b0(undefined8 param_1, long * param_2)
71006114b8	52	FUN_71006114b8		d	a	0		undefined FUN_71006114b8(ulong * param_1, long param_2)
71006114ec	40	FUN_71006114ec		d	a	0		undefined FUN_71006114ec(long param_1, byte * param_2, char * param_3)
7100611514	60	FUN_7100611514		d	a	0		undefined FUN_7100611514(undefined1[16] param_1, undefined8 param_2, undefined8 param_3, long param_4, undefined8 * param_5)
7100611550	136	FUN_7100611550		d	a	0		undefined FUN_7100611550(long param_1, long * param_2, char * param_3)
71006115d8	52	FUN_71006115d8		d	a	0		undefined FUN_71006115d8(ulong * param_1, long param_2)
710061160c	40	FUN_710061160c		d	a	0		undefined FUN_710061160c(long param_1, byte * param_2, char * param_3)
7100611634	60	FUN_7100611634		d	a	0		undefined FUN_7100611634(undefined1[16] param_1, undefined8 param_2, undefined8 param_3, long param_4, undefined8 * param_5)
7100611670	136	FUN_7100611670		d	a	0		undefined FUN_7100611670(PhysicsConstraint * param_1, long * param_2, char * param_3)
71006116f8	44	FUN_71006116f8		d	a	0		undefined FUN_71006116f8(undefined8 param_1, long param_2)
7100611724	8	FUN_7100611724		d	a	0		undefined FUN_7100611724(long param_1, byte * param_2)
710061172c	44	FUN_710061172c		d	a	0		undefined FUN_710061172c(byte * param_1, long param_2)
7100611758	8	FUN_7100611758		d	a	0		undefined FUN_7100611758(PhysicsConstraint * param_1, byte * param_2)
7100611760	44	FUN_7100611760		d	a	0		undefined FUN_7100611760(undefined8 param_1, long param_2)
710061178c	8	FUN_710061178c		d	a	0		undefined FUN_710061178c(long param_1, byte * param_2)
7100611794	80	FUN_7100611794		d	a	0		undefined FUN_7100611794(float * param_1, long param_2)
71006117e4	52	FUN_71006117e4		d	a	0		undefined FUN_71006117e4(long param_1, float * param_2)
710061187c	68	FUN_710061187c		d	a	0		undefined FUN_710061187c(undefined8 * param_1, undefined4 * param_2, undefined1 param_3, undefined1 param_4)
71006118c0	216	FUN_71006118c0		d	a	0		undefined FUN_71006118c0(undefined8 * param_1, long param_2, undefined1 * param_3, undefined1 * param_4)
7100611998	12	FUN_7100611998		d	a	0		undefined FUN_7100611998(undefined1 * param_1, long param_2)
71006119a4	12	FUN_71006119a4		d	a	0		undefined FUN_71006119a4(long param_1, undefined1 * param_2)
71006119b0	12	FUN_71006119b0		d	a	0		undefined FUN_71006119b0(undefined1 * param_1, long param_2)
71006119bc	12	FUN_71006119bc		d	a	0		undefined FUN_71006119bc(long param_1, undefined1 * param_2)
71006119c8	12	FUN_71006119c8		d	a	0		undefined FUN_71006119c8(undefined4 * param_1, long param_2)
71006119d4	12	FUN_71006119d4		d	a	0		undefined FUN_71006119d4(long param_1, undefined4 * param_2)
71006119e0	12	FUN_71006119e0		d	a	0		undefined FUN_71006119e0(undefined4 * param_1, long param_2)
71006119ec	12	FUN_71006119ec		d	a	0		undefined FUN_71006119ec(long param_1, undefined4 * param_2)
71006119f8	12	FUN_71006119f8		d	a	0		undefined FUN_71006119f8(undefined4 * param_1, long param_2)
7100611a04	12	FUN_7100611a04		d	a	0		undefined FUN_7100611a04(long param_1, undefined4 * param_2)
7100611a10	12	FUN_7100611a10		d	a	0		undefined FUN_7100611a10(undefined4 * param_1, long param_2)
7100611a1c	12	FUN_7100611a1c		d	a	0		undefined FUN_7100611a1c(long param_1, undefined4 * param_2)
7100611a28	12	FUN_7100611a28		d	a	0		undefined FUN_7100611a28(undefined4 * param_1, long param_2)
7100611a34	12	FUN_7100611a34		d	a	0		undefined FUN_7100611a34(long param_1, undefined4 * param_2)
7100611a40	44	FUN_7100611a40		d	a	0		undefined FUN_7100611a40(float * param_1, long param_2)
7100611a6c	44	FUN_7100611a6c		d	a	0		undefined FUN_7100611a6c(long param_1, float * param_2)
7100611a98	44	FUN_7100611a98		d	a	0		undefined FUN_7100611a98(float * param_1, long param_2)
7100611ac4	44	FUN_7100611ac4		d	a	0		undefined FUN_7100611ac4(long param_1, float * param_2)
7100611af4	68	FUN_7100611af4		d	a	0		undefined FUN_7100611af4(undefined8 * param_1, undefined4 * param_2, undefined1 param_3, undefined1 param_4)
7100611b38	76	FUN_7100611b38		d	a	0		undefined FUN_7100611b38(long param_1, undefined4 * param_2, undefined1 * param_3, undefined1 * param_4)
7100611b84	12	FUN_7100611b84		d	a	0		undefined * FUN_7100611b84(void)
7100611b98	68	FUN_7100611b98		d	a	0		undefined FUN_7100611b98(undefined8 * param_1, undefined4 * param_2, undefined1 param_3, undefined1 param_4)
7100611bdc	220	FUN_7100611bdc		d	a	0		undefined FUN_7100611bdc(undefined8 * param_1, long param_2, undefined1 * param_3, undefined1 * param_4)
7100611cb8	12	FUN_7100611cb8		d	a	0		undefined FUN_7100611cb8(undefined1 * param_1, long param_2)
7100611cc4	12	FUN_7100611cc4		d	a	0		undefined FUN_7100611cc4(long param_1, undefined1 * param_2)
7100611cd0	12	FUN_7100611cd0		d	a	0		undefined FUN_7100611cd0(undefined1 * param_1, long param_2)
7100611cdc	12	FUN_7100611cdc		d	a	0		undefined FUN_7100611cdc(long param_1, undefined1 * param_2)
7100611ce8	12	FUN_7100611ce8		d	a	0		undefined FUN_7100611ce8(undefined4 * param_1, long param_2)
7100611cf4	12	FUN_7100611cf4		d	a	0		undefined FUN_7100611cf4(long param_1, undefined4 * param_2)
7100611d00	12	FUN_7100611d00		d	a	0		undefined FUN_7100611d00(undefined4 * param_1, long param_2)
7100611d0c	12	FUN_7100611d0c		d	a	0		undefined FUN_7100611d0c(long param_1, undefined4 * param_2)
7100611d18	12	FUN_7100611d18		d	a	0		undefined FUN_7100611d18(undefined4 * param_1, long param_2)
7100611d24	12	FUN_7100611d24		d	a	0		undefined FUN_7100611d24(long param_1, undefined4 * param_2)
7100611d30	12	FUN_7100611d30		d	a	0		undefined FUN_7100611d30(undefined4 * param_1, long param_2)
7100611d3c	12	FUN_7100611d3c		d	a	0		undefined FUN_7100611d3c(long param_1, undefined4 * param_2)
7100611d48	12	FUN_7100611d48		d	a	0		undefined FUN_7100611d48(undefined4 * param_1, long param_2)
7100611d54	12	FUN_7100611d54		d	a	0		undefined FUN_7100611d54(long param_1, undefined4 * param_2)
7100611d60	44	FUN_7100611d60		d	a	0		undefined FUN_7100611d60(float * param_1, long param_2)
7100611d8c	44	FUN_7100611d8c		d	a	0		undefined FUN_7100611d8c(long param_1, float * param_2)
7100611db8	44	FUN_7100611db8		d	a	0		undefined FUN_7100611db8(float * param_1, long param_2)
7100611de4	44	FUN_7100611de4		d	a	0		undefined FUN_7100611de4(long param_1, float * param_2)
7100611e10	60	FUN_7100611e10		d	a	0		undefined FUN_7100611e10(undefined8 * param_1, undefined4 * param_2, undefined1 param_3, undefined1 param_4)
7100611e4c	136	FUN_7100611e4c		d	a	0		undefined FUN_7100611e4c(undefined8 * param_1, long param_2, undefined1 * param_3, undefined1 * param_4)
7100611ed4	12	FUN_7100611ed4		d	a	0		undefined FUN_7100611ed4(undefined1 * param_1, long param_2)
7100611ee0	12	FUN_7100611ee0		d	a	0		undefined FUN_7100611ee0(long param_1, undefined1 * param_2)
7100611eec	12	FUN_7100611eec		d	a	0		undefined FUN_7100611eec(undefined1 * param_1, long param_2)
7100611ef8	12	FUN_7100611ef8		d	a	0		undefined FUN_7100611ef8(long param_1, undefined1 * param_2)
7100611f04	12	FUN_7100611f04		d	a	0		undefined FUN_7100611f04(undefined4 * param_1, long param_2)
7100611f10	12	FUN_7100611f10		d	a	0		undefined FUN_7100611f10(long param_1, undefined4 * param_2)
7100611f1c	12	FUN_7100611f1c		d	a	0		undefined FUN_7100611f1c(undefined4 * param_1, long param_2)
7100611f28	12	FUN_7100611f28		d	a	0		undefined FUN_7100611f28(long param_1, undefined4 * param_2)
7100611f34	12	FUN_7100611f34		d	a	0		undefined FUN_7100611f34(undefined4 * param_1, long param_2)
7100611f40	12	FUN_7100611f40		d	a	0		undefined FUN_7100611f40(long param_1, undefined4 * param_2)
7100611f4c	12	FUN_7100611f4c		d	a	0		undefined FUN_7100611f4c(undefined4 * param_1, long param_2)
7100611f58	12	FUN_7100611f58		d	a	0		undefined FUN_7100611f58(long param_1, undefined4 * param_2)
7100611f64	12	FUN_7100611f64		d	a	0		undefined FUN_7100611f64(undefined4 * param_1, long param_2)
7100611f70	12	FUN_7100611f70		d	a	0		undefined FUN_7100611f70(long param_1, undefined4 * param_2)
7100611f80	52	FUN_7100611f80		d	a	0		undefined FUN_7100611f80(long * param_1, long * param_2)
7100611fb4	4	thunk_FUN_710060c170		d	a	1		undefined thunk_FUN_710060c170(long * param_1)
7100611fb8	36	FUN_7100611fb8		d	a	0		undefined FUN_7100611fb8(long * param_1)
7100611fdc	52	FUN_7100611fdc		d	a	0		ushort FUN_7100611fdc(long param_1)
7100612010	24	FUN_7100612010		d	a	0		undefined FUN_7100612010(long param_1, undefined4 param_2)
7100612028	80	FUN_7100612028		d	a	0		undefined FUN_7100612028(undefined8 * param_1, long param_2)
7100612078	80	FUN_7100612078		d	a	0		undefined FUN_7100612078(long param_1, long param_2)
71006120c8	16	FUN_71006120c8		d	a	0		undefined FUN_71006120c8(long param_1)
71006120d8	16	FUN_71006120d8		d	a	0		undefined FUN_71006120d8(long param_1)
71006120e8	16	FUN_71006120e8		d	a	0		undefined FUN_71006120e8(long param_1)
71006120f8	16	FUN_71006120f8		d	a	0		undefined FUN_71006120f8(long param_1)
7100612108	16	FUN_7100612108		d	a	0		undefined FUN_7100612108(long param_1)
7100612118	16	FUN_7100612118		d	a	0		undefined FUN_7100612118(long param_1)
7100612128	104	FUN_7100612128		d	a	0		undefined FUN_7100612128(undefined4 param_1, undefined4 param_2, long param_3)
7100612190	108	FUN_7100612190		d	a	0		undefined FUN_7100612190(undefined4 param_1, undefined4 param_2, undefined4 param_3, undefined4 param_4, long param_5)
71006121fc	208	FUN_71006121fc		d	a	0		long * FUN_71006121fc(long param_1, undefined8 * param_2, long param_3, undefined8 * param_4)
71006122cc	56	FUN_71006122cc		d	a	0		long * FUN_71006122cc(long * param_1)
7100612310	880	FUN_7100612310		d	a	0		long * FUN_7100612310(long param_1, byte * param_2, ulong param_3, byte * param_4, ulong param_5)
7100612680	256	FUN_7100612680		d	a	0		long * FUN_7100612680(undefined8 param_1, long * param_2)
7100612788	52	FUN_7100612788		d	a	0		undefined FUN_7100612788(ulong * param_1, long param_2)
71006127bc	40	FUN_71006127bc		d	a	0		undefined FUN_71006127bc(long param_1, byte * param_2, char * param_3)
71006127e4	60	FUN_71006127e4		d	a	0		undefined FUN_71006127e4(undefined1[16] param_1, undefined8 param_2, undefined8 param_3, long param_4, undefined8 * param_5)
7100612820	136	FUN_7100612820		d	a	0		undefined FUN_7100612820(long param_1, long * param_2, char * param_3)
71006128a8	52	FUN_71006128a8		d	a	0		undefined FUN_71006128a8(ulong * param_1, long param_2)
71006128dc	40	FUN_71006128dc		d	a	0		undefined FUN_71006128dc(long param_1, byte * param_2, char * param_3)
7100612904	60	FUN_7100612904		d	a	0		undefined FUN_7100612904(undefined1[16] param_1, undefined8 param_2, undefined8 param_3, long param_4, undefined8 * param_5)
7100612940	136	FUN_7100612940		d	a	0		undefined FUN_7100612940(PhysicsConstraint * param_1, long * param_2, char * param_3)
71006129c8	44	FUN_71006129c8		d	a	0		undefined FUN_71006129c8(undefined8 param_1, long param_2)
71006129f4	8	FUN_71006129f4		d	a	0		undefined FUN_71006129f4(long param_1, byte * param_2)
71006129fc	44	FUN_71006129fc		d	a	0		undefined FUN_71006129fc(byte * param_1, long param_2)
7100612a28	8	FUN_7100612a28		d	a	0		undefined FUN_7100612a28(PhysicsConstraint * param_1, byte * param_2)
7100612a30	44	FUN_7100612a30		d	a	0		undefined FUN_7100612a30(undefined8 param_1, long param_2)
7100612a5c	8	FUN_7100612a5c		d	a	0		undefined FUN_7100612a5c(long param_1, byte * param_2)
7100612a64	80	FUN_7100612a64		d	a	0		undefined FUN_7100612a64(float * param_1, long param_2)
7100612ab4	52	FUN_7100612ab4		d	a	0		undefined FUN_7100612ab4(long param_1, float * param_2)
7100612ae8	12	FUN_7100612ae8		d	a	0		undefined * FUN_7100612ae8(void)
7100612bb0	68	FUN_7100612bb0		d	a	0		undefined FUN_7100612bb0(undefined8 * param_1, undefined4 * param_2, undefined1 param_3, undefined1 param_4)
7100612bf4	240	FUN_7100612bf4		d	a	0		undefined FUN_7100612bf4(undefined8 * param_1, long param_2, undefined1 * param_3, undefined1 * param_4)
7100612ce4	12	FUN_7100612ce4		d	a	0		undefined FUN_7100612ce4(undefined1 * param_1, long param_2)
7100612cf0	12	FUN_7100612cf0		d	a	0		undefined FUN_7100612cf0(long param_1, undefined1 * param_2)
7100612cfc	12	FUN_7100612cfc		d	a	0		undefined FUN_7100612cfc(undefined1 * param_1, long param_2)
7100612d08	12	FUN_7100612d08		d	a	0		undefined FUN_7100612d08(long param_1, undefined1 * param_2)
7100612d14	12	FUN_7100612d14		d	a	0		undefined FUN_7100612d14(undefined4 * param_1, long param_2)
7100612d20	12	FUN_7100612d20		d	a	0		undefined FUN_7100612d20(long param_1, undefined4 * param_2)
7100612d2c	12	FUN_7100612d2c		d	a	0		undefined FUN_7100612d2c(undefined4 * param_1, long param_2)
7100612d38	12	FUN_7100612d38		d	a	0		undefined FUN_7100612d38(long param_1, undefined4 * param_2)
7100612d44	12	FUN_7100612d44		d	a	0		undefined FUN_7100612d44(undefined4 * param_1, long param_2)
7100612d50	12	FUN_7100612d50		d	a	0		undefined FUN_7100612d50(long param_1, undefined4 * param_2)
7100612d5c	12	FUN_7100612d5c		d	a	0		undefined FUN_7100612d5c(undefined4 * param_1, long param_2)
7100612d68	12	FUN_7100612d68		d	a	0		undefined FUN_7100612d68(long param_1, undefined4 * param_2)
7100612d74	12	FUN_7100612d74		d	a	0		undefined FUN_7100612d74(undefined4 * param_1, long param_2)
7100612d80	12	FUN_7100612d80		d	a	0		undefined FUN_7100612d80(long param_1, undefined4 * param_2)
7100612d8c	52	FUN_7100612d8c		d	a	0		undefined FUN_7100612d8c(long * param_1, long * param_2)
7100612dc0	4	thunk_FUN_710060c170		d	a	1		undefined thunk_FUN_710060c170(long * param_1)
7100612dc4	36	FUN_7100612dc4		d	a	0		undefined FUN_7100612dc4(long * param_1)
7100612de8	52	FUN_7100612de8		d	a	0		ushort FUN_7100612de8(long param_1)
7100612e1c	24	FUN_7100612e1c		d	a	0		undefined FUN_7100612e1c(long param_1, undefined4 param_2)
7100612e34	80	FUN_7100612e34		d	a	0		undefined FUN_7100612e34(undefined8 * param_1, long param_2)
7100612e84	80	FUN_7100612e84		d	a	0		undefined FUN_7100612e84(long param_1, long param_2)
7100612ed4	16	FUN_7100612ed4		d	a	0		undefined FUN_7100612ed4(long param_1)
7100612ee4	16	FUN_7100612ee4		d	a	0		undefined FUN_7100612ee4(long param_1)
7100612ef4	104	FUN_7100612ef4		d	a	0		undefined FUN_7100612ef4(undefined4 param_1, undefined4 param_2, long param_3)
7100612f5c	108	FUN_7100612f5c		d	a	0		undefined FUN_7100612f5c(undefined4 param_1, undefined4 param_2, undefined4 param_3, undefined4 param_4, long param_5)
7100612fc8	208	FUN_7100612fc8		d	a	0		long * FUN_7100612fc8(long param_1, undefined8 * param_2, long param_3, undefined8 * param_4)
7100613098	56	FUN_7100613098		d	a	0		long * FUN_7100613098(long * param_1)
71006130d0	880	FUN_71006130d0		d	a	0		long * FUN_71006130d0(long param_1, byte * param_2, ulong param_3, byte * param_4, ulong param_5)
7100613440	256	FUN_7100613440		d	a	0		long * FUN_7100613440(undefined8 param_1, long * param_2)
7100613548	52	FUN_7100613548		d	a	0		undefined FUN_7100613548(ulong * param_1, long param_2)
710061357c	40	FUN_710061357c		d	a	0		undefined FUN_710061357c(long param_1, byte * param_2, char * param_3)
71006135a4	60	FUN_71006135a4		d	a	0		undefined FUN_71006135a4(undefined1[16] param_1, undefined8 param_2, undefined8 param_3, long param_4, undefined8 * param_5)
71006135e0	136	FUN_71006135e0		d	a	0		undefined FUN_71006135e0(long param_1, long * param_2, char * param_3)
7100613668	52	FUN_7100613668		d	a	0		undefined FUN_7100613668(ulong * param_1, long param_2)
710061369c	40	FUN_710061369c		d	a	0		undefined FUN_710061369c(long param_1, byte * param_2, char * param_3)
71006136c4	60	FUN_71006136c4		d	a	0		undefined FUN_71006136c4(undefined1[16] param_1, undefined8 param_2, undefined8 param_3, long param_4, undefined8 * param_5)
7100613700	136	FUN_7100613700		d	a	0		undefined FUN_7100613700(PhysicsConstraint * param_1, long * param_2, char * param_3)
7100613788	44	FUN_7100613788		d	a	0		undefined FUN_7100613788(undefined8 param_1, long param_2)
71006137b4	8	FUN_71006137b4		d	a	0		undefined FUN_71006137b4(long param_1, byte * param_2)
71006137bc	44	FUN_71006137bc		d	a	0		undefined FUN_71006137bc(byte * param_1, long param_2)
71006137e8	8	FUN_71006137e8		d	a	0		undefined FUN_71006137e8(PhysicsConstraint * param_1, byte * param_2)
71006137f0	44	FUN_71006137f0		d	a	0		undefined FUN_71006137f0(undefined8 param_1, long param_2)
710061381c	8	FUN_710061381c		d	a	0		undefined FUN_710061381c(long param_1, byte * param_2)
7100613888	56	FUN_7100613888		d	a	0		long * FUN_7100613888(long param_1)
71006138c0	96	FUN_71006138c0		d	a	0		long * FUN_71006138c0(void)
7100613920	116	FUN_7100613920		d	a	0		long * FUN_7100613920(undefined4 param_1, undefined4 param_2, undefined4 param_3)
7100613994	16	FUN_7100613994		d	a	0		undefined FUN_7100613994(long param_1)
71006139a4	204	FUN_71006139a4		d	a	0		undefined FUN_71006139a4(long * param_1, long param_2)
7100613a70	360	FUN_7100613a70		d	a	0		undefined FUN_7100613a70(long * param_1, long param_2)
7100613be0	256	FUN_7100613be0		d	a	0		undefined FUN_7100613be0(long param_1)
7100613ce0	36	FUN_7100613ce0		d	a	0		undefined FUN_7100613ce0(void * param_1)
7100613d04	36	FUN_7100613d04		d	a	0		undefined FUN_7100613d04(long param_1)
7100613d30	16	FUN_7100613d30		d	a	0		undefined FUN_7100613d30(long param_1)
7100613d40	16	FUN_7100613d40		d	a	0		undefined FUN_7100613d40(long param_1)
7100613d50	16	FUN_7100613d50		d	a	0		undefined FUN_7100613d50(long param_1)
7100613d60	16	FUN_7100613d60		d	a	0		undefined FUN_7100613d60(long param_1)
7100613d70	16	FUN_7100613d70		d	a	0		undefined FUN_7100613d70(long param_1)
7100613d80	16	FUN_7100613d80		d	a	0		undefined FUN_7100613d80(long param_1)
7100613d90	16	FUN_7100613d90		d	a	0		undefined FUN_7100613d90(long param_1)
7100613da0	16	FUN_7100613da0		d	a	0		undefined FUN_7100613da0(long param_1)
7100613db0	16	FUN_7100613db0		d	a	0		undefined FUN_7100613db0(long param_1)
7100613dc0	16	FUN_7100613dc0		d	a	0		undefined FUN_7100613dc0(long param_1)
7100613dd0	8	FUN_7100613dd0		d	a	0		undefined4 FUN_7100613dd0(long param_1)
7100613dd8	8	FUN_7100613dd8		d	a	0		undefined FUN_7100613dd8(long param_1, undefined4 param_2)
7100613de0	8	FUN_7100613de0		d	a	0		undefined4 FUN_7100613de0(long param_1)
7100613de8	8	FUN_7100613de8		d	a	0		undefined FUN_7100613de8(long param_1, undefined4 param_2)
7100613df0	32	FUN_7100613df0		d	a	0		undefined FUN_7100613df0(ulong * param_1, long param_2)
7100613e10	172	FUN_7100613e10		d	a	0		undefined FUN_7100613e10(long param_1, byte * param_2)
7100613ebc	4	FUN_7100613ebc		d	a	0		undefined FUN_7100613ebc(void)
7100613ec0	4	FUN_7100613ec0		d	a	0		undefined FUN_7100613ec0(void)
7100613ec4	4	FUN_7100613ec4		d	a	0		undefined FUN_7100613ec4(void)
7100613f5c	460	FUN_7100613f5c		d	a	0	ST_PARTIAL,SYS_COLLISION	undefined FUN_7100613f5c(void)
7100614128	40	FUN_7100614128		d	a	0		undefined FUN_7100614128(undefined8 * param_1)
7100614150	516	FUN_7100614150		d	a	0		undefined FUN_7100614150(void)
7100614510	220	FUN_7100614510		d	a	0		undefined FUN_7100614510(void)
71006145ec	56	FUN_71006145ec		d	a	0		undefined FUN_71006145ec(void)
7100614624	92	FUN_7100614624		d	a	0	ST_PARTIAL,SYS_COLLISION	undefined FUN_7100614624(void)
71006146a4	20	FUN_71006146a4		d	a	0		undefined8 FUN_71006146a4(void)
71006146b8	16	FUN_71006146b8		d	a	0		undefined1 FUN_71006146b8(void)
71006146c8	16	FUN_71006146c8		d	a	0		undefined4 FUN_71006146c8(void)
71006146e0	228	FUN_71006146e0		d	a	0		undefined FUN_71006146e0(long param_1, undefined8 param_2)
71006147d0	92	FUN_71006147d0		d	a	0		undefined FUN_71006147d0(long param_1, long param_2)
7100614830	172	FUN_7100614830		d	a	0		undefined FUN_7100614830(undefined8 * param_1, long param_2, long param_3, byte * param_4, ulong param_5)
71006148e0	228	FUN_71006148e0		d	a	0		undefined FUN_71006148e0(long param_1, undefined8 param_2)
71006149d0	92	FUN_71006149d0		d	a	0		undefined FUN_71006149d0(long param_1, long param_2)
7100614a30	156	FUN_7100614a30		d	a	0	ST_PARTIAL,SYS_COLLISION	undefined FUN_7100614a30(long param_1, long param_2)
7100614ad0	204	FUN_7100614ad0		d	a	0		undefined FUN_7100614ad0(long param_1, long param_2)
7100614b9c	72	FUN_7100614b9c		d	a	0		undefined FUN_7100614b9c(undefined8 * param_1)
7100614be4	56	FUN_7100614be4		d	a	0		undefined FUN_7100614be4(undefined8 * param_1)
7100614c1c	56	FUN_7100614c1c		d	a	0		undefined FUN_7100614c1c(undefined8 * param_1)
7100614c54	132	FUN_7100614c54		d	a	0		undefined FUN_7100614c54(undefined8 * param_1)
7100614ce0	284	FUN_7100614ce0		d	a	0	ST_PARTIAL,SYS_COLLISION	undefined FUN_7100614ce0(long param_1, uint param_2)
7100614e08	132	FUN_7100614e08		d	a	0		undefined FUN_7100614e08(long * param_1)
7100614e8c	112	FUN_7100614e8c		d	a	0		undefined FUN_7100614e8c(long param_1)
7100614efc	416	FUN_7100614efc		d	a	0		undefined FUN_7100614efc(long * param_1, undefined8 param_2, long param_3, undefined4 param_4)
710061509c	184	CreateRigidBody	nn::bezel::PhysicsModule	a	a	0		undefined CreateRigidBody(long * param_1, undefined8 param_2, long param_3)
7100615154	396	GetCurrentWorld	nn::bezel::PhysicsModule	a	a	0		undefined GetCurrentWorld(undefined8 * param_1)
71006152e0	476	FUN_71006152e0		d	a	0		undefined FUN_71006152e0(long * param_1, undefined4 param_2, undefined4 param_3, undefined4 param_4, undefined4 param_5, undefined8 param_6, long param_7, float * param_8, undefined4 param_9)
71006154bc	492	FUN_71006154bc		d	a	0		undefined FUN_71006154bc(long * param_1, undefined4 param_2, undefined4 param_3, undefined4 param_4, undefined4 param_5, undefined8 param_6, long param_7, float * param_8, undefined4 param_9, undefined4 param_10)
71006156a8	392	FUN_71006156a8		d	a	0		undefined FUN_71006156a8(long * param_1, undefined8 param_2, undefined4 param_3, long param_4, undefined8 * param_5)
7100615830	184	FUN_7100615830		d	a	0		undefined FUN_7100615830(long * param_1, undefined8 param_2, long param_3)
71006158e8	320	FUN_71006158e8		d	a	0		undefined FUN_71006158e8(long * param_1, undefined4 param_2, undefined4 param_3, undefined4 param_4, undefined4 param_5, undefined4 param_6, undefined8 param_7, long param_8, undefined8 * param_9, undefined8 * param_10)
7100615a28	248	FUN_7100615a28		d	a	0		undefined FUN_7100615a28(long * param_1, undefined8 param_2, CollisionShape * param_3)
7100615b20	336	FUN_7100615b20		d	a	0		undefined FUN_7100615b20(long * param_1, undefined4 param_2, undefined4 param_3, undefined4 param_4, undefined4 param_5, undefined4 param_6, undefined8 param_7, long param_8, undefined8 * param_9, undefined8 * param_10, undefined4 param_11)
7100615c70	344	FUN_7100615c70		d	a	0		undefined FUN_7100615c70(long * param_1, undefined4 param_2, undefined4 param_3, undefined4 param_4, undefined4 param_5, undefined4 param_6, undefined4 param_7, undefined8 param_8, long param_9, undefined8 * param_10, undefined8 * param_11, undefined4 param_12)
7100615dc8	188	FUN_7100615dc8		d	a	0		undefined FUN_7100615dc8(long * param_1, undefined8 param_2, CollisionShape * param_3, long * param_4)
7100615e84	8	CreateRuntimeConvexMesh	nn::bezel::PhysicsModule	a	a	0		undefined CreateRuntimeConvexMesh(undefined8 * param_1_00, undefined8 param_2, undefined8 * param_3)
7100615e8c	12	FUN_7100615e8c		d	a	0		undefined FUN_7100615e8c(long * param_1, undefined8 param_2, undefined1 * param_3, ulong param_4, undefined8 param_5, undefined8 param_6, undefined8 param_7, undefined8 param_8, undefined8 param_9)
7100615e98	112	FUN_7100615e98		d	a	0		uint FUN_7100615e98(undefined8 param_1, int param_2, uint param_3)
7100615f08	396	FUN_7100615f08		d	a	0	ST_PARTIAL,SYS_COLLISION	undefined FUN_7100615f08(undefined8 * param_1)
7100616094	112	EnableCollisionBetween	nn::bezel::PhysicsModule	a	a	0		undefined EnableCollisionBetween(undefined8 param_1_00, uint param_2, uint param_3)
7100616104	112	DisableCollisionBetween	nn::bezel::PhysicsModule	a	a	0		undefined DisableCollisionBetween(undefined8 param_1_00, uint param_2, uint param_3)
7100616180	120	DisableCollisionLayer	nn::bezel::PhysicsModule	a	a	0		undefined DisableCollisionLayer(undefined8 param_1_00, uint param_2)
71006161fc	108	FUN_71006161fc		d	a	0		undefined FUN_71006161fc(undefined8 param_1, uint param_2, uint param_3)
7100616270	116	FUN_7100616270		d	a	0		undefined FUN_7100616270(undefined8 param_1, uint param_2)
71006162e8	80	ResetCollisionLayer	nn::bezel::PhysicsModule	a	a	0		undefined ResetCollisionLayer(void)
7100616338	104	FUN_7100616338		d	a	0		undefined4 FUN_7100616338(undefined8 param_1, int param_2)
71006163a0	108	SetCollisionLayerBitMask	nn::bezel::PhysicsModule	a	a	0		undefined SetCollisionLayerBitMask(undefined8 param_1, uint param_2, uint param_3)
710061640c	128	FUN_710061640c		d	a	0		undefined FUN_710061640c(undefined8 param_1, uint param_2, uint param_3, uint param_4)
710061648c	104	FUN_710061648c		d	a	0		undefined4 FUN_710061648c(undefined8 param_1, uint param_2)
71006164f4	68	FUN_71006164f4		d	a	0		undefined FUN_71006164f4(long * param_1, undefined8 param_2, long * param_3, long * param_4)
7100616540	672	FUN_7100616540		d	a	0		undefined FUN_7100616540(long * param_1, long * param_2, long * param_3)
71006167e0	68	CreatePhysicsConstraintFixed	nn::bezel::PhysicsModule	a	a	0		undefined CreatePhysicsConstraintFixed(long * param_1, undefined8 param_2_00, long * param_3, long * param_4)
7100616830	280	FUN_7100616830		d	a	0		undefined FUN_7100616830(long * param_1, long * param_2, long * param_3)
7100616948	68	FUN_7100616948		d	a	0		undefined FUN_7100616948(long * param_1, undefined8 param_2, long * param_3, long * param_4)
7100616990	672	FUN_7100616990		d	a	0		undefined FUN_7100616990(long * param_1, long * param_2, long * param_3)
7100616c30	68	CreatePhysicsConstraintDistance	nn::bezel::PhysicsModule	a	a	0		undefined CreatePhysicsConstraintDistance(long * param_1, undefined8 param_2_00, long * param_3, long * param_4)
7100616c80	280	FUN_7100616c80		d	a	0		undefined FUN_7100616c80(long * param_1, long * param_2, long * param_3)
7100616d98	132	FUN_7100616d98		d	a	0		undefined FUN_7100616d98(long * param_1, undefined4 param_2, undefined4 param_3, undefined8 param_4, long * param_5, long * param_6)
7100616e20	672	FUN_7100616e20		d	a	0		undefined FUN_7100616e20(long * param_1, long * param_2, long * param_3)
71006170c0	132	FUN_71006170c0		d	a	0		undefined FUN_71006170c0(long * param_1, undefined4 param_2, undefined4 param_3, undefined8 param_4, long * param_5, long * param_6)
7100617150	280	FUN_7100617150		d	a	0		undefined FUN_7100617150(long * param_1, long * param_2, long * param_3)
7100617268	132	FUN_7100617268		d	a	0		undefined FUN_7100617268(long * param_1, undefined4 param_2, undefined4 param_3, undefined8 param_4, long * param_5, long * param_6)
71006172f0	672	FUN_71006172f0		d	a	0		undefined FUN_71006172f0(long * param_1, long * param_2, long * param_3)
7100617590	132	FUN_7100617590		d	a	0		undefined FUN_7100617590(long * param_1, undefined4 param_2, undefined4 param_3, undefined8 param_4, long * param_5, long * param_6)
7100617620	280	FUN_7100617620		d	a	0		undefined FUN_7100617620(long * param_1, long * param_2, long * param_3)
7100617738	132	FUN_7100617738		d	a	0		undefined FUN_7100617738(long * param_1, undefined4 param_2, undefined4 param_3, undefined8 param_4, long * param_5, long * param_6)
71006177c0	672	FUN_71006177c0		d	a	0		undefined FUN_71006177c0(long * param_1, long * param_2, long * param_3)
7100617a60	132	FUN_7100617a60		d	a	0		undefined FUN_7100617a60(long * param_1, undefined4 param_2, undefined4 param_3, undefined8 param_4, long * param_5, long * param_6)
7100617af0	280	FUN_7100617af0		d	a	0		undefined FUN_7100617af0(long * param_1, long * param_2, long * param_3)
7100617c08	68	FUN_7100617c08		d	a	0		undefined FUN_7100617c08(long * param_1, undefined8 param_2, long * param_3, long * param_4)
7100617c50	672	FUN_7100617c50		d	a	0		undefined FUN_7100617c50(long * param_1, long * param_2, long * param_3)
7100617ef0	68	FUN_7100617ef0		d	a	0		undefined FUN_7100617ef0(long * param_1, undefined8 param_2, long * param_3, long * param_4)
7100617f40	280	FUN_7100617f40		d	a	0		undefined FUN_7100617f40(long * param_1, long * param_2, long * param_3)
7100618058	228	FUN_7100618058		d	a	0		undefined FUN_7100618058(long * param_1, undefined8 param_2, long * param_3, long * param_4, undefined4 param_5)
710061813c	228	FUN_710061813c		d	a	0		undefined FUN_710061813c(long * param_1, undefined8 param_2, long * param_3, long * param_4, undefined4 param_5)
7100618220	120	FUN_7100618220		d	a	0		undefined FUN_7100618220(void)
7100618298	96	GetGravity	nn::bezel::PhysicsModule	a	a	0		undefined1[16] GetGravity(void)
71006182f8	100	SetGravity	nn::bezel::PhysicsModule	a	a	0		undefined SetGravity(undefined8 param_1_00, undefined8 * param_2)
710061835c	100	FUN_710061835c		d	a	0		undefined FUN_710061835c(void)
71006183c0	96	CastRay	nn::bezel::PhysicsModule	a	a	0	ST_PARTIAL,SYS_COLLISION	uint CastRay(undefined8 param_1_00, undefined8 param_2, undefined8 * param_3)
7100618420	112	CastRayAll	nn::bezel::PhysicsModule	a	a	0	ST_PARTIAL,SYS_COLLISION	int CastRayAll(undefined8 param_1_00, undefined8 * param_2, undefined4 param_3, undefined8 * param_4)
7100618490	96	CastShape	nn::bezel::PhysicsModule	a	a	0	ST_PARTIAL,SYS_COLLISION	uint CastShape(undefined8 param_1_00, undefined8 param_2, long param_3)
71006184f0	112	CastShapeAll	nn::bezel::PhysicsModule	a	a	0	ST_PARTIAL,SYS_COLLISION	int CastShapeAll(undefined8 param_1_00, undefined8 * param_2, undefined4 param_3, long param_4)
7100618560	112	Overlap	nn::bezel::PhysicsModule	a	a	0	ST_PARTIAL,SYS_COLLISION	undefined4 Overlap(undefined8 param_1_00, undefined8 param_2, undefined4 param_3, long param_4)
71006185d0	108	FUN_71006185d0		d	a	0		undefined FUN_71006185d0(long param_1)
710061863c	112	FUN_710061863c		d	a	0		undefined FUN_710061863c(long param_1, undefined4 param_2)
71006186ac	8	FUN_71006186ac		d	a	0		undefined1 FUN_71006186ac(long param_1)
71006186b4	8	FUN_71006186b4		d	a	0		undefined FUN_71006186b4(long param_1, undefined1 param_2)
7100618810	360	FUN_7100618810		d	a	0		undefined FUN_7100618810(long * param_1, long param_2)
7100618a14	4	FUN_7100618a14		d	a	0		undefined FUN_7100618a14(void)
7100618a18	60	FUN_7100618a18		d	a	0		undefined FUN_7100618a18(undefined8 * param_1, ulong param_2, ulong param_3)
7100618a54	60	FUN_7100618a54		d	a	0		undefined FUN_7100618a54(undefined8 * param_1, ulong param_2, ulong param_3)
7100618aa4	4	FUN_7100618aa4		d	a	0		undefined FUN_7100618aa4(void)
7100618aa8	96	FUN_7100618aa8		d	a	0		undefined FUN_7100618aa8(undefined8 * param_1, ulong param_2, ulong param_3, long param_4)
7100618b08	96	FUN_7100618b08		d	a	0		undefined FUN_7100618b08(undefined8 * param_1, ulong param_2, ulong param_3, long param_4)
7100618b80	56	FUN_7100618b80		d	a	0		undefined FUN_7100618b80(void)
7100618bb8	56	FUN_7100618bb8		d	a	0		undefined FUN_7100618bb8(long * param_1)
7100618bf0	296	FUN_7100618bf0		d	a	0		undefined FUN_7100618bf0(long * param_1)
7100618d20	36	FUN_7100618d20		d	a	0		undefined FUN_7100618d20(long * param_1)
71006191a4	44	FUN_71006191a4		d	a	0		undefined FUN_71006191a4(long param_1, long * param_2)
71006191d0	64	FUN_71006191d0		d	a	0		undefined FUN_71006191d0(long * param_1)
7100619230	368	FUN_7100619230		d	a	0		undefined FUN_7100619230(long * param_1)
71006193a0	36	FUN_71006193a0		d	a	0		undefined FUN_71006193a0(long * param_1)
710061941c	320	FUN_710061941c		d	a	0		Collision * FUN_710061941c(CollisionShape * param_1, long param_2)
7100619560	904	FUN_7100619560		d	a	0		long * FUN_7100619560(undefined4 param_1, undefined4 param_2, float param_3, undefined4 param_4, undefined4 param_5, long param_6, long param_7, undefined8 * param_8, undefined8 * param_9, undefined4 * param_10, undefined8 * param_11, undefined8 * param_12, undefined4 param_13, undefined4 param_14)
71006198e8	76	FUN_71006198e8		d	a	0		undefined FUN_71006198e8(Collision * param_1, int param_2)
7100619934	1268	FUN_7100619934		d	a	0		long * FUN_7100619934(long param_1, undefined4 * param_2)
7100619e28	248	FUN_7100619e28		d	a	0		undefined FUN_7100619e28(undefined4 param_1, undefined4 param_2, long * param_3, long * param_4, long param_5, long param_6, long * param_7)
7100619f20	148	FUN_7100619f20		d	a	0		undefined FUN_7100619f20(long * param_1)
7100619fb4	36	FUN_7100619fb4		d	a	0		undefined FUN_7100619fb4(long * param_1)
7100619fd8	68	FUN_7100619fd8		d	a	0		undefined1[16] FUN_7100619fd8(long param_1)
710061a01c	148	FUN_710061a01c		d	a	0		undefined FUN_710061a01c(long param_1, undefined8 * param_2)
710061a0b0	60	FUN_710061a0b0		d	a	0		undefined1[16] FUN_710061a0b0(undefined1[16] param_1, undefined1[16] param_2, undefined1[16] param_3, long param_4)
710061a0ec	148	FUN_710061a0ec		d	a	0		undefined FUN_710061a0ec(long param_1, undefined8 * param_2)
710061a180	8	FUN_710061a180		d	a	0		undefined4 FUN_710061a180(long param_1)
710061a188	152	FUN_710061a188		d	a	0		float FUN_710061a188(long param_1)
710061a220	16	FUN_710061a220		d	a	0		undefined FUN_710061a220(long param_1)
710061a230	16	FUN_710061a230		d	a	0		undefined FUN_710061a230(long param_1)
710061a240	16	FUN_710061a240		d	a	0		undefined FUN_710061a240(long param_1)
710061a250	16	FUN_710061a250		d	a	0		undefined FUN_710061a250(long param_1)
710061a260	76	FUN_710061a260		d	a	0		undefined1[16] FUN_710061a260(long param_1)
710061a2ac	64	FUN_710061a2ac		d	a	0		undefined FUN_710061a2ac(long param_1, undefined8 * param_2)
710061a2ec	16	FUN_710061a2ec		d	a	0		undefined FUN_710061a2ec(long param_1)
710061a2fc	16	FUN_710061a2fc		d	a	0		undefined FUN_710061a2fc(long param_1)
710061a30c	656	FUN_710061a30c		d	a	0		float FUN_710061a30c(long param_1)
710061a59c	204	FUN_710061a59c		d	a	0		undefined FUN_710061a59c(float param_1, long param_2)
710061a668	16	FUN_710061a668		d	a	0		undefined FUN_710061a668(long param_1)
710061a678	16	FUN_710061a678		d	a	0		undefined FUN_710061a678(long param_1)
710061a688	8	FUN_710061a688		d	a	0		undefined FUN_710061a688(undefined4 param_1, long param_2)
710061a690	8	FUN_710061a690		d	a	0		undefined4 FUN_710061a690(long param_1)
710061a698	16	FUN_710061a698		d	a	0		uint FUN_710061a698(float param_1, long param_2, undefined8 * param_3)
710061a6b0	2456	FUN_710061a6b0		d	a	0		uint FUN_710061a6b0(float param_1, float param_2, long param_3, undefined8 * param_4, ulong param_5, ulong param_6)
710061b048	12	FUN_710061b048		d	a	0		uint FUN_710061b048(float param_1, float param_2, long param_3, undefined8 * param_4)
710061b054	12	FUN_710061b054		d	a	0		uint FUN_710061b054(float param_1, float param_2, long param_3, undefined8 * param_4, ulong param_5)
710061b060	12	FUN_710061b060		d	a	0		byte FUN_710061b060(long param_1)
710061b06c	12	FUN_710061b06c		d	a	0		uint FUN_710061b06c(long param_1)
710061b078	64	FUN_710061b078		d	a	0		undefined FUN_710061b078(undefined4 param_1, long param_2, undefined8 * param_3)
710061b0b8	328	FUN_710061b0b8		d	a	0		undefined FUN_710061b0b8(undefined4 param_1, long param_2, undefined8 * param_3)
710061b200	16	FUN_710061b200		d	a	0		undefined FUN_710061b200(undefined4 param_1, long param_2, undefined8 * param_3)
710061b210	224	FUN_710061b210		d	a	0		undefined FUN_710061b210(undefined4 param_1, double param_2, double param_3, long param_4, undefined8 * param_5)
710061b2f0	140	FUN_710061b2f0		d	a	0		undefined FUN_710061b2f0(undefined4 param_1, long param_2, undefined8 * param_3)
710061b37c	132	FUN_710061b37c		d	a	0		undefined FUN_710061b37c(undefined4 param_1, double param_2, double param_3, long param_4, undefined8 * param_5)
710061b400	148	FUN_710061b400		d	a	0		undefined8 FUN_710061b400(long * param_1)
710061b494	40	FUN_710061b494		d	a	0		undefined FUN_710061b494(Collision * param_1)
710061b4dc	84	FUN_710061b4dc		d	a	0		undefined FUN_710061b4dc(long param_1)
710061b530	84	FUN_710061b530		d	a	0		undefined FUN_710061b530(long param_1)
710061b584	108	FUN_710061b584		d	a	0		undefined1[16] FUN_710061b584(undefined1[16] param_1, double param_2, double param_3, long param_4)
710061b6dc	40	FUN_710061b6dc		d	a	0		undefined1[16] FUN_710061b6dc(Collision * param_1)
710061b704	40	FUN_710061b704		d	a	0		undefined FUN_710061b704(long * param_1)
710061b964	12	FUN_710061b964		d	a	0		undefined FUN_710061b964(undefined4 * param_1, long param_2)
710061b970	8	FUN_710061b970		d	a	0		undefined FUN_710061b970(Collision * param_1, int * param_2)
710061b978	44	FUN_710061b978		d	a	0		undefined FUN_710061b978(undefined8 param_1, long param_2, undefined8 * param_3)
710061b9a4	88	FUN_710061b9a4		d	a	0		undefined FUN_710061b9a4(long * param_1, long * param_2, char * param_3)
710061b9fc	388	FUN_710061b9fc		d	a	0		undefined FUN_710061b9fc(undefined8 param_1, long * param_2, undefined8 * param_3)
710061bb80	100	FUN_710061bb80		d	a	0		undefined FUN_710061bb80(long * param_1, long * param_2, char * param_3)
710061bbe4	12	FUN_710061bbe4		d	a	0		undefined FUN_710061bbe4(undefined8 param_1, long param_2, undefined8 * param_3)
710061bbf0	4	FUN_710061bbf0		d	a	0		undefined FUN_710061bbf0(void)
710061bbf4	12	FUN_710061bbf4		d	a	0		undefined FUN_710061bbf4(undefined4 * param_1, long param_2)
710061bc00	4	FUN_710061bc00		d	a	0		undefined FUN_710061bc00(void)
710061bc04	48	FUN_710061bc04		d	a	0		undefined FUN_710061bc04(undefined4 * param_1, long param_2)
710061bc34	40	FUN_710061bc34		d	a	0		undefined FUN_710061bc34(long param_1, float * param_2, char * param_3)
710061bc5c	72	FUN_710061bc5c		d	a	0		undefined FUN_710061bc5c(float * param_1, long param_2)
710061bca4	4	FUN_710061bca4		d	a	0		undefined FUN_710061bca4(void)
710061bca8	48	FUN_710061bca8		d	a	0		undefined FUN_710061bca8(undefined4 * param_1, long param_2)
710061bcd8	40	FUN_710061bcd8		d	a	0		undefined FUN_710061bcd8(long param_1, float * param_2, char * param_3)
710061bd00	12	FUN_710061bd00		d	a	0		undefined FUN_710061bd00(undefined4 * param_1, long param_2)
710061bd0c	4	FUN_710061bd0c		d	a	0		undefined FUN_710061bd0c(void)
710061bd10	12	FUN_710061bd10		d	a	0		undefined FUN_710061bd10(undefined4 * param_1, long param_2)
710061bd1c	20	FUN_710061bd1c		d	a	0		undefined FUN_710061bd1c(long param_1, float * param_2)
710061bd44	168	FUN_710061bd44		d	a	0		undefined FUN_710061bd44(undefined1 * param_1, undefined8 param_2, long * param_3, long * param_4)
710061be08	96	FUN_710061be08		d	a	0		bool FUN_710061be08(long param_1)
710061becc	324	FUN_710061becc		d	a	0		uint FUN_710061becc(long param_1)
710061c010	108	FUN_710061c010		d	a	0		bool FUN_710061c010(long param_1)
710061c0f0	168	FUN_710061c0f0		d	a	0		undefined FUN_710061c0f0(long * param_1, char param_2)
710061c198	868	FUN_710061c198		d	a	0		undefined FUN_710061c198(undefined8 param_1, undefined8 * param_2)
710061c4fc	132	FUN_710061c4fc		d	a	0		undefined FUN_710061c4fc(undefined8 param_1, undefined8 * param_2)
710061c588	480	FUN_710061c588		d	a	0		undefined FUN_710061c588(undefined8 * param_1, long param_2, long param_3)
710061c768	20	IsDerivedFrom	nn::bezel::detail::StaticTypeDesc<nn::bezel::MessageParamCharacterCollisionHit,true>	a	a	0		bool IsDerivedFrom(undefined1 * param_1)
710061c77c	8	GetBaseTypeDesc	nn::bezel::detail::StaticTypeDesc<nn::bezel::MessageParamCharacterCollisionHit,true>	a	a	0		undefined8 GetBaseTypeDesc(void)
710061c784	8	GetNextBaseTypeDesc	nn::bezel::detail::StaticTypeDesc<nn::bezel::MessageParamCharacterCollisionHit,true>	a	a	0		undefined8 GetNextBaseTypeDesc(void)
710061c78c	8	CastTo	nn::bezel::detail::StaticTypeDesc<nn::bezel::MessageParamCharacterCollisionHit,true>	a	a	0		undefined8 CastTo(undefined8 param_1, undefined8 param_2)
710061c794	8	CastToConst	nn::bezel::detail::StaticTypeDesc<nn::bezel::MessageParamCharacterCollisionHit,true>	a	a	0		undefined8 CastToConst(undefined8 param_1, undefined8 param_2)
710061c79c	340	FUN_710061c79c		d	a	0		undefined FUN_710061c79c(undefined8 * param_1, long param_2)
710061c924	396	FUN_710061c924		d	a	0		undefined FUN_710061c924(undefined8 * param_1, long * param_2)
710061cab0	32	FUN_710061cab0		d	a	0		undefined FUN_710061cab0(undefined8 * param_1)
710061cad0	48	FUN_710061cad0		d	a	0		undefined FUN_710061cad0(undefined8 * param_1)
710061cb00	36	FUN_710061cb00		d	a	0		undefined FUN_710061cb00(undefined8 * param_1)
710061cb24	8	FUN_710061cb24		d	a	0		undefined1 FUN_710061cb24(long param_1)
710061cb2c	168	FUN_710061cb2c		d	a	0		undefined FUN_710061cb2c(long param_1, CollisionShape * param_2)
710061cbd4	32	FUN_710061cbd4		d	a	0		undefined4 FUN_710061cbd4(long param_1)
710061cbf4	32	FUN_710061cbf4		d	a	0		undefined4 FUN_710061cbf4(long param_1)
710061cc14	36	FUN_710061cc14		d	a	0		undefined1[16] FUN_710061cc14(long param_1)
710061cc38	52	FUN_710061cc38		d	a	0		undefined FUN_710061cc38(CollisionShape * param_1, long param_2)
710061cc6c	8	FUN_710061cc6c		d	a	0		undefined1 FUN_710061cc6c(long param_1)
710061cc74	104	FUN_710061cc74		d	a	0		undefined FUN_710061cc74(long param_1, uint param_2)
710061ccdc	24	FUN_710061ccdc		d	a	0		undefined4 FUN_710061ccdc(long param_1)
710061ccf4	28	FUN_710061ccf4		d	a	0		undefined FUN_710061ccf4(float param_1, long param_2)
710061cd10	24	FUN_710061cd10		d	a	0		undefined4 FUN_710061cd10(long param_1)
710061cd28	28	FUN_710061cd28		d	a	0		undefined FUN_710061cd28(float param_1, long param_2)
710061cd44	32	FUN_710061cd44		d	a	0		undefined1[16] FUN_710061cd44(long param_1)
710061cd64	36	FUN_710061cd64		d	a	0		undefined FUN_710061cd64(long param_1, undefined1[16] * param_2)
710061cd88	12	FUN_710061cd88		d	a	0		undefined * FUN_710061cd88(void)
710061cdd8	8	FUN_710061cdd8		d	a	0		long FUN_710061cdd8(long param_1)
710061cde0	8	FUN_710061cde0		d	a	0		long FUN_710061cde0(long param_1)
710061ce50	516	FUN_710061ce50		d	a	0		undefined FUN_710061ce50(undefined8 * param_1, undefined8 * param_2)
710061d054	24	FUN_710061d054		d	a	0		undefined FUN_710061d054(undefined8 * param_1, undefined8 param_2)
710061d06c	32	FUN_710061d06c		d	a	0		undefined FUN_710061d06c(undefined8 * param_1)
710061d08c	36	FUN_710061d08c		d	a	0		undefined FUN_710061d08c(undefined8 * param_1)
710061d0b0	64	FUN_710061d0b0		d	a	0		undefined FUN_710061d0b0(long * param_1)
710061df30	432	FUN_710061df30		d	a	0		undefined FUN_710061df30(long * param_1)
710061e0f0	60	FUN_710061e0f0		d	a	0		undefined FUN_710061e0f0(long * param_1)
710061e130	560	FUN_710061e130		d	a	0		undefined FUN_710061e130(long * param_1, uint param_2)
710061e370	360	FUN_710061e370		d	a	0		undefined FUN_710061e370(long param_1)
710061e4e0	76	FUN_710061e4e0		d	a	0		undefined FUN_710061e4e0(long * param_1, undefined8 * param_2)
710061e530	216	FUN_710061e530		d	a	0		undefined FUN_710061e530(long * param_1, undefined8 param_2)
710061e610	92	FUN_710061e610		d	a	0		undefined FUN_710061e610(long * param_1, long param_2)
710061e66c	20	FUN_710061e66c		d	a	0		undefined FUN_710061e66c(long param_1, undefined8 * param_2)
710061e680	8	FUN_710061e680		d	a	0		undefined8 FUN_710061e680(long param_1)
710061e688	8	FUN_710061e688		d	a	0		undefined8 FUN_710061e688(long param_1)
710061e690	468	FUN_710061e690		d	a	0		undefined8 FUN_710061e690(long param_1, long * param_2, long param_3, long param_4, ulong * param_5, void * param_6, ulong param_7, long * param_8, long * param_9)
710061e874	12	FUN_710061e874		d	a	0		undefined FUN_710061e874(void)
710061e8b0	64	FUN_710061e8b0		d	a	0		undefined FUN_710061e8b0(undefined8 param_1, undefined8 * param_2)
710061e8f0	4	FUN_710061e8f0		d	a	0		undefined FUN_710061e8f0(void)
710061e8f4	112	FUN_710061e8f4		d	a	0		undefined FUN_710061e8f4(undefined8 * param_1, ulong param_2, ulong param_3, long param_4)
710061e964	112	FUN_710061e964		d	a	0		undefined FUN_710061e964(undefined8 * param_1, ulong param_2, ulong param_3, long param_4)
710061e9e0	124	FUN_710061e9e0		d	a	0		undefined FUN_710061e9e0(long param_1, int * param_2)
710061eb80	168	FUN_710061eb80		d	a	0		undefined FUN_710061eb80(long * param_1)
710061ec28	36	FUN_710061ec28		d	a	0		undefined FUN_710061ec28(long * param_1)
710061ec4c	112	FUN_710061ec4c		d	a	0		undefined FUN_710061ec4c(long param_1, undefined1 param_2)
710061ecc0	124	FUN_710061ecc0		d	a	0		undefined FUN_710061ecc0(long param_1)
710061ed40	228	FUN_710061ed40		d	a	0		undefined FUN_710061ed40(long param_1)
710061ef30	260	FUN_710061ef30		d	a	0		undefined FUN_710061ef30(long param_1, undefined8 param_2)
710061f1d0	560	FUN_710061f1d0		d	a	0		undefined FUN_710061f1d0(long param_1, int * param_2)
710061f400	312	FUN_710061f400		d	a	0		undefined FUN_710061f400(long * param_1)
710061f538	4	FUN_710061f538		d	a	0		undefined FUN_710061f538(void)
710061f53c	92	FUN_710061f53c		d	a	0		undefined FUN_710061f53c(undefined8 * param_1, ulong param_2, ulong param_3, long param_4)
710061f598	92	FUN_710061f598		d	a	0		undefined FUN_710061f598(undefined8 * param_1, ulong param_2, ulong param_3, long param_4)
710061f600	1300	FUN_710061f600		d	a	0		undefined FUN_710061f600(ulong * param_1)
710061fb20	352	FUN_710061fb20		d	a	0		undefined FUN_710061fb20(ulong * param_1, undefined8 * param_2)
710061fc80	384	FUN_710061fc80		d	a	0		undefined FUN_710061fc80(long * param_1, undefined8 * param_2)
7100620890	540	FUN_7100620890		d	a	0		undefined FUN_7100620890(long param_1)
7100620abc	84	FUN_7100620abc		d	a	0		undefined FUN_7100620abc(long * param_1)
7100620b10	80	FUN_7100620b10		d	a	0		undefined FUN_7100620b10(long * param_1)
7100620b60	712	FUN_7100620b60		d	a	0		undefined FUN_7100620b60(long * param_1, long * param_2, undefined8 * param_3, ushort * param_4, uint param_5)
7100620e28	20	IsDerivedFrom	nn::bezel::detail::StaticTypeDesc<nn::bezel::MessageParamCollisionEntered,true>	a	a	0		bool IsDerivedFrom(undefined1 * param_1)
7100620e3c	8	GetBaseTypeDesc	nn::bezel::detail::StaticTypeDesc<nn::bezel::MessageParamCollisionEntered,true>	a	a	0		undefined8 GetBaseTypeDesc(void)
7100620e44	8	GetNextBaseTypeDesc	nn::bezel::detail::StaticTypeDesc<nn::bezel::MessageParamCollisionEntered,true>	a	a	0		undefined8 GetNextBaseTypeDesc(void)
7100620e4c	8	CastTo	nn::bezel::detail::StaticTypeDesc<nn::bezel::MessageParamCollisionEntered,true>	a	a	0		undefined8 CastTo(undefined8 param_1, undefined8 param_2)
7100620e54	8	CastToConst	nn::bezel::detail::StaticTypeDesc<nn::bezel::MessageParamCollisionEntered,true>	a	a	0		undefined8 CastToConst(undefined8 param_1, undefined8 param_2)
7100620e5c	20	IsDerivedFrom	nn::bezel::detail::StaticTypeDesc<nn::bezel::MessageParamCollisionStay,true>	a	a	0		bool IsDerivedFrom(undefined1 * param_1)
7100620e70	8	GetBaseTypeDesc	nn::bezel::detail::StaticTypeDesc<nn::bezel::MessageParamCollisionStay,true>	a	a	0		undefined8 GetBaseTypeDesc(void)
7100620e78	8	GetNextBaseTypeDesc	nn::bezel::detail::StaticTypeDesc<nn::bezel::MessageParamCollisionStay,true>	a	a	0		undefined8 GetNextBaseTypeDesc(void)
7100620e80	8	CastTo	nn::bezel::detail::StaticTypeDesc<nn::bezel::MessageParamCollisionStay,true>	a	a	0		undefined8 CastTo(undefined8 param_1, undefined8 param_2)
7100620e88	8	CastToConst	nn::bezel::detail::StaticTypeDesc<nn::bezel::MessageParamCollisionStay,true>	a	a	0		undefined8 CastToConst(undefined8 param_1, undefined8 param_2)
7100620e90	20	IsDerivedFrom	nn::bezel::detail::StaticTypeDesc<nn::bezel::MessageParamCollisionLeft,true>	a	a	0		bool IsDerivedFrom(undefined1 * param_1)
7100620ea4	8	GetBaseTypeDesc	nn::bezel::detail::StaticTypeDesc<nn::bezel::MessageParamCollisionLeft,true>	a	a	0		undefined8 GetBaseTypeDesc(void)
7100620eac	8	GetNextBaseTypeDesc	nn::bezel::detail::StaticTypeDesc<nn::bezel::MessageParamCollisionLeft,true>	a	a	0		undefined8 GetNextBaseTypeDesc(void)
7100620eb4	8	CastTo	nn::bezel::detail::StaticTypeDesc<nn::bezel::MessageParamCollisionLeft,true>	a	a	0		undefined8 CastTo(undefined8 param_1, undefined8 param_2)
7100620ebc	8	CastToConst	nn::bezel::detail::StaticTypeDesc<nn::bezel::MessageParamCollisionLeft,true>	a	a	0		undefined8 CastToConst(undefined8 param_1, undefined8 param_2)
7100620ec4	20	IsDerivedFrom	nn::bezel::detail::StaticTypeDesc<nn::bezel::MessageParamTriggerEntered,true>	a	a	0		bool IsDerivedFrom(undefined1 * param_1)
7100620ed8	8	GetBaseTypeDesc	nn::bezel::detail::StaticTypeDesc<nn::bezel::MessageParamTriggerEntered,true>	a	a	0		undefined8 GetBaseTypeDesc(void)
7100620ee0	8	GetNextBaseTypeDesc	nn::bezel::detail::StaticTypeDesc<nn::bezel::MessageParamTriggerEntered,true>	a	a	0		undefined8 GetNextBaseTypeDesc(void)
7100620ee8	8	CastTo	nn::bezel::detail::StaticTypeDesc<nn::bezel::MessageParamTriggerEntered,true>	a	a	0		undefined8 CastTo(undefined8 param_1, undefined8 param_2)
7100620ef0	8	CastToConst	nn::bezel::detail::StaticTypeDesc<nn::bezel::MessageParamTriggerEntered,true>	a	a	0		undefined8 CastToConst(undefined8 param_1, undefined8 param_2)
7100620ef8	20	IsDerivedFrom	nn::bezel::detail::StaticTypeDesc<nn::bezel::MessageParamTriggerLeft,true>	a	a	0		bool IsDerivedFrom(undefined1 * param_1)
7100620f0c	8	GetBaseTypeDesc	nn::bezel::detail::StaticTypeDesc<nn::bezel::MessageParamTriggerLeft,true>	a	a	0		undefined8 GetBaseTypeDesc(void)
7100620f14	8	GetNextBaseTypeDesc	nn::bezel::detail::StaticTypeDesc<nn::bezel::MessageParamTriggerLeft,true>	a	a	0		undefined8 GetNextBaseTypeDesc(void)
7100620f1c	8	CastTo	nn::bezel::detail::StaticTypeDesc<nn::bezel::MessageParamTriggerLeft,true>	a	a	0		undefined8 CastTo(undefined8 param_1, undefined8 param_2)
7100620f24	8	CastToConst	nn::bezel::detail::StaticTypeDesc<nn::bezel::MessageParamTriggerLeft,true>	a	a	0		undefined8 CastToConst(undefined8 param_1, undefined8 param_2)
7100620f2c	96	FUN_7100620f2c		d	a	0		undefined FUN_7100620f2c(long * param_1, undefined4 param_2, undefined1 * param_3, long param_4)
7100620f90	360	FUN_7100620f90		d	a	0		undefined FUN_7100620f90(long * param_1, long param_2)
7100621100	208	FUN_7100621100		d	a	0		undefined FUN_7100621100(long * param_1)
71006211d0	36	FUN_71006211d0		d	a	0		undefined FUN_71006211d0(long * param_1)
7100621648	96	FUN_7100621648		d	a	0		undefined FUN_7100621648(long * param_1, undefined4 param_2, undefined1 * param_3, long param_4)
71006216b0	360	FUN_71006216b0		d	a	0		undefined FUN_71006216b0(long * param_1, long param_2)
7100621820	208	FUN_7100621820		d	a	0		undefined FUN_7100621820(long * param_1)
71006218f0	36	FUN_71006218f0		d	a	0		undefined FUN_71006218f0(long * param_1)
7100621914	432	FUN_7100621914		d	a	0		undefined FUN_7100621914(long * param_1, long param_2, long param_3, long * param_4)
7100621ad0	208	FUN_7100621ad0		d	a	0		undefined FUN_7100621ad0(undefined8 * param_1)
7100621ba0	36	FUN_7100621ba0		d	a	0		undefined FUN_7100621ba0(undefined8 * param_1)
7100621bd0	332	FUN_7100621bd0		d	a	0		undefined FUN_7100621bd0(undefined8 * param_1, long param_2)
7100621d20	256	FUN_7100621d20		d	a	0		undefined FUN_7100621d20(undefined8 * param_1, long param_2, ulong param_3, void * param_4, ulong param_5)
7100621e34	20	FUN_7100621e34		d	a	0		undefined FUN_7100621e34(undefined8 * param_1, long param_2)
7100621e48	8	FUN_7100621e48		d	a	0		long FUN_7100621e48(long param_1)
7100621e50	8	FUN_7100621e50		d	a	0		long FUN_7100621e50(long param_1)
7100621e58	416	FUN_7100621e58		d	a	0		undefined FUN_7100621e58(long * param_1, long * param_2)
7100622000	300	FUN_7100622000		d	a	0		undefined FUN_7100622000(long * param_1)
710062212c	36	FUN_710062212c		d	a	0		undefined FUN_710062212c(long * param_1)
7100622150	20	FUN_7100622150		d	a	0		undefined FUN_7100622150(undefined8 * param_1, long param_2)
7100622164	16	FUN_7100622164		d	a	0		ulong FUN_7100622164(long param_1)
7100622174	52	FUN_7100622174		d	a	0		undefined FUN_7100622174(undefined8 * param_1, long param_2, int param_3)
71006221b0	304	FUN_71006221b0		d	a	0		undefined FUN_71006221b0(long param_1, long param_2, long param_3, long * param_4, long * param_5, long * param_6)
71006222e0	424	FUN_71006222e0		d	a	0		undefined FUN_71006222e0(long * param_1, long * param_2)
7100622490	360	FUN_7100622490		d	a	0		undefined FUN_7100622490(long * param_1)
71006225f8	36	FUN_71006225f8		d	a	0		undefined FUN_71006225f8(long * param_1)
710062261c	28	FUN_710062261c		d	a	0		undefined FUN_710062261c(undefined8 * param_1, long param_2)
7100622638	8	FUN_7100622638		d	a	0		undefined4 FUN_7100622638(long param_1)
7100622640	140	FUN_7100622640		d	a	0		undefined FUN_7100622640(undefined8 * param_1, long param_2, int param_3)
71006226d0	700	FUN_71006226d0		d	a	0		undefined1[16] FUN_71006226d0(long param_1, long param_2, long param_3, void * param_4, ulong param_5, long * param_6, long * param_7, long * param_8)
7100622994	60	FUN_7100622994		d	a	0		undefined FUN_7100622994(long param_1)
71006229d0	656	FUN_71006229d0		d	a	0		undefined FUN_71006229d0(undefined1[16] param_1, undefined8 param_2, long * param_3, long * param_4, undefined4 param_5, char * param_6, long param_7, long * param_8, long * param_9)
7100622c60	360	FUN_7100622c60		d	a	0		undefined FUN_7100622c60(long * param_1, long param_2)
7100622dd0	272	FUN_7100622dd0		d	a	0		undefined FUN_7100622dd0(long * param_1)
7100622ee0	36	FUN_7100622ee0		d	a	0		undefined FUN_7100622ee0(long * param_1)
7100622f04	212	FUN_7100622f04		d	a	0		undefined1[16] FUN_7100622f04(long param_1)
7100622fd8	116	FUN_7100622fd8		d	a	0		undefined FUN_7100622fd8(long param_1, long * param_2)
7100623244	44	FUN_7100623244		d	a	0		undefined1[16] FUN_7100623244(long param_1)
7100623270	8	FUN_7100623270		d	a	0		undefined1 FUN_7100623270(long param_1)
7100623278	84	FUN_7100623278		d	a	0		undefined FUN_7100623278(long param_1, byte param_2)
71006232cc	8	FUN_71006232cc		d	a	0		undefined4 FUN_71006232cc(long param_1)
71006232d4	8	FUN_71006232d4		d	a	0		undefined FUN_71006232d4(long param_1)
71006232dc	8	FUN_71006232dc		d	a	0		undefined FUN_71006232dc(long param_1)
71006232e4	8	FUN_71006232e4		d	a	0		undefined FUN_71006232e4(long param_1)
71006232ec	28	FUN_71006232ec		d	a	0		undefined FUN_71006232ec(undefined8 * param_1, long param_2)
7100623308	8	FUN_7100623308		d	a	0		undefined FUN_7100623308(long param_1)
7100623310	20	FUN_7100623310		d	a	0		undefined FUN_7100623310(undefined8 * param_1, long param_2)
7100623324	80	FUN_7100623324		d	a	0		undefined FUN_7100623324(long param_1, undefined8 * param_2)
7100623380	316	FUN_7100623380		d	a	0		undefined FUN_7100623380(long param_1)
71006234c8	16	FUN_71006234c8		d	a	0		undefined4 FUN_71006234c8(long param_1, uint param_2)
71006234e0	328	FUN_71006234e0		d	a	0		undefined FUN_71006234e0(long param_1, byte param_2, ulong param_3, void * param_4, ulong param_5)
7100623640	228	FUN_7100623640		d	a	0		undefined FUN_7100623640(long param_1, undefined1 param_2, uint param_3)
7100623730	236	FUN_7100623730		d	a	0		undefined1 FUN_7100623730(long param_1, ulong param_2, void * param_3, ulong param_4)
7100623824	20	FUN_7100623824		d	a	0		undefined FUN_7100623824(undefined8 * param_1, long param_2, ulong param_3)
7100623838	36	FUN_7100623838		d	a	0		undefined1[16] FUN_7100623838(undefined8 * param_1, undefined1[16] param_2, undefined8 param_3, long param_4, uint param_5, char * param_6, long param_7, long param_8)
710062385c	628	FUN_710062385c		d	a	0		undefined1[16] FUN_710062385c(undefined8 * param_1, undefined1[16] param_2, undefined8 param_3, long param_4, uint param_5, char * param_6, long param_7, long param_8, long * param_9)
7100623ad0	440	FUN_7100623ad0		d	a	0		undefined FUN_7100623ad0(long param_1, ulong param_2, void * param_3, ulong param_4)
7100623c94	44	FUN_7100623c94		d	a	0		undefined FUN_7100623c94(undefined8 * param_1, long param_2)
7100623cc0	36	FUN_7100623cc0		d	a	0		undefined FUN_7100623cc0(undefined8 * param_1, undefined8 * param_2)
7100623ce4	4	FUN_7100623ce4		d	a	0		undefined FUN_7100623ce4(void)
7100623ce8	36	FUN_7100623ce8		d	a	0		undefined FUN_7100623ce8(void * param_1)
7100623d0c	16	FUN_7100623d0c		d	a	0		bool FUN_7100623d0c(long param_1)
7100623d20	88	FUN_7100623d20		d	a	0		undefined FUN_7100623d20(long * param_1, long param_2)
7100623f30	64	FUN_7100623f30		d	a	0		undefined FUN_7100623f30(undefined8 param_1, undefined8 * param_2)
7100623f70	372	FUN_7100623f70		d	a	0		undefined1[16] FUN_7100623f70(long * param_1, long * param_2)
71006240f8	4	FUN_71006240f8		d	a	0		undefined FUN_71006240f8(void)
71006240fc	96	FUN_71006240fc		d	a	0		undefined FUN_71006240fc(undefined8 * param_1, ulong param_2, ulong param_3, long param_4)
710062415c	96	FUN_710062415c		d	a	0		undefined FUN_710062415c(undefined8 * param_1, ulong param_2, ulong param_3, long param_4)
71006241bc	92	FUN_71006241bc		d	a	0		undefined FUN_71006241bc(long param_1, long * param_2)
7100624220	400	FUN_7100624220		d	a	0		undefined1[16] FUN_7100624220(long * param_1, long * param_2)
71006243bc	4	FUN_71006243bc		d	a	0		undefined FUN_71006243bc(void)
71006243c0	60	FUN_71006243c0		d	a	0		undefined FUN_71006243c0(undefined8 * param_1, ulong param_2, ulong param_3)
71006243fc	60	FUN_71006243fc		d	a	0		undefined FUN_71006243fc(undefined8 * param_1, ulong param_2, ulong param_3)
7100624438	68	FUN_7100624438		d	a	0		undefined FUN_7100624438(undefined8 param_1, long * param_2)
7100624480	340	FUN_7100624480		d	a	0	ST_PARTIAL,SYS_COLLISION	undefined FUN_7100624480(undefined8 * param_1, long param_2)
71006245d4	148	FUN_71006245d4		d	a	0		long * FUN_71006245d4(void)
7100624668	148	FUN_7100624668		d	a	0		long * FUN_7100624668(void)
71006246fc	532	FUN_71006246fc		d	a	0		undefined4 FUN_71006246fc(long param_1, long * param_2, undefined8 param_3, undefined8 param_4, uint param_5)
7100624910	160	FUN_7100624910		d	a	0		undefined FUN_7100624910(long * param_1)
71006249b0	360	FUN_71006249b0		d	a	0		undefined FUN_71006249b0(long * param_1, long param_2)
7100624b20	288	FUN_7100624b20		d	a	0		undefined FUN_7100624b20(long * param_1)
7100624c40	36	FUN_7100624c40		d	a	0		undefined FUN_7100624c40(long * param_1)
7100624c64	16	FUN_7100624c64		d	a	0		undefined FUN_7100624c64(long param_1)
7100624c74	320	FUN_7100624c74		d	a	0		undefined FUN_7100624c74(undefined2 * param_1, uint param_2, uint * param_3, uint param_4, uint * param_5, ushort * param_6, long * param_7)
7100624db4	156	FUN_7100624db4		d	a	0		undefined4 FUN_7100624db4(long param_1)
7100624e50	156	FUN_7100624e50		d	a	0		undefined4 FUN_7100624e50(long param_1, uint param_2)
7100624eec	76	GetGravity	nn::bezel::PhysicsWorldExtension	a	a	0		undefined1[16] GetGravity(PhysicsWorldExtension * this)
7100624f38	60	SetGravity	nn::bezel::PhysicsWorldExtension	a	a	0		undefined SetGravity(PhysicsWorldExtension * this, undefined8 * param_1)
7100624f74	36	FUN_7100624f74		d	a	0		undefined FUN_7100624f74(long param_1)
7100624f98	8	FUN_7100624f98		d	a	0		undefined FUN_7100624f98(long param_1, uint param_2, uint param_3, uint param_4)
7100624fa0	8	FUN_7100624fa0		d	a	0		undefined FUN_7100624fa0(long param_1, uint param_2, uint param_3)
7100624fa8	8	FUN_7100624fa8		d	a	0		undefined FUN_7100624fa8(long param_1)
7100624fb0	8	FUN_7100624fb0		d	a	0		uint FUN_7100624fb0(long param_1, int param_2, uint param_3)
7100624fb8	8	FUN_7100624fb8		d	a	0		undefined4 FUN_7100624fb8(long param_1, int param_2)
7100624fc0	8	SetCollisionLayerBitMask	nn::bezel::PhysicsWorldExtension	a	a	0		undefined SetCollisionLayerBitMask(long param_1, uint param_2, uint param_3)
7100624fc8	8	FUN_7100624fc8		d	a	0		undefined FUN_7100624fc8(long param_1, uint param_2, uint param_3, uint param_4)
7100624fd0	8	FUN_7100624fd0		d	a	0		undefined4 FUN_7100624fd0(long param_1, uint param_2)
7100624fd8	16	FUN_7100624fd8		d	a	0		undefined FUN_7100624fd8(long param_1)
7100624fe8	292	CastRay	nn::bezel::PhysicsWorldExtension	a	a	0	ST_PARTIAL,SYS_COLLISION	uint CastRay(PhysicsWorldExtension * this, undefined8 param_1, undefined8 * param_2)
7100625110	464	FUN_7100625110		d	a	0	ST_ANALYZED,SYS_COLLISION	int FUN_7100625110(long param_1, undefined8 * param_2, undefined4 param_3, undefined8 * param_4)
71006252e0	408	CastShape	nn::bezel::PhysicsWorldExtension	a	a	0	ST_PARTIAL,SYS_COLLISION	uint CastShape(PhysicsWorldExtension * this, undefined8 param_1, long param_2)
7100625480	568	FUN_7100625480		d	a	0	ST_ANALYZED,SYS_COLLISION	int FUN_7100625480(long param_1, undefined8 * param_2, undefined4 param_3, long param_4)
71006256bc	1772	FUN_71006256bc		d	a	0	ST_PARTIAL,SYS_COLLISION	undefined4 FUN_71006256bc(undefined8 param_1, undefined8 param_2, undefined4 param_3, long param_4)
7100625da8	16	FUN_7100625da8		d	a	0		undefined FUN_7100625da8(long param_1)
7100625db8	24	FUN_7100625db8		d	a	0		undefined FUN_7100625db8(long param_1)
7100625dd0	16	FUN_7100625dd0		d	a	0		undefined FUN_7100625dd0(long param_1)
7100625de0	8	FUN_7100625de0		d	a	0		undefined FUN_7100625de0(long param_1, undefined4 param_2)
7100625dfc	172	FUN_7100625dfc		d	a	0		undefined4 FUN_7100625dfc(void)
7100625eb0	32	FUN_7100625eb0		d	d	0	ST_PARTIAL,SYS_COLLISION	undefined FUN_7100625eb0()
7100625ef0	132	FUN_7100625ef0		d	a	0	ST_PARTIAL,SYS_COLLISION	bool FUN_7100625ef0(long param_1, long * param_2, uint param_3)
7100625f80	12388	FUN_7100625f80		d	a	0	ST_PARTIAL,SYS_COLLISION	undefined8 * FUN_7100625f80(undefined8 * param_1, undefined8 * param_2, long param_3)
7100629010	3848	FUN_7100629010		d	a	0		bool FUN_7100629010(undefined8 * param_1, undefined8 * param_2)
7100629f20	2316	FUN_7100629f20		d	a	0		int FUN_7100629f20(undefined8 * param_1, undefined8 * param_2, undefined8 * param_3, undefined8 * param_4)
710062a834	32	FUN_710062a834		d	d	0	ST_PARTIAL,SYS_COLLISION	undefined FUN_710062a834()
710062a870	132	FUN_710062a870		d	a	0	ST_PARTIAL,SYS_COLLISION	bool FUN_710062a870(long param_1, long * param_2, uint param_3)
710062a910	140	FUN_710062a910		d	a	0	ST_PARTIAL,SYS_COLLISION	bool FUN_710062a910(long param_1, long * param_2, uint param_3)
710062a9a4	4	FUN_710062a9a4		d	a	0		undefined FUN_710062a9a4(void)
710062a9a8	112	FUN_710062a9a8		d	a	0		undefined FUN_710062a9a8(undefined8 * param_1, ulong param_2, ulong param_3, long param_4)
710062aa18	112	FUN_710062aa18		d	a	0		undefined FUN_710062aa18(undefined8 * param_1, ulong param_2, ulong param_3, long param_4)
710062aa88	668	FUN_710062aa88		d	a	0		undefined8 FUN_710062aa88(long param_1, uint * param_2, undefined8 param_3, undefined8 param_4, undefined8 * param_5)
710062ad28	100	FUN_710062ad28		d	a	0		undefined FUN_710062ad28(undefined4 * param_1)
710062ad8c	100	FUN_710062ad8c		d	a	0		undefined FUN_710062ad8c(undefined4 * param_1)
710062adf0	4	FUN_710062adf0		d	a	0		undefined FUN_710062adf0(void)
710062adf4	40	FUN_710062adf4		d	a	0		undefined4 FUN_710062adf4(undefined8 param_1, uint param_2)
710062ae1c	184	FUN_710062ae1c		d	a	0		undefined FUN_710062ae1c(long param_1, uint param_2, uint param_3)
710062aed4	16	FUN_710062aed4		d	a	0		uint FUN_710062aed4(long param_1, int param_2, uint param_3)
710062aee4	8	FUN_710062aee4		d	a	0		undefined4 FUN_710062aee4(long param_1, int param_2)
710062aef0	244	FUN_710062aef0		d	a	0		undefined FUN_710062aef0(long param_1, uint param_2, uint param_3)
710062afe4	120	FUN_710062afe4		d	a	0		undefined FUN_710062afe4(long param_1, uint param_2, uint param_3, uint param_4)
710062b060	336	FUN_710062b060		d	a	0		undefined FUN_710062b060(long param_1, uint param_2, uint param_3, uint param_4)
710062b1b4	132	FUN_710062b1b4		d	a	0		uint FUN_710062b1b4(long param_1, long * param_2, long * param_3)
710062b238	8	FUN_710062b238		d	a	0		undefined FUN_710062b238(long param_1, undefined8 param_2)
710062b360	272	FUN_710062b360		d	a	0	ST_PARTIAL,SYS_COLLISION	undefined FUN_710062b360(long * param_1)
710062b470	164	FUN_710062b470		d	a	0		undefined FUN_710062b470(long * param_1)
710062b534	88	FUN_710062b534		d	a	0		undefined FUN_710062b534(undefined8 param_1, long param_2, undefined8 * param_3)
710062b58c	80	FUN_710062b58c		d	a	0		undefined FUN_710062b58c(undefined8 param_1, long param_2, long * param_3)
710062b5e0	108	FUN_710062b5e0		d	a	0	ST_PARTIAL,SYS_COLLISION	undefined8 * FUN_710062b5e0(undefined8 param_1, long * param_2, undefined8 * param_3)
710062b6c0	44	FUN_710062b6c0		d	a	0		undefined FUN_710062b6c0(undefined8 param_1)
710062b894	372	FUN_710062b894		d	a	0		undefined FUN_710062b894(undefined8 param_1, long param_2, long * param_3, long * param_4, undefined8 * param_5, undefined8 param_6, undefined8 param_7, undefined8 param_8)
710062ba08	36	FUN_710062ba08		d	a	0		undefined8 FUN_710062ba08(void)
710062bbb0	260	FUN_710062bbb0		d	a	0		undefined FUN_710062bbb0(long * param_1)
710062bcc0	164	FUN_710062bcc0		d	a	0		undefined FUN_710062bcc0(long * param_1)
710062bd84	88	FUN_710062bd84		d	a	0		undefined FUN_710062bd84(undefined8 param_1, long param_2, undefined8 * param_3)
710062bddc	80	FUN_710062bddc		d	a	0		undefined FUN_710062bddc(undefined8 param_1, long param_2, long * param_3)
710062be30	108	FUN_710062be30		d	a	0		undefined8 * FUN_710062be30(undefined8 param_1, long * param_2, undefined8 * param_3)
710062bf00	44	FUN_710062bf00		d	a	0		undefined FUN_710062bf00(undefined8 param_1)
710062c124	528	FUN_710062c124		d	a	0		undefined FUN_710062c124(undefined8 param_1, long param_2, long * param_3, long * param_4, undefined8 * param_5, undefined8 param_6, undefined8 param_7, undefined8 param_8)
710062c334	36	FUN_710062c334		d	a	0		undefined8 FUN_710062c334(void)
710062c37c	8	FUN_710062c37c		d	a	0		undefined FUN_710062c37c(undefined8 * param_1)
710062c384	4	FUN_710062c384		d	a	0		undefined FUN_710062c384(void)
710062c388	8	FUN_710062c388		d	a	0		undefined FUN_710062c388(undefined8 * param_1)
710062c390	8	FUN_710062c390		d	a	0		undefined FUN_710062c390(undefined8 * param_1, undefined8 param_2)
710062c398	8	FUN_710062c398		d	a	0		undefined FUN_710062c398(undefined8 * param_1, undefined8 param_2, undefined8 param_3)
710062c3a0	8	FUN_710062c3a0		d	a	0		undefined8 FUN_710062c3a0(undefined8 * param_1)
710062c3bc	420	FUN_710062c3bc		d	a	0	ST_ANALYZED,SYS_COLLISION	bool FUN_710062c3bc(long * param_1, long * param_2)
710062c560	684	FUN_710062c560		d	a	0		bool FUN_710062c560(undefined8 * param_1, long * param_2, int * param_3)
710062c80c	168	FUN_710062c80c		d	a	0		undefined8 FUN_710062c80c(undefined8 * param_1, long param_2)
710062c8b4	148	FUN_710062c8b4		d	a	0	ST_ANALYZED,SYS_COLLISION	uint FUN_710062c8b4(long param_1, undefined8 param_2, long * param_3)
710062c958	124	FUN_710062c958		d	a	0		long FUN_710062c958(long param_1)
710062c9e0	796	FUN_710062c9e0		d	a	0		long * FUN_710062c9e0(long param_1)
710062cd00	332	FUN_710062cd00		d	a	0		long FUN_710062cd00(long * param_1, long * param_2)
710062ce50	456	FUN_710062ce50		d	a	0	ST_PARTIAL,SYS_COLLISION	long * FUN_710062ce50(undefined4 param_1, undefined4 param_2, undefined8 param_3, long * param_4, int param_5, long param_6, long param_7, undefined8 * param_8, undefined4 param_9, undefined8 * param_10, undefined8 * param_11, undefined4 param_12, undefined4 param_13)
710062d018	32	SetMass	nn::bezel::RigidBody	a	a	0		uint SetMass(float param_1, long param_2)
710062d040	260	FUN_710062d040		d	a	0		long * FUN_710062d040(undefined4 param_1, undefined4 param_2, long * param_3, long * param_4, long param_5, long param_6, undefined8 * param_7, undefined4 param_8)
710062d150	1152	FUN_710062d150		d	a	0		long * FUN_710062d150(long param_1, undefined4 * param_2)
710062d5d4	708	FUN_710062d5d4		d	a	0	ST_PARTIAL,SYS_COLLISION	undefined FUN_710062d5d4(undefined4 param_1, undefined4 param_2, long * param_3, long * param_4, long * param_5, long param_6, long param_7, long * param_8, undefined4 param_9)
710062d898	648	FUN_710062d898		d	a	0		undefined FUN_710062d898(long param_1)
710062db20	272	FUN_710062db20		d	a	0		undefined FUN_710062db20(long * param_1)
710062dc30	36	FUN_710062dc30		d	a	0		undefined FUN_710062dc30(long * param_1)
710062dc54	16	FUN_710062dc54		d	a	0		bool FUN_710062dc54(long param_1)
710062dc64	232	Stage	nn::bezel::RigidBody	a	a	0		undefined Stage(RigidBody * this, long * param_1)
710062dd4c	76	FUN_710062dd4c		d	a	0	ST_PARTIAL,SYS_COLLISION	undefined FUN_710062dd4c(long param_1)
710062dd98	248	FUN_710062dd98		d	a	0	ST_PARTIAL,SYS_COLLISION	ulong FUN_710062dd98(ulong param_1, float * param_2)
710062de90	124	FUN_710062de90		d	a	0		ulong FUN_710062de90(long param_1)
710062df0c	8	GetShape	nn::bezel::RigidBody	a	a	0		RigidBody * GetShape(RigidBody * this)
710062df14	8	FUN_710062df14		d	a	0		long FUN_710062df14(long param_1)
710062df1c	200	FUN_710062df1c		d	a	0		undefined FUN_710062df1c(long param_1, long param_2)
710062dfe4	328	FUN_710062dfe4		d	a	0		ulong FUN_710062dfe4(long param_1, long param_2)
710062e12c	8	FUN_710062e12c		d	a	0		undefined4 FUN_710062e12c(long param_1)
710062e134	176	FUN_710062e134		d	a	0		undefined FUN_710062e134(undefined4 param_1, long param_2)
710062e1e4	8	FUN_710062e1e4		d	a	0		undefined4 FUN_710062e1e4(long param_1)
710062e1ec	176	FUN_710062e1ec		d	a	0		undefined FUN_710062e1ec(undefined4 param_1, long param_2)
710062e2a4	96	SetMotionType	nn::bezel::RigidBody	a	a	0		undefined SetMotionType(RigidBody * this, int param_1)
710062e304	28	FUN_710062e304		d	a	0		undefined1[16] FUN_710062e304(long param_1)
710062e320	8	FUN_710062e320		d	a	0		undefined4 FUN_710062e320(long param_1)
710062e328	32	SetDensity	nn::bezel::RigidBody	a	a	0		uint SetDensity(float param_1, RigidBody * this)
710062e348	56	IsGravityEnabled	nn::bezel::RigidBody	a	a	0		bool IsGravityEnabled(RigidBody * this)
710062e380	28	SetGravityEnabled	nn::bezel::RigidBody	a	a	0		undefined SetGravityEnabled(RigidBody * this, uint param_1)
710062e39c	8	FUN_710062e39c		d	a	0		undefined4 FUN_710062e39c(long param_1)
710062e3a4	632	SetConstraintsOnAxis	nn::bezel::RigidBody	a	a	0		undefined SetConstraintsOnAxis(RigidBody * this, uint param_1)
710062e61c	24	SetLinearDamping	nn::bezel::RigidBody	a	a	0		undefined SetLinearDamping(long param_1)
710062e634	28	FUN_710062e634		d	a	0		undefined1[16] FUN_710062e634(long param_1)
710062e650	24	SetAngularDamping	nn::bezel::RigidBody	a	a	0		undefined SetAngularDamping(long param_1)
710062e668	28	FUN_710062e668		d	a	0		undefined1[16] FUN_710062e668(long param_1)
710062e684	108	GetLinearVelocity	nn::bezel::RigidBody	a	a	0		undefined1[16] GetLinearVelocity(RigidBody * this)
710062e6f0	124	FUN_710062e6f0		d	a	0		undefined1[16] FUN_710062e6f0(long param_1, undefined8 * param_2)
710062e76c	88	SetLinearVelocity	nn::bezel::RigidBody	a	a	0		undefined SetLinearVelocity(RigidBody * this, undefined8 * param_1)
710062e7c4	108	GetAngularVelocity	nn::bezel::RigidBody	a	a	0		undefined1[16] GetAngularVelocity(RigidBody * this)
710062e830	88	SetAngularVelocity	nn::bezel::RigidBody	a	a	0		undefined SetAngularVelocity(RigidBody * this, undefined8 * param_1)
710062e888	28	FUN_710062e888		d	a	0		undefined1[16] FUN_710062e888(long param_1)
710062e8a4	24	FUN_710062e8a4		d	a	0		undefined FUN_710062e8a4(long param_1)
710062e8bc	112	FUN_710062e8bc		d	a	0	ST_PARTIAL,SYS_COLLISION	undefined FUN_710062e8bc(long param_1, undefined8 * param_2, undefined8 * param_3)
710062e92c	76	ApplyForce	nn::bezel::RigidBody	a	a	0	ST_PARTIAL,SYS_COLLISION	undefined ApplyForce(RigidBody * this, undefined8 * param_1)
710062e978	92	FUN_710062e978		d	a	0		undefined FUN_710062e978(long param_1, undefined8 * param_2, undefined8 * param_3, undefined8 param_4, undefined8 param_5, undefined8 param_6, undefined8 param_7, undefined8 param_8)
710062e9d4	76	FUN_710062e9d4		d	a	0		undefined FUN_710062e9d4(long param_1, undefined8 * param_2)
710062ea20	76	FUN_710062ea20		d	a	0		undefined FUN_710062ea20(long param_1, undefined8 * param_2)
710062ea6c	76	ApplyImpulseTorque	nn::bezel::RigidBody	a	a	0		undefined ApplyImpulseTorque(RigidBody * this, undefined8 * param_1)
710062eab8	32	SetCollisionDetectionMode	nn::bezel::RigidBody	a	a	0	ST_PARTIAL,SYS_COLLISION	undefined SetCollisionDetectionMode(RigidBody * this, int param_1)
710062ead8	8	FUN_710062ead8		d	a	0		long FUN_710062ead8(long param_1)
710062eae0	88	FUN_710062eae0		d	a	0		undefined FUN_710062eae0(Collision * param_1)
710062eb40	116	FUN_710062eb40		d	a	0		undefined FUN_710062eb40(long param_1)
710062ebb4	108	FUN_710062ebb4		d	a	0		undefined FUN_710062ebb4(long param_1)
710062ec20	140	FUN_710062ec20		d	a	0		undefined FUN_710062ec20(Collision * param_1, long param_2, undefined1[16] * param_3, undefined1[16] * param_4)
710062ece8	8	FUN_710062ece8		d	a	0		undefined1 FUN_710062ece8(long param_1)
710062ecf0	8	FUN_710062ecf0		d	a	0		undefined FUN_710062ecf0(long param_1, undefined1 param_2)
710062ecf8	8	FUN_710062ecf8		d	a	0		undefined1 FUN_710062ecf8(long param_1)
710062ed00	80	FUN_710062ed00		d	a	0		undefined FUN_710062ed00(long param_1, byte param_2)
710062ed50	28	FUN_710062ed50		d	a	0		undefined FUN_710062ed50(long param_1, uint param_2)
710062ed6c	56	FUN_710062ed6c		d	a	0		ulong FUN_710062ed6c(float param_1, ulong param_2)
710062eda4	56	FUN_710062eda4		d	a	0		ulong FUN_710062eda4(float param_1, ulong param_2)
710062eddc	32	FUN_710062eddc		d	a	0		undefined FUN_710062eddc(float param_1, long param_2)
710062edfc	32	FUN_710062edfc		d	a	0		undefined FUN_710062edfc(float param_1, long param_2)
710062ee20	320	FUN_710062ee20		d	a	0		undefined FUN_710062ee20(long param_1, long * param_2)
710062ef68	12	FUN_710062ef68		d	a	0		undefined FUN_710062ef68(undefined4 * param_1, long param_2)
710062ef74	8	FUN_710062ef74		d	a	0		undefined FUN_710062ef74(Collision * param_1, int * param_2)
710062ef7c	44	FUN_710062ef7c		d	a	0		undefined FUN_710062ef7c(undefined8 param_1, long param_2, undefined8 * param_3)
710062efa8	88	FUN_710062efa8		d	a	0		undefined FUN_710062efa8(long * param_1, long * param_2, char * param_3)
710062f000	100	FUN_710062f000		d	a	0		undefined FUN_710062f000(undefined8 param_1, long * param_2, undefined8 * param_3)
710062f064	128	FUN_710062f064		d	a	0		undefined FUN_710062f064(undefined8 * param_1, long param_2)
710062f0e4	16	FUN_710062f0e4		d	a	0		undefined FUN_710062f0e4(long param_1, long * param_2, char * param_3)
710062f0f4	12	FUN_710062f0f4		d	a	0		undefined FUN_710062f0f4(undefined8 param_1, long param_2, undefined8 * param_3)
710062f100	168	FUN_710062f100		d	a	0		undefined FUN_710062f100(long param_1, long * param_2, char * param_3)
710062f1a8	44	FUN_710062f1a8		d	a	0		undefined FUN_710062f1a8(undefined8 param_1, long param_2, undefined8 * param_3)
710062f1d4	88	FUN_710062f1d4		d	a	0		undefined FUN_710062f1d4(RigidBody * param_1, long * param_2, char * param_3)
710062f240	312	FUN_710062f240		d	a	0		undefined FUN_710062f240(long * param_1, long * param_2, undefined1 param_3)
710062f380	168	FUN_710062f380		d	a	0		undefined FUN_710062f380(long * param_1, char param_2)
710062f428	396	FUN_710062f428		d	a	0		undefined FUN_710062f428(undefined8 * param_1, long * param_2)
710062f5b4	340	FUN_710062f5b4		d	a	0		undefined FUN_710062f5b4(undefined8 * param_1, long param_2)
710062f73c	468	FUN_710062f73c		d	a	0		undefined FUN_710062f73c(long param_1, float * param_2)
710062f910	8	FUN_710062f910		d	a	0		long FUN_710062f910(long param_1)
710062f918	440	FUN_710062f918		d	a	0		long * FUN_710062f918(long param_1)
710062fad0	720	FUN_710062fad0		d	a	0		long * FUN_710062fad0(undefined4 param_1, undefined8 param_2, long * param_3, long param_4, long param_5, undefined8 * param_6, undefined8 * param_7, undefined4 param_8, undefined4 param_9)
710062fdb0	236	FUN_710062fdb0		d	a	0		long * FUN_710062fdb0(undefined4 param_1, long * param_2, long * param_3, long param_4, long param_5, undefined8 * param_6)
710062fea4	436	FUN_710062fea4		d	a	0		long * FUN_710062fea4(long param_1, undefined4 * param_2)
7100630058	492	FUN_7100630058		d	a	0		undefined FUN_7100630058(undefined4 param_1, long * param_2, long * param_3, long * param_4, long param_5, long param_6, long * param_7)
7100630250	248	FUN_7100630250		d	a	0		undefined FUN_7100630250(long * param_1)
710063034c	36	FUN_710063034c		d	a	0		undefined FUN_710063034c(long * param_1)
7100630370	168	FUN_7100630370		d	a	0		undefined FUN_7100630370(long param_1, float * param_2)
7100630418	16	FUN_7100630418		d	a	0		undefined FUN_7100630418(long param_1)
7100630428	8	FUN_7100630428		d	a	0		long FUN_7100630428(long param_1)
7100630430	8	FUN_7100630430		d	a	0		long FUN_7100630430(long param_1)
7100630438	372	FUN_7100630438		d	a	0		undefined FUN_7100630438(long param_1, long param_2)
71006305ac	8	FUN_71006305ac		d	a	0		undefined4 FUN_71006305ac(long param_1)
71006305b4	176	FUN_71006305b4		d	a	0		undefined FUN_71006305b4(undefined4 param_1, long param_2)
7100630664	232	Stage	nn::bezel::TriggerVolume	a	a	0		undefined Stage(TriggerVolume * this, long * param_1)
710063074c	76	FUN_710063074c		d	a	0		undefined FUN_710063074c(long param_1)
7100630798	88	FUN_7100630798		d	a	0		undefined FUN_7100630798(Collision * param_1)
7100630810	116	FUN_7100630810		d	a	0		undefined FUN_7100630810(long param_1)
7100630884	108	FUN_7100630884		d	a	0		undefined FUN_7100630884(long param_1)
71006308f0	140	FUN_71006308f0		d	a	0		undefined FUN_71006308f0(Collision * param_1, long param_2, undefined1[16] * param_3, undefined1[16] * param_4)
710063097c	12	FUN_710063097c		d	a	0		undefined FUN_710063097c(undefined4 * param_1, long param_2)
7100630988	8	FUN_7100630988		d	a	0		undefined FUN_7100630988(Collision * param_1, int * param_2)
7100630990	44	FUN_7100630990		d	a	0		undefined FUN_7100630990(undefined8 param_1, long param_2, undefined8 * param_3)
71006309bc	88	FUN_71006309bc		d	a	0		undefined FUN_71006309bc(long * param_1, long * param_2, char * param_3)
7100630a14	12	FUN_7100630a14		d	a	0		undefined FUN_7100630a14(undefined8 param_1, long param_2, undefined8 * param_3)
7100630a20	332	FUN_7100630a20		d	a	0		undefined FUN_7100630a20(long param_1, long * param_2, char * param_3)
7100630b80	168	FUN_7100630b80		d	a	0		undefined FUN_7100630b80(long * param_1, char param_2)
7100630c28	20	FUN_7100630c28		d	a	0		undefined8 FUN_7100630c28(void)
7100630c3c	8	FUN_7100630c3c		d	a	0		undefined8 FUN_7100630c3c(void)
71006315c0	52	FUN_71006315c0		d	a	0		undefined FUN_71006315c0(void)
7100631600	96	FUN_7100631600		d	a	0		undefined FUN_7100631600(void)
7100631660	44	FUN_7100631660		d	a	0		undefined FUN_7100631660(void)
710063168c	100	FUN_710063168c		d	a	0		undefined FUN_710063168c(RttsObjectData * param_1)
71006316f0	108	FUN_71006316f0		d	a	0		undefined FUN_71006316f0(RttsObjectData * param_1)
7100631788	396	FUN_7100631788		d	a	0		undefined FUN_7100631788(undefined8 * param_1, long * param_2)
7100631914	308	FUN_7100631914		d	a	0		undefined FUN_7100631914(undefined8 * param_1, long param_2)
7100631a48	840	FUN_7100631a48		d	a	0		undefined FUN_7100631a48(void)
7100631d90	308	FUN_7100631d90		d	a	0		undefined8 FUN_7100631d90(long * param_1)
7100631ed4	80	FUN_7100631ed4		d	a	0		undefined8 FUN_7100631ed4(long * param_1)
7100631f6c	172	FUN_7100631f6c		d	a	0		undefined8 FUN_7100631f6c(long * param_1)
7100632018	332	FUN_7100632018		d	a	0		undefined8 FUN_7100632018(long * param_1, long * param_2)
7100632164	376	FUN_7100632164		d	a	0		undefined8 FUN_7100632164(long * param_1)
71006322dc	352	FUN_71006322dc		d	a	0		undefined8 FUN_71006322dc(long * param_1, long * param_2)
710063243c	180	FUN_710063243c		d	a	0		undefined8 FUN_710063243c(long * param_1)
71006324f0	180	FUN_71006324f0		d	a	0		undefined8 FUN_71006324f0(long * param_1)
71006325a4	284	FUN_71006325a4		d	a	0		undefined8 FUN_71006325a4(long * param_1)
71006326c0	236	FUN_71006326c0		d	a	0		undefined8 FUN_71006326c0(long * param_1)
71006327ac	324	FUN_71006327ac		d	a	0		undefined8 FUN_71006327ac(long * param_1)
71006328f0	324	FUN_71006328f0		d	a	0		undefined8 FUN_71006328f0(long * param_1)
7100632a34	276	FUN_7100632a34		d	a	0		undefined8 FUN_7100632a34(long * param_1)
7100632b48	184	FUN_7100632b48		d	a	0		undefined8 FUN_7100632b48(long * param_1)
7100632c00	276	FUN_7100632c00		d	a	0		undefined8 FUN_7100632c00(long * param_1)
7100632d14	148	FUN_7100632d14		d	a	0		undefined8 FUN_7100632d14(long * param_1)
7100632da8	328	FUN_7100632da8		d	a	0		undefined8 FUN_7100632da8(long * param_1)
7100632ef0	184	FUN_7100632ef0		d	a	0		undefined8 FUN_7100632ef0(long * param_1)
7100632fa8	276	FUN_7100632fa8		d	a	0		undefined8 FUN_7100632fa8(long * param_1)
71006330bc	184	FUN_71006330bc		d	a	0		undefined8 FUN_71006330bc(long * param_1)
7100633174	276	FUN_7100633174		d	a	0		undefined8 FUN_7100633174(long * param_1)
7100633288	324	FUN_7100633288		d	a	0		undefined8 FUN_7100633288(long * param_1)
71006333cc	180	FUN_71006333cc		d	a	0		undefined8 FUN_71006333cc(long * param_1)
7100633480	324	FUN_7100633480		d	a	0		undefined8 FUN_7100633480(long * param_1)
71006335c4	148	FUN_71006335c4		d	a	0		undefined8 FUN_71006335c4(long * param_1)
7100633658	172	FUN_7100633658		d	a	0		undefined8 FUN_7100633658(long * param_1)
7100633704	340	FUN_7100633704		d	a	0		undefined8 FUN_7100633704(long * param_1)
7100633858	148	FUN_7100633858		d	a	0		undefined8 FUN_7100633858(long * param_1)
71006338ec	220	FUN_71006338ec		d	a	0		undefined8 FUN_71006338ec(long * param_1)
71006339d0	368	FUN_71006339d0		d	a	0		undefined8 FUN_71006339d0(long * param_1)
7100633d98	184	FUN_7100633d98		d	a	0		undefined8 FUN_7100633d98(long * param_1)
7100633e50	324	FUN_7100633e50		d	a	0		undefined8 FUN_7100633e50(long * param_1)
7100633f94	316	FUN_7100633f94		d	a	0		undefined8 FUN_7100633f94(long * param_1)
71006340d0	184	FUN_71006340d0		d	a	0		undefined8 FUN_71006340d0(long * param_1)
7100634188	532	FUN_7100634188		d	a	0		undefined8 FUN_7100634188(long * param_1)
710063439c	408	FUN_710063439c		d	a	0		undefined8 FUN_710063439c(long * param_1, long * param_2, ulong param_3, uint param_4)
7100634534	656	FUN_7100634534		d	a	0		undefined8 FUN_7100634534(long param_1, long * param_2, uint param_3)
71006347f8	456	FUN_71006347f8		d	a	0		undefined8 FUN_71006347f8(long * param_1)
71006349c0	256	FUN_71006349c0		d	a	0		undefined8 FUN_71006349c0(long param_1, long * param_2, ulong param_3)
7100634ac0	288	FUN_7100634ac0		d	a	0		undefined8 FUN_7100634ac0(long * param_1)
7100634be0	356	FUN_7100634be0		d	a	0		undefined8 FUN_7100634be0(long param_1, long * param_2, uint param_3)
7100634d44	284	FUN_7100634d44		d	a	0		undefined8 FUN_7100634d44(long param_1, long * param_2, uint param_3)
7100634e60	396	FUN_7100634e60		d	a	0		undefined8 FUN_7100634e60(long * param_1)
7100635000	20	FUN_7100635000		d	a	0		undefined8 FUN_7100635000(void)
7100635080	452	FUN_7100635080		d	a	0		undefined FUN_7100635080(void)
7100635250	2712	FUN_7100635250		d	a	0		undefined FUN_7100635250(void)
7100635cf0	192	FUN_7100635cf0		d	a	0		undefined FUN_7100635cf0(void)
7100635e08	88	FUN_7100635e08		d	a	0		undefined FUN_7100635e08(void)
7100635e60	88	FUN_7100635e60		d	a	0		undefined FUN_7100635e60(void)
7100635eb8	88	FUN_7100635eb8		d	a	0		undefined FUN_7100635eb8(void)
7100635f10	88	FUN_7100635f10		d	a	0		undefined FUN_7100635f10(void)
7100635f68	88	FUN_7100635f68		d	a	0		undefined FUN_7100635f68(void)
7100635fc0	88	FUN_7100635fc0		d	a	0		undefined FUN_7100635fc0(void)
7100636018	88	FUN_7100636018		d	a	0		undefined FUN_7100636018(void)
7100636070	88	FUN_7100636070		d	a	0		undefined FUN_7100636070(void)
71006360c8	88	FUN_71006360c8		d	a	0		undefined FUN_71006360c8(void)
7100636120	88	FUN_7100636120		d	a	0		undefined FUN_7100636120(void)
7100636178	88	FUN_7100636178		d	a	0		undefined FUN_7100636178(void)
71006361d0	88	FUN_71006361d0		d	a	0		undefined FUN_71006361d0(void)
7100636228	88	FUN_7100636228		d	a	0		undefined FUN_7100636228(void)
7100636280	88	FUN_7100636280		d	a	0		undefined FUN_7100636280(void)
71006362d8	88	FUN_71006362d8		d	a	0		undefined FUN_71006362d8(void)
7100636330	88	FUN_7100636330		d	a	0		undefined FUN_7100636330(void)
7100636388	88	FUN_7100636388		d	a	0		undefined FUN_7100636388(void)
71006363e0	88	FUN_71006363e0		d	a	0		undefined FUN_71006363e0(void)
7100636438	88	FUN_7100636438		d	a	0		undefined FUN_7100636438(void)
7100636490	88	FUN_7100636490		d	a	0		undefined FUN_7100636490(void)
71006364e8	88	FUN_71006364e8		d	a	0		undefined FUN_71006364e8(void)
7100636540	20	FUN_7100636540		d	a	0		undefined8 FUN_7100636540(void)
7100636554	8	FUN_7100636554		d	a	0		undefined8 FUN_7100636554(void)
7100636560	112	FUN_7100636560		d	a	0		RttsObjectData * FUN_7100636560(void)
71006365f0	32	FUN_71006365f0		d	a	0		undefined FUN_71006365f0(void)
7100636610	96	FUN_7100636610		d	a	0		undefined FUN_7100636610(void)
7100636670	44	FUN_7100636670		d	a	0		undefined FUN_7100636670(void)
710063669c	52	FUN_710063669c		d	a	0		undefined FUN_710063669c(RttsObjectData * param_1)
71006366d0	60	FUN_71006366d0		d	a	0		undefined FUN_71006366d0(RttsObjectData * param_1)
7100636738	364	FUN_7100636738		d	a	0		undefined FUN_7100636738(void)
71006368bc	80	FUN_71006368bc		d	a	0		undefined8 FUN_71006368bc(long * param_1)
710063690c	80	FUN_710063690c		d	a	0		undefined8 FUN_710063690c(long * param_1)
710063695c	80	FUN_710063695c		d	a	0		undefined8 FUN_710063695c(long * param_1)
71006369ac	360	FUN_71006369ac		d	a	0		undefined8 FUN_71006369ac(long * param_1)
7100636b14	352	FUN_7100636b14		d	a	0		undefined8 FUN_7100636b14(long * param_1, long * param_2)
7100636c74	404	FUN_7100636c74		d	a	0		undefined8 FUN_7100636c74(long param_1, long * param_2, uint param_3)
7100636e08	296	FUN_7100636e08		d	a	0		undefined8 FUN_7100636e08(long * param_1)
7100636f30	292	FUN_7100636f30		d	a	0		uint FUN_7100636f30(long param_1, long * param_2, ulong param_3)
7100637054	296	FUN_7100637054		d	a	0		undefined8 FUN_7100637054(long param_1, long * param_2, ulong param_3)
710063717c	344	FUN_710063717c		d	a	0		undefined8 FUN_710063717c(long * param_1)
71006372d4	392	FUN_71006372d4		d	a	0		undefined8 FUN_71006372d4(long * param_1)
710063745c	344	FUN_710063745c		d	a	0		undefined8 FUN_710063745c(long * param_1)
71006375b4	392	FUN_71006375b4		d	a	0		undefined8 FUN_71006375b4(long * param_1)
710063773c	448	FUN_710063773c		d	a	0		undefined8 FUN_710063773c(long * param_1)
71006378fc	968	SetTransform	nn::bezel::PhysicsConstraint	a	a	0		undefined SetTransform(PhysicsConstraint * this, float * param_1, float * param_2)
7100637cc4	284	FUN_7100637cc4		d	a	0		undefined8 FUN_7100637cc4(long * param_1)
7100637de0	312	FUN_7100637de0		d	a	0		undefined8 FUN_7100637de0(long * param_1)
7100637f18	744	FUN_7100637f18		d	a	0		undefined8 FUN_7100637f18(long * param_1)
7100638200	312	FUN_7100638200		d	a	0		undefined8 FUN_7100638200(long * param_1)
7100638338	744	FUN_7100638338		d	a	0		undefined8 FUN_7100638338(long * param_1)
7100638620	184	FUN_7100638620		d	a	0		undefined8 FUN_7100638620(long * param_1)
71006386e0	304	FUN_71006386e0		d	a	0		undefined8 FUN_71006386e0(long * param_1)
7100638810	20	FUN_7100638810		d	a	0		undefined8 FUN_7100638810(void)
7100638824	8	FUN_7100638824		d	a	0		undefined8 FUN_7100638824(void)
7100638834	308	FUN_7100638834		d	a	0		undefined8 FUN_7100638834(byte * param_1, long param_2, undefined8 param_3, char param_4)
7100638968	308	FUN_7100638968		d	a	0		undefined8 FUN_7100638968(byte * param_1, long param_2, undefined8 param_3, char param_4)
7100638a9c	440	FUN_7100638a9c		d	a	0		undefined8 FUN_7100638a9c(byte * param_1, long param_2, undefined8 param_3, char param_4)
71006391d0	464	FUN_71006391d0		d	a	0		undefined1[16] FUN_71006391d0(long param_1, RttsObjectData * param_2, char * param_3)
71006393a0	32	FUN_71006393a0		d	a	0		undefined FUN_71006393a0(void)
71006393c0	100	FUN_71006393c0		d	a	0		undefined FUN_71006393c0(void)
7100639430	44	FUN_7100639430		d	a	0		undefined FUN_7100639430(void)
7100639460	244	FUN_7100639460		d	a	0		undefined FUN_7100639460(RttsObjectData * param_1)
7100639558	36	FUN_7100639558		d	a	0		undefined FUN_7100639558(RttsObjectData * param_1)
71006395a8	508	FUN_71006395a8		d	a	0		undefined FUN_71006395a8(void)
7100639894	332	FUN_7100639894		d	a	0		undefined8 FUN_7100639894(long * param_1, long * param_2)
71006399e0	276	FUN_71006399e0		d	a	0		undefined8 FUN_71006399e0(long * param_1)
7100639af4	352	FUN_7100639af4		d	a	0		undefined8 FUN_7100639af4(long * param_1, long * param_2)
7100639c54	184	FUN_7100639c54		d	a	0		undefined8 FUN_7100639c54(long * param_1)
7100639d0c	276	FUN_7100639d0c		d	a	0		undefined8 FUN_7100639d0c(long * param_1)
7100639e20	184	FUN_7100639e20		d	a	0		undefined8 FUN_7100639e20(long * param_1)
7100639ed8	276	FUN_7100639ed8		d	a	0		undefined8 FUN_7100639ed8(long * param_1)
7100639fec	172	FUN_7100639fec		d	a	0		undefined8 FUN_7100639fec(long * param_1)
710063a098	304	FUN_710063a098		d	a	0		undefined8 FUN_710063a098(long * param_1)
710063a1c8	172	FUN_710063a1c8		d	a	0		undefined8 FUN_710063a1c8(long * param_1)
710063a274	304	FUN_710063a274		d	a	0		undefined8 FUN_710063a274(long * param_1)
710063a3a4	172	FUN_710063a3a4		d	a	0		undefined8 FUN_710063a3a4(long * param_1)
710063a450	268	FUN_710063a450		d	a	0		undefined8 FUN_710063a450(long * param_1)
710063a55c	172	FUN_710063a55c		d	a	0		undefined8 FUN_710063a55c(long * param_1)
710063a608	268	FUN_710063a608		d	a	0		undefined8 FUN_710063a608(long * param_1)
710063a7d0	304	FUN_710063a7d0		d	a	0		undefined8 FUN_710063a7d0(long * param_1)
710063a900	20	FUN_710063a900		d	a	0		undefined8 FUN_710063a900(void)
710063aaa0	184	FUN_710063aaa0		d	a	0		undefined FUN_710063aaa0(long param_1, RttsObjectData * param_2, long param_3)
710063ab60	204	FUN_710063ab60		d	a	0		undefined FUN_710063ab60(long param_1, RttsObjectData * param_2, char * param_3)
710063ac2c	56	FUN_710063ac2c		d	a	0		undefined FUN_710063ac2c(void)
710063ac70	20	FUN_710063ac70		d	a	0		undefined FUN_710063ac70(void)
710063ac90	100	FUN_710063ac90		d	a	0		undefined FUN_710063ac90(void)
710063ad00	44	FUN_710063ad00		d	a	0		undefined FUN_710063ad00(void)
710063ad2c	52	FUN_710063ad2c		d	a	0		undefined FUN_710063ad2c(RttsObjectData * param_1)
710063ad60	60	FUN_710063ad60		d	a	0		undefined FUN_710063ad60(RttsObjectData * param_1)
710063adc8	220	FUN_710063adc8		d	a	0		undefined FUN_710063adc8(void)
710063aea4	172	FUN_710063aea4		d	a	0		undefined8 FUN_710063aea4(long * param_1)
710063afc8	116	FUN_710063afc8		d	a	0		undefined8 FUN_710063afc8(long * param_1)
710063b03c	120	FUN_710063b03c		d	a	0		undefined8 FUN_710063b03c(long * param_1)
710063b0b4	120	FUN_710063b0b4		d	a	0		undefined8 FUN_710063b0b4(long * param_1)
710063b12c	120	FUN_710063b12c		d	a	0		undefined8 FUN_710063b12c(long * param_1)
710063b1a4	192	FUN_710063b1a4		d	a	0		undefined8 FUN_710063b1a4(long * param_1)
710063b298	352	FUN_710063b298		d	a	0		undefined8 FUN_710063b298(long * param_1, long * param_2)
710063b3f8	188	FUN_710063b3f8		d	a	0		undefined8 FUN_710063b3f8(long * param_1)
710063b4b4	20	FUN_710063b4b4		d	a	0		undefined8 FUN_710063b4b4(void)
710063b4c8	8	FUN_710063b4c8		d	a	0		undefined8 FUN_710063b4c8(void)
710063b500	144	FUN_710063b500		d	a	0		bool FUN_710063b500(undefined1 * param_1, long param_2, undefined8 param_3, char param_4)
710063c130	896	FUN_710063c130		d	a	0		undefined FUN_710063c130(Collision * param_1, RttsObjectData * param_2, char * param_3)
710063c510	32	FUN_710063c510		d	a	0		undefined FUN_710063c510(void)
710063c530	100	FUN_710063c530		d	a	0		undefined FUN_710063c530(void)
710063c5a0	44	FUN_710063c5a0		d	a	0		undefined FUN_710063c5a0(void)
710063c5cc	100	FUN_710063c5cc		d	a	0		undefined FUN_710063c5cc(RttsObjectData * param_1)
710063c630	108	FUN_710063c630		d	a	0		undefined FUN_710063c630(RttsObjectData * param_1)
710063c6c8	1564	FUN_710063c6c8		d	a	0		undefined FUN_710063c6c8(void)
710063cd84	80	FUN_710063cd84		d	a	0		undefined8 FUN_710063cd84(long * param_1)
710063cde8	344	FUN_710063cde8		d	a	0		undefined8 FUN_710063cde8(long * param_1)
710063cf40	352	FUN_710063cf40		d	a	0		undefined8 FUN_710063cf40(long * param_1, long * param_2)
710063d0a0	148	FUN_710063d0a0		d	a	0		undefined8 FUN_710063d0a0(long * param_1)
710063d134	180	FUN_710063d134		d	a	0		undefined8 FUN_710063d134(long * param_1)
710063d1e8	332	FUN_710063d1e8		d	a	0		undefined8 FUN_710063d1e8(long * param_1, long * param_2)
710063d334	324	FUN_710063d334		d	a	0		undefined8 FUN_710063d334(long * param_1)
710063d478	204	FUN_710063d478		d	a	0		undefined8 FUN_710063d478(long * param_1)
710063d544	204	FUN_710063d544		d	a	0		undefined8 FUN_710063d544(long * param_1)
710063d610	272	FUN_710063d610		d	a	0		undefined8 FUN_710063d610(long * param_1)
710063d720	148	FUN_710063d720		d	a	0		undefined8 FUN_710063d720(long * param_1)
710063d7b4	184	FUN_710063d7b4		d	a	0		undefined8 FUN_710063d7b4(long * param_1)
710063d86c	276	FUN_710063d86c		d	a	0		undefined8 FUN_710063d86c(long * param_1)
710063d980	184	FUN_710063d980		d	a	0		undefined8 FUN_710063d980(long * param_1)
710063da38	276	FUN_710063da38		d	a	0		undefined8 FUN_710063da38(long * param_1)
710063db4c	208	FUN_710063db4c		d	a	0		undefined8 FUN_710063db4c(long * param_1)
710063dc1c	292	FUN_710063dc1c		d	a	0		undefined8 FUN_710063dc1c(long * param_1)
710063dd40	168	FUN_710063dd40		d	a	0		undefined8 FUN_710063dd40(long * param_1)
710063dde8	184	FUN_710063dde8		d	a	0		undefined8 FUN_710063dde8(long * param_1)
710063dea0	184	FUN_710063dea0		d	a	0		undefined8 FUN_710063dea0(long * param_1)
710063df58	176	FUN_710063df58		d	a	0		undefined8 FUN_710063df58(long * param_1)
710063e008	172	FUN_710063e008		d	a	0		undefined8 FUN_710063e008(long * param_1)
710063e0b4	184	FUN_710063e0b4		d	a	0		undefined8 FUN_710063e0b4(long * param_1)
710063e16c	276	FUN_710063e16c		d	a	0		undefined8 FUN_710063e16c(long * param_1)
710063e280	184	FUN_710063e280		d	a	0		undefined8 FUN_710063e280(long * param_1)
710063e338	276	FUN_710063e338		d	a	0		undefined8 FUN_710063e338(long * param_1)
710063e44c	180	FUN_710063e44c		d	a	0		undefined8 FUN_710063e44c(long * param_1)
710063e500	376	FUN_710063e500		d	a	0		undefined8 FUN_710063e500(long * param_1)
710063e678	180	FUN_710063e678		d	a	0		undefined8 FUN_710063e678(long * param_1)
710063e72c	184	FUN_710063e72c		d	a	0		undefined8 FUN_710063e72c(long * param_1)
710063e7e4	276	FUN_710063e7e4		d	a	0		undefined8 FUN_710063e7e4(long * param_1)
710063e8f8	184	FUN_710063e8f8		d	a	0		undefined8 FUN_710063e8f8(long * param_1)
710063e9b0	276	FUN_710063e9b0		d	a	0		undefined8 FUN_710063e9b0(long * param_1)
710063eac4	168	FUN_710063eac4		d	a	0		undefined8 FUN_710063eac4(long * param_1)
710063eb6c	292	FUN_710063eb6c		d	a	0		undefined8 FUN_710063eb6c(long * param_1)
710063ec90	172	FUN_710063ec90		d	a	0		undefined8 FUN_710063ec90(long * param_1)
710063ed3c	268	FUN_710063ed3c		d	a	0		undefined8 FUN_710063ed3c(long * param_1)
710063ee48	172	FUN_710063ee48		d	a	0		undefined8 FUN_710063ee48(long * param_1)
710063eef4	268	FUN_710063eef4		d	a	0		undefined8 FUN_710063eef4(long * param_1)
710063f000	324	FUN_710063f000		d	a	0		undefined8 FUN_710063f000(long * param_1)
710063f144	324	FUN_710063f144		d	a	0		undefined8 FUN_710063f144(long * param_1)
710063f288	276	FUN_710063f288		d	a	0		undefined8 FUN_710063f288(long * param_1)
710063f39c	184	FUN_710063f39c		d	a	0		undefined8 FUN_710063f39c(long * param_1)
710063f454	256	FUN_710063f454		d	a	0		undefined8 FUN_710063f454(long * param_1)
710063f554	284	FUN_710063f554		d	a	0		undefined8 FUN_710063f554(long * param_1)
710063f670	324	FUN_710063f670		d	a	0		undefined8 FUN_710063f670(long * param_1)
710063f7b4	256	FUN_710063f7b4		d	a	0		undefined8 FUN_710063f7b4(long * param_1, undefined8 param_2, undefined8 param_3, undefined8 param_4, undefined8 param_5, undefined8 param_6, undefined8 param_7, undefined8 param_8)
710063f8b4	324	FUN_710063f8b4		d	a	0		undefined8 FUN_710063f8b4(long * param_1)
710063f9f8	324	FUN_710063f9f8		d	a	0		undefined8 FUN_710063f9f8(long * param_1)
710063fb3c	324	FUN_710063fb3c		d	a	0		undefined8 FUN_710063fb3c(long * param_1)
710063fc80	184	FUN_710063fc80		d	a	0		undefined8 FUN_710063fc80(long * param_1)
710063fd40	304	FUN_710063fd40		d	a	0		undefined8 FUN_710063fd40(long * param_1)
710063fe70	32	FUN_710063fe70		d	a	0		undefined FUN_710063fe70(undefined8 * param_1)
710063fe90	4	FUN_710063fe90		d	a	0		undefined FUN_710063fe90(void)
710063fe94	20	FUN_710063fe94		d	a	0		undefined8 FUN_710063fe94(void)
710063fea8	8	FUN_710063fea8		d	a	0		undefined8 FUN_710063fea8(void)
710063fed0	540	FUN_710063fed0		d	a	0		RttsObjectData * FUN_710063fed0(ulong param_1)
7100640220	252	FUN_7100640220		d	a	0		undefined FUN_7100640220(Collision * param_1, RttsObjectData * param_2, char * param_3)
710064031c	84	FUN_710064031c		d	a	0		long * FUN_710064031c(long param_1)
7100640370	32	FUN_7100640370		d	a	0		undefined FUN_7100640370(void)
7100640390	100	FUN_7100640390		d	a	0		undefined FUN_7100640390(void)
7100640400	44	FUN_7100640400		d	a	0		undefined FUN_7100640400(void)
710064042c	52	FUN_710064042c		d	a	0		undefined FUN_710064042c(RttsObjectData * param_1)
7100640460	60	FUN_7100640460		d	a	0		undefined FUN_7100640460(RttsObjectData * param_1)
71006404c8	392	FUN_71006404c8		d	a	0		undefined FUN_71006404c8(void)
710064072c	332	FUN_710064072c		d	a	0		undefined8 FUN_710064072c(long * param_1, long * param_2)
7100640878	324	FUN_7100640878		d	a	0		undefined8 FUN_7100640878(long * param_1)
71006409bc	352	FUN_71006409bc		d	a	0		undefined8 FUN_71006409bc(long * param_1, long * param_2)
7100640b1c	204	FUN_7100640b1c		d	a	0		undefined8 FUN_7100640b1c(long * param_1)
7100640be8	204	FUN_7100640be8		d	a	0		undefined8 FUN_7100640be8(long * param_1)
7100640cb4	272	FUN_7100640cb4		d	a	0		undefined8 FUN_7100640cb4(long * param_1)
7100640dc4	148	FUN_7100640dc4		d	a	0		undefined8 FUN_7100640dc4(long * param_1)
7100640e58	184	FUN_7100640e58		d	a	0		undefined8 FUN_7100640e58(long * param_1)
7100640f10	276	FUN_7100640f10		d	a	0		undefined8 FUN_7100640f10(long * param_1)
7100641024	344	FUN_7100641024		d	a	0		undefined8 FUN_7100641024(long * param_1)
710064117c	148	FUN_710064117c		d	a	0		undefined8 FUN_710064117c(long * param_1)
7100641210	184	FUN_7100641210		d	a	0		undefined8 FUN_7100641210(long * param_1)
71006412d0	304	FUN_71006412d0		d	a	0		undefined8 FUN_71006412d0(long * param_1)
7100641400	20	FUN_7100641400		d	a	0		undefined8 FUN_7100641400(void)
7100641414	8	FUN_7100641414		d	a	0		undefined8 FUN_7100641414(void)
7100641680	268	FUN_7100641680		d	a	0		undefined FUN_7100641680(long param_1, RttsObjectData * param_2, long param_3)
7100641790	232	FUN_7100641790		d	a	0		undefined FUN_7100641790(long param_1, RttsObjectData * param_2, char * param_3)
7100641880	20	FUN_7100641880		d	a	0		undefined FUN_7100641880(void)
71006418a0	212	FUN_71006418a0		d	a	0		undefined FUN_71006418a0(void)
7100641980	64	FUN_7100641980		d	a	0		undefined FUN_7100641980(void)
71006419c0	52	FUN_71006419c0		d	a	0		undefined FUN_71006419c0(RttsObjectData * param_1)
71006419f4	60	FUN_71006419f4		d	a	0		undefined FUN_71006419f4(RttsObjectData * param_1)
7100641a5c	104	FUN_7100641a5c		d	a	0		undefined FUN_7100641a5c(void)
7100641ac4	236	FUN_7100641ac4		d	a	0		undefined8 FUN_7100641ac4(long * param_1)
7100641bb0	220	FUN_7100641bb0		d	a	0		undefined8 FUN_7100641bb0(long * param_1)
7100641c90	368	FUN_7100641c90		d	a	0		undefined8 FUN_7100641c90(long * param_1)
7100641e00	20	FUN_7100641e00		d	a	0		undefined8 FUN_7100641e00(void)
7100641e14	8	FUN_7100641e14		d	a	0		undefined8 FUN_7100641e14(void)
7100642580	96	FUN_7100642580		d	a	0		undefined FUN_7100642580(void)
71006425e0	44	FUN_71006425e0		d	a	0		undefined FUN_71006425e0(void)
710064260c	68	FUN_710064260c		d	a	0		undefined FUN_710064260c(RttsObjectData * param_1)
7100642650	76	FUN_7100642650		d	a	0		undefined FUN_7100642650(RttsObjectData * param_1)
71006426c8	396	FUN_71006426c8		d	a	0		undefined FUN_71006426c8(undefined8 * param_1, long * param_2)
7100642854	20	FUN_7100642854		d	a	0		undefined8 FUN_7100642854(void)
7100642868	8	FUN_7100642868		d	a	0		undefined8 FUN_7100642868(void)
71006428a0	540	FUN_71006428a0		d	a	0		RttsObjectData * FUN_71006428a0(ulong param_1)
7100642c90	368	FUN_7100642c90		d	a	0		undefined FUN_7100642c90(uint * param_1, RttsObjectData * param_2, char * param_3)
7100642e00	96	FUN_7100642e00		d	a	0		undefined FUN_7100642e00(void)
7100642e60	44	FUN_7100642e60		d	a	0		undefined FUN_7100642e60(void)
7100642e8c	52	FUN_7100642e8c		d	a	0		undefined FUN_7100642e8c(RttsObjectData * param_1)
7100642ec0	60	FUN_7100642ec0		d	a	0		undefined FUN_7100642ec0(RttsObjectData * param_1)
7100642f28	16	FUN_7100642f28		d	a	0		undefined FUN_7100642f28(byte * param_1, byte * param_2)
7100642f38	24	FUN_7100642f38		d	a	0		undefined FUN_7100642f38(uint * param_1, byte * param_2)
7100642f50	16	FUN_7100642f50		d	a	0		undefined FUN_7100642f50(byte * param_1, byte * param_2)
7100642f60	24	FUN_7100642f60		d	a	0		undefined FUN_7100642f60(uint * param_1, byte * param_2)
7100642f78	16	FUN_7100642f78		d	a	0		undefined FUN_7100642f78(byte * param_1, byte * param_2)
7100642f88	24	FUN_7100642f88		d	a	0		undefined FUN_7100642f88(uint * param_1, byte * param_2)
7100642fa0	16	FUN_7100642fa0		d	a	0		undefined FUN_7100642fa0(byte * param_1, byte * param_2)
7100642fb0	24	FUN_7100642fb0		d	a	0		undefined FUN_7100642fb0(uint * param_1, byte * param_2)
7100642fc8	16	FUN_7100642fc8		d	a	0		undefined FUN_7100642fc8(byte * param_1, byte * param_2)
7100642fd8	24	FUN_7100642fd8		d	a	0		undefined FUN_7100642fd8(uint * param_1, byte * param_2)
7100642ff0	16	FUN_7100642ff0		d	a	0		undefined FUN_7100642ff0(byte * param_1, byte * param_2)
7100643000	24	FUN_7100643000		d	a	0		undefined FUN_7100643000(uint * param_1, byte * param_2)
7100643018	20	FUN_7100643018		d	a	0		undefined8 FUN_7100643018(void)
710064302c	8	FUN_710064302c		d	a	0		undefined8 FUN_710064302c(void)
71006432a0	464	FUN_71006432a0		d	a	0		undefined FUN_71006432a0(uint * param_1, RttsObjectData * param_2, long param_3)
7100643470	368	FUN_7100643470		d	a	0		undefined FUN_7100643470(uint * param_1, RttsObjectData * param_2, char * param_3)
71006435e0	96	FUN_71006435e0		d	a	0		undefined FUN_71006435e0(void)
7100643640	44	FUN_7100643640		d	a	0		undefined FUN_7100643640(void)
710064366c	52	FUN_710064366c		d	a	0		undefined FUN_710064366c(RttsObjectData * param_1)
71006436a0	60	FUN_71006436a0		d	a	0		undefined FUN_71006436a0(RttsObjectData * param_1)
7100643708	20	FUN_7100643708		d	a	0		undefined FUN_7100643708(undefined8 param_1, uint * param_2)
710064371c	32	FUN_710064371c		d	a	0		undefined FUN_710064371c(uint * param_1, char * param_2)
710064373c	16	FUN_710064373c		d	a	0		undefined FUN_710064373c(byte * param_1, byte * param_2)
710064374c	24	FUN_710064374c		d	a	0		undefined FUN_710064374c(uint * param_1, byte * param_2)
7100643764	16	FUN_7100643764		d	a	0		undefined FUN_7100643764(byte * param_1, byte * param_2)
7100643774	24	FUN_7100643774		d	a	0		undefined FUN_7100643774(uint * param_1, byte * param_2)
710064378c	16	FUN_710064378c		d	a	0		undefined FUN_710064378c(byte * param_1, byte * param_2)
710064379c	24	FUN_710064379c		d	a	0		undefined FUN_710064379c(uint * param_1, byte * param_2)
71006437b4	16	FUN_71006437b4		d	a	0		undefined FUN_71006437b4(byte * param_1, byte * param_2)
71006437c4	24	FUN_71006437c4		d	a	0		undefined FUN_71006437c4(uint * param_1, byte * param_2)
71006437dc	20	FUN_71006437dc		d	a	0		undefined FUN_71006437dc(undefined8 param_1, uint * param_2)
71006437f0	28	FUN_71006437f0		d	a	0		undefined FUN_71006437f0(uint * param_1, char * param_2)
710064380c	20	FUN_710064380c		d	a	0		undefined8 FUN_710064380c(void)
7100643820	8	FUN_7100643820		d	a	0		undefined8 FUN_7100643820(void)
7100643f20	1580	FUN_7100643f20		d	a	0		undefined FUN_7100643f20(uint * param_1, RttsObjectData * param_2, long param_3)
7100644550	1264	FUN_7100644550		d	a	0		undefined FUN_7100644550(uint * param_1, RttsObjectData * param_2, char * param_3)
7100644a40	96	FUN_7100644a40		d	a	0		undefined FUN_7100644a40(void)
7100644aa0	44	FUN_7100644aa0		d	a	0		undefined FUN_7100644aa0(void)
7100644acc	52	FUN_7100644acc		d	a	0		undefined FUN_7100644acc(RttsObjectData * param_1)
7100644b00	60	FUN_7100644b00		d	a	0		undefined FUN_7100644b00(RttsObjectData * param_1)
7100644b68	16	FUN_7100644b68		d	a	0		undefined FUN_7100644b68(byte * param_1, byte * param_2)
7100644b78	24	FUN_7100644b78		d	a	0		undefined FUN_7100644b78(uint * param_1, byte * param_2)
7100644b90	16	FUN_7100644b90		d	a	0		undefined FUN_7100644b90(byte * param_1, byte * param_2)
7100644ba0	24	FUN_7100644ba0		d	a	0		undefined FUN_7100644ba0(uint * param_1, byte * param_2)
7100644bb8	16	FUN_7100644bb8		d	a	0		undefined FUN_7100644bb8(byte * param_1, byte * param_2)
7100644bc8	24	FUN_7100644bc8		d	a	0		undefined FUN_7100644bc8(uint * param_1, byte * param_2)
7100644be0	16	FUN_7100644be0		d	a	0		undefined FUN_7100644be0(byte * param_1, byte * param_2)
7100644bf0	24	FUN_7100644bf0		d	a	0		undefined FUN_7100644bf0(uint * param_1, byte * param_2)
7100644c08	16	FUN_7100644c08		d	a	0		undefined FUN_7100644c08(byte * param_1, byte * param_2)
7100644c18	24	FUN_7100644c18		d	a	0		undefined FUN_7100644c18(uint * param_1, byte * param_2)
7100644c30	16	FUN_7100644c30		d	a	0		undefined FUN_7100644c30(byte * param_1, byte * param_2)
7100644c40	24	FUN_7100644c40		d	a	0		undefined FUN_7100644c40(uint * param_1, byte * param_2)
7100644c58	16	FUN_7100644c58		d	a	0		undefined FUN_7100644c58(byte * param_1, byte * param_2)
7100644c68	24	FUN_7100644c68		d	a	0		undefined FUN_7100644c68(uint * param_1, byte * param_2)
7100644c80	16	FUN_7100644c80		d	a	0		undefined FUN_7100644c80(byte * param_1, uint * param_2)
7100644c90	24	FUN_7100644c90		d	a	0		undefined FUN_7100644c90(uint * param_1, byte * param_2)
7100644ca8	16	FUN_7100644ca8		d	a	0		undefined FUN_7100644ca8(byte * param_1, long param_2)
7100644cb8	24	FUN_7100644cb8		d	a	0		undefined FUN_7100644cb8(uint * param_1, byte * param_2)
7100644cd0	16	FUN_7100644cd0		d	a	0		undefined FUN_7100644cd0(byte * param_1, uint * param_2)
7100644ce0	24	FUN_7100644ce0		d	a	0		undefined FUN_7100644ce0(uint * param_1, byte * param_2)
7100644cf8	16	FUN_7100644cf8		d	a	0		undefined FUN_7100644cf8(byte * param_1, uint * param_2)
7100644d08	24	FUN_7100644d08		d	a	0		undefined FUN_7100644d08(uint * param_1, byte * param_2)
7100644d20	16	FUN_7100644d20		d	a	0		undefined FUN_7100644d20(byte * param_1, uint * param_2)
7100644d30	24	FUN_7100644d30		d	a	0		undefined FUN_7100644d30(uint * param_1, byte * param_2)
7100644d48	16	FUN_7100644d48		d	a	0		undefined FUN_7100644d48(byte * param_1, uint * param_2)
7100644d58	24	FUN_7100644d58		d	a	0		undefined FUN_7100644d58(uint * param_1, byte * param_2)
7100644d70	16	FUN_7100644d70		d	a	0		undefined FUN_7100644d70(byte * param_1, uint * param_2)
7100644d80	24	FUN_7100644d80		d	a	0		undefined FUN_7100644d80(uint * param_1, byte * param_2)
7100644d98	16	FUN_7100644d98		d	a	0		undefined FUN_7100644d98(byte * param_1, uint * param_2)
7100644da8	24	FUN_7100644da8		d	a	0		undefined FUN_7100644da8(uint * param_1, byte * param_2)
7100644dc0	16	FUN_7100644dc0		d	a	0		undefined FUN_7100644dc0(byte * param_1, uint * param_2)
7100644dd0	24	FUN_7100644dd0		d	a	0		undefined FUN_7100644dd0(uint * param_1, byte * param_2)
7100644de8	16	FUN_7100644de8		d	a	0		undefined FUN_7100644de8(byte * param_1, long param_2)
7100644df8	24	FUN_7100644df8		d	a	0		undefined FUN_7100644df8(uint * param_1, byte * param_2)
7100644e10	16	FUN_7100644e10		d	a	0		undefined FUN_7100644e10(byte * param_1, uint * param_2)
7100644e20	24	FUN_7100644e20		d	a	0		undefined FUN_7100644e20(uint * param_1, byte * param_2)
7100644e38	16	FUN_7100644e38		d	a	0		undefined FUN_7100644e38(byte * param_1, uint * param_2)
7100644e48	24	FUN_7100644e48		d	a	0		undefined FUN_7100644e48(uint * param_1, byte * param_2)
7100644e60	16	FUN_7100644e60		d	a	0		undefined FUN_7100644e60(byte * param_1, uint * param_2)
7100644e70	24	FUN_7100644e70		d	a	0		undefined FUN_7100644e70(uint * param_1, byte * param_2)
7100644e88	16	FUN_7100644e88		d	a	0		undefined FUN_7100644e88(byte * param_1, uint * param_2)
7100644e98	24	FUN_7100644e98		d	a	0		undefined FUN_7100644e98(uint * param_1, byte * param_2)
7100644eb0	16	FUN_7100644eb0		d	a	0		undefined FUN_7100644eb0(byte * param_1, uint * param_2)
7100644ec0	24	FUN_7100644ec0		d	a	0		undefined FUN_7100644ec0(uint * param_1, byte * param_2)
7100644ed8	20	FUN_7100644ed8		d	a	0		undefined8 FUN_7100644ed8(void)
7100644eec	8	FUN_7100644eec		d	a	0		undefined8 FUN_7100644eec(void)
7100645050	120	FUN_7100645050		d	a	0		undefined FUN_7100645050(undefined8 * param_1, RttsObjectData * param_2, long param_3)
71006450d0	148	FUN_71006450d0		d	a	0		undefined FUN_71006450d0(undefined8 * param_1, RttsObjectData * param_2, char * param_3)
7100645170	96	FUN_7100645170		d	a	0		undefined FUN_7100645170(void)
71006451d0	44	FUN_71006451d0		d	a	0		undefined FUN_71006451d0(void)
71006451fc	52	FUN_71006451fc		d	a	0		undefined FUN_71006451fc(RttsObjectData * param_1)
7100645230	60	FUN_7100645230		d	a	0		undefined FUN_7100645230(RttsObjectData * param_1)
7100645298	20	FUN_7100645298		d	a	0		undefined8 FUN_7100645298(void)
71006452ac	8	FUN_71006452ac		d	a	0		undefined8 FUN_71006452ac(void)
7100645890	760	FUN_7100645890		d	a	0		undefined FUN_7100645890(long param_1, RttsObjectData * param_2, char * param_3)
7100645b90	96	FUN_7100645b90		d	a	0		undefined FUN_7100645b90(void)
7100645bf0	44	FUN_7100645bf0		d	a	0		undefined FUN_7100645bf0(void)
7100645c1c	52	FUN_7100645c1c		d	a	0		undefined FUN_7100645c1c(RttsObjectData * param_1)
7100645c50	60	FUN_7100645c50		d	a	0		undefined FUN_7100645c50(RttsObjectData * param_1)
7100645cb8	396	FUN_7100645cb8		d	a	0		undefined FUN_7100645cb8(undefined8 * param_1, long * param_2)
7100645e44	20	FUN_7100645e44		d	a	0		undefined8 FUN_7100645e44(void)
7100645e58	8	FUN_7100645e58		d	a	0		undefined8 FUN_7100645e58(void)
7100645e80	444	FUN_7100645e80		d	a	0		RttsObjectData * FUN_7100645e80(ulong param_1)
7100646040	200	FUN_7100646040		d	a	0		undefined FUN_7100646040(long param_1, RttsObjectData * param_2, long param_3)
7100646110	228	FUN_7100646110		d	a	0		undefined FUN_7100646110(long param_1, RttsObjectData * param_2, char * param_3)
7100646200	20	FUN_7100646200		d	a	0		undefined FUN_7100646200(void)
7100646220	96	FUN_7100646220		d	a	0		undefined FUN_7100646220(void)
7100646280	44	FUN_7100646280		d	a	0		undefined FUN_7100646280(void)
71006462ac	52	FUN_71006462ac		d	a	0		undefined FUN_71006462ac(RttsObjectData * param_1)
71006462e0	60	FUN_71006462e0		d	a	0		undefined FUN_71006462e0(RttsObjectData * param_1)
7100646348	360	FUN_7100646348		d	a	0		undefined FUN_7100646348(void)
71006464b0	204	FUN_71006464b0		d	a	0		undefined8 FUN_71006464b0(long * param_1)
7100646644	332	FUN_7100646644		d	a	0		undefined8 FUN_7100646644(long * param_1, long * param_2)
7100646790	264	FUN_7100646790		d	a	0		undefined8 FUN_7100646790(long * param_1)
7100646898	352	FUN_7100646898		d	a	0		undefined8 FUN_7100646898(long * param_1, long * param_2)
71006469f8	180	FUN_71006469f8		d	a	0		undefined8 FUN_71006469f8(long * param_1)
7100646aac	272	FUN_7100646aac		d	a	0		undefined8 FUN_7100646aac(long * param_1)
7100646bbc	180	FUN_7100646bbc		d	a	0		undefined8 FUN_7100646bbc(long * param_1)
7100646c70	272	FUN_7100646c70		d	a	0		undefined8 FUN_7100646c70(long * param_1)
7100646d80	180	FUN_7100646d80		d	a	0		undefined8 FUN_7100646d80(long * param_1)
7100646e34	272	FUN_7100646e34		d	a	0		undefined8 FUN_7100646e34(long * param_1)
7100647020	368	FUN_7100647020		d	a	0		undefined8 FUN_7100647020(long * param_1)
7100647190	20	FUN_7100647190		d	a	0		undefined8 FUN_7100647190(void)
71006471a4	8	FUN_71006471a4		d	a	0		undefined8 FUN_71006471a4(void)
7100647430	284	FUN_7100647430		d	a	0		undefined FUN_7100647430(undefined4 * param_1, RttsObjectData * param_2, long param_3)
7100647550	324	FUN_7100647550		d	a	0		undefined FUN_7100647550(undefined4 * param_1, RttsObjectData * param_2, char * param_3)
71006476a0	96	FUN_71006476a0		d	a	0		undefined FUN_71006476a0(void)
7100647700	44	FUN_7100647700		d	a	0		undefined FUN_7100647700(void)
710064772c	52	FUN_710064772c		d	a	0		undefined FUN_710064772c(RttsObjectData * param_1)
7100647760	60	FUN_7100647760		d	a	0		undefined FUN_7100647760(RttsObjectData * param_1)
71006477f0	340	FUN_71006477f0		d	a	0		undefined FUN_71006477f0(void)
7100647950	52	FUN_7100647950		d	a	0		undefined FUN_7100647950(void)
7100647990	404	FUN_7100647990		d	a	0		undefined8 FUN_7100647990(void)
7100647b24	148	FUN_7100647b24		d	a	0		undefined FUN_7100647b24(void)
7100647bc0	16	FUN_7100647bc0		d	a	0		undefined4 FUN_7100647bc0(void)
7100647bd0	32	FUN_7100647bd0		d	a	0		undefined FUN_7100647bd0(void)
7100647bf0	20	FUN_7100647bf0		d	a	0		undefined FUN_7100647bf0(void)
7100647e9c	352	FUN_7100647e9c		d	a	0		undefined8 FUN_7100647e9c(long * param_1, long * param_2)
7100648030	172	FUN_7100648030		d	a	0		undefined8 FUN_7100648030(long * param_1)
71006480dc	332	FUN_71006480dc		d	a	0		undefined8 FUN_71006480dc(long * param_1, long * param_2)
7100648228	324	FUN_7100648228		d	a	0		undefined8 FUN_7100648228(long * param_1)
710064836c	276	FUN_710064836c		d	a	0		undefined8 FUN_710064836c(long * param_1)
710064852c	268	FUN_710064852c		d	a	0		undefined8 FUN_710064852c(long * param_1)
71006487ec	304	FUN_71006487ec		d	a	0		undefined8 FUN_71006487ec(long param_1, long * param_2, uint param_3)
7100648950	220	FUN_7100648950		d	a	0		undefined8 FUN_7100648950(long * param_1)
7100648a30	368	FUN_7100648a30		d	a	0		undefined8 FUN_7100648a30(long * param_1)
7100648ba0	8	FUN_7100648ba0		d	a	0		long FUN_7100648ba0(long param_1)
7100648ba8	20	FUN_7100648ba8		d	a	0		undefined FUN_7100648ba8(long param_1, undefined8 * param_2)
7100648bbc	20	FUN_7100648bbc		d	a	0		undefined FUN_7100648bbc(long param_1, undefined8 * param_2)
7100648bd0	16	FUN_7100648bd0		d	a	0		undefined FUN_7100648bd0(float param_1, long param_2)
7100648be0	8	FUN_7100648be0		d	a	0		long FUN_7100648be0(long param_1)
7100648bf0	624	FUN_7100648bf0		d	a	0		undefined1 FUN_7100648bf0(float param_1, long param_2, undefined8 * param_3, long * param_4)
7100648e60	28	FUN_7100648e60		d	a	0		undefined FUN_7100648e60(long param_1, byte param_2)
7100648e80	556	FUN_7100648e80		d	a	0		undefined FUN_7100648e80(long param_1, long * param_2, ulong param_3)
71006490ac	56	IsDerivedFrom	nn::bezel::detail::StaticTypeDesc<nn::bezel::ComCharacterCollision,false,nn::bezel::ComCollision>	a	a	0		bool IsDerivedFrom(undefined * param_1)
71006490e4	12	GetBaseTypeDesc	nn::bezel::detail::StaticTypeDesc<nn::bezel::ComCharacterCollision,false,nn::bezel::ComCollision>	a	a	0		undefined1 * GetBaseTypeDesc(void)
71006490f0	20	GetNextBaseTypeDesc	nn::bezel::detail::StaticTypeDesc<nn::bezel::ComCharacterCollision,false,nn::bezel::ComCollision>	a	a	0		undefined * GetNextBaseTypeDesc(long param_1)
7100649104	8	CastTo	nn::bezel::detail::StaticTypeDesc<nn::bezel::ComCharacterCollision,false,nn::bezel::ComCollision>	a	a	0		undefined8 CastTo(undefined8 param_1, undefined8 param_2)
710064910c	8	CastToConst	nn::bezel::detail::StaticTypeDesc<nn::bezel::ComCharacterCollision,false,nn::bezel::ComCollision>	a	a	0		undefined8 CastToConst(undefined8 param_1, undefined8 param_2)
7100649114	536	Create	nn::bezel::ComCharacterCollision	a	a	0		undefined Create(long * param_1_00, ComCharacterCollision * this, long param_3)
710064932c	864	FUN_710064932c		d	a	0		undefined FUN_710064932c(long * param_1, ComCharacterCollision * param_2, long param_3)
710064968c	624	FUN_710064968c		d	a	0		undefined FUN_710064968c(long * param_1, long * param_2, long param_3)
71006498fc	112	FUN_71006498fc		d	a	0		undefined FUN_71006498fc(long * param_1, long * param_2, long * param_3)
710064996c	20	FUN_710064996c		d	a	0		undefined FUN_710064996c(long * param_1)
7100649988	36	FUN_7100649988		d	a	0		undefined FUN_7100649988(long * param_1)
71006499ac	40	FUN_71006499ac		d	a	0		undefined FUN_71006499ac(long param_1)
71006499d4	8	FUN_71006499d4		d	a	0		undefined FUN_71006499d4(long param_1)
71006499dc	8	FUN_71006499dc		d	a	0		undefined FUN_71006499dc(undefined1[16] param_1, undefined1[16] param_2, undefined1[16] param_3, long param_4)
71006499e4	8	FUN_71006499e4		d	a	0		undefined4 FUN_71006499e4(long param_1)
71006499ec	8	SetOrigin	nn::bezel::ComCharacterCollision	a	a	0		undefined SetOrigin(long param_1, int param_2)
71006499f4	8	FUN_71006499f4		d	a	0		undefined1[16] FUN_71006499f4(long param_1)
71006499fc	60	SetOffsetTranslation	nn::bezel::ComCharacterCollision	a	a	0		undefined SetOffsetTranslation(ComCharacterCollision * this, float * param_1)
7100649a38	20	FUN_7100649a38		d	a	0		undefined FUN_7100649a38(long param_1, undefined8 * param_2)
7100649a4c	8	FUN_7100649a4c		d	a	0		undefined FUN_7100649a4c(long param_1)
7100649a54	8	FUN_7100649a54		d	a	0		undefined FUN_7100649a54(long param_1)
7100649a5c	8	FUN_7100649a5c		d	a	0		undefined FUN_7100649a5c(long param_1)
7100649a64	8	FUN_7100649a64		d	a	0		undefined FUN_7100649a64(long param_1)
7100649a6c	8	FUN_7100649a6c		d	a	0		undefined FUN_7100649a6c(long param_1)
7100649a74	8	FUN_7100649a74		d	a	0		undefined FUN_7100649a74(long param_1)
7100649a7c	8	FUN_7100649a7c		d	a	0		undefined FUN_7100649a7c(long param_1)
7100649a84	8	FUN_7100649a84		d	a	0		undefined FUN_7100649a84(long param_1)
7100649a8c	8	FUN_7100649a8c		d	a	0		undefined FUN_7100649a8c(float param_1, long param_2)
7100649a94	8	FUN_7100649a94		d	a	0		undefined FUN_7100649a94(long param_1)
7100649a9c	8	FUN_7100649a9c		d	a	0		undefined FUN_7100649a9c(long param_1)
7100649aa4	8	FUN_7100649aa4		d	a	0		undefined FUN_7100649aa4(long param_1)
7100649aac	8	FUN_7100649aac		d	a	0		undefined FUN_7100649aac(long param_1, undefined8 * param_2)
7100649ab4	8	FUN_7100649ab4		d	a	0		undefined FUN_7100649ab4(long param_1)
7100649abc	8	FUN_7100649abc		d	a	0		undefined FUN_7100649abc(undefined4 param_1, long param_2)
7100649ac4	12	FUN_7100649ac4		d	a	0		undefined1 FUN_7100649ac4(long param_1)
7100649ad0	12	FUN_7100649ad0		d	a	0		undefined FUN_7100649ad0(long param_1, undefined1 param_2)
7100649adc	8	FUN_7100649adc		d	a	0		uint FUN_7100649adc(float param_1, long param_2, undefined8 * param_3)
7100649ae4	8	FUN_7100649ae4		d	a	0		uint FUN_7100649ae4(float param_1, float param_2, long param_3, undefined8 * param_4)
7100649aec	8	FUN_7100649aec		d	a	0		uint FUN_7100649aec(float param_1, float param_2, long param_3, undefined8 * param_4, ulong param_5)
7100649af4	8	FUN_7100649af4		d	a	0		byte FUN_7100649af4(long param_1)
7100649afc	8	FUN_7100649afc		d	a	0		uint FUN_7100649afc(long param_1)
7100649b04	120	FUN_7100649b04		d	a	0		undefined FUN_7100649b04(long param_1, undefined8 * param_2)
7100649b7c	116	FUN_7100649b7c		d	a	0		undefined FUN_7100649b7c(undefined4 param_1, long param_2, undefined8 * param_3)
7100649bf0	120	FUN_7100649bf0		d	a	0		undefined FUN_7100649bf0(long param_1, undefined8 * param_2)
7100649c68	116	FUN_7100649c68		d	a	0		undefined FUN_7100649c68(undefined4 param_1, long param_2, undefined8 * param_3)
7100649cdc	184	MoveTo	nn::bezel::ComCharacterCollision	a	a	0		undefined MoveTo(ComCharacterCollision * this, undefined8 * param_1)
7100649d94	196	FUN_7100649d94		d	a	0		undefined FUN_7100649d94(undefined4 param_1, long param_2, undefined8 * param_3)
7100649e58	120	FUN_7100649e58		d	a	0		undefined FUN_7100649e58(long param_1, undefined8 * param_2)
7100649ed0	116	FUN_7100649ed0		d	a	0		undefined FUN_7100649ed0(undefined4 param_1, long param_2, undefined8 * param_3)
7100649f44	120	FUN_7100649f44		d	a	0		undefined FUN_7100649f44(long param_1, undefined8 * param_2)
7100649fbc	116	FUN_7100649fbc		d	a	0		undefined FUN_7100649fbc(undefined4 param_1, double param_2, double param_3, long param_4, undefined8 * param_5)
710064a030	28	FUN_710064a030		d	a	0		undefined FUN_710064a030(undefined8 * param_1, long param_2)
710064a04c	28	FUN_710064a04c		d	a	0		undefined FUN_710064a04c(undefined8 * param_1, long param_2)
710064a070	116	FUN_710064a070		d	a	0		undefined FUN_710064a070(long param_1)
710064a0ec	408	FUN_710064a0ec		d	a	0		undefined FUN_710064a0ec(undefined8 param_1, long param_2, undefined8 * param_3)
710064a284	112	FUN_710064a284		d	a	0		undefined FUN_710064a284(long param_1, long * param_2, char * param_3)
710064a350	416	FUN_710064a350		d	a	0		undefined4 FUN_710064a350(long param_1, long param_2, undefined8 param_3, undefined8 param_4)
710064a4f0	4	FUN_710064a4f0		d	a	0		undefined FUN_710064a4f0(void)
710064a4f4	100	FUN_710064a4f4		d	a	0		undefined FUN_710064a4f4(undefined8 * param_1, ulong param_2, ulong param_3, long param_4)
710064a558	100	FUN_710064a558		d	a	0		undefined FUN_710064a558(undefined8 * param_1, ulong param_2, ulong param_3, long param_4)
710064a5cc	340	FUN_710064a5cc		d	a	0		undefined4 FUN_710064a5cc(long param_1, int * param_2, undefined8 param_3, undefined8 param_4)
710064a720	4	FUN_710064a720		d	a	0		undefined FUN_710064a720(void)
710064a724	100	FUN_710064a724		d	a	0		undefined FUN_710064a724(undefined8 * param_1, ulong param_2, ulong param_3, long param_4)
710064a788	100	FUN_710064a788		d	a	0		undefined FUN_710064a788(undefined8 * param_1, ulong param_2, ulong param_3, long param_4)
710064a7fc	20	FUN_710064a7fc		d	a	0		undefined8 FUN_710064a7fc(void)
710064a810	8	FUN_710064a810		d	a	0		undefined8 FUN_710064a810(void)
710064a830	144	FUN_710064a830		d	a	0		bool FUN_710064a830(undefined1 * param_1, long param_2, undefined8 param_3, char param_4)
710064a8c0	144	FUN_710064a8c0		d	a	0		bool FUN_710064a8c0(undefined1 * param_1, long param_2, undefined8 param_3, char param_4)
710064a958	144	FUN_710064a958		d	a	0		bool FUN_710064a958(undefined1 * param_1, long param_2, undefined8 param_3, char param_4)
710064a9f0	144	FUN_710064a9f0		d	a	0		bool FUN_710064a9f0(undefined1 * param_1, long param_2, undefined8 param_3, char param_4)
710064b2e0	696	FUN_710064b2e0		d	a	0		undefined FUN_710064b2e0(Collision * param_1, RttsObjectData * param_2, char * param_3)
710064b598	84	FUN_710064b598		d	a	0		long * FUN_710064b598(long param_1)
710064b5f0	32	FUN_710064b5f0		d	a	0		undefined FUN_710064b5f0(void)
710064b610	100	FUN_710064b610		d	a	0		undefined FUN_710064b610(void)
710064b680	44	FUN_710064b680		d	a	0		undefined FUN_710064b680(void)
710064b6ac	52	FUN_710064b6ac		d	a	0		undefined FUN_710064b6ac(RttsObjectData * param_1)
710064b6e0	60	FUN_710064b6e0		d	a	0		undefined FUN_710064b6e0(RttsObjectData * param_1)
710064b748	1084	FUN_710064b748		d	a	0		undefined FUN_710064b748(void)
710064bbe0	92	FUN_710064bbe0		d	a	0		undefined8 FUN_710064bbe0(long * param_1)
710064bc44	80	FUN_710064bc44		d	a	0		undefined8 FUN_710064bc44(long * param_1)
710064bc94	80	FUN_710064bc94		d	a	0		undefined8 FUN_710064bc94(long * param_1)
710064bce4	80	FUN_710064bce4		d	a	0		undefined8 FUN_710064bce4(undefined1[16] param_1, double param_2, double param_3, long * param_4)
710064bd34	80	FUN_710064bd34		d	a	0		undefined8 FUN_710064bd34(long * param_1)
710064bd84	80	FUN_710064bd84		d	a	0		undefined8 FUN_710064bd84(undefined1[16] param_1, double param_2, double param_3, long * param_4)
710064bdd4	180	FUN_710064bdd4		d	a	0		undefined8 FUN_710064bdd4(long * param_1)
710064be88	332	FUN_710064be88		d	a	0		undefined8 FUN_710064be88(long * param_1, long * param_2)
710064bfd4	324	FUN_710064bfd4		d	a	0		undefined8 FUN_710064bfd4(long * param_1)
710064c118	352	FUN_710064c118		d	a	0		undefined8 FUN_710064c118(long * param_1, long * param_2)
710064c278	180	FUN_710064c278		d	a	0		undefined8 FUN_710064c278(undefined1[16] param_1, undefined1[16] param_2, undefined1[16] param_3, long * param_4)
710064c32c	324	FUN_710064c32c		d	a	0		undefined8 FUN_710064c32c(long * param_1)
710064c470	172	FUN_710064c470		d	a	0		undefined8 FUN_710064c470(long * param_1)
710064c51c	268	FUN_710064c51c		d	a	0		undefined8 FUN_710064c51c(long * param_1)
710064c628	184	FUN_710064c628		d	a	0		undefined8 FUN_710064c628(long * param_1)
710064c6e0	276	FUN_710064c6e0		d	a	0		undefined8 FUN_710064c6e0(long * param_1)
710064c7f4	276	FUN_710064c7f4		d	a	0		undefined8 FUN_710064c7f4(long * param_1)
710064c908	276	FUN_710064c908		d	a	0		undefined8 FUN_710064c908(long * param_1)
710064ca1c	276	FUN_710064ca1c		d	a	0		undefined8 FUN_710064ca1c(long * param_1)
710064cb30	184	FUN_710064cb30		d	a	0		undefined8 FUN_710064cb30(long * param_1)
710064cbe8	276	FUN_710064cbe8		d	a	0		undefined8 FUN_710064cbe8(long * param_1)
710064ccfc	184	FUN_710064ccfc		d	a	0		undefined8 FUN_710064ccfc(long * param_1)
710064cdb4	276	FUN_710064cdb4		d	a	0		undefined8 FUN_710064cdb4(long * param_1)
710064cec8	184	FUN_710064cec8		d	a	0		undefined8 FUN_710064cec8(long * param_1)
710064cf80	276	FUN_710064cf80		d	a	0		undefined8 FUN_710064cf80(long * param_1)
710064d094	180	FUN_710064d094		d	a	0		undefined8 FUN_710064d094(long * param_1)
710064d148	324	FUN_710064d148		d	a	0		undefined8 FUN_710064d148(long * param_1)
710064d28c	184	FUN_710064d28c		d	a	0		undefined8 FUN_710064d28c(long * param_1)
710064d344	276	FUN_710064d344		d	a	0		undefined8 FUN_710064d344(long * param_1)
710064d458	168	FUN_710064d458		d	a	0		undefined8 FUN_710064d458(long * param_1)
710064d500	264	FUN_710064d500		d	a	0		undefined8 FUN_710064d500(long * param_1)
710064d608	380	FUN_710064d608		d	a	0		undefined8 FUN_710064d608(long * param_1)
710064d784	416	FUN_710064d784		d	a	0		undefined8 FUN_710064d784(long * param_1)
710064d924	456	FUN_710064d924		d	a	0		undefined8 FUN_710064d924(long * param_1)
710064daec	172	FUN_710064daec		d	a	0		undefined8 FUN_710064daec(long * param_1)
710064db98	172	FUN_710064db98		d	a	0		undefined8 FUN_710064db98(long * param_1)
710064dc44	240	FUN_710064dc44		d	a	0		undefined8 FUN_710064dc44(long * param_1)
710064dd34	292	FUN_710064dd34		d	a	0		undefined8 FUN_710064dd34(long * param_1)
710064de58	240	FUN_710064de58		d	a	0		undefined8 FUN_710064de58(long * param_1)
710064df48	292	FUN_710064df48		d	a	0		undefined8 FUN_710064df48(long * param_1)
710064e06c	240	FUN_710064e06c		d	a	0		undefined8 FUN_710064e06c(undefined1[16] param_1, double param_2, double param_3, long * param_4)
710064e15c	292	FUN_710064e15c		d	a	0		undefined8 FUN_710064e15c(undefined1[16] param_1, double param_2, double param_3, long * param_4)
710064e280	240	FUN_710064e280		d	a	0		undefined8 FUN_710064e280(long * param_1)
710064e370	292	FUN_710064e370		d	a	0		undefined8 FUN_710064e370(long * param_1)
710064e494	240	FUN_710064e494		d	a	0		undefined8 FUN_710064e494(long * param_1)
710064e584	292	FUN_710064e584		d	a	0		undefined8 FUN_710064e584(undefined1[16] param_1, double param_2, double param_3, long * param_4)
710064e6a8	184	FUN_710064e6a8		d	a	0		undefined8 FUN_710064e6a8(long * param_1)
710064e760	304	FUN_710064e760		d	a	0		undefined8 FUN_710064e760(long * param_1)
710064e890	20	FUN_710064e890		d	a	0		undefined FUN_710064e890(void)
710064e8a4	948	FUN_710064e8a4		d	a	0		undefined FUN_710064e8a4(void)
710064ec58	280	FUN_710064ec58		d	a	0		undefined8 FUN_710064ec58(long * param_1)
710064ee20	256	FUN_710064ee20		d	a	0		undefined8 FUN_710064ee20(long * param_1)
710064ef20	144	FUN_710064ef20		d	a	0		undefined8 FUN_710064ef20(long * param_1)
710064efb0	120	FUN_710064efb0		d	a	0		undefined8 FUN_710064efb0(long * param_1)
710064f028	120	FUN_710064f028		d	a	0		undefined8 FUN_710064f028(long * param_1)
710064f0a0	120	FUN_710064f0a0		d	a	0		undefined8 FUN_710064f0a0(long * param_1)
710064f118	120	FUN_710064f118		d	a	0		undefined8 FUN_710064f118(long * param_1)
710064f190	120	FUN_710064f190		d	a	0		undefined8 FUN_710064f190(long * param_1)
710064f208	120	FUN_710064f208		d	a	0		undefined8 FUN_710064f208(long * param_1)
710064f280	120	FUN_710064f280		d	a	0		undefined8 FUN_710064f280(long * param_1)
710064f2f8	120	FUN_710064f2f8		d	a	0		undefined8 FUN_710064f2f8(long * param_1)
710064f370	120	FUN_710064f370		d	a	0		undefined8 FUN_710064f370(long * param_1)
710064f3e8	120	FUN_710064f3e8		d	a	0		undefined8 FUN_710064f3e8(long * param_1)
710064f460	120	FUN_710064f460		d	a	0		undefined8 FUN_710064f460(long * param_1)
710064f4d8	120	FUN_710064f4d8		d	a	0		undefined8 FUN_710064f4d8(long * param_1)
710064f550	216	FUN_710064f550		d	a	0		undefined8 FUN_710064f550(long * param_1)
710064f628	120	FUN_710064f628		d	a	0		undefined8 FUN_710064f628(long * param_1)
710064f6a0	216	FUN_710064f6a0		d	a	0		undefined8 FUN_710064f6a0(long * param_1)
710064f778	120	FUN_710064f778		d	a	0		undefined8 FUN_710064f778(long * param_1)
710064f7f0	120	FUN_710064f7f0		d	a	0		undefined8 FUN_710064f7f0(long * param_1)
710064f868	120	FUN_710064f868		d	a	0		undefined8 FUN_710064f868(long * param_1)
710064f8e0	120	FUN_710064f8e0		d	a	0		undefined8 FUN_710064f8e0(long * param_1)
710064f958	120	FUN_710064f958		d	a	0		undefined8 FUN_710064f958(long * param_1)
710064f9d0	120	FUN_710064f9d0		d	a	0		undefined8 FUN_710064f9d0(long * param_1)
710064fa48	120	FUN_710064fa48		d	a	0		undefined8 FUN_710064fa48(long * param_1)
710064fac0	120	FUN_710064fac0		d	a	0		undefined8 FUN_710064fac0(long * param_1)
710064fb38	120	FUN_710064fb38		d	a	0		undefined8 FUN_710064fb38(long * param_1)
710064fbb0	120	FUN_710064fbb0		d	a	0		undefined8 FUN_710064fbb0(long * param_1)
710064fc28	120	FUN_710064fc28		d	a	0		undefined8 FUN_710064fc28(long * param_1)
710064fca0	120	FUN_710064fca0		d	a	0		undefined8 FUN_710064fca0(long * param_1)
710064fd18	120	FUN_710064fd18		d	a	0		undefined8 FUN_710064fd18(long * param_1)
710064fd90	120	FUN_710064fd90		d	a	0		undefined8 FUN_710064fd90(long * param_1)
710064fe08	144	FUN_710064fe08		d	a	0		undefined8 FUN_710064fe08(long * param_1)
710064fe98	120	FUN_710064fe98		d	a	0		undefined8 FUN_710064fe98(long * param_1)
710064ff10	120	FUN_710064ff10		d	a	0		undefined8 FUN_710064ff10(long * param_1)
710064ff88	180	FUN_710064ff88		d	a	0		undefined8 FUN_710064ff88(long * param_1)
710065003c	112	FUN_710065003c		d	a	0		undefined8 FUN_710065003c(long * param_1)
71006500ac	212	FUN_71006500ac		d	a	0		undefined8 FUN_71006500ac(long * param_1)
7100650180	112	FUN_7100650180		d	a	0		undefined8 FUN_7100650180(long * param_1)
71006501f0	212	FUN_71006501f0		d	a	0		undefined8 FUN_71006501f0(long * param_1)
71006502f8	352	FUN_71006502f8		d	a	0		undefined8 FUN_71006502f8(long * param_1, long * param_2)
7100650458	324	FUN_7100650458		d	a	0		undefined FUN_7100650458(long * param_1, long * param_2)
710065059c	180	FUN_710065059c		d	a	0		undefined8 FUN_710065059c(long * param_1)
7100650650	112	FUN_7100650650		d	a	0		RttsObjectData * FUN_7100650650(void)
71006506e0	32	FUN_71006506e0		d	a	0		undefined FUN_71006506e0(void)
7100650700	96	FUN_7100650700		d	a	0		undefined FUN_7100650700(void)
7100650760	44	FUN_7100650760		d	a	0		undefined FUN_7100650760(void)
710065078c	52	FUN_710065078c		d	a	0		undefined FUN_710065078c(RttsObjectData * param_1)
71006507c0	60	FUN_71006507c0		d	a	0		undefined FUN_71006507c0(RttsObjectData * param_1)
7100650828	1440	FUN_7100650828		d	a	0		undefined FUN_7100650828(void)
7100650dec	80	FUN_7100650dec		d	a	0		undefined8 FUN_7100650dec(long * param_1)
7100650fc4	172	FUN_7100650fc4		d	a	0		undefined8 FUN_7100650fc4(long * param_1)
7100651070	332	FUN_7100651070		d	a	0		undefined8 FUN_7100651070(long * param_1, long * param_2)
71006511bc	168	FUN_71006511bc		d	a	0		undefined8 FUN_71006511bc(long * param_1)
7100651264	148	FUN_7100651264		d	a	0		undefined8 FUN_7100651264(long * param_1)
71006512f8	352	FUN_71006512f8		d	a	0		undefined8 FUN_71006512f8(long * param_1, long * param_2)
7100651458	148	FUN_7100651458		d	a	0		undefined8 FUN_7100651458(long * param_1)
71006514ec	180	FUN_71006514ec		d	a	0		undefined8 FUN_71006514ec(long * param_1)
71006515a0	324	FUN_71006515a0		d	a	0		undefined8 FUN_71006515a0(long * param_1)
71006516e4	180	FUN_71006516e4		d	a	0		undefined8 FUN_71006516e4(long * param_1)
7100651798	324	FUN_7100651798		d	a	0		undefined8 FUN_7100651798(long * param_1)
71006518dc	192	FUN_71006518dc		d	a	0		undefined8 FUN_71006518dc(undefined1[16] param_1, undefined8 param_2, undefined8 param_3, undefined8 param_4, long * param_5)
710065199c	236	FUN_710065199c		d	a	0		undefined8 FUN_710065199c(long * param_1)
7100651a88	284	FUN_7100651a88		d	a	0		undefined8 FUN_7100651a88(long * param_1)
7100651ba4	412	FUN_7100651ba4		d	a	0		undefined8 FUN_7100651ba4(long * param_1)
7100651d40	168	FUN_7100651d40		d	a	0		undefined8 FUN_7100651d40(long * param_1)
7100651de8	268	FUN_7100651de8		d	a	0		undefined8 FUN_7100651de8(long * param_1)
7100651ef4	168	FUN_7100651ef4		d	a	0		undefined8 FUN_7100651ef4(long * param_1)
7100651f9c	268	FUN_7100651f9c		d	a	0		undefined8 FUN_7100651f9c(long * param_1)
71006520a8	360	FUN_71006520a8		d	a	0		undefined8 FUN_71006520a8(long * param_1)
7100652210	148	FUN_7100652210		d	a	0		undefined8 FUN_7100652210(long * param_1)
71006522a4	172	FUN_71006522a4		d	a	0		undefined8 FUN_71006522a4(long * param_1)
7100652350	264	FUN_7100652350		d	a	0		undefined8 FUN_7100652350(long * param_1)
7100652458	256	FUN_7100652458		d	a	0		undefined FUN_7100652458(long * param_1, long param_2)
7100652558	184	FUN_7100652558		d	a	0		undefined8 FUN_7100652558(long * param_1)
7100652610	276	FUN_7100652610		d	a	0		undefined8 FUN_7100652610(long * param_1)
7100652724	184	FUN_7100652724		d	a	0		undefined8 FUN_7100652724(long * param_1)
71006527dc	276	FUN_71006527dc		d	a	0		undefined8 FUN_71006527dc(long * param_1)
71006528f0	184	FUN_71006528f0		d	a	0		undefined8 FUN_71006528f0(long * param_1)
71006529a8	276	FUN_71006529a8		d	a	0		undefined8 FUN_71006529a8(long * param_1)
7100652abc	172	FUN_7100652abc		d	a	0		undefined8 FUN_7100652abc(long * param_1)
7100652b68	304	FUN_7100652b68		d	a	0		undefined8 FUN_7100652b68(long * param_1)
7100652c98	172	FUN_7100652c98		d	a	0		undefined8 FUN_7100652c98(long * param_1)
7100652d44	304	FUN_7100652d44		d	a	0		undefined8 FUN_7100652d44(long * param_1)
7100652e74	172	FUN_7100652e74		d	a	0		undefined8 FUN_7100652e74(long * param_1)
7100652f20	268	FUN_7100652f20		d	a	0		undefined8 FUN_7100652f20(long * param_1)
710065302c	172	FUN_710065302c		d	a	0		undefined8 FUN_710065302c(long * param_1)
71006530d8	268	FUN_71006530d8		d	a	0		undefined8 FUN_71006530d8(long * param_1)
71006531e4	172	FUN_71006531e4		d	a	0		undefined8 FUN_71006531e4(long * param_1)
7100653290	264	FUN_7100653290		d	a	0		undefined8 FUN_7100653290(long * param_1)
7100653398	352	FUN_7100653398		d	a	0		undefined FUN_7100653398(long * param_1, long param_2, long param_3)
71006534f8	308	FUN_71006534f8		d	a	0		undefined FUN_71006534f8(long * param_1, long param_2)
710065362c	344	FUN_710065362c		d	a	0		undefined8 FUN_710065362c(long * param_1)
7100653784	148	FUN_7100653784		d	a	0		undefined8 FUN_7100653784(long * param_1)
7100653818	308	FUN_7100653818		d	a	0		undefined FUN_7100653818(long * param_1, long param_2)
710065394c	344	FUN_710065394c		d	a	0		undefined8 FUN_710065394c(long * param_1)
7100653aa4	148	FUN_7100653aa4		d	a	0		undefined8 FUN_7100653aa4(long * param_1)
7100653b38	192	FUN_7100653b38		d	a	0		undefined8 FUN_7100653b38(long * param_1)
7100653bf8	184	FUN_7100653bf8		d	a	0		undefined8 FUN_7100653bf8(long * param_1)
7100653cb0	304	FUN_7100653cb0		d	a	0		undefined8 FUN_7100653cb0(long * param_1)
7100653de0	52	FUN_7100653de0		d	a	0		undefined FUN_7100653de0(void)
7100653f68	220	FUN_7100653f68		d	a	0		undefined8 FUN_7100653f68(long * param_1)
71006540d0	116	FUN_71006540d0		d	a	0		undefined8 FUN_71006540d0(long * param_1)
7100654144	144	FUN_7100654144		d	a	0		undefined8 FUN_7100654144(long * param_1)
71006541d4	120	FUN_71006541d4		d	a	0		undefined8 FUN_71006541d4(long * param_1)
710065424c	144	FUN_710065424c		d	a	0		undefined8 FUN_710065424c(long * param_1)
71006542dc	120	FUN_71006542dc		d	a	0		undefined8 FUN_71006542dc(long * param_1)
7100654354	120	FUN_7100654354		d	a	0		undefined8 FUN_7100654354(long * param_1)
71006543cc	120	FUN_71006543cc		d	a	0		undefined8 FUN_71006543cc(long * param_1)
7100654444	296	FUN_7100654444		d	a	0		undefined8 FUN_7100654444(long * param_1)
710065456c	212	FUN_710065456c		d	a	0		undefined8 FUN_710065456c(long * param_1)
7100654640	296	FUN_7100654640		d	a	0		undefined8 FUN_7100654640(long * param_1)
7100654768	212	FUN_7100654768		d	a	0		undefined8 FUN_7100654768(long * param_1)
7100654870	352	FUN_7100654870		d	a	0		undefined8 FUN_7100654870(long * param_1, long * param_2)
71006549d0	188	FUN_71006549d0		d	a	0		undefined8 FUN_71006549d0(long * param_1)
7100654bb8	204	FUN_7100654bb8		d	a	0		undefined8 FUN_7100654bb8(long * param_1)
7100654d10	116	FUN_7100654d10		d	a	0		undefined8 FUN_7100654d10(long * param_1)
7100654d84	144	FUN_7100654d84		d	a	0		undefined8 FUN_7100654d84(long * param_1)
7100654e14	120	FUN_7100654e14		d	a	0		undefined8 FUN_7100654e14(long * param_1)
7100654e8c	144	FUN_7100654e8c		d	a	0		undefined8 FUN_7100654e8c(long * param_1)
7100654f1c	120	FUN_7100654f1c		d	a	0		undefined8 FUN_7100654f1c(long * param_1)
7100654f94	120	FUN_7100654f94		d	a	0		undefined8 FUN_7100654f94(long * param_1)
710065500c	120	FUN_710065500c		d	a	0		undefined8 FUN_710065500c(long * param_1)
7100655084	296	FUN_7100655084		d	a	0		undefined8 FUN_7100655084(long * param_1)
71006551ac	212	FUN_71006551ac		d	a	0		undefined8 FUN_71006551ac(long * param_1)
71006552b4	352	FUN_71006552b4		d	a	0		undefined8 FUN_71006552b4(long * param_1, long * param_2)
7100655414	188	FUN_7100655414		d	a	0		undefined8 FUN_7100655414(long * param_1)
71006554d0	8	FUN_71006554d0		d	a	0		undefined8 FUN_71006554d0(void)
71006554e0	72	FUN_71006554e0		d	a	0		undefined FUN_71006554e0(void)
7100655588	204	FUN_7100655588		d	a	0		undefined8 FUN_7100655588(long * param_1)
7100655688	188	FUN_7100655688		d	a	0		undefined8 FUN_7100655688(long * param_1)
71006557a4	392	FUN_71006557a4		d	a	0		undefined8 FUN_71006557a4(long * param_1)
7100655960	180	FUN_7100655960		d	a	0		undefined8 FUN_7100655960(long * param_1)
7100655a74	376	FUN_7100655a74		d	a	0		undefined8 FUN_7100655a74(long * param_1)
7100655c20	180	FUN_7100655c20		d	a	0		undefined8 FUN_7100655c20(long * param_1)
7100655ce0	72	FUN_7100655ce0		d	a	0		undefined FUN_7100655ce0(void)
7100655ecc	228	FUN_7100655ecc		d	a	0		undefined8 FUN_7100655ecc(long * param_1)
710065603c	116	FUN_710065603c		d	a	0		undefined8 FUN_710065603c(long * param_1)
71006560b0	144	FUN_71006560b0		d	a	0		undefined8 FUN_71006560b0(long * param_1)
7100656140	120	FUN_7100656140		d	a	0		undefined8 FUN_7100656140(long * param_1)
71006561b8	112	FUN_71006561b8		d	a	0		undefined8 FUN_71006561b8(long * param_1)
7100656228	212	FUN_7100656228		d	a	0		undefined8 FUN_7100656228(long * param_1)
71006562fc	112	FUN_71006562fc		d	a	0		undefined8 FUN_71006562fc(long * param_1)
710065636c	212	FUN_710065636c		d	a	0		undefined8 FUN_710065636c(long * param_1)
7100656440	120	FUN_7100656440		d	a	0		undefined8 FUN_7100656440(long * param_1)
71006564b8	120	FUN_71006564b8		d	a	0		undefined8 FUN_71006564b8(long * param_1)
7100656530	120	FUN_7100656530		d	a	0		undefined8 FUN_7100656530(long * param_1)
71006565a8	120	FUN_71006565a8		d	a	0		undefined8 FUN_71006565a8(long * param_1)
7100656620	296	FUN_7100656620		d	a	0		undefined8 FUN_7100656620(long * param_1)
7100656748	212	FUN_7100656748		d	a	0		undefined8 FUN_7100656748(long * param_1)
710065681c	120	FUN_710065681c		d	a	0		undefined8 FUN_710065681c(long * param_1)
7100656894	120	FUN_7100656894		d	a	0		undefined8 FUN_7100656894(long * param_1)
710065690c	352	FUN_710065690c		d	a	0		undefined8 FUN_710065690c(long * param_1, long * param_2)
7100656a6c	324	FUN_7100656a6c		d	a	0		undefined FUN_7100656a6c(long * param_1, long * param_2)
7100656bb0	188	FUN_7100656bb0		d	a	0		undefined8 FUN_7100656bb0(long * param_1)
7100656da0	220	FUN_7100656da0		d	a	0		undefined8 FUN_7100656da0(long * param_1)
7100656ee8	212	FUN_7100656ee8		d	a	0		undefined8 FUN_7100656ee8(long * param_1)
7100656fbc	112	FUN_7100656fbc		d	a	0		undefined8 FUN_7100656fbc(long * param_1)
710065702c	212	FUN_710065702c		d	a	0		undefined8 FUN_710065702c(long * param_1)
7100657100	296	FUN_7100657100		d	a	0		undefined8 FUN_7100657100(long * param_1)
7100657228	212	FUN_7100657228		d	a	0		undefined8 FUN_7100657228(long * param_1)
71006572fc	144	FUN_71006572fc		d	a	0		undefined8 FUN_71006572fc(long * param_1)
710065738c	120	FUN_710065738c		d	a	0		undefined8 FUN_710065738c(long * param_1)
7100657404	120	FUN_7100657404		d	a	0		undefined8 FUN_7100657404(long * param_1)
710065747c	120	FUN_710065747c		d	a	0		undefined8 FUN_710065747c(long * param_1)
7100657528	352	FUN_7100657528		d	a	0		undefined8 FUN_7100657528(long * param_1, long * param_2)
7100657688	188	FUN_7100657688		d	a	0		undefined8 FUN_7100657688(long * param_1)
7100657844	188	FUN_7100657844		d	a	0		undefined8 FUN_7100657844(long * param_1)
710065798c	116	FUN_710065798c		d	a	0		undefined8 FUN_710065798c(long * param_1)
7100657a00	144	FUN_7100657a00		d	a	0		undefined8 FUN_7100657a00(long * param_1)
7100657a90	120	FUN_7100657a90		d	a	0		undefined8 FUN_7100657a90(long * param_1)
7100657b08	120	FUN_7100657b08		d	a	0		undefined8 FUN_7100657b08(long * param_1)
7100657b80	120	FUN_7100657b80		d	a	0		undefined8 FUN_7100657b80(long * param_1)
7100657bf8	120	FUN_7100657bf8		d	a	0		undefined8 FUN_7100657bf8(long * param_1)
7100657c70	120	FUN_7100657c70		d	a	0		undefined8 FUN_7100657c70(long * param_1)
7100657ce8	352	FUN_7100657ce8		d	a	0		undefined8 FUN_7100657ce8(long * param_1, long * param_2)
7100657e48	188	FUN_7100657e48		d	a	0		undefined8 FUN_7100657e48(long * param_1)
7100658150	120	FUN_7100658150		d	a	0		undefined FUN_7100658150(ComCharacterCollision * param_1, RttsObjectData * param_2, char * param_3)
71006581c8	100	FUN_71006581c8		d	a	0		undefined FUN_71006581c8(long param_1)
7100658230	64	FUN_7100658230		d	a	0		undefined FUN_7100658230(void)
7100658270	104	FUN_7100658270		d	a	0		undefined FUN_7100658270(void)
71006582e0	44	FUN_71006582e0		d	a	0		undefined FUN_71006582e0(void)
710065830c	52	FUN_710065830c		d	a	0		undefined FUN_710065830c(RttsObjectData * param_1)
7100658340	60	FUN_7100658340		d	a	0		undefined FUN_7100658340(RttsObjectData * param_1)
71006583b0	452	FUN_71006583b0		d	a	0		undefined FUN_71006583b0(long * param_1, Entity * param_2, long * param_3)
7100658574	1180	FUN_7100658574		d	a	0		undefined FUN_7100658574(void)
7100658a70	92	FUN_7100658a70		d	a	0		undefined8 FUN_7100658a70(long * param_1)
7100658ad4	80	FUN_7100658ad4		d	a	0		undefined8 FUN_7100658ad4(long * param_1)
7100658b24	80	FUN_7100658b24		d	a	0		undefined8 FUN_7100658b24(long * param_1)
7100658b74	80	FUN_7100658b74		d	a	0		undefined8 FUN_7100658b74(long * param_1)
7100658bc4	80	FUN_7100658bc4		d	a	0		undefined8 FUN_7100658bc4(long * param_1)
7100658c14	80	FUN_7100658c14		d	a	0		undefined8 FUN_7100658c14(undefined1[16] param_1, double param_2, double param_3, long * param_4)
7100658c64	140	FUN_7100658c64		d	a	0		undefined8 FUN_7100658c64(long * param_1)
7100658cf0	272	FUN_7100658cf0		d	a	0		undefined FUN_7100658cf0(void * param_1, ulong param_2, undefined8 param_3)
7100658e00	180	FUN_7100658e00		d	a	0		undefined8 FUN_7100658e00(long * param_1)
7100658eb4	332	FUN_7100658eb4		d	a	0		undefined8 FUN_7100658eb4(long * param_1, long * param_2)
7100659000	180	FUN_7100659000		d	a	0		undefined8 FUN_7100659000(undefined1[16] param_1, undefined1[16] param_2, undefined1[16] param_3, long * param_4)
71006590b4	172	FUN_71006590b4		d	a	0		undefined8 FUN_71006590b4(long * param_1)
7100659160	268	FUN_7100659160		d	a	0		undefined8 FUN_7100659160(long * param_1)
710065926c	352	FUN_710065926c		d	a	0		undefined8 FUN_710065926c(long * param_1, long * param_2)
71006593cc	180	FUN_71006593cc		d	a	0		undefined8 FUN_71006593cc(long * param_1)
7100659480	324	FUN_7100659480		d	a	0		undefined8 FUN_7100659480(long * param_1)
71006595c4	324	FUN_71006595c4		d	a	0		undefined8 FUN_71006595c4(long * param_1)
7100659708	184	FUN_7100659708		d	a	0		undefined8 FUN_7100659708(long * param_1)
71006597c0	276	FUN_71006597c0		d	a	0		undefined8 FUN_71006597c0(long * param_1)
71006598d4	276	FUN_71006598d4		d	a	0		undefined8 FUN_71006598d4(long * param_1)
71006599e8	276	FUN_71006599e8		d	a	0		undefined8 FUN_71006599e8(long * param_1)
7100659afc	276	FUN_7100659afc		d	a	0		undefined8 FUN_7100659afc(long * param_1)
7100659c10	184	FUN_7100659c10		d	a	0		undefined8 FUN_7100659c10(long * param_1)
7100659cc8	276	FUN_7100659cc8		d	a	0		undefined8 FUN_7100659cc8(long * param_1)
7100659ddc	184	FUN_7100659ddc		d	a	0		undefined8 FUN_7100659ddc(long * param_1)
7100659e94	276	FUN_7100659e94		d	a	0		undefined8 FUN_7100659e94(long * param_1)
7100659fa8	184	FUN_7100659fa8		d	a	0		undefined8 FUN_7100659fa8(long * param_1)
710065a060	276	FUN_710065a060		d	a	0		undefined8 FUN_710065a060(long * param_1)
710065a174	180	FUN_710065a174		d	a	0		undefined8 FUN_710065a174(long * param_1)
710065a228	324	FUN_710065a228		d	a	0		undefined8 FUN_710065a228(long * param_1)
710065a36c	184	FUN_710065a36c		d	a	0		undefined8 FUN_710065a36c(long * param_1)
710065a424	276	FUN_710065a424		d	a	0		undefined8 FUN_710065a424(long * param_1)
710065a538	172	FUN_710065a538		d	a	0		undefined8 FUN_710065a538(long * param_1)
710065a5e4	268	FUN_710065a5e4		d	a	0		undefined8 FUN_710065a5e4(long * param_1)
710065a6f0	380	FUN_710065a6f0		d	a	0		undefined8 FUN_710065a6f0(long * param_1)
710065a86c	416	FUN_710065a86c		d	a	0		undefined8 FUN_710065a86c(long * param_1)
710065aa0c	456	FUN_710065aa0c		d	a	0		undefined8 FUN_710065aa0c(long * param_1)
710065abd4	172	FUN_710065abd4		d	a	0		undefined8 FUN_710065abd4(long * param_1)
710065ac80	172	FUN_710065ac80		d	a	0		undefined8 FUN_710065ac80(long * param_1)
710065ad2c	236	FUN_710065ad2c		d	a	0		undefined8 FUN_710065ad2c(long * param_1)
710065ae18	292	FUN_710065ae18		d	a	0		undefined8 FUN_710065ae18(long * param_1)
710065af3c	236	FUN_710065af3c		d	a	0		undefined8 FUN_710065af3c(long * param_1)
710065b028	292	FUN_710065b028		d	a	0		undefined8 FUN_710065b028(long * param_1)
710065b14c	236	FUN_710065b14c		d	a	0		undefined8 FUN_710065b14c(long * param_1)
710065b238	292	FUN_710065b238		d	a	0		undefined8 FUN_710065b238(long * param_1)
710065b35c	236	FUN_710065b35c		d	a	0		undefined8 FUN_710065b35c(long * param_1)
710065b448	292	FUN_710065b448		d	a	0		undefined8 FUN_710065b448(long * param_1)
710065b56c	236	FUN_710065b56c		d	a	0		undefined8 FUN_710065b56c(long * param_1)
710065b658	292	FUN_710065b658		d	a	0		undefined8 FUN_710065b658(undefined1[16] param_1, double param_2, double param_3, long * param_4)
710065b77c	152	FUN_710065b77c		d	a	0		undefined8 FUN_710065b77c(long * param_1)
710065b814	220	FUN_710065b814		d	a	0		undefined FUN_710065b814(long * param_1, long param_2)
710065b8f0	344	FUN_710065b8f0		d	a	0		undefined FUN_710065b8f0(long * param_1, long param_2)
710065ba48	200	FUN_710065ba48		d	a	0		undefined8 FUN_710065ba48(long * param_1)
710065bb10	296	FUN_710065bb10		d	a	0		undefined8 FUN_710065bb10(long * param_1)
710065bc38	4	FUN_710065bc38		d	a	0		undefined FUN_710065bc38(void)
710065bc3c	64	FUN_710065bc3c		d	a	0		undefined FUN_710065bc3c(undefined8 * param_1, ulong param_2, ulong param_3)
710065bc7c	64	FUN_710065bc7c		d	a	0		undefined FUN_710065bc7c(undefined8 * param_1, ulong param_2, ulong param_3)
710065bcc0	296	FUN_710065bcc0		d	a	0		undefined FUN_710065bcc0(long * param_1, undefined8 param_2, long param_3)
710065bdec	4	FUN_710065bdec		d	a	0		undefined FUN_710065bdec(void)
710065bdf0	64	FUN_710065bdf0		d	a	0		undefined FUN_710065bdf0(undefined8 * param_1, ulong param_2, ulong param_3)
710065be30	64	FUN_710065be30		d	a	0		undefined FUN_710065be30(undefined8 * param_1, ulong param_2, ulong param_3)
710065be88	4	FUN_710065be88		d	a	0		undefined FUN_710065be88(void)
710065be8c	64	FUN_710065be8c		d	a	0		undefined FUN_710065be8c(undefined8 * param_1, ulong param_2, ulong param_3)
710065becc	64	FUN_710065becc		d	a	0		undefined FUN_710065becc(undefined8 * param_1, ulong param_2, ulong param_3)
710065bf7c	80	FUN_710065bf7c		d	a	0		undefined8 FUN_710065bf7c(long * param_1)
710065bfcc	488	FUN_710065bfcc		d	a	0		undefined8 FUN_710065bfcc(long * param_1)
710065c1b4	360	FUN_710065c1b4		d	a	0		undefined FUN_710065c1b4(long * param_1, undefined8 param_2, long param_3)
710065c31c	356	FUN_710065c31c		d	a	0		undefined8 FUN_710065c31c(long * param_1)
710065c480	352	FUN_710065c480		d	a	0		undefined FUN_710065c480(long * param_1, undefined8 param_2, long param_3)
710065c5e0	32	FUN_710065c5e0		d	a	0		undefined FUN_710065c5e0(void)
710065c600	1040	FUN_710065c600		d	a	0		undefined FUN_710065c600(void)
710065cb10	272	FUN_710065cb10		d	a	0		undefined FUN_710065cb10(void * param_1, ulong param_2, undefined8 param_3)
710065cc20	172	FUN_710065cc20		d	a	0		undefined8 FUN_710065cc20(long * param_1)
710065cccc	332	FUN_710065cccc		d	a	0		undefined8 FUN_710065cccc(long * param_1, long * param_2)
710065ce18	268	FUN_710065ce18		d	a	0		undefined8 FUN_710065ce18(long * param_1)
710065cf24	352	FUN_710065cf24		d	a	0		undefined8 FUN_710065cf24(long * param_1, long * param_2)
710065d084	412	FUN_710065d084		d	a	0		undefined8 FUN_710065d084(long * param_1)
710065d220	172	FUN_710065d220		d	a	0		undefined8 FUN_710065d220(long * param_1)
710065d2cc	268	FUN_710065d2cc		d	a	0		undefined8 FUN_710065d2cc(long * param_1)
710065d3d8	172	FUN_710065d3d8		d	a	0		undefined8 FUN_710065d3d8(long * param_1)
710065d484	268	FUN_710065d484		d	a	0		undefined8 FUN_710065d484(long * param_1)
710065d590	360	FUN_710065d590		d	a	0		undefined8 FUN_710065d590(long * param_1)
710065d6f8	148	FUN_710065d6f8		d	a	0		undefined8 FUN_710065d6f8(long * param_1)
710065d78c	172	FUN_710065d78c		d	a	0		undefined8 FUN_710065d78c(long * param_1)
710065d838	264	FUN_710065d838		d	a	0		undefined8 FUN_710065d838(long * param_1)
710065d940	256	FUN_710065d940		d	a	0		undefined FUN_710065d940(long * param_1, long param_2)
710065da40	184	FUN_710065da40		d	a	0		undefined8 FUN_710065da40(long * param_1)
710065daf8	276	FUN_710065daf8		d	a	0		undefined8 FUN_710065daf8(long * param_1)
710065dc0c	184	FUN_710065dc0c		d	a	0		undefined8 FUN_710065dc0c(long * param_1)
710065dcc4	276	FUN_710065dcc4		d	a	0		undefined8 FUN_710065dcc4(long * param_1)
710065ddd8	184	FUN_710065ddd8		d	a	0		undefined8 FUN_710065ddd8(long * param_1)
710065de90	276	FUN_710065de90		d	a	0		undefined8 FUN_710065de90(long * param_1)
710065dfa4	172	FUN_710065dfa4		d	a	0		undefined8 FUN_710065dfa4(long * param_1)
710065e050	304	FUN_710065e050		d	a	0		undefined8 FUN_710065e050(long * param_1)
710065e180	172	FUN_710065e180		d	a	0		undefined8 FUN_710065e180(long * param_1)
710065e22c	304	FUN_710065e22c		d	a	0		undefined8 FUN_710065e22c(long * param_1)
710065e35c	172	FUN_710065e35c		d	a	0		undefined8 FUN_710065e35c(long * param_1)
710065e408	268	FUN_710065e408		d	a	0		undefined8 FUN_710065e408(long * param_1)
710065e514	172	FUN_710065e514		d	a	0		undefined8 FUN_710065e514(long * param_1)
710065e5c0	268	FUN_710065e5c0		d	a	0		undefined8 FUN_710065e5c0(long * param_1)
710065e6cc	172	FUN_710065e6cc		d	a	0		undefined8 FUN_710065e6cc(long * param_1)
710065e778	264	FUN_710065e778		d	a	0		undefined8 FUN_710065e778(long * param_1)
710065e880	352	FUN_710065e880		d	a	0		undefined FUN_710065e880(long * param_1, long param_2, long param_3)
710065e9e0	148	FUN_710065e9e0		d	a	0		undefined8 FUN_710065e9e0(long * param_1)
710065ea74	152	FUN_710065ea74		d	a	0		undefined8 FUN_710065ea74(long * param_1)
710065eb0c	220	FUN_710065eb0c		d	a	0		undefined FUN_710065eb0c(long * param_1, long param_2)
710065ebe8	344	FUN_710065ebe8		d	a	0		undefined FUN_710065ebe8(long * param_1, long param_2)
710065ed40	184	FUN_710065ed40		d	a	0		undefined8 FUN_710065ed40(long * param_1)
710065ee00	304	FUN_710065ee00		d	a	0		undefined8 FUN_710065ee00(long * param_1)
710065ef30	4	FUN_710065ef30		d	a	0		undefined FUN_710065ef30(void)
710065ef34	64	FUN_710065ef34		d	a	0		undefined FUN_710065ef34(undefined8 * param_1, ulong param_2, ulong param_3)
710065ef74	64	FUN_710065ef74		d	a	0		undefined FUN_710065ef74(undefined8 * param_1, ulong param_2, ulong param_3)
710065efc0	276	FUN_710065efc0		d	a	0		undefined FUN_710065efc0(long * param_1, undefined8 param_2, long param_3)
710065f0d8	4	FUN_710065f0d8		d	a	0		undefined FUN_710065f0d8(void)
710065f0dc	64	FUN_710065f0dc		d	a	0		undefined FUN_710065f0dc(undefined8 * param_1, ulong param_2, ulong param_3)
710065f11c	64	FUN_710065f11c		d	a	0		undefined FUN_710065f11c(undefined8 * param_1, ulong param_2, ulong param_3)
710065f174	4	FUN_710065f174		d	a	0		undefined FUN_710065f174(void)
710065f178	64	FUN_710065f178		d	a	0		undefined FUN_710065f178(undefined8 * param_1, ulong param_2, ulong param_3)
710065f1b8	64	FUN_710065f1b8		d	a	0		undefined FUN_710065f1b8(undefined8 * param_1, ulong param_2, ulong param_3)
710065f210	156	FUN_710065f210		d	a	0		undefined FUN_710065f210(void)
710065f3f4	332	FUN_710065f3f4		d	a	0		undefined8 FUN_710065f3f4(long * param_1, long * param_2)
710065f540	264	FUN_710065f540		d	a	0		undefined8 FUN_710065f540(long * param_1)
710065f648	352	FUN_710065f648		d	a	0		undefined8 FUN_710065f648(long * param_1, long * param_2)
710065f7a8	352	FUN_710065f7a8		d	a	0		undefined FUN_710065f7a8(long * param_1, long param_2, long param_3)
710065f908	220	FUN_710065f908		d	a	0		undefined8 FUN_710065f908(long * param_1)
710065f9f0	368	FUN_710065f9f0		d	a	0		undefined8 FUN_710065f9f0(long * param_1)
710065fc34	136	FUN_710065fc34		d	a	0		undefined8 FUN_710065fc34(long * param_1)
710065fcbc	136	FUN_710065fcbc		d	a	0		undefined8 FUN_710065fcbc(long * param_1)
710065fd4c	332	FUN_710065fd4c		d	a	0		undefined8 FUN_710065fd4c(long * param_1, long * param_2)
710065fe98	344	FUN_710065fe98		d	a	0		undefined FUN_710065fe98(long * param_1, long param_2)
710065fff0	344	FUN_710065fff0		d	a	0		undefined FUN_710065fff0(long * param_1, long param_2)
7100660148	172	FUN_7100660148		d	a	0		undefined8 FUN_7100660148(long * param_1)
71006601f4	172	FUN_71006601f4		d	a	0		undefined8 FUN_71006601f4(long * param_1)
71006602a0	220	FUN_71006602a0		d	a	0		undefined8 FUN_71006602a0(long * param_1)
7100660380	368	FUN_7100660380		d	a	0		undefined8 FUN_7100660380(long * param_1)
71006605a4	136	FUN_71006605a4		d	a	0		undefined8 FUN_71006605a4(long * param_1)
7100660634	332	FUN_7100660634		d	a	0		undefined8 FUN_7100660634(long * param_1, long * param_2)
7100660780	344	FUN_7100660780		d	a	0		undefined FUN_7100660780(long * param_1, long param_2)
71006608d8	172	FUN_71006608d8		d	a	0		undefined8 FUN_71006608d8(long * param_1)
7100660984	264	FUN_7100660984		d	a	0		undefined8 FUN_7100660984(long * param_1)
7100660a8c	352	FUN_7100660a8c		d	a	0		undefined8 FUN_7100660a8c(long * param_1, long * param_2)
7100660bec	352	FUN_7100660bec		d	a	0		undefined FUN_7100660bec(long * param_1, long param_2, long param_3)
7100660d4c	220	FUN_7100660d4c		d	a	0		undefined8 FUN_7100660d4c(long * param_1)
7100660e30	368	FUN_7100660e30		d	a	0		undefined8 FUN_7100660e30(long * param_1)
7100661344	332	FUN_7100661344		d	a	0		undefined8 FUN_7100661344(long * param_1, long * param_2)
7100661490	172	FUN_7100661490		d	a	0		undefined8 FUN_7100661490(long * param_1)
710066153c	268	FUN_710066153c		d	a	0		undefined8 FUN_710066153c(long * param_1)
7100661648	352	FUN_7100661648		d	a	0		undefined8 FUN_7100661648(long * param_1, long * param_2)
71006617a8	172	FUN_71006617a8		d	a	0		undefined8 FUN_71006617a8(long * param_1)
7100661854	180	FUN_7100661854		d	a	0		undefined8 FUN_7100661854(long * param_1)
7100661908	180	FUN_7100661908		d	a	0		undefined8 FUN_7100661908(long * param_1)
71006619bc	192	FUN_71006619bc		d	a	0		undefined8 FUN_71006619bc(undefined1[16] param_1, undefined8 param_2, undefined8 param_3, undefined8 param_4, long * param_5)
7100661a7c	344	FUN_7100661a7c		d	a	0		undefined FUN_7100661a7c(long * param_1, long param_2)
7100661bd4	204	FUN_7100661bd4		d	a	0		undefined8 FUN_7100661bd4(long * param_1)
7100661ca0	344	FUN_7100661ca0		d	a	0		undefined FUN_7100661ca0(long * param_1, long param_2)
7100661e2c	344	FUN_7100661e2c		d	a	0		undefined8 FUN_7100661e2c(long * param_1)
7100661f84	220	FUN_7100661f84		d	a	0		undefined8 FUN_7100661f84(long * param_1)
7100662060	368	FUN_7100662060		d	a	0		undefined8 FUN_7100662060(long * param_1)
7100662378	80	FUN_7100662378		d	a	0		undefined8 FUN_7100662378(undefined1[16] param_1, undefined8 param_2, long * param_3)
71006623d0	272	FUN_71006623d0		d	a	0		undefined FUN_71006623d0(void * param_1, ulong param_2, undefined8 param_3)
71006624e0	292	FUN_71006624e0		d	a	0		undefined8 FUN_71006624e0(long * param_1)
7100662604	332	FUN_7100662604		d	a	0		undefined8 FUN_7100662604(long * param_1, long * param_2)
7100662750	364	FUN_7100662750		d	a	0		undefined8 FUN_7100662750(long * param_1)
71006628bc	352	FUN_71006628bc		d	a	0		undefined8 FUN_71006628bc(long * param_1, long * param_2)
7100662a1c	376	FUN_7100662a1c		d	a	0		undefined FUN_7100662a1c(long * param_1, long param_2, long param_3)
7100662b94	252	FUN_7100662b94		d	a	0		undefined8 FUN_7100662b94(long * param_1)
7100662c90	312	FUN_7100662c90		d	a	0		undefined8 FUN_7100662c90(long param_1, long * param_2, uint param_3)
7100662dc8	356	FUN_7100662dc8		d	a	0		undefined8 FUN_7100662dc8(long * param_1)
7100662f2c	432	FUN_7100662f2c		d	a	0		undefined8 FUN_7100662f2c(long * param_1)
71006630dc	336	FUN_71006630dc		d	a	0		undefined8 FUN_71006630dc(long * param_1)
710066322c	512	FUN_710066322c		d	a	0		undefined8 FUN_710066322c(undefined1[16] param_1, undefined8 param_2, long * param_3)
710066342c	392	FUN_710066342c		d	a	0		undefined FUN_710066342c(undefined1[16] param_1, undefined8 param_2, long * param_3, long param_4, long param_5)
71006635b4	312	FUN_71006635b4		d	a	0		undefined8 FUN_71006635b4(undefined1[16] param_1, undefined8 param_2, long * param_3)
71006636ec	388	FUN_71006636ec		d	a	0		undefined FUN_71006636ec(undefined1[16] param_1, undefined8 param_2, long * param_3, long param_4, long param_5)
7100663870	460	FUN_7100663870		d	a	0		undefined8 FUN_7100663870(long param_1, long * param_2, ulong param_3)
7100663a3c	388	FUN_7100663a3c		d	a	0		undefined8 FUN_7100663a3c(long * param_1)
7100663bc0	148	FUN_7100663bc0		d	a	0		undefined8 FUN_7100663bc0(long * param_1)
7100663c54	184	FUN_7100663c54		d	a	0		undefined8 FUN_7100663c54(long * param_1)
7100663d10	304	FUN_7100663d10		d	a	0		undefined8 FUN_7100663d10(long * param_1)
7100663e40	4	FUN_7100663e40		d	a	0		undefined FUN_7100663e40(void)
7100663e44	64	FUN_7100663e44		d	a	0		undefined FUN_7100663e44(undefined8 * param_1, ulong param_2, ulong param_3)
7100663e84	64	FUN_7100663e84		d	a	0		undefined FUN_7100663e84(undefined8 * param_1, ulong param_2, ulong param_3)
7100663ed0	276	FUN_7100663ed0		d	a	0		undefined FUN_7100663ed0(long * param_1, undefined8 param_2, long param_3)
7100663fe8	4	FUN_7100663fe8		d	a	0		undefined FUN_7100663fe8(void)
7100663fec	64	FUN_7100663fec		d	a	0		undefined FUN_7100663fec(undefined8 * param_1, ulong param_2, ulong param_3)
710066402c	64	FUN_710066402c		d	a	0		undefined FUN_710066402c(undefined8 * param_1, ulong param_2, ulong param_3)
7100664084	4	FUN_7100664084		d	a	0		undefined FUN_7100664084(void)
7100664088	64	FUN_7100664088		d	a	0		undefined FUN_7100664088(undefined8 * param_1, ulong param_2, ulong param_3)
71006640c8	64	FUN_71006640c8		d	a	0		undefined FUN_71006640c8(undefined8 * param_1, ulong param_2, ulong param_3)
71006641cc	184	FUN_71006641cc		d	a	0		undefined8 FUN_71006641cc(long * param_1)
7100664310	172	FUN_7100664310		d	a	0		undefined8 FUN_7100664310(long * param_1)
71006643bc	332	FUN_71006643bc		d	a	0		undefined8 FUN_71006643bc(long * param_1, long * param_2)
7100664508	352	FUN_7100664508		d	a	0		undefined8 FUN_7100664508(long * param_1, long * param_2)
7100664668	344	FUN_7100664668		d	a	0		undefined FUN_7100664668(long * param_1, long param_2)
71006647c0	220	FUN_71006647c0		d	a	0		undefined8 FUN_71006647c0(long * param_1)
71006648a0	368	FUN_71006648a0		d	a	0		undefined8 FUN_71006648a0(long * param_1)
7100664bf0	88	FUN_7100664bf0		d	a	0		undefined FUN_7100664bf0(long param_1, RttsObjectData * param_2, char * param_3)
7100664c48	100	FUN_7100664c48		d	a	0		long FUN_7100664c48(long param_1)
7100664cb0	64	FUN_7100664cb0		d	a	0		undefined FUN_7100664cb0(void)
7100664cf0	104	FUN_7100664cf0		d	a	0		undefined FUN_7100664cf0(void)
7100664d60	44	FUN_7100664d60		d	a	0		undefined FUN_7100664d60(void)
7100664d8c	100	FUN_7100664d8c		d	a	0		undefined FUN_7100664d8c(RttsObjectData * param_1)
7100664df0	108	FUN_7100664df0		d	a	0		undefined FUN_7100664df0(RttsObjectData * param_1)
7100664e88	484	FUN_7100664e88		d	a	0		undefined FUN_7100664e88(void)
71006650a0	272	FUN_71006650a0		d	a	0		undefined FUN_71006650a0(void * param_1, ulong param_2, undefined8 param_3)
71006651b0	264	FUN_71006651b0		d	a	0		undefined8 FUN_71006651b0(long * param_1)
71006652b8	332	FUN_71006652b8		d	a	0		undefined8 FUN_71006652b8(long * param_1, long * param_2)
7100665404	352	FUN_7100665404		d	a	0		undefined FUN_7100665404(long * param_1, long param_2, long param_3)
7100665564	172	FUN_7100665564		d	a	0		undefined8 FUN_7100665564(long * param_1)
7100665610	356	FUN_7100665610		d	a	0		undefined8 FUN_7100665610(long * param_1)
7100665774	320	FUN_7100665774		d	a	0		long * FUN_7100665774(long * param_1)
71006658b4	40	FUN_71006658b4		d	a	0		long FUN_71006658b4(long param_1)
71006658dc	116	FUN_71006658dc		d	a	0		long * FUN_71006658dc(long * param_1, ulong param_2, ulong param_3, long param_4)
7100665950	116	FUN_7100665950		d	a	0		long * FUN_7100665950(long * param_1, ulong param_2, ulong param_3, long param_4)
71006659d4	40	FUN_71006659d4		d	a	0		undefined FUN_71006659d4(void * param_1)
7100665a04	272	FUN_7100665a04		d	a	0		uint FUN_7100665a04(long param_1, undefined8 param_2)
7100665b14	4	FUN_7100665b14		d	a	0		undefined FUN_7100665b14(void)
7100665b18	100	FUN_7100665b18		d	a	0		undefined FUN_7100665b18(undefined8 * param_1, ulong param_2, ulong param_3, long param_4)
7100665b7c	100	FUN_7100665b7c		d	a	0		undefined FUN_7100665b7c(undefined8 * param_1, ulong param_2, ulong param_3, long param_4)
7100665be0	52	FUN_7100665be0		d	a	0		undefined8 FUN_7100665be0(long param_1)
7100665c18	296	FUN_7100665c18		d	a	0		undefined FUN_7100665c18(long * param_1, long * param_2)
7100665d40	4	FUN_7100665d40		d	a	0		undefined FUN_7100665d40(void)
7100665d44	100	FUN_7100665d44		d	a	0		undefined FUN_7100665d44(undefined8 * param_1, ulong param_2, ulong param_3, long param_4)
7100665da8	100	FUN_7100665da8		d	a	0		undefined FUN_7100665da8(undefined8 * param_1, ulong param_2, ulong param_3, long param_4)
7100665e24	268	FUN_7100665e24		d	a	0		undefined8 FUN_7100665e24(long * param_1)
7100665f30	352	FUN_7100665f30		d	a	0		undefined8 FUN_7100665f30(long * param_1, long * param_2)
7100666090	148	FUN_7100666090		d	a	0		undefined8 FUN_7100666090(long * param_1)
7100666124	320	FUN_7100666124		d	a	0		undefined8 FUN_7100666124(long * param_1)
7100666264	380	FUN_7100666264		d	a	0		undefined FUN_7100666264(long * param_1, long param_2, long param_3)
71006663e0	320	FUN_71006663e0		d	a	0		undefined8 FUN_71006663e0(long * param_1)
7100666520	380	FUN_7100666520		d	a	0		undefined FUN_7100666520(long * param_1, long param_2, long param_3)
710066669c	320	FUN_710066669c		d	a	0		undefined8 FUN_710066669c(long * param_1)
71006667dc	380	FUN_71006667dc		d	a	0		undefined FUN_71006667dc(long * param_1, long param_2, long param_3)
7100666958	320	FUN_7100666958		d	a	0		undefined8 FUN_7100666958(long * param_1)
7100666a98	380	FUN_7100666a98		d	a	0		undefined FUN_7100666a98(long * param_1, long param_2, long param_3)
7100666c14	320	FUN_7100666c14		d	a	0		undefined8 FUN_7100666c14(long * param_1)
7100666d54	380	FUN_7100666d54		d	a	0		undefined FUN_7100666d54(long * param_1, long param_2, long param_3)
7100666ed0	320	FUN_7100666ed0		d	a	0		undefined8 FUN_7100666ed0(long * param_1)
7100667010	380	FUN_7100667010		d	a	0		undefined FUN_7100667010(long * param_1, long param_2, long param_3)
710066718c	228	FUN_710066718c		d	a	0		undefined8 FUN_710066718c(long * param_1)
7100667270	308	FUN_7100667270		d	a	0		undefined8 FUN_7100667270(long param_1, long * param_2, uint param_3)
71006673a4	376	FUN_71006673a4		d	a	0		undefined FUN_71006673a4(long * param_1, long param_2, long param_3)
710066751c	184	FUN_710066751c		d	a	0		undefined8 FUN_710066751c(long * param_1)
71006675e0	304	FUN_71006675e0		d	a	0		undefined8 FUN_71006675e0(long * param_1)
7100667710	4	FUN_7100667710		d	a	0		undefined FUN_7100667710(void)
7100667714	64	FUN_7100667714		d	a	0		undefined FUN_7100667714(undefined8 * param_1, ulong param_2, ulong param_3)
7100667754	64	FUN_7100667754		d	a	0		undefined FUN_7100667754(undefined8 * param_1, ulong param_2, ulong param_3)
71006677a0	276	FUN_71006677a0		d	a	0		undefined FUN_71006677a0(long * param_1, undefined8 param_2, long param_3)
71006678b8	4	FUN_71006678b8		d	a	0		undefined FUN_71006678b8(void)
71006678bc	64	FUN_71006678bc		d	a	0		undefined FUN_71006678bc(undefined8 * param_1, ulong param_2, ulong param_3)
71006678fc	64	FUN_71006678fc		d	a	0		undefined FUN_71006678fc(undefined8 * param_1, ulong param_2, ulong param_3)
7100667954	4	FUN_7100667954		d	a	0		undefined FUN_7100667954(void)
7100667958	64	FUN_7100667958		d	a	0		undefined FUN_7100667958(undefined8 * param_1, ulong param_2, ulong param_3)
7100667998	64	FUN_7100667998		d	a	0		undefined FUN_7100667998(undefined8 * param_1, ulong param_2, ulong param_3)
7100667a40	88	FUN_7100667a40		d	a	0		undefined FUN_7100667a40(void)
7100667bec	344	FUN_7100667bec		d	a	0		undefined FUN_7100667bec(long * param_1, undefined8 param_2, long param_3)
7100667d50	480	FUN_7100667d50		d	a	0		undefined FUN_7100667d50(long * param_1, Entity * param_2)
7100667f30	104	FUN_7100667f30		d	a	0		undefined FUN_7100667f30(long * param_1, long * param_2)
7100667f98	256	FUN_7100667f98		d	a	0		undefined FUN_7100667f98(long * param_1, long * param_2)
7100668098	72	FUN_7100668098		d	a	0		undefined FUN_7100668098(undefined8 * param_1, long param_2, int param_3)
71006680e0	28	FUN_71006680e0		d	a	0		int FUN_71006680e0(long param_1)
7100668100	116	FUN_7100668100		d	a	0		undefined FUN_7100668100(long param_1, undefined8 * param_2)
710066817c	304	FUN_710066817c		d	a	0		long * FUN_710066817c(long param_1, int param_2)
71006682c0	204	FUN_71006682c0		d	a	0		undefined FUN_71006682c0(long param_1)
7100668394	196	FUN_7100668394		d	a	0		undefined FUN_7100668394(long * param_1, long param_2, byte * param_3, ulong param_4, byte * param_5, ulong param_6)
7100668458	196	FUN_7100668458		d	a	0		undefined FUN_7100668458(long * param_1, long param_2, byte * param_3, ulong param_4, byte * param_5, ulong param_6)
710066851c	196	FUN_710066851c		d	a	0		undefined FUN_710066851c(long * param_1, long param_2, byte * param_3, ulong param_4, byte * param_5, ulong param_6)
71006685e0	196	FUN_71006685e0		d	a	0		undefined FUN_71006685e0(long * param_1, long param_2, byte * param_3, ulong param_4, byte * param_5, ulong param_6)
71006686a4	196	FUN_71006686a4		d	a	0		undefined FUN_71006686a4(long * param_1, long param_2, byte * param_3, ulong param_4, byte * param_5, ulong param_6)
7100668768	196	FUN_7100668768		d	a	0		undefined FUN_7100668768(long * param_1, long param_2, byte * param_3, ulong param_4, byte * param_5, ulong param_6)
710066882c	972	FUN_710066882c		d	a	0		undefined FUN_710066882c(long * param_1, long param_2, undefined4 param_3, byte * param_4, ulong param_5, byte * param_6, ulong param_7)
7100668c00	388	FUN_7100668c00		d	a	0		undefined FUN_7100668c00(undefined8 * param_1)
7100668d8c	36	FUN_7100668d8c		d	a	0		undefined FUN_7100668d8c(undefined8 * param_1)
7100668db0	40	FUN_7100668db0		d	a	0		undefined FUN_7100668db0(long param_1)
7100668de0	404	FUN_7100668de0		d	a	0		undefined FUN_7100668de0(long param_1)
7100668fc8	36	FUN_7100668fc8		d	a	0		undefined FUN_7100668fc8(undefined8 * param_1)
7100668ff0	152	FUN_7100668ff0		d	a	0		undefined FUN_7100668ff0(undefined8 param_1, long param_2, undefined8 * param_3)
71006690a0	416	FUN_71006690a0		d	a	0		undefined FUN_71006690a0(long param_1, long * param_2)
71006692b0	252	FUN_71006692b0		d	a	0		undefined FUN_71006692b0(undefined8 * param_1)
71006693c0	228	FUN_71006693c0		d	a	0		long * FUN_71006693c0(long * param_1, long * param_2)
71006694b0	452	FUN_71006694b0		d	a	0		undefined FUN_71006694b0(long * param_1, undefined8 param_2, long * param_3)
71006699b0	244	FUN_71006699b0		d	a	0		undefined FUN_71006699b0(ComRigidBody * param_1, RttsObjectData * param_2, char * param_3)
7100669aa4	100	FUN_7100669aa4		d	a	0		undefined FUN_7100669aa4(long param_1)
7100669b10	64	FUN_7100669b10		d	a	0		undefined FUN_7100669b10(void)
7100669b50	104	FUN_7100669b50		d	a	0		undefined FUN_7100669b50(void)
7100669bc0	44	FUN_7100669bc0		d	a	0		undefined FUN_7100669bc0(void)
7100669bec	52	FUN_7100669bec		d	a	0		undefined FUN_7100669bec(RttsObjectData * param_1)
7100669c20	60	FUN_7100669c20		d	a	0		undefined FUN_7100669c20(RttsObjectData * param_1)
7100669c90	464	FUN_7100669c90		d	a	0		undefined FUN_7100669c90(long * param_1, Entity * param_2, long * param_3)
7100669e60	1664	FUN_7100669e60		d	a	0		undefined FUN_7100669e60(void)
710066a62c	148	FUN_710066a62c		d	a	0		undefined8 FUN_710066a62c(long * param_1)
710066a6c0	352	FUN_710066a6c0		d	a	0		undefined8 FUN_710066a6c0(long * param_1, long * param_2)
710066a820	172	FUN_710066a820		d	a	0		undefined8 FUN_710066a820(long * param_1)
710066a8cc	332	FUN_710066a8cc		d	a	0		undefined8 FUN_710066a8cc(long * param_1, long * param_2)
710066aa18	268	FUN_710066aa18		d	a	0		undefined8 FUN_710066aa18(long * param_1)
710066ab24	204	FUN_710066ab24		d	a	0		undefined8 FUN_710066ab24(long * param_1)
710066abf0	204	FUN_710066abf0		d	a	0		undefined8 FUN_710066abf0(long * param_1)
710066acbc	272	FUN_710066acbc		d	a	0		undefined8 FUN_710066acbc(long * param_1)
710066adcc	148	FUN_710066adcc		d	a	0		undefined8 FUN_710066adcc(long * param_1)
710066ae60	184	FUN_710066ae60		d	a	0		undefined8 FUN_710066ae60(long * param_1)
710066af18	276	FUN_710066af18		d	a	0		undefined8 FUN_710066af18(long * param_1)
710066b02c	184	FUN_710066b02c		d	a	0		undefined8 FUN_710066b02c(long * param_1)
710066b0e4	276	FUN_710066b0e4		d	a	0		undefined8 FUN_710066b0e4(long * param_1)
710066b1f8	172	FUN_710066b1f8		d	a	0		undefined8 FUN_710066b1f8(long * param_1)
710066b2a4	292	FUN_710066b2a4		d	a	0		undefined8 FUN_710066b2a4(long * param_1)
710066b3c8	172	FUN_710066b3c8		d	a	0		undefined8 FUN_710066b3c8(long * param_1)
710066b474	172	FUN_710066b474		d	a	0		undefined8 FUN_710066b474(long * param_1)
710066b520	172	FUN_710066b520		d	a	0		undefined8 FUN_710066b520(long * param_1)
710066b5cc	172	FUN_710066b5cc		d	a	0		undefined8 FUN_710066b5cc(long * param_1)
710066b678	172	FUN_710066b678		d	a	0		undefined8 FUN_710066b678(long * param_1)
710066b724	184	FUN_710066b724		d	a	0		undefined8 FUN_710066b724(long * param_1)
710066b7dc	276	FUN_710066b7dc		d	a	0		undefined8 FUN_710066b7dc(long * param_1)
710066b8f0	184	FUN_710066b8f0		d	a	0		undefined8 FUN_710066b8f0(long * param_1)
710066b9a8	276	FUN_710066b9a8		d	a	0		undefined8 FUN_710066b9a8(long * param_1)
710066babc	180	FUN_710066babc		d	a	0		undefined8 FUN_710066babc(long * param_1)
710066bb70	376	FUN_710066bb70		d	a	0		undefined8 FUN_710066bb70(long * param_1)
710066bce8	180	FUN_710066bce8		d	a	0		undefined8 FUN_710066bce8(long * param_1)
710066bd9c	184	FUN_710066bd9c		d	a	0		undefined8 FUN_710066bd9c(long * param_1)
710066be54	276	FUN_710066be54		d	a	0		undefined8 FUN_710066be54(long * param_1)
710066bf68	184	FUN_710066bf68		d	a	0		undefined8 FUN_710066bf68(long * param_1)
710066c020	276	FUN_710066c020		d	a	0		undefined8 FUN_710066c020(long * param_1)
710066c134	172	FUN_710066c134		d	a	0		undefined8 FUN_710066c134(long * param_1)
710066c1e0	292	FUN_710066c1e0		d	a	0		undefined8 FUN_710066c1e0(long * param_1)
710066c304	172	FUN_710066c304		d	a	0		undefined8 FUN_710066c304(long * param_1)
710066c3b0	268	FUN_710066c3b0		d	a	0		undefined8 FUN_710066c3b0(long * param_1)
710066c4bc	172	FUN_710066c4bc		d	a	0		undefined8 FUN_710066c4bc(long * param_1)
710066c568	268	FUN_710066c568		d	a	0		undefined8 FUN_710066c568(long * param_1)
710066c674	324	FUN_710066c674		d	a	0		undefined8 FUN_710066c674(long * param_1)
710066c7b8	324	FUN_710066c7b8		d	a	0		undefined8 FUN_710066c7b8(long * param_1)
710066c8fc	276	FUN_710066c8fc		d	a	0		undefined8 FUN_710066c8fc(long * param_1)
710066ca10	184	FUN_710066ca10		d	a	0		undefined8 FUN_710066ca10(long * param_1)
710066cac8	324	FUN_710066cac8		d	a	0		undefined8 FUN_710066cac8(long * param_1)
710066cc0c	256	FUN_710066cc0c		d	a	0		undefined8 FUN_710066cc0c(long * param_1, undefined8 param_2, undefined8 param_3, undefined8 param_4, undefined8 param_5, undefined8 param_6, undefined8 param_7, undefined8 param_8)
710066cd0c	324	FUN_710066cd0c		d	a	0		undefined8 FUN_710066cd0c(long * param_1)
710066ce50	324	FUN_710066ce50		d	a	0		undefined8 FUN_710066ce50(long * param_1)
710066cf94	324	FUN_710066cf94		d	a	0		undefined8 FUN_710066cf94(long * param_1)
710066d0d8	172	FUN_710066d0d8		d	a	0		undefined8 FUN_710066d0d8(long * param_1)
710066d184	268	FUN_710066d184		d	a	0		undefined8 FUN_710066d184(long * param_1)
710066d290	172	FUN_710066d290		d	a	0		undefined8 FUN_710066d290(long * param_1)
710066d33c	268	FUN_710066d33c		d	a	0		undefined8 FUN_710066d33c(long * param_1)
710066d448	152	FUN_710066d448		d	a	0		undefined8 FUN_710066d448(long * param_1)
710066d4e0	220	FUN_710066d4e0		d	a	0		undefined FUN_710066d4e0(long * param_1, long param_2)
710066d5bc	344	FUN_710066d5bc		d	a	0		undefined FUN_710066d5bc(long * param_1, long param_2)
710066d714	200	FUN_710066d714		d	a	0		undefined8 FUN_710066d714(long * param_1)
710066d7e0	296	FUN_710066d7e0		d	a	0		undefined8 FUN_710066d7e0(long * param_1)
710066d960	148	FUN_710066d960		d	a	0		undefined8 FUN_710066d960(long * param_1)
710066d9f4	296	FUN_710066d9f4		d	a	0		uint FUN_710066d9f4(long param_1, long * param_2, ulong param_3)
710066db1c	360	FUN_710066db1c		d	a	0		undefined FUN_710066db1c(long * param_1, undefined8 param_2, long param_3)
710066dc84	408	FUN_710066dc84		d	a	0		undefined8 FUN_710066dc84(long * param_1, long * param_2, ulong param_3, uint param_4)
710066de60	332	FUN_710066de60		d	a	0		RttsObjectData * FUN_710066de60(ulong param_1)
710066e070	120	FUN_710066e070		d	a	0		undefined FUN_710066e070(long param_1, RttsObjectData * param_2, char * param_3)
710066e0e8	100	FUN_710066e0e8		d	a	0		undefined FUN_710066e0e8(long param_1)
710066e150	64	FUN_710066e150		d	a	0		undefined FUN_710066e150(void)
710066e190	104	FUN_710066e190		d	a	0		undefined FUN_710066e190(void)
710066e200	44	FUN_710066e200		d	a	0		undefined FUN_710066e200(void)
710066e22c	52	FUN_710066e22c		d	a	0		undefined FUN_710066e22c(RttsObjectData * param_1)
710066e260	60	FUN_710066e260		d	a	0		undefined FUN_710066e260(RttsObjectData * param_1)
710066e2d0	452	FUN_710066e2d0		d	a	0		undefined FUN_710066e2d0(long * param_1, Entity * param_2, long * param_3)
710066e6d0	148	FUN_710066e6d0		d	a	0		undefined8 FUN_710066e6d0(long * param_1)
710066e764	352	FUN_710066e764		d	a	0		undefined8 FUN_710066e764(long * param_1, long * param_2)
710066e8c4	172	FUN_710066e8c4		d	a	0		undefined8 FUN_710066e8c4(long * param_1)
710066e970	332	FUN_710066e970		d	a	0		undefined8 FUN_710066e970(long * param_1, long * param_2)
710066eabc	268	FUN_710066eabc		d	a	0		undefined8 FUN_710066eabc(long * param_1)
710066ebc8	204	FUN_710066ebc8		d	a	0		undefined8 FUN_710066ebc8(long * param_1)
710066ec94	204	FUN_710066ec94		d	a	0		undefined8 FUN_710066ec94(long * param_1)
710066ed60	272	FUN_710066ed60		d	a	0		undefined8 FUN_710066ed60(long * param_1)
710066ee70	148	FUN_710066ee70		d	a	0		undefined8 FUN_710066ee70(long * param_1)
710066ef04	184	FUN_710066ef04		d	a	0		undefined8 FUN_710066ef04(long * param_1)
710066efbc	276	FUN_710066efbc		d	a	0		undefined8 FUN_710066efbc(long * param_1)
710066f0d0	152	FUN_710066f0d0		d	a	0		undefined8 FUN_710066f0d0(long * param_1)
710066f168	220	FUN_710066f168		d	a	0		undefined FUN_710066f168(long * param_1, long param_2)
710066f244	344	FUN_710066f244		d	a	0		undefined FUN_710066f244(long * param_1, long param_2)
710066f39c	200	FUN_710066f39c		d	a	0		undefined8 FUN_710066f39c(long * param_1)
710066f470	296	FUN_710066f470		d	a	0		undefined8 FUN_710066f470(long * param_1)
710066f5f0	148	FUN_710066f5f0		d	a	0		undefined8 FUN_710066f5f0(long * param_1)
710066f684	296	FUN_710066f684		d	a	0		uint FUN_710066f684(long param_1, long * param_2, ulong param_3)
710066f7ac	360	FUN_710066f7ac		d	a	0		undefined FUN_710066f7ac(long * param_1, undefined8 param_2, long param_3)
710066f914	408	FUN_710066f914		d	a	0		undefined8 FUN_710066f914(long * param_1, long * param_2, ulong param_3, uint param_4)
710066fb60	1912	FUN_710066fb60		d	a	0		RttsObjectData * FUN_710066fb60(uint param_1)
7100670c30	96	FUN_7100670c30		d	a	0		long * FUN_7100670c30(long param_1)
7100670c90	32	FUN_7100670c90		d	a	0		undefined FUN_7100670c90(void)
7100670cb0	100	FUN_7100670cb0		d	a	0		undefined FUN_7100670cb0(void)
7100670d20	44	FUN_7100670d20		d	a	0		undefined FUN_7100670d20(void)
7100670d4c	108	FUN_7100670d4c		d	a	0		undefined FUN_7100670d4c(RttsObjectData * param_1)
7100670db8	124	FUN_7100670db8		d	a	0		undefined FUN_7100670db8(RttsObjectData * param_1)
7100670e60	396	FUN_7100670e60		d	a	0		undefined FUN_7100670e60(undefined8 * param_1, long * param_2)
7100670fec	396	FUN_7100670fec		d	a	0		undefined FUN_7100670fec(undefined8 * param_1, long * param_2)
7100671178	396	FUN_7100671178		d	a	0		undefined FUN_7100671178(undefined8 * param_1, long * param_2)
7100671304	480	FUN_7100671304		d	a	0		undefined FUN_7100671304(void)
71006714f0	80	FUN_71006714f0		d	a	0		undefined8 FUN_71006714f0(long * param_1)
7100671544	80	FUN_7100671544		d	a	0		undefined8 FUN_7100671544(long * param_1)
7100671598	80	FUN_7100671598		d	a	0		undefined8 FUN_7100671598(long * param_1)
71006715fc	352	FUN_71006715fc		d	a	0		undefined8 FUN_71006715fc(long * param_1)
710067175c	332	FUN_710067175c		d	a	0		undefined8 FUN_710067175c(long * param_1, long * param_2)
71006718a8	264	FUN_71006718a8		d	a	0		undefined8 FUN_71006718a8(long * param_1)
71006719b0	352	FUN_71006719b0		d	a	0		undefined8 FUN_71006719b0(long * param_1, long * param_2)
7100671b10	352	FUN_7100671b10		d	a	0		undefined8 FUN_7100671b10(long param_1, long * param_2, uint param_3)
7100671c70	208	FUN_7100671c70		d	a	0		undefined8 FUN_7100671c70(long * param_1)
7100671d40	412	FUN_7100671d40		d	a	0		undefined8 FUN_7100671d40(long * param_1)
7100671edc	244	FUN_7100671edc		d	a	0		undefined8 FUN_7100671edc(long * param_1)
7100671fd0	208	FUN_7100671fd0		d	a	0		undefined8 FUN_7100671fd0(long * param_1)
71006720a0	412	FUN_71006720a0		d	a	0		undefined8 FUN_71006720a0(long * param_1)
710067223c	268	FUN_710067223c		d	a	0		undefined8 FUN_710067223c(long * param_1)
7100672348	208	FUN_7100672348		d	a	0		undefined8 FUN_7100672348(long * param_1)
7100672418	412	FUN_7100672418		d	a	0		undefined8 FUN_7100672418(long * param_1)
71006725b4	268	FUN_71006725b4		d	a	0		undefined8 FUN_71006725b4(long * param_1)
71006726c0	320	FUN_71006726c0		d	a	0		undefined8 FUN_71006726c0(long * param_1)
7100672800	256	FUN_7100672800		d	a	0		undefined8 FUN_7100672800(long * param_1)
7100672900	380	FUN_7100672900		d	a	0		undefined8 FUN_7100672900(long * param_1)
7100672a7c	420	FUN_7100672a7c		d	a	0		undefined8 FUN_7100672a7c(long * param_1)
7100672c20	420	FUN_7100672c20		d	a	0		undefined8 FUN_7100672c20(long * param_1)
7100672e90	296	FUN_7100672e90		d	a	0		undefined8 FUN_7100672e90(long * param_1)
7100672fb8	20	FUN_7100672fb8		d	a	0		undefined8 FUN_7100672fb8(void)
7100672fcc	8	FUN_7100672fcc		d	a	0		undefined8 FUN_7100672fcc(void)
7100673300	576	FUN_7100673300		d	a	0		undefined FUN_7100673300(long param_1, RttsObjectData * param_2, long param_3)
7100673540	476	FUN_7100673540		d	a	0		undefined FUN_7100673540(long param_1, RttsObjectData * param_2, char * param_3)
710067371c	68	FUN_710067371c		d	a	0		undefined FUN_710067371c(void)
7100673760	32	FUN_7100673760		d	a	0		undefined FUN_7100673760(void)
7100673780	100	FUN_7100673780		d	a	0		undefined FUN_7100673780(void)
71006737f0	44	FUN_71006737f0		d	a	0		undefined FUN_71006737f0(void)
710067381c	52	FUN_710067381c		d	a	0		undefined FUN_710067381c(RttsObjectData * param_1)
7100673850	60	FUN_7100673850		d	a	0		undefined FUN_7100673850(RttsObjectData * param_1)
71006738b8	168	FUN_71006738b8		d	a	0		undefined FUN_71006738b8(void)
7100673960	224	FUN_7100673960		d	a	0		undefined8 FUN_7100673960(long * param_1)
7100673afc	332	FUN_7100673afc		d	a	0		undefined8 FUN_7100673afc(long * param_1, long * param_2)
7100673c48	272	FUN_7100673c48		d	a	0		undefined8 FUN_7100673c48(long * param_1)
7100673d58	352	FUN_7100673d58		d	a	0		undefined8 FUN_7100673d58(long * param_1, long * param_2)
7100673eb8	220	FUN_7100673eb8		d	a	0		undefined8 FUN_7100673eb8(long * param_1)
7100673fa0	368	FUN_7100673fa0		d	a	0		undefined8 FUN_7100673fa0(long * param_1)
7100674110	20	FUN_7100674110		d	a	0		undefined8 FUN_7100674110(void)
7100674124	8	FUN_7100674124		d	a	0		undefined8 FUN_7100674124(void)
7100674740	536	FUN_7100674740		d	a	0		undefined FUN_7100674740(long param_1, RttsObjectData * param_2, char * param_3)
7100674958	56	FUN_7100674958		d	a	0		undefined FUN_7100674958(void)
7100674990	32	FUN_7100674990		d	a	0		undefined FUN_7100674990(void)
71006749b0	100	FUN_71006749b0		d	a	0		undefined FUN_71006749b0(void)
7100674a20	44	FUN_7100674a20		d	a	0		undefined FUN_7100674a20(void)
7100674a4c	52	FUN_7100674a4c		d	a	0		undefined FUN_7100674a4c(RttsObjectData * param_1)
7100674a80	60	FUN_7100674a80		d	a	0		undefined FUN_7100674a80(RttsObjectData * param_1)
7100674ae8	224	FUN_7100674ae8		d	a	0		undefined FUN_7100674ae8(void)
7100674bc8	228	FUN_7100674bc8		d	a	0		undefined8 FUN_7100674bc8(long * param_1)
7100674d70	332	FUN_7100674d70		d	a	0		undefined8 FUN_7100674d70(long * param_1, long * param_2)
7100674ebc	272	FUN_7100674ebc		d	a	0		undefined8 FUN_7100674ebc(long * param_1)
7100674fcc	352	FUN_7100674fcc		d	a	0		undefined8 FUN_7100674fcc(long * param_1, long * param_2)
710067512c	180	FUN_710067512c		d	a	0		undefined8 FUN_710067512c(long * param_1)
71006751e0	272	FUN_71006751e0		d	a	0		undefined8 FUN_71006751e0(long * param_1)
71006753d0	368	FUN_71006753d0		d	a	0		undefined8 FUN_71006753d0(long * param_1)
7100675540	20	FUN_7100675540		d	a	0		undefined8 FUN_7100675540(void)
7100675554	8	FUN_7100675554		d	a	0		undefined8 FUN_7100675554(void)
7100675b80	536	FUN_7100675b80		d	a	0		undefined FUN_7100675b80(long param_1, RttsObjectData * param_2, char * param_3)
7100675d98	80	FUN_7100675d98		d	a	0		undefined FUN_7100675d98(void)
7100675df0	32	FUN_7100675df0		d	a	0		undefined FUN_7100675df0(void)
7100675e10	100	FUN_7100675e10		d	a	0		undefined FUN_7100675e10(void)
7100675e80	44	FUN_7100675e80		d	a	0		undefined FUN_7100675e80(void)
7100675eac	52	FUN_7100675eac		d	a	0		undefined FUN_7100675eac(RttsObjectData * param_1)
7100675ee0	60	FUN_7100675ee0		d	a	0		undefined FUN_7100675ee0(RttsObjectData * param_1)
7100675f48	224	FUN_7100675f48		d	a	0		undefined FUN_7100675f48(void)
7100676028	228	FUN_7100676028		d	a	0		undefined8 FUN_7100676028(long * param_1)
71006761d0	332	FUN_71006761d0		d	a	0		undefined8 FUN_71006761d0(long * param_1, long * param_2)
710067631c	272	FUN_710067631c		d	a	0		undefined8 FUN_710067631c(long * param_1)
710067642c	352	FUN_710067642c		d	a	0		undefined8 FUN_710067642c(long * param_1, long * param_2)
710067658c	180	FUN_710067658c		d	a	0		undefined8 FUN_710067658c(long * param_1)
7100676640	272	FUN_7100676640		d	a	0		undefined8 FUN_7100676640(long * param_1)
7100676830	368	FUN_7100676830		d	a	0		undefined8 FUN_7100676830(long * param_1)
71006769a0	48	FUN_71006769a0		d	a	0		undefined FUN_71006769a0(undefined8 * param_1)
71006769d0	68	FUN_71006769d0		d	a	0		undefined FUN_71006769d0(long param_1)
7100677390	840	FUN_7100677390		d	a	0		undefined FUN_7100677390(PhysicsConstraint * param_1, RttsObjectData * param_2, char * param_3)
71006776d8	96	FUN_71006776d8		d	a	0		long * FUN_71006776d8(long param_1)
7100677740	32	FUN_7100677740		d	a	0		undefined FUN_7100677740(void)
7100677760	100	FUN_7100677760		d	a	0		undefined FUN_7100677760(void)
71006777d0	44	FUN_71006777d0		d	a	0		undefined FUN_71006777d0(void)
71006777fc	108	FUN_71006777fc		d	a	0		undefined FUN_71006777fc(RttsObjectData * param_1)
7100677868	124	FUN_7100677868		d	a	0		undefined FUN_7100677868(RttsObjectData * param_1)
7100677910	608	FUN_7100677910		d	a	0		undefined FUN_7100677910(void)
7100677c60	332	FUN_7100677c60		d	a	0		undefined8 FUN_7100677c60(long * param_1, long * param_2)
7100677dac	268	FUN_7100677dac		d	a	0		undefined8 FUN_7100677dac(long * param_1)
7100677eb8	352	FUN_7100677eb8		d	a	0		undefined8 FUN_7100677eb8(long * param_1, long * param_2)
7100678018	172	FUN_7100678018		d	a	0		undefined8 FUN_7100678018(long * param_1)
71006780c4	268	FUN_71006780c4		d	a	0		undefined8 FUN_71006780c4(long * param_1)
71006781d0	172	FUN_71006781d0		d	a	0		undefined8 FUN_71006781d0(long * param_1)
710067827c	268	FUN_710067827c		d	a	0		undefined8 FUN_710067827c(long * param_1)
7100678388	184	FUN_7100678388		d	a	0		undefined8 FUN_7100678388(long * param_1)
7100678440	276	FUN_7100678440		d	a	0		undefined8 FUN_7100678440(long * param_1)
7100678554	184	FUN_7100678554		d	a	0		undefined8 FUN_7100678554(long * param_1)
710067860c	276	FUN_710067860c		d	a	0		undefined8 FUN_710067860c(long * param_1)
7100678720	184	FUN_7100678720		d	a	0		undefined8 FUN_7100678720(long * param_1)
71006787d8	276	FUN_71006787d8		d	a	0		undefined8 FUN_71006787d8(long * param_1)
71006788ec	184	FUN_71006788ec		d	a	0		undefined8 FUN_71006788ec(long * param_1)
71006789a4	276	FUN_71006789a4		d	a	0		undefined8 FUN_71006789a4(long * param_1)
7100678ab8	184	FUN_7100678ab8		d	a	0		undefined8 FUN_7100678ab8(long * param_1)
7100678b70	276	FUN_7100678b70		d	a	0		undefined8 FUN_7100678b70(long * param_1)
7100678c84	184	FUN_7100678c84		d	a	0		undefined8 FUN_7100678c84(long * param_1)
7100678d3c	200	FUN_7100678d3c		d	a	0		undefined8 FUN_7100678d3c(long * param_1)
7100678e10	296	FUN_7100678e10		d	a	0		undefined8 FUN_7100678e10(long * param_1)
7100678f80	932	FUN_7100678f80		d	a	0		RttsObjectData * FUN_7100678f80(uint param_1)
71006795c0	532	FUN_71006795c0		d	a	0		undefined FUN_71006795c0(PhysicsConstraint * param_1, RttsObjectData * param_2, char * param_3)
71006797d4	96	FUN_71006797d4		d	a	0		long * FUN_71006797d4(long param_1)
7100679840	32	FUN_7100679840		d	a	0		undefined FUN_7100679840(void)
7100679860	100	FUN_7100679860		d	a	0		undefined FUN_7100679860(void)
71006798d0	44	FUN_71006798d0		d	a	0		undefined FUN_71006798d0(void)
71006798fc	108	FUN_71006798fc		d	a	0		undefined FUN_71006798fc(RttsObjectData * param_1)
7100679968	124	FUN_7100679968		d	a	0		undefined FUN_7100679968(RttsObjectData * param_1)
7100679a10	204	FUN_7100679a10		d	a	0		undefined FUN_7100679a10(void)
7100679ba4	332	FUN_7100679ba4		d	a	0		undefined8 FUN_7100679ba4(long * param_1, long * param_2)
7100679cf0	276	FUN_7100679cf0		d	a	0		undefined8 FUN_7100679cf0(long * param_1)
7100679e04	352	FUN_7100679e04		d	a	0		undefined8 FUN_7100679e04(long * param_1, long * param_2)
7100679f64	184	FUN_7100679f64		d	a	0		undefined8 FUN_7100679f64(long * param_1)
710067a01c	276	FUN_710067a01c		d	a	0		undefined8 FUN_710067a01c(long * param_1)
710067a200	296	FUN_710067a200		d	a	0		undefined8 FUN_710067a200(long * param_1)
710067a990	1016	FUN_710067a990		d	a	0		undefined FUN_710067a990(undefined1[16] param_1, undefined8 param_2, long param_3, RttsObjectData * param_4, long * param_5)
710067b15c	96	FUN_710067b15c		d	a	0		long * FUN_710067b15c(long param_1)
710067b1c0	32	FUN_710067b1c0		d	a	0		undefined FUN_710067b1c0(void)
710067b1e0	100	FUN_710067b1e0		d	a	0		undefined FUN_710067b1e0(void)
710067b250	44	FUN_710067b250		d	a	0		undefined FUN_710067b250(void)
710067b27c	108	FUN_710067b27c		d	a	0		undefined FUN_710067b27c(RttsObjectData * param_1)
710067b2e8	124	FUN_710067b2e8		d	a	0		undefined FUN_710067b2e8(RttsObjectData * param_1)
710067b390	744	FUN_710067b390		d	a	0		undefined FUN_710067b390(void)
710067b694	80	FUN_710067b694		d	a	0		undefined8 FUN_710067b694(long * param_1)
710067b718	172	FUN_710067b718		d	a	0		undefined8 FUN_710067b718(long * param_1)
710067b7c4	332	FUN_710067b7c4		d	a	0		undefined8 FUN_710067b7c4(long * param_1, long * param_2)
710067b910	268	FUN_710067b910		d	a	0		undefined8 FUN_710067b910(long * param_1)
710067ba1c	352	FUN_710067ba1c		d	a	0		undefined8 FUN_710067ba1c(long * param_1, long * param_2)
710067bb7c	172	FUN_710067bb7c		d	a	0		undefined8 FUN_710067bb7c(long * param_1)
710067bc28	268	FUN_710067bc28		d	a	0		undefined8 FUN_710067bc28(long * param_1)
710067bd34	172	FUN_710067bd34		d	a	0		undefined8 FUN_710067bd34(long * param_1)
710067bde0	268	FUN_710067bde0		d	a	0		undefined8 FUN_710067bde0(long * param_1)
710067beec	208	FUN_710067beec		d	a	0		undefined8 FUN_710067beec(long * param_1)
710067bfbc	412	FUN_710067bfbc		d	a	0		undefined8 FUN_710067bfbc(long * param_1)
710067c158	268	FUN_710067c158		d	a	0		undefined8 FUN_710067c158(long * param_1)
710067c264	184	FUN_710067c264		d	a	0		undefined8 FUN_710067c264(long * param_1)
710067c31c	276	FUN_710067c31c		d	a	0		undefined8 FUN_710067c31c(long * param_1)
710067c430	184	FUN_710067c430		d	a	0		undefined8 FUN_710067c430(long * param_1)
710067c4e8	276	FUN_710067c4e8		d	a	0		undefined8 FUN_710067c4e8(long * param_1)
710067c5fc	184	FUN_710067c5fc		d	a	0		undefined8 FUN_710067c5fc(long * param_1)
710067c6b4	276	FUN_710067c6b4		d	a	0		undefined8 FUN_710067c6b4(long * param_1)
710067c7c8	184	FUN_710067c7c8		d	a	0		undefined8 FUN_710067c7c8(long * param_1)
710067c880	276	FUN_710067c880		d	a	0		undefined8 FUN_710067c880(long * param_1)
710067c994	184	FUN_710067c994		d	a	0		undefined8 FUN_710067c994(long * param_1)
710067ca4c	276	FUN_710067ca4c		d	a	0		undefined8 FUN_710067ca4c(long * param_1)
710067cb60	184	FUN_710067cb60		d	a	0		undefined8 FUN_710067cb60(long * param_1)
710067cc18	184	FUN_710067cc18		d	a	0		undefined8 FUN_710067cc18(long * param_1)
710067ccd0	420	FUN_710067ccd0		d	a	0		undefined8 FUN_710067ccd0(long * param_1)
710067cf40	296	FUN_710067cf40		d	a	0		undefined8 FUN_710067cf40(long * param_1)
710067d070	112	FUN_710067d070		d	a	0		RttsObjectData * FUN_710067d070(void)
710067d100	20	FUN_710067d100		d	a	0		undefined FUN_710067d100(void)
710067d120	96	FUN_710067d120		d	a	0		undefined FUN_710067d120(void)
710067d180	44	FUN_710067d180		d	a	0		undefined FUN_710067d180(void)
710067d1ac	52	FUN_710067d1ac		d	a	0		undefined FUN_710067d1ac(RttsObjectData * param_1)
710067d1e0	60	FUN_710067d1e0		d	a	0		undefined FUN_710067d1e0(RttsObjectData * param_1)
710067d248	568	FUN_710067d248		d	a	0		undefined FUN_710067d248(void)
710067d480	204	FUN_710067d480		d	a	0		undefined8 FUN_710067d480(long * param_1)
710067d630	332	FUN_710067d630		d	a	0		undefined8 FUN_710067d630(long * param_1, long * param_2)
710067d77c	264	FUN_710067d77c		d	a	0		undefined8 FUN_710067d77c(long * param_1)
710067d884	352	FUN_710067d884		d	a	0		undefined8 FUN_710067d884(long * param_1, long * param_2)
710067d9e4	168	FUN_710067d9e4		d	a	0		undefined8 FUN_710067d9e4(long * param_1)
710067da8c	264	FUN_710067da8c		d	a	0		undefined8 FUN_710067da8c(long * param_1)
710067db94	180	FUN_710067db94		d	a	0		undefined8 FUN_710067db94(long * param_1)
710067dc48	272	FUN_710067dc48		d	a	0		undefined8 FUN_710067dc48(long * param_1)
710067dd58	180	FUN_710067dd58		d	a	0		undefined8 FUN_710067dd58(long * param_1)
710067de0c	272	FUN_710067de0c		d	a	0		undefined8 FUN_710067de0c(long * param_1)
710067df1c	180	FUN_710067df1c		d	a	0		undefined8 FUN_710067df1c(long * param_1)
710067dfd0	272	FUN_710067dfd0		d	a	0		undefined8 FUN_710067dfd0(long * param_1)
710067e0e0	180	FUN_710067e0e0		d	a	0		undefined8 FUN_710067e0e0(long * param_1)
710067e194	272	FUN_710067e194		d	a	0		undefined8 FUN_710067e194(long * param_1)
710067e2a4	180	FUN_710067e2a4		d	a	0		undefined8 FUN_710067e2a4(long * param_1)
710067e358	272	FUN_710067e358		d	a	0		undefined8 FUN_710067e358(long * param_1)
710067e468	184	FUN_710067e468		d	a	0		undefined8 FUN_710067e468(long * param_1)
710067e520	220	FUN_710067e520		d	a	0		undefined8 FUN_710067e520(long * param_1)
710067e600	368	FUN_710067e600		d	a	0		undefined8 FUN_710067e600(long * param_1)
710067e770	20	FUN_710067e770		d	a	0		undefined8 FUN_710067e770(void)
710067e784	8	FUN_710067e784		d	a	0		undefined8 FUN_710067e784(void)
710067ed70	524	FUN_710067ed70		d	a	0		undefined FUN_710067ed70(long param_1, RttsObjectData * param_2, char * param_3)
710067ef7c	56	FUN_710067ef7c		d	a	0		undefined FUN_710067ef7c(void)
710067efc0	32	FUN_710067efc0		d	a	0		undefined FUN_710067efc0(void)
710067efe0	100	FUN_710067efe0		d	a	0		undefined FUN_710067efe0(void)
710067f050	44	FUN_710067f050		d	a	0		undefined FUN_710067f050(void)
710067f07c	52	FUN_710067f07c		d	a	0		undefined FUN_710067f07c(RttsObjectData * param_1)
710067f0b0	60	FUN_710067f0b0		d	a	0		undefined FUN_710067f0b0(RttsObjectData * param_1)
710067f118	224	FUN_710067f118		d	a	0		undefined FUN_710067f118(void)
710067f1f8	228	FUN_710067f1f8		d	a	0		undefined8 FUN_710067f1f8(long * param_1)
710067f3a0	332	FUN_710067f3a0		d	a	0		undefined8 FUN_710067f3a0(long * param_1, long * param_2)
710067f4ec	272	FUN_710067f4ec		d	a	0		undefined8 FUN_710067f4ec(long * param_1)
710067f5fc	352	FUN_710067f5fc		d	a	0		undefined8 FUN_710067f5fc(long * param_1, long * param_2)
710067f75c	180	FUN_710067f75c		d	a	0		undefined8 FUN_710067f75c(long * param_1)
710067f810	272	FUN_710067f810		d	a	0		undefined8 FUN_710067f810(long * param_1)
710067fa00	368	FUN_710067fa00		d	a	0		undefined8 FUN_710067fa00(long * param_1)
7100680030	784	FUN_7100680030		d	a	0		undefined FUN_7100680030(undefined1[16] param_1, undefined8 param_2, long param_3, RttsObjectData * param_4, long * param_5)
7100680340	712	FUN_7100680340		d	a	0		undefined FUN_7100680340(PhysicsConstraint * param_1, RttsObjectData * param_2, char * param_3)
7100680608	96	FUN_7100680608		d	a	0		long * FUN_7100680608(long param_1)
7100680670	32	FUN_7100680670		d	a	0		undefined FUN_7100680670(void)
7100680690	100	FUN_7100680690		d	a	0		undefined FUN_7100680690(void)
7100680700	44	FUN_7100680700		d	a	0		undefined FUN_7100680700(void)
710068072c	108	FUN_710068072c		d	a	0		undefined FUN_710068072c(RttsObjectData * param_1)
7100680798	124	FUN_7100680798		d	a	0		undefined FUN_7100680798(RttsObjectData * param_1)
7100680840	396	FUN_7100680840		d	a	0		undefined FUN_7100680840(undefined8 * param_1, long * param_2)
71006809cc	428	FUN_71006809cc		d	a	0		undefined FUN_71006809cc(void)
7100680b84	80	FUN_7100680b84		d	a	0		undefined8 FUN_7100680b84(long * param_1)
7100680bf0	172	FUN_7100680bf0		d	a	0		undefined8 FUN_7100680bf0(long * param_1)
7100680c9c	332	FUN_7100680c9c		d	a	0		undefined8 FUN_7100680c9c(long * param_1, long * param_2)
7100680de8	268	FUN_7100680de8		d	a	0		undefined8 FUN_7100680de8(long * param_1)
7100680ef4	352	FUN_7100680ef4		d	a	0		undefined8 FUN_7100680ef4(long * param_1, long * param_2)
7100681054	208	FUN_7100681054		d	a	0		undefined8 FUN_7100681054(long * param_1)
7100681124	412	FUN_7100681124		d	a	0		undefined8 FUN_7100681124(long * param_1)
71006812c0	268	FUN_71006812c0		d	a	0		undefined8 FUN_71006812c0(long * param_1)
71006813cc	184	FUN_71006813cc		d	a	0		undefined8 FUN_71006813cc(long * param_1)
7100681484	276	FUN_7100681484		d	a	0		undefined8 FUN_7100681484(long * param_1)
7100681598	184	FUN_7100681598		d	a	0		undefined8 FUN_7100681598(long * param_1)
7100681650	276	FUN_7100681650		d	a	0		undefined8 FUN_7100681650(long * param_1)
7100681764	184	FUN_7100681764		d	a	0		undefined8 FUN_7100681764(long * param_1)
710068181c	184	FUN_710068181c		d	a	0		undefined8 FUN_710068181c(long * param_1)
71006818d4	420	FUN_71006818d4		d	a	0		undefined8 FUN_71006818d4(long * param_1)
7100681b40	296	FUN_7100681b40		d	a	0		undefined8 FUN_7100681b40(long * param_1)
71006823b0	676	FUN_71006823b0		d	a	0		undefined FUN_71006823b0(PhysicsConstraint * param_1, RttsObjectData * param_2, char * param_3)
7100682654	96	FUN_7100682654		d	a	0		long * FUN_7100682654(long param_1)
71006826c0	32	FUN_71006826c0		d	a	0		undefined FUN_71006826c0(void)
71006826e0	100	FUN_71006826e0		d	a	0		undefined FUN_71006826e0(void)
7100682750	44	FUN_7100682750		d	a	0		undefined FUN_7100682750(void)
710068277c	108	FUN_710068277c		d	a	0		undefined FUN_710068277c(RttsObjectData * param_1)
71006827e8	124	FUN_71006827e8		d	a	0		undefined FUN_71006827e8(RttsObjectData * param_1)
7100682890	308	FUN_7100682890		d	a	0		undefined FUN_7100682890(void)
71006829d0	80	FUN_71006829d0		d	a	0		undefined8 FUN_71006829d0(long * param_1)
7100682a2c	172	FUN_7100682a2c		d	a	0		undefined8 FUN_7100682a2c(long * param_1)
7100682ad8	332	FUN_7100682ad8		d	a	0		undefined8 FUN_7100682ad8(long * param_1, long * param_2)
7100682c24	268	FUN_7100682c24		d	a	0		undefined8 FUN_7100682c24(long * param_1)
7100682d30	352	FUN_7100682d30		d	a	0		undefined8 FUN_7100682d30(long * param_1, long * param_2)
7100682e90	208	FUN_7100682e90		d	a	0		undefined8 FUN_7100682e90(long * param_1)
7100682f60	412	FUN_7100682f60		d	a	0		undefined8 FUN_7100682f60(long * param_1)
71006830fc	268	FUN_71006830fc		d	a	0		undefined8 FUN_71006830fc(long * param_1)
7100683208	184	FUN_7100683208		d	a	0		undefined8 FUN_7100683208(long * param_1)
71006832c0	276	FUN_71006832c0		d	a	0		undefined8 FUN_71006832c0(long * param_1)
71006833d4	420	FUN_71006833d4		d	a	0		undefined8 FUN_71006833d4(long * param_1)
7100683640	296	FUN_7100683640		d	a	0		undefined8 FUN_7100683640(long * param_1)
7100683770	172	FUN_7100683770		d	a	0		undefined FUN_7100683770(void)
7100683874	220	FUN_7100683874		d	a	0		undefined FUN_7100683874(void)
7100683950	184	FUN_7100683950		d	a	0		undefined8 FUN_7100683950(long * param_1)
7100683a74	212	FUN_7100683a74		d	a	0		undefined8 FUN_7100683a74(long * param_1)
7100683b48	112	FUN_7100683b48		d	a	0		undefined8 FUN_7100683b48(long * param_1)
7100683bb8	212	FUN_7100683bb8		d	a	0		undefined8 FUN_7100683bb8(long * param_1)
7100683c8c	172	FUN_7100683c8c		d	a	0		undefined8 FUN_7100683c8c(long * param_1)
7100683d38	300	FUN_7100683d38		d	a	0		undefined8 FUN_7100683d38(long * param_1)
7100683e64	352	FUN_7100683e64		d	a	0		undefined8 FUN_7100683e64(long * param_1, long * param_2)
7100683fc4	188	FUN_7100683fc4		d	a	0		undefined8 FUN_7100683fc4(long * param_1)
7100684134	188	FUN_7100684134		d	a	0		undefined8 FUN_7100684134(long * param_1)
710068425c	212	FUN_710068425c		d	a	0		undefined8 FUN_710068425c(long * param_1)
7100684330	112	FUN_7100684330		d	a	0		undefined8 FUN_7100684330(long * param_1)
71006843a0	212	FUN_71006843a0		d	a	0		undefined8 FUN_71006843a0(long * param_1)
7100684474	352	FUN_7100684474		d	a	0		undefined8 FUN_7100684474(long * param_1, long * param_2)
71006845d4	188	FUN_71006845d4		d	a	0		undefined8 FUN_71006845d4(long * param_1)
710068476c	184	FUN_710068476c		d	a	0		undefined8 FUN_710068476c(long * param_1)
7100684890	212	FUN_7100684890		d	a	0		undefined8 FUN_7100684890(long * param_1)
7100684964	112	FUN_7100684964		d	a	0		undefined8 FUN_7100684964(long * param_1)
71006849d4	212	FUN_71006849d4		d	a	0		undefined8 FUN_71006849d4(long * param_1)
7100684aa8	172	FUN_7100684aa8		d	a	0		undefined8 FUN_7100684aa8(long * param_1)
7100684b54	300	FUN_7100684b54		d	a	0		undefined8 FUN_7100684b54(long * param_1)
7100684c80	352	FUN_7100684c80		d	a	0		undefined8 FUN_7100684c80(long * param_1, long * param_2)
7100684de0	188	FUN_7100684de0		d	a	0		undefined8 FUN_7100684de0(long * param_1)
7100684f50	188	FUN_7100684f50		d	a	0		undefined8 FUN_7100684f50(long * param_1)
7100685078	212	FUN_7100685078		d	a	0		undefined8 FUN_7100685078(long * param_1)
710068514c	112	FUN_710068514c		d	a	0		undefined8 FUN_710068514c(long * param_1)
71006851bc	212	FUN_71006851bc		d	a	0		undefined8 FUN_71006851bc(long * param_1)
7100685290	352	FUN_7100685290		d	a	0		undefined8 FUN_7100685290(long * param_1, long * param_2)
71006853f0	188	FUN_71006853f0		d	a	0		undefined8 FUN_71006853f0(long * param_1)
7100685560	188	FUN_7100685560		d	a	0		undefined8 FUN_7100685560(long * param_1)
7100685688	212	FUN_7100685688		d	a	0		undefined8 FUN_7100685688(long * param_1)
710068575c	112	FUN_710068575c		d	a	0		undefined8 FUN_710068575c(long * param_1)
71006857cc	212	FUN_71006857cc		d	a	0		undefined8 FUN_71006857cc(long * param_1)
71006858a0	352	FUN_71006858a0		d	a	0		undefined8 FUN_71006858a0(long * param_1, long * param_2)
7100685a00	188	FUN_7100685a00		d	a	0		undefined8 FUN_7100685a00(long * param_1)
7100685b98	228	FUN_7100685b98		d	a	0		undefined8 FUN_7100685b98(long * param_1)
7100685ce8	212	FUN_7100685ce8		d	a	0		undefined8 FUN_7100685ce8(long * param_1)
7100685dbc	112	FUN_7100685dbc		d	a	0		undefined8 FUN_7100685dbc(long * param_1)
7100685e2c	212	FUN_7100685e2c		d	a	0		undefined8 FUN_7100685e2c(long * param_1)
7100685f00	172	FUN_7100685f00		d	a	0		undefined8 FUN_7100685f00(long * param_1)
7100685fac	276	FUN_7100685fac		d	a	0		undefined8 FUN_7100685fac(long * param_1)
71006860c0	352	FUN_71006860c0		d	a	0		undefined8 FUN_71006860c0(long * param_1, long * param_2)
7100686220	188	FUN_7100686220		d	a	0		undefined8 FUN_7100686220(long * param_1)
7100686368	180	FUN_7100686368		d	a	0		undefined8 FUN_7100686368(long * param_1)
7100686488	212	FUN_7100686488		d	a	0		undefined8 FUN_7100686488(long * param_1)
710068655c	352	FUN_710068655c		d	a	0		undefined8 FUN_710068655c(long * param_1, long * param_2)
71006866bc	324	FUN_71006866bc		d	a	0		undefined FUN_71006866bc(long * param_1, long * param_2)
7100686800	188	FUN_7100686800		d	a	0		undefined8 FUN_7100686800(long * param_1)
71006868c0	20	FUN_71006868c0		d	a	0		undefined FUN_71006868c0(void)
71006868d4	1060	FUN_71006868d4		d	a	0		undefined FUN_71006868d4(void)
7100686cf8	140	FUN_7100686cf8		d	a	0		undefined8 FUN_7100686cf8(long * param_1)
7100686d84	104	FUN_7100686d84		d	a	0		undefined8 FUN_7100686d84(long * param_1)
7100686dec	80	FUN_7100686dec		d	a	0		undefined8 FUN_7100686dec(long * param_1)
7100686e3c	116	FUN_7100686e3c		d	a	0		undefined8 FUN_7100686e3c(long * param_1)
7100686ec4	80	FUN_7100686ec4		d	a	0		undefined8 FUN_7100686ec4(long * param_1)
7100686f3c	80	FUN_7100686f3c		d	a	0		undefined8 FUN_7100686f3c(long * param_1)
7100686f8c	80	FUN_7100686f8c		d	a	0		undefined8 FUN_7100686f8c(long * param_1)
7100686fdc	80	FUN_7100686fdc		d	a	0		undefined8 FUN_7100686fdc(long * param_1)
710068702c	80	FUN_710068702c		d	a	0		undefined8 FUN_710068702c(long * param_1)
710068707c	80	FUN_710068707c		d	a	0		undefined8 FUN_710068707c(long * param_1)
71006870cc	80	FUN_71006870cc		d	a	0		undefined8 FUN_71006870cc(long * param_1)
710068711c	80	FUN_710068711c		d	a	0		undefined8 FUN_710068711c(long * param_1)
710068716c	80	FUN_710068716c		d	a	0		undefined8 FUN_710068716c(long * param_1)
71006871c4	152	FUN_71006871c4		d	a	0		undefined8 FUN_71006871c4(long * param_1)
710068725c	352	FUN_710068725c		d	a	0		undefined8 FUN_710068725c(long * param_1, long * param_2)
71006873bc	344	FUN_71006873bc		d	a	0		undefined FUN_71006873bc(long * param_1)
7100687514	332	FUN_7100687514		d	a	0		undefined8 FUN_7100687514(long * param_1, long * param_2)
7100687660	220	FUN_7100687660		d	a	0		undefined FUN_7100687660(long * param_1)
710068773c	264	FUN_710068773c		d	a	0		undefined8 FUN_710068773c(long * param_1)
7100687844	416	FUN_7100687844		d	a	0		undefined8 FUN_7100687844(long param_1, long * param_2, ulong param_3)
71006879e4	296	FUN_71006879e4		d	a	0		undefined FUN_71006879e4(long * param_1, long * param_2)
7100687b0c	312	FUN_7100687b0c		d	a	0		undefined8 FUN_7100687b0c(long * param_1)
7100687c44	320	FUN_7100687c44		d	a	0		uint FUN_7100687c44(long param_1, long * param_2, ulong param_3)
7100687d84	332	FUN_7100687d84		d	a	0		undefined8 FUN_7100687d84(long param_1, long * param_2, int param_3)
7100687ed0	320	FUN_7100687ed0		d	a	0		undefined8 FUN_7100687ed0(long * param_1)
7100688010	364	FUN_7100688010		d	a	0		uint FUN_7100688010(long param_1, long * param_2, ulong param_3)
710068817c	292	FUN_710068817c		d	a	0		uint FUN_710068817c(long param_1, long * param_2, int param_3)
71006882a0	428	FUN_71006882a0		d	a	0		undefined8 FUN_71006882a0(long * param_1)
710068844c	360	FUN_710068844c		d	a	0		undefined8 FUN_710068844c(long * param_1)
71006885b4	488	FUN_71006885b4		d	a	0		undefined8 FUN_71006885b4(long param_1, long * param_2, ulong param_3)
710068879c	296	FUN_710068879c		d	a	0		undefined FUN_710068879c(long * param_1, long * param_2)
71006888c4	428	FUN_71006888c4		d	a	0		undefined8 FUN_71006888c4(long * param_1)
7100688a70	324	FUN_7100688a70		d	a	0		undefined8 FUN_7100688a70(long * param_1)
7100688bb4	320	FUN_7100688bb4		d	a	0		uint FUN_7100688bb4(long param_1, long * param_2, ulong param_3)
7100688cf4	264	FUN_7100688cf4		d	a	0		undefined8 FUN_7100688cf4(long param_1, long * param_2, int param_3)
7100688dfc	296	FUN_7100688dfc		d	a	0		undefined FUN_7100688dfc(long * param_1, long * param_2)
7100688f24	340	FUN_7100688f24		d	a	0		undefined8 FUN_7100688f24(long * param_1)
7100689078	320	FUN_7100689078		d	a	0		uint FUN_7100689078(long param_1, long * param_2, ulong param_3)
71006891b8	292	FUN_71006891b8		d	a	0		undefined8 FUN_71006891b8(long param_1, long * param_2, int param_3)
71006892dc	348	FUN_71006892dc		d	a	0		undefined8 FUN_71006892dc(long * param_1)
7100689438	364	FUN_7100689438		d	a	0		uint FUN_7100689438(long param_1, long * param_2, ulong param_3)
71006895a4	284	FUN_71006895a4		d	a	0		undefined8 FUN_71006895a4(long param_1, long * param_2, int param_3)
71006896c0	428	FUN_71006896c0		d	a	0		undefined8 FUN_71006896c0(long * param_1)
710068986c	280	FUN_710068986c		d	a	0		undefined8 FUN_710068986c(long * param_1)
7100689984	460	FUN_7100689984		d	a	0		undefined8 FUN_7100689984(long param_1, long * param_2, ulong param_3)
7100689b50	364	FUN_7100689b50		d	a	0		undefined8 FUN_7100689b50(long * param_1)
7100689cbc	320	FUN_7100689cbc		d	a	0		undefined8 FUN_7100689cbc(long * param_1)
7100689dfc	320	FUN_7100689dfc		d	a	0		undefined8 FUN_7100689dfc(long * param_1)
7100689f3c	268	FUN_7100689f3c		d	a	0		undefined8 FUN_7100689f3c(long * param_1)
710068a048	320	FUN_710068a048		d	a	0		undefined8 FUN_710068a048(long * param_1)
710068a188	232	FUN_710068a188		d	a	0		undefined8 FUN_710068a188(long * param_1)
710068a270	148	FUN_710068a270		d	a	0		undefined8 FUN_710068a270(long * param_1)
710068a304	308	FUN_710068a304		d	a	0		undefined8 FUN_710068a304(long * param_1)
710068a438	360	FUN_710068a438		d	a	0		undefined8 FUN_710068a438(long * param_1)
710068a5a0	448	FUN_710068a5a0		d	a	0		undefined8 FUN_710068a5a0(long * param_1)
710068a760	308	FUN_710068a760		d	a	0		undefined8 FUN_710068a760(long * param_1)
710068a894	368	FUN_710068a894		d	a	0		undefined8 FUN_710068a894(long * param_1)
710068aa04	180	FUN_710068aa04		d	a	0		undefined8 FUN_710068aa04(long * param_1)
710068aab8	324	FUN_710068aab8		d	a	0		undefined8 FUN_710068aab8(long * param_1)
710068abfc	268	FUN_710068abfc		d	a	0		undefined8 FUN_710068abfc(long * param_1)
710068ad08	456	FUN_710068ad08		d	a	0		undefined8 FUN_710068ad08(long * param_1)
710068aed0	640	FUN_710068aed0		d	a	0		undefined8 FUN_710068aed0(long * param_1, long * param_2, ulong param_3, uint param_4)
710068b150	436	FUN_710068b150		d	a	0		undefined8 FUN_710068b150(long * param_1)
710068b304	408	FUN_710068b304		d	a	0		undefined8 FUN_710068b304(long * param_1, long * param_2, ulong param_3, uint param_4)
710068b49c	224	FUN_710068b49c		d	a	0		undefined8 FUN_710068b49c(long * param_1)
710068b57c	372	FUN_710068b57c		d	a	0		undefined8 FUN_710068b57c(long param_1, long * param_2, int param_3)
710068b6f0	428	FUN_710068b6f0		d	a	0		undefined FUN_710068b6f0(long * param_1, long param_2, long param_3)
710068b89c	240	FUN_710068b89c		d	a	0		undefined8 FUN_710068b89c(long * param_1)
710068b98c	348	FUN_710068b98c		d	a	0		undefined8 FUN_710068b98c(long param_1, long * param_2, undefined8 param_3)
710068bae8	360	FUN_710068bae8		d	a	0		undefined FUN_710068bae8(long * param_1, long param_2, long param_3)
710068bc50	224	FUN_710068bc50		d	a	0		undefined8 FUN_710068bc50(long * param_1)
710068bd30	428	FUN_710068bd30		d	a	0		undefined FUN_710068bd30(long * param_1, long param_2, long param_3)
710068bedc	240	FUN_710068bedc		d	a	0		undefined8 FUN_710068bedc(long * param_1)
710068bfcc	360	FUN_710068bfcc		d	a	0		undefined FUN_710068bfcc(long * param_1, long param_2, long param_3)
710068c134	224	FUN_710068c134		d	a	0		undefined8 FUN_710068c134(long * param_1)
710068c214	408	FUN_710068c214		d	a	0		uint FUN_710068c214(long param_1, long * param_2, int param_3)
710068c3ac	456	FUN_710068c3ac		d	a	0		undefined FUN_710068c3ac(long * param_1, long param_2, long param_3)
710068c574	240	FUN_710068c574		d	a	0		undefined8 FUN_710068c574(long * param_1)
710068c664	400	FUN_710068c664		d	a	0		uint FUN_710068c664(long param_1, long * param_2, undefined8 param_3)
710068c7f4	388	FUN_710068c7f4		d	a	0		undefined FUN_710068c7f4(long * param_1, long param_2, long param_3)
710068c978	224	FUN_710068c978		d	a	0		undefined8 FUN_710068c978(long * param_1)
710068ca58	456	FUN_710068ca58		d	a	0		undefined FUN_710068ca58(long * param_1, long param_2, long param_3)
710068cc20	240	FUN_710068cc20		d	a	0		undefined8 FUN_710068cc20(long * param_1)
710068cd10	388	FUN_710068cd10		d	a	0		undefined FUN_710068cd10(long * param_1, long param_2, long param_3)
710068ce94	224	FUN_710068ce94		d	a	0		undefined8 FUN_710068ce94(long * param_1)
710068cf74	456	FUN_710068cf74		d	a	0		undefined FUN_710068cf74(long * param_1, long param_2, long param_3)
710068d13c	240	FUN_710068d13c		d	a	0		undefined8 FUN_710068d13c(long * param_1)
710068d22c	388	FUN_710068d22c		d	a	0		undefined FUN_710068d22c(long * param_1, long param_2, long param_3)
710068d3b0	224	FUN_710068d3b0		d	a	0		undefined8 FUN_710068d3b0(long * param_1)
710068d490	428	FUN_710068d490		d	a	0		undefined FUN_710068d490(long * param_1, long param_2, long param_3)
710068d63c	240	FUN_710068d63c		d	a	0		undefined8 FUN_710068d63c(long * param_1)
710068d72c	360	FUN_710068d72c		d	a	0		undefined FUN_710068d72c(long * param_1, long param_2, long param_3)
710068d894	376	FUN_710068d894		d	a	0		undefined8 FUN_710068d894(long * param_1)
710068da0c	436	FUN_710068da0c		d	a	0		undefined FUN_710068da0c(long * param_1, long param_2, long param_3)
710068dbc0	324	FUN_710068dbc0		d	a	0		undefined8 FUN_710068dbc0(long param_1, long * param_2, int param_3)
710068dd04	364	FUN_710068dd04		d	a	0		undefined8 FUN_710068dd04(long * param_1)
710068de70	380	FUN_710068de70		d	a	0		undefined FUN_710068de70(long * param_1, long param_2, long param_3)
710068dfec	328	FUN_710068dfec		d	a	0		undefined8 FUN_710068dfec(long param_1, long * param_2, undefined8 param_3)
710068e134	148	FUN_710068e134		d	a	0		undefined8 FUN_710068e134(long * param_1)
710068e1c8	244	FUN_710068e1c8		d	a	0		undefined8 FUN_710068e1c8(long * param_1)
710068e2bc	264	FUN_710068e2bc		d	a	0		undefined8 FUN_710068e2bc(long * param_1)
710068e3c4	168	FUN_710068e3c4		d	a	0		undefined8 FUN_710068e3c4(long * param_1)
710068e46c	180	FUN_710068e46c		d	a	0		undefined8 FUN_710068e46c(long * param_1)
710068e660	32	FUN_710068e660		d	a	0		undefined FUN_710068e660(void)
710068e680	528	FUN_710068e680		d	a	0		undefined FUN_710068e680(void)
710068e97c	332	FUN_710068e97c		d	a	0		undefined8 FUN_710068e97c(long * param_1, long * param_2)
710068eac8	324	FUN_710068eac8		d	a	0		undefined8 FUN_710068eac8(long * param_1)
710068ec0c	352	FUN_710068ec0c		d	a	0		undefined8 FUN_710068ec0c(long * param_1, long * param_2)
710068ed6c	432	FUN_710068ed6c		d	a	0		undefined8 FUN_710068ed6c(long * param_1)
710068ef1c	308	FUN_710068ef1c		d	a	0		undefined8 FUN_710068ef1c(long * param_1)
710068f050	148	FUN_710068f050		d	a	0		undefined8 FUN_710068f050(long * param_1)
710068f0e4	352	FUN_710068f0e4		d	a	0		undefined8 FUN_710068f0e4(long * param_1)
710068f244	308	FUN_710068f244		d	a	0		undefined8 FUN_710068f244(long * param_1)
710068f378	360	FUN_710068f378		d	a	0		undefined8 FUN_710068f378(long * param_1)
710068f4e0	448	FUN_710068f4e0		d	a	0		undefined8 FUN_710068f4e0(long * param_1)
710068f6a0	308	FUN_710068f6a0		d	a	0		undefined8 FUN_710068f6a0(long * param_1)
710068f7d4	368	FUN_710068f7d4		d	a	0		undefined8 FUN_710068f7d4(long * param_1)
710068f944	268	FUN_710068f944		d	a	0		undefined8 FUN_710068f944(long * param_1)
710068fa50	456	FUN_710068fa50		d	a	0		undefined8 FUN_710068fa50(long * param_1)
710068fc18	436	FUN_710068fc18		d	a	0		undefined8 FUN_710068fc18(long * param_1)
710068feb0	368	FUN_710068feb0		d	a	0		undefined8 FUN_710068feb0(long * param_1)
7100690020	20	FUN_7100690020		d	a	0		undefined FUN_7100690020(void)
7100690034	904	FUN_7100690034		d	a	0		undefined FUN_7100690034(void)
71006903bc	280	FUN_71006903bc		d	a	0		undefined8 FUN_71006903bc(long * param_1)
7100690584	256	FUN_7100690584		d	a	0		undefined8 FUN_7100690584(long * param_1)
7100690684	120	FUN_7100690684		d	a	0		undefined8 FUN_7100690684(long * param_1)
71006906fc	120	FUN_71006906fc		d	a	0		undefined8 FUN_71006906fc(long * param_1)
7100690774	120	FUN_7100690774		d	a	0		undefined8 FUN_7100690774(long * param_1)
71006907ec	120	FUN_71006907ec		d	a	0		undefined8 FUN_71006907ec(long * param_1)
7100690864	120	FUN_7100690864		d	a	0		undefined8 FUN_7100690864(long * param_1)
71006908dc	120	FUN_71006908dc		d	a	0		undefined8 FUN_71006908dc(long * param_1)
7100690954	120	FUN_7100690954		d	a	0		undefined8 FUN_7100690954(long * param_1)
71006909cc	216	FUN_71006909cc		d	a	0		undefined8 FUN_71006909cc(long * param_1)
7100690aa4	120	FUN_7100690aa4		d	a	0		undefined8 FUN_7100690aa4(long * param_1)
7100690b1c	216	FUN_7100690b1c		d	a	0		undefined8 FUN_7100690b1c(long * param_1)
7100690bf4	120	FUN_7100690bf4		d	a	0		undefined8 FUN_7100690bf4(long * param_1)
7100690c6c	120	FUN_7100690c6c		d	a	0		undefined8 FUN_7100690c6c(long * param_1)
7100690ce4	120	FUN_7100690ce4		d	a	0		undefined8 FUN_7100690ce4(long * param_1)
7100690d5c	120	FUN_7100690d5c		d	a	0		undefined8 FUN_7100690d5c(long * param_1)
7100690dd4	120	FUN_7100690dd4		d	a	0		undefined8 FUN_7100690dd4(long * param_1)
7100690e4c	120	FUN_7100690e4c		d	a	0		undefined8 FUN_7100690e4c(long * param_1)
7100690ec4	120	FUN_7100690ec4		d	a	0		undefined8 FUN_7100690ec4(long * param_1)
7100690f3c	120	FUN_7100690f3c		d	a	0		undefined8 FUN_7100690f3c(long * param_1)
7100690fb4	120	FUN_7100690fb4		d	a	0		undefined8 FUN_7100690fb4(long * param_1)
710069102c	204	FUN_710069102c		d	a	0		undefined8 FUN_710069102c(long * param_1)
71006910f8	120	FUN_71006910f8		d	a	0		undefined8 FUN_71006910f8(long * param_1)
7100691170	204	FUN_7100691170		d	a	0		undefined8 FUN_7100691170(long * param_1)
710069123c	120	FUN_710069123c		d	a	0		undefined8 FUN_710069123c(long * param_1)
71006912b4	120	FUN_71006912b4		d	a	0		undefined8 FUN_71006912b4(long * param_1)
710069132c	144	FUN_710069132c		d	a	0		undefined8 FUN_710069132c(long * param_1)
71006913bc	120	FUN_71006913bc		d	a	0		undefined8 FUN_71006913bc(long * param_1)
7100691434	120	FUN_7100691434		d	a	0		undefined8 FUN_7100691434(long * param_1)
71006914ac	120	FUN_71006914ac		d	a	0		undefined8 FUN_71006914ac(long * param_1)
7100691524	112	FUN_7100691524		d	a	0		undefined8 FUN_7100691524(long * param_1)
7100691594	212	FUN_7100691594		d	a	0		undefined8 FUN_7100691594(long * param_1)
7100691668	112	FUN_7100691668		d	a	0		undefined8 FUN_7100691668(long * param_1)
71006916d8	212	FUN_71006916d8		d	a	0		undefined8 FUN_71006916d8(long * param_1)
71006917ac	144	FUN_71006917ac		d	a	0		undefined8 FUN_71006917ac(long * param_1)
710069183c	120	FUN_710069183c		d	a	0		undefined8 FUN_710069183c(long * param_1)
71006918b4	120	FUN_71006918b4		d	a	0		undefined8 FUN_71006918b4(long * param_1)
710069192c	120	FUN_710069192c		d	a	0		undefined8 FUN_710069192c(long * param_1)
71006919a4	352	FUN_71006919a4		d	a	0		undefined8 FUN_71006919a4(long * param_1, long * param_2)
7100691b04	180	FUN_7100691b04		d	a	0		undefined8 FUN_7100691b04(long * param_1)
7100691bc0	20	FUN_7100691bc0		d	a	0		undefined FUN_7100691bc0(void)
7100691bd4	488	FUN_7100691bd4		d	a	0		undefined FUN_7100691bd4(void)
7100691dbc	384	FUN_7100691dbc		d	a	0		undefined8 FUN_7100691dbc(long * param_1)
7100691fec	256	FUN_7100691fec		d	a	0		undefined8 FUN_7100691fec(long * param_1)
71006920ec	120	FUN_71006920ec		d	a	0		undefined8 FUN_71006920ec(long * param_1)
7100692164	120	FUN_7100692164		d	a	0		undefined8 FUN_7100692164(long * param_1)
71006921dc	120	FUN_71006921dc		d	a	0		undefined8 FUN_71006921dc(long * param_1)
7100692254	120	FUN_7100692254		d	a	0		undefined8 FUN_7100692254(long * param_1)
71006922cc	120	FUN_71006922cc		d	a	0		undefined8 FUN_71006922cc(long * param_1)
7100692344	120	FUN_7100692344		d	a	0		undefined8 FUN_7100692344(long * param_1)
71006923bc	144	FUN_71006923bc		d	a	0		undefined8 FUN_71006923bc(long * param_1)
710069244c	120	FUN_710069244c		d	a	0		undefined8 FUN_710069244c(long * param_1)
71006924c4	120	FUN_71006924c4		d	a	0		undefined8 FUN_71006924c4(long * param_1)
710069253c	120	FUN_710069253c		d	a	0		undefined8 FUN_710069253c(long * param_1)
71006925b4	112	FUN_71006925b4		d	a	0		undefined8 FUN_71006925b4(long * param_1)
7100692624	212	FUN_7100692624		d	a	0		undefined8 FUN_7100692624(long * param_1)
71006926f8	112	FUN_71006926f8		d	a	0		undefined8 FUN_71006926f8(long * param_1)
7100692768	212	FUN_7100692768		d	a	0		undefined8 FUN_7100692768(long * param_1)
710069283c	144	FUN_710069283c		d	a	0		undefined8 FUN_710069283c(long * param_1)
71006928cc	120	FUN_71006928cc		d	a	0		undefined8 FUN_71006928cc(long * param_1)
7100692944	120	FUN_7100692944		d	a	0		undefined8 FUN_7100692944(long * param_1)
71006929bc	120	FUN_71006929bc		d	a	0		undefined8 FUN_71006929bc(long * param_1)
7100692a34	352	FUN_7100692a34		d	a	0		undefined8 FUN_7100692a34(long * param_1, long * param_2)
7100692b94	180	FUN_7100692b94		d	a	0		undefined8 FUN_7100692b94(long * param_1)
7100692c48	52	FUN_7100692c48		d	a	0		undefined FUN_7100692c48(undefined8 * param_1)
7100692c7c	64	FUN_7100692c7c		d	a	0		undefined FUN_7100692c7c(long * param_1)
7100692cc0	12	FUN_7100692cc0		d	a	0		undefined FUN_7100692cc0(long param_1)
7100692ccc	100	FUN_7100692ccc		d	a	0		undefined FUN_7100692ccc(long param_1, long param_2)
7100692d30	620	FUN_7100692d30		d	a	0		undefined FUN_7100692d30(long param_1, long param_2, long param_3)
7100693490	624	FUN_7100693490		d	a	0		undefined FUN_7100693490(long * param_1, long * param_2, undefined1 * param_3, ulong param_4)
7100693700	208	FUN_7100693700		d	a	0		undefined FUN_7100693700(long * param_1, long param_2)
71006937d0	472	FUN_71006937d0		d	a	0		undefined FUN_71006937d0(long * param_1, long param_2, long * param_3)
71006939a8	140	FUN_71006939a8		d	a	0		undefined FUN_71006939a8(long * param_1)
7100693a34	36	FUN_7100693a34		d	a	0		undefined FUN_7100693a34(long * param_1)
7100693a58	20	FUN_7100693a58		d	a	0		ushort FUN_7100693a58(long param_1)
7100693a6c	8	FUN_7100693a6c		d	a	0		undefined8 FUN_7100693a6c(long param_1)
7100693a74	112	FUN_7100693a74		d	a	0		ulong FUN_7100693a74(ulong param_1, long param_2, byte param_3)
7100693af0	180	FUN_7100693af0		d	a	0		undefined FUN_7100693af0(long param_1, long * param_2, long param_3)
7100693ba4	36	FUN_7100693ba4		d	a	0		undefined FUN_7100693ba4(long * param_1)
7100693be0	48	FUN_7100693be0		d	a	0		undefined FUN_7100693be0(undefined4 param_1, long param_2)
7100693c8c	172	FUN_7100693c8c		d	a	0		undefined4 FUN_7100693c8c(void)
7100693d38	92	FUN_7100693d38		d	a	0		undefined FUN_7100693d38(long param_1, long param_2)
7100693d94	112	FUN_7100693d94		d	a	0		undefined FUN_7100693d94(ulong * param_1, long * param_2)
7100693eb4	284	Create	nn::bezel::AnimationNodeCamera	a	a	0		undefined Create(long * param_1, undefined1 * param_2, ulong param_3)
7100693fd0	112	FUN_7100693fd0		d	a	0		undefined FUN_7100693fd0(long * param_1, long param_2)
7100694040	432	FUN_7100694040		d	a	0		undefined FUN_7100694040(long * param_1, long * param_2)
71006941f0	140	FUN_71006941f0		d	a	0		undefined FUN_71006941f0(long * param_1)
710069427c	36	FUN_710069427c		d	a	0		undefined FUN_710069427c(long * param_1)
71006942a0	20	FUN_71006942a0		d	a	0		ushort FUN_71006942a0(long param_1)
71006942b4	8	GetAnimObj	nn::bezel::AnimationNodeCamera	a	a	0		undefined8 GetAnimObj(AnimationNodeCamera * this)
71006942bc	36	FUN_71006942bc		d	a	0		undefined FUN_71006942bc(long * param_1)
71006942f8	48	FUN_71006942f8		d	a	0		undefined FUN_71006942f8(undefined4 param_1, long param_2)
71006943a4	172	FUN_71006943a4		d	a	0		undefined4 FUN_71006943a4(void)
7100694450	92	FUN_7100694450		d	a	0		undefined FUN_7100694450(long param_1, long param_2)
71006944ac	112	FUN_71006944ac		d	a	0		undefined FUN_71006944ac(ulong * param_1, long * param_2)
7100694534	104	IsDerivedFrom	nn::bezel::detail::StaticTypeDesc<nn::bezel::AnimationNodeCamera,false,nn::bezel::AnimationNodeClip>	a	a	0		bool IsDerivedFrom(undefined * param_1)
710069459c	12	GetBaseTypeDesc	nn::bezel::detail::StaticTypeDesc<nn::bezel::AnimationNodeCamera,false,nn::bezel::AnimationNodeClip>	a	a	0		undefined1 * GetBaseTypeDesc(void)
71006945a8	20	GetNextBaseTypeDesc	nn::bezel::detail::StaticTypeDesc<nn::bezel::AnimationNodeCamera,false,nn::bezel::AnimationNodeClip>	a	a	0		undefined * GetNextBaseTypeDesc(long param_1)
71006945bc	8	CastTo	nn::bezel::detail::StaticTypeDesc<nn::bezel::AnimationNodeCamera,false,nn::bezel::AnimationNodeClip>	a	a	0		undefined8 CastTo(undefined8 param_1, undefined8 param_2)
71006945c4	8	CastToConst	nn::bezel::detail::StaticTypeDesc<nn::bezel::AnimationNodeCamera,false,nn::bezel::AnimationNodeClip>	a	a	0		undefined8 CastToConst(undefined8 param_1, undefined8 param_2)
71006945d0	536	Create	nn::bezel::AnimationNodeMaterial	a	a	0		undefined Create(long * param_1_00, long * param_2, undefined1 * param_3, ulong param_4)
71006947e8	176	FUN_71006947e8		d	a	0		undefined FUN_71006947e8(long * param_1, long param_2)
7100694898	208	FUN_7100694898		d	a	0		undefined FUN_7100694898(long * param_1, long param_2)
7100694970	928	FUN_7100694970		d	a	0		undefined FUN_7100694970(long * param_1, long * param_2, long * param_3)
7100694d18	312	FUN_7100694d18		d	a	0		undefined FUN_7100694d18(long param_1, undefined1 * param_2, size_t param_3)
7100694e50	296	FUN_7100694e50		d	a	0		undefined FUN_7100694e50(long * param_1)
7100694f78	36	FUN_7100694f78		d	a	0		undefined FUN_7100694f78(long * param_1)
7100694f9c	20	FUN_7100694f9c		d	a	0		ushort FUN_7100694f9c(long param_1)
7100694fb0	8	FUN_7100694fb0		d	a	0		undefined8 FUN_7100694fb0(long param_1)
7100694fc0	692	FUN_7100694fc0		d	a	0		undefined FUN_7100694fc0(long param_1, long param_2)
710069527c	8	FUN_710069527c		d	a	0		long FUN_710069527c(long param_1)
7100695290	180	FUN_7100695290		d	a	0		undefined FUN_7100695290(long param_1, long * param_2, long param_3)
7100695344	36	FUN_7100695344		d	a	0		undefined FUN_7100695344(long * param_1)
7100695380	48	FUN_7100695380		d	a	0		undefined FUN_7100695380(undefined4 param_1, long param_2)
710069542c	172	FUN_710069542c		d	a	0		undefined4 FUN_710069542c(void)
71006954d8	92	FUN_71006954d8		d	a	0		undefined FUN_71006954d8(long param_1, long param_2)
7100695534	112	FUN_7100695534		d	a	0		undefined FUN_7100695534(ulong * param_1, long * param_2)
7100695660	348	FUN_7100695660		d	a	0		undefined FUN_7100695660(long * param_1, long * param_2)
71006957c0	624	Create	nn::bezel::AnimationNodeShape	a	a	0		undefined Create(long * param_1_00, long * param_2, undefined1 * param_3, ulong param_4)
7100695a30	176	FUN_7100695a30		d	a	0		undefined FUN_7100695a30(long * param_1, long param_2)
7100695ae0	208	FUN_7100695ae0		d	a	0		undefined FUN_7100695ae0(long * param_1, long param_2)
7100695bb0	472	FUN_7100695bb0		d	a	0		undefined FUN_7100695bb0(long * param_1, long param_2, long * param_3)
7100695d88	140	FUN_7100695d88		d	a	0		undefined FUN_7100695d88(long * param_1)
7100695e14	36	FUN_7100695e14		d	a	0		undefined FUN_7100695e14(long * param_1)
7100695e38	20	FUN_7100695e38		d	a	0		ushort FUN_7100695e38(long param_1)
7100695e4c	8	FUN_7100695e4c		d	a	0		undefined8 FUN_7100695e4c(long param_1)
7100695e54	64	FUN_7100695e54		d	a	0		undefined FUN_7100695e54(long param_1, long param_2)
7100695ea0	320	FUN_7100695ea0		d	a	0		undefined FUN_7100695ea0(long param_1, long * param_2)
7100695fe0	180	FUN_7100695fe0		d	a	0		undefined FUN_7100695fe0(long param_1, long * param_2, long param_3)
7100696094	36	FUN_7100696094		d	a	0		undefined FUN_7100696094(long * param_1)
71006960d0	48	FUN_71006960d0		d	a	0		undefined FUN_71006960d0(undefined4 param_1, long param_2)
710069617c	172	FUN_710069617c		d	a	0		undefined4 FUN_710069617c(void)
7100696228	92	FUN_7100696228		d	a	0		undefined FUN_7100696228(long param_1, long param_2)
7100696284	112	FUN_7100696284		d	a	0		undefined FUN_7100696284(ulong * param_1, long * param_2)
71006963b0	628	Create	nn::bezel::AnimationNodeSkeletal	a	a	0		undefined Create(long * param_1_00, long * param_2, undefined1 * param_3, ulong param_4)
7100696624	176	FUN_7100696624		d	a	0		undefined FUN_7100696624(long * param_1, long param_2)
71006966d4	208	FUN_71006966d4		d	a	0		undefined FUN_71006966d4(long * param_1, long param_2)
71006967a4	500	FUN_71006967a4		d	a	0		undefined FUN_71006967a4(long * param_1, long param_2, long * param_3)
7100696998	140	FUN_7100696998		d	a	0		undefined FUN_7100696998(long * param_1)
7100696a24	36	FUN_7100696a24		d	a	0		undefined FUN_7100696a24(long * param_1)
7100696a48	20	FUN_7100696a48		d	a	0		byte FUN_7100696a48(long param_1)
7100696a5c	8	FUN_7100696a5c		d	a	0		undefined8 FUN_7100696a5c(long param_1)
7100696a64	112	FUN_7100696a64		d	a	0		ulong FUN_7100696a64(ulong param_1, long param_2, byte param_3)
7100696c20	28	FUN_7100696c20		d	a	0		bool FUN_7100696c20(long param_1, int param_2)
7100696c40	180	FUN_7100696c40		d	a	0		undefined FUN_7100696c40(long param_1, long * param_2, long param_3)
7100696cf4	8	FUN_7100696cf4		d	a	0		undefined1 FUN_7100696cf4(long param_1)
7100696cfc	8	FUN_7100696cfc		d	a	0		undefined FUN_7100696cfc(long param_1)
7100696d10	284	Peek	nn::bezel::AnimationNodeSkeletal	a	a	0		undefined Peek(undefined4 param_1, AnimationNodeSkeletal * this, long * param_3)
7100696e2c	36	FUN_7100696e2c		d	a	0		undefined FUN_7100696e2c(long * param_1)
7100696e58	16	FUN_7100696e58		d	a	0		undefined4 FUN_7100696e58(long param_1)
7100696e68	56	FUN_7100696e68		d	a	0	ST_PARTIAL,SYS_ANIMATION	undefined FUN_7100696e68(undefined4 param_1, long param_2)
7100696ea0	16	FUN_7100696ea0		d	a	0	ST_ANALYZED,SYS_ANIMATION	undefined4 FUN_7100696ea0(long param_1)
7100696eb0	32	FUN_7100696eb0		d	a	0		bool FUN_7100696eb0(long param_1)
7100696ed0	40	FUN_7100696ed0		d	a	0		undefined FUN_7100696ed0(long param_1, uint param_2)
7100696f1c	172	FUN_7100696f1c		d	a	0		undefined4 FUN_7100696f1c(void)
7100696fc8	136	FUN_7100696fc8		d	a	0	ST_PARTIAL,SYS_ANIMATION	undefined FUN_7100696fc8(long param_1, long param_2)
7100697050	112	FUN_7100697050		d	a	0		undefined FUN_7100697050(ulong * param_1, long * param_2)
71006970e0	720	FUN_71006970e0		d	a	0		undefined FUN_71006970e0(long * param_1, long * param_2, undefined1 * param_3, ulong param_4, undefined1 * param_5, ulong param_6)
71006973b0	176	FUN_71006973b0		d	a	0		undefined FUN_71006973b0(long * param_1, long param_2)
7100697460	304	FUN_7100697460		d	a	0		undefined FUN_7100697460(long * param_1, long param_2)
7100697590	144	FUN_7100697590		d	a	0		undefined FUN_7100697590(long * param_1, long param_2, long * param_3, long * param_4)
7100697620	48	FUN_7100697620		d	a	0		undefined FUN_7100697620(long * param_1)
7100697650	36	FUN_7100697650		d	a	0		undefined FUN_7100697650(long * param_1)
7100697674	36	FUN_7100697674		d	a	0		byte FUN_7100697674(long param_1)
7100697718	68	FUN_7100697718		d	a	0		bool FUN_7100697718(long param_1, int param_2)
710069775c	64	FUN_710069775c		d	a	0		undefined FUN_710069775c(long param_1, long * param_2, long param_3)
710069779c	60	FUN_710069779c		d	a	0		undefined1 FUN_710069779c(long param_1)
71006977d8	40	FUN_71006977d8		d	a	0		undefined FUN_71006977d8(long param_1)
7100697800	36	FUN_7100697800		d	a	0		undefined FUN_7100697800(long * param_1)
710069787c	48	FUN_710069787c		d	a	0		undefined FUN_710069787c(long param_1, uint param_2)
71006978f8	48	FUN_71006978f8		d	a	0		undefined FUN_71006978f8(long param_1, long param_2)
7100697928	112	FUN_7100697928		d	a	0		undefined FUN_7100697928(ulong * param_1, long * param_2)
7100697998	4	FUN_7100697998		d	a	0		undefined FUN_7100697998(void)
710069799c	112	FUN_710069799c		d	a	0		undefined FUN_710069799c(ulong * param_1, long * param_2)
7100697ac0	476	FUN_7100697ac0		d	a	0		undefined FUN_7100697ac0(long * param_1, long * param_2)
7100697c9c	108	FUN_7100697c9c		d	a	0		undefined FUN_7100697c9c(long * param_1, long param_2)
7100697d10	352	FUN_7100697d10		d	a	0		undefined FUN_7100697d10(long * param_1, long * param_2)
7100697e70	176	FUN_7100697e70		d	a	0		undefined FUN_7100697e70(long * param_1, ulong param_2)
7100697f20	60	FUN_7100697f20		d	a	0		undefined FUN_7100697f20(undefined8 * param_1)
7100697f5c	36	FUN_7100697f5c		d	a	0		undefined FUN_7100697f5c(undefined8 * param_1)
7100697f80	256	FUN_7100697f80		d	a	0		undefined FUN_7100697f80(long param_1, undefined4 param_2, undefined4 param_3)
7100698080	12	FUN_7100698080		d	a	0		undefined FUN_7100698080(long param_1)
710069808c	200	FUN_710069808c		d	a	0		undefined FUN_710069808c(long param_1, char * param_2, char * param_3)
7100698160	332	FUN_7100698160		d	a	0		undefined FUN_7100698160(long param_1, void * param_2, size_t param_3)
71006982b0	428	FUN_71006982b0		d	a	0		undefined FUN_71006982b0(ulong * param_1, long param_2, int param_3)
710069845c	36	FUN_710069845c		d	a	0		undefined FUN_710069845c(undefined8 * param_1)
7100698490	368	FUN_7100698490		d	a	0		undefined FUN_7100698490(long * param_1, long * param_2)
7100698600	2336	FUN_7100698600		d	a	0		undefined FUN_7100698600(long * param_1, long param_2, ulong * param_3, long * param_4)
7100698f4c	1252	FUN_7100698f4c		d	a	0		undefined FUN_7100698f4c(long * param_1, long * param_2, long param_3, uint param_4, ulong param_5, char * param_6)
7100699430	228	FUN_7100699430		d	a	0		undefined FUN_7100699430(undefined8 param_1, long param_2, undefined8 * param_3)
7100699520	1284	FUN_7100699520		d	a	0		undefined FUN_7100699520(long param_1, long * param_2, ulong * param_3)
7100699a40	368	FUN_7100699a40		d	a	0		ulong FUN_7100699a40(long * param_1, void * param_2, ulong param_3)
7100699bc8	172	FUN_7100699bc8		d	a	0		undefined4 FUN_7100699bc8(void)
7100699c74	432	FUN_7100699c74		d	a	0		undefined FUN_7100699c74(long * param_1, long * param_2, long * param_3)
7100699e30	676	FUN_7100699e30		d	a	0		undefined FUN_7100699e30(long * param_1, long * param_2, long * param_3, long * param_4)
710069a3a0	656	FUN_710069a3a0		d	a	0		undefined FUN_710069a3a0(long * param_1, long param_2, uint param_3, ulong * param_4, uint param_5, long * param_6)
710069a630	476	FUN_710069a630		d	a	0		undefined FUN_710069a630(long * param_1, long * param_2)
710069a80c	108	FUN_710069a80c		d	a	0		undefined FUN_710069a80c(long * param_1, long param_2)
710069a880	1968	FUN_710069a880		d	a	0		undefined FUN_710069a880(long * param_1, long * param_2)
710069b038	184	FUN_710069b038		d	a	0		undefined FUN_710069b038(undefined8 * param_1)
710069b0f0	36	FUN_710069b0f0		d	a	0		undefined FUN_710069b0f0(undefined8 * param_1)
710069b114	36	FUN_710069b114		d	a	0		bool FUN_710069b114(long param_1, int param_2, int param_3)
710069b138	28	FUN_710069b138		d	a	0		undefined4 FUN_710069b138(long param_1, int param_2, int param_3)
710069b154	40	FUN_710069b154		d	a	0		undefined FUN_710069b154(long param_1, int param_2, int param_3, uint param_4)
710069b17c	32	FUN_710069b17c		d	a	0		undefined FUN_710069b17c(long param_1, int param_2, int param_3, undefined8 * param_4)
710069b1a0	344	FUN_710069b1a0		d	a	0		undefined FUN_710069b1a0(long param_1, undefined4 param_2, undefined4 param_3, undefined4 param_4, undefined4 param_5, undefined4 param_6, undefined4 param_7)
710069b2f8	12	FUN_710069b2f8		d	a	0		undefined FUN_710069b2f8(long param_1)
710069b304	132	FUN_710069b304		d	a	0		bool FUN_710069b304(long param_1, char * param_2, char * param_3)
710069b390	296	FUN_710069b390		d	a	0		undefined FUN_710069b390(long param_1, char * param_2)
710069b4c0	304	FUN_710069b4c0		d	a	0		undefined FUN_710069b4c0(long param_1, ulong param_2, char * param_3)
710069b5f0	120	FUN_710069b5f0		d	a	0		undefined FUN_710069b5f0(long param_1, char * param_2, char * param_3, uint param_4)
710069b668	152	FUN_710069b668		d	a	0		undefined4 FUN_710069b668(long param_1, char * param_2, char * param_3)
710069b700	112	FUN_710069b700		d	a	0		undefined FUN_710069b700(long param_1, char * param_2, char * param_3, undefined8 * param_4)
710069b770	304	FUN_710069b770		d	a	0		undefined FUN_710069b770(long param_1, int param_2, char * param_3, char * param_4, char * param_5, char * param_6, undefined4 param_7)
710069b8a0	304	FUN_710069b8a0		d	a	0		undefined FUN_710069b8a0(long param_1, ulong param_2, char * param_3)
710069b9d0	196	FUN_710069b9d0		d	a	0		undefined FUN_710069b9d0(long param_1, char * param_2, undefined8 * param_3)
710069baa0	588	FUN_710069baa0		d	a	0		undefined FUN_710069baa0(ulong * param_1, long param_2, int param_3)
710069bcec	36	FUN_710069bcec		d	a	0		undefined FUN_710069bcec(undefined8 * param_1)
710069bf8c	352	FUN_710069bf8c		d	a	0		undefined FUN_710069bf8c(long * param_1, ulong param_2, char * param_3)
710069c0f0	532	FUN_710069c0f0		d	a	0		undefined FUN_710069c0f0(long * param_1, long param_2, ulong * param_3, long * param_4)
710069c310	644	FUN_710069c310		d	a	0		undefined FUN_710069c310(long param_1, long param_2)
710069c5b0	1228	FUN_710069c5b0		d	a	0		undefined FUN_710069c5b0(long param_1, long param_2)
710069ca90	684	FUN_710069ca90		d	a	0		undefined FUN_710069ca90(long param_1, long param_2, long * param_3, long * param_4)
710069cd40	788	FUN_710069cd40		d	a	0		undefined FUN_710069cd40(long * param_1, long param_2, undefined8 param_3, long * param_4)
710069d060	1052	FUN_710069d060		d	a	0		undefined FUN_710069d060(long param_1, undefined8 param_2, ulong * param_3, long * param_4)
710069d480	420	FUN_710069d480		d	a	0		undefined8 * FUN_710069d480(long * param_1, undefined8 * param_2, undefined8 * param_3, undefined1 * param_4)
710069d630	736	FUN_710069d630		d	a	0		undefined FUN_710069d630(long param_1, long param_2, uint param_3, float * param_4)
710069d910	308	FUN_710069d910		d	a	0		undefined FUN_710069d910(long param_1, long param_2)
710069da50	2188	FUN_710069da50		d	a	0		undefined FUN_710069da50(undefined8 param_1, long param_2, long param_3)
710069e2ec	284	FUN_710069e2ec		d	a	0		undefined FUN_710069e2ec(undefined8 param_1, long param_2, long param_3)
710069e410	500	FUN_710069e410		d	a	0		undefined FUN_710069e410(long param_1, int param_2, int param_3, long param_4)
710069e610	484	FUN_710069e610		d	a	0		undefined1[16] FUN_710069e610(long * param_1, uint param_2)
710069e800	1820	FUN_710069e800		d	a	0		undefined FUN_710069e800(long * param_1, long param_2)
710069ef30	784	FUN_710069ef30		d	a	0		undefined FUN_710069ef30(long param_1, long * param_2, undefined8 * param_3)
710069f240	288	FUN_710069f240		d	a	0		undefined FUN_710069f240(undefined8 param_1, long param_2, undefined8 * param_3)
710069f370	632	FUN_710069f370		d	a	0		undefined FUN_710069f370(long param_1, long * param_2, undefined8 * param_3)
710069f7ac	172	FUN_710069f7ac		d	a	0		undefined4 FUN_710069f7ac(void)
710069f870	64	FUN_710069f870		d	a	0		undefined FUN_710069f870(long * param_1)
710069f910	280	FUN_710069f910		d	a	0		ulong FUN_710069f910(long param_1, char * param_2)
710069fa30	280	FUN_710069fa30		d	a	0		ulong FUN_710069fa30(long param_1, char * param_2)
710069fb50	452	FUN_710069fb50		d	a	0		undefined FUN_710069fb50(long * param_1, ulong param_2, undefined4 * param_3)
710069fdf0	588	FUN_710069fdf0		d	a	0		long * FUN_710069fdf0(long * param_1, byte * param_2)
71006a0040	476	FUN_71006a0040		d	a	0		undefined FUN_71006a0040(long * param_1, long * param_2)
71006a021c	108	FUN_71006a021c		d	a	0		undefined FUN_71006a021c(long * param_1, long param_2)
71006a0290	1368	FUN_71006a0290		d	a	0		undefined FUN_71006a0290(long * param_1, long * param_2)
71006a07f0	300	FUN_71006a07f0		d	a	0		undefined FUN_71006a07f0(long * param_1, ulong param_2)
71006a0920	452	FUN_71006a0920		d	a	0		undefined FUN_71006a0920(long * param_1, ulong param_2, undefined4 * param_3)
71006a0ae4	196	FUN_71006a0ae4		d	a	0		undefined FUN_71006a0ae4(undefined8 * param_1)
71006a0ba8	36	FUN_71006a0ba8		d	a	0		undefined FUN_71006a0ba8(undefined8 * param_1)
71006a0bcc	68	FUN_71006a0bcc		d	a	0		undefined4 FUN_71006a0bcc(long param_1, uint param_2)
71006a0c10	56	FUN_71006a0c10		d	a	0		undefined FUN_71006a0c10(long param_1, uint param_2, undefined8 * param_3)
71006a0c50	276	FUN_71006a0c50		d	a	0		undefined FUN_71006a0c50(long param_1, undefined4 param_2, undefined4 param_3, undefined4 param_4, undefined4 param_5)
71006a0d64	12	FUN_71006a0d64		d	a	0		undefined FUN_71006a0d64(long param_1)
71006a0d70	104	FUN_71006a0d70		d	a	0		undefined4 FUN_71006a0d70(long param_1, char * param_2)
71006a0de0	296	FUN_71006a0de0		d	a	0		undefined FUN_71006a0de0(long param_1, char * param_2)
71006a0f08	88	FUN_71006a0f08		d	a	0	ST_PARTIAL,SYS_ANIMATION	undefined FUN_71006a0f08(long param_1, char * param_2, undefined8 * param_3)
71006a0f60	464	FUN_71006a0f60		d	a	0		undefined FUN_71006a0f60(long param_1, char * param_2, char * param_3, char * param_4, char * param_5)
71006a1130	436	FUN_71006a1130		d	a	0		undefined FUN_71006a1130(long param_1, int param_2, char * param_3, char * param_4, char * param_5, char * param_6)
71006a12f0	524	FUN_71006a12f0		d	a	0		undefined FUN_71006a12f0(ulong * param_1, long param_2, int param_3)
71006a14fc	36	FUN_71006a14fc		d	a	0		undefined FUN_71006a14fc(undefined8 * param_1)
71006a1790	672	FUN_71006a1790		d	a	0		undefined FUN_71006a1790(long * param_1, long param_2, ulong * param_3, long * param_4)
71006a1a40	932	FUN_71006a1a40		d	a	0		undefined FUN_71006a1a40(long param_1, long * param_2)
71006a1df0	612	FUN_71006a1df0		d	a	0		undefined FUN_71006a1df0(long param_1, long param_2)
71006a2060	796	FUN_71006a2060		d	a	0		undefined FUN_71006a2060(long param_1, long param_2, long * param_3, long * param_4)
71006a2380	276	FUN_71006a2380		d	a	0		undefined FUN_71006a2380(long param_1, undefined8 param_2, long * param_3, long * param_4)
71006a24a0	788	FUN_71006a24a0		d	a	0		undefined FUN_71006a24a0(long * param_1, long param_2, undefined8 param_3, long * param_4)
71006a27c0	1052	FUN_71006a27c0		d	a	0		undefined FUN_71006a27c0(long param_1, undefined8 param_2, ulong * param_3, long * param_4)
71006a2be0	284	FUN_71006a2be0		d	a	0		undefined8 FUN_71006a2be0(long param_1, long param_2)
71006a2d00	492	FUN_71006a2d00		d	a	0		undefined FUN_71006a2d00(long param_1, long param_2, uint param_3, float * param_4)
71006a2ef0	344	FUN_71006a2ef0		d	a	0		undefined1[16] FUN_71006a2ef0(long * param_1, uint param_2)
71006a3050	248	FUN_71006a3050		d	a	0		undefined FUN_71006a3050(long * param_1, long param_2)
71006a3148	16	FUN_71006a3148		d	a	0		undefined FUN_71006a3148(long * param_1)
71006a3160	580	FUN_71006a3160		d	a	0		long * FUN_71006a3160(long * param_1, long param_2)
71006a33b4	236	FUN_71006a33b4		d	a	0		undefined1[16] FUN_71006a33b4(long * param_1, undefined8 param_2, undefined8 * param_3, undefined8 * param_4)
71006a34a0	928	FUN_71006a34a0		d	a	0		undefined FUN_71006a34a0(long param_1, long * param_2, undefined8 * param_3)
71006a3840	276	FUN_71006a3840		d	a	0		undefined FUN_71006a3840(undefined8 param_1, long param_2, undefined8 * param_3)
71006a3960	632	FUN_71006a3960		d	a	0		undefined FUN_71006a3960(long param_1, long * param_2, undefined8 * param_3)
71006a3de8	172	FUN_71006a3de8		d	a	0		undefined4 FUN_71006a3de8(void)
71006a3ea0	280	FUN_71006a3ea0		d	a	0		ulong FUN_71006a3ea0(long param_1, char * param_2)
71006a3fc0	280	FUN_71006a3fc0		d	a	0		ulong FUN_71006a3fc0(long param_1, char * param_2)
71006a40f4	64	FUN_71006a40f4		d	a	0		undefined FUN_71006a40f4(long * param_1)
71006a42ac	252	FUN_71006a42ac		d	a	0		undefined FUN_71006a42ac(undefined8 * param_1, long param_2, undefined8 param_3, undefined8 * param_4, undefined8 * param_5)
71006a43b0	476	FUN_71006a43b0		d	a	0		undefined FUN_71006a43b0(long * param_1, long * param_2)
71006a458c	108	FUN_71006a458c		d	a	0		undefined FUN_71006a458c(long * param_1, long param_2)
71006a4600	1700	FUN_71006a4600		d	a	0		undefined FUN_71006a4600(long * param_1, long * param_2)
71006a4cb0	308	FUN_71006a4cb0		d	a	0		undefined FUN_71006a4cb0(undefined8 * param_1)
71006a4de4	36	FUN_71006a4de4		d	a	0		undefined FUN_71006a4de4(undefined8 * param_1)
71006a4e08	52	FUN_71006a4e08		d	a	0		bool FUN_71006a4e08(long param_1, uint param_2)
71006a4e3c	16	FUN_71006a4e3c		d	a	0		undefined4 FUN_71006a4e3c(long param_1, int param_2)
71006a4e4c	48	FUN_71006a4e4c		d	a	0		undefined FUN_71006a4e4c(long param_1, uint param_2, uint param_3)
71006a4e7c	16	FUN_71006a4e7c		d	a	0	ST_PARTIAL,SYS_ANIMATION	undefined FUN_71006a4e7c(long param_1, int param_2, undefined8 * param_3)
71006a4e8c	8	FUN_71006a4e8c		d	a	0		undefined1 FUN_71006a4e8c(long param_1)
71006a4e94	8	FUN_71006a4e94		d	a	0		undefined FUN_71006a4e94(long param_1, undefined1 param_2)
71006a4e9c	8	FUN_71006a4e9c		d	a	0		undefined1 FUN_71006a4e9c(long param_1)
71006a4ea4	64	FUN_71006a4ea4		d	a	0		undefined FUN_71006a4ea4(long param_1, byte param_2)
71006a4ee4	8	FUN_71006a4ee4		d	a	0		undefined4 FUN_71006a4ee4(long param_1)
71006a4eec	32	FUN_71006a4eec		d	a	0		undefined FUN_71006a4eec(long param_1, int param_2)
71006a4f0c	76	FUN_71006a4f0c		d	a	0		bool FUN_71006a4f0c(long param_1, void * param_2, size_t param_3)
71006a4f58	112	FUN_71006a4f58		d	a	0		undefined FUN_71006a4f58(long param_1, void * param_2, size_t param_3)
71006a4fc8	68	FUN_71006a4fc8		d	a	0		undefined FUN_71006a4fc8(long param_1, void * param_2, size_t param_3, uint param_4)
71006a500c	76	FUN_71006a500c		d	a	0		undefined4 FUN_71006a500c(long param_1, char * param_2)
71006a5060	328	FUN_71006a5060		d	a	0		undefined FUN_71006a5060(long param_1, char * param_2)
71006a51a8	56	FUN_71006a51a8		d	a	0		undefined FUN_71006a51a8(long param_1, char * param_2, undefined8 * param_3)
71006a51e0	60	FUN_71006a51e0		d	a	0		undefined FUN_71006a51e0(long param_1, void * param_2, size_t param_3)
71006a521c	60	FUN_71006a521c		d	a	0		undefined FUN_71006a521c(long param_1, char * param_2)
71006a5258	36	FUN_71006a5258		d	a	0		undefined FUN_71006a5258(undefined8 * param_1)
71006a5fc4	628	FUN_71006a5fc4		d	a	0		undefined FUN_71006a5fc4(undefined1[16] param_1, undefined1[16] param_2, undefined1[16] param_3, undefined1[16] param_4, long param_5, SkeletonPose * param_6)
71006a67fc	664	FUN_71006a67fc		d	a	0		undefined FUN_71006a67fc(undefined1[16] param_1, undefined1[16] param_2, undefined1[16] param_3, undefined1[16] param_4, long param_5, Entity * param_6, SkeletonPose * param_7)
71006a76d0	284	FUN_71006a76d0		d	a	0		undefined8 FUN_71006a76d0(long param_1, long param_2)
71006a77f0	1	FUN_71006a77f0		d	d	0	ST_PARTIAL,SYS_ANIMATION	undefined FUN_71006a77f0()
71006a7950	1212	FUN_71006a7950		d	a	0		byte FUN_71006a7950(long param_1)
71006a841c	376	FUN_71006a841c		d	a	0		undefined1[16] FUN_71006a841c(long * param_1, uint param_2)
71006a8594	64	FUN_71006a8594		d	a	0		undefined FUN_71006a8594(undefined8 * param_1)
71006a85d4	116	FUN_71006a85d4		d	a	0		bool FUN_71006a85d4(long * param_1, long param_2)
71006a8648	16	FUN_71006a8648		d	a	0		undefined FUN_71006a8648(long param_1)
71006a8660	580	FUN_71006a8660		d	a	0		long * FUN_71006a8660(long * param_1, long param_2)
71006a88a8	236	FUN_71006a88a8		d	a	0		undefined1[16] FUN_71006a88a8(long * param_1, undefined8 param_2, undefined8 * param_3, undefined8 * param_4)
71006a89a0	828	FUN_71006a89a0		d	a	0		undefined FUN_71006a89a0(long param_1, long * param_2, undefined8 * param_3)
71006a8ce0	448	FUN_71006a8ce0		d	a	0		undefined FUN_71006a8ce0(ulong * param_1, long param_2)
71006a8ea0	408	FUN_71006a8ea0		d	a	0		undefined FUN_71006a8ea0(long param_1, byte * param_2)
71006a904c	172	FUN_71006a904c		d	a	0		undefined4 FUN_71006a904c(void)
71006a9110	64	FUN_71006a9110		d	a	0		undefined FUN_71006a9110(long * param_1)
71006a91b0	408	FUN_71006a91b0		d	a	0		undefined FUN_71006a91b0(long * param_1, ulong param_2)
71006a9350	320	FUN_71006a9350		d	a	0		undefined FUN_71006a9350(long * param_1, ulong param_2)
71006a9530	528	FUN_71006a9530		d	a	0		undefined FUN_71006a9530(long * param_1, undefined8 param_2, undefined8 * param_3)
71006a9740	348	FUN_71006a9740		d	a	0		undefined FUN_71006a9740(long * param_1, long param_2, undefined8 param_3, undefined8 * param_4, undefined8 * param_5)
71006a989c	376	FUN_71006a989c		d	a	0		undefined FUN_71006a989c(long * param_1, long * param_2)
71006a9a20	360	FUN_71006a9a20		d	a	0		undefined FUN_71006a9a20(long * param_1, long param_2)
71006a9b88	608	FUN_71006a9b88		d	a	0		undefined FUN_71006a9b88(long * param_1, ulong param_2, ulong param_3)
71006a9df0	440	FUN_71006a9df0		d	a	0		undefined FUN_71006a9df0(long * param_1, long * param_2, int param_3)
71006a9fb0	272	FUN_71006a9fb0		d	a	0		undefined FUN_71006a9fb0(long * param_1)
71006aa0c0	36	FUN_71006aa0c0		d	a	0		undefined FUN_71006aa0c0(long * param_1)
71006aa0f0	532	FUN_71006aa0f0		d	a	0		undefined FUN_71006aa0f0(long param_1, int param_2)
71006aa304	40	FUN_71006aa304		d	a	0		undefined FUN_71006aa304(long param_1, undefined4 * param_2)
71006aa32c	76	FUN_71006aa32c		d	a	0		undefined FUN_71006aa32c(long param_1, int param_2, undefined4 * param_3)
71006aa378	8	FUN_71006aa378		d	a	0		undefined4 FUN_71006aa378(long param_1)
71006aa380	28	FUN_71006aa380		d	a	0		undefined1[16] FUN_71006aa380(long param_1)
71006aa39c	68	FUN_71006aa39c		d	a	0		undefined1[16] FUN_71006aa39c(long param_1, int param_2)
71006aa3e0	56	FUN_71006aa3e0		d	a	0		uint FUN_71006aa3e0(long param_1, int param_2)
71006aa418	76	FUN_71006aa418		d	a	0		undefined FUN_71006aa418(long param_1, int param_2, uint param_3)
71006aa464	24	FUN_71006aa464		d	a	0		undefined FUN_71006aa464(undefined4 param_1, undefined4 param_2, undefined4 param_3, undefined4 param_4, long param_5)
71006aa47c	52	FUN_71006aa47c		d	a	0		undefined FUN_71006aa47c(undefined4 param_1, undefined4 param_2, undefined4 param_3, undefined4 param_4, long param_5, int param_6)
71006aa4b0	16	FUN_71006aa4b0		d	a	0		undefined FUN_71006aa4b0(undefined4 param_1, undefined4 param_2, long param_3)
71006aa4c0	44	FUN_71006aa4c0		d	a	0		undefined FUN_71006aa4c0(undefined4 param_1, undefined4 param_2, long param_3, int param_4)
71006aa4ec	20	FUN_71006aa4ec		d	a	0		undefined FUN_71006aa4ec(long param_1, undefined8 * param_2)
71006aa500	8	FUN_71006aa500		d	a	0		long FUN_71006aa500(long param_1)
71006aa508	28	FUN_71006aa508		d	a	0		undefined FUN_71006aa508(undefined8 * param_1, long param_2)
71006aa524	8	FUN_71006aa524		d	a	0		undefined1 FUN_71006aa524(long param_1)
71006aa52c	68	FUN_71006aa52c		d	a	0		undefined FUN_71006aa52c(long param_1, byte param_2)
71006aa578	20	FUN_71006aa578		d	a	0		undefined FUN_71006aa578(undefined8 * param_1, long param_2)
71006aa58c	8	FUN_71006aa58c		d	a	0		undefined FUN_71006aa58c(long param_1, undefined4 param_2)
71006aa5a0	192	FUN_71006aa5a0		d	a	0		undefined FUN_71006aa5a0(long param_1, uint param_2)
71006aa660	192	FUN_71006aa660		d	a	0		undefined FUN_71006aa660(long param_1, uint param_2)
71006aa720	8	FUN_71006aa720		d	a	0		undefined4 FUN_71006aa720(long param_1)
71006aa730	260	FUN_71006aa730		d	a	0		undefined FUN_71006aa730(long * param_1)
71006aa834	88	FUN_71006aa834		d	a	0		undefined FUN_71006aa834(long param_1, undefined8 * param_2)
71006aa890	132	FUN_71006aa890		d	a	0		undefined FUN_71006aa890(long param_1, undefined8 * param_2)
71006aa914	16	FUN_71006aa914		d	a	0		undefined1[16] FUN_71006aa914(void)
71006aa930	176	FUN_71006aa930		d	a	0		undefined FUN_71006aa930(long param_1, char * param_2, ulong param_3)
71006aa9e0	8	FUN_71006aa9e0		d	a	0		undefined FUN_71006aa9e0(long param_1, int param_2)
71006aa9e8	8	FUN_71006aa9e8		d	a	0		undefined FUN_71006aa9e8(long param_1)
71006aaa60	572	FUN_71006aaa60		d	a	0		undefined FUN_71006aaa60(long * param_1, ulong param_2)
71006aac9c	164	FUN_71006aac9c		d	a	0		undefined FUN_71006aac9c(long * param_1, int param_2)
71006aad40	360	FUN_71006aad40		d	a	0		undefined FUN_71006aad40(long * param_1, long param_2)
71006aaeb0	288	FUN_71006aaeb0		d	a	0		undefined FUN_71006aaeb0(long * param_1)
71006aafd0	36	FUN_71006aafd0		d	a	0		undefined FUN_71006aafd0(long * param_1)
71006ab000	76	FUN_71006ab000		d	a	0		undefined FUN_71006ab000(long param_1)
71006ab054	20	FUN_71006ab054		d	a	0		long FUN_71006ab054(long param_1, int param_2)
71006ab068	12	FUN_71006ab068		d	a	0		undefined FUN_71006ab068(long param_1)
71006ab0e0	76	FUN_71006ab0e0		d	a	0		undefined FUN_71006ab0e0(void)
71006ab12c	4	FUN_71006ab12c		d	a	0		undefined FUN_71006ab12c(void)
71006ab130	4	FUN_71006ab130		d	a	0		undefined FUN_71006ab130(void)
71006ab134	4	FUN_71006ab134		d	a	0		undefined FUN_71006ab134(void)
71006ab138	376	FUN_71006ab138		d	a	0		undefined FUN_71006ab138(long * param_1, long * param_2)
71006ab2b0	320	Create	nn::bezel::ComModel	a	a	0	ST_PARTIAL,SYS_RENDER	undefined Create(undefined8 * param_1_00, ComModel * this, undefined8 * param_3)
71006ab3f0	356	FUN_71006ab3f0		d	a	0	ST_PARTIAL,SYS_ASSET	undefined8 FUN_71006ab3f0(long * param_1, long param_2, long * param_3)
71006ab554	48	Create	nn::bezel::ComModel	a	a	0		undefined Create(undefined8 * param_1_00, ComModel * param_2)
71006ab584	48	Create	nn::bezel::ComModel	a	a	0		undefined Create(undefined8 * param_1_00, ComModel * this, undefined8 param_3, undefined8 param_4)
71006ab5b4	256	FUN_71006ab5b4		d	a	0		undefined FUN_71006ab5b4(undefined8 * param_1, ComModel * param_2, long param_3)
71006ab6c0	956	FUN_71006ab6c0		d	a	0		undefined FUN_71006ab6c0(undefined8 * param_1)
71006aba90	464	FUN_71006aba90		d	a	0		undefined FUN_71006aba90(long param_1)
71006abc60	148	FUN_71006abc60		d	a	0		undefined FUN_71006abc60(long param_1)
71006abcfc	36	FUN_71006abcfc		d	a	0		undefined FUN_71006abcfc(undefined8 * param_1)
71006abd20	40	FUN_71006abd20		d	a	0		undefined FUN_71006abd20(long param_1)
71006abd48	112	SetLocalTranslation	nn::bezel::ComModel	a	a	0		undefined SetLocalTranslation(ComModel * this, undefined8 * param_1)
71006abdb8	160	SetLocalTransform	nn::bezel::ComModel	a	a	0		undefined SetLocalTransform(ComModel * this, undefined8 * param_1)
71006abe58	168	SetRigLocalTransform	nn::bezel::ComModel	a	a	0		undefined SetRigLocalTransform(ComModel * this, undefined8 * param_1)
71006abf00	480	FUN_71006abf00		d	a	0		undefined FUN_71006abf00(undefined8 * param_1, long param_2, long * param_3, ulong param_4)
71006ac0e0	80	GetBoneSocket	nn::bezel::ComModel	a	a	0	ST_PARTIAL,SYS_RENDER	undefined GetBoneSocket(undefined8 * param_1, ComModel * this, void * param_3, size_t param_4)
71006ac130	308	FUN_71006ac130		d	a	0		undefined8 FUN_71006ac130(ulong * param_1, undefined8 * param_2)
71006ac264	392	FUN_71006ac264		d	a	0		ulong * FUN_71006ac264(ulong * param_1, void * param_2, ulong param_3)
71006ac3ec	1220	FUN_71006ac3ec		d	a	0		undefined FUN_71006ac3ec(long param_1, float * param_2)
71006ac8b0	3808	FUN_71006ac8b0		d	a	0		undefined1[16] FUN_71006ac8b0(long param_1)
71006ad790	520	_internalSetLocalScale	nn::bezel::ComModel	a	a	0		undefined _internalSetLocalScale(ComModel * this, undefined8 * param_1)
71006ad998	40	FUN_71006ad998		d	a	0		undefined1[16] FUN_71006ad998(long param_1)
71006ad9c0	236	FUN_71006ad9c0		d	a	0		undefined1[16] FUN_71006ad9c0(long param_1)
71006adaac	240	CalculateTransform	nn::bezel::ComModel	a	a	0	ST_PARTIAL,SYS_RENDER	undefined1[16] CalculateTransform(ComModel * this)
71006adba0	956	FUN_71006adba0		d	a	0		undefined FUN_71006adba0(long * param_1)
71006adf60	236	FUN_71006adf60		d	a	0		undefined FUN_71006adf60(long param_1)
71006ae04c	68	FUN_71006ae04c		d	a	0		bool FUN_71006ae04c(long param_1, int param_2, byte param_3, byte param_4)
71006ae090	228	FUN_71006ae090		d	a	0		undefined FUN_71006ae090(long param_1)
71006ae180	196	FUN_71006ae180		d	a	0		undefined FUN_71006ae180(long param_1)
71006ae250	576	FUN_71006ae250		d	a	0		undefined FUN_71006ae250(long param_1)
71006ae498	16	SetVisible	nn::bezel::ComModel	a	a	0		undefined SetVisible(ComModel * this, uint param_1)
71006ae4a8	44	FUN_71006ae4a8		d	a	0		undefined4 FUN_71006ae4a8(long param_1)
71006ae4d4	28	IsBoneVisible	nn::bezel::ComModel	a	a	0		uint IsBoneVisible(ComModel * this, uint param_1)
71006ae4f0	80	SetBoneVisible	nn::bezel::ComModel	a	a	0		undefined SetBoneVisible(ComModel * this, uint param_1, uint param_2)
71006ae540	172	FUN_71006ae540		d	a	0		undefined FUN_71006ae540(long param_1, long * param_2)
71006ae5ec	136	FUN_71006ae5ec		d	a	0		undefined FUN_71006ae5ec(long param_1, undefined8 * param_2)
71006ae678	120	_internalGetAssetData	nn::bezel::ComModel	a	a	0		undefined _internalGetAssetData(undefined8 * param_1, long param_2)
71006ae6f0	720	FUN_71006ae6f0		d	a	0	ST_PARTIAL,SYS_ANIMATION	undefined FUN_71006ae6f0(undefined1[16] param_1, undefined1[16] param_2, undefined1[16] param_3, undefined1[16] param_4, long param_5)
71006ae9c0	420	FUN_71006ae9c0		d	a	0	ST_PARTIAL,SYS_RENDER	undefined FUN_71006ae9c0(long param_1, int param_2)
71006aeb68	880	FUN_71006aeb68		d	a	0		undefined FUN_71006aeb68(long param_1, int param_2)
71006aeee0	752	FUN_71006aeee0		d	a	0	ST_PARTIAL,SYS_RENDER	undefined FUN_71006aeee0(long param_1, int param_2)
71006af1d0	216	FUN_71006af1d0		d	a	0		undefined FUN_71006af1d0(long param_1, int param_2)
71006af2b0	472	FUN_71006af2b0		d	a	0		undefined FUN_71006af2b0(long param_1, undefined4 param_2)
71006af490	8	FUN_71006af490		d	a	0		undefined FUN_71006af490(long param_1, undefined4 param_2)
71006af498	92	GetMaterialName	nn::bezel::ComModel	a	a	0		undefined1[16] GetMaterialName(ComModel * this, int param_1)
71006af4f4	72	FUN_71006af4f4		d	a	0		undefined FUN_71006af4f4(undefined8 * param_1, long param_2)
71006af53c	8	FindBoneIndex	nn::bezel::ComModel	a	a	0		undefined FindBoneIndex(long param_1, void * param_2, size_t param_3)
71006af544	8	GetBoneSocket	nn::bezel::ComModel	a	a	0		undefined GetBoneSocket(undefined8 * param_1, long param_2, uint param_3)
71006af550	128	FUN_71006af550		d	a	0		undefined FUN_71006af550(long param_1, int param_2)
71006af5d0	288	FUN_71006af5d0		d	a	0		undefined FUN_71006af5d0(long param_1, long * param_2)
71006af6f0	608	FUN_71006af6f0		d	a	0		undefined FUN_71006af6f0(long param_1)
71006af950	220	FUN_71006af950		d	a	0		undefined FUN_71006af950(long param_1)
71006afa30	468	FUN_71006afa30		d	a	0		undefined FUN_71006afa30(undefined4 * param_1, long param_2, long param_3)
71006afc0c	192	CreateRuntimeShape	nn::bezel::ComModel	a	a	0		undefined CreateRuntimeShape(undefined8 * param_1_00, long * param_2, long param_3)
71006afcd0	312	FUN_71006afcd0		d	a	0		undefined FUN_71006afcd0(long * param_1, long * param_2)
71006afe08	68	SetupInstancing	nn::bezel::ComModel	a	a	0		bool SetupInstancing(ComModel * this, int param_1, byte param_2)
71006afe4c	64	AllocInstance	nn::bezel::ComModel	a	a	0		int AllocInstance(ComModel * this)
71006afe8c	16	FreeInstance	nn::bezel::ComModel	a	a	0		undefined FreeInstance(long param_1, int param_2)
71006afea0	428	FUN_71006afea0		d	a	0		undefined FUN_71006afea0(long param_1, char * param_2)
71006b0050	172	FindMaterial	nn::bezel::ComModel	a	a	0		ulong FindMaterial(long param_1, void * param_2, ulong param_3)
71006b0100	128	FUN_71006b0100		d	a	0		bool FUN_71006b0100(long param_1)
71006b0180	72	FUN_71006b0180		d	a	0		undefined FUN_71006b0180(ulong * param_1, long param_2)
71006b01c8	32	FUN_71006b01c8		d	a	0		undefined FUN_71006b01c8(long param_1, byte * param_2)
71006b01e8	96	FUN_71006b01e8		d	a	0		undefined FUN_71006b01e8(undefined8 * param_1, long * param_2)
71006b0248	36	FUN_71006b0248		d	a	0		undefined FUN_71006b0248(long * param_1)
71006b02c8	12	FUN_71006b02c8		d	a	0		undefined * FUN_71006b02c8(void)
71006b0314	316	FUN_71006b0314		d	a	0		ulong * FUN_71006b0314(ulong * param_1, void * param_2, ulong param_3)
71006b04f0	244	FUN_71006b04f0		d	a	0		undefined FUN_71006b04f0(long * param_1, long * param_2)
71006b05e4	116	FUN_71006b05e4		d	a	0	ST_PARTIAL,SYS_ANIMATION	undefined FUN_71006b05e4(long * param_1, long * param_2)
71006b0660	288	FUN_71006b0660		d	a	0		undefined FUN_71006b0660(undefined8 * param_1)
71006b0788	36	FUN_71006b0788		d	a	0		undefined FUN_71006b0788(undefined8 * param_1)
71006b07ac	40	FUN_71006b07ac		d	a	0		undefined FUN_71006b07ac(long param_1)
71006b07d4	8	FUN_71006b07d4		d	a	0		undefined1 FUN_71006b07d4(long param_1)
71006b07dc	8	SetEnabled	nn::bezel::ComRigger	a	a	0		undefined SetEnabled(ComRigger * this, ComRigger param_2)
71006b07e4	28	GetRootConstraint	nn::bezel::ComRigger	a	a	0		undefined GetRootConstraint(undefined8 * param_1, long param_2)
71006b0800	8	FUN_71006b0800		d	a	0		undefined4 FUN_71006b0800(long param_1)
71006b0808	20	FUN_71006b0808		d	a	0	ST_PARTIAL,SYS_ANIMATION	undefined FUN_71006b0808(long param_1, int param_2)
71006b0820	780	FUN_71006b0820		d	a	0		undefined FUN_71006b0820(undefined8 * param_1, long param_2, byte * param_3, long param_4)
71006b0b30	36	FUN_71006b0b30		d	a	0		undefined FUN_71006b0b30(undefined8 * param_1)
71006b0b60	348	FUN_71006b0b60		d	a	0	ST_PARTIAL,SYS_ANIMATION	undefined FUN_71006b0b60(undefined4 * param_1, long param_2, long param_3)
71006b0cc0	396	FUN_71006b0cc0		d	a	0	ST_PARTIAL,SYS_ANIMATION	undefined FUN_71006b0cc0(long param_1)
71006b0e60	624	FUN_71006b0e60		d	a	0		undefined FUN_71006b0e60(undefined8 param_1, long param_2, undefined8 * param_3)
71006b10d0	428	FUN_71006b10d0		d	a	0		undefined1[16] FUN_71006b10d0(long param_1, byte * param_2, ulong param_3, undefined8 * param_4)
71006b127c	340	FUN_71006b127c		d	a	0		undefined FUN_71006b127c(undefined8 * param_1, long param_2)
71006b13d0	648	FUN_71006b13d0		d	a	0		undefined FUN_71006b13d0(long param_1, long * param_2, char * param_3)
71006b16c0	880	FUN_71006b16c0		d	a	0		undefined1[16] FUN_71006b16c0(long * param_1, uint * param_2, undefined4 * param_3, undefined8 * param_4)
71006b1b0c	268	FUN_71006b1b0c		d	a	0		undefined FUN_71006b1b0c(undefined8 * param_1, void * param_2, size_t param_3, void * param_4, size_t param_5, void * param_6, size_t param_7, void * param_8, size_t param_9)
71006b1c18	344	FUN_71006b1c18		d	a	0		undefined FUN_71006b1c18(long * param_1, void * param_2, size_t param_3, void * param_4, size_t param_5, ulong param_6)
71006b1d70	136	FUN_71006b1d70		d	a	0		undefined FUN_71006b1d70(long * param_1, void * param_2, size_t param_3, undefined1 * param_4, size_t param_5, uint param_6)
71006b1e00	132	FUN_71006b1e00		d	a	0		undefined FUN_71006b1e00(long param_1, long param_2)
71006b2030	12	FUN_71006b2030		d	a	0		undefined FUN_71006b2030(undefined8 * param_1)
71006b2040	156	FUN_71006b2040		d	a	0		undefined FUN_71006b2040(long * param_1)
71006b20e0	144	FUN_71006b20e0		d	a	0		undefined FUN_71006b20e0(long * param_1)
71006b2170	316	FUN_71006b2170		d	a	0	ST_PARTIAL,SYS_ANIMATION	ulong FUN_71006b2170(undefined8 * param_1, long param_2, ulong param_3)
71006b22ac	8	FUN_71006b22ac		d	a	0		undefined8 FUN_71006b22ac(undefined8 * param_1)
71006b22b4	8	FUN_71006b22b4		d	a	0		undefined8 FUN_71006b22b4(undefined8 * param_1)
71006b22c0	140	FUN_71006b22c0		d	a	0		uint FUN_71006b22c0(long param_1, long param_2, ulong param_3, undefined8 param_4, byte param_5)
71006b2458	56	FUN_71006b2458		d	a	0	ST_PARTIAL,SYS_RENDER	undefined FUN_71006b2458(long param_1, uint param_2)
71006b2490	72	FUN_71006b2490		d	a	0		undefined1[16] FUN_71006b2490(void)
71006b24e0	168	FUN_71006b24e0		d	a	0		uint FUN_71006b24e0(long param_1)
71006b26c8	48	FUN_71006b26c8		d	a	0		undefined FUN_71006b26c8(undefined8 * param_1)
71006b26f8	4	thunk_FUN_7100823248		d	a	1		undefined thunk_FUN_7100823248(void)
71006b2714	20	FUN_71006b2714		d	a	0		undefined FUN_71006b2714(undefined8 * param_1)
71006b2750	4	FUN_71006b2750		d	a	0		undefined FUN_71006b2750(void)
71006b2754	64	FUN_71006b2754		d	a	0		undefined FUN_71006b2754(long * param_1)
71006b27a0	360	FUN_71006b27a0		d	a	0		undefined FUN_71006b27a0(long * param_1, long param_2)
71006b2910	676	FUN_71006b2910		d	a	0		undefined FUN_71006b2910(long param_1)
71006b2bc0	264	FUN_71006b2bc0		d	a	0		undefined FUN_71006b2bc0(long * param_1)
71006b2cd0	136	FUN_71006b2cd0		d	a	0		undefined FUN_71006b2cd0(long param_1)
71006b2d60	256	FUN_71006b2d60		d	a	0		undefined FUN_71006b2d60(long param_1, long * param_2)
71006b2e60	68	FUN_71006b2e60		d	a	0		undefined FUN_71006b2e60(long param_1, long * param_2)
71006b2eb0	264	FUN_71006b2eb0		d	a	0		undefined FUN_71006b2eb0(long * param_1, long * param_2)
71006b2fb8	76	FUN_71006b2fb8		d	a	0		undefined8 FUN_71006b2fb8(undefined8 param_1, undefined8 param_2, int param_3)
71006b3004	8	FUN_71006b3004		d	a	0		undefined8 FUN_71006b3004(long param_1)
71006b300c	132	FUN_71006b300c		d	a	0		undefined FUN_71006b300c(long * param_1)
71006b3090	360	FUN_71006b3090		d	a	0		undefined FUN_71006b3090(long * param_1, long param_2)
71006b3200	304	FUN_71006b3200		d	a	0		undefined FUN_71006b3200(long param_1)
71006b3330	36	FUN_71006b3330		d	a	0		undefined FUN_71006b3330(void * param_1)
71006b3354	364	FUN_71006b3354		d	a	0		undefined FUN_71006b3354(float param_1, long param_2, long param_3, long * param_4, long * param_5, undefined4 param_6, undefined4 param_7)
71006b34c0	464	FUN_71006b34c0		d	a	0		undefined8 FUN_71006b34c0(undefined8 param_1, long * param_2, uint param_3, undefined * param_4)
71006b3694	248	FUN_71006b3694		d	a	0		undefined FUN_71006b3694(float param_1, long param_2, long param_3, int param_4, long * param_5, uint param_6, undefined * param_7, long * param_8, long * param_9, undefined4 param_10)
71006b3790	664	FUN_71006b3790		d	a	0		undefined FUN_71006b3790(long param_1, long param_2, int param_3, long * param_4, uint param_5, undefined * param_6)
71006b3a30	552	FUN_71006b3a30		d	a	0		undefined FUN_71006b3a30(undefined8 param_1, long param_2, int param_3, long * param_4, uint param_5, undefined * param_6)
71006b3c60	632	FUN_71006b3c60		d	a	0		undefined FUN_71006b3c60(long param_1, long param_2, int param_3, long * param_4, uint param_5, undefined * param_6)
71006b3ee0	536	FUN_71006b3ee0		d	a	0		undefined FUN_71006b3ee0(undefined8 param_1, long param_2, int param_3, long * param_4, uint param_5, undefined * param_6)
71006b4140	20	FUN_71006b4140		d	a	0		undefined FUN_71006b4140(undefined8 * param_1)
71006b415c	12	FUN_71006b415c		d	a	0	ST_PARTIAL,SYS_RENDER	undefined FUN_71006b415c(long * param_1)
71006b4170	124	FUN_71006b4170		d	a	0	ST_ANALYZED,SYS_RENDER	undefined FUN_71006b4170(float param_1, undefined8 * param_2, long param_3, undefined8 param_4)
71006b41f0	224	FUN_71006b41f0		d	a	0	ST_PARTIAL,SYS_RENDER	undefined FUN_71006b41f0(long param_1, int param_2, void * param_3, uint param_4, undefined8 param_5)
71006b42d0	732	FUN_71006b42d0		d	a	0		undefined FUN_71006b42d0(long * param_1)
71006b45b0	688	FUN_71006b45b0		d	a	0		undefined FUN_71006b45b0(long param_1)
71006b4864	36	FUN_71006b4864		d	a	0		undefined FUN_71006b4864(long * param_1)
71006b4890	388	FUN_71006b4890		d	a	0		undefined FUN_71006b4890(long * param_1, long * param_2)
71006b4a20	360	FUN_71006b4a20		d	a	0		undefined FUN_71006b4a20(long * param_1, long param_2)
71006b4b88	264	FUN_71006b4b88		d	a	0		undefined FUN_71006b4b88(long param_1, long param_2, undefined8 param_3)
71006b4c90	460	FUN_71006b4c90		d	a	0		undefined FUN_71006b4c90(MaterialHandle * param_1, undefined8 * param_2)
71006b4e5c	52	GetShape	nn::bezel::Material	a	a	0		undefined GetShape(undefined8 * param_1, long param_2, int param_3)
71006b4e90	12	GetName	nn::bezel::Material	a	a	0		undefined1[16] GetName(Material * this)
71006b4e9c	12	FUN_71006b4e9c		d	a	0		undefined1[16] FUN_71006b4e9c(long param_1)
71006b4ea8	8	FUN_71006b4ea8		d	a	0		undefined8 FUN_71006b4ea8(long param_1)
71006b4eb0	128	FindParam	nn::bezel::Material	a	a	0		undefined FindParam(undefined8 * param_1, long param_2, void * param_3, size_t param_4)
71006b4f30	272	SetTexture	nn::bezel::Material	a	a	0		uint SetTexture(long param_1, void * param_2, size_t param_3, undefined8 * param_4)
71006b5040	380	FindSampler	nn::bezel::Material	a	a	0		undefined8 FindSampler(long param_1, int * param_2, void * param_3, size_t param_4)
71006b51c0	240	SetTexture	nn::bezel::Material	a	a	0		undefined8 SetTexture(Material * this, int param_1, undefined8 * param_2)
71006b52b0	92	ResetTexture	nn::bezel::Material	a	a	0		uint ResetTexture(long param_1, void * param_2, size_t param_3)
71006b530c	44	FUN_71006b530c		d	a	0		undefined8 FUN_71006b530c(long param_1, int param_2)
71006b5338	12	FUN_71006b5338		d	a	0		undefined8 FUN_71006b5338(long param_1)
71006b5344	12	FUN_71006b5344		d	a	0		undefined8 FUN_71006b5344(long param_1)
71006b5350	92	FUN_71006b5350		d	a	0		undefined FUN_71006b5350(long param_1)
71006b53b0	340	FUN_71006b53b0		d	a	0		undefined FUN_71006b53b0(long param_1, undefined8 param_2, undefined4 param_3, undefined8 * param_4)
71006b5510	244	FUN_71006b5510		d	a	0		undefined FUN_71006b5510(long param_1)
71006b5604	40	FUN_71006b5604		d	a	0		undefined FUN_71006b5604(undefined8 * param_1, long param_2, int param_3)
71006b562c	16	FUN_71006b562c		d	a	0	ST_PARTIAL,SYS_RENDER	undefined FUN_71006b562c(long param_1)
71006b563c	16	FUN_71006b563c		d	a	0		undefined FUN_71006b563c(long param_1)
71006b564c	48	FUN_71006b564c		d	a	0		undefined FUN_71006b564c(long param_1)
71006b567c	84	FUN_71006b567c		d	a	0		undefined FUN_71006b567c(long param_1, uint param_2)
71006b56d0	332	FUN_71006b56d0		d	a	0		undefined FUN_71006b56d0(long param_1, long param_2, undefined8 * param_3)
71006b581c	64	FUN_71006b581c		d	a	0		undefined FUN_71006b581c(long param_1)
71006b5860	452	FUN_71006b5860		d	a	0		undefined FUN_71006b5860(long param_1)
71006b5a30	296	FUN_71006b5a30		d	a	0		undefined FUN_71006b5a30(long param_1)
71006b5b58	376	FUN_71006b5b58		d	a	0		undefined FUN_71006b5b58(long param_1)
71006b5cd0	360	FUN_71006b5cd0		d	a	0		undefined FUN_71006b5cd0(long param_1)
71006b5e38	56	FUN_71006b5e38		d	a	0		undefined FUN_71006b5e38(long param_1)
71006b5e70	328	FUN_71006b5e70		d	a	0		undefined FUN_71006b5e70(long param_1)
71006b5fb8	84	FUN_71006b5fb8		d	a	0		undefined FUN_71006b5fb8(long param_1)
71006b600c	84	FUN_71006b600c		d	a	0		undefined FUN_71006b600c(long param_1)
71006b6060	216	FUN_71006b6060		d	a	0		undefined FUN_71006b6060(long param_1, undefined8 param_2)
71006b6140	92	FUN_71006b6140		d	a	0		undefined FUN_71006b6140(long param_1, long param_2)
71006b619c	420	FUN_71006b619c		d	a	0		undefined FUN_71006b619c(long param_1)
71006b6340	76	FUN_71006b6340		d	a	0		undefined FUN_71006b6340(long param_1)
71006b638c	8	FUN_71006b638c		d	a	0		undefined FUN_71006b638c(long param_1, undefined1 param_2)
71006b6394	8	FUN_71006b6394		d	a	0		undefined1 FUN_71006b6394(long param_1)
71006b639c	60	FUN_71006b639c		d	a	0		undefined FUN_71006b639c(undefined8 * param_1)
71006b63e0	148	FUN_71006b63e0		d	a	0		undefined FUN_71006b63e0(long * param_1)
71006b6474	36	FUN_71006b6474		d	a	0		undefined FUN_71006b6474(long * param_1)
71006b6570	260	FUN_71006b6570		d	a	0		bool FUN_71006b6570(byte * param_1, undefined4 * param_2)
71006b6680	1300	FUN_71006b6680		d	a	0		undefined FUN_71006b6680(ulong * param_1)
71006b6ba0	352	FUN_71006b6ba0		d	a	0		undefined FUN_71006b6ba0(ulong * param_1, undefined8 * param_2)
71006b6d00	384	FUN_71006b6d00		d	a	0		undefined FUN_71006b6d00(long * param_1, undefined8 * param_2)
71006b6ed0	28	MaterialHandle	nn::bezel::MaterialHandle	a	a	0		undefined MaterialHandle(MaterialHandle * this)
71006b6eec	112	MaterialHandle	nn::bezel::MaterialHandle	a	a	0		undefined MaterialHandle(MaterialHandle * this, long param_1)
71006b6f5c	144	Reset	nn::bezel::MaterialHandle	a	a	0		undefined Reset(MaterialHandle * this, long param_1)
71006b6fec	92	~MaterialHandle	nn::bezel::MaterialHandle	a	a	0		undefined ~MaterialHandle(MaterialHandle * this)
71006b7048	76	FUN_71006b7048		d	a	0		undefined FUN_71006b7048(long param_1)
71006b7094	36	FUN_71006b7094		d	a	0		undefined FUN_71006b7094(MaterialHandle * param_1)
71006b70b8	156	FUN_71006b70b8		d	a	0		long FUN_71006b70b8(long param_1, long param_2)
71006b7154	44	FUN_71006b7154		d	a	0		bool FUN_71006b7154(long param_1, long param_2)
71006b7180	16	IsValid	nn::bezel::MaterialHandle	a	a	0		bool IsValid(MaterialHandle * this)
71006b7190	44	Lock	nn::bezel::MaterialHandle	a	a	0		undefined Lock(undefined8 * param_1, long param_2)
71006b71bc	60	SafeLock	nn::bezel::MaterialHandle	a	a	0		undefined SafeLock(long * param_1, long param_2)
71006b71f8	8	Get	nn::bezel::MaterialHandle	a	a	0		undefined8 Get(MaterialHandle * this)
71006b7200	48	FUN_71006b7200		d	a	0		undefined FUN_71006b7200(long param_1)
71006b7230	28	FUN_71006b7230		d	a	0		undefined FUN_71006b7230(long param_1)
71006b72a0	60	FUN_71006b72a0		d	a	0		undefined FUN_71006b72a0(void)
71006b72dc	312	FUN_71006b72dc		d	a	0		ulong FUN_71006b72dc(long param_1, undefined4 * param_2)
71006b7414	160	TryGetInt4	nn::bezel::MaterialParam	a	a	0		bool TryGetInt4(MaterialParam * this, undefined4 * param_1)
71006b74b4	132	FUN_71006b74b4		d	a	0		bool FUN_71006b74b4(long param_1, undefined4 * param_2)
71006b7538	268	FUN_71006b7538		d	a	0		uint FUN_71006b7538(long param_1, undefined4 * param_2)
71006b7644	188	FUN_71006b7644		d	a	0		uint FUN_71006b7644(long param_1, HashedString * param_2)
71006b7700	144	FUN_71006b7700		d	a	0		bool FUN_71006b7700(long param_1, undefined4 * param_2)
71006b7790	164	TryGetVector3	nn::bezel::MaterialParam	a	a	0		bool TryGetVector3(MaterialParam * this, undefined8 * param_1)
71006b7834	160	TryGetVector4	nn::bezel::MaterialParam	a	a	0		bool TryGetVector4(MaterialParam * this, undefined4 * param_1)
71006b78d4	220	FUN_71006b78d4		d	a	0		bool FUN_71006b78d4(long param_1, undefined8 * param_2)
71006b79b0	224	FUN_71006b79b0		d	a	0		bool FUN_71006b79b0(long param_1, undefined8 * param_2)
71006b7a90	132	FUN_71006b7a90		d	a	0		bool FUN_71006b7a90(long param_1, undefined1 * param_2)
71006b7b14	144	FUN_71006b7b14		d	a	0		bool FUN_71006b7b14(long param_1, undefined8 * param_2)
71006b7ba4	40	FUN_71006b7ba4		d	a	0		undefined4 FUN_71006b7ba4(long param_1)
71006b7bcc	224	GetFloat	nn::bezel::MaterialParam	a	a	0		undefined4 GetFloat(MaterialParam * this)
71006b7cac	196	FUN_71006b7cac		d	a	0		undefined FUN_71006b7cac(HashedString * param_1, long param_2)
71006b7d70	112	FUN_71006b7d70		d	a	0		undefined1[16] FUN_71006b7d70(long param_1)
71006b7de0	124	GetVector3	nn::bezel::MaterialParam	a	a	0		undefined1[16] GetVector3(MaterialParam * this)
71006b7e5c	132	GetVector4	nn::bezel::MaterialParam	a	a	0		undefined1[16] GetVector4(MaterialParam * this)
71006b7ee0	216	FUN_71006b7ee0		d	a	0		undefined1[16] FUN_71006b7ee0(long param_1)
71006b7fb8	220	FUN_71006b7fb8		d	a	0		undefined1[16] FUN_71006b7fb8(long param_1)
71006b8094	128	FUN_71006b8094		d	a	0		bool FUN_71006b8094(long param_1)
71006b8114	116	GetTexSrt	nn::bezel::MaterialParam	a	a	0		undefined GetTexSrt(undefined8 * param_1, long param_2)
71006b8188	488	TrySetInt	nn::bezel::MaterialParam	a	a	0		undefined8 TrySetInt(MaterialParam * this, int param_1)
71006b8370	492	TrySetInt4	nn::bezel::MaterialParam	a	a	0		undefined4 TrySetInt4(MaterialParam * this, int * param_1)
71006b855c	328	FUN_71006b855c		d	a	0		undefined4 FUN_71006b855c(long param_1, int param_2)
71006b86a4	528	TrySetFloat	nn::bezel::MaterialParam	a	a	0		uint TrySetFloat(float param_1, MaterialParam * this)
71006b88b4	208	FUN_71006b88b4		d	a	0		undefined8 FUN_71006b88b4(long param_1, byte * param_2, ulong param_3)
71006b8984	404	FUN_71006b8984		d	a	0		undefined4 FUN_71006b8984(long param_1, undefined8 * param_2)
71006b8b18	444	TrySetVector3	nn::bezel::MaterialParam	a	a	0		undefined4 TrySetVector3(MaterialParam * this, undefined8 * param_1)
71006b8cd4	488	TrySetVector4	nn::bezel::MaterialParam	a	a	0		undefined4 TrySetVector4(MaterialParam * this, undefined8 * param_1)
71006b8ebc	796	FUN_71006b8ebc		d	a	0		undefined4 FUN_71006b8ebc(long param_1, undefined8 * param_2)
71006b91d8	944	FUN_71006b91d8		d	a	0		undefined8 FUN_71006b91d8(long param_1, undefined8 * param_2)
71006b9588	332	FUN_71006b9588		d	a	0		undefined4 FUN_71006b9588(long param_1, byte param_2)
71006b96d4	264	FUN_71006b96d4		d	a	0		undefined8 FUN_71006b96d4(long param_1, undefined8 * param_2)
71006b97dc	4	SetInt	nn::bezel::MaterialParam	a	a	0		undefined8 SetInt(MaterialParam * this, int param_1)
71006b97e0	4	SetInt4	nn::bezel::MaterialParam	a	a	0		undefined4 SetInt4(MaterialParam * this, int * param_1)
71006b97e4	4	thunk_FUN_71006b855c		d	a	1		undefined4 thunk_FUN_71006b855c(long param_1, int param_2)
71006b97e8	4	SetFloat	nn::bezel::MaterialParam	a	a	0		uint SetFloat(float param_1, MaterialParam * this)
71006b97ec	176	FUN_71006b97ec		d	a	0		undefined FUN_71006b97ec(long param_1, byte * param_2, ulong param_3)
71006b989c	4	thunk_FUN_71006b8984		d	a	1		undefined4 thunk_FUN_71006b8984(long param_1, undefined8 * param_2)
71006b98a0	4	SetVector3	nn::bezel::MaterialParam	a	a	0		undefined4 SetVector3(MaterialParam * this, undefined8 * param_1)
71006b98a4	4	SetVector4	nn::bezel::MaterialParam	a	a	0		undefined4 SetVector4(MaterialParam * this, undefined8 * param_1)
71006b98a8	4	thunk_FUN_71006b8ebc		d	a	1		undefined4 thunk_FUN_71006b8ebc(long param_1, undefined8 * param_2)
71006b98ac	4	thunk_FUN_71006b91d8		d	a	1		undefined8 thunk_FUN_71006b91d8(long param_1, undefined8 * param_2)
71006b98b0	8	SetBool	nn::bezel::MaterialParam	a	a	0		undefined SetBool(MaterialParam * this, uint param_1)
71006b98b8	4	SetTexSrt	nn::bezel::MaterialParam	a	a	0		undefined8 SetTexSrt(MaterialParam * this, undefined8 * param_1)
71006b98c0	824	FUN_71006b98c0		d	a	0		undefined FUN_71006b98c0(long param_1, long * param_2, void * param_3, size_t param_4)
71006b9c00	24	Invalidate	nn::bezel::MaterialParam	a	a	0		undefined Invalidate(MaterialParam * this)
71006b9c18	40	IsValid	nn::bezel::MaterialParam	a	a	0		bool IsValid(MaterialParam * this)
71006b9c40	336	FUN_71006b9c40		d	a	0		undefined8 FUN_71006b9c40(float param_1, float * param_2, float * param_3)
71006b9d90	512	FUN_71006b9d90		d	a	0		undefined FUN_71006b9d90(long * param_1)
71006b9fa0	288	FUN_71006b9fa0		d	a	0		undefined FUN_71006b9fa0(long * param_1)
71006ba0c0	36	FUN_71006ba0c0		d	a	0		undefined FUN_71006ba0c0(long * param_1)
71006ba0f0	548	FUN_71006ba0f0		d	a	0		undefined FUN_71006ba0f0(long param_1, long * param_2, undefined4 param_3, byte param_4, uint param_5)
71006ba320	200	FUN_71006ba320		d	a	0		undefined FUN_71006ba320(long param_1)
71006ba3f0	732	FUN_71006ba3f0		d	a	0		undefined FUN_71006ba3f0(long param_1, int param_2)
71006ba6d4	8	FUN_71006ba6d4		d	a	0		undefined4 FUN_71006ba6d4(long param_1)
71006ba6dc	24	FUN_71006ba6dc		d	a	0		long FUN_71006ba6dc(long param_1, int param_2)
71006ba6f4	16	FUN_71006ba6f4		d	a	0		undefined FUN_71006ba6f4(long param_1)
71006ba710	1168	FUN_71006ba710		d	a	0		int FUN_71006ba710(long param_1)
71006babb0	316	FUN_71006babb0		d	a	0		undefined FUN_71006babb0(long param_1, int param_2)
71006bacec	112	FUN_71006bacec		d	a	0		undefined FUN_71006bacec(long param_1, long param_2)
71006bae80	324	_internalResetInstances	nn::bezel::ModelInstancingBuffer	a	a	0		undefined _internalResetInstances(ModelInstancingBuffer * this)
71006bafcc	8	FUN_71006bafcc		d	a	0		long FUN_71006bafcc(long param_1)
71006bafd4	24	FUN_71006bafd4		d	a	0		long FUN_71006bafd4(long param_1, int param_2)
71006bafec	16	FUN_71006bafec		d	a	0		undefined FUN_71006bafec(long param_1)
71006baffc	16	FUN_71006baffc		d	a	0		undefined8 FUN_71006baffc(long param_1)
71006bb00c	16	FUN_71006bb00c		d	a	0		undefined FUN_71006bb00c(long param_1)
71006bb01c	16	FUN_71006bb01c		d	a	0		undefined8 FUN_71006bb01c(long param_1)
71006bb02c	16	FUN_71006bb02c		d	a	0		undefined FUN_71006bb02c(long param_1)
71006bb03c	24	FUN_71006bb03c		d	a	0		undefined FUN_71006bb03c(undefined4 param_1, long param_2, undefined8 * param_3)
71006bb054	16	FUN_71006bb054		d	a	0		undefined8 FUN_71006bb054(long param_1)
71006bb064	16	FUN_71006bb064		d	a	0		undefined FUN_71006bb064(long param_1)
71006bb090	312	FUN_71006bb090		d	a	0		undefined FUN_71006bb090(long * param_1)
71006bb220	468	FUN_71006bb220		d	a	0		undefined FUN_71006bb220(long * param_1, ulong param_2)
71006bb400	324	FUN_71006bb400		d	a	0		undefined FUN_71006bb400(long param_1, long * param_2)
71006bb550	648	FUN_71006bb550		d	a	0		undefined FUN_71006bb550(long param_1, long * param_2)
71006bb7e0	108	FUN_71006bb7e0		d	a	0		undefined FUN_71006bb7e0(long * param_1)
71006bb850	360	FUN_71006bb850		d	a	0		undefined FUN_71006bb850(long * param_1, long param_2)
71006bb9c0	368	FUN_71006bb9c0		d	a	0		undefined FUN_71006bb9c0(long * param_1)
71006bbb30	36	FUN_71006bbb30		d	a	0		undefined FUN_71006bbb30(long * param_1)
71006bbb60	300	FUN_71006bbb60		d	a	0		undefined FUN_71006bbb60(long param_1)
71006bbc90	76	FUN_71006bbc90		d	a	0		undefined FUN_71006bbc90(long param_1)
71006bbd48	608	FUN_71006bbd48		d	a	0		undefined FUN_71006bbd48(long * param_1)
71006bbfb0	152	FUN_71006bbfb0		d	a	0		int FUN_71006bbfb0(long param_1, void * param_2, uint param_3)
71006bc060	256	FUN_71006bc060		d	a	0		undefined FUN_71006bc060(long * param_1)
71006bc160	36	FUN_71006bc160		d	a	0		undefined FUN_71006bc160(long * param_1)
71006bc184	64	FUN_71006bc184		d	a	0		undefined FUN_71006bc184(long * param_1)
71006bc21c	680	FUN_71006bc21c		d	a	0	ST_PARTIAL,SYS_CORE	undefined FUN_71006bc21c(void)
71006bc4d0	156	FUN_71006bc4d0		d	a	0		undefined FUN_71006bc4d0(long * param_1)
71006bc56c	104	FUN_71006bc56c		d	a	0		undefined FUN_71006bc56c(undefined8 * param_1)
71006bc5d4	144	FUN_71006bc5d4		d	a	0		undefined FUN_71006bc5d4(undefined8 * param_1, undefined8 param_2, undefined1 * param_3, ulong param_4)
71006bc664	8	SetAnimationSpeed	nn::bezel::ModelModule	a	a	0	ST_PARTIAL,SYS_ANIMATION	undefined SetAnimationSpeed(undefined4 param_1, ModelModule * this)
71006bc66c	8	GetAnimationSpeed	nn::bezel::ModelModule	a	a	0	ST_ANALYZED,SYS_ANIMATION	undefined4 GetAnimationSpeed(ModelModule * this)
71006bc674	8	FUN_71006bc674		d	a	0		undefined FUN_71006bc674(long param_1)
71006bc67c	8	FUN_71006bc67c		d	a	0		undefined FUN_71006bc67c(long param_1, undefined4 param_2)
71006bc684	8	CreateMaterial	nn::bezel::ModelModule	a	a	0		undefined CreateMaterial(MaterialHandle * param_1_00, undefined8 param_2, undefined8 * param_3)
71006bc68c	20	FUN_71006bc68c		d	a	0		undefined FUN_71006bc68c(void)
71006bc6a0	208	FUN_71006bc6a0		d	a	0		undefined FUN_71006bc6a0(long * param_1, undefined8 param_2, int param_3)
71006bc770	80	CreateRuntimeMesh	nn::bezel::ModelModule	a	a	0		undefined CreateRuntimeMesh(undefined8 * param_1)
71006bc7c0	116	FUN_71006bc7c0		d	a	0		undefined FUN_71006bc7c0(undefined8 * param_1)
71006bc834	100	FUN_71006bc834		d	a	0		undefined FUN_71006bc834(undefined8 * param_1, undefined8 param_2, long * param_3)
71006bc898	108	FUN_71006bc898		d	a	0		undefined FUN_71006bc898(undefined8 * param_1, undefined8 param_2, long * param_3, int param_4)
71006bc904	208	FUN_71006bc904		d	a	0		undefined FUN_71006bc904(undefined8 * param_1, undefined8 param_2, long * param_3)
71006bc9d4	8	FUN_71006bc9d4		d	a	0		undefined FUN_71006bc9d4(long param_1, undefined1 * param_2, ulong param_3, undefined8 param_4)
71006bc9dc	8	FUN_71006bc9dc		d	a	0		undefined FUN_71006bc9dc(long param_1, undefined1 * param_2, ulong param_3)
71006bc9e4	8	FUN_71006bc9e4		d	a	0		bool FUN_71006bc9e4(long param_1, undefined1 * param_2, ulong param_3)
71006bc9ec	8	FUN_71006bc9ec		d	a	0		undefined FUN_71006bc9ec(long param_1, undefined1 * param_2, ulong param_3, undefined8 * param_4)
71006bc9f4	8	GetShaderArchive	nn::bezel::ModelModule	a	a	0		undefined GetShaderArchive(undefined8 * param_1, long param_2, undefined1 * param_3, ulong param_4)
71006bc9fc	8	FUN_71006bc9fc		d	a	0		undefined1 FUN_71006bc9fc(long param_1)
71006bca04	8	FUN_71006bca04		d	a	0		undefined FUN_71006bca04(long param_1, undefined1 param_2)
71006bca0c	8	FUN_71006bca0c		d	a	0		undefined FUN_71006bca0c(long * param_1, long param_2, void * param_3, ulong param_4)
71006bca14	8	FUN_71006bca14		d	a	0		undefined FUN_71006bca14(undefined8 * param_1, long param_2, int param_3)
71006bca1c	8	FUN_71006bca1c		d	a	0		undefined FUN_71006bca1c(long param_1, ulong param_2)
71006bca24	8	FUN_71006bca24		d	a	0		undefined FUN_71006bca24(long * param_1, long param_2, char * param_3)
71006bca2c	8	FUN_71006bca2c		d	a	0		undefined FUN_71006bca2c(long param_1)
71006bca34	8	FUN_71006bca34		d	a	0		bool FUN_71006bca34(long param_1, void * param_2, ulong param_3)
71006bca3c	8	FUN_71006bca3c		d	a	0	ST_ANALYZED,SYS_RENDER	undefined FUN_71006bca3c(long param_1, undefined1 param_2)
71006bca44	56	FUN_71006bca44		d	a	0		undefined FUN_71006bca44(undefined8 * param_1)
71006bca7c	56	FUN_71006bca7c		d	a	0		undefined FUN_71006bca7c(undefined8 * param_1)
71006bcab4	56	FUN_71006bcab4		d	a	0		undefined FUN_71006bcab4(undefined8 * param_1)
71006bcaec	76	FUN_71006bcaec		d	a	0		undefined FUN_71006bcaec(undefined8 * param_1)
71006bcb38	92	FUN_71006bcb38		d	a	0		undefined FUN_71006bcb38(undefined8 * param_1)
71006bcb94	76	FUN_71006bcb94		d	a	0		undefined FUN_71006bcb94(undefined8 * param_1)
71006bcbe0	76	FUN_71006bcbe0		d	a	0		undefined FUN_71006bcbe0(undefined8 * param_1)
71006bcc2c	76	FUN_71006bcc2c		d	a	0		undefined FUN_71006bcc2c(undefined8 * param_1)
71006bcc80	224	FUN_71006bcc80		d	a	0	ST_PARTIAL,SYS_RENDER	undefined FUN_71006bcc80(long * param_1)
71006bcd60	204	FUN_71006bcd60		d	a	0		undefined FUN_71006bcd60(void)
71006bd6b4	80	FUN_71006bd6b4		d	a	0		long * FUN_71006bd6b4(long param_1)
71006bd714	4	FUN_71006bd714		d	a	0		undefined FUN_71006bd714(void)
71006bd718	212	FUN_71006bd718		d	a	0		undefined FUN_71006bd718(void)
71006bd7f0	160	FUN_71006bd7f0		d	a	0		undefined FUN_71006bd7f0(void)
71006bd890	464	FUN_71006bd890		d	a	0		undefined FUN_71006bd890(void)
71006bda60	1	FUN_71006bda60		d	d	0	ST_ANALYZED,SYS_RENDER	undefined FUN_71006bda60()
71006bda68	20	FUN_71006bda68		d	d	0	ST_PARTIAL,SYS_RENDER	undefined FUN_71006bda68()
71006bda80	64	FUN_71006bda80		d	a	0	ST_PARTIAL,SYS_RENDER	undefined FUN_71006bda80(void)
71006bdac0	260	FUN_71006bdac0		d	d	0	ST_PARTIAL,SYS_RENDER	undefined FUN_71006bdac0()
71006bdc14	12	FUN_71006bdc14		d	a	0		undefined FUN_71006bdc14(undefined8 * param_1, long param_2)
71006bdc20	80	FUN_71006bdc20		d	a	0		undefined FUN_71006bdc20(undefined8 * param_1)
71006bdc70	28	FUN_71006bdc70		d	a	0		undefined FUN_71006bdc70(undefined8 * param_1)
71006bdc8c	4	FUN_71006bdc8c		d	a	0		undefined FUN_71006bdc8c(void)
71006bdc90	8	FUN_71006bdc90		d	a	0		undefined8 FUN_71006bdc90(void)
71006bdc98	8	FUN_71006bdc98		d	a	0		undefined8 FUN_71006bdc98(void)
71006bdca0	8	FUN_71006bdca0		d	a	0		undefined8 FUN_71006bdca0(void)
71006bdca8	8	FUN_71006bdca8		d	a	0		undefined8 FUN_71006bdca8(void)
71006bdcb0	8	FUN_71006bdcb0		d	a	0		undefined8 FUN_71006bdcb0(void)
71006bdcb8	8	FUN_71006bdcb8		d	a	0		undefined8 FUN_71006bdcb8(void)
71006bdcc0	8	FUN_71006bdcc0		d	a	0		undefined8 FUN_71006bdcc0(void)
71006bdcc8	8	FUN_71006bdcc8		d	a	0		undefined8 FUN_71006bdcc8(void)
71006bdcd0	12	FUN_71006bdcd0		d	a	0		undefined FUN_71006bdcd0(undefined8 * param_1)
71006bdcdc	4	FUN_71006bdcdc		d	a	0		undefined FUN_71006bdcdc(void)
71006bdce0	4	FUN_71006bdce0		d	a	0		undefined FUN_71006bdce0(void)
71006bdce4	12	FUN_71006bdce4		d	a	0		undefined FUN_71006bdce4(undefined8 * param_1)
71006bdcf0	20	FUN_71006bdcf0		d	a	0		undefined FUN_71006bdcf0(undefined8 * param_1, undefined8 param_2, long param_3)
71006bdd04	20	FUN_71006bdd04		d	a	0		undefined FUN_71006bdd04(void)
71006bdd20	216	FUN_71006bdd20		d	a	0		undefined FUN_71006bdd20(long param_1, undefined8 param_2)
71006bde6c	8	FUN_71006bde6c		d	a	0	ST_PARTIAL,SYS_RENDER	undefined1 FUN_71006bde6c(long param_1)
71006bdeb0	208	FUN_71006bdeb0		d	a	0		undefined FUN_71006bdeb0(long * param_1)
71006bdf80	44	FUN_71006bdf80		d	a	0		undefined FUN_71006bdf80(undefined8 param_1, long * param_2)
71006bdfac	44	FUN_71006bdfac		d	a	0		undefined FUN_71006bdfac(undefined8 param_1, long * param_2)
71006be160	288	FUN_71006be160		d	a	0		undefined FUN_71006be160(long * param_1)
71006be288	44	FUN_71006be288		d	a	0		undefined FUN_71006be288(undefined8 param_1, long * param_2)
71006be2b4	92	FUN_71006be2b4		d	a	0		uint FUN_71006be2b4(long param_1, long * param_2)
71006be310	196	FUN_71006be310		d	a	0		undefined FUN_71006be310(long param_1, long * param_2)
71006be440	208	FUN_71006be440		d	a	0		undefined FUN_71006be440(long * param_1)
71006be510	44	FUN_71006be510		d	a	0		undefined FUN_71006be510(undefined8 param_1, long * param_2)
71006be53c	44	FUN_71006be53c		d	a	0		undefined FUN_71006be53c(undefined8 param_1, long * param_2)
71006be6a0	44	FUN_71006be6a0		d	a	0		undefined FUN_71006be6a0(undefined8 param_1, long * param_2)
71006be6cc	44	FUN_71006be6cc		d	a	0		undefined FUN_71006be6cc(undefined8 param_1, long * param_2)
71006be748	52	FUN_71006be748		d	a	0		undefined FUN_71006be748(long * param_1, long * param_2)
71006be77c	52	FUN_71006be77c		d	a	0		undefined FUN_71006be77c(long * param_1, long * param_2)
71006be7b0	52	FUN_71006be7b0		d	a	0		undefined FUN_71006be7b0(long * param_1, long * param_2)
71006be7e4	52	FUN_71006be7e4		d	a	0		undefined FUN_71006be7e4(long * param_1, long * param_2)
71006be818	52	FUN_71006be818		d	a	0		undefined FUN_71006be818(long * param_1)
71006be84c	52	FUN_71006be84c		d	a	0		undefined FUN_71006be84c(long * param_1)
71006be880	52	FUN_71006be880		d	a	0		undefined FUN_71006be880(long * param_1)
71006bea60	104	FUN_71006bea60		d	a	0		undefined FUN_71006bea60(void)
71006bead0	224	FUN_71006bead0		d	a	0		undefined FUN_71006bead0(undefined8 * param_1)
71006bebc0	296	FUN_71006bebc0		d	a	0		undefined FUN_71006bebc0(long * param_1, long * param_2, void * param_3, ulong param_4)
71006becf4	20	FUN_71006becf4		d	a	0		undefined FUN_71006becf4(undefined8 * param_1, long * param_2, int param_3)
71006bed08	16	FUN_71006bed08		d	a	0		undefined8 FUN_71006bed08(long * param_1, ulong param_2)
71006bed18	400	FUN_71006bed18		d	a	0		undefined FUN_71006bed18(long * param_1, long * param_2, char * param_3)
71006beea8	16	FUN_71006beea8		d	a	0		ulong FUN_71006beea8(long * param_1)
71006beec0	256	FUN_71006beec0		d	a	0		bool FUN_71006beec0(long * param_1, void * param_2, ulong param_3)
71006befc0	460	FUN_71006befc0		d	a	0		undefined FUN_71006befc0(long * param_1)
71006bf18c	64	FUN_71006bf18c		d	a	0		undefined FUN_71006bf18c(long * param_1)
71006bf1d0	296	FUN_71006bf1d0		d	a	0		undefined FUN_71006bf1d0(long * param_1)
71006bf300	36	FUN_71006bf300		d	a	0		undefined FUN_71006bf300(long * param_1)
71006bf324	240	FUN_71006bf324		d	a	0		undefined FUN_71006bf324(long * param_1, long param_2)
71006bf420	556	FUN_71006bf420		d	a	0		undefined FUN_71006bf420(long param_1, long * param_2)
71006bf64c	28	FUN_71006bf64c		d	a	0		undefined8 FUN_71006bf64c(long param_1)
71006bf670	164	FUN_71006bf670		d	a	0		undefined FUN_71006bf670(long param_1, long * param_2)
71006bf714	92	FUN_71006bf714		d	a	0		undefined FUN_71006bf714(long param_1, long * param_2)
71006bf770	176	FUN_71006bf770		d	a	0		undefined FUN_71006bf770(long param_1)
71006bf8d4	152	FUN_71006bf8d4		d	a	0		undefined FUN_71006bf8d4(long * param_1)
71006bf970	360	FUN_71006bf970		d	a	0		undefined FUN_71006bf970(long * param_1, long param_2)
71006bfad8	1024	FUN_71006bfad8		d	a	0		undefined FUN_71006bfad8(long param_1)
71006bfee0	320	FUN_71006bfee0		d	a	0		undefined FUN_71006bfee0(long * param_1)
71006c0020	444	FUN_71006c0020		d	a	0		undefined FUN_71006c0020(long param_1)
71006c01dc	36	FUN_71006c01dc		d	a	0		undefined FUN_71006c01dc(long * param_1)
71006c0200	64	FUN_71006c0200		d	a	0		undefined FUN_71006c0200(long * param_1)
71006c0250	360	FUN_71006c0250		d	a	0		undefined FUN_71006c0250(long * param_1, long param_2)
71006c03c0	256	FUN_71006c03c0		d	a	0		undefined FUN_71006c03c0(long * param_1)
71006c04c0	36	FUN_71006c04c0		d	a	0		undefined FUN_71006c04c0(long * param_1)
71006c04e4	64	FUN_71006c04e4		d	a	0		undefined FUN_71006c04e4(long * param_1)
71006c0570	40	FUN_71006c0570		d	a	0		undefined FUN_71006c0570(long param_1)
71006c05e0	360	FUN_71006c05e0		d	a	0		undefined FUN_71006c05e0(long * param_1, long param_2)
71006c0750	256	FUN_71006c0750		d	a	0		undefined FUN_71006c0750(long * param_1)
71006c0850	36	FUN_71006c0850		d	a	0		undefined FUN_71006c0850(long * param_1)
71006c0874	64	FUN_71006c0874		d	a	0		undefined FUN_71006c0874(long * param_1)
71006c0900	40	FUN_71006c0900		d	a	0		undefined FUN_71006c0900(long param_1)
71006c0964	48	FUN_71006c0964		d	a	0		long * FUN_71006c0964(void)
71006c0994	48	FUN_71006c0994		d	a	0		undefined8 * FUN_71006c0994(void)
71006c09c4	60	FUN_71006c09c4		d	a	0		undefined FUN_71006c09c4(long * param_1)
71006c0a00	104	FUN_71006c0a00		d	a	0		undefined FUN_71006c0a00(long * param_1, long * param_2)
71006c0a68	60	FUN_71006c0a68		d	a	0		undefined FUN_71006c0a68(long param_1)
71006c0aa4	68	FUN_71006c0aa4		d	a	0		long * FUN_71006c0aa4(long * param_1)
71006c0ae8	36	FUN_71006c0ae8		d	a	0		undefined FUN_71006c0ae8(long * param_1)
71006c0b1c	48	FUN_71006c0b1c		d	a	0		undefined FUN_71006c0b1c(long param_1)
71006c0b4c	60	FUN_71006c0b4c		d	a	0		undefined FUN_71006c0b4c(long param_1, long param_2, long param_3)
71006c0bac	156	FUN_71006c0bac		d	a	0		undefined8 FUN_71006c0bac(long param_1, int param_2, int param_3)
71006c0c6c	216	FUN_71006c0c6c		d	a	0	ST_PARTIAL,SYS_CAMERA	undefined FUN_71006c0c6c(long * param_1)
71006c0d44	280	FUN_71006c0d44		d	a	0	ST_PARTIAL,SYS_CAMERA	undefined FUN_71006c0d44(long * param_1, long param_2)
71006c0e5c	60	FUN_71006c0e5c		d	a	0	ST_PARTIAL,SYS_CAMERA	undefined FUN_71006c0e5c(long * param_1)
71006c0ea0	196	FUN_71006c0ea0		d	a	0		undefined FUN_71006c0ea0(undefined8 * param_1)
71006c0f64	36	FUN_71006c0f64		d	a	0		undefined FUN_71006c0f64(undefined8 * param_1)
71006c0f88	8	FUN_71006c0f88		d	a	0		undefined1 FUN_71006c0f88(long param_1)
71006c0f90	8	FUN_71006c0f90		d	a	0		undefined FUN_71006c0f90(long param_1, undefined1 param_2)
71006c0f98	8	FUN_71006c0f98		d	a	0		undefined1 FUN_71006c0f98(long param_1)
71006c0fa0	8	FUN_71006c0fa0		d	a	0		undefined FUN_71006c0fa0(long param_1, undefined1 param_2)
71006c0fa8	36	FUN_71006c0fa8		d	a	0		undefined FUN_71006c0fa8(undefined8 * param_1)
71006c0fe0	312	FUN_71006c0fe0		d	d	0	ST_PARTIAL,SYS_CAMERA	undefined FUN_71006c0fe0()
71006c1120	856	FUN_71006c1120		d	a	0	ST_ANALYZED,SYS_CAMERA	undefined FUN_71006c1120(long * param_1, long param_2, undefined8 param_3, long * param_4)
71006c148c	172	FUN_71006c148c		d	a	0		undefined4 FUN_71006c148c(void)
71006c1538	216	FUN_71006c1538		d	a	0		undefined FUN_71006c1538(long * param_1)
71006c1610	280	FUN_71006c1610		d	a	0		undefined FUN_71006c1610(long * param_1, long param_2)
71006c1728	8	FUN_71006c1728		d	a	0		undefined FUN_71006c1728(long param_1, undefined1 param_2)
71006c1730	8	FUN_71006c1730		d	a	0		undefined1 FUN_71006c1730(long param_1)
71006c1738	8	FUN_71006c1738		d	a	0		undefined4 FUN_71006c1738(long param_1)
71006c1740	8	FUN_71006c1740		d	a	0		undefined FUN_71006c1740(undefined4 param_1, long param_2)
71006c1748	64	FUN_71006c1748		d	a	0		undefined FUN_71006c1748(long * param_1)
71006c1788	4	thunk_FUN_7100812450		d	a	1		undefined thunk_FUN_7100812450(undefined8 * param_1)
71006c178c	36	FUN_71006c178c		d	a	0		undefined FUN_71006c178c(undefined8 * param_1)
71006c17b0	36	FUN_71006c17b0		d	a	0		undefined FUN_71006c17b0(undefined8 * param_1)
71006c17e4	60	FUN_71006c17e4		d	a	0		undefined FUN_71006c17e4(long * param_1, long param_2)
71006c1820	592	FUN_71006c1820		d	a	0		undefined FUN_71006c1820(long * param_1, long * param_2, undefined8 param_3, long * param_4)
71006c1a84	172	FUN_71006c1a84		d	a	0		undefined4 FUN_71006c1a84(void)
71006c1bc8	284	FUN_71006c1bc8		d	a	0		undefined FUN_71006c1bc8(long * param_1, undefined1 * param_2, ulong param_3)
71006c1ce4	112	FUN_71006c1ce4		d	a	0		undefined FUN_71006c1ce4(long * param_1, long param_2)
71006c1d54	432	FUN_71006c1d54		d	a	0		undefined FUN_71006c1d54(long * param_1, long * param_2)
71006c1f04	140	FUN_71006c1f04		d	a	0		undefined FUN_71006c1f04(long * param_1)
71006c1f90	36	FUN_71006c1f90		d	a	0		undefined FUN_71006c1f90(long * param_1)
71006c1fb4	20	FUN_71006c1fb4		d	a	0		ushort FUN_71006c1fb4(long param_1)
71006c1fc8	8	FUN_71006c1fc8		d	a	0		undefined8 FUN_71006c1fc8(long param_1)
71006c1fd0	36	FUN_71006c1fd0		d	a	0		undefined FUN_71006c1fd0(long * param_1)
71006c200c	48	FUN_71006c200c		d	a	0		undefined FUN_71006c200c(undefined4 param_1, long param_2)
71006c20b8	172	FUN_71006c20b8		d	a	0		undefined4 FUN_71006c20b8(void)
71006c2164	92	FUN_71006c2164		d	a	0		undefined FUN_71006c2164(long param_1, long param_2)
71006c21c0	112	FUN_71006c21c0		d	a	0		undefined FUN_71006c21c0(ulong * param_1, long * param_2)
71006c2248	216	FUN_71006c2248		d	a	0		undefined FUN_71006c2248(long * param_1)
71006c2320	280	FUN_71006c2320		d	a	0		undefined FUN_71006c2320(long * param_1, long param_2)
71006c2438	48	FUN_71006c2438		d	a	0		undefined FUN_71006c2438(long * param_1)
71006c2468	4	thunk_FUN_7100812450		d	a	1		undefined thunk_FUN_7100812450(undefined8 * param_1)
71006c246c	36	FUN_71006c246c		d	a	0		undefined FUN_71006c246c(undefined8 * param_1)
71006c2490	36	FUN_71006c2490		d	a	0		undefined FUN_71006c2490(undefined8 * param_1)
71006c24c4	60	FUN_71006c24c4		d	a	0		undefined FUN_71006c24c4(long * param_1, long param_2)
71006c2500	592	FUN_71006c2500		d	a	0		undefined FUN_71006c2500(long * param_1, long * param_2, undefined8 param_3, long * param_4)
71006c2764	172	FUN_71006c2764		d	a	0		undefined4 FUN_71006c2764(void)
71006c28a8	284	FUN_71006c28a8		d	a	0		undefined FUN_71006c28a8(long * param_1, undefined1 * param_2, ulong param_3)
71006c29c4	112	FUN_71006c29c4		d	a	0		undefined FUN_71006c29c4(long * param_1, long param_2)
71006c2a34	432	FUN_71006c2a34		d	a	0		undefined FUN_71006c2a34(long * param_1, long * param_2)
71006c2be4	140	FUN_71006c2be4		d	a	0		undefined FUN_71006c2be4(long * param_1)
71006c2c70	36	FUN_71006c2c70		d	a	0		undefined FUN_71006c2c70(long * param_1)
71006c2c94	20	FUN_71006c2c94		d	a	0		ushort FUN_71006c2c94(long param_1)
71006c2ca8	8	FUN_71006c2ca8		d	a	0		undefined8 FUN_71006c2ca8(long param_1)
71006c2cb0	36	FUN_71006c2cb0		d	a	0		undefined FUN_71006c2cb0(long * param_1)
71006c2cec	48	FUN_71006c2cec		d	a	0		undefined FUN_71006c2cec(undefined4 param_1, long param_2)
71006c2d98	172	FUN_71006c2d98		d	a	0		undefined4 FUN_71006c2d98(void)
71006c2e44	92	FUN_71006c2e44		d	a	0		undefined FUN_71006c2e44(long param_1, long param_2)
71006c2ea0	112	FUN_71006c2ea0		d	a	0		undefined FUN_71006c2ea0(ulong * param_1, long * param_2)
71006c2f30	8	FUN_71006c2f30		d	a	0		long FUN_71006c2f30(long param_1)
71006c2f38	8	FUN_71006c2f38		d	a	0		long FUN_71006c2f38(long param_1)
71006c2f60	172	FUN_71006c2f60		d	a	0		undefined FUN_71006c2f60(undefined8 * param_1)
71006c3010	148	FUN_71006c3010		d	a	0		undefined FUN_71006c3010(long * param_1)
71006c30f4	12	FUN_71006c30f4		d	a	0		undefined FUN_71006c30f4(long * param_1)
71006c3100	12	FUN_71006c3100		d	a	0		undefined FUN_71006c3100(long * param_1)
71006c310c	12	FUN_71006c310c		d	a	0		undefined FUN_71006c310c(long * param_1)
71006c3118	12	FUN_71006c3118		d	a	0		undefined FUN_71006c3118(long * param_1)
71006c3124	116	FUN_71006c3124		d	a	0		undefined FUN_71006c3124(undefined8 * param_1, void * param_2, ulong param_3)
71006c3198	252	FUN_71006c3198		d	a	0		undefined FUN_71006c3198(long param_1, void * param_2, ulong param_3)
71006c3294	400	FUN_71006c3294		d	a	0		undefined FUN_71006c3294(long * param_1)
71006c3430	224	FUN_71006c3430		d	a	0		undefined FUN_71006c3430(long * param_1)
71006c3510	36	FUN_71006c3510		d	a	0		undefined FUN_71006c3510(long * param_1)
71006c353c	204	FUN_71006c353c		d	a	0		undefined FUN_71006c353c(long * param_1, long param_2)
71006c3608	192	FUN_71006c3608		d	a	0		undefined FUN_71006c3608(long * param_1, long param_2)
71006c36c8	200	FUN_71006c36c8		d	a	0		undefined8 FUN_71006c36c8(long param_1)
71006c37ac	120	FUN_71006c37ac		d	a	0		undefined FUN_71006c37ac(long param_1)
71006c3824	368	FUN_71006c3824		d	a	0		undefined FUN_71006c3824(long * param_1)
71006c3998	128	FUN_71006c3998		d	a	0		undefined FUN_71006c3998(long * param_1)
71006c3a20	284	FUN_71006c3a20		d	a	0		undefined FUN_71006c3a20(long param_1)
71006c3b3c	36	FUN_71006c3b3c		d	a	0		undefined FUN_71006c3b3c(long * param_1)
71006c3b60	208	FUN_71006c3b60		d	a	0		ulong FUN_71006c3b60(long param_1)
71006c3c30	160	FUN_71006c3c30		d	a	0		undefined FUN_71006c3c30(long param_1)
71006c3cd0	160	FUN_71006c3cd0		d	a	0		undefined FUN_71006c3cd0(long param_1)
71006c3d70	16	FUN_71006c3d70		d	a	0		ulong FUN_71006c3d70(long param_1)
71006c3d80	12	FUN_71006c3d80		d	a	0		undefined8 FUN_71006c3d80(long param_1, int param_2)
71006c3d8c	12	FUN_71006c3d8c		d	a	0		undefined FUN_71006c3d8c(void)
71006c3d98	256	FUN_71006c3d98		d	a	0	ST_PARTIAL,SYS_ANIMATION	undefined FUN_71006c3d98(long param_1)
71006c3e98	396	FUN_71006c3e98		d	a	0		undefined FUN_71006c3e98(long param_1)
71006c4030	256	FUN_71006c4030		d	a	0		undefined FUN_71006c4030(long param_1, undefined8 param_2)
71006c4130	164	FUN_71006c4130		d	a	0		undefined FUN_71006c4130(long param_1, long param_2)
71006c41e0	200	FUN_71006c41e0		d	a	0		int FUN_71006c41e0(long param_1)
71006c42b0	380	FUN_71006c42b0		d	a	0		int FUN_71006c42b0(long param_1, undefined8 param_2)
71006c4430	92	FUN_71006c4430		d	a	0		undefined FUN_71006c4430(long param_1, long param_2)
71006c448c	52	FUN_71006c448c		d	a	0		undefined FUN_71006c448c(undefined8 * param_1, long param_2, long param_3)
71006c44c0	16	FUN_71006c44c0		d	a	0		long FUN_71006c44c0(long param_1)
71006c44d0	256	FUN_71006c44d0		d	a	0		undefined FUN_71006c44d0(long param_1, undefined8 param_2)
71006c45d0	164	FUN_71006c45d0		d	a	0		undefined FUN_71006c45d0(long param_1, long param_2)
71006c4680	100	FUN_71006c4680		d	a	0		long FUN_71006c4680(long param_1, undefined8 param_2)
71006c46e4	4	FUN_71006c46e4		d	a	0		undefined FUN_71006c46e4(void)
71006c46e8	112	FUN_71006c46e8		d	a	0		undefined FUN_71006c46e8(undefined8 * param_1, ulong param_2, ulong param_3, long param_4)
71006c4758	112	FUN_71006c4758		d	a	0		undefined FUN_71006c4758(undefined8 * param_1, ulong param_2, ulong param_3, long param_4)
71006c47d0	112	FUN_71006c47d0		d	a	0		undefined FUN_71006c47d0(undefined1[16] param_1, undefined1[16] param_2, undefined1[16] param_3, undefined1[16] param_4, long param_5)
71006c484c	4	FUN_71006c484c		d	a	0		undefined FUN_71006c484c(void)
71006c4850	112	FUN_71006c4850		d	a	0		undefined FUN_71006c4850(undefined8 * param_1, ulong param_2, ulong param_3, long param_4)
71006c48c0	112	FUN_71006c48c0		d	a	0		undefined FUN_71006c48c0(undefined8 * param_1, ulong param_2, ulong param_3, long param_4)
71006c4930	116	FUN_71006c4930		d	a	0	ST_PARTIAL,SYS_RENDER	undefined FUN_71006c4930(long param_1)
71006c49b0	4	FUN_71006c49b0		d	a	0		undefined FUN_71006c49b0(void)
71006c49b4	112	FUN_71006c49b4		d	a	0		undefined FUN_71006c49b4(undefined8 * param_1, ulong param_2, ulong param_3, long param_4)
71006c4a24	112	FUN_71006c4a24		d	a	0		undefined FUN_71006c4a24(undefined8 * param_1, ulong param_2, ulong param_3, long param_4)
71006c4aa0	116	FUN_71006c4aa0		d	a	0		undefined FUN_71006c4aa0(long param_1)
71006c4b20	996	FUN_71006c4b20		d	a	0		undefined FUN_71006c4b20(long * param_1, long * param_2)
71006c4f18	560	FUN_71006c4f18		d	a	0		long * FUN_71006c4f18(long * param_1)
71006c5150	304	FUN_71006c5150		d	a	0		undefined FUN_71006c5150(long param_1)
71006c5280	36	FUN_71006c5280		d	a	0		undefined FUN_71006c5280(long * param_1)
71006c52a4	104	FUN_71006c52a4		d	a	0		long * FUN_71006c52a4(long param_1)
71006c5b30	452	FUN_71006c5b30		d	a	0		ulong FUN_71006c5b30(long param_1, long param_2, undefined4 param_3)
71006c5de4	48	FUN_71006c5de4		d	a	0		undefined4 FUN_71006c5de4(long param_1, uint param_2)
71006c5e14	56	FUN_71006c5e14		d	a	0		undefined4 FUN_71006c5e14(long param_1, int param_2)
71006c5e54	64	FUN_71006c5e54		d	a	0		undefined FUN_71006c5e54(long * param_1)
71006c5ea0	248	FUN_71006c5ea0		d	a	0		undefined8 FUN_71006c5ea0(int param_1)
71006c5fa0	648	FUN_71006c5fa0		d	a	0		undefined FUN_71006c5fa0(long param_1, long param_2)
71006c6310	360	FUN_71006c6310		d	a	0		undefined FUN_71006c6310(long * param_1, long param_2)
71006c6570	240	FUN_71006c6570		d	a	0		undefined FUN_71006c6570(void * param_1)
71006c6660	244	FUN_71006c6660		d	a	0		undefined FUN_71006c6660(long param_1)
71006c6770	240	FUN_71006c6770		d	a	0		undefined FUN_71006c6770(long param_1)
71006c6880	360	FUN_71006c6880		d	a	0		undefined FUN_71006c6880(long * param_1, long param_2)
71006c69f0	256	FUN_71006c69f0		d	a	0		undefined FUN_71006c69f0(long * param_1)
71006c6af0	36	FUN_71006c6af0		d	a	0		undefined FUN_71006c6af0(long * param_1)
71006c6b14	64	FUN_71006c6b14		d	a	0		undefined FUN_71006c6b14(long * param_1)
71006c6ba0	40	FUN_71006c6ba0		d	a	0		undefined FUN_71006c6ba0(long param_1)
71006c6c04	20	FUN_71006c6c04		d	a	0		undefined FUN_71006c6c04(undefined8 * param_1)
71006c6c20	12	FUN_71006c6c20		d	a	0		undefined FUN_71006c6c20(long * param_1)
71006c6c2c	12	FUN_71006c6c2c		d	a	0		undefined FUN_71006c6c2c(long * param_1)
71006c6c38	12	FUN_71006c6c38		d	a	0		undefined FUN_71006c6c38(long * param_1)
71006c6c44	12	FUN_71006c6c44		d	a	0		undefined FUN_71006c6c44(long * param_1)
71006c6c50	12	FUN_71006c6c50		d	a	0		undefined FUN_71006c6c50(long * param_1)
71006c6c5c	12	FUN_71006c6c5c		d	a	0		undefined FUN_71006c6c5c(long * param_1)
71006c6c68	12	FUN_71006c6c68		d	a	0		undefined FUN_71006c6c68(long * param_1)
71006c6c74	12	FUN_71006c6c74		d	a	0		undefined FUN_71006c6c74(long * param_1)
71006c6c80	12	FUN_71006c6c80		d	a	0		undefined FUN_71006c6c80(long * param_1)
71006c6c8c	12	FUN_71006c6c8c		d	a	0		undefined FUN_71006c6c8c(long * param_1)
71006c6cb0	96	FUN_71006c6cb0		d	a	0		undefined FUN_71006c6cb0(long * param_1, long * param_2)
71006c6d10	152	FUN_71006c6d10		d	a	0		undefined FUN_71006c6d10(long * param_1)
71006c6da8	36	FUN_71006c6da8		d	a	0		undefined FUN_71006c6da8(long * param_1)
71006c6dd0	232	FUN_71006c6dd0		d	a	0		undefined FUN_71006c6dd0(undefined8 * param_1, long param_2, void * param_3, ulong param_4)
71006c6ec0	168	FUN_71006c6ec0		d	a	0		undefined8 FUN_71006c6ec0(long param_1, void * param_2, ulong param_3)
71006c6f6c	52	FUN_71006c6f6c		d	a	0		undefined FUN_71006c6f6c(undefined8 * param_1, long param_2, int param_3)
71006c6fa0	216	FUN_71006c6fa0		d	a	0		undefined FUN_71006c6fa0(long param_1, undefined8 param_2)
71006c7080	92	FUN_71006c7080		d	a	0		undefined FUN_71006c7080(long param_1, long param_2)
71006c70e0	408	FUN_71006c70e0		d	a	0		undefined FUN_71006c70e0(long param_1, long param_2)
71006c7280	236	FUN_71006c7280		d	a	0		undefined FUN_71006c7280(long param_1, long param_2)
71006c736c	68	FUN_71006c736c		d	a	0		undefined FUN_71006c736c(long param_1, ulong * param_2, long param_3)
71006c73b0	8	FUN_71006c73b0		d	a	0		undefined FUN_71006c73b0(long param_1, ulong * param_2)
71006c73c0	256	FUN_71006c73c0		d	a	0		long FUN_71006c73c0(long param_1, ulong * param_2)
71006c74cc	36	FUN_71006c74cc		d	a	0		undefined1 FUN_71006c74cc(void)
71006c74f0	124	FUN_71006c74f0		d	a	0		undefined FUN_71006c74f0(long param_1)
71006c756c	220	FUN_71006c756c		d	a	0		undefined FUN_71006c756c(long param_1)
71006c7688	172	FUN_71006c7688		d	a	0		undefined4 FUN_71006c7688(void)
71006c7740	876	FUN_71006c7740		d	a	0		long * FUN_71006c7740(long * param_1, ulong * param_2, undefined8 param_3, undefined8 * param_4)
71006c7ab0	580	FUN_71006c7ab0		d	a	0		undefined FUN_71006c7ab0(long * param_1, ulong param_2)
71006c7d00	308	FUN_71006c7d00		d	a	0		undefined8 FUN_71006c7d00(long * param_1, ulong * param_2)
71006c7e40	340	FUN_71006c7e40		d	a	0		undefined FUN_71006c7e40(undefined8 * param_1, long * param_2, long * param_3)
71006c7f94	4	FUN_71006c7f94		d	a	0		undefined FUN_71006c7f94(void)
71006c7f98	112	FUN_71006c7f98		d	a	0		undefined FUN_71006c7f98(undefined8 * param_1, ulong param_2, ulong param_3, long param_4)
71006c8008	112	FUN_71006c8008		d	a	0		undefined FUN_71006c8008(undefined8 * param_1, ulong param_2, ulong param_3, long param_4)
71006c8080	112	FUN_71006c8080		d	a	0		undefined FUN_71006c8080(long param_1)
71006c80fc	28	FUN_71006c80fc		d	a	0		undefined FUN_71006c80fc(undefined8 * param_1, undefined4 param_2)
71006c8118	32	FUN_71006c8118		d	a	0		undefined FUN_71006c8118(undefined4 param_1, long * param_2)
71006c8138	104	FUN_71006c8138		d	a	0		undefined FUN_71006c8138(long * param_1, byte * param_2, ulong param_3)
71006c81a0	164	FUN_71006c81a0		d	a	0		undefined FUN_71006c81a0(long * param_1, long param_2)
71006c8244	108	FUN_71006c8244		d	a	0		undefined FUN_71006c8244(undefined8 * param_1)
71006c82b0	36	FUN_71006c82b0		d	a	0		undefined FUN_71006c82b0(undefined8 * param_1)
71006c82e8	12	NnDetailBezelGetTypeDesc	nn::bezel::HashedString	a	a	0		undefined1 * NnDetailBezelGetTypeDesc(void)
71006c82f4	4	NnDetailBezelGetThisPtr	nn::bezel::HashedString	a	a	0		undefined NnDetailBezelGetThisPtr(void)
71006c82f8	4	NnDetailBezelGetThisPtrConst	nn::bezel::HashedString	a	a	0		undefined NnDetailBezelGetThisPtrConst(void)
71006c82fc	4	~HashedString	nn::bezel::HashedString	a	a	0		undefined ~HashedString(void)
71006c8300	4	~HashedString	nn::bezel::HashedString	a	a	0		undefined ~HashedString(HashedString * this)
71006c8304	20	IsDerivedFrom	nn::bezel::detail::StaticTypeDesc<nn::bezel::HashedString,true>	a	a	0		bool IsDerivedFrom(undefined1 * param_1)
71006c8318	8	GetBaseTypeDesc	nn::bezel::detail::StaticTypeDesc<nn::bezel::HashedString,true>	a	a	0		undefined8 GetBaseTypeDesc(void)
71006c8320	8	GetNextBaseTypeDesc	nn::bezel::detail::StaticTypeDesc<nn::bezel::HashedString,true>	a	a	0		undefined8 GetNextBaseTypeDesc(void)
71006c8328	8	CastTo	nn::bezel::detail::StaticTypeDesc<nn::bezel::HashedString,true>	a	a	0		undefined8 CastTo(undefined8 param_1, undefined8 param_2)
71006c8330	8	CastToConst	nn::bezel::detail::StaticTypeDesc<nn::bezel::HashedString,true>	a	a	0		undefined8 CastToConst(undefined8 param_1, undefined8 param_2)
71006c8370	212	FUN_71006c8370		d	a	0		undefined FUN_71006c8370(undefined8 param_1, long * param_2)
71006c8444	44	FUN_71006c8444		d	a	0		undefined FUN_71006c8444(undefined8 param_1, long * param_2)
71006c85b0	560	FUN_71006c85b0		d	a	0		undefined FUN_71006c85b0(long * param_1, long param_2)
71006c87f0	224	FUN_71006c87f0		d	a	0		undefined FUN_71006c87f0(long * param_1)
71006c88d4	20	TransitionWeight	nn::bezel::RigConstraint	a	a	0		undefined TransitionWeight(float param_1, float param_2, RigConstraint * this)
71006c88e8	16	FUN_71006c88e8		d	a	0		undefined FUN_71006c88e8(undefined4 param_1, float param_2, long param_3)
71006c88f8	16	SetWeight	nn::bezel::RigConstraint	a	a	0		undefined SetWeight(undefined4 param_1, RigConstraint * this)
71006c8908	12	GetChild	nn::bezel::RigConstraint	a	a	0		undefined GetChild(long * param_1)
71006c8914	12	GetChildCount	nn::bezel::RigConstraint	a	a	0		undefined GetChildCount(RigConstraint * this)
71006c8920	240	FUN_71006c8920		d	a	0		long FUN_71006c8920(long * param_1, long param_2)
71006c8a14	56	FUN_71006c8a14		d	a	0		undefined FUN_71006c8a14(long param_1, long param_2)
71006c8a50	136	FUN_71006c8a50		d	a	0		undefined FUN_71006c8a50(long * param_1, undefined8 param_2)
71006c8ae0	252	FUN_71006c8ae0		d	a	0		undefined FUN_71006c8ae0(long * param_1, undefined8 * param_2)
71006c8c14	56	FUN_71006c8c14		d	a	0		undefined FUN_71006c8c14(long * param_1, long param_2)
71006c8c50	184	FUN_71006c8c50		d	a	0		undefined FUN_71006c8c50(long * param_1)
71006c8d08	36	FUN_71006c8d08		d	a	0		undefined FUN_71006c8d08(long * param_1)
71006c8d2c	216	FUN_71006c8d2c		d	a	0		undefined FUN_71006c8d2c(long * param_1, long param_2)
71006c8e04	80	FUN_71006c8e04		d	a	0		undefined FUN_71006c8e04(long * param_1, long param_2, long * param_3)
71006c8e60	264	FUN_71006c8e60		d	a	0		undefined FUN_71006c8e60(long param_1, int param_2)
71006c8f70	64	FUN_71006c8f70		d	a	0		undefined FUN_71006c8f70(long * param_1)
71006c8ffc	32	FUN_71006c8ffc		d	a	0		undefined FUN_71006c8ffc(ulong * param_1, long param_2)
71006c9020	180	FUN_71006c9020		d	a	0		undefined FUN_71006c9020(long param_1, byte * param_2)
71006c90e0	148	FUN_71006c90e0		d	a	0		undefined FUN_71006c90e0(undefined8 param_1, RigConstraint * param_2, undefined8 * param_3)
71006c9174	156	FUN_71006c9174		d	a	0		undefined FUN_71006c9174(undefined8 * param_1, long * param_2)
71006c9210	672	FUN_71006c9210		d	a	0		undefined FUN_71006c9210(RigConstraint * param_1, long * param_2, long param_3)
71006c94e0	332	FUN_71006c94e0		d	a	0		undefined FUN_71006c94e0(long * param_1, long * param_2)
71006c962c	220	FUN_71006c962c		d	a	0		undefined FUN_71006c962c(long * param_1, long param_2)
71006c9708	64	FUN_71006c9708		d	a	0		undefined FUN_71006c9708(long * param_1)
71006c974c	28	GetFootCount	nn::bezel::RigConstraintFootIkBase	a	a	0		int GetFootCount(RigConstraintFootIkBase * this)
71006c9768	16	GetFootParams	nn::bezel::RigConstraintFootIkBase	a	a	0		long GetFootParams(RigConstraintFootIkBase * this, int param_1)
71006c9778	56	SetFootParams	nn::bezel::RigConstraintFootIkBase	a	a	0		undefined SetFootParams(RigConstraintFootIkBase * this, int param_1, undefined8 * param_2)
71006c97b0	84	FUN_71006c97b0		d	a	0		undefined FUN_71006c97b0(long param_1, undefined8 * param_2)
71006c9810	624	FUN_71006c9810		d	a	0		undefined8 * FUN_71006c9810(long * param_1)
71006c9a80	68	FUN_71006c9a80		d	a	0		undefined FUN_71006c9a80(long param_1, int param_2)
71006c9ac4	8	FUN_71006c9ac4		d	a	0		undefined1 FUN_71006c9ac4(long param_1)
71006c9acc	8	FUN_71006c9acc		d	a	0		undefined FUN_71006c9acc(long param_1, undefined1 param_2)
71006c9ad4	8	GetBodyTiltParams	nn::bezel::RigConstraintFootIkBase	a	a	0		RigConstraintFootIkBase * GetBodyTiltParams(RigConstraintFootIkBase * this)
71006c9adc	100	SetBodyTiltParams	nn::bezel::RigConstraintFootIkBase	a	a	0		undefined SetBodyTiltParams(RigConstraintFootIkBase * this, undefined8 * param_1)
71006c9b40	8	FUN_71006c9b40		d	a	0		undefined4 FUN_71006c9b40(long param_1)
71006c9b48	8	SetSmoothingTime	nn::bezel::RigConstraintFootIkBase	a	a	0		undefined SetSmoothingTime(undefined4 param_1, RigConstraintFootIkBase * this)
71006c9b50	8	FUN_71006c9b50		d	a	0		undefined4 FUN_71006c9b50(long param_1)
71006c9b58	8	SetSmoothingLinearCoefficient	nn::bezel::RigConstraintFootIkBase	a	a	0		undefined SetSmoothingLinearCoefficient(undefined4 param_1, RigConstraintFootIkBase * this)
71006c9b60	64	FUN_71006c9b60		d	a	0		undefined FUN_71006c9b60(long * param_1)
71006d13c8	544	FUN_71006d13c8		d	a	0		undefined FUN_71006d13c8(undefined8 * param_1, uint * param_2, SkeletonPose * param_3)
71006d15e8	508	FUN_71006d15e8		d	a	0		undefined FUN_71006d15e8(undefined4 * param_1, long * param_2, long param_3)
71006d17e4	524	FUN_71006d17e4		d	a	0		undefined FUN_71006d17e4(undefined8 * param_1, undefined4 * param_2, SkeletonPose * param_3)
71006d19f0	356	FUN_71006d19f0		d	a	0		undefined FUN_71006d19f0(long * param_1, undefined8 * param_2, undefined8 * param_3)
71006d1b54	484	FUN_71006d1b54		d	a	0		undefined FUN_71006d1b54(undefined4 * param_1, long * param_2, long param_3)
71006d1d4c	72	FUN_71006d1d4c		d	a	0		undefined FUN_71006d1d4c(long * param_1, long param_2)
71006d1d94	4	thunk_FUN_71006c87f0		d	a	1		undefined thunk_FUN_71006c87f0(long * param_1)
71006d1d98	36	FUN_71006d1d98		d	a	0		undefined FUN_71006d1d98(long * param_1)
71006d1dbc	216	FUN_71006d1dbc		d	a	0		undefined FUN_71006d1dbc(long * param_1, long param_2)
71006d1e94	8	FUN_71006d1e94		d	a	0		undefined FUN_71006d1e94(long param_1, undefined4 param_2)
71006d1e9c	8	FUN_71006d1e9c		d	a	0		undefined FUN_71006d1e9c(long param_1, undefined4 param_2)
71006d1ea4	8	FUN_71006d1ea4		d	a	0		undefined4 FUN_71006d1ea4(long param_1)
71006d1eac	8	FUN_71006d1eac		d	a	0		undefined FUN_71006d1eac(undefined4 param_1, long param_2)
71006d1eb4	8	FUN_71006d1eb4		d	a	0		undefined FUN_71006d1eb4(long param_1, undefined4 param_2)
71006d1ebc	8	FUN_71006d1ebc		d	a	0		undefined4 FUN_71006d1ebc(long param_1)
71006d1ec4	8	FUN_71006d1ec4		d	a	0		undefined FUN_71006d1ec4(long param_1, undefined4 param_2)
71006d1ecc	64	FUN_71006d1ecc		d	a	0		undefined FUN_71006d1ecc(long * param_1)
71006d1f14	1768	FUN_71006d1f14		d	a	0		undefined FUN_71006d1f14(undefined1[16] param_1, undefined1[16] param_2, undefined1[16] param_3, undefined1[16] param_4, long param_5, long param_6)
71006d25fc	6456	FUN_71006d25fc		d	a	0		undefined FUN_71006d25fc(long param_1, undefined1[16] * param_2, float * param_3, undefined1[16] * param_4, float * param_5, float * param_6)
71006d3f34	32	FUN_71006d3f34		d	a	0		undefined FUN_71006d3f34(ulong * param_1, long param_2)
71006d3f60	180	FUN_71006d3f60		d	a	0		undefined FUN_71006d3f60(long param_1, byte * param_2)
71006d4014	140	FUN_71006d4014		d	a	0		undefined FUN_71006d4014(ulong * param_1, long param_2, long param_3)
71006d40a0	84	FUN_71006d40a0		d	a	0		undefined FUN_71006d40a0(long param_1, byte * param_2, long param_3)
71006d40f4	140	FUN_71006d40f4		d	a	0		undefined FUN_71006d40f4(ulong * param_1, long param_2, long param_3)
71006d4180	84	FUN_71006d4180		d	a	0		undefined FUN_71006d4180(long param_1, byte * param_2, long param_3)
71006d41d4	140	FUN_71006d41d4		d	a	0		undefined FUN_71006d41d4(ulong * param_1, long param_2, long param_3)
71006d4260	84	FUN_71006d4260		d	a	0		undefined FUN_71006d4260(long param_1, byte * param_2, long param_3)
71006d42b4	44	FUN_71006d42b4		d	a	0		undefined FUN_71006d42b4(undefined8 param_1, long param_2, undefined8 * param_3)
71006d42e0	84	FUN_71006d42e0		d	a	0		undefined FUN_71006d42e0(long param_1, long * param_2, char * param_3)
71006d43b0	340	FUN_71006d43b0		d	a	0		undefined FUN_71006d43b0(undefined8 * param_1, long param_2)
71006d4538	116	FUN_71006d4538		d	a	0		undefined FUN_71006d4538(long * param_1)
71006d45ac	4	thunk_FUN_71006c8c50		d	a	1		undefined thunk_FUN_71006c8c50(long * param_1)
71006d45b0	36	FUN_71006d45b0		d	a	0		undefined FUN_71006d45b0(long * param_1)
71006d45d4	208	FUN_71006d45d4		d	a	0		undefined FUN_71006d45d4(long * param_1)
71006d46b0	148	FUN_71006d46b0		d	a	0		undefined FUN_71006d46b0(undefined8 param_1, RigConstraint * param_2, undefined8 * param_3)
71006d4750	428	FUN_71006d4750		d	a	0		undefined FUN_71006d4750(RigConstraint * param_1, long * param_2, long param_3)
71006d4918	2816	FUN_71006d4918		d	a	0		undefined FUN_71006d4918(float * param_1, float * param_2)
71006d5420	312	FUN_71006d5420		d	a	0		undefined FUN_71006d5420(long * param_1)
71006d5560	360	FUN_71006d5560		d	a	0		undefined FUN_71006d5560(long * param_1, long param_2)
71006d56c8	52	FUN_71006d56c8		d	a	0		undefined FUN_71006d56c8(long * param_1, long * param_2)
71006d5700	416	FUN_71006d5700		d	a	0		undefined FUN_71006d5700(long * param_1)
71006d58a0	36	FUN_71006d58a0		d	a	0		undefined FUN_71006d58a0(long * param_1)
71006d58d0	176	AddVertexBuffer	nn::bezel::RuntimeMesh	a	a	0		undefined AddVertexBuffer(RuntimeMesh * this, void * param_1, size_t param_2, int param_3)
71006d5980	324	FUN_71006d5980		d	a	0		long FUN_71006d5980(long * param_1, long * param_2)
71006d5ad0	248	SetIndexBuffer	nn::bezel::RuntimeMesh	a	a	0		undefined SetIndexBuffer(RuntimeMesh * this, void * param_1, size_t param_2, int param_3)
71006d5bc8	140	FUN_71006d5bc8		d	a	0		undefined FUN_71006d5bc8(long param_1, long param_2, int param_3, undefined4 param_4)
71006d5c54	112	FUN_71006d5c54		d	a	0		undefined FUN_71006d5c54(long param_1, long param_2)
71006d5cc4	32	FUN_71006d5cc4		d	a	0		undefined FUN_71006d5cc4(long param_1, undefined4 * param_2, undefined4 param_3, undefined4 param_4)
71006d5cf0	296	FUN_71006d5cf0		d	a	0		ulong FUN_71006d5cf0(long param_1, long param_2, int param_3)
71006d5e20	360	FUN_71006d5e20		d	a	0		undefined FUN_71006d5e20(undefined8 * param_1, long param_2)
71006d5f90	64	FUN_71006d5f90		d	a	0		undefined FUN_71006d5f90(long * param_1)
71006d5fd8	12	SetVertexCount	nn::bezel::RuntimeMesh	a	a	0		undefined SetVertexCount(RuntimeMesh * this, undefined4 param_1)
71006d5fe4	12	SetIndexCount	nn::bezel::RuntimeMesh	a	a	0		undefined SetIndexCount(RuntimeMesh * this, undefined4 param_1)
71006d5ff0	24	SetBoundingBox	nn::bezel::RuntimeMesh	a	a	0		undefined SetBoundingBox(RuntimeMesh * this, undefined8 * param_1)
71006d6008	24	SetBoundingSphere	nn::bezel::RuntimeMesh	a	a	0		undefined SetBoundingSphere(RuntimeMesh * this, undefined8 * param_1)
71006d6020	40	GetVertexBuffer	nn::bezel::RuntimeMesh	a	a	0		undefined GetVertexBuffer(undefined8 * param_1, long param_2, int param_3)
71006d6048	12	GetVertexCount	nn::bezel::RuntimeMesh	a	a	0		undefined4 GetVertexCount(RuntimeMesh * this)
71006d6054	12	FUN_71006d6054		d	a	0		undefined4 FUN_71006d6054(long param_1)
71006d6060	12	FUN_71006d6060		d	a	0		long FUN_71006d6060(long param_1)
71006d60c8	104	FUN_71006d60c8		d	a	0		undefined FUN_71006d60c8(long * param_1)
71006d6130	384	FUN_71006d6130		d	a	0		undefined FUN_71006d6130(long * param_1)
71006d62c0	36	FUN_71006d62c0		d	a	0		undefined FUN_71006d62c0(long * param_1)
71006d6300	108	FUN_71006d6300		d	a	0		undefined FUN_71006d6300(long * param_1)
71006d6370	360	FUN_71006d6370		d	a	0		undefined FUN_71006d6370(long * param_1, long param_2)
71006d64e0	272	FUN_71006d64e0		d	a	0		undefined FUN_71006d64e0(long * param_1)
71006d65f0	36	FUN_71006d65f0		d	a	0		undefined FUN_71006d65f0(long * param_1)
71006d6614	180	GetResShaderArchive	nn::bezel::ShaderArchive	a	a	0		undefined8 GetResShaderArchive(ShaderArchive * this)
71006d66c8	116	FUN_71006d66c8		d	a	0		undefined FUN_71006d66c8(undefined8 * param_1, long param_2)
71006d673c	76	FUN_71006d673c		d	a	0		undefined8 FUN_71006d673c(long param_1, undefined1 * param_2, ulong param_3)
71006d6858	52	FUN_71006d6858		d	a	0		undefined FUN_71006d6858(long * param_1)
71006d6890	208	FUN_71006d6890		d	a	0		undefined FUN_71006d6890(undefined8 * param_1)
71006d6960	36	FUN_71006d6960		d	a	0		undefined FUN_71006d6960(undefined8 * param_1)
71006d6984	168	FUN_71006d6984		d	a	0		undefined FUN_71006d6984(long param_1, long * param_2)
71006d6a2c	76	FUN_71006d6a2c		d	a	0		undefined FUN_71006d6a2c(long param_1)
71006d6a8c	56	FUN_71006d6a8c		d	a	0		undefined FUN_71006d6a8c(long * param_1)
71006d6ad0	240	FUN_71006d6ad0		d	a	0		undefined FUN_71006d6ad0(long * param_1)
71006d6bc0	36	FUN_71006d6bc0		d	a	0		undefined FUN_71006d6bc0(long * param_1)
71006d6bf0	172	FUN_71006d6bf0		d	a	0		long * FUN_71006d6bf0(long param_1, void * param_2, ulong param_3)
71006d6ca0	276	FUN_71006d6ca0		d	a	0		undefined FUN_71006d6ca0(long param_1, long * param_2)
71006d6dc0	120	FUN_71006d6dc0		d	a	0		undefined FUN_71006d6dc0(long param_1)
71006d6e4c	124	FUN_71006d6e4c		d	a	0		long FUN_71006d6e4c(long param_1)
71006d6ec8	8	FUN_71006d6ec8		d	a	0		undefined1 FUN_71006d6ec8(long param_1)
71006d6ed0	12	FUN_71006d6ed0		d	a	0		undefined8 FUN_71006d6ed0(long param_1, int param_2)
71006d6f20	192	FUN_71006d6f20		d	a	0		undefined FUN_71006d6f20(long * param_1)
71006d6fe8	36	FUN_71006d6fe8		d	a	0		undefined FUN_71006d6fe8(long * param_1)
71006d700c	232	FUN_71006d700c		d	a	0		long FUN_71006d700c(long param_1, char * param_2)
71006d7100	296	FUN_71006d7100		d	a	0		undefined FUN_71006d7100(long param_1, undefined1 * param_2, ulong param_3, undefined8 param_4)
71006d7230	260	FUN_71006d7230		d	a	0		bool FUN_71006d7230(long param_1, undefined1 * param_2, ulong param_3)
71006d7340	316	FUN_71006d7340		d	a	0		undefined FUN_71006d7340(long param_1, undefined1 * param_2, ulong param_3)
71006d7480	308	FUN_71006d7480		d	a	0		undefined FUN_71006d7480(long param_1, undefined1 * param_2, ulong param_3, undefined8 * param_4)
71006d75c0	308	FUN_71006d75c0		d	a	0		undefined FUN_71006d75c0(undefined8 * param_1, long param_2, undefined1 * param_3, ulong param_4)
71006d76f4	8	FUN_71006d76f4		d	a	0		undefined1 FUN_71006d76f4(long param_1)
71006d76fc	8	FUN_71006d76fc		d	a	0		undefined FUN_71006d76fc(long param_1, undefined1 param_2)
71006d7704	36	FUN_71006d7704		d	a	0		undefined FUN_71006d7704(long param_1, char * param_2)
71006d7730	588	FUN_71006d7730		d	a	0		long * FUN_71006d7730(long * param_1, byte * param_2)
71006d7980	1148	FUN_71006d7980		d	a	0		undefined1[16] FUN_71006d7980(long * param_1, byte * param_2, undefined8 param_3, undefined8 * param_4)
71006d7e00	580	FUN_71006d7e00		d	a	0		undefined FUN_71006d7e00(long * param_1, ulong param_2)
71006d8050	588	FUN_71006d8050		d	a	0		long * FUN_71006d8050(long * param_1, byte * param_2)
71006d82a0	340	FUN_71006d82a0		d	a	0		undefined FUN_71006d82a0(undefined8 * param_1, long * param_2, long * param_3)
71006d8400	1152	FUN_71006d8400		d	a	0		undefined1[16] FUN_71006d8400(long * param_1, byte * param_2, undefined8 param_3, undefined8 * param_4)
71006d8880	580	FUN_71006d8880		d	a	0		undefined FUN_71006d8880(long * param_1, ulong param_2)
71006d8ac8	48	FUN_71006d8ac8		d	a	0		undefined8 * FUN_71006d8ac8(void)
71006d8af8	48	FUN_71006d8af8		d	a	0		undefined8 * FUN_71006d8af8(void)
71006d8b28	48	FUN_71006d8b28		d	a	0		undefined FUN_71006d8b28(undefined8 * param_1)
71006d8b60	44	FUN_71006d8b60		d	a	0		long * FUN_71006d8b60(long * param_1)
71006d8b8c	36	FUN_71006d8b8c		d	a	0		undefined FUN_71006d8b8c(long * param_1)
71006d8bf0	76	FUN_71006d8bf0		d	a	0		undefined FUN_71006d8bf0(long * param_1)
71006d8c40	180	FUN_71006d8c40		d	a	0		undefined FUN_71006d8c40(long * param_1)
71006d8cf4	36	FUN_71006d8cf4		d	a	0		undefined FUN_71006d8cf4(long * param_1)
71006d8d20	448	FUN_71006d8d20		d	a	0		undefined FUN_71006d8d20(long param_1, long param_2, long param_3, char * param_4)
71006d8ee0	140	FUN_71006d8ee0		d	a	0		undefined8 FUN_71006d8ee0(long param_1)
71006d8f6c	20	FUN_71006d8f6c		d	a	0		long FUN_71006d8f6c(long param_1, int param_2)
71006d8f80	280	FUN_71006d8f80		d	a	0		ulong FUN_71006d8f80(long param_1, char * param_2)
71006d90a0	344	FUN_71006d90a0		d	a	0		undefined8 FUN_71006d90a0(long param_1, long param_2, ulong param_3)
71006d91f8	88	FUN_71006d91f8		d	a	0		bool FUN_71006d91f8(long param_1, long param_2, char * param_3)
71006d9258	8	FUN_71006d9258		d	a	0		undefined8 FUN_71006d9258(long param_1)
71006d9260	280	FUN_71006d9260		d	a	0		ulong FUN_71006d9260(long param_1, char * param_2)
71006d937c	300	FUN_71006d937c		d	a	0		undefined FUN_71006d937c(long * param_1, long param_2, long * param_3, undefined4 param_4, long param_5)
71006d94b0	360	FUN_71006d94b0		d	a	0		undefined FUN_71006d94b0(long * param_1, long param_2)
71006d9618	444	FUN_71006d9618		d	a	0		undefined FUN_71006d9618(long param_1)
71006d97d4	296	FUN_71006d97d4		d	a	0		undefined FUN_71006d97d4(long * param_1, long param_2, long * param_3, undefined4 param_4, long param_5)
71006d98fc	112	FUN_71006d98fc		d	a	0		undefined FUN_71006d98fc(long param_1)
71006d996c	204	FUN_71006d996c		d	a	0		undefined FUN_71006d996c(long param_1)
71006d9a40	404	FUN_71006d9a40		d	a	0		undefined FUN_71006d9a40(long * param_1)
71006d9bd4	44	FUN_71006d9bd4		d	a	0		undefined FUN_71006d9bd4(long param_1)
71006d9c00	36	FUN_71006d9c00		d	a	0		undefined FUN_71006d9c00(long * param_1)
71006d9c24	108	FUN_71006d9c24		d	a	0		undefined FUN_71006d9c24(long param_1)
71006d9c90	80	FUN_71006d9c90		d	a	0		undefined FUN_71006d9c90(long param_1)
71006d9ce0	456	FUN_71006d9ce0		d	a	0		ulong FUN_71006d9ce0(long param_1, long param_2, int param_3)
71006d9ea8	280	SetMaterial	nn::bezel::Shape	a	a	0		undefined SetMaterial(Shape * this, long param_1)
71006d9fc0	100	SetLocalTransform	nn::bezel::Shape	a	a	0		undefined SetLocalTransform(Shape * this, undefined8 * param_1)
71006da024	356	FUN_71006da024		d	a	0		undefined FUN_71006da024(long param_1, long param_2, undefined8 * param_3)
71006da190	644	FUN_71006da190		d	a	0		undefined FUN_71006da190(long param_1, long param_2, undefined8 * param_3)
71006da414	40	FUN_71006da414		d	a	0		byte FUN_71006da414(long param_1)
71006da43c	16	SetVisible	nn::bezel::Shape	a	a	0		undefined SetVisible(Shape * this, uint param_1)
71006da450	1824	FUN_71006da450		d	a	0		undefined FUN_71006da450(long param_1, undefined1 * param_2)
71006dab80	316	FUN_71006dab80		d	a	0		long FUN_71006dab80(long param_1, char * param_2)
71006dacc0	308	FUN_71006dacc0		d	a	0		long FUN_71006dacc0(long param_1, char * param_2)
71006dadf8	296	FUN_71006dadf8		d	a	0		undefined FUN_71006dadf8(long param_1, int param_2)
71006daf20	464	FUN_71006daf20		d	a	0		undefined FUN_71006daf20(long param_1, int param_2)
71006db0f0	8	FUN_71006db0f0		d	a	0		undefined FUN_71006db0f0(long param_1)
71006db0f8	8	FUN_71006db0f8		d	a	0		undefined FUN_71006db0f8(long param_1)
71006db100	56	FUN_71006db100		d	a	0		undefined FUN_71006db100(long param_1)
71006db138	56	FUN_71006db138		d	a	0		undefined FUN_71006db138(long param_1)
71006db170	120	FUN_71006db170		d	a	0		undefined FUN_71006db170(undefined1[16] param_1, undefined1[16] param_2, undefined1[16] param_3, undefined1[16] param_4, long param_5, long param_6)
71006db1e8	12	FUN_71006db1e8		d	a	0		undefined FUN_71006db1e8(undefined4 * param_1)
71006db210	304	FUN_71006db210		d	a	0		undefined FUN_71006db210(long * param_1, long * param_2)
71006db374	52	FUN_71006db374		d	a	0		undefined FUN_71006db374(undefined8 * param_1, undefined8 param_2, undefined8 param_3, long param_4)
71006db3a8	12	FUN_71006db3a8		d	a	0		undefined FUN_71006db3a8(long param_1)
71006db3b4	124	FUN_71006db3b4		d	a	0		uint FUN_71006db3b4(long param_1, long param_2)
71006db430	1424	EnumerateVertexStateInfo	nn::bezel::detail::AssetShapeImpl	a	a	0		undefined EnumerateVertexStateInfo(undefined8 * param_1, long param_2)
71006db9e0	280	FUN_71006db9e0		d	a	0		ulong FUN_71006db9e0(long param_1, char * param_2)
71006dbb00	308	FUN_71006dbb00		d	a	0		long FUN_71006dbb00(long param_1, char * param_2)
71006dbc38	472	FUN_71006dbc38		d	a	0		undefined1[16] FUN_71006dbc38(undefined1[16] param_1, undefined1[16] param_2, undefined1[16] param_3, long * param_4)
71006dbe10	24	FUN_71006dbe10		d	a	0		undefined FUN_71006dbe10(long * param_1)
71006dbe28	604	FUN_71006dbe28		d	a	0		undefined FUN_71006dbe28(undefined8 * param_1, undefined8 param_2, long param_3)
71006dc090	344	FUN_71006dc090		d	a	0		undefined FUN_71006dc090(undefined8 * param_1, undefined2 * param_2, undefined2 * param_3)
71006dc1f0	448	FUN_71006dc1f0		d	a	0		undefined FUN_71006dc1f0(long * param_1, undefined8 * param_2, undefined8 * param_3)
71006dc3b0	344	FUN_71006dc3b0		d	a	0		undefined FUN_71006dc3b0(undefined8 * param_1, undefined8 * param_2, undefined8 * param_3)
71006dc510	240	FUN_71006dc510		d	a	0		undefined FUN_71006dc510(long param_1)
71006dc600	324	FUN_71006dc600		d	a	0		undefined FUN_71006dc600(undefined1[16] param_1, undefined1[16] param_2, undefined1[16] param_3, undefined1[16] param_4, undefined8 * param_5, long param_6)
71006dc744	108	FUN_71006dc744		d	a	0		undefined1[16] FUN_71006dc744(undefined1[16] param_1, undefined1[16] param_2, undefined1[16] param_3, undefined8 * param_4)
71006dc7b0	360	FUN_71006dc7b0		d	a	0		undefined FUN_71006dc7b0(long * param_1, long param_2)
71006dc920	256	FUN_71006dc920		d	a	0		undefined FUN_71006dc920(long * param_1)
71006dca20	36	FUN_71006dca20		d	a	0		undefined FUN_71006dca20(long * param_1)
71006dca44	64	FUN_71006dca44		d	a	0		undefined FUN_71006dca44(long * param_1)
71006dcad0	40	FUN_71006dcad0		d	a	0		undefined FUN_71006dcad0(long param_1)
71006dcb34	48	FUN_71006dcb34		d	a	0		undefined FUN_71006dcb34(undefined8 * param_1)
71006dcb6c	44	FUN_71006dcb6c		d	a	0		long * FUN_71006dcb6c(long * param_1)
71006dcb98	36	FUN_71006dcb98		d	a	0		undefined FUN_71006dcb98(long * param_1)
71006dcbd8	96	FUN_71006dcbd8		d	a	0		undefined FUN_71006dcbd8(undefined8 * param_1, undefined8 param_2, undefined8 param_3, long param_4)
71006dcc38	84	FUN_71006dcc38		d	a	0		undefined FUN_71006dcc38(undefined8 * param_1, undefined8 param_2, long param_3)
71006dcc8c	80	FUN_71006dcc8c		d	a	0		undefined FUN_71006dcc8c(long * param_1)
71006dcce0	400	FUN_71006dcce0		d	a	0		undefined FUN_71006dcce0(long * param_1)
71006dce70	392	FUN_71006dce70		d	a	0		undefined FUN_71006dce70(long * param_1, long * param_2)
71006dcff8	492	FUN_71006dcff8		d	a	0	ST_PARTIAL,SYS_ASSET	bool FUN_71006dcff8(long param_1)
71006dd1f0	172	FUN_71006dd1f0		d	a	0		undefined FUN_71006dd1f0(long param_1)
71006dd2a0	24	FUN_71006dd2a0		d	a	0		undefined FUN_71006dd2a0(long param_1)
71006dd2c0	80	FUN_71006dd2c0		d	a	0		undefined FUN_71006dd2c0(long * param_1)
71006dd310	28	FUN_71006dd310		d	a	0		undefined FUN_71006dd310(undefined8 * param_1, long param_2)
71006dd32c	8	FUN_71006dd32c		d	a	0		undefined8 FUN_71006dd32c(long param_1)
71006dd334	12	GetBoneCount	nn::bezel::SkeletonPose	a	a	0		undefined2 GetBoneCount(SkeletonPose * this)
71006dd340	12	FindBoneIndex	nn::bezel::SkeletonPose	a	a	0		undefined FindBoneIndex(long param_1, char * param_2)
71006dd34c	116	FindBoneIndex	nn::bezel::SkeletonPose	a	a	0		undefined FindBoneIndex(long param_1, void * param_2, size_t param_3)
71006dd3c0	112	GetBoneName	nn::bezel::SkeletonPose	a	a	0		undefined1[16] GetBoneName(SkeletonPose * this, uint param_1)
71006dd430	60	GetBoneParentIndex	nn::bezel::SkeletonPose	u	a	0	ST_PARTIAL,SYS_ANIMATION	uint GetBoneParentIndex(long param_1, uint param_2)
71006dd46c	44	FUN_71006dd46c		d	a	0		long FUN_71006dd46c(long param_1, uint param_2)
71006dd4a0	112	FUN_71006dd4a0		d	a	0		undefined FUN_71006dd4a0(long param_1)
71006dd510	16	FUN_71006dd510		d	a	0		undefined FUN_71006dd510(long param_1)
71006dd520	272	CalculateWorldTransform	nn::bezel::SkeletonPose	a	a	0	ST_PARTIAL,SYS_ANIMATION	undefined1[16] CalculateWorldTransform(long param_1, uint param_2)
71006dd630	64	GetWorldTransformCalculated	nn::bezel::SkeletonPose	a	a	0	ST_ANALYZED,SYS_ANIMATION	undefined1[16] GetWorldTransformCalculated(SkeletonPose * this, uint param_2)
71006dd670	68	FUN_71006dd670		d	a	0		undefined FUN_71006dd670(long param_1, uint param_2, undefined8 * param_3)
71006dd6b4	64	GetLocalMtxRt	nn::bezel::SkeletonPose	a	a	0		undefined1[16] GetLocalMtxRt(SkeletonPose * this, uint param_2)
71006dd6f4	136	SetLocalMtxRt	nn::bezel::SkeletonPose	a	a	0	ST_ANALYZED,SYS_ANIMATION	undefined SetLocalMtxRt(SkeletonPose * this, uint param_1, undefined8 * param_2)
71006dd77c	64	SetLocalTransformAsChanged	nn::bezel::SkeletonPose	a	a	0	ST_ANALYZED,SYS_ANIMATION	undefined SetLocalTransformAsChanged(SkeletonPose * this, uint param_1)
71006dd7bc	56	GetLocalScale	nn::bezel::SkeletonPose	a	a	0	ST_PARTIAL,SYS_ANIMATION	undefined1[16] GetLocalScale(SkeletonPose * this, uint param_2)
71006dd7f4	112	SetLocalScale	nn::bezel::SkeletonPose	a	a	0	ST_ANALYZED,SYS_ANIMATION	undefined SetLocalScale(SkeletonPose * this, uint param_1, undefined8 * param_2)
71006dd864	124	FUN_71006dd864		d	a	0		undefined FUN_71006dd864(long param_1, long * param_2)
71006dd8e0	124	GetBoneSocket	nn::bezel::SkeletonPose	a	a	0		undefined GetBoneSocket(undefined8 * param_1, long param_2, uint param_3)
71006dd95c	88	CalculateLocalTransform	nn::bezel::SkeletonPose	a	a	0	ST_ANALYZED,SYS_ANIMATION	undefined1[16] CalculateLocalTransform(SkeletonPose * this, uint param_2)
71006dd9c0	68	FUN_71006dd9c0		d	a	0		int FUN_71006dd9c0(long param_1, uint param_2)
71006dda04	840	GetLocalMtxRtFromResource	nn::bezel::SkeletonPose	a	a	0		undefined GetLocalMtxRtFromResource(SkeletonPose * this, int param_1)
71006ddd4c	36	FUN_71006ddd4c		d	a	0		undefined1[16] FUN_71006ddd4c(long param_1, int param_2)
71006ddd70	64	GetModelSpaceTransformCalculatedFromResource	nn::bezel::SkeletonPose	a	a	0	ST_PARTIAL,SYS_ANIMATION	undefined1[16] GetModelSpaceTransformCalculatedFromResource(SkeletonPose * this, uint param_2)
71006dddb0	172	Calculate	nn::bezel::SkeletonPose	a	a	0	ST_ANALYZED,SYS_ANIMATION	undefined Calculate(long param_1)
71006dde5c	60	FUN_71006dde5c		d	a	0		bool FUN_71006dde5c(long param_1)
71006dde98	104	CalculateForce	nn::bezel::SkeletonPose	a	a	0	ST_PARTIAL,SYS_ANIMATION	undefined CalculateForce(long param_1)
71006ddf00	144	BeginPeek	nn::bezel::SkeletonPose	a	a	0	ST_PARTIAL,SYS_ANIMATION	undefined BeginPeek(SkeletonPose * this)
71006ddf90	68	EndPeek	nn::bezel::SkeletonPose	a	a	0	ST_PARTIAL,SYS_ANIMATION	undefined EndPeek(SkeletonPose * this)
71006ddfd4	16	FUN_71006ddfd4		d	a	0		bool FUN_71006ddfd4(long param_1)
71006ddfe4	8	FUN_71006ddfe4		d	a	0		undefined8 FUN_71006ddfe4(long param_1)
71006ddfec	8	FUN_71006ddfec		d	a	0		undefined8 FUN_71006ddfec(long param_1)
71006ddff4	480	FUN_71006ddff4		d	a	0		undefined FUN_71006ddff4(long * param_1)
71006de1e0	320	FUN_71006de1e0		d	a	0		undefined FUN_71006de1e0(long * param_1)
71006de320	36	FUN_71006de320		d	a	0		undefined FUN_71006de320(long * param_1)
71006de350	460	FUN_71006de350		d	a	0		undefined FUN_71006de350(long param_1, undefined8 param_2, undefined8 param_3, long param_4, long * param_5)
71006de51c	16	FUN_71006de51c		d	a	0		undefined FUN_71006de51c(long param_1)
71006de540	280	FUN_71006de540		d	a	0		ulong FUN_71006de540(long param_1, char * param_2)
71006de690	448	FUN_71006de690		d	a	0		undefined FUN_71006de690(long * param_1, ulong param_2)
71006de850	288	FUN_71006de850		d	a	0		undefined FUN_71006de850(long * param_1, ulong param_2)
71006de970	436	FUN_71006de970		d	a	0		undefined FUN_71006de970(long * param_1)
71006deb30	212	FUN_71006deb30		d	a	0		long * FUN_71006deb30(long * param_1)
71006dec04	36	FUN_71006dec04		d	a	0		undefined FUN_71006dec04(long * param_1)
71006dec28	28	FUN_71006dec28		d	a	0		undefined FUN_71006dec28(undefined8 * param_1, long param_2)
71006dec50	188	FUN_71006dec50		d	a	0		long * FUN_71006dec50(long * param_1, uint param_2)
71006ded0c	156	FUN_71006ded0c		d	a	0		undefined1[16] FUN_71006ded0c(long param_1)
71006deda8	676	FUN_71006deda8		d	a	0		undefined FUN_71006deda8(undefined1[16] param_1, undefined1[16] param_2, undefined1[16] param_3, undefined1[16] param_4, long param_5, undefined8 * param_6, byte * param_7, undefined8 * param_8)
71006df054	144	FUN_71006df054		d	a	0		undefined FUN_71006df054(undefined8 * param_1, long param_2)
71006df100	216	FUN_71006df100		d	a	0		undefined FUN_71006df100(undefined8 * param_1, int param_2)
71006df1d8	24	FUN_71006df1d8		d	a	0		undefined FUN_71006df1d8(undefined1 * param_1)
71006df1f0	308	FUN_71006df1f0		d	a	0		undefined FUN_71006df1f0(char * param_1)
71006df330	356	FUN_71006df330		d	a	0		undefined FUN_71006df330(char * param_1, int * param_2)
71006df494	24	FUN_71006df494		d	a	0		long FUN_71006df494(long param_1, int param_2, int param_3)
71006df4ac	16	FUN_71006df4ac		d	a	0		bool FUN_71006df4ac(long param_1, int param_2)
71006df4c0	64	FUN_71006df4c0		d	a	0		undefined FUN_71006df4c0(long param_1)
71006df500	184	FUN_71006df500		d	a	0		undefined FUN_71006df500(undefined8 * param_1)
71006df5b8	56	FUN_71006df5b8		d	a	0		undefined FUN_71006df5b8(long param_1)
71006df5f0	56	FUN_71006df5f0		d	a	0		undefined FUN_71006df5f0(long param_1)
71006df628	60	FUN_71006df628		d	a	0		undefined FUN_71006df628(undefined1 * param_1)
71006df664	20	FUN_71006df664		d	a	0		undefined FUN_71006df664(long param_1, undefined8 param_2, undefined8 param_3, undefined8 param_4, undefined8 param_5, undefined8 param_6)
71006df678	16	FUN_71006df678		d	a	0		undefined FUN_71006df678(long param_1)
71006df688	12	FUN_71006df688		d	a	0		undefined FUN_71006df688(long param_1)
71006df694	8	FUN_71006df694		d	a	0		undefined FUN_71006df694(long param_1)
71006df69c	8	FUN_71006df69c		d	a	0		undefined FUN_71006df69c(long param_1)
71006df6a4	88	FUN_71006df6a4		d	a	0		undefined FUN_71006df6a4(long param_1)
71006df6fc	92	FUN_71006df6fc		d	a	0		undefined FUN_71006df6fc(long param_1)
71006df758	44	FUN_71006df758		d	a	0		undefined FUN_71006df758(long param_1, long param_2, int param_3)
71006df784	48	FUN_71006df784		d	a	0		undefined FUN_71006df784(long param_1, long param_2, int param_3)
71006df7b4	44	FUN_71006df7b4		d	a	0		undefined FUN_71006df7b4(long param_1, long param_2, int param_3)
71006df7e0	24	FUN_71006df7e0		d	a	0		undefined FUN_71006df7e0(undefined8 param_1, long param_2)
71006df7f8	20	FUN_71006df7f8		d	a	0		undefined8 FUN_71006df7f8(void)
71006dfbd0	540	FUN_71006dfbd0		d	a	0		undefined FUN_71006dfbd0(long param_1, long * param_2, char * param_3)
71006dfe00	260	FUN_71006dfe00		d	a	0		undefined FUN_71006dfe00(long param_1, RttsObjectData * param_2, char * param_3)
71006dff04	60	FUN_71006dff04		d	a	0		undefined FUN_71006dff04(void)
71006dff60	532	FUN_71006dff60		d	a	0		RttsObjectData * FUN_71006dff60(ulong param_1)
71006e0174	212	FUN_71006e0174		d	a	0		undefined FUN_71006e0174(undefined8 param_1, ulong * param_2, long param_3)
71006e0250	296	FUN_71006e0250		d	a	0		undefined FUN_71006e0250(undefined8 param_1, long param_2, long param_3)
71006e0490	268	FUN_71006e0490		d	a	0		undefined FUN_71006e0490(long param_1, long * param_2)
71006e05a0	268	FUN_71006e05a0		d	a	0		undefined FUN_71006e05a0(ulong * param_1, RttsObjectData * param_2, char * param_3)
71006e06b0	352	FUN_71006e06b0		d	a	0	ST_PARTIAL,SYS_RENDER	undefined FUN_71006e06b0(void)
71006e0810	84	FUN_71006e0810		d	a	0		undefined FUN_71006e0810(void)
71006e0864	100	FUN_71006e0864		d	a	0		undefined FUN_71006e0864(RttsObjectData * param_1)
71006e08c8	108	FUN_71006e08c8		d	a	0		undefined FUN_71006e08c8(RttsObjectData * param_1)
71006e0960	404	FUN_71006e0960		d	a	0		undefined FUN_71006e0960(long * param_1, byte * param_2)
71006e0af8	76	FUN_71006e0af8		d	a	0		undefined FUN_71006e0af8(RttsObjectData * param_1)
71006e0b44	84	FUN_71006e0b44		d	a	0		undefined FUN_71006e0b44(RttsObjectData * param_1)
71006e0bd0	252	FUN_71006e0bd0		d	a	0		undefined FUN_71006e0bd0(long * param_1)
71006e0cd0	20	FUN_71006e0cd0		d	a	0		undefined8 FUN_71006e0cd0(void)
71006e0ce4	8	FUN_71006e0ce4		d	a	0		undefined8 FUN_71006e0ce4(void)
71006e0cf0	112	FUN_71006e0cf0		d	a	0		RttsObjectData * FUN_71006e0cf0(void)
71006e0d80	96	FUN_71006e0d80		d	a	0		undefined FUN_71006e0d80(void)
71006e0de0	44	FUN_71006e0de0		d	a	0		undefined FUN_71006e0de0(void)
71006e0e0c	52	FUN_71006e0e0c		d	a	0		undefined FUN_71006e0e0c(RttsObjectData * param_1)
71006e0e40	60	FUN_71006e0e40		d	a	0		undefined FUN_71006e0e40(RttsObjectData * param_1)
71006e0ea8	20	FUN_71006e0ea8		d	a	0		undefined8 FUN_71006e0ea8(void)
71006e0ebc	8	FUN_71006e0ebc		d	a	0		undefined8 FUN_71006e0ebc(void)
71006e0ec4	184	FUN_71006e0ec4		d	a	0		bool FUN_71006e0ec4(byte * param_1, long param_2, undefined8 param_3, char param_4)
71006e1140	88	FUN_71006e1140		d	a	0		undefined FUN_71006e1140(RigConstraint * param_1, RttsObjectData * param_2, char * param_3)
71006e11a0	96	FUN_71006e11a0		d	a	0		undefined FUN_71006e11a0(void)
71006e1200	44	FUN_71006e1200		d	a	0		undefined FUN_71006e1200(void)
71006e122c	100	FUN_71006e122c		d	a	0		undefined FUN_71006e122c(RttsObjectData * param_1)
71006e1290	108	FUN_71006e1290		d	a	0		undefined FUN_71006e1290(RttsObjectData * param_1)
71006e1328	20	FUN_71006e1328		d	a	0		undefined8 FUN_71006e1328(void)
71006e133c	8	FUN_71006e133c		d	a	0		undefined8 FUN_71006e133c(void)
71006e1484	212	FUN_71006e1484		d	a	0		undefined FUN_71006e1484(undefined8 param_1, ulong * param_2, long param_3)
71006e1558	216	FUN_71006e1558		d	a	0		undefined FUN_71006e1558(undefined8 param_1, long param_2, long param_3)
71006e16f0	180	FUN_71006e16f0		d	a	0		undefined FUN_71006e16f0(ulong * param_1, RttsObjectData * param_2, char * param_3)
71006e17b0	56	FUN_71006e17b0		d	a	0		undefined FUN_71006e17b0(void)
71006e17f0	20	FUN_71006e17f0		d	a	0		undefined FUN_71006e17f0(void)
71006e1804	108	FUN_71006e1804		d	a	0		undefined FUN_71006e1804(RttsObjectData * param_1)
71006e1870	124	FUN_71006e1870		d	a	0		undefined FUN_71006e1870(RttsObjectData * param_1)
71006e1918	20	FUN_71006e1918		d	a	0		undefined8 FUN_71006e1918(void)
71006e192c	8	FUN_71006e192c		d	a	0		undefined8 FUN_71006e192c(void)
71006e1e5c	216	FUN_71006e1e5c		d	a	0		undefined FUN_71006e1e5c(undefined8 param_1, long param_2, long param_3)
71006e1f34	216	FUN_71006e1f34		d	a	0		undefined FUN_71006e1f34(undefined8 param_1, long param_2, long param_3)
71006e2010	300	FUN_71006e2010		d	a	0		undefined FUN_71006e2010(undefined8 param_1, long param_2, long param_3)
71006e2144	216	FUN_71006e2144		d	a	0		undefined FUN_71006e2144(undefined8 param_1, long param_2, long param_3)
71006e24e0	288	FUN_71006e24e0		d	a	0		undefined FUN_71006e24e0(long param_1, long * param_2)
71006e2610	784	FUN_71006e2610		d	a	0		undefined FUN_71006e2610(undefined4 * param_1, RttsObjectData * param_2, char * param_3)
71006e2920	56	FUN_71006e2920		d	a	0		undefined FUN_71006e2920(void)
71006e2960	20	FUN_71006e2960		d	a	0		undefined FUN_71006e2960(void)
71006e2974	148	FUN_71006e2974		d	a	0		undefined FUN_71006e2974(RttsObjectData * param_1)
71006e2a08	36	FUN_71006e2a08		d	a	0		undefined FUN_71006e2a08(RttsObjectData * param_1)
71006e2a60	252	FUN_71006e2a60		d	a	0		undefined FUN_71006e2a60(long * param_1)
71006e2b60	20	FUN_71006e2b60		d	a	0		undefined8 FUN_71006e2b60(void)
71006e2b74	8	FUN_71006e2b74		d	a	0		undefined8 FUN_71006e2b74(void)
71006e3080	212	FUN_71006e3080		d	a	0		undefined FUN_71006e3080(undefined8 param_1, ulong * param_2, long param_3)
71006e3154	216	FUN_71006e3154		d	a	0		undefined FUN_71006e3154(undefined8 param_1, long param_2, long param_3)
71006e322c	216	FUN_71006e322c		d	a	0		undefined FUN_71006e322c(undefined8 param_1, long param_2, long param_3)
71006e3304	216	FUN_71006e3304		d	a	0		undefined FUN_71006e3304(undefined8 param_1, long param_2, long param_3)
71006e36a0	804	FUN_71006e36a0		d	a	0		undefined FUN_71006e36a0(ulong * param_1, RttsObjectData * param_2, char * param_3)
71006e39d0	56	FUN_71006e39d0		d	a	0		undefined FUN_71006e39d0(void)
71006e3a10	20	FUN_71006e3a10		d	a	0		undefined FUN_71006e3a10(void)
71006e3a24	156	FUN_71006e3a24		d	a	0		undefined FUN_71006e3a24(RttsObjectData * param_1)
71006e3ac0	36	FUN_71006e3ac0		d	a	0		undefined FUN_71006e3ac0(RttsObjectData * param_1)
71006e3b10	20	FUN_71006e3b10		d	a	0		undefined8 FUN_71006e3b10(void)
71006e3b24	8	FUN_71006e3b24		d	a	0		undefined8 FUN_71006e3b24(void)
71006e3fd4	212	FUN_71006e3fd4		d	a	0		undefined FUN_71006e3fd4(undefined8 param_1, ulong * param_2, long param_3)
71006e40a8	216	FUN_71006e40a8		d	a	0		undefined FUN_71006e40a8(undefined8 param_1, long param_2, long param_3)
71006e4180	216	FUN_71006e4180		d	a	0		undefined FUN_71006e4180(undefined8 param_1, long param_2, long param_3)
71006e4258	216	FUN_71006e4258		d	a	0		undefined FUN_71006e4258(undefined8 param_1, long param_2, long param_3)
71006e4330	216	FUN_71006e4330		d	a	0		undefined FUN_71006e4330(undefined8 param_1, long param_2, long param_3)
71006e4408	216	FUN_71006e4408		d	a	0		undefined FUN_71006e4408(undefined8 param_1, long param_2, long param_3)
71006e4810	752	FUN_71006e4810		d	a	0		undefined FUN_71006e4810(ulong * param_1, RttsObjectData * param_2, char * param_3)
71006e4b00	56	FUN_71006e4b00		d	a	0		undefined FUN_71006e4b00(void)
71006e4b40	20	FUN_71006e4b40		d	a	0		undefined FUN_71006e4b40(void)
71006e4b54	204	FUN_71006e4b54		d	a	0		undefined FUN_71006e4b54(RttsObjectData * param_1)
71006e4c20	36	FUN_71006e4c20		d	a	0		undefined FUN_71006e4c20(RttsObjectData * param_1)
71006e4cb0	252	FUN_71006e4cb0		d	a	0		undefined FUN_71006e4cb0(void)
71006e4db0	744	FUN_71006e4db0		d	a	0		undefined FUN_71006e4db0(void)
71006e50a0	92	FUN_71006e50a0		d	a	0		undefined FUN_71006e50a0(void)
71006e5154	84	FUN_71006e5154		d	a	0		undefined FUN_71006e5154(void)
71006e51a8	88	FUN_71006e51a8		d	a	0		undefined FUN_71006e51a8(void)
71006e5200	88	FUN_71006e5200		d	a	0		undefined FUN_71006e5200(void)
71006e5258	88	FUN_71006e5258		d	a	0		undefined FUN_71006e5258(void)
71006e52b0	88	FUN_71006e52b0		d	a	0		undefined FUN_71006e52b0(void)
71006e5308	88	FUN_71006e5308		d	a	0		undefined FUN_71006e5308(void)
71006e5360	88	FUN_71006e5360		d	a	0		undefined FUN_71006e5360(void)
71006e53b8	88	FUN_71006e53b8		d	a	0		undefined FUN_71006e53b8(void)
71006e5410	88	FUN_71006e5410		d	a	0		undefined FUN_71006e5410(void)
71006e5468	88	FUN_71006e5468		d	a	0		undefined FUN_71006e5468(void)
71006e54c0	88	FUN_71006e54c0		d	a	0		undefined FUN_71006e54c0(void)
71006e5518	16	FUN_71006e5518		d	a	0		undefined FUN_71006e5518(byte * param_1, long param_2)
71006e5528	24	FUN_71006e5528		d	a	0		undefined FUN_71006e5528(long param_1, byte * param_2)
71006e5540	16	FUN_71006e5540		d	a	0		undefined FUN_71006e5540(byte * param_1, long param_2)
71006e5550	24	FUN_71006e5550		d	a	0		undefined FUN_71006e5550(long param_1, byte * param_2)
71006e5568	16	FUN_71006e5568		d	a	0		undefined FUN_71006e5568(byte * param_1, long param_2)
71006e5578	24	FUN_71006e5578		d	a	0		undefined FUN_71006e5578(long param_1, byte * param_2)
71006e5590	20	FUN_71006e5590		d	a	0		undefined8 FUN_71006e5590(void)
71006e55a4	8	FUN_71006e55a4		d	a	0		undefined8 FUN_71006e55a4(void)
71006e5af0	480	FUN_71006e5af0		d	a	0		undefined FUN_71006e5af0(uint * param_1, RttsObjectData * param_2, char * param_3)
71006e5cd0	96	FUN_71006e5cd0		d	a	0		undefined FUN_71006e5cd0(void)
71006e5d30	44	FUN_71006e5d30		d	a	0		undefined FUN_71006e5d30(void)
71006e5d5c	52	FUN_71006e5d5c		d	a	0		undefined FUN_71006e5d5c(RttsObjectData * param_1)
71006e5d90	60	FUN_71006e5d90		d	a	0		undefined FUN_71006e5d90(RttsObjectData * param_1)
71006e5df8	16	FUN_71006e5df8		d	a	0		undefined FUN_71006e5df8(byte * param_1, byte * param_2)
71006e5e08	24	FUN_71006e5e08		d	a	0		undefined FUN_71006e5e08(uint * param_1, byte * param_2)
71006e5e20	16	FUN_71006e5e20		d	a	0		undefined FUN_71006e5e20(byte * param_1, byte * param_2)
71006e5e30	24	FUN_71006e5e30		d	a	0		undefined FUN_71006e5e30(uint * param_1, byte * param_2)
71006e5e48	16	FUN_71006e5e48		d	a	0		undefined FUN_71006e5e48(byte * param_1, byte * param_2)
71006e5e58	24	FUN_71006e5e58		d	a	0		undefined FUN_71006e5e58(uint * param_1, byte * param_2)
71006e5e70	16	FUN_71006e5e70		d	a	0		undefined FUN_71006e5e70(byte * param_1, byte * param_2)
71006e5e80	24	FUN_71006e5e80		d	a	0		undefined FUN_71006e5e80(uint * param_1, byte * param_2)
71006e5e98	16	FUN_71006e5e98		d	a	0		undefined FUN_71006e5e98(byte * param_1, byte * param_2)
71006e5ea8	24	FUN_71006e5ea8		d	a	0		undefined FUN_71006e5ea8(uint * param_1, byte * param_2)
71006e5ec0	16	FUN_71006e5ec0		d	a	0		undefined FUN_71006e5ec0(byte * param_1, byte * param_2)
71006e5ed0	24	FUN_71006e5ed0		d	a	0		undefined FUN_71006e5ed0(uint * param_1, byte * param_2)
71006e5ee8	16	FUN_71006e5ee8		d	a	0		undefined FUN_71006e5ee8(byte * param_1, byte * param_2)
71006e5ef8	24	FUN_71006e5ef8		d	a	0		undefined FUN_71006e5ef8(uint * param_1, byte * param_2)
71006e5f10	16	FUN_71006e5f10		d	a	0		undefined FUN_71006e5f10(byte * param_1, uint * param_2)
71006e5f20	24	FUN_71006e5f20		d	a	0		undefined FUN_71006e5f20(uint * param_1, byte * param_2)
71006e5f38	20	FUN_71006e5f38		d	a	0		undefined8 FUN_71006e5f38(void)
71006e5f4c	8	FUN_71006e5f4c		d	a	0		undefined8 FUN_71006e5f4c(void)
71006e6140	212	FUN_71006e6140		d	a	0		undefined FUN_71006e6140(undefined8 param_1, ulong * param_2, long param_3)
71006e6214	216	FUN_71006e6214		d	a	0		undefined FUN_71006e6214(undefined8 param_1, long param_2, long param_3)
71006e62ec	216	FUN_71006e62ec		d	a	0		undefined FUN_71006e62ec(undefined8 param_1, long param_2, long param_3)
71006e63c4	216	FUN_71006e63c4		d	a	0		undefined FUN_71006e63c4(undefined8 param_1, long param_2, long param_3)
71006e65f0	368	FUN_71006e65f0		d	a	0		undefined FUN_71006e65f0(ulong * param_1, RttsObjectData * param_2, char * param_3)
71006e6760	56	FUN_71006e6760		d	a	0		undefined FUN_71006e6760(void)
71006e67a0	20	FUN_71006e67a0		d	a	0		undefined FUN_71006e67a0(void)
71006e67b4	156	FUN_71006e67b4		d	a	0		undefined FUN_71006e67b4(RttsObjectData * param_1)
71006e6850	36	FUN_71006e6850		d	a	0		undefined FUN_71006e6850(RttsObjectData * param_1)
71006e68a0	20	FUN_71006e68a0		d	a	0		undefined8 FUN_71006e68a0(void)
71006e68b4	8	FUN_71006e68b4		d	a	0		undefined8 FUN_71006e68b4(void)
71006e6a00	124	FUN_71006e6a00		d	a	0		undefined FUN_71006e6a00(undefined4 * param_1, RttsObjectData * param_2, long param_3)
71006e6a80	132	FUN_71006e6a80		d	a	0		undefined FUN_71006e6a80(undefined4 * param_1, RttsObjectData * param_2, char * param_3)
71006e6b10	56	FUN_71006e6b10		d	a	0		undefined FUN_71006e6b10(void)
71006e6b50	20	FUN_71006e6b50		d	a	0		undefined FUN_71006e6b50(void)
71006e6b64	52	FUN_71006e6b64		d	a	0		undefined FUN_71006e6b64(RttsObjectData * param_1)
71006e6b98	60	FUN_71006e6b98		d	a	0		undefined FUN_71006e6b98(RttsObjectData * param_1)
71006e6c00	420	FUN_71006e6c00		d	a	0		undefined8 FUN_71006e6c00(void)
71006e6da4	160	FUN_71006e6da4		d	a	0		undefined FUN_71006e6da4(void)
71006e6e50	16	FUN_71006e6e50		d	a	0		undefined4 FUN_71006e6e50(void)
71006e6e60	32	FUN_71006e6e60		d	a	0		undefined FUN_71006e6e60(void)
71006e6f90	352	FUN_71006e6f90		d	a	0		undefined FUN_71006e6f90(long param_1, RttsObjectData * param_2, long param_3)
71006e70f0	88	FUN_71006e70f0		d	a	0		undefined FUN_71006e70f0(long param_1, RttsObjectData * param_2, char * param_3)
71006e7148	36	FUN_71006e7148		d	a	0		long FUN_71006e7148(long param_1)
71006e7170	64	FUN_71006e7170		d	a	0		undefined FUN_71006e7170(void)
71006e71b0	100	FUN_71006e71b0		d	a	0		undefined FUN_71006e71b0(void)
71006e7220	44	FUN_71006e7220		d	a	0		undefined FUN_71006e7220(void)
71006e7250	140	FUN_71006e7250		d	a	0		undefined FUN_71006e7250(RttsObjectData * param_1)
71006e72dc	36	FUN_71006e72dc		d	a	0		undefined FUN_71006e72dc(RttsObjectData * param_1)
71006e732c	212	FUN_71006e732c		d	a	0		undefined FUN_71006e732c(void)
71006e7544	332	FUN_71006e7544		d	a	0		undefined8 FUN_71006e7544(long * param_1, long * param_2)
71006e7690	360	FUN_71006e7690		d	a	0		undefined8 FUN_71006e7690(long * param_1)
71006e77f8	352	FUN_71006e77f8		d	a	0		undefined8 FUN_71006e77f8(long * param_1, long * param_2)
71006e7958	328	FUN_71006e7958		d	a	0		undefined8 FUN_71006e7958(long * param_1)
71006e7aa0	172	FUN_71006e7aa0		d	a	0		undefined8 FUN_71006e7aa0(long * param_1)
71006e7b4c	184	FUN_71006e7b4c		d	a	0		undefined8 FUN_71006e7b4c(long * param_1)
71006e7c10	304	FUN_71006e7c10		d	a	0		undefined8 FUN_71006e7c10(long * param_1)
71006e7ed0	356	FUN_71006e7ed0		d	a	0		undefined FUN_71006e7ed0(long * param_1, undefined8 param_2, long param_3)
71006e8040	476	Create	nn::bezel::AnimationMaskMaterial	a	a	0		undefined Create(long * param_1, AnimationMaskMaterial * this)
71006e8220	408	FUN_71006e8220		d	a	0		undefined FUN_71006e8220(long * param_1, long * param_2)
71006e83b8	44	FUN_71006e83b8		d	a	0		undefined FUN_71006e83b8(long * param_1)
71006e83e4	36	FUN_71006e83e4		d	a	0		undefined FUN_71006e83e4(long * param_1)
71006e8408	108	FUN_71006e8408		d	a	0		undefined FUN_71006e8408(long * param_1, long param_2)
71006e8474	36	FUN_71006e8474		d	a	0		undefined FUN_71006e8474(long * param_1)
71006e84a0	56	FUN_71006e84a0		d	a	0		uint FUN_71006e84a0(long param_1, uint param_2)
71006e84d8	68	SetMaterialEnabled	nn::bezel::AnimationMaskMaterial	a	a	0		undefined SetMaterialEnabled(AnimationMaskMaterial * this, uint param_1, uint param_2)
71006e8520	608	FindMaterialIdx	nn::bezel::AnimationMaskMaterial	a	a	0		ulong FindMaterialIdx(long param_1, void * param_2, size_t param_3)
71006e8780	276	GetMaterialCount	nn::bezel::AnimationMaskMaterial	a	a	0		undefined2 GetMaterialCount(AnimationMaskMaterial * this)
71006e88a0	668	FUN_71006e88a0		d	a	0		undefined FUN_71006e88a0(long * param_1, long param_2)
71006e8b40	900	FUN_71006e8b40		d	a	0		undefined FUN_71006e8b40(long param_1, long param_2, undefined8 * param_3)
71006e8ed8	364	FUN_71006e8ed8		d	a	0		undefined FUN_71006e8ed8(long * param_1, ulong param_2, ulong param_3)
71006e9150	352	FUN_71006e9150		d	a	0		undefined FUN_71006e9150(long param_1, RttsObjectData * param_2, long param_3)
71006e92b0	88	FUN_71006e92b0		d	a	0		undefined FUN_71006e92b0(long param_1, RttsObjectData * param_2, char * param_3)
71006e9308	36	FUN_71006e9308		d	a	0		long FUN_71006e9308(long param_1)
71006e9330	64	FUN_71006e9330		d	a	0		undefined FUN_71006e9330(void)
71006e9370	100	FUN_71006e9370		d	a	0		undefined FUN_71006e9370(void)
71006e93e0	44	FUN_71006e93e0		d	a	0		undefined FUN_71006e93e0(void)
71006e9410	140	FUN_71006e9410		d	a	0		undefined FUN_71006e9410(RttsObjectData * param_1)
71006e949c	36	FUN_71006e949c		d	a	0		undefined FUN_71006e949c(RttsObjectData * param_1)
71006e94ec	212	FUN_71006e94ec		d	a	0		undefined FUN_71006e94ec(void)
71006e9704	332	FUN_71006e9704		d	a	0		undefined8 FUN_71006e9704(long * param_1, long * param_2)
71006e9850	360	FUN_71006e9850		d	a	0		undefined8 FUN_71006e9850(long * param_1)
71006e99b8	352	FUN_71006e99b8		d	a	0		undefined8 FUN_71006e99b8(long * param_1, long * param_2)
71006e9b18	328	FUN_71006e9b18		d	a	0		undefined8 FUN_71006e9b18(long * param_1)
71006e9c60	172	FUN_71006e9c60		d	a	0		undefined8 FUN_71006e9c60(long * param_1)
71006e9d0c	184	FUN_71006e9d0c		d	a	0		undefined8 FUN_71006e9d0c(long * param_1)
71006e9dd0	304	FUN_71006e9dd0		d	a	0		undefined8 FUN_71006e9dd0(long * param_1)
71006ea090	356	FUN_71006ea090		d	a	0		undefined FUN_71006ea090(long * param_1, undefined8 param_2, long param_3)
71006ea200	476	FUN_71006ea200		d	a	0		undefined FUN_71006ea200(long * param_1, long * param_2)
71006ea3e0	408	FUN_71006ea3e0		d	a	0		undefined FUN_71006ea3e0(long * param_1, long * param_2)
71006ea578	44	FUN_71006ea578		d	a	0		undefined FUN_71006ea578(long * param_1)
71006ea5a4	36	FUN_71006ea5a4		d	a	0		undefined FUN_71006ea5a4(long * param_1)
71006ea5c8	108	FUN_71006ea5c8		d	a	0		undefined FUN_71006ea5c8(long * param_1, long param_2)
71006ea634	36	FUN_71006ea634		d	a	0		undefined FUN_71006ea634(long * param_1)
71006ea660	56	FUN_71006ea660		d	a	0		uint FUN_71006ea660(long param_1, uint param_2)
71006ea698	68	FUN_71006ea698		d	a	0		undefined FUN_71006ea698(long param_1, uint param_2, uint param_3)
71006ea6e0	608	FUN_71006ea6e0		d	a	0		ulong FUN_71006ea6e0(long param_1, void * param_2, size_t param_3)
71006ea940	276	FUN_71006ea940		d	a	0		undefined2 FUN_71006ea940(long param_1)
71006eaa60	668	FUN_71006eaa60		d	a	0		undefined FUN_71006eaa60(long * param_1, long param_2)
71006ead00	900	FUN_71006ead00		d	a	0		undefined FUN_71006ead00(long param_1, long param_2, undefined8 * param_3)
71006eb098	20	FUN_71006eb098		d	a	0		undefined8 FUN_71006eb098(void)
71006eb0ac	8	FUN_71006eb0ac		d	a	0		undefined8 FUN_71006eb0ac(void)
71006eb0c0	112	FUN_71006eb0c0		d	a	0		RttsObjectData * FUN_71006eb0c0(void)
71006eb450	120	FUN_71006eb450		d	a	0		undefined FUN_71006eb450(AnimationMaskSkeleton * param_1, RttsObjectData * param_2, char * param_3)
71006eb4c8	36	FUN_71006eb4c8		d	a	0		long FUN_71006eb4c8(long param_1)
71006eb4f0	32	FUN_71006eb4f0		d	a	0		undefined FUN_71006eb4f0(void)
71006eb510	176	FUN_71006eb510		d	a	0		undefined FUN_71006eb510(void)
71006eb5c0	76	FUN_71006eb5c0		d	a	0		undefined FUN_71006eb5c0(void)
71006eb60c	52	FUN_71006eb60c		d	a	0		undefined FUN_71006eb60c(RttsObjectData * param_1)
71006eb640	60	FUN_71006eb640		d	a	0		undefined FUN_71006eb640(RttsObjectData * param_1)
71006eb6b0	140	FUN_71006eb6b0		d	a	0		undefined FUN_71006eb6b0(RttsObjectData * param_1)
71006eb73c	36	FUN_71006eb73c		d	a	0		undefined FUN_71006eb73c(RttsObjectData * param_1)
71006eb78c	116	FUN_71006eb78c		d	a	0		undefined FUN_71006eb78c(void)
71006eb8b0	332	FUN_71006eb8b0		d	a	0		undefined8 FUN_71006eb8b0(long * param_1, long * param_2)
71006eba4c	184	FUN_71006eba4c		d	a	0		undefined8 FUN_71006eba4c(long * param_1)
71006ebb10	304	FUN_71006ebb10		d	a	0		undefined8 FUN_71006ebb10(long * param_1)
71006ebc40	64	FUN_71006ebc40		d	a	0		undefined FUN_71006ebc40(long * param_1)
71006ebc88	8	FUN_71006ebc88		d	a	0		undefined4 FUN_71006ebc88(long param_1)
71006ebc90	400	FUN_71006ebc90		d	a	0		undefined FUN_71006ebc90(long * param_1, undefined4 param_2)
71006ebe30	208	FUN_71006ebe30		d	a	0		undefined FUN_71006ebe30(undefined8 * param_1)
71006ebf00	36	FUN_71006ebf00		d	a	0		undefined FUN_71006ebf00(undefined8 * param_1)
71006ebf30	476	Create	nn::bezel::AnimationMaskSkeleton	a	a	0		undefined Create(long * param_1, AnimationMaskSkeleton * this)
71006ec110	400	FUN_71006ec110		d	a	0		undefined FUN_71006ec110(long * param_1, long * param_2)
71006ec2a0	184	FUN_71006ec2a0		d	a	0		undefined FUN_71006ec2a0(long * param_1)
71006ec358	36	FUN_71006ec358		d	a	0		undefined FUN_71006ec358(long * param_1)
71006ec37c	36	FUN_71006ec37c		d	a	0		undefined FUN_71006ec37c(long * param_1)
71006ec3b0	148	ClearSubTrees	nn::bezel::AnimationMaskSkeleton	a	a	0		undefined ClearSubTrees(AnimationMaskSkeleton * this)
71006ec44c	304	AddSubTree	nn::bezel::AnimationMaskSkeleton	a	a	0		ulong AddSubTree(AnimationMaskSkeleton * this, uint param_1)
71006ec580	428	FUN_71006ec580		d	a	0		undefined FUN_71006ec580(long param_1, uint param_2, uint param_3)
71006ec730	312	RemoveSubTree	nn::bezel::AnimationMaskSkeleton	a	a	0		undefined RemoveSubTree(AnimationMaskSkeleton * this, uint param_1)
71006ec870	8	FUN_71006ec870		d	a	0		undefined1 FUN_71006ec870(long param_1)
71006ec880	140	SetInversionEnabled	nn::bezel::AnimationMaskSkeleton	a	a	0		undefined SetInversionEnabled(AnimationMaskSkeleton * this, byte param_1)
71006ec910	332	FindBoneIdx	nn::bezel::AnimationMaskSkeleton	a	a	0		undefined FindBoneIdx(long param_1, void * param_2, size_t param_3)
71006eca5c	108	FUN_71006eca5c		d	a	0		undefined FUN_71006eca5c(long * param_1, long param_2)
71006ecad0	500	FUN_71006ecad0		d	a	0		ulong FUN_71006ecad0(ulong param_1, long param_2, undefined8 * param_3)
71006eccc8	220	FUN_71006eccc8		d	a	0		undefined1[16] FUN_71006eccc8(undefined8 * param_1, long param_2, long param_3, long * param_4)
71006ecdb0	1184	FUN_71006ecdb0		d	a	0		undefined FUN_71006ecdb0(AnimationMaskSkeleton * param_1, long * param_2, char * param_3)
71006ed280	316	FUN_71006ed280		d	a	0		undefined FUN_71006ed280(long * param_1)
71006ed3c0	348	FUN_71006ed3c0		d	a	0		undefined FUN_71006ed3c0(long * param_1, long * param_2)
71006ed680	120	FUN_71006ed680		d	a	0		undefined FUN_71006ed680(long * param_1, RttsObjectData * param_2, long param_3)
71006ed700	92	FUN_71006ed700		d	a	0		undefined1[16] FUN_71006ed700(undefined8 param_1, RttsObjectData * param_2, char * param_3)
71006ed758	36	FUN_71006ed758		d	a	0		long FUN_71006ed758(long param_1)
71006ed780	64	FUN_71006ed780		d	a	0		undefined FUN_71006ed780(void)
71006ed7c0	100	FUN_71006ed7c0		d	a	0		undefined FUN_71006ed7c0(void)
71006ed830	44	FUN_71006ed830		d	a	0		undefined FUN_71006ed830(void)
71006ed85c	68	FUN_71006ed85c		d	a	0		undefined FUN_71006ed85c(RttsObjectData * param_1)
71006ed8a0	76	FUN_71006ed8a0		d	a	0		undefined FUN_71006ed8a0(RttsObjectData * param_1)
71006ed918	116	FUN_71006ed918		d	a	0		undefined FUN_71006ed918(void)
71006eda3c	332	FUN_71006eda3c		d	a	0		undefined8 FUN_71006eda3c(long * param_1, long * param_2)
71006edb88	184	FUN_71006edb88		d	a	0		undefined8 FUN_71006edb88(long * param_1)
71006edc40	304	FUN_71006edc40		d	a	0		undefined8 FUN_71006edc40(long * param_1)
71006eddc8	152	FUN_71006eddc8		d	a	0		undefined8 FUN_71006eddc8(long * param_1)
71006ede60	304	FUN_71006ede60		d	a	0		undefined8 FUN_71006ede60(long param_1, long * param_2, uint param_3)
71006edf90	372	FUN_71006edf90		d	a	0		undefined FUN_71006edf90(long * param_1, undefined8 param_2, long param_3)
71006ee104	144	FUN_71006ee104		d	a	0		bool FUN_71006ee104(undefined1 * param_1, long param_2, undefined8 param_3, char param_4)
71006ee270	120	FUN_71006ee270		d	a	0		undefined FUN_71006ee270(long * param_1, RttsObjectData * param_2, long param_3)
71006ee2f0	92	FUN_71006ee2f0		d	a	0		undefined1[16] FUN_71006ee2f0(undefined8 param_1, RttsObjectData * param_2, char * param_3)
71006ee348	36	FUN_71006ee348		d	a	0		long FUN_71006ee348(long param_1)
71006ee370	64	FUN_71006ee370		d	a	0		undefined FUN_71006ee370(void)
71006ee3b0	100	FUN_71006ee3b0		d	a	0		undefined FUN_71006ee3b0(void)
71006ee420	44	FUN_71006ee420		d	a	0		undefined FUN_71006ee420(void)
71006ee44c	68	FUN_71006ee44c		d	a	0		undefined FUN_71006ee44c(RttsObjectData * param_1)
71006ee490	76	FUN_71006ee490		d	a	0		undefined FUN_71006ee490(RttsObjectData * param_1)
71006ee508	116	FUN_71006ee508		d	a	0		undefined FUN_71006ee508(void)
71006ee62c	332	FUN_71006ee62c		d	a	0		undefined8 FUN_71006ee62c(long * param_1, long * param_2)
71006ee778	184	FUN_71006ee778		d	a	0		undefined8 FUN_71006ee778(long * param_1)
71006ee830	304	FUN_71006ee830		d	a	0		undefined8 FUN_71006ee830(long * param_1)
71006ee9b8	188	FUN_71006ee9b8		d	a	0		undefined8 FUN_71006ee9b8(long * param_1)
71006eea80	324	FUN_71006eea80		d	a	0		undefined FUN_71006eea80(long * param_1, undefined8 param_2, long param_3)
71006eebc4	144	FUN_71006eebc4		d	a	0		bool FUN_71006eebc4(undefined1 * param_1, long param_2, undefined8 param_3, char param_4)
71006eed30	120	FUN_71006eed30		d	a	0		undefined FUN_71006eed30(long * param_1, RttsObjectData * param_2, long param_3)
71006eedb0	92	FUN_71006eedb0		d	a	0		undefined1[16] FUN_71006eedb0(undefined8 param_1, RttsObjectData * param_2, char * param_3)
71006eee08	36	FUN_71006eee08		d	a	0		long FUN_71006eee08(long param_1)
71006eee30	64	FUN_71006eee30		d	a	0		undefined FUN_71006eee30(void)
71006eee70	100	FUN_71006eee70		d	a	0		undefined FUN_71006eee70(void)
71006eeee0	44	FUN_71006eeee0		d	a	0		undefined FUN_71006eeee0(void)
71006eef0c	68	FUN_71006eef0c		d	a	0		undefined FUN_71006eef0c(RttsObjectData * param_1)
71006eef50	76	FUN_71006eef50		d	a	0		undefined FUN_71006eef50(RttsObjectData * param_1)
71006eefc8	116	FUN_71006eefc8		d	a	0		undefined FUN_71006eefc8(void)
71006ef0ec	332	FUN_71006ef0ec		d	a	0		undefined8 FUN_71006ef0ec(long * param_1, long * param_2)
71006ef238	184	FUN_71006ef238		d	a	0		undefined8 FUN_71006ef238(long * param_1)
71006ef2f0	304	FUN_71006ef2f0		d	a	0		undefined8 FUN_71006ef2f0(long * param_1)
71006ef478	188	FUN_71006ef478		d	a	0		undefined8 FUN_71006ef478(long * param_1)
71006ef540	324	FUN_71006ef540		d	a	0		undefined FUN_71006ef540(long * param_1, undefined8 param_2, long param_3)
71006ef684	144	FUN_71006ef684		d	a	0		bool FUN_71006ef684(undefined1 * param_1, long param_2, undefined8 param_3, char param_4)
71006ef7f0	120	FUN_71006ef7f0		d	a	0		undefined FUN_71006ef7f0(long * param_1, RttsObjectData * param_2, long param_3)
71006ef870	92	FUN_71006ef870		d	a	0		undefined1[16] FUN_71006ef870(undefined8 param_1, RttsObjectData * param_2, char * param_3)
71006ef8c8	36	FUN_71006ef8c8		d	a	0		long FUN_71006ef8c8(long param_1)
71006ef8f0	64	FUN_71006ef8f0		d	a	0		undefined FUN_71006ef8f0(void)
71006ef930	100	FUN_71006ef930		d	a	0		undefined FUN_71006ef930(void)
71006ef9a0	44	FUN_71006ef9a0		d	a	0		undefined FUN_71006ef9a0(void)
71006ef9cc	68	FUN_71006ef9cc		d	a	0		undefined FUN_71006ef9cc(RttsObjectData * param_1)
71006efa10	76	FUN_71006efa10		d	a	0		undefined FUN_71006efa10(RttsObjectData * param_1)
71006efa88	116	FUN_71006efa88		d	a	0		undefined FUN_71006efa88(void)
71006efbac	332	FUN_71006efbac		d	a	0		undefined8 FUN_71006efbac(long * param_1, long * param_2)
71006efcf8	184	FUN_71006efcf8		d	a	0		undefined8 FUN_71006efcf8(long * param_1)
71006efdb0	304	FUN_71006efdb0		d	a	0		undefined8 FUN_71006efdb0(long * param_1)
71006eff38	188	FUN_71006eff38		d	a	0		undefined8 FUN_71006eff38(long * param_1)
71006f0000	324	FUN_71006f0000		d	a	0		undefined FUN_71006f0000(long * param_1, undefined8 param_2, long param_3)
71006f0144	144	FUN_71006f0144		d	a	0		bool FUN_71006f0144(undefined1 * param_1, long param_2, undefined8 param_3, char param_4)
71006f02b0	120	FUN_71006f02b0		d	a	0		undefined FUN_71006f02b0(long * param_1, RttsObjectData * param_2, long param_3)
71006f0330	92	FUN_71006f0330		d	a	0		undefined1[16] FUN_71006f0330(undefined8 param_1, RttsObjectData * param_2, char * param_3)
71006f0388	36	FUN_71006f0388		d	a	0		long FUN_71006f0388(long param_1)
71006f03b0	64	FUN_71006f03b0		d	a	0		undefined FUN_71006f03b0(void)
71006f03f0	100	FUN_71006f03f0		d	a	0		undefined FUN_71006f03f0(void)
71006f0460	44	FUN_71006f0460		d	a	0		undefined FUN_71006f0460(void)
71006f048c	68	FUN_71006f048c		d	a	0		undefined FUN_71006f048c(RttsObjectData * param_1)
71006f04d0	76	FUN_71006f04d0		d	a	0		undefined FUN_71006f04d0(RttsObjectData * param_1)
71006f0548	116	FUN_71006f0548		d	a	0		undefined FUN_71006f0548(void)
71006f066c	332	FUN_71006f066c		d	a	0		undefined8 FUN_71006f066c(long * param_1, long * param_2)
71006f07b8	184	FUN_71006f07b8		d	a	0		undefined8 FUN_71006f07b8(long * param_1)
71006f0870	304	FUN_71006f0870		d	a	0		undefined8 FUN_71006f0870(long * param_1)
71006f09f8	152	FUN_71006f09f8		d	a	0		undefined8 FUN_71006f09f8(long * param_1)
71006f0a90	372	FUN_71006f0a90		d	a	0		undefined FUN_71006f0a90(long * param_1, undefined8 param_2, long param_3)
71006f0c04	144	FUN_71006f0c04		d	a	0		bool FUN_71006f0c04(undefined1 * param_1, long param_2, undefined8 param_3, char param_4)
71006f0d70	120	FUN_71006f0d70		d	a	0		undefined FUN_71006f0d70(long * param_1, RttsObjectData * param_2, long param_3)
71006f0df0	92	FUN_71006f0df0		d	a	0		undefined1[16] FUN_71006f0df0(undefined8 param_1, RttsObjectData * param_2, char * param_3)
71006f0e48	36	FUN_71006f0e48		d	a	0		long FUN_71006f0e48(long param_1)
71006f0e70	64	FUN_71006f0e70		d	a	0		undefined FUN_71006f0e70(void)
71006f0eb0	100	FUN_71006f0eb0		d	a	0		undefined FUN_71006f0eb0(void)
71006f0f20	44	FUN_71006f0f20		d	a	0		undefined FUN_71006f0f20(void)
71006f0f4c	68	FUN_71006f0f4c		d	a	0		undefined FUN_71006f0f4c(RttsObjectData * param_1)
71006f0f90	76	FUN_71006f0f90		d	a	0		undefined FUN_71006f0f90(RttsObjectData * param_1)
71006f1008	116	FUN_71006f1008		d	a	0		undefined FUN_71006f1008(void)
71006f112c	332	FUN_71006f112c		d	a	0		undefined8 FUN_71006f112c(long * param_1, long * param_2)
71006f1278	184	FUN_71006f1278		d	a	0		undefined8 FUN_71006f1278(long * param_1)
71006f1330	304	FUN_71006f1330		d	a	0		undefined8 FUN_71006f1330(long * param_1)
71006f14b8	152	FUN_71006f14b8		d	a	0		undefined8 FUN_71006f14b8(long * param_1)
71006f1550	372	FUN_71006f1550		d	a	0		undefined FUN_71006f1550(long * param_1, undefined8 param_2, long param_3)
71006f16c4	144	FUN_71006f16c4		d	a	0		bool FUN_71006f16c4(undefined1 * param_1, long param_2, undefined8 param_3, char param_4)
71006f1830	120	FUN_71006f1830		d	a	0		undefined FUN_71006f1830(long * param_1, RttsObjectData * param_2, long param_3)
71006f18b0	92	FUN_71006f18b0		d	a	0		undefined1[16] FUN_71006f18b0(undefined8 param_1, RttsObjectData * param_2, char * param_3)
71006f1908	36	FUN_71006f1908		d	a	0		long FUN_71006f1908(long param_1)
71006f1930	64	FUN_71006f1930		d	a	0		undefined FUN_71006f1930(void)
71006f1970	100	FUN_71006f1970		d	a	0		undefined FUN_71006f1970(void)
71006f19e0	44	FUN_71006f19e0		d	a	0		undefined FUN_71006f19e0(void)
71006f1a0c	68	FUN_71006f1a0c		d	a	0		undefined FUN_71006f1a0c(RttsObjectData * param_1)
71006f1a50	76	FUN_71006f1a50		d	a	0		undefined FUN_71006f1a50(RttsObjectData * param_1)
71006f1ac8	148	FUN_71006f1ac8		d	a	0		undefined FUN_71006f1ac8(void)
71006f1c10	332	FUN_71006f1c10		d	a	0		undefined8 FUN_71006f1c10(long * param_1, long * param_2)
71006f1d5c	240	FUN_71006f1d5c		d	a	0		undefined8 FUN_71006f1d5c(long * param_1)
71006f1e4c	352	FUN_71006f1e4c		d	a	0		undefined8 FUN_71006f1e4c(long * param_1, long * param_2)
71006f1fac	360	FUN_71006f1fac		d	a	0		undefined8 FUN_71006f1fac(long param_1, long * param_2, ulong param_3)
71006f21d0	304	FUN_71006f21d0		d	a	0		undefined8 FUN_71006f21d0(long * param_1)
71006f2358	152	FUN_71006f2358		d	a	0		undefined8 FUN_71006f2358(long * param_1)
71006f23f0	372	FUN_71006f23f0		d	a	0		undefined FUN_71006f23f0(long * param_1, undefined8 param_2, long param_3)
71006f2564	144	FUN_71006f2564		d	a	0		bool FUN_71006f2564(undefined1 * param_1, long param_2, undefined8 param_3, char param_4)
71006f25f4	144	FUN_71006f25f4		d	a	0		bool FUN_71006f25f4(undefined1 * param_1, long param_2, undefined8 param_3, char param_4)
71006f2870	128	FUN_71006f2870		d	a	0		undefined1[16] FUN_71006f2870(undefined8 param_1, RttsObjectData * param_2, char * param_3)
71006f28ec	36	FUN_71006f28ec		d	a	0		long FUN_71006f28ec(long param_1)
71006f2910	64	FUN_71006f2910		d	a	0		undefined FUN_71006f2910(void)
71006f2950	100	FUN_71006f2950		d	a	0		undefined FUN_71006f2950(void)
71006f29c0	44	FUN_71006f29c0		d	a	0		undefined FUN_71006f29c0(void)
71006f29ec	108	FUN_71006f29ec		d	a	0		undefined FUN_71006f29ec(RttsObjectData * param_1)
71006f2a58	124	FUN_71006f2a58		d	a	0		undefined FUN_71006f2a58(RttsObjectData * param_1)
71006f2b00	116	FUN_71006f2b00		d	a	0		undefined FUN_71006f2b00(void)
71006f2c24	332	FUN_71006f2c24		d	a	0		undefined8 FUN_71006f2c24(long * param_1, long * param_2)
71006f2d70	184	FUN_71006f2d70		d	a	0		undefined8 FUN_71006f2d70(long * param_1)
71006f2e30	304	FUN_71006f2e30		d	a	0		undefined8 FUN_71006f2e30(long * param_1)
71006f2fb8	156	FUN_71006f2fb8		d	a	0		undefined8 FUN_71006f2fb8(long * param_1)
71006f3054	336	FUN_71006f3054		d	a	0		undefined8 FUN_71006f3054(long param_1, long * param_2, uint param_3)
71006f31b0	376	FUN_71006f31b0		d	a	0		undefined FUN_71006f31b0(long * param_1, undefined8 param_2, long param_3)
71006f3330	252	FUN_71006f3330		d	a	0		RttsObjectData * FUN_71006f3330(ulong param_1)
71006f34f0	88	FUN_71006f34f0		d	a	0		undefined FUN_71006f34f0(long param_1, RttsObjectData * param_2, ulong * param_3)
71006f3548	36	FUN_71006f3548		d	a	0		long FUN_71006f3548(long param_1)
71006f3570	64	FUN_71006f3570		d	a	0		undefined FUN_71006f3570(void)
71006f35b0	100	FUN_71006f35b0		d	a	0		undefined FUN_71006f35b0(void)
71006f3620	44	FUN_71006f3620		d	a	0		undefined FUN_71006f3620(void)
71006f364c	100	FUN_71006f364c		d	a	0		undefined FUN_71006f364c(RttsObjectData * param_1)
71006f36b0	108	FUN_71006f36b0		d	a	0		undefined FUN_71006f36b0(RttsObjectData * param_1)
71006f3748	148	FUN_71006f3748		d	a	0		undefined FUN_71006f3748(void)
71006f37dc	80	FUN_71006f37dc		d	a	0		undefined8 FUN_71006f37dc(long * param_1)
71006f3830	280	FUN_71006f3830		d	a	0		undefined8 FUN_71006f3830(long * param_1)
71006f3948	352	FUN_71006f3948		d	a	0		undefined8 FUN_71006f3948(long * param_1, long * param_2)
71006f3aa8	272	FUN_71006f3aa8		d	a	0		undefined8 FUN_71006f3aa8(long * param_1)
71006f3bb8	148	FUN_71006f3bb8		d	a	0		undefined8 FUN_71006f3bb8(long * param_1)
71006f3c4c	184	FUN_71006f3c4c		d	a	0		undefined8 FUN_71006f3c4c(long * param_1)
71006f3d10	304	FUN_71006f3d10		d	a	0		undefined8 FUN_71006f3d10(long * param_1)
71006f3fd0	356	FUN_71006f3fd0		d	a	0		undefined FUN_71006f3fd0(long * param_1, undefined8 param_2, long param_3)
71006f4270	136	FUN_71006f4270		d	a	0		undefined FUN_71006f4270(long param_1, RttsObjectData * param_2, long param_3)
71006f4300	116	FUN_71006f4300		d	a	0		undefined FUN_71006f4300(long param_1, RttsObjectData * param_2, char * param_3)
71006f4374	36	FUN_71006f4374		d	a	0		long FUN_71006f4374(long param_1)
71006f43a0	64	FUN_71006f43a0		d	a	0		undefined FUN_71006f43a0(void)
71006f43e0	100	FUN_71006f43e0		d	a	0		undefined FUN_71006f43e0(void)
71006f4450	44	FUN_71006f4450		d	a	0		undefined FUN_71006f4450(void)
71006f447c	52	FUN_71006f447c		d	a	0		undefined FUN_71006f447c(RttsObjectData * param_1)
71006f44b0	60	FUN_71006f44b0		d	a	0		undefined FUN_71006f44b0(RttsObjectData * param_1)
71006f4518	212	FUN_71006f4518		d	a	0		undefined FUN_71006f4518(void)
71006f46a8	332	FUN_71006f46a8		d	a	0		undefined8 FUN_71006f46a8(long * param_1, long * param_2)
71006f47f4	268	FUN_71006f47f4		d	a	0		undefined8 FUN_71006f47f4(long * param_1)
71006f4900	352	FUN_71006f4900		d	a	0		undefined8 FUN_71006f4900(long * param_1, long * param_2)
71006f4a60	172	FUN_71006f4a60		d	a	0		undefined8 FUN_71006f4a60(long * param_1)
71006f4b0c	268	FUN_71006f4b0c		d	a	0		undefined8 FUN_71006f4b0c(long * param_1)
71006f4cd0	304	FUN_71006f4cd0		d	a	0		undefined8 FUN_71006f4cd0(long * param_1)
71006f4f90	356	FUN_71006f4f90		d	a	0		undefined FUN_71006f4f90(long * param_1, undefined8 param_2, long param_3)
71006f5100	112	FUN_71006f5100		d	a	0		RttsObjectData * FUN_71006f5100(void)
71006f5184	36	FUN_71006f5184		d	a	0		long FUN_71006f5184(long param_1)
71006f51b0	20	FUN_71006f51b0		d	a	0		undefined FUN_71006f51b0(void)
71006f51d0	100	FUN_71006f51d0		d	a	0		undefined FUN_71006f51d0(void)
71006f5240	44	FUN_71006f5240		d	a	0		undefined FUN_71006f5240(void)
71006f526c	52	FUN_71006f526c		d	a	0		undefined FUN_71006f526c(RttsObjectData * param_1)
71006f52a0	60	FUN_71006f52a0		d	a	0		undefined FUN_71006f52a0(RttsObjectData * param_1)
71006f5308	88	FUN_71006f5308		d	a	0		undefined FUN_71006f5308(void)
71006f54a0	356	FUN_71006f54a0		d	a	0		undefined FUN_71006f54a0(long * param_1, undefined8 param_2, long param_3)
71006f5610	112	FUN_71006f5610		d	a	0		RttsObjectData * FUN_71006f5610(void)
71006f5694	36	FUN_71006f5694		d	a	0		long FUN_71006f5694(long param_1)
71006f56c0	64	FUN_71006f56c0		d	a	0		undefined FUN_71006f56c0(void)
71006f5700	100	FUN_71006f5700		d	a	0		undefined FUN_71006f5700(void)
71006f5770	44	FUN_71006f5770		d	a	0		undefined FUN_71006f5770(void)
71006f579c	52	FUN_71006f579c		d	a	0		undefined FUN_71006f579c(RttsObjectData * param_1)
71006f57d0	60	FUN_71006f57d0		d	a	0		undefined FUN_71006f57d0(RttsObjectData * param_1)
71006f5838	208	FUN_71006f5838		d	a	0		undefined FUN_71006f5838(void)
71006f59c4	332	FUN_71006f59c4		d	a	0		undefined8 FUN_71006f59c4(long * param_1, long * param_2)
71006f5b10	268	FUN_71006f5b10		d	a	0		undefined8 FUN_71006f5b10(long * param_1)
71006f5c1c	352	FUN_71006f5c1c		d	a	0		undefined8 FUN_71006f5c1c(long * param_1, long * param_2)
71006f5d7c	184	FUN_71006f5d7c		d	a	0		undefined8 FUN_71006f5d7c(long * param_1)
71006f5e34	276	FUN_71006f5e34		d	a	0		undefined8 FUN_71006f5e34(long * param_1)
71006f6000	304	FUN_71006f6000		d	a	0		undefined8 FUN_71006f6000(long * param_1)
71006f62c0	356	FUN_71006f62c0		d	a	0		undefined FUN_71006f62c0(long * param_1, undefined8 param_2, long param_3)
71006f65c0	468	FUN_71006f65c0		d	a	0		undefined FUN_71006f65c0(long param_1, RttsObjectData * param_2, undefined8 * param_3)
71006f67a0	124	FUN_71006f67a0		d	a	0		undefined FUN_71006f67a0(long param_1, RttsObjectData * param_2, char * param_3)
71006f681c	36	FUN_71006f681c		d	a	0		long FUN_71006f681c(long param_1)
71006f6840	64	FUN_71006f6840		d	a	0		undefined FUN_71006f6840(void)
71006f6880	100	FUN_71006f6880		d	a	0		undefined FUN_71006f6880(void)
71006f68f0	44	FUN_71006f68f0		d	a	0		undefined FUN_71006f68f0(void)
71006f6920	188	FUN_71006f6920		d	a	0		undefined FUN_71006f6920(RttsObjectData * param_1)
71006f69dc	36	FUN_71006f69dc		d	a	0		undefined FUN_71006f69dc(RttsObjectData * param_1)
71006f6a2c	272	FUN_71006f6a2c		d	a	0		undefined FUN_71006f6a2c(void)
71006f6b3c	80	FUN_71006f6b3c		d	a	0		undefined8 FUN_71006f6b3c(long * param_1)
71006f6b8c	80	FUN_71006f6b8c		d	a	0		undefined8 FUN_71006f6b8c(long * param_1)
71006f6bdc	80	FUN_71006f6bdc		d	a	0		undefined8 FUN_71006f6bdc(undefined1[16] param_1, undefined4 param_2, long * param_3)
71006f6c2c	80	FUN_71006f6c2c		d	a	0		undefined8 FUN_71006f6c2c(long * param_1)
71006f6c7c	80	FUN_71006f6c7c		d	a	0		undefined8 FUN_71006f6c7c(long * param_1)
71006f6cd0	312	FUN_71006f6cd0		d	a	0		undefined8 FUN_71006f6cd0(long * param_1)
71006f6e08	332	FUN_71006f6e08		d	a	0		undefined8 FUN_71006f6e08(long * param_1, long * param_2)
71006f6f54	304	FUN_71006f6f54		d	a	0		undefined8 FUN_71006f6f54(long * param_1)
71006f7084	328	FUN_71006f7084		d	a	0		undefined8 FUN_71006f7084(long * param_1)
71006f71cc	352	FUN_71006f71cc		d	a	0		undefined8 FUN_71006f71cc(long * param_1, long * param_2)
71006f732c	320	FUN_71006f732c		d	a	0		undefined8 FUN_71006f732c(long * param_1)
71006f746c	328	FUN_71006f746c		d	a	0		undefined8 FUN_71006f746c(undefined1[16] param_1, undefined4 param_2, long * param_3)
71006f75e8	320	FUN_71006f75e8		d	a	0		undefined8 FUN_71006f75e8(undefined1[16] param_1, undefined4 param_2, long * param_3)
71006f7728	356	FUN_71006f7728		d	a	0		undefined8 FUN_71006f7728(long * param_1)
71006f788c	452	FUN_71006f788c		d	a	0		bool FUN_71006f788c(long * param_1, long * param_2, ulong param_3)
71006f7a50	348	FUN_71006f7a50		d	a	0		undefined8 FUN_71006f7a50(long * param_1)
71006f7bac	480	FUN_71006f7bac		d	a	0		undefined8 FUN_71006f7bac(long * param_1)
71006f7d8c	280	FUN_71006f7d8c		d	a	0		undefined8 FUN_71006f7d8c(long * param_1)
71006f7ea4	240	FUN_71006f7ea4		d	a	0		uint FUN_71006f7ea4(long param_1, long * param_2, int param_3)
71006f7f94	148	FUN_71006f7f94		d	a	0		undefined8 FUN_71006f7f94(long * param_1)
71006f8028	184	FUN_71006f8028		d	a	0		undefined8 FUN_71006f8028(long * param_1)
71006f80e0	304	FUN_71006f80e0		d	a	0		undefined8 FUN_71006f80e0(long * param_1)
71006f83a0	356	FUN_71006f83a0		d	a	0		undefined FUN_71006f83a0(long * param_1, undefined8 param_2, long param_3)
71006f8504	96	FUN_71006f8504		d	a	0		undefined8 FUN_71006f8504(long param_1, long param_2)
71006f8570	20	FUN_71006f8570		d	a	0		undefined FUN_71006f8570(void)
71006f8634	172	FUN_71006f8634		d	a	0		undefined8 FUN_71006f8634(long * param_1)
71006f8758	116	FUN_71006f8758		d	a	0		undefined8 FUN_71006f8758(long * param_1)
71006f87cc	120	FUN_71006f87cc		d	a	0		undefined8 FUN_71006f87cc(long * param_1)
71006f8844	120	FUN_71006f8844		d	a	0		undefined8 FUN_71006f8844(long * param_1)
71006f88bc	352	FUN_71006f88bc		d	a	0		undefined8 FUN_71006f88bc(long * param_1, long * param_2)
71006f8a1c	188	FUN_71006f8a1c		d	a	0		undefined8 FUN_71006f8a1c(long * param_1)
71006f8c70	468	FUN_71006f8c70		d	a	0		undefined FUN_71006f8c70(long param_1, RttsObjectData * param_2, undefined8 * param_3)
71006f8e50	124	FUN_71006f8e50		d	a	0		undefined FUN_71006f8e50(long param_1, RttsObjectData * param_2, char * param_3)
71006f8ecc	36	FUN_71006f8ecc		d	a	0		long FUN_71006f8ecc(long param_1)
71006f8ef0	64	FUN_71006f8ef0		d	a	0		undefined FUN_71006f8ef0(void)
71006f8f30	100	FUN_71006f8f30		d	a	0		undefined FUN_71006f8f30(void)
71006f8fa0	44	FUN_71006f8fa0		d	a	0		undefined FUN_71006f8fa0(void)
71006f8fd0	188	FUN_71006f8fd0		d	a	0		undefined FUN_71006f8fd0(RttsObjectData * param_1)
71006f908c	36	FUN_71006f908c		d	a	0		undefined FUN_71006f908c(RttsObjectData * param_1)
71006f90dc	208	FUN_71006f90dc		d	a	0		undefined FUN_71006f90dc(void)
71006f91ac	80	FUN_71006f91ac		d	a	0		undefined8 FUN_71006f91ac(undefined1[16] param_1, undefined4 param_2, long * param_3)
71006f91fc	80	FUN_71006f91fc		d	a	0		undefined8 FUN_71006f91fc(long * param_1)
71006f924c	80	FUN_71006f924c		d	a	0		undefined8 FUN_71006f924c(long * param_1)
71006f92a0	304	FUN_71006f92a0		d	a	0		undefined8 FUN_71006f92a0(undefined1[16] param_1, undefined4 param_2, long * param_3)
71006f93d0	332	FUN_71006f93d0		d	a	0		undefined8 FUN_71006f93d0(long * param_1, long * param_2)
71006f951c	300	FUN_71006f951c		d	a	0		undefined8 FUN_71006f951c(undefined1[16] param_1, undefined4 param_2, long * param_3)
71006f9648	320	FUN_71006f9648		d	a	0		undefined8 FUN_71006f9648(long * param_1)
71006f9788	352	FUN_71006f9788		d	a	0		undefined8 FUN_71006f9788(long * param_1, long * param_2)
71006f98e8	316	FUN_71006f98e8		d	a	0		undefined8 FUN_71006f98e8(long * param_1)
71006f9a24	376	FUN_71006f9a24		d	a	0		undefined8 FUN_71006f9a24(long * param_1)
71006f9b9c	336	FUN_71006f9b9c		d	a	0		undefined8 FUN_71006f9b9c(long * param_1)
71006f9cec	148	FUN_71006f9cec		d	a	0		undefined8 FUN_71006f9cec(long * param_1)
71006f9d80	184	FUN_71006f9d80		d	a	0		undefined8 FUN_71006f9d80(long * param_1)
71006f9e40	304	FUN_71006f9e40		d	a	0		undefined8 FUN_71006f9e40(long * param_1)
71006fa100	356	FUN_71006fa100		d	a	0		undefined FUN_71006fa100(long * param_1, undefined8 param_2, long param_3)
71006fa460	516	FUN_71006fa460		d	a	0		undefined FUN_71006fa460(long param_1, RttsObjectData * param_2, long param_3)
71006fa670	248	FUN_71006fa670		d	a	0		undefined FUN_71006fa670(long param_1, RttsObjectData * param_2, char * param_3)
71006fa768	36	FUN_71006fa768		d	a	0		long FUN_71006fa768(long param_1)
71006fa790	64	FUN_71006fa790		d	a	0		undefined FUN_71006fa790(void)
71006fa7d0	100	FUN_71006fa7d0		d	a	0		undefined FUN_71006fa7d0(void)
71006fa840	44	FUN_71006fa840		d	a	0		undefined FUN_71006fa840(void)
71006fa870	156	FUN_71006fa870		d	a	0		undefined FUN_71006fa870(RttsObjectData * param_1)
71006fa90c	36	FUN_71006fa90c		d	a	0		undefined FUN_71006fa90c(RttsObjectData * param_1)
71006fa95c	404	FUN_71006fa95c		d	a	0		undefined FUN_71006fa95c(void)
71006faaf0	80	FUN_71006faaf0		d	a	0		undefined8 FUN_71006faaf0(long * param_1)
71006fab40	80	FUN_71006fab40		d	a	0		undefined8 FUN_71006fab40(long * param_1)
71006fab90	80	FUN_71006fab90		d	a	0		undefined8 FUN_71006fab90(undefined1[16] param_1, undefined4 param_2, long * param_3)
71006fabe0	80	FUN_71006fabe0		d	a	0		undefined8 FUN_71006fabe0(long * param_1)
71006fac44	92	FUN_71006fac44		d	a	0		undefined8 FUN_71006fac44(long * param_1)
71006faca0	264	FUN_71006faca0		d	a	0		undefined8 FUN_71006faca0(long * param_1)
71006fada8	332	FUN_71006fada8		d	a	0		undefined8 FUN_71006fada8(long * param_1, long * param_2)
71006faef4	264	FUN_71006faef4		d	a	0		undefined8 FUN_71006faef4(long * param_1)
71006faffc	288	FUN_71006faffc		d	a	0		undefined8 FUN_71006faffc(long * param_1)
71006fb11c	352	FUN_71006fb11c		d	a	0		undefined8 FUN_71006fb11c(long * param_1, long * param_2)
71006fb27c	288	FUN_71006fb27c		d	a	0		undefined8 FUN_71006fb27c(long * param_1)
71006fb39c	304	FUN_71006fb39c		d	a	0		undefined8 FUN_71006fb39c(undefined1[16] param_1, undefined4 param_2, long * param_3)
71006fb4cc	300	FUN_71006fb4cc		d	a	0		undefined8 FUN_71006fb4cc(undefined1[16] param_1, undefined4 param_2, long * param_3)
71006fb5f8	320	FUN_71006fb5f8		d	a	0		undefined8 FUN_71006fb5f8(long * param_1)
71006fb738	316	FUN_71006fb738		d	a	0		undefined8 FUN_71006fb738(long * param_1)
71006fb874	172	FUN_71006fb874		d	a	0		undefined8 FUN_71006fb874(long * param_1)
71006fb920	268	FUN_71006fb920		d	a	0		undefined8 FUN_71006fb920(long * param_1)
71006fba2c	172	FUN_71006fba2c		d	a	0		undefined8 FUN_71006fba2c(long * param_1)
71006fbad8	268	FUN_71006fbad8		d	a	0		undefined8 FUN_71006fbad8(long * param_1)
71006fbbe4	172	FUN_71006fbbe4		d	a	0		undefined8 FUN_71006fbbe4(long * param_1)
71006fbc90	232	FUN_71006fbc90		d	a	0		undefined8 FUN_71006fbc90(long * param_1)
71006fbd78	240	FUN_71006fbd78		d	a	0		undefined8 FUN_71006fbd78(long * param_1)
71006fbe68	228	FUN_71006fbe68		d	a	0		undefined8 FUN_71006fbe68(long * param_1)
71006fbf4c	184	FUN_71006fbf4c		d	a	0		undefined8 FUN_71006fbf4c(long * param_1)
71006fc010	304	FUN_71006fc010		d	a	0		undefined8 FUN_71006fc010(long * param_1)
71006fc2d0	356	FUN_71006fc2d0		d	a	0		undefined FUN_71006fc2d0(long * param_1, undefined8 param_2, long param_3)
71006fc440	32	FUN_71006fc440		d	a	0		undefined FUN_71006fc440(void)
71006fc460	756	FUN_71006fc460		d	a	0		undefined FUN_71006fc460(void)
71006fc898	80	FUN_71006fc898		d	a	0		undefined8 FUN_71006fc898(long * param_1)
71006fc8e8	80	FUN_71006fc8e8		d	a	0		undefined8 FUN_71006fc8e8(long * param_1)
71006fc940	80	FUN_71006fc940		d	a	0		undefined8 FUN_71006fc940(long * param_1)
71006fc990	80	FUN_71006fc990		d	a	0		undefined8 FUN_71006fc990(long * param_1)
71006fc9e0	272	FUN_71006fc9e0		d	a	0		undefined8 FUN_71006fc9e0(long * param_1)
71006fcaf0	352	FUN_71006fcaf0		d	a	0		undefined8 FUN_71006fcaf0(long * param_1, long * param_2)
71006fcc50	268	FUN_71006fcc50		d	a	0		undefined8 FUN_71006fcc50(long * param_1)
71006fcd5c	172	FUN_71006fcd5c		d	a	0		undefined8 FUN_71006fcd5c(long * param_1)
71006fce08	332	FUN_71006fce08		d	a	0		undefined8 FUN_71006fce08(long * param_1, long * param_2)
71006fcf54	172	FUN_71006fcf54		d	a	0		undefined8 FUN_71006fcf54(long * param_1)
71006fd000	344	FUN_71006fd000		d	a	0		undefined FUN_71006fd000(long * param_1, long param_2)
71006fd158	392	FUN_71006fd158		d	a	0		undefined8 FUN_71006fd158(long * param_1)
71006fd2e0	192	FUN_71006fd2e0		d	a	0		undefined8 FUN_71006fd2e0(long * param_1)
71006fd3a0	284	FUN_71006fd3a0		d	a	0		undefined8 FUN_71006fd3a0(long * param_1)
71006fd4bc	392	FUN_71006fd4bc		d	a	0		undefined8 FUN_71006fd4bc(long * param_1)
71006fd644	172	FUN_71006fd644		d	a	0		undefined8 FUN_71006fd644(long * param_1)
71006fd6f0	268	FUN_71006fd6f0		d	a	0		undefined8 FUN_71006fd6f0(long * param_1)
71006fd7fc	172	FUN_71006fd7fc		d	a	0		undefined8 FUN_71006fd7fc(long * param_1)
71006fd8a8	204	FUN_71006fd8a8		d	a	0		undefined8 FUN_71006fd8a8(long * param_1)
71006fd974	344	FUN_71006fd974		d	a	0		undefined FUN_71006fd974(long * param_1, long param_2)
71006fdacc	268	FUN_71006fdacc		d	a	0		undefined8 FUN_71006fdacc(long * param_1)
71006fdbd8	236	FUN_71006fdbd8		d	a	0		undefined8 FUN_71006fdbd8(long * param_1)
71006fdcc4	284	FUN_71006fdcc4		d	a	0		undefined8 FUN_71006fdcc4(long * param_1)
71006fdde0	180	FUN_71006fdde0		d	a	0		undefined8 FUN_71006fdde0(long * param_1)
71006fde94	264	FUN_71006fde94		d	a	0		undefined8 FUN_71006fde94(long * param_1)
71006fdf9c	308	FUN_71006fdf9c		d	a	0		undefined8 FUN_71006fdf9c(long * param_1)
71006fe0d0	360	FUN_71006fe0d0		d	a	0		undefined8 FUN_71006fe0d0(long * param_1)
71006fe238	232	FUN_71006fe238		d	a	0		undefined8 FUN_71006fe238(long * param_1)
71006fe320	280	FUN_71006fe320		d	a	0		undefined8 FUN_71006fe320(long * param_1)
71006fe438	228	FUN_71006fe438		d	a	0		undefined8 FUN_71006fe438(long * param_1)
71006fe51c	276	FUN_71006fe51c		d	a	0		undefined8 FUN_71006fe51c(long * param_1)
71006fe630	184	FUN_71006fe630		d	a	0		undefined8 FUN_71006fe630(long * param_1)
71006fe6f0	304	FUN_71006fe6f0		d	a	0		undefined8 FUN_71006fe6f0(long * param_1)
71006fe820	32	FUN_71006fe820		d	a	0		undefined FUN_71006fe820(void)
71006fe890	220	FUN_71006fe890		d	a	0		undefined8 FUN_71006fe890(long * param_1)
71006fe970	368	FUN_71006fe970		d	a	0		undefined8 FUN_71006fe970(long * param_1)
71006fecc0	88	FUN_71006fecc0		d	a	0		undefined FUN_71006fecc0(long param_1, RttsObjectData * param_2, char * param_3)
71006fed18	100	FUN_71006fed18		d	a	0		undefined FUN_71006fed18(long param_1)
71006fed80	64	FUN_71006fed80		d	a	0		undefined FUN_71006fed80(void)
71006fedc0	104	FUN_71006fedc0		d	a	0		undefined FUN_71006fedc0(void)
71006fee30	44	FUN_71006fee30		d	a	0		undefined FUN_71006fee30(void)
71006fee5c	100	FUN_71006fee5c		d	a	0		undefined FUN_71006fee5c(RttsObjectData * param_1)
71006feec0	108	FUN_71006feec0		d	a	0		undefined FUN_71006feec0(RttsObjectData * param_1)
71006fef60	464	FUN_71006fef60		d	a	0		undefined FUN_71006fef60(long * param_1, Entity * param_2)
71006ff180	104	FUN_71006ff180		d	a	0		undefined FUN_71006ff180(void)
71006ff1f0	272	FUN_71006ff1f0		d	a	0		undefined FUN_71006ff1f0(void * param_1, ulong param_2, undefined8 param_3)
71006ff300	184	FUN_71006ff300		d	a	0		undefined8 FUN_71006ff300(long * param_1)
71006ff3c0	304	FUN_71006ff3c0		d	a	0		undefined8 FUN_71006ff3c0(long * param_1)
71006ff4f0	4	FUN_71006ff4f0		d	a	0		undefined FUN_71006ff4f0(void)
71006ff4f4	64	FUN_71006ff4f4		d	a	0		undefined FUN_71006ff4f4(undefined8 * param_1, ulong param_2, ulong param_3)
71006ff534	64	FUN_71006ff534		d	a	0		undefined FUN_71006ff534(undefined8 * param_1, ulong param_2, ulong param_3)
71006ff580	276	FUN_71006ff580		d	a	0		undefined FUN_71006ff580(long * param_1, undefined8 param_2, long param_3)
71006ff698	4	FUN_71006ff698		d	a	0		undefined FUN_71006ff698(void)
71006ff69c	64	FUN_71006ff69c		d	a	0		undefined FUN_71006ff69c(undefined8 * param_1, ulong param_2, ulong param_3)
71006ff6dc	64	FUN_71006ff6dc		d	a	0		undefined FUN_71006ff6dc(undefined8 * param_1, ulong param_2, ulong param_3)
71006ff734	4	FUN_71006ff734		d	a	0		undefined FUN_71006ff734(void)
71006ff738	64	FUN_71006ff738		d	a	0		undefined FUN_71006ff738(undefined8 * param_1, ulong param_2, ulong param_3)
71006ff778	64	FUN_71006ff778		d	a	0		undefined FUN_71006ff778(undefined8 * param_1, ulong param_2, ulong param_3)
71006ff97c	344	FUN_71006ff97c		d	a	0		undefined FUN_71006ff97c(long * param_1, undefined8 param_2, long param_3)
71006ffad4	20	FUN_71006ffad4		d	a	0		undefined8 FUN_71006ffad4(void)
71006ffae8	8	FUN_71006ffae8		d	a	0		undefined8 FUN_71006ffae8(void)
71006ffaf0	20	FUN_71006ffaf0		d	a	0		undefined8 FUN_71006ffaf0(void)
71006ffb04	8	FUN_71006ffb04		d	a	0		undefined8 FUN_71006ffb04(void)
71006ffb0c	144	FUN_71006ffb0c		d	a	0		bool FUN_71006ffb0c(undefined1 * param_1, long param_2, undefined8 param_3, char param_4)
71006ffb9c	144	FUN_71006ffb9c		d	a	0		bool FUN_71006ffb9c(undefined1 * param_1, long param_2, undefined8 param_3, char param_4)
71006ffc2c	144	FUN_71006ffc2c		d	a	0		bool FUN_71006ffc2c(undefined1 * param_1, long param_2, undefined8 param_3, char param_4)
71006fff10	240	FUN_71006fff10		d	a	0		undefined FUN_71006fff10(undefined8 * param_1, RttsObjectData * param_2, long param_3)
