addr	size	name	namespace	namesrc	sigsrc	thunk	tags	signature
7100000080	12	nndetailRoGetRoDataStart		i	a	0		char * nndetailRoGetRoDataStart(void)
7100000090	12	nndetailRoGetRoDataEnd		i	a	0		undefined * nndetailRoGetRoDataEnd(void)
71000000a0	352	_init		i	i	0		int _init(EVP_PKEY_CTX * ctx)
7100000200	144	_fini		i	a	0		undefined _fini(void)
7100000290	36	FUN_7100000290		d	a	0		undefined8 FUN_7100000290(long param_1)
7100000340	120	FUN_7100000340		d	a	0		undefined8 FUN_7100000340(undefined8 param_1, undefined8 param_2, long param_3)
71000003c0	184	FUN_71000003c0		d	a	0		undefined FUN_71000003c0(long param_1, ulong param_2, ulong param_3)
7100000480	88	FUN_7100000480		d	a	0		undefined FUN_7100000480(void)
71000004e0	80	FUN_71000004e0		d	a	0		undefined FUN_71000004e0(void)
7100000530	88	FUN_7100000530		d	a	0		undefined FUN_7100000530(void)
7100000590	88	FUN_7100000590		d	a	0		undefined FUN_7100000590(void)
71000005f0	80	FUN_71000005f0		d	a	0		undefined FUN_71000005f0(void)
7100000640	80	FUN_7100000640		d	a	0		undefined FUN_7100000640(void)
7100000690	88	FUN_7100000690		d	a	0		undefined FUN_7100000690(void)
71000006f0	88	FUN_71000006f0		d	a	0		undefined FUN_71000006f0(void)
7100000750	88	FUN_7100000750		d	a	0		undefined FUN_7100000750(void)
71000007b0	88	FUN_71000007b0		d	a	0		undefined FUN_71000007b0(void)
7100000810	88	FUN_7100000810		d	a	0		undefined FUN_7100000810(void)
7100000870	88	FUN_7100000870		d	a	0		undefined FUN_7100000870(void)
71000008d0	88	FUN_71000008d0		d	a	0		undefined FUN_71000008d0(void)
7100000930	88	FUN_7100000930		d	a	0		undefined FUN_7100000930(void)
7100000990	88	FUN_7100000990		d	a	0		undefined FUN_7100000990(void)
71000009f0	88	FUN_71000009f0		d	a	0		undefined FUN_71000009f0(void)
7100000a50	80	FUN_7100000a50		d	a	0		undefined FUN_7100000a50(void)
7100000aa0	80	FUN_7100000aa0		d	a	0		undefined FUN_7100000aa0(void)
7100000af0	80	FUN_7100000af0		d	a	0		undefined FUN_7100000af0(void)
7100000b40	80	FUN_7100000b40		d	a	0		undefined FUN_7100000b40(void)
7100000b90	88	FUN_7100000b90		d	a	0		undefined FUN_7100000b90(void)
7100000bf0	88	FUN_7100000bf0		d	a	0		undefined FUN_7100000bf0(void)
7100000c50	88	FUN_7100000c50		d	a	0		undefined FUN_7100000c50(void)
7100000cb0	88	FUN_7100000cb0		d	a	0		undefined FUN_7100000cb0(void)
7100000d10	88	FUN_7100000d10		d	a	0		undefined FUN_7100000d10(void)
7100000d70	88	FUN_7100000d70		d	a	0		undefined FUN_7100000d70(void)
7100000dd0	88	FUN_7100000dd0		d	a	0		undefined FUN_7100000dd0(void)
7100000e30	88	FUN_7100000e30		d	a	0		undefined FUN_7100000e30(void)
7100000e90	88	FUN_7100000e90		d	a	0		undefined FUN_7100000e90(void)
7100000ef0	88	FUN_7100000ef0		d	a	0		undefined FUN_7100000ef0(void)
7100000f50	88	FUN_7100000f50		d	a	0		undefined FUN_7100000f50(void)
7100000fb0	88	FUN_7100000fb0		d	a	0		undefined FUN_7100000fb0(void)
7100001010	88	FUN_7100001010		d	a	0		undefined FUN_7100001010(void)
7100001070	88	FUN_7100001070		d	a	0		undefined FUN_7100001070(void)
71000010d0	88	FUN_71000010d0		d	a	0		undefined FUN_71000010d0(void)
7100001130	88	FUN_7100001130		d	a	0		undefined FUN_7100001130(void)
7100001190	88	FUN_7100001190		d	a	0		undefined FUN_7100001190(void)
71000011f0	88	FUN_71000011f0		d	a	0		undefined FUN_71000011f0(void)
7100001250	88	FUN_7100001250		d	a	0		undefined FUN_7100001250(void)
71000012b0	88	FUN_71000012b0		d	a	0		undefined FUN_71000012b0(void)
7100001310	88	FUN_7100001310		d	a	0		undefined FUN_7100001310(void)
7100001370	88	FUN_7100001370		d	a	0		undefined FUN_7100001370(void)
71000013d0	88	FUN_71000013d0		d	a	0		undefined FUN_71000013d0(void)
7100001430	88	FUN_7100001430		d	a	0		undefined FUN_7100001430(void)
7100001490	88	FUN_7100001490		d	a	0		undefined FUN_7100001490(void)
71000014f0	88	FUN_71000014f0		d	a	0		undefined FUN_71000014f0(void)
7100001550	88	FUN_7100001550		d	a	0		undefined FUN_7100001550(void)
71000015b0	88	FUN_71000015b0		d	a	0		undefined FUN_71000015b0(void)
7100001610	88	FUN_7100001610		d	a	0		undefined FUN_7100001610(void)
7100001670	88	FUN_7100001670		d	a	0		undefined FUN_7100001670(void)
71000016d0	88	FUN_71000016d0		d	a	0		undefined FUN_71000016d0(void)
7100001730	88	FUN_7100001730		d	a	0		undefined FUN_7100001730(void)
7100001790	88	FUN_7100001790		d	a	0		undefined FUN_7100001790(void)
71000017f0	88	FUN_71000017f0		d	a	0		undefined FUN_71000017f0(void)
7100001850	88	FUN_7100001850		d	a	0		undefined FUN_7100001850(void)
71000018b0	88	FUN_71000018b0		d	a	0		undefined FUN_71000018b0(void)
7100001910	88	FUN_7100001910		d	a	0		undefined FUN_7100001910(void)
7100001970	88	FUN_7100001970		d	a	0		undefined FUN_7100001970(void)
71000019d0	88	FUN_71000019d0		d	a	0		undefined FUN_71000019d0(void)
7100001a30	88	FUN_7100001a30		d	a	0		undefined FUN_7100001a30(void)
7100001a90	80	FUN_7100001a90		d	a	0		undefined FUN_7100001a90(void)
7100001ae0	80	FUN_7100001ae0		d	a	0		undefined FUN_7100001ae0(void)
7100001b30	80	FUN_7100001b30		d	a	0		undefined FUN_7100001b30(void)
7100001b80	80	FUN_7100001b80		d	a	0		undefined FUN_7100001b80(void)
7100001bd0	80	FUN_7100001bd0		d	a	0		undefined FUN_7100001bd0(void)
7100001c20	80	FUN_7100001c20		d	a	0		undefined FUN_7100001c20(void)
7100001c70	80	FUN_7100001c70		d	a	0		undefined FUN_7100001c70(void)
7100001cc0	88	FUN_7100001cc0		d	a	0		undefined FUN_7100001cc0(void)
7100001d20	88	FUN_7100001d20		d	a	0		undefined FUN_7100001d20(void)
7100001d80	88	FUN_7100001d80		d	a	0		undefined FUN_7100001d80(void)
7100001de0	88	FUN_7100001de0		d	a	0		undefined FUN_7100001de0(void)
7100001e40	88	FUN_7100001e40		d	a	0		undefined FUN_7100001e40(void)
7100001ea0	88	FUN_7100001ea0		d	a	0		undefined FUN_7100001ea0(void)
7100001f00	88	FUN_7100001f00		d	a	0		undefined FUN_7100001f00(void)
7100001f60	88	FUN_7100001f60		d	a	0		undefined FUN_7100001f60(void)
7100001fc0	88	FUN_7100001fc0		d	a	0		undefined FUN_7100001fc0(void)
7100002020	88	FUN_7100002020		d	a	0		undefined FUN_7100002020(void)
7100002080	88	FUN_7100002080		d	a	0		undefined FUN_7100002080(void)
71000020e0	88	FUN_71000020e0		d	a	0		undefined FUN_71000020e0(void)
7100002140	88	FUN_7100002140		d	a	0		undefined FUN_7100002140(void)
71000021a0	80	FUN_71000021a0		d	a	0		undefined FUN_71000021a0(void)
71000021f0	88	FUN_71000021f0		d	a	0		undefined FUN_71000021f0(void)
7100002250	88	FUN_7100002250		d	a	0		undefined FUN_7100002250(void)
71000022b0	80	FUN_71000022b0		d	a	0		undefined FUN_71000022b0(void)
7100002300	80	FUN_7100002300		d	a	0		undefined FUN_7100002300(void)
7100002350	80	FUN_7100002350		d	a	0		undefined FUN_7100002350(void)
71000023a0	80	FUN_71000023a0		d	a	0		undefined FUN_71000023a0(void)
71000023f0	88	FUN_71000023f0		d	a	0		undefined FUN_71000023f0(void)
7100002450	88	FUN_7100002450		d	a	0		undefined FUN_7100002450(void)
71000024b0	88	FUN_71000024b0		d	a	0		undefined FUN_71000024b0(void)
7100002510	88	FUN_7100002510		d	a	0		undefined FUN_7100002510(void)
7100002570	88	FUN_7100002570		d	a	0		undefined FUN_7100002570(void)
71000025d0	80	FUN_71000025d0		d	a	0		undefined FUN_71000025d0(void)
7100002620	80	FUN_7100002620		d	a	0		undefined FUN_7100002620(void)
7100002670	80	FUN_7100002670		d	a	0		undefined FUN_7100002670(void)
71000026c0	80	FUN_71000026c0		d	a	0		undefined FUN_71000026c0(void)
7100002710	80	FUN_7100002710		d	a	0		undefined FUN_7100002710(void)
7100002760	80	FUN_7100002760		d	a	0		undefined FUN_7100002760(void)
71000027b0	80	FUN_71000027b0		d	a	0		undefined FUN_71000027b0(void)
7100002800	80	FUN_7100002800		d	a	0		undefined FUN_7100002800(void)
7100002850	80	FUN_7100002850		d	a	0		undefined FUN_7100002850(void)
71000028a0	80	FUN_71000028a0		d	a	0		undefined FUN_71000028a0(void)
71000028f0	80	FUN_71000028f0		d	a	0		undefined FUN_71000028f0(void)
7100002940	80	FUN_7100002940		d	a	0		undefined FUN_7100002940(void)
7100002990	80	FUN_7100002990		d	a	0		undefined FUN_7100002990(void)
71000029e0	80	FUN_71000029e0		d	a	0		undefined FUN_71000029e0(void)
7100002a30	80	FUN_7100002a30		d	a	0		undefined FUN_7100002a30(void)
7100002a80	80	FUN_7100002a80		d	a	0		undefined FUN_7100002a80(void)
7100002ad0	80	FUN_7100002ad0		d	a	0		undefined FUN_7100002ad0(void)
7100002b20	80	FUN_7100002b20		d	a	0		undefined FUN_7100002b20(void)
7100002b70	80	FUN_7100002b70		d	a	0		undefined FUN_7100002b70(void)
7100002bc0	80	FUN_7100002bc0		d	a	0		undefined FUN_7100002bc0(void)
7100002c10	80	FUN_7100002c10		d	a	0		undefined FUN_7100002c10(void)
7100002c60	80	FUN_7100002c60		d	a	0		undefined FUN_7100002c60(void)
7100002cb0	80	FUN_7100002cb0		d	a	0		undefined FUN_7100002cb0(void)
7100002d00	80	FUN_7100002d00		d	a	0		undefined FUN_7100002d00(void)
7100002d50	80	FUN_7100002d50		d	a	0		undefined FUN_7100002d50(void)
7100002da0	80	FUN_7100002da0		d	a	0		undefined FUN_7100002da0(void)
7100002df0	88	FUN_7100002df0		d	a	0		undefined FUN_7100002df0(void)
7100002e50	88	FUN_7100002e50		d	a	0		undefined FUN_7100002e50(void)
7100002eb0	88	FUN_7100002eb0		d	a	0		undefined FUN_7100002eb0(void)
7100002f10	88	FUN_7100002f10		d	a	0		undefined FUN_7100002f10(void)
7100002f70	88	FUN_7100002f70		d	a	0		undefined FUN_7100002f70(void)
7100002fd0	88	FUN_7100002fd0		d	a	0		undefined FUN_7100002fd0(void)
7100003030	88	FUN_7100003030		d	a	0		undefined FUN_7100003030(void)
7100003090	88	FUN_7100003090		d	a	0		undefined FUN_7100003090(void)
71000030f0	88	FUN_71000030f0		d	a	0		undefined FUN_71000030f0(void)
7100003150	88	FUN_7100003150		d	a	0		undefined FUN_7100003150(void)
71000031b0	88	FUN_71000031b0		d	a	0		undefined FUN_71000031b0(void)
7100003210	88	FUN_7100003210		d	a	0		undefined FUN_7100003210(void)
7100003270	88	FUN_7100003270		d	a	0		undefined FUN_7100003270(void)
71000032d0	80	FUN_71000032d0		d	a	0		undefined FUN_71000032d0(void)
7100003320	80	FUN_7100003320		d	a	0		undefined FUN_7100003320(void)
7100003370	88	FUN_7100003370		d	a	0		undefined FUN_7100003370(void)
71000033d0	80	FUN_71000033d0		d	a	0		undefined FUN_71000033d0(void)
7100003420	80	FUN_7100003420		d	a	0		undefined FUN_7100003420(void)
7100003470	80	FUN_7100003470		d	a	0		undefined FUN_7100003470(void)
71000034c0	80	FUN_71000034c0		d	a	0		undefined FUN_71000034c0(void)
7100003510	80	FUN_7100003510		d	a	0		undefined FUN_7100003510(void)
7100003560	80	FUN_7100003560		d	a	0		undefined FUN_7100003560(void)
71000035b0	1400	SetupGame	mg0114::Camera	a	a	0		undefined SetupGame(Camera * this)
7100003b40	16	FUN_7100003b40		d	a	0		undefined FUN_7100003b40(void)
7100003b50	468	AddComponent<bq::ComMatter,bq::MatterType,(void*)0>	nn::bezel::Entity	a	a	0		WeakHandle AddComponent<bq::ComMatter,bq::MatterType,(void*)0>(long * param_1_00, HandlePtr * param_2, undefined4 * param_3)
7100003d2c	144	OnGameOpeningSkip	mg0114::Camera	a	a	0		undefined OnGameOpeningSkip(Camera * this)
7100003dbc	244	OnGameOpening	mg0114::Camera	a	a	0		undefined OnGameOpening(Camera * this)
7100003eb0	8	OnGameStartAfter	mg0114::Camera	a	a	0		undefined OnGameStartAfter(void)
7100003eb8	500	OnGameMain	mg0114::Camera	a	a	0		undefined OnGameMain(Camera * this, int param_1, uint param_2)
71000040ac	48	PlayOpeningShowGoal	mg0114::Camera	a	a	0		undefined PlayOpeningShowGoal(Camera * this)
71000040dc	104	PlayOpeningZoomInStartPos	mg0114::Camera	a	a	0		undefined PlayOpeningZoomInStartPos(Camera * this)
7100004144	132	ProcessGoal	mg0114::Camera	a	a	0		undefined ProcessGoal(Camera * this)
71000041c8	132	PlayShakeAnimation	mg0114::Camera	a	a	0		undefined PlayShakeAnimation(Camera * this)
710000424c	12	NnDetailBezelGetTypeDesc	nn::bezel::StringViewHashPair	a	a	0		undefined * NnDetailBezelGetTypeDesc(void)
7100004258	4	NnDetailBezelGetThisPtr	nn::bezel::StringViewHashPair	a	a	0		undefined NnDetailBezelGetThisPtr(void)
710000425c	4	NnDetailBezelGetThisPtrConst	nn::bezel::StringViewHashPair	a	a	0		undefined NnDetailBezelGetThisPtrConst(void)
7100004260	20	IsDerivedFrom	nn::bezel::detail::StaticTypeDesc<nn::bezel::StringViewHashPair,true>	a	a	0		bool IsDerivedFrom(undefined * param_1)
7100004274	8	GetBaseTypeDesc	nn::bezel::detail::StaticTypeDesc<nn::bezel::StringViewHashPair,true>	a	a	0		undefined8 GetBaseTypeDesc(void)
710000427c	8	GetNextBaseTypeDesc	nn::bezel::detail::StaticTypeDesc<nn::bezel::StringViewHashPair,true>	a	a	0		undefined8 GetNextBaseTypeDesc(void)
7100004284	8	CastTo	nn::bezel::detail::StaticTypeDesc<nn::bezel::StringViewHashPair,true>	a	a	0		undefined8 CastTo(undefined8 param_1, undefined8 param_2)
710000428c	8	CastToConst	nn::bezel::detail::StaticTypeDesc<nn::bezel::StringViewHashPair,true>	a	a	0		undefined8 CastToConst(undefined8 param_1, undefined8 param_2)
7100004294	372	SafeCreate<bq::ComMatter,nn::bezel::HandlePtr<nn::bezel::Entity>const&,bq::MatterType>	bex::ComponentUtil	a	a	0		WeakHandle SafeCreate<bq::ComMatter,nn::bezel::HandlePtr<nn::bezel::Entity>const&,bq::MatterType>(long * param_1_00, ComponentUtil * this, undefined4 * param_3)
7100004418	32	IsDerivedFrom	nn::bezel::detail::StaticTypeDesc<bq::ComMatter,false,nn::bezel::Component>	a	a	0		bool IsDerivedFrom(undefined * param_1)
7100004438	12	GetBaseTypeDesc	nn::bezel::detail::StaticTypeDesc<bq::ComMatter,false,nn::bezel::Component>	a	a	0		undefined * GetBaseTypeDesc(void)
7100004444	20	GetNextBaseTypeDesc	nn::bezel::detail::StaticTypeDesc<bq::ComMatter,false,nn::bezel::Component>	a	a	0		undefined * GetNextBaseTypeDesc(long param_1)
7100004458	8	CastTo	nn::bezel::detail::StaticTypeDesc<bq::ComMatter,false,nn::bezel::Component>	a	a	0		undefined8 CastTo(undefined8 param_1, undefined8 param_2)
7100004460	8	CastToConst	nn::bezel::detail::StaticTypeDesc<bq::ComMatter,false,nn::bezel::Component>	a	a	0		undefined8 CastToConst(undefined8 param_1, undefined8 param_2)
7100004468	20	IsDerivedFrom	nn::bezel::detail::StaticTypeDesc<nn::bezel::Component,false>	a	a	0		bool IsDerivedFrom(undefined * param_1)
710000447c	8	GetBaseTypeDesc	nn::bezel::detail::StaticTypeDesc<nn::bezel::Component,false>	a	a	0		undefined8 GetBaseTypeDesc(void)
7100004484	8	GetNextBaseTypeDesc	nn::bezel::detail::StaticTypeDesc<nn::bezel::Component,false>	a	a	0		undefined8 GetNextBaseTypeDesc(void)
710000448c	8	CastTo	nn::bezel::detail::StaticTypeDesc<nn::bezel::Component,false>	a	a	0		undefined8 CastTo(undefined8 param_1, undefined8 param_2)
7100004494	8	CastToConst	nn::bezel::detail::StaticTypeDesc<nn::bezel::Component,false>	a	a	0		undefined8 CastToConst(undefined8 param_1, undefined8 param_2)
710000449c	32	IsDerivedFrom	nn::bezel::detail::StaticTypeDesc<nn::bezel::ComCamera,false,nn::bezel::Component>	a	a	0		bool IsDerivedFrom(undefined * param_1)
71000044bc	12	GetBaseTypeDesc	nn::bezel::detail::StaticTypeDesc<nn::bezel::ComCamera,false,nn::bezel::Component>	a	a	0		undefined * GetBaseTypeDesc(void)
71000044c8	20	GetNextBaseTypeDesc	nn::bezel::detail::StaticTypeDesc<nn::bezel::ComCamera,false,nn::bezel::Component>	a	a	0		undefined * GetNextBaseTypeDesc(long param_1)
71000044dc	8	CastTo	nn::bezel::detail::StaticTypeDesc<nn::bezel::ComCamera,false,nn::bezel::Component>	a	a	0		undefined8 CastTo(undefined8 param_1, undefined8 param_2)
71000044e4	8	CastToConst	nn::bezel::detail::StaticTypeDesc<nn::bezel::ComCamera,false,nn::bezel::Component>	a	a	0		undefined8 CastToConst(undefined8 param_1, undefined8 param_2)
71000044ec	32	IsDerivedFrom	nn::bezel::detail::StaticTypeDesc<actor::ComActorMotion,false,nn::bezel::Component>	a	a	0		bool IsDerivedFrom(undefined * param_1)
710000450c	12	GetBaseTypeDesc	nn::bezel::detail::StaticTypeDesc<actor::ComActorMotion,false,nn::bezel::Component>	a	a	0		undefined * GetBaseTypeDesc(void)
7100004518	20	GetNextBaseTypeDesc	nn::bezel::detail::StaticTypeDesc<actor::ComActorMotion,false,nn::bezel::Component>	a	a	0		undefined * GetNextBaseTypeDesc(long param_1)
710000452c	8	CastTo	nn::bezel::detail::StaticTypeDesc<actor::ComActorMotion,false,nn::bezel::Component>	a	a	0		undefined8 CastTo(undefined8 param_1, undefined8 param_2)
7100004534	8	CastToConst	nn::bezel::detail::StaticTypeDesc<actor::ComActorMotion,false,nn::bezel::Component>	a	a	0		undefined8 CastToConst(undefined8 param_1, undefined8 param_2)
7100004540	384	ToStringFillZero	mg0114	a	a	0		undefined ToStringFillZero(undefined8 * param_1, undefined8 param_2_00, int param_3, int param_4)
7100004734	36	Heyho	mg0114::Heyho	a	a	0		undefined Heyho(Heyho * this)
7100004760	2636	SetupGame	mg0114::Heyho	a	a	0		undefined SetupGame(undefined1[16] param_1_00, undefined1[16] param_2, undefined1[16] param_3, long param_4, Timer * param_5, long * param_6)
71000051c0	468	AddComponent<bq::ComMatter,bq::NonPlayerCharacterID,nn::bezel::ModelCreateArg&,(void*)0>	nn::bezel::Entity	a	a	0		WeakHandle AddComponent<bq::ComMatter,bq::NonPlayerCharacterID,nn::bezel::ModelCreateArg&,(void*)0>(long * param_1_00, HandlePtr * param_2, undefined4 * param_3, undefined8 param_4)
71000053a0	468	AddComponent<bq::ComMatter,char_const(&)[38],(void*)0>	nn::bezel::Entity	a	a	0		WeakHandle AddComponent<bq::ComMatter,char_const(&)[38],(void*)0>(long * param_1_00, HandlePtr * param_2, char * param_3)
7100005580	480	AddComponent<nn::bezel::ComAttachment,,(void*)0>	nn::bezel::Entity	a	a	0		WeakHandle AddComponent<nn::bezel::ComAttachment,,(void*)0>(long * param_1, HandlePtr * param_2)
7100005768	1936	OnGameMain	mg0114::Heyho	a	a	0		undefined OnGameMain(Heyho * this)
7100005f00	300	AnimationName	actor::MotionArg	a	a	0		MotionArg * AnimationName(MotionArg * this, long param_1)
7100006030	44	OnGameEnd	mg0114::Heyho	a	a	0		undefined OnGameEnd(Heyho * this)
710000605c	152	ProcessSwing	mg0114::Heyho	a	a	0		undefined ProcessSwing(Heyho * this)
71000060f4	20	FUN_71000060f4		d	a	0		undefined FUN_71000060f4(void)
7100006110	80	FUN_7100006110		d	a	0		undefined FUN_7100006110(char * param_1)
7100006160	48	FUN_7100006160		d	a	0		undefined FUN_7100006160(logic_error * param_1, char * param_2)
7100006190	376	SafeCreate<bq::ComMatter,nn::bezel::HandlePtr<nn::bezel::Entity>const&,bq::NonPlayerCharacterID,nn::bezel::ModelCreateArg&>	bex::ComponentUtil	a	a	0		WeakHandle SafeCreate<bq::ComMatter,nn::bezel::HandlePtr<nn::bezel::Entity>const&,bq::NonPlayerCharacterID,nn::bezel::ModelCreateArg&>(long * param_1_00, ComponentUtil * this, undefined4 * param_3, undefined8 param_4)
7100006318	32	IsDerivedFrom	nn::bezel::detail::StaticTypeDesc<bex::ComFxTrigger,false,nn::bezel::Component>	a	a	0		bool IsDerivedFrom(undefined * param_1)
7100006338	12	GetBaseTypeDesc	nn::bezel::detail::StaticTypeDesc<bex::ComFxTrigger,false,nn::bezel::Component>	a	a	0		undefined * GetBaseTypeDesc(void)
7100006344	20	GetNextBaseTypeDesc	nn::bezel::detail::StaticTypeDesc<bex::ComFxTrigger,false,nn::bezel::Component>	a	a	0		undefined * GetNextBaseTypeDesc(long param_1)
7100006358	8	CastTo	nn::bezel::detail::StaticTypeDesc<bex::ComFxTrigger,false,nn::bezel::Component>	a	a	0		undefined8 CastTo(undefined8 param_1, undefined8 param_2)
7100006360	8	CastToConst	nn::bezel::detail::StaticTypeDesc<bex::ComFxTrigger,false,nn::bezel::Component>	a	a	0		undefined8 CastToConst(undefined8 param_1, undefined8 param_2)
7100006368	384	SafeCreate<bq::ComMatter,nn::bezel::HandlePtr<nn::bezel::Entity>const&,char_const(&)[38]>	bex::ComponentUtil	a	a	0		WeakHandle SafeCreate<bq::ComMatter,nn::bezel::HandlePtr<nn::bezel::Entity>const&,char_const(&)[38]>(long * param_1_00, ComponentUtil * this, char * param_3)
71000064f8	32	IsDerivedFrom	nn::bezel::detail::StaticTypeDesc<nn::bezel::ComAttachment,false,nn::bezel::Component>	a	a	0		bool IsDerivedFrom(undefined * param_1)
7100006518	12	GetBaseTypeDesc	nn::bezel::detail::StaticTypeDesc<nn::bezel::ComAttachment,false,nn::bezel::Component>	a	a	0		undefined * GetBaseTypeDesc(void)
7100006524	20	GetNextBaseTypeDesc	nn::bezel::detail::StaticTypeDesc<nn::bezel::ComAttachment,false,nn::bezel::Component>	a	a	0		undefined * GetNextBaseTypeDesc(long param_1)
7100006538	8	CastTo	nn::bezel::detail::StaticTypeDesc<nn::bezel::ComAttachment,false,nn::bezel::Component>	a	a	0		undefined8 CastTo(undefined8 param_1, undefined8 param_2)
7100006540	8	CastToConst	nn::bezel::detail::StaticTypeDesc<nn::bezel::ComAttachment,false,nn::bezel::Component>	a	a	0		undefined8 CastToConst(undefined8 param_1, undefined8 param_2)
7100006550	484	~Map	mg0114::Map	a	a	0		undefined ~Map(Map * this)
7100006740	384	~array	std::array<mg0114::Map::Sand,4ul>	a	a	0		undefined ~array(array<mg0114::Map::Sand,4ul> * this)
71000068c0	36	~Map	mg0114::Map	a	a	0		undefined ~Map(Map * this)
71000068f0	720	SetupGame	mg0114::Map	a	a	0		undefined SetupGame(undefined1[16] param_1, undefined1[16] param_2, undefined1[16] param_3, long param_4, Map * this)
7100006bd0	468	AddComponent<bq::ComMatter,char_const(&)[32],(void*)0>	nn::bezel::Entity	a	a	0		WeakHandle AddComponent<bq::ComMatter,char_const(&)[32],(void*)0>(long * param_1_00, HandlePtr * param_2, char * param_3)
7100006db0	468	AddComponent<bq::ComMatter,char_const(&)[39],(void*)0>	nn::bezel::Entity	a	a	0		WeakHandle AddComponent<bq::ComMatter,char_const(&)[39],(void*)0>(long * param_1_00, HandlePtr * param_2, char * param_3)
7100006f8c	1632	SetupEnvironment	mg0114::Map	a	a	0		undefined SetupEnvironment(Map * this)
71000075f0	1216	SetupLanthanum	mg0114::Map	a	a	0		undefined SetupLanthanum(Map * this)
7100007ad0	1064	SetupRock	mg0114::Map	a	a	0		undefined SetupRock(Map * this)
7100007f00	1064	SetupGrass	mg0114::Map	a	a	0		undefined SetupGrass(Map * this)
7100008330	1156	SetupFlower	mg0114::Map	a	a	0		undefined SetupFlower(Map * this)
71000087c0	1716	SetupSand	mg0114::Map	a	a	0		undefined SetupSand(long param_1)
7100008e80	84	OnGameOpeningSkip	mg0114::Map	a	a	0		undefined OnGameOpeningSkip(Map * this)
7100008ed4	8	OnGameStartAfter	mg0114::Map	a	a	0		undefined OnGameStartAfter(void)
7100008edc	8	OnGameMain	mg0114::Map	a	a	0		undefined OnGameMain(Map * this)
7100008ef0	68	OnGameEnd	mg0114::Map	a	a	0		undefined OnGameEnd(Map * this)
7100008f40	60	StopShakeAnimation	mg0114::Map	a	a	0		undefined StopShakeAnimation(Map * this)
7100008f80	988	ResultSetup	mg0114::Map	a	a	0		undefined ResultSetup(Map * this)
710000937c	84	PlayGameGodRayAnimation	mg0114::Map	a	a	0		undefined PlayGameGodRayAnimation(Map * this)
71000093d0	72	ProcessSwing	mg0114::Map	a	a	0		undefined ProcessSwing(Map * this, uint param_1, int param_2)
7100009418	1192	UpdateSand	mg0114::Map	a	a	0		undefined UpdateSand(Map * this, uint * param_1, int param_2)
71000098c0	132	PlayShakeAnimation	mg0114::Map	a	a	0		undefined PlayShakeAnimation(Map * this)
7100009950	1520	GetPlayerPositions	mg0114::Map	a	a	0		undefined GetPlayerPositions(long param_1, undefined1[16] param_2, undefined1[16] param_3, undefined1[16] param_4, undefined1[16] param_5, long param_6, int param_7)
7100009f50	288	to_string<int>	bex	a	a	0		basic_string to_string<int>(long * param_1_00, int param_2)
710000a0c0	468	AddComponent<bq::ComMatter,char_const(&)[41],(void*)0>	nn::bezel::Entity	a	a	0		WeakHandle AddComponent<bq::ComMatter,char_const(&)[41],(void*)0>(long * param_1_00, HandlePtr * param_2, char * param_3)
710000a2a0	468	AddComponent<bq::ComMatter,char_const(&)[30],(void*)0>	nn::bezel::Entity	a	a	0		WeakHandle AddComponent<bq::ComMatter,char_const(&)[30],(void*)0>(long * param_1_00, HandlePtr * param_2, char * param_3)
710000a480	468	AddComponent<bq::ComMatter,char_const(&)[35],(void*)0>	nn::bezel::Entity	a	a	0		WeakHandle AddComponent<bq::ComMatter,char_const(&)[35],(void*)0>(long * param_1_00, HandlePtr * param_2, char * param_3)
710000a660	468	AddComponent<bq::ComMatter,char_const(&)[36],(void*)0>	nn::bezel::Entity	a	a	0		WeakHandle AddComponent<bq::ComMatter,char_const(&)[36],(void*)0>(long * param_1_00, HandlePtr * param_2, char * param_3)
710000a840	468	AddComponent<bq::ComMatter,char_const(&)[31],(void*)0>	nn::bezel::Entity	a	a	0		WeakHandle AddComponent<bq::ComMatter,char_const(&)[31],(void*)0>(long * param_1_00, HandlePtr * param_2, char * param_3)
710000aa20	468	AddComponent<bq::ComMatter,char_const(&)[42],(void*)0>	nn::bezel::Entity	a	a	0		WeakHandle AddComponent<bq::ComMatter,char_const(&)[42],(void*)0>(long * param_1_00, HandlePtr * param_2, char * param_3)
710000ac00	468	AddComponent<bq::ComMatter,char_const(&)[40],(void*)0>	nn::bezel::Entity	a	a	0		WeakHandle AddComponent<bq::ComMatter,char_const(&)[40],(void*)0>(long * param_1_00, HandlePtr * param_2, char * param_3)
710000ade0	468	AddComponent<bq::ComMatter,char_const(&)[37],(void*)0>	nn::bezel::Entity	a	a	0		WeakHandle AddComponent<bq::ComMatter,char_const(&)[37],(void*)0>(long * param_1_00, HandlePtr * param_2, char * param_3)
710000afc0	468	AddComponent<bq::ComMatter,char_const*,(void*)0>	nn::bezel::Entity	a	a	0		WeakHandle AddComponent<bq::ComMatter,char_const*,(void*)0>(long * param_1_00, HandlePtr * param_2, undefined8 * param_3)
710000b1a0	80	FUN_710000b1a0		d	a	0		undefined FUN_710000b1a0(char * param_1)
710000b1f0	48	FUN_710000b1f0		d	a	0		undefined FUN_710000b1f0(logic_error * param_1, char * param_2)
710000b220	52	FUN_710000b220		d	a	0		undefined FUN_710000b220(void)
710000b254	384	SafeCreate<bq::ComMatter,nn::bezel::HandlePtr<nn::bezel::Entity>const&,char_const(&)[32]>	bex::ComponentUtil	a	a	0		WeakHandle SafeCreate<bq::ComMatter,nn::bezel::HandlePtr<nn::bezel::Entity>const&,char_const(&)[32]>(long * param_1_00, ComponentUtil * this, char * param_3)
710000b3e4	384	SafeCreate<bq::ComMatter,nn::bezel::HandlePtr<nn::bezel::Entity>const&,char_const(&)[39]>	bex::ComponentUtil	a	a	0		WeakHandle SafeCreate<bq::ComMatter,nn::bezel::HandlePtr<nn::bezel::Entity>const&,char_const(&)[39]>(long * param_1_00, ComponentUtil * this, char * param_3)
710000b574	32	IsDerivedFrom	nn::bezel::detail::StaticTypeDesc<nn::bezel::ComModel,false,nn::bezel::Component>	a	a	0		bool IsDerivedFrom(undefined * param_1)
710000b594	12	GetBaseTypeDesc	nn::bezel::detail::StaticTypeDesc<nn::bezel::ComModel,false,nn::bezel::Component>	a	a	0		undefined * GetBaseTypeDesc(void)
710000b5a0	20	GetNextBaseTypeDesc	nn::bezel::detail::StaticTypeDesc<nn::bezel::ComModel,false,nn::bezel::Component>	a	a	0		undefined * GetNextBaseTypeDesc(long param_1)
710000b5b4	8	CastTo	nn::bezel::detail::StaticTypeDesc<nn::bezel::ComModel,false,nn::bezel::Component>	a	a	0		undefined8 CastTo(undefined8 param_1, undefined8 param_2)
710000b5bc	8	CastToConst	nn::bezel::detail::StaticTypeDesc<nn::bezel::ComModel,false,nn::bezel::Component>	a	a	0		undefined8 CastToConst(undefined8 param_1, undefined8 param_2)
710000b5c4	132	~basic_ostringstream	std::basic_ostringstream<char,std::char_traits<char>,bex::HeapModule::Allocator_string<char>>	a	a	0		undefined ~basic_ostringstream(basic_ostringstream<char,std::char_traits<char>,bex::HeapModule::Allocator_string<char>> * this)
710000b648	140	~basic_ostringstream	std::basic_ostringstream<char,std::char_traits<char>,bex::HeapModule::Allocator_string<char>>	a	a	0		undefined ~basic_ostringstream(basic_ostringstream<char,std::char_traits<char>,bex::HeapModule::Allocator_string<char>> * this)
710000b6d4	140	~basic_ostringstream	std::basic_ostringstream<char,std::char_traits<char>,bex::HeapModule::Allocator_string<char>>	a	a	0		undefined ~basic_ostringstream(basic_ostringstream<char,std::char_traits<char>,bex::HeapModule::Allocator_string<char>> * this)
710000b760	148	~basic_ostringstream	std::basic_ostringstream<char,std::char_traits<char>,bex::HeapModule::Allocator_string<char>>	a	a	0		undefined ~basic_ostringstream(basic_ostringstream<char,std::char_traits<char>,bex::HeapModule::Allocator_string<char>> * this)
710000b7f4	64	~basic_stringbuf	std::basic_stringbuf<char,std::char_traits<char>,bex::HeapModule::Allocator_string<char>>	a	a	0		undefined ~basic_stringbuf(basic_stringbuf<char,std::char_traits<char>,bex::HeapModule::Allocator_string<char>> * this)
710000b834	72	~basic_stringbuf	std::basic_stringbuf<char,std::char_traits<char>,bex::HeapModule::Allocator_string<char>>	a	a	0		undefined ~basic_stringbuf(basic_stringbuf<char,std::char_traits<char>,bex::HeapModule::Allocator_string<char>> * this)
710000b87c	280	seekoff	std::basic_stringbuf<char,std::char_traits<char>,bex::HeapModule::Allocator_string<char>>	a	a	0		undefined1[16] seekoff(basic_stringbuf<char,std::char_traits<char>,bex::HeapModule::Allocator_string<char>> * this, long param_1, int param_2, uint param_3)
710000b9a8	80	underflow	std::basic_stringbuf<char,std::char_traits<char>,bex::HeapModule::Allocator_string<char>>	a	a	0		ulong underflow(basic_stringbuf<char,std::char_traits<char>,bex::HeapModule::Allocator_string<char>> * this)
710000b9f8	108	pbackfail	std::basic_stringbuf<char,std::char_traits<char>,bex::HeapModule::Allocator_string<char>>	a	a	0		uint pbackfail(basic_stringbuf<char,std::char_traits<char>,bex::HeapModule::Allocator_string<char>> * this, uint param_1)
710000ba64	472	overflow	std::basic_stringbuf<char,std::char_traits<char>,bex::HeapModule::Allocator_string<char>>	a	a	0		ulong overflow(basic_stringbuf<char,std::char_traits<char>,bex::HeapModule::Allocator_string<char>> * this, uint param_1)
710000bc48	308	push_back	std::basic_string<char,std::char_traits<char>,bex::HeapModule::Allocator_string<char>>	a	a	0		undefined push_back(basic_string<char,std::char_traits<char>,bex::HeapModule::Allocator_string<char>> * this, basic_string<char,std::char_traits<char>,bex::HeapModule::Allocator_string<char>> param_2)
710000bd7c	404	append	std::basic_string<char,std::char_traits<char>,bex::HeapModule::Allocator_string<char>>	a	a	0		basic_string<char,std::char_traits<char>,bex::HeapModule::Allocator_string<char>> * append(basic_string<char,std::char_traits<char>,bex::HeapModule::Allocator_string<char>> * this, ulong param_1, int param_2)
710000bf10	580	str	std::basic_stringbuf<char,std::char_traits<char>,bex::HeapModule::Allocator_string<char>>	a	a	0		undefined str(long * param_1, long param_2)
710000c154	516	insert	std::basic_string<char,std::char_traits<char>,bex::HeapModule::Allocator_string<char>>	a	a	0		basic_string<char,std::char_traits<char>,bex::HeapModule::Allocator_string<char>> * insert(basic_string<char,std::char_traits<char>,bex::HeapModule::Allocator_string<char>> * this, ulong param_1, basic_string<char,std::char_traits<char>,bex::HeapModule::Allocator_string<char>> * param_2, ulong param_3)
710000c358	20	FUN_710000c358		d	a	0		ulong * FUN_710000c358(undefined8 param_1, undefined8 param_2, ulong param_3)
710000c36c	408	append	std::basic_string<char,std::char_traits<char>,bex::HeapModule::Allocator_string<char>>	a	a	0		basic_string<char,std::char_traits<char>,bex::HeapModule::Allocator_string<char>> * append(basic_string<char,std::char_traits<char>,bex::HeapModule::Allocator_string<char>> * this, void * param_1, ulong param_2)
710000c504	384	SafeCreate<bq::ComMatter,nn::bezel::HandlePtr<nn::bezel::Entity>const&,char_const(&)[41]>	bex::ComponentUtil	a	a	0		WeakHandle SafeCreate<bq::ComMatter,nn::bezel::HandlePtr<nn::bezel::Entity>const&,char_const(&)[41]>(long * param_1_00, ComponentUtil * this, char * param_3)
710000c694	384	SafeCreate<bq::ComMatter,nn::bezel::HandlePtr<nn::bezel::Entity>const&,char_const(&)[30]>	bex::ComponentUtil	a	a	0		WeakHandle SafeCreate<bq::ComMatter,nn::bezel::HandlePtr<nn::bezel::Entity>const&,char_const(&)[30]>(long * param_1_00, ComponentUtil * this, char * param_3)
710000c824	384	SafeCreate<bq::ComMatter,nn::bezel::HandlePtr<nn::bezel::Entity>const&,char_const(&)[35]>	bex::ComponentUtil	a	a	0		WeakHandle SafeCreate<bq::ComMatter,nn::bezel::HandlePtr<nn::bezel::Entity>const&,char_const(&)[35]>(long * param_1_00, ComponentUtil * this, char * param_3)
710000c9b4	384	SafeCreate<bq::ComMatter,nn::bezel::HandlePtr<nn::bezel::Entity>const&,char_const(&)[36]>	bex::ComponentUtil	a	a	0		WeakHandle SafeCreate<bq::ComMatter,nn::bezel::HandlePtr<nn::bezel::Entity>const&,char_const(&)[36]>(long * param_1_00, ComponentUtil * this, char * param_3)
710000cb44	384	SafeCreate<bq::ComMatter,nn::bezel::HandlePtr<nn::bezel::Entity>const&,char_const(&)[31]>	bex::ComponentUtil	a	a	0		WeakHandle SafeCreate<bq::ComMatter,nn::bezel::HandlePtr<nn::bezel::Entity>const&,char_const(&)[31]>(long * param_1_00, ComponentUtil * this, char * param_3)
710000ccd4	384	SafeCreate<bq::ComMatter,nn::bezel::HandlePtr<nn::bezel::Entity>const&,char_const(&)[42]>	bex::ComponentUtil	a	a	0		WeakHandle SafeCreate<bq::ComMatter,nn::bezel::HandlePtr<nn::bezel::Entity>const&,char_const(&)[42]>(long * param_1_00, ComponentUtil * this, char * param_3)
710000ce70	296	__push_back_slow_path<nn::bezel::HandlePtr<actor::ComActorMotion>const&>	std::vector<nn::bezel::HandlePtr<actor::ComActorMotion>,std::allocator<nn::bezel::HandlePtr<actor::ComActorMotion>>>	a	a	0		void __push_back_slow_path<nn::bezel::HandlePtr<actor::ComActorMotion>const&>(vector<nn::bezel::HandlePtr<actor::ComActorMotion>,std::allocator<nn::bezel::HandlePtr<actor::ComActorMotion>>> * this, long * param_1)
710000cf98	20	FUN_710000cf98		d	a	0		undefined FUN_710000cf98(void)
710000cfac	384	SafeCreate<bq::ComMatter,nn::bezel::HandlePtr<nn::bezel::Entity>const&,char_const(&)[40]>	bex::ComponentUtil	a	a	0		WeakHandle SafeCreate<bq::ComMatter,nn::bezel::HandlePtr<nn::bezel::Entity>const&,char_const(&)[40]>(long * param_1_00, ComponentUtil * this, char * param_3)
710000d13c	384	SafeCreate<bq::ComMatter,nn::bezel::HandlePtr<nn::bezel::Entity>const&,char_const(&)[37]>	bex::ComponentUtil	a	a	0		WeakHandle SafeCreate<bq::ComMatter,nn::bezel::HandlePtr<nn::bezel::Entity>const&,char_const(&)[37]>(long * param_1_00, ComponentUtil * this, char * param_3)
710000d2cc	388	SafeCreate<bq::ComMatter,nn::bezel::HandlePtr<nn::bezel::Entity>const&,char_const*>	bex::ComponentUtil	a	a	0		WeakHandle SafeCreate<bq::ComMatter,nn::bezel::HandlePtr<nn::bezel::Entity>const&,char_const*>(long * param_1_00, ComponentUtil * this, undefined8 * param_3)
710000d460	64	ParamMgr	mg0114::ParamMgr	a	a	0		undefined ParamMgr(ParamMgr * this, long param_1)
710000d4a0	32	~ParamMgr	mg0114::ParamMgr	a	a	0		undefined ~ParamMgr(ParamMgr * this)
710000d4c0	36	~ParamMgr	mg0114::ParamMgr	a	a	0		undefined ~ParamMgr(ParamMgr * this)
710000d4e4	156	GetComInputTimeSec	mg0114::ParamMgr	a	a	0		undefined1[16] GetComInputTimeSec(ParamMgr * this, undefined4 param_2)
710000d580	3932	SetupGame	mg0114::Player	a	a	0		undefined SetupGame(Player * this, int * param_1, undefined4 param_2, undefined8 * param_3, long * param_4)
710000e4f0	468	AddComponent<bq::ComMatter,bex::PlayerID_const&,bq::MatterType,(void*)0>	nn::bezel::Entity	a	a	0		WeakHandle AddComponent<bq::ComMatter,bex::PlayerID_const&,bq::MatterType,(void*)0>(long * param_1_00, HandlePtr * param_2, undefined4 * param_3, undefined4 * param_4)
710000e6d0	468	AddComponent<bq::ComMatter,char_const*const&,(void*)0>	nn::bezel::Entity	a	a	0		WeakHandle AddComponent<bq::ComMatter,char_const*const&,(void*)0>(long * param_1_00, HandlePtr * param_2, undefined8 * param_3)
710000e8ac	388	ExActionDig	mg0114::Player	a	a	0		undefined8 ExActionDig(undefined8 * param_1)
710000ea30	84	OnGameOpeningSkip	mg0114::Player	a	a	0		undefined OnGameOpeningSkip(Player * this)
710000ea84	496	OnGameOpening	mg0114::Player	a	a	0		undefined OnGameOpening(Player * this)
710000ec80	240	StartMove	mg0114::Player	a	a	0		undefined StartMove(float param_1, Player * this, uint param_3, uint param_4, char * param_5)
710000ed70	148	Move	mg0114::Player	a	a	0		bool Move(Player * this)
710000ee04	296	OnGameStartAfter	mg0114::Player	a	a	0		undefined OnGameStartAfter(Player * this)
710000ef2c	164	OnGameEnd	mg0114::Player	a	a	0		undefined OnGameEnd(Player * this)
710000efd0	72	ResultSetup	mg0114::Player	a	a	0		undefined ResultSetup(Player * this)
710000f018	576	UpdateMain	mg0114::Player	a	a	0		undefined UpdateMain(Player * this)
710000f258	396	UpdateInputCom	mg0114::Player	a	a	0		undefined UpdateInputCom(Player * this)
710000f3e4	592	UpdateMain_SwingIn	mg0114::Player	a	a	0		undefined UpdateMain_SwingIn(Player * this)
710000f634	520	UpdateMain_Swing	mg0114::Player	a	a	0		undefined UpdateMain_Swing(Player * this)
710000f83c	168	UpdateMain_Escape	mg0114::Player	a	a	0		undefined UpdateMain_Escape(Player * this)
710000f8e4	96	UpdateMain_RunOut	mg0114::Player	a	a	0		undefined UpdateMain_RunOut(Player * this)
710000f944	152	UpdateInputJoyCon	mg0114::Player	a	a	0		undefined UpdateInputJoyCon(Player * this)
710000f9dc	636	ProcessGoal	mg0114::Player	a	a	0		undefined ProcessGoal(Player * this)
710000fc5c	280	AddSwingCount	mg0114::Player	a	a	0		undefined AddSwingCount(Player * this)
710000fd74	20	FUN_710000fd74		d	a	0		undefined FUN_710000fd74(void)
710000fd88	356	FUN_710000fd88		d	a	0		undefined FUN_710000fd88(long * param_1, long * param_2)
710000fef0	384	SafeCreate<bq::ComMatter,nn::bezel::HandlePtr<nn::bezel::Entity>const&,bex::PlayerID_const&,bq::MatterType>	bex::ComponentUtil	a	a	0		WeakHandle SafeCreate<bq::ComMatter,nn::bezel::HandlePtr<nn::bezel::Entity>const&,bex::PlayerID_const&,bq::MatterType>(long * param_1_00, ComponentUtil * this, undefined4 * param_3, undefined4 * param_4)
7100010080	388	SafeCreate<bq::ComMatter,nn::bezel::HandlePtr<nn::bezel::Entity>const&,char_const*const&>	bex::ComponentUtil	a	a	0		WeakHandle SafeCreate<bq::ComMatter,nn::bezel::HandlePtr<nn::bezel::Entity>const&,char_const*const&>(long * param_1_00, ComponentUtil * this, undefined8 * param_3)
7100010214	32	IsDerivedFrom	nn::bezel::detail::StaticTypeDesc<bex::gfx::ComModelBuffer,false,nn::bezel::Component>	a	a	0		bool IsDerivedFrom(undefined * param_1)
7100010234	12	GetBaseTypeDesc	nn::bezel::detail::StaticTypeDesc<bex::gfx::ComModelBuffer,false,nn::bezel::Component>	a	a	0		undefined * GetBaseTypeDesc(void)
7100010240	20	GetNextBaseTypeDesc	nn::bezel::detail::StaticTypeDesc<bex::gfx::ComModelBuffer,false,nn::bezel::Component>	a	a	0		undefined * GetNextBaseTypeDesc(long param_1)
7100010254	8	CastTo	nn::bezel::detail::StaticTypeDesc<bex::gfx::ComModelBuffer,false,nn::bezel::Component>	a	a	0		undefined8 CastTo(undefined8 param_1, undefined8 param_2)
710001025c	8	CastToConst	nn::bezel::detail::StaticTypeDesc<bex::gfx::ComModelBuffer,false,nn::bezel::Component>	a	a	0		undefined8 CastToConst(undefined8 param_1, undefined8 param_2)
7100010268	36	FUN_7100010268		d	a	0		undefined FUN_7100010268(void)
710001029c	4	FUN_710001029c		d	a	0		undefined FUN_710001029c(void)
71000102a0	4	operator.delete	<EXTERNAL>	d	a	1		void operator.delete(void * param_1)
7100010310	36	FUN_7100010310		d	a	0		undefined FUN_7100010310(void)
7100010344	4	FUN_7100010344		d	a	0		undefined FUN_7100010344(void)
7100010348	4	operator.delete	<EXTERNAL>	d	a	1		void operator.delete(void * param_1)
71000103b8	36	FUN_71000103b8		d	a	0		undefined FUN_71000103b8(void)
71000103ec	4	FUN_71000103ec		d	a	0		undefined FUN_71000103ec(void)
71000103f0	4	operator.delete	<EXTERNAL>	d	a	1		void operator.delete(void * param_1)
7100010464	36	FUN_7100010464		d	a	0		undefined FUN_7100010464(void)
7100010498	4	FUN_7100010498		d	a	0		undefined FUN_7100010498(void)
710001049c	4	operator.delete	<EXTERNAL>	d	a	1		void operator.delete(void * param_1)
7100010508	4	~__func	std::__function::__func<actor::ActionStatus(*)(actor::ActionContext_const&)noexcept,std::allocator<actor::ActionStatus(*)(actor::ActionContext_const&)noexcept>,actor::ActionStatus(actor::ActionContext_const&)>	a	a	0		undefined ~__func(__func<actor::ActionStatus(*)(actor::ActionContext_const&)noexcept,std::allocator<actor::ActionStatus(*)(actor::ActionContext_const&)noexcept>,actor::ActionStatus(actor::ActionContext_const&)> * this)
710001050c	56	__clone	std::__function::__func<actor::ActionStatus(*)(actor::ActionContext_const&)noexcept,std::allocator<actor::ActionStatus(*)(actor::ActionContext_const&)noexcept>,actor::ActionStatus(actor::ActionContext_const&)>	a	a	0		undefined __clone(__func<actor::ActionStatus(*)(actor::ActionContext_const&)noexcept,std::allocator<actor::ActionStatus(*)(actor::ActionContext_const&)noexcept>,actor::ActionStatus(actor::ActionContext_const&)> * this)
7100010544	28	__clone	std::__function::__func<actor::ActionStatus(*)(actor::ActionContext_const&)noexcept,std::allocator<actor::ActionStatus(*)(actor::ActionContext_const&)noexcept>,actor::ActionStatus(actor::ActionContext_const&)>	a	a	0		undefined __clone(__func<actor::ActionStatus(*)(actor::ActionContext_const&)noexcept,std::allocator<actor::ActionStatus(*)(actor::ActionContext_const&)noexcept>,actor::ActionStatus(actor::ActionContext_const&)> * this, long * param_1)
7100010560	4	destroy	std::__function::__func<actor::ActionStatus(*)(actor::ActionContext_const&)noexcept,std::allocator<actor::ActionStatus(*)(actor::ActionContext_const&)noexcept>,actor::ActionStatus(actor::ActionContext_const&)>	a	a	0		undefined destroy(void)
7100010564	4	destroy_deallocate	std::__function::__func<actor::ActionStatus(*)(actor::ActionContext_const&)noexcept,std::allocator<actor::ActionStatus(*)(actor::ActionContext_const&)noexcept>,actor::ActionStatus(actor::ActionContext_const&)>	a	a	0		undefined destroy_deallocate(__func<actor::ActionStatus(*)(actor::ActionContext_const&)noexcept,std::allocator<actor::ActionStatus(*)(actor::ActionContext_const&)noexcept>,actor::ActionStatus(actor::ActionContext_const&)> * this)
7100010568	12	operator()	std::__function::__func<actor::ActionStatus(*)(actor::ActionContext_const&)noexcept,std::allocator<actor::ActionStatus(*)(actor::ActionContext_const&)noexcept>,actor::ActionStatus(actor::ActionContext_const&)>	a	a	0		undefined operator()(__func<actor::ActionStatus(*)(actor::ActionContext_const&)noexcept,std::allocator<actor::ActionStatus(*)(actor::ActionContext_const&)noexcept>,actor::ActionStatus(actor::ActionContext_const&)> * this, undefined8 param_1)
7100010580	52	FUN_7100010580		d	a	0		undefined FUN_7100010580(void)
71000105b4	36	~bad_function_call	std::bad_function_call	a	a	0		undefined ~bad_function_call(bad_function_call * this)
71000105d8	224	SetupGame	mg0114::PlayerInputJoyCon	a	a	0		undefined SetupGame(Timer * param_1, undefined4 * param_2, undefined8 * param_3)
71000106c0	468	AddComponent<actor::ComActorSixAxisSensor,,(void*)0>	nn::bezel::Entity	a	a	0		WeakHandle AddComponent<actor::ComActorSixAxisSensor,,(void*)0>(long * param_1, HandlePtr * param_2)
710001089c	16	OnGameStartAfter	mg0114::PlayerInputJoyCon	a	a	0		undefined OnGameStartAfter(PlayerInputJoyCon * this)
71000108b0	2088	UpdateInput	mg0114::PlayerInputJoyCon	a	a	0		undefined4 UpdateInput(PlayerInputJoyCon * this)
71000110e0	32	IsDerivedFrom	nn::bezel::detail::StaticTypeDesc<actor::ComActorSixAxisSensor,false,nn::bezel::Component>	a	a	0		bool IsDerivedFrom(undefined * param_1)
7100011100	12	GetBaseTypeDesc	nn::bezel::detail::StaticTypeDesc<actor::ComActorSixAxisSensor,false,nn::bezel::Component>	a	a	0		undefined * GetBaseTypeDesc(void)
710001110c	20	GetNextBaseTypeDesc	nn::bezel::detail::StaticTypeDesc<actor::ComActorSixAxisSensor,false,nn::bezel::Component>	a	a	0		undefined * GetNextBaseTypeDesc(long param_1)
7100011120	8	CastTo	nn::bezel::detail::StaticTypeDesc<actor::ComActorSixAxisSensor,false,nn::bezel::Component>	a	a	0		undefined8 CastTo(undefined8 param_1, undefined8 param_2)
7100011128	8	CastToConst	nn::bezel::detail::StaticTypeDesc<actor::ComActorSixAxisSensor,false,nn::bezel::Component>	a	a	0		undefined8 CastToConst(undefined8 param_1, undefined8 param_2)
7100011130	20	FUN_7100011130		d	a	0		undefined FUN_7100011130(void)
7100011144	512	SetupGame	mg0114::PlayerMgr	a	a	0		undefined SetupGame(PlayerMgr * this, uint * param_1, undefined4 param_2, undefined8 * param_3, long * param_4, long * param_5, long * param_6)
7100011344	52	OnGameOpening	mg0114::PlayerMgr	a	a	0		undefined OnGameOpening(PlayerMgr * this)
7100011378	52	OnGameOpeningSkip	mg0114::PlayerMgr	a	a	0		undefined OnGameOpeningSkip(PlayerMgr * this)
71000113ac	52	OnGameStartAfter	mg0114::PlayerMgr	a	a	0		undefined OnGameStartAfter(PlayerMgr * this)
71000113e0	340	OnGameEnd	mg0114::PlayerMgr	a	a	0		undefined OnGameEnd(PlayerMgr * this)
7100011538	892	OnEndingInit	mg0114::PlayerMgr	a	a	0		undefined OnEndingInit(PlayerMgr * this, long * param_1)
71000118b4	52	ResultSetup	mg0114::PlayerMgr	a	a	0		undefined ResultSetup(PlayerMgr * this)
71000118f0	940	UpdateMain	mg0114::PlayerMgr	a	a	0		undefined UpdateMain(PlayerMgr * this)
7100011ca4	16	IsFinishedOpening	mg0114::PlayerMgr	a	a	0		bool IsFinishedOpening(PlayerMgr * this)
7100011cb4	40	IsAnyPlayerCompSwingIn	mg0114::PlayerMgr	a	a	0		bool IsAnyPlayerCompSwingIn(PlayerMgr * this)
7100011cdc	60	IsFinishedGame	mg0114::PlayerMgr	a	a	0		bool IsFinishedGame(PlayerMgr * this)
7100011d18	528	IsSwinging	mg0114::PlayerMgr	a	a	0		undefined8 IsSwinging(PlayerMgr * this)
7100011f28	72	GetTopPlayerID	mg0114::PlayerMgr	a	a	0		undefined GetTopPlayerID(uint * param_1, long param_2)
7100011f70	356	FUN_7100011f70		d	a	0		undefined FUN_7100011f70(long * param_1, long * param_2)
71000120d8	356	FUN_71000120d8		d	a	0		undefined FUN_71000120d8(long * param_1, long * param_2)
7100012240	20	FUN_7100012240		d	a	0		undefined FUN_7100012240(void)
7100012254	68	DummySymbolLink	mg0114::Scene	a	a	0		undefined DummySymbolLink(ulong param_1)
710001229c	220	getStaticTypeinfo	mg0114::Scene	a	a	0		undefined8 getStaticTypeinfo(void)
7100012378	96	getPropertyList	mg0114::Scene	a	a	0		undefined8 getPropertyList(void)
71000123d8	44	createInstance	mg0114::Scene	a	a	0		Scene * createInstance(void)
7100012404	20	deleteInstance	mg0114::Scene	a	a	0		undefined deleteInstance(long * param_1)
7100012418	4	checkGuiProperty	rtti::Class	a	a	0		undefined checkGuiProperty(void * param_1, Property * param_2, PropertyList * param_3)
710001241c	4	createGuiProperty	rtti::Class	a	a	0		undefined createGuiProperty(void * param_1, Property * param_2, Typeinfo * param_3, uint param_4)
7100012420	220	getStaticTypeinfo	mg0114::Scene::Params	a	a	0		undefined8 getStaticTypeinfo(void)
71000124fc	1348	getPropertyList	mg0114::Scene::Params	a	a	0		undefined * getPropertyList(void)
7100012a40	188	createInstance	mg0114::Scene::Params	a	a	0		undefined createInstance(void)
7100012afc	20	deleteInstance	mg0114::Scene::Params	a	a	0		undefined deleteInstance(long * param_1)
7100012b10	132	Scene	mg0114::Scene	a	a	0		undefined Scene(Scene * this)
7100012ba0	528	~Scene	mg0114::Scene	a	a	0		undefined ~Scene(Scene * this)
7100012dbc	36	~Scene	mg0114::Scene	a	a	0		undefined ~Scene(Scene * this)
7100012de0	2936	SetupGame	mg0114::Scene	a	a	0		undefined SetupGame(undefined1[16] param_1, undefined1[16] param_2, undefined1[16] param_3, undefined1[16] param_4, Scene * this)
7100013960	532	CleanupGame	mg0114::Scene	a	a	0		undefined CleanupGame(Scene * this)
7100013b78	120	OnGameFirstFade	mg0114::Scene	a	a	0		undefined8 OnGameFirstFade(Scene * this)
7100013bf4	8	UpdateOpeningState	mg0114::Scene	a	a	0		undefined UpdateOpeningState(Scene * this, undefined4 param_1)
7100013bfc	252	OnGameOpening	mg0114::Scene	a	a	0		bool OnGameOpening(Scene * this)
7100013cf8	92	OnGameOpeningSkip	mg0114::Scene	a	a	0		undefined8 OnGameOpeningSkip(Scene * this)
7100013d54	116	OnGameStartAfter	mg0114::Scene	a	a	0		undefined8 OnGameStartAfter(Scene * this)
7100013dc8	236	OnGameMain	mg0114::Scene	a	a	0		bool OnGameMain(Scene * this)
7100013eb4	84	OnGameEnd	mg0114::Scene	a	a	0		undefined8 OnGameEnd(Scene * this)
7100013f08	56	OnGameFinish	mg0114::Scene	a	a	0		undefined8 OnGameFinish(Scene * this)
7100013f40	92	OnGameFinishAfter	mg0114::Scene	a	a	0		undefined8 OnGameFinishAfter(Scene * this)
7100013f9c	288	OnEndingInit	mg0114::Scene	a	a	0		undefined8 OnEndingInit(Scene * this, long * param_1)
71000140bc	156	ProcessSwing	mg0114::Scene	a	a	0		undefined ProcessSwing(Scene * this, undefined4 * param_1, int param_2)
7100014158	96	ProcessSetRank	mg0114::Scene	a	a	0		undefined ProcessSetRank(Scene * this, uint * param_1, uint param_2)
71000141b8	248	ProcessGoal	mg0114::Scene	a	a	0		undefined ProcessGoal(Scene * this, uint * param_1)
71000142b4	220	getInstanceTypeinfo	mg0114::Scene	a	a	0		undefined8 getInstanceTypeinfo(void)
7100014390	16	GetSymbol	mg0114::Scene	a	a	0		undefined8 GetSymbol(void)
71000143a0	8	GetTickElapsed	bex::SceneBase	a	a	0		undefined8 GetTickElapsed(void)
71000143a8	28	GetHandle	bex::SceneBase	a	a	0		undefined GetHandle(undefined8 * param_1, long param_2)
71000143c4	4	OnCleanupProcessing	bex::GameScene	a	a	0		undefined OnCleanupProcessing(void)
71000143c8	4	OnSyncEnd	bex::NetworkGameScene	a	a	0		undefined OnSyncEnd(void)
71000143cc	4	SyncedSetupGame	mg0114::Scene	a	a	0		undefined SyncedSetupGame(void)
71000143d0	4	OnGameSequenceBefore	bq::MinigameScene	a	a	0		undefined OnGameSequenceBefore(void)
71000143d4	4	OnGameSequenceAfter	bq::MinigameScene	a	a	0		undefined OnGameSequenceAfter(void)
71000143d8	4	OnThreeMinTimerEnd	bq::MinigameScene	a	a	0		undefined OnThreeMinTimerEnd(void)
71000143dc	8	OnGameInit	bq::MinigameScene	a	a	0		undefined8 OnGameInit(void)
71000143e4	8	OnCharaGameDemoStart	bq::MinigameScene	a	a	0		undefined8 OnCharaGameDemoStart(void)
71000143ec	8	OnCharaGameDemo	bq::MinigameScene	a	a	0		undefined8 OnCharaGameDemo(void)
71000143f4	4	OnCharaGameDemoSkipStart	bq::MinigameScene	a	a	0		undefined OnCharaGameDemoSkipStart(void)
71000143f8	4	OnCharaGameDemoSkipEnd	bq::MinigameScene	a	a	0		undefined OnCharaGameDemoSkipEnd(void)
71000143fc	8	OnCharaGameDemoEnd	bq::MinigameScene	a	a	0		undefined8 OnCharaGameDemoEnd(void)
7100014404	8	OnGameInstInit	bq::MinigameScene	a	a	0		undefined8 OnGameInstInit(void)
710001440c	8	OnGameStartBefore	bq::MinigameScene	a	a	0		undefined8 OnGameStartBefore(void)
7100014414	8	OnGameStartTelopBefore	bq::MinigameScene	a	a	0		undefined8 OnGameStartTelopBefore(void)
710001441c	8	OnGameStart	bq::MinigameScene	a	a	0		undefined8 OnGameStart(void)
7100014424	8	OnGameEndingFade	bq::MinigameScene	a	a	0		undefined8 OnGameEndingFade(void)
710001442c	8	OnGameEndingChangeCut	bq::MinigameScene	a	a	0		undefined8 OnGameEndingChangeCut(void)
7100014434	8	OnGameEndingBefore	bq::MinigameScene	a	a	0		undefined8 OnGameEndingBefore(void)
710001443c	8	OnGameEnding	bq::MinigameScene	a	a	0		undefined8 OnGameEnding(void)
7100014444	8	OnGameEndingAfter	bq::MinigameScene	a	a	0		undefined8 OnGameEndingAfter(void)
710001444c	8	OnGameEndingSkip	bq::MinigameScene	a	a	0		undefined8 OnGameEndingSkip(void)
7100014454	8	OnGameLastFade	bq::MinigameScene	a	a	0		undefined8 OnGameLastFade(void)
710001445c	8	OnGameExit	bq::MinigameScene	a	a	0		undefined8 OnGameExit(void)
7100014464	4	~Params	mg0114::Scene::Params	a	a	0		undefined ~Params(Params * this)
7100014468	220	getInstanceTypeinfo	mg0114::Scene::Params	a	a	0		undefined8 getInstanceTypeinfo(void)
7100014544	16	GetSymbol	mg0114::Scene::Params	a	a	0		undefined8 GetSymbol(void)
7100014554	4	~Class	rtti::Class	a	a	0		undefined ~Class(void)
7100014560	428	~Player	mg0114::Player	a	a	0		undefined ~Player(Player * this)
7100014720	2100	FUN_7100014720		d	a	0		undefined FUN_7100014720(long * param_1, long * param_2, long param_3)
7100014f80	332	FUN_7100014f80		d	a	0		ulong FUN_7100014f80(undefined8 * param_1, undefined8 * param_2, undefined8 * param_3, undefined8 * param_4, undefined8 * param_5)
71000150d0	408	FUN_71000150d0		d	a	0		undefined8 FUN_71000150d0(undefined8 * param_1, undefined8 * param_2, undefined8 * param_3)
7100015270	496	FUN_7100015270		d	a	0		bool FUN_7100015270(undefined8 * param_1, undefined8 * param_2)
7100015470	296	FUN_7100015470		d	a	0		ulong FUN_7100015470(undefined8 * param_1, undefined8 * param_2, undefined8 * param_3, undefined8 * param_4)
7100015598	228	FUN_7100015598		d	a	0		undefined FUN_7100015598(undefined8 param_1, Player * param_2)
7100015684	52	FUN_7100015684		d	a	0		undefined FUN_7100015684(long param_1)
71000156d0	4	FUN_71000156d0		d	a	0		undefined FUN_71000156d0(void)
71000156d4	4	operator.delete	<EXTERNAL>	d	a	1		void operator.delete(void * param_1)
71000156ec	52	FUN_71000156ec		d	a	0		undefined FUN_71000156ec(long param_1)
7100015738	4	FUN_7100015738		d	a	0		undefined FUN_7100015738(void)
710001573c	4	operator.delete	<EXTERNAL>	d	a	1		void operator.delete(void * param_1)
7100015740	96	FUN_7100015740		d	a	0		undefined FUN_7100015740(long param_1, uint * param_2, uint * param_3)
71000157a4	52	FUN_71000157a4		d	a	0		undefined FUN_71000157a4(long param_1)
71000157f0	4	FUN_71000157f0		d	a	0		undefined FUN_71000157f0(void)
71000157f4	4	operator.delete	<EXTERNAL>	d	a	1		void operator.delete(void * param_1)
710001580c	52	FUN_710001580c		d	a	0		undefined FUN_710001580c(long param_1)
7100015858	4	FUN_7100015858		d	a	0		undefined FUN_7100015858(void)
710001585c	4	operator.delete	<EXTERNAL>	d	a	1		void operator.delete(void * param_1)
7100015860	40	FUN_7100015860		d	a	0		undefined FUN_7100015860(long param_1)
7100015890	624	FUN_7100015890		d	a	0		undefined FUN_7100015890(void)
7100015b00	332	SetupGame	mg0114::Timer	a	a	0		undefined SetupGame(Timer * this)
7100015c54	60	Start	mg0114::Timer	a	a	0		undefined Start(undefined4 param_1, Timer * this)
7100015c90	520	Start	mg0114::Timer	a	a	0		undefined Start(undefined4 param_1, undefined4 param_2, Timer * this, string * param_4)
7100015e9c	92	Start	mg0114::Timer	a	a	0		undefined Start(undefined4 param_1, Timer * this, string * param_3)
7100015efc	52	Start	mg0114::Timer	a	a	0		undefined Start(undefined4 param_1, undefined4 param_2, Timer * param_3)
7100015f30	268	FindIndex	mg0114::Timer	a	a	0		int FindIndex(Timer * this, byte * param_1)
7100016040	476	Stop	mg0114::Timer	a	a	0		undefined Stop(Timer * this, string * param_1)
7100016224	4	SetPause	mg0114::Timer	a	a	0		undefined SetPause(void)
7100016230	388	SetPause	mg0114::Timer	a	a	0		undefined SetPause(Timer * this, string * param_1, byte param_2)
71000163c0	372	GetElapsedTimeSec	mg0114::Timer	a	a	0		undefined4 GetElapsedTimeSec(Timer * this, string * param_2)
7100016540	384	GetRemainTimeSec	mg0114::Timer	a	a	0		float GetRemainTimeSec(Timer * this, string * param_1)
71000166d0	392	GetProgressRate	mg0114::Timer	a	a	0		float GetProgressRate(Timer * this, string * param_1)
7100016860	396	GetRemainRate	mg0114::Timer	a	a	0		float GetRemainRate(Timer * this, string * param_1)
71000169f0	312	IsStarted	mg0114::Timer	a	a	0		uint IsStarted(Timer * this, string * param_1)
7100016b30	380	IsEnd	mg0114::Timer	a	a	0		bool IsEnd(Timer * this, string * param_1)
7100016cb0	380	IsActive	mg0114::Timer	a	a	0		bool IsActive(Timer * this, string * param_1)
7100016e30	132	Update	mg0114::Timer	a	a	0		undefined Update(Timer * this)
7100016ebc	20	FUN_7100016ebc		d	a	0		undefined FUN_7100016ebc(void)
7100016ed0	104	FUN_7100016ed0		d	a	0		undefined FUN_7100016ed0(undefined8 * param_1)
7100016f3c	52	FUN_7100016f3c		d	a	0		undefined FUN_7100016f3c(long param_1)
7100016f88	4	FUN_7100016f88		d	a	0		undefined FUN_7100016f88(void)
7100016f8c	4	operator.delete	<EXTERNAL>	d	a	1		void operator.delete(void * param_1)
710001701c	20	FUN_710001701c		d	a	0		undefined FUN_710001701c(void)
7100017030	460	__push_back_slow_path<mg0114::Timer::Param_const&>	std::vector<mg0114::Timer::Param,std::allocator<mg0114::Timer::Param>>	a	a	0		void __push_back_slow_path<mg0114::Timer::Param_const&>(vector<mg0114::Timer::Param,std::allocator<mg0114::Timer::Param>> * this, string * param_1)
7100017200	128	Register	mg0114::TimerMgr	a	a	0		undefined Register(TimerMgr * this, long * param_1)
7100017290	84	Update	mg0114::TimerMgr	a	a	0		undefined Update(TimerMgr * this)
71000172f0	580	__push_back_slow_path<std::function<void()>const&>	std::vector<std::function<void()>,std::allocator<std::function<void()>>>	a	a	0		void __push_back_slow_path<std::function<void()>const&>(vector<std::function<void()>,std::allocator<std::function<void()>>> * this, long * param_1)
7100017540	132	FUN_7100017540		d	a	0		undefined FUN_7100017540(undefined8 * param_1)
71000175c4	20	FUN_71000175c4		d	a	0		undefined FUN_71000175c4(void)
71000175d8	480	SetupGame	mg0114::UIMgr	a	a	0		undefined SetupGame(UIMgr * this)
71000177c0	468	AddComponent<bq::ComUiStatus,bq::ComUiStatus::UiStatusType_const&,bq::ComUiStatus::UiStatusMatchType_const&,bq::ComUiStatus::UiStatusPlaceType_const&,(void*)0>	nn::bezel::Entity	a	a	0		WeakHandle AddComponent<bq::ComUiStatus,bq::ComUiStatus::UiStatusType_const&,bq::ComUiStatus::UiStatusMatchType_const&,bq::ComUiStatus::UiStatusPlaceType_const&,(void*)0>(long * param_1_00, HandlePtr * param_2, undefined4 * param_3, undefined4 * param_4, undefined4 * param_5)
71000179a0	468	AddComponent<bq::ComUiCountUpTimer,,(void*)0>	nn::bezel::Entity	a	a	0		WeakHandle AddComponent<bq::ComUiCountUpTimer,,(void*)0>(long * param_1, HandlePtr * param_2)
7100017b7c	44	SetRank	mg0114::UIMgr	a	a	0		undefined SetRank(undefined8 * param_1, undefined4 * param_2)
7100017bac	460	SetVisibleGoalTime	mg0114::UIMgr	a	a	0		undefined SetVisibleGoalTime(UIMgr * this, int param_1, uint param_2)
7100017d7c	48	OnGameStartAfter	mg0114::UIMgr	a	a	0		undefined OnGameStartAfter(UIMgr * this)
7100017dac	32	OnGameFinishAfter	mg0114::UIMgr	a	a	0		undefined OnGameFinishAfter(UIMgr * this)
7100017dcc	84	SetGoalTimeSec	mg0114::UIMgr	a	a	0		undefined SetGoalTimeSec(UIMgr * this, undefined4 * param_1, int param_2)
7100017e24	8	StopTimer	mg0114::UIMgr	a	a	0		undefined StopTimer(void)
7100017e2c	384	SafeCreate<bq::ComUiStatus,nn::bezel::HandlePtr<nn::bezel::Entity>const&,bq::ComUiStatus::UiStatusType_const&,bq::ComUiStatus::UiStatusMatchType_const&,bq::ComUiStatus::UiStatusPlaceType_const&>	bex::ComponentUtil	a	a	0		WeakHandle SafeCreate<bq::ComUiStatus,nn::bezel::HandlePtr<nn::bezel::Entity>const&,bq::ComUiStatus::UiStatusType_const&,bq::ComUiStatus::UiStatusMatchType_const&,bq::ComUiStatus::UiStatusPlaceType_const&>(long * param_1_00, ComponentUtil * this, undefined4 * param_3, undefined4 * param_4, undefined4 * param_5)
7100017fbc	32	IsDerivedFrom	nn::bezel::detail::StaticTypeDesc<bq::ComUiStatus,false,nn::bezel::Component>	a	a	0		bool IsDerivedFrom(undefined * param_1)
7100017fdc	12	GetBaseTypeDesc	nn::bezel::detail::StaticTypeDesc<bq::ComUiStatus,false,nn::bezel::Component>	a	a	0		undefined * GetBaseTypeDesc(void)
7100017fe8	20	GetNextBaseTypeDesc	nn::bezel::detail::StaticTypeDesc<bq::ComUiStatus,false,nn::bezel::Component>	a	a	0		undefined * GetNextBaseTypeDesc(long param_1)
7100017ffc	8	CastTo	nn::bezel::detail::StaticTypeDesc<bq::ComUiStatus,false,nn::bezel::Component>	a	a	0		undefined8 CastTo(undefined8 param_1, undefined8 param_2)
7100018004	8	CastToConst	nn::bezel::detail::StaticTypeDesc<bq::ComUiStatus,false,nn::bezel::Component>	a	a	0		undefined8 CastToConst(undefined8 param_1, undefined8 param_2)
710001800c	360	SafeCreate<bq::ComUiCountUpTimer,nn::bezel::HandlePtr<nn::bezel::Entity>const&>	bex::ComponentUtil	a	a	0		WeakHandle SafeCreate<bq::ComUiCountUpTimer,nn::bezel::HandlePtr<nn::bezel::Entity>const&>(long * param_1, ComponentUtil * this)
7100018184	32	IsDerivedFrom	nn::bezel::detail::StaticTypeDesc<bq::ComUiCountUpTimer,false,nn::bezel::Component>	a	a	0		bool IsDerivedFrom(undefined * param_1)
71000181a4	12	GetBaseTypeDesc	nn::bezel::detail::StaticTypeDesc<bq::ComUiCountUpTimer,false,nn::bezel::Component>	a	a	0		undefined * GetBaseTypeDesc(void)
71000181b0	20	GetNextBaseTypeDesc	nn::bezel::detail::StaticTypeDesc<bq::ComUiCountUpTimer,false,nn::bezel::Component>	a	a	0		undefined * GetNextBaseTypeDesc(long param_1)
71000181c4	8	CastTo	nn::bezel::detail::StaticTypeDesc<bq::ComUiCountUpTimer,false,nn::bezel::Component>	a	a	0		undefined8 CastTo(undefined8 param_1, undefined8 param_2)
71000181cc	8	CastToConst	nn::bezel::detail::StaticTypeDesc<bq::ComUiCountUpTimer,false,nn::bezel::Component>	a	a	0		undefined8 CastToConst(undefined8 param_1, undefined8 param_2)
71000181e0	8	RegisterGeneratedBindCodes_mg0114	nn::bezel::detail::autogen	a	a	0		undefined8 RegisterGeneratedBindCodes_mg0114(void)
71000181f0	16	SuppressDeadStrip_mg0114	nn::bezel::detail::autogen	a	a	0		undefined4 SuppressDeadStrip_mg0114(void)
7100018200	8	RegisterGeneratedBindCodes_sharedPCH	nn::bezel::detail::autogen	a	a	0		undefined8 RegisterGeneratedBindCodes_sharedPCH(void)
7100018210	16	SuppressDeadStrip_sharedPCH	nn::bezel::detail::autogen	a	a	0		undefined4 SuppressDeadStrip_sharedPCH(void)
7100018220	20	FUN_7100018220		d	a	0		undefined FUN_7100018220(void)
7100018240	16	__nnmusl_init_dso		i	d	1		undefined __nnmusl_init_dso()
7100018250	16	ProtectRelro	<EXTERNAL>::nn::ro	d	a	1		undefined ProtectRelro(void * param_1, void * param_2, void * param_3, void * param_4, void * param_5)
7100018260	16	__nnmusl_fini_dso		i	d	1		undefined __nnmusl_fini_dso()
7100018270	16	__cxa_guard_acquire		i	d	1		undefined __cxa_guard_acquire()
7100018280	16	__cxa_guard_release		i	d	1		undefined __cxa_guard_release()
7100018290	16	SetupGame	mg0114::Camera	d	a	1		undefined SetupGame(Camera * this)
71000182a0	16	CreateSceneEntity	<EXTERNAL>::bq::SceneBase	d	a	1		undefined CreateSceneEntity(basic_string_view * param_1)
71000182b0	16	AddComponent<bq::ComMatter,bq::MatterType,(void*)0>	nn::bezel::Entity	d	a	1		WeakHandle AddComponent<bq::ComMatter,bq::MatterType,(void*)0>(long * param_1_00, HandlePtr * param_2, undefined4 * param_3)
71000182c0	16	GetCamera	<EXTERNAL>::nn::bezel::ComCamera	d	a	1		undefined GetCamera(void)
71000182d0	16	GetDefaultGraphicsLayer	<EXTERNAL>::nn::bezel::GraphicsCoreModule	d	a	1		undefined GetDefaultGraphicsLayer(void)
71000182e0	16	SetCamera	<EXTERNAL>::nn::bezel::GraphicsLayer	d	a	1		undefined SetCamera(WeakHandle * param_1)
71000182f0	16	AbortImpl	<EXTERNAL>::nn::diag::detail	d	a	1		undefined AbortImpl(void)
7100018300	16	AddAnimation	<EXTERNAL>::actor::ComActorMotion	d	a	1		undefined AddAnimation(StringViewHashPair * param_1, basic_string_view * param_2, bool param_3, AnimatinType param_4, bool param_5, bool param_6)
7100018310	16	Check	<EXTERNAL>::bq::flag	d	a	1		undefined Check(FLAG param_1)
7100018320	16	SetSpeed	<EXTERNAL>::actor::ComActorMotion	d	a	1		undefined SetSpeed(float param_1)
7100018330	16	Play	<EXTERNAL>::actor::ComActorMotion	d	a	1		undefined Play(StringViewHashPair * param_1)
7100018340	16	SetTranslation	<EXTERNAL>::nn::bezel::Entity	d	a	1		undefined SetTranslation(Vector3f * param_1)
7100018350	16	SetupGame	mg0114::Timer	d	a	1		undefined SetupGame(Timer * this)
7100018360	16	__cxa_begin_catch		i	d	1		undefined __cxa_begin_catch()
7100018370	16	terminate	<EXTERNAL>::std	d	a	1		undefined terminate(void)
7100018380	16	SafeCreate<bq::ComMatter,nn::bezel::HandlePtr<nn::bezel::Entity>const&,bq::MatterType>	bex::ComponentUtil	d	a	1		WeakHandle SafeCreate<bq::ComMatter,nn::bezel::HandlePtr<nn::bezel::Entity>const&,bq::MatterType>(long * param_1_00, ComponentUtil * this, undefined4 * param_3)
7100018390	16	_internalCheckComponentValidity	<EXTERNAL>::nn::bezel::Entity	d	a	1		undefined _internalCheckComponentValidity(HandlePtr * param_1)
71000183a0	16	AddComponentImpl	<EXTERNAL>::nn::bezel::Entity	d	a	1		undefined AddComponentImpl(HandlePtr * param_1)
71000183b0	16	OnGameOpeningSkip	mg0114::Camera	d	a	1		undefined OnGameOpeningSkip(Camera * this)
71000183c0	16	OnGameOpening	mg0114::Camera	d	a	1		undefined OnGameOpening(Camera * this)
71000183d0	16	IsFinished	<EXTERNAL>::actor::ComActorMotion	d	a	1		undefined IsFinished(void)
71000183e0	16	OnGameStartAfter	mg0114::Camera	d	a	1		undefined OnGameStartAfter(void)
71000183f0	16	Stop	<EXTERNAL>::actor::ComActorMotion	d	a	1		undefined Stop(void)
7100018400	16	OnGameMain	mg0114::Camera	d	a	1		undefined OnGameMain(Camera * this, int param_1, uint param_2)
7100018410	16	Start	mg0114::Timer	d	a	1		undefined Start(undefined4 param_1, Timer * this, string * param_3)
7100018420	16	operator.delete	<EXTERNAL>	d	a	1		void operator.delete(void * param_1)
7100018430	16	GetProgressRate	mg0114::Timer	d	a	1		float GetProgressRate(Timer * this, string * param_1)
7100018440	16	IsEnd	mg0114::Timer	d	a	1		bool IsEnd(Timer * this, string * param_1)
7100018450	16	PlayOpeningShowGoal	mg0114::Camera	d	a	1		undefined PlayOpeningShowGoal(Camera * this)
7100018460	16	PlayOpeningZoomInStartPos	mg0114::Camera	d	a	1		undefined PlayOpeningZoomInStartPos(Camera * this)
7100018470	16	ProcessGoal	mg0114::Camera	d	a	1		undefined ProcessGoal(Camera * this)
7100018480	16	SetFrame	<EXTERNAL>::actor::ComActorMotion	d	a	1		undefined SetFrame(float param_1)
7100018490	16	PlayShakeAnimation	mg0114::Camera	d	a	1		undefined PlayShakeAnimation(Camera * this)
71000184a0	16	operator.new	<EXTERNAL>	d	a	1		void * operator.new(ulong param_1, ulong param_2, HeapID param_3)
71000184b0	16	ComMatter	<EXTERNAL>::bq::ComMatter	d	a	1		undefined ComMatter(ComMatter * this, HandlePtr * param_1, MatterType param_2, bool param_3)
71000184c0	16	ToStringFillZero	mg0114	d	a	1		undefined ToStringFillZero(undefined8 * param_1, undefined8 param_2_00, int param_3, int param_4)
71000184d0	16	to_string	<EXTERNAL>::std	d	a	1		undefined to_string(int param_1)
71000184e0	16	operator.new	<EXTERNAL>	d	a	1		void * operator.new(ulong param_1)
71000184f0	16	memset		i	i	1		void * memset(void * __s, int __c, size_t __n)
7100018500	16	insert	<EXTERNAL>::std::string	d	a	1		undefined insert(ulong param_1, char * param_2)
7100018510	16	append	<EXTERNAL>::std::string	d	a	1		undefined append(char * param_1, ulong param_2)
7100018520	16	_Unwind_Resume		i	d	1		undefined _Unwind_Resume()
7100018530	16	SetupGame	mg0114::Heyho	d	a	1		undefined SetupGame(undefined1[16] param_1_00, undefined1[16] param_2, undefined1[16] param_3, long param_4, Timer * param_5, long * param_6)
7100018540	16	AddComponent<bq::ComMatter,bq::NonPlayerCharacterID,nn::bezel::ModelCreateArg&,(void*)0>	nn::bezel::Entity	d	a	1		WeakHandle AddComponent<bq::ComMatter,bq::NonPlayerCharacterID,nn::bezel::ModelCreateArg&,(void*)0>(long * param_1_00, HandlePtr * param_2, undefined4 * param_3, undefined8 param_4)
7100018550	16	SafeGetMotion	<EXTERNAL>::bq::ComMatter	d	a	1		undefined SafeGetMotion(void)
7100018560	16	FindBoneIndex	<EXTERNAL>::nn::bezel::ComModel	d	a	1		undefined FindBoneIndex(basic_string_view param_1)
7100018570	16	CalculateLocalTransform	<EXTERNAL>::nn::bezel::SkeletonPose	d	a	1		undefined CalculateLocalTransform(int param_1)
7100018580	16	SetRotation	<EXTERNAL>::nn::bezel::Entity	d	a	1		undefined SetRotation(Quaternion * param_1)
7100018590	16	AddIgnoreKey	<EXTERNAL>::bex::ComFxTrigger	d	a	1		undefined AddIgnoreKey(StringViewHashPair * param_1)
71000185a0	16	Stop	<EXTERNAL>::bex::ComFxTrigger	d	a	1		undefined Stop(basic_string_view * param_1)
71000185b0	16	SafeGetModel	<EXTERNAL>::bq::ComMatter	d	a	1		undefined SafeGetModel(void)
71000185c0	16	FindMaterial	<EXTERNAL>::nn::bezel::ComModel	d	a	1		undefined FindMaterial(basic_string_view param_1)
71000185d0	16	MaterialHandle	<EXTERNAL>::nn::bezel::MaterialHandle	d	a	1		undefined MaterialHandle(MaterialHandle * this)
71000185e0	16	Reset	<EXTERNAL>::nn::bezel::MaterialHandle	d	a	1		undefined Reset(Material * param_1)
71000185f0	16	SafeLock	<EXTERNAL>::nn::bezel::MaterialHandle	d	a	1		undefined SafeLock(void)
7100018600	16	~MaterialHandle	<EXTERNAL>::nn::bezel::MaterialHandle	d	a	1		undefined ~MaterialHandle(MaterialHandle * this)
7100018610	16	FindParam	<EXTERNAL>::nn::bezel::Material	d	a	1		undefined FindParam(basic_string_view param_1)
7100018620	16	GetVector4	<EXTERNAL>::nn::bezel::MaterialParam	d	a	1		undefined GetVector4(void)
7100018630	16	SetVector4	<EXTERNAL>::nn::bezel::MaterialParam	d	a	1		undefined SetVector4(Vector4f * param_1)
7100018640	16	AddComponent<bq::ComMatter,char_const(&)[38],(void*)0>	nn::bezel::Entity	d	a	1		WeakHandle AddComponent<bq::ComMatter,char_const(&)[38],(void*)0>(long * param_1_00, HandlePtr * param_2, char * param_3)
7100018650	16	AddComponent<nn::bezel::ComAttachment,,(void*)0>	nn::bezel::Entity	d	a	1		WeakHandle AddComponent<nn::bezel::ComAttachment,,(void*)0>(long * param_1, HandlePtr * param_2)
7100018660	16	GetBoneSocket	<EXTERNAL>::nn::bezel::ComModel	d	a	1		undefined GetBoneSocket(basic_string_view param_1)
7100018670	16	SetTarget	<EXTERNAL>::nn::bezel::ComAttachment	d	a	1		undefined SetTarget(WeakHandle * param_1)
7100018680	16	SafeCreate<bq::ComMatter,nn::bezel::HandlePtr<nn::bezel::Entity>const&,bq::NonPlayerCharacterID,nn::bezel::ModelCreateArg&>	bex::ComponentUtil	d	a	1		WeakHandle SafeCreate<bq::ComMatter,nn::bezel::HandlePtr<nn::bezel::Entity>const&,bq::NonPlayerCharacterID,nn::bezel::ModelCreateArg&>(long * param_1_00, ComponentUtil * this, undefined4 * param_3, undefined8 param_4)
7100018690	16	SafeCreate<bq::ComMatter,nn::bezel::HandlePtr<nn::bezel::Entity>const&,char_const(&)[38]>	bex::ComponentUtil	d	a	1		WeakHandle SafeCreate<bq::ComMatter,nn::bezel::HandlePtr<nn::bezel::Entity>const&,char_const(&)[38]>(long * param_1_00, ComponentUtil * this, char * param_3)
71000186a0	16	Create	<EXTERNAL>::nn::bezel::ComAttachment	d	a	1		undefined Create(HandlePtr * param_1)
71000186b0	16	OnGameMain	mg0114::Heyho	d	a	1		undefined OnGameMain(Heyho * this)
71000186c0	16	GetFrame	<EXTERNAL>::actor::ComActorMotion	d	a	1		undefined GetFrame(void)
71000186d0	16	Start	mg0114::Timer	d	a	1		undefined Start(undefined4 param_1, Timer * this)
71000186e0	16	AnimationName	actor::MotionArg	d	a	1		MotionArg * AnimationName(MotionArg * this, long param_1)
71000186f0	16	Play	<EXTERNAL>::actor::ComActorMotion	d	a	1		undefined Play(MotionArg * param_1)
7100018700	16	Free	<EXTERNAL>::bex::HeapModule	d	a	1		undefined Free(void * param_1)
7100018710	16	Alloc	<EXTERNAL>::bex::HeapModule	d	a	1		undefined Alloc(HeapID param_1, ulong param_2, int param_3, char * param_4, int param_5, char * param_6, char * param_7)
7100018720	16	memmove		i	i	1		void * memmove(void * __dest, void * __src, size_t __n)
7100018730	16	OnGameEnd	mg0114::Heyho	d	a	1		undefined OnGameEnd(Heyho * this)
7100018740	16	ProcessSwing	mg0114::Heyho	d	a	1		undefined ProcessSwing(Heyho * this)
7100018750	16	__cxa_allocate_exception		i	d	1		undefined __cxa_allocate_exception()
7100018760	16	__cxa_throw		i	d	1		undefined __cxa_throw()
7100018770	16	__cxa_free_exception		i	d	1		undefined __cxa_free_exception()
7100018780	16	logic_error	<EXTERNAL>::std::logic_error	d	a	1		undefined logic_error(logic_error * this, char * param_1)
7100018790	16	ComMatter	<EXTERNAL>::bq::ComMatter	d	a	1		undefined ComMatter(ComMatter * this, HandlePtr * param_1, NonPlayerCharacterID param_2, ModelCreateArg * param_3)
71000187a0	16	strlen		i	i	1		size_t strlen(char * __s)
71000187b0	16	ComMatter	<EXTERNAL>::bq::ComMatter	d	a	1		undefined ComMatter(ComMatter * this, HandlePtr * param_1, basic_string_view * param_2, bool param_3)
71000187c0	16	Heyho	mg0114::Heyho	d	a	1		undefined Heyho(Heyho * this)
71000187d0	16	GetCurrentWorld3d	<EXTERNAL>::bex::Scene	d	a	1		undefined GetCurrentWorld3d(void)
71000187e0	16	UnregisterPoolInstance	<EXTERNAL>::bex::EffectModule	d	a	1		undefined UnregisterPoolInstance(basic_string_view * param_1, WeakHandle * param_2)
71000187f0	16	~array	std::array<mg0114::Map::Sand,4ul>	d	a	1		undefined ~array(array<mg0114::Map::Sand,4ul> * this)
7100018800	16	~Map	mg0114::Map	d	a	1		undefined ~Map(Map * this)
7100018810	16	SetupGame	mg0114::Map	d	a	1		undefined SetupGame(undefined1[16] param_1, undefined1[16] param_2, undefined1[16] param_3, long param_4, Map * this)
7100018820	16	AddComponent<bq::ComMatter,char_const(&)[32],(void*)0>	nn::bezel::Entity	d	a	1		WeakHandle AddComponent<bq::ComMatter,char_const(&)[32],(void*)0>(long * param_1_00, HandlePtr * param_2, char * param_3)
7100018830	16	AddComponent<bq::ComMatter,char_const(&)[39],(void*)0>	nn::bezel::Entity	d	a	1		WeakHandle AddComponent<bq::ComMatter,char_const(&)[39],(void*)0>(long * param_1_00, HandlePtr * param_2, char * param_3)
7100018840	16	RegisterPoolInstance	<EXTERNAL>::bex::EffectModule	d	a	1		undefined RegisterPoolInstance(basic_string_view * param_1, WeakHandle * param_2, uint param_3, int param_4)
7100018850	16	SetupEnvironment	mg0114::Map	d	a	1		undefined SetupEnvironment(Map * this)
7100018860	16	SetupLanthanum	mg0114::Map	d	a	1		undefined SetupLanthanum(Map * this)
7100018870	16	SetupRock	mg0114::Map	d	a	1		undefined SetupRock(Map * this)
7100018880	16	SetupGrass	mg0114::Map	d	a	1		undefined SetupGrass(Map * this)
7100018890	16	SetupFlower	mg0114::Map	d	a	1		undefined SetupFlower(Map * this)
71000188a0	16	SetupSand	mg0114::Map	d	a	1		undefined SetupSand(long param_1)
71000188b0	16	SafeCreate<bq::ComMatter,nn::bezel::HandlePtr<nn::bezel::Entity>const&,char_const(&)[32]>	bex::ComponentUtil	d	a	1		WeakHandle SafeCreate<bq::ComMatter,nn::bezel::HandlePtr<nn::bezel::Entity>const&,char_const(&)[32]>(long * param_1_00, ComponentUtil * this, char * param_3)
71000188c0	16	SafeCreate<bq::ComMatter,nn::bezel::HandlePtr<nn::bezel::Entity>const&,char_const(&)[39]>	bex::ComponentUtil	d	a	1		WeakHandle SafeCreate<bq::ComMatter,nn::bezel::HandlePtr<nn::bezel::Entity>const&,char_const(&)[39]>(long * param_1_00, ComponentUtil * this, char * param_3)
71000188d0	16	AddComponent<bq::ComMatter,char_const(&)[41],(void*)0>	nn::bezel::Entity	d	a	1		WeakHandle AddComponent<bq::ComMatter,char_const(&)[41],(void*)0>(long * param_1_00, HandlePtr * param_2, char * param_3)
71000188e0	16	AddComponent<bq::ComMatter,char_const(&)[30],(void*)0>	nn::bezel::Entity	d	a	1		WeakHandle AddComponent<bq::ComMatter,char_const(&)[30],(void*)0>(long * param_1_00, HandlePtr * param_2, char * param_3)
71000188f0	16	Deactivate	<EXTERNAL>::nn::bezel::Entity	d	a	1		undefined Deactivate(void)
7100018900	16	AddComponent<bq::ComMatter,char_const(&)[35],(void*)0>	nn::bezel::Entity	d	a	1		WeakHandle AddComponent<bq::ComMatter,char_const(&)[35],(void*)0>(long * param_1_00, HandlePtr * param_2, char * param_3)
7100018910	16	SetVisible	<EXTERNAL>::nn::bezel::ComModel	d	a	1		undefined SetVisible(bool param_1)
7100018920	16	AddComponent<bq::ComMatter,char_const(&)[36],(void*)0>	nn::bezel::Entity	d	a	1		WeakHandle AddComponent<bq::ComMatter,char_const(&)[36],(void*)0>(long * param_1_00, HandlePtr * param_2, char * param_3)
7100018930	16	AddComponent<bq::ComMatter,char_const(&)[31],(void*)0>	nn::bezel::Entity	d	a	1		WeakHandle AddComponent<bq::ComMatter,char_const(&)[31],(void*)0>(long * param_1_00, HandlePtr * param_2, char * param_3)
7100018940	16	AddComponent<bq::ComMatter,char_const(&)[42],(void*)0>	nn::bezel::Entity	d	a	1		WeakHandle AddComponent<bq::ComMatter,char_const(&)[42],(void*)0>(long * param_1_00, HandlePtr * param_2, char * param_3)
7100018950	16	__push_back_slow_path<nn::bezel::HandlePtr<actor::ComActorMotion>const&>	std::vector<nn::bezel::HandlePtr<actor::ComActorMotion>,std::allocator<nn::bezel::HandlePtr<actor::ComActorMotion>>>	d	a	1		void __push_back_slow_path<nn::bezel::HandlePtr<actor::ComActorMotion>const&>(vector<nn::bezel::HandlePtr<actor::ComActorMotion>,std::allocator<nn::bezel::HandlePtr<actor::ComActorMotion>>> * this, long * param_1)
7100018960	16	append	<EXTERNAL>::std::string	d	a	1		undefined append(char * param_1)
7100018970	16	FindBoneIndex	<EXTERNAL>::nn::bezel::SkeletonPose	d	a	1		undefined FindBoneIndex(char * param_1)
7100018980	16	AddComponent<bq::ComMatter,char_const(&)[40],(void*)0>	nn::bezel::Entity	d	a	1		WeakHandle AddComponent<bq::ComMatter,char_const(&)[40],(void*)0>(long * param_1_00, HandlePtr * param_2, char * param_3)
7100018990	16	SetParent	<EXTERNAL>::nn::bezel::Entity	d	a	1		undefined SetParent(WeakHandle * param_1)
71000189a0	16	GetBoneSocket	<EXTERNAL>::nn::bezel::ComModel	d	a	1		undefined GetBoneSocket(int param_1)
71000189b0	16	Play	<EXTERNAL>::bex::ComFxTrigger	d	a	1		undefined Play(basic_string_view * param_1)
71000189c0	16	AddComponent<bq::ComMatter,char_const(&)[37],(void*)0>	nn::bezel::Entity	d	a	1		WeakHandle AddComponent<bq::ComMatter,char_const(&)[37],(void*)0>(long * param_1_00, HandlePtr * param_2, char * param_3)
71000189d0	16	AddComponent<bq::ComMatter,char_const*,(void*)0>	nn::bezel::Entity	d	a	1		WeakHandle AddComponent<bq::ComMatter,char_const*,(void*)0>(long * param_1_00, HandlePtr * param_2, undefined8 * param_3)
71000189e0	16	OnGameOpeningSkip	mg0114::Map	d	a	1		undefined OnGameOpeningSkip(Map * this)
71000189f0	16	OnGameStartAfter	mg0114::Map	d	a	1		undefined OnGameStartAfter(void)
7100018a00	16	OnGameMain	mg0114::Map	d	a	1		undefined OnGameMain(Map * this)
7100018a10	16	OnGameEnd	mg0114::Map	d	a	1		undefined OnGameEnd(Map * this)
7100018a20	16	StopShakeAnimation	mg0114::Map	d	a	1		undefined StopShakeAnimation(Map * this)
7100018a30	16	ResultSetup	mg0114::Map	d	a	1		undefined ResultSetup(Map * this)
7100018a40	16	Activate	<EXTERNAL>::nn::bezel::Entity	d	a	1		undefined Activate(void)
7100018a50	16	PlayGameGodRayAnimation	mg0114::Map	d	a	1		undefined PlayGameGodRayAnimation(Map * this)
7100018a60	16	ProcessSwing	mg0114::Map	d	a	1		undefined ProcessSwing(Map * this, uint param_1, int param_2)
7100018a70	16	UpdateSand	mg0114::Map	d	a	1		undefined UpdateSand(Map * this, uint * param_1, int param_2)
7100018a80	16	assign	<EXTERNAL>::std::string	d	a	1		undefined assign(char * param_1)
7100018a90	16	PlayShakeAnimation	mg0114::Map	d	a	1		undefined PlayShakeAnimation(Map * this)
7100018aa0	16	GetPlayerPositions	mg0114::Map	d	a	1		undefined GetPlayerPositions(long param_1, undefined1[16] param_2, undefined1[16] param_3, undefined1[16] param_4, undefined1[16] param_5, long param_6, int param_7)
7100018ab0	16	to_string<int>	bex	d	a	1		basic_string to_string<int>(long * param_1_00, int param_2)
7100018ac0	16	insert	std::basic_string<char,std::char_traits<char>,bex::HeapModule::Allocator_string<char>>	d	a	1		basic_string<char,std::char_traits<char>,bex::HeapModule::Allocator_string<char>> * insert(basic_string<char,std::char_traits<char>,bex::HeapModule::Allocator_string<char>> * this, ulong param_1, basic_string<char,std::char_traits<char>,bex::HeapModule::Allocator_string<char>> * param_2, ulong param_3)
7100018ad0	16	append	std::basic_string<char,std::char_traits<char>,bex::HeapModule::Allocator_string<char>>	d	a	1		basic_string<char,std::char_traits<char>,bex::HeapModule::Allocator_string<char>> * append(basic_string<char,std::char_traits<char>,bex::HeapModule::Allocator_string<char>> * this, void * param_1, ulong param_2)
7100018ae0	16	assign	<EXTERNAL>::std::string	d	a	1		undefined assign(char * param_1, ulong param_2)
7100018af0	16	init	<EXTERNAL>::std::ios_base	d	a	1		undefined init(void * param_1)
7100018b00	16	streambuf	<EXTERNAL>::std::streambuf	d	a	1		undefined streambuf(streambuf * this)
7100018b10	16	operator<<	<EXTERNAL>::std::ostream	d	a	1		undefined operator<<(ostream * this, int param_1)
7100018b20	16	str	std::basic_stringbuf<char,std::char_traits<char>,bex::HeapModule::Allocator_string<char>>	d	a	1		undefined str(long * param_1, long param_2)
7100018b30	16	~streambuf	<EXTERNAL>::std::streambuf	d	a	1		undefined ~streambuf(streambuf * this)
7100018b40	16	~ostream	<EXTERNAL>::std::ostream	d	a	1		undefined ~ostream(ostream * this)
7100018b50	16	~ios	<EXTERNAL>::std::ios	d	a	1		undefined ~ios(ios * this)
7100018b60	16	~basic_ostringstream	std::basic_ostringstream<char,std::char_traits<char>,bex::HeapModule::Allocator_string<char>>	d	a	1		undefined ~basic_ostringstream(basic_ostringstream<char,std::char_traits<char>,bex::HeapModule::Allocator_string<char>> * this)
7100018b70	16	SafeCreate<bq::ComMatter,nn::bezel::HandlePtr<nn::bezel::Entity>const&,char_const(&)[41]>	bex::ComponentUtil	d	a	1		WeakHandle SafeCreate<bq::ComMatter,nn::bezel::HandlePtr<nn::bezel::Entity>const&,char_const(&)[41]>(long * param_1_00, ComponentUtil * this, char * param_3)
7100018b80	16	SafeCreate<bq::ComMatter,nn::bezel::HandlePtr<nn::bezel::Entity>const&,char_const(&)[30]>	bex::ComponentUtil	d	a	1		WeakHandle SafeCreate<bq::ComMatter,nn::bezel::HandlePtr<nn::bezel::Entity>const&,char_const(&)[30]>(long * param_1_00, ComponentUtil * this, char * param_3)
7100018b90	16	SafeCreate<bq::ComMatter,nn::bezel::HandlePtr<nn::bezel::Entity>const&,char_const(&)[35]>	bex::ComponentUtil	d	a	1		WeakHandle SafeCreate<bq::ComMatter,nn::bezel::HandlePtr<nn::bezel::Entity>const&,char_const(&)[35]>(long * param_1_00, ComponentUtil * this, char * param_3)
7100018ba0	16	SafeCreate<bq::ComMatter,nn::bezel::HandlePtr<nn::bezel::Entity>const&,char_const(&)[36]>	bex::ComponentUtil	d	a	1		WeakHandle SafeCreate<bq::ComMatter,nn::bezel::HandlePtr<nn::bezel::Entity>const&,char_const(&)[36]>(long * param_1_00, ComponentUtil * this, char * param_3)
7100018bb0	16	SafeCreate<bq::ComMatter,nn::bezel::HandlePtr<nn::bezel::Entity>const&,char_const(&)[31]>	bex::ComponentUtil	d	a	1		WeakHandle SafeCreate<bq::ComMatter,nn::bezel::HandlePtr<nn::bezel::Entity>const&,char_const(&)[31]>(long * param_1_00, ComponentUtil * this, char * param_3)
7100018bc0	16	SafeCreate<bq::ComMatter,nn::bezel::HandlePtr<nn::bezel::Entity>const&,char_const(&)[42]>	bex::ComponentUtil	d	a	1		WeakHandle SafeCreate<bq::ComMatter,nn::bezel::HandlePtr<nn::bezel::Entity>const&,char_const(&)[42]>(long * param_1_00, ComponentUtil * this, char * param_3)
7100018bd0	16	SafeCreate<bq::ComMatter,nn::bezel::HandlePtr<nn::bezel::Entity>const&,char_const(&)[40]>	bex::ComponentUtil	d	a	1		WeakHandle SafeCreate<bq::ComMatter,nn::bezel::HandlePtr<nn::bezel::Entity>const&,char_const(&)[40]>(long * param_1_00, ComponentUtil * this, char * param_3)
7100018be0	16	SafeCreate<bq::ComMatter,nn::bezel::HandlePtr<nn::bezel::Entity>const&,char_const(&)[37]>	bex::ComponentUtil	d	a	1		WeakHandle SafeCreate<bq::ComMatter,nn::bezel::HandlePtr<nn::bezel::Entity>const&,char_const(&)[37]>(long * param_1_00, ComponentUtil * this, char * param_3)
7100018bf0	16	SafeCreate<bq::ComMatter,nn::bezel::HandlePtr<nn::bezel::Entity>const&,char_const*>	bex::ComponentUtil	d	a	1		WeakHandle SafeCreate<bq::ComMatter,nn::bezel::HandlePtr<nn::bezel::Entity>const&,char_const*>(long * param_1_00, ComponentUtil * this, undefined8 * param_3)
7100018c00	16	bad_array_new_length	<EXTERNAL>::std::bad_array_new_length	d	a	1		undefined bad_array_new_length(bad_array_new_length * this)
7100018c10	16	push_back	std::basic_string<char,std::char_traits<char>,bex::HeapModule::Allocator_string<char>>	d	a	1		undefined push_back(basic_string<char,std::char_traits<char>,bex::HeapModule::Allocator_string<char>> * this, basic_string<char,std::char_traits<char>,bex::HeapModule::Allocator_string<char>> param_2)
7100018c20	16	append	std::basic_string<char,std::char_traits<char>,bex::HeapModule::Allocator_string<char>>	d	a	1		basic_string<char,std::char_traits<char>,bex::HeapModule::Allocator_string<char>> * append(basic_string<char,std::char_traits<char>,bex::HeapModule::Allocator_string<char>> * this, ulong param_1, int param_2)
7100018c30	16	__cxa_end_catch		i	d	1		undefined __cxa_end_catch()
7100018c40	16	~ParamMgr	mg0114::ParamMgr	d	a	1		undefined ~ParamMgr(ParamMgr * this)
7100018c50	16	GetComInputTimeSec	mg0114::ParamMgr	d	a	1		undefined1[16] GetComInputTimeSec(ParamMgr * this, undefined4 param_2)
7100018c60	16	SyncRandRangeF	<EXTERNAL>::bex::RandModule	d	a	1		undefined SyncRandRangeF(float param_1, float param_2)
7100018c70	16	ParamMgr	mg0114::ParamMgr	d	a	1		undefined ParamMgr(ParamMgr * this, long param_1)
7100018c80	16	SetupGame	mg0114::Player	d	a	1		undefined SetupGame(Player * this, int * param_1, undefined4 param_2, undefined8 * param_3, long * param_4)
7100018c90	16	GetPlayers	<EXTERNAL>::bq::WorkModule	d	a	1		undefined GetPlayers(void)
7100018ca0	16	FindFromPlayerID	<EXTERNAL>::bq::PlayerWorkHolder	d	a	1		undefined FindFromPlayerID(PlayerID param_1)
7100018cb0	16	AddComponent<bq::ComMatter,bex::PlayerID_const&,bq::MatterType,(void*)0>	nn::bezel::Entity	d	a	1		WeakHandle AddComponent<bq::ComMatter,bex::PlayerID_const&,bq::MatterType,(void*)0>(long * param_1_00, HandlePtr * param_2, undefined4 * param_3, undefined4 * param_4)
7100018cc0	16	SafeGetActor	<EXTERNAL>::bq::ComMatter	d	a	1		undefined SafeGetActor(void)
7100018cd0	16	GetCharacterID	<EXTERNAL>::bq::PlayerWork	d	a	1		undefined GetCharacterID(void)
7100018ce0	16	ResultWinMotionSize	<EXTERNAL>::bq::CharacterData	d	a	1		undefined ResultWinMotionSize(PlayerCharacterID param_1)
7100018cf0	16	AddComponent<bq::ComMatter,char_const*const&,(void*)0>	nn::bezel::Entity	d	a	1		WeakHandle AddComponent<bq::ComMatter,char_const*const&,(void*)0>(long * param_1_00, HandlePtr * param_2, undefined8 * param_3)
7100018d00	16	CreateTexture	<EXTERNAL>::nn::bezel::GraphicsCoreModule	d	a	1		undefined CreateTexture(basic_string_view param_1)
7100018d10	16	SetTexture	<EXTERNAL>::bex::gfx::ComModelBuffer	d	a	1		undefined SetTexture(TextureType param_1, HandlePtr * param_2)
7100018d20	16	SetSecondaryIblBlendRate	<EXTERNAL>::bex::gfx::ComModelBuffer	d	a	1		undefined SetSecondaryIblBlendRate(float param_1)
7100018d30	16	SetInputControlEnabled	<EXTERNAL>::actor::ComActor	d	a	1		undefined SetInputControlEnabled(bool param_1)
7100018d40	16	EraseAction	<EXTERNAL>::actor::ComActor	d	a	1		undefined EraseAction(ActorHashedString * param_1)
7100018d50	16	ClearCollision	<EXTERNAL>::actor::ComActor	d	a	1		undefined ClearCollision(void)
7100018d60	16	GetComAnimator	<EXTERNAL>::actor::ComActorMotion	d	a	1		undefined GetComAnimator(void)
7100018d70	16	GetAnimation	<EXTERNAL>::nn::bezel::ComAnimator	d	a	1		undefined GetAnimation(StringViewHashPair * param_1)
7100018d80	16	SetLoopEnabled	<EXTERNAL>::nn::bezel::AnimationNode	d	a	1		undefined SetLoopEnabled(bool param_1)
7100018d90	16	RegisterAction	<EXTERNAL>::actor::ComActor	d	a	1		undefined RegisterAction(ActorHashedString * param_1, function * param_2)
7100018da0	16	CallAction	<EXTERNAL>::actor::ComActor	d	a	1		undefined CallAction(ActorHashedString * param_1, bool param_2)
7100018db0	16	SetupGame	mg0114::PlayerInputJoyCon	d	a	1		undefined SetupGame(Timer * param_1, undefined4 * param_2, undefined8 * param_3)
7100018dc0	16	SafeCreate<bq::ComMatter,nn::bezel::HandlePtr<nn::bezel::Entity>const&,bex::PlayerID_const&,bq::MatterType>	bex::ComponentUtil	d	a	1		WeakHandle SafeCreate<bq::ComMatter,nn::bezel::HandlePtr<nn::bezel::Entity>const&,bex::PlayerID_const&,bq::MatterType>(long * param_1_00, ComponentUtil * this, undefined4 * param_3, undefined4 * param_4)
7100018dd0	16	SafeCreate<bq::ComMatter,nn::bezel::HandlePtr<nn::bezel::Entity>const&,char_const*const&>	bex::ComponentUtil	d	a	1		WeakHandle SafeCreate<bq::ComMatter,nn::bezel::HandlePtr<nn::bezel::Entity>const&,char_const*const&>(long * param_1_00, ComponentUtil * this, undefined8 * param_3)
7100018de0	16	GetMotion	<EXTERNAL>::actor::ComActor	d	a	1		undefined GetMotion(void)
7100018df0	16	SetActionName	<EXTERNAL>::actor::ComActor	d	a	1		undefined SetActionName(ActorHashedString * param_1, bool param_2)
7100018e00	16	OnGameOpeningSkip	mg0114::Player	d	a	1		undefined OnGameOpeningSkip(Player * this)
7100018e10	16	OnGameOpening	mg0114::Player	d	a	1		undefined OnGameOpening(Player * this)
7100018e20	16	GetTranslation	<EXTERNAL>::nn::bezel::Entity	d	a	1		undefined GetTranslation(void)
7100018e30	16	GetDeltaTime	<EXTERNAL>::bex::MainModule	d	a	1		undefined GetDeltaTime(void)
7100018e40	16	LookAt	<EXTERNAL>::nn::bezel::Entity	d	a	1		undefined LookAt(Vector3f * param_1)
7100018e50	16	OnGameStartAfter	mg0114::Player	d	a	1		undefined OnGameStartAfter(Player * this)
7100018e60	16	GetPlayerType	<EXTERNAL>::bq::PlayerWork	d	a	1		undefined GetPlayerType(void)
7100018e70	16	OnGameStartAfter	mg0114::PlayerInputJoyCon	d	a	1		undefined OnGameStartAfter(PlayerInputJoyCon * this)
7100018e80	16	OnGameEnd	mg0114::Player	d	a	1		undefined OnGameEnd(Player * this)
7100018e90	16	Stop	mg0114::Timer	d	a	1		undefined Stop(Timer * this, string * param_1)
7100018ea0	16	ResultSetup	mg0114::Player	d	a	1		undefined ResultSetup(Player * this)
7100018eb0	16	_internalRemoveComponentByTypeDesc	<EXTERNAL>::nn::bezel::Entity	d	a	1		undefined _internalRemoveComponentByTypeDesc(TypeDesc * param_1)
7100018ec0	16	Teleport	<EXTERNAL>::nn::bezel::Entity	d	a	1		undefined Teleport(void)
7100018ed0	16	UpdateMain	mg0114::Player	d	a	1		undefined UpdateMain(Player * this)
7100018ee0	16	UpdateInputCom	mg0114::Player	d	a	1		undefined UpdateInputCom(Player * this)
7100018ef0	16	UpdateMain_SwingIn	mg0114::Player	d	a	1		undefined UpdateMain_SwingIn(Player * this)
7100018f00	16	UpdateMain_Swing	mg0114::Player	d	a	1		undefined UpdateMain_Swing(Player * this)
7100018f10	16	IsInputControlEnabled	<EXTERNAL>::actor::ComActor	d	a	1		undefined IsInputControlEnabled(void)
7100018f20	16	IsHoldSide	<EXTERNAL>::bex::InputModule	d	a	1		undefined IsHoldSide(PlayerID param_1)
7100018f30	16	IsHoldSideZ	<EXTERNAL>::bex::InputModule	d	a	1		undefined IsHoldSideZ(PlayerID param_1)
7100018f40	16	UpdateInput	mg0114::PlayerInputJoyCon	d	a	1		undefined4 UpdateInput(PlayerInputJoyCon * this)
7100018f50	16	AddSwingCount	mg0114::Player	d	a	1		undefined AddSwingCount(Player * this)
7100018f60	16	ProcessGoal	mg0114::Player	d	a	1		undefined ProcessGoal(Player * this)
7100018f70	16	IsStarted	mg0114::Timer	d	a	1		uint IsStarted(Timer * this, string * param_1)
7100018f80	16	GetComLevel	<EXTERNAL>::bq::PlayerWork	d	a	1		undefined GetComLevel(void)
7100018f90	16	GetCurrentAnimation	<EXTERNAL>::actor::ComActorMotion	d	a	1		undefined GetCurrentAnimation(void)
7100018fa0	16	ErrorIfCollision	<EXTERNAL>::nn::bezel::StringViewHashPair	d	a	1		undefined ErrorIfCollision(StringViewHashPair * param_1, StringViewHashPair * param_2)
7100018fb0	16	Play3D	<EXTERNAL>::bex::sound::SoundModule	d	a	1		undefined Play3D(char * param_1, Vector3f * param_2, float param_3)
7100018fc0	16	ComMatter	<EXTERNAL>::bq::ComMatter	d	a	1		undefined ComMatter(ComMatter * this, HandlePtr * param_1, PlayerID param_2, MatterType param_3)
7100018fd0	16	DefaultActionAnimation	<EXTERNAL>::actor::DefaultActorAction	d	a	1		undefined DefaultActionAnimation(ActionContext * param_1, ActorHashedString * param_2, StringViewHashPair * param_3, StringViewHashPair * param_4)
7100018fe0	16	~exception	<EXTERNAL>::std::exception	d	a	1		undefined ~exception(exception * this)
7100018ff0	16	AddComponent<actor::ComActorSixAxisSensor,,(void*)0>	nn::bezel::Entity	d	a	1		WeakHandle AddComponent<actor::ComActorSixAxisSensor,,(void*)0>(long * param_1, HandlePtr * param_2)
7100019000	16	SetPlayerID	<EXTERNAL>::actor::ComActorSixAxisSensor	d	a	1		undefined SetPlayerID(PlayerID param_1)
7100019010	16	CreateConverter	<EXTERNAL>::actor::ComActorSixAxisSensor	d	a	1		undefined CreateConverter(void)
7100019020	16	SetBufferSize	<EXTERNAL>::actor::SixAxisSensorConverter	d	a	1		undefined SetBufferSize(int param_1)
7100019030	16	SetRemoveGravity	<EXTERNAL>::actor::SixAxisSensorConverter	d	a	1		undefined SetRemoveGravity(bool param_1)
7100019040	16	SetRotateInPosture	<EXTERNAL>::actor::SixAxisSensorConverter	d	a	1		undefined SetRotateInPosture(bool param_1)
7100019050	16	SetInverseAcceleration	<EXTERNAL>::actor::SixAxisSensorConverter	d	a	1		undefined SetInverseAcceleration(bool param_1)
7100019060	16	Create	<EXTERNAL>::actor::ComActorSixAxisSensor	d	a	1		undefined Create(HandlePtr * param_1)
7100019070	16	GetElapsedTimeSec	mg0114::Timer	d	a	1		undefined4 GetElapsedTimeSec(Timer * this, string * param_2)
7100019080	16	GetPosture	<EXTERNAL>::actor::SixAxisSensorConverter	d	a	1		undefined GetPosture(void)
7100019090	16	acosf		i	i	1		float acosf(float __x)
71000190a0	16	SetupGame	mg0114::PlayerMgr	d	a	1		undefined SetupGame(PlayerMgr * this, uint * param_1, undefined4 param_2, undefined8 * param_3, long * param_4, long * param_5, long * param_6)
71000190b0	16	OnGameOpening	mg0114::PlayerMgr	d	a	1		undefined OnGameOpening(PlayerMgr * this)
71000190c0	16	OnGameOpeningSkip	mg0114::PlayerMgr	d	a	1		undefined OnGameOpeningSkip(PlayerMgr * this)
71000190d0	16	OnGameStartAfter	mg0114::PlayerMgr	d	a	1		undefined OnGameStartAfter(PlayerMgr * this)
71000190e0	16	OnGameEnd	mg0114::PlayerMgr	d	a	1		undefined OnGameEnd(PlayerMgr * this)
71000190f0	16	OnEndingInit	mg0114::PlayerMgr	d	a	1		undefined OnEndingInit(PlayerMgr * this, long * param_1)
7100019100	16	SetMinigameRank	<EXTERNAL>::bq::PlayerWork	d	a	1		undefined SetMinigameRank(GameRank param_1)
7100019110	16	SetMinigameWinLose	<EXTERNAL>::bq::PlayerWork	d	a	1		undefined SetMinigameWinLose(GameWinLose param_1)
7100019120	16	SetPlayer	<EXTERNAL>::bq::MGResult	d	a	1		undefined SetPlayer(PlayerID param_1, WeakHandle param_2)
7100019130	16	ResultSetup	mg0114::PlayerMgr	d	a	1		undefined ResultSetup(PlayerMgr * this)
7100019140	16	UpdateMain	mg0114::PlayerMgr	d	a	1		undefined UpdateMain(PlayerMgr * this)
7100019150	16	IsFinishedOpening	mg0114::PlayerMgr	d	a	1		bool IsFinishedOpening(PlayerMgr * this)
7100019160	16	IsAnyPlayerCompSwingIn	mg0114::PlayerMgr	d	a	1		bool IsAnyPlayerCompSwingIn(PlayerMgr * this)
7100019170	16	IsFinishedGame	mg0114::PlayerMgr	d	a	1		bool IsFinishedGame(PlayerMgr * this)
7100019180	16	IsSwinging	mg0114::PlayerMgr	d	a	1		undefined8 IsSwinging(PlayerMgr * this)
7100019190	16	IsActive	mg0114::Timer	d	a	1		bool IsActive(Timer * this, string * param_1)
71000191a0	16	GetTopPlayerID	mg0114::PlayerMgr	d	a	1		undefined GetTopPlayerID(uint * param_1, long param_2)
71000191b0	16	Scene	mg0114::Scene	d	a	1		undefined Scene(Scene * this)
71000191c0	16	getStaticTypeinfo	<EXTERNAL>::bq::MinigameScene	d	a	1		undefined getStaticTypeinfo(void)
71000191d0	16	Typeinfo	<EXTERNAL>::rtti::Typeinfo	d	a	1		undefined Typeinfo(Typeinfo * this, Typeinfo * param_1, char * param_2, char * param_3, _func_Property_ptr * param_4, _func_void_ptr * param_5, _func_void_void_ptr * param_6, uint param_7, uint param_8, _func_void_void_ptr_Property_ptr_PropertyList_ptr * param_9, _func_bool_void_ptr_Property_ptr_Typeinfo_ptr_uint * param_10)
71000191e0	16	Property	<EXTERNAL>::rtti::Property	d	a	1		undefined Property(Property * this)
71000191f0	16	checkGuiPropDefault	<EXTERNAL>::rtti::Typeinfo	d	a	1		undefined checkGuiPropDefault(void * param_1, Property * param_2, PropertyList * param_3)
7100019200	16	createGuiPropDefault	<EXTERNAL>::rtti::Typeinfo	d	a	1		undefined createGuiPropDefault(void * param_1, Property * param_2, Typeinfo * param_3, uint param_4)
7100019210	16	getStaticTypeinfo	<EXTERNAL>::bex::SceneParamBase	d	a	1		undefined getStaticTypeinfo(void)
7100019220	16	Property	<EXTERNAL>::rtti::Property	d	a	1		undefined Property(Property * this, char * param_1, char * param_2, uint param_3, void * param_4, Type * param_5)
7100019230	16	Property	<EXTERNAL>::rtti::Property	d	a	1		undefined Property(Property * this, char * param_1, char * param_2, uint param_3, void * param_4, Type * param_5, int param_6, int param_7, int param_8)
7100019240	16	MinigameScene	<EXTERNAL>::bq::MinigameScene	d	a	1		undefined MinigameScene(MinigameScene * this)
7100019250	16	LoadSceneNonPlayerCharacter	<EXTERNAL>::bq::CharacterDataModule	d	a	1		undefined LoadSceneNonPlayerCharacter(NonPlayerCharacterID param_1, bool param_2, bool param_3)
7100019260	16	SetSyncData	<EXTERNAL>::bex::NetworkGameScene	d	a	1		undefined SetSyncData(uchar param_1)
7100019270	16	~MinigameScene	<EXTERNAL>::bq::MinigameScene	d	a	1		undefined ~MinigameScene(MinigameScene * this)
7100019280	16	~Scene	mg0114::Scene	d	a	1		undefined ~Scene(Scene * this)
7100019290	16	SNPrintf	<EXTERNAL>::nn::util	d	a	1		undefined SNPrintf(char * param_1, ulong param_2, char * param_3, ...)
71000192a0	16	SetStartTelop	<EXTERNAL>::bq::MinigameScene	d	a	1		undefined SetStartTelop(TelopType param_1)
71000192b0	16	GetPlayerID	<EXTERNAL>::bq::PlayerWork	d	a	1		undefined GetPlayerID(void)
71000192c0	16	SetupGame	mg0114::UIMgr	d	a	1		undefined SetupGame(UIMgr * this)
71000192d0	16	Update	mg0114::TimerMgr	d	a	1		undefined Update(TimerMgr * this)
71000192e0	16	OnGameStartAfter	mg0114::UIMgr	d	a	1		undefined OnGameStartAfter(UIMgr * this)
71000192f0	16	LoadSettingPreset	<EXTERNAL>::bex::sound::SoundModule	d	a	1		undefined LoadSettingPreset(char * param_1)
7100019300	16	StopTimer	mg0114::UIMgr	d	a	1		undefined StopTimer(void)
7100019310	16	OnGameFinishAfter	mg0114::UIMgr	d	a	1		undefined OnGameFinishAfter(UIMgr * this)
7100019320	16	SetModel	<EXTERNAL>::bq::MGResult	d	a	1		undefined SetModel(WeakHandle param_1)
7100019330	16	ResultSetupFunction	<EXTERNAL>::bq::MGResult	d	a	1		undefined ResultSetupFunction(function * param_1)
7100019340	16	ProcessSwing	mg0114::Scene	d	a	1		undefined ProcessSwing(Scene * this, undefined4 * param_1, int param_2)
7100019350	16	GetOrder	<EXTERNAL>::bq::PlayerWork	d	a	1		undefined GetOrder(void)
7100019360	16	SetRank	mg0114::UIMgr	d	a	1		undefined SetRank(undefined8 * param_1, undefined4 * param_2)
7100019370	16	ProcessGoal	mg0114::Scene	d	a	1		undefined ProcessGoal(Scene * this, uint * param_1)
7100019380	16	SetGoalTimeSec	mg0114::UIMgr	d	a	1		undefined SetGoalTimeSec(UIMgr * this, undefined4 * param_1, int param_2)
7100019390	16	CurrentTime	<EXTERNAL>::bq::ComUiCountUpTimer	d	a	1		undefined CurrentTime(void)
71000193a0	16	SetPlayerRecord	<EXTERNAL>::bq::MGMgr	d	a	1		undefined SetPlayerRecord(PlayerID param_1, float param_2)
71000193b0	16	~Player	mg0114::Player	d	a	1		undefined ~Player(Player * this)
71000193c0	16	Register	mg0114::TimerMgr	d	a	1		undefined Register(TimerMgr * this, long * param_1)
71000193d0	16	Start	mg0114::Timer	d	a	1		undefined Start(undefined4 param_1, undefined4 param_2, Timer * this, string * param_4)
71000193e0	16	string	<EXTERNAL>::std::string	d	a	1		undefined string(string * this, string * param_1)
71000193f0	16	memcmp		i	i	1		int memcmp(void * __s1, void * __s2, size_t __n)
7100019400	16	operator=	<EXTERNAL>::std::string	d	a	1		undefined operator=(string * this, string * param_1)
7100019410	16	__push_back_slow_path<mg0114::Timer::Param_const&>	std::vector<mg0114::Timer::Param,std::allocator<mg0114::Timer::Param>>	d	a	1		void __push_back_slow_path<mg0114::Timer::Param_const&>(vector<mg0114::Timer::Param,std::allocator<mg0114::Timer::Param>> * this, string * param_1)
7100019420	16	__push_back_slow_path<std::function<void()>const&>	std::vector<std::function<void()>,std::allocator<std::function<void()>>>	d	a	1		void __push_back_slow_path<std::function<void()>const&>(vector<std::function<void()>,std::allocator<std::function<void()>>> * this, long * param_1)
7100019430	16	AddComponent<bq::ComUiStatus,bq::ComUiStatus::UiStatusType_const&,bq::ComUiStatus::UiStatusMatchType_const&,bq::ComUiStatus::UiStatusPlaceType_const&,(void*)0>	nn::bezel::Entity	d	a	1		WeakHandle AddComponent<bq::ComUiStatus,bq::ComUiStatus::UiStatusType_const&,bq::ComUiStatus::UiStatusMatchType_const&,bq::ComUiStatus::UiStatusPlaceType_const&,(void*)0>(long * param_1_00, HandlePtr * param_2, undefined4 * param_3, undefined4 * param_4, undefined4 * param_5)
7100019440	16	AddComponent<bq::ComUiCountUpTimer,,(void*)0>	nn::bezel::Entity	d	a	1		WeakHandle AddComponent<bq::ComUiCountUpTimer,,(void*)0>(long * param_1, HandlePtr * param_2)
7100019450	16	SetRank	<EXTERNAL>::bq::ComUiStatus	d	a	1		undefined SetRank(PlayerID param_1, GameRank param_2)
7100019460	16	SetVisibleGoalTime	mg0114::UIMgr	d	a	1		undefined SetVisibleGoalTime(UIMgr * this, int param_1, uint param_2)
7100019470	16	SafeCreate<bq::ComUiStatus,nn::bezel::HandlePtr<nn::bezel::Entity>const&,bq::ComUiStatus::UiStatusType_const&,bq::ComUiStatus::UiStatusMatchType_const&,bq::ComUiStatus::UiStatusPlaceType_const&>	bex::ComponentUtil	d	a	1		WeakHandle SafeCreate<bq::ComUiStatus,nn::bezel::HandlePtr<nn::bezel::Entity>const&,bq::ComUiStatus::UiStatusType_const&,bq::ComUiStatus::UiStatusMatchType_const&,bq::ComUiStatus::UiStatusPlaceType_const&>(long * param_1_00, ComponentUtil * this, undefined4 * param_3, undefined4 * param_4, undefined4 * param_5)
7100019480	16	SafeCreate<bq::ComUiCountUpTimer,nn::bezel::HandlePtr<nn::bezel::Entity>const&>	bex::ComponentUtil	d	a	1		WeakHandle SafeCreate<bq::ComUiCountUpTimer,nn::bezel::HandlePtr<nn::bezel::Entity>const&>(long * param_1, ComponentUtil * this)
7100019490	16	Start	<EXTERNAL>::bq::ComUiCountUpTimer	d	a	1		undefined Start(bool param_1)
71000194a0	16	In	<EXTERNAL>::bq::ComUiCountUpTimer	d	a	1		undefined In(bool param_1)
71000194b0	16	Out	<EXTERNAL>::bq::ComUiCountUpTimer	d	a	1		undefined Out(bool param_1)
71000194c0	16	SetValueFloat	<EXTERNAL>::bq::ComUiStatus	d	a	1		undefined SetValueFloat(PlayerID param_1, float param_2)
71000194d0	16	Stop	<EXTERNAL>::bq::ComUiCountUpTimer	d	a	1		undefined Stop(void)
71000194e0	16	ComUiStatus	<EXTERNAL>::bq::ComUiStatus	d	a	1		undefined ComUiStatus(ComUiStatus * this, HandlePtr * param_1, UiStatusType param_2, UiStatusMatchType param_3, UiStatusPlaceType param_4)
71000194f0	16	ComUiCountUpTimer	<EXTERNAL>::bq::ComUiCountUpTimer	d	a	1		undefined ComUiCountUpTimer(ComUiCountUpTimer * this, HandlePtr * param_1)
7100042000	1	end		i	d	0		undefined end()
7100043000	1	ProtectRelro	<EXTERNAL>::nn::ro	d	a	1		undefined ProtectRelro(void * param_1, void * param_2, void * param_3, void * param_4, void * param_5)
7100044000	1	__nnmusl_fini_dso	<EXTERNAL>	d	d	1		undefined __nnmusl_fini_dso()
7100045000	1	__cxa_guard_acquire	<EXTERNAL>	d	d	1		undefined __cxa_guard_acquire()
7100047000	1	__cxa_guard_release	<EXTERNAL>	d	d	1		undefined __cxa_guard_release()
710009e000	1	CreateSceneEntity	<EXTERNAL>::bq::SceneBase	d	a	1		undefined CreateSceneEntity(basic_string_view * param_1)
710009f000	1	GetCamera	<EXTERNAL>::nn::bezel::ComCamera	d	a	1		undefined GetCamera(void)
71000a1000	1	GetDefaultGraphicsLayer	<EXTERNAL>::nn::bezel::GraphicsCoreModule	d	a	1		undefined GetDefaultGraphicsLayer(void)
71000a2000	1	SetCamera	<EXTERNAL>::nn::bezel::GraphicsLayer	d	a	1		undefined SetCamera(WeakHandle * param_1)
71000a3000	1	AbortImpl	<EXTERNAL>::nn::diag::detail	d	a	1		undefined AbortImpl(void)
71000a4000	1	AddAnimation	<EXTERNAL>::actor::ComActorMotion	d	a	1		undefined AddAnimation(StringViewHashPair * param_1, basic_string_view * param_2, bool param_3, AnimatinType param_4, bool param_5, bool param_6)
71000a5000	1	Check	<EXTERNAL>::bq::flag	d	a	1		undefined Check(FLAG param_1)
71000a6000	1	SetSpeed	<EXTERNAL>::actor::ComActorMotion	d	a	1		undefined SetSpeed(float param_1)
71000a7000	1	Play	<EXTERNAL>::actor::ComActorMotion	d	a	1		undefined Play(StringViewHashPair * param_1)
71000a8000	1	SetTranslation	<EXTERNAL>::nn::bezel::Entity	d	a	1		undefined SetTranslation(Vector3f * param_1)
71000a9000	1	__cxa_begin_catch	<EXTERNAL>	d	d	1		undefined __cxa_begin_catch()
71000aa000	1	terminate	<EXTERNAL>::std	d	a	1		undefined terminate(void)
71000ab000	1	_internalCheckComponentValidity	<EXTERNAL>::nn::bezel::Entity	d	a	1		undefined _internalCheckComponentValidity(HandlePtr * param_1)
71000ac000	1	AddComponentImpl	<EXTERNAL>::nn::bezel::Entity	d	a	1		undefined AddComponentImpl(HandlePtr * param_1)
71000ad000	1	IsFinished	<EXTERNAL>::actor::ComActorMotion	d	a	1		undefined IsFinished(void)
71000ae000	1	Stop	<EXTERNAL>::actor::ComActorMotion	d	a	1		undefined Stop(void)
71000af000	1	operator.delete	<EXTERNAL>	d	a	1		void operator.delete(void * param_1)
71000b1000	1	SetFrame	<EXTERNAL>::actor::ComActorMotion	d	a	1		undefined SetFrame(float param_1)
71000b2000	1	operator.new	<EXTERNAL>	d	a	1		void * operator.new(ulong param_1, ulong param_2, HeapID param_3)
71000b3000	1	ComMatter	<EXTERNAL>::bq::ComMatter	d	a	1		undefined ComMatter(ComMatter * this, HandlePtr * param_1, MatterType param_2, bool param_3)
71000b5000	1	to_string	<EXTERNAL>::std	d	a	1		undefined to_string(int param_1)
71000b6000	1	operator.new	<EXTERNAL>	d	a	1		void * operator.new(ulong param_1)
71000b7000	1	memset	<EXTERNAL>	d	i	1		void * memset(void * __s, int __c, size_t __n)
71000b8000	1	insert	<EXTERNAL>::std::string	d	a	1		undefined insert(ulong param_1, char * param_2)
71000b9000	1	append	<EXTERNAL>::std::string	d	a	1		undefined append(char * param_1, ulong param_2)
71000ba000	1	_Unwind_Resume	<EXTERNAL>	d	d	1		undefined _Unwind_Resume()
71000bb000	1	SafeGetMotion	<EXTERNAL>::bq::ComMatter	d	a	1		undefined SafeGetMotion(void)
71000bc000	1	FindBoneIndex	<EXTERNAL>::nn::bezel::ComModel	d	a	1		undefined FindBoneIndex(basic_string_view param_1)
71000bd000	1	CalculateLocalTransform	<EXTERNAL>::nn::bezel::SkeletonPose	d	a	1		undefined CalculateLocalTransform(int param_1)
71000be000	1	SetRotation	<EXTERNAL>::nn::bezel::Entity	d	a	1		undefined SetRotation(Quaternion * param_1)
71000bf000	1	AddIgnoreKey	<EXTERNAL>::bex::ComFxTrigger	d	a	1		undefined AddIgnoreKey(StringViewHashPair * param_1)
71000c0000	1	Stop	<EXTERNAL>::bex::ComFxTrigger	d	a	1		undefined Stop(basic_string_view * param_1)
71000c1000	1	SafeGetModel	<EXTERNAL>::bq::ComMatter	d	a	1		undefined SafeGetModel(void)
71000c2000	1	FindMaterial	<EXTERNAL>::nn::bezel::ComModel	d	a	1		undefined FindMaterial(basic_string_view param_1)
71000c3000	1	MaterialHandle	<EXTERNAL>::nn::bezel::MaterialHandle	d	a	1		undefined MaterialHandle(MaterialHandle * this)
71000c4000	1	Reset	<EXTERNAL>::nn::bezel::MaterialHandle	d	a	1		undefined Reset(Material * param_1)
71000c5000	1	SafeLock	<EXTERNAL>::nn::bezel::MaterialHandle	d	a	1		undefined SafeLock(void)
71000c6000	1	~MaterialHandle	<EXTERNAL>::nn::bezel::MaterialHandle	d	a	1		undefined ~MaterialHandle(MaterialHandle * this)
71000c7000	1	FindParam	<EXTERNAL>::nn::bezel::Material	d	a	1		undefined FindParam(basic_string_view param_1)
71000c8000	1	GetVector4	<EXTERNAL>::nn::bezel::MaterialParam	d	a	1		undefined GetVector4(void)
71000c9000	1	SetVector4	<EXTERNAL>::nn::bezel::MaterialParam	d	a	1		undefined SetVector4(Vector4f * param_1)
71000ca000	1	GetBoneSocket	<EXTERNAL>::nn::bezel::ComModel	d	a	1		undefined GetBoneSocket(basic_string_view param_1)
71000cb000	1	SetTarget	<EXTERNAL>::nn::bezel::ComAttachment	d	a	1		undefined SetTarget(WeakHandle * param_1)
71000cc000	1	Create	<EXTERNAL>::nn::bezel::ComAttachment	d	a	1		undefined Create(HandlePtr * param_1)
71000cd000	1	GetFrame	<EXTERNAL>::actor::ComActorMotion	d	a	1		undefined GetFrame(void)
71000d3000	1	Play	<EXTERNAL>::actor::ComActorMotion	d	a	1		undefined Play(MotionArg * param_1)
71000d4000	1	Free	<EXTERNAL>::bex::HeapModule	d	a	1		undefined Free(void * param_1)
71000d7000	1	Alloc	<EXTERNAL>::bex::HeapModule	d	a	1		undefined Alloc(HeapID param_1, ulong param_2, int param_3, char * param_4, int param_5, char * param_6, char * param_7)
71000d8000	1	memmove	<EXTERNAL>	d	i	1		void * memmove(void * __dest, void * __src, size_t __n)
71000d9000	1	__cxa_allocate_exception	<EXTERNAL>	d	d	1		undefined __cxa_allocate_exception()
71000da000	1	~length_error	<EXTERNAL>::std::length_error	d	a	1		undefined ~length_error(length_error * this)
71000db000	1	__cxa_throw	<EXTERNAL>	d	d	1		undefined __cxa_throw()
71000dc000	1	__cxa_free_exception	<EXTERNAL>	d	d	1		undefined __cxa_free_exception()
71000dd000	1	logic_error	<EXTERNAL>::std::logic_error	d	a	1		undefined logic_error(logic_error * this, char * param_1)
71000df000	1	ComMatter	<EXTERNAL>::bq::ComMatter	d	a	1		undefined ComMatter(ComMatter * this, HandlePtr * param_1, NonPlayerCharacterID param_2, ModelCreateArg * param_3)
71000e0000	1	strlen	<EXTERNAL>	d	i	1		size_t strlen(char * __s)
71000e1000	1	ComMatter	<EXTERNAL>::bq::ComMatter	d	a	1		undefined ComMatter(ComMatter * this, HandlePtr * param_1, basic_string_view * param_2, bool param_3)
71000e5000	1	GetCurrentWorld3d	<EXTERNAL>::bex::Scene	d	a	1		undefined GetCurrentWorld3d(void)
71000e6000	1	UnregisterPoolInstance	<EXTERNAL>::bex::EffectModule	d	a	1		undefined UnregisterPoolInstance(basic_string_view * param_1, WeakHandle * param_2)
71000e7000	1	RegisterPoolInstance	<EXTERNAL>::bex::EffectModule	d	a	1		undefined RegisterPoolInstance(basic_string_view * param_1, WeakHandle * param_2, uint param_3, int param_4)
71000e8000	1	Deactivate	<EXTERNAL>::nn::bezel::Entity	d	a	1		undefined Deactivate(void)
71000e9000	1	SetVisible	<EXTERNAL>::nn::bezel::ComModel	d	a	1		undefined SetVisible(bool param_1)
71000ea000	1	append	<EXTERNAL>::std::string	d	a	1		undefined append(char * param_1)
71000eb000	1	FindBoneIndex	<EXTERNAL>::nn::bezel::SkeletonPose	d	a	1		undefined FindBoneIndex(char * param_1)
71000ec000	1	SetParent	<EXTERNAL>::nn::bezel::Entity	d	a	1		undefined SetParent(WeakHandle * param_1)
71000ed000	1	GetBoneSocket	<EXTERNAL>::nn::bezel::ComModel	d	a	1		undefined GetBoneSocket(int param_1)
71000ee000	1	Play	<EXTERNAL>::bex::ComFxTrigger	d	a	1		undefined Play(basic_string_view * param_1)
71000ef000	1	Activate	<EXTERNAL>::nn::bezel::Entity	d	a	1		undefined Activate(void)
71000f0000	1	assign	<EXTERNAL>::std::string	d	a	1		undefined assign(char * param_1)
71000f1000	1	assign	<EXTERNAL>::std::string	d	a	1		undefined assign(char * param_1, ulong param_2)
71000f3000	1	init	<EXTERNAL>::std::ios_base	d	a	1		undefined init(void * param_1)
71000f4000	1	streambuf	<EXTERNAL>::std::streambuf	d	a	1		undefined streambuf(streambuf * this)
71000f5000	1	operator<<	<EXTERNAL>::std::ostream	d	a	1		undefined operator<<(ostream * this, int param_1)
71000f6000	1	~streambuf	<EXTERNAL>::std::streambuf	d	a	1		undefined ~streambuf(streambuf * this)
71000f7000	1	~ostream	<EXTERNAL>::std::ostream	d	a	1		undefined ~ostream(ostream * this)
71000f8000	1	~ios	<EXTERNAL>::std::ios	d	a	1		undefined ~ios(ios * this)
71000f9000	1	~out_of_range	<EXTERNAL>::std::out_of_range	d	a	1		undefined ~out_of_range(out_of_range * this)
71000fb000	1	bad_array_new_length	<EXTERNAL>::std::bad_array_new_length	d	a	1		undefined bad_array_new_length(bad_array_new_length * this)
71000fc000	1	~bad_array_new_length	<EXTERNAL>::std::bad_array_new_length	d	a	1		undefined ~bad_array_new_length(bad_array_new_length * this)
71000fd000	1	__cxa_end_catch	<EXTERNAL>	d	d	1		undefined __cxa_end_catch()
71000fe000	1	~ostream	<EXTERNAL>::std::ostream	d	a	1		undefined ~ostream(ostream * this)
71000ff000	1	~ostream	<EXTERNAL>::std::ostream	d	a	1		undefined ~ostream(ostream * this)
