addr	size	name	namespace	namesrc	sigsrc	thunk	tags	signature
7100000080	12	nndetailRoGetRoDataStart		i	a	0		byte * nndetailRoGetRoDataStart(void)
7100000090	12	nndetailRoGetRoDataEnd		i	a	0		undefined * nndetailRoGetRoDataEnd(void)
71000000a0	352	_init		i	i	0		int _init(EVP_PKEY_CTX * ctx)
7100000200	144	_fini		i	a	0		undefined _fini(void)
7100000290	36	FUN_7100000290		d	a	0		undefined8 FUN_7100000290(long param_1)
7100000340	120	FUN_7100000340		d	a	0		undefined8 FUN_7100000340(undefined8 param_1, undefined8 param_2, long param_3)
71000003c0	184	FUN_71000003c0		d	a	0		undefined FUN_71000003c0(long param_1, ulong param_2, ulong param_3)
7100000480	88	FUN_7100000480		d	a	0		undefined FUN_7100000480(void)
71000004e0	80	FUN_71000004e0		d	a	0		undefined FUN_71000004e0(void)
7100000530	88	FUN_7100000530		d	a	0		undefined FUN_7100000530(void)
7100000590	88	FUN_7100000590		d	a	0		undefined FUN_7100000590(void)
71000005f0	80	FUN_71000005f0		d	a	0		undefined FUN_71000005f0(void)
7100000640	80	FUN_7100000640		d	a	0		undefined FUN_7100000640(void)
7100000690	88	FUN_7100000690		d	a	0		undefined FUN_7100000690(void)
71000006f0	88	FUN_71000006f0		d	a	0		undefined FUN_71000006f0(void)
7100000750	88	FUN_7100000750		d	a	0		undefined FUN_7100000750(void)
71000007b0	88	FUN_71000007b0		d	a	0		undefined FUN_71000007b0(void)
7100000810	88	FUN_7100000810		d	a	0		undefined FUN_7100000810(void)
7100000870	88	FUN_7100000870		d	a	0		undefined FUN_7100000870(void)
71000008d0	88	FUN_71000008d0		d	a	0		undefined FUN_71000008d0(void)
7100000930	88	FUN_7100000930		d	a	0		undefined FUN_7100000930(void)
7100000990	88	FUN_7100000990		d	a	0		undefined FUN_7100000990(void)
71000009f0	88	FUN_71000009f0		d	a	0		undefined FUN_71000009f0(void)
7100000a50	80	FUN_7100000a50		d	a	0		undefined FUN_7100000a50(void)
7100000aa0	80	FUN_7100000aa0		d	a	0		undefined FUN_7100000aa0(void)
7100000af0	80	FUN_7100000af0		d	a	0		undefined FUN_7100000af0(void)
7100000b40	80	FUN_7100000b40		d	a	0		undefined FUN_7100000b40(void)
7100000b90	88	FUN_7100000b90		d	a	0		undefined FUN_7100000b90(void)
7100000bf0	88	FUN_7100000bf0		d	a	0		undefined FUN_7100000bf0(void)
7100000c50	88	FUN_7100000c50		d	a	0		undefined FUN_7100000c50(void)
7100000cb0	88	FUN_7100000cb0		d	a	0		undefined FUN_7100000cb0(void)
7100000d10	88	FUN_7100000d10		d	a	0		undefined FUN_7100000d10(void)
7100000d70	88	FUN_7100000d70		d	a	0		undefined FUN_7100000d70(void)
7100000dd0	88	FUN_7100000dd0		d	a	0		undefined FUN_7100000dd0(void)
7100000e30	88	FUN_7100000e30		d	a	0		undefined FUN_7100000e30(void)
7100000e90	88	FUN_7100000e90		d	a	0		undefined FUN_7100000e90(void)
7100000ef0	88	FUN_7100000ef0		d	a	0		undefined FUN_7100000ef0(void)
7100000f50	88	FUN_7100000f50		d	a	0		undefined FUN_7100000f50(void)
7100000fb0	88	FUN_7100000fb0		d	a	0		undefined FUN_7100000fb0(void)
7100001010	88	FUN_7100001010		d	a	0		undefined FUN_7100001010(void)
7100001070	88	FUN_7100001070		d	a	0		undefined FUN_7100001070(void)
71000010d0	88	FUN_71000010d0		d	a	0		undefined FUN_71000010d0(void)
7100001130	88	FUN_7100001130		d	a	0		undefined FUN_7100001130(void)
7100001190	88	FUN_7100001190		d	a	0		undefined FUN_7100001190(void)
71000011f0	88	FUN_71000011f0		d	a	0		undefined FUN_71000011f0(void)
7100001250	88	FUN_7100001250		d	a	0		undefined FUN_7100001250(void)
71000012b0	88	FUN_71000012b0		d	a	0		undefined FUN_71000012b0(void)
7100001310	88	FUN_7100001310		d	a	0		undefined FUN_7100001310(void)
7100001370	88	FUN_7100001370		d	a	0		undefined FUN_7100001370(void)
71000013d0	88	FUN_71000013d0		d	a	0		undefined FUN_71000013d0(void)
7100001430	88	FUN_7100001430		d	a	0		undefined FUN_7100001430(void)
7100001490	88	FUN_7100001490		d	a	0		undefined FUN_7100001490(void)
71000014f0	88	FUN_71000014f0		d	a	0		undefined FUN_71000014f0(void)
7100001550	88	FUN_7100001550		d	a	0		undefined FUN_7100001550(void)
71000015b0	88	FUN_71000015b0		d	a	0		undefined FUN_71000015b0(void)
7100001610	88	FUN_7100001610		d	a	0		undefined FUN_7100001610(void)
7100001670	88	FUN_7100001670		d	a	0		undefined FUN_7100001670(void)
71000016d0	88	FUN_71000016d0		d	a	0		undefined FUN_71000016d0(void)
7100001730	88	FUN_7100001730		d	a	0		undefined FUN_7100001730(void)
7100001790	88	FUN_7100001790		d	a	0		undefined FUN_7100001790(void)
71000017f0	88	FUN_71000017f0		d	a	0		undefined FUN_71000017f0(void)
7100001850	88	FUN_7100001850		d	a	0		undefined FUN_7100001850(void)
71000018b0	88	FUN_71000018b0		d	a	0		undefined FUN_71000018b0(void)
7100001910	88	FUN_7100001910		d	a	0		undefined FUN_7100001910(void)
7100001970	88	FUN_7100001970		d	a	0		undefined FUN_7100001970(void)
71000019d0	88	FUN_71000019d0		d	a	0		undefined FUN_71000019d0(void)
7100001a30	88	FUN_7100001a30		d	a	0		undefined FUN_7100001a30(void)
7100001a90	80	FUN_7100001a90		d	a	0		undefined FUN_7100001a90(void)
7100001ae0	80	FUN_7100001ae0		d	a	0		undefined FUN_7100001ae0(void)
7100001b30	80	FUN_7100001b30		d	a	0		undefined FUN_7100001b30(void)
7100001b80	80	FUN_7100001b80		d	a	0		undefined FUN_7100001b80(void)
7100001bd0	80	FUN_7100001bd0		d	a	0		undefined FUN_7100001bd0(void)
7100001c20	80	FUN_7100001c20		d	a	0		undefined FUN_7100001c20(void)
7100001c70	80	FUN_7100001c70		d	a	0		undefined FUN_7100001c70(void)
7100001cc0	88	FUN_7100001cc0		d	a	0		undefined FUN_7100001cc0(void)
7100001d20	88	FUN_7100001d20		d	a	0		undefined FUN_7100001d20(void)
7100001d80	88	FUN_7100001d80		d	a	0		undefined FUN_7100001d80(void)
7100001de0	88	FUN_7100001de0		d	a	0		undefined FUN_7100001de0(void)
7100001e40	88	FUN_7100001e40		d	a	0		undefined FUN_7100001e40(void)
7100001ea0	88	FUN_7100001ea0		d	a	0		undefined FUN_7100001ea0(void)
7100001f00	88	FUN_7100001f00		d	a	0		undefined FUN_7100001f00(void)
7100001f60	88	FUN_7100001f60		d	a	0		undefined FUN_7100001f60(void)
7100001fc0	88	FUN_7100001fc0		d	a	0		undefined FUN_7100001fc0(void)
7100002020	88	FUN_7100002020		d	a	0		undefined FUN_7100002020(void)
7100002080	88	FUN_7100002080		d	a	0		undefined FUN_7100002080(void)
71000020e0	88	FUN_71000020e0		d	a	0		undefined FUN_71000020e0(void)
7100002140	88	FUN_7100002140		d	a	0		undefined FUN_7100002140(void)
71000021a0	80	FUN_71000021a0		d	a	0		undefined FUN_71000021a0(void)
71000021f0	88	FUN_71000021f0		d	a	0		undefined FUN_71000021f0(void)
7100002250	88	FUN_7100002250		d	a	0		undefined FUN_7100002250(void)
71000022b0	80	FUN_71000022b0		d	a	0		undefined FUN_71000022b0(void)
7100002300	80	FUN_7100002300		d	a	0		undefined FUN_7100002300(void)
7100002350	80	FUN_7100002350		d	a	0		undefined FUN_7100002350(void)
71000023a0	80	FUN_71000023a0		d	a	0		undefined FUN_71000023a0(void)
71000023f0	88	FUN_71000023f0		d	a	0		undefined FUN_71000023f0(void)
7100002450	88	FUN_7100002450		d	a	0		undefined FUN_7100002450(void)
71000024b0	88	FUN_71000024b0		d	a	0		undefined FUN_71000024b0(void)
7100002510	88	FUN_7100002510		d	a	0		undefined FUN_7100002510(void)
7100002570	88	FUN_7100002570		d	a	0		undefined FUN_7100002570(void)
71000025d0	80	FUN_71000025d0		d	a	0		undefined FUN_71000025d0(void)
7100002620	80	FUN_7100002620		d	a	0		undefined FUN_7100002620(void)
7100002670	80	FUN_7100002670		d	a	0		undefined FUN_7100002670(void)
71000026c0	80	FUN_71000026c0		d	a	0		undefined FUN_71000026c0(void)
7100002710	80	FUN_7100002710		d	a	0		undefined FUN_7100002710(void)
7100002760	80	FUN_7100002760		d	a	0		undefined FUN_7100002760(void)
71000027b0	80	FUN_71000027b0		d	a	0		undefined FUN_71000027b0(void)
7100002800	80	FUN_7100002800		d	a	0		undefined FUN_7100002800(void)
7100002850	80	FUN_7100002850		d	a	0		undefined FUN_7100002850(void)
71000028a0	80	FUN_71000028a0		d	a	0		undefined FUN_71000028a0(void)
71000028f0	80	FUN_71000028f0		d	a	0		undefined FUN_71000028f0(void)
7100002940	80	FUN_7100002940		d	a	0		undefined FUN_7100002940(void)
7100002990	80	FUN_7100002990		d	a	0		undefined FUN_7100002990(void)
71000029e0	80	FUN_71000029e0		d	a	0		undefined FUN_71000029e0(void)
7100002a30	80	FUN_7100002a30		d	a	0		undefined FUN_7100002a30(void)
7100002a80	80	FUN_7100002a80		d	a	0		undefined FUN_7100002a80(void)
7100002ad0	80	FUN_7100002ad0		d	a	0		undefined FUN_7100002ad0(void)
7100002b20	80	FUN_7100002b20		d	a	0		undefined FUN_7100002b20(void)
7100002b70	80	FUN_7100002b70		d	a	0		undefined FUN_7100002b70(void)
7100002bc0	80	FUN_7100002bc0		d	a	0		undefined FUN_7100002bc0(void)
7100002c10	80	FUN_7100002c10		d	a	0		undefined FUN_7100002c10(void)
7100002c60	80	FUN_7100002c60		d	a	0		undefined FUN_7100002c60(void)
7100002cb0	80	FUN_7100002cb0		d	a	0		undefined FUN_7100002cb0(void)
7100002d00	80	FUN_7100002d00		d	a	0		undefined FUN_7100002d00(void)
7100002d50	80	FUN_7100002d50		d	a	0		undefined FUN_7100002d50(void)
7100002da0	80	FUN_7100002da0		d	a	0		undefined FUN_7100002da0(void)
7100002df0	88	FUN_7100002df0		d	a	0		undefined FUN_7100002df0(void)
7100002e50	88	FUN_7100002e50		d	a	0		undefined FUN_7100002e50(void)
7100002eb0	88	FUN_7100002eb0		d	a	0		undefined FUN_7100002eb0(void)
7100002f10	88	FUN_7100002f10		d	a	0		undefined FUN_7100002f10(void)
7100002f70	88	FUN_7100002f70		d	a	0		undefined FUN_7100002f70(void)
7100002fd0	88	FUN_7100002fd0		d	a	0		undefined FUN_7100002fd0(void)
7100003030	88	FUN_7100003030		d	a	0		undefined FUN_7100003030(void)
7100003090	88	FUN_7100003090		d	a	0		undefined FUN_7100003090(void)
71000030f0	88	FUN_71000030f0		d	a	0		undefined FUN_71000030f0(void)
7100003150	88	FUN_7100003150		d	a	0		undefined FUN_7100003150(void)
71000031b0	88	FUN_71000031b0		d	a	0		undefined FUN_71000031b0(void)
7100003210	88	FUN_7100003210		d	a	0		undefined FUN_7100003210(void)
7100003270	88	FUN_7100003270		d	a	0		undefined FUN_7100003270(void)
71000032d0	80	FUN_71000032d0		d	a	0		undefined FUN_71000032d0(void)
7100003320	80	FUN_7100003320		d	a	0		undefined FUN_7100003320(void)
7100003370	88	FUN_7100003370		d	a	0		undefined FUN_7100003370(void)
71000033d0	80	FUN_71000033d0		d	a	0		undefined FUN_71000033d0(void)
7100003420	80	FUN_7100003420		d	a	0		undefined FUN_7100003420(void)
7100003470	80	FUN_7100003470		d	a	0		undefined FUN_7100003470(void)
71000034c0	80	FUN_71000034c0		d	a	0		undefined FUN_71000034c0(void)
7100003510	80	FUN_7100003510		d	a	0		undefined FUN_7100003510(void)
7100003560	80	FUN_7100003560		d	a	0		undefined FUN_7100003560(void)
71000035b0	80	FUN_71000035b0		d	a	0		undefined FUN_71000035b0(void)
7100003600	80	FUN_7100003600		d	a	0		undefined FUN_7100003600(void)
7100003650	80	FUN_7100003650		d	a	0		undefined FUN_7100003650(void)
71000036a0	80	FUN_71000036a0		d	a	0		undefined FUN_71000036a0(void)
71000036f0	80	FUN_71000036f0		d	a	0		undefined FUN_71000036f0(void)
7100003740	80	FUN_7100003740		d	a	0		undefined FUN_7100003740(void)
7100003790	80	FUN_7100003790		d	a	0		undefined FUN_7100003790(void)
71000037e0	12	CameraMgr	mg0908::CameraMgr	a	a	0		undefined CameraMgr(CameraMgr * this)
71000037f0	1680	Create	mg0908::CameraMgr	a	a	0		undefined Create(CameraMgr * this)
7100003e90	468	AddComponent<bq::ComMatter,bq::MatterType,(void*)0>	nn::bezel::Entity	a	a	0		WeakHandle AddComponent<bq::ComMatter,bq::MatterType,(void*)0>(long * param_1_00, HandlePtr * param_2, undefined4 * param_3)
7100004070	304	File<>	wl::mg	a	a	0		basic_string File<>(ulong * param_1_00, byte * param_2)
71000041b0	16	FUN_71000041b0		d	a	0		undefined FUN_71000041b0(void)
71000041c0	76	~CameraMgr	mg0908::CameraMgr	a	a	0		undefined ~CameraMgr(CameraMgr * this)
710000420c	8	InitParam	mg0908::CameraMgr	a	a	0		undefined InitParam(CameraMgr * this, undefined8 param_1)
7100004220	256	ClearCameraAnime	mg0908::CameraMgr	a	a	0		undefined ClearCameraAnime(CameraMgr * this)
7100004328	88	SetCameraRotation	mg0908::CameraMgr	a	a	0		undefined SetCameraRotation(CameraMgr * param_1)
7100004380	88	SetCameraTranslation	mg0908::CameraMgr	a	a	0		undefined SetCameraTranslation(CameraMgr * param_1)
71000043e0	544	PlayCameraMotion	mg0908::CameraMgr	a	a	0		undefined PlayCameraMotion(CameraMgr * this, int param_1)
7100004610	272	SetCameraAnimeFrame	mg0908::CameraMgr	a	a	0		undefined SetCameraAnimeFrame(float param_1, CameraMgr * this)
7100004730	252	GetCameraAnimeFrame	mg0908::CameraMgr	a	a	0		undefined1[16] GetCameraAnimeFrame(CameraMgr * this)
7100004840	252	GetCameraAnimeFrameMax	mg0908::CameraMgr	a	a	0		undefined1[16] GetCameraAnimeFrameMax(CameraMgr * this)
7100004950	252	IsFinishedCameraAnime	mg0908::CameraMgr	a	a	0		undefined8 IsFinishedCameraAnime(CameraMgr * this)
7100004a54	136	SetCameraLookAt	mg0908::CameraMgr	a	a	0		undefined SetCameraLookAt(undefined8 param_1, undefined8 param_2, CameraMgr * this)
7100004ae0	300	GetComCamera	mg0908::CameraMgr	a	a	0		undefined GetComCamera(long * param_1, long * param_2)
7100004c20	380	SetCameraPosView	mg0908::CameraMgr	a	a	0		undefined SetCameraPosView(undefined1[16] param_1, undefined1[16] param_2, CameraMgr * this)
7100004db0	280	SetCameraAnimeSpeed	mg0908::CameraMgr	a	a	0		undefined8 SetCameraAnimeSpeed(float param_1, CameraMgr * this)
7100004ed0	12	NnDetailBezelGetTypeDesc	nn::bezel::StringViewHashPair	a	a	0		undefined * NnDetailBezelGetTypeDesc(void)
7100004edc	4	NnDetailBezelGetThisPtr	nn::bezel::StringViewHashPair	a	a	0		undefined NnDetailBezelGetThisPtr(void)
7100004ee0	4	NnDetailBezelGetThisPtrConst	nn::bezel::StringViewHashPair	a	a	0		undefined NnDetailBezelGetThisPtrConst(void)
7100004ee4	20	IsDerivedFrom	nn::bezel::detail::StaticTypeDesc<nn::bezel::StringViewHashPair,true>	a	a	0		bool IsDerivedFrom(undefined * param_1)
7100004ef8	8	GetBaseTypeDesc	nn::bezel::detail::StaticTypeDesc<nn::bezel::StringViewHashPair,true>	a	a	0		undefined8 GetBaseTypeDesc(void)
7100004f00	8	GetNextBaseTypeDesc	nn::bezel::detail::StaticTypeDesc<nn::bezel::StringViewHashPair,true>	a	a	0		undefined8 GetNextBaseTypeDesc(void)
7100004f08	8	CastTo	nn::bezel::detail::StaticTypeDesc<nn::bezel::StringViewHashPair,true>	a	a	0		undefined8 CastTo(undefined8 param_1, undefined8 param_2)
7100004f10	8	CastToConst	nn::bezel::detail::StaticTypeDesc<nn::bezel::StringViewHashPair,true>	a	a	0		undefined8 CastToConst(undefined8 param_1, undefined8 param_2)
7100004f18	20	FUN_7100004f18		d	a	0		undefined FUN_7100004f18(void)
7100004f30	80	FUN_7100004f30		d	a	0		undefined FUN_7100004f30(char * param_1)
7100004f80	48	FUN_7100004f80		d	a	0		undefined FUN_7100004f80(logic_error * param_1, char * param_2)
7100004fb0	32	IsDerivedFrom	nn::bezel::detail::StaticTypeDesc<nn::bezel::ComCamera,false,nn::bezel::Component>	a	a	0		bool IsDerivedFrom(undefined * param_1)
7100004fd0	12	GetBaseTypeDesc	nn::bezel::detail::StaticTypeDesc<nn::bezel::ComCamera,false,nn::bezel::Component>	a	a	0		undefined * GetBaseTypeDesc(void)
7100004fdc	20	GetNextBaseTypeDesc	nn::bezel::detail::StaticTypeDesc<nn::bezel::ComCamera,false,nn::bezel::Component>	a	a	0		undefined * GetNextBaseTypeDesc(long param_1)
7100004ff0	8	CastTo	nn::bezel::detail::StaticTypeDesc<nn::bezel::ComCamera,false,nn::bezel::Component>	a	a	0		undefined8 CastTo(undefined8 param_1, undefined8 param_2)
7100004ff8	8	CastToConst	nn::bezel::detail::StaticTypeDesc<nn::bezel::ComCamera,false,nn::bezel::Component>	a	a	0		undefined8 CastToConst(undefined8 param_1, undefined8 param_2)
7100005000	20	IsDerivedFrom	nn::bezel::detail::StaticTypeDesc<nn::bezel::Component,false>	a	a	0		bool IsDerivedFrom(undefined * param_1)
7100005014	8	GetBaseTypeDesc	nn::bezel::detail::StaticTypeDesc<nn::bezel::Component,false>	a	a	0		undefined8 GetBaseTypeDesc(void)
710000501c	8	GetNextBaseTypeDesc	nn::bezel::detail::StaticTypeDesc<nn::bezel::Component,false>	a	a	0		undefined8 GetNextBaseTypeDesc(void)
7100005024	8	CastTo	nn::bezel::detail::StaticTypeDesc<nn::bezel::Component,false>	a	a	0		undefined8 CastTo(undefined8 param_1, undefined8 param_2)
710000502c	8	CastToConst	nn::bezel::detail::StaticTypeDesc<nn::bezel::Component,false>	a	a	0		undefined8 CastToConst(undefined8 param_1, undefined8 param_2)
7100005034	372	SafeCreate<bq::ComMatter,nn::bezel::HandlePtr<nn::bezel::Entity>const&,bq::MatterType>	bex::ComponentUtil	a	a	0		WeakHandle SafeCreate<bq::ComMatter,nn::bezel::HandlePtr<nn::bezel::Entity>const&,bq::MatterType>(long * param_1_00, ComponentUtil * this, undefined4 * param_3)
71000051b8	32	IsDerivedFrom	nn::bezel::detail::StaticTypeDesc<bq::ComMatter,false,nn::bezel::Component>	a	a	0		bool IsDerivedFrom(undefined * param_1)
71000051d8	12	GetBaseTypeDesc	nn::bezel::detail::StaticTypeDesc<bq::ComMatter,false,nn::bezel::Component>	a	a	0		undefined * GetBaseTypeDesc(void)
71000051e4	20	GetNextBaseTypeDesc	nn::bezel::detail::StaticTypeDesc<bq::ComMatter,false,nn::bezel::Component>	a	a	0		undefined * GetNextBaseTypeDesc(long param_1)
71000051f8	8	CastTo	nn::bezel::detail::StaticTypeDesc<bq::ComMatter,false,nn::bezel::Component>	a	a	0		undefined8 CastTo(undefined8 param_1, undefined8 param_2)
7100005200	8	CastToConst	nn::bezel::detail::StaticTypeDesc<bq::ComMatter,false,nn::bezel::Component>	a	a	0		undefined8 CastToConst(undefined8 param_1, undefined8 param_2)
7100005208	32	IsDerivedFrom	nn::bezel::detail::StaticTypeDesc<actor::ComActorMotion,false,nn::bezel::Component>	a	a	0		bool IsDerivedFrom(undefined * param_1)
7100005228	12	GetBaseTypeDesc	nn::bezel::detail::StaticTypeDesc<actor::ComActorMotion,false,nn::bezel::Component>	a	a	0		undefined * GetBaseTypeDesc(void)
7100005234	20	GetNextBaseTypeDesc	nn::bezel::detail::StaticTypeDesc<actor::ComActorMotion,false,nn::bezel::Component>	a	a	0		undefined * GetNextBaseTypeDesc(long param_1)
7100005248	8	CastTo	nn::bezel::detail::StaticTypeDesc<actor::ComActorMotion,false,nn::bezel::Component>	a	a	0		undefined8 CastTo(undefined8 param_1, undefined8 param_2)
7100005250	8	CastToConst	nn::bezel::detail::StaticTypeDesc<actor::ComActorMotion,false,nn::bezel::Component>	a	a	0		undefined8 CastToConst(undefined8 param_1, undefined8 param_2)
7100005260	600	Replace<>	wl::mg	a	a	0		basic_string.conflict Replace<>(ulong * param_1, mg * this)
71000054e4	188	FUN_71000054e4		d	a	0		undefined FUN_71000054e4(locale * param_1, __loop<char> * param_2, undefined4 param_3)
71000055b0	108	~basic_regex	std::regex	a	a	0		undefined ~basic_regex(regex * this)
7100005620	492	FUN_7100005620		d	a	0		basic_string<char,std::char_traits<char>,bex::HeapModule::Allocator_string<char>> * FUN_7100005620(basic_string<char,std::char_traits<char>,bex::HeapModule::Allocator_string<char>> * param_1, basic_string<char,std::char_traits<char>,bex::HeapModule::Allocator_string<char>> * param_2, basic_string<char,std::char_traits<char>,bex::HeapModule::Allocator_string<char>> * param_3, regex * param_4, basic_string<char,std::char_traits<char>,bex::HeapModule::Allocator_string<char>> * param_5, uint param_6)
710000584c	216	regex_iterator	std::regex_iterator<std::__wrap_iter<char_const*>,char,std::regex_traits<char>>	a	a	0		undefined regex_iterator(regex_iterator<std::__wrap_iter<char_const*>,char,std::regex_traits<char>> * this, long param_1, long param_2, regex * param_3, uint param_4)
7100005960	1024	format<std::back_insert_iterator<std::basic_string<char,std::char_traits<char>,bex::HeapModule::Allocator_string<char>>>>	std::match_results<std::__wrap_iter<char_const*>,std::allocator<std::sub_match<std::__wrap_iter<char_const*>>>>	a	a	0		basic_string<char,std::char_traits<char>,bex::HeapModule::Allocator_string<char>> * format<std::back_insert_iterator<std::basic_string<char,std::char_traits<char>,bex::HeapModule::Allocator_string<char>>>>(match_results<std::__wrap_iter<char_const*>,std::allocator<std::sub_match<std::__wrap_iter<char_const*>>>> * this, basic_string<char,std::char_traits<char>,bex::HeapModule::Allocator_string<char>> * param_1, basic_string<char,std::char_traits<char>,bex::HeapModule::Allocator_string<char>> * param_2, basic_string<char,std::char_traits<char>,bex::HeapModule::Allocator_string<char>> * param_3, uint param_4)
7100005d68	432	operator++	std::regex_iterator<std::__wrap_iter<char_const*>,char,std::regex_traits<char>>	a	a	0		regex_iterator<std::__wrap_iter<char_const*>,char,std::regex_traits<char>> * operator++(regex_iterator<std::__wrap_iter<char_const*>,char,std::regex_traits<char>> * this)
7100005f40	628	__search<std::allocator<std::sub_match<char_const*>>>	std::regex	a	a	0		undefined8 __search<std::allocator<std::sub_match<char_const*>>>(regex * this, long param_1, long param_2, long * param_3, uint param_4)
71000061c0	460	__assign[abi:v160006]<char_const*,std::allocator<std::sub_match<char_const*>>>	std::match_results<std::__wrap_iter<char_const*>,std::allocator<std::sub_match<std::__wrap_iter<char_const*>>>>	a	a	0		void __assign[abi:v160006]<char_const*,std::allocator<std::sub_match<char_const*>>>(match_results<std::__wrap_iter<char_const*>,std::allocator<std::sub_match<std::__wrap_iter<char_const*>>>> * this, long param_1, undefined8 param_2, long * param_3, uint param_4)
71000063a0	576	FUN_71000063a0		d	a	0		undefined FUN_71000063a0(long * param_1, ulong param_2, undefined8 * param_3)
71000065e0	1116	__match_at_start_ecma<std::allocator<std::sub_match<char_const*>>>	std::regex	a	a	0		undefined8 __match_at_start_ecma<std::allocator<std::sub_match<char_const*>>>(regex * this, long param_1, long param_2, long * param_3, uint param_4, byte param_5)
7100006a70	2720	__match_at_start_posix_nosubs<std::allocator<std::sub_match<char_const*>>>	std::regex	a	a	0		undefined8 __match_at_start_posix_nosubs<std::allocator<std::sub_match<char_const*>>>(regex * this, long param_1, long param_2, long * param_3, uint param_4, byte param_5)
7100007540	1532	__match_at_start_posix_subs<std::allocator<std::sub_match<char_const*>>>	std::regex	a	a	0		undefined4 __match_at_start_posix_subs<std::allocator<std::sub_match<char_const*>>>(regex * this, long param_1, long param_2, long * param_3, uint param_4, byte param_5)
7100007b5c	68	~__state	std::__state<char>	a	a	0		undefined ~__state(__state<char> * this)
7100007ba0	76	FUN_7100007ba0		d	a	0		undefined FUN_7100007ba0(void)
7100007bf0	360	__state	std::__state<char>	a	a	0		undefined __state(__state<char> * this, undefined8 * param_1)
7100007d60	76	FUN_7100007d60		d	a	0		undefined FUN_7100007d60(void)
7100007db0	156	FUN_7100007db0		d	a	0		undefined FUN_7100007db0(undefined8 * param_1)
7100007e50	504	__push_back_slow_path<std::__state<char>>	std::vector<std::__state<char>,std::allocator<std::__state<char>>>	a	a	0		void __push_back_slow_path<std::__state<char>>(vector<std::__state<char>,std::allocator<std::__state<char>>> * this, undefined8 * param_1)
7100008048	20	FUN_7100008048		d	a	0		undefined FUN_7100008048(void)
7100008060	56	FUN_7100008060		d	a	0		undefined FUN_7100008060(void)
71000080a0	520	FUN_71000080a0		d	a	0		undefined FUN_71000080a0(long * param_1, ulong param_2, undefined8 * param_3)
71000082a8	20	FUN_71000082a8		d	a	0		undefined FUN_71000082a8(void)
71000082c0	296	FUN_71000082c0		d	a	0		undefined FUN_71000082c0(undefined8 * param_1, ulong param_2)
71000083e8	20	FUN_71000083e8		d	a	0		undefined FUN_71000083e8(void)
7100008400	348	FUN_7100008400		d	a	0		undefined FUN_7100008400(long param_1)
7100008560	124	FUN_7100008560		d	a	0		undefined FUN_7100008560(undefined8 * param_1)
71000085e0	1324	FUN_71000085e0		d	a	0		undefined FUN_71000085e0(long * param_1)
7100008b50	376	FUN_7100008b50		d	a	0		undefined FUN_7100008b50(undefined8 * param_1, undefined8 * param_2)
7100008cd0	388	FUN_7100008cd0		d	a	0		undefined FUN_7100008cd0(long * param_1, undefined8 * param_2)
7100008e60	856	FUN_7100008e60		d	a	0		undefined FUN_7100008e60(long * param_1)
7100009200	388	FUN_7100009200		d	a	0		undefined FUN_7100009200(long * param_1, undefined8 * param_2)
7100009390	480	assign<std::sub_match<char_const*>*,0>	std::vector<std::sub_match<char_const*>,std::allocator<std::sub_match<char_const*>>>	a	a	0		void assign<std::sub_match<char_const*>*,0>(vector<std::sub_match<char_const*>,std::allocator<std::sub_match<char_const*>>> * this, undefined8 * param_1, undefined8 * param_2)
7100009570	384	assign<std::pair<unsigned_long,char_const*>*,0>	std::vector<std::pair<unsigned_long,char_const*>,std::allocator<std::pair<unsigned_long,char_const*>>>	a	a	0		void assign<std::pair<unsigned_long,char_const*>*,0>(vector<std::pair<unsigned_long,char_const*>,std::allocator<std::pair<unsigned_long,char_const*>>> * this, undefined8 * param_1, undefined8 * param_2)
71000096f0	624	FUN_71000096f0		d	a	0		undefined FUN_71000096f0(long * param_1, ulong param_2)
7100009960	20	FUN_7100009960		d	a	0		undefined FUN_7100009960(void)
7100009974	20	FUN_7100009974		d	a	0		undefined FUN_7100009974(void)
7100009988	312	push_back	std::basic_string<char,std::char_traits<char>,bex::HeapModule::Allocator_string<char>>	a	a	0		undefined push_back(basic_string<char,std::char_traits<char>,bex::HeapModule::Allocator_string<char>> * this, basic_string<char,std::char_traits<char>,bex::HeapModule::Allocator_string<char>> param_2)
7100009ac0	76	FUN_7100009ac0		d	a	0		undefined FUN_7100009ac0(void)
7100009b10	96	FUN_7100009b10		d	a	0		undefined FUN_7100009b10(long param_1)
7100009b70	852	__parse<char_const*>	std::regex	a	a	0		__loop<char> * __parse<char_const*>(regex * this, __loop<char> * param_1, __loop<char> * param_2)
7100009ed0	76	FUN_7100009ed0		d	a	0		undefined FUN_7100009ed0(void)
7100009f20	416	__parse_ecma_exp<char_const*>	std::regex	a	a	0		__loop<char> * __parse_ecma_exp<char_const*>(regex * this, __loop<char> * param_1, __loop<char> * param_2)
710000a0d0	396	__parse_basic_reg_exp<char_const*>	std::regex	a	a	0		byte * __parse_basic_reg_exp<char_const*>(regex * this, byte * param_1, byte * param_2)
710000a260	380	__parse_extended_reg_exp<char_const*>	std::regex	a	a	0		__loop<char> * __parse_extended_reg_exp<char_const*>(regex * this, __loop<char> * param_1, __loop<char> * param_2)
710000a3e0	472	__parse_grep<char_const*>	std::regex	a	a	0		byte * __parse_grep<char_const*>(regex * this, byte * param_1, byte * param_2)
710000a5c0	472	__parse_egrep<char_const*>	std::regex	a	a	0		__loop<char> * __parse_egrep<char_const*>(regex * this, __loop<char> * param_1, __loop<char> * param_2)
710000a7a0	76	FUN_710000a7a0		d	a	0		undefined FUN_710000a7a0(void)
710000a7ec	4	~__end_state	std::__end_state<char>	a	a	0		undefined ~__end_state(__end_state<char> * this)
710000a7f0	12	__exec	std::__end_state<char>	a	a	0		undefined __exec(undefined8 param_1_00, undefined4 * param_2)
710000a808	36	~__shared_ptr_pointer	std::__shared_ptr_pointer<std::__empty_state<char>*,std::shared_ptr<std::__empty_state<char>>::__shared_ptr_default_delete<std::__empty_state<char>,std::__empty_state<char>>,std::allocator<std::__empty_state<char>>>	a	a	0		undefined ~__shared_ptr_pointer(__shared_ptr_pointer<std::__empty_state<char>*,std::shared_ptr<std::__empty_state<char>>::__shared_ptr_default_delete<std::__empty_state<char>,std::__empty_state<char>>,std::allocator<std::__empty_state<char>>> * this)
710000a82c	24	__on_zero_shared	std::__shared_ptr_pointer<std::__empty_state<char>*,std::shared_ptr<std::__empty_state<char>>::__shared_ptr_default_delete<std::__empty_state<char>,std::__empty_state<char>>,std::allocator<std::__empty_state<char>>>	a	a	0		undefined __on_zero_shared(__shared_ptr_pointer<std::__empty_state<char>*,std::shared_ptr<std::__empty_state<char>>::__shared_ptr_default_delete<std::__empty_state<char>,std::__empty_state<char>>,std::allocator<std::__empty_state<char>>> * this)
710000a844	4	__on_zero_shared_weak	std::__shared_ptr_pointer<std::__empty_state<char>*,std::shared_ptr<std::__empty_state<char>>::__shared_ptr_default_delete<std::__empty_state<char>,std::__empty_state<char>>,std::allocator<std::__empty_state<char>>>	a	a	0		undefined __on_zero_shared_weak(__shared_ptr_pointer<std::__empty_state<char>*,std::shared_ptr<std::__empty_state<char>>::__shared_ptr_default_delete<std::__empty_state<char>,std::__empty_state<char>>,std::allocator<std::__empty_state<char>>> * this)
710000a848	68	~__empty_state	std::__empty_state<char>	a	a	0		undefined ~__empty_state(__empty_state<char> * this)
710000a88c	20	__exec	std::__empty_state<char>	a	a	0		undefined __exec(__empty_state<char> * this, undefined4 * param_1)
710000a8a0	68	~__owns_one_state	std::__owns_one_state<char>	a	a	0		undefined ~__owns_one_state(__owns_one_state<char> * this)
710000a8f0	160	__parse_alternative<char_const*>	std::regex	a	a	0		__loop<char> * __parse_alternative<char_const*>(regex * this, __loop<char> * param_1, __loop<char> * param_2)
710000a990	148	__parse_term<char_const*>	std::regex	a	a	0		__loop<char> * __parse_term<char_const*>(regex * this, __loop<char> * param_1, __loop<char> * param_2)
710000aa24	740	__parse_assertion<char_const*>	std::regex	a	a	0		byte * __parse_assertion<char_const*>(regex * this, byte * param_1, byte * param_2)
710000ad10	588	__parse_atom<char_const*>	std::regex	a	a	0		__loop<char> * __parse_atom<char_const*>(regex * this, __loop<char> * param_1, __loop<char> * param_2)
710000af60	1432	__parse_ERE_dupl_symbol<char_const*>	std::regex	a	a	0		__loop<char> * __parse_ERE_dupl_symbol<char_const*>(regex * this, __loop<char> * param_1, __loop<char> * param_2, long param_3, undefined4 param_4, undefined4 param_5)
710000b544	80	FUN_710000b544		d	a	0		undefined FUN_710000b544(locale * param_1)
710000b5b0	188	__push_lookahead	std::regex	a	a	0		undefined __push_lookahead(regex * this, locale * param_1, byte param_2, undefined4 param_3)
710000b670	76	FUN_710000b670		d	a	0		undefined FUN_710000b670(void)
710000b6bc	68	~__l_anchor_multiline	std::__l_anchor_multiline<char>	a	a	0		undefined ~__l_anchor_multiline(__l_anchor_multiline<char> * this)
710000b700	96	__exec	std::__l_anchor_multiline<char>	a	a	0		undefined __exec(__l_anchor_multiline<char> * this, undefined4 * param_1)
710000b760	68	~__r_anchor_multiline	std::__r_anchor_multiline<char>	a	a	0		undefined ~__r_anchor_multiline(__r_anchor_multiline<char> * this)
710000b7a4	80	__exec	std::__r_anchor_multiline<char>	a	a	0		undefined __exec(__r_anchor_multiline<char> * this, undefined4 * param_1)
710000b7f4	92	~__word_boundary	std::__word_boundary<char,std::regex_traits<char>>	a	a	0		undefined ~__word_boundary(__word_boundary<char,std::regex_traits<char>> * this)
710000b850	88	~__word_boundary	std::__word_boundary<char,std::regex_traits<char>>	a	a	0		undefined ~__word_boundary(__word_boundary<char,std::regex_traits<char>> * this)
710000b8a8	324	__exec	std::__word_boundary<char,std::regex_traits<char>>	a	a	0		undefined __exec(__word_boundary<char,std::regex_traits<char>> * this, undefined4 * param_1)
710000b9f0	168	~__lookahead	std::__lookahead<char,std::regex_traits<char>>	a	a	0		undefined ~__lookahead(__lookahead<char,std::regex_traits<char>> * this)
710000baa0	160	~__lookahead	std::__lookahead<char,std::regex_traits<char>>	a	a	0		undefined ~__lookahead(__lookahead<char,std::regex_traits<char>> * this)
710000bb40	380	__exec	std::__lookahead<char,std::regex_traits<char>>	a	a	0		undefined __exec(__lookahead<char,std::regex_traits<char>> * this, undefined4 * param_1)
710000bce0	376	__parse_atom_escape<char_const*>	std::regex	a	a	0		byte * __parse_atom_escape<char_const*>(regex * this, byte * param_1, byte * param_2)
710000be60	336	__parse_bracket_expression<char_const*>	std::regex	a	a	0		byte * __parse_bracket_expression<char_const*>(regex * this, byte * param_1, byte * param_2)
710000bfb0	76	FUN_710000bfb0		d	a	0		undefined FUN_710000bfb0(void)
710000bffc	104	__parse_pattern_character<char_const*>	std::regex	a	a	0		byte * __parse_pattern_character<char_const*>(regex * this, byte * param_1, byte * param_2)
710000c064	68	~__match_any_but_newline	std::__match_any_but_newline<char>	a	a	0		undefined ~__match_any_but_newline(__match_any_but_newline<char> * this)
710000c0a8	460	__parse_character_class_escape<char_const*>	std::regex	a	a	0		undefined1 * __parse_character_class_escape<char_const*>(regex * this, undefined1 * param_1, undefined1 * param_2)
710000c29c	780	__parse_character_escape<char_const*>	std::regex	a	a	0		byte * __parse_character_escape<char_const*>(regex * this, byte * param_1, byte * param_2, string * param_3)
710000c5a8	256	__push_char	std::regex	a	a	0		undefined __push_char(regex * this, undefined4 param_1)
710000c6f0	76	FUN_710000c6f0		d	a	0		undefined FUN_710000c6f0(void)
710000c73c	204	__push_back_ref	std::regex	a	a	0		undefined __push_back_ref(regex * this, undefined4 param_1)
710000c808	92	~__match_char_icase	std::__match_char_icase<char,std::regex_traits<char>>	a	a	0		undefined ~__match_char_icase(__match_char_icase<char,std::regex_traits<char>> * this)
710000c864	88	~__match_char_icase	std::__match_char_icase<char,std::regex_traits<char>>	a	a	0		undefined ~__match_char_icase(__match_char_icase<char,std::regex_traits<char>> * this)
710000c8bc	128	__exec	std::__match_char_icase<char,std::regex_traits<char>>	a	a	0		undefined __exec(__match_char_icase<char,std::regex_traits<char>> * this, undefined4 * param_1)
710000c93c	92	~__match_char_collate	std::__match_char_collate<char,std::regex_traits<char>>	a	a	0		undefined ~__match_char_collate(__match_char_collate<char,std::regex_traits<char>> * this)
710000c998	88	~__match_char_collate	std::__match_char_collate<char,std::regex_traits<char>>	a	a	0		undefined ~__match_char_collate(__match_char_collate<char,std::regex_traits<char>> * this)
710000c9f0	72	__exec	std::__match_char_collate<char,std::regex_traits<char>>	a	a	0		undefined __exec(__match_char_collate<char,std::regex_traits<char>> * this, undefined4 * param_1)
710000ca38	40	~__owns_one_state	std::__owns_one_state<char>	a	a	0		undefined ~__owns_one_state(__owns_one_state<char> * this)
710000ca60	68	~__match_char	std::__match_char<char>	a	a	0		undefined ~__match_char(__match_char<char> * this)
710000caa4	72	__exec	std::__match_char<char>	a	a	0		undefined __exec(__match_char<char> * this, undefined4 * param_1)
710000caec	92	~__back_ref_icase	std::__back_ref_icase<char,std::regex_traits<char>>	a	a	0		undefined ~__back_ref_icase(__back_ref_icase<char,std::regex_traits<char>> * this)
710000cb48	88	~__back_ref_icase	std::__back_ref_icase<char,std::regex_traits<char>>	a	a	0		undefined ~__back_ref_icase(__back_ref_icase<char,std::regex_traits<char>> * this)
710000cba0	248	__exec	std::__back_ref_icase<char,std::regex_traits<char>>	a	a	0		undefined __exec(__back_ref_icase<char,std::regex_traits<char>> * this, undefined4 * param_1)
710000cc98	92	~__back_ref_collate	std::__back_ref_collate<char,std::regex_traits<char>>	a	a	0		undefined ~__back_ref_collate(__back_ref_collate<char,std::regex_traits<char>> * this)
710000ccf4	88	~__back_ref_collate	std::__back_ref_collate<char,std::regex_traits<char>>	a	a	0		undefined ~__back_ref_collate(__back_ref_collate<char,std::regex_traits<char>> * this)
710000cd50	156	__exec	std::__back_ref_collate<char,std::regex_traits<char>>	a	a	0		undefined __exec(__back_ref_collate<char,std::regex_traits<char>> * this, undefined4 * param_1)
710000cdec	68	~__back_ref	std::__back_ref<char>	a	a	0		undefined ~__back_ref(__back_ref<char> * this)
710000ce30	200	__exec	std::__back_ref<char>	a	a	0		undefined __exec(__back_ref<char> * this, undefined4 * param_1)
710000cf00	856	FUN_710000cf00		d	a	0		undefined1 * FUN_710000cf00(undefined1 * param_1, uint param_2, long param_3, undefined1 param_4, undefined1 param_5, undefined1 param_6)
710000d258	292	FUN_710000d258		d	a	0		undefined FUN_710000d258(long * param_1, locale * param_2, long param_3, undefined1 param_4, undefined1 param_5, undefined1 param_6)
710000d550	340	~__bracket_expression	std::__bracket_expression<char,std::regex_traits<char>>	a	a	0		undefined ~__bracket_expression(__bracket_expression<char,std::regex_traits<char>> * this)
710000d6a8	36	~__bracket_expression	std::__bracket_expression<char,std::regex_traits<char>>	a	a	0		undefined ~__bracket_expression(__bracket_expression<char,std::regex_traits<char>> * this)
710000d6d0	2536	__exec	std::__bracket_expression<char,std::regex_traits<char>>	a	a	0		undefined __exec(__bracket_expression<char,std::regex_traits<char>> * this, undefined4 * param_1)
710000e0dc	68	~pair	std::pair<std::string,std::string>	a	a	0		undefined ~pair(pair<std::string,std::string> * this)
710000e120	288	transform<char*>	std::regex_traits<char>	a	a	0		string transform<char*>(undefined8 param_1_00, long param_2, void * param_3, void * param_4)
710000e240	536	__lookup_collatename<char*>	std::regex_traits<char>	a	a	0		string __lookup_collatename<char*>(string * param_1_00, regex_traits<char> * this, void * param_3, void * param_4)
710000e464	388	__transform_primary<char*>	std::regex_traits<char>	a	a	0		string __transform_primary<char*>(byte * param_1_00, regex_traits<char> * this, void * param_3, void * param_4)
710000e5e8	20	FUN_710000e5e8		d	a	0		undefined FUN_710000e5e8(void)
710000e600	76	FUN_710000e600		d	a	0		undefined FUN_710000e600(void)
710000e650	1344	__parse_expression_term<char_const*>	std::regex	a	a	0		byte * __parse_expression_term<char_const*>(regex * this, byte * param_1, byte * param_2, byte * param_3, byte * param_4, undefined1 param_5)
710000ebb0	568	__parse_equivalence_class<char_const*>	std::regex	a	a	0		char * __parse_equivalence_class<char_const*>(regex * this, char * param_1, char * param_2, undefined1 * param_3, undefined1 param_4, undefined1 param_5)
710000ee00	224	__parse_collating_symbol<char_const*>	std::regex	a	a	0		byte * __parse_collating_symbol<char_const*>(regex_traits<char> * param_1, byte * param_2, byte * param_3, string * param_4, undefined8 param_5, undefined1 param_6)
710000eee0	336	__parse_class_escape<char_const*>	std::regex	a	a	0		byte * __parse_class_escape<char_const*>(regex * this, byte * param_1, byte * param_2, string * param_3, undefined1 * param_4, undefined1 param_5)
710000f030	524	__parse_awk_escape<char_const*>	std::regex	a	a	0		byte * __parse_awk_escape<char_const*>(regex * this, byte * param_1, byte * param_2, string * param_3)
710000f240	1036	FUN_710000f240		d	a	0		undefined FUN_710000f240(long param_1, ulong * param_2, ulong * param_3)
710000f690	660	FUN_710000f690		d	a	0		undefined FUN_710000f690(long param_1, undefined4 param_2, int param_3)
710000f930	76	FUN_710000f930		d	a	0		undefined FUN_710000f930(void)
710000f97c	536	__lookup_collatename<char_const*>	std::regex_traits<char>	a	a	0		string __lookup_collatename<char_const*>(string * param_1_00, regex_traits<char> * this, void * param_3, void * param_4)
710000fba0	460	__transform_primary<std::__wrap_iter<char*>>	std::regex_traits<char>	a	a	0		string __transform_primary<std::__wrap_iter<char*>>(byte * param_1, regex_traits<char> * this, undefined1 * param_3, undefined1 * param_4)
710000fd70	384	__push_back_slow_path<std::string_const&>	std::vector<std::string,std::allocator<std::string>>	a	a	0		void __push_back_slow_path<std::string_const&>(vector<std::string,std::allocator<std::string>> * this, string * param_1)
710000ff10	104	FUN_710000ff10		d	a	0		undefined FUN_710000ff10(undefined8 * param_1)
710000ff78	20	FUN_710000ff78		d	a	0		undefined FUN_710000ff78(void)
710000ff90	76	FUN_710000ff90		d	a	0		undefined FUN_710000ff90(void)
710000ffdc	316	__lookup_classname<char_const*>	std::regex_traits<char>	a	a	0		undefined4 __lookup_classname<char_const*>(long param_1, void * param_2, void * param_3, byte param_4)
7100010120	860	FUN_7100010120		d	a	0		undefined1 * FUN_7100010120(undefined1 * param_1, undefined4 param_2)
7100010480	360	transform<std::__wrap_iter<char*>>	std::regex_traits<char>	a	a	0		string transform<std::__wrap_iter<char*>>(undefined8 param_1, long param_2, undefined1 * param_3, undefined1 * param_4)
71000105f0	76	FUN_71000105f0		d	a	0		undefined FUN_71000105f0(void)
7100010640	424	__push_back_slow_path<std::pair<std::string,std::string>>	std::vector<std::pair<std::string,std::string>,std::allocator<std::pair<std::string,std::string>>>	a	a	0		void __push_back_slow_path<std::pair<std::string,std::string>>(vector<std::pair<std::string,std::string>,std::allocator<std::pair<std::string,std::string>>> * this, undefined8 * param_1)
71000107e8	20	FUN_71000107e8		d	a	0		undefined FUN_71000107e8(void)
71000107fc	20	FUN_71000107fc		d	a	0		undefined FUN_71000107fc(void)
7100010810	68	~__begin_marked_subexpression	std::__begin_marked_subexpression<char>	a	a	0		undefined ~__begin_marked_subexpression(__begin_marked_subexpression<char> * this)
7100010854	48	__exec	std::__begin_marked_subexpression<char>	a	a	0		undefined __exec(__begin_marked_subexpression<char> * this, undefined4 * param_1)
7100010884	68	~__end_marked_subexpression	std::__end_marked_subexpression<char>	a	a	0		undefined ~__end_marked_subexpression(__end_marked_subexpression<char> * this)
71000108c8	72	__exec	std::__end_marked_subexpression<char>	a	a	0		undefined __exec(__end_marked_subexpression<char> * this, undefined4 * param_1)
7100010910	228	FUN_7100010910		d	a	0		undefined FUN_7100010910(long param_1, long param_2, long param_3, undefined4 param_4, undefined4 param_5)
7100010a68	232	FUN_7100010a68		d	a	0		undefined FUN_7100010a68(long param_1, long param_2, long param_3, undefined4 param_4, undefined4 param_5)
7100010bc4	244	__push_loop	std::regex	a	a	0		undefined __push_loop(regex * this, long param_1, long param_2, long param_3, undefined4 param_4, undefined4 param_6_00, byte param_6)
7100010cf0	76	FUN_7100010cf0		d	a	0		undefined FUN_7100010cf0(void)
7100010d40	76	FUN_7100010d40		d	a	0		undefined FUN_7100010d40(void)
7100010d8c	108	~__owns_two_states	std::__owns_two_states<char>	a	a	0		undefined ~__owns_two_states(__owns_two_states<char> * this)
7100010df8	104	~__loop	std::__loop<char>	a	a	0		undefined ~__loop(__loop<char> * this)
7100010e60	408	__exec	std::__loop<char>	a	a	0		undefined __exec(__loop<char> * this, int * param_1)
7100011000	156	__exec_split	std::__loop<char>	a	a	0		undefined __exec_split(__loop<char> * this, byte param_1, undefined4 * param_2)
710001109c	104	~__owns_two_states	std::__owns_two_states<char>	a	a	0		undefined ~__owns_two_states(__owns_two_states<char> * this)
7100011104	4	~__repeat_one_loop	std::__repeat_one_loop<char>	a	a	0		undefined ~__repeat_one_loop(__repeat_one_loop<char> * this)
7100011108	20	__exec	std::__repeat_one_loop<char>	a	a	0		undefined __exec(__repeat_one_loop<char> * this, undefined4 * param_1)
710001111c	104	~__alternate	std::__alternate<char>	a	a	0		undefined ~__alternate(__alternate<char> * this)
7100011184	12	__exec	std::__alternate<char>	a	a	0		undefined __exec(undefined8 param_1_00, undefined4 * param_2)
7100011190	36	__exec_split	std::__alternate<char>	a	a	0		undefined __exec_split(__alternate<char> * this, uint param_2_00, undefined4 * param_2)
71000111b4	4	~__empty_non_own_state	std::__empty_non_own_state<char>	a	a	0		undefined ~__empty_non_own_state(__empty_non_own_state<char> * this)
71000111b8	20	__exec	std::__empty_non_own_state<char>	a	a	0		undefined __exec(__empty_non_own_state<char> * this, undefined4 * param_1)
71000111d0	76	FUN_71000111d0		d	a	0		undefined FUN_71000111d0(void)
7100011220	552	__parse_nondupl_RE<char_const*>	std::regex	a	a	0		byte * __parse_nondupl_RE<char_const*>(regex * this, byte * param_1, byte * param_2)
7100011450	920	__parse_RE_dupl_symbol<char_const*>	std::regex	a	a	0		byte * __parse_RE_dupl_symbol<char_const*>(regex * this, byte * param_1, byte * param_2, long param_3, undefined4 param_4, undefined4 param_5)
7100011814	312	__parse_one_char_or_coll_elem_RE<char_const*>	std::regex	a	a	0		byte * __parse_one_char_or_coll_elem_RE<char_const*>(regex * this, byte * param_1, byte * param_2)
710001194c	68	~__match_any	std::__match_any<char>	a	a	0		undefined ~__match_any(__match_any<char> * this)
7100011990	64	__exec	std::__match_any<char>	a	a	0		undefined __exec(__match_any<char> * this, undefined4 * param_1)
71000119d0	96	__test_back_ref	std::regex	a	a	0		byte * __test_back_ref(regex * param_1, uint param_2, byte * param_3)
7100011a30	620	__parse_ERE_expression<char_const*>	std::regex	a	a	0		__loop<char> * __parse_ERE_expression<char_const*>(regex * this, __loop<char> * param_1, __loop<char> * param_2)
7100011c9c	116	__parse_ORD_CHAR_ERE<char_const*>	std::regex	a	a	0		byte * __parse_ORD_CHAR_ERE<char_const*>(regex * this, byte * param_1, byte * param_2)
7100011d10	188	__parse_QUOTED_CHAR_ERE<char_const*>	std::regex	a	a	0		byte * __parse_QUOTED_CHAR_ERE<char_const*>(regex * this, byte * param_1, byte * param_2)
7100011dcc	412	append	std::basic_string<char,std::char_traits<char>,bex::HeapModule::Allocator_string<char>>	a	a	0		basic_string<char,std::char_traits<char>,bex::HeapModule::Allocator_string<char>> * append(basic_string<char,std::char_traits<char>,bex::HeapModule::Allocator_string<char>> * this, void * param_1, ulong param_2)
7100011f70	80	FUN_7100011f70		d	a	0		undefined FUN_7100011f70(void)
7100011fc0	16	c_SetGameMgr	mg0908	a	a	0		undefined c_SetGameMgr(undefined8 param_1)
7100011fd0	16	c_GetGameMgr	mg0908	a	a	0		undefined8 c_GetGameMgr(void)
7100011fe0	7512	GameMgr	mg0908::GameMgr	a	a	0		undefined GameMgr(GameMgr * this)
7100013d40	8412	~GameMgr	mg0908::GameMgr	a	a	0		undefined ~GameMgr(GameMgr * this)
7100015e34	36	~GameMgr	mg0908::GameMgr	a	a	0		undefined ~GameMgr(GameMgr * this)
7100015e60	1032	Update	mg0908::GameMgr	a	a	0		undefined Update(GameMgr * this)
7100016278	120	Update_AdvantagePlayerExplain	mg0908::GameMgr	a	a	0		undefined Update_AdvantagePlayerExplain(GameMgr * this)
71000162f4	68	SafeLock	nn::bezel::WeakHandle<nn::bezel::Entity>	a	a	0		undefined SafeLock(long * param_1, long * param_2)
7100016340	768	Round2_Move_Rotate_Slide_Stage	mg0908::GameMgr	a	a	0		undefined Round2_Move_Rotate_Slide_Stage(GameMgr * param_1, uint param_2)
7100016640	4	SetupGame_Mgr	mg0908::GameMgr	a	a	0		undefined SetupGame_Mgr(void)
7100016644	128	Init000	mg0908::GameMgr	a	a	0		undefined Init000(GameMgr * this)
71000166c4	176	InitRoundSeq	mg0908::GameMgr	a	a	0		undefined InitRoundSeq(GameMgr * this)
7100016780	8792	InitCsv	mg0908::GameMgr	a	a	0		undefined InitCsv(GameMgr * this)
7100018a50	6100	CsvLabel<std::basic_string<char,std::char_traits<char>,bex::HeapModule::Allocator_string<char>>>	wl::CsvLabel	a	a	0		undefined CsvLabel<std::basic_string<char,std::char_traits<char>,bex::HeapModule::Allocator_string<char>>>(CsvLabel * this, ulong * param_1)
710001a3cc	244	At<int>	wl::CsvLabel	a	a	0		int At<int>(CsvLabel * this, byte * param_1, int param_2)
710001a4c0	412	format<int>	wl	a	a	0		char * format<int>(long * param_1_00, wl * this, uint * param_3)
710001a65c	8	Round4GetBaseY	mg0908::GameMgr	a	a	0		undefined1[16] Round4GetBaseY(void)
710001a664	224	InitRound1	mg0908::GameMgr	a	a	0		undefined InitRound1(GameMgr * this)
710001a744	28	InitGame04	mg0908::GameMgr	a	a	0		undefined InitGame04(GameMgr * this)
710001a760	3724	InitEnv	mg0908::GameMgr	a	a	0		undefined InitEnv(GameMgr * this)
710001b620	468	AddComponent<bq::ComMatter,char_const*,(void*)0>	nn::bezel::Entity	a	a	0		WeakHandle AddComponent<bq::ComMatter,char_const*,(void*)0>(long * param_1_00, HandlePtr * param_2, undefined8 * param_3)
710001b7fc	108	InitModel	mg0908::GameMgr	a	a	0		undefined InitModel(GameMgr * this)
710001b870	3672	InitModel001_medal	mg0908::GameMgr	a	a	0		undefined InitModel001_medal(long param_1)
710001c700	2076	InitModel002_daisy	mg0908::GameMgr	a	a	0		undefined InitModel002_daisy(GameMgr * this)
710001cf30	2592	InitModel003_kinopio	mg0908::GameMgr	a	a	0		undefined InitModel003_kinopio(GameMgr * param_1)
710001d970	832	InitModel004_jugemu	mg0908::GameMgr	a	a	0		undefined InitModel004_jugemu(long param_1)
710001dcb8	332	InitModel005_result	mg0908::GameMgr	a	a	0		undefined InitModel005_result(GameMgr * this)
710001de10	22552	InitModel006_opening	mg0908::GameMgr	a	a	0		undefined InitModel006_opening(long param_1)
71000236d0	4596	InitModel011_round1	mg0908::GameMgr	a	a	0		undefined InitModel011_round1(GameMgr * this)
71000248f0	10432	InitModel012_round2	mg0908::GameMgr	a	a	0		undefined InitModel012_round2(GameMgr * this)
7100027200	14344	InitModel013_round3	mg0908::GameMgr	a	a	0		undefined InitModel013_round3(GameMgr * this)
710002aa60	5124	InitModel014_round4	mg0908::GameMgr	a	a	0		undefined InitModel014_round4(GameMgr * this)
710002be84	868	InitModel020_old	mg0908::GameMgr	a	a	0		undefined InitModel020_old(GameMgr * this)
710002c1f0	696	AddComponent<actor::ComActorCollision,,(void*)0>	nn::bezel::Entity	a	a	0		WeakHandle AddComponent<actor::ComActorCollision,,(void*)0>(long * param_1, HandlePtr * param_2)
710002c4b0	468	AddComponent<bq::ComMatter,bq::NonPlayerCharacterID,(void*)0>	nn::bezel::Entity	a	a	0		WeakHandle AddComponent<bq::ComMatter,bq::NonPlayerCharacterID,(void*)0>(long * param_1_00, HandlePtr * param_2, undefined4 * param_3)
710002c690	468	AddComponent<bq::ComMatter,bq::PlayerCharacterID,(void*)0>	nn::bezel::Entity	a	a	0		WeakHandle AddComponent<bq::ComMatter,bq::PlayerCharacterID,(void*)0>(long * param_1_00, HandlePtr * param_2, undefined4 * param_3)
710002c870	304	AnimationName	actor::MotionArg	a	a	0		MotionArg * AnimationName(MotionArg * this, long param_1)
710002c9a0	564	KinopioChangeColor	mg0908::GameMgr	a	a	0		undefined KinopioChangeColor(GameMgr * this)
710002cbe0	436	format<int,int>	wl	a	a	0		char * format<int,int>(long * param_1_00, wl * this, uint * param_3, uint * param_4)
710002cda0	480	AddComponent<nn::bezel::ComRigidBody,nn::bezel::HandlePtr<nn::bezel::RigidBody>,(void*)0>	nn::bezel::Entity	a	a	0		WeakHandle AddComponent<nn::bezel::ComRigidBody,nn::bezel::HandlePtr<nn::bezel::RigidBody>,(void*)0>(long * param_1_00, HandlePtr * param_2, HandlePtr * param_3)
710002cf88	200	round4_setEffectRate	mg0908::GameMgr	a	a	0		undefined round4_setEffectRate(GameMgr * this)
710002d050	1420	SyncedSetupGame_Mgr	mg0908::GameMgr	a	a	0		undefined SyncedSetupGame_Mgr(GameMgr * this)
710002d5e0	108	CreateCamera	mg0908::GameMgr	a	a	0		undefined CreateCamera(GameMgr * this)
710002d64c	12	InitCamera	mg0908::GameMgr	a	a	0		undefined InitCamera(GameMgr * this)
710002d658	148	CreateTimer	mg0908::GameMgr	a	a	0		undefined CreateTimer(GameMgr * this)
710002d6f0	468	InitTimer	mg0908::GameMgr	a	a	0		undefined InitTimer(GameMgr * this)
710002d8d0	504	CreateStatus	mg0908::GameMgr	a	a	0		undefined CreateStatus(GameMgr * this)
710002dae0	404	CreateRoundTelop	mg0908::GameMgr	a	a	0		undefined CreateRoundTelop(GameMgr * this)
710002dc80	304	InitRoundTelop	mg0908::GameMgr	a	a	0		undefined InitRoundTelop(GameMgr * this)
710002ddb8	272	CreateHeadPoint	mg0908::GameMgr	a	a	0		undefined CreateHeadPoint(long param_1, uint param_2)
710002dec8	108	CreatePlayers	mg0908::GameMgr	a	a	0		undefined CreatePlayers(GameMgr * this)
710002df34	380	InitPlayers	mg0908::GameMgr	a	a	0		undefined InitPlayers(GameMgr * this)
710002e0b0	9324	SetStage	mg0908::GameMgr	a	a	0		undefined SetStage(GameMgr * this, uint param_1, uint param_2, uint param_3)
71000305a0	7452	ClearStage	mg0908::GameMgr	a	a	0		undefined ClearStage(GameMgr * this, int param_1, ulong param_2)
71000322f0	256	GetComponent<actor::ComActorCollision>	nn::bezel::Entity	a	a	0		WeakHandle GetComponent<actor::ComActorCollision>(long * param_1, long param_2)
7100032400	15244	OpdemoDispModel	mg0908::GameMgr	a	a	0		undefined OpdemoDispModel(long param_1, int param_2)
7100035fe8	72	Init_Medal_Param	mg0908::GameMgr	a	a	0		undefined Init_Medal_Param(GameMgr * this, int param_1)
7100036030	168	medal_info_clear	mg0908::GameMgr	a	a	0		undefined medal_info_clear(GameMgr * this, long * param_1)
71000360e0	116	check_medalT_cnt	mg0908::GameMgr	a	a	0		undefined check_medalT_cnt(GameMgr * this, int param_1)
7100036160	120	check_medalT2_cnt	mg0908::GameMgr	a	a	0		undefined check_medalT2_cnt(GameMgr * this, int param_1)
71000361e0	452	AddComponent<actor::ComWorldCollisionLimit,,(void*)0>	nn::bezel::Entity	a	a	0		WeakHandle AddComponent<actor::ComWorldCollisionLimit,,(void*)0>(long * param_1, HandlePtr * param_2)
71000363b0	4340	SetStageOpening	mg0908::GameMgr	a	a	0		undefined SetStageOpening(long param_1)
71000374b0	6568	SetStageResult	mg0908::GameMgr	a	a	0		undefined SetStageResult(long param_1)
7100038e70	3224	SetStageRound1	mg0908::GameMgr	a	a	0		undefined SetStageRound1(long param_1, undefined8 * param_2)
7100039b10	5960	SetStageRound2	mg0908::GameMgr	a	a	0		undefined SetStageRound2(GameMgr * this)
710003b260	2672	SetStageRound3	mg0908::GameMgr	a	a	0		undefined SetStageRound3(GameMgr * this)
710003bcd0	2948	SetStageRound4	mg0908::GameMgr	a	a	0		undefined SetStageRound4(GameMgr * this)
710003c860	524	GameInit_Medal_Set	mg0908::GameMgr	a	a	0		undefined GameInit_Medal_Set(GameMgr * this)
710003ca6c	8	Round1CalcFloorNo	mg0908::GameMgr	a	a	0		int Round1CalcFloorNo(undefined8 param_1_00, int param_2, int param_3)
710003ca74	36	Round1CalcPos3D	mg0908::GameMgr	a	a	0		undefined1[16] Round1CalcPos3D(GameMgr * this, int param_2, int param_3)
710003caa0	132	Round1CalcAreaNo	mg0908::GameMgr	a	a	0		ulong Round1CalcAreaNo(undefined1[16] param_1, GameMgr * this)
710003cb24	176	GameInit_Medal_Set_Round1	mg0908::GameMgr	a	a	0		undefined GameInit_Medal_Set_Round1(GameMgr * this, int param_1, int param_2)
710003cbd4	648	GameInit_Medal_Set_Round2	mg0908::GameMgr	a	a	0		undefined GameInit_Medal_Set_Round2(GameMgr * this, uint param_1)
710003ce5c	116	GameInit_Medal_Set_Round3	mg0908::GameMgr	a	a	0		undefined GameInit_Medal_Set_Round3(GameMgr * this, int param_1)
710003ced0	676	GameUpdate_MedalCreate_sub0_Round1_Rand_chk	mg0908::GameMgr	a	a	0		uint GameUpdate_MedalCreate_sub0_Round1_Rand_chk(GameMgr * this, byte param_1)
710003d180	508	GameInit_Medal_Disp	mg0908::GameMgr	a	a	0		undefined GameInit_Medal_Disp(GameMgr * this, int param_1, undefined4 param_2)
710003d390	1204	GameUpdate_MedalCreate_sub0_Round2_Rand_chk	mg0908::GameMgr	a	a	0		int GameUpdate_MedalCreate_sub0_Round2_Rand_chk(GameMgr * this, ulong param_1)
710003d850	716	GameInit_Medal_Disp2	mg0908::GameMgr	a	a	0		undefined GameInit_Medal_Disp2(long param_1, int param_2, undefined4 param_3)
710003db30	664	GameUpdate_MedalCreate_sub0_Round3_Rand_chk	mg0908::GameMgr	a	a	0		int GameUpdate_MedalCreate_sub0_Round3_Rand_chk(GameMgr * this, ulong param_1)
710003ddd0	60	GameInit_Medal_Move_Start	mg0908::GameMgr	a	a	0		undefined GameInit_Medal_Move_Start(int param_1, GameMgr * this)
710003de0c	4	CleanupGame_Mgr	mg0908::GameMgr	a	a	0		undefined CleanupGame_Mgr(void)
710003de10	1932	OnCharaGameDemoStart_Mgr	mg0908::GameMgr	a	a	0		undefined8 OnCharaGameDemoStart_Mgr(GameMgr * this)
710003e5b0	280	IsSkipInput_Mgr	mg0908::GameMgr	a	a	0		undefined4 IsSkipInput_Mgr(void)
710003e6cc	9012	OnCharaGameDemo_Mgr	mg0908::GameMgr	a	a	0		undefined4 OnCharaGameDemo_Mgr(GameMgr * param_1)
7100040a10	5480	op_round3_rotate_fence	mg0908::GameMgr	a	a	0		undefined op_round3_rotate_fence(long param_1, uint param_2)
7100041f90	140	Demo_Round1Update_Move_Stage	mg0908::GameMgr	a	a	0		undefined Demo_Round1Update_Move_Stage(float param_1, GameMgr * this)
7100042020	2256	OnGameInit_Mgr	mg0908::GameMgr	a	a	0		undefined8 OnGameInit_Mgr(GameMgr * this)
7100042910	324	DispStatus	mg0908::GameMgr	a	a	0		undefined DispStatus(GameMgr * this)
7100042a5c	464	OnGameFirstFade_Mgr	mg0908::GameMgr	a	a	0		undefined8 OnGameFirstFade_Mgr(GameMgr * this)
7100042c30	916	GameUpdate_CameraMove	mg0908::GameMgr	a	a	0		undefined GameUpdate_CameraMove(GameMgr * this, ulong param_1)
7100042fc4	336	GameAllUpdate_Move_Stage	mg0908::GameMgr	a	a	0		undefined GameAllUpdate_Move_Stage(GameMgr * this, ulong param_1)
7100043120	4948	OnGameOpening_Mgr	mg0908::GameMgr	a	a	0		undefined8 OnGameOpening_Mgr(GameMgr * this)
7100044490	1224	OnGameOpeningSkip_Mgr	mg0908::GameMgr	a	a	0		undefined8 OnGameOpeningSkip_Mgr(GameMgr * this)
7100044960	5288	chk_player_status	mg0908::GameMgr	a	a	0		undefined chk_player_status(GameMgr * this, int param_1)
7100045e10	732	GameUpdate_MedalMove	mg0908::GameMgr	a	a	0		ulong GameUpdate_MedalMove(ulong param_1, GameMgr * this)
71000460f4	336	UpdateHeadPoint	mg0908::GameMgr	a	a	0		bool UpdateHeadPoint(GameMgr * this)
7100046250	300	AdvantageEffectStatus	mg0908::GameMgr	a	a	0		undefined AdvantageEffectStatus(long param_1)
7100046384	548	GameUpdate_SpMedalCreate_sub0_Opening	mg0908::GameMgr	a	a	0		undefined8 GameUpdate_SpMedalCreate_sub0_Opening(undefined1[16] param_1_00, GameMgr * this, int param_3)
71000465b0	348	ChangeStatus	mg0908::GameMgr	a	a	0		undefined ChangeStatus(GameMgr * this, int param_1, undefined4 param_2)
7100046720	608	DispHeadPoint	mg0908::GameMgr	a	a	0		undefined DispHeadPoint(undefined4 param_1, GameMgr * this, int param_3, bool param_4)
710004698c	284	OnGameStartBefore_Mgr	mg0908::GameMgr	a	a	0		undefined8 OnGameStartBefore_Mgr(GameMgr * param_1)
7100046ab0	320	DispTimer	mg0908::GameMgr	a	a	0		undefined DispTimer(GameMgr * this)
7100046bf8	88	OnGameStart_Mgr	mg0908::GameMgr	a	a	0		undefined8 OnGameStart_Mgr(GameMgr * this)
7100046c50	88	OnGameStartAfter_Mgr	mg0908::GameMgr	a	a	0		undefined8 OnGameStartAfter_Mgr(GameMgr * this)
7100046cb0	6504	OnGameMain_Mgr	mg0908::GameMgr	a	a	0		undefined4 OnGameMain_Mgr(GameMgr * param_1, undefined8 param_2, ActorHashedString * * param_3)
7100048630	856	KinopioMotionExec	mg0908::GameMgr	a	a	0		undefined KinopioMotionExec(GameMgr * this)
71000489a0	340	DispRoundTelop	mg0908::GameMgr	a	a	0		undefined DispRoundTelop(GameMgr * this)
7100048b00	296	IsFinishedRoundTelop	mg0908::GameMgr	a	a	0		undefined8 IsFinishedRoundTelop(GameMgr * this)
7100048c30	740	GameMainExecStartTimer	mg0908::GameMgr	a	a	0		undefined GameMainExecStartTimer(GameMgr * this)
7100048f20	292	IsEndCheckTimer	mg0908::GameMgr	a	a	0		undefined8 IsEndCheckTimer(GameMgr * this)
7100049050	768	GameMainExecEndTimer	mg0908::GameMgr	a	a	0		GameMgr * GameMainExecEndTimer(GameMgr * this)
7100049358	36	GameUpdate_MedalCreate	mg0908::GameMgr	a	a	0		undefined GameUpdate_MedalCreate(GameMgr * this, undefined8 param_1, undefined8 param_2)
7100049380	404	GameUpdate_MedalInfoCheck	mg0908::GameMgr	a	a	0		undefined GameUpdate_MedalInfoCheck(GameMgr * this)
7100049514	256	CalcPlayerRank	mg0908::GameMgr	a	a	0		undefined CalcPlayerRank(GameMgr * this, int param_1)
7100049620	292	DisappearGameTimer	mg0908::GameMgr	a	a	0		undefined DisappearGameTimer(GameMgr * this)
7100049750	288	GameStartTimer	mg0908::GameMgr	a	a	0		undefined GameStartTimer(GameMgr * this)
7100049878	1476	OnGameEnd_Mgr	mg0908::GameMgr	a	a	0		undefined8 OnGameEnd_Mgr(GameMgr * this)
7100049e40	352	ChangeRankStatus	mg0908::GameMgr	a	a	0		undefined ChangeRankStatus(GameMgr * this, int param_1, undefined4 param_2)
7100049fac	296	OnGameFinish_Mgr	mg0908::GameMgr	a	a	0		bool OnGameFinish_Mgr(GameMgr * this)
710004a0e0	472	GameUpdate_FinishCharaHit	mg0908::GameMgr	a	a	0		undefined GameUpdate_FinishCharaHit(GameMgr * this)
710004a2d4	96	OnGameEndingFade_Mgr	mg0908::GameMgr	a	a	0		undefined8 OnGameEndingFade_Mgr(GameMgr * this)
710004a340	3412	OnEndingInit_Mgr	mg0908::GameMgr	a	a	0		undefined8 OnEndingInit_Mgr(GameMgr * this, long * param_1)
710004b0b0	236	~SceneResult_Builder	wl::SceneResult_Builder	a	a	0		undefined ~SceneResult_Builder(SceneResult_Builder * this)
710004b1a4	624	OnEndingInit_Setup_Mgr	mg0908::GameMgr	a	a	0		undefined OnEndingInit_Setup_Mgr(GameMgr * this)
710004b420	300	DispOffTimer	mg0908::GameMgr	a	a	0		undefined DispOffTimer(GameMgr * this)
710004b560	468	AddComponent<bq::ComUiTimer,bq::ComUiTimer::UiTimerType,(void*)0>	nn::bezel::Entity	a	a	0		WeakHandle AddComponent<bq::ComUiTimer,bq::ComUiTimer::UiTimerType,(void*)0>(long * param_1_00, HandlePtr * param_2, undefined4 * param_3)
710004b740	292	GetSecGameTimer	mg0908::GameMgr	a	a	0		undefined1[16] GetSecGameTimer(GameMgr * this)
710004b870	468	AddComponent<bq::ComUiStatus,bq::ComUiStatus::UiStatusType,bq::ComUiStatus::UiStatusMatchType,bq::ComUiStatus::UiStatusPlaceType,(void*)0>	nn::bezel::Entity	a	a	0		WeakHandle AddComponent<bq::ComUiStatus,bq::ComUiStatus::UiStatusType,bq::ComUiStatus::UiStatusMatchType,bq::ComUiStatus::UiStatusPlaceType,(void*)0>(long * param_1_00, HandlePtr * param_2, undefined4 * param_3, undefined4 * param_4, undefined4 * param_5)
710004ba4c	4	InitStatus	mg0908::GameMgr	a	a	0		undefined InitStatus(void)
710004ba50	4	DispOffStatus	mg0908::GameMgr	a	a	0		undefined DispOffStatus(void)
710004ba60	468	AddComponent<bq::ComUiMGTelop,bq::ComUiMGTelop::UiMGTelopType,(void*)0>	nn::bezel::Entity	a	a	0		WeakHandle AddComponent<bq::ComUiMGTelop,bq::ComUiMGTelop::UiMGTelopType,(void*)0>(long * param_1_00, HandlePtr * param_2, undefined4 * param_3)
710004bc40	468	AddComponent<bq::ComUiScore,bq::ComUiScore::UiScoreType,(void*)0>	nn::bezel::Entity	a	a	0		WeakHandle AddComponent<bq::ComUiScore,bq::ComUiScore::UiScoreType,(void*)0>(long * param_1_00, HandlePtr * param_2, undefined4 * param_3)
710004be20	516	DispHeadPointMove	mg0908::GameMgr	a	a	0		undefined DispHeadPointMove(GameMgr * this, int param_1)
710004c02c	332	player_get_rev_mok_pos	mg0908::GameMgr	a	a	0		undefined player_get_rev_mok_pos(GameMgr * this, int param_1)
710004c180	864	player_get_rev_start_pos	mg0908::GameMgr	a	a	0		undefined1[16] player_get_rev_start_pos(GameMgr * this, int param_2)
710004c4ec	432	player_set_jugemu_pos	mg0908::GameMgr	a	a	0		undefined player_set_jugemu_pos(GameMgr * this, int param_1)
710004c6a0	1332	GameUpdate_MedalCreate_Normal	mg0908::GameMgr	a	a	0		undefined GameUpdate_MedalCreate_Normal(GameMgr * this)
710004cbf0	2548	GameUpdate_MedalCreate_Special	mg0908::GameMgr	a	a	0		undefined GameUpdate_MedalCreate_Special(GameMgr * param_1, undefined8 param_2, undefined8 param_3)
710004d5ec	116	GameUpdate_SpMedalCreate_sub0	mg0908::GameMgr	a	a	0		undefined8 GameUpdate_SpMedalCreate_sub0(GameMgr * this, int param_1, undefined8 param_2, uint param_3)
710004d660	824	GameUpdate_SpMedalCreate_last_hosei	mg0908::GameMgr	a	a	0		undefined GameUpdate_SpMedalCreate_last_hosei(GameMgr * this, int param_1)
710004d998	396	GameUpdate_MedalCreate_sub0	mg0908::GameMgr	a	a	0		uint GameUpdate_MedalCreate_sub0(GameMgr * param_1, int param_2)
710004db24	384	GameUpdate_MedalCreate_last_hosei	mg0908::GameMgr	a	a	0		undefined GameUpdate_MedalCreate_last_hosei(GameMgr * this, int param_1)
710004dcb0	600	Round2_calc_floor_pos_x	mg0908::GameMgr	a	a	0		undefined Round2_calc_floor_pos_x(GameMgr * this, int param_1, int param_2)
710004df14	268	GameUpdate_MedalCreate_sub0_Round1	mg0908::GameMgr	a	a	0		uint GameUpdate_MedalCreate_sub0_Round1(GameMgr * param_1, int param_2)
710004e020	432	GameUpdate_MedalCreate_sub0_Round2	mg0908::GameMgr	a	a	0		uint GameUpdate_MedalCreate_sub0_Round2(GameMgr * this, int param_1)
710004e1d0	260	GameUpdate_MedalCreate_sub0_Round3	mg0908::GameMgr	a	a	0		uint GameUpdate_MedalCreate_sub0_Round3(GameMgr * this, int param_1)
710004e2d4	244	GameUpdate_MedalCreate_sub0_Round4	mg0908::GameMgr	a	a	0		uint GameUpdate_MedalCreate_sub0_Round4(GameMgr * this, int param_1)
710004e3c8	448	GameUpdate_MedalCreate_sub0_Round4_Rand_chk	mg0908::GameMgr	a	a	0		undefined GameUpdate_MedalCreate_sub0_Round4_Rand_chk(GameMgr * this, ulong param_1)
710004e588	1428	Round2CalcFloorNo	mg0908::GameMgr	a	a	0		int Round2CalcFloorNo(undefined1[16] param_1, GameMgr * this, uint param_3)
710004eb20	508	GameUpdate_SpMedalCreate_sub0_Round1	mg0908::GameMgr	a	a	0		undefined8 GameUpdate_SpMedalCreate_sub0_Round1(GameMgr * this, int param_1, undefined8 param_2, uint param_3)
710004ed20	836	GameUpdate_SpMedalCreate_sub0_Round2	mg0908::GameMgr	a	a	0		undefined8 GameUpdate_SpMedalCreate_sub0_Round2(GameMgr * this, int param_1, ulong param_2)
710004f070	496	GameUpdate_SpMedalCreate_sub0_Round3	mg0908::GameMgr	a	a	0		undefined8 GameUpdate_SpMedalCreate_sub0_Round3(GameMgr * this, int param_1, uint param_2)
710004f260	652	GameUpdate_SpMedalCreate_sub0_Round4	mg0908::GameMgr	a	a	0		undefined8 GameUpdate_SpMedalCreate_sub0_Round4(GameMgr * this, int param_1, uint param_2)
710004f4f0	840	GameUpdate_SpMedalCreate_sub0_Round1_Rand_chk	mg0908::GameMgr	a	a	0		uint GameUpdate_SpMedalCreate_sub0_Round1_Rand_chk(long param_1)
710004f850	1256	GameUpdate_SpMedalCreate_sub0_Round2_Rand_chk	mg0908::GameMgr	a	a	0		int GameUpdate_SpMedalCreate_sub0_Round2_Rand_chk(GameMgr * this, ulong param_1)
710004fd40	752	GameUpdate_SpMedalCreate_sub0_Round3_Rand_chk	mg0908::GameMgr	a	a	0		int GameUpdate_SpMedalCreate_sub0_Round3_Rand_chk(GameMgr * this, ulong param_1)
7100050038	236	GameUpdate_SpMedalCreate_sub0_Round4_Rand_chk	mg0908::GameMgr	a	a	0		int GameUpdate_SpMedalCreate_sub0_Round4_Rand_chk(long param_1)
7100050130	1060	GameUpdate_MedalAddScore00	mg0908::GameMgr	a	a	0		undefined GameUpdate_MedalAddScore00(GameMgr * this, long * param_1)
710005055c	1164	GameUpdate_MedalMove00	mg0908::GameMgr	a	a	0		undefined GameUpdate_MedalMove00(GameMgr * this, long * param_1, int param_2)
71000509f0	1276	GameUpdate_MedalMove_sub0	mg0908::GameMgr	a	a	0		undefined GameUpdate_MedalMove_sub0(GameMgr * this, long * param_1)
7100050f00	576	GameUpdate_MedalMove_sub3	mg0908::GameMgr	a	a	0		undefined GameUpdate_MedalMove_sub3(GameMgr * this, long * param_1)
7100051150	916	r3_GetBeltHoseiY	mg0908::GameMgr	a	a	0		undefined4 r3_GetBeltHoseiY(float param_1, GameMgr * this)
71000514e4	160	round2_get_new_move_floor_pos	mg0908::GameMgr	a	a	0		undefined1[16] round2_get_new_move_floor_pos(GameMgr * this, uint param_2)
7100051590	9668	round3_rotate_fence	mg0908::GameMgr	a	a	0		undefined round3_rotate_fence(long param_1)
7100053ba8	160	Round1Update_Move_Stage	mg0908::GameMgr	a	a	0		undefined Round1Update_Move_Stage(GameMgr * this)
7100053c48	8	Round2Update_Move_Stage	mg0908::GameMgr	a	a	0		undefined Round2Update_Move_Stage(GameMgr * this)
7100053c50	464	Round3Update_Move_Stage	mg0908::GameMgr	a	a	0		undefined Round3Update_Move_Stage(GameMgr * this)
7100053e20	1160	Round4Update_Move_Stage	mg0908::GameMgr	a	a	0		undefined Round4Update_Move_Stage(GameMgr * this)
71000542b0	1228	Round1UpDownFloorSet	mg0908::GameMgr	a	a	0		undefined Round1UpDownFloorSet(GameMgr * this, int param_1, int param_2)
7100054780	1336	Round1UpDownFloorExec	mg0908::GameMgr	a	a	0		undefined Round1UpDownFloorExec(GameMgr * this)
7100054cd0	1336	Demo_Round1UpDownFloorExec	mg0908::GameMgr	a	a	0		undefined Demo_Round1UpDownFloorExec(GameMgr * this)
7100055214	16	Round1GetMarutaPno	mg0908::GameMgr	a	a	0		undefined4 Round1GetMarutaPno(GameMgr * this, int param_1)
7100055224	60	Round1CheckStatus	mg0908::GameMgr	a	a	0		undefined8 Round1CheckStatus(undefined8 param_1_00, int param_2)
7100055260	180	G01_CheckMedal4	mg0908::GameMgr	a	a	0		int G01_CheckMedal4(GameMgr * this, int param_1)
7100055320	2908	round2_rotate_floor	mg0908::GameMgr	a	a	0		undefined round2_rotate_floor(float param_1, float param_2, float param_3, float param_4, float param_5, float param_6, GameMgr * this)
7100055e80	1808	round2_new_move_floor	mg0908::GameMgr	a	a	0		undefined round2_new_move_floor(GameMgr * this, int param_1)
71000565a0	936	round2_rotate_floor_sub0	mg0908::GameMgr	a	a	0		undefined round2_rotate_floor_sub0(float param_1, GameMgr * this, float param_3)
7100056950	536	round2_get_new_move_floor_pos2	mg0908::GameMgr	a	a	0		undefined1[16] round2_get_new_move_floor_pos2(GameMgr * this, uint param_2, int param_3)
7100056b70	392	round2_get_circle_next_pos3	mg0908::GameMgr	a	a	0		undefined8 round2_get_circle_next_pos3(undefined1[16] param_1_00, float param_2, GameMgr * this, uint param_4)
7100056cf8	388	round2_calc_floor_move_xz	mg0908::GameMgr	a	a	0		undefined1[16] round2_calc_floor_move_xz(undefined1[16] param_1, GameMgr * this, uint param_3, float * param_4)
7100056e7c	272	Round3CalcFloorNo	mg0908::GameMgr	a	a	0		int Round3CalcFloorNo(float param_1, GameMgr * this)
7100056f90	1876	round4_rotate_floor	mg0908::GameMgr	a	a	0		undefined round4_rotate_floor(float param_1, GameMgr * this)
71000576f0	4	getInstanceTypeinfo	bex::Fiber	a	a	0		undefined getInstanceTypeinfo(void)
71000576f4	4	StartUpdate	bex::Fiber	a	a	0		undefined StartUpdate(void)
71000576f8	44	Destroy	bex::Fiber	a	a	0		undefined Destroy(Fiber * this)
7100057730	316	find<std::basic_string<char,std::char_traits<char>,bex::HeapModule::Allocator_string<char>>>	std::__tree<std::__value_type<std::basic_string<char,std::char_traits<char>,bex::HeapModule::Allocator_string<char>>,wl::CsvLabel::_V>,std::__map_value_compare<std::basic_string<char,std::char_traits<char>,bex::HeapModule::Allocator_string<char>>,std::__value_type<std::basic_string<char,std::char_traits<char>,bex::HeapModule::Allocator_string<char>>,wl::CsvLabel::_V>,std::less<std::basic_string<char,std::char_traits<char>,bex::HeapModule::Allocator_string<char>>>,true>,bex::HeapModule::Allocator_map<std::__value_type<std::basic_string<char,std::char_traits<char>,bex::HeapModule::Allocator_string<char>>,wl::CsvLabel::_V>>>	a	a	0		__tree<std::__value_type<std::basic_string<char,std::char_traits<char>,bex::HeapModule::Allocator_string<char>>,wl::CsvLabel::_V>,std::__map_value_compare<std::basic_string<char,std::char_traits<char>,bex::HeapModule::Allocator_string<char>>,std::__value_type<std::basic_string<char,std::char_traits<char>,bex::HeapModule::Allocator_string<char>>,wl::CsvLabel::_V>,std::less<std::basic_string<char,std::char_traits<char>,bex::HeapModule::Allocator_string<char>>>,true>,bex::HeapModule::Allocator_map<std::__value_type<std::basic_string<char,std::char_traits<char>,bex::HeapModule::Allocator_string<char>>,wl::CsvLabel::_V>>> * find<std::basic_string<char,std::char_traits<char>,bex::HeapModule::Allocator_string<char>>>(__tree<std::__value_type<std::basic_string<char,std::char_traits<char>,bex::HeapModule::Allocator_string<char>>,wl::CsvLabel::_V>,std::__map_value_compare<std::basic_string<char,std::char_traits<char>,bex::HeapModule::Allocator_string<char>>,std::__value_type<std::basic_string<char,std::char_traits<char>,bex::HeapModule::Allocator_string<char>>,wl::CsvLabel::_V>,std::less<std::basic_string<char,std::char_traits<char>,bex::HeapModule::Allocator_string<char>>>,true>,bex::HeapModule::Allocator_map<std::__value_type<std::basic_string<char,std::char_traits<char>,bex::HeapModule::Allocator_string<char>>,wl::CsvLabel::_V>>> * this, byte * param_1)
7100057880	24	FUN_7100057880		d	a	0		undefined FUN_7100057880(void)
71000578a0	80	FUN_71000578a0		d	a	0		undefined FUN_71000578a0(char * param_1)
71000578f0	48	FUN_71000578f0		d	a	0		undefined FUN_71000578f0(logic_error * param_1, char * param_2)
7100057920	240	At<double>	wl::CsvLabel	a	a	0		undefined1[16] At<double>(CsvLabel * this, byte * param_2, int param_3)
7100057a10	164	destroy	std::__tree<std::__value_type<std::basic_string<char,std::char_traits<char>,bex::HeapModule::Allocator_string<char>>,wl::CsvLabel::_V>,std::__map_value_compare<std::basic_string<char,std::char_traits<char>,bex::HeapModule::Allocator_string<char>>,std::__value_type<std::basic_string<char,std::char_traits<char>,bex::HeapModule::Allocator_string<char>>,wl::CsvLabel::_V>,std::less<std::basic_string<char,std::char_traits<char>,bex::HeapModule::Allocator_string<char>>>,true>,bex::HeapModule::Allocator_map<std::__value_type<std::basic_string<char,std::char_traits<char>,bex::HeapModule::Allocator_string<char>>,wl::CsvLabel::_V>>>	a	a	0		undefined destroy(__tree<std::__value_type<std::basic_string<char,std::char_traits<char>,bex::HeapModule::Allocator_string<char>>,wl::CsvLabel::_V>,std::__map_value_compare<std::basic_string<char,std::char_traits<char>,bex::HeapModule::Allocator_string<char>>,std::__value_type<std::basic_string<char,std::char_traits<char>,bex::HeapModule::Allocator_string<char>>,wl::CsvLabel::_V>,std::less<std::basic_string<char,std::char_traits<char>,bex::HeapModule::Allocator_string<char>>>,true>,bex::HeapModule::Allocator_map<std::__value_type<std::basic_string<char,std::char_traits<char>,bex::HeapModule::Allocator_string<char>>,wl::CsvLabel::_V>>> * this, undefined8 * param_1)
7100057ab4	228	operator=	nn::bezel::detail::Variant<nn::bezel::CollisionShape::Sphere,nn::bezel::CollisionShape::Plane,nn::bezel::CollisionShape::Capsule,nn::bezel::CollisionShape::Box,nn::bezel::CollisionShape::Mesh,nn::bezel::CollisionShape::Complex,nn::bezel::CollisionShape::Collection,nn::bezel::CollisionShape::RuntimeConvexMesh,nn::bezel::CollisionShape::RuntimeTriangleMesh,nn::bezel::CollisionShape::RuntimeHeightField>	a	a	0		Variant<nn::bezel::CollisionShape::Sphere,nn::bezel::CollisionShape::Plane,nn::bezel::CollisionShape::Capsule,nn::bezel::CollisionShape::Box,nn::bezel::CollisionShape::Mesh,nn::bezel::CollisionShape::Complex,nn::bezel::CollisionShape::Collection,nn::bezel::CollisionShape::RuntimeConvexMesh,nn::bezel::CollisionShape::RuntimeTriangleMesh,nn::bezel::CollisionShape::RuntimeHeightField> * operator=(Variant<nn::bezel::CollisionShape::Sphere,nn::bezel::CollisionShape::Plane,nn::bezel::CollisionShape::Capsule,nn::bezel::CollisionShape::Box,nn::bezel::CollisionShape::Mesh,nn::bezel::CollisionShape::Complex,nn::bezel::CollisionShape::Collection,nn::bezel::CollisionShape::RuntimeConvexMesh,nn::bezel::CollisionShape::RuntimeTriangleMesh,nn::bezel::CollisionShape::RuntimeHeightField> * this, long * param_1)
7100057ba0	464	~Collection	nn::bezel::CollisionShape::Collection	a	a	0		undefined ~Collection(Collection * this)
7100057d80	288	Destroy	nn::bezel::detail::VariantImpl::CtorDtor<nn::bezel::CollisionShape::RuntimeConvexMesh,nn::bezel::CollisionShape::RuntimeTriangleMesh,nn::bezel::CollisionShape::RuntimeHeightField>	a	a	0		undefined Destroy(long param_1, char param_2)
7100057eb0	288	Destroy	nn::bezel::detail::VariantImpl::CtorDtor<nn::bezel::CollisionShape::RuntimeTriangleMesh,nn::bezel::CollisionShape::RuntimeHeightField>	a	a	0		undefined Destroy(long param_1, char param_2)
7100057fe0	268	Destroy	nn::bezel::detail::VariantImpl::CtorDtor<nn::bezel::CollisionShape::RuntimeHeightField>	a	a	0		undefined Destroy(long param_1, char param_2)
7100058100	284	CopyConstruct	nn::bezel::detail::VariantImpl::CtorDtor<nn::bezel::CollisionShape::Capsule,nn::bezel::CollisionShape::Box,nn::bezel::CollisionShape::Mesh,nn::bezel::CollisionShape::Complex,nn::bezel::CollisionShape::Collection,nn::bezel::CollisionShape::RuntimeConvexMesh,nn::bezel::CollisionShape::RuntimeTriangleMesh,nn::bezel::CollisionShape::RuntimeHeightField>	a	a	0		undefined CopyConstruct(long * param_1, long * param_2, char param_3)
7100058220	356	FUN_7100058220		d	a	0		undefined FUN_7100058220(long * param_1, long * param_2)
7100058390	144	FUN_7100058390		d	a	0		undefined FUN_7100058390(undefined8 * param_1)
7100058420	20	FUN_7100058420		d	a	0		undefined FUN_7100058420(void)
7100058440	244	CopyConstruct	nn::bezel::detail::VariantImpl::CtorDtor<nn::bezel::CollisionShape::RuntimeConvexMesh,nn::bezel::CollisionShape::RuntimeTriangleMesh,nn::bezel::CollisionShape::RuntimeHeightField>	a	a	0		undefined CopyConstruct(undefined8 * param_1, undefined8 * param_2, char param_3)
7100058534	56	IsDerivedFrom	nn::bezel::detail::StaticTypeDesc<nn::bezel::RigidBody,false,nn::bezel::Collision>	a	a	0		bool IsDerivedFrom(undefined * param_1)
710005856c	12	GetBaseTypeDesc	nn::bezel::detail::StaticTypeDesc<nn::bezel::RigidBody,false,nn::bezel::Collision>	a	a	0		undefined * GetBaseTypeDesc(void)
7100058578	20	GetNextBaseTypeDesc	nn::bezel::detail::StaticTypeDesc<nn::bezel::RigidBody,false,nn::bezel::Collision>	a	a	0		undefined * GetNextBaseTypeDesc(long param_1)
710005858c	8	CastTo	nn::bezel::detail::StaticTypeDesc<nn::bezel::RigidBody,false,nn::bezel::Collision>	a	a	0		undefined8 CastTo(undefined8 param_1, undefined8 param_2)
7100058594	8	CastToConst	nn::bezel::detail::StaticTypeDesc<nn::bezel::RigidBody,false,nn::bezel::Collision>	a	a	0		undefined8 CastToConst(undefined8 param_1, undefined8 param_2)
710005859c	32	IsDerivedFrom	nn::bezel::detail::StaticTypeDesc<nn::bezel::Collision,false,nn::bezel::IBasis>	a	a	0		bool IsDerivedFrom(undefined * param_1)
71000585bc	12	GetBaseTypeDesc	nn::bezel::detail::StaticTypeDesc<nn::bezel::Collision,false,nn::bezel::IBasis>	a	a	0		undefined * GetBaseTypeDesc(void)
71000585c8	20	GetNextBaseTypeDesc	nn::bezel::detail::StaticTypeDesc<nn::bezel::Collision,false,nn::bezel::IBasis>	a	a	0		undefined * GetNextBaseTypeDesc(long param_1)
71000585dc	8	CastTo	nn::bezel::detail::StaticTypeDesc<nn::bezel::Collision,false,nn::bezel::IBasis>	a	a	0		undefined8 CastTo(undefined8 param_1, undefined8 param_2)
71000585e4	8	CastToConst	nn::bezel::detail::StaticTypeDesc<nn::bezel::Collision,false,nn::bezel::IBasis>	a	a	0		undefined8 CastToConst(undefined8 param_1, undefined8 param_2)
71000585ec	20	IsDerivedFrom	nn::bezel::detail::StaticTypeDesc<nn::bezel::IBasis,false>	a	a	0		bool IsDerivedFrom(undefined * param_1)
7100058600	8	GetBaseTypeDesc	nn::bezel::detail::StaticTypeDesc<nn::bezel::IBasis,false>	a	a	0		undefined8 GetBaseTypeDesc(void)
7100058608	8	GetNextBaseTypeDesc	nn::bezel::detail::StaticTypeDesc<nn::bezel::IBasis,false>	a	a	0		undefined8 GetNextBaseTypeDesc(void)
7100058610	8	CastTo	nn::bezel::detail::StaticTypeDesc<nn::bezel::IBasis,false>	a	a	0		undefined8 CastTo(undefined8 param_1, undefined8 param_2)
7100058618	8	CastToConst	nn::bezel::detail::StaticTypeDesc<nn::bezel::IBasis,false>	a	a	0		undefined8 CastToConst(undefined8 param_1, undefined8 param_2)
7100058620	228	~SceneResult_Builder	wl::SceneResult_Builder	a	a	0		undefined ~SceneResult_Builder(SceneResult_Builder * this)
710005870c	20	FUN_710005870c		d	a	0		undefined FUN_710005870c(void)
7100058720	356	FUN_7100058720		d	a	0		undefined FUN_7100058720(long * param_1, long * param_2)
7100058888	32	IsDerivedFrom	nn::bezel::detail::StaticTypeDesc<nn::bezel::ComModel,false,nn::bezel::Component>	a	a	0		bool IsDerivedFrom(undefined * param_1)
71000588a8	12	GetBaseTypeDesc	nn::bezel::detail::StaticTypeDesc<nn::bezel::ComModel,false,nn::bezel::Component>	a	a	0		undefined * GetBaseTypeDesc(void)
71000588b4	20	GetNextBaseTypeDesc	nn::bezel::detail::StaticTypeDesc<nn::bezel::ComModel,false,nn::bezel::Component>	a	a	0		undefined * GetNextBaseTypeDesc(long param_1)
71000588c8	8	CastTo	nn::bezel::detail::StaticTypeDesc<nn::bezel::ComModel,false,nn::bezel::Component>	a	a	0		undefined8 CastTo(undefined8 param_1, undefined8 param_2)
71000588d0	8	CastToConst	nn::bezel::detail::StaticTypeDesc<nn::bezel::ComModel,false,nn::bezel::Component>	a	a	0		undefined8 CastToConst(undefined8 param_1, undefined8 param_2)
71000588d8	252	Csv	wl::Csv	a	a	0		undefined Csv(Csv * this, ulong * param_1)
71000589d4	24	FUN_71000589d4		d	a	0		undefined FUN_71000589d4(void)
7100058a94	20	FUN_7100058a94		d	a	0		undefined FUN_7100058a94(void)
7100058aa8	388	SafeCreate<bq::ComMatter,nn::bezel::HandlePtr<nn::bezel::Entity>const&,char_const*>	bex::ComponentUtil	a	a	0		WeakHandle SafeCreate<bq::ComMatter,nn::bezel::HandlePtr<nn::bezel::Entity>const&,char_const*>(long * param_1_00, ComponentUtil * this, undefined8 * param_3)
7100058c3c	32	IsDerivedFrom	nn::bezel::detail::StaticTypeDesc<bex::gfx::ComModelBuffer,false,nn::bezel::Component>	a	a	0		bool IsDerivedFrom(undefined * param_1)
7100058c5c	12	GetBaseTypeDesc	nn::bezel::detail::StaticTypeDesc<bex::gfx::ComModelBuffer,false,nn::bezel::Component>	a	a	0		undefined * GetBaseTypeDesc(void)
7100058c68	20	GetNextBaseTypeDesc	nn::bezel::detail::StaticTypeDesc<bex::gfx::ComModelBuffer,false,nn::bezel::Component>	a	a	0		undefined * GetNextBaseTypeDesc(long param_1)
7100058c7c	8	CastTo	nn::bezel::detail::StaticTypeDesc<bex::gfx::ComModelBuffer,false,nn::bezel::Component>	a	a	0		undefined8 CastTo(undefined8 param_1, undefined8 param_2)
7100058c84	8	CastToConst	nn::bezel::detail::StaticTypeDesc<bex::gfx::ComModelBuffer,false,nn::bezel::Component>	a	a	0		undefined8 CastToConst(undefined8 param_1, undefined8 param_2)
7100058c8c	32	IsDerivedFrom	nn::bezel::detail::StaticTypeDesc<actor::ComActorCollision,false,nn::bezel::Component>	a	a	0		bool IsDerivedFrom(undefined * param_1)
7100058cac	12	GetBaseTypeDesc	nn::bezel::detail::StaticTypeDesc<actor::ComActorCollision,false,nn::bezel::Component>	a	a	0		undefined * GetBaseTypeDesc(void)
7100058cb8	20	GetNextBaseTypeDesc	nn::bezel::detail::StaticTypeDesc<actor::ComActorCollision,false,nn::bezel::Component>	a	a	0		undefined * GetNextBaseTypeDesc(long param_1)
7100058ccc	8	CastTo	nn::bezel::detail::StaticTypeDesc<actor::ComActorCollision,false,nn::bezel::Component>	a	a	0		undefined8 CastTo(undefined8 param_1, undefined8 param_2)
7100058cd4	8	CastToConst	nn::bezel::detail::StaticTypeDesc<actor::ComActorCollision,false,nn::bezel::Component>	a	a	0		undefined8 CastToConst(undefined8 param_1, undefined8 param_2)
7100058cdc	368	SafeCreate<bq::ComMatter,nn::bezel::HandlePtr<nn::bezel::Entity>const&,bq::NonPlayerCharacterID>	bex::ComponentUtil	a	a	0		WeakHandle SafeCreate<bq::ComMatter,nn::bezel::HandlePtr<nn::bezel::Entity>const&,bq::NonPlayerCharacterID>(long * param_1_00, ComponentUtil * this, undefined4 * param_3)
7100058e5c	368	SafeCreate<bq::ComMatter,nn::bezel::HandlePtr<nn::bezel::Entity>const&,bq::PlayerCharacterID>	bex::ComponentUtil	a	a	0		WeakHandle SafeCreate<bq::ComMatter,nn::bezel::HandlePtr<nn::bezel::Entity>const&,bq::PlayerCharacterID>(long * param_1_00, ComponentUtil * this, undefined4 * param_3)
7100058fdc	56	IsDerivedFrom	nn::bezel::detail::StaticTypeDesc<nn::bezel::ComRigidBody,false,nn::bezel::ComCollision>	a	a	0		bool IsDerivedFrom(undefined * param_1)
7100059014	12	GetBaseTypeDesc	nn::bezel::detail::StaticTypeDesc<nn::bezel::ComRigidBody,false,nn::bezel::ComCollision>	a	a	0		undefined * GetBaseTypeDesc(void)
7100059020	20	GetNextBaseTypeDesc	nn::bezel::detail::StaticTypeDesc<nn::bezel::ComRigidBody,false,nn::bezel::ComCollision>	a	a	0		undefined * GetNextBaseTypeDesc(long param_1)
7100059034	8	CastTo	nn::bezel::detail::StaticTypeDesc<nn::bezel::ComRigidBody,false,nn::bezel::ComCollision>	a	a	0		undefined8 CastTo(undefined8 param_1, undefined8 param_2)
710005903c	8	CastToConst	nn::bezel::detail::StaticTypeDesc<nn::bezel::ComRigidBody,false,nn::bezel::ComCollision>	a	a	0		undefined8 CastToConst(undefined8 param_1, undefined8 param_2)
7100059044	32	IsDerivedFrom	nn::bezel::detail::StaticTypeDesc<nn::bezel::ComCollision,false,nn::bezel::Component>	a	a	0		bool IsDerivedFrom(undefined * param_1)
7100059064	12	GetBaseTypeDesc	nn::bezel::detail::StaticTypeDesc<nn::bezel::ComCollision,false,nn::bezel::Component>	a	a	0		undefined * GetBaseTypeDesc(void)
7100059070	20	GetNextBaseTypeDesc	nn::bezel::detail::StaticTypeDesc<nn::bezel::ComCollision,false,nn::bezel::Component>	a	a	0		undefined * GetNextBaseTypeDesc(long param_1)
7100059084	8	CastTo	nn::bezel::detail::StaticTypeDesc<nn::bezel::ComCollision,false,nn::bezel::Component>	a	a	0		undefined8 CastTo(undefined8 param_1, undefined8 param_2)
710005908c	8	CastToConst	nn::bezel::detail::StaticTypeDesc<nn::bezel::ComCollision,false,nn::bezel::Component>	a	a	0		undefined8 CastToConst(undefined8 param_1, undefined8 param_2)
7100059094	32	IsDerivedFrom	nn::bezel::detail::StaticTypeDesc<bex::ComFxTrigger,false,nn::bezel::Component>	a	a	0		bool IsDerivedFrom(undefined * param_1)
71000590b4	12	GetBaseTypeDesc	nn::bezel::detail::StaticTypeDesc<bex::ComFxTrigger,false,nn::bezel::Component>	a	a	0		undefined * GetBaseTypeDesc(void)
71000590c0	20	GetNextBaseTypeDesc	nn::bezel::detail::StaticTypeDesc<bex::ComFxTrigger,false,nn::bezel::Component>	a	a	0		undefined * GetNextBaseTypeDesc(long param_1)
71000590d4	8	CastTo	nn::bezel::detail::StaticTypeDesc<bex::ComFxTrigger,false,nn::bezel::Component>	a	a	0		undefined8 CastTo(undefined8 param_1, undefined8 param_2)
71000590dc	8	CastToConst	nn::bezel::detail::StaticTypeDesc<bex::ComFxTrigger,false,nn::bezel::Component>	a	a	0		undefined8 CastToConst(undefined8 param_1, undefined8 param_2)
71000590e4	32	IsDerivedFrom	nn::bezel::detail::StaticTypeDesc<actor::ComWorldCollisionLimit,false,nn::bezel::Component>	a	a	0		bool IsDerivedFrom(undefined * param_1)
7100059104	12	GetBaseTypeDesc	nn::bezel::detail::StaticTypeDesc<actor::ComWorldCollisionLimit,false,nn::bezel::Component>	a	a	0		undefined * GetBaseTypeDesc(void)
7100059110	20	GetNextBaseTypeDesc	nn::bezel::detail::StaticTypeDesc<actor::ComWorldCollisionLimit,false,nn::bezel::Component>	a	a	0		undefined * GetNextBaseTypeDesc(long param_1)
7100059124	8	CastTo	nn::bezel::detail::StaticTypeDesc<actor::ComWorldCollisionLimit,false,nn::bezel::Component>	a	a	0		undefined8 CastTo(undefined8 param_1, undefined8 param_2)
710005912c	8	CastToConst	nn::bezel::detail::StaticTypeDesc<actor::ComWorldCollisionLimit,false,nn::bezel::Component>	a	a	0		undefined8 CastToConst(undefined8 param_1, undefined8 param_2)
7100059134	4	~__func	std::__function::__func<bool(*)(actor::ComActorPad_const&)noexcept,std::allocator<bool(*)(actor::ComActorPad_const&)noexcept>,bool(actor::ComActorPad_const&)>	a	a	0		undefined ~__func(__func<bool(*)(actor::ComActorPad_const&)noexcept,std::allocator<bool(*)(actor::ComActorPad_const&)noexcept>,bool(actor::ComActorPad_const&)> * this)
7100059138	56	__clone	std::__function::__func<bool(*)(actor::ComActorPad_const&)noexcept,std::allocator<bool(*)(actor::ComActorPad_const&)noexcept>,bool(actor::ComActorPad_const&)>	a	a	0		undefined __clone(__func<bool(*)(actor::ComActorPad_const&)noexcept,std::allocator<bool(*)(actor::ComActorPad_const&)noexcept>,bool(actor::ComActorPad_const&)> * this)
7100059170	28	__clone	std::__function::__func<bool(*)(actor::ComActorPad_const&)noexcept,std::allocator<bool(*)(actor::ComActorPad_const&)noexcept>,bool(actor::ComActorPad_const&)>	a	a	0		undefined __clone(__func<bool(*)(actor::ComActorPad_const&)noexcept,std::allocator<bool(*)(actor::ComActorPad_const&)noexcept>,bool(actor::ComActorPad_const&)> * this, long * param_1)
710005918c	4	destroy	std::__function::__func<bool(*)(actor::ComActorPad_const&)noexcept,std::allocator<bool(*)(actor::ComActorPad_const&)noexcept>,bool(actor::ComActorPad_const&)>	a	a	0		undefined destroy(void)
7100059190	4	destroy_deallocate	std::__function::__func<bool(*)(actor::ComActorPad_const&)noexcept,std::allocator<bool(*)(actor::ComActorPad_const&)noexcept>,bool(actor::ComActorPad_const&)>	a	a	0		undefined destroy_deallocate(__func<bool(*)(actor::ComActorPad_const&)noexcept,std::allocator<bool(*)(actor::ComActorPad_const&)noexcept>,bool(actor::ComActorPad_const&)> * this)
7100059194	12	operator()	std::__function::__func<bool(*)(actor::ComActorPad_const&)noexcept,std::allocator<bool(*)(actor::ComActorPad_const&)noexcept>,bool(actor::ComActorPad_const&)>	a	a	0		undefined operator()(__func<bool(*)(actor::ComActorPad_const&)noexcept,std::allocator<bool(*)(actor::ComActorPad_const&)noexcept>,bool(actor::ComActorPad_const&)> * this, undefined8 param_1)
71000591a8	4	~__func	std::__function::__func<actor::ActionStatus(*)(actor::ActionContext_const&)noexcept,std::allocator<actor::ActionStatus(*)(actor::ActionContext_const&)noexcept>,actor::ActionStatus(actor::ActionContext_const&)>	a	a	0		undefined ~__func(__func<actor::ActionStatus(*)(actor::ActionContext_const&)noexcept,std::allocator<actor::ActionStatus(*)(actor::ActionContext_const&)noexcept>,actor::ActionStatus(actor::ActionContext_const&)> * this)
71000591ac	56	__clone	std::__function::__func<actor::ActionStatus(*)(actor::ActionContext_const&)noexcept,std::allocator<actor::ActionStatus(*)(actor::ActionContext_const&)noexcept>,actor::ActionStatus(actor::ActionContext_const&)>	a	a	0		undefined __clone(__func<actor::ActionStatus(*)(actor::ActionContext_const&)noexcept,std::allocator<actor::ActionStatus(*)(actor::ActionContext_const&)noexcept>,actor::ActionStatus(actor::ActionContext_const&)> * this)
71000591e4	28	__clone	std::__function::__func<actor::ActionStatus(*)(actor::ActionContext_const&)noexcept,std::allocator<actor::ActionStatus(*)(actor::ActionContext_const&)noexcept>,actor::ActionStatus(actor::ActionContext_const&)>	a	a	0		undefined __clone(__func<actor::ActionStatus(*)(actor::ActionContext_const&)noexcept,std::allocator<actor::ActionStatus(*)(actor::ActionContext_const&)noexcept>,actor::ActionStatus(actor::ActionContext_const&)> * this, long * param_1)
7100059200	4	destroy	std::__function::__func<actor::ActionStatus(*)(actor::ActionContext_const&)noexcept,std::allocator<actor::ActionStatus(*)(actor::ActionContext_const&)noexcept>,actor::ActionStatus(actor::ActionContext_const&)>	a	a	0		undefined destroy(void)
7100059204	4	destroy_deallocate	std::__function::__func<actor::ActionStatus(*)(actor::ActionContext_const&)noexcept,std::allocator<actor::ActionStatus(*)(actor::ActionContext_const&)noexcept>,actor::ActionStatus(actor::ActionContext_const&)>	a	a	0		undefined destroy_deallocate(__func<actor::ActionStatus(*)(actor::ActionContext_const&)noexcept,std::allocator<actor::ActionStatus(*)(actor::ActionContext_const&)noexcept>,actor::ActionStatus(actor::ActionContext_const&)> * this)
7100059208	12	operator()	std::__function::__func<actor::ActionStatus(*)(actor::ActionContext_const&)noexcept,std::allocator<actor::ActionStatus(*)(actor::ActionContext_const&)noexcept>,actor::ActionStatus(actor::ActionContext_const&)>	a	a	0		undefined operator()(__func<actor::ActionStatus(*)(actor::ActionContext_const&)noexcept,std::allocator<actor::ActionStatus(*)(actor::ActionContext_const&)noexcept>,actor::ActionStatus(actor::ActionContext_const&)> * this, undefined8 param_1)
7100059214	32	IsDerivedFrom	nn::bezel::detail::StaticTypeDesc<nn::bezel::ComPhysicalAnimation,false,nn::bezel::Component>	a	a	0		bool IsDerivedFrom(undefined * param_1)
7100059234	12	GetBaseTypeDesc	nn::bezel::detail::StaticTypeDesc<nn::bezel::ComPhysicalAnimation,false,nn::bezel::Component>	a	a	0		undefined * GetBaseTypeDesc(void)
7100059240	20	GetNextBaseTypeDesc	nn::bezel::detail::StaticTypeDesc<nn::bezel::ComPhysicalAnimation,false,nn::bezel::Component>	a	a	0		undefined * GetNextBaseTypeDesc(long param_1)
7100059254	8	CastTo	nn::bezel::detail::StaticTypeDesc<nn::bezel::ComPhysicalAnimation,false,nn::bezel::Component>	a	a	0		undefined8 CastTo(undefined8 param_1, undefined8 param_2)
710005925c	8	CastToConst	nn::bezel::detail::StaticTypeDesc<nn::bezel::ComPhysicalAnimation,false,nn::bezel::Component>	a	a	0		undefined8 CastToConst(undefined8 param_1, undefined8 param_2)
71000592b8	4	FUN_71000592b8		d	a	0		undefined FUN_71000592b8(void)
71000592bc	4	operator.delete	<EXTERNAL>	d	a	1		void operator.delete(void * param_1)
71000592c0	312	FUN_71000592c0		d	a	0		undefined FUN_71000592c0(undefined8 param_1, long * param_2)
7100059450	4	FUN_7100059450		d	a	0		undefined FUN_7100059450(void)
7100059454	4	operator.delete	<EXTERNAL>	d	a	1		void operator.delete(void * param_1)
71000595f0	4	FUN_71000595f0		d	a	0		undefined FUN_71000595f0(void)
71000595f4	4	operator.delete	<EXTERNAL>	d	a	1		void operator.delete(void * param_1)
7100059790	4	FUN_7100059790		d	a	0		undefined FUN_7100059790(void)
7100059794	4	operator.delete	<EXTERNAL>	d	a	1		void operator.delete(void * param_1)
71000598e0	368	SafeCreate<bq::ComUiTimer,nn::bezel::HandlePtr<nn::bezel::Entity>const&,bq::ComUiTimer::UiTimerType>	bex::ComponentUtil	a	a	0		WeakHandle SafeCreate<bq::ComUiTimer,nn::bezel::HandlePtr<nn::bezel::Entity>const&,bq::ComUiTimer::UiTimerType>(long * param_1_00, ComponentUtil * this, undefined4 * param_3)
7100059a60	32	IsDerivedFrom	nn::bezel::detail::StaticTypeDesc<bq::ComUiTimer,false,nn::bezel::Component>	a	a	0		bool IsDerivedFrom(undefined * param_1)
7100059a80	12	GetBaseTypeDesc	nn::bezel::detail::StaticTypeDesc<bq::ComUiTimer,false,nn::bezel::Component>	a	a	0		undefined * GetBaseTypeDesc(void)
7100059a8c	20	GetNextBaseTypeDesc	nn::bezel::detail::StaticTypeDesc<bq::ComUiTimer,false,nn::bezel::Component>	a	a	0		undefined * GetNextBaseTypeDesc(long param_1)
7100059aa0	8	CastTo	nn::bezel::detail::StaticTypeDesc<bq::ComUiTimer,false,nn::bezel::Component>	a	a	0		undefined8 CastTo(undefined8 param_1, undefined8 param_2)
7100059aa8	8	CastToConst	nn::bezel::detail::StaticTypeDesc<bq::ComUiTimer,false,nn::bezel::Component>	a	a	0		undefined8 CastToConst(undefined8 param_1, undefined8 param_2)
7100059ab0	384	SafeCreate<bq::ComUiStatus,nn::bezel::HandlePtr<nn::bezel::Entity>const&,bq::ComUiStatus::UiStatusType,bq::ComUiStatus::UiStatusMatchType,bq::ComUiStatus::UiStatusPlaceType>	bex::ComponentUtil	a	a	0		WeakHandle SafeCreate<bq::ComUiStatus,nn::bezel::HandlePtr<nn::bezel::Entity>const&,bq::ComUiStatus::UiStatusType,bq::ComUiStatus::UiStatusMatchType,bq::ComUiStatus::UiStatusPlaceType>(long * param_1_00, ComponentUtil * this, undefined4 * param_3, undefined4 * param_4, undefined4 * param_5)
7100059c40	32	IsDerivedFrom	nn::bezel::detail::StaticTypeDesc<bq::ComUiStatus,false,nn::bezel::Component>	a	a	0		bool IsDerivedFrom(undefined * param_1)
7100059c60	12	GetBaseTypeDesc	nn::bezel::detail::StaticTypeDesc<bq::ComUiStatus,false,nn::bezel::Component>	a	a	0		undefined * GetBaseTypeDesc(void)
7100059c6c	20	GetNextBaseTypeDesc	nn::bezel::detail::StaticTypeDesc<bq::ComUiStatus,false,nn::bezel::Component>	a	a	0		undefined * GetNextBaseTypeDesc(long param_1)
7100059c80	8	CastTo	nn::bezel::detail::StaticTypeDesc<bq::ComUiStatus,false,nn::bezel::Component>	a	a	0		undefined8 CastTo(undefined8 param_1, undefined8 param_2)
7100059c88	8	CastToConst	nn::bezel::detail::StaticTypeDesc<bq::ComUiStatus,false,nn::bezel::Component>	a	a	0		undefined8 CastToConst(undefined8 param_1, undefined8 param_2)
7100059c90	368	SafeCreate<bq::ComUiMGTelop,nn::bezel::HandlePtr<nn::bezel::Entity>const&,bq::ComUiMGTelop::UiMGTelopType>	bex::ComponentUtil	a	a	0		WeakHandle SafeCreate<bq::ComUiMGTelop,nn::bezel::HandlePtr<nn::bezel::Entity>const&,bq::ComUiMGTelop::UiMGTelopType>(long * param_1_00, ComponentUtil * this, undefined4 * param_3)
7100059e10	32	IsDerivedFrom	nn::bezel::detail::StaticTypeDesc<bq::ComUiMGTelop,false,nn::bezel::Component>	a	a	0		bool IsDerivedFrom(undefined * param_1)
7100059e30	12	GetBaseTypeDesc	nn::bezel::detail::StaticTypeDesc<bq::ComUiMGTelop,false,nn::bezel::Component>	a	a	0		undefined * GetBaseTypeDesc(void)
7100059e3c	20	GetNextBaseTypeDesc	nn::bezel::detail::StaticTypeDesc<bq::ComUiMGTelop,false,nn::bezel::Component>	a	a	0		undefined * GetNextBaseTypeDesc(long param_1)
7100059e50	8	CastTo	nn::bezel::detail::StaticTypeDesc<bq::ComUiMGTelop,false,nn::bezel::Component>	a	a	0		undefined8 CastTo(undefined8 param_1, undefined8 param_2)
7100059e58	8	CastToConst	nn::bezel::detail::StaticTypeDesc<bq::ComUiMGTelop,false,nn::bezel::Component>	a	a	0		undefined8 CastToConst(undefined8 param_1, undefined8 param_2)
7100059e60	368	SafeCreate<bq::ComUiScore,nn::bezel::HandlePtr<nn::bezel::Entity>const&,bq::ComUiScore::UiScoreType>	bex::ComponentUtil	a	a	0		WeakHandle SafeCreate<bq::ComUiScore,nn::bezel::HandlePtr<nn::bezel::Entity>const&,bq::ComUiScore::UiScoreType>(long * param_1_00, ComponentUtil * this, undefined4 * param_3)
7100059fe0	32	IsDerivedFrom	nn::bezel::detail::StaticTypeDesc<bq::ComUiScore,false,nn::bezel::Component>	a	a	0		bool IsDerivedFrom(undefined * param_1)
710005a000	12	GetBaseTypeDesc	nn::bezel::detail::StaticTypeDesc<bq::ComUiScore,false,nn::bezel::Component>	a	a	0		undefined * GetBaseTypeDesc(void)
710005a00c	20	GetNextBaseTypeDesc	nn::bezel::detail::StaticTypeDesc<bq::ComUiScore,false,nn::bezel::Component>	a	a	0		undefined * GetNextBaseTypeDesc(long param_1)
710005a020	8	CastTo	nn::bezel::detail::StaticTypeDesc<bq::ComUiScore,false,nn::bezel::Component>	a	a	0		undefined8 CastTo(undefined8 param_1, undefined8 param_2)
710005a028	8	CastToConst	nn::bezel::detail::StaticTypeDesc<bq::ComUiScore,false,nn::bezel::Component>	a	a	0		undefined8 CastToConst(undefined8 param_1, undefined8 param_2)
710005a030	88	FUN_710005a030		d	a	0		undefined FUN_710005a030(void)
710005a090	4348	Players	mg0908::Players	a	a	0		undefined Players(Players * this)
710005b1e0	468	AddComponent<bq::ComMatter,bex::PlayerID&,bq::MatterType,(void*)0>	nn::bezel::Entity	a	a	0		WeakHandle AddComponent<bq::ComMatter,bex::PlayerID&,bq::MatterType,(void*)0>(long * param_1_00, HandlePtr * param_2, undefined4 * param_3, undefined4 * param_4)
710005b3c0	280	SetControl	mg0908::Players	a	a	0		undefined SetControl(Players * this, int param_1, byte param_2)
710005b4e0	1464	CharacterActionJump_Wriggle	mg0908::RegisterActions	a	a	0		int CharacterActionJump_Wriggle(undefined8 * param_1)
710005baa4	312	CharacterActionHang	mg0908::RegisterActions	a	a	0		int CharacterActionHang(undefined8 * param_1)
710005bbdc	1176	CharacterActionDamage	mg0908::RegisterActions	a	a	0		int CharacterActionDamage(undefined8 * param_1)
710005c074	288	CharacterActionMarutaJump	mg0908::RegisterActions	a	a	0		undefined8 CharacterActionMarutaJump(undefined8 * param_1)
710005c1a0	616	CharacterActionMarutaWriggle	mg0908::RegisterActions	a	a	0		undefined8 CharacterActionMarutaWriggle(undefined8 * param_1)
710005c414	60	CharacterActionMarutaFall	mg0908::RegisterActions	a	a	0		undefined8 CharacterActionMarutaFall(undefined8 * param_1)
710005c450	332	CharacterActionDmyWalk	mg0908::RegisterActions	a	a	0		undefined8 CharacterActionDmyWalk(undefined8 * param_1)
710005c59c	268	CharacterActionDmyIdle	mg0908::RegisterActions	a	a	0		undefined8 CharacterActionDmyIdle(undefined8 * param_1)
710005c6a8	452	CharacterActionBye	mg0908::RegisterActions	a	a	0		undefined8 CharacterActionBye(undefined8 * param_1)
710005c86c	384	CharacterActionFight	mg0908::RegisterActions	a	a	0		undefined8 CharacterActionFight(undefined8 * param_1)
710005c9ec	1188	CharacterActionStop	mg0908::RegisterActions	a	a	0		int CharacterActionStop(undefined8 * param_1)
710005ce90	384	CharacterActionGutsPose	mg0908::RegisterActions	a	a	0		undefined8 CharacterActionGutsPose(undefined8 * param_1)
710005d010	240	CharacterActionMgIdle	mg0908::RegisterActions	a	a	0		undefined8 CharacterActionMgIdle(undefined8 * param_1)
710005d104	264	SetPadOverLay	mg0908::Players	a	a	0		bool SetPadOverLay(long * param_1, int param_2)
710005d20c	96	CallActionIdle	mg0908::Players	a	a	0		undefined CallActionIdle(long param_1, int param_2)
710005d26c	2472	PlayerEvent	mg0908::Players	a	a	0		undefined PlayerEvent(long param_1)
710005dc20	340	~Players	mg0908::Players	a	a	0		undefined ~Players(Players * this)
710005dd80	2040	InitParam	mg0908::Players	a	a	0		undefined InitParam(Players * this, undefined8 param_1)
710005e580	4	Update	mg0908::Players	a	a	0		undefined Update(void)
710005e584	28	GetEntity	mg0908::Players	a	a	0		undefined GetEntity(undefined8 * param_1, long param_2, int param_3)
710005e5a0	80	IsPlayerAdvantage	mg0908::Players	a	a	0		undefined IsPlayerAdvantage(Players * this, int param_1)
710005e5f0	80	GetPlayerID	mg0908::Players	a	a	0		undefined GetPlayerID(Players * this, int param_1)
710005e640	80	GetCharaID	mg0908::Players	a	a	0		undefined GetCharaID(Players * this, int param_1)
710005e690	128	GetPCHeight	mg0908::Players	a	a	0		undefined GetPCHeight(Players * this, int param_1)
710005e714	140	IsActorPressed	mg0908::Players	a	a	0		bool IsActorPressed(long param_1, int param_2)
710005e7a0	324	GetActor	mg0908::Players	a	a	0		undefined GetActor(long * param_1, long param_2, int param_3)
710005e8ec	92	IsCom	mg0908::Players	a	a	0		bool IsCom(Players * this, int param_1)
710005e948	80	GetComLv	mg0908::Players	a	a	0		undefined GetComLv(Players * this, int param_1)
710005e998	80	GetOrderNo	mg0908::Players	a	a	0		undefined GetOrderNo(Players * this, int param_1)
710005e9e8	100	GetColorNo	mg0908::Players	a	a	0		uint GetColorNo(Players * this, int param_1)
710005ea50	324	GetComHeading	mg0908::Players	a	a	0		undefined GetComHeading(long * param_1, long param_2, int param_3)
710005eb9c	84	SetHeadLookPos	mg0908::Players	a	a	0		undefined SetHeadLookPos(undefined8 param_1, long param_2, int param_3)
710005ebf0	164	ClearHeadLookPos	mg0908::Players	a	a	0		undefined ClearHeadLookPos(Players * this, int param_1, uint param_2)
710005ec94	88	GetPad	mg0908::Players	a	a	0		undefined GetPad(long param_1, int param_2)
710005ecec	420	SetMatx	mg0908::Players	a	a	0		undefined SetMatx(long param_1, int param_2)
710005ee90	80	GetPos	mg0908::Players	a	a	0		undefined1[16] GetPos(long param_1, int param_2)
710005eee0	80	GetOldPos	mg0908::Players	a	a	0		undefined1[16] GetOldPos(long param_1, int param_2)
710005ef30	84	SetPos	mg0908::Players	a	a	0		undefined SetPos(undefined8 param_1, long param_2, int param_3)
710005ef84	80	SetVisible	mg0908::Players	a	a	0		undefined SetVisible(Players * this, int param_1)
710005efe0	832	ResetCondition	mg0908::Players	a	a	0		undefined ResetCondition(Players * this, int param_1)
710005f338	12	IsConditionPressed	mg0908::Players	a	a	0		undefined IsConditionPressed(Players * this, int param_1)
710005f350	312	IsCondition	mg0908::Players	a	a	0		undefined8 IsCondition(long param_1, int param_2)
710005f490	324	GetRotVector	mg0908::Players	a	a	0		undefined1[16] GetRotVector(long param_1, int param_2)
710005f5d4	324	GetRotY	mg0908::Players	a	a	0		undefined GetRotY(long param_1, int param_2)
710005f718	432	SetRotY	mg0908::Players	a	a	0		undefined SetRotY(float param_1, long param_2_00, int param_3)
710005f8d0	1180	SetRotY2	mg0908::Players	a	a	0		undefined8 SetRotY2(float param_1, float param_2, long param_3_00, int param_4)
710005fd6c	768	AddRotY_DEG	mg0908::Players	a	a	0		undefined AddRotY_DEG(float param_1, long param_2_00, int param_3)
710006006c	84	CallActionWin	mg0908::Players	a	a	0		undefined CallActionWin(long param_1, int param_2)
71000600c0	84	CallActionLose	mg0908::Players	a	a	0		undefined CallActionLose(long param_1, int param_2)
7100060114	84	CallActionMarutaJump	mg0908::Players	a	a	0		undefined CallActionMarutaJump(long param_1, int param_2)
7100060168	104	CallActionJump	mg0908::Players	a	a	0		undefined CallActionJump(long param_1, int param_2)
71000601d0	104	CallActionRefJump	mg0908::Players	a	a	0		undefined CallActionRefJump(long param_1, int param_2)
7100060238	108	CallActionPushJump	mg0908::Players	a	a	0		undefined CallActionPushJump(long param_1, int param_2)
71000602a4	84	CallActionWriggle	mg0908::Players	a	a	0		undefined CallActionWriggle(long param_1, int param_2)
71000602f8	84	CallActionHang	mg0908::Players	a	a	0		undefined CallActionHang(long param_1, int param_2)
710006034c	84	CallActionDamage	mg0908::Players	a	a	0		undefined CallActionDamage(long param_1, int param_2)
71000603a0	84	CallActionFall	mg0908::Players	a	a	0		undefined CallActionFall(long param_1, int param_2)
71000603f4	84	CallActionDmyWalk	mg0908::Players	a	a	0		undefined CallActionDmyWalk(long param_1, int param_2)
7100060448	84	CallActionDmyIdle	mg0908::Players	a	a	0		undefined CallActionDmyIdle(long param_1, int param_2)
710006049c	84	CallActionBye	mg0908::Players	a	a	0		undefined CallActionBye(long param_1, int param_2)
71000604f0	84	CallActionFight	mg0908::Players	a	a	0		undefined CallActionFight(long param_1, int param_2)
7100060544	84	CallActionStop	mg0908::Players	a	a	0		undefined CallActionStop(long param_1, int param_2)
7100060598	84	CallActionGutsPose	mg0908::Players	a	a	0		undefined CallActionGutsPose(long param_1, int param_2)
71000605ec	1068	UpdatePlayer	mg0908::Players	a	a	0		undefined8 UpdatePlayer(Players * this, uint param_1)
7100060a18	840	CharacterActionJump_NotReflect	mg0908::RegisterActions	a	a	0		int CharacterActionJump_NotReflect(undefined8 * param_1)
7100060d64	1692	UpdatePlayerRound1	mg0908::Players	a	a	0		undefined8 UpdatePlayerRound1(Players * this, uint param_1)
7100061400	904	UpdatePlayerRound234	mg0908::Players	a	a	0		undefined8 UpdatePlayerRound234(Players * this, int param_1)
7100061788	196	UpdatePlayerRound1_SetIdlePos	mg0908::Players	a	a	0		undefined UpdatePlayerRound1_SetIdlePos(Players * this, int param_1)
710006184c	180	PlayerRound1AreaCheck	mg0908::Players	a	a	0		undefined PlayerRound1AreaCheck(Players * this, int param_1)
7100061900	1844	UpdatePlayerComRound1_mode0	mg0908::Players	a	a	0		undefined UpdatePlayerComRound1_mode0(Players * this, int param_1)
7100062034	1912	UpdatePlayerPadRound1_mode0	mg0908::Players	a	a	0		undefined UpdatePlayerPadRound1_mode0(Players * this, int param_1)
71000627ac	132	UpdatePlayerPadRound1_mode0_new	mg0908::Players	a	a	0		undefined UpdatePlayerPadRound1_mode0_new(Players * this, uint param_1)
7100062830	456	UpdatePlayerComRound2Ver3	mg0908::Players	a	a	0		undefined8 UpdatePlayerComRound2Ver3(Players * this, int param_1)
71000629f8	532	UpdatePlayerComRound3Ver3	mg0908::Players	a	a	0		undefined8 UpdatePlayerComRound3Ver3(Players * this, int param_1)
7100062c0c	564	UpdatePlayerComRound4Ver3	mg0908::Players	a	a	0		undefined8 UpdatePlayerComRound4Ver3(Players * this, int param_1)
7100062e40	8	UpdatePlayerPadRound234	mg0908::Players	a	a	0		undefined8 UpdatePlayerPadRound234(void)
7100062e48	972	UpdatePlayerPadRound1_mode0_new_lever	mg0908::Players	a	a	0		undefined UpdatePlayerPadRound1_mode0_new_lever(Players * this, uint param_1)
7100063214	1156	UpdatePlayerPadRound1_mode0_new_button	mg0908::Players	a	a	0		undefined UpdatePlayerPadRound1_mode0_new_button(Players * this, int param_1)
71000636a0	232	ComG1_check_move_info	mg0908::Players	a	a	0		int ComG1_check_move_info(Players * this, int param_1)
7100063acc	724	UpdatePlayerComRound2Ver3Phase00RevCenter	mg0908::Players	a	a	0		bool UpdatePlayerComRound2Ver3Phase00RevCenter(Players * this, int param_1)
7100063da4	1348	UpdatePlayerComRound2Ver3Phase01Air	mg0908::Players	a	a	0		undefined8 UpdatePlayerComRound2Ver3Phase01Air(Players * this, int param_1)
71000642f0	2024	UpdatePlayerComRound2Ver3Phase02SearchMedal	mg0908::Players	a	a	0		uint UpdatePlayerComRound2Ver3Phase02SearchMedal(Players * this, int param_1)
7100064adc	1596	UpdatePlayerComRound2Ver3Phase03RandMove	mg0908::Players	a	a	0		undefined4 UpdatePlayerComRound2Ver3Phase03RandMove(Players * this, int param_1)
710006511c	576	UpdatePlayerComRound2Ver3Phase04MoveMedal	mg0908::Players	a	a	0		bool UpdatePlayerComRound2Ver3Phase04MoveMedal(Players * this, int param_1, int param_2)
710006535c	1148	UpdatePlayerComRound2Ver3Phase05EscapeSlideFloor	mg0908::Players	a	a	0		bool UpdatePlayerComRound2Ver3Phase05EscapeSlideFloor(Players * this, int param_1)
71000657dc	1192	UpdatePlayerComRound2Ver3Phase06CenterFloor	mg0908::Players	a	a	0		bool UpdatePlayerComRound2Ver3Phase06CenterFloor(Players * this, int param_1, int param_2)
7100065c88	1048	UpdatePlayerComRound2Ver3Phase07CenterMove	mg0908::Players	a	a	0		bool UpdatePlayerComRound2Ver3Phase07CenterMove(Players * this, int param_1, int param_2)
71000660a4	1748	UpdatePlayerComRound2Ver3Phase08SideMove	mg0908::Players	a	a	0		undefined8 UpdatePlayerComRound2Ver3Phase08SideMove(Players * this, int param_1, int param_2)
7100066780	3724	UpdatePlayerComRound2Ver3Phase09EtcMove	mg0908::Players	a	a	0		undefined8 UpdatePlayerComRound2Ver3Phase09EtcMove(Players * this, int param_1, int param_2)
7100067610	228	SetOverlayStickXY	mg0908::Players	a	a	0		undefined SetOverlayStickXY(undefined1[16] param_1, undefined1[16] param_2, long param_3, int param_4)
71000676f4	156	UpdatePlayerComRound2Ver3JumpMissCheck	mg0908::Players	a	a	0		undefined UpdatePlayerComRound2Ver3JumpMissCheck(Players * this, int param_1)
7100067790	156	UpdatePlayerComRound3Ver3JumpMissCheck	mg0908::Players	a	a	0		undefined UpdatePlayerComRound3Ver3JumpMissCheck(Players * this, int param_1)
7100067830	1508	UpdatePlayerComRound3Ver3SearchMedal	mg0908::Players	a	a	0		int UpdatePlayerComRound3Ver3SearchMedal(Players * this, int param_1)
7100067e1c	1056	UpdatePlayerComRound3Ver3RandMove	mg0908::Players	a	a	0		undefined8 UpdatePlayerComRound3Ver3RandMove(Players * this, int param_1)
710006823c	776	UpdatePlayerComRound3Ver3MoveMedal	mg0908::Players	a	a	0		undefined8 UpdatePlayerComRound3Ver3MoveMedal(Players * this, int param_1, int param_2)
7100068544	1172	UpdatePlayerComRound3Ver3SideMove	mg0908::Players	a	a	0		bool UpdatePlayerComRound3Ver3SideMove(Players * this, int param_1, int param_2)
71000689d8	156	UpdatePlayerComRound4Ver3JumpMissCheck	mg0908::Players	a	a	0		undefined UpdatePlayerComRound4Ver3JumpMissCheck(Players * this, int param_1)
7100068a80	1440	UpdatePlayerComRound4Ver3SearchMedal	mg0908::Players	a	a	0		int UpdatePlayerComRound4Ver3SearchMedal(Players * this, int param_1)
7100069020	1380	UpdatePlayerComRound4Ver3RandMove	mg0908::Players	a	a	0		undefined8 UpdatePlayerComRound4Ver3RandMove(Players * this, int param_1)
7100069584	1200	UpdatePlayerComRound4Ver3MoveMedal	mg0908::Players	a	a	0		undefined8 UpdatePlayerComRound4Ver3MoveMedal(Players * this, int param_1, int param_2)
7100069a34	112	CpuClearMedalNo	mg0908::Players	a	a	0		undefined CpuClearMedalNo(Players * this, int param_1)
7100069aa4	300	CpuClearDeathInfo	mg0908::Players	a	a	0		undefined CpuClearDeathInfo(Players * this, int param_1)
7100069bd0	20	CharacterActionJump01	mg0908::RegisterActions	a	a	0		int CharacterActionJump01(undefined8 * param_1)
7100069bf0	1976	CharacterActionJump_Round1	mg0908::RegisterActions	a	a	0		int CharacterActionJump_Round1(undefined8 * param_1)
710006a3b4	20	CharacterActionJump234	mg0908::RegisterActions	a	a	0		undefined8 CharacterActionJump234(ActionContext * param_1)
710006a3d0	1692	CharacterActionJump_Copy	mg0908::RegisterActions	a	a	0		int CharacterActionJump_Copy(undefined8 * param_1)
710006aa78	212	MoveAir_Copy	mg0908::RegisterActions	a	a	0		undefined MoveAir_Copy(long * param_1)
710006ab4c	664	CharacterActionFall_Copy	mg0908::RegisterActions	a	a	0		int CharacterActionFall_Copy(undefined8 * param_1)
710006ade4	536	MoveAir_Wriggle	mg0908::RegisterActions	a	a	0		undefined MoveAir_Wriggle(long * param_1)
710006affc	960	CharacterActionFall_Round1	mg0908::RegisterActions	a	a	0		int CharacterActionFall_Round1(undefined8 * param_1)
710006b3bc	8	CharacterActionNotJump	mg0908::RegisterActions	a	a	0		undefined8 CharacterActionNotJump(void)
710006b3c4	384	SafeCreate<bq::ComMatter,nn::bezel::HandlePtr<nn::bezel::Entity>const&,bex::PlayerID&,bq::MatterType>	bex::ComponentUtil	a	a	0		WeakHandle SafeCreate<bq::ComMatter,nn::bezel::HandlePtr<nn::bezel::Entity>const&,bex::PlayerID&,bq::MatterType>(long * param_1_00, ComponentUtil * this, undefined4 * param_3, undefined4 * param_4)
710006b558	4	~__func	std::__function::__func<void(*)(actor::ActorHitContactFinalizer&)noexcept,std::allocator<void(*)(actor::ActorHitContactFinalizer&)noexcept>,void(actor::ActorHitContactFinalizer&)>	a	a	0		undefined ~__func(__func<void(*)(actor::ActorHitContactFinalizer&)noexcept,std::allocator<void(*)(actor::ActorHitContactFinalizer&)noexcept>,void(actor::ActorHitContactFinalizer&)> * this)
710006b55c	56	__clone	std::__function::__func<void(*)(actor::ActorHitContactFinalizer&)noexcept,std::allocator<void(*)(actor::ActorHitContactFinalizer&)noexcept>,void(actor::ActorHitContactFinalizer&)>	a	a	0		undefined __clone(__func<void(*)(actor::ActorHitContactFinalizer&)noexcept,std::allocator<void(*)(actor::ActorHitContactFinalizer&)noexcept>,void(actor::ActorHitContactFinalizer&)> * this)
710006b594	28	__clone	std::__function::__func<void(*)(actor::ActorHitContactFinalizer&)noexcept,std::allocator<void(*)(actor::ActorHitContactFinalizer&)noexcept>,void(actor::ActorHitContactFinalizer&)>	a	a	0		undefined __clone(__func<void(*)(actor::ActorHitContactFinalizer&)noexcept,std::allocator<void(*)(actor::ActorHitContactFinalizer&)noexcept>,void(actor::ActorHitContactFinalizer&)> * this, long * param_1)
710006b5b0	4	destroy	std::__function::__func<void(*)(actor::ActorHitContactFinalizer&)noexcept,std::allocator<void(*)(actor::ActorHitContactFinalizer&)noexcept>,void(actor::ActorHitContactFinalizer&)>	a	a	0		undefined destroy(void)
710006b5b4	4	destroy_deallocate	std::__function::__func<void(*)(actor::ActorHitContactFinalizer&)noexcept,std::allocator<void(*)(actor::ActorHitContactFinalizer&)noexcept>,void(actor::ActorHitContactFinalizer&)>	a	a	0		undefined destroy_deallocate(__func<void(*)(actor::ActorHitContactFinalizer&)noexcept,std::allocator<void(*)(actor::ActorHitContactFinalizer&)noexcept>,void(actor::ActorHitContactFinalizer&)> * this)
710006b5b8	12	operator()	std::__function::__func<void(*)(actor::ActorHitContactFinalizer&)noexcept,std::allocator<void(*)(actor::ActorHitContactFinalizer&)noexcept>,void(actor::ActorHitContactFinalizer&)>	a	a	0		undefined operator()(__func<void(*)(actor::ActorHitContactFinalizer&)noexcept,std::allocator<void(*)(actor::ActorHitContactFinalizer&)noexcept>,void(actor::ActorHitContactFinalizer&)> * this, undefined8 param_1)
710006b5c4	32	IsDerivedFrom	nn::bezel::detail::StaticTypeDesc<actor::ComActor,false,nn::bezel::Component>	a	a	0		bool IsDerivedFrom(undefined * param_1)
710006b5e4	12	GetBaseTypeDesc	nn::bezel::detail::StaticTypeDesc<actor::ComActor,false,nn::bezel::Component>	a	a	0		undefined * GetBaseTypeDesc(void)
710006b5f0	20	GetNextBaseTypeDesc	nn::bezel::detail::StaticTypeDesc<actor::ComActor,false,nn::bezel::Component>	a	a	0		undefined * GetNextBaseTypeDesc(long param_1)
710006b604	8	CastTo	nn::bezel::detail::StaticTypeDesc<actor::ComActor,false,nn::bezel::Component>	a	a	0		undefined8 CastTo(undefined8 param_1, undefined8 param_2)
710006b60c	8	CastToConst	nn::bezel::detail::StaticTypeDesc<actor::ComActor,false,nn::bezel::Component>	a	a	0		undefined8 CastToConst(undefined8 param_1, undefined8 param_2)
710006b614	32	IsDerivedFrom	nn::bezel::detail::StaticTypeDesc<bex::ComHeading,false,nn::bezel::Component>	a	a	0		bool IsDerivedFrom(undefined * param_1)
710006b634	12	GetBaseTypeDesc	nn::bezel::detail::StaticTypeDesc<bex::ComHeading,false,nn::bezel::Component>	a	a	0		undefined * GetBaseTypeDesc(void)
710006b640	20	GetNextBaseTypeDesc	nn::bezel::detail::StaticTypeDesc<bex::ComHeading,false,nn::bezel::Component>	a	a	0		undefined * GetNextBaseTypeDesc(long param_1)
710006b654	8	CastTo	nn::bezel::detail::StaticTypeDesc<bex::ComHeading,false,nn::bezel::Component>	a	a	0		undefined8 CastTo(undefined8 param_1, undefined8 param_2)
710006b65c	8	CastToConst	nn::bezel::detail::StaticTypeDesc<bex::ComHeading,false,nn::bezel::Component>	a	a	0		undefined8 CastToConst(undefined8 param_1, undefined8 param_2)
710006b664	32	IsDerivedFrom	nn::bezel::detail::StaticTypeDesc<actor::ComInvincibleExpression,false,nn::bezel::Component>	a	a	0		bool IsDerivedFrom(undefined * param_1)
710006b684	12	GetBaseTypeDesc	nn::bezel::detail::StaticTypeDesc<actor::ComInvincibleExpression,false,nn::bezel::Component>	a	a	0		undefined * GetBaseTypeDesc(void)
710006b690	20	GetNextBaseTypeDesc	nn::bezel::detail::StaticTypeDesc<actor::ComInvincibleExpression,false,nn::bezel::Component>	a	a	0		undefined * GetNextBaseTypeDesc(long param_1)
710006b6a4	8	CastTo	nn::bezel::detail::StaticTypeDesc<actor::ComInvincibleExpression,false,nn::bezel::Component>	a	a	0		undefined8 CastTo(undefined8 param_1, undefined8 param_2)
710006b6ac	8	CastToConst	nn::bezel::detail::StaticTypeDesc<actor::ComInvincibleExpression,false,nn::bezel::Component>	a	a	0		undefined8 CastToConst(undefined8 param_1, undefined8 param_2)
710006b6b4	32	IsDerivedFrom	nn::bezel::detail::StaticTypeDesc<actor::ComActorActionEvent,false,nn::bezel::Component>	a	a	0		bool IsDerivedFrom(undefined * param_1)
710006b6d4	12	GetBaseTypeDesc	nn::bezel::detail::StaticTypeDesc<actor::ComActorActionEvent,false,nn::bezel::Component>	a	a	0		undefined * GetBaseTypeDesc(void)
710006b6e0	20	GetNextBaseTypeDesc	nn::bezel::detail::StaticTypeDesc<actor::ComActorActionEvent,false,nn::bezel::Component>	a	a	0		undefined * GetNextBaseTypeDesc(long param_1)
710006b6f4	8	CastTo	nn::bezel::detail::StaticTypeDesc<actor::ComActorActionEvent,false,nn::bezel::Component>	a	a	0		undefined8 CastTo(undefined8 param_1, undefined8 param_2)
710006b6fc	8	CastToConst	nn::bezel::detail::StaticTypeDesc<actor::ComActorActionEvent,false,nn::bezel::Component>	a	a	0		undefined8 CastToConst(undefined8 param_1, undefined8 param_2)
710006b704	20	IsDerivedFrom	nn::bezel::detail::StaticTypeDesc<actor::ActorActionParamJumpStamp,true>	a	a	0		bool IsDerivedFrom(undefined * param_1)
710006b718	8	GetBaseTypeDesc	nn::bezel::detail::StaticTypeDesc<actor::ActorActionParamJumpStamp,true>	a	a	0		undefined8 GetBaseTypeDesc(void)
710006b720	8	GetNextBaseTypeDesc	nn::bezel::detail::StaticTypeDesc<actor::ActorActionParamJumpStamp,true>	a	a	0		undefined8 GetNextBaseTypeDesc(void)
710006b728	8	CastTo	nn::bezel::detail::StaticTypeDesc<actor::ActorActionParamJumpStamp,true>	a	a	0		undefined8 CastTo(undefined8 param_1, undefined8 param_2)
710006b730	8	CastToConst	nn::bezel::detail::StaticTypeDesc<actor::ActorActionParamJumpStamp,true>	a	a	0		undefined8 CastToConst(undefined8 param_1, undefined8 param_2)
710006b738	220	getStaticTypeinfo	mg0908::Scene::Params	a	a	0		undefined * getStaticTypeinfo(void)
710006b814	736	getPropertyList	mg0908::Scene::Params	a	a	0		undefined8 getPropertyList(void)
710006baf4	160	createInstance	mg0908::Scene::Params	a	a	0		undefined createInstance(void)
710006bb94	20	deleteInstance	mg0908::Scene::Params	a	a	0		undefined deleteInstance(long * param_1)
710006bba8	4	checkGuiProperty	rtti::Class	a	a	0		undefined checkGuiProperty(void * param_1, Property * param_2, PropertyList * param_3)
710006bbac	4	createGuiProperty	rtti::Class	a	a	0		undefined createGuiProperty(void * param_1, Property * param_2, Typeinfo * param_3, uint param_4)
710006bbb0	68	DummySymbolLink	mg0908::Scene	a	a	0		undefined DummySymbolLink(ulong param_1)
710006bbf8	220	getStaticTypeinfo	mg0908::Scene	a	a	0		undefined * getStaticTypeinfo(void)
710006bcd4	96	getPropertyList	mg0908::Scene	a	a	0		undefined8 getPropertyList(void)
710006bd34	44	createInstance	mg0908::Scene	a	a	0		Scene * createInstance(void)
710006bd60	44	deleteInstance	mg0908::Scene	a	a	0		undefined deleteInstance(Scene * param_1)
710006bd8c	224	Scene	mg0908::Scene	a	a	0		undefined Scene(Scene * this)
710006be70	84	~Scene	mg0908::Scene	a	a	0		undefined ~Scene(Scene * this)
710006bec4	36	~Scene	mg0908::Scene	a	a	0		undefined ~Scene(Scene * this)
710006bee8	120	SetupGameImpl	mg0908::Scene	a	a	0		undefined SetupGameImpl(Scene * this)
710006bf60	8	SyncedSetupGameImpl	mg0908::Scene	a	a	0		undefined SyncedSetupGameImpl(Scene * this)
710006bf68	72	CleanupGameImpl	mg0908::Scene	a	a	0		undefined CleanupGameImpl(Scene * this)
710006bfb0	8	OnCharaGameDemoStartImpl	mg0908::Scene	a	a	0		undefined OnCharaGameDemoStartImpl(Scene * this)
710006bfb8	8	OnCharaGameDemoImpl	mg0908::Scene	a	a	0		undefined4 OnCharaGameDemoImpl(long param_1)
710006bfc0	4	OnCharaGameDemoSkipStartImpl	mg0908::Scene	a	a	0		undefined OnCharaGameDemoSkipStartImpl(void)
710006bfc4	4	OnCharaGameDemoSkipEndImpl	mg0908::Scene	a	a	0		undefined OnCharaGameDemoSkipEndImpl(void)
710006bfc8	8	OnCharaGameDemoEndImpl	mg0908::Scene	a	a	0		undefined8 OnCharaGameDemoEndImpl(void)
710006bfd0	8	OnGameInitImpl	mg0908::Scene	a	a	0		undefined OnGameInitImpl(Scene * this)
710006bfd8	8	OnGameInstInitImpl	mg0908::Scene	a	a	0		undefined8 OnGameInstInitImpl(void)
710006bfe0	8	OnGameFirstFadeImpl	mg0908::Scene	a	a	0		undefined OnGameFirstFadeImpl(Scene * this)
710006bfe8	8	OnGameOpeningImpl	mg0908::Scene	a	a	0		undefined OnGameOpeningImpl(Scene * this)
710006bff0	8	OnGameOpeningSkipImpl	mg0908::Scene	a	a	0		undefined OnGameOpeningSkipImpl(Scene * this)
710006bff8	8	OnGameStartBeforeImpl	mg0908::Scene	a	a	0		undefined OnGameStartBeforeImpl(long param_1)
710006c000	8	OnGameStartImpl	mg0908::Scene	a	a	0		undefined OnGameStartImpl(Scene * this)
710006c008	8	OnGameStartAfterImpl	mg0908::Scene	a	a	0		undefined OnGameStartAfterImpl(Scene * this)
710006c010	8	OnGameMainImpl	mg0908::Scene	a	a	0		undefined4 OnGameMainImpl(long param_1, undefined8 param_2, ActorHashedString * * param_3)
710006c018	8	OnGameEndImpl	mg0908::Scene	a	a	0		undefined OnGameEndImpl(Scene * this)
710006c020	8	OnGameFinishImpl	mg0908::Scene	a	a	0		bool OnGameFinishImpl(Scene * this)
710006c028	8	OnGameEndingFadeImpl	mg0908::Scene	a	a	0		undefined OnGameEndingFadeImpl(Scene * this)
710006c030	56	OnEndingInitImpl	mg0908::Scene	a	a	0		uint OnEndingInitImpl(Scene * this, long * param_1)
710006c068	8	OnEndingInit_SetupImpl	mg0908::Scene	a	a	0		undefined OnEndingInit_SetupImpl(Scene * this)
710006c070	220	getInstanceTypeinfo	mg0908::Scene	a	a	0		undefined * getInstanceTypeinfo(void)
710006c14c	16	GetSymbol	mg0908::Scene	a	a	0		undefined8 GetSymbol(void)
710006c15c	8	GetTickElapsed	bex::SceneBase	a	a	0		undefined8 GetTickElapsed(void)
710006c164	28	GetHandle	bex::SceneBase	a	a	0		undefined GetHandle(undefined8 * param_1, long param_2)
710006c180	4	OnCleanupProcessing	bex::GameScene	a	a	0		undefined OnCleanupProcessing(void)
710006c184	4	OnSyncEnd	bex::NetworkGameScene	a	a	0		undefined OnSyncEnd(void)
710006c188	4	OnGameSequenceBefore	bq::MinigameScene	a	a	0		undefined OnGameSequenceBefore(void)
710006c18c	4	OnGameSequenceAfter	bq::MinigameScene	a	a	0		undefined OnGameSequenceAfter(void)
710006c190	8	OnGameFinishAfter	bq::MinigameScene	a	a	0		undefined8 OnGameFinishAfter(void)
710006c198	4	OnThreeMinTimerEndImpl	wl::IMinigameScene	a	a	0		undefined OnThreeMinTimerEndImpl(void)
710006c19c	8	OnGameStartTelopBeforeImpl	wl::IMinigameScene	a	a	0		undefined8 OnGameStartTelopBeforeImpl(void)
710006c1a4	8	OnGameEndingChangeCutImpl	wl::IMinigameScene	a	a	0		undefined8 OnGameEndingChangeCutImpl(void)
710006c1ac	8	OnGameEndingBeforeImpl	wl::IMinigameScene	a	a	0		undefined8 OnGameEndingBeforeImpl(void)
710006c1b4	8	OnGameEndingImpl	wl::IMinigameScene	a	a	0		undefined8 OnGameEndingImpl(void)
710006c1bc	8	OnGameEndingAfterImpl	wl::IMinigameScene	a	a	0		undefined8 OnGameEndingAfterImpl(void)
710006c1c4	8	OnGameEndingSkipImpl	wl::IMinigameScene	a	a	0		undefined8 OnGameEndingSkipImpl(void)
710006c1cc	8	OnGameLastFadeImpl	wl::IMinigameScene	a	a	0		undefined8 OnGameLastFadeImpl(void)
710006c1d4	8	OnGameExitImpl	wl::IMinigameScene	a	a	0		undefined8 OnGameExitImpl(void)
710006c1dc	4	Notify	wl::IMinigameScene	a	a	0		undefined Notify(void)
710006c1e0	4	~Params	mg0908::Scene::Params	a	a	0		undefined ~Params(Params * this)
710006c1e4	220	getInstanceTypeinfo	mg0908::Scene::Params	a	a	0		undefined * getInstanceTypeinfo(void)
710006c2c0	16	GetSymbol	mg0908::Scene::Params	a	a	0		undefined8 GetSymbol(void)
710006c2d0	4	~Class	rtti::Class	a	a	0		undefined ~Class(void)
710006c2d4	64	destroy	std::__tree<std::__value_type<wl::eSceneEventID,int>,std::__map_value_compare<wl::eSceneEventID,std::__value_type<wl::eSceneEventID,int>,std::less<wl::eSceneEventID>,true>,bex::HeapModule::Allocator_map<std::__value_type<wl::eSceneEventID,int>>>	a	a	0		undefined destroy(__tree<std::__value_type<wl::eSceneEventID,int>,std::__map_value_compare<wl::eSceneEventID,std::__value_type<wl::eSceneEventID,int>,std::less<wl::eSceneEventID>,true>,bex::HeapModule::Allocator_map<std::__value_type<wl::eSceneEventID,int>>> * this, undefined8 * param_1)
710006c320	1212	FUN_710006c320		d	a	0		undefined FUN_710006c320(void)
710006c7e0	16	SetMinigameScene	mg0908	a	a	0		undefined SetMinigameScene(undefined8 param_1)
710006c7f0	16	GetMinigameScene	mg0908	a	a	0		undefined8 GetMinigameScene(void)
710006c800	16	SetMinigameScenemg0908	mg0908	a	a	0		undefined SetMinigameScenemg0908(undefined8 param_1)
710006c810	16	GetMinigameScenemg0908	mg0908	a	a	0		undefined8 GetMinigameScenemg0908(void)
710006c820	416	Util_SetMaterialTexture	mg0908	a	a	0		undefined Util_SetMaterialTexture(long * param_1, char * param_2, char * param_3, undefined8 * param_4)
710006c9d0	332	Util_FxPlayEntity	mg0908	a	a	0		uint Util_FxPlayEntity(long * param_1, char * param_2)
710006cb30	332	Util_FxStopEntity	mg0908	a	a	0		uint Util_FxStopEntity(long * param_1, char * param_2)
710006cc90	444	Util_ModelDecalShadowSettingEntity	mg0908	a	a	0		undefined Util_ModelDecalShadowSettingEntity(long * param_1)
710006ce60	632	Util_HookModelEntity	mg0908	a	a	0		undefined Util_HookModelEntity(long * param_1, long * param_2, char * param_3)
710006d0f0	480	AddComponent<nn::bezel::ComAttachment,,(void*)0>	nn::bezel::Entity	a	a	0		WeakHandle AddComponent<nn::bezel::ComAttachment,,(void*)0>(long * param_1, HandlePtr * param_2)
710006d2e0	640	Util_HookModelScaleEntity	mg0908	a	a	0		undefined Util_HookModelScaleEntity(long * param_1, long * param_2, char * param_3)
710006d570	76	Util_RemoveHookModelEntity	mg0908	a	a	0		undefined Util_RemoveHookModelEntity(undefined8 * param_1)
710006d5c0	372	Util_GetBoneWorldPosEntity	mg0908	a	a	0		undefined1[16] Util_GetBoneWorldPosEntity(long * param_1, char * param_2)
710006d740	268	Util_GetBoneNumberWorldPosEntity	mg0908	a	a	0		undefined1[16] Util_GetBoneNumberWorldPosEntity(long * param_1, int param_2)
710006d860	412	Util_MotionPlayEntity	mg0908	a	a	0		undefined Util_MotionPlayEntity(long * param_1, char * param_2)
710006da10	536	Util_MotionPlayEntityForce	mg0908	a	a	0		undefined Util_MotionPlayEntityForce(long * param_1, byte * param_2)
710006dc30	612	Util_MotionPlaySub1EntityForce	mg0908	a	a	0		undefined Util_MotionPlaySub1EntityForce(long * param_1, byte * param_2)
710006dea0	612	Util_MotionPlaySub2EntityForce	mg0908	a	a	0		undefined Util_MotionPlaySub2EntityForce(long * param_1, byte * param_2)
710006e110	388	Util_MotionSetFrameSub1Entity	mg0908	a	a	0		undefined Util_MotionSetFrameSub1Entity(float param_1, long * param_2)
710006e2a0	284	Util_MotionStopEntity	mg0908	a	a	0		undefined Util_MotionStopEntity(long * param_1)
710006e3d0	284	Util_MotionSetSpeedEntity	mg0908	a	a	0		undefined Util_MotionSetSpeedEntity(float param_1, long * param_2)
710006e500	284	Util_MotionSetFrameEntity	mg0908	a	a	0		undefined Util_MotionSetFrameEntity(float param_1, long * param_2)
710006e630	264	Util_MotionGetFrameEntity	mg0908	a	a	0		undefined1[16] Util_MotionGetFrameEntity(long * param_1)
710006e740	264	Util_MotionSetFrameMaxEntity	mg0908	a	a	0		undefined1[16] Util_MotionSetFrameMaxEntity(long * param_1)
710006e850	264	Util_IsMotionFinishEntity	mg0908	a	a	0		undefined8 Util_IsMotionFinishEntity(long * param_1)
710006e960	276	Util_ModelSetVisibleEntity	mg0908	a	a	0		undefined Util_ModelSetVisibleEntity(long * param_1)
710006ea80	332	Util_ModelSetBoneVisibleEntity	mg0908	a	a	0		undefined Util_ModelSetBoneVisibleEntity(long * param_1, char * param_2)
710006ebe0	284	Util_ModelSetMtxEntity	mg0908	a	a	0		undefined Util_ModelSetMtxEntity(long * param_1)
710006ed10	332	Util_ModelSetBoneQEntity	mg0908	a	a	0		undefined Util_ModelSetBoneQEntity(undefined1[16] param_1, long * param_2)
710006ee60	348	Util_ModelSetBoneMtxEntity	mg0908	a	a	0		undefined Util_ModelSetBoneMtxEntity(long * param_1)
710006efd0	276	Util_ModelSetDrawUnderWaterDisabledEntity	mg0908	a	a	0		undefined Util_ModelSetDrawUnderWaterDisabledEntity(long * param_1)
710006f0f0	392	Util_NpcModelSetColor	mg0908	a	a	0		undefined Util_NpcModelSetColor(long * param_1)
710006f290	40	Util_SetEnableEntity	mg0908	a	a	0		undefined Util_SetEnableEntity(long * param_1)
710006f2c0	44	Util_SetPosEntity	mg0908	a	a	0		undefined Util_SetPosEntity(undefined8 * param_1)
710006f2f0	328	Util_SetMtxPosEntity	mg0908	a	a	0		undefined Util_SetMtxPosEntity(long * param_1)
710006f440	284	Util_SetMtx3Entity	mg0908	a	a	0		undefined Util_SetMtx3Entity(long * param_1)
710006f570	44	Util_SetRotateEntity	mg0908	a	a	0		undefined Util_SetRotateEntity(undefined8 * param_1)
710006f5a0	592	Util_SetMtx3RotateEntity	mg0908	a	a	0		undefined Util_SetMtx3RotateEntity(undefined1[16] param_1, long * param_2)
710006f800	928	Util_SetMtx3RotateEntityKakudo	mg0908	a	a	0		undefined Util_SetMtx3RotateEntityKakudo(float param_1, long * param_2)
710006fbb0	52	Util_GetPosEntity	mg0908	a	a	0		undefined1[16] Util_GetPosEntity(long * param_1)
710006fbf0	296	Util_GetRotVectorEntity	mg0908	a	a	0		undefined1[16] Util_GetRotVectorEntity(long * param_1)
710006fd20	288	Util_GetRotYEntity	mg0908	a	a	0		undefined1[16] Util_GetRotYEntity(long * param_1)
710006fe40	364	Util_MapchildSetVisibleEntity	mg0908	a	a	0		undefined Util_MapchildSetVisibleEntity(long * param_1, char * param_2)
710006ffc0	216	Util_SetPosMapEntity	mg0908	a	a	0		undefined Util_SetPosMapEntity(undefined8 param_1, long * param_2)
71000700a0	920	Util_SetPosMap01234Entity	mg0908	a	a	0		undefined Util_SetPosMap01234Entity(undefined8 param_1, long * param_2)
7100070440	220	Util_SetRotateMapEntity	mg0908	a	a	0		undefined Util_SetRotateMapEntity(undefined8 param_1, long * param_2)
7100070520	204	Util_SetRotateMap01Entity	mg0908	a	a	0		undefined Util_SetRotateMap01Entity(undefined8 param_1, long * param_2)
71000705f0	204	Util_SetRotateMap02Entity	mg0908	a	a	0		undefined Util_SetRotateMap02Entity(undefined8 param_1, long * param_2)
71000706c0	204	Util_SetRotateMap03Entity	mg0908	a	a	0		undefined Util_SetRotateMap03Entity(undefined8 param_1, long * param_2)
7100070790	204	Util_SetRotateMap04Entity	mg0908	a	a	0		undefined Util_SetRotateMap04Entity(undefined8 param_1, long * param_2)
7100070860	204	Util_SetRotateMap05Entity	mg0908	a	a	0		undefined Util_SetRotateMap05Entity(undefined8 param_1, long * param_2)
7100070930	204	Util_SetRotateMap06Entity	mg0908	a	a	0		undefined Util_SetRotateMap06Entity(undefined8 param_1, long * param_2)
7100070a00	204	Util_SetRotateMap07Entity	mg0908	a	a	0		undefined Util_SetRotateMap07Entity(undefined8 param_1, long * param_2)
7100070ad0	920	Util_SetRotateMap01234Entity	mg0908	a	a	0		undefined Util_SetRotateMap01234Entity(undefined8 param_1, long * param_2)
7100070e70	264	Util_SetVisibleMapEntity	mg0908	a	a	0		undefined Util_SetVisibleMapEntity(long * param_1)
7100070f80	8	Util_InvalidActionTrigger	mg0908	a	a	0		undefined8 Util_InvalidActionTrigger(void)
7100070f90	1076	Util_RotPosEntity	mg0908	a	a	0		undefined8 Util_RotPosEntity(undefined1[16] param_1, undefined1[16] param_2, float param_3, long * param_4, float * param_5)
71000713d0	12	Util_GetRAD_POS2_XZ	mg0908	a	a	0		undefined Util_GetRAD_POS2_XZ(undefined1[16] param_1, undefined1[16] param_2)
71000713e0	632	Util_MovePosEntity	mg0908	a	a	0		bool Util_MovePosEntity(undefined1[16] param_1, float param_2, long * param_3)
7100071660	156	Util_copyFloat	mg0908	a	a	0		undefined Util_copyFloat(float param_1, float * param_2)
7100071700	52	Util_lerp	mg0908	a	a	0		float Util_lerp(float param_1, float param_2, float param_3, float param_4, float param_5)
7100071740	116	Util_lerpVector3	mg0908	a	a	0		undefined1[16] Util_lerpVector3(float param_1, float param_2, float param_3, undefined1[16] param_4, undefined1[16] param_5)
71000717c0	112	Util_CheckInsideScreen	mg0908	a	a	0		bool Util_CheckInsideScreen(undefined8 param_1)
7100071830	32	IsDerivedFrom	nn::bezel::detail::StaticTypeDesc<nn::bezel::ComAttachment,false,nn::bezel::Component>	a	a	0		bool IsDerivedFrom(undefined * param_1)
7100071850	12	GetBaseTypeDesc	nn::bezel::detail::StaticTypeDesc<nn::bezel::ComAttachment,false,nn::bezel::Component>	a	a	0		undefined * GetBaseTypeDesc(void)
710007185c	20	GetNextBaseTypeDesc	nn::bezel::detail::StaticTypeDesc<nn::bezel::ComAttachment,false,nn::bezel::Component>	a	a	0		undefined * GetNextBaseTypeDesc(long param_1)
7100071870	8	CastTo	nn::bezel::detail::StaticTypeDesc<nn::bezel::ComAttachment,false,nn::bezel::Component>	a	a	0		undefined8 CastTo(undefined8 param_1, undefined8 param_2)
7100071878	8	CastToConst	nn::bezel::detail::StaticTypeDesc<nn::bezel::ComAttachment,false,nn::bezel::Component>	a	a	0		undefined8 CastToConst(undefined8 param_1, undefined8 param_2)
7100071880	8	RegisterGeneratedBindCodes_mg0908	nn::bezel::detail::autogen	a	a	0		undefined8 RegisterGeneratedBindCodes_mg0908(void)
7100071890	16	SuppressDeadStrip_mg0908	nn::bezel::detail::autogen	a	a	0		undefined4 SuppressDeadStrip_mg0908(void)
71000718a0	8	RegisterGeneratedBindCodes_sharedPCH	nn::bezel::detail::autogen	a	a	0		undefined8 RegisterGeneratedBindCodes_sharedPCH(void)
71000718b0	16	SuppressDeadStrip_sharedPCH	nn::bezel::detail::autogen	a	a	0		undefined4 SuppressDeadStrip_sharedPCH(void)
71000718c0	20	FUN_71000718c0		d	a	0		undefined FUN_71000718c0(void)
71000718e0	16	__nnmusl_init_dso		i	d	1		undefined __nnmusl_init_dso()
71000718f0	16	ProtectRelro	<EXTERNAL>::nn::ro	d	a	1		undefined ProtectRelro(void * param_1, void * param_2, void * param_3, void * param_4, void * param_5)
7100071900	16	__nnmusl_fini_dso		i	d	1		undefined __nnmusl_fini_dso()
7100071910	16	__cxa_guard_acquire		i	d	1		undefined __cxa_guard_acquire()
7100071920	16	__cxa_guard_release		i	d	1		undefined __cxa_guard_release()
7100071930	16	Create	mg0908::CameraMgr	d	a	1		undefined Create(CameraMgr * this)
7100071940	16	GetMinigameScene	mg0908	d	a	1		undefined8 GetMinigameScene(void)
7100071950	16	CreateSceneEntity	<EXTERNAL>::bq::SceneBase	d	a	1		undefined CreateSceneEntity(basic_string_view * param_1)
7100071960	16	AddComponent<bq::ComMatter,bq::MatterType,(void*)0>	nn::bezel::Entity	d	a	1		WeakHandle AddComponent<bq::ComMatter,bq::MatterType,(void*)0>(long * param_1_00, HandlePtr * param_2, undefined4 * param_3)
7100071970	16	GetCurrentGfxSceneType	<EXTERNAL>::bex::Scene	d	a	1		undefined GetCurrentGfxSceneType(void)
7100071980	16	GetScene	<EXTERNAL>::bex::gfx::RendererModule	d	a	1		undefined GetScene(SceneType param_1)
7100071990	16	GetGraphicsLayer	<EXTERNAL>::bex::gfx::Scene	d	a	1		undefined GetGraphicsLayer(int param_1)
71000719a0	16	GetCamera	<EXTERNAL>::nn::bezel::ComCamera	d	a	1		undefined GetCamera(void)
71000719b0	16	SetCamera	<EXTERNAL>::nn::bezel::GraphicsLayer	d	a	1		undefined SetCamera(WeakHandle * param_1)
71000719c0	16	AbortImpl	<EXTERNAL>::nn::diag::detail	d	a	1		undefined AbortImpl(void)
71000719d0	16	File<>	wl::mg	d	a	1		basic_string File<>(ulong * param_1_00, byte * param_2)
71000719e0	16	strlen		i	i	1		size_t strlen(char * __s)
71000719f0	16	AddAnimation	<EXTERNAL>::actor::ComActorMotion	d	a	1		undefined AddAnimation(StringViewHashPair * param_1, basic_string_view * param_2, bool param_3, AnimatinType param_4, bool param_5, bool param_6)
7100071a00	16	Free	<EXTERNAL>::bex::HeapModule	d	a	1		undefined Free(void * param_1)
7100071a10	16	SafeCreate<bq::ComMatter,nn::bezel::HandlePtr<nn::bezel::Entity>const&,bq::MatterType>	bex::ComponentUtil	d	a	1		WeakHandle SafeCreate<bq::ComMatter,nn::bezel::HandlePtr<nn::bezel::Entity>const&,bq::MatterType>(long * param_1_00, ComponentUtil * this, undefined4 * param_3)
7100071a20	16	_internalCheckComponentValidity	<EXTERNAL>::nn::bezel::Entity	d	a	1		undefined _internalCheckComponentValidity(HandlePtr * param_1)
7100071a30	16	AddComponentImpl	<EXTERNAL>::nn::bezel::Entity	d	a	1		undefined AddComponentImpl(HandlePtr * param_1)
7100071a40	16	append	std::basic_string<char,std::char_traits<char>,bex::HeapModule::Allocator_string<char>>	d	a	1		basic_string<char,std::char_traits<char>,bex::HeapModule::Allocator_string<char>> * append(basic_string<char,std::char_traits<char>,bex::HeapModule::Allocator_string<char>> * this, void * param_1, ulong param_2)
7100071a50	16	Replace<>	wl::mg	d	a	1		basic_string.conflict Replace<>(ulong * param_1, mg * this)
7100071a60	16	__cxa_begin_catch		i	d	1		undefined __cxa_begin_catch()
7100071a70	16	terminate	<EXTERNAL>::std	d	a	1		undefined terminate(void)
7100071a80	16	InitParam	mg0908::CameraMgr	d	a	1		undefined InitParam(CameraMgr * this, undefined8 param_1)
7100071a90	16	ClearCameraAnime	mg0908::CameraMgr	d	a	1		undefined ClearCameraAnime(CameraMgr * this)
7100071aa0	16	GetComAnimator	<EXTERNAL>::actor::ComActorMotion	d	a	1		undefined GetComAnimator(void)
7100071ab0	16	StopAll	<EXTERNAL>::nn::bezel::ComAnimator	d	a	1		undefined StopAll(void)
7100071ac0	16	SetCameraRotation	mg0908::CameraMgr	d	a	1		undefined SetCameraRotation(CameraMgr * param_1)
7100071ad0	16	SetRotation	<EXTERNAL>::nn::bezel::Entity	d	a	1		undefined SetRotation(Quaternion * param_1)
7100071ae0	16	SetCameraTranslation	mg0908::CameraMgr	d	a	1		undefined SetCameraTranslation(CameraMgr * param_1)
7100071af0	16	SetTranslation	<EXTERNAL>::nn::bezel::Entity	d	a	1		undefined SetTranslation(Vector3f * param_1)
7100071b00	16	PlayCameraMotion	mg0908::CameraMgr	d	a	1		undefined PlayCameraMotion(CameraMgr * this, int param_1)
7100071b10	16	Play	<EXTERNAL>::actor::ComActorMotion	d	a	1		undefined Play(StringViewHashPair * param_1)
7100071b20	16	SetCameraAnimeFrame	mg0908::CameraMgr	d	a	1		undefined SetCameraAnimeFrame(float param_1, CameraMgr * this)
7100071b30	16	SetFrame	<EXTERNAL>::actor::ComActorMotion	d	a	1		undefined SetFrame(float param_1)
7100071b40	16	GetCameraAnimeFrame	mg0908::CameraMgr	d	a	1		undefined1[16] GetCameraAnimeFrame(CameraMgr * this)
7100071b50	16	GetFrame	<EXTERNAL>::actor::ComActorMotion	d	a	1		undefined GetFrame(void)
7100071b60	16	GetFrameMax	<EXTERNAL>::actor::ComActorMotion	d	a	1		undefined GetFrameMax(void)
7100071b70	16	IsFinishedCameraAnime	mg0908::CameraMgr	d	a	1		undefined8 IsFinishedCameraAnime(CameraMgr * this)
7100071b80	16	IsFinished	<EXTERNAL>::actor::ComActorMotion	d	a	1		undefined IsFinished(void)
7100071b90	16	GetComCamera	mg0908::CameraMgr	d	a	1		undefined GetComCamera(long * param_1, long * param_2)
7100071ba0	16	SetViewLookAt	<EXTERNAL>::nn::bezel::Camera	d	a	1		undefined SetViewLookAt(Vector3f * param_1, Vector3f * param_2, Vector3f * param_3)
7100071bb0	16	SetCameraAnimeSpeed	mg0908::CameraMgr	d	a	1		undefined8 SetCameraAnimeSpeed(float param_1, CameraMgr * this)
7100071bc0	16	SetSpeed	<EXTERNAL>::actor::ComActorMotion	d	a	1		undefined SetSpeed(float param_1)
7100071bd0	16	__cxa_allocate_exception		i	d	1		undefined __cxa_allocate_exception()
7100071be0	16	__cxa_throw		i	d	1		undefined __cxa_throw()
7100071bf0	16	__cxa_free_exception		i	d	1		undefined __cxa_free_exception()
7100071c00	16	_Unwind_Resume		i	d	1		undefined _Unwind_Resume()
7100071c10	16	logic_error	<EXTERNAL>::std::logic_error	d	a	1		undefined logic_error(logic_error * this, char * param_1)
7100071c20	16	operator.new	<EXTERNAL>	d	a	1		void * operator.new(ulong param_1, ulong param_2, HeapID param_3)
7100071c30	16	ComMatter	<EXTERNAL>::bq::ComMatter	d	a	1		undefined ComMatter(ComMatter * this, HandlePtr * param_1, MatterType param_2, bool param_3)
7100071c40	16	Alloc	<EXTERNAL>::bex::HeapModule	d	a	1		undefined Alloc(HeapID param_1, ulong param_2, int param_3, char * param_4, int param_5, char * param_6, char * param_7)
7100071c50	16	memmove		i	i	1		void * memmove(void * __dest, void * __src, size_t __n)
7100071c60	16	~locale	<EXTERNAL>::std::locale	d	a	1		undefined ~locale(locale * this)
7100071c70	16	__release_weak	<EXTERNAL>::std::__shared_weak_count	d	a	1		undefined __release_weak(void)
7100071c80	16	locale	<EXTERNAL>::std::locale	d	a	1		undefined locale(locale * this)
7100071c90	16	use_facet	<EXTERNAL>::std::locale	d	a	1		undefined use_facet(id * param_1)
7100071ca0	16	__parse<char_const*>	std::regex	d	a	1		__loop<char> * __parse<char_const*>(regex * this, __loop<char> * param_1, __loop<char> * param_2)
7100071cb0	16	~basic_regex	std::regex	d	a	1		undefined ~basic_regex(regex * this)
7100071cc0	16	regex_iterator	std::regex_iterator<std::__wrap_iter<char_const*>,char,std::regex_traits<char>>	d	a	1		undefined regex_iterator(regex_iterator<std::__wrap_iter<char_const*>,char,std::regex_traits<char>> * this, long param_1, long param_2, regex * param_3, uint param_4)
7100071cd0	16	push_back	std::basic_string<char,std::char_traits<char>,bex::HeapModule::Allocator_string<char>>	d	a	1		undefined push_back(basic_string<char,std::char_traits<char>,bex::HeapModule::Allocator_string<char>> * this, basic_string<char,std::char_traits<char>,bex::HeapModule::Allocator_string<char>> param_2)
7100071ce0	16	format<std::back_insert_iterator<std::basic_string<char,std::char_traits<char>,bex::HeapModule::Allocator_string<char>>>>	std::match_results<std::__wrap_iter<char_const*>,std::allocator<std::sub_match<std::__wrap_iter<char_const*>>>>	d	a	1		basic_string<char,std::char_traits<char>,bex::HeapModule::Allocator_string<char>> * format<std::back_insert_iterator<std::basic_string<char,std::char_traits<char>,bex::HeapModule::Allocator_string<char>>>>(match_results<std::__wrap_iter<char_const*>,std::allocator<std::sub_match<std::__wrap_iter<char_const*>>>> * this, basic_string<char,std::char_traits<char>,bex::HeapModule::Allocator_string<char>> * param_1, basic_string<char,std::char_traits<char>,bex::HeapModule::Allocator_string<char>> * param_2, basic_string<char,std::char_traits<char>,bex::HeapModule::Allocator_string<char>> * param_3, uint param_4)
7100071cf0	16	operator++	std::regex_iterator<std::__wrap_iter<char_const*>,char,std::regex_traits<char>>	d	a	1		regex_iterator<std::__wrap_iter<char_const*>,char,std::regex_traits<char>> * operator++(regex_iterator<std::__wrap_iter<char_const*>,char,std::regex_traits<char>> * this)
7100071d00	16	operator.delete	<EXTERNAL>	d	a	1		void operator.delete(void * param_1)
7100071d10	16	__search<std::allocator<std::sub_match<char_const*>>>	std::regex	d	a	1		undefined8 __search<std::allocator<std::sub_match<char_const*>>>(regex * this, long param_1, long param_2, long * param_3, uint param_4)
7100071d20	16	__assign[abi:v160006]<char_const*,std::allocator<std::sub_match<char_const*>>>	std::match_results<std::__wrap_iter<char_const*>,std::allocator<std::sub_match<std::__wrap_iter<char_const*>>>>	d	a	1		void __assign[abi:v160006]<char_const*,std::allocator<std::sub_match<char_const*>>>(match_results<std::__wrap_iter<char_const*>,std::allocator<std::sub_match<std::__wrap_iter<char_const*>>>> * this, long param_1, undefined8 param_2, long * param_3, uint param_4)
7100071d30	16	__match_at_start_posix_subs<std::allocator<std::sub_match<char_const*>>>	std::regex	d	a	1		undefined4 __match_at_start_posix_subs<std::allocator<std::sub_match<char_const*>>>(regex * this, long param_1, long param_2, long * param_3, uint param_4, byte param_5)
7100071d40	16	__match_at_start_ecma<std::allocator<std::sub_match<char_const*>>>	std::regex	d	a	1		undefined8 __match_at_start_ecma<std::allocator<std::sub_match<char_const*>>>(regex * this, long param_1, long param_2, long * param_3, uint param_4, byte param_5)
7100071d50	16	__match_at_start_posix_nosubs<std::allocator<std::sub_match<char_const*>>>	std::regex	d	a	1		undefined8 __match_at_start_posix_nosubs<std::allocator<std::sub_match<char_const*>>>(regex * this, long param_1, long param_2, long * param_3, uint param_4, byte param_5)
7100071d60	16	operator.new	<EXTERNAL>	d	a	1		void * operator.new(ulong param_1)
7100071d70	16	__push_back_slow_path<std::__state<char>>	std::vector<std::__state<char>,std::allocator<std::__state<char>>>	d	a	1		void __push_back_slow_path<std::__state<char>>(vector<std::__state<char>,std::allocator<std::__state<char>>> * this, undefined8 * param_1)
7100071d80	16	__state	std::__state<char>	d	a	1		undefined __state(__state<char> * this, undefined8 * param_1)
7100071d90	16	~__state	std::__state<char>	d	a	1		undefined ~__state(__state<char> * this)
7100071da0	16	assign<std::sub_match<char_const*>*,0>	std::vector<std::sub_match<char_const*>,std::allocator<std::sub_match<char_const*>>>	d	a	1		void assign<std::sub_match<char_const*>*,0>(vector<std::sub_match<char_const*>,std::allocator<std::sub_match<char_const*>>> * this, undefined8 * param_1, undefined8 * param_2)
7100071db0	16	assign<std::pair<unsigned_long,char_const*>*,0>	std::vector<std::pair<unsigned_long,char_const*>,std::allocator<std::pair<unsigned_long,char_const*>>>	d	a	1		void assign<std::pair<unsigned_long,char_const*>*,0>(vector<std::pair<unsigned_long,char_const*>,std::allocator<std::pair<unsigned_long,char_const*>>> * this, undefined8 * param_1, undefined8 * param_2)
7100071dc0	16	regex_error	<EXTERNAL>::std::regex_error	d	a	1		undefined regex_error(regex_error * this, error_type param_1)
7100071dd0	16	bad_array_new_length	<EXTERNAL>::std::bad_array_new_length	d	a	1		undefined bad_array_new_length(bad_array_new_length * this)
7100071de0	16	memset		i	i	1		void * memset(void * __s, int __c, size_t __n)
7100071df0	16	memcpy		i	i	1		void * memcpy(void * __dest, void * __src, size_t __n)
7100071e00	16	__parse_egrep<char_const*>	std::regex	d	a	1		__loop<char> * __parse_egrep<char_const*>(regex * this, __loop<char> * param_1, __loop<char> * param_2)
7100071e10	16	__parse_extended_reg_exp<char_const*>	std::regex	d	a	1		__loop<char> * __parse_extended_reg_exp<char_const*>(regex * this, __loop<char> * param_1, __loop<char> * param_2)
7100071e20	16	__parse_alternative<char_const*>	std::regex	d	a	1		__loop<char> * __parse_alternative<char_const*>(regex * this, __loop<char> * param_1, __loop<char> * param_2)
7100071e30	16	__parse_basic_reg_exp<char_const*>	std::regex	d	a	1		byte * __parse_basic_reg_exp<char_const*>(regex * this, byte * param_1, byte * param_2)
7100071e40	16	__parse_grep<char_const*>	std::regex	d	a	1		byte * __parse_grep<char_const*>(regex * this, byte * param_1, byte * param_2)
7100071e50	16	__parse_ecma_exp<char_const*>	std::regex	d	a	1		__loop<char> * __parse_ecma_exp<char_const*>(regex * this, __loop<char> * param_1, __loop<char> * param_2)
7100071e60	16	__parse_term<char_const*>	std::regex	d	a	1		__loop<char> * __parse_term<char_const*>(regex * this, __loop<char> * param_1, __loop<char> * param_2)
7100071e70	16	__parse_nondupl_RE<char_const*>	std::regex	d	a	1		byte * __parse_nondupl_RE<char_const*>(regex * this, byte * param_1, byte * param_2)
7100071e80	16	__parse_RE_dupl_symbol<char_const*>	std::regex	d	a	1		byte * __parse_RE_dupl_symbol<char_const*>(regex * this, byte * param_1, byte * param_2, long param_3, undefined4 param_4, undefined4 param_5)
7100071e90	16	__parse_ERE_expression<char_const*>	std::regex	d	a	1		__loop<char> * __parse_ERE_expression<char_const*>(regex * this, __loop<char> * param_1, __loop<char> * param_2)
7100071ea0	16	~__shared_weak_count	<EXTERNAL>::std::__shared_weak_count	d	a	1		undefined ~__shared_weak_count(__shared_weak_count * this)
7100071eb0	16	__parse_ERE_dupl_symbol<char_const*>	std::regex	d	a	1		__loop<char> * __parse_ERE_dupl_symbol<char_const*>(regex * this, __loop<char> * param_1, __loop<char> * param_2, long param_3, undefined4 param_4, undefined4 param_5)
7100071ec0	16	__parse_assertion<char_const*>	std::regex	d	a	1		byte * __parse_assertion<char_const*>(regex * this, byte * param_1, byte * param_2)
7100071ed0	16	__parse_atom<char_const*>	std::regex	d	a	1		__loop<char> * __parse_atom<char_const*>(regex * this, __loop<char> * param_1, __loop<char> * param_2)
7100071ee0	16	__push_lookahead	std::regex	d	a	1		undefined __push_lookahead(regex * this, locale * param_1, byte param_2, undefined4 param_3)
7100071ef0	16	locale	<EXTERNAL>::std::locale	d	a	1		undefined locale(locale * this, locale * param_1)
7100071f00	16	__parse_bracket_expression<char_const*>	std::regex	d	a	1		byte * __parse_bracket_expression<char_const*>(regex * this, byte * param_1, byte * param_2)
7100071f10	16	__parse_atom_escape<char_const*>	std::regex	d	a	1		byte * __parse_atom_escape<char_const*>(regex * this, byte * param_1, byte * param_2)
7100071f20	16	__parse_pattern_character<char_const*>	std::regex	d	a	1		byte * __parse_pattern_character<char_const*>(regex * this, byte * param_1, byte * param_2)
7100071f30	16	__push_loop	std::regex	d	a	1		undefined __push_loop(regex * this, long param_1, long param_2, long param_3, undefined4 param_4, undefined4 param_6_00, byte param_6)
7100071f40	16	~__loop	std::__loop<char>	d	a	1		undefined ~__loop(__loop<char> * this)
7100071f50	16	__push_char	std::regex	d	a	1		undefined __push_char(regex * this, undefined4 param_1)
7100071f60	16	__push_back_ref	std::regex	d	a	1		undefined __push_back_ref(regex * this, undefined4 param_1)
7100071f70	16	__parse_character_class_escape<char_const*>	std::regex	d	a	1		undefined1 * __parse_character_class_escape<char_const*>(regex * this, undefined1 * param_1, undefined1 * param_2)
7100071f80	16	__parse_character_escape<char_const*>	std::regex	d	a	1		byte * __parse_character_escape<char_const*>(regex * this, byte * param_1, byte * param_2, string * param_3)
7100071f90	16	__parse_expression_term<char_const*>	std::regex	d	a	1		byte * __parse_expression_term<char_const*>(regex * this, byte * param_1, byte * param_2, byte * param_3, byte * param_4, undefined1 param_5)
7100071fa0	16	operator=	<EXTERNAL>::std::string	d	a	1		undefined operator=(string * this, char param_1)
7100071fb0	16	name	<EXTERNAL>::std::locale	d	a	1		undefined name(void)
7100071fc0	16	~__bracket_expression	std::__bracket_expression<char,std::regex_traits<char>>	d	a	1		undefined ~__bracket_expression(__bracket_expression<char,std::regex_traits<char>> * this)
7100071fd0	16	__lookup_collatename<char*>	std::regex_traits<char>	d	a	1		string __lookup_collatename<char*>(string * param_1_00, regex_traits<char> * this, void * param_3, void * param_4)
7100071fe0	16	transform<char*>	std::regex_traits<char>	d	a	1		string transform<char*>(undefined8 param_1_00, long param_2, void * param_3, void * param_4)
7100071ff0	16	memcmp		i	i	1		int memcmp(void * __s1, void * __s2, size_t __n)
7100072000	16	__transform_primary<char*>	std::regex_traits<char>	d	a	1		string __transform_primary<char*>(byte * param_1_00, regex_traits<char> * this, void * param_3, void * param_4)
7100072010	16	~pair	std::pair<std::string,std::string>	d	a	1		undefined ~pair(pair<std::string,std::string> * this)
7100072020	16	__get_collation_name	<EXTERNAL>::std	d	a	1		undefined __get_collation_name(char * param_1)
7100072030	16	operator=	<EXTERNAL>::std::string	d	a	1		undefined operator=(string * this, string * param_1)
7100072040	16	__parse_equivalence_class<char_const*>	std::regex	d	a	1		char * __parse_equivalence_class<char_const*>(regex * this, char * param_1, char * param_2, undefined1 * param_3, undefined1 param_4, undefined1 param_5)
7100072050	16	__lookup_classname<char_const*>	std::regex_traits<char>	d	a	1		undefined4 __lookup_classname<char_const*>(long param_1, void * param_2, void * param_3, byte param_4)
7100072060	16	__lookup_collatename<char_const*>	std::regex_traits<char>	d	a	1		string __lookup_collatename<char_const*>(string * param_1_00, regex_traits<char> * this, void * param_3, void * param_4)
7100072070	16	__parse_awk_escape<char_const*>	std::regex	d	a	1		byte * __parse_awk_escape<char_const*>(regex * this, byte * param_1, byte * param_2, string * param_3)
7100072080	16	__parse_class_escape<char_const*>	std::regex	d	a	1		byte * __parse_class_escape<char_const*>(regex * this, byte * param_1, byte * param_2, string * param_3, undefined1 * param_4, undefined1 param_5)
7100072090	16	__parse_collating_symbol<char_const*>	std::regex	d	a	1		byte * __parse_collating_symbol<char_const*>(regex_traits<char> * param_1, byte * param_2, byte * param_3, string * param_4, undefined8 param_5, undefined1 param_6)
71000720a0	16	__transform_primary<std::__wrap_iter<char*>>	std::regex_traits<char>	d	a	1		string __transform_primary<std::__wrap_iter<char*>>(byte * param_1, regex_traits<char> * this, undefined1 * param_3, undefined1 * param_4)
71000720b0	16	string	<EXTERNAL>::std::string	d	a	1		undefined string(string * this, string * param_1)
71000720c0	16	__push_back_slow_path<std::string_const&>	std::vector<std::string,std::allocator<std::string>>	d	a	1		void __push_back_slow_path<std::string_const&>(vector<std::string,std::allocator<std::string>> * this, string * param_1)
71000720d0	16	transform<std::__wrap_iter<char*>>	std::regex_traits<char>	d	a	1		string transform<std::__wrap_iter<char*>>(undefined8 param_1, long param_2, undefined1 * param_3, undefined1 * param_4)
71000720e0	16	__push_back_slow_path<std::pair<std::string,std::string>>	std::vector<std::pair<std::string,std::string>,std::allocator<std::pair<std::string,std::string>>>	d	a	1		void __push_back_slow_path<std::pair<std::string,std::string>>(vector<std::pair<std::string,std::string>,std::allocator<std::pair<std::string,std::string>>> * this, undefined8 * param_1)
71000720f0	16	__get_classname	<EXTERNAL>::std	d	a	1		undefined __get_classname(char * param_1, bool param_2)
7100072100	16	__parse_one_char_or_coll_elem_RE<char_const*>	std::regex	d	a	1		byte * __parse_one_char_or_coll_elem_RE<char_const*>(regex * this, byte * param_1, byte * param_2)
7100072110	16	__test_back_ref	std::regex	d	a	1		byte * __test_back_ref(regex * param_1, uint param_2, byte * param_3)
7100072120	16	__parse_ORD_CHAR_ERE<char_const*>	std::regex	d	a	1		byte * __parse_ORD_CHAR_ERE<char_const*>(regex * this, byte * param_1, byte * param_2)
7100072130	16	__parse_QUOTED_CHAR_ERE<char_const*>	std::regex	d	a	1		byte * __parse_QUOTED_CHAR_ERE<char_const*>(regex * this, byte * param_1, byte * param_2)
7100072140	16	CameraMgr	mg0908::CameraMgr	d	a	1		undefined CameraMgr(CameraMgr * this)
7100072150	16	~CameraMgr	mg0908::CameraMgr	d	a	1		undefined ~CameraMgr(CameraMgr * this)
7100072160	16	Fiber	<EXTERNAL>::bex::Fiber	d	a	1		undefined Fiber(Fiber * this, int param_1, bool param_2)
7100072170	16	~Players	mg0908::Players	d	a	1		undefined ~Players(Players * this)
7100072180	16	~Fiber	<EXTERNAL>::bex::Fiber	d	a	1		undefined ~Fiber(Fiber * this)
7100072190	16	~GameMgr	mg0908::GameMgr	d	a	1		undefined ~GameMgr(GameMgr * this)
71000721a0	16	Wait	<EXTERNAL>::bex::Fiber	d	a	1		undefined Wait(void)
71000721b0	16	AdvantagePlayerExplainStart	<EXTERNAL>::bq::MGMgr	d	a	1		undefined AdvantagePlayerExplainStart(void)
71000721c0	16	CheckAdvantagePlayerExplainEnd	<EXTERNAL>::bq::MGMgr	d	a	1		undefined CheckAdvantagePlayerExplainEnd(void)
71000721d0	16	GetActor	mg0908::Players	d	a	1		undefined GetActor(long * param_1, long param_2, int param_3)
71000721e0	16	GetDeltaTime	<EXTERNAL>::bex::MainModule	d	a	1		undefined GetDeltaTime(void)
71000721f0	16	GetEntity	mg0908::Players	d	a	1		undefined GetEntity(undefined8 * param_1, long param_2, int param_3)
7100072200	16	Util_FxPlayEntity	mg0908	d	a	1		uint Util_FxPlayEntity(long * param_1, char * param_2)
7100072210	16	Util_MotionGetFrameEntity	mg0908	d	a	1		undefined1[16] Util_MotionGetFrameEntity(long * param_1)
7100072220	16	Round2_Move_Rotate_Slide_Stage	mg0908::GameMgr	d	a	1		undefined Round2_Move_Rotate_Slide_Stage(GameMgr * param_1, uint param_2)
7100072230	16	SafeLock	nn::bezel::WeakHandle<nn::bezel::Entity>	d	a	1		undefined SafeLock(long * param_1, long * param_2)
7100072240	16	GetMinigameScenemg0908	mg0908	d	a	1		undefined8 GetMinigameScenemg0908(void)
7100072250	16	GetSceneParams	<EXTERNAL>::bex::SceneBase	d	a	1		undefined GetSceneParams(void)
7100072260	16	Util_SetMtxPosEntity	mg0908	d	a	1		undefined Util_SetMtxPosEntity(long * param_1)
7100072270	16	Util_GetBoneWorldPosEntity	mg0908	d	a	1		undefined1[16] Util_GetBoneWorldPosEntity(long * param_1, char * param_2)
7100072280	16	Util_SetPosMapEntity	mg0908	d	a	1		undefined Util_SetPosMapEntity(undefined8 param_1, long * param_2)
7100072290	16	round2_rotate_floor	mg0908::GameMgr	d	a	1		undefined round2_rotate_floor(float param_1, float param_2, float param_3, float param_4, float param_5, float param_6, GameMgr * this)
71000722a0	16	round2_new_move_floor	mg0908::GameMgr	d	a	1		undefined round2_new_move_floor(GameMgr * this, int param_1)
71000722b0	16	SetupGame_Mgr	mg0908::GameMgr	d	a	1		undefined SetupGame_Mgr(void)
71000722c0	16	InitCsv	mg0908::GameMgr	d	a	1		undefined InitCsv(GameMgr * this)
71000722d0	16	CsvLabel<std::basic_string<char,std::char_traits<char>,bex::HeapModule::Allocator_string<char>>>	wl::CsvLabel	d	a	1		undefined CsvLabel<std::basic_string<char,std::char_traits<char>,bex::HeapModule::Allocator_string<char>>>(CsvLabel * this, ulong * param_1)
71000722e0	16	At<int>	wl::CsvLabel	d	a	1		int At<int>(CsvLabel * this, byte * param_1, int param_2)
71000722f0	16	format<int>	wl	d	a	1		char * format<int>(long * param_1_00, wl * this, uint * param_3)
7100072300	16	At<double>	wl::CsvLabel	d	a	1		undefined1[16] At<double>(CsvLabel * this, byte * param_2, int param_3)
7100072310	16	destroy	std::__tree<std::__value_type<std::basic_string<char,std::char_traits<char>,bex::HeapModule::Allocator_string<char>>,wl::CsvLabel::_V>,std::__map_value_compare<std::basic_string<char,std::char_traits<char>,bex::HeapModule::Allocator_string<char>>,std::__value_type<std::basic_string<char,std::char_traits<char>,bex::HeapModule::Allocator_string<char>>,wl::CsvLabel::_V>,std::less<std::basic_string<char,std::char_traits<char>,bex::HeapModule::Allocator_string<char>>>,true>,bex::HeapModule::Allocator_map<std::__value_type<std::basic_string<char,std::char_traits<char>,bex::HeapModule::Allocator_string<char>>,wl::CsvLabel::_V>>>	d	a	1		undefined destroy(__tree<std::__value_type<std::basic_string<char,std::char_traits<char>,bex::HeapModule::Allocator_string<char>>,wl::CsvLabel::_V>,std::__map_value_compare<std::basic_string<char,std::char_traits<char>,bex::HeapModule::Allocator_string<char>>,std::__value_type<std::basic_string<char,std::char_traits<char>,bex::HeapModule::Allocator_string<char>>,wl::CsvLabel::_V>,std::less<std::basic_string<char,std::char_traits<char>,bex::HeapModule::Allocator_string<char>>>,true>,bex::HeapModule::Allocator_map<std::__value_type<std::basic_string<char,std::char_traits<char>,bex::HeapModule::Allocator_string<char>>,wl::CsvLabel::_V>>> * this, undefined8 * param_1)
7100072320	16	Csv	wl::Csv	d	a	1		undefined Csv(Csv * this, ulong * param_1)
7100072330	16	find<std::basic_string<char,std::char_traits<char>,bex::HeapModule::Allocator_string<char>>>	std::__tree<std::__value_type<std::basic_string<char,std::char_traits<char>,bex::HeapModule::Allocator_string<char>>,wl::CsvLabel::_V>,std::__map_value_compare<std::basic_string<char,std::char_traits<char>,bex::HeapModule::Allocator_string<char>>,std::__value_type<std::basic_string<char,std::char_traits<char>,bex::HeapModule::Allocator_string<char>>,wl::CsvLabel::_V>,std::less<std::basic_string<char,std::char_traits<char>,bex::HeapModule::Allocator_string<char>>>,true>,bex::HeapModule::Allocator_map<std::__value_type<std::basic_string<char,std::char_traits<char>,bex::HeapModule::Allocator_string<char>>,wl::CsvLabel::_V>>>	d	a	1		__tree<std::__value_type<std::basic_string<char,std::char_traits<char>,bex::HeapModule::Allocator_string<char>>,wl::CsvLabel::_V>,std::__map_value_compare<std::basic_string<char,std::char_traits<char>,bex::HeapModule::Allocator_string<char>>,std::__value_type<std::basic_string<char,std::char_traits<char>,bex::HeapModule::Allocator_string<char>>,wl::CsvLabel::_V>,std::less<std::basic_string<char,std::char_traits<char>,bex::HeapModule::Allocator_string<char>>>,true>,bex::HeapModule::Allocator_map<std::__value_type<std::basic_string<char,std::char_traits<char>,bex::HeapModule::Allocator_string<char>>,wl::CsvLabel::_V>>> * find<std::basic_string<char,std::char_traits<char>,bex::HeapModule::Allocator_string<char>>>(__tree<std::__value_type<std::basic_string<char,std::char_traits<char>,bex::HeapModule::Allocator_string<char>>,wl::CsvLabel::_V>,std::__map_value_compare<std::basic_string<char,std::char_traits<char>,bex::HeapModule::Allocator_string<char>>,std::__value_type<std::basic_string<char,std::char_traits<char>,bex::HeapModule::Allocator_string<char>>,wl::CsvLabel::_V>,std::less<std::basic_string<char,std::char_traits<char>,bex::HeapModule::Allocator_string<char>>>,true>,bex::HeapModule::Allocator_map<std::__value_type<std::basic_string<char,std::char_traits<char>,bex::HeapModule::Allocator_string<char>>,wl::CsvLabel::_V>>> * this, byte * param_1)
7100072340	16	atoi		i	i	1		int atoi(char * __nptr)
7100072350	16	snprintf		i	i	1		int snprintf(char * __s, size_t __maxlen, char * __format, ...)
7100072360	16	InitEnv	mg0908::GameMgr	d	a	1		undefined InitEnv(GameMgr * this)
7100072370	16	Check	<EXTERNAL>::bq::flag	d	a	1		undefined Check(FLAG param_1)
7100072380	16	AddComponent<bq::ComMatter,char_const*,(void*)0>	nn::bezel::Entity	d	a	1		WeakHandle AddComponent<bq::ComMatter,char_const*,(void*)0>(long * param_1_00, HandlePtr * param_2, undefined8 * param_3)
7100072390	16	Util_SetEnableEntity	mg0908	d	a	1		undefined Util_SetEnableEntity(long * param_1)
71000723a0	16	SafeCreate<bq::ComMatter,nn::bezel::HandlePtr<nn::bezel::Entity>const&,char_const*>	bex::ComponentUtil	d	a	1		WeakHandle SafeCreate<bq::ComMatter,nn::bezel::HandlePtr<nn::bezel::Entity>const&,char_const*>(long * param_1_00, ComponentUtil * this, undefined8 * param_3)
71000723b0	16	InitModel001_medal	mg0908::GameMgr	d	a	1		undefined InitModel001_medal(long param_1)
71000723c0	16	InitModel002_daisy	mg0908::GameMgr	d	a	1		undefined InitModel002_daisy(GameMgr * this)
71000723d0	16	InitModel003_kinopio	mg0908::GameMgr	d	a	1		undefined InitModel003_kinopio(GameMgr * param_1)
71000723e0	16	InitModel004_jugemu	mg0908::GameMgr	d	a	1		undefined InitModel004_jugemu(long param_1)
71000723f0	16	InitModel005_result	mg0908::GameMgr	d	a	1		undefined InitModel005_result(GameMgr * this)
7100072400	16	InitModel006_opening	mg0908::GameMgr	d	a	1		undefined InitModel006_opening(long param_1)
7100072410	16	InitModel011_round1	mg0908::GameMgr	d	a	1		undefined InitModel011_round1(GameMgr * this)
7100072420	16	InitModel012_round2	mg0908::GameMgr	d	a	1		undefined InitModel012_round2(GameMgr * this)
7100072430	16	InitModel013_round3	mg0908::GameMgr	d	a	1		undefined InitModel013_round3(GameMgr * this)
7100072440	16	InitModel014_round4	mg0908::GameMgr	d	a	1		undefined InitModel014_round4(GameMgr * this)
7100072450	16	InitModel020_old	mg0908::GameMgr	d	a	1		undefined InitModel020_old(GameMgr * this)
7100072460	16	Util_ModelSetVisibleEntity	mg0908	d	a	1		undefined Util_ModelSetVisibleEntity(long * param_1)
7100072470	16	SetDecalShadowVisible	<EXTERNAL>::bex::gfx::ComModelBuffer	d	a	1		undefined SetDecalShadowVisible(bool param_1)
7100072480	16	Create	<EXTERNAL>::bex::Effect	d	a	1		undefined Create(basic_string_view * param_1)
7100072490	16	Attach	<EXTERNAL>::bex::Effect	d	a	1		undefined Attach(WeakHandle * param_1, basic_string_view * param_2, int param_3)
71000724a0	16	AddComponent<actor::ComActorCollision,,(void*)0>	nn::bezel::Entity	d	a	1		WeakHandle AddComponent<actor::ComActorCollision,,(void*)0>(long * param_1, HandlePtr * param_2)
71000724b0	16	CreateShape	<EXTERNAL>::actor::ComActorCollision	d	a	1		undefined CreateShape(ActorHitShapeCreateArg * param_1)
71000724c0	16	SetSourceSphere	<EXTERNAL>::actor::ActorHitShape	d	a	1		undefined SetSourceSphere(Vector3f * param_1, float param_2)
71000724d0	16	SetCollisionLayer	<EXTERNAL>::actor::ActorHitShapeCreateArg	d	a	1		undefined SetCollisionLayer(int param_1)
71000724e0	16	SetTestEnabled	<EXTERNAL>::actor::ActorHitShapeCreateArg	d	a	1		undefined SetTestEnabled(bool param_1)
71000724f0	16	GetPlayers	<EXTERNAL>::bq::WorkModule	d	a	1		undefined GetPlayers(void)
7100072500	16	GetMGEntryPlayerList	<EXTERNAL>::bq::PlayerWorkHolder	d	a	1		undefined GetMGEntryPlayerList(PlayerListSortBy param_1)
7100072510	16	GetCharacterID	<EXTERNAL>::bq::PlayerWork	d	a	1		undefined GetCharacterID(void)
7100072520	16	AddComponent<bq::ComMatter,bq::PlayerCharacterID,(void*)0>	nn::bezel::Entity	d	a	1		WeakHandle AddComponent<bq::ComMatter,bq::PlayerCharacterID,(void*)0>(long * param_1_00, HandlePtr * param_2, undefined4 * param_3)
7100072530	16	AddComponent<bq::ComMatter,bq::NonPlayerCharacterID,(void*)0>	nn::bezel::Entity	d	a	1		WeakHandle AddComponent<bq::ComMatter,bq::NonPlayerCharacterID,(void*)0>(long * param_1_00, HandlePtr * param_2, undefined4 * param_3)
7100072540	16	SetDrawUnderWaterDisabled	<EXTERNAL>::bex::gfx::ComModelBuffer	d	a	1		undefined SetDrawUnderWaterDisabled(bool param_1)
7100072550	16	SetCastShadowOverwriteDisabled	<EXTERNAL>::bex::gfx::ComModelBuffer	d	a	1		undefined SetCastShadowOverwriteDisabled(bool param_1)
7100072560	16	SetDecalShadowEnable	<EXTERNAL>::bex::gfx::ComModelBuffer	d	a	1		undefined SetDecalShadowEnable(bool param_1)
7100072570	16	Util_HookModelScaleEntity	mg0908	d	a	1		undefined Util_HookModelScaleEntity(long * param_1, long * param_2, char * param_3)
7100072580	16	SyncRandMod	<EXTERNAL>::bex::RandModule	d	a	1		undefined SyncRandMod(uint param_1)
7100072590	16	AnimationName	actor::MotionArg	d	a	1		MotionArg * AnimationName(MotionArg * this, long param_1)
71000725a0	16	Play	<EXTERNAL>::actor::ComActorMotion	d	a	1		undefined Play(MotionArg * param_1)
71000725b0	16	KinopioChangeColor	mg0908::GameMgr	d	a	1		undefined KinopioChangeColor(GameMgr * this)
71000725c0	16	SyncRandModF	<EXTERNAL>::bex::RandModule	d	a	1		undefined SyncRandModF(float param_1)
71000725d0	16	Util_ModelSetDrawUnderWaterDisabledEntity	mg0908	d	a	1		undefined Util_ModelSetDrawUnderWaterDisabledEntity(long * param_1)
71000725e0	16	format<int,int>	wl	d	a	1		char * format<int,int>(long * param_1_00, wl * this, uint * param_3, uint * param_4)
71000725f0	16	Util_HookModelEntity	mg0908	d	a	1		undefined Util_HookModelEntity(long * param_1, long * param_2, char * param_3)
7100072600	16	AddAnimationSlot	<EXTERNAL>::actor::ComActorMotion	d	a	1		undefined AddAnimationSlot(StringViewHashPair * param_1)
7100072610	16	Util_MotionSetSpeedEntity	mg0908	d	a	1		undefined Util_MotionSetSpeedEntity(float param_1, long * param_2)
7100072620	16	Util_MotionSetFrameEntity	mg0908	d	a	1		undefined Util_MotionSetFrameEntity(float param_1, long * param_2)
7100072630	16	sprintf		i	i	1		int sprintf(char * __s, char * __format, ...)
7100072640	16	Util_MotionPlaySub1EntityForce	mg0908	d	a	1		undefined Util_MotionPlaySub1EntityForce(long * param_1, byte * param_2)
7100072650	16	Util_ModelSetBoneVisibleEntity	mg0908	d	a	1		undefined Util_ModelSetBoneVisibleEntity(long * param_1, char * param_2)
7100072660	16	SetTransform	<EXTERNAL>::bex::Effect	d	a	1		undefined SetTransform(MatrixRowMajor4x3f * param_1)
7100072670	16	CreateBox	<EXTERNAL>::nn::bezel::CollisionShape	d	a	1		undefined CreateBox(Vector3f * param_1)
7100072680	16	SetLocalTranslation	<EXTERNAL>::nn::bezel::CollisionShape	d	a	1		undefined SetLocalTranslation(Vector3f * param_1)
7100072690	16	CollisionShape	<EXTERNAL>::nn::bezel::CollisionShape	d	a	1		undefined CollisionShape(CollisionShape * this)
71000726a0	16	operator=	nn::bezel::detail::Variant<nn::bezel::CollisionShape::Sphere,nn::bezel::CollisionShape::Plane,nn::bezel::CollisionShape::Capsule,nn::bezel::CollisionShape::Box,nn::bezel::CollisionShape::Mesh,nn::bezel::CollisionShape::Complex,nn::bezel::CollisionShape::Collection,nn::bezel::CollisionShape::RuntimeConvexMesh,nn::bezel::CollisionShape::RuntimeTriangleMesh,nn::bezel::CollisionShape::RuntimeHeightField>	d	a	1		Variant<nn::bezel::CollisionShape::Sphere,nn::bezel::CollisionShape::Plane,nn::bezel::CollisionShape::Capsule,nn::bezel::CollisionShape::Box,nn::bezel::CollisionShape::Mesh,nn::bezel::CollisionShape::Complex,nn::bezel::CollisionShape::Collection,nn::bezel::CollisionShape::RuntimeConvexMesh,nn::bezel::CollisionShape::RuntimeTriangleMesh,nn::bezel::CollisionShape::RuntimeHeightField> * operator=(Variant<nn::bezel::CollisionShape::Sphere,nn::bezel::CollisionShape::Plane,nn::bezel::CollisionShape::Capsule,nn::bezel::CollisionShape::Box,nn::bezel::CollisionShape::Mesh,nn::bezel::CollisionShape::Complex,nn::bezel::CollisionShape::Collection,nn::bezel::CollisionShape::RuntimeConvexMesh,nn::bezel::CollisionShape::RuntimeTriangleMesh,nn::bezel::CollisionShape::RuntimeHeightField> * this, long * param_1)
71000726b0	16	CreateRigidBody	<EXTERNAL>::nn::bezel::PhysicsModule	d	a	1		undefined CreateRigidBody(RigidBodyCreateArg * param_1)
71000726c0	16	AddComponent<nn::bezel::ComRigidBody,nn::bezel::HandlePtr<nn::bezel::RigidBody>,(void*)0>	nn::bezel::Entity	d	a	1		WeakHandle AddComponent<nn::bezel::ComRigidBody,nn::bezel::HandlePtr<nn::bezel::RigidBody>,(void*)0>(long * param_1_00, HandlePtr * param_2, HandlePtr * param_3)
71000726d0	16	~CollisionShape	<EXTERNAL>::nn::bezel::CollisionShape	d	a	1		undefined ~CollisionShape(CollisionShape * this)
71000726e0	16	LoadNbmap	<EXTERNAL>::actor::Util	d	a	1		undefined LoadNbmap(HandlePtr * param_1, basic_string_view * param_2, bool param_3)
71000726f0	16	SetSourceBox	<EXTERNAL>::actor::ActorHitShape	d	a	1		undefined SetSourceBox(Vector3f * param_1, Vector3f * param_2, Quaternion * param_3)
7100072700	16	SetWeight	<EXTERNAL>::actor::ActorHitShapeCreateArg	d	a	1		undefined SetWeight(float param_1)
7100072710	16	SetPosition	<EXTERNAL>::bex::Effect	d	a	1		undefined SetPosition(Vector3f * param_1)
7100072720	16	Start	<EXTERNAL>::bex::Effect	d	a	1		undefined Start(bool param_1)
7100072730	16	round4_setEffectRate	mg0908::GameMgr	d	a	1		undefined round4_setEffectRate(GameMgr * this)
7100072740	16	SetSourceCapsule	<EXTERNAL>::actor::ActorHitShape	d	a	1		undefined SetSourceCapsule(Vector3f * param_1, Vector3f * param_2, float param_3)
7100072750	16	Create	<EXTERNAL>::actor::ComActorCollision	d	a	1		undefined Create(HandlePtr * param_1, ActorCollisionCreateArg * param_2, HandlePtr * param_3)
7100072760	16	SafeCreate<bq::ComMatter,nn::bezel::HandlePtr<nn::bezel::Entity>const&,bq::NonPlayerCharacterID>	bex::ComponentUtil	d	a	1		WeakHandle SafeCreate<bq::ComMatter,nn::bezel::HandlePtr<nn::bezel::Entity>const&,bq::NonPlayerCharacterID>(long * param_1_00, ComponentUtil * this, undefined4 * param_3)
7100072770	16	SafeCreate<bq::ComMatter,nn::bezel::HandlePtr<nn::bezel::Entity>const&,bq::PlayerCharacterID>	bex::ComponentUtil	d	a	1		WeakHandle SafeCreate<bq::ComMatter,nn::bezel::HandlePtr<nn::bezel::Entity>const&,bq::PlayerCharacterID>(long * param_1_00, ComponentUtil * this, undefined4 * param_3)
7100072780	16	Util_NpcModelSetColor	mg0908	d	a	1		undefined Util_NpcModelSetColor(long * param_1)
7100072790	16	Create	<EXTERNAL>::nn::bezel::ComRigidBody	d	a	1		undefined Create(HandlePtr * param_1, HandlePtr * param_2)
71000727a0	16	GetEmitter	<EXTERNAL>::bex::Effect	d	a	1		undefined GetEmitter(void)
71000727b0	16	GetRawEmitterSetImpl	<EXTERNAL>::nn::bezel::ParticleFx2Emitter	d	a	1		undefined GetRawEmitterSetImpl(void)
71000727c0	16	SetEmissionRatioScale	<EXTERNAL>::nn::vfx2::EmitterSet	d	a	1		undefined SetEmissionRatioScale(float param_1)
71000727d0	16	SyncedSetupGame_Mgr	mg0908::GameMgr	d	a	1		undefined SyncedSetupGame_Mgr(GameMgr * this)
71000727e0	16	AddComponent<bq::ComUiTimer,bq::ComUiTimer::UiTimerType,(void*)0>	nn::bezel::Entity	d	a	1		WeakHandle AddComponent<bq::ComUiTimer,bq::ComUiTimer::UiTimerType,(void*)0>(long * param_1_00, HandlePtr * param_2, undefined4 * param_3)
71000727f0	16	InitTimer	mg0908::GameMgr	d	a	1		undefined InitTimer(GameMgr * this)
7100072800	16	CreateStatus	mg0908::GameMgr	d	a	1		undefined CreateStatus(GameMgr * this)
7100072810	16	CreateRoundTelop	mg0908::GameMgr	d	a	1		undefined CreateRoundTelop(GameMgr * this)
7100072820	16	InitRoundTelop	mg0908::GameMgr	d	a	1		undefined InitRoundTelop(GameMgr * this)
7100072830	16	CreateHeadPoint	mg0908::GameMgr	d	a	1		undefined CreateHeadPoint(long param_1, uint param_2)
7100072840	16	Players	mg0908::Players	d	a	1		undefined Players(Players * this)
7100072850	16	InitPlayers	mg0908::GameMgr	d	a	1		undefined InitPlayers(GameMgr * this)
7100072860	16	IsPlayerAdvantage	mg0908::Players	d	a	1		undefined IsPlayerAdvantage(Players * this, int param_1)
7100072870	16	SetStage	mg0908::GameMgr	d	a	1		undefined SetStage(GameMgr * this, uint param_1, uint param_2, uint param_3)
7100072880	16	Util_MotionPlayEntityForce	mg0908	d	a	1		undefined Util_MotionPlayEntityForce(long * param_1, byte * param_2)
7100072890	16	SetTimer	<EXTERNAL>::bq::ComUiTimer	d	a	1		undefined SetTimer(float param_1)
71000728a0	16	AddComponent<bq::ComUiStatus,bq::ComUiStatus::UiStatusType,bq::ComUiStatus::UiStatusMatchType,bq::ComUiStatus::UiStatusPlaceType,(void*)0>	nn::bezel::Entity	d	a	1		WeakHandle AddComponent<bq::ComUiStatus,bq::ComUiStatus::UiStatusType,bq::ComUiStatus::UiStatusMatchType,bq::ComUiStatus::UiStatusPlaceType,(void*)0>(long * param_1_00, HandlePtr * param_2, undefined4 * param_3, undefined4 * param_4, undefined4 * param_5)
71000728b0	16	SetValue	<EXTERNAL>::bq::ComUiStatus	d	a	1		undefined SetValue(PlayerID param_1, int param_2)
71000728c0	16	AddComponent<bq::ComUiMGTelop,bq::ComUiMGTelop::UiMGTelopType,(void*)0>	nn::bezel::Entity	d	a	1		WeakHandle AddComponent<bq::ComUiMGTelop,bq::ComUiMGTelop::UiMGTelopType,(void*)0>(long * param_1_00, HandlePtr * param_2, undefined4 * param_3)
71000728d0	16	SetRoundMax	<EXTERNAL>::bq::ComUiMGTelop	d	a	1		undefined SetRoundMax(int param_1)
71000728e0	16	AddComponent<bq::ComUiScore,bq::ComUiScore::UiScoreType,(void*)0>	nn::bezel::Entity	d	a	1		WeakHandle AddComponent<bq::ComUiScore,bq::ComUiScore::UiScoreType,(void*)0>(long * param_1_00, HandlePtr * param_2, undefined4 * param_3)
71000728f0	16	InitParam	mg0908::Players	d	a	1		undefined InitParam(Players * this, undefined8 param_1)
7100072900	16	Util_FxStopEntity	mg0908	d	a	1		uint Util_FxStopEntity(long * param_1, char * param_2)
7100072910	16	AddIgnoreKey	<EXTERNAL>::bex::ComFxTrigger	d	a	1		undefined AddIgnoreKey(StringViewHashPair * param_1)
7100072920	16	RemoveIgnoreKey	<EXTERNAL>::bex::ComFxTrigger	d	a	1		undefined RemoveIgnoreKey(StringViewHashPair * param_1)
7100072930	16	SetRotY	mg0908::Players	d	a	1		undefined SetRotY(float param_1, long param_2_00, int param_3)
7100072940	16	SetScale	<EXTERNAL>::nn::bezel::Entity	d	a	1		undefined SetScale(Vector3f * param_1)
7100072950	16	Util_RemoveHookModelEntity	mg0908	d	a	1		undefined Util_RemoveHookModelEntity(undefined8 * param_1)
7100072960	16	Util_ModelSetMtxEntity	mg0908	d	a	1		undefined Util_ModelSetMtxEntity(long * param_1)
7100072970	16	ClearStage	mg0908::GameMgr	d	a	1		undefined ClearStage(GameMgr * this, int param_1, ulong param_2)
7100072980	16	AddComponent<actor::ComWorldCollisionLimit,,(void*)0>	nn::bezel::Entity	d	a	1		WeakHandle AddComponent<actor::ComWorldCollisionLimit,,(void*)0>(long * param_1, HandlePtr * param_2)
7100072990	16	SetRotationFromEuler	<EXTERNAL>::nn::bezel::Entity	d	a	1		undefined SetRotationFromEuler(Vector3f * param_1)
71000729a0	16	Util_MotionPlayEntity	mg0908	d	a	1		undefined Util_MotionPlayEntity(long * param_1, char * param_2)
71000729b0	16	SetStageOpening	mg0908::GameMgr	d	a	1		undefined SetStageOpening(long param_1)
71000729c0	16	SetStageResult	mg0908::GameMgr	d	a	1		undefined SetStageResult(long param_1)
71000729d0	16	SetGravityScale	<EXTERNAL>::actor::ComActor	d	a	1		undefined SetGravityScale(float param_1)
71000729e0	16	CpuClearDeathInfo	mg0908::Players	d	a	1		undefined CpuClearDeathInfo(Players * this, int param_1)
71000729f0	16	SetVisible	mg0908::Players	d	a	1		undefined SetVisible(Players * this, int param_1)
7100072a00	16	ResetCondition	mg0908::Players	d	a	1		undefined ResetCondition(Players * this, int param_1)
7100072a10	16	GetPad	mg0908::Players	d	a	1		undefined GetPad(long param_1, int param_2)
7100072a20	16	SetOverlayStick	<EXTERNAL>::actor::ComActorPad	d	a	1		undefined SetOverlayStick(Vector3f * param_1)
7100072a30	16	SetOverlayTrigger	<EXTERNAL>::actor::ComActorPad	d	a	1		undefined SetOverlayTrigger(uint param_1)
7100072a40	16	SetOverlayHold	<EXTERNAL>::actor::ComActorPad	d	a	1		undefined SetOverlayHold(uint param_1)
7100072a50	16	SetActionTest	<EXTERNAL>::actor::ComActorPad	d	a	1		undefined SetActionTest(ActorHashedString * param_1, function * param_2)
7100072a60	16	SetActivePress	<EXTERNAL>::actor::ComActor	d	a	1		undefined SetActivePress(bool param_1)
7100072a70	16	RegisterAction	<EXTERNAL>::actor::ComActor	d	a	1		undefined RegisterAction(ActorHashedString * param_1, function * param_2)
7100072a80	16	DefaultCharacterActionJump	<EXTERNAL>::actor::DefaultActorAction	d	a	1		undefined DefaultCharacterActionJump(ActionContext * param_1)
7100072a90	16	CallActionIdle	mg0908::Players	d	a	1		undefined CallActionIdle(long param_1, int param_2)
7100072aa0	16	Teleport	<EXTERNAL>::nn::bezel::Entity	d	a	1		undefined Teleport(void)
7100072ab0	16	RequestTeleport	<EXTERNAL>::nn::bezel::ComPhysicalAnimation	d	a	1		undefined RequestTeleport(void)
7100072ac0	16	GameInit_Medal_Set	mg0908::GameMgr	d	a	1		undefined GameInit_Medal_Set(GameMgr * this)
7100072ad0	16	SetControl	mg0908::Players	d	a	1		undefined SetControl(Players * this, int param_1, byte param_2)
7100072ae0	16	SetStageRound1	mg0908::GameMgr	d	a	1		undefined SetStageRound1(long param_1, undefined8 * param_2)
7100072af0	16	SetStageRound2	mg0908::GameMgr	d	a	1		undefined SetStageRound2(GameMgr * this)
7100072b00	16	SetStageRound3	mg0908::GameMgr	d	a	1		undefined SetStageRound3(GameMgr * this)
7100072b10	16	SetStageRound4	mg0908::GameMgr	d	a	1		undefined SetStageRound4(GameMgr * this)
7100072b20	16	SetupShape	<EXTERNAL>::actor::ComWorldCollisionLimit	d	a	1		undefined SetupShape(CollisionShape * param_1)
7100072b30	16	StopAll	<EXTERNAL>::bex::EffectModule	d	a	1		undefined StopAll(bool param_1)
7100072b40	16	Util_SetVisibleMapEntity	mg0908	d	a	1		undefined Util_SetVisibleMapEntity(long * param_1)
7100072b50	16	GetComponent<actor::ComActorCollision>	nn::bezel::Entity	d	a	1		WeakHandle GetComponent<actor::ComActorCollision>(long * param_1, long param_2)
7100072b60	16	OpdemoDispModel	mg0908::GameMgr	d	a	1		undefined OpdemoDispModel(long param_1, int param_2)
7100072b70	16	sinf		i	i	1		float sinf(float __x)
7100072b80	16	cosf		i	i	1		float cosf(float __x)
7100072b90	16	CpuClearMedalNo	mg0908::Players	d	a	1		undefined CpuClearMedalNo(Players * this, int param_1)
7100072ba0	16	Stop	<EXTERNAL>::bex::Effect	d	a	1		undefined Stop(bool param_1)
7100072bb0	16	check_medalT2_cnt	mg0908::GameMgr	d	a	1		undefined check_medalT2_cnt(GameMgr * this, int param_1)
7100072bc0	16	Create	<EXTERNAL>::actor::ComWorldCollisionLimit	d	a	1		undefined Create(HandlePtr * param_1, HandlePtr * param_2)
7100072bd0	16	CallActionDmyIdle	mg0908::Players	d	a	1		undefined CallActionDmyIdle(long param_1, int param_2)
7100072be0	16	Util_SetPosEntity	mg0908	d	a	1		undefined Util_SetPosEntity(undefined8 * param_1)
7100072bf0	16	Util_RotPosEntity	mg0908	d	a	1		undefined8 Util_RotPosEntity(undefined1[16] param_1, undefined1[16] param_2, float param_3, long * param_4, float * param_5)
7100072c00	16	SetPos	mg0908::Players	d	a	1		undefined SetPos(undefined8 param_1, long param_2, int param_3)
7100072c10	16	Util_SetMtx3RotateEntity	mg0908	d	a	1		undefined Util_SetMtx3RotateEntity(undefined1[16] param_1, long * param_2)
7100072c20	16	GameUpdate_MedalCreate_sub0_Round3_Rand_chk	mg0908::GameMgr	d	a	1		int GameUpdate_MedalCreate_sub0_Round3_Rand_chk(GameMgr * this, ulong param_1)
7100072c30	16	GameInit_Medal_Disp2	mg0908::GameMgr	d	a	1		undefined GameInit_Medal_Disp2(long param_1, int param_2, undefined4 param_3)
7100072c40	16	GameInit_Medal_Set_Round2	mg0908::GameMgr	d	a	1		undefined GameInit_Medal_Set_Round2(GameMgr * this, uint param_1)
7100072c50	16	GameUpdate_MedalCreate_sub0_Round1_Rand_chk	mg0908::GameMgr	d	a	1		uint GameUpdate_MedalCreate_sub0_Round1_Rand_chk(GameMgr * this, byte param_1)
7100072c60	16	GameInit_Medal_Disp	mg0908::GameMgr	d	a	1		undefined GameInit_Medal_Disp(GameMgr * this, int param_1, undefined4 param_2)
7100072c70	16	Round1CalcFloorNo	mg0908::GameMgr	d	a	1		int Round1CalcFloorNo(undefined8 param_1_00, int param_2, int param_3)
7100072c80	16	Round1CalcPos3D	mg0908::GameMgr	d	a	1		undefined1[16] Round1CalcPos3D(GameMgr * this, int param_2, int param_3)
7100072c90	16	Round1CalcAreaNo	mg0908::GameMgr	d	a	1		ulong Round1CalcAreaNo(undefined1[16] param_1, GameMgr * this)
7100072ca0	16	Round2CalcFloorNo	mg0908::GameMgr	d	a	1		int Round2CalcFloorNo(undefined1[16] param_1, GameMgr * this, uint param_3)
7100072cb0	16	GetPos	mg0908::Players	d	a	1		undefined1[16] GetPos(long param_1, int param_2)
7100072cc0	16	GetTranslation	<EXTERNAL>::nn::bezel::Entity	d	a	1		undefined GetTranslation(void)
7100072cd0	16	GameUpdate_MedalCreate_sub0_Round2_Rand_chk	mg0908::GameMgr	d	a	1		int GameUpdate_MedalCreate_sub0_Round2_Rand_chk(GameMgr * this, ulong param_1)
7100072ce0	16	Round2_calc_floor_pos_x	mg0908::GameMgr	d	a	1		undefined Round2_calc_floor_pos_x(GameMgr * this, int param_1, int param_2)
7100072cf0	16	CleanupGame_Mgr	mg0908::GameMgr	d	a	1		undefined CleanupGame_Mgr(void)
7100072d00	16	OnCharaGameDemoStart_Mgr	mg0908::GameMgr	d	a	1		undefined8 OnCharaGameDemoStart_Mgr(GameMgr * this)
7100072d10	16	CallActionDmyWalk	mg0908::Players	d	a	1		undefined CallActionDmyWalk(long param_1, int param_2)
7100072d20	16	IsSkipInput_Mgr	mg0908::GameMgr	d	a	1		undefined4 IsSkipInput_Mgr(void)
7100072d30	16	GetPlayerType	<EXTERNAL>::bq::PlayerWork	d	a	1		undefined GetPlayerType(void)
7100072d40	16	GetPlayerID	<EXTERNAL>::bq::PlayerWork	d	a	1		undefined GetPlayerID(void)
7100072d50	16	GetTrigger	<EXTERNAL>::bex::InputModule	d	a	1		undefined GetTrigger(PlayerID param_1)
7100072d60	16	OnCharaGameDemo_Mgr	mg0908::GameMgr	d	a	1		undefined4 OnCharaGameDemo_Mgr(GameMgr * param_1)
7100072d70	16	Util_IsMotionFinishEntity	mg0908	d	a	1		undefined8 Util_IsMotionFinishEntity(long * param_1)
7100072d80	16	CallActionBye	mg0908::Players	d	a	1		undefined CallActionBye(long param_1, int param_2)
7100072d90	16	FadeOut	<EXTERNAL>::bq::WipeModule	d	a	1		undefined FadeOut(WipeType param_1, float param_2)
7100072da0	16	IsPlayingFadeAnim	<EXTERNAL>::bq::WipeModule	d	a	1		undefined IsPlayingFadeAnim(void)
7100072db0	16	Stop_Preset	<EXTERNAL>::bex::sound::SoundHandle	d	a	1		undefined Stop_Preset(FadeTimePreset param_1)
7100072dc0	16	CallActionFight	mg0908::Players	d	a	1		undefined CallActionFight(long param_1, int param_2)
7100072dd0	16	op_round3_rotate_fence	mg0908::GameMgr	d	a	1		undefined op_round3_rotate_fence(long param_1, uint param_2)
7100072de0	16	Round1UpDownFloorSet	mg0908::GameMgr	d	a	1		undefined Round1UpDownFloorSet(GameMgr * this, int param_1, int param_2)
7100072df0	16	Demo_Round1UpDownFloorExec	mg0908::GameMgr	d	a	1		undefined Demo_Round1UpDownFloorExec(GameMgr * this)
7100072e00	16	FadeIn	<EXTERNAL>::bq::WipeModule	d	a	1		undefined FadeIn(WipeType param_1, float param_2)
7100072e10	16	Util_MotionSetFrameSub1Entity	mg0908	d	a	1		undefined Util_MotionSetFrameSub1Entity(float param_1, long * param_2)
7100072e20	16	Play	<EXTERNAL>::bex::sound::SoundModule	d	a	1		undefined Play(char * param_1, float param_2, char * param_3)
7100072e30	16	Play3D	<EXTERNAL>::bex::sound::SoundModule	d	a	1		undefined Play3D(char * param_1, Vector3f * param_2, float param_3)
7100072e40	16	Util_GetBoneNumberWorldPosEntity	mg0908	d	a	1		undefined1[16] Util_GetBoneNumberWorldPosEntity(long * param_1, int param_2)
7100072e50	16	OnGameInit_Mgr	mg0908::GameMgr	d	a	1		undefined8 OnGameInit_Mgr(GameMgr * this)
7100072e60	16	DispStatus	mg0908::GameMgr	d	a	1		undefined DispStatus(GameMgr * this)
7100072e70	16	SetForceLodLevel	<EXTERNAL>::bex::gfx::ComModelBuffer	d	a	1		undefined SetForceLodLevel(int param_1)
7100072e80	16	In	<EXTERNAL>::bq::ComUiStatus	d	a	1		undefined In(bool param_1)
7100072e90	16	OnGameFirstFade_Mgr	mg0908::GameMgr	d	a	1		undefined8 OnGameFirstFade_Mgr(GameMgr * this)
7100072ea0	16	GameUpdate_CameraMove	mg0908::GameMgr	d	a	1		undefined GameUpdate_CameraMove(GameMgr * this, ulong param_1)
7100072eb0	16	GameAllUpdate_Move_Stage	mg0908::GameMgr	d	a	1		undefined GameAllUpdate_Move_Stage(GameMgr * this, ulong param_1)
7100072ec0	16	Util_lerp	mg0908	d	a	1		float Util_lerp(float param_1, float param_2, float param_3, float param_4, float param_5)
7100072ed0	16	round3_rotate_fence	mg0908::GameMgr	d	a	1		undefined round3_rotate_fence(long param_1)
7100072ee0	16	GetSecGameTimer	mg0908::GameMgr	d	a	1		undefined1[16] GetSecGameTimer(GameMgr * this)
7100072ef0	16	Round1UpDownFloorExec	mg0908::GameMgr	d	a	1		undefined Round1UpDownFloorExec(GameMgr * this)
7100072f00	16	Round3Update_Move_Stage	mg0908::GameMgr	d	a	1		undefined Round3Update_Move_Stage(GameMgr * this)
7100072f10	16	Round4Update_Move_Stage	mg0908::GameMgr	d	a	1		undefined Round4Update_Move_Stage(GameMgr * this)
7100072f20	16	OnGameOpening_Mgr	mg0908::GameMgr	d	a	1		undefined8 OnGameOpening_Mgr(GameMgr * this)
7100072f30	16	OnGameOpeningSkip_Mgr	mg0908::GameMgr	d	a	1		undefined8 OnGameOpeningSkip_Mgr(GameMgr * this)
7100072f40	16	chk_player_status	mg0908::GameMgr	d	a	1		undefined chk_player_status(GameMgr * this, int param_1)
7100072f50	16	GameUpdate_MedalMove	mg0908::GameMgr	d	a	1		ulong GameUpdate_MedalMove(ulong param_1, GameMgr * this)
7100072f60	16	UpdateHeadPoint	mg0908::GameMgr	d	a	1		bool UpdateHeadPoint(GameMgr * this)
7100072f70	16	AdvantageEffectStatus	mg0908::GameMgr	d	a	1		undefined AdvantageEffectStatus(long param_1)
7100072f80	16	SetHeadLookPos	mg0908::Players	d	a	1		undefined SetHeadLookPos(undefined8 param_1, long param_2, int param_3)
7100072f90	16	ChangeStatus	mg0908::GameMgr	d	a	1		undefined ChangeStatus(GameMgr * this, int param_1, undefined4 param_2)
7100072fa0	16	DispHeadPoint	mg0908::GameMgr	d	a	1		undefined DispHeadPoint(undefined4 param_1, GameMgr * this, int param_3, bool param_4)
7100072fb0	16	ClearHeadLookPos	mg0908::Players	d	a	1		undefined ClearHeadLookPos(Players * this, int param_1, uint param_2)
7100072fc0	16	CallActionGutsPose	mg0908::Players	d	a	1		undefined CallActionGutsPose(long param_1, int param_2)
7100072fd0	16	StopImmediately	<EXTERNAL>::bex::Effect	d	a	1		undefined StopImmediately(void)
7100072fe0	16	GameUpdate_SpMedalCreate_sub0_Opening	mg0908::GameMgr	d	a	1		undefined8 GameUpdate_SpMedalCreate_sub0_Opening(undefined1[16] param_1_00, GameMgr * this, int param_3)
7100072ff0	16	Util_ModelDecalShadowSettingEntity	mg0908	d	a	1		undefined Util_ModelDecalShadowSettingEntity(long * param_1)
7100073000	16	Util_CheckInsideScreen	mg0908	d	a	1		bool Util_CheckInsideScreen(undefined8 param_1)
7100073010	16	IsCom	mg0908::Players	d	a	1		bool IsCom(Players * this, int param_1)
7100073020	16	SetPadOverLay	mg0908::Players	d	a	1		bool SetPadOverLay(long * param_1, int param_2)
7100073030	16	player_get_rev_start_pos	mg0908::GameMgr	d	a	1		undefined1[16] player_get_rev_start_pos(GameMgr * this, int param_2)
7100073040	16	player_set_jugemu_pos	mg0908::GameMgr	d	a	1		undefined player_set_jugemu_pos(GameMgr * this, int param_1)
7100073050	16	CallActionFall	mg0908::Players	d	a	1		undefined CallActionFall(long param_1, int param_2)
7100073060	16	SetValue	<EXTERNAL>::actor::Velocity	d	a	1		undefined SetValue(Vector3f * param_1)
7100073070	16	IsSessionConnected	<EXTERNAL>::bq::Net	d	a	1		undefined IsSessionConnected(void)
7100073080	16	IsActorPressed	mg0908::Players	d	a	1		bool IsActorPressed(long param_1, int param_2)
7100073090	16	GetCharaID	mg0908::Players	d	a	1		undefined GetCharaID(Players * this, int param_1)
71000730a0	16	CallActionHang	mg0908::Players	d	a	1		undefined CallActionHang(long param_1, int param_2)
71000730b0	16	player_get_rev_mok_pos	mg0908::GameMgr	d	a	1		undefined player_get_rev_mok_pos(GameMgr * this, int param_1)
71000730c0	16	GameUpdate_MedalAddScore00	mg0908::GameMgr	d	a	1		undefined GameUpdate_MedalAddScore00(GameMgr * this, long * param_1)
71000730d0	16	GameUpdate_MedalMove00	mg0908::GameMgr	d	a	1		undefined GameUpdate_MedalMove00(GameMgr * this, long * param_1, int param_2)
71000730e0	16	DispHeadPointMove	mg0908::GameMgr	d	a	1		undefined DispHeadPointMove(GameMgr * this, int param_1)
71000730f0	16	SetAdvantageEffectEnable	<EXTERNAL>::bq::ComUiStatus	d	a	1		undefined SetAdvantageEffectEnable(bool param_1)
7100073100	16	GetPlayerID	mg0908::Players	d	a	1		undefined GetPlayerID(Players * this, int param_1)
7100073110	16	GetPCHeight	mg0908::Players	d	a	1		undefined GetPCHeight(Players * this, int param_1)
7100073120	16	LytPosFrom3DPos	<EXTERNAL>::bex::util	d	a	1		undefined LytPosFrom3DPos(Vector3f * param_1, Vector3f * param_2, int param_3, SceneType param_4)
7100073130	16	SetOneshot	<EXTERNAL>::bq::ComUiScore	d	a	1		undefined SetOneshot(float param_1)
7100073140	16	SetPlayerID	<EXTERNAL>::bq::ComUiScore	d	a	1		undefined SetPlayerID(PlayerID param_1)
7100073150	16	SetScore	<EXTERNAL>::bq::ComUiScore	d	a	1		undefined SetScore(int param_1, bool param_2)
7100073160	16	In	<EXTERNAL>::bq::ComUiScore	d	a	1		undefined In(bool param_1)
7100073170	16	OnGameStartBefore_Mgr	mg0908::GameMgr	d	a	1		undefined8 OnGameStartBefore_Mgr(GameMgr * param_1)
7100073180	16	LoadSettingPreset	<EXTERNAL>::bex::sound::SoundModule	d	a	1		undefined LoadSettingPreset(char * param_1)
7100073190	16	DispTimer	mg0908::GameMgr	d	a	1		undefined DispTimer(GameMgr * this)
71000731a0	16	In	<EXTERNAL>::bq::ComUiTimer	d	a	1		undefined In(bool param_1)
71000731b0	16	OnGameStart_Mgr	mg0908::GameMgr	d	a	1		undefined8 OnGameStart_Mgr(GameMgr * this)
71000731c0	16	OnGameStartAfter_Mgr	mg0908::GameMgr	d	a	1		undefined8 OnGameStartAfter_Mgr(GameMgr * this)
71000731d0	16	OnGameMain_Mgr	mg0908::GameMgr	d	a	1		undefined4 OnGameMain_Mgr(GameMgr * param_1, undefined8 param_2, ActorHashedString * * param_3)
71000731e0	16	KinopioMotionExec	mg0908::GameMgr	d	a	1		undefined KinopioMotionExec(GameMgr * this)
71000731f0	16	DispRoundTelop	mg0908::GameMgr	d	a	1		undefined DispRoundTelop(GameMgr * this)
7100073200	16	IsFinishedRoundTelop	mg0908::GameMgr	d	a	1		undefined8 IsFinishedRoundTelop(GameMgr * this)
7100073210	16	TryStartWhistle	<EXTERNAL>::bq::MGSound	d	a	1		undefined TryStartWhistle(WHISTLE_TYPE param_1)
7100073220	16	IsEndCheckTimer	mg0908::GameMgr	d	a	1		undefined8 IsEndCheckTimer(GameMgr * this)
7100073230	16	GameMainExecEndTimer	mg0908::GameMgr	d	a	1		GameMgr * GameMainExecEndTimer(GameMgr * this)
7100073240	16	UpdatePlayer	mg0908::Players	d	a	1		undefined8 UpdatePlayer(Players * this, uint param_1)
7100073250	16	FadeIn	<EXTERNAL>::bq::MgWipeModule	d	a	1		undefined FadeIn(WipeType param_1, float param_2)
7100073260	16	IsPlayingFadeAnim	<EXTERNAL>::bq::MgWipeModule	d	a	1		undefined IsPlayingFadeAnim(void)
7100073270	16	GameMainExecStartTimer	mg0908::GameMgr	d	a	1		undefined GameMainExecStartTimer(GameMgr * this)
7100073280	16	DisappearGameTimer	mg0908::GameMgr	d	a	1		undefined DisappearGameTimer(GameMgr * this)
7100073290	16	FadeOut	<EXTERNAL>::bq::MgWipeModule	d	a	1		undefined FadeOut(WipeType param_1, float param_2)
71000732a0	16	GameUpdate_MedalCreate_Normal	mg0908::GameMgr	d	a	1		undefined GameUpdate_MedalCreate_Normal(GameMgr * this)
71000732b0	16	GameUpdate_MedalCreate_Special	mg0908::GameMgr	d	a	1		undefined GameUpdate_MedalCreate_Special(GameMgr * param_1, undefined8 param_2, undefined8 param_3)
71000732c0	16	Start	<EXTERNAL>::bq::ComUiMGTelop	d	a	1		undefined Start(int param_1)
71000732d0	16	Finished	<EXTERNAL>::bq::ComUiMGTelop	d	a	1		undefined Finished(void)
71000732e0	16	GameStartTimer	mg0908::GameMgr	d	a	1		undefined GameStartTimer(GameMgr * this)
71000732f0	16	IsEndTimer	<EXTERNAL>::bq::ComUiTimer	d	a	1		undefined IsEndTimer(void)
7100073300	16	Out	<EXTERNAL>::bq::ComUiTimer	d	a	1		undefined Out(bool param_1)
7100073310	16	StartTimer	<EXTERNAL>::bq::ComUiTimer	d	a	1		undefined StartTimer(void)
7100073320	16	OnGameEnd_Mgr	mg0908::GameMgr	d	a	1		undefined8 OnGameEnd_Mgr(GameMgr * this)
7100073330	16	ChangeRankStatus	mg0908::GameMgr	d	a	1		undefined ChangeRankStatus(GameMgr * this, int param_1, undefined4 param_2)
7100073340	16	SetRank	<EXTERNAL>::bq::ComUiStatus	d	a	1		undefined SetRank(PlayerID param_1, GameRank param_2)
7100073350	16	OnGameFinish_Mgr	mg0908::GameMgr	d	a	1		bool OnGameFinish_Mgr(GameMgr * this)
7100073360	16	GameUpdate_FinishCharaHit	mg0908::GameMgr	d	a	1		undefined GameUpdate_FinishCharaHit(GameMgr * this)
7100073370	16	PCWidth	<EXTERNAL>::bq::CharacterData	d	a	1		undefined PCWidth(PlayerCharacterID param_1, Vector3f * param_2)
7100073380	16	OnGameEndingFade_Mgr	mg0908::GameMgr	d	a	1		undefined8 OnGameEndingFade_Mgr(GameMgr * this)
7100073390	16	OnEndingInit_Mgr	mg0908::GameMgr	d	a	1		undefined8 OnEndingInit_Mgr(GameMgr * this, long * param_1)
71000733a0	16	GetGame	<EXTERNAL>::bq::WorkModule	d	a	1		undefined GetGame(void)
71000733b0	16	GetGameJudgeType	<EXTERNAL>::bq::GameWork	d	a	1		undefined GetGameJudgeType(void)
71000733c0	16	SetPlayerRank	<EXTERNAL>::bq::MGMgr	d	a	1		undefined SetPlayerRank(PlayerID param_1, GameRank param_2, bool param_3)
71000733d0	16	SetPlayerWinLose	<EXTERNAL>::bq::MGMgr	d	a	1		undefined SetPlayerWinLose(PlayerID param_1, GameWinLose param_2)
71000733e0	16	Setup_DefaultEndingResult	<EXTERNAL>::wl::IMinigameScene	d	a	1		undefined Setup_DefaultEndingResult(WeakHandle param_1, SceneResult_Builder * param_2)
71000733f0	16	SetThemeChara	<EXTERNAL>::bq::MGResult	d	a	1		undefined SetThemeChara(PlayerCharacterID param_1, WeakHandle param_2)
7100073400	16	OnEndingInit_Setup_Mgr	mg0908::GameMgr	d	a	1		undefined OnEndingInit_Setup_Mgr(GameMgr * this)
7100073410	16	DispOffTimer	mg0908::GameMgr	d	a	1		undefined DispOffTimer(GameMgr * this)
7100073420	16	SafeCreate<bq::ComUiTimer,nn::bezel::HandlePtr<nn::bezel::Entity>const&,bq::ComUiTimer::UiTimerType>	bex::ComponentUtil	d	a	1		WeakHandle SafeCreate<bq::ComUiTimer,nn::bezel::HandlePtr<nn::bezel::Entity>const&,bq::ComUiTimer::UiTimerType>(long * param_1_00, ComponentUtil * this, undefined4 * param_3)
7100073430	16	RemainSecond	<EXTERNAL>::bq::ComUiTimer	d	a	1		undefined RemainSecond(void)
7100073440	16	SafeCreate<bq::ComUiStatus,nn::bezel::HandlePtr<nn::bezel::Entity>const&,bq::ComUiStatus::UiStatusType,bq::ComUiStatus::UiStatusMatchType,bq::ComUiStatus::UiStatusPlaceType>	bex::ComponentUtil	d	a	1		WeakHandle SafeCreate<bq::ComUiStatus,nn::bezel::HandlePtr<nn::bezel::Entity>const&,bq::ComUiStatus::UiStatusType,bq::ComUiStatus::UiStatusMatchType,bq::ComUiStatus::UiStatusPlaceType>(long * param_1_00, ComponentUtil * this, undefined4 * param_3, undefined4 * param_4, undefined4 * param_5)
7100073450	16	SafeCreate<bq::ComUiMGTelop,nn::bezel::HandlePtr<nn::bezel::Entity>const&,bq::ComUiMGTelop::UiMGTelopType>	bex::ComponentUtil	d	a	1		WeakHandle SafeCreate<bq::ComUiMGTelop,nn::bezel::HandlePtr<nn::bezel::Entity>const&,bq::ComUiMGTelop::UiMGTelopType>(long * param_1_00, ComponentUtil * this, undefined4 * param_3)
7100073460	16	SafeCreate<bq::ComUiScore,nn::bezel::HandlePtr<nn::bezel::Entity>const&,bq::ComUiScore::UiScoreType>	bex::ComponentUtil	d	a	1		WeakHandle SafeCreate<bq::ComUiScore,nn::bezel::HandlePtr<nn::bezel::Entity>const&,bq::ComUiScore::UiScoreType>(long * param_1_00, ComponentUtil * this, undefined4 * param_3)
7100073470	16	GameUpdate_MedalCreate_sub0	mg0908::GameMgr	d	a	1		uint GameUpdate_MedalCreate_sub0(GameMgr * param_1, int param_2)
7100073480	16	GameUpdate_MedalCreate_last_hosei	mg0908::GameMgr	d	a	1		undefined GameUpdate_MedalCreate_last_hosei(GameMgr * this, int param_1)
7100073490	16	GameUpdate_SpMedalCreate_sub0	mg0908::GameMgr	d	a	1		undefined8 GameUpdate_SpMedalCreate_sub0(GameMgr * this, int param_1, undefined8 param_2, uint param_3)
71000734a0	16	GameUpdate_SpMedalCreate_sub0_Round1	mg0908::GameMgr	d	a	1		undefined8 GameUpdate_SpMedalCreate_sub0_Round1(GameMgr * this, int param_1, undefined8 param_2, uint param_3)
71000734b0	16	GameUpdate_SpMedalCreate_sub0_Round2	mg0908::GameMgr	d	a	1		undefined8 GameUpdate_SpMedalCreate_sub0_Round2(GameMgr * this, int param_1, ulong param_2)
71000734c0	16	GameUpdate_SpMedalCreate_sub0_Round3	mg0908::GameMgr	d	a	1		undefined8 GameUpdate_SpMedalCreate_sub0_Round3(GameMgr * this, int param_1, uint param_2)
71000734d0	16	GameUpdate_SpMedalCreate_sub0_Round4	mg0908::GameMgr	d	a	1		undefined8 GameUpdate_SpMedalCreate_sub0_Round4(GameMgr * this, int param_1, uint param_2)
71000734e0	16	GameUpdate_SpMedalCreate_last_hosei	mg0908::GameMgr	d	a	1		undefined GameUpdate_SpMedalCreate_last_hosei(GameMgr * this, int param_1)
71000734f0	16	GameUpdate_MedalCreate_sub0_Round1	mg0908::GameMgr	d	a	1		uint GameUpdate_MedalCreate_sub0_Round1(GameMgr * param_1, int param_2)
7100073500	16	GameUpdate_MedalCreate_sub0_Round2	mg0908::GameMgr	d	a	1		uint GameUpdate_MedalCreate_sub0_Round2(GameMgr * this, int param_1)
7100073510	16	GameUpdate_MedalCreate_sub0_Round3	mg0908::GameMgr	d	a	1		uint GameUpdate_MedalCreate_sub0_Round3(GameMgr * this, int param_1)
7100073520	16	GameUpdate_MedalCreate_sub0_Round4_Rand_chk	mg0908::GameMgr	d	a	1		undefined GameUpdate_MedalCreate_sub0_Round4_Rand_chk(GameMgr * this, ulong param_1)
7100073530	16	GameUpdate_SpMedalCreate_sub0_Round1_Rand_chk	mg0908::GameMgr	d	a	1		uint GameUpdate_SpMedalCreate_sub0_Round1_Rand_chk(long param_1)
7100073540	16	GameUpdate_SpMedalCreate_sub0_Round2_Rand_chk	mg0908::GameMgr	d	a	1		int GameUpdate_SpMedalCreate_sub0_Round2_Rand_chk(GameMgr * this, ulong param_1)
7100073550	16	GameUpdate_SpMedalCreate_sub0_Round3_Rand_chk	mg0908::GameMgr	d	a	1		int GameUpdate_SpMedalCreate_sub0_Round3_Rand_chk(GameMgr * this, ulong param_1)
7100073560	16	GameUpdate_MedalMove_sub0	mg0908::GameMgr	d	a	1		undefined GameUpdate_MedalMove_sub0(GameMgr * this, long * param_1)
7100073570	16	GameUpdate_MedalMove_sub3	mg0908::GameMgr	d	a	1		undefined GameUpdate_MedalMove_sub3(GameMgr * this, long * param_1)
7100073580	16	r3_GetBeltHoseiY	mg0908::GameMgr	d	a	1		undefined4 r3_GetBeltHoseiY(float param_1, GameMgr * this)
7100073590	16	round2_get_new_move_floor_pos	mg0908::GameMgr	d	a	1		undefined1[16] round2_get_new_move_floor_pos(GameMgr * this, uint param_2)
71000735a0	16	IsTriggerX	<EXTERNAL>::bex::InputModule	d	a	1		undefined IsTriggerX(PlayerID param_1)
71000735b0	16	IsTriggerY	<EXTERNAL>::bex::InputModule	d	a	1		undefined IsTriggerY(PlayerID param_1)
71000735c0	16	round4_rotate_floor	mg0908::GameMgr	d	a	1		undefined round4_rotate_floor(float param_1, GameMgr * this)
71000735d0	16	Round1CheckStatus	mg0908::GameMgr	d	a	1		undefined8 Round1CheckStatus(undefined8 param_1_00, int param_2)
71000735e0	16	round2_rotate_floor_sub0	mg0908::GameMgr	d	a	1		undefined round2_rotate_floor_sub0(float param_1, GameMgr * this, float param_3)
71000735f0	16	atan2f		i	i	1		float atan2f(float __y, float __x)
7100073600	16	round2_get_new_move_floor_pos2	mg0908::GameMgr	d	a	1		undefined1[16] round2_get_new_move_floor_pos2(GameMgr * this, uint param_2, int param_3)
7100073610	16	round2_get_circle_next_pos3	mg0908::GameMgr	d	a	1		undefined8 round2_get_circle_next_pos3(undefined1[16] param_1_00, float param_2, GameMgr * this, uint param_4)
7100073620	16	round2_calc_floor_move_xz	mg0908::GameMgr	d	a	1		undefined1[16] round2_calc_floor_move_xz(undefined1[16] param_1, GameMgr * this, uint param_3, float * param_4)
7100073630	16	Round3CalcFloorNo	mg0908::GameMgr	d	a	1		int Round3CalcFloorNo(float param_1, GameMgr * this)
7100073640	16	getStaticTypeinfo	<EXTERNAL>::bex::Fiber	d	a	1		undefined getStaticTypeinfo(void)
7100073650	16	atof		i	i	1		double atof(char * __nptr)
7100073660	16	~CollisionMesh	<EXTERNAL>::nn::bezel::detail::CollisionMesh	d	a	1		undefined ~CollisionMesh(CollisionMesh * this)
7100073670	16	Destroy	nn::bezel::detail::VariantImpl::CtorDtor<nn::bezel::CollisionShape::RuntimeConvexMesh,nn::bezel::CollisionShape::RuntimeTriangleMesh,nn::bezel::CollisionShape::RuntimeHeightField>	d	a	1		undefined Destroy(long param_1, char param_2)
7100073680	16	~Complex	<EXTERNAL>::nn::bezel::CollisionShape::Complex	d	a	1		undefined ~Complex(Complex * this)
7100073690	16	CopyConstruct	nn::bezel::detail::VariantImpl::CtorDtor<nn::bezel::CollisionShape::Capsule,nn::bezel::CollisionShape::Box,nn::bezel::CollisionShape::Mesh,nn::bezel::CollisionShape::Complex,nn::bezel::CollisionShape::Collection,nn::bezel::CollisionShape::RuntimeConvexMesh,nn::bezel::CollisionShape::RuntimeTriangleMesh,nn::bezel::CollisionShape::RuntimeHeightField>	d	a	1		undefined CopyConstruct(long * param_1, long * param_2, char param_3)
71000736a0	16	~Collection	nn::bezel::CollisionShape::Collection	d	a	1		undefined ~Collection(Collection * this)
71000736b0	16	WaitLightEvent	<EXTERNAL>::nn::os	d	a	1		undefined WaitLightEvent(LightEventType * param_1)
71000736c0	16	SignalLightEvent	<EXTERNAL>::nn::os	d	a	1		undefined SignalLightEvent(LightEventType * param_1)
71000736d0	16	Destroy	nn::bezel::detail::VariantImpl::CtorDtor<nn::bezel::CollisionShape::RuntimeTriangleMesh,nn::bezel::CollisionShape::RuntimeHeightField>	d	a	1		undefined Destroy(long param_1, char param_2)
71000736e0	16	Destroy	nn::bezel::detail::VariantImpl::CtorDtor<nn::bezel::CollisionShape::RuntimeHeightField>	d	a	1		undefined Destroy(long param_1, char param_2)
71000736f0	16	CopyConstruct	nn::bezel::detail::VariantImpl::CtorDtor<nn::bezel::CollisionShape::RuntimeConvexMesh,nn::bezel::CollisionShape::RuntimeTriangleMesh,nn::bezel::CollisionShape::RuntimeHeightField>	d	a	1		undefined CopyConstruct(undefined8 * param_1, undefined8 * param_2, char param_3)
7100073700	16	Allocate	<EXTERNAL>::nn::bezel::detail::AllocateSupporter	d	a	1		undefined Allocate(ulong param_1, ulong param_2)
7100073710	16	Deallocate	<EXTERNAL>::nn::bezel::detail::AllocateSupporter	d	a	1		undefined Deallocate(void * param_1)
7100073720	16	Load	<EXTERNAL>::wl::Csv	d	a	1		undefined Load(basic_string.conflict param_1)
7100073730	16	ComMatter	<EXTERNAL>::bq::ComMatter	d	a	1		undefined ComMatter(ComMatter * this, HandlePtr * param_1, basic_string_view * param_2, bool param_3)
7100073740	16	ComMatter	<EXTERNAL>::bq::ComMatter	d	a	1		undefined ComMatter(ComMatter * this, HandlePtr * param_1, NonPlayerCharacterID param_2)
7100073750	16	ComMatter	<EXTERNAL>::bq::ComMatter	d	a	1		undefined ComMatter(ComMatter * this, HandlePtr * param_1, PlayerCharacterID param_2)
7100073760	16	ComUiTimer	<EXTERNAL>::bq::ComUiTimer	d	a	1		undefined ComUiTimer(ComUiTimer * this, HandlePtr * param_1, UiTimerType param_2)
7100073770	16	ComUiStatus	<EXTERNAL>::bq::ComUiStatus	d	a	1		undefined ComUiStatus(ComUiStatus * this, HandlePtr * param_1, UiStatusType param_2, UiStatusMatchType param_3, UiStatusPlaceType param_4)
7100073780	16	ComUiMGTelop	<EXTERNAL>::bq::ComUiMGTelop	d	a	1		undefined ComUiMGTelop(ComUiMGTelop * this, HandlePtr * param_1, UiMGTelopType param_2)
7100073790	16	ComUiScore	<EXTERNAL>::bq::ComUiScore	d	a	1		undefined ComUiScore(ComUiScore * this, HandlePtr * param_1, UiScoreType param_2)
71000737a0	16	GameMgr	mg0908::GameMgr	d	a	1		undefined GameMgr(GameMgr * this)
71000737b0	16	AddComponent<bq::ComMatter,bex::PlayerID&,bq::MatterType,(void*)0>	nn::bezel::Entity	d	a	1		WeakHandle AddComponent<bq::ComMatter,bex::PlayerID&,bq::MatterType,(void*)0>(long * param_1_00, HandlePtr * param_2, undefined4 * param_3, undefined4 * param_4)
71000737c0	16	AddHeading	<EXTERNAL>::bq::ComMatter	d	a	1		undefined AddHeading(void)
71000737d0	16	EraseAction	<EXTERNAL>::actor::ComActor	d	a	1		undefined EraseAction(ActorHashedString * param_1)
71000737e0	16	SetPosition	<EXTERNAL>::actor::ComActor	d	a	1		undefined SetPosition(Vector3f * param_1)
71000737f0	16	CallAction	<EXTERNAL>::actor::ComActor	d	a	1		undefined CallAction(ActorHashedString * param_1, bool param_2)
7100073800	16	SetEventFunction	<EXTERNAL>::actor::ComActorCollision	d	a	1		undefined SetEventFunction(function * param_1)
7100073810	16	SafeCreate<bq::ComMatter,nn::bezel::HandlePtr<nn::bezel::Entity>const&,bex::PlayerID&,bq::MatterType>	bex::ComponentUtil	d	a	1		WeakHandle SafeCreate<bq::ComMatter,nn::bezel::HandlePtr<nn::bezel::Entity>const&,bex::PlayerID&,bq::MatterType>(long * param_1_00, ComponentUtil * this, undefined4 * param_3, undefined4 * param_4)
7100073820	16	GetPosition	<EXTERNAL>::actor::ComActor	d	a	1		undefined GetPosition(void)
7100073830	16	SetActionName	<EXTERNAL>::actor::ComActor	d	a	1		undefined SetActionName(ActorHashedString * param_1, bool param_2)
7100073840	16	GetMotion	<EXTERNAL>::actor::ComActor	d	a	1		undefined GetMotion(void)
7100073850	16	SetJumpStartPosition	<EXTERNAL>::actor::ComActor	d	a	1		undefined SetJumpStartPosition(Vector3f * param_1)
7100073860	16	SetJumpType	<EXTERNAL>::actor::ComActor	d	a	1		undefined SetJumpType(JumpType param_1)
7100073870	16	GetTargetRotation	<EXTERNAL>::actor::ComActor	d	a	1		undefined GetTargetRotation(void)
7100073880	16	SetLeverVelocity	<EXTERNAL>::actor::ComActor	d	a	1		undefined SetLeverVelocity(Vector3f * param_1)
7100073890	16	SetJumpVelocity	<EXTERNAL>::actor::ComActor	d	a	1		undefined SetJumpVelocity(float param_1, JumpStatus param_2)
71000738a0	16	Event	<EXTERNAL>::actor::ComActorActionEvent	d	a	1		undefined Event(ActorActionEventParam * param_1)
71000738b0	16	MoveAir_Wriggle	mg0908::RegisterActions	d	a	1		undefined MoveAir_Wriggle(long * param_1)
71000738c0	16	ChangeAction	<EXTERNAL>::actor::ComActor	d	a	1		undefined ChangeAction(uint param_1)
71000738d0	16	GetPad	<EXTERNAL>::actor::ComActor	d	a	1		undefined GetPad(void)
71000738e0	16	GetOverlayStick	<EXTERNAL>::actor::ComActorPad	d	a	1		undefined GetOverlayStick(void)
71000738f0	16	GetJumpCalculator	<EXTERNAL>::actor::ComActor	d	a	1		undefined GetJumpCalculator(void)
7100073900	16	IsJumpType	<EXTERNAL>::actor::ComActor	d	a	1		undefined IsJumpType(void)
7100073910	16	IsHold	<EXTERNAL>::actor::ComActorJumpCalculator	d	a	1		undefined IsHold(void)
7100073920	16	IsAction	<EXTERNAL>::actor::ComActorPad	d	a	1		undefined IsAction(ActorHashedString * param_1)
7100073930	16	GetNoInputJumpHold	<EXTERNAL>::actor::ComActor	d	a	1		undefined GetNoInputJumpHold(void)
7100073940	16	ResetValue	<EXTERNAL>::actor::Velocity	d	a	1		undefined ResetValue(void)
7100073950	16	RequestRotation	<EXTERNAL>::actor::ComActor	d	a	1		undefined RequestRotation(Quaternion * param_1)
7100073960	16	UseJumpAnime	<EXTERNAL>::actor::ComActor	d	a	1		undefined UseJumpAnime(void)
7100073970	16	GetOldPosition	<EXTERNAL>::actor::ComActor	d	a	1		undefined GetOldPosition(void)
7100073980	16	ResetJumpCount	<EXTERNAL>::actor::ComActor	d	a	1		undefined ResetJumpCount(void)
7100073990	16	SetOverlayEnabled	<EXTERNAL>::actor::ComActorPad	d	a	1		undefined SetOverlayEnabled(bool param_1)
71000739a0	16	GetActor	<EXTERNAL>::actor::ActorHitShape	d	a	1		undefined GetActor(void)
71000739b0	16	HasCondition	<EXTERNAL>::actor::ComActor	d	a	1		undefined HasCondition(ActorHashedString * param_1)
71000739c0	16	IsMinigameAdvantage	<EXTERNAL>::bq::PlayerWork	d	a	1		undefined IsMinigameAdvantage(void)
71000739d0	16	PCHeight	<EXTERNAL>::bq::CharacterData	d	a	1		undefined PCHeight(PlayerCharacterID param_1, Vector3f * param_2)
71000739e0	16	GetCondition	<EXTERNAL>::actor::ComActor	d	a	1		undefined GetCondition(ActorHashedString * param_1)
71000739f0	16	GetComLevel	<EXTERNAL>::bq::PlayerWork	d	a	1		undefined GetComLevel(void)
7100073a00	16	GetOrder	<EXTERNAL>::bq::PlayerWork	d	a	1		undefined GetOrder(void)
7100073a10	16	GetPlayerColor	<EXTERNAL>::bq::PlayerWork	d	a	1		undefined GetPlayerColor(void)
7100073a20	16	GetComHeading	mg0908::Players	d	a	1		undefined GetComHeading(long * param_1, long param_2, int param_3)
7100073a30	16	SetTargetLookAtPosition	<EXTERNAL>::bex::ComHeading	d	a	1		undefined SetTargetLookAtPosition(Vector3f * param_1)
7100073a40	16	SetTargetNone	<EXTERNAL>::bex::ComHeading	d	a	1		undefined SetTargetNone(void)
7100073a50	16	LookImmediately	<EXTERNAL>::bex::ComHeading	d	a	1		undefined LookImmediately(void)
7100073a60	16	SetRotation	<EXTERNAL>::actor::ComActor	d	a	1		undefined SetRotation(Quaternion * param_1)
7100073a70	16	DeleteCondition	<EXTERNAL>::actor::ComActor	d	a	1		undefined DeleteCondition(ActorHashedString * param_1)
7100073a80	16	End	<EXTERNAL>::actor::ComInvincibleExpression	d	a	1		undefined End(void)
7100073a90	16	SetScale	<EXTERNAL>::actor::ComActor	d	a	1		undefined SetScale(Vector3f * param_1)
7100073aa0	16	IsCondition	mg0908::Players	d	a	1		undefined8 IsCondition(long param_1, int param_2)
7100073ab0	16	GetRotation	<EXTERNAL>::actor::ComActor	d	a	1		undefined GetRotation(void)
7100073ac0	16	SetRotY2	mg0908::Players	d	a	1		undefined8 SetRotY2(float param_1, float param_2, long param_3_00, int param_4)
7100073ad0	16	CallAction	<EXTERNAL>::actor::ComActor	d	a	1		undefined CallAction(ActorHashedString * param_1, ActionContext * param_2)
7100073ae0	16	UpdatePlayerRound1	mg0908::Players	d	a	1		undefined8 UpdatePlayerRound1(Players * this, uint param_1)
7100073af0	16	UpdatePlayerRound234	mg0908::Players	d	a	1		undefined8 UpdatePlayerRound234(Players * this, int param_1)
7100073b00	16	SetHoldFrameMax	<EXTERNAL>::actor::ComActorJumpCalculator	d	a	1		undefined SetHoldFrameMax(int param_1)
7100073b10	16	AddJumpCount	<EXTERNAL>::actor::ComActor	d	a	1		undefined AddJumpCount(void)
7100073b20	16	GetGravity	<EXTERNAL>::actor::ComActor	d	a	1		undefined GetGravity(void)
7100073b30	16	SetJumpStatus	<EXTERNAL>::actor::ComActor	d	a	1		undefined SetJumpStatus(JumpStatus param_1)
7100073b40	16	CheckUserFlagBit	<EXTERNAL>::actor::ComActor	d	a	1		undefined CheckUserFlagBit(uint param_1)
7100073b50	16	GetMoveLever	<EXTERNAL>::actor::ComActor	d	a	1		undefined GetMoveLever(Vector3f * param_1, Quaternion * param_2)
7100073b60	16	SetLeverVelocityAccelationOnFrame	<EXTERNAL>::actor::ComActor	d	a	1		undefined SetLeverVelocityAccelationOnFrame(Vector3f * param_1)
7100073b70	16	SetLeverVelocityDecelationOnFrame	<EXTERNAL>::actor::ComActor	d	a	1		undefined SetLeverVelocityDecelationOnFrame(float param_1)
7100073b80	16	PlayerRound1AreaCheck	mg0908::Players	d	a	1		undefined PlayerRound1AreaCheck(Players * this, int param_1)
7100073b90	16	UpdatePlayerRound1_SetIdlePos	mg0908::Players	d	a	1		undefined UpdatePlayerRound1_SetIdlePos(Players * this, int param_1)
7100073ba0	16	ChangeActionTouchdown	<EXTERNAL>::actor::ComActor	d	a	1		undefined ChangeActionTouchdown(ActorHashedString * param_1)
7100073bb0	16	UpdatePlayerPadRound1_mode0_new	mg0908::Players	d	a	1		undefined UpdatePlayerPadRound1_mode0_new(Players * this, uint param_1)
7100073bc0	16	UpdatePlayerComRound1_mode0	mg0908::Players	d	a	1		undefined UpdatePlayerComRound1_mode0(Players * this, int param_1)
7100073bd0	16	UpdatePlayerPadRound1_mode0	mg0908::Players	d	a	1		undefined UpdatePlayerPadRound1_mode0(Players * this, int param_1)
7100073be0	16	UpdatePlayerComRound2Ver3	mg0908::Players	d	a	1		undefined8 UpdatePlayerComRound2Ver3(Players * this, int param_1)
7100073bf0	16	UpdatePlayerComRound4Ver3	mg0908::Players	d	a	1		undefined8 UpdatePlayerComRound4Ver3(Players * this, int param_1)
7100073c00	16	UpdatePlayerComRound3Ver3	mg0908::Players	d	a	1		undefined8 UpdatePlayerComRound3Ver3(Players * this, int param_1)
7100073c10	16	ComG1_check_move_info	mg0908::Players	d	a	1		int ComG1_check_move_info(Players * this, int param_1)
7100073c20	16	GetHold	<EXTERNAL>::bex::InputModule	d	a	1		undefined GetHold(PlayerID param_1)
7100073c30	16	GetStick	<EXTERNAL>::bex::InputModule	d	a	1		undefined GetStick(PlayerID param_1)
7100073c40	16	UpdatePlayerPadRound1_mode0_new_lever	mg0908::Players	d	a	1		undefined UpdatePlayerPadRound1_mode0_new_lever(Players * this, uint param_1)
7100073c50	16	UpdatePlayerPadRound1_mode0_new_button	mg0908::Players	d	a	1		undefined UpdatePlayerPadRound1_mode0_new_button(Players * this, int param_1)
7100073c60	16	UpdatePlayerComRound2Ver3Phase00RevCenter	mg0908::Players	d	a	1		bool UpdatePlayerComRound2Ver3Phase00RevCenter(Players * this, int param_1)
7100073c70	16	UpdatePlayerComRound2Ver3Phase01Air	mg0908::Players	d	a	1		undefined8 UpdatePlayerComRound2Ver3Phase01Air(Players * this, int param_1)
7100073c80	16	UpdatePlayerComRound2Ver3Phase02SearchMedal	mg0908::Players	d	a	1		uint UpdatePlayerComRound2Ver3Phase02SearchMedal(Players * this, int param_1)
7100073c90	16	UpdatePlayerComRound2Ver3Phase04MoveMedal	mg0908::Players	d	a	1		bool UpdatePlayerComRound2Ver3Phase04MoveMedal(Players * this, int param_1, int param_2)
7100073ca0	16	UpdatePlayerComRound2Ver3Phase05EscapeSlideFloor	mg0908::Players	d	a	1		bool UpdatePlayerComRound2Ver3Phase05EscapeSlideFloor(Players * this, int param_1)
7100073cb0	16	UpdatePlayerComRound2Ver3Phase06CenterFloor	mg0908::Players	d	a	1		bool UpdatePlayerComRound2Ver3Phase06CenterFloor(Players * this, int param_1, int param_2)
7100073cc0	16	UpdatePlayerComRound2Ver3Phase07CenterMove	mg0908::Players	d	a	1		bool UpdatePlayerComRound2Ver3Phase07CenterMove(Players * this, int param_1, int param_2)
7100073cd0	16	UpdatePlayerComRound2Ver3Phase08SideMove	mg0908::Players	d	a	1		undefined8 UpdatePlayerComRound2Ver3Phase08SideMove(Players * this, int param_1, int param_2)
7100073ce0	16	UpdatePlayerComRound2Ver3Phase09EtcMove	mg0908::Players	d	a	1		undefined8 UpdatePlayerComRound2Ver3Phase09EtcMove(Players * this, int param_1, int param_2)
7100073cf0	16	UpdatePlayerComRound2Ver3Phase03RandMove	mg0908::Players	d	a	1		undefined4 UpdatePlayerComRound2Ver3Phase03RandMove(Players * this, int param_1)
7100073d00	16	UpdatePlayerComRound3Ver3JumpMissCheck	mg0908::Players	d	a	1		undefined UpdatePlayerComRound3Ver3JumpMissCheck(Players * this, int param_1)
7100073d10	16	UpdatePlayerComRound3Ver3SearchMedal	mg0908::Players	d	a	1		int UpdatePlayerComRound3Ver3SearchMedal(Players * this, int param_1)
7100073d20	16	UpdatePlayerComRound3Ver3MoveMedal	mg0908::Players	d	a	1		undefined8 UpdatePlayerComRound3Ver3MoveMedal(Players * this, int param_1, int param_2)
7100073d30	16	UpdatePlayerComRound3Ver3SideMove	mg0908::Players	d	a	1		bool UpdatePlayerComRound3Ver3SideMove(Players * this, int param_1, int param_2)
7100073d40	16	UpdatePlayerComRound3Ver3RandMove	mg0908::Players	d	a	1		undefined8 UpdatePlayerComRound3Ver3RandMove(Players * this, int param_1)
7100073d50	16	UpdatePlayerComRound4Ver3JumpMissCheck	mg0908::Players	d	a	1		undefined UpdatePlayerComRound4Ver3JumpMissCheck(Players * this, int param_1)
7100073d60	16	UpdatePlayerComRound4Ver3SearchMedal	mg0908::Players	d	a	1		int UpdatePlayerComRound4Ver3SearchMedal(Players * this, int param_1)
7100073d70	16	UpdatePlayerComRound4Ver3MoveMedal	mg0908::Players	d	a	1		undefined8 UpdatePlayerComRound4Ver3MoveMedal(Players * this, int param_1, int param_2)
7100073d80	16	UpdatePlayerComRound4Ver3RandMove	mg0908::Players	d	a	1		undefined8 UpdatePlayerComRound4Ver3RandMove(Players * this, int param_1)
7100073d90	16	CharacterActionJump_Round1	mg0908::RegisterActions	d	a	1		int CharacterActionJump_Round1(undefined8 * param_1)
7100073da0	16	IsThisPlaying	<EXTERNAL>::actor::ComActorMotion	d	a	1		undefined IsThisPlaying(StringViewHashPair * param_1)
7100073db0	16	GetJumpStartPosition	<EXTERNAL>::actor::ComActor	d	a	1		undefined GetJumpStartPosition(void)
7100073dc0	16	SetMotionAir	<EXTERNAL>::actor::ComActor	d	a	1		undefined SetMotionAir(StringViewHashPair * param_1)
7100073dd0	16	ComMatter	<EXTERNAL>::bq::ComMatter	d	a	1		undefined ComMatter(ComMatter * this, HandlePtr * param_1, PlayerID param_2, MatterType param_3)
7100073de0	16	getStaticTypeinfo	<EXTERNAL>::bex::SceneParamBase	d	a	1		undefined getStaticTypeinfo(void)
7100073df0	16	Typeinfo	<EXTERNAL>::rtti::Typeinfo	d	a	1		undefined Typeinfo(Typeinfo * this, Typeinfo * param_1, char * param_2, char * param_3, _func_Property_ptr * param_4, _func_void_ptr * param_5, _func_void_void_ptr * param_6, uint param_7, uint param_8, _func_void_void_ptr_Property_ptr_PropertyList_ptr * param_9, _func_bool_void_ptr_Property_ptr_Typeinfo_ptr_uint * param_10)
7100073e00	16	Property	<EXTERNAL>::rtti::Property	d	a	1		undefined Property(Property * this, char * param_1, char * param_2, uint param_3, void * param_4, Value * param_5, uint param_6, uchar param_7)
7100073e10	16	Property	<EXTERNAL>::rtti::Property	d	a	1		undefined Property(Property * this, char * param_1, char * param_2, uint param_3, void * param_4, Type * param_5, int param_6, int param_7, int param_8)
7100073e20	16	Property	<EXTERNAL>::rtti::Property	d	a	1		undefined Property(Property * this)
7100073e30	16	checkGuiPropDefault	<EXTERNAL>::rtti::Typeinfo	d	a	1		undefined checkGuiPropDefault(void * param_1, Property * param_2, PropertyList * param_3)
7100073e40	16	createGuiPropDefault	<EXTERNAL>::rtti::Typeinfo	d	a	1		undefined createGuiPropDefault(void * param_1, Property * param_2, Typeinfo * param_3, uint param_4)
7100073e50	16	Scene	mg0908::Scene	d	a	1		undefined Scene(Scene * this)
7100073e60	16	~Scene	mg0908::Scene	d	a	1		undefined ~Scene(Scene * this)
7100073e70	16	getStaticTypeinfo	<EXTERNAL>::wl::IMinigameScene	d	a	1		undefined getStaticTypeinfo(void)
7100073e80	16	MinigameScene	<EXTERNAL>::bq::MinigameScene	d	a	1		undefined MinigameScene(MinigameScene * this)
7100073e90	16	LoadSceneNonPlayerCharacter	<EXTERNAL>::bq::CharacterDataModule	d	a	1		undefined LoadSceneNonPlayerCharacter(NonPlayerCharacterID param_1, bool param_2, bool param_3)
7100073ea0	16	LoadScenePlayerCharacter	<EXTERNAL>::bq::CharacterDataModule	d	a	1		undefined LoadScenePlayerCharacter(PlayerCharacterID param_1, bool param_2, bool param_3)
7100073eb0	16	LoadArchive	<EXTERNAL>::bq::PlayerMotionArcList	d	a	1		undefined LoadArchive(char * param_1)
7100073ec0	16	SetMinigameScene	mg0908	d	a	1		undefined SetMinigameScene(undefined8 param_1)
7100073ed0	16	SetMinigameScenemg0908	mg0908	d	a	1		undefined SetMinigameScenemg0908(undefined8 param_1)
7100073ee0	16	destroy	std::__tree<std::__value_type<wl::eSceneEventID,int>,std::__map_value_compare<wl::eSceneEventID,std::__value_type<wl::eSceneEventID,int>,std::less<wl::eSceneEventID>,true>,bex::HeapModule::Allocator_map<std::__value_type<wl::eSceneEventID,int>>>	d	a	1		undefined destroy(__tree<std::__value_type<wl::eSceneEventID,int>,std::__map_value_compare<wl::eSceneEventID,std::__value_type<wl::eSceneEventID,int>,std::less<wl::eSceneEventID>,true>,bex::HeapModule::Allocator_map<std::__value_type<wl::eSceneEventID,int>>> * this, undefined8 * param_1)
7100073ef0	16	~MinigameScene	<EXTERNAL>::bq::MinigameScene	d	a	1		undefined ~MinigameScene(MinigameScene * this)
7100073f00	16	FindMaterial	<EXTERNAL>::nn::bezel::ComModel	d	a	1		undefined FindMaterial(basic_string_view param_1)
7100073f10	16	MaterialHandle	<EXTERNAL>::nn::bezel::MaterialHandle	d	a	1		undefined MaterialHandle(MaterialHandle * this)
7100073f20	16	Reset	<EXTERNAL>::nn::bezel::MaterialHandle	d	a	1		undefined Reset(Material * param_1)
7100073f30	16	Lock	<EXTERNAL>::nn::bezel::MaterialHandle	d	a	1		undefined Lock(void)
7100073f40	16	~MaterialHandle	<EXTERNAL>::nn::bezel::MaterialHandle	d	a	1		undefined ~MaterialHandle(MaterialHandle * this)
7100073f50	16	SetTexture	<EXTERNAL>::nn::bezel::Material	d	a	1		undefined SetTexture(basic_string_view param_1, HandlePtr * param_2)
7100073f60	16	Play	<EXTERNAL>::bex::ComFxTrigger	d	a	1		undefined Play(basic_string_view * param_1)
7100073f70	16	Stop	<EXTERNAL>::bex::ComFxTrigger	d	a	1		undefined Stop(basic_string_view * param_1)
7100073f80	16	SetDecalShadowOverwriteIndex	<EXTERNAL>::bex::gfx::ComModelBuffer	d	a	1		undefined SetDecalShadowOverwriteIndex(DecalShadowIndex param_1)
7100073f90	16	SetDecalShadowIndex	<EXTERNAL>::bex::gfx::ComModelBuffer	d	a	1		undefined SetDecalShadowIndex(DecalShadowIndex param_1)
7100073fa0	16	SetDecalShadowType	<EXTERNAL>::bex::gfx::ComModelBuffer	d	a	1		undefined SetDecalShadowType(DecalShadowIndex param_1, DecalShadowType param_2)
7100073fb0	16	SetDecalShadowDynamicBlurType	<EXTERNAL>::bex::gfx::ComModelBuffer	d	a	1		undefined SetDecalShadowDynamicBlurType(DecalShadowIndex param_1, DynamicTextureBlurType param_2)
7100073fc0	16	SetDecalShadowOffset	<EXTERNAL>::bex::gfx::ComModelBuffer	d	a	1		undefined SetDecalShadowOffset(DecalShadowIndex param_1, Vector3f * param_2)
7100073fd0	16	SetDecalShadowScale	<EXTERNAL>::bex::gfx::ComModelBuffer	d	a	1		undefined SetDecalShadowScale(DecalShadowIndex param_1, Vector3f * param_2)
7100073fe0	16	SetDecalShadowAttenuationStart	<EXTERNAL>::bex::gfx::ComModelBuffer	d	a	1		undefined SetDecalShadowAttenuationStart(DecalShadowIndex param_1, float param_2)
7100073ff0	16	SetDecalShadowAttenuationEnd	<EXTERNAL>::bex::gfx::ComModelBuffer	d	a	1		undefined SetDecalShadowAttenuationEnd(DecalShadowIndex param_1, float param_2)
7100074000	16	UpdateGpuResources	<EXTERNAL>::bex::gfx::ComModelBuffer	d	a	1		undefined UpdateGpuResources(void)
7100074010	16	GetBoneSocket	<EXTERNAL>::nn::bezel::ComModel	d	a	1		undefined GetBoneSocket(basic_string_view param_1)
7100074020	16	HasCastableComponentImpl	<EXTERNAL>::nn::bezel::Entity	d	a	1		undefined HasCastableComponentImpl(TypeDesc * param_1)
7100074030	16	AddComponent<nn::bezel::ComAttachment,,(void*)0>	nn::bezel::Entity	d	a	1		WeakHandle AddComponent<nn::bezel::ComAttachment,,(void*)0>(long * param_1, HandlePtr * param_2)
7100074040	16	SetTarget	<EXTERNAL>::nn::bezel::ComAttachment	d	a	1		undefined SetTarget(WeakHandle * param_1)
7100074050	16	Create	<EXTERNAL>::nn::bezel::ComAttachment	d	a	1		undefined Create(HandlePtr * param_1)
7100074060	16	_internalRemoveComponentByTypeDesc	<EXTERNAL>::nn::bezel::Entity	d	a	1		undefined _internalRemoveComponentByTypeDesc(TypeDesc * param_1)
7100074070	16	FindBoneIndex	<EXTERNAL>::nn::bezel::ComModel	d	a	1		undefined FindBoneIndex(basic_string_view param_1)
7100074080	16	CalculateWorldTransform	<EXTERNAL>::nn::bezel::SkeletonPose	d	a	1		undefined CalculateWorldTransform(int param_1)
7100074090	16	GetAnimationSlot	<EXTERNAL>::actor::ComActorMotion	d	a	1		undefined GetAnimationSlot(StringViewHashPair * param_1)
71000740a0	16	Play	<EXTERNAL>::actor::ActorAnimationSlot	d	a	1		undefined Play(MotionArg * param_1)
71000740b0	16	SetFrame	<EXTERNAL>::actor::ActorAnimationSlot	d	a	1		undefined SetFrame(float param_1)
71000740c0	16	SetSpeed	<EXTERNAL>::actor::ActorAnimationSlot	d	a	1		undefined SetSpeed(float param_1)
71000740d0	16	SetVisible	<EXTERNAL>::nn::bezel::ComModel	d	a	1		undefined SetVisible(bool param_1)
71000740e0	16	SetBoneVisible	<EXTERNAL>::nn::bezel::ComModel	d	a	1		undefined SetBoneVisible(int param_1, bool param_2)
71000740f0	16	SetLocalTransform	<EXTERNAL>::nn::bezel::ComModel	d	a	1		undefined SetLocalTransform(MatrixRowMajor4x3f * param_1)
7100074100	16	Util_ModelSetBoneMtxEntity	mg0908	d	a	1		undefined Util_ModelSetBoneMtxEntity(long * param_1)
7100074110	16	FindBoneIndex	<EXTERNAL>::nn::bezel::SkeletonPose	d	a	1		undefined FindBoneIndex(char * param_1)
7100074120	16	SetLocalMtxRt	<EXTERNAL>::nn::bezel::SkeletonPose	d	a	1		undefined SetLocalMtxRt(int param_1, MatrixRowMajor4x3f * param_2)
7100074130	16	FindParam	<EXTERNAL>::nn::bezel::Material	d	a	1		undefined FindParam(basic_string_view param_1)
7100074140	16	GetVector4	<EXTERNAL>::nn::bezel::MaterialParam	d	a	1		undefined GetVector4(void)
7100074150	16	SetVector4	<EXTERNAL>::nn::bezel::MaterialParam	d	a	1		undefined SetVector4(Vector4f * param_1)
7100074160	16	GetRotationCalculated	<EXTERNAL>::nn::bezel::Entity	d	a	1		undefined GetRotationCalculated(void)
7100074170	16	FindChildren	<EXTERNAL>::nn::bezel::Entity	d	a	1		undefined FindChildren(EntityState param_1, basic_string_view param_2)
71000be000	1	end		i	d	0		undefined end()
71000bf000	1	ProtectRelro	<EXTERNAL>::nn::ro	d	a	1		undefined ProtectRelro(void * param_1, void * param_2, void * param_3, void * param_4, void * param_5)
71000c0000	1	__nnmusl_fini_dso	<EXTERNAL>	d	d	1		undefined __nnmusl_fini_dso()
71000c1000	1	__cxa_guard_acquire	<EXTERNAL>	d	d	1		undefined __cxa_guard_acquire()
71000c3000	1	__cxa_guard_release	<EXTERNAL>	d	d	1		undefined __cxa_guard_release()
