addr	size	name	namespace	namesrc	sigsrc	thunk	tags	signature
7100000080	12	nndetailRoGetRoDataStart		i	a	0		undefined8 * nndetailRoGetRoDataStart(void)
7100000090	12	nndetailRoGetRoDataEnd		i	a	0		undefined * nndetailRoGetRoDataEnd(void)
71000000a0	352	_init		i	i	0		int _init(EVP_PKEY_CTX * ctx)
7100000200	144	_fini		i	a	0		undefined _fini(void)
7100000290	36	FUN_7100000290		d	a	0		undefined8 FUN_7100000290(long param_1)
7100000340	120	FUN_7100000340		d	a	0		undefined8 FUN_7100000340(undefined8 param_1, undefined8 param_2, long param_3)
71000003c0	184	FUN_71000003c0		d	a	0		undefined FUN_71000003c0(long param_1, ulong param_2, ulong param_3)
7100000480	88	FUN_7100000480		d	a	0		undefined FUN_7100000480(void)
71000004e0	80	FUN_71000004e0		d	a	0		undefined FUN_71000004e0(void)
7100000530	88	FUN_7100000530		d	a	0		undefined FUN_7100000530(void)
7100000590	88	FUN_7100000590		d	a	0		undefined FUN_7100000590(void)
71000005f0	80	FUN_71000005f0		d	a	0		undefined FUN_71000005f0(void)
7100000640	80	FUN_7100000640		d	a	0		undefined FUN_7100000640(void)
7100000690	88	FUN_7100000690		d	a	0		undefined FUN_7100000690(void)
71000006f0	88	FUN_71000006f0		d	a	0		undefined FUN_71000006f0(void)
7100000750	88	FUN_7100000750		d	a	0		undefined FUN_7100000750(void)
71000007b0	88	FUN_71000007b0		d	a	0		undefined FUN_71000007b0(void)
7100000810	88	FUN_7100000810		d	a	0		undefined FUN_7100000810(void)
7100000870	88	FUN_7100000870		d	a	0		undefined FUN_7100000870(void)
71000008d0	88	FUN_71000008d0		d	a	0		undefined FUN_71000008d0(void)
7100000930	88	FUN_7100000930		d	a	0		undefined FUN_7100000930(void)
7100000990	88	FUN_7100000990		d	a	0		undefined FUN_7100000990(void)
71000009f0	88	FUN_71000009f0		d	a	0		undefined FUN_71000009f0(void)
7100000a50	80	FUN_7100000a50		d	a	0		undefined FUN_7100000a50(void)
7100000aa0	80	FUN_7100000aa0		d	a	0		undefined FUN_7100000aa0(void)
7100000af0	80	FUN_7100000af0		d	a	0		undefined FUN_7100000af0(void)
7100000b40	80	FUN_7100000b40		d	a	0		undefined FUN_7100000b40(void)
7100000b90	88	FUN_7100000b90		d	a	0		undefined FUN_7100000b90(void)
7100000bf0	88	FUN_7100000bf0		d	a	0		undefined FUN_7100000bf0(void)
7100000c50	88	FUN_7100000c50		d	a	0		undefined FUN_7100000c50(void)
7100000cb0	88	FUN_7100000cb0		d	a	0		undefined FUN_7100000cb0(void)
7100000d10	88	FUN_7100000d10		d	a	0		undefined FUN_7100000d10(void)
7100000d70	88	FUN_7100000d70		d	a	0		undefined FUN_7100000d70(void)
7100000dd0	88	FUN_7100000dd0		d	a	0		undefined FUN_7100000dd0(void)
7100000e30	88	FUN_7100000e30		d	a	0		undefined FUN_7100000e30(void)
7100000e90	88	FUN_7100000e90		d	a	0		undefined FUN_7100000e90(void)
7100000ef0	88	FUN_7100000ef0		d	a	0		undefined FUN_7100000ef0(void)
7100000f50	88	FUN_7100000f50		d	a	0		undefined FUN_7100000f50(void)
7100000fb0	88	FUN_7100000fb0		d	a	0		undefined FUN_7100000fb0(void)
7100001010	88	FUN_7100001010		d	a	0		undefined FUN_7100001010(void)
7100001070	88	FUN_7100001070		d	a	0		undefined FUN_7100001070(void)
71000010d0	88	FUN_71000010d0		d	a	0		undefined FUN_71000010d0(void)
7100001130	88	FUN_7100001130		d	a	0		undefined FUN_7100001130(void)
7100001190	88	FUN_7100001190		d	a	0		undefined FUN_7100001190(void)
71000011f0	88	FUN_71000011f0		d	a	0		undefined FUN_71000011f0(void)
7100001250	88	FUN_7100001250		d	a	0		undefined FUN_7100001250(void)
71000012b0	88	FUN_71000012b0		d	a	0		undefined FUN_71000012b0(void)
7100001310	88	FUN_7100001310		d	a	0		undefined FUN_7100001310(void)
7100001370	88	FUN_7100001370		d	a	0		undefined FUN_7100001370(void)
71000013d0	88	FUN_71000013d0		d	a	0		undefined FUN_71000013d0(void)
7100001430	88	FUN_7100001430		d	a	0		undefined FUN_7100001430(void)
7100001490	88	FUN_7100001490		d	a	0		undefined FUN_7100001490(void)
71000014f0	88	FUN_71000014f0		d	a	0		undefined FUN_71000014f0(void)
7100001550	88	FUN_7100001550		d	a	0		undefined FUN_7100001550(void)
71000015b0	88	FUN_71000015b0		d	a	0		undefined FUN_71000015b0(void)
7100001610	88	FUN_7100001610		d	a	0		undefined FUN_7100001610(void)
7100001670	88	FUN_7100001670		d	a	0		undefined FUN_7100001670(void)
71000016d0	88	FUN_71000016d0		d	a	0		undefined FUN_71000016d0(void)
7100001730	88	FUN_7100001730		d	a	0		undefined FUN_7100001730(void)
7100001790	88	FUN_7100001790		d	a	0		undefined FUN_7100001790(void)
71000017f0	88	FUN_71000017f0		d	a	0		undefined FUN_71000017f0(void)
7100001850	88	FUN_7100001850		d	a	0		undefined FUN_7100001850(void)
71000018b0	88	FUN_71000018b0		d	a	0		undefined FUN_71000018b0(void)
7100001910	88	FUN_7100001910		d	a	0		undefined FUN_7100001910(void)
7100001970	88	FUN_7100001970		d	a	0		undefined FUN_7100001970(void)
71000019d0	88	FUN_71000019d0		d	a	0		undefined FUN_71000019d0(void)
7100001a30	88	FUN_7100001a30		d	a	0		undefined FUN_7100001a30(void)
7100001a90	80	FUN_7100001a90		d	a	0		undefined FUN_7100001a90(void)
7100001ae0	80	FUN_7100001ae0		d	a	0		undefined FUN_7100001ae0(void)
7100001b30	80	FUN_7100001b30		d	a	0		undefined FUN_7100001b30(void)
7100001b80	80	FUN_7100001b80		d	a	0		undefined FUN_7100001b80(void)
7100001bd0	80	FUN_7100001bd0		d	a	0		undefined FUN_7100001bd0(void)
7100001c20	80	FUN_7100001c20		d	a	0		undefined FUN_7100001c20(void)
7100001c70	80	FUN_7100001c70		d	a	0		undefined FUN_7100001c70(void)
7100001cc0	88	FUN_7100001cc0		d	a	0		undefined FUN_7100001cc0(void)
7100001d20	88	FUN_7100001d20		d	a	0		undefined FUN_7100001d20(void)
7100001d80	88	FUN_7100001d80		d	a	0		undefined FUN_7100001d80(void)
7100001de0	88	FUN_7100001de0		d	a	0		undefined FUN_7100001de0(void)
7100001e40	88	FUN_7100001e40		d	a	0		undefined FUN_7100001e40(void)
7100001ea0	88	FUN_7100001ea0		d	a	0		undefined FUN_7100001ea0(void)
7100001f00	88	FUN_7100001f00		d	a	0		undefined FUN_7100001f00(void)
7100001f60	88	FUN_7100001f60		d	a	0		undefined FUN_7100001f60(void)
7100001fc0	88	FUN_7100001fc0		d	a	0		undefined FUN_7100001fc0(void)
7100002020	88	FUN_7100002020		d	a	0		undefined FUN_7100002020(void)
7100002080	88	FUN_7100002080		d	a	0		undefined FUN_7100002080(void)
71000020e0	88	FUN_71000020e0		d	a	0		undefined FUN_71000020e0(void)
7100002140	88	FUN_7100002140		d	a	0		undefined FUN_7100002140(void)
71000021a0	80	FUN_71000021a0		d	a	0		undefined FUN_71000021a0(void)
71000021f0	88	FUN_71000021f0		d	a	0		undefined FUN_71000021f0(void)
7100002250	88	FUN_7100002250		d	a	0		undefined FUN_7100002250(void)
71000022b0	80	FUN_71000022b0		d	a	0		undefined FUN_71000022b0(void)
7100002300	80	FUN_7100002300		d	a	0		undefined FUN_7100002300(void)
7100002350	80	FUN_7100002350		d	a	0		undefined FUN_7100002350(void)
71000023a0	80	FUN_71000023a0		d	a	0		undefined FUN_71000023a0(void)
71000023f0	88	FUN_71000023f0		d	a	0		undefined FUN_71000023f0(void)
7100002450	88	FUN_7100002450		d	a	0		undefined FUN_7100002450(void)
71000024b0	88	FUN_71000024b0		d	a	0		undefined FUN_71000024b0(void)
7100002510	88	FUN_7100002510		d	a	0		undefined FUN_7100002510(void)
7100002570	88	FUN_7100002570		d	a	0		undefined FUN_7100002570(void)
71000025d0	80	FUN_71000025d0		d	a	0		undefined FUN_71000025d0(void)
7100002620	80	FUN_7100002620		d	a	0		undefined FUN_7100002620(void)
7100002670	80	FUN_7100002670		d	a	0		undefined FUN_7100002670(void)
71000026c0	80	FUN_71000026c0		d	a	0		undefined FUN_71000026c0(void)
7100002710	80	FUN_7100002710		d	a	0		undefined FUN_7100002710(void)
7100002760	80	FUN_7100002760		d	a	0		undefined FUN_7100002760(void)
71000027b0	80	FUN_71000027b0		d	a	0		undefined FUN_71000027b0(void)
7100002800	80	FUN_7100002800		d	a	0		undefined FUN_7100002800(void)
7100002850	80	FUN_7100002850		d	a	0		undefined FUN_7100002850(void)
71000028a0	80	FUN_71000028a0		d	a	0		undefined FUN_71000028a0(void)
71000028f0	80	FUN_71000028f0		d	a	0		undefined FUN_71000028f0(void)
7100002940	80	FUN_7100002940		d	a	0		undefined FUN_7100002940(void)
7100002990	80	FUN_7100002990		d	a	0		undefined FUN_7100002990(void)
71000029e0	80	FUN_71000029e0		d	a	0		undefined FUN_71000029e0(void)
7100002a30	80	FUN_7100002a30		d	a	0		undefined FUN_7100002a30(void)
7100002a80	80	FUN_7100002a80		d	a	0		undefined FUN_7100002a80(void)
7100002ad0	80	FUN_7100002ad0		d	a	0		undefined FUN_7100002ad0(void)
7100002b20	80	FUN_7100002b20		d	a	0		undefined FUN_7100002b20(void)
7100002b70	80	FUN_7100002b70		d	a	0		undefined FUN_7100002b70(void)
7100002bc0	80	FUN_7100002bc0		d	a	0		undefined FUN_7100002bc0(void)
7100002c10	80	FUN_7100002c10		d	a	0		undefined FUN_7100002c10(void)
7100002c60	80	FUN_7100002c60		d	a	0		undefined FUN_7100002c60(void)
7100002cb0	80	FUN_7100002cb0		d	a	0		undefined FUN_7100002cb0(void)
7100002d00	80	FUN_7100002d00		d	a	0		undefined FUN_7100002d00(void)
7100002d50	80	FUN_7100002d50		d	a	0		undefined FUN_7100002d50(void)
7100002da0	80	FUN_7100002da0		d	a	0		undefined FUN_7100002da0(void)
7100002df0	88	FUN_7100002df0		d	a	0		undefined FUN_7100002df0(void)
7100002e50	88	FUN_7100002e50		d	a	0		undefined FUN_7100002e50(void)
7100002eb0	88	FUN_7100002eb0		d	a	0		undefined FUN_7100002eb0(void)
7100002f10	88	FUN_7100002f10		d	a	0		undefined FUN_7100002f10(void)
7100002f70	88	FUN_7100002f70		d	a	0		undefined FUN_7100002f70(void)
7100002fd0	88	FUN_7100002fd0		d	a	0		undefined FUN_7100002fd0(void)
7100003030	88	FUN_7100003030		d	a	0		undefined FUN_7100003030(void)
7100003090	88	FUN_7100003090		d	a	0		undefined FUN_7100003090(void)
71000030f0	88	FUN_71000030f0		d	a	0		undefined FUN_71000030f0(void)
7100003150	88	FUN_7100003150		d	a	0		undefined FUN_7100003150(void)
71000031b0	88	FUN_71000031b0		d	a	0		undefined FUN_71000031b0(void)
7100003210	88	FUN_7100003210		d	a	0		undefined FUN_7100003210(void)
7100003270	88	FUN_7100003270		d	a	0		undefined FUN_7100003270(void)
71000032d0	80	FUN_71000032d0		d	a	0		undefined FUN_71000032d0(void)
7100003320	80	FUN_7100003320		d	a	0		undefined FUN_7100003320(void)
7100003370	88	FUN_7100003370		d	a	0		undefined FUN_7100003370(void)
71000033d0	80	FUN_71000033d0		d	a	0		undefined FUN_71000033d0(void)
7100003420	80	FUN_7100003420		d	a	0		undefined FUN_7100003420(void)
7100003470	80	FUN_7100003470		d	a	0		undefined FUN_7100003470(void)
71000034c0	80	FUN_71000034c0		d	a	0		undefined FUN_71000034c0(void)
7100003510	80	FUN_7100003510		d	a	0		undefined FUN_7100003510(void)
7100003560	80	FUN_7100003560		d	a	0		undefined FUN_7100003560(void)
71000035b0	80	CoinMan	mg1117::CoinMan	a	a	0		undefined CoinMan(CoinMan * this)
7100003620	996	Pimpl	mg1117::CoinMan::Pimpl	a	a	0		undefined Pimpl(Pimpl * this)
7100003a10	172	~CoinMan	mg1117::CoinMan	a	a	0		undefined ~CoinMan(void)
7100003abc	36	AcquireCoin	mg1117::CoinMan	a	a	0		undefined AcquireCoin(float param_1, float param_2_00, undefined8 * param_3, byte param_4)
7100003ae0	348	AcquireCoin	mg1117::CoinMan::Pimpl	a	a	0		undefined AcquireCoin(float param_1, float param_2, undefined8 * param_3, undefined8 * param_4, byte param_5)
7100003c44	24	Update	mg1117::CoinMan	a	a	0		undefined Update(void)
7100003c60	1252	Update	mg1117::CoinMan::Pimpl	a	a	0		undefined Update(Pimpl * this)
7100004150	364	CreateCoinModel	mg1117::CoinMan::Pimpl	a	a	0		undefined CreateCoinModel(undefined8 param_1_00, ModelMan * param_2, undefined4 param_3, int param_4)
71000042d0	16	FUN_71000042d0		d	a	0		undefined FUN_71000042d0(void)
71000042e0	20	FUN_71000042e0		d	a	0		undefined FUN_71000042e0(void)
7100004300	80	FUN_7100004300		d	a	0		undefined FUN_7100004300(char * param_1)
7100004350	48	FUN_7100004350		d	a	0		undefined FUN_7100004350(logic_error * param_1, char * param_2)
7100004380	32	IsDerivedFrom	nn::bezel::detail::StaticTypeDesc<bex::gfx::ComModelBuffer,false,nn::bezel::Component>	a	a	0		bool IsDerivedFrom(undefined * param_1)
71000043a0	12	GetBaseTypeDesc	nn::bezel::detail::StaticTypeDesc<bex::gfx::ComModelBuffer,false,nn::bezel::Component>	a	a	0		undefined * GetBaseTypeDesc(void)
71000043ac	20	GetNextBaseTypeDesc	nn::bezel::detail::StaticTypeDesc<bex::gfx::ComModelBuffer,false,nn::bezel::Component>	a	a	0		undefined * GetNextBaseTypeDesc(long param_1)
71000043c0	8	CastTo	nn::bezel::detail::StaticTypeDesc<bex::gfx::ComModelBuffer,false,nn::bezel::Component>	a	a	0		undefined8 CastTo(undefined8 param_1, undefined8 param_2)
71000043c8	8	CastToConst	nn::bezel::detail::StaticTypeDesc<bex::gfx::ComModelBuffer,false,nn::bezel::Component>	a	a	0		undefined8 CastToConst(undefined8 param_1, undefined8 param_2)
71000043d0	20	IsDerivedFrom	nn::bezel::detail::StaticTypeDesc<nn::bezel::Component,false>	a	a	0		bool IsDerivedFrom(undefined * param_1)
71000043e4	8	GetBaseTypeDesc	nn::bezel::detail::StaticTypeDesc<nn::bezel::Component,false>	a	a	0		undefined8 GetBaseTypeDesc(void)
71000043ec	8	GetNextBaseTypeDesc	nn::bezel::detail::StaticTypeDesc<nn::bezel::Component,false>	a	a	0		undefined8 GetNextBaseTypeDesc(void)
71000043f4	8	CastTo	nn::bezel::detail::StaticTypeDesc<nn::bezel::Component,false>	a	a	0		undefined8 CastTo(undefined8 param_1, undefined8 param_2)
71000043fc	8	CastToConst	nn::bezel::detail::StaticTypeDesc<nn::bezel::Component,false>	a	a	0		undefined8 CastToConst(undefined8 param_1, undefined8 param_2)
710000445c	4	FUN_710000445c		d	a	0		undefined FUN_710000445c(void)
7100004460	4	operator.delete	<EXTERNAL>	d	a	1		void operator.delete(void * param_1)
71000044bc	196	Common	mg1117::Common	a	a	0		undefined Common(Common * this)
7100004580	48	~Common	mg1117::Common	a	a	0		undefined ~Common(void)
71000045b0	32	GetPlayerCharacterID	mg1117::Common	a	a	0		undefined4 GetPlayerCharacterID(void)
71000045d0	48	SetLevel	mg1117::Common	a	a	0		undefined SetLevel(short param_1)
7100004600	32	GetLevel	mg1117::Common	a	a	0		undefined2 GetLevel(void)
7100004620	28	SetTurnConveyor	mg1117::Common	a	a	0		undefined SetTurnConveyor(byte param_1)
710000463c	40	IsTurnConveyor	mg1117::Common	a	a	0		bool IsTurnConveyor(void)
7100004664	40	BeginItemUse	mg1117::Common	a	a	0		undefined BeginItemUse(char param_1)
710000468c	36	EndItemUse	mg1117::Common	a	a	0		undefined EndItemUse(char param_1)
71000046b0	40	BeginItemSuffer	mg1117::Common	a	a	0		undefined BeginItemSuffer(char param_1)
71000046d8	36	EndItemSuffer	mg1117::Common	a	a	0		undefined EndItemSuffer(char param_1)
71000046fc	40	IsActiveItemStar	mg1117::Common	a	a	0		bool IsActiveItemStar(void)
7100004724	40	IsSufferItemThunder	mg1117::Common	a	a	0		bool IsSufferItemThunder(void)
710000474c	24	SetActiveSequenceID	mg1117::Common	a	a	0		undefined SetActiveSequenceID(undefined4 param_1)
7100004764	32	GetActiveSequenceID	mg1117::Common	a	a	0		undefined4 GetActiveSequenceID(void)
7100004784	24	IsBigGoods	mg1117::Common	a	a	0		uint IsBigGoods(uint param_1)
710000479c	84	CalcAppearPosition	mg1117::Common	a	a	0		undefined1[16] CalcAppearPosition(undefined8 * param_1, undefined8 * param_2)
71000047f0	48	SetPosition	mg1117::Common	a	a	0		undefined SetPosition(undefined8 * param_1)
7100004820	84	GetPosition	mg1117::Common	a	a	0		undefined1[16] GetPosition(long * param_1)
7100004874	48	SetRotation	mg1117::Common	a	a	0		undefined SetRotation(undefined8 * param_1)
71000048b0	296	SetVisible	mg1117::Common	a	a	0		undefined SetVisible(long * param_1)
71000049e0	320	IsVisible	mg1117::Common	a	a	0		byte IsVisible(long * param_1)
7100004b28	4	GetDT	mg1117::Common	a	a	0		undefined GetDT(void)
7100004b2c	76	StopSound	mg1117::Common	a	a	0		undefined StopSound(undefined8 * param_1)
7100004b78	76	StopSound	mg1117::Common	a	a	0		undefined StopSound(undefined8 * param_1)
7100004bc4	468	CalcQuaternionFromMatrix	mg1117::Common	a	a	0		undefined1[16] CalcQuaternionFromMatrix(float * param_1)
7100004d98	80	CalcDirectionVector	mg1117::Common	a	a	0		undefined CalcDirectionVector(undefined8 * param_1, undefined8 * param_2)
7100004de8	32	IsDerivedFrom	nn::bezel::detail::StaticTypeDesc<nn::bezel::ComModel,false,nn::bezel::Component>	a	a	0		bool IsDerivedFrom(undefined * param_1)
7100004e08	12	GetBaseTypeDesc	nn::bezel::detail::StaticTypeDesc<nn::bezel::ComModel,false,nn::bezel::Component>	a	a	0		undefined * GetBaseTypeDesc(void)
7100004e14	20	GetNextBaseTypeDesc	nn::bezel::detail::StaticTypeDesc<nn::bezel::ComModel,false,nn::bezel::Component>	a	a	0		undefined * GetNextBaseTypeDesc(long param_1)
7100004e28	8	CastTo	nn::bezel::detail::StaticTypeDesc<nn::bezel::ComModel,false,nn::bezel::Component>	a	a	0		undefined8 CastTo(undefined8 param_1, undefined8 param_2)
7100004e30	8	CastToConst	nn::bezel::detail::StaticTypeDesc<nn::bezel::ComModel,false,nn::bezel::Component>	a	a	0		undefined8 CastToConst(undefined8 param_1, undefined8 param_2)
7100004e40	80	FUN_7100004e40		d	a	0		undefined FUN_7100004e40(void)
7100004e90	396	ComGoods	mg1117::ComGoods	a	a	0		undefined ComGoods(ComGoods * this, undefined8 * param_1, undefined8 param_2)
7100005024	64	DestroyComponentImpl	mg1117::ComGoods	a	a	0		undefined DestroyComponentImpl(ComGoods * this)
7100005064	556	ReceiveMessageImpl	mg1117::ComGoods	a	a	0		undefined ReceiveMessageImpl(undefined4 * param_1_00, ComGoods * param_2, long param_3)
7100005298	160	OnCollisionEntered	mg1117::ComGoods	a	a	0		undefined OnCollisionEntered(ComGoods * this, long param_1)
710000533c	268	OnCollisionStay	mg1117::ComGoods	a	a	0		undefined OnCollisionStay(ComGoods * this, long param_1)
7100005450	808	UpdateRubSound	mg1117::Goods	a	a	0		undefined UpdateRubSound(Goods * this)
7100005778	8	ReceiveMessageImpl	mg1117::ComGoods	a	a	0		undefined ReceiveMessageImpl(undefined4 * param_1_00, ComGoods * this, long param_3)
7100005780	468	OnCollisionHit	mg1117::ComGoods	a	a	0		undefined OnCollisionHit(ComGoods * this, long * param_1, undefined8 * param_2)
7100005960	684	ObtainGoods	mg1117::ComGoods	a	a	0		undefined ObtainGoods(ComGoods * this, undefined8 * param_1)
7100005c0c	148	EndActive	mg1117::ComGoods	a	a	0		undefined EndActive(ComGoods * this)
7100005ca0	8	GetGoodsType	mg1117::ComGoods	a	a	0		undefined4 GetGoodsType(ComGoods * this)
7100005ca8	28	GetRotation	mg1117::ComGoods	a	a	0		undefined1[16] GetRotation(void)
7100005cc4	8	GetPosition	mg1117::ComGoods	a	a	0		undefined GetPosition(void)
7100005ccc	8	GetGroupNo	mg1117::ComGoods	a	a	0		undefined4 GetGroupNo(ComGoods * this)
7100005cd4	8	SetGoodsType	mg1117::ComGoods	a	a	0		undefined SetGoodsType(ComGoods * this, undefined4 param_1)
7100005cdc	84	SetPosition	mg1117::ComGoods	a	a	0		undefined SetPosition(long param_1)
7100005d30	84	SetRotation	mg1117::ComGoods	a	a	0		undefined SetRotation(long param_1)
7100005d90	264	SetVisible	mg1117::ComGoods	a	a	0		undefined SetVisible(long param_1)
7100005ea0	80	GetLinearVelocity	mg1117::ComGoods	a	a	0		undefined1[16] GetLinearVelocity(ComGoods * this)
7100005ef0	8	IsHitConveyor	mg1117::ComGoods	a	a	0		ComGoods IsHitConveyor(ComGoods * this)
7100005ef8	152	SetCollisionParam	mg1117::ComGoods	a	a	0		undefined SetCollisionParam(ComGoods * this, uint param_1)
7100005f90	8	IsActive	mg1117::ComGoods	a	a	0		ComGoods IsActive(ComGoods * this)
7100005f98	204	BeginActive	mg1117::ComGoods	a	a	0		undefined BeginActive(long param_1, undefined4 param_2)
7100006064	60	NoticeEndActive	mg1117::Goods	a	a	0		undefined NoticeEndActive(Goods * this)
71000060a0	300	Vanish	mg1117::ComGoods	a	a	0		undefined Vanish(ComGoods * this, uint param_1)
71000061cc	196	Update	mg1117::ComGoods	a	a	0		undefined Update(ComGoods * this)
7100006290	220	Goods	mg1117::Goods	a	a	0		undefined Goods(Goods * this)
710000636c	92	~Goods	mg1117::Goods	a	a	0		undefined ~Goods(Goods * this)
71000063c8	36	~Goods	mg1117::Goods	a	a	0		undefined ~Goods(Goods * this)
71000063ec	52	GetGroupNo	mg1117::Goods	a	a	0		undefined4 GetGroupNo(Goods * this)
7100006420	52	GetGoodsType	mg1117::Goods	a	a	0		undefined4 GetGoodsType(Goods * this)
7100006454	84	GetPosition	mg1117::Goods	a	a	0		undefined1[16] GetPosition(Goods * this)
71000064a8	84	GetRotation	mg1117::Goods	a	a	0		undefined1[16] GetRotation(Goods * this)
71000064fc	112	GetLinearVelocity	mg1117::Goods	a	a	0		undefined1[16] GetLinearVelocity(Goods * this)
710000656c	20	SetVisible	mg1117::Goods	a	a	0		undefined SetVisible(Goods * this, byte param_1)
7100006580	8	SetItemGoods	mg1117::Goods	a	a	0		undefined SetItemGoods(Goods * this, Goods param_2)
7100006588	8	IsItemGoods	mg1117::Goods	a	a	0		Goods IsItemGoods(Goods * this)
7100006590	60	IsActive	mg1117::Goods	a	a	0		bool IsActive(Goods * this)
71000065cc	212	BeginActive	mg1117::Goods	a	a	0		undefined BeginActive(long * param_1, undefined4 param_2)
71000066a0	180	EndActive	mg1117::Goods	a	a	0		undefined EndActive(Goods * this)
7100006754	52	Burn	mg1117::Goods	a	a	0		undefined Burn(Goods * this)
7100006788	76	Vanish	mg1117::Goods	a	a	0		undefined Vanish(Goods * this)
71000067d4	12	StopRubSound	mg1117::Goods	a	a	0		undefined StopRubSound(Goods * this)
71000067e0	480	Update	mg1117::Goods	a	a	0		undefined Update(Goods * this)
71000069c0	76	SetCollisionParam	mg1117::Goods	a	a	0		undefined SetCollisionParam(Goods * this)
7100006a0c	224	UpdateInstanceModel	mg1117::Goods	a	a	0		undefined UpdateInstanceModel(Goods * this)
7100006aec	12	NnDetailBezelGetTypeDesc	mg1117::ComGoods	a	a	0		undefined * NnDetailBezelGetTypeDesc(void)
7100006af8	4	NnDetailBezelGetThisPtr	mg1117::ComGoods	a	a	0		undefined NnDetailBezelGetThisPtr(void)
7100006afc	4	NnDetailBezelGetThisPtrConst	mg1117::ComGoods	a	a	0		undefined NnDetailBezelGetThisPtrConst(void)
7100006b00	208	~Component	nn::bezel::Component	a	a	0		undefined ~Component(Component * this)
7100006bd0	208	~ComGoods	mg1117::ComGoods	a	a	0		undefined ~ComGoods(ComGoods * this)
7100006ca0	16	_internalGetTickMessageBitFlagSetImpl	mg1117::ComGoods	a	a	0		undefined4 _internalGetTickMessageBitFlagSetImpl(void)
7100006cb0	20	_internalGetComponentNameHashImpl	mg1117::ComGoods	a	a	0		undefined8 _internalGetComponentNameHashImpl(void)
7100006cc4	8	_internalGetReceiveMessagePriorityImpl	mg1117::ComGoods	a	a	0		undefined8 _internalGetReceiveMessagePriorityImpl(void)
7100006ccc	12	NnDetailBezelGetTypeDesc	mg1117::ComGoods	a	a	0		undefined * NnDetailBezelGetTypeDesc(void)
7100006cd8	8	NnDetailBezelGetThisPtr	mg1117::ComGoods	a	a	0		ComGoods * NnDetailBezelGetThisPtr(ComGoods * this)
7100006ce0	8	NnDetailBezelGetThisPtrConst	mg1117::ComGoods	a	a	0		ComGoods * NnDetailBezelGetThisPtrConst(ComGoods * this)
7100006cf0	208	~ComGoods	mg1117::ComGoods	a	a	0		undefined ~ComGoods(ComGoods * this)
7100006dc0	208	~ComGoods	mg1117::ComGoods	a	a	0		undefined ~ComGoods(ComGoods * this)
7100006e90	4	NoticeCollisionEntered	mg1117::Goods	a	a	0		undefined NoticeCollisionEntered(void)
7100006e94	4	NoticeCollisionStay	mg1117::Goods	a	a	0		undefined NoticeCollisionStay(void)
7100006e98	4	NoticeObtainGoods	mg1117::Goods	a	a	0		undefined NoticeObtainGoods(void)
7100006e9c	4	OnBeginActive	mg1117::Goods	a	a	0		undefined OnBeginActive(void)
7100006ea0	4	OnEndActive	mg1117::Goods	a	a	0		undefined OnEndActive(void)
7100006ea4	4	OnUpdate	mg1117::Goods	a	a	0		undefined OnUpdate(void)
7100006ea8	4	OnUpdateInstanceModel	mg1117::Goods	a	a	0		undefined OnUpdateInstanceModel(void)
7100006eac	32	IsDerivedFrom	nn::bezel::detail::StaticTypeDesc<mg1117::ComGoods,false,nn::bezel::Component>	a	a	0		bool IsDerivedFrom(undefined * param_1)
7100006ecc	12	GetBaseTypeDesc	nn::bezel::detail::StaticTypeDesc<mg1117::ComGoods,false,nn::bezel::Component>	a	a	0		undefined * GetBaseTypeDesc(void)
7100006ed8	20	GetNextBaseTypeDesc	nn::bezel::detail::StaticTypeDesc<mg1117::ComGoods,false,nn::bezel::Component>	a	a	0		undefined * GetNextBaseTypeDesc(long param_1)
7100006eec	8	CastTo	nn::bezel::detail::StaticTypeDesc<mg1117::ComGoods,false,nn::bezel::Component>	a	a	0		undefined8 CastTo(undefined8 param_1, undefined8 param_2)
7100006ef4	8	CastToConst	nn::bezel::detail::StaticTypeDesc<mg1117::ComGoods,false,nn::bezel::Component>	a	a	0		undefined8 CastToConst(undefined8 param_1, undefined8 param_2)
7100006f00	360	Reset	nn::bezel::HandleSource<nn::bezel::Component>	a	a	0		undefined Reset(HandleSource<nn::bezel::Component> * this, long param_1)
7100007068	56	IsDerivedFrom	nn::bezel::detail::StaticTypeDesc<nn::bezel::ComRigidBody,false,nn::bezel::ComCollision>	a	a	0		bool IsDerivedFrom(undefined * param_1)
71000070a0	12	GetBaseTypeDesc	nn::bezel::detail::StaticTypeDesc<nn::bezel::ComRigidBody,false,nn::bezel::ComCollision>	a	a	0		undefined * GetBaseTypeDesc(void)
71000070ac	20	GetNextBaseTypeDesc	nn::bezel::detail::StaticTypeDesc<nn::bezel::ComRigidBody,false,nn::bezel::ComCollision>	a	a	0		undefined * GetNextBaseTypeDesc(long param_1)
71000070c0	8	CastTo	nn::bezel::detail::StaticTypeDesc<nn::bezel::ComRigidBody,false,nn::bezel::ComCollision>	a	a	0		undefined8 CastTo(undefined8 param_1, undefined8 param_2)
71000070c8	8	CastToConst	nn::bezel::detail::StaticTypeDesc<nn::bezel::ComRigidBody,false,nn::bezel::ComCollision>	a	a	0		undefined8 CastToConst(undefined8 param_1, undefined8 param_2)
71000070d0	32	IsDerivedFrom	nn::bezel::detail::StaticTypeDesc<nn::bezel::ComCollision,false,nn::bezel::Component>	a	a	0		bool IsDerivedFrom(undefined * param_1)
71000070f0	12	GetBaseTypeDesc	nn::bezel::detail::StaticTypeDesc<nn::bezel::ComCollision,false,nn::bezel::Component>	a	a	0		undefined * GetBaseTypeDesc(void)
71000070fc	20	GetNextBaseTypeDesc	nn::bezel::detail::StaticTypeDesc<nn::bezel::ComCollision,false,nn::bezel::Component>	a	a	0		undefined * GetNextBaseTypeDesc(long param_1)
7100007110	8	CastTo	nn::bezel::detail::StaticTypeDesc<nn::bezel::ComCollision,false,nn::bezel::Component>	a	a	0		undefined8 CastTo(undefined8 param_1, undefined8 param_2)
7100007118	8	CastToConst	nn::bezel::detail::StaticTypeDesc<nn::bezel::ComCollision,false,nn::bezel::Component>	a	a	0		undefined8 CastToConst(undefined8 param_1, undefined8 param_2)
7100007120	20	IsDerivedFrom	nn::bezel::detail::StaticTypeDesc<nn::bezel::MessageParamCollisionEntered,true>	a	a	0		bool IsDerivedFrom(undefined * param_1)
7100007134	8	GetBaseTypeDesc	nn::bezel::detail::StaticTypeDesc<nn::bezel::MessageParamCollisionEntered,true>	a	a	0		undefined8 GetBaseTypeDesc(void)
710000713c	8	GetNextBaseTypeDesc	nn::bezel::detail::StaticTypeDesc<nn::bezel::MessageParamCollisionEntered,true>	a	a	0		undefined8 GetNextBaseTypeDesc(void)
7100007144	8	CastTo	nn::bezel::detail::StaticTypeDesc<nn::bezel::MessageParamCollisionEntered,true>	a	a	0		undefined8 CastTo(undefined8 param_1, undefined8 param_2)
710000714c	8	CastToConst	nn::bezel::detail::StaticTypeDesc<nn::bezel::MessageParamCollisionEntered,true>	a	a	0		undefined8 CastToConst(undefined8 param_1, undefined8 param_2)
7100007154	20	IsDerivedFrom	nn::bezel::detail::StaticTypeDesc<nn::bezel::MessageParamCollisionStay,true>	a	a	0		bool IsDerivedFrom(undefined * param_1)
7100007168	8	GetBaseTypeDesc	nn::bezel::detail::StaticTypeDesc<nn::bezel::MessageParamCollisionStay,true>	a	a	0		undefined8 GetBaseTypeDesc(void)
7100007170	8	GetNextBaseTypeDesc	nn::bezel::detail::StaticTypeDesc<nn::bezel::MessageParamCollisionStay,true>	a	a	0		undefined8 GetNextBaseTypeDesc(void)
7100007178	8	CastTo	nn::bezel::detail::StaticTypeDesc<nn::bezel::MessageParamCollisionStay,true>	a	a	0		undefined8 CastTo(undefined8 param_1, undefined8 param_2)
7100007180	8	CastToConst	nn::bezel::detail::StaticTypeDesc<nn::bezel::MessageParamCollisionStay,true>	a	a	0		undefined8 CastToConst(undefined8 param_1, undefined8 param_2)
71000071d8	4	FUN_71000071d8		d	a	0		undefined FUN_71000071d8(void)
71000071dc	4	operator.delete	<EXTERNAL>	d	a	1		void operator.delete(void * param_1)
71000071e0	52	FUN_71000071e0		d	a	0		undefined FUN_71000071e0(undefined8 param_1, undefined8 * param_2)
7100007268	4	FUN_7100007268		d	a	0		undefined FUN_7100007268(void)
710000726c	4	operator.delete	<EXTERNAL>	d	a	1		void operator.delete(void * param_1)
71000074b4	20	FUN_71000074b4		d	a	0		undefined FUN_71000074b4(void)
71000074c8	308	GoodsCoinBase	mg1117::GoodsCoinBase	a	a	0		undefined GoodsCoinBase(GoodsCoinBase * this, undefined4 param_1)
71000075fc	20	OnBeginActive	mg1117::GoodsCoinBase	a	a	0		undefined OnBeginActive(GoodsCoinBase * this)
7100007610	20	OnEndActive	mg1117::GoodsCoinBase	a	a	0		undefined OnEndActive(GoodsCoinBase * this)
7100007624	448	OnUpdateInstanceModel	mg1117::GoodsCoinBase	a	a	0		undefined OnUpdateInstanceModel(GoodsCoinBase * this)
71000077e4	128	GoodsCoin	mg1117::GoodsCoin	a	a	0		undefined GoodsCoin(GoodsCoin * this)
7100007870	548	GoodsRedCoin	mg1117::GoodsRedCoin	a	a	0		undefined GoodsRedCoin(GoodsRedCoin * this)
7100007aa0	172	~GoodsRedCoin	mg1117::GoodsRedCoin	a	a	0		undefined ~GoodsRedCoin(GoodsRedCoin * this)
7100007b4c	36	~GoodsRedCoin	mg1117::GoodsRedCoin	a	a	0		undefined ~GoodsRedCoin(GoodsRedCoin * this)
7100007b70	80	~GoodsCoinBase	mg1117::GoodsCoinBase	a	a	0		undefined ~GoodsCoinBase(GoodsCoinBase * this)
7100007bc0	72	~GoodsCoinBase	mg1117::GoodsCoinBase	a	a	0		undefined ~GoodsCoinBase(GoodsCoinBase * this)
7100007c08	80	~GoodsCoin	mg1117::GoodsCoin	a	a	0		undefined ~GoodsCoin(GoodsCoin * this)
7100007c60	56	FUN_7100007c60		d	a	0		undefined FUN_7100007c60(long param_1)
7100007cb0	4	FUN_7100007cb0		d	a	0		undefined FUN_7100007cb0(void)
7100007cb4	4	operator.delete	<EXTERNAL>	d	a	1		void operator.delete(void * param_1)
7100007db0	468	AddComponent<mg1117::ComGoods,mg1117::GoodsCoinBase*,(void*)0>	nn::bezel::Entity	a	a	0		WeakHandle AddComponent<mg1117::ComGoods,mg1117::GoodsCoinBase*,(void*)0>(long * param_1_00, HandlePtr * param_2, undefined8 * param_3)
7100007f8c	368	SafeCreate<mg1117::ComGoods,nn::bezel::HandlePtr<nn::bezel::Entity>const&,mg1117::GoodsCoinBase*>	bex::ComponentUtil	a	a	0		WeakHandle SafeCreate<mg1117::ComGoods,nn::bezel::HandlePtr<nn::bezel::Entity>const&,mg1117::GoodsCoinBase*>(long * param_1_00, ComponentUtil * this, undefined8 * param_3)
7100008110	216	GoodsGroup	mg1117::GoodsGroup	a	a	0		undefined GoodsGroup(GoodsGroup * this)
71000081e8	68	~GoodsGroup	mg1117::GoodsGroup	a	a	0		undefined ~GoodsGroup(GoodsGroup * this)
710000822c	24	Setup	mg1117::GoodsGroup	a	a	0		undefined Setup(GoodsGroup * this, undefined4 param_1, undefined4 param_2)
7100008244	12	GetGroupNo	mg1117::GoodsGroup	a	a	0		undefined4 GetGroupNo(GoodsGroup * this)
7100008250	12	GetPlacePatternNo	mg1117::GoodsGroup	a	a	0		undefined4 GetPlacePatternNo(GoodsGroup * this)
710000825c	40	SetCenterMatrix	mg1117::GoodsGroup	a	a	0		undefined SetCenterMatrix(GoodsGroup * this, undefined8 * param_1)
7100008284	12	GetCenterMatrix	mg1117::GoodsGroup	a	a	0		long GetCenterMatrix(GoodsGroup * this)
7100008290	16	EntryGoods	mg1117::GoodsGroup	a	a	0		undefined EntryGoods(GoodsGroup * this, long * param_1)
71000082a0	272	EntryGoods	mg1117::GoodsGroup::Pimpl	a	a	0		undefined EntryGoods(long * param_1, long * param_2)
71000083b0	8	EntryGoods	mg1117::GoodsGroup	a	a	0		undefined EntryGoods(undefined8 * param_1, long * param_2)
71000083c0	156	IsExistGoods	mg1117::GoodsGroup	a	a	0		undefined8 IsExistGoods(GoodsGroup * this)
7100008460	8	AppearCoinBag	mg1117::GoodsGroup	a	a	0		bool AppearCoinBag(GoodsGroup * this, long * param_1)
7100008470	312	AppearCoinBag	mg1117::GoodsGroup::Pimpl	a	a	0		bool AppearCoinBag(Pimpl * this, long * param_1)
71000085b0	20	FUN_71000085b0		d	a	0		undefined FUN_71000085b0(void)
71000085c4	80	GoodsMan	mg1117::GoodsMan	a	a	0		undefined GoodsMan(GoodsMan * this)
7100008630	4584	Pimpl	mg1117::GoodsMan::Pimpl	a	a	0		undefined Pimpl(Pimpl * this)
71000098b8	60	~GoodsMan	mg1117::GoodsMan	a	a	0		undefined ~GoodsMan(void)
7100009900	132	GetUnusedGoods	mg1117::GoodsMan	a	a	0		undefined8 GetUnusedGoods(int param_1)
7100009984	44	GetFrontGoodsGroupNo	mg1117::GoodsMan	a	a	0		undefined4 GetFrontGoodsGroupNo(void)
71000099b0	104	GetValidFrontGoodsGroupNo	mg1117::GoodsMan	a	a	0		undefined4 GetValidFrontGoodsGroupNo(void)
7100009a18	32	GetGoodsGroupPosition	mg1117::GoodsMan	a	a	0		undefined GetGoodsGroupPosition(int param_1, float * param_2)
7100009a40	812	GetGoodsGroupPosition	mg1117::GoodsMan::Pimpl	a	a	0		undefined GetGoodsGroupPosition(Pimpl * this, int param_1, float * param_2)
7100009d70	84	SetActive	mg1117::GoodsMan	a	a	0		undefined SetActive(byte param_1)
7100009dc4	24	PlacementGoods	mg1117::GoodsMan	a	a	0		undefined PlacementGoods(void)
7100009de0	2356	PlacementGoods	mg1117::GoodsMan::Pimpl	a	a	0		undefined PlacementGoods(Pimpl * this)
710000a720	76	IsValidFrontGoodsGroup	mg1117::GoodsMan	a	a	0		undefined8 IsValidFrontGoodsGroup(void)
710000a76c	64	RemoveFrontGoodsGroup	mg1117::GoodsMan	a	a	0		undefined RemoveFrontGoodsGroup(void)
710000a7ac	40	IsReserveItemCoinBag	mg1117::GoodsMan	a	a	0		bool IsReserveItemCoinBag(void)
710000a7d4	36	SubReserveItemCoinBagCount	mg1117::GoodsMan	a	a	0		undefined SubReserveItemCoinBagCount(void)
710000a800	76	BurnGoods	mg1117::GoodsMan	a	a	0		undefined BurnGoods(void)
710000a84c	28	BeginItemUse	mg1117::GoodsMan	a	a	0		undefined BeginItemUse(char param_1)
710000a870	276	BeginItemUse	mg1117::GoodsMan::Pimpl	a	a	0		undefined BeginItemUse(Pimpl * this, char param_1)
710000a984	40	EndItemUse	mg1117::GoodsMan	a	a	0		undefined EndItemUse(char param_1)
710000a9b0	120	SetupLevel	mg1117::GoodsMan	a	a	0		undefined SetupLevel(void)
710000aa30	24	Update	mg1117::GoodsMan	a	a	0		undefined Update(void)
710000aa50	936	Update	mg1117::GoodsMan::Pimpl	a	a	0		undefined Update(Pimpl * this)
710000ae00	256	FUN_710000ae00		d	a	0		undefined FUN_710000ae00(undefined8 * param_1, undefined8 param_2)
710000af08	20	FUN_710000af08		d	a	0		undefined FUN_710000af08(void)
710000af20	228	FUN_710000af20		d	a	0		undefined FUN_710000af20(undefined8 * param_1)
710000b010	20	FUN_710000b010		d	a	0		undefined FUN_710000b010(void)
710000b024	20	FUN_710000b024		d	a	0		undefined FUN_710000b024(void)
710000b038	20	FUN_710000b038		d	a	0		undefined FUN_710000b038(void)
710000b050	52	FUN_710000b050		d	a	0		undefined FUN_710000b050(long param_1)
710000b09c	4	FUN_710000b09c		d	a	0		undefined FUN_710000b09c(void)
710000b0a0	4	operator.delete	<EXTERNAL>	d	a	1		void operator.delete(void * param_1)
710000b600	20	FUN_710000b600		d	a	0		undefined FUN_710000b600(void)
710000b614	20	FUN_710000b614		d	a	0		undefined FUN_710000b614(void)
710000b62c	64	FUN_710000b62c		d	a	0		undefined FUN_710000b62c(long param_1)
710000b690	4	operator.delete	<EXTERNAL>	d	a	1		void operator.delete(void * param_1)
710000bed0	468	AddComponent<bq::ComMatter,char(&)[128],(void*)0>	nn::bezel::Entity	a	a	0		WeakHandle AddComponent<bq::ComMatter,char(&)[128],(void*)0>(long * param_1_00, HandlePtr * param_2, char * param_3)
710000c0b0	308	FindUserData	nn::g3d::ResBone	a	a	0		long FindUserData(ResBone * this, char * param_1)
710000c1e8	384	SafeCreate<bq::ComMatter,nn::bezel::HandlePtr<nn::bezel::Entity>const&,char(&)[128]>	bex::ComponentUtil	a	a	0		WeakHandle SafeCreate<bq::ComMatter,nn::bezel::HandlePtr<nn::bezel::Entity>const&,char(&)[128]>(long * param_1_00, ComponentUtil * this, char * param_3)
710000c378	32	IsDerivedFrom	nn::bezel::detail::StaticTypeDesc<bq::ComMatter,false,nn::bezel::Component>	a	a	0		bool IsDerivedFrom(undefined * param_1)
710000c398	12	GetBaseTypeDesc	nn::bezel::detail::StaticTypeDesc<bq::ComMatter,false,nn::bezel::Component>	a	a	0		undefined * GetBaseTypeDesc(void)
710000c3a4	20	GetNextBaseTypeDesc	nn::bezel::detail::StaticTypeDesc<bq::ComMatter,false,nn::bezel::Component>	a	a	0		undefined * GetNextBaseTypeDesc(long param_1)
710000c3b8	8	CastTo	nn::bezel::detail::StaticTypeDesc<bq::ComMatter,false,nn::bezel::Component>	a	a	0		undefined8 CastTo(undefined8 param_1, undefined8 param_2)
710000c3c0	8	CastToConst	nn::bezel::detail::StaticTypeDesc<bq::ComMatter,false,nn::bezel::Component>	a	a	0		undefined8 CastToConst(undefined8 param_1, undefined8 param_2)
710000c3c8	20	FUN_710000c3c8		d	a	0		undefined FUN_710000c3c8(void)
710000c3e0	684	FUN_710000c3e0		d	a	0		undefined FUN_710000c3e0(undefined8 * param_1, undefined8 * param_2)
710000c730	272	~Pimpl	mg1117::GoodsMan::Pimpl	a	a	0		undefined ~Pimpl(Pimpl * this)
710000c848	308	GoodsToy	mg1117::GoodsToy	a	a	0		undefined GoodsToy(GoodsToy * this, uint param_1)
710000c97c	4	~GoodsToy	mg1117::GoodsToy	a	a	0		undefined ~GoodsToy(void)
710000c980	36	~GoodsToy	mg1117::GoodsToy	a	a	0		undefined ~GoodsToy(GoodsToy * this)
710000c9a4	56	OnUpdate	mg1117::GoodsToy	a	a	0		undefined OnUpdate(GoodsToy * this)
710000c9dc	100	NoticeCollisionEntered	mg1117::GoodsToy	a	a	0		undefined NoticeCollisionEntered(GoodsToy * this, long * param_1)
710000ca40	584	PlayHitSound	mg1117::GoodsToy	a	a	0		undefined PlayHitSound(GoodsToy * this, uint param_1, long * param_2, Vector3f * param_3)
710000cc90	68	NoticeObtainGoods	mg1117::GoodsToy	a	a	0		undefined NoticeObtainGoods(GoodsToy * this, long * param_1)
710000ccd8	56	FUN_710000ccd8		d	a	0		undefined FUN_710000ccd8(long param_1)
710000cd28	4	FUN_710000cd28		d	a	0		undefined FUN_710000cd28(void)
710000cd2c	4	operator.delete	<EXTERNAL>	d	a	1		void operator.delete(void * param_1)
710000ce70	468	AddComponent<mg1117::ComGoods,mg1117::GoodsToy*,(void*)0>	nn::bezel::Entity	a	a	0		WeakHandle AddComponent<mg1117::ComGoods,mg1117::GoodsToy*,(void*)0>(long * param_1_00, HandlePtr * param_2, undefined8 * param_3)
710000d04c	368	SafeCreate<mg1117::ComGoods,nn::bezel::HandlePtr<nn::bezel::Entity>const&,mg1117::GoodsToy*>	bex::ComponentUtil	a	a	0		WeakHandle SafeCreate<mg1117::ComGoods,nn::bezel::HandlePtr<nn::bezel::Entity>const&,mg1117::GoodsToy*>(long * param_1_00, ComponentUtil * this, undefined8 * param_3)
710000d1cc	192	ItemBoxMan	mg1117::ItemBoxMan	a	a	0		undefined ItemBoxMan(ItemBoxMan * this)
710000d28c	48	~ItemBoxMan	mg1117::ItemBoxMan	a	a	0		undefined ~ItemBoxMan(void)
710000d2bc	68	GetGroupNo	mg1117::ItemBoxMan	a	a	0		undefined4 GetGroupNo(void)
710000d300	56	GetAppearItemBoxPosition	mg1117::ItemBoxMan	a	a	0		undefined1[16] GetAppearItemBoxPosition(void)
710000d338	664	GetAppearItemBoxPosition	mg1117::ItemBoxMan::Pimpl	a	a	0		undefined GetAppearItemBoxPosition(void)
710000d5d0	24	ReservePlacement	mg1117::ItemBoxMan	a	a	0		undefined ReservePlacement(void)
710000d5e8	160	ReservePlacement	mg1117::ItemBoxMan::Pimpl	a	a	0		undefined ReservePlacement(Pimpl * this)
710000d688	40	IsReservePlacement	mg1117::ItemBoxMan	a	a	0		bool IsReservePlacement(void)
710000d6b0	32	PlacementItemBox	mg1117::ItemBoxMan	a	a	0		undefined PlacementItemBox(undefined4 param_1, Vector3f * param_2)
710000d6d0	288	PlacementItemBox	mg1117::ItemBoxMan::Pimpl	a	a	0		undefined PlacementItemBox(Pimpl * this, undefined4 param_1, Vector3f * param_2)
710000d7f0	112	EndActive	mg1117::ItemBoxMan	a	a	0		undefined EndActive(void)
710000d860	24	Update	mg1117::ItemBoxMan	a	a	0		undefined Update(void)
710000d878	316	Update	mg1117::ItemBoxMan::Pimpl	a	a	0		undefined Update(Pimpl * this)
710000d9b4	4	~__func	std::__function::__func<mg1117::ItemBoxMan::Pimpl::Pimpl()::{lambda(nn::bezel::HandlePtr<nn::bezel::Entity>)#1},std::allocator<mg1117::ItemBoxMan::Pimpl::Pimpl()::{lambda(nn::bezel::HandlePtr<nn::bezel::Entity>)#1}>,void(nn::bezel::HandlePtr<nn::bezel::Entity>)>	a	a	0		undefined ~__func(__func<mg1117::ItemBoxMan::Pimpl::Pimpl()::{lambda(nn::bezel::HandlePtr<nn::bezel::Entity>)#1},std::allocator<mg1117::ItemBoxMan::Pimpl::Pimpl()::{lambda(nn::bezel::HandlePtr<nn::bezel::Entity>)#1}>,void(nn::bezel::HandlePtr<nn::bezel::Entity>)> * this)
710000d9b8	56	__clone	std::__function::__func<mg1117::ItemBoxMan::Pimpl::Pimpl()::{lambda(nn::bezel::HandlePtr<nn::bezel::Entity>)#1},std::allocator<mg1117::ItemBoxMan::Pimpl::Pimpl()::{lambda(nn::bezel::HandlePtr<nn::bezel::Entity>)#1}>,void(nn::bezel::HandlePtr<nn::bezel::Entity>)>	a	a	0		undefined __clone(__func<mg1117::ItemBoxMan::Pimpl::Pimpl()::{lambda(nn::bezel::HandlePtr<nn::bezel::Entity>)#1},std::allocator<mg1117::ItemBoxMan::Pimpl::Pimpl()::{lambda(nn::bezel::HandlePtr<nn::bezel::Entity>)#1}>,void(nn::bezel::HandlePtr<nn::bezel::Entity>)> * this)
710000d9f0	28	__clone	std::__function::__func<mg1117::ItemBoxMan::Pimpl::Pimpl()::{lambda(nn::bezel::HandlePtr<nn::bezel::Entity>)#1},std::allocator<mg1117::ItemBoxMan::Pimpl::Pimpl()::{lambda(nn::bezel::HandlePtr<nn::bezel::Entity>)#1}>,void(nn::bezel::HandlePtr<nn::bezel::Entity>)>	a	a	0		undefined __clone(__func<mg1117::ItemBoxMan::Pimpl::Pimpl()::{lambda(nn::bezel::HandlePtr<nn::bezel::Entity>)#1},std::allocator<mg1117::ItemBoxMan::Pimpl::Pimpl()::{lambda(nn::bezel::HandlePtr<nn::bezel::Entity>)#1}>,void(nn::bezel::HandlePtr<nn::bezel::Entity>)> * this, long * param_1)
710000da0c	4	destroy	std::__function::__func<mg1117::ItemBoxMan::Pimpl::Pimpl()::{lambda(nn::bezel::HandlePtr<nn::bezel::Entity>)#1},std::allocator<mg1117::ItemBoxMan::Pimpl::Pimpl()::{lambda(nn::bezel::HandlePtr<nn::bezel::Entity>)#1}>,void(nn::bezel::HandlePtr<nn::bezel::Entity>)>	a	a	0		undefined destroy(void)
710000da10	4	destroy_deallocate	std::__function::__func<mg1117::ItemBoxMan::Pimpl::Pimpl()::{lambda(nn::bezel::HandlePtr<nn::bezel::Entity>)#1},std::allocator<mg1117::ItemBoxMan::Pimpl::Pimpl()::{lambda(nn::bezel::HandlePtr<nn::bezel::Entity>)#1}>,void(nn::bezel::HandlePtr<nn::bezel::Entity>)>	a	a	0		undefined destroy_deallocate(__func<mg1117::ItemBoxMan::Pimpl::Pimpl()::{lambda(nn::bezel::HandlePtr<nn::bezel::Entity>)#1},std::allocator<mg1117::ItemBoxMan::Pimpl::Pimpl()::{lambda(nn::bezel::HandlePtr<nn::bezel::Entity>)#1}>,void(nn::bezel::HandlePtr<nn::bezel::Entity>)> * this)
710000da14	48	operator()	std::__function::__func<mg1117::ItemBoxMan::Pimpl::Pimpl()::{lambda(nn::bezel::HandlePtr<nn::bezel::Entity>)#1},std::allocator<mg1117::ItemBoxMan::Pimpl::Pimpl()::{lambda(nn::bezel::HandlePtr<nn::bezel::Entity>)#1}>,void(nn::bezel::HandlePtr<nn::bezel::Entity>)>	a	a	0		undefined operator()(__func<mg1117::ItemBoxMan::Pimpl::Pimpl()::{lambda(nn::bezel::HandlePtr<nn::bezel::Entity>)#1},std::allocator<mg1117::ItemBoxMan::Pimpl::Pimpl()::{lambda(nn::bezel::HandlePtr<nn::bezel::Entity>)#1}>,void(nn::bezel::HandlePtr<nn::bezel::Entity>)> * this, undefined8 * param_1)
710000da50	1116	operator()	mg1117::ItemBoxMan::Pimpl::Pimpl()::{lambda(nn::bezel::HandlePtr<nn::bezel::Entity>)#1}	a	a	0		undefined operator()({lambda(nn::bezel::HandlePtr<nn::bezel::Entity>)#1} * this, HandlePtr * param_1)
710000dee0	208	FUN_710000dee0		d	a	0		undefined FUN_710000dee0(long * param_1)
710000dfb0	64	FUN_710000dfb0		d	a	0		undefined FUN_710000dfb0(long * param_1)
710000e014	364	FUN_710000e014		d	a	0		undefined FUN_710000e014(undefined4 * param_1, long param_2, long param_3)
710000e280	208	FUN_710000e280		d	a	0		undefined FUN_710000e280(long * param_1)
710000e3b0	80	FUN_710000e3b0		d	a	0		undefined FUN_710000e3b0(void)
710000e400	80	FUN_710000e400		d	a	0		undefined FUN_710000e400(void)
710000e450	80	FUN_710000e450		d	a	0		undefined FUN_710000e450(void)
710000e4a0	80	FUN_710000e4a0		d	a	0		undefined FUN_710000e4a0(void)
710000e4f0	80	FUN_710000e4f0		d	a	0		undefined FUN_710000e4f0(void)
710000e540	260	LayoutMan	mg1117::LayoutMan	a	a	0		undefined LayoutMan(LayoutMan * this)
710000e644	48	~LayoutMan	mg1117::LayoutMan	a	a	0		undefined ~LayoutMan(void)
710000e674	24	ShowGoodsMenu	mg1117::LayoutMan	a	a	0		undefined ShowGoodsMenu(undefined1[16] param_1, undefined1[16] param_2)
710000e68c	264	ShowGoodsMenu	mg1117::LayoutMan::Pimpl	a	a	0		undefined ShowGoodsMenu(undefined1[16] param_1, undefined1[16] param_2, Pimpl * param_3)
710000e794	72	HideGoodsMenu	mg1117::LayoutMan	a	a	0		undefined HideGoodsMenu(void)
710000e7e0	464	AddComponent<ca::ui::CaComUiVisible,,(void*)0>	nn::bezel::Entity	a	a	0		WeakHandle AddComponent<ca::ui::CaComUiVisible,,(void*)0>(long * param_1, HandlePtr * param_2)
710000e9b8	32	IsDerivedFrom	nn::bezel::detail::StaticTypeDesc<ca::ui::CaComUiVisible,false,nn::bezel::Component>	a	a	0		bool IsDerivedFrom(undefined * param_1)
710000e9d8	12	GetBaseTypeDesc	nn::bezel::detail::StaticTypeDesc<ca::ui::CaComUiVisible,false,nn::bezel::Component>	a	a	0		undefined * GetBaseTypeDesc(void)
710000e9e4	20	GetNextBaseTypeDesc	nn::bezel::detail::StaticTypeDesc<ca::ui::CaComUiVisible,false,nn::bezel::Component>	a	a	0		undefined * GetNextBaseTypeDesc(long param_1)
710000e9f8	8	CastTo	nn::bezel::detail::StaticTypeDesc<ca::ui::CaComUiVisible,false,nn::bezel::Component>	a	a	0		undefined8 CastTo(undefined8 param_1, undefined8 param_2)
710000ea00	8	CastToConst	nn::bezel::detail::StaticTypeDesc<ca::ui::CaComUiVisible,false,nn::bezel::Component>	a	a	0		undefined8 CastToConst(undefined8 param_1, undefined8 param_2)
710000ea08	660	SetupGoodsMenu	mg1117::LayoutMan::Pimpl	a	a	0		undefined SetupGoodsMenu(Pimpl * this, short param_1, undefined8 param_2, undefined8 param_3)
710000ec9c	12	NnDetailBezelGetTypeDesc	nn::bezel::StringViewHashPair	a	a	0		undefined * NnDetailBezelGetTypeDesc(void)
710000eca8	4	NnDetailBezelGetThisPtr	nn::bezel::StringViewHashPair	a	a	0		undefined NnDetailBezelGetThisPtr(void)
710000ecac	4	NnDetailBezelGetThisPtrConst	nn::bezel::StringViewHashPair	a	a	0		undefined NnDetailBezelGetThisPtrConst(void)
710000ecb0	20	IsDerivedFrom	nn::bezel::detail::StaticTypeDesc<nn::bezel::StringViewHashPair,true>	a	a	0		bool IsDerivedFrom(undefined * param_1)
710000ecc4	8	GetBaseTypeDesc	nn::bezel::detail::StaticTypeDesc<nn::bezel::StringViewHashPair,true>	a	a	0		undefined8 GetBaseTypeDesc(void)
710000eccc	8	GetNextBaseTypeDesc	nn::bezel::detail::StaticTypeDesc<nn::bezel::StringViewHashPair,true>	a	a	0		undefined8 GetNextBaseTypeDesc(void)
710000ecd4	8	CastTo	nn::bezel::detail::StaticTypeDesc<nn::bezel::StringViewHashPair,true>	a	a	0		undefined8 CastTo(undefined8 param_1, undefined8 param_2)
710000ecdc	8	CastToConst	nn::bezel::detail::StaticTypeDesc<nn::bezel::StringViewHashPair,true>	a	a	0		undefined8 CastToConst(undefined8 param_1, undefined8 param_2)
710000ece4	80	MapMan	mg1117::MapMan	a	a	0		undefined MapMan(MapMan * this)
710000ed50	5628	Pimpl	mg1117::MapMan::Pimpl	a	a	0		undefined Pimpl(Pimpl * this)
71000103a8	60	~MapMan	mg1117::MapMan	a	a	0		undefined ~MapMan(void)
71000103e4	60	GetHookPosition	mg1117::MapMan	a	a	0		undefined1[16] GetHookPosition(char * param_1)
7100010420	400	GetHookPosition	mg1117::MapMan::Pimpl	a	a	0		undefined1[16] GetHookPosition(Pimpl * this, char * param_2)
71000105b8	88	SetActive	mg1117::MapMan	a	a	0		undefined SetActive(ulong param_1)
7100010610	32	StopConveyorSound	mg1117::MapMan	a	a	0		undefined StopConveyorSound(void)
7100010630	40	StopGauge	mg1117::MapMan	a	a	0		undefined StopGauge(void)
7100010658	36	StartTurn	mg1117::MapMan	a	a	0		undefined StartTurn(void)
7100010680	672	StartTurn	mg1117::MapMan::Pimpl	a	a	0		undefined StartTurn(Pimpl * this)
7100010920	40	IsEndTurn	mg1117::MapMan	a	a	0		bool IsEndTurn(void)
7100010948	24	StartTurnIdle	mg1117::MapMan	a	a	0		undefined StartTurnIdle(void)
7100010960	224	StartTurnIdle	mg1117::MapMan::Pimpl	a	a	0		undefined StartTurnIdle(Pimpl * this)
7100010a48	48	IsEndTurnIdle	mg1117::MapMan	a	a	0		undefined8 IsEndTurnIdle(void)
7100010a78	504	GetTurnRotation	mg1117::MapMan	a	a	0		undefined1[16] GetTurnRotation(void)
7100010c70	40	GetTurnDirectionVector	mg1117::MapMan	a	a	0		undefined1[16] GetTurnDirectionVector(void)
7100010c98	36	EntryAttachModel	mg1117::MapMan	a	a	0		undefined EntryAttachModel(undefined8 * param_1, undefined8 * param_2, undefined8 * param_3)
7100010cc0	452	EntryAttachModel	mg1117::MapMan::Pimpl	a	a	0		undefined EntryAttachModel(Pimpl * this, undefined8 * param_1, undefined8 * param_2, undefined8 * param_3)
7100010e84	580	AttachModel	mg1117::MapMan	a	a	0		undefined AttachModel(undefined1[16] param_1_00, undefined1[16] param_2_00, undefined8 param_3, undefined1[16] param_4, undefined8 * param_5, char * param_6)
71000110c8	28	EntryTurnTable	mg1117::MapMan	a	a	0		undefined EntryTurnTable(undefined8 * param_1)
71000110f0	360	EntryTurnTable	mg1117::MapMan::Pimpl	a	a	0		undefined EntryTurnTable(Pimpl * this, undefined8 * param_1)
7100011258	28	EntryTurnTable	mg1117::MapMan	a	a	0		undefined EntryTurnTable(long * param_1)
7100011280	792	EntryTurnTable	mg1117::MapMan::Pimpl	a	a	0		undefined EntryTurnTable(Pimpl * this, long * param_1)
7100011598	28	EntryTurnTable	mg1117::MapMan	a	a	0		undefined EntryTurnTable(undefined8 * param_1)
71000115c0	920	EntryTurnTable	mg1117::MapMan::Pimpl	a	a	0		undefined EntryTurnTable(Pimpl * this, undefined8 * param_1)
7100011960	124	RemoveTurnTable	mg1117::MapMan	a	a	0		undefined RemoveTurnTable(long param_1)
71000119dc	312	CheckVanish	mg1117::MapMan	a	a	0		undefined8 CheckVanish(float param_1, undefined8 * param_2)
7100011b20	180	BeginItemUse	mg1117::MapMan	a	a	0		undefined BeginItemUse(char param_1)
7100011be0	180	EndItemUse	mg1117::MapMan	a	a	0		undefined EndItemUse(char param_1)
7100011c98	24	SkipOpening	mg1117::MapMan	a	a	0		undefined SkipOpening(void)
7100011cb0	548	SkipOpening	mg1117::MapMan::Pimpl	a	a	0		undefined SkipOpening(Pimpl * this)
7100011ee0	92	SetupLevel	mg1117::MapMan	a	a	0		undefined SetupLevel(void)
7100011f40	24	Update	mg1117::MapMan	a	a	0		undefined Update(void)
7100011f60	1220	Update	mg1117::MapMan::Pimpl	a	a	0		undefined Update(Pimpl * this)
7100012430	440	FUN_7100012430		d	a	0		undefined FUN_7100012430(long * param_1, ulong param_2)
71000125e8	264	FUN_71000125e8		d	a	0		undefined FUN_71000125e8(undefined8 * param_1, short param_2)
71000126f0	1080	TextureInfo	mg1117::TextureInfo	a	a	0		undefined TextureInfo(TextureInfo * this, long * param_1, char * param_2, char * param_3, char * param_4, char * param_5, char * param_6, undefined8 param_7)
7100012c08	164	~TextureInfo	mg1117::TextureInfo	a	a	0		undefined ~TextureInfo(TextureInfo * this)
7100012cb0	2356	UpdateTurn	mg1117::MapMan::Pimpl	a	a	0		undefined UpdateTurn(Pimpl * this)
71000135f0	112	FUN_71000135f0		d	a	0		undefined FUN_71000135f0(undefined8 * param_1)
7100013660	20	FUN_7100013660		d	a	0		undefined FUN_7100013660(void)
7100013674	20	FUN_7100013674		d	a	0		undefined FUN_7100013674(void)
7100013688	164	FUN_7100013688		d	a	0		undefined FUN_7100013688(undefined8 param_1, long param_2)
710001372c	20	FUN_710001372c		d	a	0		undefined FUN_710001372c(void)
7100013740	20	FUN_7100013740		d	a	0		undefined FUN_7100013740(void)
7100013754	20	FUN_7100013754		d	a	0		undefined FUN_7100013754(void)
7100013768	4	~__func	std::__function::__func<mg1117::MapMan::Pimpl::Pimpl()::{lambda(nn::bezel::HandlePtr<nn::bezel::Entity>)#1},std::allocator<mg1117::MapMan::Pimpl::Pimpl()::{lambda(nn::bezel::HandlePtr<nn::bezel::Entity>)#1}>,void(nn::bezel::HandlePtr<nn::bezel::Entity>)>	a	a	0		undefined ~__func(__func<mg1117::MapMan::Pimpl::Pimpl()::{lambda(nn::bezel::HandlePtr<nn::bezel::Entity>)#1},std::allocator<mg1117::MapMan::Pimpl::Pimpl()::{lambda(nn::bezel::HandlePtr<nn::bezel::Entity>)#1}>,void(nn::bezel::HandlePtr<nn::bezel::Entity>)> * this)
710001376c	40	__clone	std::__function::__func<mg1117::MapMan::Pimpl::Pimpl()::{lambda(nn::bezel::HandlePtr<nn::bezel::Entity>)#1},std::allocator<mg1117::MapMan::Pimpl::Pimpl()::{lambda(nn::bezel::HandlePtr<nn::bezel::Entity>)#1}>,void(nn::bezel::HandlePtr<nn::bezel::Entity>)>	a	a	0		undefined __clone(void)
7100013794	20	__clone	std::__function::__func<mg1117::MapMan::Pimpl::Pimpl()::{lambda(nn::bezel::HandlePtr<nn::bezel::Entity>)#1},std::allocator<mg1117::MapMan::Pimpl::Pimpl()::{lambda(nn::bezel::HandlePtr<nn::bezel::Entity>)#1}>,void(nn::bezel::HandlePtr<nn::bezel::Entity>)>	a	a	0		undefined __clone(undefined8 param_1_00, long * param_2)
71000137a8	4	destroy	std::__function::__func<mg1117::MapMan::Pimpl::Pimpl()::{lambda(nn::bezel::HandlePtr<nn::bezel::Entity>)#1},std::allocator<mg1117::MapMan::Pimpl::Pimpl()::{lambda(nn::bezel::HandlePtr<nn::bezel::Entity>)#1}>,void(nn::bezel::HandlePtr<nn::bezel::Entity>)>	a	a	0		undefined destroy(void)
71000137ac	4	destroy_deallocate	std::__function::__func<mg1117::MapMan::Pimpl::Pimpl()::{lambda(nn::bezel::HandlePtr<nn::bezel::Entity>)#1},std::allocator<mg1117::MapMan::Pimpl::Pimpl()::{lambda(nn::bezel::HandlePtr<nn::bezel::Entity>)#1}>,void(nn::bezel::HandlePtr<nn::bezel::Entity>)>	a	a	0		undefined destroy_deallocate(__func<mg1117::MapMan::Pimpl::Pimpl()::{lambda(nn::bezel::HandlePtr<nn::bezel::Entity>)#1},std::allocator<mg1117::MapMan::Pimpl::Pimpl()::{lambda(nn::bezel::HandlePtr<nn::bezel::Entity>)#1}>,void(nn::bezel::HandlePtr<nn::bezel::Entity>)> * this)
71000137b0	48	operator()	std::__function::__func<mg1117::MapMan::Pimpl::Pimpl()::{lambda(nn::bezel::HandlePtr<nn::bezel::Entity>)#1},std::allocator<mg1117::MapMan::Pimpl::Pimpl()::{lambda(nn::bezel::HandlePtr<nn::bezel::Entity>)#1}>,void(nn::bezel::HandlePtr<nn::bezel::Entity>)>	a	a	0		undefined operator()(undefined8 param_1_00, undefined8 * param_2)
71000137e0	468	AddComponent<bq::ComMatter,char_const(&)[32],(void*)0>	nn::bezel::Entity	a	a	0		WeakHandle AddComponent<bq::ComMatter,char_const(&)[32],(void*)0>(long * param_1_00, HandlePtr * param_2, char * param_3)
71000139bc	384	SafeCreate<bq::ComMatter,nn::bezel::HandlePtr<nn::bezel::Entity>const&,char_const(&)[32]>	bex::ComponentUtil	a	a	0		WeakHandle SafeCreate<bq::ComMatter,nn::bezel::HandlePtr<nn::bezel::Entity>const&,char_const(&)[32]>(long * param_1_00, ComponentUtil * this, char * param_3)
7100013b4c	4	~__func	std::__function::__func<mg1117::MapMan::Pimpl::Pimpl()::{lambda(nn::bezel::HandlePtr<nn::bezel::Entity>)#2},std::allocator<mg1117::MapMan::Pimpl::Pimpl()::{lambda(nn::bezel::HandlePtr<nn::bezel::Entity>)#2}>,void(nn::bezel::HandlePtr<nn::bezel::Entity>)>	a	a	0		undefined ~__func(__func<mg1117::MapMan::Pimpl::Pimpl()::{lambda(nn::bezel::HandlePtr<nn::bezel::Entity>)#2},std::allocator<mg1117::MapMan::Pimpl::Pimpl()::{lambda(nn::bezel::HandlePtr<nn::bezel::Entity>)#2}>,void(nn::bezel::HandlePtr<nn::bezel::Entity>)> * this)
7100013b50	40	__clone	std::__function::__func<mg1117::MapMan::Pimpl::Pimpl()::{lambda(nn::bezel::HandlePtr<nn::bezel::Entity>)#2},std::allocator<mg1117::MapMan::Pimpl::Pimpl()::{lambda(nn::bezel::HandlePtr<nn::bezel::Entity>)#2}>,void(nn::bezel::HandlePtr<nn::bezel::Entity>)>	a	a	0		undefined __clone(void)
7100013b78	20	__clone	std::__function::__func<mg1117::MapMan::Pimpl::Pimpl()::{lambda(nn::bezel::HandlePtr<nn::bezel::Entity>)#2},std::allocator<mg1117::MapMan::Pimpl::Pimpl()::{lambda(nn::bezel::HandlePtr<nn::bezel::Entity>)#2}>,void(nn::bezel::HandlePtr<nn::bezel::Entity>)>	a	a	0		undefined __clone(undefined8 param_1_00, long * param_2)
7100013b8c	4	destroy	std::__function::__func<mg1117::MapMan::Pimpl::Pimpl()::{lambda(nn::bezel::HandlePtr<nn::bezel::Entity>)#2},std::allocator<mg1117::MapMan::Pimpl::Pimpl()::{lambda(nn::bezel::HandlePtr<nn::bezel::Entity>)#2}>,void(nn::bezel::HandlePtr<nn::bezel::Entity>)>	a	a	0		undefined destroy(void)
7100013b90	4	destroy_deallocate	std::__function::__func<mg1117::MapMan::Pimpl::Pimpl()::{lambda(nn::bezel::HandlePtr<nn::bezel::Entity>)#2},std::allocator<mg1117::MapMan::Pimpl::Pimpl()::{lambda(nn::bezel::HandlePtr<nn::bezel::Entity>)#2}>,void(nn::bezel::HandlePtr<nn::bezel::Entity>)>	a	a	0		undefined destroy_deallocate(__func<mg1117::MapMan::Pimpl::Pimpl()::{lambda(nn::bezel::HandlePtr<nn::bezel::Entity>)#2},std::allocator<mg1117::MapMan::Pimpl::Pimpl()::{lambda(nn::bezel::HandlePtr<nn::bezel::Entity>)#2}>,void(nn::bezel::HandlePtr<nn::bezel::Entity>)> * this)
7100013b94	48	operator()	std::__function::__func<mg1117::MapMan::Pimpl::Pimpl()::{lambda(nn::bezel::HandlePtr<nn::bezel::Entity>)#2},std::allocator<mg1117::MapMan::Pimpl::Pimpl()::{lambda(nn::bezel::HandlePtr<nn::bezel::Entity>)#2}>,void(nn::bezel::HandlePtr<nn::bezel::Entity>)>	a	a	0		undefined operator()(undefined8 param_1_00, undefined8 * param_2)
7100013bd0	468	AddComponent<bq::ComMatter,char_const(&)[33],(void*)0>	nn::bezel::Entity	a	a	0		WeakHandle AddComponent<bq::ComMatter,char_const(&)[33],(void*)0>(long * param_1_00, HandlePtr * param_2, char * param_3)
7100013dac	384	SafeCreate<bq::ComMatter,nn::bezel::HandlePtr<nn::bezel::Entity>const&,char_const(&)[33]>	bex::ComponentUtil	a	a	0		WeakHandle SafeCreate<bq::ComMatter,nn::bezel::HandlePtr<nn::bezel::Entity>const&,char_const(&)[33]>(long * param_1_00, ComponentUtil * this, char * param_3)
7100013f3c	4	~__func	std::__function::__func<mg1117::MapMan::Pimpl::Pimpl()::{lambda(nn::bezel::HandlePtr<nn::bezel::Entity>)#3},std::allocator<mg1117::MapMan::Pimpl::Pimpl()::{lambda(nn::bezel::HandlePtr<nn::bezel::Entity>)#3}>,void(nn::bezel::HandlePtr<nn::bezel::Entity>)>	a	a	0		undefined ~__func(__func<mg1117::MapMan::Pimpl::Pimpl()::{lambda(nn::bezel::HandlePtr<nn::bezel::Entity>)#3},std::allocator<mg1117::MapMan::Pimpl::Pimpl()::{lambda(nn::bezel::HandlePtr<nn::bezel::Entity>)#3}>,void(nn::bezel::HandlePtr<nn::bezel::Entity>)> * this)
7100013f40	40	__clone	std::__function::__func<mg1117::MapMan::Pimpl::Pimpl()::{lambda(nn::bezel::HandlePtr<nn::bezel::Entity>)#3},std::allocator<mg1117::MapMan::Pimpl::Pimpl()::{lambda(nn::bezel::HandlePtr<nn::bezel::Entity>)#3}>,void(nn::bezel::HandlePtr<nn::bezel::Entity>)>	a	a	0		undefined __clone(void)
7100013f68	20	__clone	std::__function::__func<mg1117::MapMan::Pimpl::Pimpl()::{lambda(nn::bezel::HandlePtr<nn::bezel::Entity>)#3},std::allocator<mg1117::MapMan::Pimpl::Pimpl()::{lambda(nn::bezel::HandlePtr<nn::bezel::Entity>)#3}>,void(nn::bezel::HandlePtr<nn::bezel::Entity>)>	a	a	0		undefined __clone(undefined8 param_1_00, long * param_2)
7100013f7c	4	destroy	std::__function::__func<mg1117::MapMan::Pimpl::Pimpl()::{lambda(nn::bezel::HandlePtr<nn::bezel::Entity>)#3},std::allocator<mg1117::MapMan::Pimpl::Pimpl()::{lambda(nn::bezel::HandlePtr<nn::bezel::Entity>)#3}>,void(nn::bezel::HandlePtr<nn::bezel::Entity>)>	a	a	0		undefined destroy(void)
7100013f80	4	destroy_deallocate	std::__function::__func<mg1117::MapMan::Pimpl::Pimpl()::{lambda(nn::bezel::HandlePtr<nn::bezel::Entity>)#3},std::allocator<mg1117::MapMan::Pimpl::Pimpl()::{lambda(nn::bezel::HandlePtr<nn::bezel::Entity>)#3}>,void(nn::bezel::HandlePtr<nn::bezel::Entity>)>	a	a	0		undefined destroy_deallocate(__func<mg1117::MapMan::Pimpl::Pimpl()::{lambda(nn::bezel::HandlePtr<nn::bezel::Entity>)#3},std::allocator<mg1117::MapMan::Pimpl::Pimpl()::{lambda(nn::bezel::HandlePtr<nn::bezel::Entity>)#3}>,void(nn::bezel::HandlePtr<nn::bezel::Entity>)> * this)
7100013f84	48	operator()	std::__function::__func<mg1117::MapMan::Pimpl::Pimpl()::{lambda(nn::bezel::HandlePtr<nn::bezel::Entity>)#3},std::allocator<mg1117::MapMan::Pimpl::Pimpl()::{lambda(nn::bezel::HandlePtr<nn::bezel::Entity>)#3}>,void(nn::bezel::HandlePtr<nn::bezel::Entity>)>	a	a	0		undefined operator()(undefined8 param_1_00, undefined8 * param_2)
7100013fc0	468	AddComponent<bq::ComMatter,char_const(&)[36],(void*)0>	nn::bezel::Entity	a	a	0		WeakHandle AddComponent<bq::ComMatter,char_const(&)[36],(void*)0>(long * param_1_00, HandlePtr * param_2, char * param_3)
710001419c	384	SafeCreate<bq::ComMatter,nn::bezel::HandlePtr<nn::bezel::Entity>const&,char_const(&)[36]>	bex::ComponentUtil	a	a	0		WeakHandle SafeCreate<bq::ComMatter,nn::bezel::HandlePtr<nn::bezel::Entity>const&,char_const(&)[36]>(long * param_1_00, ComponentUtil * this, char * param_3)
710001432c	4	~__func	std::__function::__func<mg1117::MapMan::Pimpl::Pimpl()::{lambda(nn::bezel::HandlePtr<nn::bezel::Entity>)#4},std::allocator<mg1117::MapMan::Pimpl::Pimpl()::{lambda(nn::bezel::HandlePtr<nn::bezel::Entity>)#4}>,void(nn::bezel::HandlePtr<nn::bezel::Entity>)>	a	a	0		undefined ~__func(__func<mg1117::MapMan::Pimpl::Pimpl()::{lambda(nn::bezel::HandlePtr<nn::bezel::Entity>)#4},std::allocator<mg1117::MapMan::Pimpl::Pimpl()::{lambda(nn::bezel::HandlePtr<nn::bezel::Entity>)#4}>,void(nn::bezel::HandlePtr<nn::bezel::Entity>)> * this)
7100014330	40	__clone	std::__function::__func<mg1117::MapMan::Pimpl::Pimpl()::{lambda(nn::bezel::HandlePtr<nn::bezel::Entity>)#4},std::allocator<mg1117::MapMan::Pimpl::Pimpl()::{lambda(nn::bezel::HandlePtr<nn::bezel::Entity>)#4}>,void(nn::bezel::HandlePtr<nn::bezel::Entity>)>	a	a	0		undefined __clone(void)
7100014358	20	__clone	std::__function::__func<mg1117::MapMan::Pimpl::Pimpl()::{lambda(nn::bezel::HandlePtr<nn::bezel::Entity>)#4},std::allocator<mg1117::MapMan::Pimpl::Pimpl()::{lambda(nn::bezel::HandlePtr<nn::bezel::Entity>)#4}>,void(nn::bezel::HandlePtr<nn::bezel::Entity>)>	a	a	0		undefined __clone(undefined8 param_1_00, long * param_2)
710001436c	4	destroy	std::__function::__func<mg1117::MapMan::Pimpl::Pimpl()::{lambda(nn::bezel::HandlePtr<nn::bezel::Entity>)#4},std::allocator<mg1117::MapMan::Pimpl::Pimpl()::{lambda(nn::bezel::HandlePtr<nn::bezel::Entity>)#4}>,void(nn::bezel::HandlePtr<nn::bezel::Entity>)>	a	a	0		undefined destroy(void)
7100014370	4	destroy_deallocate	std::__function::__func<mg1117::MapMan::Pimpl::Pimpl()::{lambda(nn::bezel::HandlePtr<nn::bezel::Entity>)#4},std::allocator<mg1117::MapMan::Pimpl::Pimpl()::{lambda(nn::bezel::HandlePtr<nn::bezel::Entity>)#4}>,void(nn::bezel::HandlePtr<nn::bezel::Entity>)>	a	a	0		undefined destroy_deallocate(__func<mg1117::MapMan::Pimpl::Pimpl()::{lambda(nn::bezel::HandlePtr<nn::bezel::Entity>)#4},std::allocator<mg1117::MapMan::Pimpl::Pimpl()::{lambda(nn::bezel::HandlePtr<nn::bezel::Entity>)#4}>,void(nn::bezel::HandlePtr<nn::bezel::Entity>)> * this)
7100014374	48	operator()	std::__function::__func<mg1117::MapMan::Pimpl::Pimpl()::{lambda(nn::bezel::HandlePtr<nn::bezel::Entity>)#4},std::allocator<mg1117::MapMan::Pimpl::Pimpl()::{lambda(nn::bezel::HandlePtr<nn::bezel::Entity>)#4}>,void(nn::bezel::HandlePtr<nn::bezel::Entity>)>	a	a	0		undefined operator()(__func<mg1117::MapMan::Pimpl::Pimpl()::{lambda(nn::bezel::HandlePtr<nn::bezel::Entity>)#4},std::allocator<mg1117::MapMan::Pimpl::Pimpl()::{lambda(nn::bezel::HandlePtr<nn::bezel::Entity>)#4}>,void(nn::bezel::HandlePtr<nn::bezel::Entity>)> * this, long * param_1)
71000143b0	428	operator()	mg1117::MapMan::Pimpl::Pimpl()::{lambda(nn::bezel::HandlePtr<nn::bezel::Entity>)#4}	a	a	0		undefined operator()({lambda(nn::bezel::HandlePtr<nn::bezel::Entity>)#4} * this, long * param_1)
7100014570	468	AddComponent<bq::ComMatter,bq::MatterType,(void*)0>	nn::bezel::Entity	a	a	0		WeakHandle AddComponent<bq::ComMatter,bq::MatterType,(void*)0>(long * param_1_00, HandlePtr * param_2, undefined4 * param_3)
710001474c	372	SafeCreate<bq::ComMatter,nn::bezel::HandlePtr<nn::bezel::Entity>const&,bq::MatterType>	bex::ComponentUtil	a	a	0		WeakHandle SafeCreate<bq::ComMatter,nn::bezel::HandlePtr<nn::bezel::Entity>const&,bq::MatterType>(long * param_1_00, ComponentUtil * this, undefined4 * param_3)
71000148d0	32	IsDerivedFrom	nn::bezel::detail::StaticTypeDesc<actor::ComActorMotion,false,nn::bezel::Component>	a	a	0		bool IsDerivedFrom(undefined * param_1)
71000148f0	12	GetBaseTypeDesc	nn::bezel::detail::StaticTypeDesc<actor::ComActorMotion,false,nn::bezel::Component>	a	a	0		undefined * GetBaseTypeDesc(void)
71000148fc	20	GetNextBaseTypeDesc	nn::bezel::detail::StaticTypeDesc<actor::ComActorMotion,false,nn::bezel::Component>	a	a	0		undefined * GetNextBaseTypeDesc(long param_1)
7100014910	8	CastTo	nn::bezel::detail::StaticTypeDesc<actor::ComActorMotion,false,nn::bezel::Component>	a	a	0		undefined8 CastTo(undefined8 param_1, undefined8 param_2)
7100014918	8	CastToConst	nn::bezel::detail::StaticTypeDesc<actor::ComActorMotion,false,nn::bezel::Component>	a	a	0		undefined8 CastToConst(undefined8 param_1, undefined8 param_2)
7100014920	4	~__func	std::__function::__func<mg1117::MapMan::Pimpl::Pimpl()::{lambda(nn::bezel::HandlePtr<nn::bezel::Entity>)#5},std::allocator<mg1117::MapMan::Pimpl::Pimpl()::{lambda(nn::bezel::HandlePtr<nn::bezel::Entity>)#5}>,void(nn::bezel::HandlePtr<nn::bezel::Entity>)>	a	a	0		undefined ~__func(__func<mg1117::MapMan::Pimpl::Pimpl()::{lambda(nn::bezel::HandlePtr<nn::bezel::Entity>)#5},std::allocator<mg1117::MapMan::Pimpl::Pimpl()::{lambda(nn::bezel::HandlePtr<nn::bezel::Entity>)#5}>,void(nn::bezel::HandlePtr<nn::bezel::Entity>)> * this)
7100014924	56	__clone	std::__function::__func<mg1117::MapMan::Pimpl::Pimpl()::{lambda(nn::bezel::HandlePtr<nn::bezel::Entity>)#5},std::allocator<mg1117::MapMan::Pimpl::Pimpl()::{lambda(nn::bezel::HandlePtr<nn::bezel::Entity>)#5}>,void(nn::bezel::HandlePtr<nn::bezel::Entity>)>	a	a	0		undefined __clone(__func<mg1117::MapMan::Pimpl::Pimpl()::{lambda(nn::bezel::HandlePtr<nn::bezel::Entity>)#5},std::allocator<mg1117::MapMan::Pimpl::Pimpl()::{lambda(nn::bezel::HandlePtr<nn::bezel::Entity>)#5}>,void(nn::bezel::HandlePtr<nn::bezel::Entity>)> * this)
710001495c	28	__clone	std::__function::__func<mg1117::MapMan::Pimpl::Pimpl()::{lambda(nn::bezel::HandlePtr<nn::bezel::Entity>)#5},std::allocator<mg1117::MapMan::Pimpl::Pimpl()::{lambda(nn::bezel::HandlePtr<nn::bezel::Entity>)#5}>,void(nn::bezel::HandlePtr<nn::bezel::Entity>)>	a	a	0		undefined __clone(__func<mg1117::MapMan::Pimpl::Pimpl()::{lambda(nn::bezel::HandlePtr<nn::bezel::Entity>)#5},std::allocator<mg1117::MapMan::Pimpl::Pimpl()::{lambda(nn::bezel::HandlePtr<nn::bezel::Entity>)#5}>,void(nn::bezel::HandlePtr<nn::bezel::Entity>)> * this, long * param_1)
7100014978	4	destroy	std::__function::__func<mg1117::MapMan::Pimpl::Pimpl()::{lambda(nn::bezel::HandlePtr<nn::bezel::Entity>)#5},std::allocator<mg1117::MapMan::Pimpl::Pimpl()::{lambda(nn::bezel::HandlePtr<nn::bezel::Entity>)#5}>,void(nn::bezel::HandlePtr<nn::bezel::Entity>)>	a	a	0		undefined destroy(void)
710001497c	4	destroy_deallocate	std::__function::__func<mg1117::MapMan::Pimpl::Pimpl()::{lambda(nn::bezel::HandlePtr<nn::bezel::Entity>)#5},std::allocator<mg1117::MapMan::Pimpl::Pimpl()::{lambda(nn::bezel::HandlePtr<nn::bezel::Entity>)#5}>,void(nn::bezel::HandlePtr<nn::bezel::Entity>)>	a	a	0		undefined destroy_deallocate(__func<mg1117::MapMan::Pimpl::Pimpl()::{lambda(nn::bezel::HandlePtr<nn::bezel::Entity>)#5},std::allocator<mg1117::MapMan::Pimpl::Pimpl()::{lambda(nn::bezel::HandlePtr<nn::bezel::Entity>)#5}>,void(nn::bezel::HandlePtr<nn::bezel::Entity>)> * this)
7100014980	48	operator()	std::__function::__func<mg1117::MapMan::Pimpl::Pimpl()::{lambda(nn::bezel::HandlePtr<nn::bezel::Entity>)#5},std::allocator<mg1117::MapMan::Pimpl::Pimpl()::{lambda(nn::bezel::HandlePtr<nn::bezel::Entity>)#5}>,void(nn::bezel::HandlePtr<nn::bezel::Entity>)>	a	a	0		undefined operator()(__func<mg1117::MapMan::Pimpl::Pimpl()::{lambda(nn::bezel::HandlePtr<nn::bezel::Entity>)#5},std::allocator<mg1117::MapMan::Pimpl::Pimpl()::{lambda(nn::bezel::HandlePtr<nn::bezel::Entity>)#5}>,void(nn::bezel::HandlePtr<nn::bezel::Entity>)> * this, undefined8 * param_1)
71000149b0	804	operator()	mg1117::MapMan::Pimpl::Pimpl()::{lambda(nn::bezel::HandlePtr<nn::bezel::Entity>)#5}	a	a	0		undefined operator()({lambda(nn::bezel::HandlePtr<nn::bezel::Entity>)#5} * this, HandlePtr * param_1)
7100014ce4	4	~__func	std::__function::__func<mg1117::MapMan::Pimpl::Pimpl()::{lambda(nn::bezel::HandlePtr<nn::bezel::Entity>)#6},std::allocator<mg1117::MapMan::Pimpl::Pimpl()::{lambda(nn::bezel::HandlePtr<nn::bezel::Entity>)#6}>,void(nn::bezel::HandlePtr<nn::bezel::Entity>)>	a	a	0		undefined ~__func(__func<mg1117::MapMan::Pimpl::Pimpl()::{lambda(nn::bezel::HandlePtr<nn::bezel::Entity>)#6},std::allocator<mg1117::MapMan::Pimpl::Pimpl()::{lambda(nn::bezel::HandlePtr<nn::bezel::Entity>)#6}>,void(nn::bezel::HandlePtr<nn::bezel::Entity>)> * this)
7100014ce8	40	__clone	std::__function::__func<mg1117::MapMan::Pimpl::Pimpl()::{lambda(nn::bezel::HandlePtr<nn::bezel::Entity>)#6},std::allocator<mg1117::MapMan::Pimpl::Pimpl()::{lambda(nn::bezel::HandlePtr<nn::bezel::Entity>)#6}>,void(nn::bezel::HandlePtr<nn::bezel::Entity>)>	a	a	0		undefined __clone(void)
7100014d10	20	__clone	std::__function::__func<mg1117::MapMan::Pimpl::Pimpl()::{lambda(nn::bezel::HandlePtr<nn::bezel::Entity>)#6},std::allocator<mg1117::MapMan::Pimpl::Pimpl()::{lambda(nn::bezel::HandlePtr<nn::bezel::Entity>)#6}>,void(nn::bezel::HandlePtr<nn::bezel::Entity>)>	a	a	0		undefined __clone(undefined8 param_1_00, long * param_2)
7100014d24	4	destroy	std::__function::__func<mg1117::MapMan::Pimpl::Pimpl()::{lambda(nn::bezel::HandlePtr<nn::bezel::Entity>)#6},std::allocator<mg1117::MapMan::Pimpl::Pimpl()::{lambda(nn::bezel::HandlePtr<nn::bezel::Entity>)#6}>,void(nn::bezel::HandlePtr<nn::bezel::Entity>)>	a	a	0		undefined destroy(void)
7100014d28	4	destroy_deallocate	std::__function::__func<mg1117::MapMan::Pimpl::Pimpl()::{lambda(nn::bezel::HandlePtr<nn::bezel::Entity>)#6},std::allocator<mg1117::MapMan::Pimpl::Pimpl()::{lambda(nn::bezel::HandlePtr<nn::bezel::Entity>)#6}>,void(nn::bezel::HandlePtr<nn::bezel::Entity>)>	a	a	0		undefined destroy_deallocate(__func<mg1117::MapMan::Pimpl::Pimpl()::{lambda(nn::bezel::HandlePtr<nn::bezel::Entity>)#6},std::allocator<mg1117::MapMan::Pimpl::Pimpl()::{lambda(nn::bezel::HandlePtr<nn::bezel::Entity>)#6}>,void(nn::bezel::HandlePtr<nn::bezel::Entity>)> * this)
7100014d2c	48	operator()	std::__function::__func<mg1117::MapMan::Pimpl::Pimpl()::{lambda(nn::bezel::HandlePtr<nn::bezel::Entity>)#6},std::allocator<mg1117::MapMan::Pimpl::Pimpl()::{lambda(nn::bezel::HandlePtr<nn::bezel::Entity>)#6}>,void(nn::bezel::HandlePtr<nn::bezel::Entity>)>	a	a	0		undefined operator()(__func<mg1117::MapMan::Pimpl::Pimpl()::{lambda(nn::bezel::HandlePtr<nn::bezel::Entity>)#6},std::allocator<mg1117::MapMan::Pimpl::Pimpl()::{lambda(nn::bezel::HandlePtr<nn::bezel::Entity>)#6}>,void(nn::bezel::HandlePtr<nn::bezel::Entity>)> * this, long * param_1)
7100014d60	424	operator()	mg1117::MapMan::Pimpl::Pimpl()::{lambda(nn::bezel::HandlePtr<nn::bezel::Entity>)#6}	a	a	0		undefined operator()({lambda(nn::bezel::HandlePtr<nn::bezel::Entity>)#6} * this, long * param_1)
7100014f10	468	AddComponent<bq::ComMatter,char_const(&)[42],(void*)0>	nn::bezel::Entity	a	a	0		WeakHandle AddComponent<bq::ComMatter,char_const(&)[42],(void*)0>(long * param_1_00, HandlePtr * param_2, char * param_3)
71000150ec	384	SafeCreate<bq::ComMatter,nn::bezel::HandlePtr<nn::bezel::Entity>const&,char_const(&)[42]>	bex::ComponentUtil	a	a	0		WeakHandle SafeCreate<bq::ComMatter,nn::bezel::HandlePtr<nn::bezel::Entity>const&,char_const(&)[42]>(long * param_1_00, ComponentUtil * this, char * param_3)
710001527c	4	~__func	std::__function::__func<mg1117::MapMan::Pimpl::Pimpl()::{lambda(nn::bezel::HandlePtr<nn::bezel::Entity>)#7},std::allocator<mg1117::MapMan::Pimpl::Pimpl()::{lambda(nn::bezel::HandlePtr<nn::bezel::Entity>)#7}>,void(nn::bezel::HandlePtr<nn::bezel::Entity>)>	a	a	0		undefined ~__func(__func<mg1117::MapMan::Pimpl::Pimpl()::{lambda(nn::bezel::HandlePtr<nn::bezel::Entity>)#7},std::allocator<mg1117::MapMan::Pimpl::Pimpl()::{lambda(nn::bezel::HandlePtr<nn::bezel::Entity>)#7}>,void(nn::bezel::HandlePtr<nn::bezel::Entity>)> * this)
7100015280	40	__clone	std::__function::__func<mg1117::MapMan::Pimpl::Pimpl()::{lambda(nn::bezel::HandlePtr<nn::bezel::Entity>)#7},std::allocator<mg1117::MapMan::Pimpl::Pimpl()::{lambda(nn::bezel::HandlePtr<nn::bezel::Entity>)#7}>,void(nn::bezel::HandlePtr<nn::bezel::Entity>)>	a	a	0		undefined __clone(void)
71000152a8	20	__clone	std::__function::__func<mg1117::MapMan::Pimpl::Pimpl()::{lambda(nn::bezel::HandlePtr<nn::bezel::Entity>)#7},std::allocator<mg1117::MapMan::Pimpl::Pimpl()::{lambda(nn::bezel::HandlePtr<nn::bezel::Entity>)#7}>,void(nn::bezel::HandlePtr<nn::bezel::Entity>)>	a	a	0		undefined __clone(undefined8 param_1_00, long * param_2)
71000152bc	4	destroy	std::__function::__func<mg1117::MapMan::Pimpl::Pimpl()::{lambda(nn::bezel::HandlePtr<nn::bezel::Entity>)#7},std::allocator<mg1117::MapMan::Pimpl::Pimpl()::{lambda(nn::bezel::HandlePtr<nn::bezel::Entity>)#7}>,void(nn::bezel::HandlePtr<nn::bezel::Entity>)>	a	a	0		undefined destroy(void)
71000152c0	4	destroy_deallocate	std::__function::__func<mg1117::MapMan::Pimpl::Pimpl()::{lambda(nn::bezel::HandlePtr<nn::bezel::Entity>)#7},std::allocator<mg1117::MapMan::Pimpl::Pimpl()::{lambda(nn::bezel::HandlePtr<nn::bezel::Entity>)#7}>,void(nn::bezel::HandlePtr<nn::bezel::Entity>)>	a	a	0		undefined destroy_deallocate(__func<mg1117::MapMan::Pimpl::Pimpl()::{lambda(nn::bezel::HandlePtr<nn::bezel::Entity>)#7},std::allocator<mg1117::MapMan::Pimpl::Pimpl()::{lambda(nn::bezel::HandlePtr<nn::bezel::Entity>)#7}>,void(nn::bezel::HandlePtr<nn::bezel::Entity>)> * this)
71000152c4	48	operator()	std::__function::__func<mg1117::MapMan::Pimpl::Pimpl()::{lambda(nn::bezel::HandlePtr<nn::bezel::Entity>)#7},std::allocator<mg1117::MapMan::Pimpl::Pimpl()::{lambda(nn::bezel::HandlePtr<nn::bezel::Entity>)#7}>,void(nn::bezel::HandlePtr<nn::bezel::Entity>)>	a	a	0		undefined operator()(__func<mg1117::MapMan::Pimpl::Pimpl()::{lambda(nn::bezel::HandlePtr<nn::bezel::Entity>)#7},std::allocator<mg1117::MapMan::Pimpl::Pimpl()::{lambda(nn::bezel::HandlePtr<nn::bezel::Entity>)#7}>,void(nn::bezel::HandlePtr<nn::bezel::Entity>)> * this, long * param_1)
7100015300	424	operator()	mg1117::MapMan::Pimpl::Pimpl()::{lambda(nn::bezel::HandlePtr<nn::bezel::Entity>)#7}	a	a	0		undefined operator()({lambda(nn::bezel::HandlePtr<nn::bezel::Entity>)#7} * this, long * param_1)
71000154b0	4	~__func	std::__function::__func<mg1117::MapMan::Pimpl::Pimpl()::{lambda(nn::bezel::HandlePtr<nn::bezel::Entity>)#8},std::allocator<mg1117::MapMan::Pimpl::Pimpl()::{lambda(nn::bezel::HandlePtr<nn::bezel::Entity>)#8}>,void(nn::bezel::HandlePtr<nn::bezel::Entity>)>	a	a	0		undefined ~__func(__func<mg1117::MapMan::Pimpl::Pimpl()::{lambda(nn::bezel::HandlePtr<nn::bezel::Entity>)#8},std::allocator<mg1117::MapMan::Pimpl::Pimpl()::{lambda(nn::bezel::HandlePtr<nn::bezel::Entity>)#8}>,void(nn::bezel::HandlePtr<nn::bezel::Entity>)> * this)
71000154b4	40	__clone	std::__function::__func<mg1117::MapMan::Pimpl::Pimpl()::{lambda(nn::bezel::HandlePtr<nn::bezel::Entity>)#8},std::allocator<mg1117::MapMan::Pimpl::Pimpl()::{lambda(nn::bezel::HandlePtr<nn::bezel::Entity>)#8}>,void(nn::bezel::HandlePtr<nn::bezel::Entity>)>	a	a	0		undefined __clone(void)
71000154dc	20	__clone	std::__function::__func<mg1117::MapMan::Pimpl::Pimpl()::{lambda(nn::bezel::HandlePtr<nn::bezel::Entity>)#8},std::allocator<mg1117::MapMan::Pimpl::Pimpl()::{lambda(nn::bezel::HandlePtr<nn::bezel::Entity>)#8}>,void(nn::bezel::HandlePtr<nn::bezel::Entity>)>	a	a	0		undefined __clone(undefined8 param_1_00, long * param_2)
71000154f0	4	destroy	std::__function::__func<mg1117::MapMan::Pimpl::Pimpl()::{lambda(nn::bezel::HandlePtr<nn::bezel::Entity>)#8},std::allocator<mg1117::MapMan::Pimpl::Pimpl()::{lambda(nn::bezel::HandlePtr<nn::bezel::Entity>)#8}>,void(nn::bezel::HandlePtr<nn::bezel::Entity>)>	a	a	0		undefined destroy(void)
71000154f4	4	destroy_deallocate	std::__function::__func<mg1117::MapMan::Pimpl::Pimpl()::{lambda(nn::bezel::HandlePtr<nn::bezel::Entity>)#8},std::allocator<mg1117::MapMan::Pimpl::Pimpl()::{lambda(nn::bezel::HandlePtr<nn::bezel::Entity>)#8}>,void(nn::bezel::HandlePtr<nn::bezel::Entity>)>	a	a	0		undefined destroy_deallocate(__func<mg1117::MapMan::Pimpl::Pimpl()::{lambda(nn::bezel::HandlePtr<nn::bezel::Entity>)#8},std::allocator<mg1117::MapMan::Pimpl::Pimpl()::{lambda(nn::bezel::HandlePtr<nn::bezel::Entity>)#8}>,void(nn::bezel::HandlePtr<nn::bezel::Entity>)> * this)
71000154f8	48	operator()	std::__function::__func<mg1117::MapMan::Pimpl::Pimpl()::{lambda(nn::bezel::HandlePtr<nn::bezel::Entity>)#8},std::allocator<mg1117::MapMan::Pimpl::Pimpl()::{lambda(nn::bezel::HandlePtr<nn::bezel::Entity>)#8}>,void(nn::bezel::HandlePtr<nn::bezel::Entity>)>	a	a	0		undefined operator()(__func<mg1117::MapMan::Pimpl::Pimpl()::{lambda(nn::bezel::HandlePtr<nn::bezel::Entity>)#8},std::allocator<mg1117::MapMan::Pimpl::Pimpl()::{lambda(nn::bezel::HandlePtr<nn::bezel::Entity>)#8}>,void(nn::bezel::HandlePtr<nn::bezel::Entity>)> * this, undefined8 * param_1)
7100015530	396	operator()	mg1117::MapMan::Pimpl::Pimpl()::{lambda(nn::bezel::HandlePtr<nn::bezel::Entity>)#8}	a	a	0		undefined operator()({lambda(nn::bezel::HandlePtr<nn::bezel::Entity>)#8} * this, HandlePtr * param_1)
71000156d0	468	AddComponent<bq::ComMatter,char_const(&)[43],(void*)0>	nn::bezel::Entity	a	a	0		WeakHandle AddComponent<bq::ComMatter,char_const(&)[43],(void*)0>(long * param_1_00, HandlePtr * param_2, char * param_3)
71000158ac	384	SafeCreate<bq::ComMatter,nn::bezel::HandlePtr<nn::bezel::Entity>const&,char_const(&)[43]>	bex::ComponentUtil	a	a	0		WeakHandle SafeCreate<bq::ComMatter,nn::bezel::HandlePtr<nn::bezel::Entity>const&,char_const(&)[43]>(long * param_1_00, ComponentUtil * this, char * param_3)
7100015a3c	4	~__func	std::__function::__func<mg1117::MapMan::Pimpl::Pimpl()::{lambda(nn::bezel::HandlePtr<nn::bezel::Entity>)#9},std::allocator<mg1117::MapMan::Pimpl::Pimpl()::{lambda(nn::bezel::HandlePtr<nn::bezel::Entity>)#9}>,void(nn::bezel::HandlePtr<nn::bezel::Entity>)>	a	a	0		undefined ~__func(__func<mg1117::MapMan::Pimpl::Pimpl()::{lambda(nn::bezel::HandlePtr<nn::bezel::Entity>)#9},std::allocator<mg1117::MapMan::Pimpl::Pimpl()::{lambda(nn::bezel::HandlePtr<nn::bezel::Entity>)#9}>,void(nn::bezel::HandlePtr<nn::bezel::Entity>)> * this)
7100015a40	56	__clone	std::__function::__func<mg1117::MapMan::Pimpl::Pimpl()::{lambda(nn::bezel::HandlePtr<nn::bezel::Entity>)#9},std::allocator<mg1117::MapMan::Pimpl::Pimpl()::{lambda(nn::bezel::HandlePtr<nn::bezel::Entity>)#9}>,void(nn::bezel::HandlePtr<nn::bezel::Entity>)>	a	a	0		undefined __clone(__func<mg1117::MapMan::Pimpl::Pimpl()::{lambda(nn::bezel::HandlePtr<nn::bezel::Entity>)#9},std::allocator<mg1117::MapMan::Pimpl::Pimpl()::{lambda(nn::bezel::HandlePtr<nn::bezel::Entity>)#9}>,void(nn::bezel::HandlePtr<nn::bezel::Entity>)> * this)
7100015a78	28	__clone	std::__function::__func<mg1117::MapMan::Pimpl::Pimpl()::{lambda(nn::bezel::HandlePtr<nn::bezel::Entity>)#9},std::allocator<mg1117::MapMan::Pimpl::Pimpl()::{lambda(nn::bezel::HandlePtr<nn::bezel::Entity>)#9}>,void(nn::bezel::HandlePtr<nn::bezel::Entity>)>	a	a	0		undefined __clone(__func<mg1117::MapMan::Pimpl::Pimpl()::{lambda(nn::bezel::HandlePtr<nn::bezel::Entity>)#9},std::allocator<mg1117::MapMan::Pimpl::Pimpl()::{lambda(nn::bezel::HandlePtr<nn::bezel::Entity>)#9}>,void(nn::bezel::HandlePtr<nn::bezel::Entity>)> * this, long * param_1)
7100015a94	4	destroy	std::__function::__func<mg1117::MapMan::Pimpl::Pimpl()::{lambda(nn::bezel::HandlePtr<nn::bezel::Entity>)#9},std::allocator<mg1117::MapMan::Pimpl::Pimpl()::{lambda(nn::bezel::HandlePtr<nn::bezel::Entity>)#9}>,void(nn::bezel::HandlePtr<nn::bezel::Entity>)>	a	a	0		undefined destroy(void)
7100015a98	4	destroy_deallocate	std::__function::__func<mg1117::MapMan::Pimpl::Pimpl()::{lambda(nn::bezel::HandlePtr<nn::bezel::Entity>)#9},std::allocator<mg1117::MapMan::Pimpl::Pimpl()::{lambda(nn::bezel::HandlePtr<nn::bezel::Entity>)#9}>,void(nn::bezel::HandlePtr<nn::bezel::Entity>)>	a	a	0		undefined destroy_deallocate(__func<mg1117::MapMan::Pimpl::Pimpl()::{lambda(nn::bezel::HandlePtr<nn::bezel::Entity>)#9},std::allocator<mg1117::MapMan::Pimpl::Pimpl()::{lambda(nn::bezel::HandlePtr<nn::bezel::Entity>)#9}>,void(nn::bezel::HandlePtr<nn::bezel::Entity>)> * this)
7100015a9c	88	operator()	std::__function::__func<mg1117::MapMan::Pimpl::Pimpl()::{lambda(nn::bezel::HandlePtr<nn::bezel::Entity>)#9},std::allocator<mg1117::MapMan::Pimpl::Pimpl()::{lambda(nn::bezel::HandlePtr<nn::bezel::Entity>)#9}>,void(nn::bezel::HandlePtr<nn::bezel::Entity>)>	a	a	0		undefined operator()(__func<mg1117::MapMan::Pimpl::Pimpl()::{lambda(nn::bezel::HandlePtr<nn::bezel::Entity>)#9},std::allocator<mg1117::MapMan::Pimpl::Pimpl()::{lambda(nn::bezel::HandlePtr<nn::bezel::Entity>)#9}>,void(nn::bezel::HandlePtr<nn::bezel::Entity>)> * this, undefined8 * param_1)
7100015b08	184	FUN_7100015b08		d	a	0		undefined FUN_7100015b08(float param_1, long param_2)
7100015bc0	88	FUN_7100015bc0		d	a	0		undefined FUN_7100015bc0(long param_1)
7100015d24	60	FUN_7100015d24		d	a	0		undefined FUN_7100015d24(long param_1)
7100015d80	4	FUN_7100015d80		d	a	0		undefined FUN_7100015d80(void)
7100015d84	4	operator.delete	<EXTERNAL>	d	a	1		void operator.delete(void * param_1)
7100015fd0	468	AddComponent<bq::ComMatter,char(&)[64],(void*)0>	nn::bezel::Entity	a	a	0		WeakHandle AddComponent<bq::ComMatter,char(&)[64],(void*)0>(long * param_1_00, HandlePtr * param_2, char * param_3)
71000161ac	384	SafeCreate<bq::ComMatter,nn::bezel::HandlePtr<nn::bezel::Entity>const&,char(&)[64]>	bex::ComponentUtil	a	a	0		WeakHandle SafeCreate<bq::ComMatter,nn::bezel::HandlePtr<nn::bezel::Entity>const&,char(&)[64]>(long * param_1_00, ComponentUtil * this, char * param_3)
7100016348	100	FUN_7100016348		d	a	0		undefined FUN_7100016348(long param_1)
71000163c4	52	FUN_71000163c4		d	a	0		undefined FUN_71000163c4(long param_1)
7100016410	4	FUN_7100016410		d	a	0		undefined FUN_7100016410(void)
7100016414	4	operator.delete	<EXTERNAL>	d	a	1		void operator.delete(void * param_1)
71000165f0	468	AddComponent<bq::ComMatter,char_const(&)[39],(void*)0>	nn::bezel::Entity	a	a	0		WeakHandle AddComponent<bq::ComMatter,char_const(&)[39],(void*)0>(long * param_1_00, HandlePtr * param_2, char * param_3)
71000167cc	384	SafeCreate<bq::ComMatter,nn::bezel::HandlePtr<nn::bezel::Entity>const&,char_const(&)[39]>	bex::ComponentUtil	a	a	0		WeakHandle SafeCreate<bq::ComMatter,nn::bezel::HandlePtr<nn::bezel::Entity>const&,char_const(&)[39]>(long * param_1_00, ComponentUtil * this, char * param_3)
7100016960	656	__push_back_slow_path<mg1117::TextureInfo>	std::vector<mg1117::TextureInfo,bex::HeapModule::Allocator_vector<mg1117::TextureInfo>>	a	a	0		void __push_back_slow_path<mg1117::TextureInfo>(vector<mg1117::TextureInfo,bex::HeapModule::Allocator_vector<mg1117::TextureInfo>> * this, undefined8 * param_1)
7100016bf0	20	FUN_7100016bf0		d	a	0		undefined FUN_7100016bf0(void)
7100016c10	416	~Pimpl	mg1117::MapMan::Pimpl	a	a	0		undefined ~Pimpl(Pimpl * this)
7100016dc0	396	GetBoneMatrix	mg1117::ModelUtil	a	a	0		undefined1[16] GetBoneMatrix(long * param_1, char * param_2)
7100016f60	368	GetBonePosition	mg1117::ModelUtil	a	a	0		undefined1[16] GetBonePosition(long * param_1, int param_2)
71000170d8	52	GetBonePosition	mg1117::ModelUtil	a	a	0		undefined1[16] GetBonePosition(long * param_1, char * param_2)
7100017110	500	SetLevelTexture	mg1117::ModelUtil	a	a	0		undefined SetLevelTexture(short param_1, long * param_2)
7100017304	36	Model	mg1117::Model	a	a	0		undefined Model(Model * this, undefined8 * param_1)
7100017328	8	SetPosition	mg1117::Model	a	a	0		undefined SetPosition(Model * this)
7100017330	8	GetPosition	mg1117::Model	a	a	0		undefined GetPosition(Model * this)
7100017338	48	SetRotation	mg1117::Model	a	a	0		undefined SetRotation(long param_1)
7100017368	84	GetRotation	mg1117::Model	a	a	0		undefined1[16] GetRotation(Model * this)
71000173bc	84	GetScale	mg1117::Model	a	a	0		undefined1[16] GetScale(Model * this)
7100017410	8	SetVisible	mg1117::Model	a	a	0		undefined SetVisible(Model * this)
7100017418	20	GetEntity	mg1117::Model	a	a	0		undefined GetEntity(undefined8 * param_1, long param_2)
7100017430	400	InstanceModel	mg1117::InstanceModel	a	a	0		undefined InstanceModel(InstanceModel * this, long * param_1, undefined4 param_2)
71000175c8	612	SetPosition	mg1117::InstanceModel	a	a	0		undefined SetPosition(InstanceModel * this, undefined8 * param_1)
710001782c	596	UpdateTransform	mg1117::InstanceModel	a	a	0		undefined UpdateTransform(InstanceModel * this)
7100017a80	8	GetPosition	mg1117::InstanceModel	a	a	0		undefined1[16] GetPosition(InstanceModel * this)
7100017a88	612	SetRotation	mg1117::InstanceModel	a	a	0		undefined SetRotation(InstanceModel * this, undefined8 * param_1)
7100017cec	8	GetRotation	mg1117::InstanceModel	a	a	0		undefined1[16] GetRotation(InstanceModel * this)
7100017cf4	100	SetVisible	mg1117::InstanceModel	a	a	0		undefined SetVisible(InstanceModel * this, byte param_1)
7100017d58	84	ModelMan	mg1117::ModelMan	a	a	0		undefined ModelMan(ModelMan * this)
7100017dac	64	~ModelMan	mg1117::ModelMan	a	a	0		undefined ~ModelMan(void)
7100017dec	44	CreateInstanceMainModel	mg1117::ModelMan	a	a	0		undefined CreateInstanceMainModel(long * param_1_00, char * param_2, undefined8 param_3, int param_4)
7100017e18	880	CreateInstanceMainModel	mg1117::ModelMan::Pimpl	a	a	0		undefined CreateInstanceMainModel(long * param_1_00, Pimpl * param_2, char * param_3, undefined8 param_4, int param_5)
7100018188	44	CreateInstanceMainModel	mg1117::ModelMan	a	a	0		undefined CreateInstanceMainModel(long * param_1, ModelMan * this, undefined4 param_3, int param_4)
71000181b4	876	CreateInstanceMainModel	mg1117::ModelMan::Pimpl	a	a	0		undefined CreateInstanceMainModel(long * param_1_00, Pimpl * param_2, char * param_3, undefined4 param_4, int param_5)
7100018520	28	IsCreateInstanceMainModel	mg1117::ModelMan	a	a	0		bool IsCreateInstanceMainModel(char * param_1)
710001853c	244	IsCreateInstanceMainModel	mg1117::ModelMan::Pimpl	a	a	0		bool IsCreateInstanceMainModel(Pimpl * this, char * param_1)
7100018630	120	CreateInstanceModel	mg1117::ModelMan	a	a	0		InstanceModel * CreateInstanceModel(char * param_1)
71000186b0	608	CreateInstanceModel	mg1117::ModelMan::Pimpl	a	a	0		InstanceModel * CreateInstanceModel(Pimpl * this, char * param_1)
7100018918	4	~Model	mg1117::Model	a	a	0		undefined ~Model(Model * this)
710001891c	4	~Model	mg1117::Model	a	a	0		undefined ~Model(void)
7100018920	4	~InstanceModel	mg1117::InstanceModel	a	a	0		undefined ~InstanceModel(InstanceModel * this)
7100018930	260	__find_equal<std::basic_string<char,std::char_traits<char>,bex::HeapModule::Allocator_string<char>>>	std::__tree<std::__value_type<std::basic_string<char,std::char_traits<char>,bex::HeapModule::Allocator_string<char>>,nn::bezel::WeakHandle<nn::bezel::Entity>>,std::__map_value_compare<std::basic_string<char,std::char_traits<char>,bex::HeapModule::Allocator_string<char>>,std::__value_type<std::basic_string<char,std::char_traits<char>,bex::HeapModule::Allocator_string<char>>,nn::bezel::WeakHandle<nn::bezel::Entity>>,std::less<std::basic_string<char,std::char_traits<char>,bex::HeapModule::Allocator_string<char>>>,true>,bex::HeapModule::Allocator_map<std::__value_type<std::basic_string<char,std::char_traits<char>,bex::HeapModule::Allocator_string<char>>,nn::bezel::WeakHandle<nn::bezel::Entity>>>>	a	a	0		__tree<std::__value_type<std::basic_string<char,std::char_traits<char>,bex::HeapModule::Allocator_string<char>>,nn::bezel::WeakHandle<nn::bezel::Entity>>,std::__map_value_compare<std::basic_string<char,std::char_traits<char>,bex::HeapModule::Allocator_string<char>>,std::__value_type<std::basic_string<char,std::char_traits<char>,bex::HeapModule::Allocator_string<char>>,nn::bezel::WeakHandle<nn::bezel::Entity>>,std::less<std::basic_string<char,std::char_traits<char>,bex::HeapModule::Allocator_string<char>>>,true>,bex::HeapModule::Allocator_map<std::__value_type<std::basic_string<char,std::char_traits<char>,bex::HeapModule::Allocator_string<char>>,nn::bezel::WeakHandle<nn::bezel::Entity>>>> * __find_equal<std::basic_string<char,std::char_traits<char>,bex::HeapModule::Allocator_string<char>>>(__tree<std::__value_type<std::basic_string<char,std::char_traits<char>,bex::HeapModule::Allocator_string<char>>,nn::bezel::WeakHandle<nn::bezel::Entity>>,std::__map_value_compare<std::basic_string<char,std::char_traits<char>,bex::HeapModule::Allocator_string<char>>,std::__value_type<std::basic_string<char,std::char_traits<char>,bex::HeapModule::Allocator_string<char>>,nn::bezel::WeakHandle<nn::bezel::Entity>>,std::less<std::basic_string<char,std::char_traits<char>,bex::HeapModule::Allocator_string<char>>>,true>,bex::HeapModule::Allocator_map<std::__value_type<std::basic_string<char,std::char_traits<char>,bex::HeapModule::Allocator_string<char>>,nn::bezel::WeakHandle<nn::bezel::Entity>>>> * this, undefined8 * param_1, byte * param_2)
7100018a40	416	FUN_7100018a40		d	a	0		undefined FUN_7100018a40(long * param_1, long * param_2)
7100018bf0	4	~__func	std::__function::__func<mg1117::ModelMan::Pimpl::CreateInstanceMainModel(char_const*,char_const*,int)::{lambda(nn::bezel::HandlePtr<nn::bezel::Entity>)#1},std::allocator<mg1117::ModelMan::Pimpl::CreateInstanceMainModel(char_const*,char_const*,int)::{lambda(nn::bezel::HandlePtr<nn::bezel::Entity>)#1}>,void(nn::bezel::HandlePtr<nn::bezel::Entity>)>	a	a	0		undefined ~__func(__func<mg1117::ModelMan::Pimpl::CreateInstanceMainModel(char_const*,char_const*,int)::{lambda(nn::bezel::HandlePtr<nn::bezel::Entity>)#1},std::allocator<mg1117::ModelMan::Pimpl::CreateInstanceMainModel(char_const*,char_const*,int)::{lambda(nn::bezel::HandlePtr<nn::bezel::Entity>)#1}>,void(nn::bezel::HandlePtr<nn::bezel::Entity>)> * this)
7100018bf4	64	__clone	std::__function::__func<mg1117::ModelMan::Pimpl::CreateInstanceMainModel(char_const*,char_const*,int)::{lambda(nn::bezel::HandlePtr<nn::bezel::Entity>)#1},std::allocator<mg1117::ModelMan::Pimpl::CreateInstanceMainModel(char_const*,char_const*,int)::{lambda(nn::bezel::HandlePtr<nn::bezel::Entity>)#1}>,void(nn::bezel::HandlePtr<nn::bezel::Entity>)>	a	a	0		undefined __clone(__func<mg1117::ModelMan::Pimpl::CreateInstanceMainModel(char_const*,char_const*,int)::{lambda(nn::bezel::HandlePtr<nn::bezel::Entity>)#1},std::allocator<mg1117::ModelMan::Pimpl::CreateInstanceMainModel(char_const*,char_const*,int)::{lambda(nn::bezel::HandlePtr<nn::bezel::Entity>)#1}>,void(nn::bezel::HandlePtr<nn::bezel::Entity>)> * this)
7100018c34	36	__clone	std::__function::__func<mg1117::ModelMan::Pimpl::CreateInstanceMainModel(char_const*,char_const*,int)::{lambda(nn::bezel::HandlePtr<nn::bezel::Entity>)#1},std::allocator<mg1117::ModelMan::Pimpl::CreateInstanceMainModel(char_const*,char_const*,int)::{lambda(nn::bezel::HandlePtr<nn::bezel::Entity>)#1}>,void(nn::bezel::HandlePtr<nn::bezel::Entity>)>	a	a	0		undefined __clone(__func<mg1117::ModelMan::Pimpl::CreateInstanceMainModel(char_const*,char_const*,int)::{lambda(nn::bezel::HandlePtr<nn::bezel::Entity>)#1},std::allocator<mg1117::ModelMan::Pimpl::CreateInstanceMainModel(char_const*,char_const*,int)::{lambda(nn::bezel::HandlePtr<nn::bezel::Entity>)#1}>,void(nn::bezel::HandlePtr<nn::bezel::Entity>)> * this, long * param_1)
7100018c58	4	destroy	std::__function::__func<mg1117::ModelMan::Pimpl::CreateInstanceMainModel(char_const*,char_const*,int)::{lambda(nn::bezel::HandlePtr<nn::bezel::Entity>)#1},std::allocator<mg1117::ModelMan::Pimpl::CreateInstanceMainModel(char_const*,char_const*,int)::{lambda(nn::bezel::HandlePtr<nn::bezel::Entity>)#1}>,void(nn::bezel::HandlePtr<nn::bezel::Entity>)>	a	a	0		undefined destroy(void)
7100018c5c	4	destroy_deallocate	std::__function::__func<mg1117::ModelMan::Pimpl::CreateInstanceMainModel(char_const*,char_const*,int)::{lambda(nn::bezel::HandlePtr<nn::bezel::Entity>)#1},std::allocator<mg1117::ModelMan::Pimpl::CreateInstanceMainModel(char_const*,char_const*,int)::{lambda(nn::bezel::HandlePtr<nn::bezel::Entity>)#1}>,void(nn::bezel::HandlePtr<nn::bezel::Entity>)>	a	a	0		undefined destroy_deallocate(__func<mg1117::ModelMan::Pimpl::CreateInstanceMainModel(char_const*,char_const*,int)::{lambda(nn::bezel::HandlePtr<nn::bezel::Entity>)#1},std::allocator<mg1117::ModelMan::Pimpl::CreateInstanceMainModel(char_const*,char_const*,int)::{lambda(nn::bezel::HandlePtr<nn::bezel::Entity>)#1}>,void(nn::bezel::HandlePtr<nn::bezel::Entity>)> * this)
7100018c60	104	operator()	std::__function::__func<mg1117::ModelMan::Pimpl::CreateInstanceMainModel(char_const*,char_const*,int)::{lambda(nn::bezel::HandlePtr<nn::bezel::Entity>)#1},std::allocator<mg1117::ModelMan::Pimpl::CreateInstanceMainModel(char_const*,char_const*,int)::{lambda(nn::bezel::HandlePtr<nn::bezel::Entity>)#1}>,void(nn::bezel::HandlePtr<nn::bezel::Entity>)>	a	a	0		undefined operator()(__func<mg1117::ModelMan::Pimpl::CreateInstanceMainModel(char_const*,char_const*,int)::{lambda(nn::bezel::HandlePtr<nn::bezel::Entity>)#1},std::allocator<mg1117::ModelMan::Pimpl::CreateInstanceMainModel(char_const*,char_const*,int)::{lambda(nn::bezel::HandlePtr<nn::bezel::Entity>)#1}>,void(nn::bezel::HandlePtr<nn::bezel::Entity>)> * this, undefined8 * param_1)
7100018cd0	468	AddComponent<bq::ComMatter,nn::bezel::ModelCreateArg&,(void*)0>	nn::bezel::Entity	a	a	0		WeakHandle AddComponent<bq::ComMatter,nn::bezel::ModelCreateArg&,(void*)0>(long * param_1_00, HandlePtr * param_2, ModelCreateArg * param_3)
7100018eac	372	SafeCreate<bq::ComMatter,nn::bezel::HandlePtr<nn::bezel::Entity>const&,nn::bezel::ModelCreateArg&>	bex::ComponentUtil	a	a	0		WeakHandle SafeCreate<bq::ComMatter,nn::bezel::HandlePtr<nn::bezel::Entity>const&,nn::bezel::ModelCreateArg&>(long * param_1_00, ComponentUtil * this, ModelCreateArg * param_3)
7100019030	4	~__func	std::__function::__func<mg1117::ModelMan::Pimpl::CreateInstanceMainModel(char_const*,bq::ObjectID,int)::{lambda(nn::bezel::HandlePtr<nn::bezel::Entity>)#1},std::allocator<mg1117::ModelMan::Pimpl::CreateInstanceMainModel(char_const*,bq::ObjectID,int)::{lambda(nn::bezel::HandlePtr<nn::bezel::Entity>)#1}>,void(nn::bezel::HandlePtr<nn::bezel::Entity>)>	a	a	0		undefined ~__func(__func<mg1117::ModelMan::Pimpl::CreateInstanceMainModel(char_const*,bq::ObjectID,int)::{lambda(nn::bezel::HandlePtr<nn::bezel::Entity>)#1},std::allocator<mg1117::ModelMan::Pimpl::CreateInstanceMainModel(char_const*,bq::ObjectID,int)::{lambda(nn::bezel::HandlePtr<nn::bezel::Entity>)#1}>,void(nn::bezel::HandlePtr<nn::bezel::Entity>)> * this)
7100019034	64	__clone	std::__function::__func<mg1117::ModelMan::Pimpl::CreateInstanceMainModel(char_const*,bq::ObjectID,int)::{lambda(nn::bezel::HandlePtr<nn::bezel::Entity>)#1},std::allocator<mg1117::ModelMan::Pimpl::CreateInstanceMainModel(char_const*,bq::ObjectID,int)::{lambda(nn::bezel::HandlePtr<nn::bezel::Entity>)#1}>,void(nn::bezel::HandlePtr<nn::bezel::Entity>)>	a	a	0		undefined __clone(__func<mg1117::ModelMan::Pimpl::CreateInstanceMainModel(char_const*,bq::ObjectID,int)::{lambda(nn::bezel::HandlePtr<nn::bezel::Entity>)#1},std::allocator<mg1117::ModelMan::Pimpl::CreateInstanceMainModel(char_const*,bq::ObjectID,int)::{lambda(nn::bezel::HandlePtr<nn::bezel::Entity>)#1}>,void(nn::bezel::HandlePtr<nn::bezel::Entity>)> * this)
7100019074	36	__clone	std::__function::__func<mg1117::ModelMan::Pimpl::CreateInstanceMainModel(char_const*,bq::ObjectID,int)::{lambda(nn::bezel::HandlePtr<nn::bezel::Entity>)#1},std::allocator<mg1117::ModelMan::Pimpl::CreateInstanceMainModel(char_const*,bq::ObjectID,int)::{lambda(nn::bezel::HandlePtr<nn::bezel::Entity>)#1}>,void(nn::bezel::HandlePtr<nn::bezel::Entity>)>	a	a	0		undefined __clone(__func<mg1117::ModelMan::Pimpl::CreateInstanceMainModel(char_const*,bq::ObjectID,int)::{lambda(nn::bezel::HandlePtr<nn::bezel::Entity>)#1},std::allocator<mg1117::ModelMan::Pimpl::CreateInstanceMainModel(char_const*,bq::ObjectID,int)::{lambda(nn::bezel::HandlePtr<nn::bezel::Entity>)#1}>,void(nn::bezel::HandlePtr<nn::bezel::Entity>)> * this, long * param_1)
7100019098	4	destroy	std::__function::__func<mg1117::ModelMan::Pimpl::CreateInstanceMainModel(char_const*,bq::ObjectID,int)::{lambda(nn::bezel::HandlePtr<nn::bezel::Entity>)#1},std::allocator<mg1117::ModelMan::Pimpl::CreateInstanceMainModel(char_const*,bq::ObjectID,int)::{lambda(nn::bezel::HandlePtr<nn::bezel::Entity>)#1}>,void(nn::bezel::HandlePtr<nn::bezel::Entity>)>	a	a	0		undefined destroy(void)
710001909c	4	destroy_deallocate	std::__function::__func<mg1117::ModelMan::Pimpl::CreateInstanceMainModel(char_const*,bq::ObjectID,int)::{lambda(nn::bezel::HandlePtr<nn::bezel::Entity>)#1},std::allocator<mg1117::ModelMan::Pimpl::CreateInstanceMainModel(char_const*,bq::ObjectID,int)::{lambda(nn::bezel::HandlePtr<nn::bezel::Entity>)#1}>,void(nn::bezel::HandlePtr<nn::bezel::Entity>)>	a	a	0		undefined destroy_deallocate(__func<mg1117::ModelMan::Pimpl::CreateInstanceMainModel(char_const*,bq::ObjectID,int)::{lambda(nn::bezel::HandlePtr<nn::bezel::Entity>)#1},std::allocator<mg1117::ModelMan::Pimpl::CreateInstanceMainModel(char_const*,bq::ObjectID,int)::{lambda(nn::bezel::HandlePtr<nn::bezel::Entity>)#1}>,void(nn::bezel::HandlePtr<nn::bezel::Entity>)> * this)
71000190a0	72	operator()	std::__function::__func<mg1117::ModelMan::Pimpl::CreateInstanceMainModel(char_const*,bq::ObjectID,int)::{lambda(nn::bezel::HandlePtr<nn::bezel::Entity>)#1},std::allocator<mg1117::ModelMan::Pimpl::CreateInstanceMainModel(char_const*,bq::ObjectID,int)::{lambda(nn::bezel::HandlePtr<nn::bezel::Entity>)#1}>,void(nn::bezel::HandlePtr<nn::bezel::Entity>)>	a	a	0		undefined operator()(__func<mg1117::ModelMan::Pimpl::CreateInstanceMainModel(char_const*,bq::ObjectID,int)::{lambda(nn::bezel::HandlePtr<nn::bezel::Entity>)#1},std::allocator<mg1117::ModelMan::Pimpl::CreateInstanceMainModel(char_const*,bq::ObjectID,int)::{lambda(nn::bezel::HandlePtr<nn::bezel::Entity>)#1}>,void(nn::bezel::HandlePtr<nn::bezel::Entity>)> * this, undefined8 * param_1)
71000190f0	468	AddComponent<bq::ComMatter,bq::ObjectID&,nn::bezel::ModelCreateArg&,(void*)0>	nn::bezel::Entity	a	a	0		WeakHandle AddComponent<bq::ComMatter,bq::ObjectID&,nn::bezel::ModelCreateArg&,(void*)0>(long * param_1_00, HandlePtr * param_2, undefined4 * param_3, undefined8 param_4)
71000192cc	376	SafeCreate<bq::ComMatter,nn::bezel::HandlePtr<nn::bezel::Entity>const&,bq::ObjectID&,nn::bezel::ModelCreateArg&>	bex::ComponentUtil	a	a	0		WeakHandle SafeCreate<bq::ComMatter,nn::bezel::HandlePtr<nn::bezel::Entity>const&,bq::ObjectID&,nn::bezel::ModelCreateArg&>(long * param_1_00, ComponentUtil * this, undefined4 * param_3, undefined8 param_4)
7100019460	316	find<std::basic_string<char,std::char_traits<char>,bex::HeapModule::Allocator_string<char>>>	std::__tree<std::__value_type<std::basic_string<char,std::char_traits<char>,bex::HeapModule::Allocator_string<char>>,nn::bezel::WeakHandle<nn::bezel::Entity>>,std::__map_value_compare<std::basic_string<char,std::char_traits<char>,bex::HeapModule::Allocator_string<char>>,std::__value_type<std::basic_string<char,std::char_traits<char>,bex::HeapModule::Allocator_string<char>>,nn::bezel::WeakHandle<nn::bezel::Entity>>,std::less<std::basic_string<char,std::char_traits<char>,bex::HeapModule::Allocator_string<char>>>,true>,bex::HeapModule::Allocator_map<std::__value_type<std::basic_string<char,std::char_traits<char>,bex::HeapModule::Allocator_string<char>>,nn::bezel::WeakHandle<nn::bezel::Entity>>>>	a	a	0		__tree<std::__value_type<std::basic_string<char,std::char_traits<char>,bex::HeapModule::Allocator_string<char>>,nn::bezel::WeakHandle<nn::bezel::Entity>>,std::__map_value_compare<std::basic_string<char,std::char_traits<char>,bex::HeapModule::Allocator_string<char>>,std::__value_type<std::basic_string<char,std::char_traits<char>,bex::HeapModule::Allocator_string<char>>,nn::bezel::WeakHandle<nn::bezel::Entity>>,std::less<std::basic_string<char,std::char_traits<char>,bex::HeapModule::Allocator_string<char>>>,true>,bex::HeapModule::Allocator_map<std::__value_type<std::basic_string<char,std::char_traits<char>,bex::HeapModule::Allocator_string<char>>,nn::bezel::WeakHandle<nn::bezel::Entity>>>> * find<std::basic_string<char,std::char_traits<char>,bex::HeapModule::Allocator_string<char>>>(__tree<std::__value_type<std::basic_string<char,std::char_traits<char>,bex::HeapModule::Allocator_string<char>>,nn::bezel::WeakHandle<nn::bezel::Entity>>,std::__map_value_compare<std::basic_string<char,std::char_traits<char>,bex::HeapModule::Allocator_string<char>>,std::__value_type<std::basic_string<char,std::char_traits<char>,bex::HeapModule::Allocator_string<char>>,nn::bezel::WeakHandle<nn::bezel::Entity>>,std::less<std::basic_string<char,std::char_traits<char>,bex::HeapModule::Allocator_string<char>>>,true>,bex::HeapModule::Allocator_map<std::__value_type<std::basic_string<char,std::char_traits<char>,bex::HeapModule::Allocator_string<char>>,nn::bezel::WeakHandle<nn::bezel::Entity>>>> * this, byte * param_1)
71000195b0	316	find<std::basic_string<char,std::char_traits<char>,bex::HeapModule::Allocator_string<char>>>	std::__tree<std::__value_type<std::basic_string<char,std::char_traits<char>,bex::HeapModule::Allocator_string<char>>,nn::bezel::WeakHandle<nn::bezel::Entity>>,std::__map_value_compare<std::basic_string<char,std::char_traits<char>,bex::HeapModule::Allocator_string<char>>,std::__value_type<std::basic_string<char,std::char_traits<char>,bex::HeapModule::Allocator_string<char>>,nn::bezel::WeakHandle<nn::bezel::Entity>>,std::less<std::basic_string<char,std::char_traits<char>,bex::HeapModule::Allocator_string<char>>>,true>,bex::HeapModule::Allocator_map<std::__value_type<std::basic_string<char,std::char_traits<char>,bex::HeapModule::Allocator_string<char>>,nn::bezel::WeakHandle<nn::bezel::Entity>>>>	a	a	0		__tree<std::__value_type<std::basic_string<char,std::char_traits<char>,bex::HeapModule::Allocator_string<char>>,nn::bezel::WeakHandle<nn::bezel::Entity>>,std::__map_value_compare<std::basic_string<char,std::char_traits<char>,bex::HeapModule::Allocator_string<char>>,std::__value_type<std::basic_string<char,std::char_traits<char>,bex::HeapModule::Allocator_string<char>>,nn::bezel::WeakHandle<nn::bezel::Entity>>,std::less<std::basic_string<char,std::char_traits<char>,bex::HeapModule::Allocator_string<char>>>,true>,bex::HeapModule::Allocator_map<std::__value_type<std::basic_string<char,std::char_traits<char>,bex::HeapModule::Allocator_string<char>>,nn::bezel::WeakHandle<nn::bezel::Entity>>>> * find<std::basic_string<char,std::char_traits<char>,bex::HeapModule::Allocator_string<char>>>(__tree<std::__value_type<std::basic_string<char,std::char_traits<char>,bex::HeapModule::Allocator_string<char>>,nn::bezel::WeakHandle<nn::bezel::Entity>>,std::__map_value_compare<std::basic_string<char,std::char_traits<char>,bex::HeapModule::Allocator_string<char>>,std::__value_type<std::basic_string<char,std::char_traits<char>,bex::HeapModule::Allocator_string<char>>,nn::bezel::WeakHandle<nn::bezel::Entity>>,std::less<std::basic_string<char,std::char_traits<char>,bex::HeapModule::Allocator_string<char>>>,true>,bex::HeapModule::Allocator_map<std::__value_type<std::basic_string<char,std::char_traits<char>,bex::HeapModule::Allocator_string<char>>,nn::bezel::WeakHandle<nn::bezel::Entity>>>> * this, byte * param_1)
7100019700	80	destroy	std::__tree<std::__value_type<std::basic_string<char,std::char_traits<char>,bex::HeapModule::Allocator_string<char>>,nn::bezel::WeakHandle<nn::bezel::Entity>>,std::__map_value_compare<std::basic_string<char,std::char_traits<char>,bex::HeapModule::Allocator_string<char>>,std::__value_type<std::basic_string<char,std::char_traits<char>,bex::HeapModule::Allocator_string<char>>,nn::bezel::WeakHandle<nn::bezel::Entity>>,std::less<std::basic_string<char,std::char_traits<char>,bex::HeapModule::Allocator_string<char>>>,true>,bex::HeapModule::Allocator_map<std::__value_type<std::basic_string<char,std::char_traits<char>,bex::HeapModule::Allocator_string<char>>,nn::bezel::WeakHandle<nn::bezel::Entity>>>>	a	a	0		undefined destroy(__tree<std::__value_type<std::basic_string<char,std::char_traits<char>,bex::HeapModule::Allocator_string<char>>,nn::bezel::WeakHandle<nn::bezel::Entity>>,std::__map_value_compare<std::basic_string<char,std::char_traits<char>,bex::HeapModule::Allocator_string<char>>,std::__value_type<std::basic_string<char,std::char_traits<char>,bex::HeapModule::Allocator_string<char>>,nn::bezel::WeakHandle<nn::bezel::Entity>>,std::less<std::basic_string<char,std::char_traits<char>,bex::HeapModule::Allocator_string<char>>>,true>,bex::HeapModule::Allocator_map<std::__value_type<std::basic_string<char,std::char_traits<char>,bex::HeapModule::Allocator_string<char>>,nn::bezel::WeakHandle<nn::bezel::Entity>>>> * this, undefined8 * param_1)
7100019750	80	ParamMan	mg1117::ParamMan	a	a	0		undefined ParamMan(ParamMan * this)
71000197c0	12176	Pimpl	mg1117::ParamMan::Pimpl	a	a	0		undefined Pimpl(Pimpl * this)
710001c7a4	76	~ParamMan	mg1117::ParamMan	a	a	0		undefined ~ParamMan(void)
710001c7f0	44	SetDrawImGuiEnabled	mg1117::ParamMan	a	a	0		undefined SetDrawImGuiEnabled(uint param_1)
710001c81c	72	GetCommonParam	mg1117::ParamMan	a	a	0		undefined GetCommonParam(undefined8 * param_1)
710001c864	44	GetLayoutParam	mg1117::ParamMan	a	a	0		undefined1[16] GetLayoutParam(void)
710001c890	44	GetCoinParam	mg1117::ParamMan	a	a	0		undefined4 GetCoinParam(void)
710001c8bc	72	GetPlayerParam	mg1117::ParamMan	a	a	0		undefined GetPlayerParam(undefined8 * param_1)
710001c904	68	GetItemBoxParam	mg1117::ParamMan	a	a	0		undefined GetItemBoxParam(undefined8 * param_1)
710001c948	96	GetGoodsCommonParam	mg1117::ParamMan	a	a	0		undefined GetGoodsCommonParam(undefined8 * param_1)
710001c9a8	140	GetGoodsLevelParam	mg1117::ParamMan	a	a	0		undefined GetGoodsLevelParam(undefined8 * param_1)
710001ca34	176	GetGoodsParam	mg1117::ParamMan	a	a	0		undefined GetGoodsParam(undefined8 * param_1, uint param_2)
710001cae4	32	GetStarGoodsParam	mg1117::ParamMan	a	a	0		undefined8 GetStarGoodsParam(void)
710001cb04	48	GetCoinGoodsParam	mg1117::ParamMan	a	a	0		undefined4 GetCoinGoodsParam(void)
710001cb34	32	SetDebugParam	mg1117::ParamMan	a	a	0		undefined SetDebugParam(undefined8 * param_1)
710001cb54	36	GetDebugParam	mg1117::ParamMan	a	a	0		undefined8 GetDebugParam(void)
710001cb78	80	PlayerMan	mg1117::PlayerMan	a	a	0		undefined PlayerMan(undefined1[16] param_1, undefined1[16] param_2, undefined8 param_3, undefined1[16] param_4, PlayerMan * this)
710001cbf0	708	Pimpl	mg1117::PlayerMan::Pimpl	a	a	0		undefined Pimpl(undefined1[16] param_1, undefined1[16] param_2, undefined8 param_3, undefined1[16] param_4, Pimpl * this)
710001cf0c	60	~PlayerMan	mg1117::PlayerMan	a	a	0		undefined ~PlayerMan(void)
710001cf48	72	NotifyCoinGet	mg1117::PlayerMan	a	a	0		undefined NotifyCoinGet(int param_1, Vector3f * param_2, byte param_3)
710001cf90	68	NotifyItemBoxObtained	mg1117::PlayerMan	a	a	0		undefined NotifyItemBoxObtained(void)
710001cfd4	32	PlayFxTrigger	mg1117::PlayerMan	a	a	0		undefined PlayFxTrigger(char * param_1)
710001cff4	40	IsIdle	mg1117::PlayerMan	a	a	0		bool IsIdle(void)
710001d01c	48	SetButtonOperateEnabled	mg1117::PlayerMan	a	a	0		undefined SetButtonOperateEnabled(byte param_1)
710001d04c	136	SetActive	mg1117::PlayerMan	a	a	0		undefined SetActive(byte param_1)
710001d0d4	100	BeginItemUse	mg1117::PlayerMan	a	a	0		undefined BeginItemUse(char param_1)
710001d138	100	EndItemUse	mg1117::PlayerMan	a	a	0		undefined EndItemUse(char param_1)
710001d19c	64	SkipOpening	mg1117::PlayerMan	a	a	0		undefined SkipOpening(void)
710001d1dc	28	SetupLevel	mg1117::PlayerMan	a	a	0		undefined SetupLevel(void)
710001d1f8	24	Update	mg1117::PlayerMan	a	a	0		undefined Update(void)
710001d210	848	Update	mg1117::PlayerMan::Pimpl	a	a	0		undefined Update(Pimpl * this)
710001d734	28	PostUpdate	mg1117::PlayerMan	a	a	0		undefined PostUpdate(void)
710001d750	60	FUN_710001d750		d	a	0		undefined FUN_710001d750(undefined8 * param_1)
710001d78c	60	FUN_710001d78c		d	a	0		undefined FUN_710001d78c(undefined8 * param_1)
710001d7c8	68	FUN_710001d7c8		d	a	0		undefined FUN_710001d7c8(undefined8 * param_1)
710001d80c	20	FUN_710001d80c		d	a	0		undefined FUN_710001d80c(void)
710001d824	52	FUN_710001d824		d	a	0		undefined FUN_710001d824(long param_1)
710001d870	4	FUN_710001d870		d	a	0		undefined FUN_710001d870(void)
710001d874	4	operator.delete	<EXTERNAL>	d	a	1		void operator.delete(void * param_1)
710001d8d0	468	AddComponent<actor::ComActorPad,bex::PlayerID,(void*)0>	nn::bezel::Entity	a	a	0		WeakHandle AddComponent<actor::ComActorPad,bex::PlayerID,(void*)0>(long * param_1_00, HandlePtr * param_2, undefined4 * param_3)
710001daac	32	IsDerivedFrom	nn::bezel::detail::StaticTypeDesc<actor::ComActorPad,false,nn::bezel::Component>	a	a	0		bool IsDerivedFrom(undefined * param_1)
710001dacc	12	GetBaseTypeDesc	nn::bezel::detail::StaticTypeDesc<actor::ComActorPad,false,nn::bezel::Component>	a	a	0		undefined * GetBaseTypeDesc(void)
710001dad8	20	GetNextBaseTypeDesc	nn::bezel::detail::StaticTypeDesc<actor::ComActorPad,false,nn::bezel::Component>	a	a	0		undefined * GetNextBaseTypeDesc(long param_1)
710001daec	8	CastTo	nn::bezel::detail::StaticTypeDesc<actor::ComActorPad,false,nn::bezel::Component>	a	a	0		undefined8 CastTo(undefined8 param_1, undefined8 param_2)
710001daf4	8	CastToConst	nn::bezel::detail::StaticTypeDesc<actor::ComActorPad,false,nn::bezel::Component>	a	a	0		undefined8 CastToConst(undefined8 param_1, undefined8 param_2)
710001db4c	4	FUN_710001db4c		d	a	0		undefined FUN_710001db4c(void)
710001db50	4	operator.delete	<EXTERNAL>	d	a	1		void operator.delete(void * param_1)
710001de00	468	AddComponent<bq::ComMatter,char_const(&)[37],(void*)0>	nn::bezel::Entity	a	a	0		WeakHandle AddComponent<bq::ComMatter,char_const(&)[37],(void*)0>(long * param_1_00, HandlePtr * param_2, char * param_3)
710001dfdc	384	SafeCreate<bq::ComMatter,nn::bezel::HandlePtr<nn::bezel::Entity>const&,char_const(&)[37]>	bex::ComponentUtil	a	a	0		WeakHandle SafeCreate<bq::ComMatter,nn::bezel::HandlePtr<nn::bezel::Entity>const&,char_const(&)[37]>(long * param_1_00, ComponentUtil * this, char * param_3)
710001e170	368	FUN_710001e170		d	a	0		undefined FUN_710001e170(undefined8 * param_1, ulong param_2)
710001e2e0	144	~Pimpl	mg1117::PlayerMan::Pimpl	a	a	0		undefined ~Pimpl(Pimpl * this)
710001e370	80	FUN_710001e370		d	a	0		undefined FUN_710001e370(void)
710001e3c0	64	PlayerModel	mg1117::PlayerModel	a	a	0		undefined PlayerModel(undefined1[16] param_1, undefined1[16] param_2, undefined8 param_3, undefined1[16] param_4, PlayerModel * this)
710001e420	760	Pimpl	mg1117::PlayerModel::Pimpl	a	a	0		undefined Pimpl(undefined1[16] param_1, undefined1[16] param_2, undefined8 param_3, undefined1[16] param_4, Pimpl * this)
710001e720	68	~PlayerModel	mg1117::PlayerModel	a	a	0		undefined ~PlayerModel(PlayerModel * this)
710001e764	80	PlayMotion	mg1117::PlayerModel	a	a	0		undefined PlayMotion(PlayerModel * this, uint param_1)
710001e7b4	128	PlayFxTrigger	mg1117::PlayerModel	a	a	0		undefined PlayFxTrigger(PlayerModel * this, char * param_1)
710001e834	148	BeginItemStar	mg1117::PlayerModel	a	a	0		undefined BeginItemStar(PlayerModel * this)
710001e8c8	132	EndItemStar	mg1117::PlayerModel	a	a	0		undefined EndItemStar(PlayerModel * this)
710001e94c	136	SkipOpening	mg1117::PlayerModel	a	a	0		undefined SkipOpening(PlayerModel * this)
710001e9d4	172	Update	mg1117::PlayerModel	a	a	0		undefined Update(PlayerModel * this)
710001ea80	8	PostUpdate	mg1117::PlayerModel	a	a	0		undefined PostUpdate(PlayerModel * this)
710001ea88	248	PostUpdate	mg1117::PlayerModel::Pimpl	a	a	0		undefined PostUpdate(Pimpl * this)
710001eb80	4	~__func	std::__function::__func<mg1117::PlayerModel::Pimpl::Pimpl()::{lambda(nn::bezel::HandlePtr<nn::bezel::Entity>)#1},std::allocator<mg1117::PlayerModel::Pimpl::Pimpl()::{lambda(nn::bezel::HandlePtr<nn::bezel::Entity>)#1}>,void(nn::bezel::HandlePtr<nn::bezel::Entity>)>	a	a	0		undefined ~__func(__func<mg1117::PlayerModel::Pimpl::Pimpl()::{lambda(nn::bezel::HandlePtr<nn::bezel::Entity>)#1},std::allocator<mg1117::PlayerModel::Pimpl::Pimpl()::{lambda(nn::bezel::HandlePtr<nn::bezel::Entity>)#1}>,void(nn::bezel::HandlePtr<nn::bezel::Entity>)> * this)
710001eb84	56	__clone	std::__function::__func<mg1117::PlayerModel::Pimpl::Pimpl()::{lambda(nn::bezel::HandlePtr<nn::bezel::Entity>)#1},std::allocator<mg1117::PlayerModel::Pimpl::Pimpl()::{lambda(nn::bezel::HandlePtr<nn::bezel::Entity>)#1}>,void(nn::bezel::HandlePtr<nn::bezel::Entity>)>	a	a	0		undefined __clone(__func<mg1117::PlayerModel::Pimpl::Pimpl()::{lambda(nn::bezel::HandlePtr<nn::bezel::Entity>)#1},std::allocator<mg1117::PlayerModel::Pimpl::Pimpl()::{lambda(nn::bezel::HandlePtr<nn::bezel::Entity>)#1}>,void(nn::bezel::HandlePtr<nn::bezel::Entity>)> * this)
710001ebbc	28	__clone	std::__function::__func<mg1117::PlayerModel::Pimpl::Pimpl()::{lambda(nn::bezel::HandlePtr<nn::bezel::Entity>)#1},std::allocator<mg1117::PlayerModel::Pimpl::Pimpl()::{lambda(nn::bezel::HandlePtr<nn::bezel::Entity>)#1}>,void(nn::bezel::HandlePtr<nn::bezel::Entity>)>	a	a	0		undefined __clone(__func<mg1117::PlayerModel::Pimpl::Pimpl()::{lambda(nn::bezel::HandlePtr<nn::bezel::Entity>)#1},std::allocator<mg1117::PlayerModel::Pimpl::Pimpl()::{lambda(nn::bezel::HandlePtr<nn::bezel::Entity>)#1}>,void(nn::bezel::HandlePtr<nn::bezel::Entity>)> * this, long * param_1)
710001ebd8	4	destroy	std::__function::__func<mg1117::PlayerModel::Pimpl::Pimpl()::{lambda(nn::bezel::HandlePtr<nn::bezel::Entity>)#1},std::allocator<mg1117::PlayerModel::Pimpl::Pimpl()::{lambda(nn::bezel::HandlePtr<nn::bezel::Entity>)#1}>,void(nn::bezel::HandlePtr<nn::bezel::Entity>)>	a	a	0		undefined destroy(void)
710001ebdc	4	destroy_deallocate	std::__function::__func<mg1117::PlayerModel::Pimpl::Pimpl()::{lambda(nn::bezel::HandlePtr<nn::bezel::Entity>)#1},std::allocator<mg1117::PlayerModel::Pimpl::Pimpl()::{lambda(nn::bezel::HandlePtr<nn::bezel::Entity>)#1}>,void(nn::bezel::HandlePtr<nn::bezel::Entity>)>	a	a	0		undefined destroy_deallocate(__func<mg1117::PlayerModel::Pimpl::Pimpl()::{lambda(nn::bezel::HandlePtr<nn::bezel::Entity>)#1},std::allocator<mg1117::PlayerModel::Pimpl::Pimpl()::{lambda(nn::bezel::HandlePtr<nn::bezel::Entity>)#1}>,void(nn::bezel::HandlePtr<nn::bezel::Entity>)> * this)
710001ebe0	48	operator()	std::__function::__func<mg1117::PlayerModel::Pimpl::Pimpl()::{lambda(nn::bezel::HandlePtr<nn::bezel::Entity>)#1},std::allocator<mg1117::PlayerModel::Pimpl::Pimpl()::{lambda(nn::bezel::HandlePtr<nn::bezel::Entity>)#1}>,void(nn::bezel::HandlePtr<nn::bezel::Entity>)>	a	a	0		undefined operator()(__func<mg1117::PlayerModel::Pimpl::Pimpl()::{lambda(nn::bezel::HandlePtr<nn::bezel::Entity>)#1},std::allocator<mg1117::PlayerModel::Pimpl::Pimpl()::{lambda(nn::bezel::HandlePtr<nn::bezel::Entity>)#1}>,void(nn::bezel::HandlePtr<nn::bezel::Entity>)> * this, long * param_1)
710001ec10	1720	operator()	mg1117::PlayerModel::Pimpl::Pimpl()::{lambda(nn::bezel::HandlePtr<nn::bezel::Entity>)#1}	a	a	0		undefined operator()({lambda(nn::bezel::HandlePtr<nn::bezel::Entity>)#1} * this, long * param_1)
710001f2f0	468	AddComponent<bq::ComMatter,bex::PlayerID,bq::MatterType,(void*)0>	nn::bezel::Entity	a	a	0		WeakHandle AddComponent<bq::ComMatter,bex::PlayerID,bq::MatterType,(void*)0>(long * param_1_00, HandlePtr * param_2, undefined4 * param_3, undefined4 * param_4)
710001f4cc	384	SafeCreate<bq::ComMatter,nn::bezel::HandlePtr<nn::bezel::Entity>const&,bex::PlayerID,bq::MatterType>	bex::ComponentUtil	a	a	0		WeakHandle SafeCreate<bq::ComMatter,nn::bezel::HandlePtr<nn::bezel::Entity>const&,bex::PlayerID,bq::MatterType>(long * param_1_00, ComponentUtil * this, undefined4 * param_3, undefined4 * param_4)
710001f65c	32	IsDerivedFrom	nn::bezel::detail::StaticTypeDesc<nn::bezel::ComFxTrigger,false,nn::bezel::Component>	a	a	0		bool IsDerivedFrom(undefined * param_1)
710001f67c	12	GetBaseTypeDesc	nn::bezel::detail::StaticTypeDesc<nn::bezel::ComFxTrigger,false,nn::bezel::Component>	a	a	0		undefined * GetBaseTypeDesc(void)
710001f688	20	GetNextBaseTypeDesc	nn::bezel::detail::StaticTypeDesc<nn::bezel::ComFxTrigger,false,nn::bezel::Component>	a	a	0		undefined * GetNextBaseTypeDesc(long param_1)
710001f69c	8	CastTo	nn::bezel::detail::StaticTypeDesc<nn::bezel::ComFxTrigger,false,nn::bezel::Component>	a	a	0		undefined8 CastTo(undefined8 param_1, undefined8 param_2)
710001f6a4	8	CastToConst	nn::bezel::detail::StaticTypeDesc<nn::bezel::ComFxTrigger,false,nn::bezel::Component>	a	a	0		undefined8 CastToConst(undefined8 param_1, undefined8 param_2)
710001f6ac	32	IsDerivedFrom	nn::bezel::detail::StaticTypeDesc<nn::bezel::ComPhysicalAnimation,false,nn::bezel::Component>	a	a	0		bool IsDerivedFrom(undefined * param_1)
710001f6cc	12	GetBaseTypeDesc	nn::bezel::detail::StaticTypeDesc<nn::bezel::ComPhysicalAnimation,false,nn::bezel::Component>	a	a	0		undefined * GetBaseTypeDesc(void)
710001f6d8	20	GetNextBaseTypeDesc	nn::bezel::detail::StaticTypeDesc<nn::bezel::ComPhysicalAnimation,false,nn::bezel::Component>	a	a	0		undefined * GetNextBaseTypeDesc(long param_1)
710001f6ec	8	CastTo	nn::bezel::detail::StaticTypeDesc<nn::bezel::ComPhysicalAnimation,false,nn::bezel::Component>	a	a	0		undefined8 CastTo(undefined8 param_1, undefined8 param_2)
710001f6f4	8	CastToConst	nn::bezel::detail::StaticTypeDesc<nn::bezel::ComPhysicalAnimation,false,nn::bezel::Component>	a	a	0		undefined8 CastToConst(undefined8 param_1, undefined8 param_2)
710001f6fc	32	IsDerivedFrom	nn::bezel::detail::StaticTypeDesc<bex::ComFxTrigger,false,nn::bezel::Component>	a	a	0		bool IsDerivedFrom(undefined * param_1)
710001f71c	12	GetBaseTypeDesc	nn::bezel::detail::StaticTypeDesc<bex::ComFxTrigger,false,nn::bezel::Component>	a	a	0		undefined * GetBaseTypeDesc(void)
710001f728	20	GetNextBaseTypeDesc	nn::bezel::detail::StaticTypeDesc<bex::ComFxTrigger,false,nn::bezel::Component>	a	a	0		undefined * GetNextBaseTypeDesc(long param_1)
710001f73c	8	CastTo	nn::bezel::detail::StaticTypeDesc<bex::ComFxTrigger,false,nn::bezel::Component>	a	a	0		undefined8 CastTo(undefined8 param_1, undefined8 param_2)
710001f744	8	CastToConst	nn::bezel::detail::StaticTypeDesc<bex::ComFxTrigger,false,nn::bezel::Component>	a	a	0		undefined8 CastToConst(undefined8 param_1, undefined8 param_2)
710001f74c	4	~__func	std::__function::__func<mg1117::PlayerModel::Pimpl::Pimpl()::{lambda(nn::bezel::HandlePtr<nn::bezel::Entity>)#2},std::allocator<mg1117::PlayerModel::Pimpl::Pimpl()::{lambda(nn::bezel::HandlePtr<nn::bezel::Entity>)#2}>,void(nn::bezel::HandlePtr<nn::bezel::Entity>)>	a	a	0		undefined ~__func(__func<mg1117::PlayerModel::Pimpl::Pimpl()::{lambda(nn::bezel::HandlePtr<nn::bezel::Entity>)#2},std::allocator<mg1117::PlayerModel::Pimpl::Pimpl()::{lambda(nn::bezel::HandlePtr<nn::bezel::Entity>)#2}>,void(nn::bezel::HandlePtr<nn::bezel::Entity>)> * this)
710001f750	56	__clone	std::__function::__func<mg1117::PlayerModel::Pimpl::Pimpl()::{lambda(nn::bezel::HandlePtr<nn::bezel::Entity>)#2},std::allocator<mg1117::PlayerModel::Pimpl::Pimpl()::{lambda(nn::bezel::HandlePtr<nn::bezel::Entity>)#2}>,void(nn::bezel::HandlePtr<nn::bezel::Entity>)>	a	a	0		undefined __clone(__func<mg1117::PlayerModel::Pimpl::Pimpl()::{lambda(nn::bezel::HandlePtr<nn::bezel::Entity>)#2},std::allocator<mg1117::PlayerModel::Pimpl::Pimpl()::{lambda(nn::bezel::HandlePtr<nn::bezel::Entity>)#2}>,void(nn::bezel::HandlePtr<nn::bezel::Entity>)> * this)
710001f788	28	__clone	std::__function::__func<mg1117::PlayerModel::Pimpl::Pimpl()::{lambda(nn::bezel::HandlePtr<nn::bezel::Entity>)#2},std::allocator<mg1117::PlayerModel::Pimpl::Pimpl()::{lambda(nn::bezel::HandlePtr<nn::bezel::Entity>)#2}>,void(nn::bezel::HandlePtr<nn::bezel::Entity>)>	a	a	0		undefined __clone(__func<mg1117::PlayerModel::Pimpl::Pimpl()::{lambda(nn::bezel::HandlePtr<nn::bezel::Entity>)#2},std::allocator<mg1117::PlayerModel::Pimpl::Pimpl()::{lambda(nn::bezel::HandlePtr<nn::bezel::Entity>)#2}>,void(nn::bezel::HandlePtr<nn::bezel::Entity>)> * this, long * param_1)
710001f7a4	4	destroy	std::__function::__func<mg1117::PlayerModel::Pimpl::Pimpl()::{lambda(nn::bezel::HandlePtr<nn::bezel::Entity>)#2},std::allocator<mg1117::PlayerModel::Pimpl::Pimpl()::{lambda(nn::bezel::HandlePtr<nn::bezel::Entity>)#2}>,void(nn::bezel::HandlePtr<nn::bezel::Entity>)>	a	a	0		undefined destroy(void)
710001f7a8	4	destroy_deallocate	std::__function::__func<mg1117::PlayerModel::Pimpl::Pimpl()::{lambda(nn::bezel::HandlePtr<nn::bezel::Entity>)#2},std::allocator<mg1117::PlayerModel::Pimpl::Pimpl()::{lambda(nn::bezel::HandlePtr<nn::bezel::Entity>)#2}>,void(nn::bezel::HandlePtr<nn::bezel::Entity>)>	a	a	0		undefined destroy_deallocate(__func<mg1117::PlayerModel::Pimpl::Pimpl()::{lambda(nn::bezel::HandlePtr<nn::bezel::Entity>)#2},std::allocator<mg1117::PlayerModel::Pimpl::Pimpl()::{lambda(nn::bezel::HandlePtr<nn::bezel::Entity>)#2}>,void(nn::bezel::HandlePtr<nn::bezel::Entity>)> * this)
710001f7ac	48	operator()	std::__function::__func<mg1117::PlayerModel::Pimpl::Pimpl()::{lambda(nn::bezel::HandlePtr<nn::bezel::Entity>)#2},std::allocator<mg1117::PlayerModel::Pimpl::Pimpl()::{lambda(nn::bezel::HandlePtr<nn::bezel::Entity>)#2}>,void(nn::bezel::HandlePtr<nn::bezel::Entity>)>	a	a	0		undefined operator()(__func<mg1117::PlayerModel::Pimpl::Pimpl()::{lambda(nn::bezel::HandlePtr<nn::bezel::Entity>)#2},std::allocator<mg1117::PlayerModel::Pimpl::Pimpl()::{lambda(nn::bezel::HandlePtr<nn::bezel::Entity>)#2}>,void(nn::bezel::HandlePtr<nn::bezel::Entity>)> * this, long * param_1)
710001f7e0	608	operator()	mg1117::PlayerModel::Pimpl::Pimpl()::{lambda(nn::bezel::HandlePtr<nn::bezel::Entity>)#2}	a	a	0		undefined operator()({lambda(nn::bezel::HandlePtr<nn::bezel::Entity>)#2} * this, long * param_1)
710001fa50	468	PlayMotionLever	mg1117::PlayerModel::Pimpl	a	a	0		undefined PlayMotionLever(Pimpl * this, uint param_1)
710001fc30	460	PlayMotionPlayer	mg1117::PlayerModel::Pimpl	a	a	0		undefined PlayMotionPlayer(Pimpl * this, uint param_1)
710001fdfc	864	FUN_710001fdfc		d	a	0		undefined FUN_710001fdfc(long param_1, undefined8 * param_2)
710002015c	80	PlayerRod	mg1117::PlayerRod	a	a	0		undefined PlayerRod(PlayerRod * this)
71000201d0	1408	Pimpl	mg1117::PlayerRod::Pimpl	a	a	0		undefined Pimpl(Pimpl * this)
7100020790	60	~PlayerRod	mg1117::PlayerRod	a	a	0		undefined ~PlayerRod(void)
71000207cc	56	GetPosition	mg1117::PlayerRod	a	a	0		undefined1[16] GetPosition(void)
7100020810	116	SetupHand	mg1117::PlayerRod	a	a	0		undefined SetupHand(PlayerRod * this, int param_1)
7100020884	20	IsMove	mg1117::PlayerRod	a	a	0		undefined1 IsMove(void)
7100020898	208	StartMoveForward	mg1117::PlayerRod	a	a	0		undefined StartMoveForward(void)
7100020968	188	StartMoveBackward	mg1117::PlayerRod	a	a	0		undefined StartMoveBackward(void)
7100020a24	32	SkipOpening	mg1117::PlayerRod	a	a	0		undefined SkipOpening(void)
7100020a50	88	SetupLevel	mg1117::PlayerRod	a	a	0		undefined SetupLevel(void)
7100020aac	132	UpdateMove	mg1117::PlayerRod	a	a	0		undefined UpdateMove(undefined8 param_1_00, undefined8 * param_2)
7100020b30	16	Update	mg1117::PlayerRod	a	a	0		undefined Update(void)
7100020b40	1332	Update	mg1117::PlayerRod::Pimpl	a	a	0		undefined Update(Pimpl * this)
7100021074	20	FUN_7100021074		d	a	0		undefined FUN_7100021074(void)
7100021088	4	~__func	std::__function::__func<mg1117::PlayerRod::Pimpl::Pimpl()::{lambda(nn::bezel::HandlePtr<nn::bezel::Entity>)#1},std::allocator<mg1117::PlayerRod::Pimpl::Pimpl()::{lambda(nn::bezel::HandlePtr<nn::bezel::Entity>)#1}>,void(nn::bezel::HandlePtr<nn::bezel::Entity>)>	a	a	0		undefined ~__func(__func<mg1117::PlayerRod::Pimpl::Pimpl()::{lambda(nn::bezel::HandlePtr<nn::bezel::Entity>)#1},std::allocator<mg1117::PlayerRod::Pimpl::Pimpl()::{lambda(nn::bezel::HandlePtr<nn::bezel::Entity>)#1}>,void(nn::bezel::HandlePtr<nn::bezel::Entity>)> * this)
710002108c	60	__clone	std::__function::__func<mg1117::PlayerRod::Pimpl::Pimpl()::{lambda(nn::bezel::HandlePtr<nn::bezel::Entity>)#1},std::allocator<mg1117::PlayerRod::Pimpl::Pimpl()::{lambda(nn::bezel::HandlePtr<nn::bezel::Entity>)#1}>,void(nn::bezel::HandlePtr<nn::bezel::Entity>)>	a	a	0		undefined __clone(__func<mg1117::PlayerRod::Pimpl::Pimpl()::{lambda(nn::bezel::HandlePtr<nn::bezel::Entity>)#1},std::allocator<mg1117::PlayerRod::Pimpl::Pimpl()::{lambda(nn::bezel::HandlePtr<nn::bezel::Entity>)#1}>,void(nn::bezel::HandlePtr<nn::bezel::Entity>)> * this)
71000210c8	28	__clone	std::__function::__func<mg1117::PlayerRod::Pimpl::Pimpl()::{lambda(nn::bezel::HandlePtr<nn::bezel::Entity>)#1},std::allocator<mg1117::PlayerRod::Pimpl::Pimpl()::{lambda(nn::bezel::HandlePtr<nn::bezel::Entity>)#1}>,void(nn::bezel::HandlePtr<nn::bezel::Entity>)>	a	a	0		undefined __clone(__func<mg1117::PlayerRod::Pimpl::Pimpl()::{lambda(nn::bezel::HandlePtr<nn::bezel::Entity>)#1},std::allocator<mg1117::PlayerRod::Pimpl::Pimpl()::{lambda(nn::bezel::HandlePtr<nn::bezel::Entity>)#1}>,void(nn::bezel::HandlePtr<nn::bezel::Entity>)> * this, long * param_1)
71000210e4	4	destroy	std::__function::__func<mg1117::PlayerRod::Pimpl::Pimpl()::{lambda(nn::bezel::HandlePtr<nn::bezel::Entity>)#1},std::allocator<mg1117::PlayerRod::Pimpl::Pimpl()::{lambda(nn::bezel::HandlePtr<nn::bezel::Entity>)#1}>,void(nn::bezel::HandlePtr<nn::bezel::Entity>)>	a	a	0		undefined destroy(void)
71000210e8	4	destroy_deallocate	std::__function::__func<mg1117::PlayerRod::Pimpl::Pimpl()::{lambda(nn::bezel::HandlePtr<nn::bezel::Entity>)#1},std::allocator<mg1117::PlayerRod::Pimpl::Pimpl()::{lambda(nn::bezel::HandlePtr<nn::bezel::Entity>)#1}>,void(nn::bezel::HandlePtr<nn::bezel::Entity>)>	a	a	0		undefined destroy_deallocate(__func<mg1117::PlayerRod::Pimpl::Pimpl()::{lambda(nn::bezel::HandlePtr<nn::bezel::Entity>)#1},std::allocator<mg1117::PlayerRod::Pimpl::Pimpl()::{lambda(nn::bezel::HandlePtr<nn::bezel::Entity>)#1}>,void(nn::bezel::HandlePtr<nn::bezel::Entity>)> * this)
71000210ec	48	operator()	std::__function::__func<mg1117::PlayerRod::Pimpl::Pimpl()::{lambda(nn::bezel::HandlePtr<nn::bezel::Entity>)#1},std::allocator<mg1117::PlayerRod::Pimpl::Pimpl()::{lambda(nn::bezel::HandlePtr<nn::bezel::Entity>)#1}>,void(nn::bezel::HandlePtr<nn::bezel::Entity>)>	a	a	0		undefined operator()(__func<mg1117::PlayerRod::Pimpl::Pimpl()::{lambda(nn::bezel::HandlePtr<nn::bezel::Entity>)#1},std::allocator<mg1117::PlayerRod::Pimpl::Pimpl()::{lambda(nn::bezel::HandlePtr<nn::bezel::Entity>)#1}>,void(nn::bezel::HandlePtr<nn::bezel::Entity>)> * this, undefined8 * param_1)
7100021120	1572	operator()	mg1117::PlayerRod::Pimpl::Pimpl()::{lambda(nn::bezel::HandlePtr<nn::bezel::Entity>)#1}	a	a	0		undefined operator()({lambda(nn::bezel::HandlePtr<nn::bezel::Entity>)#1} * this, HandlePtr * param_1)
7100021750	468	AddComponent<bq::ComMatter,char_const(&)[34],(void*)0>	nn::bezel::Entity	a	a	0		WeakHandle AddComponent<bq::ComMatter,char_const(&)[34],(void*)0>(long * param_1_00, HandlePtr * param_2, char * param_3)
7100021930	412	HandInfo	mg1117::PlayerRod::Pimpl::HandInfo	a	a	0		undefined HandInfo(HandInfo * this, undefined4 param_1, long * param_2, char * param_3)
7100021ad4	384	SafeCreate<bq::ComMatter,nn::bezel::HandlePtr<nn::bezel::Entity>const&,char_const(&)[34]>	bex::ComponentUtil	a	a	0		WeakHandle SafeCreate<bq::ComMatter,nn::bezel::HandlePtr<nn::bezel::Entity>const&,char_const(&)[34]>(long * param_1_00, ComponentUtil * this, char * param_3)
7100021c64	4	~__func	std::__function::__func<mg1117::PlayerRod::Pimpl::Pimpl()::{lambda(nn::bezel::HandlePtr<nn::bezel::Entity>)#2},std::allocator<mg1117::PlayerRod::Pimpl::Pimpl()::{lambda(nn::bezel::HandlePtr<nn::bezel::Entity>)#2}>,void(nn::bezel::HandlePtr<nn::bezel::Entity>)>	a	a	0		undefined ~__func(__func<mg1117::PlayerRod::Pimpl::Pimpl()::{lambda(nn::bezel::HandlePtr<nn::bezel::Entity>)#2},std::allocator<mg1117::PlayerRod::Pimpl::Pimpl()::{lambda(nn::bezel::HandlePtr<nn::bezel::Entity>)#2}>,void(nn::bezel::HandlePtr<nn::bezel::Entity>)> * this)
7100021c68	40	__clone	std::__function::__func<mg1117::PlayerRod::Pimpl::Pimpl()::{lambda(nn::bezel::HandlePtr<nn::bezel::Entity>)#2},std::allocator<mg1117::PlayerRod::Pimpl::Pimpl()::{lambda(nn::bezel::HandlePtr<nn::bezel::Entity>)#2}>,void(nn::bezel::HandlePtr<nn::bezel::Entity>)>	a	a	0		undefined __clone(void)
7100021c90	20	__clone	std::__function::__func<mg1117::PlayerRod::Pimpl::Pimpl()::{lambda(nn::bezel::HandlePtr<nn::bezel::Entity>)#2},std::allocator<mg1117::PlayerRod::Pimpl::Pimpl()::{lambda(nn::bezel::HandlePtr<nn::bezel::Entity>)#2}>,void(nn::bezel::HandlePtr<nn::bezel::Entity>)>	a	a	0		undefined __clone(undefined8 param_1_00, long * param_2)
7100021ca4	4	destroy	std::__function::__func<mg1117::PlayerRod::Pimpl::Pimpl()::{lambda(nn::bezel::HandlePtr<nn::bezel::Entity>)#2},std::allocator<mg1117::PlayerRod::Pimpl::Pimpl()::{lambda(nn::bezel::HandlePtr<nn::bezel::Entity>)#2}>,void(nn::bezel::HandlePtr<nn::bezel::Entity>)>	a	a	0		undefined destroy(void)
7100021ca8	4	destroy_deallocate	std::__function::__func<mg1117::PlayerRod::Pimpl::Pimpl()::{lambda(nn::bezel::HandlePtr<nn::bezel::Entity>)#2},std::allocator<mg1117::PlayerRod::Pimpl::Pimpl()::{lambda(nn::bezel::HandlePtr<nn::bezel::Entity>)#2}>,void(nn::bezel::HandlePtr<nn::bezel::Entity>)>	a	a	0		undefined destroy_deallocate(__func<mg1117::PlayerRod::Pimpl::Pimpl()::{lambda(nn::bezel::HandlePtr<nn::bezel::Entity>)#2},std::allocator<mg1117::PlayerRod::Pimpl::Pimpl()::{lambda(nn::bezel::HandlePtr<nn::bezel::Entity>)#2}>,void(nn::bezel::HandlePtr<nn::bezel::Entity>)> * this)
7100021cac	48	operator()	std::__function::__func<mg1117::PlayerRod::Pimpl::Pimpl()::{lambda(nn::bezel::HandlePtr<nn::bezel::Entity>)#2},std::allocator<mg1117::PlayerRod::Pimpl::Pimpl()::{lambda(nn::bezel::HandlePtr<nn::bezel::Entity>)#2}>,void(nn::bezel::HandlePtr<nn::bezel::Entity>)>	a	a	0		undefined operator()(__func<mg1117::PlayerRod::Pimpl::Pimpl()::{lambda(nn::bezel::HandlePtr<nn::bezel::Entity>)#2},std::allocator<mg1117::PlayerRod::Pimpl::Pimpl()::{lambda(nn::bezel::HandlePtr<nn::bezel::Entity>)#2}>,void(nn::bezel::HandlePtr<nn::bezel::Entity>)> * this, long * param_1)
7100021ce0	424	operator()	mg1117::PlayerRod::Pimpl::Pimpl()::{lambda(nn::bezel::HandlePtr<nn::bezel::Entity>)#2}	a	a	0		undefined operator()({lambda(nn::bezel::HandlePtr<nn::bezel::Entity>)#2} * this, long * param_1)
7100021e90	364	SetActive	mg1117::PlayerRod::Pimpl::HandInfo	a	a	0		undefined SetActive(long * param_1)
7100022010	232	~Pimpl	mg1117::PlayerRod::Pimpl	a	a	0		undefined ~Pimpl(Pimpl * this)
7100022100	68	DummySymbolLink	mg1117::Scene	a	a	0		undefined DummySymbolLink(ulong param_1)
7100022148	220	getStaticTypeinfo	mg1117::Scene	a	a	0		undefined * getStaticTypeinfo(void)
7100022224	96	getPropertyList	mg1117::Scene	a	a	0		undefined8 getPropertyList(void)
7100022284	44	createInstance	mg1117::Scene	a	a	0		Scene * createInstance(void)
71000222b0	20	deleteInstance	mg1117::Scene	a	a	0		undefined deleteInstance(long * param_1)
71000222c4	4	checkGuiProperty	rtti::Class	a	a	0		undefined checkGuiProperty(void * param_1, Property * param_2, PropertyList * param_3)
71000222c8	4	createGuiProperty	rtti::Class	a	a	0		undefined createGuiProperty(void * param_1, Property * param_2, Typeinfo * param_3, uint param_4)
71000222cc	220	getStaticTypeinfo	mg1117::Scene::Params	a	a	0		undefined * getStaticTypeinfo(void)
71000223a8	388	getPropertyList	mg1117::Scene::Params	a	a	0		undefined * getPropertyList(void)
710002252c	60	createInstance	mg1117::Scene::Params	a	a	0		undefined createInstance(void)
7100022568	20	deleteInstance	mg1117::Scene::Params	a	a	0		undefined deleteInstance(long * param_1)
7100022580	216	Scene	mg1117::Scene	a	a	0		undefined Scene(Scene * this)
710002265c	316	~Scene	mg1117::Scene	a	a	0		undefined ~Scene(Scene * this)
7100022798	36	~Scene	mg1117::Scene	a	a	0		undefined ~Scene(Scene * this)
71000227c0	1064	SetupGame	mg1117::Scene	a	a	0		undefined SetupGame(undefined1[16] param_1, undefined1[16] param_2, undefined8 param_3, undefined1[16] param_4, Scene * this)
7100022be8	4	SyncedSetupGame	mg1117::Scene	a	a	0		undefined SyncedSetupGame(void)
7100022bf0	388	CleanupGame	mg1117::Scene	a	a	0		undefined CleanupGame(Scene * this)
7100022d78	68	OnBeginLevel	mg1117::Scene	a	a	0		undefined OnBeginLevel(void)
7100022dbc	4	OnEndLevelTelop	mg1117::Scene	a	a	0		undefined OnEndLevelTelop(void)
7100022dc0	84	TickUpdate	mg1117::Scene	a	a	0		undefined TickUpdate(Scene * this)
7100022e1c	12	OnTriggeredItemUseButton	mg1117::Scene	a	a	0		undefined OnTriggeredItemUseButton(void)
7100022e28	56	OnBeginItemUse	mg1117::Scene	a	a	0		undefined OnBeginItemUse(Scene * this, char param_1)
7100022e60	56	OnEndItemUse	mg1117::Scene	a	a	0		undefined OnEndItemUse(Scene * this, char param_1)
7100022e98	8	OnBeginItemSuffer	mg1117::Scene	a	a	0		undefined OnBeginItemSuffer(Scene * this, char param_1)
7100022ea0	8	OnEndItemSuffer	mg1117::Scene	a	a	0		undefined OnEndItemSuffer(Scene * this, char param_1)
7100022ea8	20	OnHiddlenByFireball	mg1117::Scene	a	a	0		undefined OnHiddlenByFireball(void)
7100022ebc	4	OnFilledItemGauge	mg1117::Scene	a	a	0		undefined OnFilledItemGauge(void)
7100022ec0	4	OnItemBoxAppeared	mg1117::Scene	a	a	0		undefined OnItemBoxAppeared(void)
7100022ec4	8	OnGameOpening_Begin	mg1117::Scene	a	a	0		undefined OnGameOpening_Begin(Scene * this)
7100022ed0	196	SetSequence	mg1117::Scene	a	a	0		undefined SetSequence(Scene * this, int param_1)
7100022fa0	116	OnGameOpening_Update	mg1117::Scene	a	a	0		undefined1 OnGameOpening_Update(Scene * this)
7100023020	116	IsEndSequence	mg1117::Scene	a	a	0		undefined1 IsEndSequence(Scene * this)
7100023094	32	OnGameOpening_Skipped	mg1117::Scene	a	a	0		undefined OnGameOpening_Skipped(void)
71000230b4	8	OnGameMain_Begin	mg1117::Scene	a	a	0		undefined OnGameMain_Begin(Scene * this)
71000230c0	116	OnGameMain_Update	mg1117::Scene	a	a	0		undefined1 OnGameMain_Update(Scene * this)
7100023134	8	OnGameMain_End	mg1117::Scene	a	a	0		undefined OnGameMain_End(Scene * this)
710002313c	220	getInstanceTypeinfo	mg1117::Scene	a	a	0		undefined * getInstanceTypeinfo(void)
7100023218	16	GetSymbol	mg1117::Scene	a	a	0		undefined8 GetSymbol(void)
7100023228	8	GetTickElapsed	bex::SceneBase	a	a	0		undefined8 GetTickElapsed(void)
7100023230	28	GetHandle	bex::SceneBase	a	a	0		undefined GetHandle(undefined8 * param_1, long param_2)
710002324c	4	OnCleanupProcessing	bex::GameScene	a	a	0		undefined OnCleanupProcessing(void)
7100023250	4	OnSyncEnd	bex::NetworkGameScene	a	a	0		undefined OnSyncEnd(void)
7100023254	4	OnEndLevel	ca::coin_athlon::MinigameScene	a	a	0		undefined OnEndLevel(void)
7100023258	4	OnPrePauseFireball	ca::coin_athlon::MinigameScene	a	a	0		undefined OnPrePauseFireball(void)
710002325c	4	OnItemBoxVanished	ca::coin_athlon::MinigameScene	a	a	0		undefined OnItemBoxVanished(void)
7100023260	4	OnGameInit_Begin	ca::coin_athlon::MinigameScene	a	a	0		undefined OnGameInit_Begin(void)
7100023264	8	OnGameInit_Update	ca::coin_athlon::MinigameScene	a	a	0		undefined8 OnGameInit_Update(void)
710002326c	4	OnGameInit_End	ca::coin_athlon::MinigameScene	a	a	0		undefined OnGameInit_End(void)
7100023270	4	OnGameOpening_End	ca::coin_athlon::MinigameScene	a	a	0		undefined OnGameOpening_End(void)
7100023274	4	OnGameOpening_SkippedUpdate	ca::coin_athlon::MinigameScene	a	a	0		undefined OnGameOpening_SkippedUpdate(void)
7100023278	4	OnGameStart_Begin	ca::coin_athlon::MinigameScene	a	a	0		undefined OnGameStart_Begin(void)
710002327c	8	OnGameStart_Update	ca::coin_athlon::MinigameScene	a	a	0		undefined8 OnGameStart_Update(void)
7100023284	4	OnGameStart_End	ca::coin_athlon::MinigameScene	a	a	0		undefined OnGameStart_End(void)
7100023288	4	OnGameFinish_Begin	ca::coin_athlon::MinigameScene	a	a	0		undefined OnGameFinish_Begin(void)
710002328c	8	OnGameFinish_Update	ca::coin_athlon::MinigameScene	a	a	0		undefined8 OnGameFinish_Update(void)
7100023294	4	OnGameFinish_End	ca::coin_athlon::MinigameScene	a	a	0		undefined OnGameFinish_End(void)
7100023298	4	OnGameEnding_Begin	ca::coin_athlon::MinigameScene	a	a	0		undefined OnGameEnding_Begin(void)
710002329c	8	OnGameEnding_Update	ca::coin_athlon::MinigameScene	a	a	0		undefined8 OnGameEnding_Update(void)
71000232a4	4	OnGameEnding_End	ca::coin_athlon::MinigameScene	a	a	0		undefined OnGameEnding_End(void)
71000232a8	4	OnPreSetup	ca::coin_athlon::MinigameScene	a	a	0		undefined OnPreSetup(void)
71000232ac	4	~Params	mg1117::Scene::Params	a	a	0		undefined ~Params(Params * this)
71000232b0	220	getInstanceTypeinfo	mg1117::Scene::Params	a	a	0		undefined * getInstanceTypeinfo(void)
710002338c	16	GetSymbol	mg1117::Scene::Params	a	a	0		undefined8 GetSymbol(void)
710002339c	4	~Class	rtti::Class	a	a	0		undefined ~Class(void)
71000233a0	20	FUN_71000233a0		d	a	0		undefined FUN_71000233a0(void)
71000233c0	624	FUN_71000233c0		d	a	0		undefined FUN_71000233c0(void)
7100023630	24	Sequence	mg1117::Sequence	a	a	0		undefined Sequence(Sequence * this, undefined8 param_1)
7100023648	80	~Sequence	mg1117::Sequence	a	a	0		undefined ~Sequence(Sequence * this)
7100023698	36	~Sequence	mg1117::Sequence	a	a	0		undefined ~Sequence(Sequence * this)
71000236bc	12	GetSequenceID	mg1117::Sequence	a	a	0		undefined4 GetSequenceID(Sequence * this)
71000236c8	12	IsEnd	mg1117::Sequence	a	a	0		undefined1 IsEnd(Sequence * this)
71000236d4	32	BeginOperation	mg1117::Sequence	a	a	0		undefined BeginOperation(Sequence * this)
71000236f4	36	EndOperation	mg1117::Sequence	a	a	0		undefined EndOperation(Sequence * this)
7100023718	28	Update	mg1117::Sequence	a	a	0		undefined Update(Sequence * this)
7100023734	320	CreateSequence	mg1117::SequenceFactory	a	a	0		Sequence * CreateSequence(undefined8 param_1)
71000238c8	4	OnEnd	mg1117::SequencePimpl	a	a	0		undefined OnEnd(void)
71000238cc	156	FUN_71000238cc		d	a	0		undefined FUN_71000238cc(long * param_1)
7100023968	4	~SequencePimpl	mg1117::SequencePimpl	a	a	0		undefined ~SequencePimpl(SequencePimpl * this)
710002396c	4	OnBegin	mg1117::SequencePimpl	a	a	0		undefined OnBegin(void)
7100023970	4	OnUpdate	mg1117::SequencePimpl	a	a	0		undefined OnUpdate(void)
7100023974	4	~SequencePimpl	mg1117::SequencePimpl	a	a	0		undefined ~SequencePimpl(void)
710002397c	84	FUN_710002397c		d	a	0		undefined FUN_710002397c(undefined1[16] param_1, undefined1[16] param_2, long param_3)
71000239d0	48	FUN_71000239d0		d	a	0		undefined FUN_71000239d0(void)
7100023a00	160	FUN_7100023a00		d	a	0		undefined FUN_7100023a00(long param_1)
7100023aa0	8	RegisterGeneratedBindCodes_mg1117	nn::bezel::detail::autogen	a	a	0		undefined8 RegisterGeneratedBindCodes_mg1117(void)
7100023ab0	16	SuppressDeadStrip_mg1117	nn::bezel::detail::autogen	a	a	0		undefined4 SuppressDeadStrip_mg1117(void)
7100023ac0	8	RegisterGeneratedBindCodes_sharedPCH	nn::bezel::detail::autogen	a	a	0		undefined8 RegisterGeneratedBindCodes_sharedPCH(void)
7100023ad0	16	SuppressDeadStrip_sharedPCH	nn::bezel::detail::autogen	a	a	0		undefined4 SuppressDeadStrip_sharedPCH(void)
7100023ae0	20	FUN_7100023ae0		d	a	0		undefined FUN_7100023ae0(void)
7100023b00	16	__nnmusl_init_dso		i	d	1		undefined __nnmusl_init_dso()
7100023b10	16	ProtectRelro	<EXTERNAL>::nn::ro	d	a	1		undefined ProtectRelro(void * param_1, void * param_2, void * param_3, void * param_4, void * param_5)
7100023b20	16	__nnmusl_fini_dso		i	d	1		undefined __nnmusl_fini_dso()
7100023b30	16	__cxa_guard_acquire		i	d	1		undefined __cxa_guard_acquire()
7100023b40	16	__cxa_guard_release		i	d	1		undefined __cxa_guard_release()
7100023b50	16	operator.new	<EXTERNAL>	d	a	1		void * operator.new(ulong param_1, ulong param_2, HeapID param_3)
7100023b60	16	Pimpl	mg1117::CoinMan::Pimpl	d	a	1		undefined Pimpl(Pimpl * this)
7100023b70	16	AbortImpl	<EXTERNAL>::nn::diag::detail	d	a	1		undefined AbortImpl(void)
7100023b80	16	operator.delete	<EXTERNAL>	d	a	1		void operator.delete(void * param_1, ulong param_2, HeapID param_3)
7100023b90	16	_Unwind_Resume		i	d	1		undefined _Unwind_Resume()
7100023ba0	16	Alloc	<EXTERNAL>::bex::HeapModule	d	a	1		undefined Alloc(HeapID param_1, ulong param_2, int param_3, char * param_4, int param_5, char * param_6, char * param_7)
7100023bb0	16	Free	<EXTERNAL>::bex::HeapModule	d	a	1		undefined Free(void * param_1)
7100023bc0	16	CreateCoinModel	mg1117::CoinMan::Pimpl	d	a	1		undefined CreateCoinModel(undefined8 param_1_00, ModelMan * param_2, undefined4 param_3, int param_4)
7100023bd0	16	CreateInstanceModel	mg1117::ModelMan	d	a	1		InstanceModel * CreateInstanceModel(char * param_1)
7100023be0	16	AcquireCoin	mg1117::CoinMan	d	a	1		undefined AcquireCoin(float param_1, float param_2_00, undefined8 * param_3, byte param_4)
7100023bf0	16	AcquireCoin	mg1117::CoinMan::Pimpl	d	a	1		undefined AcquireCoin(float param_1, float param_2, undefined8 * param_3, undefined8 * param_4, byte param_5)
7100023c00	16	GetActiveSequenceID	mg1117::Common	d	a	1		undefined4 GetActiveSequenceID(void)
7100023c10	16	EntryTurnTable	mg1117::MapMan	d	a	1		undefined EntryTurnTable(long * param_1)
7100023c20	16	NotifyCoinGet	mg1117::PlayerMan	d	a	1		undefined NotifyCoinGet(int param_1, Vector3f * param_2, byte param_3)
7100023c30	16	GetCoinParam	mg1117::ParamMan	d	a	1		undefined4 GetCoinParam(void)
7100023c40	16	Update	mg1117::CoinMan	d	a	1		undefined Update(void)
7100023c50	16	Update	mg1117::CoinMan::Pimpl	d	a	1		undefined Update(Pimpl * this)
7100023c60	16	EntryTurnTable	mg1117::MapMan	d	a	1		undefined EntryTurnTable(undefined8 * param_1)
7100023c70	16	RemoveTurnTable	mg1117::MapMan	d	a	1		undefined RemoveTurnTable(long param_1)
7100023c80	16	GetDeltaTime	<EXTERNAL>::bex::MainModule	d	a	1		undefined GetDeltaTime(void)
7100023c90	16	sinf		i	i	1		float sinf(float __x)
7100023ca0	16	CreateEffect	<EXTERNAL>::ca::coin_athlon::MinigameFactory	d	a	1		undefined CreateEffect(char * param_1, function param_2)
7100023cb0	16	CreateInstanceMainModel	mg1117::ModelMan	d	a	1		undefined CreateInstanceMainModel(long * param_1, ModelMan * this, undefined4 param_3, int param_4)
7100023cc0	16	SetScale	<EXTERNAL>::nn::bezel::Entity	d	a	1		undefined SetScale(Vector3f * param_1)
7100023cd0	16	SetDecalShadowEnable	<EXTERNAL>::bex::gfx::ComModelBuffer	d	a	1		undefined SetDecalShadowEnable(bool param_1)
7100023ce0	16	__cxa_begin_catch		i	d	1		undefined __cxa_begin_catch()
7100023cf0	16	terminate	<EXTERNAL>::std	d	a	1		undefined terminate(void)
7100023d00	16	__cxa_allocate_exception		i	d	1		undefined __cxa_allocate_exception()
7100023d10	16	__cxa_throw		i	d	1		undefined __cxa_throw()
7100023d20	16	__cxa_free_exception		i	d	1		undefined __cxa_free_exception()
7100023d30	16	logic_error	<EXTERNAL>::std::logic_error	d	a	1		undefined logic_error(logic_error * this, char * param_1)
7100023d40	16	operator.delete	<EXTERNAL>	d	a	1		void operator.delete(void * param_1)
7100023d50	16	operator.new	<EXTERNAL>	d	a	1		void * operator.new(ulong param_1)
7100023d60	16	SetPosition	<EXTERNAL>::bex::Effect	d	a	1		undefined SetPosition(Vector3f * param_1)
7100023d70	16	GetScale	mg1117::Model	d	a	1		undefined1[16] GetScale(Model * this)
7100023d80	16	SetScale	<EXTERNAL>::bex::Effect	d	a	1		undefined SetScale(Vector3f * param_1)
7100023d90	16	Start	<EXTERNAL>::bex::Effect	d	a	1		undefined Start(bool param_1)
7100023da0	16	CoinMan	mg1117::CoinMan	d	a	1		undefined CoinMan(CoinMan * this)
7100023db0	16	~CoinMan	mg1117::CoinMan	d	a	1		undefined ~CoinMan(void)
7100023dc0	16	GetPlayers	<EXTERNAL>::bq::WorkModule	d	a	1		undefined GetPlayers(void)
7100023dd0	16	GetPlayerID	<EXTERNAL>::ca::coin_athlon::MinigameWork	d	a	1		undefined GetPlayerID(void)
7100023de0	16	FindFromPlayerID	<EXTERNAL>::bq::PlayerWorkHolder	d	a	1		undefined FindFromPlayerID(PlayerID param_1)
7100023df0	16	GetCharacterID	<EXTERNAL>::bq::PlayerWork	d	a	1		undefined GetCharacterID(void)
7100023e00	16	GetPlayerCharacterID	mg1117::Common	d	a	1		undefined4 GetPlayerCharacterID(void)
7100023e10	16	SetLevel	mg1117::Common	d	a	1		undefined SetLevel(short param_1)
7100023e20	16	GetLevel	mg1117::Common	d	a	1		undefined2 GetLevel(void)
7100023e30	16	SetTurnConveyor	mg1117::Common	d	a	1		undefined SetTurnConveyor(byte param_1)
7100023e40	16	IsTurnConveyor	mg1117::Common	d	a	1		bool IsTurnConveyor(void)
7100023e50	16	BeginItemUse	mg1117::Common	d	a	1		undefined BeginItemUse(char param_1)
7100023e60	16	EndItemUse	mg1117::Common	d	a	1		undefined EndItemUse(char param_1)
7100023e70	16	BeginItemSuffer	mg1117::Common	d	a	1		undefined BeginItemSuffer(char param_1)
7100023e80	16	EndItemSuffer	mg1117::Common	d	a	1		undefined EndItemSuffer(char param_1)
7100023e90	16	IsActiveItemStar	mg1117::Common	d	a	1		bool IsActiveItemStar(void)
7100023ea0	16	IsSufferItemThunder	mg1117::Common	d	a	1		bool IsSufferItemThunder(void)
7100023eb0	16	SetActiveSequenceID	mg1117::Common	d	a	1		undefined SetActiveSequenceID(undefined4 param_1)
7100023ec0	16	IsBigGoods	mg1117::Common	d	a	1		uint IsBigGoods(uint param_1)
7100023ed0	16	CalcAppearPosition	mg1117::Common	d	a	1		undefined1[16] CalcAppearPosition(undefined8 * param_1, undefined8 * param_2)
7100023ee0	16	SetPosition	mg1117::Common	d	a	1		undefined SetPosition(undefined8 * param_1)
7100023ef0	16	SetTranslation	<EXTERNAL>::nn::bezel::Entity	d	a	1		undefined SetTranslation(Vector3f * param_1)
7100023f00	16	GetPosition	mg1117::Common	d	a	1		undefined1[16] GetPosition(long * param_1)
7100023f10	16	GetTranslation	<EXTERNAL>::nn::bezel::Entity	d	a	1		undefined GetTranslation(void)
7100023f20	16	SetRotation	mg1117::Common	d	a	1		undefined SetRotation(undefined8 * param_1)
7100023f30	16	SetRotation	<EXTERNAL>::nn::bezel::Entity	d	a	1		undefined SetRotation(Quaternion * param_1)
7100023f40	16	SetVisible	mg1117::Common	d	a	1		undefined SetVisible(long * param_1)
7100023f50	16	SetVisible	<EXTERNAL>::nn::bezel::ComModel	d	a	1		undefined SetVisible(bool param_1)
7100023f60	16	IsVisible	mg1117::Common	d	a	1		byte IsVisible(long * param_1)
7100023f70	16	GetDT	mg1117::Common	d	a	1		undefined GetDT(void)
7100023f80	16	StopSound	mg1117::Common	d	a	1		undefined StopSound(undefined8 * param_1)
7100023f90	16	Stop	<EXTERNAL>::bex::sound::SoundHandle	d	a	1		undefined Stop(void)
7100023fa0	16	StopSound	mg1117::Common	d	a	1		undefined StopSound(undefined8 * param_1)
7100023fb0	16	Stop_Preset	<EXTERNAL>::bex::sound::SoundHandle	d	a	1		undefined Stop_Preset(FadeTimePreset param_1)
7100023fc0	16	CalcQuaternionFromMatrix	mg1117::Common	d	a	1		undefined1[16] CalcQuaternionFromMatrix(float * param_1)
7100023fd0	16	CalcDirectionVector	mg1117::Common	d	a	1		undefined CalcDirectionVector(undefined8 * param_1, undefined8 * param_2)
7100023fe0	16	Common	mg1117::Common	d	a	1		undefined Common(Common * this)
7100023ff0	16	~Common	mg1117::Common	d	a	1		undefined ~Common(void)
7100024000	16	Reset	nn::bezel::HandleSource<nn::bezel::Component>	d	a	1		undefined Reset(HandleSource<nn::bezel::Component> * this, long param_1)
7100024010	16	SetCollisionLayer	<EXTERNAL>::nn::bezel::ComCollision	d	a	1		undefined SetCollisionLayer(int param_1)
7100024020	16	ReceiveMessageImpl	mg1117::ComGoods	d	a	1		undefined ReceiveMessageImpl(undefined4 * param_1_00, ComGoods * param_2, long param_3)
7100024030	16	UpdateRubSound	mg1117::Goods	d	a	1		undefined UpdateRubSound(Goods * this)
7100024040	16	OnCollisionHit	mg1117::ComGoods	d	a	1		undefined OnCollisionHit(ComGoods * this, long * param_1, undefined8 * param_2)
7100024050	16	GetLinearVelocity	<EXTERNAL>::nn::bezel::ComRigidBody	d	a	1		undefined GetLinearVelocity(void)
7100024060	16	GetGoodsCommonParam	mg1117::ParamMan	d	a	1		undefined GetGoodsCommonParam(undefined8 * param_1)
7100024070	16	Play3DHookPosition	<EXTERNAL>::ca::coin_athlon::MinigameSound	d	a	1		undefined Play3DHookPosition(char * param_1, WeakHandle * param_2, float param_3, char * param_4)
7100024080	16	GetCollisionLayer	<EXTERNAL>::nn::bezel::ComCollision	d	a	1		undefined GetCollisionLayer(void)
7100024090	16	ObtainGoods	mg1117::ComGoods	d	a	1		undefined ObtainGoods(ComGoods * this, undefined8 * param_1)
71000240a0	16	SetEnabled	<EXTERNAL>::nn::bezel::ComCollision	d	a	1		undefined SetEnabled(bool param_1)
71000240b0	16	SetVisible	mg1117::ComGoods	d	a	1		undefined SetVisible(long param_1)
71000240c0	16	SetVisible	mg1117::InstanceModel	d	a	1		undefined SetVisible(InstanceModel * this, byte param_1)
71000240d0	16	GetGoodsParam	mg1117::ParamMan	d	a	1		undefined GetGoodsParam(undefined8 * param_1, uint param_2)
71000240e0	16	CalculateRotation	<EXTERNAL>::nn::bezel::Entity	d	a	1		undefined CalculateRotation(void)
71000240f0	16	SNPrintf	<EXTERNAL>::nn::util	d	a	1		undefined SNPrintf(char * param_1, ulong param_2, char * param_3, ...)
7100024100	16	SetGoodsType	mg1117::ComGoods	d	a	1		undefined SetGoodsType(ComGoods * this, undefined4 param_1)
7100024110	16	Teleport	<EXTERNAL>::nn::bezel::ComCollision	d	a	1		undefined Teleport(void)
7100024120	16	SetCollisionParam	mg1117::ComGoods	d	a	1		undefined SetCollisionParam(ComGoods * this, uint param_1)
7100024130	16	SetMass	<EXTERNAL>::nn::bezel::ComRigidBody	d	a	1		undefined SetMass(float param_1)
7100024140	16	SetStaticFriction	<EXTERNAL>::nn::bezel::ComCollision	d	a	1		undefined SetStaticFriction(float param_1)
7100024150	16	SetDynamicFriction	<EXTERNAL>::nn::bezel::ComCollision	d	a	1		undefined SetDynamicFriction(float param_1)
7100024160	16	SetRestitution	<EXTERNAL>::nn::bezel::ComCollision	d	a	1		undefined SetRestitution(float param_1)
7100024170	16	SetLinearDamping	<EXTERNAL>::nn::bezel::ComRigidBody	d	a	1		undefined SetLinearDamping(float param_1)
7100024180	16	SetAngularDamping	<EXTERNAL>::nn::bezel::ComRigidBody	d	a	1		undefined SetAngularDamping(float param_1)
7100024190	16	BeginActive	mg1117::ComGoods	d	a	1		undefined BeginActive(long param_1, undefined4 param_2)
71000241a0	16	Vanish	mg1117::ComGoods	d	a	1		undefined Vanish(ComGoods * this, uint param_1)
71000241b0	16	Update	mg1117::ComGoods	d	a	1		undefined Update(ComGoods * this)
71000241c0	16	CheckVanish	mg1117::MapMan	d	a	1		undefined8 CheckVanish(float param_1, undefined8 * param_2)
71000241d0	16	Goods	mg1117::Goods	d	a	1		undefined Goods(Goods * this)
71000241e0	16	~Goods	mg1117::Goods	d	a	1		undefined ~Goods(Goods * this)
71000241f0	16	~Goods	mg1117::Goods	d	a	1		undefined ~Goods(Goods * this)
7100024200	16	GetGroupNo	mg1117::Goods	d	a	1		undefined4 GetGroupNo(Goods * this)
7100024210	16	GetGoodsType	mg1117::Goods	d	a	1		undefined4 GetGoodsType(Goods * this)
7100024220	16	GetPosition	mg1117::Goods	d	a	1		undefined1[16] GetPosition(Goods * this)
7100024230	16	GetRotation	mg1117::Goods	d	a	1		undefined1[16] GetRotation(Goods * this)
7100024240	16	GetLinearVelocity	mg1117::Goods	d	a	1		undefined1[16] GetLinearVelocity(Goods * this)
7100024250	16	SetItemGoods	mg1117::Goods	d	a	1		undefined SetItemGoods(Goods * this, Goods param_2)
7100024260	16	IsItemGoods	mg1117::Goods	d	a	1		Goods IsItemGoods(Goods * this)
7100024270	16	IsActive	mg1117::Goods	d	a	1		bool IsActive(Goods * this)
7100024280	16	BeginActive	mg1117::Goods	d	a	1		undefined BeginActive(long * param_1, undefined4 param_2)
7100024290	16	EndActive	mg1117::Goods	d	a	1		undefined EndActive(Goods * this)
71000242a0	16	Burn	mg1117::Goods	d	a	1		undefined Burn(Goods * this)
71000242b0	16	Vanish	mg1117::Goods	d	a	1		undefined Vanish(Goods * this)
71000242c0	16	Update	mg1117::Goods	d	a	1		undefined Update(Goods * this)
71000242d0	16	memmove		i	i	1		void * memmove(void * __dest, void * __src, size_t __n)
71000242e0	16	SetPosition	mg1117::InstanceModel	d	a	1		undefined SetPosition(InstanceModel * this, undefined8 * param_1)
71000242f0	16	SetRotation	mg1117::InstanceModel	d	a	1		undefined SetRotation(InstanceModel * this, undefined8 * param_1)
7100024300	16	WaitLightEvent	<EXTERNAL>::nn::os	d	a	1		undefined WaitLightEvent(LightEventType * param_1)
7100024310	16	SignalLightEvent	<EXTERNAL>::nn::os	d	a	1		undefined SignalLightEvent(LightEventType * param_1)
7100024320	16	Reserve	<EXTERNAL>::nn::bezel::detail::RcArena	d	a	1		undefined Reserve(void)
7100024330	16	SetRotation	<EXTERNAL>::bex::Effect	d	a	1		undefined SetRotation(Quaternion * param_1)
7100024340	16	Play3D	<EXTERNAL>::ca::coin_athlon::MinigameSound	d	a	1		undefined Play3D(char * param_1, Vector3f * param_2, float param_3)
7100024350	16	ComGoods	mg1117::ComGoods	d	a	1		undefined ComGoods(ComGoods * this, undefined8 * param_1, undefined8 param_2)
7100024360	16	GoodsCoinBase	mg1117::GoodsCoinBase	d	a	1		undefined GoodsCoinBase(GoodsCoinBase * this, undefined4 param_1)
7100024370	16	CreateInstanceMainModel	mg1117::ModelMan	d	a	1		undefined CreateInstanceMainModel(long * param_1_00, char * param_2, undefined8 param_3, int param_4)
7100024380	16	CreateEntity	<EXTERNAL>::ca::coin_athlon::MinigameFactory	d	a	1		undefined CreateEntity(char * param_1, function param_2)
7100024390	16	GetBonePosition	mg1117::ModelUtil	d	a	1		undefined1[16] GetBonePosition(long * param_1, char * param_2)
71000243a0	16	FindMaterial	<EXTERNAL>::nn::bezel::ComModel	d	a	1		undefined FindMaterial(basic_string_view param_1)
71000243b0	16	MaterialHandle	<EXTERNAL>::nn::bezel::MaterialHandle	d	a	1		undefined MaterialHandle(MaterialHandle * this)
71000243c0	16	Reset	<EXTERNAL>::nn::bezel::MaterialHandle	d	a	1		undefined Reset(Material * param_1)
71000243d0	16	Lock	<EXTERNAL>::nn::bezel::MaterialHandle	d	a	1		undefined Lock(void)
71000243e0	16	~MaterialHandle	<EXTERNAL>::nn::bezel::MaterialHandle	d	a	1		undefined ~MaterialHandle(MaterialHandle * this)
71000243f0	16	CreateTexture	<EXTERNAL>::nn::bezel::GraphicsCoreModule	d	a	1		undefined CreateTexture(basic_string_view param_1)
7100024400	16	SetTexture	<EXTERNAL>::nn::bezel::Material	d	a	1		undefined SetTexture(int param_1, HandlePtr * param_2)
7100024410	16	~GoodsRedCoin	mg1117::GoodsRedCoin	d	a	1		undefined ~GoodsRedCoin(GoodsRedCoin * this)
7100024420	16	LoadNbmap	<EXTERNAL>::actor::Util	d	a	1		undefined LoadNbmap(HandlePtr * param_1, basic_string_view * param_2, bool param_3)
7100024430	16	FindChildren	<EXTERNAL>::nn::bezel::Entity	d	a	1		undefined FindChildren(EntityState param_1, basic_string_view param_2)
7100024440	16	AddComponent<mg1117::ComGoods,mg1117::GoodsCoinBase*,(void*)0>	nn::bezel::Entity	d	a	1		WeakHandle AddComponent<mg1117::ComGoods,mg1117::GoodsCoinBase*,(void*)0>(long * param_1_00, HandlePtr * param_2, undefined8 * param_3)
7100024450	16	SafeCreate<mg1117::ComGoods,nn::bezel::HandlePtr<nn::bezel::Entity>const&,mg1117::GoodsCoinBase*>	bex::ComponentUtil	d	a	1		WeakHandle SafeCreate<mg1117::ComGoods,nn::bezel::HandlePtr<nn::bezel::Entity>const&,mg1117::GoodsCoinBase*>(long * param_1_00, ComponentUtil * this, undefined8 * param_3)
7100024460	16	_internalCheckComponentValidity	<EXTERNAL>::nn::bezel::Entity	d	a	1		undefined _internalCheckComponentValidity(HandlePtr * param_1)
7100024470	16	AddComponentImpl	<EXTERNAL>::nn::bezel::Entity	d	a	1		undefined AddComponentImpl(HandlePtr * param_1)
7100024480	16	GoodsCoin	mg1117::GoodsCoin	d	a	1		undefined GoodsCoin(GoodsCoin * this)
7100024490	16	GoodsRedCoin	mg1117::GoodsRedCoin	d	a	1		undefined GoodsRedCoin(GoodsRedCoin * this)
71000244a0	16	Setup	mg1117::GoodsGroup	d	a	1		undefined Setup(GoodsGroup * this, undefined4 param_1, undefined4 param_2)
71000244b0	16	GetGroupNo	mg1117::GoodsGroup	d	a	1		undefined4 GetGroupNo(GoodsGroup * this)
71000244c0	16	GetPlacePatternNo	mg1117::GoodsGroup	d	a	1		undefined4 GetPlacePatternNo(GoodsGroup * this)
71000244d0	16	SetCenterMatrix	mg1117::GoodsGroup	d	a	1		undefined SetCenterMatrix(GoodsGroup * this, undefined8 * param_1)
71000244e0	16	GetCenterMatrix	mg1117::GoodsGroup	d	a	1		long GetCenterMatrix(GoodsGroup * this)
71000244f0	16	EntryGoods	mg1117::GoodsGroup::Pimpl	d	a	1		undefined EntryGoods(long * param_1, long * param_2)
7100024500	16	EntryGoods	mg1117::GoodsGroup	d	a	1		undefined EntryGoods(undefined8 * param_1, long * param_2)
7100024510	16	IsExistGoods	mg1117::GoodsGroup	d	a	1		undefined8 IsExistGoods(GoodsGroup * this)
7100024520	16	IsActive	<EXTERNAL>::ca::coin_athlon::ItemBox	d	a	1		undefined IsActive(void)
7100024530	16	GetGroupNo	mg1117::ItemBoxMan	d	a	1		undefined4 GetGroupNo(void)
7100024540	16	AppearCoinBag	mg1117::GoodsGroup	d	a	1		bool AppearCoinBag(GoodsGroup * this, long * param_1)
7100024550	16	AppearCoinBag	mg1117::GoodsGroup::Pimpl	d	a	1		bool AppearCoinBag(Pimpl * this, long * param_1)
7100024560	16	GetUnusedGoods	mg1117::GoodsMan	d	a	1		undefined8 GetUnusedGoods(int param_1)
7100024570	16	GetTurnRotation	mg1117::MapMan	d	a	1		undefined1[16] GetTurnRotation(void)
7100024580	16	GoodsGroup	mg1117::GoodsGroup	d	a	1		undefined GoodsGroup(GoodsGroup * this)
7100024590	16	~GoodsGroup	mg1117::GoodsGroup	d	a	1		undefined ~GoodsGroup(GoodsGroup * this)
71000245a0	16	Pimpl	mg1117::GoodsMan::Pimpl	d	a	1		undefined Pimpl(Pimpl * this)
71000245b0	16	IsBootStandAlone	<EXTERNAL>::ca::coin_athlon::MinigameWork	d	a	1		undefined IsBootStandAlone(void)
71000245c0	16	GoodsToy	mg1117::GoodsToy	d	a	1		undefined GoodsToy(GoodsToy * this, uint param_1)
71000245d0	16	RandMod	<EXTERNAL>::bex::RandModule	d	a	1		undefined RandMod(uint param_1)
71000245e0	16	~Pimpl	mg1117::GoodsMan::Pimpl	d	a	1		undefined ~Pimpl(Pimpl * this)
71000245f0	16	GetValidFrontGoodsGroupNo	mg1117::GoodsMan	d	a	1		undefined4 GetValidFrontGoodsGroupNo(void)
7100024600	16	GetGoodsGroupPosition	mg1117::GoodsMan	d	a	1		undefined GetGoodsGroupPosition(int param_1, float * param_2)
7100024610	16	GetGoodsGroupPosition	mg1117::GoodsMan::Pimpl	d	a	1		undefined GetGoodsGroupPosition(Pimpl * this, int param_1, float * param_2)
7100024620	16	GetCommonParam	mg1117::ParamMan	d	a	1		undefined GetCommonParam(undefined8 * param_1)
7100024630	16	GetTurnDirectionVector	mg1117::MapMan	d	a	1		undefined1[16] GetTurnDirectionVector(void)
7100024640	16	SetActive	mg1117::GoodsMan	d	a	1		undefined SetActive(byte param_1)
7100024650	16	PlacementGoods	mg1117::GoodsMan	d	a	1		undefined PlacementGoods(void)
7100024660	16	PlacementGoods	mg1117::GoodsMan::Pimpl	d	a	1		undefined PlacementGoods(Pimpl * this)
7100024670	16	GetGoodsLevelParam	mg1117::ParamMan	d	a	1		undefined GetGoodsLevelParam(undefined8 * param_1)
7100024680	16	IsReservePlacement	mg1117::ItemBoxMan	d	a	1		bool IsReservePlacement(void)
7100024690	16	PlacementItemBox	mg1117::ItemBoxMan	d	a	1		undefined PlacementItemBox(undefined4 param_1, Vector3f * param_2)
71000246a0	16	IsValidFrontGoodsGroup	mg1117::GoodsMan	d	a	1		undefined8 IsValidFrontGoodsGroup(void)
71000246b0	16	RemoveFrontGoodsGroup	mg1117::GoodsMan	d	a	1		undefined RemoveFrontGoodsGroup(void)
71000246c0	16	BurnGoods	mg1117::GoodsMan	d	a	1		undefined BurnGoods(void)
71000246d0	16	BeginItemUse	mg1117::GoodsMan	d	a	1		undefined BeginItemUse(char param_1)
71000246e0	16	BeginItemUse	mg1117::GoodsMan::Pimpl	d	a	1		undefined BeginItemUse(Pimpl * this, char param_1)
71000246f0	16	EndItemUse	mg1117::GoodsMan	d	a	1		undefined EndItemUse(char param_1)
7100024700	16	SetupLevel	mg1117::GoodsMan	d	a	1		undefined SetupLevel(void)
7100024710	16	Update	mg1117::GoodsMan	d	a	1		undefined Update(void)
7100024720	16	Update	mg1117::GoodsMan::Pimpl	d	a	1		undefined Update(Pimpl * this)
7100024730	16	GetStarGoodsParam	mg1117::ParamMan	d	a	1		undefined8 GetStarGoodsParam(void)
7100024740	16	strlen		i	i	1		size_t strlen(char * __s)
7100024750	16	EntryAttachModel	mg1117::MapMan	d	a	1		undefined EntryAttachModel(undefined8 * param_1, undefined8 * param_2, undefined8 * param_3)
7100024760	16	AddComponent<bq::ComMatter,char(&)[128],(void*)0>	nn::bezel::Entity	d	a	1		WeakHandle AddComponent<bq::ComMatter,char(&)[128],(void*)0>(long * param_1_00, HandlePtr * param_2, char * param_3)
7100024770	16	CalculateWorldTransform	<EXTERNAL>::nn::bezel::SkeletonPose	d	a	1		undefined CalculateWorldTransform(int param_1)
7100024780	16	FindUserData	nn::g3d::ResBone	d	a	1		long FindUserData(ResBone * this, char * param_1)
7100024790	16	FindBoneIndex	<EXTERNAL>::nn::bezel::SkeletonPose	d	a	1		undefined FindBoneIndex(char * param_1)
71000247a0	16	FindBoneIndex	<EXTERNAL>::nn::bezel::ComModel	d	a	1		undefined FindBoneIndex(basic_string_view param_1)
71000247b0	16	SafeCreate<bq::ComMatter,nn::bezel::HandlePtr<nn::bezel::Entity>const&,char(&)[128]>	bex::ComponentUtil	d	a	1		WeakHandle SafeCreate<bq::ComMatter,nn::bezel::HandlePtr<nn::bezel::Entity>const&,char(&)[128]>(long * param_1_00, ComponentUtil * this, char * param_3)
71000247c0	16	memcmp		i	i	1		int memcmp(void * __s1, void * __s2, size_t __n)
71000247d0	16	ComMatter	<EXTERNAL>::bq::ComMatter	d	a	1		undefined ComMatter(ComMatter * this, HandlePtr * param_1, basic_string_view * param_2, bool param_3)
71000247e0	16	GoodsMan	mg1117::GoodsMan	d	a	1		undefined GoodsMan(GoodsMan * this)
71000247f0	16	~GoodsMan	mg1117::GoodsMan	d	a	1		undefined ~GoodsMan(void)
7100024800	16	~GoodsToy	mg1117::GoodsToy	d	a	1		undefined ~GoodsToy(void)
7100024810	16	PlayHitSound	mg1117::GoodsToy	d	a	1		undefined PlayHitSound(GoodsToy * this, uint param_1, long * param_2, Vector3f * param_3)
7100024820	16	WriteLocalVariable	<EXTERNAL>::bex::sound::SoundHandle	d	a	1		undefined WriteLocalVariable(int param_1, int param_2)
7100024830	16	AddComponent<mg1117::ComGoods,mg1117::GoodsToy*,(void*)0>	nn::bezel::Entity	d	a	1		WeakHandle AddComponent<mg1117::ComGoods,mg1117::GoodsToy*,(void*)0>(long * param_1_00, HandlePtr * param_2, undefined8 * param_3)
7100024840	16	SafeCreate<mg1117::ComGoods,nn::bezel::HandlePtr<nn::bezel::Entity>const&,mg1117::GoodsToy*>	bex::ComponentUtil	d	a	1		WeakHandle SafeCreate<mg1117::ComGoods,nn::bezel::HandlePtr<nn::bezel::Entity>const&,mg1117::GoodsToy*>(long * param_1_00, ComponentUtil * this, undefined8 * param_3)
7100024850	16	GetAppearItemBoxPosition	mg1117::ItemBoxMan	d	a	1		undefined1[16] GetAppearItemBoxPosition(void)
7100024860	16	GetAppearItemBoxPosition	mg1117::ItemBoxMan::Pimpl	d	a	1		undefined GetAppearItemBoxPosition(void)
7100024870	16	ReservePlacement	mg1117::ItemBoxMan	d	a	1		undefined ReservePlacement(void)
7100024880	16	ReservePlacement	mg1117::ItemBoxMan::Pimpl	d	a	1		undefined ReservePlacement(Pimpl * this)
7100024890	16	SetPosition	<EXTERNAL>::ca::coin_athlon::ItemBox	d	a	1		undefined SetPosition(Vector3f * param_1)
71000248a0	16	GetItemBoxParam	mg1117::ParamMan	d	a	1		undefined GetItemBoxParam(undefined8 * param_1)
71000248b0	16	SetScale	<EXTERNAL>::ca::coin_athlon::ItemBox	d	a	1		undefined SetScale(float param_1)
71000248c0	16	PlacementItemBox	mg1117::ItemBoxMan::Pimpl	d	a	1		undefined PlacementItemBox(Pimpl * this, undefined4 param_1, Vector3f * param_2)
71000248d0	16	EndActive	mg1117::ItemBoxMan	d	a	1		undefined EndActive(void)
71000248e0	16	Update	mg1117::ItemBoxMan	d	a	1		undefined Update(void)
71000248f0	16	Update	mg1117::ItemBoxMan::Pimpl	d	a	1		undefined Update(Pimpl * this)
7100024900	16	IsEnabled	<EXTERNAL>::nn::bezel::ComCollision	d	a	1		undefined IsEnabled(void)
7100024910	16	NotifyLost	<EXTERNAL>::ca::coin_athlon::ItemBox	d	a	1		undefined NotifyLost(void)
7100024920	16	operator()	mg1117::ItemBoxMan::Pimpl::Pimpl()::{lambda(nn::bezel::HandlePtr<nn::bezel::Entity>)#1}	d	a	1		undefined operator()({lambda(nn::bezel::HandlePtr<nn::bezel::Entity>)#1} * this, HandlePtr * param_1)
7100024930	16	NotifyItemBoxObtained	mg1117::PlayerMan	d	a	1		undefined NotifyItemBoxObtained(void)
7100024940	16	ItemBoxMan	mg1117::ItemBoxMan	d	a	1		undefined ItemBoxMan(ItemBoxMan * this)
7100024950	16	~ItemBoxMan	mg1117::ItemBoxMan	d	a	1		undefined ~ItemBoxMan(void)
7100024960	16	CreateLayout	<EXTERNAL>::ca::coin_athlon::MinigameFactory	d	a	1		undefined CreateLayout(char * param_1, char * param_2, char * param_3, WeakHandle * param_4)
7100024970	16	AddComponent<ca::ui::CaComUiVisible,,(void*)0>	nn::bezel::Entity	d	a	1		WeakHandle AddComponent<ca::ui::CaComUiVisible,,(void*)0>(long * param_1, HandlePtr * param_2)
7100024980	16	Out	<EXTERNAL>::ca::ui::CaComUiVisible	d	a	1		undefined Out(char * param_1, bool param_2)
7100024990	16	ShowGoodsMenu	mg1117::LayoutMan	d	a	1		undefined ShowGoodsMenu(undefined1[16] param_1, undefined1[16] param_2)
71000249a0	16	ShowGoodsMenu	mg1117::LayoutMan::Pimpl	d	a	1		undefined ShowGoodsMenu(undefined1[16] param_1, undefined1[16] param_2, Pimpl * param_3)
71000249b0	16	SetPaneVisible	<EXTERNAL>::ca::ui::CaComUiBase	d	a	1		undefined SetPaneVisible(char * param_1, bool param_2)
71000249c0	16	GetLayoutParam	mg1117::ParamMan	d	a	1		undefined1[16] GetLayoutParam(void)
71000249d0	16	SetTranslation	<EXTERNAL>::ca::ui::CaComUiBase	d	a	1		undefined SetTranslation(Vector3f param_1)
71000249e0	16	SetupGoodsMenu	mg1117::LayoutMan::Pimpl	d	a	1		undefined SetupGoodsMenu(Pimpl * this, short param_1, undefined8 param_2, undefined8 param_3)
71000249f0	16	In	<EXTERNAL>::ca::ui::CaComUiVisible	d	a	1		undefined In(char * param_1, bool param_2)
7100024a00	16	HideGoodsMenu	mg1117::LayoutMan	d	a	1		undefined HideGoodsMenu(void)
7100024a10	16	Create	<EXTERNAL>::ca::ui::CaComUiVisible	d	a	1		undefined Create(HandlePtr * param_1, bool param_2)
7100024a20	16	GetText	<EXTERNAL>::ca::ui::CaComUiBase	d	a	1		undefined GetText(char * param_1)
7100024a30	16	SetIntVariable	<EXTERNAL>::bex::GuiLayoutText	d	a	1		undefined SetIntVariable(StringViewHashPair * param_1, int param_2)
7100024a40	16	SetMessageLabel	<EXTERNAL>::bq::GuiLayoutText	d	a	1		undefined SetMessageLabel(basic_string_view * param_1)
7100024a50	16	SetPictureTexMap	<EXTERNAL>::ca::ui::CaComUiBase	d	a	1		undefined SetPictureTexMap(char * param_1, char * param_2)
7100024a60	16	LayoutMan	mg1117::LayoutMan	d	a	1		undefined LayoutMan(LayoutMan * this)
7100024a70	16	~LayoutMan	mg1117::LayoutMan	d	a	1		undefined ~LayoutMan(void)
7100024a80	16	Pimpl	mg1117::MapMan::Pimpl	d	a	1		undefined Pimpl(Pimpl * this)
7100024a90	16	TextureInfo	mg1117::TextureInfo	d	a	1		undefined TextureInfo(TextureInfo * this, long * param_1, char * param_2, char * param_3, char * param_4, char * param_5, char * param_6, undefined8 param_7)
7100024aa0	16	__push_back_slow_path<mg1117::TextureInfo>	std::vector<mg1117::TextureInfo,bex::HeapModule::Allocator_vector<mg1117::TextureInfo>>	d	a	1		void __push_back_slow_path<mg1117::TextureInfo>(vector<mg1117::TextureInfo,bex::HeapModule::Allocator_vector<mg1117::TextureInfo>> * this, undefined8 * param_1)
7100024ab0	16	EntryTurnTable	mg1117::MapMan::Pimpl	d	a	1		undefined EntryTurnTable(Pimpl * this, undefined8 * param_1)
7100024ac0	16	UpdateTurn	mg1117::MapMan::Pimpl	d	a	1		undefined UpdateTurn(Pimpl * this)
7100024ad0	16	~TextureInfo	mg1117::TextureInfo	d	a	1		undefined ~TextureInfo(TextureInfo * this)
7100024ae0	16	~Pimpl	mg1117::MapMan::Pimpl	d	a	1		undefined ~Pimpl(Pimpl * this)
7100024af0	16	GetHookPosition	mg1117::MapMan	d	a	1		undefined1[16] GetHookPosition(char * param_1)
7100024b00	16	GetHookPosition	mg1117::MapMan::Pimpl	d	a	1		undefined1[16] GetHookPosition(Pimpl * this, char * param_2)
7100024b10	16	SetActive	mg1117::MapMan	d	a	1		undefined SetActive(ulong param_1)
7100024b20	16	StopConveyorSound	mg1117::MapMan	d	a	1		undefined StopConveyorSound(void)
7100024b30	16	StopGauge	mg1117::MapMan	d	a	1		undefined StopGauge(void)
7100024b40	16	StartTurn	mg1117::MapMan	d	a	1		undefined StartTurn(void)
7100024b50	16	StartTurn	mg1117::MapMan::Pimpl	d	a	1		undefined StartTurn(Pimpl * this)
7100024b60	16	IsEndTurn	mg1117::MapMan	d	a	1		bool IsEndTurn(void)
7100024b70	16	StartTurnIdle	mg1117::MapMan	d	a	1		undefined StartTurnIdle(void)
7100024b80	16	StartTurnIdle	mg1117::MapMan::Pimpl	d	a	1		undefined StartTurnIdle(Pimpl * this)
7100024b90	16	IsEndTurnIdle	mg1117::MapMan	d	a	1		undefined8 IsEndTurnIdle(void)
7100024ba0	16	EntryAttachModel	mg1117::MapMan::Pimpl	d	a	1		undefined EntryAttachModel(Pimpl * this, undefined8 * param_1, undefined8 * param_2, undefined8 * param_3)
7100024bb0	16	AttachModel	mg1117::MapMan	d	a	1		undefined AttachModel(undefined1[16] param_1_00, undefined1[16] param_2_00, undefined8 param_3, undefined1[16] param_4, undefined8 * param_5, char * param_6)
7100024bc0	16	GetBoneMatrix	mg1117::ModelUtil	d	a	1		undefined1[16] GetBoneMatrix(long * param_1, char * param_2)
7100024bd0	16	EntryTurnTable	mg1117::MapMan::Pimpl	d	a	1		undefined EntryTurnTable(Pimpl * this, long * param_1)
7100024be0	16	EntryTurnTable	mg1117::MapMan::Pimpl	d	a	1		undefined EntryTurnTable(Pimpl * this, undefined8 * param_1)
7100024bf0	16	GetPosition	<EXTERNAL>::bex::Effect	d	a	1		undefined GetPosition(void)
7100024c00	16	cosf		i	i	1		float cosf(float __x)
7100024c10	16	BeginItemUse	mg1117::MapMan	d	a	1		undefined BeginItemUse(char param_1)
7100024c20	16	EndItemUse	mg1117::MapMan	d	a	1		undefined EndItemUse(char param_1)
7100024c30	16	SkipOpening	mg1117::MapMan	d	a	1		undefined SkipOpening(void)
7100024c40	16	SkipOpening	mg1117::MapMan::Pimpl	d	a	1		undefined SkipOpening(Pimpl * this)
7100024c50	16	SetupLevel	mg1117::MapMan	d	a	1		undefined SetupLevel(void)
7100024c60	16	SetLevelTexture	mg1117::ModelUtil	d	a	1		undefined SetLevelTexture(short param_1, long * param_2)
7100024c70	16	Update	mg1117::MapMan	d	a	1		undefined Update(void)
7100024c80	16	Update	mg1117::MapMan::Pimpl	d	a	1		undefined Update(Pimpl * this)
7100024c90	16	sqrtf		i	i	1		float sqrtf(float __x)
7100024ca0	16	AddComponent<bq::ComMatter,char_const(&)[32],(void*)0>	nn::bezel::Entity	d	a	1		WeakHandle AddComponent<bq::ComMatter,char_const(&)[32],(void*)0>(long * param_1_00, HandlePtr * param_2, char * param_3)
7100024cb0	16	SafeCreate<bq::ComMatter,nn::bezel::HandlePtr<nn::bezel::Entity>const&,char_const(&)[32]>	bex::ComponentUtil	d	a	1		WeakHandle SafeCreate<bq::ComMatter,nn::bezel::HandlePtr<nn::bezel::Entity>const&,char_const(&)[32]>(long * param_1_00, ComponentUtil * this, char * param_3)
7100024cc0	16	AddComponent<bq::ComMatter,char_const(&)[33],(void*)0>	nn::bezel::Entity	d	a	1		WeakHandle AddComponent<bq::ComMatter,char_const(&)[33],(void*)0>(long * param_1_00, HandlePtr * param_2, char * param_3)
7100024cd0	16	SafeCreate<bq::ComMatter,nn::bezel::HandlePtr<nn::bezel::Entity>const&,char_const(&)[33]>	bex::ComponentUtil	d	a	1		WeakHandle SafeCreate<bq::ComMatter,nn::bezel::HandlePtr<nn::bezel::Entity>const&,char_const(&)[33]>(long * param_1_00, ComponentUtil * this, char * param_3)
7100024ce0	16	AddComponent<bq::ComMatter,char_const(&)[36],(void*)0>	nn::bezel::Entity	d	a	1		WeakHandle AddComponent<bq::ComMatter,char_const(&)[36],(void*)0>(long * param_1_00, HandlePtr * param_2, char * param_3)
7100024cf0	16	SafeCreate<bq::ComMatter,nn::bezel::HandlePtr<nn::bezel::Entity>const&,char_const(&)[36]>	bex::ComponentUtil	d	a	1		WeakHandle SafeCreate<bq::ComMatter,nn::bezel::HandlePtr<nn::bezel::Entity>const&,char_const(&)[36]>(long * param_1_00, ComponentUtil * this, char * param_3)
7100024d00	16	operator()	mg1117::MapMan::Pimpl::Pimpl()::{lambda(nn::bezel::HandlePtr<nn::bezel::Entity>)#4}	d	a	1		undefined operator()({lambda(nn::bezel::HandlePtr<nn::bezel::Entity>)#4} * this, long * param_1)
7100024d10	16	AddComponent<bq::ComMatter,bq::MatterType,(void*)0>	nn::bezel::Entity	d	a	1		WeakHandle AddComponent<bq::ComMatter,bq::MatterType,(void*)0>(long * param_1_00, HandlePtr * param_2, undefined4 * param_3)
7100024d20	16	AddAnimation	<EXTERNAL>::actor::ComActorMotion	d	a	1		undefined AddAnimation(StringViewHashPair * param_1, basic_string_view * param_2, bool param_3, AnimatinType param_4, bool param_5, bool param_6)
7100024d30	16	Play	<EXTERNAL>::actor::ComActorMotion	d	a	1		undefined Play(StringViewHashPair * param_1)
7100024d40	16	SafeCreate<bq::ComMatter,nn::bezel::HandlePtr<nn::bezel::Entity>const&,bq::MatterType>	bex::ComponentUtil	d	a	1		WeakHandle SafeCreate<bq::ComMatter,nn::bezel::HandlePtr<nn::bezel::Entity>const&,bq::MatterType>(long * param_1_00, ComponentUtil * this, undefined4 * param_3)
7100024d50	16	ComMatter	<EXTERNAL>::bq::ComMatter	d	a	1		undefined ComMatter(ComMatter * this, HandlePtr * param_1, MatterType param_2, bool param_3)
7100024d60	16	operator()	mg1117::MapMan::Pimpl::Pimpl()::{lambda(nn::bezel::HandlePtr<nn::bezel::Entity>)#5}	d	a	1		undefined operator()({lambda(nn::bezel::HandlePtr<nn::bezel::Entity>)#5} * this, HandlePtr * param_1)
7100024d70	16	operator()	mg1117::MapMan::Pimpl::Pimpl()::{lambda(nn::bezel::HandlePtr<nn::bezel::Entity>)#6}	d	a	1		undefined operator()({lambda(nn::bezel::HandlePtr<nn::bezel::Entity>)#6} * this, long * param_1)
7100024d80	16	AddComponent<bq::ComMatter,char_const(&)[42],(void*)0>	nn::bezel::Entity	d	a	1		WeakHandle AddComponent<bq::ComMatter,char_const(&)[42],(void*)0>(long * param_1_00, HandlePtr * param_2, char * param_3)
7100024d90	16	SafeCreate<bq::ComMatter,nn::bezel::HandlePtr<nn::bezel::Entity>const&,char_const(&)[42]>	bex::ComponentUtil	d	a	1		WeakHandle SafeCreate<bq::ComMatter,nn::bezel::HandlePtr<nn::bezel::Entity>const&,char_const(&)[42]>(long * param_1_00, ComponentUtil * this, char * param_3)
7100024da0	16	operator()	mg1117::MapMan::Pimpl::Pimpl()::{lambda(nn::bezel::HandlePtr<nn::bezel::Entity>)#7}	d	a	1		undefined operator()({lambda(nn::bezel::HandlePtr<nn::bezel::Entity>)#7} * this, long * param_1)
7100024db0	16	operator()	mg1117::MapMan::Pimpl::Pimpl()::{lambda(nn::bezel::HandlePtr<nn::bezel::Entity>)#8}	d	a	1		undefined operator()({lambda(nn::bezel::HandlePtr<nn::bezel::Entity>)#8} * this, HandlePtr * param_1)
7100024dc0	16	AddComponent<bq::ComMatter,char_const(&)[43],(void*)0>	nn::bezel::Entity	d	a	1		WeakHandle AddComponent<bq::ComMatter,char_const(&)[43],(void*)0>(long * param_1_00, HandlePtr * param_2, char * param_3)
7100024dd0	16	SafeCreate<bq::ComMatter,nn::bezel::HandlePtr<nn::bezel::Entity>const&,char_const(&)[43]>	bex::ComponentUtil	d	a	1		WeakHandle SafeCreate<bq::ComMatter,nn::bezel::HandlePtr<nn::bezel::Entity>const&,char_const(&)[43]>(long * param_1_00, ComponentUtil * this, char * param_3)
7100024de0	16	SetFrame	<EXTERNAL>::actor::ComActorMotion	d	a	1		undefined SetFrame(float param_1)
7100024df0	16	GetBonePosition	mg1117::ModelUtil	d	a	1		undefined1[16] GetBonePosition(long * param_1, int param_2)
7100024e00	16	GetFrameMax	<EXTERNAL>::actor::ComActorMotion	d	a	1		undefined GetFrameMax(void)
7100024e10	16	AddComponent<bq::ComMatter,char(&)[64],(void*)0>	nn::bezel::Entity	d	a	1		WeakHandle AddComponent<bq::ComMatter,char(&)[64],(void*)0>(long * param_1_00, HandlePtr * param_2, char * param_3)
7100024e20	16	SetPrefix	<EXTERNAL>::actor::ComActorMotion	d	a	1		undefined SetPrefix(char * param_1)
7100024e30	16	SetSpeed	<EXTERNAL>::actor::ComActorMotion	d	a	1		undefined SetSpeed(float param_1)
7100024e40	16	SafeCreate<bq::ComMatter,nn::bezel::HandlePtr<nn::bezel::Entity>const&,char(&)[64]>	bex::ComponentUtil	d	a	1		WeakHandle SafeCreate<bq::ComMatter,nn::bezel::HandlePtr<nn::bezel::Entity>const&,char(&)[64]>(long * param_1_00, ComponentUtil * this, char * param_3)
7100024e50	16	AddComponent<bq::ComMatter,char_const(&)[39],(void*)0>	nn::bezel::Entity	d	a	1		WeakHandle AddComponent<bq::ComMatter,char_const(&)[39],(void*)0>(long * param_1_00, HandlePtr * param_2, char * param_3)
7100024e60	16	SafeCreate<bq::ComMatter,nn::bezel::HandlePtr<nn::bezel::Entity>const&,char_const(&)[39]>	bex::ComponentUtil	d	a	1		WeakHandle SafeCreate<bq::ComMatter,nn::bezel::HandlePtr<nn::bezel::Entity>const&,char_const(&)[39]>(long * param_1_00, ComponentUtil * this, char * param_3)
7100024e70	16	MapMan	mg1117::MapMan	d	a	1		undefined MapMan(MapMan * this)
7100024e80	16	~MapMan	mg1117::MapMan	d	a	1		undefined ~MapMan(void)
7100024e90	16	SetTexture	<EXTERNAL>::nn::bezel::Material	d	a	1		undefined SetTexture(basic_string_view param_1, HandlePtr * param_2)
7100024ea0	16	GetScale	<EXTERNAL>::nn::bezel::Entity	d	a	1		undefined GetScale(void)
7100024eb0	16	destroy	std::__tree<std::__value_type<std::basic_string<char,std::char_traits<char>,bex::HeapModule::Allocator_string<char>>,nn::bezel::WeakHandle<nn::bezel::Entity>>,std::__map_value_compare<std::basic_string<char,std::char_traits<char>,bex::HeapModule::Allocator_string<char>>,std::__value_type<std::basic_string<char,std::char_traits<char>,bex::HeapModule::Allocator_string<char>>,nn::bezel::WeakHandle<nn::bezel::Entity>>,std::less<std::basic_string<char,std::char_traits<char>,bex::HeapModule::Allocator_string<char>>>,true>,bex::HeapModule::Allocator_map<std::__value_type<std::basic_string<char,std::char_traits<char>,bex::HeapModule::Allocator_string<char>>,nn::bezel::WeakHandle<nn::bezel::Entity>>>>	d	a	1		undefined destroy(__tree<std::__value_type<std::basic_string<char,std::char_traits<char>,bex::HeapModule::Allocator_string<char>>,nn::bezel::WeakHandle<nn::bezel::Entity>>,std::__map_value_compare<std::basic_string<char,std::char_traits<char>,bex::HeapModule::Allocator_string<char>>,std::__value_type<std::basic_string<char,std::char_traits<char>,bex::HeapModule::Allocator_string<char>>,nn::bezel::WeakHandle<nn::bezel::Entity>>,std::less<std::basic_string<char,std::char_traits<char>,bex::HeapModule::Allocator_string<char>>>,true>,bex::HeapModule::Allocator_map<std::__value_type<std::basic_string<char,std::char_traits<char>,bex::HeapModule::Allocator_string<char>>,nn::bezel::WeakHandle<nn::bezel::Entity>>>> * this, undefined8 * param_1)
7100024ec0	16	CreateInstanceMainModel	mg1117::ModelMan::Pimpl	d	a	1		undefined CreateInstanceMainModel(long * param_1_00, Pimpl * param_2, char * param_3, undefined8 param_4, int param_5)
7100024ed0	16	IsCreateInstanceMainModel	mg1117::ModelMan::Pimpl	d	a	1		bool IsCreateInstanceMainModel(Pimpl * this, char * param_1)
7100024ee0	16	__find_equal<std::basic_string<char,std::char_traits<char>,bex::HeapModule::Allocator_string<char>>>	std::__tree<std::__value_type<std::basic_string<char,std::char_traits<char>,bex::HeapModule::Allocator_string<char>>,nn::bezel::WeakHandle<nn::bezel::Entity>>,std::__map_value_compare<std::basic_string<char,std::char_traits<char>,bex::HeapModule::Allocator_string<char>>,std::__value_type<std::basic_string<char,std::char_traits<char>,bex::HeapModule::Allocator_string<char>>,nn::bezel::WeakHandle<nn::bezel::Entity>>,std::less<std::basic_string<char,std::char_traits<char>,bex::HeapModule::Allocator_string<char>>>,true>,bex::HeapModule::Allocator_map<std::__value_type<std::basic_string<char,std::char_traits<char>,bex::HeapModule::Allocator_string<char>>,nn::bezel::WeakHandle<nn::bezel::Entity>>>>	d	a	1		__tree<std::__value_type<std::basic_string<char,std::char_traits<char>,bex::HeapModule::Allocator_string<char>>,nn::bezel::WeakHandle<nn::bezel::Entity>>,std::__map_value_compare<std::basic_string<char,std::char_traits<char>,bex::HeapModule::Allocator_string<char>>,std::__value_type<std::basic_string<char,std::char_traits<char>,bex::HeapModule::Allocator_string<char>>,nn::bezel::WeakHandle<nn::bezel::Entity>>,std::less<std::basic_string<char,std::char_traits<char>,bex::HeapModule::Allocator_string<char>>>,true>,bex::HeapModule::Allocator_map<std::__value_type<std::basic_string<char,std::char_traits<char>,bex::HeapModule::Allocator_string<char>>,nn::bezel::WeakHandle<nn::bezel::Entity>>>> * __find_equal<std::basic_string<char,std::char_traits<char>,bex::HeapModule::Allocator_string<char>>>(__tree<std::__value_type<std::basic_string<char,std::char_traits<char>,bex::HeapModule::Allocator_string<char>>,nn::bezel::WeakHandle<nn::bezel::Entity>>,std::__map_value_compare<std::basic_string<char,std::char_traits<char>,bex::HeapModule::Allocator_string<char>>,std::__value_type<std::basic_string<char,std::char_traits<char>,bex::HeapModule::Allocator_string<char>>,nn::bezel::WeakHandle<nn::bezel::Entity>>,std::less<std::basic_string<char,std::char_traits<char>,bex::HeapModule::Allocator_string<char>>>,true>,bex::HeapModule::Allocator_map<std::__value_type<std::basic_string<char,std::char_traits<char>,bex::HeapModule::Allocator_string<char>>,nn::bezel::WeakHandle<nn::bezel::Entity>>>> * this, undefined8 * param_1, byte * param_2)
7100024ef0	16	CreateInstanceMainModel	mg1117::ModelMan::Pimpl	d	a	1		undefined CreateInstanceMainModel(long * param_1_00, Pimpl * param_2, char * param_3, undefined4 param_4, int param_5)
7100024f00	16	find<std::basic_string<char,std::char_traits<char>,bex::HeapModule::Allocator_string<char>>>	std::__tree<std::__value_type<std::basic_string<char,std::char_traits<char>,bex::HeapModule::Allocator_string<char>>,nn::bezel::WeakHandle<nn::bezel::Entity>>,std::__map_value_compare<std::basic_string<char,std::char_traits<char>,bex::HeapModule::Allocator_string<char>>,std::__value_type<std::basic_string<char,std::char_traits<char>,bex::HeapModule::Allocator_string<char>>,nn::bezel::WeakHandle<nn::bezel::Entity>>,std::less<std::basic_string<char,std::char_traits<char>,bex::HeapModule::Allocator_string<char>>>,true>,bex::HeapModule::Allocator_map<std::__value_type<std::basic_string<char,std::char_traits<char>,bex::HeapModule::Allocator_string<char>>,nn::bezel::WeakHandle<nn::bezel::Entity>>>>	d	a	1		__tree<std::__value_type<std::basic_string<char,std::char_traits<char>,bex::HeapModule::Allocator_string<char>>,nn::bezel::WeakHandle<nn::bezel::Entity>>,std::__map_value_compare<std::basic_string<char,std::char_traits<char>,bex::HeapModule::Allocator_string<char>>,std::__value_type<std::basic_string<char,std::char_traits<char>,bex::HeapModule::Allocator_string<char>>,nn::bezel::WeakHandle<nn::bezel::Entity>>,std::less<std::basic_string<char,std::char_traits<char>,bex::HeapModule::Allocator_string<char>>>,true>,bex::HeapModule::Allocator_map<std::__value_type<std::basic_string<char,std::char_traits<char>,bex::HeapModule::Allocator_string<char>>,nn::bezel::WeakHandle<nn::bezel::Entity>>>> * find<std::basic_string<char,std::char_traits<char>,bex::HeapModule::Allocator_string<char>>>(__tree<std::__value_type<std::basic_string<char,std::char_traits<char>,bex::HeapModule::Allocator_string<char>>,nn::bezel::WeakHandle<nn::bezel::Entity>>,std::__map_value_compare<std::basic_string<char,std::char_traits<char>,bex::HeapModule::Allocator_string<char>>,std::__value_type<std::basic_string<char,std::char_traits<char>,bex::HeapModule::Allocator_string<char>>,nn::bezel::WeakHandle<nn::bezel::Entity>>,std::less<std::basic_string<char,std::char_traits<char>,bex::HeapModule::Allocator_string<char>>>,true>,bex::HeapModule::Allocator_map<std::__value_type<std::basic_string<char,std::char_traits<char>,bex::HeapModule::Allocator_string<char>>,nn::bezel::WeakHandle<nn::bezel::Entity>>>> * this, byte * param_1)
7100024f10	16	CreateInstanceModel	mg1117::ModelMan::Pimpl	d	a	1		InstanceModel * CreateInstanceModel(Pimpl * this, char * param_1)
7100024f20	16	InstanceModel	mg1117::InstanceModel	d	a	1		undefined InstanceModel(InstanceModel * this, long * param_1, undefined4 param_2)
7100024f30	16	find<std::basic_string<char,std::char_traits<char>,bex::HeapModule::Allocator_string<char>>>	std::__tree<std::__value_type<std::basic_string<char,std::char_traits<char>,bex::HeapModule::Allocator_string<char>>,nn::bezel::WeakHandle<nn::bezel::Entity>>,std::__map_value_compare<std::basic_string<char,std::char_traits<char>,bex::HeapModule::Allocator_string<char>>,std::__value_type<std::basic_string<char,std::char_traits<char>,bex::HeapModule::Allocator_string<char>>,nn::bezel::WeakHandle<nn::bezel::Entity>>,std::less<std::basic_string<char,std::char_traits<char>,bex::HeapModule::Allocator_string<char>>>,true>,bex::HeapModule::Allocator_map<std::__value_type<std::basic_string<char,std::char_traits<char>,bex::HeapModule::Allocator_string<char>>,nn::bezel::WeakHandle<nn::bezel::Entity>>>>	d	a	1		__tree<std::__value_type<std::basic_string<char,std::char_traits<char>,bex::HeapModule::Allocator_string<char>>,nn::bezel::WeakHandle<nn::bezel::Entity>>,std::__map_value_compare<std::basic_string<char,std::char_traits<char>,bex::HeapModule::Allocator_string<char>>,std::__value_type<std::basic_string<char,std::char_traits<char>,bex::HeapModule::Allocator_string<char>>,nn::bezel::WeakHandle<nn::bezel::Entity>>,std::less<std::basic_string<char,std::char_traits<char>,bex::HeapModule::Allocator_string<char>>>,true>,bex::HeapModule::Allocator_map<std::__value_type<std::basic_string<char,std::char_traits<char>,bex::HeapModule::Allocator_string<char>>,nn::bezel::WeakHandle<nn::bezel::Entity>>>> * find<std::basic_string<char,std::char_traits<char>,bex::HeapModule::Allocator_string<char>>>(__tree<std::__value_type<std::basic_string<char,std::char_traits<char>,bex::HeapModule::Allocator_string<char>>,nn::bezel::WeakHandle<nn::bezel::Entity>>,std::__map_value_compare<std::basic_string<char,std::char_traits<char>,bex::HeapModule::Allocator_string<char>>,std::__value_type<std::basic_string<char,std::char_traits<char>,bex::HeapModule::Allocator_string<char>>,nn::bezel::WeakHandle<nn::bezel::Entity>>,std::less<std::basic_string<char,std::char_traits<char>,bex::HeapModule::Allocator_string<char>>>,true>,bex::HeapModule::Allocator_map<std::__value_type<std::basic_string<char,std::char_traits<char>,bex::HeapModule::Allocator_string<char>>,nn::bezel::WeakHandle<nn::bezel::Entity>>>> * this, byte * param_1)
7100024f40	16	AllocInstance	<EXTERNAL>::nn::bezel::ComModel	d	a	1		undefined AllocInstance(void)
7100024f50	16	AddComponent<bq::ComMatter,nn::bezel::ModelCreateArg&,(void*)0>	nn::bezel::Entity	d	a	1		WeakHandle AddComponent<bq::ComMatter,nn::bezel::ModelCreateArg&,(void*)0>(long * param_1_00, HandlePtr * param_2, ModelCreateArg * param_3)
7100024f60	16	SafeCreate<bq::ComMatter,nn::bezel::HandlePtr<nn::bezel::Entity>const&,nn::bezel::ModelCreateArg&>	bex::ComponentUtil	d	a	1		WeakHandle SafeCreate<bq::ComMatter,nn::bezel::HandlePtr<nn::bezel::Entity>const&,nn::bezel::ModelCreateArg&>(long * param_1_00, ComponentUtil * this, ModelCreateArg * param_3)
7100024f70	16	ComMatter	<EXTERNAL>::bq::ComMatter	d	a	1		undefined ComMatter(ComMatter * this, HandlePtr * param_1, ModelCreateArg * param_2, bool param_3)
7100024f80	16	AddComponent<bq::ComMatter,bq::ObjectID&,nn::bezel::ModelCreateArg&,(void*)0>	nn::bezel::Entity	d	a	1		WeakHandle AddComponent<bq::ComMatter,bq::ObjectID&,nn::bezel::ModelCreateArg&,(void*)0>(long * param_1_00, HandlePtr * param_2, undefined4 * param_3, undefined8 param_4)
7100024f90	16	SafeCreate<bq::ComMatter,nn::bezel::HandlePtr<nn::bezel::Entity>const&,bq::ObjectID&,nn::bezel::ModelCreateArg&>	bex::ComponentUtil	d	a	1		WeakHandle SafeCreate<bq::ComMatter,nn::bezel::HandlePtr<nn::bezel::Entity>const&,bq::ObjectID&,nn::bezel::ModelCreateArg&>(long * param_1_00, ComponentUtil * this, undefined4 * param_3, undefined8 param_4)
7100024fa0	16	ComMatter	<EXTERNAL>::bq::ComMatter	d	a	1		undefined ComMatter(ComMatter * this, HandlePtr * param_1, ObjectID param_2, ModelCreateArg * param_3)
7100024fb0	16	ModelMan	mg1117::ModelMan	d	a	1		undefined ModelMan(ModelMan * this)
7100024fc0	16	~ModelMan	mg1117::ModelMan	d	a	1		undefined ~ModelMan(void)
7100024fd0	16	Pimpl	mg1117::ParamMan::Pimpl	d	a	1		undefined Pimpl(Pimpl * this)
7100024fe0	16	memset		i	i	1		void * memset(void * __s, int __c, size_t __n)
7100024ff0	16	Create	<EXTERNAL>::ca::Serializer	d	a	1		undefined Create(bool param_1)
7100025000	16	GetPlayerParam	mg1117::ParamMan	d	a	1		undefined GetPlayerParam(undefined8 * param_1)
7100025010	16	memcpy		i	i	1		void * memcpy(void * __dest, void * __src, size_t __n)
7100025020	16	ParamMan	mg1117::ParamMan	d	a	1		undefined ParamMan(ParamMan * this)
7100025030	16	~ParamMan	mg1117::ParamMan	d	a	1		undefined ~ParamMan(void)
7100025040	16	Pimpl	mg1117::PlayerMan::Pimpl	d	a	1		undefined Pimpl(undefined1[16] param_1, undefined1[16] param_2, undefined8 param_3, undefined1[16] param_4, Pimpl * this)
7100025050	16	PlayerModel	mg1117::PlayerModel	d	a	1		undefined PlayerModel(undefined1[16] param_1, undefined1[16] param_2, undefined8 param_3, undefined1[16] param_4, PlayerModel * this)
7100025060	16	~PlayerModel	mg1117::PlayerModel	d	a	1		undefined ~PlayerModel(PlayerModel * this)
7100025070	16	PlayerRod	mg1117::PlayerRod	d	a	1		undefined PlayerRod(PlayerRod * this)
7100025080	16	~PlayerRod	mg1117::PlayerRod	d	a	1		undefined ~PlayerRod(void)
7100025090	16	~Pimpl	mg1117::PlayerMan::Pimpl	d	a	1		undefined ~Pimpl(Pimpl * this)
71000250a0	16	NotifyCoinGet	<EXTERNAL>::ca::coin_athlon::MinigameWork	d	a	1		undefined NotifyCoinGet(int param_1, Vector3f * param_2, bool param_3)
71000250b0	16	PlayFxTrigger	mg1117::PlayerModel	d	a	1		undefined PlayFxTrigger(PlayerModel * this, char * param_1)
71000250c0	16	NotifyObtained	<EXTERNAL>::ca::coin_athlon::ItemBox	d	a	1		undefined NotifyObtained(void)
71000250d0	16	PlayFxTrigger	mg1117::PlayerMan	d	a	1		undefined PlayFxTrigger(char * param_1)
71000250e0	16	IsIdle	mg1117::PlayerMan	d	a	1		bool IsIdle(void)
71000250f0	16	SetButtonOperateEnabled	mg1117::PlayerMan	d	a	1		undefined SetButtonOperateEnabled(byte param_1)
7100025100	16	SetActive	mg1117::PlayerMan	d	a	1		undefined SetActive(byte param_1)
7100025110	16	BeginItemUse	mg1117::PlayerMan	d	a	1		undefined BeginItemUse(char param_1)
7100025120	16	BeginItemStar	mg1117::PlayerModel	d	a	1		undefined BeginItemStar(PlayerModel * this)
7100025130	16	SetupHand	mg1117::PlayerRod	d	a	1		undefined SetupHand(PlayerRod * this, int param_1)
7100025140	16	EndItemUse	mg1117::PlayerMan	d	a	1		undefined EndItemUse(char param_1)
7100025150	16	EndItemStar	mg1117::PlayerModel	d	a	1		undefined EndItemStar(PlayerModel * this)
7100025160	16	SkipOpening	mg1117::PlayerMan	d	a	1		undefined SkipOpening(void)
7100025170	16	SkipOpening	mg1117::PlayerRod	d	a	1		undefined SkipOpening(void)
7100025180	16	SkipOpening	mg1117::PlayerModel	d	a	1		undefined SkipOpening(PlayerModel * this)
7100025190	16	SetupLevel	mg1117::PlayerMan	d	a	1		undefined SetupLevel(void)
71000251a0	16	SetupLevel	mg1117::PlayerRod	d	a	1		undefined SetupLevel(void)
71000251b0	16	Update	mg1117::PlayerMan	d	a	1		undefined Update(void)
71000251c0	16	Update	mg1117::PlayerMan::Pimpl	d	a	1		undefined Update(Pimpl * this)
71000251d0	16	GetTrigger	<EXTERNAL>::actor::ComActorPad	d	a	1		undefined GetTrigger(void)
71000251e0	16	GetPadActorDeg	<EXTERNAL>::actor::ComActorPad	d	a	1		undefined GetPadActorDeg(void)
71000251f0	16	GetDepth	<EXTERNAL>::actor::PadLeverData	d	a	1		undefined GetDepth(void)
7100025200	16	GetDirectionDeg	<EXTERNAL>::actor::PadLeverData	d	a	1		undefined GetDirectionDeg(void)
7100025210	16	GetDirectionVector	<EXTERNAL>::actor::PadLeverData	d	a	1		undefined GetDirectionVector(void)
7100025220	16	PlayMotion	mg1117::PlayerModel	d	a	1		undefined PlayMotion(PlayerModel * this, uint param_1)
7100025230	16	StartMoveForward	mg1117::PlayerRod	d	a	1		undefined StartMoveForward(void)
7100025240	16	IsMove	mg1117::PlayerRod	d	a	1		undefined1 IsMove(void)
7100025250	16	StartMoveBackward	mg1117::PlayerRod	d	a	1		undefined StartMoveBackward(void)
7100025260	16	UpdateMove	mg1117::PlayerRod	d	a	1		undefined UpdateMove(undefined8 param_1_00, undefined8 * param_2)
7100025270	16	Update	mg1117::PlayerModel	d	a	1		undefined Update(PlayerModel * this)
7100025280	16	Update	mg1117::PlayerRod	d	a	1		undefined Update(void)
7100025290	16	PostUpdate	mg1117::PlayerMan	d	a	1		undefined PostUpdate(void)
71000252a0	16	PostUpdate	mg1117::PlayerModel	d	a	1		undefined PostUpdate(PlayerModel * this)
71000252b0	16	AddComponent<actor::ComActorPad,bex::PlayerID,(void*)0>	nn::bezel::Entity	d	a	1		WeakHandle AddComponent<actor::ComActorPad,bex::PlayerID,(void*)0>(long * param_1_00, HandlePtr * param_2, undefined4 * param_3)
71000252c0	16	Create	<EXTERNAL>::actor::ComActorPad	d	a	1		undefined Create(HandlePtr * param_1, PlayerID param_2, PadStyle param_3)
71000252d0	16	AddComponent<bq::ComMatter,char_const(&)[37],(void*)0>	nn::bezel::Entity	d	a	1		WeakHandle AddComponent<bq::ComMatter,char_const(&)[37],(void*)0>(long * param_1_00, HandlePtr * param_2, char * param_3)
71000252e0	16	SafeCreate<bq::ComMatter,nn::bezel::HandlePtr<nn::bezel::Entity>const&,char_const(&)[37]>	bex::ComponentUtil	d	a	1		WeakHandle SafeCreate<bq::ComMatter,nn::bezel::HandlePtr<nn::bezel::Entity>const&,char_const(&)[37]>(long * param_1_00, ComponentUtil * this, char * param_3)
71000252f0	16	IsThisPlaying	<EXTERNAL>::actor::ComActorMotion	d	a	1		undefined IsThisPlaying(StringViewHashPair * param_1)
7100025300	16	PlayerMan	mg1117::PlayerMan	d	a	1		undefined PlayerMan(undefined1[16] param_1, undefined1[16] param_2, undefined8 param_3, undefined1[16] param_4, PlayerMan * this)
7100025310	16	~PlayerMan	mg1117::PlayerMan	d	a	1		undefined ~PlayerMan(void)
7100025320	16	Pimpl	mg1117::PlayerModel::Pimpl	d	a	1		undefined Pimpl(undefined1[16] param_1, undefined1[16] param_2, undefined8 param_3, undefined1[16] param_4, Pimpl * this)
7100025330	16	AddHeading	<EXTERNAL>::bq::ComMatter	d	a	1		undefined AddHeading(void)
7100025340	16	SetHeadLookWeight	<EXTERNAL>::bex::ComHeading	d	a	1		undefined SetHeadLookWeight(float param_1)
7100025350	16	PlayMotionLever	mg1117::PlayerModel::Pimpl	d	a	1		undefined PlayMotionLever(Pimpl * this, uint param_1)
7100025360	16	PlayMotionPlayer	mg1117::PlayerModel::Pimpl	d	a	1		undefined PlayMotionPlayer(Pimpl * this, uint param_1)
7100025370	16	Play	<EXTERNAL>::nn::bezel::ComFxTrigger	d	a	1		undefined Play(basic_string_view param_1)
7100025380	16	Start	<EXTERNAL>::actor::ComStarExpression	d	a	1		undefined Start(void)
7100025390	16	End	<EXTERNAL>::actor::ComStarExpression	d	a	1		undefined End(void)
71000253a0	16	Stop	<EXTERNAL>::nn::bezel::ComFxTrigger	d	a	1		undefined Stop(basic_string_view param_1)
71000253b0	16	GetPosition	mg1117::PlayerRod	d	a	1		undefined1[16] GetPosition(void)
71000253c0	16	LookImmediately	<EXTERNAL>::bex::ComHeading	d	a	1		undefined LookImmediately(void)
71000253d0	16	IsFinished	<EXTERNAL>::actor::ComActorMotion	d	a	1		undefined IsFinished(void)
71000253e0	16	PostUpdate	mg1117::PlayerModel::Pimpl	d	a	1		undefined PostUpdate(Pimpl * this)
71000253f0	16	GetTargetType	<EXTERNAL>::bex::ComHeading	d	a	1		undefined GetTargetType(void)
7100025400	16	SetTargetNone	<EXTERNAL>::bex::ComHeading	d	a	1		undefined SetTargetNone(void)
7100025410	16	operator()	mg1117::PlayerModel::Pimpl::Pimpl()::{lambda(nn::bezel::HandlePtr<nn::bezel::Entity>)#1}	d	a	1		undefined operator()({lambda(nn::bezel::HandlePtr<nn::bezel::Entity>)#1} * this, long * param_1)
7100025420	16	AddComponent<bq::ComMatter,bex::PlayerID,bq::MatterType,(void*)0>	nn::bezel::Entity	d	a	1		WeakHandle AddComponent<bq::ComMatter,bex::PlayerID,bq::MatterType,(void*)0>(long * param_1_00, HandlePtr * param_2, undefined4 * param_3, undefined4 * param_4)
7100025430	16	AddComStarExpression	<EXTERNAL>::bq::ComMatter	d	a	1		undefined AddComStarExpression(void)
7100025440	16	SetEnabled	<EXTERNAL>::nn::bezel::ComPhysicalAnimation	d	a	1		undefined SetEnabled(bool param_1)
7100025450	16	AddIgnoreKey	<EXTERNAL>::bex::ComFxTrigger	d	a	1		undefined AddIgnoreKey(StringViewHashPair * param_1)
7100025460	16	SafeCreate<bq::ComMatter,nn::bezel::HandlePtr<nn::bezel::Entity>const&,bex::PlayerID,bq::MatterType>	bex::ComponentUtil	d	a	1		WeakHandle SafeCreate<bq::ComMatter,nn::bezel::HandlePtr<nn::bezel::Entity>const&,bex::PlayerID,bq::MatterType>(long * param_1_00, ComponentUtil * this, undefined4 * param_3, undefined4 * param_4)
7100025470	16	ComMatter	<EXTERNAL>::bq::ComMatter	d	a	1		undefined ComMatter(ComMatter * this, HandlePtr * param_1, PlayerID param_2, MatterType param_3)
7100025480	16	operator()	mg1117::PlayerModel::Pimpl::Pimpl()::{lambda(nn::bezel::HandlePtr<nn::bezel::Entity>)#2}	d	a	1		undefined operator()({lambda(nn::bezel::HandlePtr<nn::bezel::Entity>)#2} * this, long * param_1)
7100025490	16	GetFrame	<EXTERNAL>::actor::ComActorMotion	d	a	1		undefined GetFrame(void)
71000254a0	16	SetTargetLookAtDirection	<EXTERNAL>::bex::ComHeading	d	a	1		undefined SetTargetLookAtDirection(Vector3f * param_1)
71000254b0	16	Pimpl	mg1117::PlayerRod::Pimpl	d	a	1		undefined Pimpl(Pimpl * this)
71000254c0	16	SetActive	mg1117::PlayerRod::Pimpl::HandInfo	d	a	1		undefined SetActive(long * param_1)
71000254d0	16	~Pimpl	mg1117::PlayerRod::Pimpl	d	a	1		undefined ~Pimpl(Pimpl * this)
71000254e0	16	Update	mg1117::PlayerRod::Pimpl	d	a	1		undefined Update(Pimpl * this)
71000254f0	16	operator()	mg1117::PlayerRod::Pimpl::Pimpl()::{lambda(nn::bezel::HandlePtr<nn::bezel::Entity>)#1}	d	a	1		undefined operator()({lambda(nn::bezel::HandlePtr<nn::bezel::Entity>)#1} * this, HandlePtr * param_1)
7100025500	16	AddComponent<bq::ComMatter,char_const(&)[34],(void*)0>	nn::bezel::Entity	d	a	1		WeakHandle AddComponent<bq::ComMatter,char_const(&)[34],(void*)0>(long * param_1_00, HandlePtr * param_2, char * param_3)
7100025510	16	HandInfo	mg1117::PlayerRod::Pimpl::HandInfo	d	a	1		undefined HandInfo(HandInfo * this, undefined4 param_1, long * param_2, char * param_3)
7100025520	16	SafeCreate<bq::ComMatter,nn::bezel::HandlePtr<nn::bezel::Entity>const&,char_const(&)[34]>	bex::ComponentUtil	d	a	1		WeakHandle SafeCreate<bq::ComMatter,nn::bezel::HandlePtr<nn::bezel::Entity>const&,char_const(&)[34]>(long * param_1_00, ComponentUtil * this, char * param_3)
7100025530	16	operator()	mg1117::PlayerRod::Pimpl::Pimpl()::{lambda(nn::bezel::HandlePtr<nn::bezel::Entity>)#2}	d	a	1		undefined operator()({lambda(nn::bezel::HandlePtr<nn::bezel::Entity>)#2} * this, long * param_1)
7100025540	16	SetBoneVisible	<EXTERNAL>::nn::bezel::ComModel	d	a	1		undefined SetBoneVisible(int param_1, bool param_2)
7100025550	16	Scene	mg1117::Scene	d	a	1		undefined Scene(Scene * this)
7100025560	16	getStaticTypeinfo	<EXTERNAL>::ca::coin_athlon::MinigameScene	d	a	1		undefined getStaticTypeinfo(void)
7100025570	16	Typeinfo	<EXTERNAL>::rtti::Typeinfo	d	a	1		undefined Typeinfo(Typeinfo * this, Typeinfo * param_1, char * param_2, char * param_3, _func_Property_ptr * param_4, _func_void_ptr * param_5, _func_void_void_ptr * param_6, uint param_7, uint param_8, _func_void_void_ptr_Property_ptr_PropertyList_ptr * param_9, _func_bool_void_ptr_Property_ptr_Typeinfo_ptr_uint * param_10)
7100025580	16	Property	<EXTERNAL>::rtti::Property	d	a	1		undefined Property(Property * this)
7100025590	16	checkGuiPropDefault	<EXTERNAL>::rtti::Typeinfo	d	a	1		undefined checkGuiPropDefault(void * param_1, Property * param_2, PropertyList * param_3)
71000255a0	16	createGuiPropDefault	<EXTERNAL>::rtti::Typeinfo	d	a	1		undefined createGuiPropDefault(void * param_1, Property * param_2, Typeinfo * param_3, uint param_4)
71000255b0	16	getStaticTypeinfo	<EXTERNAL>::bex::SceneParamBase	d	a	1		undefined getStaticTypeinfo(void)
71000255c0	16	Property	<EXTERNAL>::rtti::Property	d	a	1		undefined Property(Property * this, char * param_1, char * param_2, uint param_3, void * param_4, Type * param_5)
71000255d0	16	Property	<EXTERNAL>::rtti::Property	d	a	1		undefined Property(Property * this, char * param_1, char * param_2, uint param_3, void * param_4, Type * param_5, int param_6, int param_7, int param_8)
71000255e0	16	MinigameScene	<EXTERNAL>::ca::coin_athlon::MinigameScene	d	a	1		undefined MinigameScene(MinigameScene * this)
71000255f0	16	ArchiveName	<EXTERNAL>::bq::ObjectList	d	a	1		undefined ArchiveName(ObjectID param_1)
7100025600	16	~MinigameScene	<EXTERNAL>::ca::coin_athlon::MinigameScene	d	a	1		undefined ~MinigameScene(MinigameScene * this)
7100025610	16	~Scene	mg1117::Scene	d	a	1		undefined ~Scene(Scene * this)
7100025620	16	GetCurrentLevel	<EXTERNAL>::ca::coin_athlon::MinigameScene	d	a	1		undefined GetCurrentLevel(void)
7100025630	16	CreateSequence	mg1117::SequenceFactory	d	a	1		Sequence * CreateSequence(undefined8 param_1)
7100025640	16	Update	mg1117::Sequence	d	a	1		undefined Update(Sequence * this)
7100025650	16	SetSequence	mg1117::Scene	d	a	1		undefined SetSequence(Scene * this, int param_1)
7100025660	16	GetSequenceID	mg1117::Sequence	d	a	1		undefined4 GetSequenceID(Sequence * this)
7100025670	16	EndOperation	mg1117::Sequence	d	a	1		undefined EndOperation(Sequence * this)
7100025680	16	BeginOperation	mg1117::Sequence	d	a	1		undefined BeginOperation(Sequence * this)
7100025690	16	IsEnd	mg1117::Sequence	d	a	1		undefined1 IsEnd(Sequence * this)
71000256a0	16	~Sequence	mg1117::Sequence	d	a	1		undefined ~Sequence(Sequence * this)
71000256b0	16	Sequence	mg1117::Sequence	d	a	1		undefined Sequence(Sequence * this, undefined8 param_1)
710005f000	1	end		i	d	0		undefined end()
7100060000	1	ProtectRelro	<EXTERNAL>::nn::ro	d	a	1		undefined ProtectRelro(void * param_1, void * param_2, void * param_3, void * param_4, void * param_5)
7100061000	1	__nnmusl_fini_dso	<EXTERNAL>	d	d	1		undefined __nnmusl_fini_dso()
7100062000	1	__cxa_guard_acquire	<EXTERNAL>	d	d	1		undefined __cxa_guard_acquire()
7100064000	1	__cxa_guard_release	<EXTERNAL>	d	d	1		undefined __cxa_guard_release()
71000bb000	1	operator.new	<EXTERNAL>	d	a	1		void * operator.new(ulong param_1, ulong param_2, HeapID param_3)
71000bc000	1	AbortImpl	<EXTERNAL>::nn::diag::detail	d	a	1		undefined AbortImpl(void)
71000bd000	1	operator.delete	<EXTERNAL>	d	a	1		void operator.delete(void * param_1, ulong param_2, HeapID param_3)
71000be000	1	_Unwind_Resume	<EXTERNAL>	d	d	1		undefined _Unwind_Resume()
71000bf000	1	Alloc	<EXTERNAL>::bex::HeapModule	d	a	1		undefined Alloc(HeapID param_1, ulong param_2, int param_3, char * param_4, int param_5, char * param_6, char * param_7)
71000c0000	1	Free	<EXTERNAL>::bex::HeapModule	d	a	1		undefined Free(void * param_1)
71000ca000	1	GetDeltaTime	<EXTERNAL>::bex::MainModule	d	a	1		undefined GetDeltaTime(void)
71000cb000	1	sinf	<EXTERNAL>	d	i	1		float sinf(float __x)
71000cc000	1	CreateEffect	<EXTERNAL>::ca::coin_athlon::MinigameFactory	d	a	1		undefined CreateEffect(char * param_1, function param_2)
71000ce000	1	SetScale	<EXTERNAL>::nn::bezel::Entity	d	a	1		undefined SetScale(Vector3f * param_1)
71000cf000	1	SetDecalShadowEnable	<EXTERNAL>::bex::gfx::ComModelBuffer	d	a	1		undefined SetDecalShadowEnable(bool param_1)
71000d0000	1	__cxa_begin_catch	<EXTERNAL>	d	d	1		undefined __cxa_begin_catch()
71000d1000	1	terminate	<EXTERNAL>::std	d	a	1		undefined terminate(void)
71000d2000	1	__cxa_allocate_exception	<EXTERNAL>	d	d	1		undefined __cxa_allocate_exception()
71000d3000	1	~length_error	<EXTERNAL>::std::length_error	d	a	1		undefined ~length_error(length_error * this)
71000d4000	1	__cxa_throw	<EXTERNAL>	d	d	1		undefined __cxa_throw()
71000d5000	1	__cxa_free_exception	<EXTERNAL>	d	d	1		undefined __cxa_free_exception()
71000d6000	1	logic_error	<EXTERNAL>::std::logic_error	d	a	1		undefined logic_error(logic_error * this, char * param_1)
71000d8000	1	operator.delete	<EXTERNAL>	d	a	1		void operator.delete(void * param_1)
71000d9000	1	operator.new	<EXTERNAL>	d	a	1		void * operator.new(ulong param_1)
71000da000	1	SetPosition	<EXTERNAL>::bex::Effect	d	a	1		undefined SetPosition(Vector3f * param_1)
71000db000	1	SetScale	<EXTERNAL>::bex::Effect	d	a	1		undefined SetScale(Vector3f * param_1)
71000dc000	1	Start	<EXTERNAL>::bex::Effect	d	a	1		undefined Start(bool param_1)
71000e0000	1	GetPlayers	<EXTERNAL>::bq::WorkModule	d	a	1		undefined GetPlayers(void)
71000e1000	1	GetPlayerID	<EXTERNAL>::ca::coin_athlon::MinigameWork	d	a	1		undefined GetPlayerID(void)
71000e2000	1	FindFromPlayerID	<EXTERNAL>::bq::PlayerWorkHolder	d	a	1		undefined FindFromPlayerID(PlayerID param_1)
71000e3000	1	GetCharacterID	<EXTERNAL>::bq::PlayerWork	d	a	1		undefined GetCharacterID(void)
71000e5000	1	SetTranslation	<EXTERNAL>::nn::bezel::Entity	d	a	1		undefined SetTranslation(Vector3f * param_1)
71000e6000	1	GetTranslation	<EXTERNAL>::nn::bezel::Entity	d	a	1		undefined GetTranslation(void)
71000e7000	1	SetRotation	<EXTERNAL>::nn::bezel::Entity	d	a	1		undefined SetRotation(Quaternion * param_1)
71000e8000	1	SetVisible	<EXTERNAL>::nn::bezel::ComModel	d	a	1		undefined SetVisible(bool param_1)
71000e9000	1	Stop	<EXTERNAL>::bex::sound::SoundHandle	d	a	1		undefined Stop(void)
71000ea000	1	Stop_Preset	<EXTERNAL>::bex::sound::SoundHandle	d	a	1		undefined Stop_Preset(FadeTimePreset param_1)
71000ec000	1	SetCollisionLayer	<EXTERNAL>::nn::bezel::ComCollision	d	a	1		undefined SetCollisionLayer(int param_1)
71000ed000	1	GetLinearVelocity	<EXTERNAL>::nn::bezel::ComRigidBody	d	a	1		undefined GetLinearVelocity(void)
71000ee000	1	Play3DHookPosition	<EXTERNAL>::ca::coin_athlon::MinigameSound	d	a	1		undefined Play3DHookPosition(char * param_1, WeakHandle * param_2, float param_3, char * param_4)
71000ef000	1	GetCollisionLayer	<EXTERNAL>::nn::bezel::ComCollision	d	a	1		undefined GetCollisionLayer(void)
71000f0000	1	SetEnabled	<EXTERNAL>::nn::bezel::ComCollision	d	a	1		undefined SetEnabled(bool param_1)
71000f1000	1	CalculateRotation	<EXTERNAL>::nn::bezel::Entity	d	a	1		undefined CalculateRotation(void)
71000f2000	1	SNPrintf	<EXTERNAL>::nn::util	d	a	1		undefined SNPrintf(char * param_1, ulong param_2, char * param_3, ...)
71000f3000	1	Teleport	<EXTERNAL>::nn::bezel::ComCollision	d	a	1		undefined Teleport(void)
71000f4000	1	SetMass	<EXTERNAL>::nn::bezel::ComRigidBody	d	a	1		undefined SetMass(float param_1)
71000f5000	1	SetStaticFriction	<EXTERNAL>::nn::bezel::ComCollision	d	a	1		undefined SetStaticFriction(float param_1)
71000f6000	1	SetDynamicFriction	<EXTERNAL>::nn::bezel::ComCollision	d	a	1		undefined SetDynamicFriction(float param_1)
71000f7000	1	SetRestitution	<EXTERNAL>::nn::bezel::ComCollision	d	a	1		undefined SetRestitution(float param_1)
71000f8000	1	SetLinearDamping	<EXTERNAL>::nn::bezel::ComRigidBody	d	a	1		undefined SetLinearDamping(float param_1)
71000f9000	1	SetAngularDamping	<EXTERNAL>::nn::bezel::ComRigidBody	d	a	1		undefined SetAngularDamping(float param_1)
71000fa000	1	memmove	<EXTERNAL>	d	i	1		void * memmove(void * __dest, void * __src, size_t __n)
71000fc000	1	WaitLightEvent	<EXTERNAL>::nn::os	d	a	1		undefined WaitLightEvent(LightEventType * param_1)
71000fd000	1	SignalLightEvent	<EXTERNAL>::nn::os	d	a	1		undefined SignalLightEvent(LightEventType * param_1)
71000fe000	1	Reserve	<EXTERNAL>::nn::bezel::detail::RcArena	d	a	1		undefined Reserve(void)
71000ff000	1	SetRotation	<EXTERNAL>::bex::Effect	d	a	1		undefined SetRotation(Quaternion * param_1)
