addr	size	name	namespace	namesrc	sigsrc	thunk	tags	signature
7100000080	12	nndetailRoGetRoDataStart		i	a	0		byte * nndetailRoGetRoDataStart(void)
7100000090	12	nndetailRoGetRoDataEnd		i	a	0		undefined * nndetailRoGetRoDataEnd(void)
71000000a0	352	_init		i	i	0		int _init(EVP_PKEY_CTX * ctx)
7100000200	144	_fini		i	a	0		undefined _fini(void)
7100000290	36	FUN_7100000290		d	a	0		undefined8 FUN_7100000290(long param_1)
7100000340	120	FUN_7100000340		d	a	0		undefined8 FUN_7100000340(undefined8 param_1, undefined8 param_2, long param_3)
71000003c0	184	FUN_71000003c0		d	a	0		undefined FUN_71000003c0(long param_1, ulong param_2, ulong param_3)
7100000480	88	FUN_7100000480		d	a	0		undefined FUN_7100000480(void)
71000004e0	80	FUN_71000004e0		d	a	0		undefined FUN_71000004e0(void)
7100000530	88	FUN_7100000530		d	a	0		undefined FUN_7100000530(void)
7100000590	88	FUN_7100000590		d	a	0		undefined FUN_7100000590(void)
71000005f0	80	FUN_71000005f0		d	a	0		undefined FUN_71000005f0(void)
7100000640	80	FUN_7100000640		d	a	0		undefined FUN_7100000640(void)
7100000690	88	FUN_7100000690		d	a	0		undefined FUN_7100000690(void)
71000006f0	88	FUN_71000006f0		d	a	0		undefined FUN_71000006f0(void)
7100000750	88	FUN_7100000750		d	a	0		undefined FUN_7100000750(void)
71000007b0	88	FUN_71000007b0		d	a	0		undefined FUN_71000007b0(void)
7100000810	88	FUN_7100000810		d	a	0		undefined FUN_7100000810(void)
7100000870	88	FUN_7100000870		d	a	0		undefined FUN_7100000870(void)
71000008d0	88	FUN_71000008d0		d	a	0		undefined FUN_71000008d0(void)
7100000930	88	FUN_7100000930		d	a	0		undefined FUN_7100000930(void)
7100000990	88	FUN_7100000990		d	a	0		undefined FUN_7100000990(void)
71000009f0	88	FUN_71000009f0		d	a	0		undefined FUN_71000009f0(void)
7100000a50	80	FUN_7100000a50		d	a	0		undefined FUN_7100000a50(void)
7100000aa0	80	FUN_7100000aa0		d	a	0		undefined FUN_7100000aa0(void)
7100000af0	80	FUN_7100000af0		d	a	0		undefined FUN_7100000af0(void)
7100000b40	80	FUN_7100000b40		d	a	0		undefined FUN_7100000b40(void)
7100000b90	88	FUN_7100000b90		d	a	0		undefined FUN_7100000b90(void)
7100000bf0	88	FUN_7100000bf0		d	a	0		undefined FUN_7100000bf0(void)
7100000c50	88	FUN_7100000c50		d	a	0		undefined FUN_7100000c50(void)
7100000cb0	88	FUN_7100000cb0		d	a	0		undefined FUN_7100000cb0(void)
7100000d10	88	FUN_7100000d10		d	a	0		undefined FUN_7100000d10(void)
7100000d70	88	FUN_7100000d70		d	a	0		undefined FUN_7100000d70(void)
7100000dd0	88	FUN_7100000dd0		d	a	0		undefined FUN_7100000dd0(void)
7100000e30	88	FUN_7100000e30		d	a	0		undefined FUN_7100000e30(void)
7100000e90	88	FUN_7100000e90		d	a	0		undefined FUN_7100000e90(void)
7100000ef0	88	FUN_7100000ef0		d	a	0		undefined FUN_7100000ef0(void)
7100000f50	88	FUN_7100000f50		d	a	0		undefined FUN_7100000f50(void)
7100000fb0	88	FUN_7100000fb0		d	a	0		undefined FUN_7100000fb0(void)
7100001010	88	FUN_7100001010		d	a	0		undefined FUN_7100001010(void)
7100001070	88	FUN_7100001070		d	a	0		undefined FUN_7100001070(void)
71000010d0	88	FUN_71000010d0		d	a	0		undefined FUN_71000010d0(void)
7100001130	88	FUN_7100001130		d	a	0		undefined FUN_7100001130(void)
7100001190	88	FUN_7100001190		d	a	0		undefined FUN_7100001190(void)
71000011f0	88	FUN_71000011f0		d	a	0		undefined FUN_71000011f0(void)
7100001250	88	FUN_7100001250		d	a	0		undefined FUN_7100001250(void)
71000012b0	88	FUN_71000012b0		d	a	0		undefined FUN_71000012b0(void)
7100001310	88	FUN_7100001310		d	a	0		undefined FUN_7100001310(void)
7100001370	88	FUN_7100001370		d	a	0		undefined FUN_7100001370(void)
71000013d0	88	FUN_71000013d0		d	a	0		undefined FUN_71000013d0(void)
7100001430	88	FUN_7100001430		d	a	0		undefined FUN_7100001430(void)
7100001490	88	FUN_7100001490		d	a	0		undefined FUN_7100001490(void)
71000014f0	88	FUN_71000014f0		d	a	0		undefined FUN_71000014f0(void)
7100001550	88	FUN_7100001550		d	a	0		undefined FUN_7100001550(void)
71000015b0	88	FUN_71000015b0		d	a	0		undefined FUN_71000015b0(void)
7100001610	88	FUN_7100001610		d	a	0		undefined FUN_7100001610(void)
7100001670	88	FUN_7100001670		d	a	0		undefined FUN_7100001670(void)
71000016d0	88	FUN_71000016d0		d	a	0		undefined FUN_71000016d0(void)
7100001730	88	FUN_7100001730		d	a	0		undefined FUN_7100001730(void)
7100001790	88	FUN_7100001790		d	a	0		undefined FUN_7100001790(void)
71000017f0	88	FUN_71000017f0		d	a	0		undefined FUN_71000017f0(void)
7100001850	88	FUN_7100001850		d	a	0		undefined FUN_7100001850(void)
71000018b0	88	FUN_71000018b0		d	a	0		undefined FUN_71000018b0(void)
7100001910	88	FUN_7100001910		d	a	0		undefined FUN_7100001910(void)
7100001970	88	FUN_7100001970		d	a	0		undefined FUN_7100001970(void)
71000019d0	88	FUN_71000019d0		d	a	0		undefined FUN_71000019d0(void)
7100001a30	88	FUN_7100001a30		d	a	0		undefined FUN_7100001a30(void)
7100001a90	80	FUN_7100001a90		d	a	0		undefined FUN_7100001a90(void)
7100001ae0	80	FUN_7100001ae0		d	a	0		undefined FUN_7100001ae0(void)
7100001b30	80	FUN_7100001b30		d	a	0		undefined FUN_7100001b30(void)
7100001b80	80	FUN_7100001b80		d	a	0		undefined FUN_7100001b80(void)
7100001bd0	80	FUN_7100001bd0		d	a	0		undefined FUN_7100001bd0(void)
7100001c20	80	FUN_7100001c20		d	a	0		undefined FUN_7100001c20(void)
7100001c70	80	FUN_7100001c70		d	a	0		undefined FUN_7100001c70(void)
7100001cc0	88	FUN_7100001cc0		d	a	0		undefined FUN_7100001cc0(void)
7100001d20	88	FUN_7100001d20		d	a	0		undefined FUN_7100001d20(void)
7100001d80	88	FUN_7100001d80		d	a	0		undefined FUN_7100001d80(void)
7100001de0	88	FUN_7100001de0		d	a	0		undefined FUN_7100001de0(void)
7100001e40	88	FUN_7100001e40		d	a	0		undefined FUN_7100001e40(void)
7100001ea0	88	FUN_7100001ea0		d	a	0		undefined FUN_7100001ea0(void)
7100001f00	88	FUN_7100001f00		d	a	0		undefined FUN_7100001f00(void)
7100001f60	88	FUN_7100001f60		d	a	0		undefined FUN_7100001f60(void)
7100001fc0	88	FUN_7100001fc0		d	a	0		undefined FUN_7100001fc0(void)
7100002020	88	FUN_7100002020		d	a	0		undefined FUN_7100002020(void)
7100002080	88	FUN_7100002080		d	a	0		undefined FUN_7100002080(void)
71000020e0	88	FUN_71000020e0		d	a	0		undefined FUN_71000020e0(void)
7100002140	88	FUN_7100002140		d	a	0		undefined FUN_7100002140(void)
71000021a0	80	FUN_71000021a0		d	a	0		undefined FUN_71000021a0(void)
71000021f0	88	FUN_71000021f0		d	a	0		undefined FUN_71000021f0(void)
7100002250	88	FUN_7100002250		d	a	0		undefined FUN_7100002250(void)
71000022b0	80	FUN_71000022b0		d	a	0		undefined FUN_71000022b0(void)
7100002300	80	FUN_7100002300		d	a	0		undefined FUN_7100002300(void)
7100002350	80	FUN_7100002350		d	a	0		undefined FUN_7100002350(void)
71000023a0	80	FUN_71000023a0		d	a	0		undefined FUN_71000023a0(void)
71000023f0	88	FUN_71000023f0		d	a	0		undefined FUN_71000023f0(void)
7100002450	88	FUN_7100002450		d	a	0		undefined FUN_7100002450(void)
71000024b0	88	FUN_71000024b0		d	a	0		undefined FUN_71000024b0(void)
7100002510	88	FUN_7100002510		d	a	0		undefined FUN_7100002510(void)
7100002570	88	FUN_7100002570		d	a	0		undefined FUN_7100002570(void)
71000025d0	80	FUN_71000025d0		d	a	0		undefined FUN_71000025d0(void)
7100002620	80	FUN_7100002620		d	a	0		undefined FUN_7100002620(void)
7100002670	80	FUN_7100002670		d	a	0		undefined FUN_7100002670(void)
71000026c0	80	FUN_71000026c0		d	a	0		undefined FUN_71000026c0(void)
7100002710	80	FUN_7100002710		d	a	0		undefined FUN_7100002710(void)
7100002760	80	FUN_7100002760		d	a	0		undefined FUN_7100002760(void)
71000027b0	80	FUN_71000027b0		d	a	0		undefined FUN_71000027b0(void)
7100002800	80	FUN_7100002800		d	a	0		undefined FUN_7100002800(void)
7100002850	80	FUN_7100002850		d	a	0		undefined FUN_7100002850(void)
71000028a0	80	FUN_71000028a0		d	a	0		undefined FUN_71000028a0(void)
71000028f0	80	FUN_71000028f0		d	a	0		undefined FUN_71000028f0(void)
7100002940	80	FUN_7100002940		d	a	0		undefined FUN_7100002940(void)
7100002990	80	FUN_7100002990		d	a	0		undefined FUN_7100002990(void)
71000029e0	80	FUN_71000029e0		d	a	0		undefined FUN_71000029e0(void)
7100002a30	80	FUN_7100002a30		d	a	0		undefined FUN_7100002a30(void)
7100002a80	80	FUN_7100002a80		d	a	0		undefined FUN_7100002a80(void)
7100002ad0	80	FUN_7100002ad0		d	a	0		undefined FUN_7100002ad0(void)
7100002b20	80	FUN_7100002b20		d	a	0		undefined FUN_7100002b20(void)
7100002b70	80	FUN_7100002b70		d	a	0		undefined FUN_7100002b70(void)
7100002bc0	80	FUN_7100002bc0		d	a	0		undefined FUN_7100002bc0(void)
7100002c10	80	FUN_7100002c10		d	a	0		undefined FUN_7100002c10(void)
7100002c60	80	FUN_7100002c60		d	a	0		undefined FUN_7100002c60(void)
7100002cb0	80	FUN_7100002cb0		d	a	0		undefined FUN_7100002cb0(void)
7100002d00	80	FUN_7100002d00		d	a	0		undefined FUN_7100002d00(void)
7100002d50	80	FUN_7100002d50		d	a	0		undefined FUN_7100002d50(void)
7100002da0	80	FUN_7100002da0		d	a	0		undefined FUN_7100002da0(void)
7100002df0	88	FUN_7100002df0		d	a	0		undefined FUN_7100002df0(void)
7100002e50	88	FUN_7100002e50		d	a	0		undefined FUN_7100002e50(void)
7100002eb0	88	FUN_7100002eb0		d	a	0		undefined FUN_7100002eb0(void)
7100002f10	88	FUN_7100002f10		d	a	0		undefined FUN_7100002f10(void)
7100002f70	88	FUN_7100002f70		d	a	0		undefined FUN_7100002f70(void)
7100002fd0	88	FUN_7100002fd0		d	a	0		undefined FUN_7100002fd0(void)
7100003030	88	FUN_7100003030		d	a	0		undefined FUN_7100003030(void)
7100003090	88	FUN_7100003090		d	a	0		undefined FUN_7100003090(void)
71000030f0	88	FUN_71000030f0		d	a	0		undefined FUN_71000030f0(void)
7100003150	88	FUN_7100003150		d	a	0		undefined FUN_7100003150(void)
71000031b0	88	FUN_71000031b0		d	a	0		undefined FUN_71000031b0(void)
7100003210	88	FUN_7100003210		d	a	0		undefined FUN_7100003210(void)
7100003270	88	FUN_7100003270		d	a	0		undefined FUN_7100003270(void)
71000032d0	80	FUN_71000032d0		d	a	0		undefined FUN_71000032d0(void)
7100003320	80	FUN_7100003320		d	a	0		undefined FUN_7100003320(void)
7100003370	88	FUN_7100003370		d	a	0		undefined FUN_7100003370(void)
71000033d0	80	FUN_71000033d0		d	a	0		undefined FUN_71000033d0(void)
7100003420	80	FUN_7100003420		d	a	0		undefined FUN_7100003420(void)
7100003470	80	FUN_7100003470		d	a	0		undefined FUN_7100003470(void)
71000034c0	80	FUN_71000034c0		d	a	0		undefined FUN_71000034c0(void)
7100003510	80	FUN_7100003510		d	a	0		undefined FUN_7100003510(void)
7100003560	80	FUN_7100003560		d	a	0		undefined FUN_7100003560(void)
71000035b0	80	FUN_71000035b0		d	a	0		undefined FUN_71000035b0(void)
7100003600	80	FUN_7100003600		d	a	0		undefined FUN_7100003600(void)
7100003650	80	FUN_7100003650		d	a	0		undefined FUN_7100003650(void)
71000036a0	80	FUN_71000036a0		d	a	0		undefined FUN_71000036a0(void)
71000036f0	80	FUN_71000036f0		d	a	0		undefined FUN_71000036f0(void)
7100003740	80	FUN_7100003740		d	a	0		undefined FUN_7100003740(void)
7100003790	80	FUN_7100003790		d	a	0		undefined FUN_7100003790(void)
71000037e0	12	CameraMgr	mg0117::CameraMgr	a	a	0		undefined CameraMgr(CameraMgr * this)
71000037f0	1124	Create	mg0117::CameraMgr	a	a	0		undefined Create(CameraMgr * this)
7100003c70	468	AddComponent<bq::ComMatter,bq::MatterType,(void*)0>	nn::bezel::Entity	a	a	0		WeakHandle AddComponent<bq::ComMatter,bq::MatterType,(void*)0>(long * param_1_00, HandlePtr * param_2, undefined4 * param_3)
7100003e50	304	File<>	wl::mg	a	a	0		basic_string File<>(ulong * param_1_00, byte * param_2)
7100003f90	16	FUN_7100003f90		d	a	0		undefined FUN_7100003f90(void)
7100003fa0	76	~CameraMgr	mg0117::CameraMgr	a	a	0		undefined ~CameraMgr(CameraMgr * this)
7100003fec	4	InitParam	mg0117::CameraMgr	a	a	0		undefined InitParam(void)
7100003ff0	80	SetCameraRotation	mg0117::CameraMgr	a	a	0		undefined SetCameraRotation(undefined8 * param_1)
7100004040	80	SetCameraTranslation	mg0117::CameraMgr	a	a	0		undefined SetCameraTranslation(undefined8 * param_1)
7100004090	256	ClearCameraAnime	mg0117::CameraMgr	a	a	0		undefined ClearCameraAnime(CameraMgr * this)
71000041a0	272	SetCameraAnimeFrame	mg0117::CameraMgr	a	a	0		undefined SetCameraAnimeFrame(float param_1, CameraMgr * this)
71000042c0	252	GetCameraAnimeFrame	mg0117::CameraMgr	a	a	0		undefined1[16] GetCameraAnimeFrame(CameraMgr * this)
71000043d0	252	GetCameraAnimeFrameMax	mg0117::CameraMgr	a	a	0		undefined1[16] GetCameraAnimeFrameMax(CameraMgr * this)
71000044e0	380	PlayCameraAnime	mg0117::CameraMgr	a	a	0		undefined PlayCameraAnime(CameraMgr * this, char * param_1)
7100004670	252	IsCameraAnimeFinished	mg0117::CameraMgr	a	a	0		undefined8 IsCameraAnimeFinished(CameraMgr * this)
7100004780	280	SetCameraAnimeSpeed	mg0117::CameraMgr	a	a	0		undefined8 SetCameraAnimeSpeed(float param_1, CameraMgr * this)
71000048a0	12	NnDetailBezelGetTypeDesc	nn::bezel::StringViewHashPair	a	a	0		undefined * NnDetailBezelGetTypeDesc(void)
71000048ac	4	NnDetailBezelGetThisPtr	nn::bezel::StringViewHashPair	a	a	0		undefined NnDetailBezelGetThisPtr(void)
71000048b0	4	NnDetailBezelGetThisPtrConst	nn::bezel::StringViewHashPair	a	a	0		undefined NnDetailBezelGetThisPtrConst(void)
71000048b4	20	IsDerivedFrom	nn::bezel::detail::StaticTypeDesc<nn::bezel::StringViewHashPair,true>	a	a	0		bool IsDerivedFrom(undefined * param_1)
71000048c8	8	GetBaseTypeDesc	nn::bezel::detail::StaticTypeDesc<nn::bezel::StringViewHashPair,true>	a	a	0		undefined8 GetBaseTypeDesc(void)
71000048d0	8	GetNextBaseTypeDesc	nn::bezel::detail::StaticTypeDesc<nn::bezel::StringViewHashPair,true>	a	a	0		undefined8 GetNextBaseTypeDesc(void)
71000048d8	8	CastTo	nn::bezel::detail::StaticTypeDesc<nn::bezel::StringViewHashPair,true>	a	a	0		undefined8 CastTo(undefined8 param_1, undefined8 param_2)
71000048e0	8	CastToConst	nn::bezel::detail::StaticTypeDesc<nn::bezel::StringViewHashPair,true>	a	a	0		undefined8 CastToConst(undefined8 param_1, undefined8 param_2)
71000048e8	20	FUN_71000048e8		d	a	0		undefined FUN_71000048e8(void)
7100004900	80	FUN_7100004900		d	a	0		undefined FUN_7100004900(char * param_1)
7100004950	48	FUN_7100004950		d	a	0		undefined FUN_7100004950(logic_error * param_1, char * param_2)
7100004980	32	IsDerivedFrom	nn::bezel::detail::StaticTypeDesc<nn::bezel::ComCamera,false,nn::bezel::Component>	a	a	0		bool IsDerivedFrom(undefined * param_1)
71000049a0	12	GetBaseTypeDesc	nn::bezel::detail::StaticTypeDesc<nn::bezel::ComCamera,false,nn::bezel::Component>	a	a	0		undefined * GetBaseTypeDesc(void)
71000049ac	20	GetNextBaseTypeDesc	nn::bezel::detail::StaticTypeDesc<nn::bezel::ComCamera,false,nn::bezel::Component>	a	a	0		undefined * GetNextBaseTypeDesc(long param_1)
71000049c0	8	CastTo	nn::bezel::detail::StaticTypeDesc<nn::bezel::ComCamera,false,nn::bezel::Component>	a	a	0		undefined8 CastTo(undefined8 param_1, undefined8 param_2)
71000049c8	8	CastToConst	nn::bezel::detail::StaticTypeDesc<nn::bezel::ComCamera,false,nn::bezel::Component>	a	a	0		undefined8 CastToConst(undefined8 param_1, undefined8 param_2)
71000049d0	20	IsDerivedFrom	nn::bezel::detail::StaticTypeDesc<nn::bezel::Component,false>	a	a	0		bool IsDerivedFrom(undefined * param_1)
71000049e4	8	GetBaseTypeDesc	nn::bezel::detail::StaticTypeDesc<nn::bezel::Component,false>	a	a	0		undefined8 GetBaseTypeDesc(void)
71000049ec	8	GetNextBaseTypeDesc	nn::bezel::detail::StaticTypeDesc<nn::bezel::Component,false>	a	a	0		undefined8 GetNextBaseTypeDesc(void)
71000049f4	8	CastTo	nn::bezel::detail::StaticTypeDesc<nn::bezel::Component,false>	a	a	0		undefined8 CastTo(undefined8 param_1, undefined8 param_2)
71000049fc	8	CastToConst	nn::bezel::detail::StaticTypeDesc<nn::bezel::Component,false>	a	a	0		undefined8 CastToConst(undefined8 param_1, undefined8 param_2)
7100004a04	372	SafeCreate<bq::ComMatter,nn::bezel::HandlePtr<nn::bezel::Entity>const&,bq::MatterType>	bex::ComponentUtil	a	a	0		WeakHandle SafeCreate<bq::ComMatter,nn::bezel::HandlePtr<nn::bezel::Entity>const&,bq::MatterType>(long * param_1_00, ComponentUtil * this, undefined4 * param_3)
7100004b88	32	IsDerivedFrom	nn::bezel::detail::StaticTypeDesc<bq::ComMatter,false,nn::bezel::Component>	a	a	0		bool IsDerivedFrom(undefined * param_1)
7100004ba8	12	GetBaseTypeDesc	nn::bezel::detail::StaticTypeDesc<bq::ComMatter,false,nn::bezel::Component>	a	a	0		undefined * GetBaseTypeDesc(void)
7100004bb4	20	GetNextBaseTypeDesc	nn::bezel::detail::StaticTypeDesc<bq::ComMatter,false,nn::bezel::Component>	a	a	0		undefined * GetNextBaseTypeDesc(long param_1)
7100004bc8	8	CastTo	nn::bezel::detail::StaticTypeDesc<bq::ComMatter,false,nn::bezel::Component>	a	a	0		undefined8 CastTo(undefined8 param_1, undefined8 param_2)
7100004bd0	8	CastToConst	nn::bezel::detail::StaticTypeDesc<bq::ComMatter,false,nn::bezel::Component>	a	a	0		undefined8 CastToConst(undefined8 param_1, undefined8 param_2)
7100004bd8	32	IsDerivedFrom	nn::bezel::detail::StaticTypeDesc<actor::ComActorMotion,false,nn::bezel::Component>	a	a	0		bool IsDerivedFrom(undefined * param_1)
7100004bf8	12	GetBaseTypeDesc	nn::bezel::detail::StaticTypeDesc<actor::ComActorMotion,false,nn::bezel::Component>	a	a	0		undefined * GetBaseTypeDesc(void)
7100004c04	20	GetNextBaseTypeDesc	nn::bezel::detail::StaticTypeDesc<actor::ComActorMotion,false,nn::bezel::Component>	a	a	0		undefined * GetNextBaseTypeDesc(long param_1)
7100004c18	8	CastTo	nn::bezel::detail::StaticTypeDesc<actor::ComActorMotion,false,nn::bezel::Component>	a	a	0		undefined8 CastTo(undefined8 param_1, undefined8 param_2)
7100004c20	8	CastToConst	nn::bezel::detail::StaticTypeDesc<actor::ComActorMotion,false,nn::bezel::Component>	a	a	0		undefined8 CastToConst(undefined8 param_1, undefined8 param_2)
7100004c30	600	Replace<>	wl::mg	a	a	0		basic_string.conflict Replace<>(ulong * param_1, mg * this)
7100004eb4	188	FUN_7100004eb4		d	a	0		undefined FUN_7100004eb4(locale * param_1, __loop<char> * param_2, undefined4 param_3)
7100004f80	108	~basic_regex	std::regex	a	a	0		undefined ~basic_regex(regex * this)
7100004ff0	492	FUN_7100004ff0		d	a	0		basic_string<char,std::char_traits<char>,bex::HeapModule::Allocator_string<char>> * FUN_7100004ff0(basic_string<char,std::char_traits<char>,bex::HeapModule::Allocator_string<char>> * param_1, basic_string<char,std::char_traits<char>,bex::HeapModule::Allocator_string<char>> * param_2, basic_string<char,std::char_traits<char>,bex::HeapModule::Allocator_string<char>> * param_3, regex * param_4, basic_string<char,std::char_traits<char>,bex::HeapModule::Allocator_string<char>> * param_5, uint param_6)
710000521c	216	regex_iterator	std::regex_iterator<std::__wrap_iter<char_const*>,char,std::regex_traits<char>>	a	a	0		undefined regex_iterator(regex_iterator<std::__wrap_iter<char_const*>,char,std::regex_traits<char>> * this, long param_1, long param_2, regex * param_3, uint param_4)
7100005330	1024	format<std::back_insert_iterator<std::basic_string<char,std::char_traits<char>,bex::HeapModule::Allocator_string<char>>>>	std::match_results<std::__wrap_iter<char_const*>,std::allocator<std::sub_match<std::__wrap_iter<char_const*>>>>	a	a	0		basic_string<char,std::char_traits<char>,bex::HeapModule::Allocator_string<char>> * format<std::back_insert_iterator<std::basic_string<char,std::char_traits<char>,bex::HeapModule::Allocator_string<char>>>>(match_results<std::__wrap_iter<char_const*>,std::allocator<std::sub_match<std::__wrap_iter<char_const*>>>> * this, basic_string<char,std::char_traits<char>,bex::HeapModule::Allocator_string<char>> * param_1, basic_string<char,std::char_traits<char>,bex::HeapModule::Allocator_string<char>> * param_2, basic_string<char,std::char_traits<char>,bex::HeapModule::Allocator_string<char>> * param_3, uint param_4)
7100005738	432	operator++	std::regex_iterator<std::__wrap_iter<char_const*>,char,std::regex_traits<char>>	a	a	0		regex_iterator<std::__wrap_iter<char_const*>,char,std::regex_traits<char>> * operator++(regex_iterator<std::__wrap_iter<char_const*>,char,std::regex_traits<char>> * this)
7100005910	628	__search<std::allocator<std::sub_match<char_const*>>>	std::regex	a	a	0		undefined8 __search<std::allocator<std::sub_match<char_const*>>>(regex * this, long param_1, long param_2, long * param_3, uint param_4)
7100005b90	460	__assign[abi:v160006]<char_const*,std::allocator<std::sub_match<char_const*>>>	std::match_results<std::__wrap_iter<char_const*>,std::allocator<std::sub_match<std::__wrap_iter<char_const*>>>>	a	a	0		void __assign[abi:v160006]<char_const*,std::allocator<std::sub_match<char_const*>>>(match_results<std::__wrap_iter<char_const*>,std::allocator<std::sub_match<std::__wrap_iter<char_const*>>>> * this, long param_1, undefined8 param_2, long * param_3, uint param_4)
7100005d70	576	FUN_7100005d70		d	a	0		undefined FUN_7100005d70(long * param_1, ulong param_2, undefined8 * param_3)
7100005fb0	1116	__match_at_start_ecma<std::allocator<std::sub_match<char_const*>>>	std::regex	a	a	0		undefined8 __match_at_start_ecma<std::allocator<std::sub_match<char_const*>>>(regex * this, long param_1, long param_2, long * param_3, uint param_4, byte param_5)
7100006440	2720	__match_at_start_posix_nosubs<std::allocator<std::sub_match<char_const*>>>	std::regex	a	a	0		undefined8 __match_at_start_posix_nosubs<std::allocator<std::sub_match<char_const*>>>(regex * this, long param_1, long param_2, long * param_3, uint param_4, byte param_5)
7100006f10	1532	__match_at_start_posix_subs<std::allocator<std::sub_match<char_const*>>>	std::regex	a	a	0		undefined4 __match_at_start_posix_subs<std::allocator<std::sub_match<char_const*>>>(regex * this, long param_1, long param_2, long * param_3, uint param_4, byte param_5)
710000752c	68	~__state	std::__state<char>	a	a	0		undefined ~__state(__state<char> * this)
7100007570	76	FUN_7100007570		d	a	0		undefined FUN_7100007570(void)
71000075c0	360	__state	std::__state<char>	a	a	0		undefined __state(__state<char> * this, undefined8 * param_1)
7100007730	76	FUN_7100007730		d	a	0		undefined FUN_7100007730(void)
7100007780	156	FUN_7100007780		d	a	0		undefined FUN_7100007780(undefined8 * param_1)
7100007820	504	__push_back_slow_path<std::__state<char>>	std::vector<std::__state<char>,std::allocator<std::__state<char>>>	a	a	0		void __push_back_slow_path<std::__state<char>>(vector<std::__state<char>,std::allocator<std::__state<char>>> * this, undefined8 * param_1)
7100007a18	20	FUN_7100007a18		d	a	0		undefined FUN_7100007a18(void)
7100007a30	56	FUN_7100007a30		d	a	0		undefined FUN_7100007a30(void)
7100007a70	520	FUN_7100007a70		d	a	0		undefined FUN_7100007a70(long * param_1, ulong param_2, undefined8 * param_3)
7100007c78	20	FUN_7100007c78		d	a	0		undefined FUN_7100007c78(void)
7100007c90	296	FUN_7100007c90		d	a	0		undefined FUN_7100007c90(undefined8 * param_1, ulong param_2)
7100007db8	20	FUN_7100007db8		d	a	0		undefined FUN_7100007db8(void)
7100007dd0	348	FUN_7100007dd0		d	a	0		undefined FUN_7100007dd0(long param_1)
7100007f30	124	FUN_7100007f30		d	a	0		undefined FUN_7100007f30(undefined8 * param_1)
7100007fb0	1324	FUN_7100007fb0		d	a	0		undefined FUN_7100007fb0(long * param_1)
7100008520	376	FUN_7100008520		d	a	0		undefined FUN_7100008520(undefined8 * param_1, undefined8 * param_2)
71000086a0	388	FUN_71000086a0		d	a	0		undefined FUN_71000086a0(long * param_1, undefined8 * param_2)
7100008830	856	FUN_7100008830		d	a	0		undefined FUN_7100008830(long * param_1)
7100008bd0	388	FUN_7100008bd0		d	a	0		undefined FUN_7100008bd0(long * param_1, undefined8 * param_2)
7100008d60	480	assign<std::sub_match<char_const*>*,0>	std::vector<std::sub_match<char_const*>,std::allocator<std::sub_match<char_const*>>>	a	a	0		void assign<std::sub_match<char_const*>*,0>(vector<std::sub_match<char_const*>,std::allocator<std::sub_match<char_const*>>> * this, undefined8 * param_1, undefined8 * param_2)
7100008f40	384	assign<std::pair<unsigned_long,char_const*>*,0>	std::vector<std::pair<unsigned_long,char_const*>,std::allocator<std::pair<unsigned_long,char_const*>>>	a	a	0		void assign<std::pair<unsigned_long,char_const*>*,0>(vector<std::pair<unsigned_long,char_const*>,std::allocator<std::pair<unsigned_long,char_const*>>> * this, undefined8 * param_1, undefined8 * param_2)
71000090c0	624	FUN_71000090c0		d	a	0		undefined FUN_71000090c0(long * param_1, ulong param_2)
7100009330	20	FUN_7100009330		d	a	0		undefined FUN_7100009330(void)
7100009344	20	FUN_7100009344		d	a	0		undefined FUN_7100009344(void)
7100009358	312	push_back	std::basic_string<char,std::char_traits<char>,bex::HeapModule::Allocator_string<char>>	a	a	0		undefined push_back(basic_string<char,std::char_traits<char>,bex::HeapModule::Allocator_string<char>> * this, basic_string<char,std::char_traits<char>,bex::HeapModule::Allocator_string<char>> param_2)
7100009490	76	FUN_7100009490		d	a	0		undefined FUN_7100009490(void)
71000094e0	96	FUN_71000094e0		d	a	0		undefined FUN_71000094e0(long param_1)
7100009540	852	__parse<char_const*>	std::regex	a	a	0		__loop<char> * __parse<char_const*>(regex * this, __loop<char> * param_1, __loop<char> * param_2)
71000098a0	76	FUN_71000098a0		d	a	0		undefined FUN_71000098a0(void)
71000098f0	416	__parse_ecma_exp<char_const*>	std::regex	a	a	0		__loop<char> * __parse_ecma_exp<char_const*>(regex * this, __loop<char> * param_1, __loop<char> * param_2)
7100009aa0	396	__parse_basic_reg_exp<char_const*>	std::regex	a	a	0		byte * __parse_basic_reg_exp<char_const*>(regex * this, byte * param_1, byte * param_2)
7100009c30	380	__parse_extended_reg_exp<char_const*>	std::regex	a	a	0		__loop<char> * __parse_extended_reg_exp<char_const*>(regex * this, __loop<char> * param_1, __loop<char> * param_2)
7100009db0	472	__parse_grep<char_const*>	std::regex	a	a	0		byte * __parse_grep<char_const*>(regex * this, byte * param_1, byte * param_2)
7100009f90	472	__parse_egrep<char_const*>	std::regex	a	a	0		__loop<char> * __parse_egrep<char_const*>(regex * this, __loop<char> * param_1, __loop<char> * param_2)
710000a170	76	FUN_710000a170		d	a	0		undefined FUN_710000a170(void)
710000a1bc	4	~__end_state	std::__end_state<char>	a	a	0		undefined ~__end_state(__end_state<char> * this)
710000a1c0	12	__exec	std::__end_state<char>	a	a	0		undefined __exec(undefined8 param_1_00, undefined4 * param_2)
710000a1d8	36	~__shared_ptr_pointer	std::__shared_ptr_pointer<std::__empty_state<char>*,std::shared_ptr<std::__empty_state<char>>::__shared_ptr_default_delete<std::__empty_state<char>,std::__empty_state<char>>,std::allocator<std::__empty_state<char>>>	a	a	0		undefined ~__shared_ptr_pointer(__shared_ptr_pointer<std::__empty_state<char>*,std::shared_ptr<std::__empty_state<char>>::__shared_ptr_default_delete<std::__empty_state<char>,std::__empty_state<char>>,std::allocator<std::__empty_state<char>>> * this)
710000a1fc	24	__on_zero_shared	std::__shared_ptr_pointer<std::__empty_state<char>*,std::shared_ptr<std::__empty_state<char>>::__shared_ptr_default_delete<std::__empty_state<char>,std::__empty_state<char>>,std::allocator<std::__empty_state<char>>>	a	a	0		undefined __on_zero_shared(__shared_ptr_pointer<std::__empty_state<char>*,std::shared_ptr<std::__empty_state<char>>::__shared_ptr_default_delete<std::__empty_state<char>,std::__empty_state<char>>,std::allocator<std::__empty_state<char>>> * this)
710000a214	4	__on_zero_shared_weak	std::__shared_ptr_pointer<std::__empty_state<char>*,std::shared_ptr<std::__empty_state<char>>::__shared_ptr_default_delete<std::__empty_state<char>,std::__empty_state<char>>,std::allocator<std::__empty_state<char>>>	a	a	0		undefined __on_zero_shared_weak(__shared_ptr_pointer<std::__empty_state<char>*,std::shared_ptr<std::__empty_state<char>>::__shared_ptr_default_delete<std::__empty_state<char>,std::__empty_state<char>>,std::allocator<std::__empty_state<char>>> * this)
710000a218	68	~__empty_state	std::__empty_state<char>	a	a	0		undefined ~__empty_state(__empty_state<char> * this)
710000a25c	20	__exec	std::__empty_state<char>	a	a	0		undefined __exec(__empty_state<char> * this, undefined4 * param_1)
710000a270	68	~__owns_one_state	std::__owns_one_state<char>	a	a	0		undefined ~__owns_one_state(__owns_one_state<char> * this)
710000a2c0	160	__parse_alternative<char_const*>	std::regex	a	a	0		__loop<char> * __parse_alternative<char_const*>(regex * this, __loop<char> * param_1, __loop<char> * param_2)
710000a360	148	__parse_term<char_const*>	std::regex	a	a	0		__loop<char> * __parse_term<char_const*>(regex * this, __loop<char> * param_1, __loop<char> * param_2)
710000a3f4	740	__parse_assertion<char_const*>	std::regex	a	a	0		__loop<char> * __parse_assertion<char_const*>(regex * this, __loop<char> * param_1, __loop<char> * param_2)
710000a6e0	588	__parse_atom<char_const*>	std::regex	a	a	0		byte * __parse_atom<char_const*>(regex * this, byte * param_1, byte * param_2)
710000a930	1432	__parse_ERE_dupl_symbol<char_const*>	std::regex	a	a	0		__loop<char> * __parse_ERE_dupl_symbol<char_const*>(regex * this, __loop<char> * param_1, __loop<char> * param_2, long param_3, undefined4 param_4, undefined4 param_5)
710000af14	80	FUN_710000af14		d	a	0		undefined FUN_710000af14(locale * param_1)
710000af80	188	__push_lookahead	std::regex	a	a	0		undefined __push_lookahead(regex * this, locale * param_1, byte param_2, undefined4 param_3)
710000b040	76	FUN_710000b040		d	a	0		undefined FUN_710000b040(void)
710000b08c	68	~__l_anchor_multiline	std::__l_anchor_multiline<char>	a	a	0		undefined ~__l_anchor_multiline(__l_anchor_multiline<char> * this)
710000b0d0	96	__exec	std::__l_anchor_multiline<char>	a	a	0		undefined __exec(__l_anchor_multiline<char> * this, undefined4 * param_1)
710000b130	68	~__r_anchor_multiline	std::__r_anchor_multiline<char>	a	a	0		undefined ~__r_anchor_multiline(__r_anchor_multiline<char> * this)
710000b174	80	__exec	std::__r_anchor_multiline<char>	a	a	0		undefined __exec(__r_anchor_multiline<char> * this, undefined4 * param_1)
710000b1c4	92	~__word_boundary	std::__word_boundary<char,std::regex_traits<char>>	a	a	0		undefined ~__word_boundary(__word_boundary<char,std::regex_traits<char>> * this)
710000b220	88	~__word_boundary	std::__word_boundary<char,std::regex_traits<char>>	a	a	0		undefined ~__word_boundary(__word_boundary<char,std::regex_traits<char>> * this)
710000b278	324	__exec	std::__word_boundary<char,std::regex_traits<char>>	a	a	0		undefined __exec(__word_boundary<char,std::regex_traits<char>> * this, undefined4 * param_1)
710000b3c0	168	~__lookahead	std::__lookahead<char,std::regex_traits<char>>	a	a	0		undefined ~__lookahead(__lookahead<char,std::regex_traits<char>> * this)
710000b470	160	~__lookahead	std::__lookahead<char,std::regex_traits<char>>	a	a	0		undefined ~__lookahead(__lookahead<char,std::regex_traits<char>> * this)
710000b510	380	__exec	std::__lookahead<char,std::regex_traits<char>>	a	a	0		undefined __exec(__lookahead<char,std::regex_traits<char>> * this, undefined4 * param_1)
710000b6b0	376	__parse_atom_escape<char_const*>	std::regex	a	a	0		byte * __parse_atom_escape<char_const*>(regex * this, byte * param_1, byte * param_2)
710000b830	336	__parse_bracket_expression<char_const*>	std::regex	a	a	0		byte * __parse_bracket_expression<char_const*>(regex * this, byte * param_1, byte * param_2)
710000b980	76	FUN_710000b980		d	a	0		undefined FUN_710000b980(void)
710000b9cc	104	__parse_pattern_character<char_const*>	std::regex	a	a	0		byte * __parse_pattern_character<char_const*>(regex * this, byte * param_1, byte * param_2)
710000ba34	68	~__match_any_but_newline	std::__match_any_but_newline<char>	a	a	0		undefined ~__match_any_but_newline(__match_any_but_newline<char> * this)
710000ba78	460	__parse_character_class_escape<char_const*>	std::regex	a	a	0		undefined1 * __parse_character_class_escape<char_const*>(regex * this, undefined1 * param_1, undefined1 * param_2)
710000bc6c	780	__parse_character_escape<char_const*>	std::regex	a	a	0		byte * __parse_character_escape<char_const*>(regex * this, byte * param_1, byte * param_2, string * param_3)
710000bf78	256	__push_char	std::regex	a	a	0		undefined __push_char(regex * this, undefined4 param_1)
710000c0c0	76	FUN_710000c0c0		d	a	0		undefined FUN_710000c0c0(void)
710000c10c	204	__push_back_ref	std::regex	a	a	0		undefined __push_back_ref(regex * this, undefined4 param_1)
710000c1d8	92	~__match_char_icase	std::__match_char_icase<char,std::regex_traits<char>>	a	a	0		undefined ~__match_char_icase(__match_char_icase<char,std::regex_traits<char>> * this)
710000c234	88	~__match_char_icase	std::__match_char_icase<char,std::regex_traits<char>>	a	a	0		undefined ~__match_char_icase(__match_char_icase<char,std::regex_traits<char>> * this)
710000c28c	128	__exec	std::__match_char_icase<char,std::regex_traits<char>>	a	a	0		undefined __exec(__match_char_icase<char,std::regex_traits<char>> * this, undefined4 * param_1)
710000c30c	92	~__match_char_collate	std::__match_char_collate<char,std::regex_traits<char>>	a	a	0		undefined ~__match_char_collate(__match_char_collate<char,std::regex_traits<char>> * this)
710000c368	88	~__match_char_collate	std::__match_char_collate<char,std::regex_traits<char>>	a	a	0		undefined ~__match_char_collate(__match_char_collate<char,std::regex_traits<char>> * this)
710000c3c0	72	__exec	std::__match_char_collate<char,std::regex_traits<char>>	a	a	0		undefined __exec(__match_char_collate<char,std::regex_traits<char>> * this, undefined4 * param_1)
710000c408	40	~__owns_one_state	std::__owns_one_state<char>	a	a	0		undefined ~__owns_one_state(__owns_one_state<char> * this)
710000c430	68	~__match_char	std::__match_char<char>	a	a	0		undefined ~__match_char(__match_char<char> * this)
710000c474	72	__exec	std::__match_char<char>	a	a	0		undefined __exec(__match_char<char> * this, undefined4 * param_1)
710000c4bc	92	~__back_ref_icase	std::__back_ref_icase<char,std::regex_traits<char>>	a	a	0		undefined ~__back_ref_icase(__back_ref_icase<char,std::regex_traits<char>> * this)
710000c518	88	~__back_ref_icase	std::__back_ref_icase<char,std::regex_traits<char>>	a	a	0		undefined ~__back_ref_icase(__back_ref_icase<char,std::regex_traits<char>> * this)
710000c570	248	__exec	std::__back_ref_icase<char,std::regex_traits<char>>	a	a	0		undefined __exec(__back_ref_icase<char,std::regex_traits<char>> * this, undefined4 * param_1)
710000c668	92	~__back_ref_collate	std::__back_ref_collate<char,std::regex_traits<char>>	a	a	0		undefined ~__back_ref_collate(__back_ref_collate<char,std::regex_traits<char>> * this)
710000c6c4	88	~__back_ref_collate	std::__back_ref_collate<char,std::regex_traits<char>>	a	a	0		undefined ~__back_ref_collate(__back_ref_collate<char,std::regex_traits<char>> * this)
710000c720	156	__exec	std::__back_ref_collate<char,std::regex_traits<char>>	a	a	0		undefined __exec(__back_ref_collate<char,std::regex_traits<char>> * this, undefined4 * param_1)
710000c7bc	68	~__back_ref	std::__back_ref<char>	a	a	0		undefined ~__back_ref(__back_ref<char> * this)
710000c800	200	__exec	std::__back_ref<char>	a	a	0		undefined __exec(__back_ref<char> * this, undefined4 * param_1)
710000c8d0	856	FUN_710000c8d0		d	a	0		undefined1 * FUN_710000c8d0(undefined1 * param_1, uint param_2, long param_3, undefined1 param_4, undefined1 param_5, undefined1 param_6)
710000cc28	292	FUN_710000cc28		d	a	0		undefined FUN_710000cc28(long * param_1, locale * param_2, long param_3, undefined1 param_4, undefined1 param_5, undefined1 param_6)
710000cf20	340	~__bracket_expression	std::__bracket_expression<char,std::regex_traits<char>>	a	a	0		undefined ~__bracket_expression(__bracket_expression<char,std::regex_traits<char>> * this)
710000d078	36	~__bracket_expression	std::__bracket_expression<char,std::regex_traits<char>>	a	a	0		undefined ~__bracket_expression(__bracket_expression<char,std::regex_traits<char>> * this)
710000d0a0	2536	__exec	std::__bracket_expression<char,std::regex_traits<char>>	a	a	0		undefined __exec(__bracket_expression<char,std::regex_traits<char>> * this, undefined4 * param_1)
710000daac	68	~pair	std::pair<std::string,std::string>	a	a	0		undefined ~pair(pair<std::string,std::string> * this)
710000daf0	288	transform<char*>	std::regex_traits<char>	a	a	0		string transform<char*>(undefined8 param_1_00, long param_2, void * param_3, void * param_4)
710000dc10	536	__lookup_collatename<char*>	std::regex_traits<char>	a	a	0		string __lookup_collatename<char*>(string * param_1_00, regex_traits<char> * this, void * param_3, void * param_4)
710000de34	388	__transform_primary<char*>	std::regex_traits<char>	a	a	0		string __transform_primary<char*>(byte * param_1_00, regex_traits<char> * this, void * param_3, void * param_4)
710000dfb8	20	FUN_710000dfb8		d	a	0		undefined FUN_710000dfb8(void)
710000dfd0	76	FUN_710000dfd0		d	a	0		undefined FUN_710000dfd0(void)
710000e020	1344	__parse_expression_term<char_const*>	std::regex	a	a	0		byte * __parse_expression_term<char_const*>(regex * this, byte * param_1, byte * param_2, byte * param_3, byte * param_4, undefined1 param_5)
710000e580	568	__parse_equivalence_class<char_const*>	std::regex	a	a	0		char * __parse_equivalence_class<char_const*>(regex * this, char * param_1, char * param_2, undefined1 * param_3, undefined1 param_4, undefined1 param_5)
710000e7d0	224	__parse_collating_symbol<char_const*>	std::regex	a	a	0		byte * __parse_collating_symbol<char_const*>(regex_traits<char> * param_1, byte * param_2, byte * param_3, string * param_4, undefined8 param_5, undefined1 param_6)
710000e8b0	336	__parse_class_escape<char_const*>	std::regex	a	a	0		byte * __parse_class_escape<char_const*>(regex * this, byte * param_1, byte * param_2, string * param_3, undefined1 * param_4, undefined1 param_5)
710000ea00	524	__parse_awk_escape<char_const*>	std::regex	a	a	0		byte * __parse_awk_escape<char_const*>(regex * this, byte * param_1, byte * param_2, string * param_3)
710000ec10	1036	FUN_710000ec10		d	a	0		undefined FUN_710000ec10(long param_1, ulong * param_2, ulong * param_3)
710000f060	660	FUN_710000f060		d	a	0		undefined FUN_710000f060(long param_1, undefined4 param_2, int param_3)
710000f300	76	FUN_710000f300		d	a	0		undefined FUN_710000f300(void)
710000f34c	536	__lookup_collatename<char_const*>	std::regex_traits<char>	a	a	0		string __lookup_collatename<char_const*>(string * param_1_00, regex_traits<char> * this, void * param_3, void * param_4)
710000f570	460	__transform_primary<std::__wrap_iter<char*>>	std::regex_traits<char>	a	a	0		string __transform_primary<std::__wrap_iter<char*>>(byte * param_1, regex_traits<char> * this, undefined1 * param_3, undefined1 * param_4)
710000f740	384	__push_back_slow_path<std::string_const&>	std::vector<std::string,std::allocator<std::string>>	a	a	0		void __push_back_slow_path<std::string_const&>(vector<std::string,std::allocator<std::string>> * this, string * param_1)
710000f8e0	104	FUN_710000f8e0		d	a	0		undefined FUN_710000f8e0(undefined8 * param_1)
710000f948	20	FUN_710000f948		d	a	0		undefined FUN_710000f948(void)
710000f960	76	FUN_710000f960		d	a	0		undefined FUN_710000f960(void)
710000f9ac	316	__lookup_classname<char_const*>	std::regex_traits<char>	a	a	0		undefined4 __lookup_classname<char_const*>(long param_1, void * param_2, void * param_3, byte param_4)
710000faf0	860	FUN_710000faf0		d	a	0		undefined1 * FUN_710000faf0(undefined1 * param_1, undefined4 param_2)
710000fe50	360	transform<std::__wrap_iter<char*>>	std::regex_traits<char>	a	a	0		string transform<std::__wrap_iter<char*>>(undefined8 param_1, long param_2, undefined1 * param_3, undefined1 * param_4)
710000ffc0	76	FUN_710000ffc0		d	a	0		undefined FUN_710000ffc0(void)
7100010010	424	__push_back_slow_path<std::pair<std::string,std::string>>	std::vector<std::pair<std::string,std::string>,std::allocator<std::pair<std::string,std::string>>>	a	a	0		void __push_back_slow_path<std::pair<std::string,std::string>>(vector<std::pair<std::string,std::string>,std::allocator<std::pair<std::string,std::string>>> * this, undefined8 * param_1)
71000101b8	20	FUN_71000101b8		d	a	0		undefined FUN_71000101b8(void)
71000101cc	20	FUN_71000101cc		d	a	0		undefined FUN_71000101cc(void)
71000101e0	68	~__begin_marked_subexpression	std::__begin_marked_subexpression<char>	a	a	0		undefined ~__begin_marked_subexpression(__begin_marked_subexpression<char> * this)
7100010224	48	__exec	std::__begin_marked_subexpression<char>	a	a	0		undefined __exec(__begin_marked_subexpression<char> * this, undefined4 * param_1)
7100010254	68	~__end_marked_subexpression	std::__end_marked_subexpression<char>	a	a	0		undefined ~__end_marked_subexpression(__end_marked_subexpression<char> * this)
7100010298	72	__exec	std::__end_marked_subexpression<char>	a	a	0		undefined __exec(__end_marked_subexpression<char> * this, undefined4 * param_1)
71000102e0	228	FUN_71000102e0		d	a	0		undefined FUN_71000102e0(long param_1, long param_2, long param_3, undefined4 param_4, undefined4 param_5)
7100010438	232	FUN_7100010438		d	a	0		undefined FUN_7100010438(long param_1, long param_2, long param_3, undefined4 param_4, undefined4 param_5)
7100010594	244	__push_loop	std::regex	a	a	0		undefined __push_loop(regex * this, long param_1, long param_2, long param_3, undefined4 param_4, undefined4 param_6_00, byte param_6)
71000106c0	76	FUN_71000106c0		d	a	0		undefined FUN_71000106c0(void)
7100010710	76	FUN_7100010710		d	a	0		undefined FUN_7100010710(void)
710001075c	108	~__owns_two_states	std::__owns_two_states<char>	a	a	0		undefined ~__owns_two_states(__owns_two_states<char> * this)
71000107c8	104	~__loop	std::__loop<char>	a	a	0		undefined ~__loop(__loop<char> * this)
7100010830	408	__exec	std::__loop<char>	a	a	0		undefined __exec(__loop<char> * this, int * param_1)
71000109d0	156	__exec_split	std::__loop<char>	a	a	0		undefined __exec_split(__loop<char> * this, byte param_1, undefined4 * param_2)
7100010a6c	104	~__owns_two_states	std::__owns_two_states<char>	a	a	0		undefined ~__owns_two_states(__owns_two_states<char> * this)
7100010ad4	4	~__repeat_one_loop	std::__repeat_one_loop<char>	a	a	0		undefined ~__repeat_one_loop(__repeat_one_loop<char> * this)
7100010ad8	20	__exec	std::__repeat_one_loop<char>	a	a	0		undefined __exec(__repeat_one_loop<char> * this, undefined4 * param_1)
7100010aec	104	~__alternate	std::__alternate<char>	a	a	0		undefined ~__alternate(__alternate<char> * this)
7100010b54	12	__exec	std::__alternate<char>	a	a	0		undefined __exec(undefined8 param_1_00, undefined4 * param_2)
7100010b60	36	__exec_split	std::__alternate<char>	a	a	0		undefined __exec_split(__alternate<char> * this, uint param_2_00, undefined4 * param_2)
7100010b84	4	~__empty_non_own_state	std::__empty_non_own_state<char>	a	a	0		undefined ~__empty_non_own_state(__empty_non_own_state<char> * this)
7100010b88	20	__exec	std::__empty_non_own_state<char>	a	a	0		undefined __exec(__empty_non_own_state<char> * this, undefined4 * param_1)
7100010ba0	76	FUN_7100010ba0		d	a	0		undefined FUN_7100010ba0(void)
7100010bf0	552	__parse_nondupl_RE<char_const*>	std::regex	a	a	0		byte * __parse_nondupl_RE<char_const*>(regex * this, byte * param_1, byte * param_2)
7100010e20	920	__parse_RE_dupl_symbol<char_const*>	std::regex	a	a	0		byte * __parse_RE_dupl_symbol<char_const*>(regex * this, byte * param_1, byte * param_2, long param_3, undefined4 param_4, undefined4 param_5)
71000111e4	312	__parse_one_char_or_coll_elem_RE<char_const*>	std::regex	a	a	0		byte * __parse_one_char_or_coll_elem_RE<char_const*>(regex * this, byte * param_1, byte * param_2)
710001131c	68	~__match_any	std::__match_any<char>	a	a	0		undefined ~__match_any(__match_any<char> * this)
7100011360	64	__exec	std::__match_any<char>	a	a	0		undefined __exec(__match_any<char> * this, undefined4 * param_1)
71000113a0	96	__test_back_ref	std::regex	a	a	0		byte * __test_back_ref(regex * param_1, uint param_2, byte * param_3)
7100011400	620	__parse_ERE_expression<char_const*>	std::regex	a	a	0		__loop<char> * __parse_ERE_expression<char_const*>(regex * this, __loop<char> * param_1, __loop<char> * param_2)
710001166c	116	__parse_ORD_CHAR_ERE<char_const*>	std::regex	a	a	0		byte * __parse_ORD_CHAR_ERE<char_const*>(regex * this, byte * param_1, byte * param_2)
71000116e0	188	__parse_QUOTED_CHAR_ERE<char_const*>	std::regex	a	a	0		byte * __parse_QUOTED_CHAR_ERE<char_const*>(regex * this, byte * param_1, byte * param_2)
710001179c	412	append	std::basic_string<char,std::char_traits<char>,bex::HeapModule::Allocator_string<char>>	a	a	0		basic_string<char,std::char_traits<char>,bex::HeapModule::Allocator_string<char>> * append(basic_string<char,std::char_traits<char>,bex::HeapModule::Allocator_string<char>> * this, void * param_1, ulong param_2)
7100011940	80	FUN_7100011940		d	a	0		undefined FUN_7100011940(void)
7100011990	1108	GameMgr	mg0117::GameMgr	a	a	0		undefined GameMgr(GameMgr * this)
7100011df0	6536	~GameMgr	mg0117::GameMgr	a	a	0		undefined ~GameMgr(GameMgr * this)
7100013778	36	~GameMgr	mg0117::GameMgr	a	a	0		undefined ~GameMgr(GameMgr * this)
71000137a0	24	Update	mg0117::GameMgr	a	a	0		undefined Update(void)
71000137b8	4	SetupGame_Mgr	mg0117::GameMgr	a	a	0		undefined SetupGame_Mgr(void)
71000137c0	41820	SyncedSetupGame_Mgr	mg0117::GameMgr	a	d	0		undefined SyncedSetupGame_Mgr()
710001dba0	6100	CsvLabel<std::basic_string<char,std::char_traits<char>,bex::HeapModule::Allocator_string<char>>>	wl::CsvLabel	a	a	0		undefined CsvLabel<std::basic_string<char,std::char_traits<char>,bex::HeapModule::Allocator_string<char>>>(CsvLabel * this, ulong * param_1)
710001f520	176	CreateTexture	wl::mg	a	a	0		undefined CreateTexture(undefined8 * param_1, mg * this)
710001f600	412	format<int>	wl	a	a	0		char * format<int>(long * param_1_00, wl * this, uint * param_3)
710001f7a0	468	AddComponent<bq::ComMatter,char_const*,(void*)0>	nn::bezel::Entity	a	a	0		WeakHandle AddComponent<bq::ComMatter,char_const*,(void*)0>(long * param_1_00, HandlePtr * param_2, undefined8 * param_3)
710001f97c	1248	HandleRotSetDEG	mg0117::GameMgr	a	a	0		undefined HandleRotSetDEG(float param_1, GameMgr * this, int param_3, uint param_4)
710001fe60	468	AddComponent<bq::ComMatter,bq::NonPlayerCharacterID,(void*)0>	nn::bezel::Entity	a	a	0		WeakHandle AddComponent<bq::ComMatter,bq::NonPlayerCharacterID,(void*)0>(long * param_1_00, HandlePtr * param_2, undefined4 * param_3)
7100020040	304	AnimationName	actor::MotionArg	a	a	0		MotionArg * AnimationName(MotionArg * this, long param_1)
7100020170	108	CreateCamera	mg0117::GameMgr	a	a	0		undefined CreateCamera(GameMgr * this)
71000201dc	8	InitCamera	mg0117::GameMgr	a	a	0		undefined InitCamera(void)
71000201e4	156	CreateCountUpTimer	mg0117::GameMgr	a	a	0		undefined CreateCountUpTimer(GameMgr * this)
7100020280	64	InitCountUpTimer	mg0117::GameMgr	a	a	0		undefined InitCountUpTimer(GameMgr * this)
71000202c0	168	CreateStatus	mg0117::GameMgr	a	a	0		undefined CreateStatus(GameMgr * this)
7100020368	4	InitStatus	mg0117::GameMgr	a	a	0		undefined InitStatus(void)
710002036c	108	CreatePlayers	mg0117::GameMgr	a	a	0		undefined CreatePlayers(GameMgr * this)
71000203e0	2680	InitPlayers	mg0117::GameMgr	a	a	0		undefined InitPlayers(GameMgr * this)
7100020e70	344	SetPlayerGoalTimeVisibilityStatus	mg0117::GameMgr	a	a	0		undefined SetPlayerGoalTimeVisibilityStatus(GameMgr * this, int param_1, uint param_2)
7100020fd0	4	CleanupGame_Mgr	mg0117::GameMgr	a	a	0		undefined CleanupGame_Mgr(void)
7100020fd4	1432	OnGameInit_Mgr	mg0117::GameMgr	a	a	0		undefined8 OnGameInit_Mgr(GameMgr * this)
7100021570	732	HookCraftModel	mg0117::GameMgr	a	a	0		undefined HookCraftModel(GameMgr * this, int param_1, long * param_2)
710002184c	24	OnGameInstInit_Mgr	mg0117::GameMgr	a	a	0		undefined8 OnGameInstInit_Mgr(GameMgr * this)
7100021870	1844	OnGameOpeningSkip_Mgr	mg0117::GameMgr	a	a	0		undefined8 OnGameOpeningSkip_Mgr(GameMgr * this)
7100021fac	8	OnGameFirstFade_Mgr	mg0117::GameMgr	a	a	0		undefined8 OnGameFirstFade_Mgr(void)
7100021fb4	2360	OnGameOpening_Mgr	mg0117::GameMgr	a	a	0		undefined4 OnGameOpening_Mgr(GameMgr * this)
71000228f0	284	GetComCamera	mg0117::CameraMgr	a	a	0		undefined GetComCamera(long * param_1, long * param_2)
7100022a20	844	NpcMotionExec	mg0117::GameMgr	a	a	0		undefined NpcMotionExec(GameMgr * this)
7100022d7c	64	OnGameStartBefore_Mgr	mg0117::GameMgr	a	a	0		undefined8 OnGameStartBefore_Mgr(GameMgr * this)
7100022dbc	56	DispCountUpTimer	mg0117::GameMgr	a	a	0		undefined DispCountUpTimer(GameMgr * this)
7100022df4	4	DispStatus	mg0117::GameMgr	a	a	0		undefined DispStatus(void)
7100022df8	316	OnGameStart_Mgr	mg0117::GameMgr	a	a	0		undefined8 OnGameStart_Mgr(GameMgr * this)
7100022f34	456	OnGameStartAfter_Mgr	mg0117::GameMgr	a	a	0		undefined8 OnGameStartAfter_Mgr(GameMgr * this)
71000230fc	12	GameStartCountUpTimer	mg0117::GameMgr	a	a	0		undefined GameStartCountUpTimer(GameMgr * this)
7100023108	1016	OnGameMain_Mgr	mg0117::GameMgr	a	a	0		bool OnGameMain_Mgr(GameMgr * this)
7100023510	720	GameStepExec	mg0117::GameMgr	a	a	0		undefined GameStepExec(GameMgr * this)
71000237e0	1160	ScoreUp	mg0117::GameMgr	a	a	0		GameMgr * ScoreUp(GameMgr * this, int param_1)
7100023c68	8	GetCountUpTimerSec	mg0117::GameMgr	a	a	0		undefined GetCountUpTimerSec(void)
7100023c70	392	SetGoalTimeStatus	mg0117::GameMgr	a	a	0		undefined SetGoalTimeStatus(undefined4 param_1, GameMgr * this, int param_3)
7100023e04	8	GameStopCountUpTimer	mg0117::GameMgr	a	a	0		undefined GameStopCountUpTimer(void)
7100023e10	2832	InitIllumiCastle	mg0117::GameMgr	a	a	0		GameMgr * InitIllumiCastle(GameMgr * this)
7100024930	1764	FireWorkExec	mg0117::GameMgr	a	a	0		bool FireWorkExec(GameMgr * this)
7100025030	556	HandleAutoHoseExec	mg0117::GameMgr	a	a	0		undefined HandleAutoHoseExec(GameMgr * this)
7100025260	44	firework_se_set	mg0117::GameMgr	a	a	0		undefined firework_se_set(undefined4 param_1, undefined4 param_2, undefined4 param_3, uint param_4, GameMgr * this, int param_6)
710002528c	112	firework_se_exec	mg0117::GameMgr	a	a	0		undefined firework_se_exec(float param_1, GameMgr * this, int param_3)
71000252fc	196	CalcPlayerRank	mg0117::GameMgr	a	a	0		undefined CalcPlayerRank(GameMgr * this, int param_1)
71000253c0	80	ChangeRankStatus	mg0117::GameMgr	a	a	0		undefined ChangeRankStatus(GameMgr * this, int param_1, undefined4 param_2)
7100025414	60	OnGameEnd_Mgr	mg0117::GameMgr	a	a	0		undefined8 OnGameEnd_Mgr(GameMgr * this)
7100025450	1548	OnGameFinish_Mgr	mg0117::GameMgr	a	a	0		bool OnGameFinish_Mgr(GameMgr * param_1)
7100025a70	2124	OnEndingInit_Mgr	mg0117::GameMgr	a	a	0		undefined8 OnEndingInit_Mgr(GameMgr * this, long * param_1)
71000262d0	236	~SceneResult_Builder	wl::SceneResult_Builder	a	a	0		undefined ~SceneResult_Builder(SceneResult_Builder * this)
71000263c4	268	OnEndingInit_Setup_Mgr	mg0117::GameMgr	a	a	0		undefined OnEndingInit_Setup_Mgr(GameMgr * this)
71000264d4	4	DispOffStatus	mg0117::GameMgr	a	a	0		undefined DispOffStatus(void)
71000264d8	12	DisappearGameCountUpTimer	mg0117::GameMgr	a	a	0		undefined DisappearGameCountUpTimer(GameMgr * this)
71000264f0	468	AddComponent<bq::ComUiCountUpTimer,,(void*)0>	nn::bezel::Entity	a	a	0		WeakHandle AddComponent<bq::ComUiCountUpTimer,,(void*)0>(long * param_1, HandlePtr * param_2)
71000266d0	468	AddComponent<bq::ComUiStatus,bq::ComUiStatus::UiStatusType,bq::ComUiStatus::UiStatusMatchType,bq::ComUiStatus::UiStatusPlaceType,(void*)0>	nn::bezel::Entity	a	a	0		WeakHandle AddComponent<bq::ComUiStatus,bq::ComUiStatus::UiStatusType,bq::ComUiStatus::UiStatusMatchType,bq::ComUiStatus::UiStatusPlaceType,(void*)0>(long * param_1_00, HandlePtr * param_2, undefined4 * param_3, undefined4 * param_4, undefined4 * param_5)
71000268ac	128	PlayClankSE	mg0117::GameMgr	a	a	0		undefined PlayClankSE(GameMgr * this, int param_1)
710002692c	188	ComHandleRot	mg0117::GameMgr	a	a	0		undefined ComHandleRot(GameMgr * this, int param_1)
71000269e8	400	DebugLeverHandleRot	mg0117::GameMgr	a	a	0		undefined DebugLeverHandleRot(GameMgr * this, int param_1)
7100026b78	1060	HandleRot4	mg0117::GameMgr	a	a	0		undefined HandleRot4(GameMgr * this, int param_1)
7100026fa0	2700	HandleRot_Q_Anime	mg0117::GameMgr	a	a	0		undefined HandleRot_Q_Anime(GameMgr * this, int param_1)
7100027a34	20	HandleRotSet	mg0117::GameMgr	a	a	0		undefined HandleRotSet(GameMgr * this, int param_1)
7100027a48	1184	HandleSetScaleDEMO	mg0117::GameMgr	a	a	0		undefined HandleSetScaleDEMO(GameMgr * this, int param_1)
7100027ee8	104	StopClankSE	mg0117::GameMgr	a	a	0		undefined StopClankSE(GameMgr * this, int param_1)
7100027f50	4	getInstanceTypeinfo	bex::Fiber	a	a	0		undefined getInstanceTypeinfo(void)
7100027f54	4	StartUpdate	bex::Fiber	a	a	0		undefined StartUpdate(void)
7100027f58	44	Destroy	bex::Fiber	a	a	0		undefined Destroy(Fiber * this)
7100027f84	244	At<double>	wl::CsvLabel	a	a	0		undefined1[16] At<double>(CsvLabel * this, byte * param_2, int param_3)
7100028080	316	find<std::basic_string<char,std::char_traits<char>,bex::HeapModule::Allocator_string<char>>>	std::__tree<std::__value_type<std::basic_string<char,std::char_traits<char>,bex::HeapModule::Allocator_string<char>>,wl::CsvLabel::_V>,std::__map_value_compare<std::basic_string<char,std::char_traits<char>,bex::HeapModule::Allocator_string<char>>,std::__value_type<std::basic_string<char,std::char_traits<char>,bex::HeapModule::Allocator_string<char>>,wl::CsvLabel::_V>,std::less<std::basic_string<char,std::char_traits<char>,bex::HeapModule::Allocator_string<char>>>,true>,bex::HeapModule::Allocator_map<std::__value_type<std::basic_string<char,std::char_traits<char>,bex::HeapModule::Allocator_string<char>>,wl::CsvLabel::_V>>>	a	a	0		__tree<std::__value_type<std::basic_string<char,std::char_traits<char>,bex::HeapModule::Allocator_string<char>>,wl::CsvLabel::_V>,std::__map_value_compare<std::basic_string<char,std::char_traits<char>,bex::HeapModule::Allocator_string<char>>,std::__value_type<std::basic_string<char,std::char_traits<char>,bex::HeapModule::Allocator_string<char>>,wl::CsvLabel::_V>,std::less<std::basic_string<char,std::char_traits<char>,bex::HeapModule::Allocator_string<char>>>,true>,bex::HeapModule::Allocator_map<std::__value_type<std::basic_string<char,std::char_traits<char>,bex::HeapModule::Allocator_string<char>>,wl::CsvLabel::_V>>> * find<std::basic_string<char,std::char_traits<char>,bex::HeapModule::Allocator_string<char>>>(__tree<std::__value_type<std::basic_string<char,std::char_traits<char>,bex::HeapModule::Allocator_string<char>>,wl::CsvLabel::_V>,std::__map_value_compare<std::basic_string<char,std::char_traits<char>,bex::HeapModule::Allocator_string<char>>,std::__value_type<std::basic_string<char,std::char_traits<char>,bex::HeapModule::Allocator_string<char>>,wl::CsvLabel::_V>,std::less<std::basic_string<char,std::char_traits<char>,bex::HeapModule::Allocator_string<char>>>,true>,bex::HeapModule::Allocator_map<std::__value_type<std::basic_string<char,std::char_traits<char>,bex::HeapModule::Allocator_string<char>>,wl::CsvLabel::_V>>> * this, byte * param_1)
71000281d0	24	FUN_71000281d0		d	a	0		undefined FUN_71000281d0(void)
71000281f0	80	FUN_71000281f0		d	a	0		undefined FUN_71000281f0(char * param_1)
7100028240	48	FUN_7100028240		d	a	0		undefined FUN_7100028240(logic_error * param_1, char * param_2)
7100028270	104	operator()	wl::mg::CreateTexture(std::basic_string<char,std::char_traits<char>,bex::HeapModule::Allocator_string<char>>const&)::{lambda(auto:1*)#1}	a	a	0		auto operator()(undefined8 param_1_00, long * param_2)
71000282d8	36	~__shared_ptr_pointer	std::__shared_ptr_pointer<nn::bezel::HandlePtr<nn::bezel::Texture>*,wl::mg::CreateTexture(std::basic_string<char,std::char_traits<char>,bex::HeapModule::Allocator_string<char>>const&)::{lambda(auto:1*)#1},std::allocator<nn::bezel::HandlePtr<nn::bezel::Texture>>>	a	a	0		undefined ~__shared_ptr_pointer(__shared_ptr_pointer<nn::bezel::HandlePtr<nn::bezel::Texture>*,wl::mg::CreateTexture(std::basic_string<char,std::char_traits<char>,bex::HeapModule::Allocator_string<char>>const&)::{lambda(auto:1*)#1},std::allocator<nn::bezel::HandlePtr<nn::bezel::Texture>>> * this)
7100028300	104	__on_zero_shared	std::__shared_ptr_pointer<nn::bezel::HandlePtr<nn::bezel::Texture>*,wl::mg::CreateTexture(std::basic_string<char,std::char_traits<char>,bex::HeapModule::Allocator_string<char>>const&)::{lambda(auto:1*)#1},std::allocator<nn::bezel::HandlePtr<nn::bezel::Texture>>>	a	a	0		undefined __on_zero_shared(__shared_ptr_pointer<nn::bezel::HandlePtr<nn::bezel::Texture>*,wl::mg::CreateTexture(std::basic_string<char,std::char_traits<char>,bex::HeapModule::Allocator_string<char>>const&)::{lambda(auto:1*)#1},std::allocator<nn::bezel::HandlePtr<nn::bezel::Texture>>> * this)
7100028368	4	__on_zero_shared_weak	std::__shared_ptr_pointer<nn::bezel::HandlePtr<nn::bezel::Texture>*,wl::mg::CreateTexture(std::basic_string<char,std::char_traits<char>,bex::HeapModule::Allocator_string<char>>const&)::{lambda(auto:1*)#1},std::allocator<nn::bezel::HandlePtr<nn::bezel::Texture>>>	a	a	0		undefined __on_zero_shared_weak(__shared_ptr_pointer<nn::bezel::HandlePtr<nn::bezel::Texture>*,wl::mg::CreateTexture(std::basic_string<char,std::char_traits<char>,bex::HeapModule::Allocator_string<char>>const&)::{lambda(auto:1*)#1},std::allocator<nn::bezel::HandlePtr<nn::bezel::Texture>>> * this)
7100028370	164	destroy	std::__tree<std::__value_type<std::basic_string<char,std::char_traits<char>,bex::HeapModule::Allocator_string<char>>,wl::CsvLabel::_V>,std::__map_value_compare<std::basic_string<char,std::char_traits<char>,bex::HeapModule::Allocator_string<char>>,std::__value_type<std::basic_string<char,std::char_traits<char>,bex::HeapModule::Allocator_string<char>>,wl::CsvLabel::_V>,std::less<std::basic_string<char,std::char_traits<char>,bex::HeapModule::Allocator_string<char>>>,true>,bex::HeapModule::Allocator_map<std::__value_type<std::basic_string<char,std::char_traits<char>,bex::HeapModule::Allocator_string<char>>,wl::CsvLabel::_V>>>	a	a	0		undefined destroy(__tree<std::__value_type<std::basic_string<char,std::char_traits<char>,bex::HeapModule::Allocator_string<char>>,wl::CsvLabel::_V>,std::__map_value_compare<std::basic_string<char,std::char_traits<char>,bex::HeapModule::Allocator_string<char>>,std::__value_type<std::basic_string<char,std::char_traits<char>,bex::HeapModule::Allocator_string<char>>,wl::CsvLabel::_V>,std::less<std::basic_string<char,std::char_traits<char>,bex::HeapModule::Allocator_string<char>>>,true>,bex::HeapModule::Allocator_map<std::__value_type<std::basic_string<char,std::char_traits<char>,bex::HeapModule::Allocator_string<char>>,wl::CsvLabel::_V>>> * this, undefined8 * param_1)
7100028420	228	~SceneResult_Builder	wl::SceneResult_Builder	a	a	0		undefined ~SceneResult_Builder(SceneResult_Builder * this)
710002850c	20	FUN_710002850c		d	a	0		undefined FUN_710002850c(void)
7100028520	252	Csv	wl::Csv	a	a	0		undefined Csv(Csv * this, ulong * param_1)
710002861c	184	FUN_710002861c		d	a	0		undefined FUN_710002861c(void)
71000286d4	20	FUN_71000286d4		d	a	0		undefined FUN_71000286d4(void)
71000286e8	388	SafeCreate<bq::ComMatter,nn::bezel::HandlePtr<nn::bezel::Entity>const&,char_const*>	bex::ComponentUtil	a	a	0		WeakHandle SafeCreate<bq::ComMatter,nn::bezel::HandlePtr<nn::bezel::Entity>const&,char_const*>(long * param_1_00, ComponentUtil * this, undefined8 * param_3)
710002887c	368	SafeCreate<bq::ComMatter,nn::bezel::HandlePtr<nn::bezel::Entity>const&,bq::NonPlayerCharacterID>	bex::ComponentUtil	a	a	0		WeakHandle SafeCreate<bq::ComMatter,nn::bezel::HandlePtr<nn::bezel::Entity>const&,bq::NonPlayerCharacterID>(long * param_1_00, ComponentUtil * this, undefined4 * param_3)
71000289fc	32	IsDerivedFrom	nn::bezel::detail::StaticTypeDesc<nn::bezel::ComModel,false,nn::bezel::Component>	a	a	0		bool IsDerivedFrom(undefined * param_1)
7100028a1c	12	GetBaseTypeDesc	nn::bezel::detail::StaticTypeDesc<nn::bezel::ComModel,false,nn::bezel::Component>	a	a	0		undefined * GetBaseTypeDesc(void)
7100028a28	20	GetNextBaseTypeDesc	nn::bezel::detail::StaticTypeDesc<nn::bezel::ComModel,false,nn::bezel::Component>	a	a	0		undefined * GetNextBaseTypeDesc(long param_1)
7100028a3c	8	CastTo	nn::bezel::detail::StaticTypeDesc<nn::bezel::ComModel,false,nn::bezel::Component>	a	a	0		undefined8 CastTo(undefined8 param_1, undefined8 param_2)
7100028a44	8	CastToConst	nn::bezel::detail::StaticTypeDesc<nn::bezel::ComModel,false,nn::bezel::Component>	a	a	0		undefined8 CastToConst(undefined8 param_1, undefined8 param_2)
7100028a4c	32	IsDerivedFrom	nn::bezel::detail::StaticTypeDesc<nn::bezel::ComPhysicalAnimation,false,nn::bezel::Component>	a	a	0		bool IsDerivedFrom(undefined * param_1)
7100028a6c	12	GetBaseTypeDesc	nn::bezel::detail::StaticTypeDesc<nn::bezel::ComPhysicalAnimation,false,nn::bezel::Component>	a	a	0		undefined * GetBaseTypeDesc(void)
7100028a78	20	GetNextBaseTypeDesc	nn::bezel::detail::StaticTypeDesc<nn::bezel::ComPhysicalAnimation,false,nn::bezel::Component>	a	a	0		undefined * GetNextBaseTypeDesc(long param_1)
7100028a8c	8	CastTo	nn::bezel::detail::StaticTypeDesc<nn::bezel::ComPhysicalAnimation,false,nn::bezel::Component>	a	a	0		undefined8 CastTo(undefined8 param_1, undefined8 param_2)
7100028a94	8	CastToConst	nn::bezel::detail::StaticTypeDesc<nn::bezel::ComPhysicalAnimation,false,nn::bezel::Component>	a	a	0		undefined8 CastToConst(undefined8 param_1, undefined8 param_2)
7100028a9c	360	SafeCreate<bq::ComUiCountUpTimer,nn::bezel::HandlePtr<nn::bezel::Entity>const&>	bex::ComponentUtil	a	a	0		WeakHandle SafeCreate<bq::ComUiCountUpTimer,nn::bezel::HandlePtr<nn::bezel::Entity>const&>(long * param_1, ComponentUtil * this)
7100028c14	32	IsDerivedFrom	nn::bezel::detail::StaticTypeDesc<bq::ComUiCountUpTimer,false,nn::bezel::Component>	a	a	0		bool IsDerivedFrom(undefined * param_1)
7100028c34	12	GetBaseTypeDesc	nn::bezel::detail::StaticTypeDesc<bq::ComUiCountUpTimer,false,nn::bezel::Component>	a	a	0		undefined * GetBaseTypeDesc(void)
7100028c40	20	GetNextBaseTypeDesc	nn::bezel::detail::StaticTypeDesc<bq::ComUiCountUpTimer,false,nn::bezel::Component>	a	a	0		undefined * GetNextBaseTypeDesc(long param_1)
7100028c54	8	CastTo	nn::bezel::detail::StaticTypeDesc<bq::ComUiCountUpTimer,false,nn::bezel::Component>	a	a	0		undefined8 CastTo(undefined8 param_1, undefined8 param_2)
7100028c5c	8	CastToConst	nn::bezel::detail::StaticTypeDesc<bq::ComUiCountUpTimer,false,nn::bezel::Component>	a	a	0		undefined8 CastToConst(undefined8 param_1, undefined8 param_2)
7100028c64	384	SafeCreate<bq::ComUiStatus,nn::bezel::HandlePtr<nn::bezel::Entity>const&,bq::ComUiStatus::UiStatusType,bq::ComUiStatus::UiStatusMatchType,bq::ComUiStatus::UiStatusPlaceType>	bex::ComponentUtil	a	a	0		WeakHandle SafeCreate<bq::ComUiStatus,nn::bezel::HandlePtr<nn::bezel::Entity>const&,bq::ComUiStatus::UiStatusType,bq::ComUiStatus::UiStatusMatchType,bq::ComUiStatus::UiStatusPlaceType>(long * param_1_00, ComponentUtil * this, undefined4 * param_3, undefined4 * param_4, undefined4 * param_5)
7100028df4	32	IsDerivedFrom	nn::bezel::detail::StaticTypeDesc<bq::ComUiStatus,false,nn::bezel::Component>	a	a	0		bool IsDerivedFrom(undefined * param_1)
7100028e14	12	GetBaseTypeDesc	nn::bezel::detail::StaticTypeDesc<bq::ComUiStatus,false,nn::bezel::Component>	a	a	0		undefined * GetBaseTypeDesc(void)
7100028e20	20	GetNextBaseTypeDesc	nn::bezel::detail::StaticTypeDesc<bq::ComUiStatus,false,nn::bezel::Component>	a	a	0		undefined * GetNextBaseTypeDesc(long param_1)
7100028e34	8	CastTo	nn::bezel::detail::StaticTypeDesc<bq::ComUiStatus,false,nn::bezel::Component>	a	a	0		undefined8 CastTo(undefined8 param_1, undefined8 param_2)
7100028e3c	8	CastToConst	nn::bezel::detail::StaticTypeDesc<bq::ComUiStatus,false,nn::bezel::Component>	a	a	0		undefined8 CastToConst(undefined8 param_1, undefined8 param_2)
7100028e50	88	FUN_7100028e50		d	a	0		undefined FUN_7100028e50(void)
7100028eb0	3788	Players	mg0117::Players	a	a	0		undefined Players(Players * this)
7100029dc0	468	AddComponent<bq::ComMatter,bex::PlayerID&,bq::MatterType,(void*)0>	nn::bezel::Entity	a	a	0		WeakHandle AddComponent<bq::ComMatter,bex::PlayerID&,bq::MatterType,(void*)0>(long * param_1_00, HandlePtr * param_2, undefined4 * param_3, undefined4 * param_4)
7100029f9c	80	GetCharaID	mg0117::Players	a	a	0		undefined GetCharaID(Players * this, int param_1)
7100029fec	92	SetControl	mg0117::Players	a	a	0		undefined SetControl(Players * this, int param_1, byte param_2)
710002a048	88	SetInputControl	mg0117::Players	a	a	0		undefined SetInputControl(long param_1, int param_2)
710002a0a0	428	CharacterAction0117CrankReady	mg0117::Players	a	a	0		undefined8 CharacterAction0117CrankReady(undefined8 * param_1)
710002a24c	320	CharacterAction0117CrankIdle	mg0117::Players	a	a	0		undefined8 CharacterAction0117CrankIdle(undefined8 * param_1)
710002a390	636	CharacterAction0117Bye	mg0117::Players	a	a	0		undefined8 CharacterAction0117Bye(undefined8 * param_1)
710002a614	380	CharacterAction0117Applause	mg0117::Players	a	a	0		undefined8 CharacterAction0117Applause(undefined8 * param_1)
710002a790	580	CharacterAction0117Envy	mg0117::Players	a	a	0		undefined8 CharacterAction0117Envy(undefined8 * param_1)
710002a9e0	2680	CharacterAction0117Turn	mg0117::Players	a	a	0		undefined8 CharacterAction0117Turn(undefined8 * param_1)
710002b470	1568	CharacterAction0117WaitIdle	mg0117::Players	a	a	0		undefined8 CharacterAction0117WaitIdle(undefined8 * param_1)
710002ba98	92	IsCom	mg0117::Players	a	a	0		bool IsCom(Players * this, int param_1)
710002bb00	468	AddComponent<wl::ComponentJoyConRotationCheck,,(void*)0>	nn::bezel::Entity	a	a	0		WeakHandle AddComponent<wl::ComponentJoyConRotationCheck,,(void*)0>(long * param_1, HandlePtr * param_2)
710002bce0	340	~Players	mg0117::Players	a	a	0		undefined ~Players(Players * this)
710002be34	8	InitParam	mg0117::Players	a	a	0		undefined InitParam(Players * this, undefined8 param_1)
710002be3c	4	Update	mg0117::Players	a	a	0		undefined Update(void)
710002be40	28	GetEntity	mg0117::Players	a	a	0		undefined GetEntity(undefined8 * param_1, long param_2, int param_3)
710002be5c	80	GetPlayerID	mg0117::Players	a	a	0		undefined GetPlayerID(Players * this, int param_1)
710002beac	80	GetComLv	mg0117::Players	a	a	0		undefined GetComLv(Players * this, int param_1)
710002befc	80	GetOrderNo	mg0117::Players	a	a	0		undefined GetOrderNo(Players * this, int param_1)
710002bf4c	100	GetColorNo	mg0117::Players	a	a	0		uint GetColorNo(Players * this, int param_1)
710002bfb0	324	GetActor	mg0117::Players	a	a	0		undefined GetActor(long * param_1, long param_2, int param_3)
710002c100	324	GetComHeading	mg0117::Players	a	a	0		undefined GetComHeading(long * param_1, long param_2, int param_3)
710002c24c	84	SetHeadLookPos	mg0117::Players	a	a	0		undefined SetHeadLookPos(undefined8 param_1, long param_2, int param_3)
710002c2a0	72	ClearHeadLookPos	mg0117::Players	a	a	0		undefined ClearHeadLookPos(long param_1, int param_2)
710002c2f0	324	SetDisp	mg0117::Players	a	a	0		undefined SetDisp(long param_1, int param_2)
710002c43c	88	GetPad	mg0117::Players	a	a	0		undefined GetPad(long param_1, int param_2)
710002c494	120	GetPadAcc	mg0117::Players	a	a	0		undefined GetPadAcc(Players * this, int param_1)
710002c50c	120	GetPadGyro	mg0117::Players	a	a	0		undefined GetPadGyro(Players * this, int param_1)
710002c590	420	GetJoyConRotationCheck	mg0117::Players	a	a	0		undefined GetJoyConRotationCheck(long * param_1, long * param_2, int param_3)
710002c73c	228	JoyConRotationCheck_IsRotation	mg0117::Players	a	a	0		uint JoyConRotationCheck_IsRotation(Players * this, int param_1)
710002c820	328	JoyConRotationCheck_GetRotationTrigger	mg0117::Players	a	a	0		bool JoyConRotationCheck_GetRotationTrigger(Players * this, int param_1)
710002c968	180	JoyConRotationCheck_GetRotateDegree	mg0117::Players	a	a	0		undefined1[16] JoyConRotationCheck_GetRotateDegree(Players * this, int param_2)
710002ca20	696	JoyConRotationCheck_GetRotateDegreeChange	mg0117::Players	a	a	0		undefined1 JoyConRotationCheck_GetRotateDegreeChange(Players * this, int param_1)
710002ccd8	80	GetPos	mg0117::Players	a	a	0		undefined1[16] GetPos(long param_1, int param_2)
710002cd28	84	SetPos	mg0117::Players	a	a	0		undefined SetPos(undefined8 param_1, long param_2, int param_3)
710002cd80	388	SetTransformMtxPosZ	mg0117::Players	a	a	0		undefined SetTransformMtxPosZ(long param_1, int param_2)
710002cf0c	432	SetRotY	mg0117::Players	a	a	0		undefined SetRotY(float param_1, long param_2_00, int param_3)
710002d0c0	976	SetRotMtY	mg0117::Players	a	a	0		undefined SetRotMtY(float param_1, Players * this, int param_3)
710002d498	96	CallActionIdle	mg0117::Players	a	a	0		undefined CallActionIdle(long param_1, int param_2)
710002d4f8	84	CallActionCrankIdle	mg0117::Players	a	a	0		undefined CallActionCrankIdle(long param_1, int param_2)
710002d54c	84	CallActionCrankReady	mg0117::Players	a	a	0		undefined CallActionCrankReady(long param_1, int param_2)
710002d5a0	84	CallActionBye	mg0117::Players	a	a	0		undefined CallActionBye(long param_1, int param_2)
710002d5f4	84	CallActionApplause	mg0117::Players	a	a	0		undefined CallActionApplause(long param_1, int param_2)
710002d648	84	CallActionEnvy	mg0117::Players	a	a	0		undefined CallActionEnvy(long param_1, int param_2)
710002d69c	84	CallActionTurn	mg0117::Players	a	a	0		undefined CallActionTurn(long param_1, int param_2)
710002d6f0	84	CallActionWaitIdle	mg0117::Players	a	a	0		undefined CallActionWaitIdle(long param_1, int param_2)
710002d750	1928	PlayerHandRotSetDEG	mg0117::Players	a	a	0		undefined PlayerHandRotSetDEG(float param_1, Players * this, int param_3)
710002dee0	384	SafeCreate<bq::ComMatter,nn::bezel::HandlePtr<nn::bezel::Entity>const&,bex::PlayerID&,bq::MatterType>	bex::ComponentUtil	a	a	0		WeakHandle SafeCreate<bq::ComMatter,nn::bezel::HandlePtr<nn::bezel::Entity>const&,bex::PlayerID&,bq::MatterType>(long * param_1_00, ComponentUtil * this, undefined4 * param_3, undefined4 * param_4)
710002e070	32	IsDerivedFrom	nn::bezel::detail::StaticTypeDesc<bex::ComHeading,false,nn::bezel::Component>	a	a	0		bool IsDerivedFrom(undefined * param_1)
710002e090	12	GetBaseTypeDesc	nn::bezel::detail::StaticTypeDesc<bex::ComHeading,false,nn::bezel::Component>	a	a	0		undefined * GetBaseTypeDesc(void)
710002e09c	20	GetNextBaseTypeDesc	nn::bezel::detail::StaticTypeDesc<bex::ComHeading,false,nn::bezel::Component>	a	a	0		undefined * GetNextBaseTypeDesc(long param_1)
710002e0b0	8	CastTo	nn::bezel::detail::StaticTypeDesc<bex::ComHeading,false,nn::bezel::Component>	a	a	0		undefined8 CastTo(undefined8 param_1, undefined8 param_2)
710002e0b8	8	CastToConst	nn::bezel::detail::StaticTypeDesc<bex::ComHeading,false,nn::bezel::Component>	a	a	0		undefined8 CastToConst(undefined8 param_1, undefined8 param_2)
710002e0c4	4	~__func	std::__function::__func<actor::ActionStatus(*)(actor::ActionContext_const&)noexcept,std::allocator<actor::ActionStatus(*)(actor::ActionContext_const&)noexcept>,actor::ActionStatus(actor::ActionContext_const&)>	a	a	0		undefined ~__func(__func<actor::ActionStatus(*)(actor::ActionContext_const&)noexcept,std::allocator<actor::ActionStatus(*)(actor::ActionContext_const&)noexcept>,actor::ActionStatus(actor::ActionContext_const&)> * this)
710002e0c8	56	__clone	std::__function::__func<actor::ActionStatus(*)(actor::ActionContext_const&)noexcept,std::allocator<actor::ActionStatus(*)(actor::ActionContext_const&)noexcept>,actor::ActionStatus(actor::ActionContext_const&)>	a	a	0		undefined __clone(__func<actor::ActionStatus(*)(actor::ActionContext_const&)noexcept,std::allocator<actor::ActionStatus(*)(actor::ActionContext_const&)noexcept>,actor::ActionStatus(actor::ActionContext_const&)> * this)
710002e100	28	__clone	std::__function::__func<actor::ActionStatus(*)(actor::ActionContext_const&)noexcept,std::allocator<actor::ActionStatus(*)(actor::ActionContext_const&)noexcept>,actor::ActionStatus(actor::ActionContext_const&)>	a	a	0		undefined __clone(__func<actor::ActionStatus(*)(actor::ActionContext_const&)noexcept,std::allocator<actor::ActionStatus(*)(actor::ActionContext_const&)noexcept>,actor::ActionStatus(actor::ActionContext_const&)> * this, long * param_1)
710002e11c	4	destroy	std::__function::__func<actor::ActionStatus(*)(actor::ActionContext_const&)noexcept,std::allocator<actor::ActionStatus(*)(actor::ActionContext_const&)noexcept>,actor::ActionStatus(actor::ActionContext_const&)>	a	a	0		undefined destroy(void)
710002e120	4	destroy_deallocate	std::__function::__func<actor::ActionStatus(*)(actor::ActionContext_const&)noexcept,std::allocator<actor::ActionStatus(*)(actor::ActionContext_const&)noexcept>,actor::ActionStatus(actor::ActionContext_const&)>	a	a	0		undefined destroy_deallocate(__func<actor::ActionStatus(*)(actor::ActionContext_const&)noexcept,std::allocator<actor::ActionStatus(*)(actor::ActionContext_const&)noexcept>,actor::ActionStatus(actor::ActionContext_const&)> * this)
710002e124	12	operator()	std::__function::__func<actor::ActionStatus(*)(actor::ActionContext_const&)noexcept,std::allocator<actor::ActionStatus(*)(actor::ActionContext_const&)noexcept>,actor::ActionStatus(actor::ActionContext_const&)>	a	a	0		undefined operator()(__func<actor::ActionStatus(*)(actor::ActionContext_const&)noexcept,std::allocator<actor::ActionStatus(*)(actor::ActionContext_const&)noexcept>,actor::ActionStatus(actor::ActionContext_const&)> * this, undefined8 param_1)
710002e130	32	IsDerivedFrom	nn::bezel::detail::StaticTypeDesc<actor::ComActorCollision,false,nn::bezel::Component>	a	a	0		bool IsDerivedFrom(undefined * param_1)
710002e150	12	GetBaseTypeDesc	nn::bezel::detail::StaticTypeDesc<actor::ComActorCollision,false,nn::bezel::Component>	a	a	0		undefined * GetBaseTypeDesc(void)
710002e15c	20	GetNextBaseTypeDesc	nn::bezel::detail::StaticTypeDesc<actor::ComActorCollision,false,nn::bezel::Component>	a	a	0		undefined * GetNextBaseTypeDesc(long param_1)
710002e170	8	CastTo	nn::bezel::detail::StaticTypeDesc<actor::ComActorCollision,false,nn::bezel::Component>	a	a	0		undefined8 CastTo(undefined8 param_1, undefined8 param_2)
710002e178	8	CastToConst	nn::bezel::detail::StaticTypeDesc<actor::ComActorCollision,false,nn::bezel::Component>	a	a	0		undefined8 CastToConst(undefined8 param_1, undefined8 param_2)
710002e180	360	SafeCreate<wl::ComponentJoyConRotationCheck,nn::bezel::HandlePtr<nn::bezel::Entity>const&>	bex::ComponentUtil	a	a	0		WeakHandle SafeCreate<wl::ComponentJoyConRotationCheck,nn::bezel::HandlePtr<nn::bezel::Entity>const&>(long * param_1, ComponentUtil * this)
710002e2f8	32	IsDerivedFrom	nn::bezel::detail::StaticTypeDesc<wl::ComponentJoyConRotationCheck,false,nn::bezel::Component>	a	a	0		bool IsDerivedFrom(undefined * param_1)
710002e318	12	GetBaseTypeDesc	nn::bezel::detail::StaticTypeDesc<wl::ComponentJoyConRotationCheck,false,nn::bezel::Component>	a	a	0		undefined * GetBaseTypeDesc(void)
710002e324	20	GetNextBaseTypeDesc	nn::bezel::detail::StaticTypeDesc<wl::ComponentJoyConRotationCheck,false,nn::bezel::Component>	a	a	0		undefined * GetNextBaseTypeDesc(long param_1)
710002e338	8	CastTo	nn::bezel::detail::StaticTypeDesc<wl::ComponentJoyConRotationCheck,false,nn::bezel::Component>	a	a	0		undefined8 CastTo(undefined8 param_1, undefined8 param_2)
710002e340	8	CastToConst	nn::bezel::detail::StaticTypeDesc<wl::ComponentJoyConRotationCheck,false,nn::bezel::Component>	a	a	0		undefined8 CastToConst(undefined8 param_1, undefined8 param_2)
710002e348	32	IsDerivedFrom	nn::bezel::detail::StaticTypeDesc<actor::ComActor,false,nn::bezel::Component>	a	a	0		bool IsDerivedFrom(undefined * param_1)
710002e368	12	GetBaseTypeDesc	nn::bezel::detail::StaticTypeDesc<actor::ComActor,false,nn::bezel::Component>	a	a	0		undefined * GetBaseTypeDesc(void)
710002e374	20	GetNextBaseTypeDesc	nn::bezel::detail::StaticTypeDesc<actor::ComActor,false,nn::bezel::Component>	a	a	0		undefined * GetNextBaseTypeDesc(long param_1)
710002e388	8	CastTo	nn::bezel::detail::StaticTypeDesc<actor::ComActor,false,nn::bezel::Component>	a	a	0		undefined8 CastTo(undefined8 param_1, undefined8 param_2)
710002e390	8	CastToConst	nn::bezel::detail::StaticTypeDesc<actor::ComActor,false,nn::bezel::Component>	a	a	0		undefined8 CastToConst(undefined8 param_1, undefined8 param_2)
710002e398	220	getStaticTypeinfo	mg0117::Scene::Params	a	a	0		undefined * getStaticTypeinfo(void)
710002e474	428	getPropertyList	mg0117::Scene::Params	a	a	0		undefined * getPropertyList(void)
710002e620	116	createInstance	mg0117::Scene::Params	a	a	0		undefined createInstance(void)
710002e694	20	deleteInstance	mg0117::Scene::Params	a	a	0		undefined deleteInstance(long * param_1)
710002e6a8	4	checkGuiProperty	rtti::Class	a	a	0		undefined checkGuiProperty(void * param_1, Property * param_2, PropertyList * param_3)
710002e6ac	4	createGuiProperty	rtti::Class	a	a	0		undefined createGuiProperty(void * param_1, Property * param_2, Typeinfo * param_3, uint param_4)
710002e6b0	68	DummySymbolLink	mg0117::Scene	a	a	0		undefined DummySymbolLink(ulong param_1)
710002e6f8	220	getStaticTypeinfo	mg0117::Scene	a	a	0		undefined * getStaticTypeinfo(void)
710002e7d4	96	getPropertyList	mg0117::Scene	a	a	0		undefined8 getPropertyList(void)
710002e834	44	createInstance	mg0117::Scene	a	a	0		Scene * createInstance(void)
710002e860	44	deleteInstance	mg0117::Scene	a	a	0		undefined deleteInstance(Scene * param_1)
710002e88c	120	Scene	mg0117::Scene	a	a	0		undefined Scene(Scene * this)
710002e904	84	~Scene	mg0117::Scene	a	a	0		undefined ~Scene(Scene * this)
710002e958	36	~Scene	mg0117::Scene	a	a	0		undefined ~Scene(Scene * this)
710002e97c	116	SetupGameImpl	mg0117::Scene	a	a	0		undefined SetupGameImpl(Scene * this)
710002e9f0	56	SyncedSetupGameImpl	mg0117::Scene	a	a	0		undefined SyncedSetupGameImpl(Scene * this)
710002ea2c	72	CleanupGameImpl	mg0117::Scene	a	a	0		undefined CleanupGameImpl(Scene * this)
710002ea74	8	OnGameInitImpl	mg0117::Scene	a	a	0		undefined OnGameInitImpl(Scene * this)
710002ea7c	8	OnGameInstInitImpl	mg0117::Scene	a	a	0		undefined OnGameInstInitImpl(Scene * this)
710002ea84	8	OnGameFirstFadeImpl	mg0117::Scene	a	a	0		undefined OnGameFirstFadeImpl(void)
710002ea8c	8	OnGameOpeningImpl	mg0117::Scene	a	a	0		undefined4 OnGameOpeningImpl(Scene * this)
710002ea94	8	OnGameOpeningSkipImpl	mg0117::Scene	a	a	0		undefined OnGameOpeningSkipImpl(Scene * this)
710002ea9c	8	OnGameStartBeforeImpl	mg0117::Scene	a	a	0		undefined OnGameStartBeforeImpl(Scene * this)
710002eaa4	8	OnGameStartImpl	mg0117::Scene	a	a	0		undefined OnGameStartImpl(Scene * this)
710002eaac	8	OnGameStartAfterImpl	mg0117::Scene	a	a	0		undefined OnGameStartAfterImpl(Scene * this)
710002eab4	8	OnGameMainImpl	mg0117::Scene	a	a	0		bool OnGameMainImpl(Scene * this)
710002eabc	8	OnGameEndImpl	mg0117::Scene	a	a	0		undefined OnGameEndImpl(Scene * this)
710002eac4	8	OnGameFinishImpl	mg0117::Scene	a	a	0		bool OnGameFinishImpl(long param_1)
710002eacc	56	OnEndingInitImpl	mg0117::Scene	a	a	0		uint OnEndingInitImpl(Scene * this, long * param_1)
710002eb04	8	OnEndingInit_SetupImpl	mg0117::Scene	a	a	0		undefined OnEndingInit_SetupImpl(Scene * this)
710002eb0c	220	getInstanceTypeinfo	mg0117::Scene	a	a	0		undefined * getInstanceTypeinfo(void)
710002ebe8	16	GetSymbol	mg0117::Scene	a	a	0		undefined8 GetSymbol(void)
710002ebf8	8	GetTickElapsed	bex::SceneBase	a	a	0		undefined8 GetTickElapsed(void)
710002ec00	28	GetHandle	bex::SceneBase	a	a	0		undefined GetHandle(undefined8 * param_1, long param_2)
710002ec1c	4	OnCleanupProcessing	bex::GameScene	a	a	0		undefined OnCleanupProcessing(void)
710002ec20	4	OnSyncEnd	bex::NetworkGameScene	a	a	0		undefined OnSyncEnd(void)
710002ec24	4	OnGameSequenceBefore	bq::MinigameScene	a	a	0		undefined OnGameSequenceBefore(void)
710002ec28	4	OnGameSequenceAfter	bq::MinigameScene	a	a	0		undefined OnGameSequenceAfter(void)
710002ec2c	8	OnGameFinishAfter	bq::MinigameScene	a	a	0		undefined8 OnGameFinishAfter(void)
710002ec34	4	OnThreeMinTimerEndImpl	wl::IMinigameScene	a	a	0		undefined OnThreeMinTimerEndImpl(void)
710002ec38	8	OnCharaGameDemoStartImpl	wl::IMinigameScene	a	a	0		undefined8 OnCharaGameDemoStartImpl(void)
710002ec40	8	OnCharaGameDemoImpl	wl::IMinigameScene	a	a	0		undefined8 OnCharaGameDemoImpl(void)
710002ec48	4	OnCharaGameDemoSkipStartImpl	wl::IMinigameScene	a	a	0		undefined OnCharaGameDemoSkipStartImpl(void)
710002ec4c	4	OnCharaGameDemoSkipEndImpl	wl::IMinigameScene	a	a	0		undefined OnCharaGameDemoSkipEndImpl(void)
710002ec50	8	OnCharaGameDemoEndImpl	wl::IMinigameScene	a	a	0		undefined8 OnCharaGameDemoEndImpl(void)
710002ec58	8	OnGameStartTelopBeforeImpl	wl::IMinigameScene	a	a	0		undefined8 OnGameStartTelopBeforeImpl(void)
710002ec60	8	OnGameEndingFadeImpl	wl::IMinigameScene	a	a	0		undefined8 OnGameEndingFadeImpl(void)
710002ec68	8	OnGameEndingChangeCutImpl	wl::IMinigameScene	a	a	0		undefined8 OnGameEndingChangeCutImpl(void)
710002ec70	8	OnGameEndingBeforeImpl	wl::IMinigameScene	a	a	0		undefined8 OnGameEndingBeforeImpl(void)
710002ec78	8	OnGameEndingImpl	wl::IMinigameScene	a	a	0		undefined8 OnGameEndingImpl(void)
710002ec80	8	OnGameEndingAfterImpl	wl::IMinigameScene	a	a	0		undefined8 OnGameEndingAfterImpl(void)
710002ec88	8	OnGameEndingSkipImpl	wl::IMinigameScene	a	a	0		undefined8 OnGameEndingSkipImpl(void)
710002ec90	8	OnGameLastFadeImpl	wl::IMinigameScene	a	a	0		undefined8 OnGameLastFadeImpl(void)
710002ec98	8	OnGameExitImpl	wl::IMinigameScene	a	a	0		undefined8 OnGameExitImpl(void)
710002eca0	4	Notify	wl::IMinigameScene	a	a	0		undefined Notify(void)
710002eca4	4	~Params	mg0117::Scene::Params	a	a	0		undefined ~Params(Params * this)
710002eca8	220	getInstanceTypeinfo	mg0117::Scene::Params	a	a	0		undefined * getInstanceTypeinfo(void)
710002ed84	16	GetSymbol	mg0117::Scene::Params	a	a	0		undefined8 GetSymbol(void)
710002ed94	4	~Class	rtti::Class	a	a	0		undefined ~Class(void)
710002ed98	64	destroy	std::__tree<std::__value_type<wl::eSceneEventID,int>,std::__map_value_compare<wl::eSceneEventID,std::__value_type<wl::eSceneEventID,int>,std::less<wl::eSceneEventID>,true>,bex::HeapModule::Allocator_map<std::__value_type<wl::eSceneEventID,int>>>	a	a	0		undefined destroy(__tree<std::__value_type<wl::eSceneEventID,int>,std::__map_value_compare<wl::eSceneEventID,std::__value_type<wl::eSceneEventID,int>,std::less<wl::eSceneEventID>,true>,bex::HeapModule::Allocator_map<std::__value_type<wl::eSceneEventID,int>>> * this, undefined8 * param_1)
710002ede0	912	FUN_710002ede0		d	a	0		undefined FUN_710002ede0(void)
710002f170	16	SetMinigameScene	mg0117	a	a	0		undefined SetMinigameScene(undefined8 param_1)
710002f180	16	GetMinigameScene	mg0117	a	a	0		undefined8 GetMinigameScene(void)
710002f190	16	SetMinigameScenemg0117	mg0117	a	a	0		undefined SetMinigameScenemg0117(undefined8 param_1)
710002f1a0	16	GetMinigameScenemg0117	mg0117	a	a	0		undefined8 GetMinigameScenemg0117(void)
710002f1b0	372	Util_SetMaterialTexture	mg0117	a	a	0		undefined Util_SetMaterialTexture(long * param_1, char * param_2, char * param_3, undefined8 * param_4)
710002f330	332	Util_FxPlayEntity	mg0117	a	a	0		uint Util_FxPlayEntity(long * param_1, char * param_2)
710002f490	332	Util_FxStopEntity	mg0117	a	a	0		uint Util_FxStopEntity(long * param_1, char * param_2)
710002f5f0	592	Util_HookModelEntity	mg0117	a	a	0		undefined Util_HookModelEntity(long * param_1, long * param_2, char * param_3)
710002f850	480	AddComponent<nn::bezel::ComAttachment,,(void*)0>	nn::bezel::Entity	a	a	0		WeakHandle AddComponent<nn::bezel::ComAttachment,,(void*)0>(long * param_1, HandlePtr * param_2)
710002fa40	72	Util_RemoveHookModelEntity	mg0117	a	a	0		undefined Util_RemoveHookModelEntity(undefined8 * param_1)
710002fa90	336	Util_GetBoneWorldPosEntity	mg0117	a	a	0		undefined1[16] Util_GetBoneWorldPosEntity(long * param_1, char * param_2)
710002fbf0	412	Util_MotionPlayEntity	mg0117	a	a	0		undefined Util_MotionPlayEntity(long * param_1, char * param_2)
710002fda0	512	Util_MotionPlayEntityForce	mg0117	a	a	0		undefined Util_MotionPlayEntityForce(long * param_1, byte * param_2)
710002ffb0	532	Util_MotionPlayToffSpdEntityForce	mg0117	a	a	0		undefined Util_MotionPlayToffSpdEntityForce(undefined4 param_1, long * param_2, byte * param_3)
71000301d0	500	Util_MotionPlaySub1Entity	mg0117	a	a	0		undefined Util_MotionPlaySub1Entity(long * param_1, char * param_2)
71000303d0	348	Util_SetBoneMatrixEntity	mg0117	a	a	0		undefined Util_SetBoneMatrixEntity(long * param_1, char * param_2)
7100030540	276	Util_ModelSetVisibleEntity	mg0117	a	a	0		undefined Util_ModelSetVisibleEntity(long * param_1)
7100030660	332	Util_ModelSetBoneVisibleEntity	mg0117	a	a	0		undefined Util_ModelSetBoneVisibleEntity(long * param_1, char * param_2)
71000307c0	392	Util_NpcModelSetColor	mg0117	a	a	0		undefined Util_NpcModelSetColor(long * param_1)
7100030960	400	Util_ModelSetEmissiveColorEntity	mg0117	a	a	0		undefined Util_ModelSetEmissiveColorEntity(long * param_1, char * param_2)
7100030b00	364	Util_ModelSetEmissiveColorScaleEntity	mg0117	a	a	0		undefined Util_ModelSetEmissiveColorScaleEntity(float param_1, long * param_2, char * param_3)
7100030c80	372	Util_ModelSetTranslateVEntity	mg0117	a	a	0		undefined Util_ModelSetTranslateVEntity(long * param_1, char * param_2)
7100030e00	24	Util_SetEnableEntity	mg0117	a	a	0		undefined Util_SetEnableEntity(long * param_1, uint param_2)
7100030e20	52	Util_lerp	mg0117	a	a	0		float Util_lerp(float param_1, float param_2, float param_3, float param_4, float param_5)
7100030e54	32	IsDerivedFrom	nn::bezel::detail::StaticTypeDesc<bex::ComFxTrigger,false,nn::bezel::Component>	a	a	0		bool IsDerivedFrom(undefined * param_1)
7100030e74	12	GetBaseTypeDesc	nn::bezel::detail::StaticTypeDesc<bex::ComFxTrigger,false,nn::bezel::Component>	a	a	0		undefined * GetBaseTypeDesc(void)
7100030e80	20	GetNextBaseTypeDesc	nn::bezel::detail::StaticTypeDesc<bex::ComFxTrigger,false,nn::bezel::Component>	a	a	0		undefined * GetNextBaseTypeDesc(long param_1)
7100030e94	8	CastTo	nn::bezel::detail::StaticTypeDesc<bex::ComFxTrigger,false,nn::bezel::Component>	a	a	0		undefined8 CastTo(undefined8 param_1, undefined8 param_2)
7100030e9c	8	CastToConst	nn::bezel::detail::StaticTypeDesc<bex::ComFxTrigger,false,nn::bezel::Component>	a	a	0		undefined8 CastToConst(undefined8 param_1, undefined8 param_2)
7100030ea4	32	IsDerivedFrom	nn::bezel::detail::StaticTypeDesc<nn::bezel::ComAttachment,false,nn::bezel::Component>	a	a	0		bool IsDerivedFrom(undefined * param_1)
7100030ec4	12	GetBaseTypeDesc	nn::bezel::detail::StaticTypeDesc<nn::bezel::ComAttachment,false,nn::bezel::Component>	a	a	0		undefined * GetBaseTypeDesc(void)
7100030ed0	20	GetNextBaseTypeDesc	nn::bezel::detail::StaticTypeDesc<nn::bezel::ComAttachment,false,nn::bezel::Component>	a	a	0		undefined * GetNextBaseTypeDesc(long param_1)
7100030ee4	8	CastTo	nn::bezel::detail::StaticTypeDesc<nn::bezel::ComAttachment,false,nn::bezel::Component>	a	a	0		undefined8 CastTo(undefined8 param_1, undefined8 param_2)
7100030eec	8	CastToConst	nn::bezel::detail::StaticTypeDesc<nn::bezel::ComAttachment,false,nn::bezel::Component>	a	a	0		undefined8 CastToConst(undefined8 param_1, undefined8 param_2)
7100030f00	8	RegisterGeneratedBindCodes_mg0117	nn::bezel::detail::autogen	a	a	0		undefined8 RegisterGeneratedBindCodes_mg0117(void)
7100030f10	16	SuppressDeadStrip_mg0117	nn::bezel::detail::autogen	a	a	0		undefined4 SuppressDeadStrip_mg0117(void)
7100030f20	8	RegisterGeneratedBindCodes_sharedPCH	nn::bezel::detail::autogen	a	a	0		undefined8 RegisterGeneratedBindCodes_sharedPCH(void)
7100030f30	16	SuppressDeadStrip_sharedPCH	nn::bezel::detail::autogen	a	a	0		undefined4 SuppressDeadStrip_sharedPCH(void)
7100030f40	20	FUN_7100030f40		d	a	0		undefined FUN_7100030f40(void)
7100030f60	16	__nnmusl_init_dso		i	d	1		undefined __nnmusl_init_dso()
7100030f70	16	ProtectRelro	<EXTERNAL>::nn::ro	d	a	1		undefined ProtectRelro(void * param_1, void * param_2, void * param_3, void * param_4, void * param_5)
7100030f80	16	__nnmusl_fini_dso		i	d	1		undefined __nnmusl_fini_dso()
7100030f90	16	__cxa_guard_acquire		i	d	1		undefined __cxa_guard_acquire()
7100030fa0	16	__cxa_guard_release		i	d	1		undefined __cxa_guard_release()
7100030fb0	16	Create	mg0117::CameraMgr	d	a	1		undefined Create(CameraMgr * this)
7100030fc0	16	GetMinigameScene	mg0117	d	a	1		undefined8 GetMinigameScene(void)
7100030fd0	16	CreateSceneEntity	<EXTERNAL>::bq::SceneBase	d	a	1		undefined CreateSceneEntity(basic_string_view * param_1)
7100030fe0	16	AddComponent<bq::ComMatter,bq::MatterType,(void*)0>	nn::bezel::Entity	d	a	1		WeakHandle AddComponent<bq::ComMatter,bq::MatterType,(void*)0>(long * param_1_00, HandlePtr * param_2, undefined4 * param_3)
7100030ff0	16	GetCurrentGfxSceneType	<EXTERNAL>::bex::Scene	d	a	1		undefined GetCurrentGfxSceneType(void)
7100031000	16	GetScene	<EXTERNAL>::bex::gfx::RendererModule	d	a	1		undefined GetScene(SceneType param_1)
7100031010	16	GetGraphicsLayer	<EXTERNAL>::bex::gfx::Scene	d	a	1		undefined GetGraphicsLayer(int param_1)
7100031020	16	GetCamera	<EXTERNAL>::nn::bezel::ComCamera	d	a	1		undefined GetCamera(void)
7100031030	16	SetCamera	<EXTERNAL>::nn::bezel::GraphicsLayer	d	a	1		undefined SetCamera(WeakHandle * param_1)
7100031040	16	AbortImpl	<EXTERNAL>::nn::diag::detail	d	a	1		undefined AbortImpl(void)
7100031050	16	File<>	wl::mg	d	a	1		basic_string File<>(ulong * param_1_00, byte * param_2)
7100031060	16	strlen		i	i	1		size_t strlen(char * __s)
7100031070	16	AddAnimation	<EXTERNAL>::actor::ComActorMotion	d	a	1		undefined AddAnimation(StringViewHashPair * param_1, basic_string_view * param_2, bool param_3, AnimatinType param_4, bool param_5, bool param_6)
7100031080	16	Free	<EXTERNAL>::bex::HeapModule	d	a	1		undefined Free(void * param_1)
7100031090	16	Play	<EXTERNAL>::actor::ComActorMotion	d	a	1		undefined Play(StringViewHashPair * param_1)
71000310a0	16	SafeCreate<bq::ComMatter,nn::bezel::HandlePtr<nn::bezel::Entity>const&,bq::MatterType>	bex::ComponentUtil	d	a	1		WeakHandle SafeCreate<bq::ComMatter,nn::bezel::HandlePtr<nn::bezel::Entity>const&,bq::MatterType>(long * param_1_00, ComponentUtil * this, undefined4 * param_3)
71000310b0	16	_internalCheckComponentValidity	<EXTERNAL>::nn::bezel::Entity	d	a	1		undefined _internalCheckComponentValidity(HandlePtr * param_1)
71000310c0	16	AddComponentImpl	<EXTERNAL>::nn::bezel::Entity	d	a	1		undefined AddComponentImpl(HandlePtr * param_1)
71000310d0	16	append	std::basic_string<char,std::char_traits<char>,bex::HeapModule::Allocator_string<char>>	d	a	1		basic_string<char,std::char_traits<char>,bex::HeapModule::Allocator_string<char>> * append(basic_string<char,std::char_traits<char>,bex::HeapModule::Allocator_string<char>> * this, void * param_1, ulong param_2)
71000310e0	16	Replace<>	wl::mg	d	a	1		basic_string.conflict Replace<>(ulong * param_1, mg * this)
71000310f0	16	__cxa_begin_catch		i	d	1		undefined __cxa_begin_catch()
7100031100	16	terminate	<EXTERNAL>::std	d	a	1		undefined terminate(void)
7100031110	16	InitParam	mg0117::CameraMgr	d	a	1		undefined InitParam(void)
7100031120	16	SetCameraRotation	mg0117::CameraMgr	d	a	1		undefined SetCameraRotation(undefined8 * param_1)
7100031130	16	SetRotation	<EXTERNAL>::nn::bezel::Entity	d	a	1		undefined SetRotation(Quaternion * param_1)
7100031140	16	SetCameraTranslation	mg0117::CameraMgr	d	a	1		undefined SetCameraTranslation(undefined8 * param_1)
7100031150	16	SetTranslation	<EXTERNAL>::nn::bezel::Entity	d	a	1		undefined SetTranslation(Vector3f * param_1)
7100031160	16	GetComAnimator	<EXTERNAL>::actor::ComActorMotion	d	a	1		undefined GetComAnimator(void)
7100031170	16	StopAll	<EXTERNAL>::nn::bezel::ComAnimator	d	a	1		undefined StopAll(void)
7100031180	16	SetCameraAnimeFrame	mg0117::CameraMgr	d	a	1		undefined SetCameraAnimeFrame(float param_1, CameraMgr * this)
7100031190	16	SetFrame	<EXTERNAL>::actor::ComActorMotion	d	a	1		undefined SetFrame(float param_1)
71000311a0	16	GetCameraAnimeFrame	mg0117::CameraMgr	d	a	1		undefined1[16] GetCameraAnimeFrame(CameraMgr * this)
71000311b0	16	GetFrame	<EXTERNAL>::actor::ComActorMotion	d	a	1		undefined GetFrame(void)
71000311c0	16	GetCameraAnimeFrameMax	mg0117::CameraMgr	d	a	1		undefined1[16] GetCameraAnimeFrameMax(CameraMgr * this)
71000311d0	16	GetFrameMax	<EXTERNAL>::actor::ComActorMotion	d	a	1		undefined GetFrameMax(void)
71000311e0	16	PlayCameraAnime	mg0117::CameraMgr	d	a	1		undefined PlayCameraAnime(CameraMgr * this, char * param_1)
71000311f0	16	IsFinished	<EXTERNAL>::actor::ComActorMotion	d	a	1		undefined IsFinished(void)
7100031200	16	SetCameraAnimeSpeed	mg0117::CameraMgr	d	a	1		undefined8 SetCameraAnimeSpeed(float param_1, CameraMgr * this)
7100031210	16	SetSpeed	<EXTERNAL>::actor::ComActorMotion	d	a	1		undefined SetSpeed(float param_1)
7100031220	16	__cxa_allocate_exception		i	d	1		undefined __cxa_allocate_exception()
7100031230	16	__cxa_throw		i	d	1		undefined __cxa_throw()
7100031240	16	__cxa_free_exception		i	d	1		undefined __cxa_free_exception()
7100031250	16	_Unwind_Resume		i	d	1		undefined _Unwind_Resume()
7100031260	16	logic_error	<EXTERNAL>::std::logic_error	d	a	1		undefined logic_error(logic_error * this, char * param_1)
7100031270	16	operator.new	<EXTERNAL>	d	a	1		void * operator.new(ulong param_1, ulong param_2, HeapID param_3)
7100031280	16	ComMatter	<EXTERNAL>::bq::ComMatter	d	a	1		undefined ComMatter(ComMatter * this, HandlePtr * param_1, MatterType param_2, bool param_3)
7100031290	16	Alloc	<EXTERNAL>::bex::HeapModule	d	a	1		undefined Alloc(HeapID param_1, ulong param_2, int param_3, char * param_4, int param_5, char * param_6, char * param_7)
71000312a0	16	memmove		i	i	1		void * memmove(void * __dest, void * __src, size_t __n)
71000312b0	16	~locale	<EXTERNAL>::std::locale	d	a	1		undefined ~locale(locale * this)
71000312c0	16	__release_weak	<EXTERNAL>::std::__shared_weak_count	d	a	1		undefined __release_weak(void)
71000312d0	16	locale	<EXTERNAL>::std::locale	d	a	1		undefined locale(locale * this)
71000312e0	16	use_facet	<EXTERNAL>::std::locale	d	a	1		undefined use_facet(id * param_1)
71000312f0	16	__parse<char_const*>	std::regex	d	a	1		__loop<char> * __parse<char_const*>(regex * this, __loop<char> * param_1, __loop<char> * param_2)
7100031300	16	~basic_regex	std::regex	d	a	1		undefined ~basic_regex(regex * this)
7100031310	16	regex_iterator	std::regex_iterator<std::__wrap_iter<char_const*>,char,std::regex_traits<char>>	d	a	1		undefined regex_iterator(regex_iterator<std::__wrap_iter<char_const*>,char,std::regex_traits<char>> * this, long param_1, long param_2, regex * param_3, uint param_4)
7100031320	16	push_back	std::basic_string<char,std::char_traits<char>,bex::HeapModule::Allocator_string<char>>	d	a	1		undefined push_back(basic_string<char,std::char_traits<char>,bex::HeapModule::Allocator_string<char>> * this, basic_string<char,std::char_traits<char>,bex::HeapModule::Allocator_string<char>> param_2)
7100031330	16	format<std::back_insert_iterator<std::basic_string<char,std::char_traits<char>,bex::HeapModule::Allocator_string<char>>>>	std::match_results<std::__wrap_iter<char_const*>,std::allocator<std::sub_match<std::__wrap_iter<char_const*>>>>	d	a	1		basic_string<char,std::char_traits<char>,bex::HeapModule::Allocator_string<char>> * format<std::back_insert_iterator<std::basic_string<char,std::char_traits<char>,bex::HeapModule::Allocator_string<char>>>>(match_results<std::__wrap_iter<char_const*>,std::allocator<std::sub_match<std::__wrap_iter<char_const*>>>> * this, basic_string<char,std::char_traits<char>,bex::HeapModule::Allocator_string<char>> * param_1, basic_string<char,std::char_traits<char>,bex::HeapModule::Allocator_string<char>> * param_2, basic_string<char,std::char_traits<char>,bex::HeapModule::Allocator_string<char>> * param_3, uint param_4)
7100031340	16	operator++	std::regex_iterator<std::__wrap_iter<char_const*>,char,std::regex_traits<char>>	d	a	1		regex_iterator<std::__wrap_iter<char_const*>,char,std::regex_traits<char>> * operator++(regex_iterator<std::__wrap_iter<char_const*>,char,std::regex_traits<char>> * this)
7100031350	16	operator.delete	<EXTERNAL>	d	a	1		void operator.delete(void * param_1)
7100031360	16	__search<std::allocator<std::sub_match<char_const*>>>	std::regex	d	a	1		undefined8 __search<std::allocator<std::sub_match<char_const*>>>(regex * this, long param_1, long param_2, long * param_3, uint param_4)
7100031370	16	__assign[abi:v160006]<char_const*,std::allocator<std::sub_match<char_const*>>>	std::match_results<std::__wrap_iter<char_const*>,std::allocator<std::sub_match<std::__wrap_iter<char_const*>>>>	d	a	1		void __assign[abi:v160006]<char_const*,std::allocator<std::sub_match<char_const*>>>(match_results<std::__wrap_iter<char_const*>,std::allocator<std::sub_match<std::__wrap_iter<char_const*>>>> * this, long param_1, undefined8 param_2, long * param_3, uint param_4)
7100031380	16	__match_at_start_posix_subs<std::allocator<std::sub_match<char_const*>>>	std::regex	d	a	1		undefined4 __match_at_start_posix_subs<std::allocator<std::sub_match<char_const*>>>(regex * this, long param_1, long param_2, long * param_3, uint param_4, byte param_5)
7100031390	16	__match_at_start_ecma<std::allocator<std::sub_match<char_const*>>>	std::regex	d	a	1		undefined8 __match_at_start_ecma<std::allocator<std::sub_match<char_const*>>>(regex * this, long param_1, long param_2, long * param_3, uint param_4, byte param_5)
71000313a0	16	__match_at_start_posix_nosubs<std::allocator<std::sub_match<char_const*>>>	std::regex	d	a	1		undefined8 __match_at_start_posix_nosubs<std::allocator<std::sub_match<char_const*>>>(regex * this, long param_1, long param_2, long * param_3, uint param_4, byte param_5)
71000313b0	16	operator.new	<EXTERNAL>	d	a	1		void * operator.new(ulong param_1)
71000313c0	16	__push_back_slow_path<std::__state<char>>	std::vector<std::__state<char>,std::allocator<std::__state<char>>>	d	a	1		void __push_back_slow_path<std::__state<char>>(vector<std::__state<char>,std::allocator<std::__state<char>>> * this, undefined8 * param_1)
71000313d0	16	__state	std::__state<char>	d	a	1		undefined __state(__state<char> * this, undefined8 * param_1)
71000313e0	16	~__state	std::__state<char>	d	a	1		undefined ~__state(__state<char> * this)
71000313f0	16	assign<std::sub_match<char_const*>*,0>	std::vector<std::sub_match<char_const*>,std::allocator<std::sub_match<char_const*>>>	d	a	1		void assign<std::sub_match<char_const*>*,0>(vector<std::sub_match<char_const*>,std::allocator<std::sub_match<char_const*>>> * this, undefined8 * param_1, undefined8 * param_2)
7100031400	16	assign<std::pair<unsigned_long,char_const*>*,0>	std::vector<std::pair<unsigned_long,char_const*>,std::allocator<std::pair<unsigned_long,char_const*>>>	d	a	1		void assign<std::pair<unsigned_long,char_const*>*,0>(vector<std::pair<unsigned_long,char_const*>,std::allocator<std::pair<unsigned_long,char_const*>>> * this, undefined8 * param_1, undefined8 * param_2)
7100031410	16	regex_error	<EXTERNAL>::std::regex_error	d	a	1		undefined regex_error(regex_error * this, error_type param_1)
7100031420	16	bad_array_new_length	<EXTERNAL>::std::bad_array_new_length	d	a	1		undefined bad_array_new_length(bad_array_new_length * this)
7100031430	16	memset		i	i	1		void * memset(void * __s, int __c, size_t __n)
7100031440	16	memcpy		i	i	1		void * memcpy(void * __dest, void * __src, size_t __n)
7100031450	16	__parse_egrep<char_const*>	std::regex	d	a	1		__loop<char> * __parse_egrep<char_const*>(regex * this, __loop<char> * param_1, __loop<char> * param_2)
7100031460	16	__parse_extended_reg_exp<char_const*>	std::regex	d	a	1		__loop<char> * __parse_extended_reg_exp<char_const*>(regex * this, __loop<char> * param_1, __loop<char> * param_2)
7100031470	16	__parse_alternative<char_const*>	std::regex	d	a	1		__loop<char> * __parse_alternative<char_const*>(regex * this, __loop<char> * param_1, __loop<char> * param_2)
7100031480	16	__parse_basic_reg_exp<char_const*>	std::regex	d	a	1		byte * __parse_basic_reg_exp<char_const*>(regex * this, byte * param_1, byte * param_2)
7100031490	16	__parse_grep<char_const*>	std::regex	d	a	1		byte * __parse_grep<char_const*>(regex * this, byte * param_1, byte * param_2)
71000314a0	16	__parse_ecma_exp<char_const*>	std::regex	d	a	1		__loop<char> * __parse_ecma_exp<char_const*>(regex * this, __loop<char> * param_1, __loop<char> * param_2)
71000314b0	16	__parse_term<char_const*>	std::regex	d	a	1		__loop<char> * __parse_term<char_const*>(regex * this, __loop<char> * param_1, __loop<char> * param_2)
71000314c0	16	__parse_nondupl_RE<char_const*>	std::regex	d	a	1		byte * __parse_nondupl_RE<char_const*>(regex * this, byte * param_1, byte * param_2)
71000314d0	16	__parse_RE_dupl_symbol<char_const*>	std::regex	d	a	1		byte * __parse_RE_dupl_symbol<char_const*>(regex * this, byte * param_1, byte * param_2, long param_3, undefined4 param_4, undefined4 param_5)
71000314e0	16	__parse_ERE_expression<char_const*>	std::regex	d	a	1		__loop<char> * __parse_ERE_expression<char_const*>(regex * this, __loop<char> * param_1, __loop<char> * param_2)
71000314f0	16	~__shared_weak_count	<EXTERNAL>::std::__shared_weak_count	d	a	1		undefined ~__shared_weak_count(__shared_weak_count * this)
7100031500	16	__parse_ERE_dupl_symbol<char_const*>	std::regex	d	a	1		__loop<char> * __parse_ERE_dupl_symbol<char_const*>(regex * this, __loop<char> * param_1, __loop<char> * param_2, long param_3, undefined4 param_4, undefined4 param_5)
7100031510	16	__parse_assertion<char_const*>	std::regex	d	a	1		__loop<char> * __parse_assertion<char_const*>(regex * this, __loop<char> * param_1, __loop<char> * param_2)
7100031520	16	__parse_atom<char_const*>	std::regex	d	a	1		byte * __parse_atom<char_const*>(regex * this, byte * param_1, byte * param_2)
7100031530	16	__push_lookahead	std::regex	d	a	1		undefined __push_lookahead(regex * this, locale * param_1, byte param_2, undefined4 param_3)
7100031540	16	locale	<EXTERNAL>::std::locale	d	a	1		undefined locale(locale * this, locale * param_1)
7100031550	16	__parse_bracket_expression<char_const*>	std::regex	d	a	1		byte * __parse_bracket_expression<char_const*>(regex * this, byte * param_1, byte * param_2)
7100031560	16	__parse_atom_escape<char_const*>	std::regex	d	a	1		byte * __parse_atom_escape<char_const*>(regex * this, byte * param_1, byte * param_2)
7100031570	16	__parse_pattern_character<char_const*>	std::regex	d	a	1		byte * __parse_pattern_character<char_const*>(regex * this, byte * param_1, byte * param_2)
7100031580	16	__push_loop	std::regex	d	a	1		undefined __push_loop(regex * this, long param_1, long param_2, long param_3, undefined4 param_4, undefined4 param_6_00, byte param_6)
7100031590	16	~__loop	std::__loop<char>	d	a	1		undefined ~__loop(__loop<char> * this)
71000315a0	16	__push_char	std::regex	d	a	1		undefined __push_char(regex * this, undefined4 param_1)
71000315b0	16	__push_back_ref	std::regex	d	a	1		undefined __push_back_ref(regex * this, undefined4 param_1)
71000315c0	16	__parse_character_class_escape<char_const*>	std::regex	d	a	1		undefined1 * __parse_character_class_escape<char_const*>(regex * this, undefined1 * param_1, undefined1 * param_2)
71000315d0	16	__parse_character_escape<char_const*>	std::regex	d	a	1		byte * __parse_character_escape<char_const*>(regex * this, byte * param_1, byte * param_2, string * param_3)
71000315e0	16	__parse_expression_term<char_const*>	std::regex	d	a	1		byte * __parse_expression_term<char_const*>(regex * this, byte * param_1, byte * param_2, byte * param_3, byte * param_4, undefined1 param_5)
71000315f0	16	operator=	<EXTERNAL>::std::string	d	a	1		undefined operator=(string * this, char param_1)
7100031600	16	name	<EXTERNAL>::std::locale	d	a	1		undefined name(void)
7100031610	16	~__bracket_expression	std::__bracket_expression<char,std::regex_traits<char>>	d	a	1		undefined ~__bracket_expression(__bracket_expression<char,std::regex_traits<char>> * this)
7100031620	16	__lookup_collatename<char*>	std::regex_traits<char>	d	a	1		string __lookup_collatename<char*>(string * param_1_00, regex_traits<char> * this, void * param_3, void * param_4)
7100031630	16	transform<char*>	std::regex_traits<char>	d	a	1		string transform<char*>(undefined8 param_1_00, long param_2, void * param_3, void * param_4)
7100031640	16	memcmp		i	i	1		int memcmp(void * __s1, void * __s2, size_t __n)
7100031650	16	__transform_primary<char*>	std::regex_traits<char>	d	a	1		string __transform_primary<char*>(byte * param_1_00, regex_traits<char> * this, void * param_3, void * param_4)
7100031660	16	~pair	std::pair<std::string,std::string>	d	a	1		undefined ~pair(pair<std::string,std::string> * this)
7100031670	16	__get_collation_name	<EXTERNAL>::std	d	a	1		undefined __get_collation_name(char * param_1)
7100031680	16	operator=	<EXTERNAL>::std::string	d	a	1		undefined operator=(string * this, string * param_1)
7100031690	16	__parse_equivalence_class<char_const*>	std::regex	d	a	1		char * __parse_equivalence_class<char_const*>(regex * this, char * param_1, char * param_2, undefined1 * param_3, undefined1 param_4, undefined1 param_5)
71000316a0	16	__lookup_classname<char_const*>	std::regex_traits<char>	d	a	1		undefined4 __lookup_classname<char_const*>(long param_1, void * param_2, void * param_3, byte param_4)
71000316b0	16	__lookup_collatename<char_const*>	std::regex_traits<char>	d	a	1		string __lookup_collatename<char_const*>(string * param_1_00, regex_traits<char> * this, void * param_3, void * param_4)
71000316c0	16	__parse_awk_escape<char_const*>	std::regex	d	a	1		byte * __parse_awk_escape<char_const*>(regex * this, byte * param_1, byte * param_2, string * param_3)
71000316d0	16	__parse_class_escape<char_const*>	std::regex	d	a	1		byte * __parse_class_escape<char_const*>(regex * this, byte * param_1, byte * param_2, string * param_3, undefined1 * param_4, undefined1 param_5)
71000316e0	16	__parse_collating_symbol<char_const*>	std::regex	d	a	1		byte * __parse_collating_symbol<char_const*>(regex_traits<char> * param_1, byte * param_2, byte * param_3, string * param_4, undefined8 param_5, undefined1 param_6)
71000316f0	16	__transform_primary<std::__wrap_iter<char*>>	std::regex_traits<char>	d	a	1		string __transform_primary<std::__wrap_iter<char*>>(byte * param_1, regex_traits<char> * this, undefined1 * param_3, undefined1 * param_4)
7100031700	16	string	<EXTERNAL>::std::string	d	a	1		undefined string(string * this, string * param_1)
7100031710	16	__push_back_slow_path<std::string_const&>	std::vector<std::string,std::allocator<std::string>>	d	a	1		void __push_back_slow_path<std::string_const&>(vector<std::string,std::allocator<std::string>> * this, string * param_1)
7100031720	16	transform<std::__wrap_iter<char*>>	std::regex_traits<char>	d	a	1		string transform<std::__wrap_iter<char*>>(undefined8 param_1, long param_2, undefined1 * param_3, undefined1 * param_4)
7100031730	16	__push_back_slow_path<std::pair<std::string,std::string>>	std::vector<std::pair<std::string,std::string>,std::allocator<std::pair<std::string,std::string>>>	d	a	1		void __push_back_slow_path<std::pair<std::string,std::string>>(vector<std::pair<std::string,std::string>,std::allocator<std::pair<std::string,std::string>>> * this, undefined8 * param_1)
7100031740	16	__get_classname	<EXTERNAL>::std	d	a	1		undefined __get_classname(char * param_1, bool param_2)
7100031750	16	__parse_one_char_or_coll_elem_RE<char_const*>	std::regex	d	a	1		byte * __parse_one_char_or_coll_elem_RE<char_const*>(regex * this, byte * param_1, byte * param_2)
7100031760	16	__test_back_ref	std::regex	d	a	1		byte * __test_back_ref(regex * param_1, uint param_2, byte * param_3)
7100031770	16	__parse_ORD_CHAR_ERE<char_const*>	std::regex	d	a	1		byte * __parse_ORD_CHAR_ERE<char_const*>(regex * this, byte * param_1, byte * param_2)
7100031780	16	__parse_QUOTED_CHAR_ERE<char_const*>	std::regex	d	a	1		byte * __parse_QUOTED_CHAR_ERE<char_const*>(regex * this, byte * param_1, byte * param_2)
7100031790	16	CameraMgr	mg0117::CameraMgr	d	a	1		undefined CameraMgr(CameraMgr * this)
71000317a0	16	~CameraMgr	mg0117::CameraMgr	d	a	1		undefined ~CameraMgr(CameraMgr * this)
71000317b0	16	Fiber	<EXTERNAL>::bex::Fiber	d	a	1		undefined Fiber(Fiber * this, int param_1, bool param_2)
71000317c0	16	~Players	mg0117::Players	d	a	1		undefined ~Players(Players * this)
71000317d0	16	~Fiber	<EXTERNAL>::bex::Fiber	d	a	1		undefined ~Fiber(Fiber * this)
71000317e0	16	~GameMgr	mg0117::GameMgr	d	a	1		undefined ~GameMgr(GameMgr * this)
71000317f0	16	Wait	<EXTERNAL>::bex::Fiber	d	a	1		undefined Wait(void)
7100031800	16	SetupGame_Mgr	mg0117::GameMgr	d	a	1		undefined SetupGame_Mgr(void)
7100031810	16	SyncedSetupGame_Mgr	mg0117::GameMgr	d	d	1		undefined SyncedSetupGame_Mgr()
7100031820	16	CsvLabel<std::basic_string<char,std::char_traits<char>,bex::HeapModule::Allocator_string<char>>>	wl::CsvLabel	d	a	1		undefined CsvLabel<std::basic_string<char,std::char_traits<char>,bex::HeapModule::Allocator_string<char>>>(CsvLabel * this, ulong * param_1)
7100031830	16	At<double>	wl::CsvLabel	d	a	1		undefined1[16] At<double>(CsvLabel * this, byte * param_2, int param_3)
7100031840	16	format<int>	wl	d	a	1		char * format<int>(long * param_1_00, wl * this, uint * param_3)
7100031850	16	CreateTexture	wl::mg	d	a	1		undefined CreateTexture(undefined8 * param_1, mg * this)
7100031860	16	AddComponent<bq::ComMatter,char_const*,(void*)0>	nn::bezel::Entity	d	a	1		WeakHandle AddComponent<bq::ComMatter,char_const*,(void*)0>(long * param_1_00, HandlePtr * param_2, undefined8 * param_3)
7100031870	16	Util_SetEnableEntity	mg0117	d	a	1		undefined Util_SetEnableEntity(long * param_1, uint param_2)
7100031880	16	AddAnimationSlot	<EXTERNAL>::actor::ComActorMotion	d	a	1		undefined AddAnimationSlot(StringViewHashPair * param_1)
7100031890	16	Util_GetBoneWorldPosEntity	mg0117	d	a	1		undefined1[16] Util_GetBoneWorldPosEntity(long * param_1, char * param_2)
71000318a0	16	Util_SetBoneMatrixEntity	mg0117	d	a	1		undefined Util_SetBoneMatrixEntity(long * param_1, char * param_2)
71000318b0	16	HandleRotSetDEG	mg0117::GameMgr	d	a	1		undefined HandleRotSetDEG(float param_1, GameMgr * this, int param_3, uint param_4)
71000318c0	16	SyncRandMod	<EXTERNAL>::bex::RandModule	d	a	1		undefined SyncRandMod(uint param_1)
71000318d0	16	SyncRandModF	<EXTERNAL>::bex::RandModule	d	a	1		undefined SyncRandModF(float param_1)
71000318e0	16	AddComponent<bq::ComMatter,bq::NonPlayerCharacterID,(void*)0>	nn::bezel::Entity	d	a	1		WeakHandle AddComponent<bq::ComMatter,bq::NonPlayerCharacterID,(void*)0>(long * param_1_00, HandlePtr * param_2, undefined4 * param_3)
71000318f0	16	Util_HookModelEntity	mg0117	d	a	1		undefined Util_HookModelEntity(long * param_1, long * param_2, char * param_3)
7100031900	16	FindMaterial	<EXTERNAL>::nn::bezel::ComModel	d	a	1		undefined FindMaterial(basic_string_view param_1)
7100031910	16	MaterialHandle	<EXTERNAL>::nn::bezel::MaterialHandle	d	a	1		undefined MaterialHandle(MaterialHandle * this)
7100031920	16	Reset	<EXTERNAL>::nn::bezel::MaterialHandle	d	a	1		undefined Reset(Material * param_1)
7100031930	16	SafeLock	<EXTERNAL>::nn::bezel::MaterialHandle	d	a	1		undefined SafeLock(void)
7100031940	16	~MaterialHandle	<EXTERNAL>::nn::bezel::MaterialHandle	d	a	1		undefined ~MaterialHandle(MaterialHandle * this)
7100031950	16	FindParam	<EXTERNAL>::nn::bezel::Material	d	a	1		undefined FindParam(basic_string_view param_1)
7100031960	16	SetVector4	<EXTERNAL>::nn::bezel::MaterialParam	d	a	1		undefined SetVector4(Vector4f * param_1)
7100031970	16	AnimationName	actor::MotionArg	d	a	1		MotionArg * AnimationName(MotionArg * this, long param_1)
7100031980	16	Play	<EXTERNAL>::actor::ComActorMotion	d	a	1		undefined Play(MotionArg * param_1)
7100031990	16	Util_NpcModelSetColor	mg0117	d	a	1		undefined Util_NpcModelSetColor(long * param_1)
71000319a0	16	Create	<EXTERNAL>::bex::Effect	d	a	1		undefined Create(basic_string_view * param_1)
71000319b0	16	Start	<EXTERNAL>::bex::Effect	d	a	1		undefined Start(bool param_1)
71000319c0	16	CreateCountUpTimer	mg0117::GameMgr	d	a	1		undefined CreateCountUpTimer(GameMgr * this)
71000319d0	16	AddComponent<bq::ComUiStatus,bq::ComUiStatus::UiStatusType,bq::ComUiStatus::UiStatusMatchType,bq::ComUiStatus::UiStatusPlaceType,(void*)0>	nn::bezel::Entity	d	a	1		WeakHandle AddComponent<bq::ComUiStatus,bq::ComUiStatus::UiStatusType,bq::ComUiStatus::UiStatusMatchType,bq::ComUiStatus::UiStatusPlaceType,(void*)0>(long * param_1_00, HandlePtr * param_2, undefined4 * param_3, undefined4 * param_4, undefined4 * param_5)
71000319e0	16	Players	mg0117::Players	d	a	1		undefined Players(Players * this)
71000319f0	16	InitPlayers	mg0117::GameMgr	d	a	1		undefined InitPlayers(GameMgr * this)
7100031a00	16	GetColorNo	mg0117::Players	d	a	1		uint GetColorNo(Players * this, int param_1)
7100031a10	16	Util_SetMaterialTexture	mg0117	d	a	1		undefined Util_SetMaterialTexture(long * param_1, char * param_2, char * param_3, undefined8 * param_4)
7100031a20	16	SetPlayerGoalTimeVisibilityStatus	mg0117::GameMgr	d	a	1		undefined SetPlayerGoalTimeVisibilityStatus(GameMgr * this, int param_1, uint param_2)
7100031a30	16	destroy	std::__tree<std::__value_type<std::basic_string<char,std::char_traits<char>,bex::HeapModule::Allocator_string<char>>,wl::CsvLabel::_V>,std::__map_value_compare<std::basic_string<char,std::char_traits<char>,bex::HeapModule::Allocator_string<char>>,std::__value_type<std::basic_string<char,std::char_traits<char>,bex::HeapModule::Allocator_string<char>>,wl::CsvLabel::_V>,std::less<std::basic_string<char,std::char_traits<char>,bex::HeapModule::Allocator_string<char>>>,true>,bex::HeapModule::Allocator_map<std::__value_type<std::basic_string<char,std::char_traits<char>,bex::HeapModule::Allocator_string<char>>,wl::CsvLabel::_V>>>	d	a	1		undefined destroy(__tree<std::__value_type<std::basic_string<char,std::char_traits<char>,bex::HeapModule::Allocator_string<char>>,wl::CsvLabel::_V>,std::__map_value_compare<std::basic_string<char,std::char_traits<char>,bex::HeapModule::Allocator_string<char>>,std::__value_type<std::basic_string<char,std::char_traits<char>,bex::HeapModule::Allocator_string<char>>,wl::CsvLabel::_V>,std::less<std::basic_string<char,std::char_traits<char>,bex::HeapModule::Allocator_string<char>>>,true>,bex::HeapModule::Allocator_map<std::__value_type<std::basic_string<char,std::char_traits<char>,bex::HeapModule::Allocator_string<char>>,wl::CsvLabel::_V>>> * this, undefined8 * param_1)
7100031a40	16	Csv	wl::Csv	d	a	1		undefined Csv(Csv * this, ulong * param_1)
7100031a50	16	CreateTexture	<EXTERNAL>::nn::bezel::GraphicsCoreModule	d	a	1		undefined CreateTexture(basic_string_view param_1)
7100031a60	16	operator()	wl::mg::CreateTexture(std::basic_string<char,std::char_traits<char>,bex::HeapModule::Allocator_string<char>>const&)::{lambda(auto:1*)#1}	d	a	1		auto operator()(undefined8 param_1_00, long * param_2)
7100031a70	16	__cxa_rethrow		i	d	1		undefined __cxa_rethrow()
7100031a80	16	__cxa_end_catch		i	d	1		undefined __cxa_end_catch()
7100031a90	16	snprintf		i	i	1		int snprintf(char * __s, size_t __maxlen, char * __format, ...)
7100031aa0	16	SafeCreate<bq::ComMatter,nn::bezel::HandlePtr<nn::bezel::Entity>const&,char_const*>	bex::ComponentUtil	d	a	1		WeakHandle SafeCreate<bq::ComMatter,nn::bezel::HandlePtr<nn::bezel::Entity>const&,char_const*>(long * param_1_00, ComponentUtil * this, undefined8 * param_3)
7100031ab0	16	PlayerHandRotSetDEG	mg0117::Players	d	a	1		undefined PlayerHandRotSetDEG(float param_1, Players * this, int param_3)
7100031ac0	16	SafeCreate<bq::ComMatter,nn::bezel::HandlePtr<nn::bezel::Entity>const&,bq::NonPlayerCharacterID>	bex::ComponentUtil	d	a	1		WeakHandle SafeCreate<bq::ComMatter,nn::bezel::HandlePtr<nn::bezel::Entity>const&,bq::NonPlayerCharacterID>(long * param_1_00, ComponentUtil * this, undefined4 * param_3)
7100031ad0	16	AddComponent<bq::ComUiCountUpTimer,,(void*)0>	nn::bezel::Entity	d	a	1		WeakHandle AddComponent<bq::ComUiCountUpTimer,,(void*)0>(long * param_1, HandlePtr * param_2)
7100031ae0	16	InitParam	mg0117::Players	d	a	1		undefined InitParam(Players * this, undefined8 param_1)
7100031af0	16	GetMinigameScenemg0117	mg0117	d	a	1		undefined8 GetMinigameScenemg0117(void)
7100031b00	16	GetSceneParams	<EXTERNAL>::bex::SceneBase	d	a	1		undefined GetSceneParams(void)
7100031b10	16	GetEntity	mg0117::Players	d	a	1		undefined GetEntity(undefined8 * param_1, long param_2, int param_3)
7100031b20	16	GetCharaID	mg0117::Players	d	a	1		undefined GetCharaID(Players * this, int param_1)
7100031b30	16	HookCraftModel	mg0117::GameMgr	d	a	1		undefined HookCraftModel(GameMgr * this, int param_1, long * param_2)
7100031b40	16	SetRotMtY	mg0117::Players	d	a	1		undefined SetRotMtY(float param_1, Players * this, int param_3)
7100031b50	16	GetComLv	mg0117::Players	d	a	1		undefined GetComLv(Players * this, int param_1)
7100031b60	16	IsCom	mg0117::Players	d	a	1		bool IsCom(Players * this, int param_1)
7100031b70	16	GetPlayerID	mg0117::Players	d	a	1		undefined GetPlayerID(Players * this, int param_1)
7100031b80	16	SetScoreVisible	<EXTERNAL>::bq::ComUiStatus	d	a	1		undefined SetScoreVisible(PlayerID param_1, bool param_2)
7100031b90	16	CleanupGame_Mgr	mg0117::GameMgr	d	a	1		undefined CleanupGame_Mgr(void)
7100031ba0	16	OnGameInit_Mgr	mg0117::GameMgr	d	a	1		undefined8 OnGameInit_Mgr(GameMgr * this)
7100031bb0	16	Check	<EXTERNAL>::bq::flag	d	a	1		undefined Check(FLAG param_1)
7100031bc0	16	Util_ModelSetTranslateVEntity	mg0117	d	a	1		undefined Util_ModelSetTranslateVEntity(long * param_1, char * param_2)
7100031bd0	16	SetControl	mg0117::Players	d	a	1		undefined SetControl(Players * this, int param_1, byte param_2)
7100031be0	16	CallActionIdle	mg0117::Players	d	a	1		undefined CallActionIdle(long param_1, int param_2)
7100031bf0	16	SetDisp	mg0117::Players	d	a	1		undefined SetDisp(long param_1, int param_2)
7100031c00	16	SetTransformMtxPosZ	mg0117::Players	d	a	1		undefined SetTransformMtxPosZ(long param_1, int param_2)
7100031c10	16	Util_ModelSetBoneVisibleEntity	mg0117	d	a	1		undefined Util_ModelSetBoneVisibleEntity(long * param_1, char * param_2)
7100031c20	16	OnGameInstInit_Mgr	mg0117::GameMgr	d	a	1		undefined8 OnGameInstInit_Mgr(GameMgr * this)
7100031c30	16	OnGameOpeningSkip_Mgr	mg0117::GameMgr	d	a	1		undefined8 OnGameOpeningSkip_Mgr(GameMgr * this)
7100031c40	16	CallActionCrankIdle	mg0117::Players	d	a	1		undefined CallActionCrankIdle(long param_1, int param_2)
7100031c50	16	GetComHeading	mg0117::Players	d	a	1		undefined GetComHeading(long * param_1, long param_2, int param_3)
7100031c60	16	SetTargetNone	<EXTERNAL>::bex::ComHeading	d	a	1		undefined SetTargetNone(void)
7100031c70	16	SetInputControl	mg0117::Players	d	a	1		undefined SetInputControl(long param_1, int param_2)
7100031c80	16	GetActor	mg0117::Players	d	a	1		undefined GetActor(long * param_1, long param_2, int param_3)
7100031c90	16	GetMotion	<EXTERNAL>::actor::ComActor	d	a	1		undefined GetMotion(void)
7100031ca0	16	RequestTeleport	<EXTERNAL>::nn::bezel::ComPhysicalAnimation	d	a	1		undefined RequestTeleport(void)
7100031cb0	16	OnGameFirstFade_Mgr	mg0117::GameMgr	d	a	1		undefined8 OnGameFirstFade_Mgr(void)
7100031cc0	16	OnGameOpening_Mgr	mg0117::GameMgr	d	a	1		undefined4 OnGameOpening_Mgr(GameMgr * this)
7100031cd0	16	GetDeltaTime	<EXTERNAL>::bex::MainModule	d	a	1		undefined GetDeltaTime(void)
7100031ce0	16	GetComCamera	mg0117::CameraMgr	d	a	1		undefined GetComCamera(long * param_1, long * param_2)
7100031cf0	16	SetTargetLookAtCamera	<EXTERNAL>::bex::ComHeading	d	a	1		undefined SetTargetLookAtCamera(WeakHandle * param_1)
7100031d00	16	CallActionBye	mg0117::Players	d	a	1		undefined CallActionBye(long param_1, int param_2)
7100031d10	16	Play	<EXTERNAL>::bex::sound::SoundModule	d	a	1		undefined Play(char * param_1, float param_2, char * param_3)
7100031d20	16	NpcMotionExec	mg0117::GameMgr	d	a	1		undefined NpcMotionExec(GameMgr * this)
7100031d30	16	OnGameStartBefore_Mgr	mg0117::GameMgr	d	a	1		undefined8 OnGameStartBefore_Mgr(GameMgr * this)
7100031d40	16	In	<EXTERNAL>::bq::ComUiCountUpTimer	d	a	1		undefined In(bool param_1)
7100031d50	16	OnGameStart_Mgr	mg0117::GameMgr	d	a	1		undefined8 OnGameStart_Mgr(GameMgr * this)
7100031d60	16	GetPadAcc	mg0117::Players	d	a	1		undefined GetPadAcc(Players * this, int param_1)
7100031d70	16	GetPadGyro	mg0117::Players	d	a	1		undefined GetPadGyro(Players * this, int param_1)
7100031d80	16	OnGameStartAfter_Mgr	mg0117::GameMgr	d	a	1		undefined8 OnGameStartAfter_Mgr(GameMgr * this)
7100031d90	16	Start	<EXTERNAL>::bq::ComUiCountUpTimer	d	a	1		undefined Start(bool param_1)
7100031da0	16	OnGameMain_Mgr	mg0117::GameMgr	d	a	1		bool OnGameMain_Mgr(GameMgr * this)
7100031db0	16	GameStepExec	mg0117::GameMgr	d	a	1		undefined GameStepExec(GameMgr * this)
7100031dc0	16	FireWorkExec	mg0117::GameMgr	d	a	1		bool FireWorkExec(GameMgr * this)
7100031dd0	16	ScoreUp	mg0117::GameMgr	d	a	1		GameMgr * ScoreUp(GameMgr * this, int param_1)
7100031de0	16	CurrentTime	<EXTERNAL>::bq::ComUiCountUpTimer	d	a	1		undefined CurrentTime(void)
7100031df0	16	SetGoalTimeStatus	mg0117::GameMgr	d	a	1		undefined SetGoalTimeStatus(undefined4 param_1, GameMgr * this, int param_3)
7100031e00	16	Stop	<EXTERNAL>::bq::ComUiCountUpTimer	d	a	1		undefined Stop(void)
7100031e10	16	InitIllumiCastle	mg0117::GameMgr	d	a	1		GameMgr * InitIllumiCastle(GameMgr * this)
7100031e20	16	HandleRot4	mg0117::GameMgr	d	a	1		undefined HandleRot4(GameMgr * this, int param_1)
7100031e30	16	GetStick	<EXTERNAL>::bex::InputModule	d	a	1		undefined GetStick(PlayerID param_1)
7100031e40	16	GetPos	mg0117::Players	d	a	1		undefined1[16] GetPos(long param_1, int param_2)
7100031e50	16	Play3D	<EXTERNAL>::bex::sound::SoundModule	d	a	1		undefined Play3D(char * param_1, Vector3f * param_2, float param_3)
7100031e60	16	atan2f		i	i	1		float atan2f(float __y, float __x)
7100031e70	16	Util_lerp	mg0117	d	a	1		float Util_lerp(float param_1, float param_2, float param_3, float param_4, float param_5)
7100031e80	16	SetPosition	<EXTERNAL>::bex::Effect	d	a	1		undefined SetPosition(Vector3f * param_1)
7100031e90	16	Util_FxPlayEntity	mg0117	d	a	1		uint Util_FxPlayEntity(long * param_1, char * param_2)
7100031ea0	16	SetValueFloat	<EXTERNAL>::bq::ComUiStatus	d	a	1		undefined SetValueFloat(PlayerID param_1, float param_2)
7100031eb0	16	SetPlayerRecord	<EXTERNAL>::bq::MGMgr	d	a	1		undefined SetPlayerRecord(PlayerID param_1, float param_2)
7100031ec0	16	SetPlayerRank	<EXTERNAL>::bq::MGMgr	d	a	1		undefined SetPlayerRank(PlayerID param_1, GameRank param_2, bool param_3)
7100031ed0	16	Util_MotionPlaySub1Entity	mg0117	d	a	1		undefined Util_MotionPlaySub1Entity(long * param_1, char * param_2)
7100031ee0	16	Util_ModelSetEmissiveColorEntity	mg0117	d	a	1		undefined Util_ModelSetEmissiveColorEntity(long * param_1, char * param_2)
7100031ef0	16	Util_MotionPlayEntity	mg0117	d	a	1		undefined Util_MotionPlayEntity(long * param_1, char * param_2)
7100031f00	16	HandleAutoHoseExec	mg0117::GameMgr	d	a	1		undefined HandleAutoHoseExec(GameMgr * this)
7100031f10	16	HandleRot_Q_Anime	mg0117::GameMgr	d	a	1		undefined HandleRot_Q_Anime(GameMgr * this, int param_1)
7100031f20	16	OnGameEnd_Mgr	mg0117::GameMgr	d	a	1		undefined8 OnGameEnd_Mgr(GameMgr * this)
7100031f30	16	OnGameFinish_Mgr	mg0117::GameMgr	d	a	1		bool OnGameFinish_Mgr(GameMgr * param_1)
7100031f40	16	CallActionWaitIdle	mg0117::Players	d	a	1		undefined CallActionWaitIdle(long param_1, int param_2)
7100031f50	16	CallActionEnvy	mg0117::Players	d	a	1		undefined CallActionEnvy(long param_1, int param_2)
7100031f60	16	CallActionApplause	mg0117::Players	d	a	1		undefined CallActionApplause(long param_1, int param_2)
7100031f70	16	OnEndingInit_Mgr	mg0117::GameMgr	d	a	1		undefined8 OnEndingInit_Mgr(GameMgr * this, long * param_1)
7100031f80	16	SetPlayerWinLose	<EXTERNAL>::bq::MGMgr	d	a	1		undefined SetPlayerWinLose(PlayerID param_1, GameWinLose param_2)
7100031f90	16	Setup_DefaultEndingResult	<EXTERNAL>::wl::IMinigameScene	d	a	1		undefined Setup_DefaultEndingResult(WeakHandle param_1, SceneResult_Builder * param_2)
7100031fa0	16	SetCameraFarZ	<EXTERNAL>::bq::MGResult	d	a	1		undefined SetCameraFarZ(float param_1)
7100031fb0	16	OnEndingInit_Setup_Mgr	mg0117::GameMgr	d	a	1		undefined OnEndingInit_Setup_Mgr(GameMgr * this)
7100031fc0	16	Out	<EXTERNAL>::bq::ComUiCountUpTimer	d	a	1		undefined Out(bool param_1)
7100031fd0	16	UpdateRecord	<EXTERNAL>::bq::MGRecorder	d	a	1		undefined UpdateRecord(vector * param_1)
7100031fe0	16	SafeCreate<bq::ComUiCountUpTimer,nn::bezel::HandlePtr<nn::bezel::Entity>const&>	bex::ComponentUtil	d	a	1		WeakHandle SafeCreate<bq::ComUiCountUpTimer,nn::bezel::HandlePtr<nn::bezel::Entity>const&>(long * param_1, ComponentUtil * this)
7100031ff0	16	SafeCreate<bq::ComUiStatus,nn::bezel::HandlePtr<nn::bezel::Entity>const&,bq::ComUiStatus::UiStatusType,bq::ComUiStatus::UiStatusMatchType,bq::ComUiStatus::UiStatusPlaceType>	bex::ComponentUtil	d	a	1		WeakHandle SafeCreate<bq::ComUiStatus,nn::bezel::HandlePtr<nn::bezel::Entity>const&,bq::ComUiStatus::UiStatusType,bq::ComUiStatus::UiStatusMatchType,bq::ComUiStatus::UiStatusPlaceType>(long * param_1_00, ComponentUtil * this, undefined4 * param_3, undefined4 * param_4, undefined4 * param_5)
7100032000	16	JoyConRotationCheck_IsRotation	mg0117::Players	d	a	1		uint JoyConRotationCheck_IsRotation(Players * this, int param_1)
7100032010	16	JoyConRotationCheck_GetRotationTrigger	mg0117::Players	d	a	1		bool JoyConRotationCheck_GetRotationTrigger(Players * this, int param_1)
7100032020	16	JoyConRotationCheck_GetRotateDegreeChange	mg0117::Players	d	a	1		undefined1 JoyConRotationCheck_GetRotateDegreeChange(Players * this, int param_1)
7100032030	16	GetSpeed	<EXTERNAL>::actor::ComActorMotion	d	a	1		undefined GetSpeed(void)
7100032040	16	Play	<EXTERNAL>::actor::ComActorMotion	d	a	1		undefined Play(StringViewHashPair * param_1, float param_2, AnimationTransitionType param_3)
7100032050	16	Util_MotionPlayToffSpdEntityForce	mg0117	d	a	1		undefined Util_MotionPlayToffSpdEntityForce(undefined4 param_1, long * param_2, byte * param_3)
7100032060	16	Stop	<EXTERNAL>::bex::sound::SoundHandle	d	a	1		undefined Stop(void)
7100032070	16	getStaticTypeinfo	<EXTERNAL>::bex::Fiber	d	a	1		undefined getStaticTypeinfo(void)
7100032080	16	find<std::basic_string<char,std::char_traits<char>,bex::HeapModule::Allocator_string<char>>>	std::__tree<std::__value_type<std::basic_string<char,std::char_traits<char>,bex::HeapModule::Allocator_string<char>>,wl::CsvLabel::_V>,std::__map_value_compare<std::basic_string<char,std::char_traits<char>,bex::HeapModule::Allocator_string<char>>,std::__value_type<std::basic_string<char,std::char_traits<char>,bex::HeapModule::Allocator_string<char>>,wl::CsvLabel::_V>,std::less<std::basic_string<char,std::char_traits<char>,bex::HeapModule::Allocator_string<char>>>,true>,bex::HeapModule::Allocator_map<std::__value_type<std::basic_string<char,std::char_traits<char>,bex::HeapModule::Allocator_string<char>>,wl::CsvLabel::_V>>>	d	a	1		__tree<std::__value_type<std::basic_string<char,std::char_traits<char>,bex::HeapModule::Allocator_string<char>>,wl::CsvLabel::_V>,std::__map_value_compare<std::basic_string<char,std::char_traits<char>,bex::HeapModule::Allocator_string<char>>,std::__value_type<std::basic_string<char,std::char_traits<char>,bex::HeapModule::Allocator_string<char>>,wl::CsvLabel::_V>,std::less<std::basic_string<char,std::char_traits<char>,bex::HeapModule::Allocator_string<char>>>,true>,bex::HeapModule::Allocator_map<std::__value_type<std::basic_string<char,std::char_traits<char>,bex::HeapModule::Allocator_string<char>>,wl::CsvLabel::_V>>> * find<std::basic_string<char,std::char_traits<char>,bex::HeapModule::Allocator_string<char>>>(__tree<std::__value_type<std::basic_string<char,std::char_traits<char>,bex::HeapModule::Allocator_string<char>>,wl::CsvLabel::_V>,std::__map_value_compare<std::basic_string<char,std::char_traits<char>,bex::HeapModule::Allocator_string<char>>,std::__value_type<std::basic_string<char,std::char_traits<char>,bex::HeapModule::Allocator_string<char>>,wl::CsvLabel::_V>,std::less<std::basic_string<char,std::char_traits<char>,bex::HeapModule::Allocator_string<char>>>,true>,bex::HeapModule::Allocator_map<std::__value_type<std::basic_string<char,std::char_traits<char>,bex::HeapModule::Allocator_string<char>>,wl::CsvLabel::_V>>> * this, byte * param_1)
7100032090	16	atof		i	i	1		double atof(char * __nptr)
71000320a0	16	Load	<EXTERNAL>::wl::Csv	d	a	1		undefined Load(basic_string.conflict param_1)
71000320b0	16	ComMatter	<EXTERNAL>::bq::ComMatter	d	a	1		undefined ComMatter(ComMatter * this, HandlePtr * param_1, basic_string_view * param_2, bool param_3)
71000320c0	16	ComMatter	<EXTERNAL>::bq::ComMatter	d	a	1		undefined ComMatter(ComMatter * this, HandlePtr * param_1, NonPlayerCharacterID param_2)
71000320d0	16	ComUiCountUpTimer	<EXTERNAL>::bq::ComUiCountUpTimer	d	a	1		undefined ComUiCountUpTimer(ComUiCountUpTimer * this, HandlePtr * param_1)
71000320e0	16	ComUiStatus	<EXTERNAL>::bq::ComUiStatus	d	a	1		undefined ComUiStatus(ComUiStatus * this, HandlePtr * param_1, UiStatusType param_2, UiStatusMatchType param_3, UiStatusPlaceType param_4)
71000320f0	16	GameMgr	mg0117::GameMgr	d	a	1		undefined GameMgr(GameMgr * this)
7100032100	16	GetPlayers	<EXTERNAL>::bq::WorkModule	d	a	1		undefined GetPlayers(void)
7100032110	16	GetMGEntryPlayerList	<EXTERNAL>::bq::PlayerWorkHolder	d	a	1		undefined GetMGEntryPlayerList(PlayerListSortBy param_1)
7100032120	16	GetPlayerID	<EXTERNAL>::bq::PlayerWork	d	a	1		undefined GetPlayerID(void)
7100032130	16	AddComponent<bq::ComMatter,bex::PlayerID&,bq::MatterType,(void*)0>	nn::bezel::Entity	d	a	1		WeakHandle AddComponent<bq::ComMatter,bex::PlayerID&,bq::MatterType,(void*)0>(long * param_1_00, HandlePtr * param_2, undefined4 * param_3, undefined4 * param_4)
7100032140	16	AddHeading	<EXTERNAL>::bq::ComMatter	d	a	1		undefined AddHeading(void)
7100032150	16	GetCharacterID	<EXTERNAL>::bq::PlayerWork	d	a	1		undefined GetCharacterID(void)
7100032160	16	SetHeadLookWeight	<EXTERNAL>::bex::ComHeading	d	a	1		undefined SetHeadLookWeight(float param_1)
7100032170	16	SetInputControlEnabled	<EXTERNAL>::actor::ComActor	d	a	1		undefined SetInputControlEnabled(bool param_1)
7100032180	16	EraseAction	<EXTERNAL>::actor::ComActor	d	a	1		undefined EraseAction(ActorHashedString * param_1)
7100032190	16	SetGroundedTestEnabled	<EXTERNAL>::actor::ComActor	d	a	1		undefined SetGroundedTestEnabled(bool param_1)
71000321a0	16	SetGravityScale	<EXTERNAL>::actor::ComActor	d	a	1		undefined SetGravityScale(float param_1)
71000321b0	16	RegisterAction	<EXTERNAL>::actor::ComActor	d	a	1		undefined RegisterAction(ActorHashedString * param_1, function * param_2)
71000321c0	16	GetPlayerType	<EXTERNAL>::bq::PlayerWork	d	a	1		undefined GetPlayerType(void)
71000321d0	16	AddComponent<wl::ComponentJoyConRotationCheck,,(void*)0>	nn::bezel::Entity	d	a	1		WeakHandle AddComponent<wl::ComponentJoyConRotationCheck,,(void*)0>(long * param_1, HandlePtr * param_2)
71000321e0	16	Initialize	<EXTERNAL>::wl::ComponentJoyConRotationCheck	d	a	1		undefined Initialize(PlayerID param_1)
71000321f0	16	SafeCreate<bq::ComMatter,nn::bezel::HandlePtr<nn::bezel::Entity>const&,bex::PlayerID&,bq::MatterType>	bex::ComponentUtil	d	a	1		WeakHandle SafeCreate<bq::ComMatter,nn::bezel::HandlePtr<nn::bezel::Entity>const&,bex::PlayerID&,bq::MatterType>(long * param_1_00, ComponentUtil * this, undefined4 * param_3, undefined4 * param_4)
7100032200	16	SetActionName	<EXTERNAL>::actor::ComActor	d	a	1		undefined SetActionName(ActorHashedString * param_1, bool param_2)
7100032210	16	CallAction	<EXTERNAL>::actor::ComActor	d	a	1		undefined CallAction(ActorHashedString * param_1, bool param_2)
7100032220	16	SetLocalTransform	<EXTERNAL>::nn::bezel::ComModel	d	a	1		undefined SetLocalTransform(MatrixRowMajor4x3f * param_1)
7100032230	16	SafeCreate<wl::ComponentJoyConRotationCheck,nn::bezel::HandlePtr<nn::bezel::Entity>const&>	bex::ComponentUtil	d	a	1		WeakHandle SafeCreate<wl::ComponentJoyConRotationCheck,nn::bezel::HandlePtr<nn::bezel::Entity>const&>(long * param_1, ComponentUtil * this)
7100032240	16	GetComLevel	<EXTERNAL>::bq::PlayerWork	d	a	1		undefined GetComLevel(void)
7100032250	16	GetOrder	<EXTERNAL>::bq::PlayerWork	d	a	1		undefined GetOrder(void)
7100032260	16	GetPlayerColor	<EXTERNAL>::bq::PlayerWork	d	a	1		undefined GetPlayerColor(void)
7100032270	16	SetTargetLookAtPosition	<EXTERNAL>::bex::ComHeading	d	a	1		undefined SetTargetLookAtPosition(Vector3f * param_1)
7100032280	16	SetVisible	<EXTERNAL>::nn::bezel::ComModel	d	a	1		undefined SetVisible(bool param_1)
7100032290	16	GetPad	<EXTERNAL>::actor::ComActor	d	a	1		undefined GetPad(void)
71000322a0	16	GetAcc	<EXTERNAL>::bex::InputModule	d	a	1		undefined GetAcc(PlayerID param_1)
71000322b0	16	GetGyro	<EXTERNAL>::bex::InputModule	d	a	1		undefined GetGyro(PlayerID param_1)
71000322c0	16	GetJoyConRotationCheck	mg0117::Players	d	a	1		undefined GetJoyConRotationCheck(long * param_1, long * param_2, int param_3)
71000322d0	16	IsRotationByAcc	<EXTERNAL>::wl::ComponentJoyConRotationCheck	d	a	1		undefined IsRotationByAcc(void)
71000322e0	16	IsRotationByAngularVelocity	<EXTERNAL>::wl::ComponentJoyConRotationCheck	d	a	1		undefined IsRotationByAngularVelocity(void)
71000322f0	16	GetRotationTriggerByAcc	<EXTERNAL>::wl::ComponentJoyConRotationCheck	d	a	1		undefined GetRotationTriggerByAcc(void)
7100032300	16	GetRotationTriggerByAngularVelocity	<EXTERNAL>::wl::ComponentJoyConRotationCheck	d	a	1		undefined GetRotationTriggerByAngularVelocity(void)
7100032310	16	GetRotateDegreeByAcc	<EXTERNAL>::wl::ComponentJoyConRotationCheck	d	a	1		undefined GetRotateDegreeByAcc(void)
7100032320	16	GetRotateDegreeByAngularVelocity	<EXTERNAL>::wl::ComponentJoyConRotationCheck	d	a	1		undefined GetRotateDegreeByAngularVelocity(void)
7100032330	16	GetPosition	<EXTERNAL>::actor::ComActor	d	a	1		undefined GetPosition(void)
7100032340	16	SetPosition	<EXTERNAL>::actor::ComActor	d	a	1		undefined SetPosition(Vector3f * param_1)
7100032350	16	SetRotation	<EXTERNAL>::actor::ComActor	d	a	1		undefined SetRotation(Quaternion * param_1)
7100032360	16	ComMatter	<EXTERNAL>::bq::ComMatter	d	a	1		undefined ComMatter(ComMatter * this, HandlePtr * param_1, PlayerID param_2, MatterType param_3)
7100032370	16	ComponentJoyConRotationCheck	<EXTERNAL>::wl::ComponentJoyConRotationCheck	d	a	1		undefined ComponentJoyConRotationCheck(ComponentJoyConRotationCheck * this, HandlePtr * param_1)
7100032380	16	getStaticTypeinfo	<EXTERNAL>::bex::SceneParamBase	d	a	1		undefined getStaticTypeinfo(void)
7100032390	16	Typeinfo	<EXTERNAL>::rtti::Typeinfo	d	a	1		undefined Typeinfo(Typeinfo * this, Typeinfo * param_1, char * param_2, char * param_3, _func_Property_ptr * param_4, _func_void_ptr * param_5, _func_void_void_ptr * param_6, uint param_7, uint param_8, _func_void_void_ptr_Property_ptr_PropertyList_ptr * param_9, _func_bool_void_ptr_Property_ptr_Typeinfo_ptr_uint * param_10)
71000323a0	16	Property	<EXTERNAL>::rtti::Property	d	a	1		undefined Property(Property * this, char * param_1, char * param_2, uint param_3, void * param_4, Value * param_5, uint param_6, uchar param_7)
71000323b0	16	Property	<EXTERNAL>::rtti::Property	d	a	1		undefined Property(Property * this, char * param_1, char * param_2, uint param_3, void * param_4, Type * param_5)
71000323c0	16	Property	<EXTERNAL>::rtti::Property	d	a	1		undefined Property(Property * this, char * param_1, char * param_2, uint param_3, void * param_4, Type * param_5, int param_6, int param_7, int param_8)
71000323d0	16	Property	<EXTERNAL>::rtti::Property	d	a	1		undefined Property(Property * this)
71000323e0	16	checkGuiPropDefault	<EXTERNAL>::rtti::Typeinfo	d	a	1		undefined checkGuiPropDefault(void * param_1, Property * param_2, PropertyList * param_3)
71000323f0	16	createGuiPropDefault	<EXTERNAL>::rtti::Typeinfo	d	a	1		undefined createGuiPropDefault(void * param_1, Property * param_2, Typeinfo * param_3, uint param_4)
7100032400	16	Scene	mg0117::Scene	d	a	1		undefined Scene(Scene * this)
7100032410	16	~Scene	mg0117::Scene	d	a	1		undefined ~Scene(Scene * this)
7100032420	16	getStaticTypeinfo	<EXTERNAL>::wl::IMinigameScene	d	a	1		undefined getStaticTypeinfo(void)
7100032430	16	MinigameScene	<EXTERNAL>::bq::MinigameScene	d	a	1		undefined MinigameScene(MinigameScene * this)
7100032440	16	SetSyncData	<EXTERNAL>::bex::NetworkGameScene	d	a	1		undefined SetSyncData(uchar param_1)
7100032450	16	LoadSceneNonPlayerCharacter	<EXTERNAL>::bq::CharacterDataModule	d	a	1		undefined LoadSceneNonPlayerCharacter(NonPlayerCharacterID param_1, bool param_2, bool param_3)
7100032460	16	SetMinigameScene	mg0117	d	a	1		undefined SetMinigameScene(undefined8 param_1)
7100032470	16	SetMinigameScenemg0117	mg0117	d	a	1		undefined SetMinigameScenemg0117(undefined8 param_1)
7100032480	16	destroy	std::__tree<std::__value_type<wl::eSceneEventID,int>,std::__map_value_compare<wl::eSceneEventID,std::__value_type<wl::eSceneEventID,int>,std::less<wl::eSceneEventID>,true>,bex::HeapModule::Allocator_map<std::__value_type<wl::eSceneEventID,int>>>	d	a	1		undefined destroy(__tree<std::__value_type<wl::eSceneEventID,int>,std::__map_value_compare<wl::eSceneEventID,std::__value_type<wl::eSceneEventID,int>,std::less<wl::eSceneEventID>,true>,bex::HeapModule::Allocator_map<std::__value_type<wl::eSceneEventID,int>>> * this, undefined8 * param_1)
7100032490	16	~MinigameScene	<EXTERNAL>::bq::MinigameScene	d	a	1		undefined ~MinigameScene(MinigameScene * this)
71000324a0	16	SetStartTelop	<EXTERNAL>::bq::MinigameScene	d	a	1		undefined SetStartTelop(TelopType param_1)
71000324b0	16	SetTexture	<EXTERNAL>::nn::bezel::Material	d	a	1		undefined SetTexture(basic_string_view param_1, HandlePtr * param_2)
71000324c0	16	Play	<EXTERNAL>::bex::ComFxTrigger	d	a	1		undefined Play(basic_string_view * param_1)
71000324d0	16	Stop	<EXTERNAL>::bex::ComFxTrigger	d	a	1		undefined Stop(basic_string_view * param_1)
71000324e0	16	GetBoneSocket	<EXTERNAL>::nn::bezel::ComModel	d	a	1		undefined GetBoneSocket(basic_string_view param_1)
71000324f0	16	HasCastableComponentImpl	<EXTERNAL>::nn::bezel::Entity	d	a	1		undefined HasCastableComponentImpl(TypeDesc * param_1)
7100032500	16	AddComponent<nn::bezel::ComAttachment,,(void*)0>	nn::bezel::Entity	d	a	1		WeakHandle AddComponent<nn::bezel::ComAttachment,,(void*)0>(long * param_1, HandlePtr * param_2)
7100032510	16	SetTarget	<EXTERNAL>::nn::bezel::ComAttachment	d	a	1		undefined SetTarget(WeakHandle * param_1)
7100032520	16	Create	<EXTERNAL>::nn::bezel::ComAttachment	d	a	1		undefined Create(HandlePtr * param_1)
7100032530	16	_internalRemoveComponentByTypeDesc	<EXTERNAL>::nn::bezel::Entity	d	a	1		undefined _internalRemoveComponentByTypeDesc(TypeDesc * param_1)
7100032540	16	FindBoneIndex	<EXTERNAL>::nn::bezel::ComModel	d	a	1		undefined FindBoneIndex(basic_string_view param_1)
7100032550	16	CalculateWorldTransform	<EXTERNAL>::nn::bezel::SkeletonPose	d	a	1		undefined CalculateWorldTransform(int param_1)
7100032560	16	GetAnimationSlot	<EXTERNAL>::actor::ComActorMotion	d	a	1		undefined GetAnimationSlot(StringViewHashPair * param_1)
7100032570	16	Play	<EXTERNAL>::actor::ActorAnimationSlot	d	a	1		undefined Play(StringViewHashPair * param_1)
7100032580	16	SetLocalMtxRt	<EXTERNAL>::nn::bezel::SkeletonPose	d	a	1		undefined SetLocalMtxRt(int param_1, MatrixRowMajor4x3f * param_2)
7100032590	16	SetBoneVisible	<EXTERNAL>::nn::bezel::ComModel	d	a	1		undefined SetBoneVisible(int param_1, bool param_2)
71000325a0	16	Lock	<EXTERNAL>::nn::bezel::MaterialHandle	d	a	1		undefined Lock(void)
71000325b0	16	GetVector4	<EXTERNAL>::nn::bezel::MaterialParam	d	a	1		undefined GetVector4(void)
71000325c0	16	GetVector3	<EXTERNAL>::nn::bezel::MaterialParam	d	a	1		undefined GetVector3(void)
71000325d0	16	SetVector3	<EXTERNAL>::nn::bezel::MaterialParam	d	a	1		undefined SetVector3(Vector3f * param_1)
71000325e0	16	GetFloat	<EXTERNAL>::nn::bezel::MaterialParam	d	a	1		undefined GetFloat(void)
71000325f0	16	SetFloat	<EXTERNAL>::nn::bezel::MaterialParam	d	a	1		undefined SetFloat(float param_1)
7100032600	16	GetTexSrt	<EXTERNAL>::nn::bezel::MaterialParam	d	a	1		undefined GetTexSrt(void)
7100032610	16	SetTexSrt	<EXTERNAL>::nn::bezel::MaterialParam	d	a	1		undefined SetTexSrt(TexSrt * param_1)
7100032620	16	Activate	<EXTERNAL>::nn::bezel::Entity	d	a	1		undefined Activate(void)
7100032630	16	Deactivate	<EXTERNAL>::nn::bezel::Entity	d	a	1		undefined Deactivate(void)
7100066000	1	end		i	d	0		undefined end()
7100067000	1	ProtectRelro	<EXTERNAL>::nn::ro	d	a	1		undefined ProtectRelro(void * param_1, void * param_2, void * param_3, void * param_4, void * param_5)
7100068000	1	__nnmusl_fini_dso	<EXTERNAL>	d	d	1		undefined __nnmusl_fini_dso()
7100069000	1	__cxa_guard_acquire	<EXTERNAL>	d	d	1		undefined __cxa_guard_acquire()
710006b000	1	__cxa_guard_release	<EXTERNAL>	d	d	1		undefined __cxa_guard_release()
71000c2000	1	CreateSceneEntity	<EXTERNAL>::bq::SceneBase	d	a	1		undefined CreateSceneEntity(basic_string_view * param_1)
71000c3000	1	GetCurrentGfxSceneType	<EXTERNAL>::bex::Scene	d	a	1		undefined GetCurrentGfxSceneType(void)
71000c5000	1	GetScene	<EXTERNAL>::bex::gfx::RendererModule	d	a	1		undefined GetScene(SceneType param_1)
71000c6000	1	GetGraphicsLayer	<EXTERNAL>::bex::gfx::Scene	d	a	1		undefined GetGraphicsLayer(int param_1)
71000c7000	1	GetCamera	<EXTERNAL>::nn::bezel::ComCamera	d	a	1		undefined GetCamera(void)
71000c8000	1	SetCamera	<EXTERNAL>::nn::bezel::GraphicsLayer	d	a	1		undefined SetCamera(WeakHandle * param_1)
71000c9000	1	AbortImpl	<EXTERNAL>::nn::diag::detail	d	a	1		undefined AbortImpl(void)
71000ca000	1	strlen	<EXTERNAL>	d	i	1		size_t strlen(char * __s)
71000cb000	1	AddAnimation	<EXTERNAL>::actor::ComActorMotion	d	a	1		undefined AddAnimation(StringViewHashPair * param_1, basic_string_view * param_2, bool param_3, AnimatinType param_4, bool param_5, bool param_6)
71000cc000	1	Free	<EXTERNAL>::bex::HeapModule	d	a	1		undefined Free(void * param_1)
71000cd000	1	Play	<EXTERNAL>::actor::ComActorMotion	d	a	1		undefined Play(StringViewHashPair * param_1)
71000ce000	1	_internalCheckComponentValidity	<EXTERNAL>::nn::bezel::Entity	d	a	1		undefined _internalCheckComponentValidity(HandlePtr * param_1)
71000cf000	1	AddComponentImpl	<EXTERNAL>::nn::bezel::Entity	d	a	1		undefined AddComponentImpl(HandlePtr * param_1)
71000d0000	1	__cxa_begin_catch	<EXTERNAL>	d	d	1		undefined __cxa_begin_catch()
71000d1000	1	terminate	<EXTERNAL>::std	d	a	1		undefined terminate(void)
71000d2000	1	SetRotation	<EXTERNAL>::nn::bezel::Entity	d	a	1		undefined SetRotation(Quaternion * param_1)
71000d3000	1	SetTranslation	<EXTERNAL>::nn::bezel::Entity	d	a	1		undefined SetTranslation(Vector3f * param_1)
71000d4000	1	GetComAnimator	<EXTERNAL>::actor::ComActorMotion	d	a	1		undefined GetComAnimator(void)
71000d5000	1	StopAll	<EXTERNAL>::nn::bezel::ComAnimator	d	a	1		undefined StopAll(void)
71000d6000	1	SetFrame	<EXTERNAL>::actor::ComActorMotion	d	a	1		undefined SetFrame(float param_1)
71000d7000	1	GetFrame	<EXTERNAL>::actor::ComActorMotion	d	a	1		undefined GetFrame(void)
71000d8000	1	GetFrameMax	<EXTERNAL>::actor::ComActorMotion	d	a	1		undefined GetFrameMax(void)
71000d9000	1	IsFinished	<EXTERNAL>::actor::ComActorMotion	d	a	1		undefined IsFinished(void)
71000da000	1	SetSpeed	<EXTERNAL>::actor::ComActorMotion	d	a	1		undefined SetSpeed(float param_1)
71000db000	1	__cxa_allocate_exception	<EXTERNAL>	d	d	1		undefined __cxa_allocate_exception()
71000dc000	1	~length_error	<EXTERNAL>::std::length_error	d	a	1		undefined ~length_error(length_error * this)
71000dd000	1	__cxa_throw	<EXTERNAL>	d	d	1		undefined __cxa_throw()
71000de000	1	__cxa_free_exception	<EXTERNAL>	d	d	1		undefined __cxa_free_exception()
71000df000	1	_Unwind_Resume	<EXTERNAL>	d	d	1		undefined _Unwind_Resume()
71000e0000	1	logic_error	<EXTERNAL>::std::logic_error	d	a	1		undefined logic_error(logic_error * this, char * param_1)
71000e2000	1	operator.new	<EXTERNAL>	d	a	1		void * operator.new(ulong param_1, ulong param_2, HeapID param_3)
71000e3000	1	ComMatter	<EXTERNAL>::bq::ComMatter	d	a	1		undefined ComMatter(ComMatter * this, HandlePtr * param_1, MatterType param_2, bool param_3)
71000e4000	1	Alloc	<EXTERNAL>::bex::HeapModule	d	a	1		undefined Alloc(HeapID param_1, ulong param_2, int param_3, char * param_4, int param_5, char * param_6, char * param_7)
71000e5000	1	memmove	<EXTERNAL>	d	i	1		void * memmove(void * __dest, void * __src, size_t __n)
71000e6000	1	~locale	<EXTERNAL>::std::locale	d	a	1		undefined ~locale(locale * this)
71000e7000	1	__release_weak	<EXTERNAL>::std::__shared_weak_count	d	a	1		undefined __release_weak(void)
71000e8000	1	locale	<EXTERNAL>::std::locale	d	a	1		undefined locale(locale * this)
71000ea000	1	use_facet	<EXTERNAL>::std::locale	d	a	1		undefined use_facet(id * param_1)
71000ec000	1	operator.delete	<EXTERNAL>	d	a	1		void operator.delete(void * param_1)
71000ed000	1	operator.new	<EXTERNAL>	d	a	1		void * operator.new(ulong param_1)
71000ee000	1	regex_error	<EXTERNAL>::std::regex_error	d	a	1		undefined regex_error(regex_error * this, error_type param_1)
71000ef000	1	~regex_error	<EXTERNAL>::std::regex_error	d	a	1		undefined ~regex_error(regex_error * this)
71000f0000	1	bad_array_new_length	<EXTERNAL>::std::bad_array_new_length	d	a	1		undefined bad_array_new_length(bad_array_new_length * this)
71000f1000	1	~bad_array_new_length	<EXTERNAL>::std::bad_array_new_length	d	a	1		undefined ~bad_array_new_length(bad_array_new_length * this)
71000f2000	1	memset	<EXTERNAL>	d	i	1		void * memset(void * __s, int __c, size_t __n)
71000f3000	1	memcpy	<EXTERNAL>	d	i	1		void * memcpy(void * __dest, void * __src, size_t __n)
71000f4000	1	~__shared_weak_count	<EXTERNAL>::std::__shared_weak_count	d	a	1		undefined ~__shared_weak_count(__shared_weak_count * this)
71000f5000	1	locale	<EXTERNAL>::std::locale	d	a	1		undefined locale(locale * this, locale * param_1)
71000f6000	1	operator=	<EXTERNAL>::std::string	d	a	1		undefined operator=(string * this, char param_1)
71000f7000	1	name	<EXTERNAL>::std::locale	d	a	1		undefined name(void)
71000f8000	1	memcmp	<EXTERNAL>	d	i	1		int memcmp(void * __s1, void * __s2, size_t __n)
71000f9000	1	__get_collation_name	<EXTERNAL>::std	d	a	1		undefined __get_collation_name(char * param_1)
71000fa000	1	operator=	<EXTERNAL>::std::string	d	a	1		undefined operator=(string * this, string * param_1)
71000fb000	1	string	<EXTERNAL>::std::string	d	a	1		undefined string(string * this, string * param_1)
71000fc000	1	__get_classname	<EXTERNAL>::std	d	a	1		undefined __get_classname(char * param_1, bool param_2)
71000ff000	1	__get_deleter	<EXTERNAL>::std::__shared_weak_count	d	a	1		undefined __get_deleter(type_info * param_1)
