caller	callees
7100700000	7100961a44
71007003b0	7100701a24,7100701b10,7100961a44
7100700430	71009939e0
7100700450	710092ab50,710092b198
71007004f0	710092ad50,710092b25c
7100700530	71009603c0,7100960560
7100700564	710019e940,71009603c0,7100960560
71007005cc	71002c6a80,71009603c0,7100960560,71009670c8,71009830f4
7100700630	710019e940,71002c6a80,71009603c0,7100960560,71009670c8,71009830f4
71007006c8	71009863e4,7100992a44
710070075c	71007007e8,7100700934,7100992a8c,7100992ab4,710099332c
71007007e8	710099333c,7100993350,71009933c4
7100700934	7100701234,71009836b4,7100992b6c,7100992b78,710099380c,7100993834
7100700a84	7100700bdc,710070123c,7100992a8c,7100992ab4,7100992af0,7100993024,710099332c,710099380c,7100993834
7100700bdc	710099333c,7100993350,710099338c,71009933c4
7100700d3c	710098439c,710144a490
7100700e00	710098439c,710144a490
7100700f30	7100700fa0
7100700fa0	710098f4fc,710144a4e0,710144a4f0
7100701110	71009830f4,710144a4e0,710144a4f0
7100701210	710019e940,7100701110
710070123c	7100701290
7100701290	71006afe4c,71006afe8c,710070149c,7100701e80,710144a5d0
7100701410	71006afe8c,7100701110,710098439c
710070149c	710144a490
7100701a40	7100226a00,71006ffad4,71006ffae8,710092af2c,71009606d0,7100961924
7100701b10	71006afe4c,71006afe8c,71006ffad4,71006ffae8,710070149c,7100701fa0,7100960ba0,71009830f0,71009830f4,710144a510,710144a6a0
7100701e80	71009830f0,71009830f4,710144a5d0,710144a6a0
7100701fa0	71009830f0,71009830f4,710144a6a0
71007022c4	71007024c4,71009836b4
71007023c4	71007024c4,71009836b4
71007024c4	7100016460
7100702530	71009830f4,710144a4e0,710144a4f0
71007026b8	710019e940,7100702530
71007026dc	710019e940,7100702530
7100702704	7100702530,710098439c
71007028d0	710070293c
710070293c	7100226a00,71006ffaf0,71006ffb04,710092af2c,710092afb0,71009606d0,7100961924
71007029c0	71006ffaf0,71006ffb04,7100700f30,7100701a0c,7100702d50,7100702e98,7100893964,7100960a9c,71009836b4,7100987d00
7100702d50	71009830f0,71009830f4,710144a5d0,710144a6a0
7100702e9c	7100987cf0
7100702f04	7100987cf0
71007030f0	710098f6bc
7100703188	710098f6bc
7100703220	710098f6bc
71007032b0	710098f6bc
7100703340	710098f6bc
71007033d8	710098f6bc
7100703468	710098f6bc
7100703500	710003ba60,71009601ec,71009619e0,7100961b24,7100961b40,710096def8,71009836b4,710144a490,710144a5d0
7100703c10	71006ab12c,71006ab130,71006ab134,71006abd48,71006ac3ec,71006ad790,71006ae498,71006afea0,71006b01c8,7100961a44,710144a590
7100703f90	7100993840,71009939e0
7100703ff0	710092ab50,710092b198
7100704060	710092ad50,710092b25c
710070408c	71009603c0,7100960560,71009830f4
71007040f8	710019e940,71009603c0,7100960560,71009830f4
71007041a0	71006ab5b4,7100892430,71008931b8,710144a490
7100704474	71009836b4,710144a490
71007045a0	7100704918,7100992ab4,710099343c
7100704614	7100704918,7100992ab4
710070468c	7100704918,7100992ab4,710099343c
7100704704	7100704918,7100992ab4
710070477c	7100704918,7100992ab4,710099343c
71007047f4	7100704918,7100992ab4
710070486c	7100704918,7100992ab4,710099343c
7100704918	710099333c,7100993350,710099338c,71009933c4
7100704a78	710098439c,710144a490
7100704b34	7100705540,71009863e4,7100992a44
7100705390	710070725c,710070738c,7100992ab4,7100993470
7100705540	710070a600,710070a7a8,710070a844,71008a3564,7100987d00
7100705650	71006abd48,7100705794,7100992a8c,7100992ab4,7100993024,7100993110,710099332c,710099380c,7100993834
7100705794	710099333c,7100993350,710099338c,71009933c4
71007058f4	71007059a8,7100992a8c,7100992ab4,710099332c,710099380c,7100993834
71007059a8	710099333c,7100993350,71009933c4
7100705af4	71006abdb8,7100705794,7100992a8c,7100992ab4,7100993024,7100993110,710099332c,710099380c,7100993834
7100705c38	71007059a8,7100992a8c,7100992ab4,710099332c,710099380c,7100993834
7100705ce0	71006abe58,7100705794,7100992a8c,7100992ab4,7100993024,7100993110,710099332c,710099380c,7100993834
7100705e24	71007059a8,7100992a8c,7100992ab4,710099332c,710099380c,7100993834
7100705ecc	71006adaac,7100705794,7100992a8c,7100992ab4,710099332c,710099380c,7100993834
7100705f8c	71007059a8,7100992a8c,7100992ab4,710099332c,710099380c,7100993834
7100706038	71006ae498,7100705794,7100992a8c,7100992ab4,7100993024,710099332c,710099380c,7100993834
7100706144	71006ae4d4,71007059a8,7100992a8c,7100992ab4,7100993024,710099332c,710099380c,7100993834
7100706278	71006ae4f0,7100705794,7100992a8c,7100992ab4,7100993024,710099332c,710099380c,7100993834
71007063e0	71007059a8,7100992a8c,7100992ab4,710099332c,710099380c,7100993834
7100706488	7100705794,7100992a8c,7100992ab4,7100993024,710099332c,710099380c,7100993834
7100706590	71009836b4,7100992b6c,7100992b78,710099380c,7100993834
71007066d4	71007059a8,71009836b4,7100992a8c,7100992a98,710099380c,7100993834
7100706818	71006ae540,7100705794,7100992a8c,7100992ab4,7100993024,71009931a8,710099332c,710099380c,7100993834
71007069a4	71006ae5ec,7100705794,7100992a8c,7100992ab4,7100992af0,7100993024,710099332c,710099380c,7100993834
7100706b00	71007059a8,7100992a8c,7100992ab4,710099332c,710099380c,7100993834
7100706bb8	7100705794,7100706cc0,7100992a8c,7100992ab4,7100993024,710099332c
7100706cc0	71009836b4,7100992b6c,7100992b78,710099380c,7100993834
7100706e40	7100705794,7100706f28,7100707090,7100992a8c,7100992ab4,710099332c
7100706f28	71006afc0c,71009836b4,7100992b6c,7100992b78,710099380c,7100993834
7100707090	7100993024,7100993110
710070725c	71006afe08,7100705794,7100992a8c,7100992a98,710099380c,7100993834
710070738c	71006ae04c,7100705794,7100992a8c,7100992a98,710099380c,7100993834
71007074e4	71006af950,7100705794,7100992a8c,7100992ab4,710099332c,710099380c,7100993834
7100707578	71007059a8,7100707618,7100992a8c,7100992ab4,710099332c,710099380c,7100993834
7100707618	71009836b4,7100992b6c,7100992b78
7100707740	71006afe4c,7100705794,7100992a8c,7100992ab4,710099332c,710099380c,7100993834
71007077ec	71006afe8c,7100705794,7100992a8c,7100992ab4,7100993024,710099332c,710099380c,7100993834
71007078f8	71007059a8,7100992a8c,7100992ab4,7100993024,710099332c,710099380c,7100993834
7100707aac	7100705794,7100992a8c,7100992ab4,7100993024,7100993110,710099332c,710099380c,7100993834
7100707c78	7100705794,7100992a8c,7100992ab4,7100993024,710099332c,710099380c,7100993834
7100707df0	7100705794,7100992a8c,7100992ab4,7100993024,710099332c,710099380c,7100993834
7100707f2c	7100705794,7100992a8c,7100992ab4,7100993024,710099332c,710099380c,7100993834
710070809c	71007059a8,7100992a8c,7100992ab4,7100993024,710099332c,710099380c,7100993834
7100708210	7100705794,7100992a8c,7100992ab4,7100993024,7100993110,710099332c,710099380c,7100993834
71007083b4	71007059a8,7100992a8c,7100992ab4,7100993024,710099332c,710099380c,7100993834
71007084f0	7100705794,7100992a8c,7100992ab4,7100993024,710099332c,710099380c,7100993834
7100708680	71006bae80,7100705794,7100992a8c,7100992ab4,710099332c,710099380c,7100993834
7100708768	71006bae80,7100705794,7100992a8c,7100992ab4,710099332c,710099380c,7100993834
7100708800	71007059a8,7100992a8c,7100992ab4,710099332c,710099380c,7100993834
71007088ac	71007059a8,7100992a8c,7100992ab4,710099332c,710099380c,7100993834
7100708958	71007059a8,7100992a8c,7100992ab4,710099332c,710099380c,7100993834
7100708a08	71007059a8,7100992a8c,7100992ab4,710099332c,710099380c,7100993834
7100708ad0	7100705794,7100992a8c,7100992ab4,7100993024,710099332c,710099380c,7100993834
7100708c24	71007059a8,7100992a8c,7100992ab4,710099332c,710099380c,7100993834,710144a590
7100708d04	71006afea0,7100705794,7100992a8c,7100992ab4,7100993024,710099332c,710099380c,7100993834
7100708e20	71007059a8,7100992a8c,7100992ab4,710099332c,710099380c,7100993834
7100708ecc	7100705794,7100992a8c,7100992ab4,7100993024,710099332c,710099380c,7100993834
7100708fe0	71007059a8,7100992a8c,7100992ab4,710099332c,710099380c,7100993834
7100709080	71007059a8,7100992a8c,7100992ab4,710099332c,710099380c,7100993834
7100709128	71006b0050,71007059a8,7100992a8c,7100992ab4,7100993024,710099332c,710099380c,7100993834
7100709270	71006b6ed0,71006b6f5c,71006b6fec,71007059a8,7100992a8c,7100992ab4,7100993024,710099332c,710099380c,7100993834
71007093e8	71006b0100,71007059a8,7100992a8c,7100992ab4,710099332c,710099380c,7100993834
7100709494	71007059a8,7100992a8c,7100992ab4,7100993024,710099332c,710099380c,7100993834
71007095dc	71006af498,71007059a8,7100992a8c,7100992ab4,7100993024,710099332c,710099380c,7100993834
7100709724	71006af550,7100705794,7100992a8c,7100992ab4,7100993240,710099332c,710099380c,7100993834
7100709830	71006af5d0,7100705794,7100709994,7100987d00,7100992a8c,7100992ab4,710099332c,7100993580,710099380c,7100993834,710144a490
7100709994	7100709ad4,7100709b70,7100987d00,7100993580,71009936ec,7100993734
7100709ad4	7100993580
7100709afc	7100987cf0,71009936d4
7100709b70	7100987cf0,71009936d4
7100709c14	710019e940,7100993580
7100709c44	7100709d54,7100709e50,7100987d00,7100992d70
7100709d58	7100987cf0
7100709dbc	7100987cf0
7100709e54	7100987cf0
7100709eb8	7100987cf0
7100709f34	71006af53c,71007059a8,7100992a8c,7100992ab4,7100993024,710099332c,710099380c,7100993834
710070a07c	71006af544,71009836b4,7100992b6c,7100992b78,710099380c,7100993834
710070a1dc	7100705794,710070a2ac,7100992a8c,7100992a98,7100992ad8
710070a2ac	71006ac0e0,71009836b4,7100992b6c,7100992b78,710099380c,7100993834
710070a410	710098439c,710144a490
710070a4d0	710098439c,710144a490
710070a604	7100987cf0
710070a644	7100987cf0
710070a7ac	7100987cf0
710070a7ec	7100987cf0
710070a848	7100987cf0
710070a888	7100987cf0
710070a938	710070a994,710070ae6c,710070b0d0,7100992ab4,7100993470
710070a994	710070aae0,710070ac58,7100992a8c,7100992a98
710070aae0	71006ab2b0,71009836b4,7100992b6c,7100992b78,710099380c,7100993834
710070ac58	71005186ec,71005188d4,710058b700,71009954c0,710099553c
710070ae6c	710070af78,7100992a8c,7100992a98
710070af78	71006ab554,71009836b4,7100992b6c,7100992b78,710099380c,7100993834
710070b0d0	710070b1f8,7100992a8c,7100992a98,7100992ad8
710070b1f8	71006ab584,71009836b4,7100992b6c,7100992b78,710099380c,7100993834
710070b470	7100961a44
710070b4c8	710070b6d0,7100964b70,71009764b4,710144a490
710070b530	7100993840,71009939e0
710070b570	710092ab50,710092b198
710070b5e0	710092ad50,710092b25c
710070b60c	71009603c0,7100960560,71009830f4
710070b650	710019e940,71009603c0,7100960560,71009830f4
710070b6d0	710070d1c4,7100892430,71008931b8,710144a490
710070b8f0	710070baf0,71009863e4,7100992a44
710070baf0	710070c650,710070c7f8,710070c894,71008a3564,7100987d00
710070bc00	710070bcac,710070d5a4,7100992a8c,7100992ab4,710099332c,710099380c,7100993834
710070bcac	710099333c,7100993350,71009933c4
710070bdf8	710070d5ac,71009836b4,7100992b6c,7100992b78,710099380c,7100993834
710070bef8	710070bcac,710070d5b4,7100992a8c,7100992ab4,710099332c,710099380c,7100993834
710070bfa4	710070c0b0,710070d638,7100992a8c,7100992ab4,7100993024,710099332c,710099380c,7100993834
710070c0b0	710099333c,7100993350,710099338c,71009933c4
710070c210	710070c0b0,710070d340,7100992a8c,7100992ab4,710099332c,710099380c,7100993834
710070c2a4	710070c0b0,710070d6cc,7100992a8c,7100992ab4,7100993024,710099332c,710099380c,7100993834
710070c3b0	710070bcac,710070d6d0,7100992a8c,7100992ab4,710099332c,710099380c,7100993834
710070c45c	710098439c,710144a490
710070c520	710098439c,710144a490
710070c654	7100987cf0
710070c694	7100987cf0
710070c7fc	7100987cf0
710070c83c	7100987cf0
710070c898	7100987cf0
710070c8d8	7100987cf0
710070c988	710070ca78,710070ccdc,710070ce44,7100992a8c,7100992a98,7100992ab4,7100992ac0,7100993470
710070ca78	710070cb84,7100992a8c,7100992a98
710070cb84	710070cfc4,71009836b4,7100992b6c,7100992b78,710099380c,7100993834
710070ccdc	7100992af0
710070ce44	710070d0c4,71009836b4,7100992b6c,7100992b78,710099380c,7100993834
710070cfc4	710070d2c4,71009836b4
710070d0c4	710070d2c4,71009836b4
710070d1c4	710070d2c4,71009836b4
710070d2c4	7100016460,710070d340
710070d340	710070d6d8,710089351c
710070d480	710144a4e0,710144a4f0
710070d558	710019e940,710070d480
710070d57c	710019e940,710070d480
710070d5b4	710144a490
710070d638	710144a490
710070d6d8	71006afe4c,71006afe8c,710144a490
710070d7f0	71006af950,71006afe8c,71006df4c0,710070d480,710098439c,710144a490
710070d94c	7100893ed0,7100894ad0,710144a490
710070da64	7100893ed0,7100894ad0,710144a490
710070dea0	71006b07dc,71006b0808,71006b13d0,7100961a44
710070df60	71002b7110,7100964b70,71009764b4
710070dfd0	71009939e0
710070dff0	710092ab50,710092b198
710070e060	710092ad50,710092b25c
710070e08c	71009603c0,7100960560
710070e0c0	710019e940,71009603c0,7100960560
710070e128	710070e190,71009863e4,7100992a44
710070e190	710070e490,710070e638,710070e6d4,71008a3564,7100987d00
710070e2a0	710098439c,710144a490
710070e360	710098439c,710144a490
710070e494	7100987cf0
710070e4d4	7100987cf0
710070e63c	7100987cf0
710070e67c	7100987cf0
710070e6d8	7100987cf0
710070e718	7100987cf0
710070e770	71009939e0
710070e9a8	710099333c,7100993350,71009933c4
710070eaf4	710070ec20,7100992a8c,7100992ab4,7100993240,710099332c,710099380c,7100993834
710070ec20	710099333c,7100993350,710099338c,71009933c4
710070ed80	710070e9a8,7100992a8c,7100992ab4,710099332c,710099380c,7100993834
710070ee28	710070ec20,7100992a8c,7100992ab4,7100993024,710099332c,710099380c,7100993834
710070f06c	710070ec20,7100992a8c,7100992ab4,7100993024,710099332c,710099380c,7100993834
710070f280	710070ec20,7100992a8c,7100992ab4,710099332c,710099380c,7100993834,710144a590
710070f360	710098439c,710144a490
710070f420	710098439c,710144a490
710070f550	71005186ec,7100521e60
710070f5b0	7100993840,71009939e0
710070f6a4	71009836b4,710144a490
710070f7d8	710070f9c4,7100992ab4,710099343c
710070f84c	7100521a78,710070f9c4,7100992ab4
710070f8bc	710070f9c4,7100992ab4,710099343c
710070f9c4	710099333c,7100993350,710099338c,71009933c4
710070fb24	710098439c,710144a490
710070fbe0	71009863e4,7100992a44
710070feb4	71007109dc,7100710b7c,7100992ab4,7100993470
710070ff04	7100710d1c,7100710e1c,7100992ab4,7100993470
710070ff6c	71007115c8,710071168c,7100992ab4,7100993470
710070ffc8	7100710078,7100992a8c,7100992ab4,710099332c,710099380c,7100993834
7100710078	710099333c,7100993350,71009933c4
71007101c4	7100710078,71007102cc,7100992a8c,7100992ab4,7100993024,710099332c
71007102cc	71006b4e5c,71009836b4,7100992b6c,7100992b78,710099380c,7100993834
710071042c	71006b4e90,7100710078,7100992a8c,7100992ab4,710099332c,710099380c,7100993834
71007104ec	71006b4e9c,7100710078,7100992a8c,7100992ab4,710099332c,710099380c,7100993834
71007105ac	71006b4ea8,7100710078,7100992a8c,7100992ab4,710099332c,710099380c,7100993834,710144a590
7100710670	71006b4eb0,71007107dc,7100992a8c,7100992ab4,7100993024,710099332c,710099380c,7100993834
71007107dc	710099333c,7100993350,710099338c,71009933c4
710071093c	7100710078,7100992a8c,7100992ab4,710099332c,710099380c,7100993834
71007109dc	71006b4f30,71007107dc,7100992a8c,7100992a98,7100992ad8,710099380c,7100993834
7100710b7c	71006b51c0,71007107dc,7100992a8c,7100992a98,710099380c,7100993834
7100710d1c	71006b52b0,71007107dc,7100992a8c,7100992a98,7100992ad8,710099380c,7100993834
7100710e1c	71006b530c,71007107dc,7100992a8c,7100992a98,710099380c,7100993834
7100710f1c	71006b5040,7100710078,7100992a8c,7100992ab4,7100993024,710099332c,710099380c,7100993834
7100711084	71006b5604,71007107dc,71007111b0,7100992a8c,7100992ab4,7100993024,710099332c,710099380c,7100993834
71007111b0	71009836b4,7100992b6c,7100992b78
71007112d8	7100710078,7100992a8c,7100992ab4,710099332c,710099380c,7100993834
7100711380	7100710078,7100992a8c,7100992ab4,710099332c,710099380c,7100993834
7100711428	71007107dc,7100992a8c,7100992ab4,7100993024,710099332c,710099380c,7100993834
7100711524	71007107dc,7100992a8c,7100992ab4,710099332c,710099380c,7100993834
71007115c8	7100710078,7100992a8c,7100992a98,710099380c,7100993834
710071168c	7100710078,7100992a8c,7100992a98,710099380c,7100993834
7100711788	71006b638c,71007107dc,7100992a8c,7100992ab4,7100993024,710099332c,710099380c,7100993834
7100711894	71006b6394,7100710078,7100992a8c,7100992ab4,710099332c,710099380c,7100993834
7100711940	7100710078,7100992a8c,7100992ab4,710099332c,710099380c,7100993834
71007119e8	710098439c,710144a490
7100711aa0	710098439c,710144a490
7100711bd0	7100993840
7100711d14	71006b6eec,71009836b4,710144a490
7100711e90	710099333c,7100993350,71009933c4
7100711fdc	71006b7190,7100711e90,7100712080,7100992a8c,7100992ab4,710099332c,710099380c,7100993834
7100712080	71009836b4,7100992b6c,7100992b78
71007121a8	71006b71bc,7100711e90,7100712080,7100992a8c,7100992ab4,710099332c,710099380c,7100993834
710071224c	71006b7048,71007122e0,7100992a8c,7100992ab4,710099332c,710099380c,7100993834
71007122e0	710099333c,7100993350,710099338c,71009933c4
7100712440	71006b7200,71007122e0,7100992a8c,7100992ab4,710099332c,710099380c,7100993834
71007124d4	71006b7230,71007122e0,7100992a8c,7100992ab4,710099332c,710099380c,7100993834
7100712568	710098439c,710144a490
7100712650	710098439c,710144a490
71007127c0	7100993840
71007127d4	71009863e4,7100992a44
7100712d54	7100027a90,71009836b4,710144a490
7100712fcc	710099333c,7100993350,71009933c4
7100713118	71006b74b4,7100712fcc,7100992a8c,7100992ab4,710099332c,710099380c,7100993834
7100713210	71006b7538,7100712fcc,7100992a8c,7100992ab4,710099332c,710099380c,7100993834
7100713308	71006b7644,71006c82e8,71006c82f4,71006c82fc,7100712fcc,71009836b4,710098439c,7100992a8c,7100992ab4,710099332c,710099380c,7100993834
7100713450	71006b7700,7100712fcc,7100992a8c,7100992ab4,710099332c,710099380c,7100993834
7100713550	71006b7790,7100712fcc,7100992a8c,7100992ab4,710099332c,710099380c,7100993834
7100713650	71006b7834,7100712fcc,7100992a8c,7100992ab4,710099332c,710099380c,7100993834
7100713750	71006b78d4,7100712fcc,7100992a8c,7100992ab4,710099332c,710099380c,7100993834
7100713850	71006b79b0,7100712fcc,7100992a8c,7100992ab4,710099332c,710099380c,7100993834
7100713950	71006b7a90,7100712fcc,7100992a8c,7100992ab4,710099332c,710099380c,7100993834
7100713a48	71006b7ba4,7100712fcc,7100992a8c,7100992ab4,710099332c,710099380c,7100993834
7100713af4	71006b7bcc,7100712fcc,7100992a8c,7100992ab4,710099332c,710099380c,7100993834
7100713bac	71006b7cac,7100712fcc,7100992a8c,7100992ab4,710099332c,710099380c,7100993834
7100713c7c	71006b7d70,7100712fcc,7100992a8c,7100992ab4,710099332c,710099380c,7100993834
7100713d38	71006b7de0,7100712fcc,7100992a8c,7100992ab4,710099332c,710099380c,7100993834
7100713dec	71006b7e5c,7100712fcc,7100992a8c,7100992ab4,710099332c,710099380c,7100993834
7100713ea0	71006b7ee0,7100712fcc,7100992a8c,7100992ab4,710099332c,710099380c,7100993834
7100713f60	71006b7fb8,7100712fcc,7100992a8c,7100992ab4,710099332c,710099380c,7100993834
7100714020	71006b8094,7100712fcc,7100992a8c,7100992ab4,710099332c,710099380c,7100993834
71007140cc	71006b8188,7100714200,7100992a8c,7100992ab4,7100993024,710099332c,710099380c,7100993834
7100714200	710099333c,7100993350,710099338c,71009933c4
7100714360	71006b855c,7100714200,7100992a8c,7100992ab4,7100993024,710099332c,710099380c,7100993834
7100714494	71006b86a4,7100714200,7100992a8c,7100992ab4,7100993024,710099332c,710099380c,7100993834
71007145d4	71006b88b4,7100714200,7100992a8c,7100992ab4,7100993024,710099332c,710099380c,7100993834
710071471c	71006b8984,7100714200,7100992a8c,7100992ab4,7100993024,7100993110,710099332c,710099380c,7100993834
710071488c	71006b8b18,7100714200,7100992a8c,7100992ab4,7100993024,7100993110,710099332c,710099380c,7100993834
71007149fc	71006b8cd4,7100714200,7100992a8c,7100992ab4,7100993024,7100993110,710099332c,710099380c,7100993834
7100714b6c	71006b8ebc,7100714200,7100992a8c,7100992ab4,7100993024,7100993110,710099332c,710099380c,7100993834
7100714cdc	71006b91d8,7100714200,7100992a8c,7100992ab4,7100993024,7100993110,710099332c,710099380c,7100993834
7100714e4c	71006b9588,7100714200,7100992a8c,7100992ab4,7100993024,710099332c,710099380c,7100993834
7100714f80	71006b97dc,7100714200,7100992a8c,7100992ab4,7100993024,710099332c,710099380c,7100993834
710071508c	71006b97e4,7100714200,7100992a8c,7100992ab4,7100993024,710099332c,710099380c,7100993834
7100715198	71006b97e8,7100714200,7100992a8c,7100992ab4,7100993024,710099332c,710099380c,7100993834
71007152ac	71006b97ec,7100714200,7100992a8c,7100992ab4,7100993024,710099332c,710099380c,7100993834
71007153c8	71006b989c,7100714200,7100992a8c,7100992ab4,7100993024,7100993110,710099332c,710099380c,7100993834
710071550c	71006b98a0,7100714200,7100992a8c,7100992ab4,7100993024,7100993110,710099332c,710099380c,7100993834
7100715650	71006b98a4,7100714200,7100992a8c,7100992ab4,7100993024,7100993110,710099332c,710099380c,7100993834
7100715794	71006b98a8,7100714200,7100992a8c,7100992ab4,7100993024,7100993110,710099332c,710099380c,7100993834
71007158d8	71006b98ac,7100714200,7100992a8c,7100992ab4,7100993024,7100993110,710099332c,710099380c,7100993834
7100715a1c	71006b98b0,7100714200,7100992a8c,7100992ab4,7100993024,710099332c,710099380c,7100993834
7100715b28	71006b9c18,7100712fcc,7100992a8c,7100992ab4,710099332c,710099380c,7100993834
7100715bd4	71006b9c00,7100714200,7100992a8c,7100992ab4,710099332c,710099380c,7100993834
7100715c68	710098439c,710144a490
7100715d50	710098439c,710144a490
7100715ec0	71009939e0
7100715ee0	71009863e4,7100992a44
710071632c	710099333c,7100993350,710099338c,71009933c4
710071648c	7100993024,71009931a8
710071662c	710071632c,7100992a8c,7100992ab4,7100993024,7100993110,710099332c,710099380c,7100993834
71007167f4	7100716984,7100992a8c,7100992ab4,7100993024,710099332c,710099380c,7100993834
7100716984	710099333c,7100993350,71009933c4
7100716ad0	710071632c,7100992a8c,7100992ab4,7100993024,710099332c,710099380c,7100993834
7100716c44	710071632c,7100992a8c,7100992ab4,7100993024,710099332c,710099380c,7100993834
7100716d7c	710071632c,7100992a8c,7100992ab4,7100993024,710099332c,710099380c,7100993834
7100716ee8	7100716984,7100992a8c,7100992ab4,7100993024,710099332c,710099380c,7100993834
7100717038	710071632c,7100992a8c,7100992ab4,7100993024,7100993110,710099332c,710099380c,7100993834
71007171d8	7100716984,7100992a8c,7100992ab4,7100993024,710099332c,710099380c,7100993834
7100717310	710071632c,7100992a8c,7100992ab4,7100993024,710099332c,710099380c,7100993834
71007174a0	710071632c,7100992a8c,7100992ab4,7100993024,710099332c,710099380c,7100993834
71007175e8	71006ba6d4,7100716984,7100992a8c,7100992ab4,7100992ac0,7100993024,710099332c,710099380c,7100993834
7100717720	7100716984,7100992a8c,7100992ab4,710099332c,710099380c,7100993834
71007177c8	7100716984,7100992a8c,7100992ab4,710099332c,710099380c,7100993834
7100717870	7100716984,7100992a8c,7100992ab4,710099332c,710099380c,7100993834
7100717918	71006ba710,710071632c,7100992a8c,7100992ab4,710099332c,710099380c,7100993834
71007179c4	71006babb0,710071632c,7100992a8c,7100992ab4,7100993024,710099332c,710099380c,7100993834
7100717ad0	71006ba3f0,710071632c,7100992a8c,7100992ab4,7100993024,710099332c,710099380c,7100993834
7100717bdc	71006bb03c,710071632c,7100992a8c,7100992ab4,7100993024,7100993110,710099332c,710099380c,7100993834
7100717d7c	7100716984,7100992a8c,7100992ab4,710099332c,710099380c,7100993834
7100717e24	710071632c,7100992a8c,7100992ab4,7100993024,710099332c,710099380c,7100993834
7100717ff0	710098439c,710144a490
7100718120	7100993840
7100718154	71009863e4,7100992a44
71007184ec	71007194a8,7100719674,71007197b4,7100719974,7100992ab4,7100993470
7100718618	71006bc5d4,7100718758,71007188b8,7100992a8c,7100992ab4,7100993024,710099332c,710099380c,7100993834
7100718758	710099333c,7100993350,710099338c,71009933c4
71007188b8	71009836b4,7100992b6c,7100992b78
71007189e0	71006bc664,7100718758,7100992a8c,7100992ab4,7100993024,710099332c,710099380c,7100993834
7100718af4	71006bc66c,7100718bac,7100992a8c,7100992ab4,710099332c,710099380c,7100993834
7100718bac	710099333c,7100993350,71009933c4
7100718cf8	71006bc674,7100718758,7100992a8c,7100992ab4,710099332c,710099380c,7100993834
7100718d8c	7100718bac,7100992a8c,7100992ab4,710099332c,710099380c,7100993834
7100718e34	71006bc67c,7100718758,7100992a8c,7100992ab4,7100993240,710099332c,710099380c,7100993834
7100718f58	71006b6fec,71006bc684,7100718758,71007190b0,7100992a8c,7100992ab4,710099332c,710099380c,7100993834
71007190b0	710070f550,7100993024,7100993110,71009954c0,710099553c
71007192dc	71006bc770,7100718758,7100719380,7100992a8c,7100992ab4,710099332c,710099380c,7100993834
7100719380	71009836b4,7100992b6c,7100992b78
71007194a8	71006bc7c0,7100718758,710071954c,7100992a8c,7100992a98,710099380c,7100993834
710071954c	71009836b4,7100992b6c,7100992b78
7100719674	71006bc834,7100718758,710071954c,7100992a8c,7100992a98,7100992af0,710099380c,7100993834
71007197b4	71006bc898,7100718758,710071954c,7100992a8c,7100992a98,7100992af0,710099380c,7100993834
7100719974	71006bc904,7100718758,710071954c,7100992a8c,7100992a98,7100992af0,710099380c,7100993834
7100719ab4	71006bca0c,7100718758,7100719bf4,7100992a8c,7100992ab4,7100993024,710099332c,710099380c,7100993834
7100719bf4	71009836b4,7100992b6c,7100992b78
7100719d1c	71006bca14,7100718758,7100719bf4,7100992a8c,7100992ab4,7100993024,710099332c,710099380c,7100993834
7100719e48	71006bca24,7100718758,7100719bf4,7100992a8c,7100992ab4,7100993024,710099332c,710099380c,7100993834
7100719f88	71006bca2c,7100718758,7100992a8c,7100992ab4,710099332c,710099380c,7100993834
710071a034	71006bca34,7100718758,7100992a8c,7100992ab4,7100993024,710099332c,710099380c,7100993834
710071a17c	7100718bac,7100992a8c,7100992ab4,710099332c,710099380c,7100993834
710071a224	71006bca3c,7100718758,7100992a8c,7100992ab4,7100993024,710099332c,710099380c,7100993834
710071a330	71006bdc20,71009836b4,7100992b6c,7100992b78,710099380c,7100993834
710071a430	71006bc68c,7100718bac,7100992a8c,7100992ab4,710099332c,710099380c,7100993834
710071a4dc	7100718bac,710071a5e4,7100992a8c,7100992ab4,7100993024,710099332c
710071a5e4	71006bc6a0,71009836b4,7100992b6c,7100992b78,710099380c,7100993834
710071a6e4	71006bc9dc,7100718758,7100992a8c,7100992ab4,7100993024,710099332c,710099380c,7100993834
710071a800	71006bc9e4,7100718758,7100992a8c,7100992ab4,7100993024,710099332c,710099380c,7100993834
710071a948	71006bc9ec,7100718758,710071aa84,7100992a8c,7100992ab4,710099332c,710099380c,7100993834
710071aa84	7100992af0,7100993024
710071abc4	7100718758,710071acd0,7100992a8c,7100992ab4,7100993024,710099332c
710071acd0	71006bc9f4,71009836b4,7100992b6c,7100992b78,710099380c,7100993834
710071ae34	71006bc9fc,7100718bac,7100992a8c,7100992ab4,710099332c,710099380c,7100993834
710071aee0	71006bca04,7100718758,7100992a8c,7100992ab4,7100993024,710099332c,710099380c,7100993834
710071b240	71006b6570,71006bb090,71008d33ec,71009830f4,710098439c,710144ac20
710071b2cc	71009863e4,7100992a44
710071b4b8	71006bdc90,7100992a8c,7100992ab4,710099332c,710099380c,7100993834
710071b67c	71006bdc98,710071b7ec,7100992a8c,7100992ab4,7100992af0,7100993024,710099332c,710099380c,7100993834
710071b7ec	710099333c,7100993350,710099338c,71009933c4
710071b94c	71006bdca8,710071b7ec,7100992a8c,7100992ab4,7100992af0,7100993024,710099332c,710099380c,7100993834
710071babc	71006bdca0,710071b7ec,7100992a8c,7100992ab4,7100992af0,7100993024,710099332c,710099380c,7100993834
710071bc2c	71006bdcb0,710071b7ec,7100992a8c,7100992ab4,7100992af0,7100993024,710099332c,710099380c,7100993834
710071bda0	71006bdcb8,710071b7ec,710071bed4,7100992a8c,7100992ab4,710099332c,710099380c,7100993834
710071bed4	7100992af0,7100993024
710071c004	71006bdcc0,710071b7ec,710071bed4,7100992a8c,7100992ab4,710099332c,710099380c,7100993834
710071c138	71006bdcc8,710071b7ec,7100992a8c,7100992ab4,710099332c,710099380c,7100993834
710071c1e4	71006bdcd0,71009836b4,7100992b6c,7100992b78,710099380c,7100993834
710071c2dc	71006bdcdc,710071b7ec,7100992a8c,7100992ab4,7100993024,7100993240,710099332c,710099380c,7100993834
710071c454	71006bdce0,710071b7ec,7100992a8c,7100992ab4,7100993024,7100993240,710099332c,710099380c,7100993834
710071c5cc	71006bd714,710071b7ec,7100992a8c,7100992ab4,7100992af0,7100993024,710099332c,710099380c,7100993834
710071c724	710099333c,7100993350,71009933c4
710071c870	71006bdce4,71009836b4,7100992b6c,7100992b78,710099380c,7100993834
710071c9c8	71006bdc8c,710098439c,710144a490
710071cbc0	71009939e0
710071cf54	710099333c,7100993350,71009933c4
710071d0a0	71006c6dd0,71009836b4,7100992b6c,7100992b78,710099380c,7100993834
710071d204	71006c6ec0,710071cf54,7100992a8c,7100992ab4,7100993024,710099332c,710099380c,7100993834
710071d34c	710071cf54,7100992a8c,7100992ab4,710099332c,710099380c,7100993834
710071d3fc	710071cf54,710071d504,7100992a8c,7100992ab4,7100993024,710099332c
710071d504	71006c6f6c,71009836b4,7100992b6c,7100992b78,710099380c,7100993834
710071d664	710071cf54,7100992a8c,7100992ab4,710099332c,710099380c,7100993834
710071d718	710071cf54,7100992a8c,7100992ab4,710099332c,710099380c,7100993834
710071d7cc	710071cf54,7100992a8c,7100992ab4,710099332c,710099380c,7100993834
710071d880	71006c74cc,710071cf54,7100992a8c,7100992ab4,710099332c,710099380c,7100993834
710071d92c	710099333c,7100993350,710099338c,71009933c4
710071da8c	710071cf54,7100992a8c,7100992ab4,710099332c,710099380c,7100993834
710071db40	710071d92c,7100992a8c,7100992ab4,7100993024,710099332c,710099380c,7100993834
710071dd30	710098439c,710144a490
710071dea0	7100993840
710071dfdc	71006c81a0,71009836b4,710144a490
710071e154	710099333c,7100993350,71009933c4
710071e2a0	710071e154,7100992a8c,7100992ab4,710099332c,710099380c,7100993834
710071e354	710071e154,7100992a8c,7100992ab4,710099332c,710099380c,7100993834
710071e41c	710071e524,7100992a8c,7100992ab4,7100993024,710099332c,710099380c,7100993834
710071e524	710099333c,7100993350,710099338c,71009933c4
710071e684	710071e524,7100992a8c,7100992ab4,7100993024,710099332c,710099380c,7100993834
710071e794	710071e524,7100987d90,7100992a8c,7100992ab4,7100993024,710099332c,710099380c,7100993834
710071e990	710098439c,710144a490
710071eb08	710098f6bc
710071ebc0	710003ba60,71006e0cd0,71009601ec,71009619e0,7100961b24,7100961b40,7100967024,71009836b4,710144a5d0
710071ee10	71006c9020,71006c9210,7100961a44
710071ef60	710092ab50,710092b198
710071efd0	710092ad50,710092b25c
710071effc	71002c6a80,71009603c0,7100960560,71009670c8,71009830f4
710071f070	710019e940,710071effc
710071f5c0	71006d1eac,71006d1ec4,71006d3f60,71006d40a0,71006d4180,71006d4260,71006d42e0,7100961a44
710071f760	71006d1dbc,7100962540
710071f830	710092ab50,710092b198
710071f8a0	710092ad50,710092b25c
710071f8cc	71009603c0,7100960560,71009830f4
710071f968	710019e940,710071f8cc
710071f9c0	71009939e0
710071fbc8	710099333c,7100993350,710099338c,71009933c4
710071fd28	71006d5fe4,710071fbc8,7100992a8c,7100992ab4,7100993024,710099332c,710099380c,7100993834
710071fee0	710099333c,7100993350,71009933c4
710072002c	71006d6054,710071fee0,7100992a8c,7100992ab4,710099332c,710099380c,7100993834
71007200d8	710098439c,710144a490
7100720190	710098439c,710144a490
71007202c0	71009939e0
71007203fc	710099333c,7100993350,710099338c,71009933c4
710072055c	710098439c,710144a490
7100720630	710098439c,710144a490
7100720760	7100993840
7100720810	71006b02c8,71009836b4,710144a490
71007209c0	710098439c,710144a490
7100720b98	7100720c7c,71009836b4,710144a490
7100720d80	710098439c,710144a490
7100720ef0	71009863e4,7100992a44
7100721360	710099333c,7100993350,71009933c4
71007214ac	71006da43c,71007215b8,7100992a8c,7100992ab4,7100993024,710099332c,710099380c,7100993834
71007215b8	710099333c,7100993350,710099338c,71009933c4
7100721718	7100721360,7100992a8c,7100992ab4,710099332c,710099380c,7100993834
71007217dc	71006d9ea8,71007215b8,71007218ec,7100992a8c,7100992ab4,710099332c,710099380c,7100993834
71007218ec	7100993024,7100993110
7100721a84	7100721360,7100992a8c,7100992ab4,710099332c,710099380c,7100993834
7100721b84	71006d9fc0,71007215b8,7100992a8c,7100992ab4,7100993024,7100993110,710099332c,710099380c,7100993834
7100721cc8	71006dbe10,71006dc744,71007215b8,7100992a8c,7100992ab4,7100992ac0,710099332c,710099380c,7100993834
7100721dac	71007215b8,7100992a8c,7100992ab4,7100993024,7100993110,710099332c,710099380c,7100993834
7100721f4c	7100721360,7100992a8c,7100992ab4,710099332c,710099380c,7100993834
7100722004	7100721360,7100992a8c,7100992ab4,7100992ac0,710099332c,710099380c,7100993834
71007220ac	71007215b8,7100992a8c,7100992ab4,7100992ac0,7100993024,710099332c,710099380c,7100993834
71007221ac	71006d996c,71007215b8,7100992a8c,7100992ab4,7100993240,710099332c,710099380c,7100993834
71007222c4	7100721360,7100992a8c,7100992ab4,710099332c,710099380c,7100993834
710072236c	71006d6048,7100721360,7100992a8c,7100992ab4,710099332c,710099380c,7100993834
710072243c	7100721360,7100992a8c,7100992ab4,710099332c,710099380c,7100993834
7100722500	7100721360,7100992a8c,7100992ab4,710099332c,710099380c,7100993834
71007225a8	7100721360,7100992a8c,7100992ab4,710099332c,710099380c,7100993834
7100722650	710098439c,710144a490
7100722730	710098439c,710144a490
71007228a0	7100993840
71007228b4	71009863e4,7100992a44
7100722c50	7100722ef8,7100722ff4,7100992ab4,7100993470
7100722d00	71006dd334,7100722dac,7100992a8c,7100992ab4,710099332c,710099380c,7100993834
7100722dac	710099333c,7100993350,71009933c4
7100722ef8	71006dd340,7100722dac,7100992a8c,7100992a98,7100992ad8,710099380c,7100993834
7100722ff4	71006dd34c,7100722dac,7100992a8c,7100992a98,7100992ad8,710099380c,7100993834
71007230f4	71006dd3c0,7100722dac,7100992a8c,7100992ab4,7100993024,710099332c,710099380c,7100993834
710072323c	71006dd430,7100722dac,7100992a8c,7100992ab4,7100993024,710099332c,710099380c,7100993834
7100723370	71006dd46c,7100722dac,7100992a8c,7100992ab4,7100993024,710099332c,710099380c,7100993834
71007234a4	71006dd520,71007235ec,7100992a8c,7100992ab4,7100993024,710099332c,710099380c,7100993834
71007235ec	710099333c,7100993350,710099338c,71009933c4
710072374c	71006dd630,7100722dac,7100992a8c,7100992ab4,7100993024,710099332c,710099380c,7100993834
7100723894	71006dd670,71007235ec,7100992a8c,7100992ab4,7100993024,7100993110,710099332c,710099380c,7100993834
7100723a2c	71006dd6b4,7100722dac,7100992a8c,7100992ab4,7100993024,710099332c,710099380c,7100993834
7100723b74	71006dd6f4,71007235ec,7100992a8c,7100992ab4,7100993024,7100993110,710099332c,710099380c,7100993834
7100723d0c	71006dd7bc,7100722dac,7100992a8c,7100992ab4,7100993024,710099332c,710099380c,7100993834
7100723e48	71006dd7f4,71007235ec,7100992a8c,7100992ab4,7100993024,7100993110,710099332c,710099380c,7100993834
7100723fe0	71006dd864,71007235ec,7100992a8c,7100992ab4,7100992af0,7100993024,710099332c,710099380c,7100993834
710072413c	7100722dac,7100724244,7100992a8c,7100992ab4,7100993024,710099332c
7100724244	71006dd8e0,71009836b4,7100992b6c,7100992b78,710099380c,7100993834
71007243a4	71006dd95c,7100722dac,7100992a8c,7100992ab4,7100993024,710099332c,710099380c,7100993834
71007244ec	71006dd9c0,7100722dac,7100992a8c,7100992ab4,7100993024,710099332c,710099380c,7100993834
7100724620	71006dda04,7100722dac,7100992a8c,7100992ab4,7100993024,710099332c,710099380c,7100993834
7100724768	71006ddd4c,7100722dac,7100992a8c,7100992ab4,7100993024,710099332c,710099380c,7100993834
71007248a4	71006ddd70,7100722dac,7100992a8c,7100992ab4,7100993024,710099332c,710099380c,7100993834
71007249ec	71006dd77c,71007235ec,7100992a8c,7100992ab4,7100993024,710099332c,710099380c,7100993834
7100724af8	71006dddb0,71007235ec,7100992a8c,7100992ab4,710099332c,710099380c,7100993834
7100724b8c	71006dde5c,7100722dac,7100992a8c,7100992ab4,710099332c,710099380c,7100993834
7100724c38	71006dde98,71007235ec,7100992a8c,7100992ab4,710099332c,710099380c,7100993834
7100724ccc	71006ddf00,71007235ec,7100992a8c,7100992ab4,710099332c,710099380c,7100993834
7100724d60	71006ddf90,71007235ec,7100992a8c,7100992ab4,710099332c,710099380c,7100993834
7100724df4	71006ddfd4,7100722dac,7100992a8c,7100992ab4,710099332c,710099380c,7100993834
7100724ea0	710098439c,710144a490
7100724f80	710098439c,710144a490
7100725100	710003ba60,71009601ec,71009619e0,7100961b24,7100961b40,71009836b4,710144a5d0
7100725218	71002b8c68,71009830f0,71009830f4,710144a510,710144a6a0
71007252ec	71002b8c68,71009830f0,71009830f4,710144a510,710144a6a0
7100725490	71002b8c68,7100961a44,710144a590
7100725550	710092ab50
7100725590	710092ad50
71007255a4	71009603c0,7100960560,71009830f4
7100725610	710019e940,71009603c0,7100960560,71009830f4
71007256b8	710098439c
71007256f0	7100725820
7100725820	710098f4fc,710144a4e0,710144a4f0
7100725990	71007256b8,7100746d30,7100747c00,71008defe4,710098439c,710144a4e0,710144a4f0
7100725b10	7100746d30,7100747c00
7100725b90	710019e940,7100725990
7100725bb4	71007256f0,7100725c58,71009836b4,710098439c
7100725c58	7100728938,710072be58,71008d69cc,710144a490
7100725e64	7100984c00,7100986938
7100725fa0	7100725e64
710072603c	7100000280,7100728938,710072c150,7100730050,7100746d30,7100747c00,71009849b8,71009911e0,710144a3f0,710144a400,710144a490
71007262a8	7100000280,7100726550,7100746d30,710074786c,7100747c00,71007676ac,71009911e0,710144a3f0,710144a400,710144a490
71007264f8	7100747c00
7100726550	710073ddc8,710073de4c,71007479c0,7100747c00
7100726650	7100726550,7100746d30,7100747c00,71007676c0,71009836b4,710098439c
7100726a50	71007479f0,7100747c00
7100726be0	7100747c00
7100726c84	7100747c00
7100726d30	7100747c00
7100726dd4	7100747c00
7100726f04	7100747c00
7100726fa8	7100747c00
7100727054	7100747c00
71007270d0	7100747c00
7100727168	7100746760,7100747c00
71007271ec	7100747c00
7100727250	7100746d3c,7100747c00
71007272b8	7100747c00
7100727328	7100747c00
7100727394	7100747c00
7100727440	7100747c00,710075cf1c
71007274e8	7100747c00
7100727554	7100747c00
7100727604	7100747c00
710072766c	7100747b40,7100747c00
71007276f0	7100747b80,7100747c00
7100727760	7100747bb0,7100747c00
71007277d0	7100747c00
7100727848	7100747c00
71007278c0	7100747c00
7100727940	71007479c0,7100747c00
7100727a20	710073ded0,71007479c0,7100747c00
7100727ac8	7100747c00
7100727b30	71007479ac,7100747c00
7100727ba8	710074786c,7100747c00
7100727c4c	7100747c00
7100727d14	7100747c00
7100727d90	7100747c00
7100727e0c	7100747c00
7100727e88	7100747c00
7100727f00	7100747c00
7100727f7c	7100747c00
7100727fe8	7100747c00
7100728050	7100747c00
71007280cc	7100747c00
7100728134	7100747c00
71007282cc	710072894c,71009836b4,7100983b10,7100984a20,7100984a58,710144b310
7100728470	7100000280,710084e6ac,71008de674,71009911e0,710144a3f0,710144a400,710144a490
7100728808	710072d780
710072888c	7100728980,710098439c
71007288c8	710072acf4,71008d7088,71009836b4
7100728900	710072b478,71008d7088,71009836b4
7100728980	710084e160,71009830f4,710098439c
7100728a68	710072c680
7100728a70	710072cc40,71008a452c
7100728b10	710072cc40
7100728b70	710072d530
7100728b78	7100728be0,71008a452c
7100728be0	710072cc40,71009830f0,71009830f4,710144a6a0
7100728da0	7100725b10
7100728e64	7100728f40,7100729280,710072da44
7100728f40	7100000280,71009911e0,710144a3f0,710144a400,710144a490
7100729050	7100000280,71009911e0,710144a3f0,710144a400,710144a490
7100729160	7100000280,71009911e0,710144a3f0,710144a400,710144a490
7100729270	710072db8c
7100729278	710072dbf4
7100729280	71008626c0,710087c2d8,710087c2e4,710087dfbc,710087e558
71007293ac	710072dcac
71007293b4	710072ce54
71007293bc	710072cf04
71007293c4	710072cfc0
71007293cc	710072d068
71007293d4	710072d110
71007293dc	710072d1c0
71007293e4	710072d270
71007293ec	710072d320
71007293f4	710072d3d0
71007293fc	710072d480
7100729404	710072dcbc
71007294c0	7100730e00,710098ea30
71007294f8	7100728938,710072953c,710072c2a0,71009836b4
710072955c	7100728938,710072c380,71009830f4
71007295ac	710019e940,710072955c
71007295d0	7100000280,71007264f8,71007275d4,71007275f0,7100727940,7100727ac8,7100729d30,710086195c,71009830f0,71009830f4,71009911e0,710144a3f0,710144a400,710144a490,710144a6a0
7100729b90	7100727940,7100727ac8,7100768be0
7100729c84	7100000280,71009911e0,710144a3f0,710144a400,710144a490
7100729d30	7100729d30,710072a7a0,710072ab60
710072a7a0	710072ab60
710072acf4	71008d6ef4
710072ad60	710144a4e0,710144a4f0
710072ae70	710019e940,710072ad60
710072ae94	71008d67b4
710072aeb0	7100728938,710072bbf0,71008d67b4,71008d7088,71008de540,71008de680
710072b300	7100728938,710072bfa0,710072c250,71008d7088,71008defe4
710072b478	71008d6ef4
710072b4d0	710144a4e0,710144a4f0
710072b5c0	710019e940,710072b4d0
710072b5e4	710087c014,71008d692c,71008d6934,710144a440
710072b758	710144a5d0,710144ac80
710072b860	7100753800,7100764700,7100768f74,7100768f8c,71009836b4
710072b9b0	710072e370,710072e480,7100767d94,7100768f80,7100768f9c,71009830f4,710098439c,710144ac20
710072bbc4	710019e940,710072b9b0
710072bbf0	710072bd20,710075bcb0,710075c290,7100767384,71008d692c
710072bd20	71009830f0,71009830f4,710144a6a0
710072be58	71009830f0,71009830f4,710144a6a0
710072bfa0	710075bff0,71007678a0
710072c250	71007673dc,7100767960
710072c2a0	71009830f0,71009830f4,710144a6a0
710072c3e0	71009830f0,71009830f4,710144a6a0
710072c520	710072ae94,710072dd70,710072e070,71009830f4,710144a590,710144a5c0
710072c680	710072ae9c,710072c990,710072ee78,710075cd20,710075cdd0,71009830f4,710144a580
710072c990	710072ed3c,71009830f0,71009830f4,710144a6a0
710072cc40	7100000280,7100725bb4,710072ff34,71009911e0,710144a3f0,710144a400,710144a490
710072d530	7100767d94
710072d540	710072e370
710072d590	710072f070,710144a4e0,710144a4f0
710072d68c	710072f870,7100768100,7100768d60,71008a47dc,71009854a0,7100987d00
710072d780	71007295d0
710072d7c4	7100729b90,710072e608,7100768730,7100861e74,710098eafc
710072d98c	710072e608,7100768730,7100768dcc,710098eafc
710072da44	7100000280,710072d7c4,71009911e0,710144a3f0,710144a400,710144a490
710072db8c	710072c520
710072dbf4	710072c520,710144a590
710072dcbc	7100768dc0
710072dd70	710072fa3c,71009830f0,71009830f4,710144a510,710144a6a0
710072e070	710144a510,710144a6a0
710072e370	71009830f4,710144a4e0,710144a4f0
710072e480	71009830f4
710072ed3c	71009830f0,71009830f4,710144a510,710144a6a0
710072ee78	71009830f0,71009830f4,710144a510,710144a6a0
710072f070	710072f590,710072f6f0,71009830f0,71009830f4,710144a510
710072f590	71009830f0,71009830f4,710144a510
710072f6f0	71009830f0,71009830f4,710144a510
710072f874	7100987cf0
710072f8dc	7100987cf0
710072fa3c	71009830f0,71009830f4,710144a510,710144a6a0
710072fc3c	710098f4fc,710144a4e0,710144a4f0
710072fde0	7100728938,710072c4c0,710072d590,71009830f4,710144a4e0,710144a4f0
710072ff10	710019e940,710072fde0
710072ff34	71009830f0,71009830f4,710144a6a0
71007300ec	7100000280,71009911e0,710144a3f0,710144a400,710144a490
7100730650	710072b6e0,710092a820,7100961b24
7100730ba0	71009836b4
7100730c20	710092ab50,710092b198
7100730c90	710092ad50,710092b25c
7100730cbc	71009603c0,7100960560
7100730cf0	710019e940,71009603c0,7100960560
7100730d60	7100000280,7100730c20,7100731220,7100731260,7100735fb0,7100739270,7100739860,710144a3f0,710144a400
7100730dec	7100730c90,71007312d0
7100730e10	7100730d60
7100730e30	710098f6bc
7100730ec0	710098f6bc
7100730f50	710003ba60,71009601ec,71009619e0,7100961b24,7100961b40,71009836b4,710144a5d0
7100731130	71007356cc,7100735ca0,7100961a44
71007311a8	71007313c0,7100964b70,71009764b4
7100731220	7100993840,71009939e0
7100731260	710092ab50,710092b198
71007312d0	710092ad50,710092b25c
71007312fc	71009603c0,7100960560,71009830f4
7100731340	710019e940,71009603c0,7100960560,71009830f4
71007313c0	7100735ba0,7100892430,71008931b8,710144a490
71007315e0	7100731d40,71009863e4,7100992a44
7100731c2c	710073287c,7100732970,7100992ab4,7100993470
7100731c80	7100732b10,7100732c04,7100992ab4,7100993470
7100731d40	7100734d50,7100734ef8,7100734f94,71008a3564,7100987d00
7100731e50	7100731ee4,7100735618,7100992a8c,7100992ab4,710099332c,710099380c,7100993834
7100731ee4	710099333c,7100993350,710099338c,71009933c4
7100732044	7100731ee4,7100735628,7100992a8c,7100992ab4,710099332c,710099380c,7100993834
71007320d8	7100731ee4,710073576c,7100992a8c,7100992ab4,710099332c,710099380c,7100993834
710073216c	7100731ee4,7100735634,7100992a8c,7100992ab4,710099332c,710099380c,7100993834
7100732200	7100731ee4,7100735644,7100992a8c,7100992ab4,710099332c,710099380c,7100993834
7100732294	710099333c,7100993350,71009933c4
71007323e0	71009836b4,7100992b6c,7100992b78,710099380c,7100993834
7100732524	7100732294,7100735654,7100992a8c,7100992ab4,710099332c,710099380c,7100993834
71007325d0	7100732294,710073565c,7100992a8c,7100992ab4,710099332c,710099380c,7100993834
7100732684	7100731ee4,7100735664,7100992a8c,7100992ab4,7100993024,7100993110,710099332c,710099380c,7100993834
71007327c8	7100732294,710073566c,7100992a8c,7100992ab4,710099332c,710099380c,7100993834
710073287c	7100731ee4,7100735674,7100992a8c,7100992a98,710099380c,7100993834
7100732970	7100731ee4,710073567c,7100992a8c,7100992a98,710099380c,7100993834
7100732a5c	7100732294,7100735684,7100992a8c,7100992ab4,710099332c,710099380c,7100993834
7100732b10	7100731ee4,710073568c,7100992a8c,7100992a98,710099380c,7100993834
7100732c04	7100731ee4,7100735694,7100992a8c,7100992a98,710099380c,7100993834
7100732cf0	7100732294,710073569c,7100992a8c,7100992ab4,710099332c,710099380c,7100993834
7100732da4	7100731ee4,71007356a4,7100992a8c,7100992ab4,7100993024,7100993110,710099332c,710099380c,7100993834
7100732ee8	7100731ee4,71007356ac,7100992a8c,7100992ab4,7100993024,710099332c,710099380c,7100993834
7100732ff4	7100732294,71007356b4,7100992a8c,7100992ab4,710099332c,710099380c,7100993834
71007330a0	7100731ee4,71007356bc,7100992a8c,7100992ab4,710099332c,710099380c,7100993834
710073314c	7100732294,71007356d4,7100992a8c,7100992ab4,710099332c,710099380c,7100993834
71007331f8	7100731ee4,71007356cc,7100992a8c,7100992ab4,7100993024,710099332c,710099380c,7100993834
7100733304	7100731ee4,71007356dc,7100992a8c,7100992ab4,7100993024,7100993110,710099332c,710099380c,7100993834
7100733448	7100731ee4,7100733548,71007356e4,7100992a8c,7100992ab4,710099332c,710099380c,7100993834
7100733548	7100993024,7100993110
710073362c	7100731ee4,71007356ec,7100992a8c,7100992ab4,7100993024,7100993110,710099332c,710099380c,7100993834
7100733770	7100731ee4,71007356f4,7100992a8c,7100992ab4,7100993024,7100993110,710099332c,710099380c,7100993834
71007338b4	7100732294,71007356fc,7100992a8c,7100992ab4,710099332c,710099380c,7100993834
7100733960	7100732294,7100735704,7100992a8c,7100992ab4,710099332c,710099380c,7100993834
7100733a0c	7100732294,710073570c,7100992a8c,7100992ab4,710099332c,710099380c,7100993834
7100733ab8	7100731ee4,7100735714,7100992a8c,7100992ab4,7100993024,710099332c,710099380c,7100993834
7100733bc4	7100731ee4,710073571c,7100992a8c,7100992ab4,7100993024,710099332c,710099380c,7100993834
7100733d04	7100731ee4,7100735724,7100992a8c,7100992ab4,710099332c,710099380c,7100993834
7100733db0	7100731ee4,710073572c,7100992a8c,7100992ab4,7100993024,710099332c,710099380c,7100993834
7100733eec	7100731ee4,7100735734,7100992a8c,7100992ab4,7100993024,7100993110,710099332c,710099380c,7100993834
710073408c	7100731ee4,710073573c,7100992a8c,7100992ab4,7100993024,710099332c,710099380c,7100993834
71007341c8	7100731ee4,7100735744,7100992a8c,7100992ab4,7100993024,7100993110,710099332c,710099380c,7100993834
7100734368	7100731ee4,710073574c,7100992a8c,7100992ab4,7100993024,710099332c,710099380c,7100993834
71007344a4	7100731ee4,7100735754,7100992a8c,7100992ab4,7100993024,7100993110,710099332c,710099380c,7100993834
7100734644	7100731ee4,710073575c,7100992a8c,7100992ab4,7100993024,710099332c,710099380c,7100993834
7100734750	7100731ee4,7100735764,7100992a8c,7100992ab4,7100993024,710099332c,710099380c,7100993834
7100734884	7100731ee4,7100735778,7100992a8c,7100992ab4,7100993024,710099332c,710099380c,7100993834
7100734998	7100731ee4,7100735780,7100992a8c,7100992ab4,710099332c,710099380c,7100993834
7100734a50	7100731ee4,7100735788,7100992a8c,7100992ab4,7100993024,710099332c,710099380c,7100993834
7100734c20	710098439c,710144a490
7100734d54	7100987cf0
7100734d94	7100987cf0
7100734efc	7100987cf0
7100734f3c	7100987cf0
7100734f98	7100987cf0
7100734fd8	7100987cf0
7100735088	7100735118,7100735280,7100992a8c,7100992ab4,710099332c
7100735118	7100993024,71009931a8
7100735280	7100735568,71009836b4,7100992b6c,7100992b78,710099380c,7100993834
71007353e4	7100016460,71008891e8,71009836b4
7100735568	7100728a68,7100728a70,71007353e4
7100735628	7100725b10
7100735654	71007264f8
710073565c	7100727d14
7100735664	7100727d90
710073566c	7100727f00
7100735674	7100727e0c
710073567c	7100727e88
7100735684	7100728050
710073568c	7100727f7c
7100735694	7100727fe8
710073569c	7100728134
71007356a4	71007280cc
71007356ac	71007274e8
71007356b4	7100727554
71007356cc	71007275cc
71007356d4	71007275d4
71007356dc	7100727604
71007356e4	710072766c
71007356ec	71007276f0
71007356f4	7100727760
71007356fc	7100727848
7100735704	71007278c0
710073570c	7100727940
7100735714	7100727a20
710073571c	7100726650
7100735724	7100726a50
710073572c	7100726be0
7100735734	7100726c84
710073573c	7100726d30
7100735744	7100726dd4
710073574c	7100726f04
7100735754	7100726fa8
710073575c	7100727054
7100735764	71007270d0
710073576c	7100725b10
7100735778	7100727168
7100735780	71007271e4
7100735788	71007271ec
7100735790	710098439c,710144a4e0,710144a4f0
71007359a0	7100725b10,7100894ad0
7100735aa0	7100725b10,7100894ad0
7100735ba0	7100728a68,7100728a70,71007353e4,7100960840,710144a590
7100735ed0	710019e940,710144a4e0,710144a4f0
7100735fb0	71009939e0
7100735fd0	71009863e4,7100992a44
71007364e8	7100736c54,7100736d48,7100992ab4,7100993470
710073653c	7100736ee8,7100736fdc,7100992ab4,7100993470
71007365ec	7100738acc,7100738bb4,7100992ab4,7100993470
7100736650	71007264f8,71007366fc,7100992a8c,7100992ab4,710099332c,710099380c,7100993834
71007366fc	710099333c,7100993350,71009933c4
7100736848	7100727d14,71007366fc,7100992a8c,7100992ab4,710099332c,710099380c,7100993834
71007368fc	7100727d90,7100736a40,7100992a8c,7100992ab4,7100993024,7100993110,710099332c,710099380c,7100993834
7100736a40	710099333c,7100993350,710099338c,71009933c4
7100736ba0	7100727f00,71007366fc,7100992a8c,7100992ab4,710099332c,710099380c,7100993834
7100736c54	7100727e0c,7100736a40,7100992a8c,7100992a98,710099380c,7100993834
7100736d48	7100727e88,7100736a40,7100992a8c,7100992a98,710099380c,7100993834
7100736e34	7100728050,71007366fc,7100992a8c,7100992ab4,710099332c,710099380c,7100993834
7100736ee8	7100727f7c,7100736a40,7100992a8c,7100992a98,710099380c,7100993834
7100736fdc	7100727fe8,7100736a40,7100992a8c,7100992a98,710099380c,7100993834
71007370c8	7100728134,71007366fc,7100992a8c,7100992ab4,710099332c,710099380c,7100993834
710073717c	71007280cc,7100736a40,7100992a8c,7100992ab4,7100993024,7100993110,710099332c,710099380c,7100993834
71007372c0	71007274e8,7100736a40,7100992a8c,7100992ab4,7100993024,710099332c,710099380c,7100993834
71007373cc	7100727554,71007366fc,7100992a8c,7100992ab4,710099332c,710099380c,7100993834
7100737478	71007275d4,71007366fc,7100992a8c,7100992ab4,710099332c,710099380c,7100993834
7100737524	71007275cc,7100736a40,7100992a8c,7100992ab4,7100993024,710099332c,710099380c,7100993834
7100737630	7100727604,7100736a40,7100992a8c,7100992ab4,7100993024,7100993110,710099332c,710099380c,7100993834
7100737774	710072766c,7100733548,7100736a40,7100992a8c,7100992ab4,710099332c,710099380c,7100993834
7100737874	71007276f0,7100736a40,7100992a8c,7100992ab4,7100993024,7100993110,710099332c,710099380c,7100993834
71007379b8	7100727760,7100736a40,7100992a8c,7100992ab4,7100993024,7100993110,710099332c,710099380c,7100993834
7100737afc	7100727848,71007366fc,7100992a8c,7100992ab4,710099332c,710099380c,7100993834
7100737ba8	71007278c0,71007366fc,7100992a8c,7100992ab4,710099332c,710099380c,7100993834
7100737c54	7100727940,71007366fc,7100992a8c,7100992ab4,710099332c,710099380c,7100993834
7100737d00	7100727a20,7100736a40,7100992a8c,7100992ab4,7100993024,710099332c,710099380c,7100993834
7100737e0c	7100726650,7100736a40,7100992a8c,7100992ab4,7100993024,710099332c,710099380c,7100993834
7100737f4c	7100726a50,7100736a40,7100992a8c,7100992ab4,710099332c,710099380c,7100993834
7100737ff8	7100726be0,7100736a40,7100992a8c,7100992ab4,7100993024,710099332c,710099380c,7100993834
7100738134	7100726c84,7100736a40,7100992a8c,7100992ab4,7100993024,7100993110,710099332c,710099380c,7100993834
71007382d4	7100726d30,7100736a40,7100992a8c,7100992ab4,7100993024,710099332c,710099380c,7100993834
7100738410	7100726dd4,7100736a40,7100992a8c,7100992ab4,7100993024,7100993110,710099332c,710099380c,7100993834
71007385b0	7100726f04,7100736a40,7100992a8c,7100992ab4,7100993024,710099332c,710099380c,7100993834
71007386ec	7100726fa8,7100736a40,7100992a8c,7100992ab4,7100993024,7100993110,710099332c,710099380c,7100993834
710073888c	7100727054,7100736a40,7100992a8c,7100992ab4,7100993024,710099332c,710099380c,7100993834
7100738998	71007270d0,7100736a40,7100992a8c,7100992ab4,7100993024,710099332c,710099380c,7100993834
7100738acc	7100725b10,7100736a40,7100992a8c,7100992a98,710099380c,7100993834
7100738bb4	7100725b10,7100736a40,7100992a8c,7100992a98,710099380c,7100993834
7100738c4c	7100725b10,7100736a40,7100992a8c,7100992ab4,710099332c,710099380c,7100993834
7100738ce4	71007366fc,7100992a8c,7100992ab4,710099332c,710099380c,7100993834
7100738d8c	7100727168,7100736a40,7100992a8c,7100992ab4,7100993024,710099332c,710099380c,7100993834
7100738ea0	71007271e4,71007366fc,7100992a8c,7100992ab4,710099332c,710099380c,7100993834
7100738f58	71007271ec,7100736a40,7100992a8c,7100992ab4,7100993024,710099332c,710099380c,7100993834
7100739140	710098439c,710144a490
7100739270	7100993840
7100739310	710072e5b8,71009836b4,710144a490
71007394c0	710099333c,7100993350,71009933c4
710073960c	710098439c,710144a490
71007396f0	710098439c,710144a490
7100739860	7100993840
7100739a04	7100739d8c,710073a060,7100992ab4,7100993470
7100739a58	710073a420,710073a67c,7100992ab4,7100993470
7100739ac0	7100728a68,7100739c2c,7100992a8c,7100992ab4,7100993024,710099332c,710099380c,7100993834
7100739c2c	710099333c,7100993350,710099338c,71009933c4
7100739d8c	7100728a70,7100739c2c,7100739f38,7100992a8c,7100992a98,710099380c,7100993834
7100739f38	71009836b4,7100992b6c,7100992b78
710073a060	7100728b10,7100739c2c,7100739f38,710073a1a4,7100992a8c,7100992a98,710099380c,7100993834
710073a1a4	7100992af0
710073a38c	7100728b70,7100739c2c,7100992a8c,7100992ab4,710099332c,710099380c,7100993834
710073a420	7100728b78,7100739c2c,710073a52c,7100992a8c,7100992a98,710099380c,7100993834
710073a67c	7100728be0,7100739c2c,710073a7d0,7100992a8c,7100992a98,710099380c,7100993834
710073a7d0	7100992af0
710073a9d4	7100728da0,7100739c2c,7100992a8c,7100992ab4,710099332c,710099380c,7100993834
710073aa68	7100728e5c,7100739c2c,7100992a8c,7100992ab4,7100993024,710099332c,710099380c,7100993834
710073ab7c	7100728a60,710073ac34,7100992a8c,7100992ab4,710099332c,710099380c,7100993834
710073ac34	710099333c,7100993350,71009933c4
710073ad80	7100729270,710073ac34,7100992a8c,7100992ab4,7100993024,710099332c,710099380c,7100993834
710073aec8	7100729278,710073ac34,7100992a8c,7100992ab4,7100993024,710099332c,710099380c,7100993834
710073b06c	71007293ac,7100739c2c,7100992a8c,7100992ab4,7100993024,710099332c,710099380c,7100993834
710073b1ac	7100728980,710098439c,710144a490
710073b3d0	710087e938
710073b83c	710073bf30,710073ccf4,7100753840,71007596c0,7100759750,710144a5d0,710144a680,710144a690
710073bf30	710073d51c,710073d660,710073d770,7100743320,7100743510,710087bfe4,710087c8fc,710144a5d0,710144a680,710144a690
710073ccf4	7100743924,7100753840
710073d4cc	710144a5d0
710073d500	71007437e0
710073d660	71007593f0
710073da58	710073d660,7100743510,710074392c,710144a680,710144a690
710073dcec	710073d770
710073e1f0	7100744130,7100744808
710073e2d0	710073e3a0,710144a680,710144a690
710073e3a0	710073ef30,710073fe30,7100740d30,7100741ee0,7100753840
710073e8a8	710144a680,710144a690
710073e904	710073b3d0
710073eb0c	71007593f0
710073ebe0	71007589dc,71007593a4
710073edb4	71007588dc
710073ef30	710073ef30,710073f590,710073f6b0,710073f970,710073fab0,710073fc30
710073f6b0	710073f590,710073fc30
710073fc30	710073f590
710073fe30	710073fe30,7100740490,71007405b0,7100740870,71007409b0,7100740b30
71007405b0	7100740490,7100740b30
7100740b30	7100740490
7100740d30	7100740d30,71007414a0,71007415e0,7100741910,7100741af0,7100741ca0
71007415e0	71007414a0,7100741ca0
7100741ca0	71007414a0
7100741ee0	7100741ee0,7100742650,7100742790,7100742ac0,7100742ca0,7100742e50
7100742790	7100742650,7100742e50
7100742e50	7100742650
7100743090	710087bfe4,710087c008,710087c8fc,710087ca2c,710087cb44,710087cb9c,710087cbd0,710087edd4,710087edf4,710087eee0
71007432b0	710087cb0c,710087ee7c
7100743320	7100753840
7100743720	710087ca28,710087edf0
7100743758	710019e940,710087ca28,710087edf0
710074379c	7100743a4c
71007437e0	7100743a58
710074392c	7100743aa8
7100743960	710144a640
71007439c0	710144a640
7100743a20	710144a580
7100743a58	7100743320
7100743aa8	7100743510
7100743af0	7100745e80,710087e84c
7100743fd8	710087e938
7100744130	710073ee78,7100743924,71007439c0,7100745e80,7100753840,710087cec8,710087d600,710087e558,710087e580,710087e84c,710087e938,710087e9a4
7100744808	710073b760,7100744910,710087d600
7100744910	710073e904,7100743924,71007439c0,7100743af0,7100743fd8,7100745100,7100753840,710087cf2c,710087d32c,710087d430,710087d4d4,710087d5ac,710087d70c,710087e9a4
7100745100	710073e3a0,710087cf2c
7100745288	710087edf0,7100886108,7100886244
71007452c0	710087c008,710087c240,710087c270,710087edd4,710087eddc,710087edf4,710087eee0,7100885fdc,710088610c,7100886214,7100886248
71007455b0	710087ee7c,71008861dc,7100886380
7100745630	7100745b40
7100745ef0	7100000280,710087ede4,71008860cc,710088622c
7100745f60	71007461e0,7100748c3c
71007461e0	71007463bc,71007596c0
71007463bc	710073b490,710073b83c,710073d4cc,710073da58,710073ded0
71007465d0	710073d4cc,710073da58
71007466e0	71007465d0
7100746760	7100746830
7100746830	710073d4cc,710073da58,710073ded8,71007465d0,7100746d4c,7100747630,71007678a0
7100746d30	71007678a0
7100746d4c	710073dd60,710073ddc8,710073de4c,710073dfe0,7100746fc0,7100747c2c,710074cf04,710074d010,710074d580,710074ef00
7100746fc0	710144a680,710144a690
7100747060	710073dfe0,710073e1f0
71007472c8	710073dfe0,710073e1f0
7100747470	7100747060,71007472c8
71007479f0	710073e1b4
7100747c2c	710073dfe0,710073e17c,7100743924,7100743ae0,71007609b0,7100763f50
7100747f20	7100884bc8,7100884d9c,7100884fe8,7100885234
71007480c4	7100759784
71007480d8	7100759970
71007481d0	710087c1b0,710087c1c4,710087c1cc,7100884690
710074895c	71007481d0,7100753840,71008851b0,7100885244,7100885260,710144a5d0
7100748bd0	71008855c4
7100748c3c	710074895c,7100748d44,7100753840,710075ccd0
7100748d44	710074c934,710074ca10,7100753840
71007491a0	710074ba80,710075cb50,710087cb44,710087cb58,710087cb5c,710144a580
710074c934	710075e3c0,7100883ab0
710074ca10	710075ebc0,7100883ab0
710074cb60	710073dcec,710073e1b4,710074fea0,710144a600
710074cf04	710144a580
710074d010	710073b648
710074d580	710073b5c0,710073b6d0,710073dd60,710073ded8,710073e1b4,7100743924,7100743a20,710074cb60,710074d010,710074e070,710074ef00,710074fea0,7100753630,7100760988,7100763f20
710074e070	710073eb0c,710073edb4,710074cb60,7100755834,710144a580
710074ef00	710073df30,710073df88,710073e028,710073e098
710074f278	7100755ccc,7100756134,7100756990,71007571ec
710074f620	710073ebe0,710074f278,710074f880
710074f880	71007463bc,710074fea4
710074fea4	710144a560,710144a640
71007510c4	7100752c38
71007510f8	710144a560
7100751d7c	7100752ed0
71007522f8	7100750f28
7100752378	71007510f8
7100752c38	710144a640
71007534f0	7100753840
7100753630	7100753840,710144a600
7100753be0	71007534f0,7100757a70,710144a600
7100753d1c	71007534f0,710144a600
7100753ec0	71007534f0,710144a600
7100754528	71007534f0,710144a600
7100754cc4	71007534f0,710144a600
71007552f0	71007534f0,710144a600
7100755834	7100745630,7100753be0,7100753d1c,7100753ec0,7100754528,7100754958,7100754cc4,71007552f0,710144a540
7100755ccc	71007534f0,710144a600,710144a640
7100756134	71007534f0,710144a600
7100756598	71007534f0,710144a600
7100756990	71007534f0,710144a600
7100756df4	71007534f0,710144a600
71007571ec	710144a540,710144a640
7100757a70	7100758030,7100758260,7100758470,710144a540
71007588e0	71007589e4
7100758cb4	71007571ec
7100758d34	710073e028,7100755ccc
7100758dc0	7100755ccc
7100758e18	7100756134
7100758e7c	7100756990
7100759230	710144a510
71007593a4	71007589b0
7100759410	710144a5d0
7100759784	710087c0c0,710087c104,710087c12c,710087c164,7100884bdc,7100884d90,7100884db0,7100884dd0,7100884ffc,710144a640
7100759970	7100884d88,7100884fe0,71008851a0
71007599d4	710075d640,710144a5d0,710144a650
7100759ae0	710075d670,710144a660
7100759b68	710019e940,7100759ae0
7100759b8c	7100753840,7100759c48,7100759d90,710075a2a0
7100759c48	7100753810,710144c270,710144c280,710144c290
7100759d90	71007480d8,7100748bd0,7100753810,7100753840,710075ab80,710075ac70,710075d7f8,710075d810,7100772c10,710087ee7c,71008861dc,7100886380,710144a680,710144a690
710075a2a0	7100753840,710075ad60,710075af40,710075b200,710075b538,710075b620,710075b990,710075bbb4,710075d698,710087bfe4,710087c1cc,710087c8fc,710087cb44,710087cb58,710087cb5c,710087cb9c,71008851b0,710144a5d0,710144a680,710144a690
710075ab20	710144a680,710144a690
710075ab80	710075e2d0,7100883768,71008845fc
710075ac70	710075eb38,7100883768,71008845fc
710075ad60	710087c048,710087c270,710087edf4,710087eee0,710088610c,7100886214,7100886248,710144c2a0
710075af40	7100753840,710075d8f0,710144a680,710144a690
710075b200	7100753840,710075d698,710075d878,710075d8f0,710087bfe4,710087c8fc,710087cb44,710087cb58,710087cb5c,710087cb9c,710144a680,710144a690
710075b538	7100753840,710075c080,71007729bc,7100772ad0,7100772b70,710087eee0
710075b620	7100753840,710075c370,710075d210,710087c014
710075b990	7100753840,710075c530,710144a5d0,710144a680,710144a690
710075bb40	710144a680,710144a690
710075bbb4	71007480c4,71007480e0,7100748c3c,71007491a0,7100753840,710075ca70,710075cae0
710075bcb0	710075be30
710075be30	7100753810,710075be30,710144a590,710144a5c0
710075c080	7100753840,710075dea0,710144a680,710144a690
710075c290	710075ab80,710075ac70,710075c370,710075d210,710087c014
710075c370	710074c934,710075d408,710075e3b8,71008835a0,710144a700
710075c530	7100747f20,710074c3a0,7100753840,710144a680,710144a690
710075ca70	7100753810,710075ca70
710075cae0	7100753810,710075cae0
710075cb50	710144a590,710144a5c0
710075ccdc	710075ccd4
710075cd20	710144a630
710075cdd0	710144a630
710075cf6c	710019e940,710144a660
710075cfac	710144a680,710144a690
710075d080	710087d014
710075d210	710074ca10,710075d408,710075e278,710075ebb8,71008835a0,710144a700
710075d408	710075e278
710075d640	710087ca10,710087ede4
710075d670	710087ca28,710087edf0
710075d698	710087bfe4,710087c008,710087c8fc,710087ca2c,710087cbd0,710087edd4,710087eddc,710087edf4,710087eee0
710075d810	710087cb0c,710087ee7c
710075d8f0	710075d980
710075d980	710144a580
710075dea0	7100753840,710075e140,710087cb9c
710075e140	710144a590,710144a5c0
710075e284	7100884690
710075e2d0	710075e2c4
710075e3c0	710075e3f0
710075e3f0	710075e284,710075e2c4
710075eab8	710087e938
710075eb38	710075e2c4
710075ebc0	710075ebf0
710075ebf0	710075e284
710075eff0	7100753840
710075f3d0	71007606bc
710075f6c0	7100743510,710144a680,710144a690
710075f81c	7100758edc,710075f8c0
710075f8c0	710144a680,710144a690
710075fb30	7100756598,7100756df4,71007589cc,71007589d4,7100758edc
710075fc68	7100753980,7100758cb4
710075fdd0	7100753980,7100756598,7100756df4,71007589cc,71007589d4,71007589ec,7100758a14,7100758b88,7100758bb0,7100758cb4,7100758d34,7100758dc0,7100758edc,710075938c,710075fc68
71007606bc	71007538b0
7100760b50	7100743320,7100760da4,710144a5d0
7100760e84	710073e904,7100743af0,7100743fd8,710087d32c,710087d430,710087d4d4,710087d5ac,710087d600
7100760fb0	7100753840
7100761830	710144a640
7100761b40	7100743510,710144a680,710144a690
7100761cac	7100758edc,7100761d50
7100761d50	710144a680,710144a690
7100762108	7100756598,7100756df4,71007589cc,71007589d4,7100758edc,710075938c,7100762320
7100762320	7100753980,71007589d4,71007589ec,7100758a14,7100758b88,7100758bb0,7100758cb4,7100758d34,7100758dc0,7100758e18,7100758e7c,7100758edc
7100763d18	71007538b0
71007640f0	7100760e84,7100764544,710087e9a4
7100764290	7100761830
71007642f0	7100743320,7100760da4,710144a5d0
7100764544	7100753870,710076dd18,710076ddd4,710087cf94,710087e938
7100764700	710075efc8,7100760f8c,71007695bc,71007697e8,710087ca10,710087ede4,710144a5d0,710144a650,710144b310
71007657f0	7100743090,7100743320,71007452c0,7100745e70,710074caec,7100753800,7100753810,7100753840,7100753880,7100759400,710075d640,710075eff0,7100760fb0,71007695d0,7100769870,7100769de8,710076dac0,710076dbf4,710076dde0,710087bfe4,710087c008,710087c8fc,710087edd4,710087eddc,710144a5d0,710144a650,710144a680,710144a690
7100766c30	71007432b0,7100743510,71007455b0,710074cb54,7100753840,7100759660,7100759d90,710075f0e8,710076109c,71007695c8,7100769690,7100769834,7100769c10,7100769df0,710076dc10,710076e250,710087ca28,710087edf0,710144a660,710144a680,710144a690
71007671c0	710019e940,7100766c30
71007671e4	7100753840,71007599d4,7100759b8c,7100759d90
7100767384	71007671e4
71007673dc	7100753840,7100759d90
71007674a0	7100745f60,71007466e0,7100753840,7100769700,710144a680,710144a690
71007676ac	71007674a0
71007676c0	7100747be0,7100747c00,7100753840,710075ce70,71007674a0
71007678a0	7100753840,710144a680,710144a690
7100767960	71007466e0,7100767a30,71007697a0,710144a680,710144a690
7100767a30	7100753880
7100767be0	7100753840,710144a680,710144a690
7100767d94	7100767be0,710144a680,710144a690
7100768100	7100743620,7100767960,710144a5d0,710144a680,710144a690
7100768400	7100746830,7100753840,710144a680,710144a690
7100768730	710076dd18,710076ddd4,710087e938,710144a580
7100768be0	7100768c1c
7100768c1c	7100747470
7100768d60	710076dc78
7100768dcc	7100768e10
7100768e10	7100744130,710087e558,710087e580
7100768f74	7100745e90
7100768f80	7100745eb0
7100768fcc	710019e940,710144a660
71007690e8	710076cf9c
71007692c0	7100760e84,710076945c,710087e9a4
710076945c	7100753870,71007609d0,710076dd18,710076ddd4,710087cf94,710087e938
71007695d0	710144a5d0
7100769690	71007466e0
7100769700	7100753840
71007697e8	710075d640
7100769834	710075d670
7100769848	710019e940,7100769834
7100769870	710074379c,71007596cc,710075d698,710087bfe4,710087c8fc,710087cb44,710087cb58,710087cb5c,710087cb9c,710144a5d0,710144a650
7100769c10	71007437cc,710075d810,710144a660
7100769ce0	7100753840
7100769df4	710073d500,710144a680,710144a690
7100769fc4	710144a680,710144a690
710076a170	710073e2d0,710073e8a8,7100743924,7100743960,71007538b0,71007588dc,7100758d34,710076a04c,710076ce00
710076cf9c	71007439c0,7100753870,7100760e84,710076dd18,710076ddd4,710087cedc,710087d70c,710087e938
710076d27c	710144a680,710144a690
710076d338	710144a680,710144a690
710076d3b8	710076d3f0
710076d3f0	7100744910,71007577c0,710076dd18,710087d600,710087e938
710076dac0	710075d698,710087bfe4,710087c8fc,710087cb9c
710076dc10	710075d810
710076dc78	710087cb44,710087cb58,710087cb5c
710076dde0	7100753840,710087c07c,710088398c,71008839b4,7100883a98,710144a640
710076e250	7100883a60
710076e804	710076e5bc,710076e704
710076e910	710076e718
710076e9b8	710076ea10,710144a580
710076ea10	710076e5d0,710144a590,710144a5c0
710076ecb0	710076e5d0,710076e670,710144a580
710076ed68	710076ea10,710144a580
710076edd0	7100772890
710076f158	710076e5bc,710076e704
710076f2f0	710076e718
710076f3e0	710069f910,710076e5d0,710144a590,710144a5c0
710076f8f0	710076e5d0,710076e670
710076fe00	710076ff50
7100770410	7100770c58,7100772d6c,710144a580
71007705fc	710087bfe4,710087c8fc
710077064c	710087bfe4,710087c8fc
71007706d0	710087bfe4,710087c8fc,710087ca10,710087ca2c,71008870d0,710144a5d0
71007708e8	71007706d0,710087bfe4,710087c8fc
71007709a0	710087ca28,710087cb0c
7100770a30	7100770cb0,7100772c9c,710087cb44,710087cb58,710087cb5c,710144a580,710144a5d0
7100770d60	71007702f0,7100777220,71007823f8
7100771100	71007702f0,7100770410,7100777220,7100777660,71007823f8,71007824e0
71007716c0	71007705fc,710077064c,7100777adc,7100777b30,7100782a7c
7100771800	71007705fc,710077064c,71007708e8,71007716c0,7100777adc,7100777b30,71007786c4,7100782a7c,7100782c54
71007719e0	71007709a0,7100778790,7100782d30
7100771ac0	7100778020,71007790a0
71007729a0	710144b690
71007729bc	710144b6a0,710144b6b0,710144b6c0,710144c2c0
7100772a00	7100773f50,7100774010
7100772ad0	71007740b0,710087ede4,710087edf4,71008870b0,710144b310
7100772b70	7100774170,710144b310
7100772c10	7100774260,710087edf0,710087ee7c
7100772c9c	710144a580
7100773180	710088398c,71008839b4,71008870f0
7100773290	71008839b0,7100883a60
7100773ad0	7100772764,7100772890
7100773bf0	7100772764,7100772890
7100773d10	7100772890
7100773de0	7100772890
7100773eb0	7100772890
7100773ef4	7100772890
7100774010	71007730c0
71007740b0	7100773180,7100774800,7100774af0
7100774170	7100773180,7100774900,7100774bb0
7100774260	7100773290,7100774a00,7100774c70
7100774350	7100772764
71007743e0	7100772764
7100774530	7100772764,7100772890
7100774600	7100772764,7100772890
71007746e0	7100772764
7100774770	7100772764
7100774800	710087ca10,710087ca2c,71008870d0
7100774900	710087ca10,710087ca2c,71008870d0
7100774a00	710087ca28,710087cb0c
7100774af0	710087ca10,710087ca2c,71008870d0
7100774bb0	710087ca10,710087ca2c,71008870d0
7100774c70	710087ca28,710087cb0c
7100774cfc	710087cb9c,710087d014
7100774db0	7100772764
7100774e70	7100772764
7100775070	7100772764
7100775100	7100772764
710077526c	710076e704
7100775330	710076e718,710077431c
71007753d0	7100774350,71007743e0
71007754a4	710076e704
7100775560	710076e718,7100774464
7100775600	7100774530,7100774600
71007756d4	710076e704
7100775790	710076e718,71007746c4
7100775830	71007746e0,7100774770
7100775e30	710076e5bc,710076e704
7100775f70	710076e718
7100776380	7100774f30
7100776400	710076e5d0,710076e670,7100774f30
71007768ec	710144a5d0
71007769c0	710144a5d0
7100776e60	710144a560
7100777110	710144a640
7100777220	7100774a90
7100777660	71007779c0,710144a5d0
71007779c0	7100774a90,710087ca10
7100777adc	710087bfe4,710087c8fc
7100777b30	710087bfe4,710087c8fc
7100777c70	710087bfe4,710087c8fc,710087ca10,710087ca2c,710087cb44,710087cb58,710087cb5c,71008870d0
7100777e10	710087c8fc,710087ca2c,710087cb44,710087cb58,710087cb5c,710144a580
7100778020	71007782b4,71007784bc,710087cb44,710087cb58,710087cb5c,710087cb7c
71007782b4	7100777110,710144a640
71007784bc	7100777110,710144a640
71007786c4	7100777b30,7100777c70,7100777e10,710087bfe4,710087c8fc
7100778790	710087ca28,710087cb0c
71007788e0	710144a560
71007790a0	710087cb44,710087cb58,710087cb5c,710144a580
710077a070	7100774fa8
710077a280	7100774fa8
710077a410	7100774fa8
710077af80	7100775070,7100775100
710077be60	710076e5bc,710076e704
710077bf70	710076e718
710077c020	71006de540,710076e5d0
710077c188	710077c020
710077c1f4	710077c020
710077c264	710077c020,710077c320
710077c320	71006de540,710144a560
710077c730	710076e5d0,710076e670
710077c810	7100774fa8
710077cdbc	710144a540
710077d2e4	710144a540
710077d4f0	710144a540
710077d784	710144a540,710144a560
710077e6a8	710078046c
710077eaf0	710144a560
710077f140	710078046c
710077f3f4	7100780784
710077f584	7100780784
710077f708	7100780784
710078046c	710144a560
71007824e0	71007825f0
7100782a1c	710087bfe4,710087c8fc
7100782a7c	710087bfe4,710087c8fc
7100782b10	710087bfe4,710087c8fc,710087ca10,710087ca2c,71008870d0
7100782c54	7100782b10,710087bfe4,710087c8fc
7100782d30	710087ca28,710087cb0c
7100782e00	710087cb44,710087cb58,710087cb5c
7100782fbc	7100883ab0,71008845fc
71007830b0	7100884690
71007836b8	710144a680,710144a690
710078376c	710087d600
7100783830	7100883768,71008845fc,710144a700
7100783920	710144a510,710144a5d0
71007839f0	710144a510,710144a5d0
7100783ac0	710144a5d0
7100783e30	7100782fbc,71008835a0,7100883768,710144a650,710144a700
7100784120	71007830b0,7100883ab0,710144b7b0
7100784220	7100783830,710144a660
71007842b0	710144b6a0,710144b6b0,710144b6c0,710144c2c0
710078434c	710144b690
7100784458	7100770c58,7100783920,710144a510
7100784598	710087bfe4,710087c8fc
7100784600	710087bfe4,710087c8fc
71007846a0	710087bfe4,710087c8fc,710087ca10,710087ca2c,710087cb44,710087cb58,710087cb5c,71008870d0,710144a5d0
7100784940	71007846a0,710087bfe4,710087c8fc
7100784a10	710087cb0c
7100784a90	7100770cb0,71007837e4,710087cb44,710087cb58,710087cb5c,710144a5d0
7100784c50	71007837bc
7100784d08	71007837bc
7100784e44	71007839f0,7100783ac0,7100783ae0,710144a510
7100784f60	71007836b8,7100783ac0,7100783ae0,710144a510
7100785050	7100783800
71007850cc	7100783800
7100785100	71006d8f80,71006d9260,7100784c50,7100784d08
71007851d0	71007852a0
71007852a0	710144a590,710144a5c0
71007853e0	710087cb44,710087cb58,710087cb5c,710144a580
71007854b0	71009836b4,7100983b10,7100984a20,710098528c,710144b310
7100785570	7100785f20
71007855e0	7100786828
71007855e8	710078579c,7100785948,71009836b4
7100785650	7100785a14,710098439c
7100785704	7100785a68,71007867e4
710078579c	710098f4fc,710144a4e0,710144a4f0
7100785948	710050dbe0,7100786334,71009836b4,710144a5d0,710144ac80
7100785a14	710098439c
7100785a68	7100785c70,7100786aa8,710144a590,710144a640
7100785c70	7100786640,71009830f0,71009830f4,710144a6a0
7100785f6c	7100785c70,710144a590
71007861e0	710019e940,71009830f4,710144a4e0,710144a4f0
71007862c0	7100981ee0,7100982230
71007862f4	710019e940,7100981ee0,7100982230
7100786334	7100981fe4,71009836b4,710144a5d0,710144c2d0,710144c2e0,710144c2f0
71007863b0	710098439c
71007864e8	710144a590
710078652c	710019e940,7100981ee0
7100786550	710144c300
7100786584	710144a580,710144c310,710144c320
7100786640	71009830f0,71009830f4,710144a510,710144a6a0
71007867e4	7100786858
7100786828	71007868a4
7100786858	710144a4f0,710144c330
71007868a4	710084d8f4,710084e4b4,710086273c,710087c300,710087da84,710144a490
71007869ec	71009836b4,7100983b10,7100984a20,710098528c,710144b310
7100786aa8	7100787a48
7100786ab0	7100787524,71007876f8,71009836b4
7100786af0	7100786bd0,710078776c,710098439c
7100786bd0	7100982230,71009830f4,710144a4e0,710144a4f0
7100786cec	710050dbe0,710098f4fc,710144a4e0,710144a4f0
7100786ef0	7100981ee0,710098439c,710144a4e0,710144a4f0
7100786fe4	710019e940,7100786ef0
7100787028	7100787bfc,71009830f0,71009830f4,710144a6a0
7100787524	710098f4fc,710144a4e0,710144a4f0,710144ac80
71007876f8	7100981fe4,71009836b4,710144a490,710144c350,710144c360
710078776c	710098439c,710144c370
71007877c0	710098439c
7100787910	71009830f0,71009830f4,710144a6a0
7100787a48	7100786cec,7100787028,7100787910,71009823b0,71009836b4
7100787b40	71009830f4
7100787b94	710019e940,71009830f4
7100787bfc	71009830f0,71009830f4,710144a510,710144a6a0
7100787d38	71009836b4,7100983b10,7100984a20,7100984a58,710098528c,710144b310
7100787ec4	710050dbe0,7100788110,71009836b4,710144ac80
7100787fbc	71007883e0,7100981ee0,7100982230,71009830f4,710098439c
7100788020	710098439c
7100788064	7100788460
710078806c	7100788570
7100788078	71007886e0
7100788080	7100788920
7100788090	7100788840
7100788098	7100788980
7100788110	7100106fd4,71007880a0,7100788290,7100788a9c,7100788de0,7100981fe4,71009836b4,710144a590,710144a6a0,710144ae00,710144c380,710144c390,710144c3a0
7100788290	7100106fd4,71007880a0,7100788730,7100788a9c,710144a590,710144ae00,710144c3a0,710144c3b0,710144c3c0
71007883e0	7100788730,71009830f4,710098439c
7100788460	71009823b0
7100788570	71007885ec
71007885ec	71007880a0,7100788730,71007889d4,71007891f0,710144c3d0,710144c3e0
71007886e0	7100788730
7100788730	71007880a0,71007891b8,71007891c0,710144ae00,710144c3c0
7100788840	710144a590
71007889d4	7100106fd4,71007880a0,7100788a9c,71007891b0,71007891c0,710144a590,710144ae00,710144c3a0
7100788a9c	7100849d08,7100849d14,7100849d24,7100849d2c,7100849d34,710084e50c,71009836b4,710098439c,710144a5d0,710144c3f0,710144c400,710144c410,710144c420,710144c430,710144c440,710144c450
7100788d5c	710144c460
7100788d98	710019e940,7100981ee0
7100788de0	71009830f0,71009830f4,710144a5d0,710144a6a0
7100788ef4	7100983b10,7100984a20,7100984a58,710098528c,710144b310
7100789028	71007892ac,71009836b4,710144ac80
71007890c0	71007895ec,7100789bec,7100990dd8
7100789124	710078925c,710098439c
71007891b0	71007896e4
71007891b8	7100789728
71007891c0	7100789730
71007891c8	71007897cc
71007891d0	71007898d4
71007891d8	71007899f4
71007891e0	7100789afc
71007891e8	7100789cd4
71007891f0	7100789d78
710078925c	7100789d80,710078abe0,7100982230,71009830f4,710098439c
71007892ac	710078938c,710078abd0,710078ac5c,7100981fe4,71009836b4
710078938c	7100789eb8,71009830f4,710144a510,710144a5d0,710144a6a0
71007895f0	71009830f4,710098439c
71007896e4	710078aca0,710078b4e0
7100789728	710078afa0
7100789730	710078b4e0
7100789738	710078b160,710078b4e0
71007897cc	710078a3d0,710078b85c,710078bba8,71009823b0,71009836b4
71007898d4	710078a3d0,710078bcf0,710078c068,71009823b0,71009836b4
71007899f4	710078a3d0,710078c18c,710078c4d8,71009823b0,71009836b4
7100789afc	710078a3d0,710078c5e4,710078c8e8,71009823b0,71009836b4
7100789bf4	710078b250,710078b4e0
7100789c74	710078b410,710078b4e0
7100789cd4	710078b340,710078b4e0
7100789d34	710078b0d0,710078b4e0
7100789d78	710078ac64
7100789d80	71009830f4
7100789eb8	7100789f68,71009830f0,71009830f4,710144a6a0
7100789f68	710078a120,710144a510
710078a3d0	710078a8f0,710078aa50,71009830f0,71009830f4,710144a510
710078a8f0	71009830f0,71009830f4,710144a510
710078aa50	71009830f0,71009830f4,710144a510
710078abe0	71009830f4
710078ac64	710144c470
710078aca0	710078b51c,710078b660,710097f2e8,71009830f0,71009830f4,710144a510,710144a590,710144a6a0,710144c470,710144c480
710078afa0	71009830f4,710144c490
710078b0d0	710097f2e8,710144c4a0
710078b160	710097f1e4,710098048c,710144a590
710078b250	710097f1ec,710098048c,710144a590
710078b340	710097f19c,710098048c,710144a590
710078b410	710097f1d4,710098048c,710144a590
710078b51c	71009830f0,71009830f4,710144a510,710144a6a0
710078b660	71009830f0,71009830f4,710144a510,710144a6a0
710078b85c	710050dbe0,710078b51c,710078b930
710078b930	710098f4fc,710144a4e0,710144a4f0
710078baa0	7100981ee0,71009830f4,710098439c,710144a4e0,710144a4f0
710078bb84	710019e940,710078baa0
710078bbc4	7100789738,710144a490
710078bcf0	710050dbe0,710078b51c,710078bdf0,71009836b4,710144a580
710078bdf0	710098f4fc,710144a4e0,710144a4f0
710078bf60	7100981ee0,71009830f4,710098439c,710144a4e0,710144a4f0
710078c044	710019e940,710078bf60
710078c084	7100789bf4,710144a490
710078c18c	710050dbe0,710078b51c,710078c260
710078c260	710098f4fc,710144a4e0,710144a4f0
710078c3d0	7100981ee0,71009830f4,710144a4e0,710144a4f0
710078c4b4	710019e940,710078c3d0
710078c4f4	7100789c74,710144a490
710078c5e4	710050dbe0,710098f4fc,710144a4e0,710144a4f0
710078c7f0	7100981ee0,710144a4e0,710144a4f0
710078c8c4	710019e940,710078c7f0
710078c904	7100789d34,710144a490
710078ca54	710078cb2c,71009836b4,7100983b10,7100984a20,7100984a58,710144b310
710078cb48	7100796540,71009836b4,710098eab8,7100994070
710078cc0c	710078cd60
710078cc2c	710098439c
710078ccbc	710078cea4
710078ccc4	710078cec0
710078cccc	710078cdc0
710078cd20	7100798a70,710098ea30
710078cd60	710078d95c,710098eac0,710098eac4
710078cdc0	710078e7a0,710098eac0,710098eac4
710078cec0	710078d444,710078dc08,71009830f0,71009830f4,71009836b4,710098439c,710098eac0,710098eac4,710144a6a0
710078d120	710098eac0,710098eac4
710078d270	710084b094,710084da7c,710087c014,71008835a0,7100883ab0,710144a700
710078d3a8	7100883768,710144a700
710078d444	710078d530,71008a452c
710078d530	710098f4fc,710144a4e0,710144a4f0
710078d6a0	710078e150,710144a4e0,710144a4f0
710078d7a0	710019e940,710078d6a0
710078d8b0	710078e940,71009847e4,71009850ac
710078d8f4	710078e348
710078d910	710078e58c
710078d920	710078e58c
710078d95c	710078e348,710078e58c,710078e8e0,710078e940,71009847e4,71009850ac
710078da3c	710078db64,71009836b4,7100990ee4
710078dab8	710098439c,7100990da4,7100990fe0
710078db30	710019e940,710078dab8
710078db90	710078ec40,7100790678,710098439c
710078dc08	710050dbe0,710078dd80,71008de540,7100981fe4,71009823b0,71009836b4,710144a490,710144ac80
710078dd80	71005a2348,710078e9e0,710078f0c8,710078f5e8,710078f648,710078f9c0,71007909e0,7100790e60,7100791470,7100791538,71008d692c,71009830f0,71009830f4,71009836b4,710144a510,710144a590,710144a5e0,710144a6a0,710144ada0
710078e150	710078da3c,710078ec40,7100790678,71008defe4,7100982230,71009836b4,710098439c,710144add0
710078e2d8	710078ff74
710078e318	71007903a0
710078e330	71007903b0
710078e348	710078ef94,71007907dc
710078e3b4	710078ef94
710078e3f0	71007914f4
710078e50c	7100790fa8
710078e518	7100790fa8
710078e524	7100790fec
710078e55c	710078ef94
710078e58c	71007914fc
710078e594	71007909ac
710078e5d8	7100791540
710078e5ec	7100791548
710078e600	7100791550
710078e61c	7100791550
710078e644	7100791550
710078e660	7100791550
710078e690	7100791550
710078e6ac	7100791550
710078e6d4	7100791550
710078e6f0	7100791550
710078e718	7100791550
710078e734	7100791550
710078e75c	7100791550
710078e778	7100791550
710078e7a0	71007910e0,710087c1e4,710087c1f4,710087e1e8,710087e6a0,710087e770
710078e8e0	710079100c,710098439c
710078e940	710078ef94,71007908b4
710078e9a8	710019e940,7100981ee0
710078e9e0	710144a5d0,710144a650,710144ac80,710144c4b0
710078ec40	710078efec,7100791650,7100792820,710079297c,7100792e30,7100792ed4,7100792f48,71007940e0,7100794520,7100795630,71007956f0,7100795938,7100982230,71009830f4,710098439c,710144a660,710144a680,710144a690,710144abf0,710144acf0,710144ad50,710144ad80,710144ad90,710144adb0,710144add0,710144c0b0,710144c4c0,710144c4d0
710078ef94	710144a680,710144a690
710078efec	7100792194,71007939b8,710098439c,710144a660
710078f0c8	7100981fe4,71009836b4,710144a680,710144a690,710144abe0,710144ace0,710144ad50,710144ad60,710144ad70,710144ada0,710144c090,710144c4e0,710144c4f0
710078f4e0	710078fa94,710078ff74,710144a680,710144a690,710144acb0,710144acd0,710144ad50,710144c4c0
710078f5e8	710144a680,710144a690
710078f648	710078f710,71007910f0,71009836b4,710144a680,710144a690,710144c500
710078f710	710144c4b0,710144c4d0,710144c510,710144c520,710144c530,710144c540,710144c550
710078f9c0	710078fa94,710144a680,710144a690,710144ad50
710078fa94	7100791584,7100791820,710079194c,7100791abc,7100792108,7100792220,710079274c,7100793740,710079392c,7100793a50,7100793fa4,71007959f8,71009836b4,710144a680,710144a690,710144ad50,710144c4b0,710144c4d0,710144c550,710144c560,710144c570
710078ff74	7100790100,7100790238,7100792a5c,71007948f4,710098439c,710144a680,710144a690,710144ad50
7100790100	7100792738,7100792a5c,7100792e30,7100793844,7100793f68,71007941a0,7100794520,7100794610,71007948f4,7100795630,71007956f0,7100795938
7100790238	710050dbe0,71007903c0,71009823b0,71009836b4,710144a680,710144a690
71007903a0	7100790238
71007903c0	71007920d4,7100792890,71007929c0,71007931e0,71007941a0,7100794610,71007959d4,7100984dc0,7100984dd4,710144add0,710144c4b0,710144c4d0,710144c540,710144c550
7100790678	710078efec,7100791650,710079297c,7100792e30,7100792ed4,7100792f48,7100794520,7100795630,71007956f0,7100795938,710098439c,710144a680,710144a690,710144ad50
71007907dc	7100792ed4,7100795938,710144a680,710144a690,710144ad50
71007908b4	7100791cd0,7100791dc0,7100791ed0,7100791fc0,7100792f10,7100795974,710144a680,710144a690,710144ad50
71007909ac	71007931bc,71007959b4
71007909e0	71009861d0,710144a680,710144a690,710144c4b0,710144c4d0,710144c520,710144c530,710144c540,710144c550
7100790e60	710144a680,710144a690,710144c4b0,710144c4d0,710144c520,710144c530,710144c540,710144c550
7100790fa8	710144a680,710144a690
710079100c	71007931bc
71007910e0	7100792b00
71007910f0	71009830f0,71009830f4,710144a510,710144a590,710144a5c0,710144a6a0,710144a8a0
7100791470	710144a680,710144a690
71007914f4	7100793290
71007914fc	71007959f8
7100791550	7100793298
7100791558	710019e940,7100981ee0
7100791584	710144a5d0
7100791650	710098439c,710144abf0,710144acf0,710144ad50,710144ad80,710144ad90,710144adb0,710144c0b0,710144c4c0
7100791820	71009836b4,710144ace0,710144ad60,710144ad70,710144ada0,710144c090,710144c4e0,710144c4f0,710144c580
710079194c	7100791b04,710144ad70
7100791980	7100791cd0,7100791dc0,7100791ed0,7100791fc0,710144acb0,710144acd0,710144ad50,710144c4c0
7100791abc	710144abe0
7100791b04	71009836b4,710144ad60,710144c4e0
7100791cd0	7100792430,7100792528,710144c590,710144c5a0
7100791dc0	7100792f50,710144c590,710144c5a0
7100791ed0	7100793c60,7100793d58,710144c590,710144c5a0
7100791fc0	71007957f0
71007920d4	710144acb0,710144af10
7100792108	710144a5d0
7100792194	71009830f4,710098439c,710144abf0,710144b930,710144b970,710144c0b0
7100792220	71009830f0,71009830f4,71009836b4,7100984c8c,710144a650,710144abe0,710144b940,710144c090,710144c4f0,710144c580
7100792430	71009830f0,71009830f4,710144a680,710144a690,710144a6a0
7100792528	710144b970
7100792548	710144c590,710144c5a0,710144c5c0,710144c5d0,710144c5e0
7100792660	7100792548,710144a510,710144a680,710144a690
7100792738	710144b970
710079274c	7100793664,710079662c,7100796c2c,71009836b4,710144a650,710144ac80
7100792820	71007936a4,7100796774,71009830f4,710098439c,710144a660,710144ac20
7100792890	71009830f0,71009830f4
710079297c	7100990fe0,710144a4f0
71007929c0	71007977ec,71007979c8,7100984dc0,7100984dd4,7100990ee4
7100792a5c	710079778c,710144a680,710144a690
7100792b00	7100792c50,7100796fc0,710144a4e0,710144a4f0,710144a690,710144c5f0
7100792c50	71007930a8,710144a4f0,710144a510,710144a680,710144a690,710144ad50
7100792e30	710144a510,710144a680,710144a690
7100792ed4	7100793844,710144a680,710144a690
7100792f10	710144a680,710144a690
7100792f50	71009830f0,71009830f4,710144a4f0,710144a680,710144a690,710144a6a0
71007930a8	71007937a4,7100793870,710144c600
71007931e0	710144a4e0,710144a4f0
7100793290	71007979c8
71007932a0	710079778c,7100797d7c,7100797d90,7100797da4,710087cb44,710144a4e0,710144a4f0,710144a680,710144a690,710144c4b0,710144c4d0,710144c540,710144c550,710144c590,710144c5a0,710144c5c0,710144c610,710144c620,710144c630
7100793664	710144ac80
71007936a4	710144ac20
71007936b8	710019e940,71007936a4
7100793740	710144a650
7100793778	710144a680,710144a690
71007937a4	710144a680,710144a690,710144c600
7100793844	710144a680,710144a690
7100793870	710144a680,710144a690,710144c600
710079392c	710144a5d0
71007939b8	71009830f4,710098439c,710144abf0,710144b930,710144b970,710144c0b0
7100793a50	71009830f0,71009830f4,71009836b4,7100984c8c,710144a650,710144abe0,710144b940,710144c090,710144c4f0,710144c580
7100793c60	71009830f0,71009830f4,710144a680,710144a690,710144a6a0
7100793d58	710144b970
7100793d78	710144c590,710144c5a0,710144c5c0,710144c5d0,710144c5e0
7100793e90	7100793d78,710144a510,710144a680,710144a690
7100793f68	710144a680,710144a690
7100793fa4	710144a5d0
71007940e0	71009830f4,710144c5a0
71007941a0	7100794380,7100795c38,7100795cf4,71009830f0,71009830f4,71009836b4,710144a650,710144c090,710144c4f0
7100794380	71009830f0,71009830f4,710144a6a0,710144c5a0,710144c640
7100794470	7100794990,710079646c,710144a680,710144a690,710144add0
7100794520	7100795cf0,710098439c,710144a660,710144abf0,710144c0b0,710144c5a0
7100794610	7100795a00,7100795d10,71009836b4,7100984c8c,710144a5d0,710144a680,710144a690,710144c5a0,710144c5c0,710144c640,710144c650,710144c660
71007948ac	7100795a00,710144c640
71007948f4	7100793778,710079624c,710144a680,710144a690,710144abe0
7100794990	7100793778,71007937a4,71007948ac,7100794db0,7100795290,71007955a0,7100796174,710079621c,710079628c,710079631c,710144a680,710144a690,710144ad50,710144c5a0,710144c5c0,710144c5d0,710144c600,710144c660,710144c670,710144c680,710144c690,710144c6a0,710144c6b0,710144c6c0,710144c6d0
7100794db0	7100795b20,710144a510,710144a580,710144a680,710144a690,710144c5a0,710144c5c0,710144c5d0,710144c5e0,710144c640,710144c670,710144c680,710144c690,710144c6a0,710144c6b0,710144c6c0,710144c6d0,710144c6e0
7100795290	710144a580
71007955a0	710144c5a0,710144c6e0
7100795630	710079636c,710144a510,710144a680,710144a690
71007956f0	71007963a8,710098439c,710144a510,710144a680,710144a690,710144c5a0
71007957f0	7100794db0,71009830f0,71009830f4,710144a680,710144a690,710144a6a0
7100795938	7100793844,710144a680,710144a690
7100795974	710144a680,710144a690
7100795a00	71009830f0,71009830f4,710144a6a0,710144c5a0,710144c640
7100795b20	71009830f0,71009830f4,710144a6a0,710144c5a0,710144c640
7100795c38	710144a5d0
7100795d10	71009836b4,710144a5d0,710144c6f0,710144c700,710144c710,710144c720,710144c730,710144c740,710144c750,710144c760,710144c770,710144c780,710144c790,710144c7a0
7100796174	710144c730,710144c780
710079624c	710144c7b0
710079628c	710144c7c0,710144c7d0,710144c7e0
710079631c	710144c790,710144c7a0
710079636c	710144c7f0
71007963a8	710098439c,710144c800
710079646c	710144c810
7100796490	710078d3a8,71009830f4,710098eaf8
710079651c	710019e940,7100796490
7100796540	710078d270,710144c820
7100796590	71009836b4,710144a5d0
710079662c	7100885234,71008860cc,710088622c
7100796774	7100796860,7100885240,7100886108,7100886244
7100796860	71007969b0,7100885250,71008855c4,710098439c
71007969b0	7100886380,710098439c
7100796c2c	7100796d3c,7100796ea8,7100797dc0,710084b740,710084b910,71009836b4
7100796d3c	7100798350,71007986e0,710084b740,710084b910,710084bb90,71009836b4
7100796ea8	710087c1b0,710087c1c4,710087c1cc,71008851b0,7100885244,7100885260,71009836b4
7100796fc0	710078cb40,710078d3e8,7100797090,71007972dc,710144a640
7100797090	710084b738,710087cb44,710087cb58,710087cb5c,710087cedc,710087d5ac,710087d600,710087d70c,710087e8c4,710087e938,7100884690
71007972dc	710084b738,710087c300,710087cb44,710087cb58,710087cb5c,710087cedc,710087d5ac,710087d600,710087d70c,710087da84,710087e8c4,710087e938,7100884690
710079778c	71007977ec,71007979c8,7100984dc0,7100984dd4,710144a490
71007977ec	7100797a80,710084da8c,710084db24
71007979c8	710087cb44,710087cb58,710087cb5c
7100797a80	710084da74,710084dc1c,710087c270,710087c4a0,710087c4bc,7100886248,71009836b4
7100797dc0	710098f4fc,710144a4e0,710144a4f0
7100798020	710019e940,710084b770,710084b810,710144a4e0,710144a4f0
7100798110	710084b770,710084b810,710098439c,710144a4e0,710144a4f0
7100798350	710098f4fc,710144a4e0,710144a4f0
71007984c0	710084b770,710084b810,710144a4e0,710144a4f0
71007985c0	710019e940,71007984c0
71007985e4	710098439c
7100798670	710019e940,71007984c0
71007986e0	710098f4fc,710144a4e0,710144a4f0
7100798850	710084b770,710084b810,710144a4e0,710144a4f0
7100798950	710019e940,7100798850
7100798974	710098439c
7100798a00	710019e940,7100798850
7100798a80	7100798af0,710079b8a0,710079c2d0,710144a3f0,710144a400
7100798af0	71009939e0
7100798b10	71009863e4,7100992a44
7100799034	710079926c,71007994cc,7100992ab4,7100993470
71007991dc	710079a70c,710079a800,7100992ab4,7100993470
710079926c	710078e2d8,710079936c,7100992a8c,7100992a98,710099380c,7100993834
710079936c	710099333c,7100993350,710099338c,71009933c4
71007994cc	710078e2d8,710079936c,7100992a8c,7100992a98,710099380c,7100993834
710079957c	710078e318,710079936c,7100992a8c,7100992ab4,710099332c,710099380c,7100993834
7100799628	710078e330,71007996d4,7100992a8c,7100992ab4,710099332c,710099380c,7100993834
71007996d4	710099333c,7100993350,71009933c4
7100799820	710078d8b0,710079936c,7100992a8c,7100992ab4,710099332c,710099380c,7100993834
71007998b4	710078d8f4,710079936c,7100992a8c,7100992ab4,710099332c,710099380c,7100993834
7100799948	710078e3ac,710079936c,7100992a8c,7100992ab4,710099332c,710099380c,7100993834
71007999f4	71007996d4,7100992a8c,7100992ab4,710099332c,710099380c,7100993834
7100799a9c	710079936c,7100992a8c,7100992ab4,7100993024,710099332c,710099380c,7100993834
7100799ba4	71009836b4,7100992b6c,7100992b78,710099380c,7100993834
7100799cd8	710079936c,7100992a8c,7100992ab4,7100992af0,7100993024,710099332c,710099380c,7100993834
7100799e24	710078e3b4,710079936c,7100992a8c,7100992ab4,710099332c,710099380c,7100993834
7100799ed0	710078e3f0,710079936c,7100992a8c,7100992ab4,7100993024,71009931a8,710099332c,710099380c,7100993834
710079a058	710078e4c0,710079936c,7100992a8c,7100992ab4,710099332c,710099380c,7100993834
710079a0ec	71009836b4,7100992b6c,7100992b78,710099380c,7100993834
710079a230	710078e50c,710079936c,7100992a8c,7100992ab4,710099332c,710099380c,7100993834
710079a2c4	710078e518,710079936c,7100992a8c,7100992ab4,710099332c,710099380c,7100993834
710079a358	710078e524,71007996d4,7100992a8c,7100992ab4,710099332c,710099380c,7100993834
710079a404	710078e550,71007996d4,7100992a8c,7100992ab4,710099332c,710099380c,7100993834
710079a4b0	710078e55c,71007996d4,7100992a8c,7100992ab4,710099332c,710099380c,7100993834
710079a55c	71005b0124,710078d900,710079936c,7100992a8c,7100992ab4,7100993240,710099332c,710099380c,7100993834
710079a660	710078d908,71007996d4,7100992a8c,7100992ab4,710099332c,710099380c,7100993834
710079a70c	710078d910,710079936c,7100992a8c,7100992a98,710099380c,7100993834
710079a800	710078d920,710079936c,7100992a8c,7100992a98,710099380c,7100993834
710079a90c	710078d954,71007996d4,7100992a8c,7100992ab4,710099332c,710099380c,7100993834
710079a9c4	710078e5d8,71007996d4,7100992a8c,7100992ab4,710099332c,710099380c,7100993834
710079aa70	710078e5ec,71007996d4,7100992a8c,7100992ab4,710099332c,710099380c,7100993834
710079ab1c	71007996d4,7100992a8c,7100992ab4,710099332c,710099380c,7100993834
710079abc4	710078e600,71007996d4,7100992a8c,7100992ab4,710099332c,710099380c,7100993834
710079ac70	710078e61c,710079936c,7100992a8c,7100992ab4,7100993024,710099332c,710099380c,7100993834
710079ad7c	710078e644,71007996d4,7100992a8c,7100992ab4,710099332c,710099380c,7100993834
710079ae30	710078e660,710079936c,7100992a8c,7100992ab4,7100993024,7100993110,710099332c,710099380c,7100993834
710079af74	710078e690,71007996d4,7100992a8c,7100992ab4,710099332c,710099380c,7100993834
710079b02c	710078e6ac,710079936c,7100992a8c,7100992ab4,7100993024,710099332c,710099380c,7100993834
710079b140	710078e6d4,71007996d4,7100992a8c,7100992ab4,710099332c,710099380c,7100993834
710079b1f8	710078e6f0,710079936c,7100992a8c,7100992ab4,7100993024,710099332c,710099380c,7100993834
710079b30c	710078e718,71007996d4,7100992a8c,7100992ab4,710099332c,710099380c,7100993834
710079b3c4	710078e734,710079936c,7100992a8c,7100992ab4,7100993024,710099332c,710099380c,7100993834
710079b4d8	710078e75c,71007996d4,7100992a8c,7100992ab4,710099332c,710099380c,7100993834
710079b590	710078e778,710079936c,7100992a8c,7100992ab4,7100993024,710099332c,710099380c,7100993834
710079b770	710098439c,710144a490
710079b8a0	7100993840
710079b9fc	710099333c,7100993350,710099338c,71009933c4
710079bb5c	710078ccc4,710079b9fc,710079bce8,710079bf4c,7100992a8c,7100992ab4,7100993024,710099332c,710099380c,7100993834
710079bce8	710079c244,7100993024,7100993110,71009954c0,710099553c
710079bf4c	71009836b4,7100992b6c,7100992b78
710079c074	710098439c,710144a490
710079c130	710098439c,710144a490
710079c244	7100521c78,7100521e60,710058b700
710079c2d0	7100993840
710079c3e8	71009836b4,710144a490
710079c514	710079c8ac,7100992ab4,710099343c
710079c588	710079c8ac,7100992ab4
710079c600	710079c8ac,7100992ab4,710099343c
710079c678	710079c8ac,7100992ab4
710079c6f0	710079c8ac,7100992ab4,710099343c
710079c768	7100521a78,710079c8ac,7100992ab4
710079c7d8	710079c8ac,7100992ab4,710099343c
710079c8ac	710099333c,7100993350,710099338c,71009933c4
710079ca0c	710098439c,710144a490
710079cac8	710079cfb0,71007a7ae0,71007bb210,71008e8ac0,71009836b4,7100987d00
710079cc5c	710079cfb0,71007a7ae0,71007bb210,71008e8ac0,71009836b4,7100987d00
710079ce14	710079cfb0,71007a7ae0,71007bb210,71008e8ac0,71009836b4,7100987d00
710079cfb0	7100016460,710079d330,710079d5e0,710079e0e4,71007ac55c,71007ac588,71007b34f0,710084d908,71008891e8
710079d330	71007a6510,71009830f0,71009830f4,710144a6a0
710079d5e0	71007a1810,71007a32c0,71007a4380,71007a4460,71007a4754,71007a7958,71007a7c90,71007aa96c,71007aac58,71007ab83c,71007ab844,71007abae8,71007abb04,71007ac580,71007acc88,71007b1218,71008d67b4,71008de540,71008de680,71009830f0,71009830f4,71009836b4,710098439c,71013df42c,71013e5e68,71013e6030,71013e8978,71013eac48,71013eb22c,71013ee540,710144a490,710144a590,710144a6a0
710079e0e4	7100000280,710079e96c,71007ae590,71009911e0,710144a3f0,710144a400,710144a490
710079e240	710079e88c,71007a664c,71007bb210,71008defe4,71009830f4,710098439c,7100987d00,71013df7d0,71013e6080,71013eacb0,710144a4e0,710144a4f0
710079e88c	7100884ff8,71008851a0,710098439c
710079e920	710019e940,710079e240
710079e944	710019e940,710079e240
710079e96c	710079ed3c,71007ac55c,71007ae5ac,71007ae700,71007aeaf0,71007b37bc
710079eb3c	7100000280,71007ae590,71009911e0,710144a3f0,710144a400,710144a490
710079ecd4	710144a490
710079ed3c	710079fa50,71008647b8,71013e9428,71013ecf60
710079ef10	71007ba754
710079efa0	71007ba754,71007bb280
710079f03c	71007bb280
710079f050	71009830f0,71009830f4,710144a6a0
710079f5cc	71007e1540,71007e16b0,71007e1744,71007e1850,71007e1de0,71007e1fe0,7100984dc0,7100984dd4,710144a490
710079f7e8	710079fa50,71008647b8,71013e9428
710079fa50	71008647e0
710079ff04	710079ff0c
710079ff0c	71007a1630,71007ac55c,71007b3374,71007b3608
71007a0068	710020f060,71007a00dc
71007a00b0	71007a00dc
71007a00dc	71007a1630,71007ac55c,71007b3374,71007b3608
71007a0240	710020f060,71007a00dc
71007a028c	71007a00dc
71007a02b8	71007a0400,71007a0a80,71007ac55c,71013fd824
71007a03c8	71007a02b8
71007a0400	71007a0400,71007a0bbc,71007a0d10,71007a0e00,71007a0ef0,71007a0fd4,71007a1040,71007a1130,71007a7ae0,71007bb210,71009836b4,7100987d00,71013e77e0,71013e799c,71013ecae8,71013fc9b0,71013fd3b0,71013fd7f0,7101404404,710140834c,7101410194,7101413828,710144a3f0,710144a400,710144a490,710144a590
71007a0a80	71007a0a80,71007b3374,710144a3f0,710144a400
71007a0bbc	71007a6968,71007bb210,7100987d00,710144a590,710144a6e0,710144a6f0
71007a0d10	710144a3f0,710144a400
71007a0e00	710144a3f0,710144a400
71007a0ef0	710144a3f0,710144a400
71007a0fd4	71013fc2e4,71013fd130
71007a1040	710144a3f0,710144a400
71007a1130	710079f050,71007a1130,71007a12f0,71007ba760,71009830f0,71009830f4,71013ee400,710144a490,710144a6a0
71007a12f0	71009830f0,71009830f4,710144a6a0
71007a1430	71007a1bd0,71007a2550,71007aa920,710081aac4
71007a1630	71007a6b00,71013fd8bc,7101409e94,710144a3f0,710144a400,710144a560,710144a6a0
71007a1810	71007a1810,71007a6c40,71009836b4,710144a3f0,710144a400
71007a19b8	71007a19d0
71007a19d0	71007a1bd0,71007a1d20,710081a6e8
71007a1b1c	71007a19d0,71007bb280
71007a1b9c	71007a19d0
71007a1bd0	710002d5a0,710144a490
71007a1d20	71007a2f60,71007a7230,71007a7370,71007aa190,71007aa4f8,7100818f30,71008199a0,7100819c50,7100819f50,710081a2b0,71009830f4,710144a490
71007a2498	71007a1bd0,71007a2550,710081aac4
71007a2550	71007a2f60,71007a7230,71007a7370,71008199a0,71009830f4
71007a271c	71007a1430,71007bb280
71007a2758	71007a2770
71007a2770	71007a1bd0,71007a1d20,710081af58
71007a28a8	71007a2770,71007bb280
71007a2928	71007a1bd0,71007a2550,710081b178
71007a29e0	71007a1bd0,71007a2550,71007bb280,710081b178
71007a2acc	71007a1bd0,71007a2550
71007a2b18	71007a1bd0,71007a2550,71007bb280
71007a2b90	71007a1bd0,71007a2f60,710081a2b0,71009830f4
71007a2d70	71007a1bd0,71007a2f60,71007bb280,710081a2b0,71009830f4
71007a2f60	71007a32c0,71007a6510,71007a7958,71009830f0,71009830f4,710144a590,710144a6a0
71007a32c0	71007a7958,71009830f0,71009830f4,710144a510,710144a6a0
71007a35c0	71007b1504,71007bb280
71007a3624	71007b1504,71007bb280
71007a367c	71007b1928,71007bb280
71007a36d0	71007b1adc,71007bb280
71007a3724	71007b1adc,71007bb280
71007a3770	71007b00c8,71007b046c,71009836b4,710098439c
71007a3858	71007a3960,71007aae24,71007aafd8,71007bb468,71013e35c0,71013eabd8,71013ed0a4
71007a3960	71009830f0,71009830f4,710144a6a0
71007a3a70	71007ab01c
71007a3b70	71007ac55c,710087c1e4,710087c1f4,710087d32c,710087d430,710087d4d4,710087d660,710087e6a0,710087e770,71013edb88,710144a3f0,710144a400
71007a4380	71009830f0,71009830f4,710144a6a0
71007a4460	71007a7958,71009830f0,71009830f4,710144a510,710144a6a0
71007a4754	710087c164,7100884fe8,7100884ffc,71009836b4
71007a4850	71007ab01c,71007ac55c,71007ae700,71007b30e0,71007b36c0,71009849b8
71007a4ad4	7100893a90,7100893c60,7100893e50,7100984dc0,7100984dd4
71007a4b6c	71007ba6e8
71007a4b74	71007ba710
71007a4b7c	71007ae798,71007ba710
71007a4bf4	71007ae6e8
71007a4da4	71007a4ebc,71007bb280
71007a4e30	71007a4ebc,71007bb280
71007a4ebc	71008a4798,71008a47a0
71007a5058	71008a47a0
71007a5130	71007a4ebc,71007bb280
71007a51b8	71007a4ebc,71007bb280
71007a5240	71008a47a0
71007a5320	710079cfb0,71007a5d20,71007a7ae0,71007bb210,710084d7d4,710084d7e8,71008e8ac0,7100960840,71009830f0,71009830f4,71009836b4,7100987d00,710144a510,710144a590,710144a5c0,710144a5e0,710144a6a0
71007a5d20	71007a4ebc,71007bb280,71008a3c30,71008a47a0
71007a5f80	71007a7e60,71007a7fc0,71007a9c70,71008d67b4,71009830f0,71009830f4,710144a510,710144a590,710144a6a0
71007a6184	71004f5120
71007a61d4	710079e0e4,710084d810,710144a590
71007a6334	71007a5d20
71007a63ac	710144a3f0,710144a400
71007a6454	710019e940,71013e5eb8
71007a6510	71009830f0,71009830f4,710144a510,710144a6a0
71007a6650	7100987cf0
71007a66ac	7100987cf0
71007a6708	710098439c,71013fd3a4
71007a679c	7100987cf0
71007a67d8	7100987cf0
71007a696c	7100987cf0
71007a69cc	7100987cf0
71007a6a2c	710144a590,710144a5c0,710144a6e0
71007a6c40	71007a6fe0,71009830f0,710144a550
71007a6fe0	71009830f0,71009830f4
71007a7370	71007a7710,71009830f0,710144a550
71007a7710	71009830f0,71009830f4
71007a7958	71009830f0,71009830f4,710144a510,710144a6a0
71007a7ae4	7100987cf0
71007a7b40	7100987cf0
71007a7b9c	71009836b4,71013fd3a4
71007a7c90	71009830f0,71009830f4,710144a6a0
71007a7e60	71009830f0,71009830f4,710144a6a0
71007a7fc0	71007a7fc0,71007a8a00,71007a8cc0,71007a8fd0,71007a91c0,71007a99f0,710144a5c0
71007a8a00	710144a5c0
71007a8cc0	71007a8a00,71007a8fd0,71007a99f0,710144a5c0
71007a8fd0	71007a8a00,710144a5c0
71007a91c0	71007a9460,71007a9740,71007a9870,71009830f4,710144a5c0
71007a9460	710144a5c0
71007a9740	71009830f4,710144a5c0
71007a9870	710144a5c0
71007a99f0	71007a8fd0,710144a5c0
71007a9c70	71009830f4,710144a5c0
71007a9ea0	710079f798,71007aa00c,710144a490
71007aa00c	71007a3858,71007aa400,71009836b4,710144a580
71007aa190	71007aa00c
71007aa300	71007a9ea0,7100962540,7100964b70,71009764b4,710144a590
71007aa400	7100811758
71007aa488	71007a3a70,710081178c
71007aa4d4	710019e940,71007aa488
71007aa520	71007aa488,710098439c
71007aa5ac	71013e0f28
71007aa670	71009830f0,71009830f4,710144a490,710144a6a0
71007aa7a4	710144a490
71007aa804	7100000280,71009911e0,710144a3f0,710144a400,710144a490
71007aa8b0	71007acb14
71007aac58	71007ba8d0,71009830f0,71009830f4,71009836b4,710144a590,710144a6a0
71007aad30	71009830f4
71007aadb0	710019e940,71009830f4
71007aae24	710098f4fc,71013e0f68,710144a4e0,710144a4f0
71007aafd8	71013e0f40
71007ab0b4	71013e0f28,71013e0f54
71007ab148	710144a3f0,710144a400
71007ab270	71013e0f98,710144a4e0,710144a4f0
71007ab430	710098439c,710144a4e0,710144a4f0
71007ab5d4	710019e940,71007ab430
71007ab5f8	71008d692c,71009836b4,71013e47ac,71013e4880,71013e4bd0,71013e4c70,71013e5e68,71013e6030
71007ab6bc	71007ab700
71007ab700	71008d67b4,71008de540,71008de680
71007ab870	710098439c,710144a4e0,710144a4f0
71007ab9d0	710019e940,71007ab870
71007ab9f4	71008d692c,71008d6934,71009836b4,71013e47ac,71013e4880,71013e4c70,71013e5e68,71013e6030,710144a440
71007abb34	71007ac590,71009836b4,7100983b10,7100984a20,7100984a58,7100984a78,710098528c,710144b310
71007abdbc	7100000280,710084e6ac,71008de674,71009911e0,710144a3f0,710144a400,710144a490
71007ac0c8	71007a4ad4,71007ac8e0,71007b2c34,710084d908,7100891870,71008a34e4,71008a3f88,71008de680,710144a490,710144a590
71007ac300	71007b2f70,71009847e4
71007ac380	71007b2d40,71008d381c
71007ac40c	71007ac834,710098439c
71007ac448	71008d6ef4,71008d7088,71009836b4
71007ac4d4	71008d6ef4,71008d7088,71009836b4
71007ac624	7100807644,71009836b4,7101428484,710144a490
71007ac704	7100807644,71009836b4,71014287e0,710144a490
71007ac7e4	71007bb188,71009836b4
71007ac834	71007adcb0,71007add00,71008d33ec,710098439c
71007ac898	71007ae2dc,71009836b4
71007ac8e0	710079cc5c,7100892430,71008931b8,710144a490,710144a590
71007acb30	71007ad540,71009830f0,71009830f4,710144a6a0
71007acc60	71007b3374
71007acc68	71007b3608
71007acc70	71007b2c40
71007acc78	71007b3364
71007acc80	71007b336c
71007acce4	71007d676c
71007acd60	7100000280,71007aece0,71009911e0,710144a3f0,710144a400,710144a490
71007acea0	7100000280,71007aefc0,71009911e0,710144a3f0,710144a400,710144a490
71007acfd0	71007acfe0
71007acfe0	71007a19b8,7100891410,71009926d4,710144a490
71007ad180	7100891870,71009926dc,710144a490
71007ad318	71007b00c8,71007b03e0,71009836b4,710098439c
71007ad454	710019e940,71007ae490
71007ad540	710050c400,71007ad9c0,71009830f0,710144a550,710144a5c0
71007ad9c0	71009830f0,71009830f4
71007adc08	710144a3f0,710144a400
71007adc68	710019e940,7101428498
71007adc8c	710019e940,71014287f4
71007adcb0	71007adcb0,71009830f4
71007add00	71007add00,71009830f4
71007addf0	71007bc5d0,710098ea30
71007ade28	71007adf68,71009836b4
71007ade78	71007adf68,7100964b70,71009764b4,71009836b4
71007adf68	71008122a8
71007adf9c	710019e940,71007adf98
71007adfc0	71007adf98,710098439c
71007ae000	71007aa3d0,71007ae000,710080af08,710080af14,710080af20,710080af2c,7100812438,710144a6a0
71007ae1b0	7100000280,71009911e0,710144a3f0,710144a400,710144a490
71007ae2dc	71007ac55c,71007ae320,71007b3000
71007ae320	710098f4fc,710144a4e0,710144a4f0
71007ae490	71007ac55c,71007b3170,71009830f4,710144a4e0,710144a4f0
71007ae5ac	71007ae5e0
71007ae5e0	71009830f0,71009830f4,710144a6a0
71007ae798	7100862028,7100984dc0,7100984dd4
71007ae8f0	710079f570
71007ae940	710079ed3c,71007ac55c,71007b37bc,710086195c,7100861e74,71013e9428
71007aeaf0	710086195c,7100861e74,71013e9428
71007aec70	710079f7a4,71007af080
71007aece0	710079f7e8,71007ac55c,71007aed8c,71007b37bc
71007aed8c	71007ac55c,710086195c,7100861e74,710087c1e4,710087c1f4,7100984dc0,7100984dd4,71013e941c,71013e9428
71007aefc0	71007a3b70,71007ac55c,71007aed8c,71007b37bc,710087d32c,710087d430
71007af080	71007af080,71007afa00,71007afb90,71007afd30,71007aff90
71007afa00	71007aff90
71007afd30	71007afa00,71007afb90,71007aff90
71007aff90	71007afb90
71007b00c8	71007b0140
71007b0140	710098f4fc,710144a4e0,710144a4f0
71007b02b0	71008defe4,710144a4e0,710144a4f0
71007b03bc	710019e940,71007b02b0
71007b03e0	71007b046c,71008de540,71008defe4
71007b046c	71007ab834,71007b0600,71007b0f84,71008d69cc,71009830f4
71007b0600	710079d330,71007a32c0,71007a7958,71007b1108,710087c048,710144a590,710144a5c0,710144a6a0
71007b0cec	71007b00c8,71008d69cc,71009836b4
71007b0ea0	71009849b8
71007b0f84	71009830f0,71009830f4,710144a510,710144a5d0,710144a6a0
71007b1108	71009830f0,71009830f4,710144a510,710144a6a0
71007b1218	710098f4fc,710144a4e0,710144a4f0
71007b13c0	71009830f4,710098439c,710144a4e0,710144a4f0
71007b14e0	710019e940,71007b13c0
71007b1504	71007b1580,71007b1730
71007b1580	71009830f0,71009830f4,710144a6a0
71007b1730	71007b1b50,7100855ee8,71009830f0,71009830f4,71009836b4,710144a6a0
71007b1928	71007b1730,71007b19a0
71007b19a0	710144a3f0,710144a400
71007b1adc	71007b1580,71007b1b50
71007b1b50	710098439c,710144a510
71007b1d10	7100855efc
71007b1dd0	710019e940,7100855efc
71007b2010	71007b2d90,7100884bd8,7100884d88,7100884dac,7100884dbc,7100884fe0,7100884ff8,71008851a0,71009830f4,710098439c,71013e9328,71014224e4,7101422564,7101422e10
71007b22a0	710019e940,71007b2010
71007b2c40	71007d676c,71008de680,71009855e4,710144a590,710144a6f0
71007b2d90	71009830f4,7101424ef0
71007b2ee0	71007ae8f0
71007b2f30	71007aec70
71007b2f70	71007ae940
71007b2fac	71013e937c,71013e9400
71007b2fe4	71007ae5e0
71007b3000	71009830f0,71009830f4,710144a6a0
71007b31cc	71007b3230,71007b9bc8
71007b3230	71007b37f0,71009830f0,71009830f4,710144a6a0
71007b3374	71007b3a3c,7100804630,7100804920,7100806e40,7100987d00,7101409e8c
71007b34f0	710079f798,71007b3374,710140b6d0,710144a3f0,710144a400
71007b3608	7100804bf0,7100804e90,7100806e40,7101409e8c
71007b36c0	710079f798,71007b3608,710140b6d0,710144a3f0,710144a400
71007b37bc	710098eafc
71007b37f0	710050c400,710144a5c0
71007b3a40	7100987cf0
71007b3ab8	7100987cf0
71007b3b30	710079f798,71013ede60,71013ee470
71007b3bd4	71007d5fc4,71007d5fe4,71007d5ff4,71007d6014,71007d6720,710144a590,710144a6e0
71007b3cbc	71007d5fc4,71007d5fe4,71007d5ff4,71007d6014,71007d6720,710144a590,710144a6e0
71007b3e14	710079d330,71007b3ff4,71009836b4,71013e9138,710144a590,710144a5c0
71007b3ff4	71007b437c
71007b4038	71007b4414,71009830f4,710098439c
71007b408c	710019e940,71007b4038
71007b40b0	710019e940,71007b4038
71007b4138	71007a1b9c,71007ba754,710144a490,710144a590
71007b41d8	71007a1b9c,71007ba754,710144a490,710144a590
71007b4284	71007a1430,71007ba754,710144a490
71007b437c	71007b1218,71007b4660,71009836b4
71007b4414	71007ba0a0,710098439c
71007b448c	71007b1504,71007ba754,71007bb280
71007b4500	71007b1504,71007ba754,71007bb280
71007b4568	71007b1adc,71007ba754,71007bb280
71007b45cc	71007b1adc,71007ba754,71007bb280
71007b4660	710098f4fc,710144a4e0,710144a4f0
71007b47c8	71007acb30
71007b485c	71007b4b6c,71009836b4,710144a590,710144a5c0
71007b4b6c	71007b437c
71007b4bc8	71007b4414
71007b4be4	710019e940,71007b4bc8
71007b4c08	710019e940,71007b4bc8
71007b4e70	71007b5244,710098439c
71007b4ec0	710079ff04,71007a00b0,71007b5390,71013ff078,710144a590,710144a640,710144a6f0,710144b0c0
71007b5110	71007b5284,71007b5378,710144a590
71007b5284	71013ed0a4,71013ed20c,710144a580
71007b5404	71007b4660
71007b5488	71007a6510,71007b5404,71009836b4,71013e9074,710144a590
71007b5578	71007b5404,71007b5690,71009836b4,710144a590
71007b5690	71007a6510,71009830f0,71009830f4,710144a6a0
71007b5998	71007ba0a0,71009830f4
71007b59dc	710019e940,71007ba0a0,71009830f4
71007b5a44	71007ba0a0,71009830f4
71007b5a8c	710019e940,71007ba0a0,71009830f4
71007b5b00	710079d330,71007b61c4,71009836b4,71013e9074,71013e9138,71013ed394,710144a590,710144a5c0
71007b5e60	71009830f0,71009830f4,710144a510,710144a6a0
71007b61c4	71007b437c,71013df42c
71007b6270	71007b4414,71009830f4,710098439c,71013df454
71007b6304	710019e940,71007b6270
71007b6328	710019e940,71007b6270
71007b63c0	71007ba754,71007bb4a0,71009830f0,71009830f4,710144a6a0
71007b6648	71013e0f28
71007b6740	71013e0f28
71007b67c4	71013e0f28
71007b6870	71013e0f28
71007b68e4	71013e0f28
71007b6958	71013e0f28
71007b6ad4	7100984dc0,7100984dd4
71007b6b5c	71007bb6e8
71007b6c5c	71007b5e1c,71013df780,71013e0f28
71007b6ec0	71007b6b5c,71007b6c5c,71007b6ec0
71007b71ac	71007b6648,71007b6ec0,71013df480
71007b73a0	71007b7634,71009836b4,71013e9074,71013e9138,71013ed394,710144a590,710144a5c0
71007b7634	71007b437c
71007b7684	71007b4414,710098439c
71007b76d8	710019e940,71007b7684
71007b76fc	710019e940,71007b7684
71007b7790	71007bb764
71007b7880	71007b7cb0
71007b7a00	71007b7cb0
71007b7a70	71007b7cb0
71007b7bd0	71007b7880,71007b7cb0
71007b7cb0	71007b8090,71007bb4cc
71007b7fb0	71007b7a70,71007b7cb0
71007b8090	710144a3f0,710144a400
71007b8400	71007b7cb0
71007b8468	71013e0f28
71007b886c	71007b437c
71007b88d4	71007ac570,71007ac578,71009836b4,7101409e8c,710142bc68,710142d740
71007b8a78	71007b4414,71009830f4,710098439c,710142bcb0,710142d788
71007b8b44	710019e940,71007b8a78
71007b8b68	710019e940,71007b8a78
71007b8bb0	71007a028c,71007b8f10,7100806714,71009836b4,710098439c,710142bcb0,7101430280,710144a3f0,710144a400,710144a490,710144a640,710144b1d0,710144c830
71007b8f10	71007a023c,7100806714,71009836b4,710098439c,710142d788,710142ffb0,710144a3f0,710144a400,710144a490,710144a640
71007b9194	71007b8bb0,71007b8f10,71007d5fc4,71007d5ff4,710144a590
71007b929c	710079d330,71007b8bb0,71007b8f10,71007d5fe4,71007d6014,710144a590
71007b9420	710079d330,71007b8bb0,71007b8f10,71007d6024,71007d6e14,71007d6e1c,71007d6e28,71007d6e34,710144a590
71007b95b4	71007b886c,71007b88d4,71007b985c,71009836b4,710144a590
71007b97e8	710019e940,710142bcb0
71007b9828	710019e940,710142d788
71007b985c	71009830f0,71009830f4,710144a510,710144a6a0
71007b9bc8	71007b9d78,71009836b4,71013de394,71013df710,71013df848,71013df860,710144a590
71007b9d18	71007b9bc8
71007b9d78	71007b437c
71007b9dec	71007b4414,710098439c
71007b9e30	710019e940,71007b9dec
71007b9e54	710019e940,71007b9dec
71007b9e80	71013eabf8
71007ba0a0	71009830f4,710144a4e0,710144a4f0
71007ba1a0	710098439c,71009849b8
71007ba320	71009830f0,71009830f4,710144a6a0
71007ba400	710098439c,710144a510
71007ba4f0	710098439c
71007ba710	71007bb280
71007ba760	71007ad404
71007ba8d0	71007b4660
71007ba970	710019e940,71007ba0a0
71007ba9b8	710019e940,71007ba0a0
71007baa48	71014285a8
71007bab44	71014284c0
71007bb164	710019e940,7101428498
71007bb210	71007bb210
71007bb280	71007bb280,710144a580
71007bb390	710144a3f0,710144a400
71007bb468	71007bb390
71007bb7e0	7101428904
71007bb8e4	710142881c
71007bbde0	710019e940,71014287f4
71007bc0a0	71007ae264,710092a820,7100961b24
71007bc1f0	71007ae26c,7100961a44
71007bc364	71009836b4
71007bc3b0	710092ab50,710092b198
71007bc420	710092ad50,710092b25c
71007bc44c	71009603c0,7100960560
71007bc480	710019e940,71009603c0,7100960560
71007bc4f0	7100000280,71007bc3b0,71007bc860,71007bc8a0,71007bd170,71007be620,71007be690,71007c7e40,71007c7eb0,71007c8270,71007c9f70,71007cc7c0,71007ccf90,71007cd990,71007ce210,71007ce6c0,71007d03e0,71007d10a0,71007d24a0,71007d35b0,71007d5240,710144a3f0,710144a400
71007bc5b4	71007bc420,71007bc910,71007bd1e0,71007be700
71007bc5e0	71007bc4f0
71007bc600	710098f6bc
71007bc690	710003ba60,71009601ec,71009619e0,7100961b24,7100961b40,71009836b4,710144a5d0
71007bc760	71007aa950,710092a820,7100961b24
71007bc7e0	7100961a44
71007bc838	71007aa300
71007bc860	7100993840,71009939e0
71007bc8a0	710092ab50,710092b198
71007bc910	710092ad50,710092b25c
71007bc93c	71009603c0,7100960560,71009830f4
71007bc980	710019e940,71009603c0,7100960560,71009830f4
71007bc9f8	71009863e4,7100992a44
71007bcb1c	710099333c,7100993350,71009933c4
71007bcc68	710098439c,710144a490
71007bcd20	710098439c,710144a490
71007bcea8	71006ede60,71007bcf40,7100992a8c,7100992ab4,710099332c
71007bcf40	71007a9ea0,71009836b4,7100992b6c,7100992b78,710099380c,7100993834
71007bd0c0	71009601ec,71009619e0,71009836b4
71007bd144	71007ade78
71007bd170	710092ab50,710092b198
71007bd1e0	710092ad50,710092b25c
71007bd20c	71009603c0,7100960560
71007bd240	710019e940,71009603c0,7100960560
71007bd2b0	710098f6bc
71007bd340	710098f6bc
71007bd460	710003ba60,71009601ec,71009619e0,7100961b24,7100961b40,7100967024,710096def8,71009836b4,710144a490,710144a5d0
71007be080	710079e238,71007a4a9c,71007a4bf4,71007a5f78,71007a6178,71007a6180,71007a61d4,71007a629c,71007a62ac,71007a62bc,71007a62cc,71007a62dc,71007a62fc,71007a631c,71007a6334,7100893ed0,7100961a44
71007be5a4	71007be8a0,7100964b70,71009764b4
71007be620	7100993840,71009939e0
71007be690	710092ab50,710092b198
71007be700	710092ad50,710092b25c
71007be730	710052b460,71009603c0,7100960560,71009670c8,71009830f4
71007be850	710019e940,71007be730
71007be8a0	71007a5320,7100892430,71008931b8,710144a490
71007bead0	71009836b4,710144a490
71007bebb0	710098439c,710144a490
71007becd4	71009836b4,710144a490
71007bede4	710098439c,710144a490
71007befec	71007c0050,71009863e4,7100992a44
71007bfa30	71007c0970,71007c1090,7100992ab4,7100993470
71007bfa80	71007c02b8,71007c1258,71007c13b0,7100992a8c,7100992a98,7100992ab4,7100993470
71007bfb34	71007c1944,71007c1a88,7100992ab4,7100993470
71007bfba4	71007c2214,71007c22fc,7100992ab4,7100993470
71007bfbf4	71007c23e4,71007c2490,7100992ab4,7100993470
71007bfd48	71007c46c4,71007c4820,7100992ab4,7100993470
71007bfd9c	71007c4a48,71007c4b78,7100992ab4,7100993470
71007bffac	71007c6898,71007c6ac8,7100992ab4,7100993470
71007bfffc	71007c6c88,71007c6dd4,7100992ab4,7100993470
71007c0050	71007c7360,71007c7508,71007c75a4,71008a3564,7100987d00
71007c0160	710079e0e4,71007c02b8,7100992a8c,7100992ab4,7100992af0,7100993024,710099332c,710099380c,7100993834
71007c02b8	710099333c,7100993350,710099338c,71009933c4
71007c0418	710079eb3c,71007c0588,7100992a8c,7100992ab4,7100992af0,7100993024,710099332c,710099380c,7100993834
71007c0588	710099333c,7100993350,71009933c4
71007c06d4	710079ecd4,71009836b4,710099380c,7100993834
71007c07b0	710079e238,71007c02b8,7100992a8c,7100992ab4,7100993024,710099332c,710099380c,7100993834
71007c08bc	71007c0588,7100992a8c,7100992ab4,710099332c,710099380c,7100993834
71007c0970	71007c02b8,71007c0b08,7100987d00,7100992a8c,7100992a98,7100993580,710099380c,7100993834,710144a490
71007c0b08	71007c0c48,71007c0ce4,7100987d00,7100993580,71009936ec,7100993734
71007c0c48	7100993580
71007c0c70	7100987cf0,71009936d4
71007c0ce4	7100987cf0,71009936d4
71007c0d68	710019e940,7100993580
71007c0d98	71007c0ea8,71007c0fac,7100987d00,7100992d70
71007c0eac	7100987cf0
71007c0f10	7100987cf0
71007c0f74	71004ea820
71007c0fb0	7100987cf0
71007c1014	7100987cf0
71007c1090	710079f03c,71007ba754,71007c02b8,71007c0b08,7100987d00,7100992a8c,7100992a98,7100992ad8,7100993580,710099380c,7100993834,710144a490
71007c1258	710079ef10,71009836b4,7100992b6c,7100992b78,710099380c,7100993834
71007c13b0	71007c02b8,71007c1480,7100992a8c,7100992a98,7100992ad8
71007c1480	710079efa0,71009836b4,7100992b6c,7100992b78,710099380c,7100993834
71007c15e4	71007c0588,7100992a8c,7100992ab4,710099332c,710099380c,7100993834
71007c168c	71007c02b8,7100992a8c,7100992ab4,7100993024,710099332c,710099380c,7100993834
71007c1794	71007c0588,7100992a8c,7100992ab4,710099332c,710099380c,7100993834
71007c183c	71007c02b8,7100992a8c,7100992ab4,7100993024,710099332c,710099380c,7100993834
71007c1944	71007c02b8,7100992a8c,7100992a98,710099380c,7100993834
71007c1a88	71007c02b8,7100992a8c,7100992a98,710099380c,7100993834
71007c1b78	71007c0588,7100992a8c,7100992ab4,710099332c,710099380c,7100993834
71007c1c20	71007c0588,7100992a8c,7100992ab4,710099332c,710099380c,7100993834
71007c1cc8	71007c0588,7100992a8c,7100992ab4,710099332c,710099380c,7100993834
71007c1d70	71007a4ad4,71007c02b8,7100992a8c,7100992ab4,710099332c,710099380c,7100993834
71007c1e04	71007a4abc,71007c0588,7100992a8c,7100992ab4,710099332c,710099380c,7100993834
71007c1ec0	71007a4b6c,71007c0588,7100992a8c,7100992ab4,710099332c,710099380c,7100993834
71007c1f74	71007a4b74,71007c0588,7100992a8c,7100992ab4,7100993024,710099332c,710099380c,7100993834
71007c20c4	71007a4b7c,71007c0588,7100992a8c,7100992ab4,7100993024,710099332c,710099380c,7100993834
71007c2214	71007a4a9c,71007c02b8,7100992a8c,7100992a98,710099380c,7100993834
71007c22fc	71007a4a9c,71007c02b8,7100992a8c,7100992a98,710099380c,7100993834
71007c23e4	71007a4aac,71007c0588,7100992a8c,7100992a98,710099380c,7100993834
71007c2490	71007a4aac,71007c02b8,7100992a8c,7100992a98,710099380c,7100993834
71007c253c	71007a4bf4,71007c02b8,7100992a8c,7100992ab4,7100993024,710099332c,710099380c,7100993834
71007c2648	71007c0588,7100992a8c,7100992ab4,710099332c,710099380c,7100993834
71007c26f0	71007a4da4,71007c02b8,71007c2830,7100992a8c,7100992ab4,7100992ac0,710099332c,710099380c,7100993834
71007c2830	7100992af0,7100993024
71007c2960	71007a4e30,71007c02b8,71007c2830,7100992a8c,7100992ab4,710099332c,710099380c,7100993834
71007c2a9c	71007a5130,71007c02b8,71007c2bdc,7100992a8c,7100992ab4,7100992ac0,710099332c,710099380c,7100993834
71007c2bdc	7100992af0,7100993024
71007c2d0c	71007a51b8,71007c02b8,71007c2bdc,7100992a8c,7100992ab4,710099332c,710099380c,7100993834
71007c2e48	71007a5240,71007c02b8,7100992a8c,7100992ab4,7100992ac0,710099332c,710099380c,7100993834
71007c2efc	71007a5058,71007c02b8,7100992a8c,7100992ab4,710099332c,710099380c,7100993834
71007c2fa8	71007a4c30,71007c02b8,7100992a8c,7100992ab4,7100993024,71009931a8,710099332c,710099380c,7100993834
71007c3130	710079e840,71007c02b8,7100992a8c,7100992ab4,710099332c,710099380c,7100993834
71007c31c4	71009836b4,7100992b6c,7100992b78,710099380c,7100993834
71007c3308	71007c02b8,7100992a8c,7100992ab4,7100993024,7100993110,710099332c,710099380c,7100993834
71007c344c	71007c0588,7100992a8c,7100992ab4,710099332c,710099380c,7100993834
71007c3500	71007c0588,7100992a8c,7100992ab4,710099332c,710099380c,7100993834
71007c35a8	71007c02b8,7100992a8c,7100992ab4,7100993024,710099332c,710099380c,7100993834
71007c36b0	71007c02b8,7100893ed0,7100992a8c,7100992ab4,7100993024,710099332c,710099380c,7100993834
71007c381c	71007c0588,7100992a8c,7100992ab4,710099332c,710099380c,7100993834
71007c38c4	71007c02b8,7100893ed0,7100992a8c,7100992ab4,7100993024,7100993110,710099332c,710099380c,7100993834
71007c3a64	71007c0588,7100992a8c,7100992ab4,710099332c,710099380c,7100993834
71007c3b1c	71007a4d54,71007c02b8,7100992a8c,7100992ab4,7100993024,710099332c,710099380c,7100993834
71007c3cc0	71007a4d70,71007c02b8,7100992a8c,7100992ab4,710099332c,710099380c,7100993834
71007c3d54	71007a4d84,71007c0588,7100992a8c,7100992ab4,710099332c,710099380c,7100993834
71007c3e0c	71007a4d8c,71007c0588,7100992a8c,7100992ab4,710099332c,710099380c,7100993834
71007c3ec4	71007a4d94,71007c0588,7100992a8c,7100992ab4,710099332c,710099380c,7100993834
71007c3f7c	71007a4d9c,71007c0588,7100992a8c,7100992ab4,710099332c,710099380c,7100993834
71007c4034	71007c0588,7100992a8c,7100992ab4,710099332c,710099380c,7100993834
71007c40dc	71007c02b8,7100992a8c,7100992ab4,7100993024,710099332c,710099380c,7100993834
71007c41e4	71007c0588,7100992a8c,7100992ab4,710099332c,710099380c,7100993834
71007c428c	71007c02b8,7100992a8c,7100992ab4,7100993024,710099332c,710099380c,7100993834
71007c4394	71007c0588,7100992a8c,7100992ab4,710099332c,710099380c,7100993834
71007c443c	71007c02b8,7100992a8c,7100992ab4,7100993024,710099332c,710099380c,7100993834
71007c4544	71007c02b8,7100992a8c,7100992ab4,7100992af0,7100993024,710099332c,710099380c,7100993834
71007c46c4	71007c02b8,7100992a8c,7100992a98,710099380c,7100993834
71007c4820	71007c02b8,7100992a8c,7100992a98,710099380c,7100993834
71007c49a0	71007c0588,7100992a8c,7100992ab4,710099332c,710099380c,7100993834
71007c4a48	71007a0068,71007c02b8,7100992a8c,7100992a98,7100992ad8,710099380c,7100993834
71007c4b78	71007a0240,71007c02b8,7100992a8c,7100992a98,7100992ad8,710099380c,7100993834
71007c4cc4	71007c0588,7100992a8c,7100992ab4,710099332c,710099380c,7100993834
71007c4d6c	71007c02b8,71007c4e78,7100992a8c,7100992ab4,7100993024,710099332c
71007c4e78	71007a19b8,71009836b4,7100992b6c,7100992b78,710099380c,7100993834
71007c502c	71007c02b8,71007c516c,7100992a8c,7100992ab4,7100993024,710099332c
71007c516c	71007a1b1c,71009836b4,7100992b6c,7100992b78,710099380c,7100993834
71007c52e8	71007a2498,71009836b4,7100992b6c,7100992b78,710099380c,7100993834
71007c5440	71007c02b8,71007c554c,7100992a8c,7100992ab4,7100993024,710099332c
71007c554c	71007a271c,71009836b4,7100992b6c,7100992b78,710099380c,7100993834
71007c56b0	71007c02b8,71007c57bc,7100992a8c,7100992ab4,7100993024,710099332c
71007c57bc	71007a2758,71009836b4,7100992b6c,7100992b78,710099380c,7100993834
71007c5920	71007c02b8,71007c5a60,7100992a8c,7100992ab4,7100993024,710099332c
71007c5a60	71007a28a8,71009836b4,7100992b6c,7100992b78,710099380c,7100993834
71007c5bdc	71007a2928,71009836b4,7100992b6c,7100992b78,710099380c,7100993834
71007c5d34	71007c02b8,71007c5e40,7100992a8c,7100992ab4,7100993024,710099332c
71007c5e40	71007a29e0,71009836b4,7100992b6c,7100992b78,710099380c,7100993834
71007c5fa4	71007a2acc,71009836b4,7100992b6c,7100992b78,710099380c,7100993834
71007c60fc	71007c02b8,71007c6208,7100992a8c,7100992ab4,7100993024,710099332c
71007c6208	71007a2b18,71009836b4,7100992b6c,7100992b78,710099380c,7100993834
71007c636c	71007c02b8,71007c6478,7100992a8c,7100992ab4,7100993024,710099332c
71007c6478	71007a2b90,71009836b4,7100992b6c,7100992b78,710099380c,7100993834
71007c65dc	71007c02b8,71007c671c,7100992a8c,7100992ab4,7100993024,710099332c
71007c671c	71007a2d70,71009836b4,7100992b6c,7100992b78,710099380c,7100993834
71007c6898	71007a35c0,71007c02b8,71007c69bc,7100992a8c,7100992a98,710099380c,7100993834
71007c69bc	7100992ad8
71007c6ac8	71007a3624,71007c02b8,7100992a8c,7100992a98,7100992ad8,710099380c,7100993834
71007c6c88	71007a36d0,71007c02b8,7100992a8c,7100992a98,7100992ad8,710099380c,7100993834
71007c6dd4	71007a3724,71007c02b8,7100992a8c,7100992a98,7100992ad8,710099380c,7100993834
71007c6f04	71007a3770,71007c02b8,71007c7044,7100992a8c,7100992ab4,7100993024,710099332c,710099380c,7100993834
71007c7044	71009836b4,7100992b6c,7100992b78
71007c716c	710098439c,710144a490
71007c7230	710098439c,710144a490
71007c7364	7100987cf0
71007c73a4	7100987cf0
71007c750c	7100987cf0
71007c754c	7100987cf0
71007c75a8	7100987cf0
71007c75e8	7100987cf0
71007c7698	71007c7744,71007c77f4,71007c7900,7100992a8c,7100992a98
71007c7744	71007c7bb0,71007c7cc4,7100992a8c,7100992a98,7100992ab4,7100993470
71007c77f4	71007c7a80,7100992ad8
71007c7900	710079cac8,71009836b4,7100992b6c,7100992b78,710099380c,7100993834
71007c7bb0	7100992ad8
71007c7cc4	710079cc5c,71009836b4,7100992b6c,7100992b78,710099380c,7100993834
71007c7e40	7100993840
71007c7eb0	7100993840
71007c7f2c	710009b90c,71009836b4,710144a490
71007c8100	710098439c,710144a490
71007c8270	7100993840
71007c8324	71009863e4,7100992a50
71007c8420	71009836b4,710144a490
71007c8550	71007c8a38,7100992ab4,710099343c
71007c8624	71007c8a38,71007c8b98,7100992ab4
71007c8694	71007c8a38,7100992ab4,710099343c
71007c8768	71007c8a38,7100992ab4
71007c87e0	71007c8a38,7100992ab4,710099343c
71007c88d0	71007c8a38,7100992ab4
71007c8948	71007c8a38,7100992ab4,710099343c
71007c8a38	710099333c,7100993350,710099338c,71009933c4
71007c8b98	71009836b4,7100992b6c,7100992b78
71007c8cdc	710098439c,710144a490
71007c8e9c	71009836b4,710144a490
71007c8fcc	71007c93c4,7100992ab4,710099343c
71007c90a0	71007c93c4,71007c9524,7100992ab4
71007c9110	71007c93c4,7100992ab4,710099343c
71007c91e4	71007c93c4,7100992ab4
71007c925c	71007c93c4,7100992ab4,710099343c
71007c92d4	71007c93c4,7100992ab4
71007c934c	71007c93c4,7100992ab4,710099343c
71007c93c4	710099333c,7100993350,710099338c,71009933c4
71007c9524	71009836b4,7100992b6c,7100992b78
71007c9668	710098439c,710144a490
71007c9828	71009836b4,710144a490
71007c9958	71007c9d50,7100992ab4,710099343c
71007c9a2c	71007c9524,71007c9d50,7100992ab4
71007c9a9c	71007c9d50,7100992ab4,710099343c
71007c9b70	71007c9d50,7100992ab4
71007c9be8	71007c9d50,7100992ab4,710099343c
71007c9c60	71007c9d50,7100992ab4
71007c9cd8	71007c9d50,7100992ab4,710099343c
71007c9d50	710099333c,7100993350,710099338c,71009933c4
71007c9eb0	710098439c,710144a490
71007c9f70	7100993840
71007ca018	71009836b4,710144a490
71007ca108	710098439c,710144a490
71007ca224	71009836b4,710144a490
71007ca314	710098439c,710144a490
71007ca3d0	71009863e4,7100992a44
71007ca70c	71007cadc8,71007cae5c,7100992ab4,7100993470
71007ca950	71007acb14,71007caa08,7100992a8c,7100992ab4,710099332c,710099380c,7100993834
71007caa08	710099333c,7100993350,71009933c4
71007cab54	71007acb1c,71007cac68,7100992a8c,7100992ab4,7100993024,710099332c,710099380c,7100993834
71007cac68	710099333c,7100993350,710099338c,71009933c4
71007cadc8	71007acfd0,71007cac68,7100992a8c,7100992a98,710099380c,7100993834
71007cae5c	71007acfe0,71007cac68,7100992a8c,7100992a98,7100992ad8,710099380c,7100993834
71007caf44	71007ad180,71007cac68,7100992a8c,7100992ab4,710099332c,710099380c,7100993834
71007cafd8	71007ad2e0,71007caa08,7100992a8c,7100992ab4,710099332c,710099380c,7100993834
71007cb084	71007ad308,71007cac68,7100992a8c,7100992ab4,7100993024,710099332c,710099380c,7100993834
71007cb190	71007ad310,71007cac68,7100992a8c,7100992ab4,710099332c,710099380c,7100993834
71007cb23c	71007acc70,71007cac68,7100992a8c,7100992ab4,7100992ac0,710099332c,710099380c,7100993834
71007cb2f0	71007acc78,71007cac68,7100992a8c,7100992ab4,710099332c,710099380c,7100993834
71007cb39c	71007acc80,71007cac68,7100992a8c,7100992ab4,7100993024,710099332c,710099380c,7100993834
71007cb4a8	71007acc90,71009836b4,7100992b6c,7100992b78,710099380c,7100993834
71007cb650	71007acce4,71007cac68,71007cb794,7100992a8c,7100992ab4,7100992ac0,7100993024,710099332c,710099380c,7100993834
71007cb794	71009836b4,7100992b6c,7100992b78
71007cb8bc	71007accf4,71009836b4,7100992b6c,7100992b78,710099380c,7100993834
71007cba14	71007acd10,71007cac68,7100992a8c,7100992ab4,7100992ac0,7100992af0,7100993024,710099332c,710099380c,7100993834
71007cbb80	71007acd2c,71009836b4,710099380c,7100993834
71007cbc5c	71007acd60,71007cac68,71007cbd78,7100992a8c,7100992ab4,710099332c,710099380c,7100993834
71007cbd78	7100993024,7100993110
71007cbf10	71007ad318,71007c7044,71007cac68,7100992a8c,7100992ab4,7100993024,710099332c,710099380c,7100993834
71007cc090	71007ad3e0,71007caa08,7100992a8c,7100992ab4,710099332c,710099380c,7100993834
71007cc13c	71007ad3e8,71007cac68,7100992a8c,7100992ab4,7100993024,710099332c,710099380c,7100993834
71007cc248	71007ad3ec,71007caa08,7100992a8c,7100992ab4,7100992ac0,710099332c,710099380c,7100993834
71007cc2fc	71007ad3f4,71007caa08,7100992a8c,7100992ab4,710099332c,710099380c,7100993834
71007cc3a8	71007ad3fc,71007cac68,7100992a8c,7100992ab4,7100992ac0,7100993024,710099332c,710099380c,7100993834
71007cc4b8	71007ad400,71007cac68,7100992a8c,7100992ab4,7100993024,710099332c,710099380c,7100993834
71007cc5c4	71007ac834,710098439c,710144a490
71007cc7c0	71009939e0
71007cc874	71007cc984,71007ccae4,7100992a8c,7100992ab4,710099332c
71007cc8fc	71007cc984,71007ccc3c,7100992a8c,7100992ab4,710099332c
71007cc984	710099333c,7100993350,710099338c,71009933c4
71007ccae4	71007b41d8,71009836b4,7100992b6c,7100992b78,710099380c,7100993834
71007ccc3c	71007b4284,71009836b4,7100992b6c,7100992b78,710099380c,7100993834
71007ccd94	710098439c,710144a490
71007cce60	710098439c,710144a490
71007ccf90	71009939e0
71007cd044	71007cd0e4,71007cd368,7100992ab4,7100993470
71007cd094	71007cd528,71007cd674,7100992ab4,7100993470
71007cd0e4	71007b448c,71007c69bc,71007cd208,7100992a8c,7100992a98,710099380c,7100993834
71007cd208	710099333c,7100993350,710099338c,71009933c4
71007cd368	71007b4500,71007cd208,7100992a8c,7100992a98,7100992ad8,710099380c,7100993834
71007cd528	71007b4568,71007cd208,7100992a8c,7100992a98,7100992ad8,710099380c,7100993834
71007cd674	71007b45cc,71007cd208,7100992a8c,7100992a98,7100992ad8,710099380c,7100993834
71007cd7a4	710098439c,710144a490
71007cd860	710098439c,710144a490
71007cd990	71009939e0
71007cdb84	710099333c,7100993350,710099338c,71009933c4
71007cdce4	71007cdb84,7100992a8c,7100992ab4,7100993024,710099332c,710099380c,7100993834
71007ce0e0	710098439c,710144a490
71007ce210	71009939e0
71007ce388	710099333c,7100993350,71009933c4
71007ce4d4	710098439c,710144a490
71007ce590	710098439c,710144a490
71007ce6c0	71009939e0
71007ce6e0	71009863e4,7100992a44
71007cebb8	710099333c,7100993350,710099338c,71009933c4
71007ced18	71007b6870,71007cebb8,7100992a8c,7100992ab4,7100993024,710099332c,710099380c,7100993834
71007cee2c	71007b68e4,71007cebb8,7100992a8c,7100992ab4,7100993024,710099332c,710099380c,7100993834
71007cef40	71007b6a0c,71007ceffc,7100992a8c,7100992ab4,710099332c,710099380c,7100993834
71007ceffc	710099333c,7100993350,71009933c4
71007cf148	71007b6a80,71007ceffc,7100992a8c,7100992ab4,710099332c,710099380c,7100993834
71007cf200	71007b6aac,71007ceffc,7100992a8c,7100992ab4,710099332c,710099380c,7100993834
71007cf2b8	71007b6648,71007cebb8,7100992a8c,7100992ab4,7100993024,7100993110,710099332c,710099380c,7100993834
71007cf3fc	71007b6740,71007cebb8,7100992a8c,7100992ab4,7100993024,710099332c,710099380c,7100993834
71007cf510	71007b67c4,71007cebb8,7100992a8c,7100992ab4,7100993024,710099332c,710099380c,7100993834
71007cf624	71007b6844,71007ceffc,7100992a8c,7100992ab4,710099332c,710099380c,7100993834
71007cf6e0	71007b6858,71007ceffc,7100992a8c,7100992ab4,710099332c,710099380c,7100993834
71007cf798	71007b6864,71007ceffc,7100992a8c,7100992ab4,710099332c,710099380c,7100993834
71007cf850	71007b6ad4,71007cebb8,7100992a8c,7100992ab4,7100993024,7100993110,710099332c,710099380c,7100993834
71007cfa1c	71007b663c,71007cebb8,7100992a8c,7100992ab4,7100993024,710099332c,710099380c,7100993834
71007cfb5c	71007b5e60,71007cebb8,7100992a8c,7100992ab4,7100992af0,7100993024,710099332c,710099380c,7100993834
71007cfcb4	71007b61b0,71009836b4,7100992b6c,7100992b78,710099380c,7100993834
71007cfe0c	71007cebb8,7100992a8c,7100992ab4,7100993024,710099332c,710099380c,7100993834
71007cff1c	71007cebb8,7100992a8c,7100992ab4,7100993024,710099332c,710099380c,7100993834
71007d003c	71007cebb8,7100992a8c,7100992ab4,7100993024,710099332c,710099380c,7100993834
71007d014c	71007b63c0,71007cebb8,7100992a8c,7100992ab4,710099332c,710099380c,7100993834
71007d01e0	710098439c,710144a490
71007d02b0	710098439c,710144a490
71007d03e0	7100993840,71009939e0
71007d048c	71009863e4,7100992a5c
71007d04e4	71009863e4,7100992a44
71007d07f4	710099333c,7100993350,710099338c,71009933c4
71007d0954	71007b7880,71007d07f4,7100992a8c,7100992ab4,710099332c,710099380c,7100993834
71007d09e8	71007b7a70,71007d07f4,7100992a8c,7100992ab4,710099332c,710099380c,7100993834
71007d0a7c	71007b7bd0,71007d07f4,7100992a8c,7100992ab4,710099332c,710099380c,7100993834
71007d0b10	71007b7fb0,71007d07f4,7100992a8c,7100992ab4,710099332c,710099380c,7100993834
71007d0ba4	71007b7a00,71007d07f4,7100992a8c,7100992ab4,7100993024,710099332c,710099380c,7100993834
71007d0ce4	71007b824c,71007d07f4,7100992a8c,7100992ab4,710099332c,710099380c,7100993834
71007d0d78	71007b8400,71007d07f4,7100992a8c,7100992ab4,710099332c,710099380c,7100993834
71007d0e0c	71007b8468,71007d07f4,7100992a8c,7100992ab4,710099332c,710099380c,7100993834
71007d0ea0	710098439c,710144a490
71007d0f70	710098439c,710144a490
71007d10a0	71009939e0
71007d1134	71007d118c,71007d1424,71007d153c,71007d1710,71007d2230
71007d118c	71007b8bb0,71007d12c4,7100992a8c,7100992a98,7100992ad8,710099380c,7100993834
71007d12c4	710099333c,7100993350,710099338c,71009933c4
71007d1424	71007b8bb0,71007d12c4,7100992a8c,7100992a98,7100992ad8,710099380c,7100993834
71007d153c	71007b9194,71007d12c4,7100992a8c,7100992a98,7100992af0,710099380c,7100993834
71007d1710	71007b929c,71007d12c4,7100992a8c,7100992a98,7100992ad8,7100992af0,710099380c,7100993834
71007d18e4	71007b9420,71007d12c4,7100992a8c,7100992a98,7100992ad8,7100992af0,710099380c,7100993834
71007d1ab4	71007b8bb0,71007d12c4,7100992a8c,7100992a98,7100992ad8,710099380c,7100993834
71007d1c10	71007b9194,71007d12c4,7100992a8c,7100992a98,7100992af0,710099380c,7100993834
71007d1e04	71007b929c,71007d12c4,7100992a8c,7100992a98,7100992ad8,7100992af0,710099380c,7100993834
71007d201c	71007b9420,71007d12c4,7100992a8c,7100992a98,7100992ad8,7100992af0,710099380c,7100993834
71007d2230	71007d18e4,71007d1ab4,71007d1c10,71007d1e04,71007d201c,7100992ab4,7100993470
71007d22a4	710098439c,710144a490
71007d2370	710098439c,710144a490
71007d24a0	71009939e0
71007d24c0	71009863e4,7100992a44
71007d27cc	710099333c,7100993350,71009933c4
71007d2918	71007d27cc,7100992a8c,7100992ab4,710099332c,710099380c,7100993834
71007d29c4	71007d2ad0,7100992a8c,7100992ab4,7100993024,710099332c,710099380c,7100993834
71007d2ad0	710099333c,7100993350,710099338c,71009933c4
71007d2c30	71007d27cc,7100992a8c,7100992ab4,710099332c,710099380c,7100993834
71007d2cdc	71007d27cc,7100992a8c,7100992ab4,710099332c,710099380c,7100993834
71007d2d8c	71007d2ad0,7100992a8c,7100992ab4,7100993024,710099332c,710099380c,7100993834
71007d2ea4	71007d27cc,7100992a8c,7100992ab4,710099332c,710099380c,7100993834,71013df3b0
71007d2f54	71007d2ad0,7100992a8c,7100992ab4,710099332c,710099380c,7100993834
71007d2ff4	71007d2ad0,7100992a8c,7100992ab4,710099332c,710099380c,7100993834
71007d3094	71007d2ad0,7100992a8c,7100992ab4,710099332c,710099380c,7100993834
71007d3134	71007d2ad0,7100992a8c,7100992ab4,710099332c,710099380c,7100993834
71007d31d4	71007d2ad0,7100992a8c,7100992ab4,710099332c,710099380c,7100993834
71007d3274	71007d2ad0,7100992a8c,7100992ab4,710099332c,710099380c,7100993834
71007d3314	71007d2ad0,7100992a8c,7100992ab4,710099332c,710099380c,7100993834
71007d33b4	710098439c,710144a490
71007d3480	710098439c,710144a490
71007d35b0	71009939e0
71007d35d8	71009863e4,7100992a44
71007d3860	71007d4420,71007d4514,7100992ab4,7100993470
71007d38b4	71007d473c,71007d4830,7100992ab4,7100993470
71007d3908	71007d4a5c,71007d4b50,7100992ab4,7100993470
71007d3968	71007d3a20,7100992a8c,7100992ab4,710099332c,710099380c,7100993834
71007d3a20	710099333c,7100993350,71009933c4
71007d3b6c	71007d3a20,7100992a8c,7100992ab4,710099332c,710099380c,7100993834
71007d3c24	71007d3a20,7100992a8c,7100992ab4,710099332c,710099380c,7100993834
71007d3cd8	71007d3dec,7100992a8c,7100992ab4,7100993024,710099332c,710099380c,7100993834
71007d3dec	710099333c,7100993350,710099338c,71009933c4
71007d3f4c	71007ba320,71007d3dec,71007d405c,7100992a8c,7100992ab4,710099332c,710099380c,7100993834
71007d405c	7100993024
71007d41b8	71007ba400,71007d3dec,71007d405c,7100992a8c,7100992ab4,710099332c,710099380c,7100993834
71007d42c8	71007ba4f0,71007d3dec,7100992a8c,7100992ab4,710099332c,710099380c,7100993834
71007d435c	71007d3a20,7100992a8c,7100992ab4,710099332c,710099380c,7100993834
71007d4420	71007d3dec,7100992a8c,7100992a98,710099380c,7100993834
71007d4514	71007d3dec,7100992a8c,7100992a98,710099380c,7100993834
71007d4678	71007d3a20,7100992a8c,7100992ab4,710099332c,710099380c,7100993834
71007d473c	71007d3dec,7100992a8c,7100992a98,710099380c,7100993834
71007d4830	71007d3dec,7100992a8c,7100992a98,710099380c,7100993834
71007d4994	71007d3a20,7100992a8c,7100992ab4,710099332c,710099380c,7100993834
71007d4a5c	71007d3dec,7100992a8c,7100992a98,710099380c,7100993834
71007d4b50	71007d3dec,7100992a8c,7100992a98,710099380c,7100993834
71007d4c80	71007d3a20,7100992a8c,7100992ab4,710099332c,710099380c,7100993834
71007d4d34	71007d3dec,7100992a8c,7100992ab4,7100993024,710099332c,710099380c,7100993834
71007d4e48	71007ba6e8,71007d3a20,7100992a8c,7100992ab4,710099332c,710099380c,7100993834
71007d4efc	71007ba710,71007d3a20,7100992a8c,7100992ab4,7100993024,710099332c,710099380c,7100993834
71007d504c	710098439c,710144a490
71007d5110	710098439c,710144a490
71007d5240	71009939e0
71007d52b0	710098439c,710144a490
71007d5370	710098439c,710144a490
71007d54a0	71007d5510
71007d5510	710098f4fc,710144a4e0,710144a4f0
71007d5680	71007d6ed0,71008de924,71009836b4
71007d5770	71007d58dc,71007d684c,71009830f4,71009836b4,710144a580
71007d58dc	71009830f0,71009830f4,710144a510,710144a6a0
71007d5a70	71007d5be0,71007d6854,71009830f4,71009836b4,710144a580
71007d5be0	71009830f0,71009830f4,710144a510,710144a6a0
71007d5d80	71009830f4,710098439c,710144a4e0,710144a4f0
71007d5f8c	710019e940,71007d5d80
71007d6024	71007d5770,71007d5a70,71007d684c,71007d6854,71007d6a5c,71007d6ddc,71009836b4,710144a490,710144a580,710144a590
71007d6210	71007d6024,71007d6310
71007d6310	71009830f0,71009830f4,710144a6a0
71007d645c	71009836b4,7100984a20,710144b310
71007d65bc	71008d33ec,71008d377c,71008de514,710144a590
71007d6650	71007d6a10,71008d381c
71007d6684	71008d33ec,710098439c
71007d6718	71007d6910
71007d676c	71007d54a0,71007d5680,71009836b4
71007d68d0	71007d7020,710098ea30
71007d6908	71007d6910
71007d6910	71007d676c,71008de680,71009855e4,710144a590,710144a6f0
71007d6a5c	71007d6af0
71007d6af0	710098f4fc,710144a4e0,710144a4f0
71007d6c60	710098439c,710144a4e0,710144a4f0
71007d6d70	710019e940,71007d6c60
71007d6d94	710098439c
71007d6e90	71004e42e0,71004e4420
71007d6ed0	71004e4190,71004e4200,71008dfd58,71008dfdac,71009836b4,710144a580
71007d6fa4	71004e42b0,710098439c
71007d6ff0	710019e940,71007d6fa4
71007d7030	71007d70a0,71007d8450,71007d9340,710144a3f0,710144a400
71007d70a0	71009939e0
71007d7384	710099333c,7100993350,71009933c4
71007d74d0	71007d5fd4,71007d7384,7100992a8c,7100992ab4,7100992ac0,7100993024,710099332c,710099380c,7100993834,710144a590
71007d7634	71007d5fe4,71007d7384,7100992a8c,7100992ab4,7100993024,710099332c,710099380c,7100993834,710144a590
71007d7794	71007d5ff4,71007d7384,7100992a8c,7100992ab4,7100993024,710099332c,710099380c,7100993834
71007d78c8	71007d6004,71007d7384,7100992a8c,7100992ab4,7100992ac0,7100993024,710099332c,710099380c,7100993834
71007d7a14	71007d6014,71007d7384,7100992a8c,7100992ab4,7100993024,710099332c,710099380c,7100993834
71007d7d14	710099333c,7100993350,710099338c,71009933c4
71007d7e74	71009836b4,7100992b6c,7100992b78
71007d7fa0	71007d7d14,71007d80e8,7100992a8c,7100992ab4,7100992ac0,7100993024,710099332c
71007d80e8	71007d6210,71009836b4,7100992b6c,7100992b78,710099380c,7100993834
71007d8260	710098439c,710144a490
71007d8320	710098439c,710144a490
71007d8450	7100993840
71007d8718	71007d6718,71007d87c4,7100992a8c,7100992ab4,710099332c,710099380c,7100993834
71007d87c4	710099333c,7100993350,710099338c,71009933c4
71007d8924	710099333c,7100993350,71009933c4
71007d8a70	71007d6720,71009836b4,7100992b6c,7100992b78,710099380c,7100993834
71007d8bc8	71007cb794,71007d676c,71007d87c4,7100992a8c,7100992ab4,7100993024,710099332c,710099380c,7100993834
71007d8d08	71007d67fc,71009836b4,7100992b6c,7100992b78,710099380c,7100993834
71007d8e60	71007d6814,71007d87c4,7100992a8c,7100992ab4,7100992af0,7100993024,710099332c,710099380c,7100993834
71007d8fb8	71007d682c,71009836b4,7100992b6c,7100992b78,710099380c,7100993834
71007d9110	71008d33ec,710098439c,710144a490
71007d9340	71009939e0
71007d93d4	71007d94a0,71007d97cc,71007d9918,7100992a8c,7100992a98,7100992ab4,7100993470
71007d94a0	71007d6ddc,71007d9544,71007d96a4,7100992a8c,7100992a98,710099380c,7100993834
71007d9544	710099333c,7100993350,710099338c,71009933c4
71007d96a4	71009836b4,7100992b6c,7100992b78
71007d97cc	710099333c,7100993350,71009933c4
71007d9918	71007d6df8,71009836b4,710099380c,7100993834
71007d9a0c	710098439c,710144a490
71007d9ad0	710098439c,710144a490
71007d9c00	710098f4fc,710144a4e0,710144a4f0,710144a5d0
71007d9de0	71009830f4,710144a4e0,710144a4f0
71007d9fc0	710019e940,71007d9de0
71007d9fe4	71007daf28
71007da058	71007daf5c
71007da0cc	71007daf90
71007da140	71007dafc4
71007da1b4	71007dad54
71007da228	71007dad80
71007da29c	71007dada8
71007da310	71007dadd4
71007da384	71007dae18
71007da408	71007dae58
71007da48c	71007dae94
71007da510	71007daed0
71007da594	71007daf10
71007da628	71007e05cc
71007da6c4	71007e05cc
71007da760	71007dadec
71007daaf0	710144a590,710144a5c0
71007dabf0	71007db010
71007dac40	710144a4e0,710144a4f0
71007dad20	710019e940,71007dac40
71007dadd4	71007db5fc
71007daf10	71007db604
71007db010	710098f4fc,710144a4e0,710144a4f0
71007db260	710019e940,710144a4e0,710144a4f0
71007db330	71007db370,71007db4d8
71007db370	710098f4fc,710144a4e0,710144a4f0
71007db614	71007db4d8
71007db720	710098439c
71007db8a4	71009836b4,7100983b10,7100984a20,7100984a58,710098528c,710144b310
71007dba28	71007e63b8
71007dba30	71007dbac0,71007e6c30
71007dbac0	71007da618,71007dde08,71007dde10,71007e48dc,71007e685c,71007e6c48
71007dbc68	71007e6c30
71007dbc94	71007de858,71007df088
71007dbcc4	71007df324
71007dbccc	71007e6c38
71007dbcd4	71007e6c40
71007dbcdc	71007dde10
71007dbce4	71007dde08
71007dbd10	71007df09c
71007dbd18	71007ddbc0
71007dbd20	71007ddae8
71007dbd28	71007dde08
71007dbd58	71007ebdb0
71007dbda8	71007ebf20
71007dbdf8	71007e4b84
71007dbe00	71007e4908
71007dbff4	71007df30c,71009926b8
71007dc040	71007dc5bc,71007dd0c0,71007ded30,71007dfd10,71007e4620,71009830f4,710098439c
71007dc1a4	71007dedf0,71007dfe20,71007e464c,71007e63c4
71007dc35c	71007db330,71007e4e20,71007e5c20,71007e6f6c,71007e8db8,71007ec248,71007ef430
71007dc55c	71007e4aa4
71007dc5bc	71007dc650,71007dcb90,71007dce90,71007e5c60
71007dc650	710144a4e0,710144a4f0
71007dcb90	71007dcc58,71007ecf70,71009830f4
71007dcc58	710144c840,710144c850,710144c860
71007dce90	71009830f4
71007dcfe0	71007f00b0,710098ea30
71007dd0c0	710098439c
71007dd8a8	710050a0c0,71007de870,71007e34e4,71009836b4
71007dd9c0	710050a0c0,71007de9a0,71007e0438,71009836b4
71007ddad8	71007dde50
71007ddae8	71007da618
71007ddbc0	71007da618,71007dbc70,71007dbccc,71007dbcd4,71007e05cc
71007dde50	71007da618,71007da7dc,71007dad44,71007de530,71007de7bc,71007e0584,71007e0734,71007e13e4,71007e45c4,71007e45cc,71007e4a78,71007e4c58,71007e4c9c,71007e4cc8,71007e4cf4,71007e4cfc,71007eef28
71007de530	71007da618,71007da7dc,71007dad44,71007e0734,71007e13e4,71007e45cc,71007eefd8
71007de870	71009830f0,71009830f4,710098439c,710144a6a0
71007de9a0	71009830f0,71009830f4,710098439c,710144a6a0
71007deb2c	710144a570
71007ded30	710098439c,710144ad40
71007dedb0	710144acc0
71007dedf0	71007dbc70,71007dbd18,71007defcc,71007df0cc,71007df334,71007df3f8,710098439c,710144a640,710144ad10,710144ad20,710144ad30
71007defcc	71007dbc70,71007dbd18,71007df0cc,71007df334,710144ad10,710144ad20,710144ad30
71007df09c	71007df0cc
71007df0cc	71007dbc68,71007dbc70,71007dbccc,71007dbcd4,71007df510,71007df790,71007df9c8,71007df9d0,71007df9ec,71009836b4,710144ac80,710144ad20
71007df30c	710144ad30
71007df334	71007dbc70,71007dbccc,71007dbcd4,71007dbce4,71007dc55c
71007df3f8	71007dde50,710144c870
71007df510	710098f4fc,710144a4e0,710144a4f0
71007df790	710144a4e0,710144a4f0
71007df860	710019e940,71007df790
71007df97c	710144a510
71007df9ec	71007dfa30,710144c880
71007dfa30	710098f4fc,710144a4e0,710144a4f0
71007dfbe0	71007dfe50,71007ef184,71009836b4
71007dfd10	71009830f4,710098439c
71007dfe20	71007db860
71007dfe50	71007e01f0,71009830f0,710144a550
71007e01f0	71009830f0,71009830f4
71007e0438	71007db010
71007e0490	710144a4e0,710144a4f0
71007e0560	710019e940,71007e0490
71007e058c	71007e5570,71007e5578
71007e05e8	71007db010
71007e0640	710144a4e0,710144a4f0
71007e0710	710019e940,71007e0640
71007e0fa0	710144c890
71007e103c	710144c890
71007e129c	71007db010
71007e12f0	710144a4e0,710144a4f0
71007e13c0	710019e940,71007e12f0
71007e34e4	71007db010
71007e3530	710144a4e0,710144a4f0
71007e3600	710019e940,71007e3530
71007e364c	71007e8e84,71007ed528,710144a490
71007e3700	71007e8e84,71007ed528,710144a490
71007e37c4	71007e8e84,71007ed708,710144a490
71007e3878	71007e8e84,71007ed708,710144a490
71007e3944	71007e8e84,71007ed83c,710144a490
71007e3a08	71007e8e84,71007ed83c,710144a490
71007e3adc	71007e8e84,71007edd38,710144a490
71007e3b58	71007e8e84,71007ede74,710144a490
71007e3bd4	71007e8e84,71007edf08,710144a490
71007e3c48	71007e8e84,71007ed97c,710144a490
71007e3c9c	71007e8e84,71007edc58,710144a490
71007e3d00	71007e8e84,71007ee018,710144a490
71007e3d6c	71007e8e84,71007ee33c,710144a490
71007e3dec	71007e8e84,71007ee3c0,710144a490
71007e3e44	71007e8e84,71007ecaec,71007ee008,71007ee33c,710144a490
71007e3edc	71007e8e84,71007ede98,710144a490
71007e3f50	71007e8e84,71007edcdc,710144a490
71007e3fb4	71007e8e84,71007edeb0,710144a490
71007e4020	71007e8e84,71007edea4,710144a490
71007e4098	71007e8e84,71007edd30,710144a490
71007e40fc	71007e8e84,71007edf48,710144a490
71007e4174	71007e8e84,71007edf84,710144a490
71007e41ec	71007e4230,71007ecafc
71007e4230	71007e8e84,71007ecaec,71007ee008,71007ee33c,710144a490
71007e4330	71007e4230,71007ecb3c
71007e4374	71007e4230,71007ecb7c
71007e43b8	71007e4230,71007ecbbc
71007e43fc	71007e4230,71007ecbfc
71007e4448	71007e4230,71007ecc38
71007e4494	71007e4230,71007ecc74
71007e44e0	71007e4230,71007eccb0
71007e452c	71007e4230,71007eccec
71007e4578	71007e4230,71007ecd40
71007e45c4	71007e8e70
71007e45e8	71007e8dac,71007e8e94,71007ef3d4,710144c8a0
71007e4620	71007e8f40,71007ef3d8
71007e464c	71007db650,71007e4d08,71007e4d64,71007e6e6c,71007e8db0,71007e8f44,71007ef3dc
71007e4850	71007decd0,71007e4d70,71007e6ed4,71007e8f68,71007ef40c
71007e48dc	71007e4da0,71007e6eec
71007e4908	71007decd0,71007e4d64
71007e4a78	71007decd0,71007e4d64
71007e4aa4	71007decd0,71007e4d64
71007e4b84	71007db614
71007e4c58	71007db5e0,71007decd0
71007e4c9c	71007decd0,71007e6ec8
71007e4cc8	71007decd0,71007e8f54
71007e4d08	71007e4e70
71007e4d70	71007e5554
71007e4da0	71007e5568
71007e4e70	71007dbc70,71007deb2c,71007e5250,71007e53c8,710144a640,710144c8b0,710144c8c0,710144c8d0,710144c8e0,710144c8f0
71007e5250	710144a640
71007e53c8	710144a640
71007e5c20	71007e60e0
71007e5c60	71009830f4,710144c900
71007e5ce8	710019e940,71007e5c60
71007e5d10	71007e5584,710144c910
71007e6030	710144c930,710144c940
71007e60e0	71009830f0,71009830f4,710144a580,710144a5d0,710144a6a0
71007e62b8	71007dbc70,710144c950,710144c960,710144c970
71007e63c8	71007dbc70,71007dde50,71007decd0,71007e4850,71007e6c50,71007e6d94,710144a910,710144c870
71007e685c	71007dbc70,71007e69a0,710144a640,710144c970,710144c980,710144c990
71007e69a0	710144a640,710144c980,710144c990,710144c9a0,710144c9b0,710144c9c0
71007e6c50	71007dbc70,71007dbd10,71007ddad8,71007dde08,71007dde50,71007de530
71007e6d94	71007dc55c,71007ddad8,71007dde08,71007dde50,710144c870
71007e6e6c	71007e5d10
71007e6ed4	71007e6030
71007e6eec	71007e60d0
71007e6f6c	71007e78d0,710144a5d0
71007e7140	71007e7590,71007e78d0,71007e8090,71007e8290,710144a580,710144a5d0,710144c9d0
71007e7590	7100984dc0,7100984dd4
71007e7890	710019e940,71007dce90
71007e78d0	71007e7c30,71007e7db0,71007e7f30,71009830f0,71009830f4,710144a510
71007e7c30	71009830f0,71009830f4,710144a510
71007e7db0	71009830f0,71009830f4,710144a510
71007e7f30	71009830f0,71009830f4,710144a510
71007e8090	71007e84a0,710144a5d0
71007e8290	71009830f4
71007e84a0	71007e7db0,71007e7f30,71009830f0,71009830f4,710144a510
71007e8dd0	710144c9f0,710144ca00
71007e8e70	71007ec57c
71007e8e84	71007ec6bc
71007e8e94	71007e8dc4,71007ec350
71007e8f44	71007ec630
71007e8f68	71007e8dd0,71007ec4c8
71007e8fc4	71007e9120
71007e9120	710098f4fc,710144a4e0,710144a4f0
71007e9290	71009830f4,710144a4e0,710144a4f0
71007e93a0	710019e940,71007e9290
71007e9440	71007ebc74
71007e9564	71007e3d6c,71007e9b00,71007eb768,71007eb900,71007eb9c4
71007e9898	71007e3c9c,71007e3edc,71007e9b00
71007e9b00	71007dbce4,71007e3624
71007e9c48	71007e3c9c,71007e3e44,71007e3edc,71007e43fc,71007e9b00
71007ea1b8	71007e3dec,71007e9b00
71007ea408	710144a6a0
71007ea430	71007ea43c
71007ea43c	71007e9b00,71007ebb24
71007ea58c	71007ea43c
71007ea598	71007ea43c
71007ea5a0	71007ea43c
71007ea5b0	71007e3e44,71007e41ec,71007e9b00
71007ea810	71007ea43c
71007ea818	71007ea43c
71007ea820	71007ea43c
71007ea828	71007e3e44,71007e43fc,71007e9b00
71007eaab0	71007e3e44,71007e4448,71007e9b00
71007ead38	71007e3e44,71007e4494,71007e9b00
71007eafc0	71007e3e44,71007e44e0,71007e9b00
71007eb248	71007e3e44,71007e452c,71007e9b00
71007eb4d0	71007e3e44,71007e4578,71007e9b00
71007eb758	71007e9564
71007eb768	71007dc554,71007e9b00,71007eb900,71007ec1a0
71007eb900	71007e3d6c
71007eb9c4	71007e3700,71007e37c4,71007e3a08,71007e3e44,71007e41ec,71007ebb24,710144a590
71007ebb24	71007e3adc,71007e3b58,71007e3bd4,71007e3e44,71007e3edc,71007e4330,71007e4374,71007e43b8
71007ebc74	71009830f0,71009830f4,710144a510,710144a6a0
71007ebdb0	71007e8fc4,71007e9440,71009830f0,71009830f4,71009836b4,710144a6a0
71007ebf20	71007e8fc4,71007e9448,71009830f0,71009830f4,71009836b4,710144a6a0
71007ec248	71007ec6f0,71007ecd94
71007ec350	71007ec73c,71009836b4,7100990ee4,710144acc0,710144ca40,710144ca50,710144ca60
71007ec470	710098439c,7100990fe0
71007ec4c8	71007e8e7c,71007ec73c,710144a680,710144a690,710144ca70,710144ca80
71007ec57c	71007decd0,71007ec73c,710144ca40,710144ca50
71007ec630	71007ed150
71007ec6f0	710144ca90,710144caa0,710144cab0
71007ec73c	710144ca10,710144cac0,710144cad0
71007ec7ec	710144caa0,710144caf0,710144cb00
71007ec84c	71007ec7ec,71008d692c,71008d6934,71008de540,71009836b4,710144a680,710144a690,710144cb10,710144cb20,710144cb30,710144cb40,710144cb50,710144cb60
71007ec95c	71008defe4,710144c850,710144cb80,710144cb90,710144cba0,710144cbb0
71007ec9e0	710019e940,71007ec95c
71007eca04	710144a640,710144cb70,710144cb80,710144cbd0,710144cbe0
71007ecafc	710144cb80,710144cc00
71007ecb3c	710144cb80,710144cc10
71007ecb7c	710144cb80,710144cc20
71007ecbbc	710144cb80,710144cc30
71007ecbfc	710144cb80,710144cc40
71007ecc38	710144cb80,710144cc50
71007ecc74	710144cb80,710144cc60
71007eccb0	710144cb80,710144cc70
71007eccec	710144cb40,710144cb80
71007ecd40	710144cb40,710144cb80
71007ecd94	710098f4fc,710144a4e0,710144a4f0,710144ca90,710144caa0
71007ecf70	71007ee67c,710098439c,710144a4e0,710144a4f0,710144c850,710144c860
71007ed150	71007eca04,71007ee67c,710098439c,710144a640,710144cb80,710144cbd0
71007ed528	71007ed650,71007edd5c,71007ee64c,71007ee67c,71009836b4,710098439c
71007ed650	710144a640,710144ca40
71007ed708	71007ed650,71007edd5c,71007ee5a0,71007ee67c,71009836b4,710098439c
71007ed83c	71007ed650,71007edd5c,71007ee64c,71007ee67c,71009836b4,710098439c
71007ed97c	710144a640,710144cb70,710144cb80,710144cbe0
71007edc58	710144a640,710144cb70,710144cb80,710144cbe0
71007edcdc	710144cbc0
71007edd38	71007edd5c
71007edd5c	710144cac0,710144cbc0
71007ede74	71007edd5c
71007ede98	71007edd5c
71007edeb0	710144cae0
71007edf08	710144a640,710144cb30
71007edf48	710144a640
71007edf84	710144a640,710144cb40,710144cb80
71007ee018	710144a640,710144cb80,710144cbd0
71007ee33c	710144a640,710144cb80,710144cbd0
71007ee3c0	710144cb80,710144cbf0
71007ee5a0	71007ec7ec,71009836b4,710144a680,710144a690,710144cb70
71007ee64c	71007ec84c
71007ee67c	710098439c,710144a680,710144a690
71007ee730	7100982230,710098439c,710144a4e0,710144a4f0,710144add0
71007ee8c0	710019e940,71007ee730
71007ee9b4	710050dbe0,710098f4fc,710144a4e0,710144a4f0,710144a580
71007eeba8	710144cc80
71007eee10	710050a0c0,71007ef060,71007ef1d0,71009836b4
71007eef28	71007ef334,71007ef3e0
71007eefd8	71007ef334
71007ef060	71009830f0,71009830f4,710098439c,710144a6a0
71007ef184	71007dfe50,71009836b4
71007ef1d0	71007db010
71007ef220	71007efaac,71007efae4,710144a4e0,710144a4f0
71007ef310	710019e940,71007ef220
71007ef33c	71007efb10
71007ef354	71007efae4
71007ef364	71007efaac
71007ef3e0	71007decd0,71007f0004
71007ef40c	71007f0010
71007ef430	71007ef56c,710144a5d0
71007ef56c	710144cc90
71007ef758	710144cca0,710144ccb0
71007ef794	71007ef56c,71009836b4,710144a5d0,710144ccc0,710144ccd0,710144cce0
71007efa2c	710098439c,710144ccf0,710144cd00,710144cd10
71007efaac	710144ccf0
71007efae4	710144cd10
71007efb10	71007efbac,710144a640,710144cd20,710144cd30,710144cd40
71007efbac	710144a640,710144cd50,710144cd60
71007efc48	710144a640,710144ccf0,710144cd70,710144cd80,710144cd90,710144cda0,710144cdb0
71007efe90	71007ef794
71007eff0c	71007efa2c
71007eff88	71007efc48
71007f0010	71007ef758
71007f0030	71007f00e0,71007f0c50,71007f2ea0,71007f3c00,71007f4e30,71007f52e0,71007f6960,71007f86c0,71007fa550,71007fd7e0,7100800140,710144a3f0,710144a400
71007f00c0	71007f0030
71007f00e0	71009939e0
71007f02e4	710099333c,7100993350,710099338c,71009933c4
71007f0444	71007ef354,71007f02e4,7100992a8c,7100992ab4,710099332c,710099380c,7100993834
71007f04d8	71007ef364,71007f0584,7100992a8c,7100992ab4,710099332c,710099380c,7100993834
71007f0584	710099333c,7100993350,71009933c4
71007f06d0	71007ef374,71007f0584,7100992a8c,7100992ab4,710099332c,710099380c,7100993834
71007f077c	71007ef38c,71007f0584,7100992a8c,7100992ab4,710099332c,710099380c,7100993834
71007f0828	71007ef394,71007f02e4,7100992a8c,7100992ab4,7100993240,710099332c,710099380c,7100993834
71007f0a04	710098439c,710144a490
71007f0ae0	710098439c,710144a490
71007f0c50	7100993840
71007f0c64	71009863e4,7100992a44
71007f1084	71007f19bc,71007f25d4,7100992a8c,7100992ab4,7100992ac0,710099332c
71007f1114	71007f19bc,71007f272c,7100992a8c,7100992ab4,7100992ac0,710099332c
71007f11a4	71007f19bc,71007f2884,7100992a8c,7100992ab4,7100992ac0,710099332c
71007f1238	71007f12e0,7100992a8c,7100992ab4,710099332c,710099380c,7100993834
71007f12e0	710099333c,7100993350,71009933c4
71007f142c	71007d9fe4,71007f12e0,7100992a8c,7100992ab4,710099332c,710099380c,7100993834
71007f14e4	71007da058,71007f12e0,7100992a8c,7100992ab4,710099332c,710099380c,7100993834
71007f159c	71007da0cc,71007f12e0,7100992a8c,7100992ab4,710099332c,710099380c,7100993834
71007f1654	71007da140,71007f12e0,7100992a8c,7100992ab4,710099332c,710099380c,7100993834
71007f170c	71007da1b4,71007f12e0,7100992a8c,7100992ab4,710099332c,710099380c,7100993834
71007f17b8	71007da228,71007f12e0,7100992a8c,7100992ab4,710099332c,710099380c,7100993834
71007f1864	71007da29c,71007f12e0,7100992a8c,7100992ab4,710099332c,710099380c,7100993834
71007f1910	71007da310,71007f19bc,7100992a8c,7100992ab4,710099332c,710099380c,7100993834
71007f19bc	710099333c,7100993350,710099338c,71009933c4
71007f1b1c	71007da384,71007f12e0,7100992a8c,7100992ab4,7100993024,710099332c,710099380c,7100993834
71007f1c50	71007da408,71007f12e0,7100992a8c,7100992ab4,7100993024,710099332c,710099380c,7100993834
71007f1d84	71007da48c,71007f12e0,7100992a8c,7100992ab4,7100993024,710099332c,710099380c,7100993834
71007f1eb8	71007da510,71007f12e0,7100992a8c,7100992ab4,7100993024,710099332c,710099380c,7100993834
71007f1fec	71007da594,71007f19bc,7100992a8c,7100992ab4,7100993024,710099332c,710099380c,7100993834
71007f2120	71007da618,71007f12e0,7100992a8c,7100992ab4,710099332c,710099380c,7100993834
71007f21cc	71007da628,71007f12e0,7100992a8c,7100992ab4,710099332c,710099380c,7100993834
71007f2278	71007da6c4,71007f12e0,7100992a8c,7100992ab4,710099332c,710099380c,7100993834
71007f2324	71007da760,71007f12e0,7100992a8c,7100992ab4,710099332c,710099380c,7100993834
71007f23d0	71007da7d4,71007f12e0,7100992a8c,7100992ab4,710099332c,710099380c,7100993834
71007f247c	71007da7e4,71009836b4,7100992b6c,7100992b78,710099380c,7100993834
71007f25d4	71007da8a4,71009836b4,7100992b6c,7100992b78,710099380c,7100993834
71007f272c	71007da964,71009836b4,7100992b6c,7100992b78,710099380c,7100993834
71007f2884	71007daa24,71009836b4,7100992b6c,7100992b78,710099380c,7100993834
71007f29dc	71007f19bc,71007f2ae8,7100992a8c,7100992ab4,7100993024,710099332c
71007f2ae8	71007daaf0,71009836b4,7100992b6c,7100992b78,710099380c,7100993834
71007f2c4c	710098439c,710144a490
71007f2d30	710098439c,710144a490
71007f2ea0	7100993840
71007f3114	710099333c,7100993350,710099338c,71009933c4
71007f3274	71007df88c,71007f3114,7100992a8c,7100992ab4,7100993024,710099332c,710099380c,7100993834
71007f3730	71007df974,71007f3114,7100992a8c,7100992ab4,7100993024,710099332c,710099380c,7100993834
71007f3a90	710098439c,710144a490
71007f3c00	71009939e0
71007f3c20	71009863e4,7100992a44
71007f3f00	710099333c,7100993350,71009933c4
71007f404c	71007dad80,71007f3f00,7100992a8c,7100992ab4,710099332c,710099380c,7100993834
71007f40f8	71007dada8,71007f3f00,7100992a8c,7100992ab4,710099332c,710099380c,7100993834
71007f41a4	71007dadd4,71007f3f00,7100992a8c,7100992ab4,710099332c,710099380c,7100993834
71007f4250	71007dadec,71007f3f00,7100992a8c,7100992ab4,710099332c,710099380c,7100993834
71007f42fc	71007dae18,71007f3f00,7100992a8c,7100992ab4,7100993024,710099332c,710099380c,7100993834
71007f4430	71007dae58,71007f3f00,7100992a8c,7100992ab4,7100993024,710099332c,710099380c,7100993834
71007f4564	71007dae94,71007f3f00,7100992a8c,7100992ab4,7100993024,710099332c,710099380c,7100993834
71007f4698	71007daed0,71007f3f00,7100992a8c,7100992ab4,7100993024,710099332c,710099380c,7100993834
71007f47cc	71007daf10,71007f3f00,7100992a8c,7100992ab4,7100993024,710099332c,710099380c,7100993834
71007f4900	71007daf28,71007f3f00,7100992a8c,7100992ab4,710099332c,710099380c,7100993834
71007f49b8	71007daf5c,71007f3f00,7100992a8c,7100992ab4,710099332c,710099380c,7100993834
71007f4a70	71007daf90,71007f3f00,7100992a8c,7100992ab4,710099332c,710099380c,7100993834
71007f4b28	71007dafc4,71007f3f00,7100992a8c,7100992ab4,710099332c,710099380c,7100993834
71007f4be0	710098439c,710144a490
71007f4cc0	710098439c,710144a490
71007f4e30	7100993840
71007f4f70	71009863e4,7100992a5c
71007f4fc8	71009863e4,7100992a5c
71007f5020	71009863e4,7100992a5c
71007f5078	71009863e4,7100992a5c
71007f50d0	71009863e4,7100992a5c
71007f5128	71009863e4,7100992a5c
71007f5180	71009863e4,7100992a5c
71007f51d8	71009863e4,7100992a5c
71007f5230	71009863e4,7100992a5c
71007f5288	71009863e4,7100992a5c
71007f52e0	7100993840
71007f53a8	71009863e4,7100992a50
71007f5434	71009836b4,710144a490
71007f5554	71007f5628,7100992ab4,710099343c
71007f5628	710099333c,7100993350,710099338c,71009933c4
71007f5788	71009836b4,7100992b6c,7100992b78
71007f58cc	710098439c,710144a490
71007f5a3c	71009836b4,710144a490
71007f5b60	71007f5cc4,7100992ab4,710099343c
71007f5bd4	71007f5cc4,7100992ab4
71007f5c4c	71007f5cc4,7100992ab4,710099343c
71007f5cc4	710099333c,7100993350,710099338c,71009933c4
71007f5e24	710098439c,710144a490
71007f5f6c	71009836b4,710144a490
71007f608c	71007f6160,7100992ab4,710099343c
71007f6160	710099333c,7100993350,710099338c,71009933c4
71007f62c0	71009836b4,7100992b6c,7100992b78
71007f6404	710098439c,710144a490
71007f654c	71009836b4,710144a490
71007f666c	71007f6740,7100992ab4,710099343c
71007f6740	710099333c,7100993350,710099338c,71009933c4
71007f68a0	710098439c,710144a490
71007f6960	7100993840
71007f6974	71009863e4,7100992a44
71007f6c3c	71007f7ed0,71007f80f0,7100992ab4,7100993470
71007f6c94	71007dba28,71007f6dd4,7100992a8c,7100992ab4,7100993024,710099332c,710099380c,7100993834
71007f6dd4	710099333c,7100993350,710099338c,71009933c4
71007f6f34	71007dba30,71007f6dd4,7100992a8c,7100992ab4,7100993024,7100993240,710099332c,710099380c,7100993834
71007f70e0	71007dbc70,71007f7234,7100992a8c,7100992ab4,7100993240,710099332c,710099380c,7100993834
71007f7234	710099333c,7100993350,71009933c4
71007f7380	71007dbc94,71007f6dd4,7100992a8c,7100992ab4,7100992af0,7100993024,710099332c,710099380c,7100993834
71007f74d8	71007dbcc4,71007f7234,7100992a8c,7100992ab4,710099332c,710099380c,7100993834
71007f7584	71007dbccc,71007f7234,7100992a8c,7100992ab4,710099332c,710099380c,7100993834
71007f7630	71007dbcd4,71007f7234,7100992a8c,7100992ab4,710099332c,710099380c,7100993834
71007f76dc	71007dbac0,71007f6dd4,7100992a8c,7100992ab4,7100993240,710099332c,710099380c,7100993834
71007f780c	71007dbc68,71007f7234,7100992a8c,7100992ab4,710099332c,710099380c,7100993834
71007f78b8	71007dbd10,71007f6dd4,7100992a8c,7100992ab4,710099332c,710099380c,7100993834
71007f794c	71007dbd18,71007f7234,7100992a8c,7100992ab4,710099332c,710099380c,7100993834
71007f79f8	71007dbd20,71007f7234,7100992a8c,7100992ab4,710099332c,710099380c,7100993834
71007f7aa4	71007dbce4,71007f7234,71007f7bd0,7100992a8c,7100992ab4,7100993024,710099332c,710099380c,7100993834
71007f7bd0	71009836b4,7100992b6c,7100992b78
71007f7cf8	71007dbd28,71007f7234,71007f7bd0,7100992a8c,7100992ab4,710099332c,710099380c,7100993834
71007f7d9c	71007dbcdc,71007f7234,7100992a8c,7100992ab4,7100993024,710099332c,710099380c,7100993834
71007f7ed0	71007dbd58,71007f6dd4,71007f7fc8,7100992a8c,7100992a98,7100992ad8,710099380c,7100993834
71007f7fc8	71009836b4,7100992b6c,7100992b78
71007f80f0	71007dbda8,71007f6dd4,71007f7fc8,7100992a8c,7100992a98,710099380c,7100993834
71007f8290	71007dbdf8,71007f6dd4,7100992a8c,7100992ab4,7100993024,710099332c,710099380c,7100993834
71007f83d0	71007dbe00,71007f6dd4,7100992a8c,7100992ab4,7100993024,710099332c,710099380c,7100993834
71007f85a0	710098439c,710144a490
71007f86c0	71009939e0
71007f88b0	71007f8e64,71007f8f74,7100992ab4,7100993470
71007f8900	71007f90b0,71007f91c0,7100992ab4,7100993470
71007f8950	71007f92fc,71007f940c,7100992ab4,7100993470
71007f89a0	71007f9548,71007f9658,7100992ab4,7100993470
71007f89f0	71007f9794,71007f98a4,7100992ab4,7100993470
71007f8a40	71007f99e0,71007f9af0,7100992ab4,7100993470
71007f8a90	71007f9c2c,71007f9d34,7100992ab4,7100993470
71007f8ae8	71007fa0d4,71007fa1d4,7100992ab4,7100993470
71007f8b38	71007e073c,71007f8be4,7100992a8c,7100992ab4,710099332c,710099380c,7100993834
71007f8be4	710099333c,7100993350,71009933c4
71007f8d30	71007e0824,71007f8be4,7100992a8c,7100992ab4,7100993024,710099332c,710099380c,7100993834
71007f8e64	71007e0880,71007f8be4,7100992a8c,7100992a98,710099380c,7100993834
71007f8f74	71007e0910,71007f8be4,7100992a8c,7100992a98,710099380c,7100993834
71007f90b0	71007e09b0,71007f8be4,7100992a8c,7100992a98,710099380c,7100993834
71007f91c0	71007e0a40,71007f8be4,7100992a8c,7100992a98,710099380c,7100993834
71007f92fc	71007e0ae0,71007f8be4,7100992a8c,7100992a98,710099380c,7100993834
71007f940c	71007e0b70,71007f8be4,7100992a8c,7100992a98,710099380c,7100993834
71007f9548	71007e0c10,71007f8be4,7100992a8c,7100992a98,710099380c,7100993834
71007f9658	71007e0ca0,71007f8be4,7100992a8c,7100992a98,710099380c,7100993834
71007f9794	71007e0d40,71007f8be4,7100992a8c,7100992a98,710099380c,7100993834
71007f98a4	71007e0dd0,71007f8be4,7100992a8c,7100992a98,710099380c,7100993834
71007f99e0	71007e0e70,71007f8be4,7100992a8c,7100992a98,710099380c,7100993834
71007f9af0	71007e0f00,71007f8be4,7100992a8c,7100992a98,710099380c,7100993834
71007f9c2c	71007e0fa0,71007f8be4,7100992a8c,7100992a98,710099380c,7100993834
71007f9d34	71007e103c,71007f8be4,7100992a8c,7100992a98,710099380c,7100993834
71007f9e6c	71007e10e8,71007f8be4,7100992a8c,7100992ab4,7100993024,710099332c,710099380c,7100993834
71007f9fa0	71007e1144,71007f8be4,7100992a8c,7100992ab4,7100993024,710099332c,710099380c,7100993834
71007fa0d4	71007e11a8,71007f8be4,7100992a8c,7100992a98,710099380c,7100993834
71007fa1d4	71007e1210,71007f8be4,7100992a8c,7100992a98,710099380c,7100993834
71007fa304	710098439c,710144a490
71007fa3e0	710098439c,710144a490
71007fa550	71009939e0
71007fa570	71009863e4,7100992a44
71007fa8d4	71007fb4d8,71007fb584,7100992ab4,7100993470
71007fa924	71007fb684,71007fb784,7100992ab4,7100993470
71007fa974	71007fb8b4,71007fb9c0,7100992ab4,7100993470
71007fa9c4	71007fbae4,71007fbbf0,7100992ab4,7100993470
71007faa14	71007fbd14,71007fbe14,7100992ab4,7100993470
71007faa64	71007fbf44,71007fc044,7100992ab4,7100993470
71007faab4	71007fc174,71007fc280,7100992ab4,7100993470
71007fab04	71007fc3a4,71007fc4b0,7100992ab4,7100993470
71007fab54	71007fc5d4,71007fc6d4,7100992ab4,7100993470
71007faba4	71007fc804,71007fc904,7100992ab4,7100993470
71007fabf4	71007fca34,71007fcb34,7100992ab4,7100993470
71007fac44	71007fcc64,71007fcd70,7100992ab4,7100993470
71007fac94	71007fce94,71007fcfa0,7100992ab4,7100993470
71007face4	71007fd0c4,71007fd1d0,7100992ab4,7100993470
71007fad40	71007e13ec,71007fadec,7100992a8c,7100992ab4,710099332c,710099380c,7100993834
71007fadec	710099333c,7100993350,71009933c4
71007faf38	71007e13fc,71007fadec,7100992a8c,7100992ab4,710099332c,710099380c,7100993834
71007fafe4	71007e1430,71007fadec,7100992a8c,7100992ab4,7100993024,710099332c,710099380c,7100993834
71007fb118	71007e14c4,71007fadec,7100992a8c,7100992ab4,710099332c,710099380c,7100993834
71007fb1c4	71007e1540,71007fadec,7100992a8c,7100992ab4,7100993024,710099332c,710099380c,7100993834
71007fb2f8	71007e1674,71007fadec,7100992a8c,7100992ab4,710099332c,710099380c,7100993834
71007fb3a4	71007e16b0,71007fadec,7100992a8c,7100992ab4,7100993024,710099332c,710099380c,7100993834
71007fb4d8	71007e1744,71007fadec,7100992a8c,7100992a98,710099380c,7100993834
71007fb584	71007e17c0,71007fadec,7100992a8c,7100992a98,710099380c,7100993834
71007fb684	71007e1850,71007fadec,7100992a8c,7100992a98,710099380c,7100993834
71007fb784	71007e18f4,71007fadec,7100992a8c,7100992a98,710099380c,7100993834
71007fb8b4	71007e19a0,71007fadec,7100992a8c,7100992a98,710099380c,7100993834
71007fb9c0	71007e1ab0,71007fadec,7100992a8c,7100992a98,710099380c,7100993834
71007fbae4	71007e1bc0,71007fadec,7100992a8c,7100992a98,710099380c,7100993834
71007fbbf0	71007e1cd0,71007fadec,7100992a8c,7100992a98,710099380c,7100993834
71007fbd14	71007e1de0,71007fadec,7100992a8c,7100992a98,710099380c,7100993834
71007fbe14	71007e1ee0,71007fadec,7100992a8c,7100992a98,710099380c,7100993834
71007fbf44	71007e1fe0,71007fadec,7100992a8c,7100992a98,710099380c,7100993834
71007fc044	71007e20e0,71007fadec,7100992a8c,7100992a98,710099380c,7100993834
71007fc174	71007e21e0,71007fadec,7100992a8c,7100992a98,710099380c,7100993834
71007fc280	71007e22e0,71007fadec,7100992a8c,7100992a98,710099380c,7100993834
71007fc3a4	71007e23e0,71007fadec,7100992a8c,7100992a98,710099380c,7100993834
71007fc4b0	71007e24e0,71007fadec,7100992a8c,7100992a98,710099380c,7100993834
71007fc5d4	71007e25e0,71007fadec,7100992a8c,7100992a98,710099380c,7100993834
71007fc6d4	71007e26e0,71007fadec,7100992a8c,7100992a98,710099380c,7100993834
71007fc804	71007e27e0,71007fadec,7100992a8c,7100992a98,710099380c,7100993834
71007fc904	71007e28e0,71007fadec,7100992a8c,7100992a98,710099380c,7100993834
71007fca34	71007e29e0,71007fadec,7100992a8c,7100992a98,710099380c,7100993834
71007fcb34	71007e2ae0,71007fadec,7100992a8c,7100992a98,710099380c,7100993834
71007fcc64	71007e2ce0,71007fadec,7100992a8c,7100992a98,710099380c,7100993834
71007fcd70	71007e2df0,71007fadec,7100992a8c,7100992a98,710099380c,7100993834
71007fce94	71007e2f00,71007fadec,7100992a8c,7100992a98,710099380c,7100993834
71007fcfa0	71007e3010,71007fadec,7100992a8c,7100992a98,710099380c,7100993834
71007fd0c4	71007e3120,71007fadec,7100992a8c,7100992a98,710099380c,7100993834
71007fd1d0	71007e3230,71007fadec,7100992a8c,7100992a98,710099380c,7100993834
71007fd2f4	71007e3340,71007fadec,7100992a8c,7100992ab4,710099332c,710099380c,7100993834
71007fd3a0	71007e1840,71007fadec,7100992a8c,7100992ab4,710099332c,710099380c,7100993834
71007fd44c	71007e33a0,71007fadec,7100992a8c,7100992ab4,7100993024,710099332c,710099380c,7100993834
71007fd58c	710098439c,710144a490
71007fd670	710098439c,710144a490
71007fd7e0	71009939e0
71007fd800	71009863e4,7100992a44
71007fda64	71007fe8ec,71007feb5c,71007fee1c,7100992ab4,7100993470
71007fdac0	71007ff0e4,71007ff380,7100992ab4,7100993470
71007fdb1c	71007ffa74,71007ffb08,7100992ab4,7100993470
71007fdb6c	71007ffc44,71007ffcf0,7100992ab4,7100993470
71007fdbc0	71007e3624,71007fdc6c,7100992a8c,7100992ab4,710099332c,710099380c,7100993834
71007fdc6c	710099333c,7100993350,71009933c4
71007fddb8	71007e3edc,71007fdea4,71007fe004,7100992a8c,7100992ab4,710099332c,710099380c,7100993834
71007fdea4	710099333c,7100993350,710099338c,71009933c4
71007fe004	7100993024,7100993240
71007fe14c	71007e3f50,71007fdea4,7100992a8c,7100992ab4,7100993024,710099332c,710099380c,7100993834
71007fe260	71007e3fb4,71007fdea4,7100992a8c,7100992ab4,7100993024,710099332c,710099380c,7100993834
71007fe3a8	71007e4020,71007fdc6c,7100992a8c,7100992ab4,7100993240,710099332c,710099380c,7100993834
71007fe52c	71007e4098,71007fdc6c,7100992a8c,7100992ab4,710099332c,710099380c,7100993834
71007fe5e4	71007e40fc,71007fdea4,7100992a8c,7100992ab4,7100993240,710099332c,710099380c,7100993834
71007fe768	71007e4174,71007fdc6c,7100992a8c,7100992ab4,7100993240,710099332c,710099380c,7100993834
71007fe8ec	71007e364c,71007fdea4,71007fea04,7100992a8c,7100992a98,710099380c,7100993834
71007fea04	7100992ad8
71007feb5c	71007e3700,71007fdea4,71007fec8c,7100992a8c,7100992a98,710099380c,7100993834
71007fec8c	7100992ad8
71007fee1c	71007e3878,71007fdea4,7100992a8c,7100992a98,710099380c,7100993834
71007ff0e4	71007e3944,71007fdea4,71007ff20c,7100992a8c,7100992a98,710099380c,7100993834
71007ff20c	7100992ad8
71007ff380	71007e3a08,71007fdea4,7100992a8c,7100992a98,7100992ad8,710099380c,7100993834
71007ff628	71007e3adc,71007fdea4,71007ff71c,7100992a8c,7100992ab4,710099332c,710099380c,7100993834
71007ff71c	7100993024,7100993240
71007ff894	71007e3b58,71007fdea4,71007ff71c,7100992a8c,7100992ab4,710099332c,710099380c,7100993834
71007ff988	71007e3bd4,71007fdea4,71007fe004,7100992a8c,7100992ab4,710099332c,710099380c,7100993834
71007ffa74	71007e3c48,71007fdea4,7100992a8c,7100992a98,710099380c,7100993834
71007ffb08	71007e3c9c,71007fdea4,7100992a8c,7100992a98,710099380c,7100993834
71007ffc44	71007e3d00,71007fdc6c,7100992a8c,7100992a98,710099380c,7100993834
71007ffcf0	71007e3d6c,71007fdc6c,7100992a8c,7100992a98,710099380c,7100993834
71007ffe44	71007e3dec,71007fdc6c,7100992a8c,7100992ab4,710099332c,710099380c,7100993834
71007ffef0	710098439c,710144a490
71007fffd0	710098439c,710144a490
