caller	callees
7100600250	7100624c64
7100600364	71006015e0
7100600408	71006015e0
71006004ec	71006015e0
71006006a0	7100613d50
71006006c0	7100613d60
710060073c	7100613d30
7100600760	7100613d40
71006007dc	7100613d70
7100600800	7100613d80
710060087c	7100613d90
71006008a0	7100613da0
710060090c	7100613db0
7100600930	7100613dc0
710060099c	7100613dd0
71006009c0	7100613dd8
7100600a2c	7100613de0
7100600a50	7100613de8
7100600af8	71006015e0
7100600b9c	71006015e0
7100600c3c	71006015e0
7100600ce4	71006015e0
7100600d84	710144a590
7100600ef0	710062c3a0
7100600f00	710062c3a0
7100600f80	7100643018,710064302c,71009608f0,7100960ba0,7100962540,7100976434,71009764b4
71006012e8	710060132c
710060132c	710144a560
71006016b0	71009830f0,71009830f4,710144a6a0
71006017d0	710144a510
71006018f0	710060222c,71009836b4,710098f4fc,710144a490,710144a4e0,710144a4f0
7100601a10	710144a4e0,710144a4f0
7100601b20	710019e940,7100601a10
7100601b50	71006025b4,710144a490,710144a590,710144a5d0
710060222c	71009764e8
710060227c	71008defe4,7100976500,71009830f4
71006022ec	710019e940,710060227c
7100602310	710098439c
7100602454	71008d6ef4
7100602490	7101357678,710144a4e0,710144a4f0
7100602590	710019e940,7100602490
71006025bc	71006146a4,71008d692c,7101373bb8,71013dace4
710060262c	7100976420
7100602694	7100007f30,7100008110,7100601a10,7100606100
71006026f4	710019e940,7100602694
7100602718	710060278c,7100976420
710060278c	7100007f30,7100008110,71006018f0,7100601a10,71006060ec,7100606100,710144a640
7100602b2c	7100007f30,7100008110,7100601a10,710060262c,7100606100
7100602c04	7100007f30,7100008110,7100601a10,7100606100
7100602cd4	7100007f30,7100008110,7100601a10,710060262c,7100606100
7100602d90	7100007f30,7100008110,7100601a10,7100606100
7100602e44	7100007f30,7100008110,7100601a10,710060262c,7100606100
7100602ed0	7100007f30,7100008110,7100601a10,7100606100
7100602f58	7100007f30,7100008110,7100601a10,710060262c,7100606100
7100602ff0	7100007f30,7100008110,7100601a10,7100606100
7100603090	7100007f30,7100008110,7100601a10,710060262c,71006060ec,7100606100
710060311c	7100007f30,7100008110,7100601a10,71006060ec,7100606100
71006031a0	7100007f30,7100008110,7100601a10,7100606100
71006032a8	710097600c
71006032d8	710097600c
71006032e0	710097600c
7100603514	710144a490
7100603534	710144a490
7100603554	710144a490
7100603578	710144a490
710060359c	710144a490
71006035c0	710144a490
71006035e4	710144a490
7100603608	710144a490
7100603638	710144a490
7100603670	710144a490
71006036a0	710001d978,71006064d0,710144a490
7100603810	710001d978,71006064d0,710097600c,710144a490
71006039b0	710144a490
7100603a18	7100603a70
7100603a70	7100603a70,7100604380,710144a640
7100604198	71006041b0
71006041b0	71006041b0,7100604380,710144a640
7100604380	7100606180,7100606290,7100984c8c
710060448c	71006045f0,71006068a0,7100987cf0,7100987d00
71006045f0	7100601b50,71006045f0,7100605600,710144a640
7100604f98	71006045f0,7100606ad0,7100607fa0,710062c80c,7100987cf0,7100987d00
71006051f8	71006045f0,7100607fa0,7100987d00
71006052ac	71006045f0,7100606cec,7100987d00
7100605378	71006045f0,7100606ffc,7100987cf0,7100987d00
71006054e0	71006045f0,7100607374,7100987d00
7100605600	71006074e8
7100605690	71006045f0,71006076fc,71006078d8,71006146a4,7100987d00
7100605808	71006045f0,7100607c8c,7100987d00
71006058f0	71006045f0,71006078d8,7100607e28,7100987d00
71006059e4	7100007f30,7100008110,7100601a10,7100604380,7100606100
7100605aa0	710060278c
7100605b9c	7100000280,71006018f0,710144a3f0,710144a400
7100605c40	710144a490,710144a4e0,710144a4f0
7100605d90	7100605e5c,710092afb0,710144a490
7100605e5c	7100226a00,7100630c28,7100630c3c,710092af2c,710092afb0,71009606d0,7100961924
7100605f00	710001d978,710060262c,7100602694,71006036a0,7100630c28,7100630c3c,7100960a9c,710144a490
7100606100	71009830f4
7100606290	710098f4fc,710144a490,710144a4e0,710144a4f0
71006064d0	710001d978,7100602694,7100606710,71009830f0,71009830f4,710144a490,710144a6a0
7100606710	710001d978,710144a490
71006068a4	7100987cf0
710060691c	7100987cf0
7100606ad4	7100987cf0
7100606b4c	7100987cf0
7100606bc4	7101270ad0
7100606cf0	7100987cf0
7100606d58	7100987cf0
7100606dc0	71006045f0,7100606eb8,7100987d00
7100606ebc	7100987cf0
7100606f20	7100987cf0
7100606f84	7101270d9c
7100607000	7100987cf0
7100607070	7100987cf0
71006070e4	71006045f0,71006071e4,7100987d00
71006071e8	7100987cf0
7100607258	7100987cf0
71006072c8	71012712a8
7100607378	7100987cf0
71006073dc	7100987cf0
7100607440	7101270e48
7100607700	7100987cf0
7100607778	7100987cf0
71006078dc	7100987cf0
7100607938	7100987cf0
7100607c90	7100987cf0
7100607cf0	7100987cf0
7100607e2c	7100987cf0
7100607e8c	7100987cf0
7100607fa4	7100987cf0
7100608008	7100987cf0
710060824c	7100016460
71006082e0	7100614ad0,710144a4e0,710144a4f0
7100608440	7100600250
7100608450	71006002c8,71006002e8
71006084d4	7100600358
71006084e8	7100600364
71006084fc	7100600408
7100608504	71006004ec
710060850c	71006005dc
7100608514	7100600624
710060851c	710060063c
7100608524	71006006a0
710060852c	71006006c0
7100608534	710060073c
710060853c	7100600760
7100608544	71006007dc
710060854c	7100600800
7100608554	710060087c
710060855c	71006008a0
7100608564	710060090c
710060856c	7100600930
7100608574	710060099c
710060857c	71006009c0
7100608584	7100600a2c
710060858c	7100600a50
7100608594	7100600abc
710060859c	7100600ad8
710060888c	71006002c8,71006002e8,7100614a30,7100624480
7100608a2c	710098439c
7100608ab0	710144a490
7100608b18	710060034c,7100600af8,7100600c3c,710060938c,7100893a7c,7100894520,71009836b4
7100608cac	7100602694,710060938c,7100609a10,710061509c,7100893a7c,7100893ed0,7100894520,71009836b4,710144a580
7100608ef0	710060034c,7100600af8,7100600c3c,71006091e0,710060938c,710063b4b4,710063b4c8,7100893a7c,7100893ed0,7100894520,710092af68,71009606b0,7100960ba0,7100962470,7100962540,71009836b4
71006091e0	7100609b00,7100976484
710060938c	710060824c
7100609404	71006082e0
7100609420	710019e940,7100609404
7100609444	710019e940,7100609404
710060946c	710062dd98,7100893ed0
71006094a0	710062dd98,7100893ed0
71006094f4	710062df0c
71006094fc	710062df14
7100609504	710062df1c
710060950c	710062dfe4
7100609514	710062de90
710060951c	710062e12c
7100609524	710062e134
710060952c	710062e1e4
7100609534	710062e1ec
7100609560	710062e2a4
71006095c0	710062dc54
71006095c8	710062e304
71006095d0	710062d018
71006095d8	710062e320
71006095e0	710062e328
71006095e8	710062e684
71006095f0	710062e6f0
71006095f8	710062e76c
7100609600	710062e7c4
7100609608	710062e830
7100609610	710062e888
7100609618	710062e8a4
7100609620	710062e634
7100609628	710062e61c
7100609630	710062e668
7100609638	710062e650
710060964c	710062eab8
7100609654	710062e348
710060965c	710062e380
7100609664	710062e39c
710060966c	710062e3a4
7100609674	710062e92c
710060967c	710062e978
7100609684	710062e9d4
710060968c	710062ea20
7100609694	710062ea6c
7100609704	710062dd4c
710060970c	710060034c,710062dd98,710062e76c,710062e830,7100893a7c,7100893ed0,7100894520
71006097b4	710060034c,710062dd98,710062e8bc,7100893a7c,7100893ed0,7100894520
71006098c4	7100600304,710060031c,7100893a90,7100893b10
710060992c	71004f86d4
7100609938	710063b4b4,710063b4c8,7100960a9c
7100609a10	71000085b0,7100008850,710144a490
7100609b00	71004f6920,7100976484,71009830f0,710144a550
7100609e70	710060034c,7100600af8,7100600c3c,710060a558,7100893a7c,7100894520,71009836b4
710060a004	7100602694,7100609a10,710060a558,7100615830,7100893a7c,7100893ed0,7100894520,71009836b4
710060a274	710060034c,7100600af8,7100600c3c,71006091e0,710060a558,710063fe94,710063fea8,7100893a7c,7100893ed0,7100894520,710092af68,71009606b0,7100960ba0,7100962470,7100962540,71009836b4
710060a558	710060824c
710060a5c8	71006082e0
710060a5e4	710019e940,710060a5c8
710060a608	710019e940,710060a5c8
710060a630	7100630370,7100893ed0
710060a664	7100630370,7100893ed0
710060a6b8	7100630428
710060a6c0	7100630430
710060a6c8	7100630438
710060a6d0	7100630418
710060a6d8	71006305ac
710060a6e0	71006305b4
710060a730	710060034c,7100630370,7100893a7c,7100893ed0,7100894520
710060a834	710063fe94,710063fea8,710092af2c,710092afb0,71009606d0,710096184c,7100961924
710060a9cc	710063fe94,710063fea8,7100960a9c
710060aa98	71006146a4,710062b360,710062b470,710062bbb0,710062bcc0,71008d692c,71008d6934,71009836b4,7101373bb8,71013dace4,710144a580
710060ab70	710060aa98,71008de540,71008defe4,71009836b4,710098f4fc,710144a490,710144a4e0,710144a4f0
710060acd0	710098439c,7101357678
710060ad38	710019e940,710060acd0
710060ad5c	710098439c
710060ada4	710060ae30
710060ae30	710060262c,7100602694,71006059e4,7100609a10,710060b730,710060b8e0,710060bd28,710060bd50,710062d040,710062fdb0,71009830f4,710144a490,710144a4e0,710144a4f0
710060b450	710060ae30
710060b540	710060bb80,710060d800,710060d80c,710060dfc0,710060f9e0,7100610340,7100611004,71006122cc,7100613098,710144a490,710144a640
710060b730	7100613888,7100613dd8,7100613de8,710144a440
710060b8e0	7100613888,71009830f0,71009830f4,710144a6a0
710060bb80	71009830f4,710144a490,710144a4e0,710144a4f0
710060bd50	710144a4e0,710144a4f0
710060be50	7100600ef0,71006016b0,710060c000,710144a490
710060c000	710098f4fc,710144a4e0,710144a4f0
710060c170	7100600ef0,71006017d0,710060bb80,710144a4e0,710144a4f0
710060c2f0	710098439c
710060c340	71006085c0,710060c5dc,710144a490
710060c5dc	7100600ef0,71006016b0,71006017d0
710060c7a0	71006085c0,710060c8fc,710144a490
710060c8fc	7100600ef0,71006016b0,71006017d0
710060ca00	71006085c0,710060cb5c,710144a490
710060cb5c	7100600ef0,71006016b0,71006017d0
710060cf08	71004f4280,710060c8fc,7100614830
710060d020	71004f4280,710060cb5c,7100614830
710060d100	71004e4d78,71004e4d8c,710060d420,7100614830,7100960ba0,7100962540,7100964b70,71009764b4
710060d420	71004f5b00,71009830f0,71009830f4,710144a6a0
710060d80c	710060bb80
710060d83c	710060be50
710060d878	710019e940,710060d874
710060d89c	710144a640
710060d8d0	710144a640
710060d900	7100611e10
710060d950	7100611e4c
710060d9a0	710061187c
710060d9f0	71006118c0
710060da40	7100611b98
710060da90	7100611bdc
710060dc74	7100611e4c
710060dcdc	7100611e4c
710060dd48	71006118c0
710060ddb0	71006118c0
710060de1c	7100611bdc
710060de84	7100611bdc
710060def0	710060d800,710060d80c,710060d83c,71006146a4,71009836b4,7101357a40
710060dfc0	710060d83c,71009836b4
710060e000	710060bb80,710060d800,710060d80c,710060d83c,71006146a4,7100614830,71009830f0,71009836b4,7101357a40,710144a6a0
710060e370	710060bb80,710060d800,710060d80c,710060d83c,71006146a4,71009836b4,7101357a40
710060e478	71004f5120,710060ced0
710060e4ac	710060cf08
710060e4d4	710060cc48,710060f08c
710060e510	71004e4d78,71004e4d8c,710060cdd8,7100960a9c
710060e598	71004f5120,710060cfe8
710060e5cc	710060d020
710060e5f4	710060cc9c,710060f08c
710060e630	71004e4d78,71004e4d8c,710060ce54,7100960a9c
710060e6b8	710060d6e0
710060e6e4	710060d71c
710060e6ec	710060d734
710060e718	710060d768
710060e720	710060d780
710060e74c	710060d7b8
710060e754	710060f1c0,710144a640
710060e84c	7100647190,71006471a4,7100960a9c,710144a640
710060e960	710060f348,710060f6b0
710060eb08	710060f6e8,7100645298,71006452ac,7100960a9c
710060ecd4	710060f4d0
710060ed58	7100644ed8,7100644eec,7100960a9c
710060f08c	71004e4d78,71004e4d8c,710092af2c,71009606d0,710096184c,7100961924
710060f1c0	7100647190,71006471a4,710092af2c,710092afb0,71009606d0,710096184c,7100961924
710060f348	7100645298,71006452ac,710092af2c,710092afb0,71009606d0,710096184c,7100961924
710060f4d0	7100644ed8,7100644eec,710092af2c,710092afb0,71009606d0,710096184c,7100961924
710060f660	7100990cd0
710060f724	710060be50
710060f758	710019e940,710060f754
710060f910	710060d800,710060d80c,710060f724,71006146a4,71009836b4,7101360520
710060f9e0	710060f724,71009836b4
710060fa20	710060bb80,710060d800,710060d80c,710060f724,71006146a4,7100614830,71009830f0,71009836b4,7101360520,710144a6a0
710060fd90	710060bb80,710060d800,710060d80c,710060f724,71006146a4,71009836b4,7101360520
710060fe98	71004f5120,710060ced0
710060fecc	710060cf08
710060fef4	710060cc48,710060f08c
710060ff30	71004e4d78,71004e4d8c,710060cdd8,7100960a9c
710060ffb8	71004f5120,710060cfe8
710060ffec	710060d020
7100610014	710060cc9c,710060f08c
7100610050	71004e4d78,71004e4d8c,710060ce54,7100960a9c
71006100d8	710060d6e0
7100610104	710060d71c
710061010c	710060d734
7100610138	710060d768
7100610140	710060d780
710061016c	710060d7b8
71006101d8	710060be50
710061020c	710019e940,7100610208
7100610270	710060d800,710060d80c,71006101d8,71006146a4,71009836b4,71013643a0
7100610340	71006101d8,71009836b4
7100610380	710060bb80,710060d800,710060d80c,71006101d8,71006146a4,7100614830,71009830f0,71009836b4,71013643a0,710144a6a0
71006106f0	710060bb80,710060d800,710060d80c,71006101d8,71006146a4,71009836b4,71013643a0
71006107f8	71004f5120,710060ced0
710061082c	710060cf08
7100610854	710060cc48,710060f08c
7100610890	71004e4d78,71004e4d8c,710060cdd8,7100960a9c
7100610918	71004f5120,710060cfe8
710061094c	710060d020
7100610974	710060cc9c,710060f08c
71006109b0	71004e4d78,71004e4d8c,710060ce54,7100960a9c
7100610a38	710060d6e0
7100610a64	710060d71c
7100610a6c	710060d734
7100610a98	710060d768
7100610aa0	710060d780
7100610acc	710060d7b8
7100610bbc	710060be50
7100610bf4	710019e940,7100610bf0
7100610cfc	710061187c
7100610d4c	71006118c0
7100610e60	71006118c0
7100610ec8	71006118c0
7100610f34	710060d800,710060d80c,7100610bbc,71006146a4,71009836b4,710136a170
7100611004	7100610bbc,71009836b4
7100611040	710060bb80,710060d800,710060d80c,7100610bbc,71006146a4,7100614830,71009830f0,71009836b4,710136a170,710144a6a0
71006113b0	710060bb80,710060d800,710060d80c,7100610bbc,71006146a4,71009836b4,710136a170
71006114b8	71004f5120,710060ced0
71006114ec	710060cf08
7100611514	710060cc48,710060f08c
7100611550	71004e4d78,71004e4d8c,710060cdd8,7100960a9c
71006115d8	71004f5120,710060cfe8
710061160c	710060d020
7100611634	710060cc9c,710060f08c
7100611670	71004e4d78,71004e4d8c,710060ce54,7100960a9c
71006116f8	710060d6e0
7100611724	710060d71c
710061172c	710060d734
7100611758	710060d768
7100611760	710060d780
710061178c	710060d7b8
710061187c	7100611af4
71006118c0	7100611b38
7100611b98	7100611af4
7100611bdc	7100611b38
7100611e10	7100611af4
7100611e4c	7100611b38
7100611f80	710060be50
7100611fb8	710019e940,7100611fb4
7100612028	7100612bb0
7100612078	7100612bf4
7100612128	7100612bf4
7100612190	7100612bf4
71006121fc	710060d800,710060d80c,7100611f80,71006146a4,71009836b4,71013670d0
71006122cc	7100611f80,71009836b4
7100612310	710060bb80,710060d800,710060d80c,7100611f80,71006146a4,7100614830,71009830f0,71009836b4,71013670d0,710144a6a0
7100612680	710060bb80,710060d800,710060d80c,7100611f80,71006146a4,71009836b4,71013670d0
7100612788	71004f5120,710060ced0
71006127bc	710060cf08
71006127e4	710060cc48,710060f08c
7100612820	71004e4d78,71004e4d8c,710060cdd8,7100960a9c
71006128a8	71004f5120,710060cfe8
71006128dc	710060d020
7100612904	710060cc9c,710060f08c
7100612940	71004e4d78,71004e4d8c,710060ce54,7100960a9c
71006129c8	710060d6e0
71006129f4	710060d71c
71006129fc	710060d734
7100612a28	710060d768
7100612a30	710060d780
7100612a5c	710060d7b8
7100612bb0	7100611af4
7100612bf4	7100611b38
7100612d8c	710060be50
7100612dc4	710019e940,7100612dc0
7100612e34	7100611b98
7100612e84	7100611bdc
7100612ef4	7100611bdc
7100612f5c	7100611bdc
7100612fc8	710060d800,710060d80c,7100612d8c,71006146a4,71009836b4,710136ffd0
7100613098	7100612d8c,71009836b4
71006130d0	710060bb80,710060d800,710060d80c,7100612d8c,71006146a4,7100614830,71009830f0,71009836b4,710136ffd0,710144a6a0
7100613440	710060bb80,710060d800,710060d80c,7100612d8c,71006146a4,71009836b4,710136ffd0
7100613548	71004f5120,710060ced0
710061357c	710060cf08
71006135a4	710060cc48,710060f08c
71006135e0	71004e4d78,71004e4d8c,710060cdd8,7100960a9c
7100613668	71004f5120,710060cfe8
710061369c	710060d020
71006136c4	710060cc9c,710060f08c
7100613700	71004e4d78,71004e4d8c,710060ce54,7100960a9c
7100613788	710060d6e0
71006137b4	710060d71c
71006137bc	710060d734
71006137e8	710060d768
71006137f0	710060d780
710061381c	710060d7b8
7100613888	71006139a4,71009836b4
71006138c0	71006139a4,71006146a4,71009836b4
7100613920	71006139a4,71006146a4,71009836b4
7100613994	710062c3a0
71006139a4	7100613a70,710062c37c,710062c398
7100613a70	710098f4fc,710144a4e0,710144a4f0
7100613be0	710062c384,710062c388,71009830f4,710144a4e0,710144a4f0
7100613ce0	710019e940,7100613be0
7100613d04	7100613be0,710098439c
7100613df0	71002b8c68
7100613e10	71004f5b00
7100613f5c	7100614e08,71009836b4,7100983b10,7100984a20,7100984a58,710098528c,710144b310
7100614150	71008de674,71009830f0,71009830f4,710144a6a0
7100614510	7100614e8c,710098439c,710144a510
71006145ec	710061e0f0,71009850cc
7100614624	7100614ce0,7100984bec
71006146e0	71009830f0,71009830f4,710144a6a0
71006147d0	710144a510
7100614830	7100891100
71006148e0	71009830f0,71009830f4,710144a6a0
71006149d0	710144a510
7100614a30	710144a4e0,710144a4f0
7100614ad0	710144a4e0,710144a4f0
7100614b9c	71008d6ef4,71008d7088,71009836b4
7100614be4	7100602454,71008d7088,71009836b4
7100614c1c	7100618bb8,71008d7088,71009836b4
7100614c54	7100618810,71008d6ef4,71009836b4
7100614ce0	7100608440,71006085dc,710061e130,71009850cc,710144a4e0,710144a4f0
7100614e08	710144ac80
7100614e8c	710061df30,71008d33ec,71009830f4,710098439c,710144ac20
7100614efc	7100007e40,710060262c,7100602694,7100615154,710062c9e0,710062dc64
710061509c	710062c9e0
7100615154	7100000280,71008a452c,71009911e0,710144a3f0,710144a400,710144a490
71006152e0	7100007e40,710060262c,7100602694,7100615154,710062c9e0,710062dc64,710062f73c
71006154bc	7100007e40,710060262c,7100602694,7100615154,710062c9e0,710062dc64,710062f73c
71006156a8	7100007e40,710060262c,7100602694,7100615154,710062f918,7100630664
7100615830	710062f918
71006158e8	7100007e40,710060262c,7100602694,7100615a28
7100615a28	7100615154,710061941c,710144a490
7100615b20	7100007e40,710060262c,7100602694,7100615a28
7100615c70	7100007e40,710060262c,7100602694,7100615a28
7100615dc8	710061941c
7100615e84	710061ce50
7100615e8c	710060ab70
7100615e98	7100615f08,7100624fb0
7100615f08	7100000280,71008a452c,71009911e0,710144a3f0,710144a400,710144a490
7100616094	7100615154,7100624f98
7100616104	7100615154,7100624f98
7100616180	7100615154,7100624f98
71006161fc	7100615154,7100624fa0
7100616270	7100615154,7100624fa0
71006162e8	7100615154,7100624fa8
7100616338	7100615f08,7100624fb8
71006163a0	7100615154,7100624fc0
710061640c	7100615154,7100624fc8
710061648c	7100615f08,7100624fd0
71006164f4	7100616540
7100616540	71006085c0,7100616830,710144a490
71006167e0	7100616830
7100616830	7100600304,710060031c,7100610270
7100616948	7100616990
7100616990	71006085c0,7100616c80,710144a490
7100616c30	7100616c80
7100616c80	7100600304,710060031c,710060f910
7100616d98	7100612e84,7100616e20
7100616e20	71006085c0,7100617150,710144a490
71006170c0	7100612e84,7100617150
7100617150	7100600304,710060031c,7100612fc8
7100617268	7100610d4c,71006172f0
71006172f0	71006085c0,7100617620,710144a490
7100617590	7100610d4c,7100617620
7100617620	7100600304,710060031c,7100610f34
7100617738	7100612078,71006177c0
71006177c0	71006085c0,7100617af0,710144a490
7100617a60	7100612078,7100617af0
7100617af0	7100600304,710060031c,71006121fc
7100617c08	7100617c50
7100617c50	71006085c0,7100617f40,710144a490
7100617ef0	7100617f40
7100617f40	7100600304,710060031c,710060def0
7100618058	7100616540,7100616990,7100616e20,71006172f0,71006177c0,7100617c50,710144a640
710061813c	7100616830,7100616c80,7100617150,7100617620,7100617af0,7100617f40,710144a640
7100618220	7100615154,7100624fd8
7100618298	7100615f08,7100624eec
71006182f8	7100615154,7100624f38
710061835c	7100615154,7100625da8
71006183c0	7100615f08,7100624fe8,710144a490
7100618420	7100615f08,7100625110,710144a490
7100618490	7100615f08,71006252e0,710144a490
71006184f0	7100615f08,7100625480,710144a490
7100618560	7100615f08,71006256bc,710144a490
71006185d0	7100618a14,710061e4e0,7100987d00
710061863c	7100618aa4,710061e4e0,7100987d00
7100618810	710098f4fc,710144a4e0,710144a4f0
7100618a18	7100987cf0
7100618a54	7100987cf0
7100618aa8	7100987cf0
7100618b08	7100987cf0
7100618b80	7100647bc0,710098ea30
7100618bb8	71008d6ef4
7100618bf0	71009830f4,710144a4e0,710144a4f0
7100618d20	710019e940,7100618bf0
71006191a4	710062c958,71008d692c
71006191d0	710098439c
7100619230	710144a4e0,710144a4f0
71006193a0	710019e940,7100619230
710061941c	7100600304,7100600310,7100613920,7100613da0,7100613dc0,7100613dd8,7100613de8,7100619560,710061cab0,710061cad0,710061cb2c
7100619560	710060bd28,710060bd50,7100619e28,710061cb24,710061cbd4,710061cbf4,710061cc14,71009836b4,710144a640
71006198e8	7100600304,7100600310
7100619934	7100000280,7100615154,7100619560,710061cab0,710061cad0,7100638810,7100638824,7100641400,7100641414,710089132c,710092af68,71009606b0,71009608f0,7100960ba0,7100962540,7100976434,71009764b4,71009911e0,710144a3f0,710144a400,710144a490
7100619e28	71005ffcf8,710144a490
7100619f20	71005ffff0,710061cad0
7100619fb4	710019e940,7100619f20
710061a188	710144a640
710061a30c	710144a560
710061a698	710061a6b0
710061a6b0	7100007e40,7100600250,710060262c,7100602694,7100602c04,7100603260,7100603554,710060359c,710061cc38,7100624fb8,7100625480,710144a490
710061b048	710061a6b0
710061b054	710061a6b0
710061b078	710061b0b8
710061b0b8	7100600250,7100624fb8,710144a490
710061b200	710061b0b8
710061b210	710061b0b8,710144a640
710061b2f0	710061b0b8
710061b37c	710061b0b8
710061b400	7100600ef0
710061b494	71006002e8,71009849b8
710061b4dc	710061c0f0
710061b530	710061c0f0
710061b584	710144a640
710061b6dc	7100600304
710061b704	7100600310
710061b970	7100600364
710061b978	710061c79c
710061b9a4	7100600408,7100643018,710064302c,7100960a9c
710061b9fc	7100600630,7100638810,7100638824,710092af2c,710092afb0,71009606d0,710096184c,7100961924
710061bb80	7100600694,7100638810,7100638824,7100960a9c
710061bbe4	710061c924
710061bc5c	710061a30c
710061be08	710061becc
710061becc	710144c250,710144c260
710061c010	710061becc
710061c198	7100600ef0,710061c588
710061c4fc	710061c588
710061c588	7100600ef0,7100613994
710061c79c	7100643018,710064302c,710092af2c,710092afb0,71009606d0,710096184c,7100961924
710061c924	7100641400,7100641414,710092af2c,710092afb0,71009606d0,710096184c,7100961924
710061cad0	710144a490
710061cb00	710019e940,710061cad0
710061cb2c	7100603260,7100603554,710060359c,71006035e4,710144a490
710061cbd4	710144a490
710061cbf4	710144a490
710061cc14	710144a490
710061cc38	7100602e44,7100602f58,710144a640
710061cc74	710144a490,710144a640
710061ce50	71006146a4,710061d054,710061e66c,71009836b4,710098f4fc,710144a490,710144a4e0,710144a4f0
710061d08c	710019e940,710061d06c
710061d0b0	710098439c
710061df30	710061e8b0,71006211d0,71006218f0,71009830f4,710098439c,7101362b70
710061e0f0	7100624f74
710061e130	71006186ac,710061e370,710061e8f0,710061ec4c,710061ecc0,710061ed40,7100620890,71009854a0,7100987d00
710061e370	710061e8b0,710062261c,7100622994,710098439c
710061e530	71009830f0,71009830f4,710144a6a0
710061e66c	7101339ae0
710061e690	71000262a0,71006222e0,71006226d0,71009830f0,71009836b4,710144a490
710061e874	710144a490
710061e8b0	710061e8b0,71009830f4
710061e8f4	7100987cf0
710061e964	7100987cf0
710061e9e0	7100600f00
710061eb80	710061f400,71009830f4,710098439c,710144ac20,710144b700
710061ec28	710019e940,710061eb80
710061ec4c	710061f538,71009854dc,7100987d00
710061ecc0	710144a4f0
710061ed40	71009854f8,710144a4e0,710144a4f0
710061ef30	710061f600,710144a4e0,710144a4f0
710061f1d0	71009830f4,710144a4e0,710144a4f0,710144b720
710061f400	71009830f4
710061f53c	7100987cf0
710061f598	7100987cf0
710061f600	710061fb20,710061fc80,71009830f0,71009830f4,710144a510
710061fb20	71009830f0,71009830f4,710144a510
710061fc80	71009830f0,71009830f4,710144a510
7100620890	7100620b60
7100620abc	71009830f4
7100620b10	710019e940,71009830f4
7100620f2c	71004f4280,7100620f90
7100620f90	710098f4fc,710144a4e0,710144a4f0
7100621100	71009830f4,710144a4e0,710144a4f0
71006211d0	7100621100,710098439c
7100621648	7100105a60,71006216b0
71006216b0	710098f4fc,710144a4e0,710144a4f0
7100621820	71009830f4,710144a4e0,710144a4f0
71006218f0	7100621820,710098439c
7100621914	710098f4fc,710144a4e0,710144a4f0
7100621ad0	710144a4e0,710144a4f0
7100621ba0	710019e940,7100621ad0
7100621bd0	7100621d20
7100621d20	710144a5c0,710144a6a0
7100621e58	710098f4fc,710144a4e0,710144a4f0
7100622000	71009830f4,710098439c,710144a4e0,710144a4f0
710062212c	710019e940,7100622000
71006221b0	7100621914,71009830f0,71009830f4,71009836b4,710144a6a0
71006222e0	710098f4fc,710144a4e0,710144a4f0
7100622490	7100623f30,710098439c,710144a4e0,710144a4f0
71006225f8	710019e940,7100622490
71006226d0	7100621d20,7100621e58,71006221b0,7100623f70,71009836b4,710144a490,710144a5c0
7100622994	710144a490
71006229d0	71006002c8,71006002e8,710060034c,7100600af8,7100600dd8,7100622c60,7100622f04,710144a410,710144a590
7100622c60	710098f4fc,710144a4e0,710144a4f0
7100622dd0	710144a4e0,710144a4f0
7100622ee0	710019e940,7100622dd0
7100622f04	7100893a7c,7100894520,710144a490
7100622fd8	71006002c8,71006002e8,710062dc64
7100623244	710144a590
7100623278	71006002c8,71006002e8
71006232d4	7100600304
71006232dc	710060031c
71006232e4	7100600334
7100623308	710062df0c
7100623324	710060034c,7100622f04
7100623380	71006243bc,7100624438,7100987d00
71006234e0	71006002c8,71006002e8,710144a5c0,710144a6a0
7100623640	71006240f8,71006241bc,7100987d00
7100623730	710144a5c0,710144a6a0
7100623824	7100623cc0
7100623838	710062385c
710062385c	7100007e40,710060262c,7100602694,710061509c,71006229d0,7100622fd8,7100624220,7100624480,71009836b4,710144a590
7100623ad0	71001082c0,71009830f4,710098439c,710144a5c0
7100623ce8	710019e940,7100623ce4
7100623f30	7100623f30,71009830f4
7100623f70	71000262a0,71009830f0,71009830f4,710144a5c0
71006240fc	7100987cf0
710062415c	7100987cf0
71006241bc	71006002c8,71006002e8
7100624220	71000262a0,71009830f0,71009830f4,710144a5c0
71006243c0	7100987cf0
71006243fc	7100987cf0
7100624438	710060034c,7100622f04
7100624480	7100000280,710089132c,71009911e0,710144a3f0,710144a400,710144a490
71006245d4	71006146a4,71006146c8,710061e530,710061e680,710061e688,71006246fc,7100624910,71009836b4
7100624668	71006146a4,71006146c8,710061e530,710061e680,710061e688,71006246fc,7100624910,71009836b4
71006246fc	71006146b8,710125cd30,710144a640
7100624910	71006249b0,710062ad28,710062b238,710062c37c,710062c390
71006249b0	710098f4fc,710144a4e0,710144a4f0
7100624b20	71006146a4,710061e610,710062adf0,710062c384,710144a4e0,710144a4f0
7100624c40	710019e940,7100624b20
7100624c64	710062c3a0
7100624c74	710062aed4
7100624db4	71006146a4,710061e680,710061e688,71006246fc
7100624e50	71006146a4,710061e680,710061e688,71006246fc
7100624f98	710062afe4
7100624fa0	710062ae1c
7100624fa8	710062ad8c
7100624fb0	710062aed4
7100624fb8	710062aee4
7100624fc0	710062aef0
7100624fc8	710062b060
7100624fd0	710062adf4
7100625110	7100625f80
71006252e0	71006051f8
7100625480	71006051f8,7100625f80
71006256bc	71006045f0,710062a9a4,7100987d00
7100625dfc	7100000280,71009911e0,710144a3f0,710144a400,710144a490
7100625eb0	710062c3bc
7100625ef0	710062c3bc
7100625f80	7100625f80,7100629010,7100629f20
7100629010	7100629f20
710062a834	710062c3bc
710062a870	710062c3bc
710062a910	710062c560
710062a9a8	7100987cf0
710062aa18	7100987cf0
710062adf4	710144a640
710062ae1c	710144a640
710062b1b4	710061b400
710062b360	71013dc130
710062b470	71013dc130
710062b6c0	71013dc100
710062b894	71013dbcd4,71013dbce4,71013dd430,710144a590
710062bbb0	71013dc130
710062bcc0	71013dc130
710062bf00	71013dc100
710062c124	71013dbcd4,71013dbce4,71013dd430,710144a590
710062c3bc	7100600ef0,7100613994
710062c560	7100600ef0,7100613994,71012712a8
710062c958	710144b690,710144b6a0,710144b6b0,710144b6c0,710144b6d0
710062c9e0	7100602694,7100603a18,7100609a10,7100613920,7100613da0,7100613dc0,7100613dd8,7100613de8,710062ce50,71009830f0,71009830f4,710136de90
710062cd00	71009830f0,71009830f4,710144a6a0
710062ce50	7100605690,710060bd28,710060bd50,71006146a4,710062d5d4,71009830f4,71009836b4
710062d018	710136de90
710062d040	710062d5d4,71009830f4,71009836b4
710062d150	710060262c,7100602694,7100603a18,7100609a10,710062ce50,7100630c28,7100630c3c,7100638810,7100638824,710092af68,71009606b0,7100960ba0,7100962470,7100962540,71009830f0,71009830f4,710144a6a0
710062d5d4	71005ffcf8,710062d898,710062f240
710062d898	710144a640
710062db20	71005ffff0,7100602694,71009830f4
710062dc30	710019e940,710062db20
710062dc64	710062f380
710062dd98	7100007e40,7100603a18,7100605808,710136dc64,710136de90
710062de90	7100605808,710136dc64,710136de90
710062df1c	7100602694,7100609a10,710062dfe4
710062dfe4	7100007e40,710001d800,7100600e78,7100603a18,7100605690,710136dc64,710136de90
710062e2a4	7100600de8,710062d898
710062e328	710136dc64
710062e3a4	71006146a4,7101357a40
710062e6f0	710136e0bc
710062e978	710136decc
710062eab8	710062d898
710062eae0	71006002e8,71009849b8
710062eb40	7100600228,7100600de8,710062f380
710062ebb4	7100600228,710062f380
710062ec20	7100007e40,7100600304,710060031c
710062ed00	7100600de8,710062d898
710062ed6c	710136de90
710062eda4	710136dc64
710062ee20	71006058f0,71006138c0,710062cd00,7100638810,7100638824,710092af68,71009606b0,7100960ba0
710062ef74	7100600364
710062ef7c	710061c79c
710062efa8	7100600408,7100643018,710064302c,7100960a9c
710062f000	7100600624,7100600630,710062f064
710062f064	7100226a00,7100638810,7100638824,710092af2c,710092afb0,71009606d0,7100961924
710062f0e4	710062ee20
710062f0f4	710062f428
710062f100	710060262c,7100602694,7100603260,710062dfe4,7100630c28,7100630c3c,7100960a9c
710062f1a8	710062f5b4
710062f1d4	710062e3a4,7100642854,7100642868,7100960a9c
710062f240	71000085b0,710144a490
710062f428	7100630c28,7100630c3c,710092af2c,710092afb0,71009606d0,710096184c,7100961924
710062f5b4	7100642854,7100642868,710092af2c,710092afb0,71009606d0,710096184c,7100961924
710062f918	7100602694,7100603a18,7100609a10,710062fad0
710062fad0	7100605690,710060bd28,710060bd50,71006138c0,71006146a4,7100630058,71009830f0,71009830f4,71009836b4
710062fdb0	7100630058,71009830f4,71009836b4
710062fea4	710060262c,7100602694,7100603a18,7100609a10,710062fad0,7100630c28,7100630c3c,7100960ba0,7100962470,7100962540
7100630058	71005ffcf8,710062f240
7100630250	71005ffff0,7100602694,71009830f4
710063034c	710019e940,7100630250
7100630370	7100007e40,7100603a18,7100605808
7100630418	7100605808
7100630438	7100007e40,710001d800,7100600e78,7100602694,7100603a18,7100605690,7100609a10
7100630664	7100630b80
7100630798	71006002e8,71009849b8
7100630810	7100600228,7100600de8,7100630b80
7100630884	7100600228,7100630b80
71006308f0	7100007e40,7100600304,710060031c
7100630988	7100600364
7100630990	710061c79c
71006309bc	7100600408,7100643018,710064302c,7100960a9c
7100630a14	710062f428
7100630a20	7100007e40,710001d800,7100600e78,710060262c,7100602694,7100603260,7100603a18,7100605690,7100630c28,7100630c3c,7100960a9c
71006315c0	7100993840
7100631600	710092ab50,710092b198
7100631660	710092ad50,710092b25c
710063168c	71002c6a80,71009603c0,7100960560,71009670c8,71009830f4
71006316f0	710019e940,71002c6a80,71009603c0,7100960560,71009670c8,71009830f4
7100631788	7100641e00,7100641e14,710092af2c,710092afb0,71009606d0,710096184c,7100961924
7100631914	710092af2c,71009606d0,710096184c,7100961924,7100977000,7100977014
7100631a48	71009863e4,7100992a44
7100631d90	7100606480,7100609a10,71009836b4,710144a490
7100631ed4	71006325a4,71006326c0,7100992ab4,7100993470
7100631f6c	7100603260,7100632018,7100992a8c,7100992ab4,710099332c,710099380c,7100993834
7100632018	710099333c,7100993350,71009933c4
7100632164	710060278c,71006322dc,7100992a8c,7100992ab4,7100993240,710099332c,710099380c,7100993834
71006322dc	710099333c,7100993350,710099338c,71009933c4
710063243c	7100603504,7100632018,7100992a8c,7100992ab4,710099332c,710099380c,7100993834
71006324f0	710060350c,7100632018,7100992a8c,7100992ab4,710099332c,710099380c,7100993834
71006325a4	71006032a8,71006322dc,7100992a8c,7100992a98,710099380c,7100993834
71006326c0	71006032e0,71006322dc,7100992a8c,7100992a98,710099380c,7100993834
71006327ac	71006032c4,71006322dc,7100992a8c,7100992ab4,7100993024,7100993110,710099332c,710099380c,7100993834
71006328f0	71006032d8,71006322dc,7100992a8c,7100992ab4,7100993024,7100993110,710099332c,710099380c,7100993834
7100632a34	7100602c04,71006322dc,7100992a8c,7100992ab4,7100993024,710099332c,710099380c,7100993834
7100632b48	7100603514,7100632018,7100992a8c,7100992ab4,710099332c,710099380c,7100993834
7100632c00	7100603534,71006322dc,7100992a8c,7100992ab4,7100993024,710099332c,710099380c,7100993834
7100632d14	7100602d90,71006322dc,7100992a8c,7100992ab4,710099332c,710099380c,7100993834
7100632da8	7100602ed0,71006322dc,7100992a8c,7100992ab4,7100993024,710099332c,710099380c,7100993834
7100632ef0	7100603554,7100632018,7100992a8c,7100992ab4,710099332c,710099380c,7100993834
7100632fa8	7100603578,71006322dc,7100992a8c,7100992ab4,7100993024,710099332c,710099380c,7100993834
71006330bc	710060359c,7100632018,7100992a8c,7100992ab4,710099332c,710099380c,7100993834
7100633174	71006035c0,71006322dc,7100992a8c,7100992ab4,7100993024,710099332c,710099380c,7100993834
7100633288	7100602ff0,71006322dc,7100992a8c,7100992ab4,7100993024,7100993110,710099332c,710099380c,7100993834
71006333cc	71006035e4,7100632018,7100992a8c,7100992ab4,710099332c,710099380c,7100993834
7100633480	7100603608,71006322dc,7100992a8c,7100992ab4,7100993024,7100993110,710099332c,710099380c,7100993834
71006335c4	710060311c,71006322dc,7100992a8c,7100992ab4,710099332c,710099380c,7100993834
7100633658	7100603638,7100632018,7100992a8c,7100992ab4,710099332c,710099380c,7100993834
7100633704	7100603670,7100632018,7100992a8c,7100992ab4,7100993024,710099332c,710099380c,7100993834
7100633858	71006039b0,71006322dc,7100992a8c,7100992ab4,710099332c,710099380c,7100993834
71006338ec	710098439c,710144a490
71006339d0	710098439c,710144a490
7100633d98	7100602694,7100602cd4,7100992a8c,7100992ab4,710099332c,710099380c,7100993834
7100633e50	7100602694,7100602e44,7100992a8c,7100992ab4,7100993024,710099332c,710099380c,7100993834
7100633f94	7100602694,7100602f58,7100992a8c,7100992ab4,7100993024,7100993110,710099332c,710099380c,7100993834
71006340d0	7100602694,7100603090,7100992a8c,7100992ab4,710099332c,710099380c,7100993834
7100634188	710060448c,710063439c,7100634534,71009836b4,710098439c,7100992a8c,7100992ab4,7100993024,710099332c,710099380c,7100993834
710063439c	7100993024,7100993110
7100634534	7100993024,7100993110
71006347f8	7100604f98,71006349c0,71009836b4,710098439c,7100992a8c,7100992ab4,710099332c,710099380c,7100993834
71006349c0	710063439c,7100634534,7100993024,7100993110
7100634ac0	71006052ac,710063439c,7100634be0,7100992a8c,7100992ab4,710099332c,710099380c,7100993834
7100634be0	710063439c,7100634d44,7100993024,7100993110
7100634d44	7100993024,7100993110
7100634e60	71006054e0,710063439c,7100634d44,7100992a8c,7100992ab4,7100993024,7100993110,710099332c,710099380c,7100993834
7100635080	7100993840
7100635250	710092b310
7100635cf0	710092b878
7100635e08	71009863e4,7100992a5c
7100635e60	71009863e4,7100992a5c
7100635eb8	71009863e4,7100992a5c
7100635f10	71009863e4,7100992a5c
7100635f68	71009863e4,7100992a5c
7100635fc0	71009863e4,7100992a5c
7100636018	71009863e4,7100992a5c
7100636070	71009863e4,7100992a5c
71006360c8	71009863e4,7100992a5c
7100636120	71009863e4,7100992a5c
7100636178	71009863e4,7100992a5c
71006361d0	71009863e4,7100992a5c
7100636228	71009863e4,7100992a5c
7100636280	71009863e4,7100992a5c
71006362d8	71009863e4,7100992a5c
7100636330	71009863e4,7100992a5c
7100636388	71009863e4,7100992a5c
71006363e0	71009863e4,7100992a5c
7100636438	71009863e4,7100992a5c
7100636490	71009863e4,7100992a5c
71006364e8	71009863e4,7100992a5c
7100636560	71009601ec,71009619e0,71009836b4
71006365f0	71009939e0
7100636610	710092ab50,710092b198
7100636670	710092ad50,710092b25c
710063669c	71009603c0,7100960560
71006366d0	710019e940,71009603c0,7100960560
7100636738	71009863e4,7100992a44
71006368bc	710063773c,7100637cc4,7100992ab4,7100993470
710063690c	7100637de0,7100637f18,7100992ab4,7100993470
710063695c	7100638200,7100638338,7100992ab4,7100993470
71006369ac	710060c340,7100636b14,7100636c74,7100992a8c,7100992ab4,710099332c,710099380c,7100993834
7100636b14	710099333c,7100993350,710099338c,71009933c4
7100636c74	7100992af0,7100993024
7100636e08	710060c5dc,7100636b14,7100636f30,7100992a8c,7100992ab4,710099332c,710099380c,7100993834
7100636f30	7100637054,7100993024,71009931a8
7100637054	7100993024,71009931a8
710063717c	710060c7a0,7100636b14,7100992a8c,7100992ab4,7100992af0,7100993024,710099332c,710099380c,7100993834
71006372d4	710060c8fc,7100636b14,7100992a8c,7100992ab4,7100993024,71009931a8,710099332c,710099380c,7100993834
710063745c	710060ca00,7100636b14,7100992a8c,7100992ab4,7100992af0,7100993024,710099332c,710099380c,7100993834
71006375b4	710060cb5c,7100636b14,7100992a8c,7100992ab4,7100993024,71009931a8,710099332c,710099380c,7100993834
710063773c	710060ccf0,7100636b14,7100992a8c,7100992a98,710099380c,7100993834
71006378fc	710060ccf0
7100637cc4	7100636b14,71006378fc,7100992a8c,7100992a98,710099380c,7100993834
7100637de0	710060cdd8,7100636b14,7100992a8c,7100992a98,710099380c,7100993834
7100637f18	710060cdd8,7100636b14,7100992a8c,7100992a98,710099380c,7100993834
7100638200	710060ce54,7100636b14,7100992a8c,7100992a98,710099380c,7100993834
7100638338	710060ce54,7100636b14,7100992a8c,7100992a98,710099380c,7100993834
7100638620	710098439c,710144a490
71006386e0	710098439c,710144a490
7100638834	710098f6bc
7100638968	710098f6bc
7100638a9c	710098f6bc
71006391d0	7100613d40,7100613d60,7100613d80,7100613da0,7100613dc0,7100613e10,7100613ec0,7100961a44
71006393a0	71009939e0
71006393c0	710092ab50,710092b198
7100639430	710092ad50,710092b25c
7100639460	710052b460,71009603c0,7100960560,71009670c8,71009830f4
7100639558	710019e940,7100639460
71006395a8	71009863e4,7100992a44
7100639894	710099333c,7100993350,71009933c4
71006399e0	7100613d40,7100639af4,7100992a8c,7100992ab4,7100993024,710099332c,710099380c,7100993834
7100639af4	710099333c,7100993350,710099338c,71009933c4
7100639c54	7100613d50,7100639894,7100992a8c,7100992ab4,710099332c,710099380c,7100993834
7100639d0c	7100613d60,7100639af4,7100992a8c,7100992ab4,7100993024,710099332c,710099380c,7100993834
7100639e20	7100613d70,7100639894,7100992a8c,7100992ab4,710099332c,710099380c,7100993834
7100639ed8	7100613d80,7100639af4,7100992a8c,7100992ab4,7100993024,710099332c,710099380c,7100993834
7100639fec	7100613d90,7100639894,7100992a8c,7100992ab4,710099332c,710099380c,7100993834
710063a098	7100613da0,7100639af4,7100992a8c,7100992ab4,7100993240,710099332c,710099380c,7100993834
710063a1c8	7100613db0,7100639894,7100992a8c,7100992ab4,710099332c,710099380c,7100993834
710063a274	7100613dc0,7100639af4,7100992a8c,7100992ab4,7100993240,710099332c,710099380c,7100993834
710063a3a4	7100613dd0,7100639894,7100992a8c,7100992ab4,710099332c,710099380c,7100993834
710063a450	7100613dd8,7100639af4,7100992a8c,7100992ab4,7100993024,710099332c,710099380c,7100993834
710063a55c	7100613de0,7100639894,7100992a8c,7100992ab4,710099332c,710099380c,7100993834
710063a608	7100613de8,7100639af4,7100992a8c,7100992ab4,7100993024,710099332c,710099380c,7100993834
710063a7d0	710098439c,710144a490
710063aaa0	710061cdd8,710092a820,7100961b24
710063ab60	710061cde0,7100961a44
710063ac2c	71009836b4
710063ac70	7100993840
710063ac90	710092ab50,710092b198
710063ad00	710092ad50,710092b25c
710063ad2c	71009603c0,7100960560
710063ad60	710019e940,71009603c0,7100960560
710063adc8	71009863e4,7100992a50
710063aea4	71009836b4,710144a490
710063afc8	710063b298,7100992ab4,710099343c
710063b03c	710063b298,7100992ab4
710063b0b4	710063b298,7100992ab4,710099343c
710063b12c	710063b298,7100992ab4
710063b1a4	710063b298,7100992ab4,710099343c
710063b298	710099333c,7100993350,710099338c,71009933c4
710063b3f8	710098439c,710144a490
710063b500	710098f6bc
710063c130	710062e134,710062e1ec,710062e380,710062eab8,710062ecf0,710062ed00,710062ed50,710062ed6c,710062eda4,710062eddc,710062edfc,710062ef74,710062efa8,710062f0e4,710062f100,710062f1d4,7100961a44
710063c510	71009939e0
710063c530	710092ab50,710092b198
710063c5a0	710092ad50,710092b25c
710063c5cc	71002c6a80,71009603c0,7100960560,71009670c8,71009830f4
710063c630	710019e940,71002c6a80,71009603c0,7100960560,71009670c8,71009830f4
710063c6c8	71009863e4,7100992a44
710063cd84	710063f454,710063f554,7100992ab4,7100993470
710063cde8	710062dc64,710063cf40,7100992a8c,7100992ab4,7100992af0,7100993024,710099332c,710099380c,7100993834
710063cf40	710099333c,7100993350,710099338c,71009933c4
710063d0a0	710062dd4c,710063cf40,7100992a8c,7100992ab4,710099332c,710099380c,7100993834
710063d134	710063d1e8,7100992a8c,7100992ab4,710099332c,710099380c,7100993834
710063d1e8	710099333c,7100993350,71009933c4
710063d334	710062dd98,710063cf40,7100992a8c,7100992ab4,7100993024,7100993110,710099332c,710099380c,7100993834
710063d478	710062df0c,710063d1e8,7100992a8c,7100992ab4,710099332c,710099380c,7100993834
710063d544	710062df14,710063d1e8,7100992a8c,7100992ab4,710099332c,710099380c,7100993834
710063d610	710062df1c,710063439c,710063cf40,7100992a8c,7100992ab4,710099332c,710099380c,7100993834
710063d720	710062de90,710063cf40,7100992a8c,7100992ab4,710099332c,710099380c,7100993834
710063d7b4	710062e12c,710063d1e8,7100992a8c,7100992ab4,710099332c,710099380c,7100993834
710063d86c	710062e134,710063cf40,7100992a8c,7100992ab4,7100993024,710099332c,710099380c,7100993834
710063d980	710062e1e4,710063d1e8,7100992a8c,7100992ab4,710099332c,710099380c,7100993834
710063da38	710062e1ec,710063cf40,7100992a8c,7100992ab4,7100993024,710099332c,710099380c,7100993834
710063db4c	710063d1e8,7100992a8c,7100992ab4,710099332c,710099380c,7100993834
710063dc1c	710062e2a4,710063cf40,7100992a8c,7100992ab4,7100993240,710099332c,710099380c,7100993834
710063dd40	710063d1e8,7100992a8c,7100992ab4,710099332c,710099380c,7100993834
710063dde8	710063d1e8,7100992a8c,7100992ab4,710099332c,710099380c,7100993834
710063dea0	710063d1e8,7100992a8c,7100992ab4,710099332c,710099380c,7100993834
710063df58	710063d1e8,7100992a8c,7100992ab4,710099332c,710099380c,7100993834
710063e008	710062dc54,710063d1e8,7100992a8c,7100992ab4,710099332c,710099380c,7100993834
710063e0b4	710062e304,710063d1e8,7100992a8c,7100992ab4,710099332c,710099380c,7100993834
710063e16c	710062d018,710063cf40,7100992a8c,7100992ab4,7100993024,710099332c,710099380c,7100993834
710063e280	710062e320,710063d1e8,7100992a8c,7100992ab4,710099332c,710099380c,7100993834
710063e338	710062e328,710063cf40,7100992a8c,7100992ab4,7100993024,710099332c,710099380c,7100993834
710063e44c	710062e684,710063d1e8,7100992a8c,7100992ab4,710099332c,710099380c,7100993834
710063e500	710062e6f0,710063d1e8,7100992a8c,7100992ab4,7100993024,7100993110,710099332c,710099380c,7100993834
710063e678	710062e7c4,710063d1e8,7100992a8c,7100992ab4,710099332c,710099380c,7100993834
710063e72c	710062e634,710063d1e8,7100992a8c,7100992ab4,710099332c,710099380c,7100993834
710063e7e4	710062e61c,710063cf40,7100992a8c,7100992ab4,7100993024,710099332c,710099380c,7100993834
710063e8f8	710062e668,710063d1e8,7100992a8c,7100992ab4,710099332c,710099380c,7100993834
710063e9b0	710062e650,710063cf40,7100992a8c,7100992ab4,7100993024,710099332c,710099380c,7100993834
710063eac4	710063d1e8,7100992a8c,7100992ab4,710099332c,710099380c,7100993834
710063eb6c	710062eab8,710063cf40,7100992a8c,7100992ab4,7100993240,710099332c,710099380c,7100993834
710063ec90	710062e348,710063d1e8,7100992a8c,7100992ab4,710099332c,710099380c,7100993834
710063ed3c	710062e380,710063cf40,7100992a8c,7100992ab4,7100993024,710099332c,710099380c,7100993834
710063ee48	710062e39c,710063d1e8,7100992a8c,7100992ab4,710099332c,710099380c,7100993834
710063eef4	710062e3a4,710063cf40,7100992a8c,7100992ab4,7100993024,710099332c,710099380c,7100993834
710063f000	710062e76c,710063cf40,7100992a8c,7100992ab4,7100993024,7100993110,710099332c,710099380c,7100993834
710063f144	710062e830,710063cf40,7100992a8c,7100992ab4,7100993024,7100993110,710099332c,710099380c,7100993834
710063f288	710062e8a4,710063d1e8,7100992a8c,7100992ab4,7100993024,710099332c,710099380c,7100993834
710063f39c	710062e888,710063d1e8,7100992a8c,7100992ab4,710099332c,710099380c,7100993834
710063f454	710060031c,710062e8bc,710063cf40,7100992a8c,7100992a98,710099380c,7100993834
710063f554	710062e8bc,710063cf40,7100992a8c,7100992a98,710099380c,7100993834
710063f670	710062e92c,710063cf40,7100992a8c,7100992ab4,7100993024,7100993110,710099332c,710099380c,7100993834
710063f7b4	710051eca4,710062e978,710063cf40,7100992a8c,7100992ab4,710099332c,710099380c,7100993834
710063f8b4	710062e9d4,710063cf40,7100992a8c,7100992ab4,7100993024,7100993110,710099332c,710099380c,7100993834
710063f9f8	710062ea20,710063cf40,7100992a8c,7100992ab4,7100993024,7100993110,710099332c,710099380c,7100993834
710063fb3c	710062ea6c,710063cf40,7100992a8c,7100992ab4,7100993024,7100993110,710099332c,710099380c,7100993834
710063fc80	710098439c,710144a490
710063fd40	710098439c,710144a490
710063fed0	710003ba60,7100630c28,7100630c3c,7100635000,7100643018,710064302c,710094bd5c,71009601ec,71009619e0,7100961b24,7100961b40,71009836b4,710144a5d0
7100640220	71006305b4,7100630988,71006309bc,7100630a20,7100961a44
710064031c	7100600f80,710062fea4,710063fe70,710063fe90
7100640370	71009939e0
7100640390	710092ab50,710092b198
7100640400	710092ad50,710092b25c
710064042c	71009603c0,7100960560
7100640460	710019e940,71009603c0,7100960560
71006404c8	71009863e4,7100992a44
710064072c	710099333c,7100993350,71009933c4
7100640878	7100630370,71006409bc,7100992a8c,7100992ab4,7100993024,7100993110,710099332c,710099380c,7100993834
71006409bc	710099333c,7100993350,710099338c,71009933c4
7100640b1c	7100630428,710064072c,7100992a8c,7100992ab4,710099332c,710099380c,7100993834
7100640be8	7100630430,710064072c,7100992a8c,7100992ab4,710099332c,710099380c,7100993834
7100640cb4	7100630438,710063439c,71006409bc,7100992a8c,7100992ab4,710099332c,710099380c,7100993834
7100640dc4	7100630418,71006409bc,7100992a8c,7100992ab4,710099332c,710099380c,7100993834
7100640e58	71006305ac,710064072c,7100992a8c,7100992ab4,710099332c,710099380c,7100993834
7100640f10	71006305b4,71006409bc,7100992a8c,7100992ab4,7100993024,710099332c,710099380c,7100993834
7100641024	7100630664,71006409bc,7100992a8c,7100992ab4,7100992af0,7100993024,710099332c,710099380c,7100993834
710064117c	710063074c,71006409bc,7100992a8c,7100992ab4,710099332c,710099380c,7100993834
7100641210	710098439c,710144a490
71006412d0	710098439c,710144a490
7100641680	710061cc6c,710061ccdc,710061cd10,710061cd44,710092a820,7100961b24
7100641790	710061cc74,710061ccf4,710061cd28,710061cd64,7100961a44
7100641880	7100993840
71006418a0	710092ab50,710092b198,710092b310
7100641980	710092ad50,710092b25c,710092b878
71006419c0	71009603c0,7100960560
71006419f4	710019e940,71009603c0,7100960560
7100641a5c	71009863e4,7100992a44
7100641ac4	710061cd88,71009836b4,710144a490
7100641bb0	710098439c,710144a490
7100641c90	710098439c,710144a490
7100642580	710092ab50,710092b198
71006425e0	710092ad50,710092b25c
710064260c	71009603c0,7100960560,71009830f4
7100642650	710019e940,71009603c0,7100960560,71009830f4
71006426c8	710092af2c,710092afb0,71009606d0,710096184c,7100961924,71009773a0,71009773b4
71006428a0	710003ba60,71009601ec,71009619e0,7100961b24,7100961b40,71009836b4,710144a5d0
7100642c90	7100642f38,7100642f60,7100642f88,7100642fb0,7100642fd8,7100643000,7100961a44
7100642e00	710092ab50,710092b198
7100642e60	710092ad50,710092b25c
7100642e8c	71009603c0,7100960560
7100642ec0	710019e940,71009603c0,7100960560
71006432a0	7100643708,710064373c,7100643764,710064378c,71006437b4,71006437dc,710092a820,7100961b24
7100643470	710064371c,710064374c,7100643774,710064379c,71006437c4,71006437f0,7100961a44
71006435e0	710092ab50,710092b198
7100643640	710092ad50,710092b25c
710064366c	71009603c0,7100960560
71006436a0	710019e940,71009603c0,7100960560
7100643f20	7100644b68,7100644b90,7100644bb8,7100644be0,7100644c08,7100644c30,7100644c58,7100644c80,7100644ca8,7100644cd0,7100644cf8,7100644d20,7100644d48,7100644d70,7100644d98,7100644dc0,7100644de8,7100644e10,7100644e38,7100644e60,7100644e88,7100644eb0,710092a820,7100961b24
7100644550	7100644b78,7100644ba0,7100644bc8,7100644bf0,7100644c18,7100644c40,7100644c68,7100644c90,7100644cb8,7100644ce0,7100644d08,7100644d30,7100644d58,7100644d80,7100644da8,7100644dd0,7100644df8,7100644e20,7100644e48,7100644e70,7100644e98,7100644ec0,7100961a44
7100644a40	710092ab50,710092b198
7100644aa0	710092ad50,710092b25c
7100644acc	71009603c0,7100960560
7100644b00	710019e940,71009603c0,7100960560
7100645050	710092a820,7100961b24
71006450d0	7100961a44
7100645170	710092ab50,710092b198
71006451d0	710092ad50,710092b25c
71006451fc	71009603c0,7100960560
7100645230	710019e940,71009603c0,7100960560
7100645890	7100645e44,7100645e58,7100960a9c,7100961a44
7100645b90	710092ab50,710092b198
7100645bf0	710092ad50,710092b25c
7100645c1c	71009603c0,7100960560
7100645c50	710019e940,71009603c0,7100960560
7100645cb8	7100645e44,7100645e58,710092af2c,710092afb0,71009606d0,710096184c,7100961924
7100645e80	710003ba60,71009601ec,71009619e0,7100961b24,7100961b40,71009836b4,710144a5d0
7100646040	710092a820,7100961b24
7100646110	7100961a44
7100646200	7100993840
7100646220	710092ab50,710092b198
7100646280	710092ad50,710092b25c
71006462ac	71009603c0,7100960560
71006462e0	710019e940,71009603c0,7100960560
7100646348	71009863e4,7100992a44
71006464b0	710060eebc,71009836b4,710144a490
7100646644	710099333c,7100993350,71009933c4
7100646790	7100646898,7100992a8c,7100992ab4,7100993024,710099332c,710099380c,7100993834
7100646898	710099333c,7100993350,710099338c,71009933c4
71006469f8	7100646644,7100992a8c,7100992ab4,710099332c,710099380c,7100993834
7100646aac	7100646898,7100992a8c,7100992ab4,7100993024,710099332c,710099380c,7100993834
7100646bbc	7100646644,7100992a8c,7100992ab4,710099332c,710099380c,7100993834
7100646c70	7100646898,7100992a8c,7100992ab4,7100993024,710099332c,710099380c,7100993834
7100646d80	7100646644,7100992a8c,7100992ab4,710099332c,710099380c,7100993834
7100646e34	7100646898,7100992a8c,7100992ab4,7100993024,710099332c,710099380c,7100993834
7100647020	710098439c,710144a490
7100647430	710092a820,7100961b24
7100647550	7100961a44
71006476a0	710092ab50,710092b198
7100647700	710092ad50,710092b25c
710064772c	71009603c0,7100960560
7100647760	710019e940,71009603c0,7100960560
71006477f0	710092b310
7100647950	710092b878
7100647990	7100000280,71006315c0,7100631600,7100635080,7100635250,71006365f0,7100636610,71006393a0,71006393c0,710063ac70,710063ac90,710063c510,710063c530,7100640370,7100640390,7100641880,71006418a0,7100642580,7100642e00,71006435e0,7100644a40,7100645170,7100645b90,7100646200,7100646220,71006476a0,71006477f0,7100647bf0,710064b5f0,710064b610,710064e890,71006506e0,7100650700,7100653de0,71006554e0,7100655ce0,7100658230,7100658270,710065c5e0,710065f210,7100664cb0,7100664cf0,7100669b10,7100669b50,710066e150,710066e190,7100670c90,7100670cb0,7100673760,7100673780,7100674990,71006749b0,7100675df0,7100675e10,7100677740,7100677760,7100679840,7100679860,710067b1c0,710067b1e0,710067d100,710067d120,710067efc0,710067efe0,7100680670,7100680690,71006826c0,71006826e0,7100683770,71006868c0,710068e660,7100690020,7100691bc0,710144a3f0,710144a400
7100647b24	7100631660,7100635cf0,7100636670,7100639430,710063ad00,710063c5a0,7100640400,7100641980,71006425e0,7100642e60,7100643640,7100644aa0,71006451d0,7100645bf0,7100646280,7100647700,7100647950,710064b680,7100650760,71006582e0,7100664d60,7100669bc0,710066e200,7100670d20,71006737f0,7100674a20,7100675e80,71006777d0,71006798d0,710067b250,710067d180,710067f050,7100680700,7100682750
7100647bd0	7100647990
7100647bf0	7100993840
7100647e9c	710099333c,7100993350,710099338c,71009933c4
7100648030	71006480dc,7100648ba0,7100992a8c,7100992ab4,710099332c,710099380c,7100993834
71006480dc	710099333c,7100993350,71009933c4
7100648228	7100647e9c,7100648bbc,7100992a8c,7100992ab4,7100993024,7100993110,710099332c,710099380c,7100993834
710064836c	7100647e9c,7100648bd0,7100992a8c,7100992ab4,7100993024,710099332c,710099380c,7100993834
710064852c	7100647e9c,7100648e60,7100992a8c,7100992ab4,7100993024,710099332c,710099380c,7100993834
71006487ec	7100992af0,7100993024
7100648950	710098439c,710144a490
7100648a30	710098439c,710144a490
7100648bf0	7100648e80,7100649adc,710144a490
7100648e80	710088a138,7100984b40,710144a590
7100649114	7100602694,7100609a10,7100615dc8,7100624480,71006498fc,7100893a7c,71009836b4,710144a580
710064932c	71005188d4,7100521c78,710056973c,7100569924,710060262c,7100602694,7100649114,710064a350,710064a5cc
710064968c	71004f31f0,7100600310,7100600af8,71006498fc,710064a7fc,710064a810,7100893a7c,710092af68,71009606b0,7100960ba0,7100962540,7100964ad0,71009836b4
71006498fc	710060824c
710064996c	71006082e0
7100649988	710019e940,710064996c
71006499ac	710019e940,710064996c
71006499d4	7100619fd8
71006499dc	710061a0b0
71006499e4	710061a180
71006499ec	71006198e8
71006499fc	71006084c8
7100649a4c	710061a188
7100649a54	710061a220
7100649a5c	710061a230
7100649a64	710061a240
7100649a6c	710061a250
7100649a74	710061a2ec
7100649a7c	710061a2fc
7100649a84	710061a30c
7100649a8c	710061a59c
7100649a94	710061a668
7100649a9c	710061a678
7100649aa4	710061a260
7100649aac	710061a2ac
7100649ab4	710061a690
7100649abc	710061a688
7100649adc	710061a698
7100649ae4	710061b048
7100649aec	710061b054
7100649af4	710061b060
7100649afc	710061b06c
7100649b04	7100600304,710061b078,7100893a90,7100894ad0
7100649b7c	7100600304,710061b078,7100893a90,7100894ad0
7100649bf0	7100600304,710061b200,7100893a90,7100894ad0
7100649c68	7100600304,710061b200,7100893a90,7100894ad0
7100649cdc	7100600304,710061b210,7100893a90,7100894ad0
7100649d94	7100600304,710061b210,7100893a90,7100894ad0
7100649e58	7100600304,710061b2f0,7100893a90,7100894ad0
7100649ed0	7100600304,710061b2f0,7100893a90,7100894ad0
7100649f44	7100600304,710061b2f0,7100893a90,7100894ad0
7100649fbc	7100600304,710061b37c,7100893a90,7100894ad0
710064a070	7100600310,7100893a7c,7100894ad0
710064a0ec	710064a7fc,710064a810,710092af2c,710092afb0,71009606d0,710096184c,7100961924
710064a284	710064a7fc,710064a810,7100960a9c
710064a350	7100007e40,710064a4f0,7100987d00,710098eac0,710098eac4,7100992aa4,7100992acc,7100992d70
710064a4f4	7100987cf0
710064a558	7100987cf0
710064a5cc	710064a720,7100987d00,710098eac0,710098eac4,7100992aa4,7100992acc,7100992d70
710064a724	7100987cf0
710064a788	7100987cf0
710064a830	710098f6bc
710064a8c0	710098f6bc
710064a958	710098f6bc
710064a9f0	710098f6bc
710064b2e0	71006198e8,710061b970,710061b9a4,710061bb80,710061bbf0,710061bc00,710061bc34,710061bca4,710061bcd8,710061bd0c,710061bd1c,7100961a44
710064b598	7100600f80,7100619934,710063fe70,710063fe90
710064b5f0	71009939e0
710064b610	710092ab50,710092b198
710064b680	710092ad50,710092b25c
710064b6ac	71009603c0,7100960560
710064b6e0	710019e940,71009603c0,7100960560
710064b748	71009863e4,7100992a44
710064bbe0	710064d608,710064d784,710064d924,7100992ab4,7100993470
710064bc44	710064dc44,710064dd34,7100992ab4,7100993470
710064bc94	710064de58,710064df48,7100992ab4,7100993470
710064bce4	710064e06c,710064e15c,7100992ab4,7100993470
710064bd34	710064e280,710064e370,7100992ab4,7100993470
710064bd84	710064e494,710064e584,7100992ab4,7100993470
710064bdd4	7100619fd8,710064be88,7100992a8c,7100992ab4,710099332c,710099380c,7100993834
710064be88	710099333c,7100993350,71009933c4
710064bfd4	710061a01c,710064c118,7100992a8c,7100992ab4,7100993024,7100993110,710099332c,710099380c,7100993834
710064c118	710099333c,7100993350,710099338c,71009933c4
710064c278	710061a0b0,710064be88,7100992a8c,7100992ab4,710099332c,710099380c,7100993834
710064c32c	710061a0ec,710064c118,7100992a8c,7100992ab4,7100993024,7100993110,710099332c,710099380c,7100993834
710064c470	710061a180,710064be88,7100992a8c,7100992ab4,710099332c,710099380c,7100993834
710064c51c	71006198e8,710064c118,7100992a8c,7100992ab4,7100993240,710099332c,710099380c,7100993834
710064c628	710061a188,710064be88,7100992a8c,7100992ab4,710099332c,710099380c,7100993834
710064c6e0	710061a220,710064c118,7100992a8c,7100992ab4,7100993024,710099332c,710099380c,7100993834
710064c7f4	710061a230,710064c118,7100992a8c,7100992ab4,7100993024,710099332c,710099380c,7100993834
710064c908	710061a240,710064c118,7100992a8c,7100992ab4,7100993024,710099332c,710099380c,7100993834
710064ca1c	710061a250,710064c118,7100992a8c,7100992ab4,7100993024,710099332c,710099380c,7100993834
710064cb30	710061a2ec,710064be88,7100992a8c,7100992ab4,710099332c,710099380c,7100993834
710064cbe8	710061a2fc,710064c118,7100992a8c,7100992ab4,7100993024,710099332c,710099380c,7100993834
710064ccfc	710061a30c,710064be88,7100992a8c,7100992ab4,710099332c,710099380c,7100993834
710064cdb4	710061a59c,710064c118,7100992a8c,7100992ab4,7100993024,710099332c,710099380c,7100993834
710064cec8	710061a668,710064be88,7100992a8c,7100992ab4,710099332c,710099380c,7100993834
710064cf80	710061a678,710064c118,7100992a8c,7100992ab4,7100993024,710099332c,710099380c,7100993834
710064d094	710061a260,710064be88,7100992a8c,7100992ab4,710099332c,710099380c,7100993834
710064d148	710061a2ac,710064c118,7100992a8c,7100992ab4,7100993024,7100993110,710099332c,710099380c,7100993834
710064d28c	710061a690,710064be88,7100992a8c,7100992ab4,710099332c,710099380c,7100993834
710064d344	710061a688,710064c118,7100992a8c,7100992ab4,7100993024,710099332c,710099380c,7100993834
710064d458	710064be88,7100992a8c,7100992ab4,710099332c,710099380c,7100993834
710064d500	710064c118,7100992a8c,7100992ab4,7100993024,710099332c,710099380c,7100993834
710064d608	710061a698,710064c118,71009836b4,710098439c,7100992a8c,7100992a98,710099380c,7100993834
710064d784	710061b048,710064c118,71009836b4,710098439c,7100992a8c,7100992a98,710099380c,7100993834
710064d924	710061b054,710064c118,71009836b4,710098439c,7100992a8c,7100992a98,710099380c,7100993834
710064daec	710061b060,710064be88,7100992a8c,7100992ab4,710099332c,710099380c,7100993834
710064db98	710061b06c,710064be88,7100992a8c,7100992ab4,710099332c,710099380c,7100993834
710064dc44	710061b078,710064c118,7100992a8c,7100992a98,710099380c,7100993834
710064dd34	710061b078,710064c118,7100992a8c,7100992a98,710099380c,7100993834
710064de58	710061b200,710064c118,7100992a8c,7100992a98,710099380c,7100993834
710064df48	710061b200,710064c118,7100992a8c,7100992a98,710099380c,7100993834
710064e06c	710061b210,710064c118,7100992a8c,7100992a98,710099380c,7100993834
710064e15c	710061b210,710064c118,7100992a8c,7100992a98,710099380c,7100993834
710064e280	710061b2f0,710064c118,7100992a8c,7100992a98,710099380c,7100993834
710064e370	710061b2f0,710064c118,7100992a8c,7100992a98,710099380c,7100993834
710064e494	710061b2f0,710064c118,7100992a8c,7100992a98,710099380c,7100993834
710064e584	710061b37c,710064c118,7100992a8c,7100992a98,710099380c,7100993834
710064e6a8	710098439c,710144a490
710064e760	710098439c,710144a490
710064e890	7100993840
710064e8a4	71009863e4,7100992a50
710064ec58	7100008490,71009836b4,710144a490,710144a580
710064ee20	7100007e40,71006502f8,7100992ab4,710099343c
710064ef20	71006502f8,7100992ab4,7100993020
710064efb0	71006502f8,7100992ab4,710099343c
710064f028	71006502f8,7100992ab4
710064f0a0	71006502f8,7100992ab4,710099343c
710064f118	71006502f8,7100992ab4
710064f190	71006502f8,7100992ab4,710099343c
710064f208	71006502f8,7100992ab4
710064f280	71006502f8,7100992ab4,710099343c
710064f2f8	71006502f8,7100992ab4
710064f370	71006502f8,7100992ab4,710099343c
710064f3e8	71006502f8,7100992ab4
710064f460	71006502f8,7100992ab4,710099343c
710064f4d8	71006502f8,7100992ab4
710064f550	71006502f8,7100992ab4,710099343c
710064f628	71006502f8,7100992ab4
710064f6a0	71006502f8,7100992ab4,710099343c
710064f778	71006502f8,7100992ab4
710064f7f0	71006502f8,7100992ab4,710099343c
710064f868	71006502f8,7100992ab4
710064f8e0	71006502f8,7100992ab4,710099343c
710064f958	71006502f8,7100992ab4
710064f9d0	71006502f8,7100992ab4,710099343c
710064fa48	71006502f8,7100992ab4
710064fac0	71006502f8,7100992ab4,710099343c
710064fb38	71006502f8,7100992ab4
710064fbb0	71006502f8,7100992ab4,710099343c
710064fc28	71006502f8,7100992ab4
710064fca0	71006502f8,7100992ab4,710099343c
710064fd18	71006502f8,7100992ab4
710064fd90	71006502f8,7100992ab4,710099343c
710064fe08	71006502f8,7100992ab4,7100993020
710064fe98	71006502f8,7100992ab4,710099343c
710064ff10	71006502f8,7100992ab4
710064ff88	71006502f8,7100992ab4,710099343c
710065003c	71006502f8,7100650458,7100992ab4
71006500ac	71006502f8,7100992ab4,710099343c
7100650180	71005618e0,71006502f8,7100992ab4
71006501f0	71006502f8,7100992ab4,710099343c
71006502f8	710099333c,7100993350,710099338c,71009933c4
7100650458	71009836b4,7100992b6c,7100992b78
710065059c	7100602694,710098439c,710144a490
7100650650	71009601ec,71009619e0,71009836b4
71006506e0	71009939e0
7100650700	710092ab50,710092b198
7100650760	710092ad50,710092b25c
710065078c	71009603c0,7100960560
71006507c0	710019e940,71009603c0,7100960560
7100650828	71009863e4,7100992a44
7100650dec	710065199c,7100651a88,7100992ab4,7100993470
7100650fc4	7100600228,7100651070,7100992a8c,7100992ab4,710099332c,710099380c,7100993834
7100651070	710099333c,7100993350,71009933c4
71006511bc	7100651070,7100992a8c,7100992ab4,710099332c,710099380c,7100993834
7100651264	71006002c8,71006512f8,7100992a8c,7100992ab4,710099332c,710099380c,7100993834
71006512f8	710099333c,7100993350,710099338c,71009933c4
7100651458	71006002e8,71006512f8,7100992a8c,7100992ab4,710099332c,710099380c,7100993834
71006514ec	7100600304,7100651070,7100992a8c,7100992ab4,710099332c,710099380c,7100993834
71006515a0	7100600310,71006512f8,7100992a8c,7100992ab4,7100993024,7100993110,710099332c,710099380c,7100993834
71006516e4	710060031c,7100651070,7100992a8c,7100992ab4,710099332c,710099380c,7100993834
7100651798	7100600328,71006512f8,7100992a8c,7100992ab4,7100993024,7100993110,710099332c,710099380c,7100993834
71006518dc	7100600334,7100651070,7100992a8c,7100992ab4,710099332c,710099380c,7100993834
710065199c	7100600340,71006512f8,7100992a8c,7100992a98,710099380c,7100993834
7100651a88	710060034c,71006512f8,7100992a8c,7100992a98,710099380c,7100993834
7100651ba4	7100600358,710060262c,7100651070,71009836b4,710098439c,7100992a8c,7100992ab4,710099332c,710099380c,7100993834
7100651d40	7100651070,7100992a8c,7100992ab4,710099332c,710099380c,7100993834
7100651de8	7100600364,71006512f8,7100992a8c,7100992ab4,7100993024,710099332c,710099380c,7100993834
7100651ef4	7100651070,7100992a8c,7100992ab4,710099332c,710099380c,7100993834
7100651f9c	7100600408,71006512f8,7100992a8c,7100992ab4,7100993024,710099332c,710099380c,7100993834
71006520a8	71006004ec,71006512f8,7100992a8c,7100992ab4,7100993024,710099332c,710099380c,7100993834
7100652210	71006005dc,71006512f8,7100992a8c,7100992ab4,710099332c,710099380c,7100993834
71006522a4	7100600624,7100651070,7100992a8c,7100992ab4,710099332c,710099380c,7100993834
7100652350	71006512f8,7100652458,7100992a8c,7100992ab4,7100993024,710099332c
7100652458	710060063c,71009836b4,7100992b6c,7100992b78,710099380c,7100993834
7100652558	71006006a0,7100651070,7100992a8c,7100992ab4,710099332c,710099380c,7100993834
7100652610	71006006c0,71006512f8,7100992a8c,7100992ab4,7100993024,710099332c,710099380c,7100993834
7100652724	710060073c,7100651070,7100992a8c,7100992ab4,710099332c,710099380c,7100993834
71006527dc	7100600760,71006512f8,7100992a8c,7100992ab4,7100993024,710099332c,710099380c,7100993834
71006528f0	71006007dc,7100651070,7100992a8c,7100992ab4,710099332c,710099380c,7100993834
71006529a8	7100600800,71006512f8,7100992a8c,7100992ab4,7100993024,710099332c,710099380c,7100993834
7100652abc	710060087c,7100651070,7100992a8c,7100992ab4,710099332c,710099380c,7100993834
7100652b68	71006008a0,71006512f8,7100992a8c,7100992ab4,7100993240,710099332c,710099380c,7100993834
7100652c98	710060090c,7100651070,7100992a8c,7100992ab4,710099332c,710099380c,7100993834
7100652d44	7100600930,71006512f8,7100992a8c,7100992ab4,7100993240,710099332c,710099380c,7100993834
7100652e74	710060099c,7100651070,7100992a8c,7100992ab4,710099332c,710099380c,7100993834
7100652f20	71006009c0,71006512f8,7100992a8c,7100992ab4,7100993024,710099332c,710099380c,7100993834
710065302c	7100600a2c,7100651070,7100992a8c,7100992ab4,710099332c,710099380c,7100993834
71006530d8	7100600a50,71006512f8,7100992a8c,7100992ab4,7100993024,710099332c,710099380c,7100993834
71006531e4	7100600abc,7100651070,7100992a8c,7100992ab4,710099332c,710099380c,7100993834
7100653290	7100651070,7100653398,7100992a8c,7100992ab4,7100993024,710099332c
7100653398	7100600ad8,71009836b4,7100992b6c,7100992b78,710099380c,7100993834
71006534f8	71009836b4,7100992b6c,7100992b78,710099380c,7100993834
710065362c	7100600af8,71006512f8,7100992a8c,7100992ab4,7100992af0,7100993024,710099332c,710099380c,7100993834
7100653784	7100600b9c,71006512f8,7100992a8c,7100992ab4,710099332c,710099380c,7100993834
7100653818	71009836b4,7100992b6c,7100992b78,710099380c,7100993834
710065394c	7100600c3c,71006512f8,7100992a8c,7100992ab4,7100992af0,7100993024,710099332c,710099380c,7100993834
7100653aa4	7100600ce4,71006512f8,7100992a8c,7100992ab4,710099332c,710099380c,7100993834
7100653b38	7100600d84,7100651070,7100992a8c,7100992ab4,710099332c,710099380c,7100993834
7100653bf8	710098439c,710144a490
7100653cb0	710098439c,710144a490
7100653de0	7100993840
7100653f68	71009836b4,710144a490
71006540d0	7100654870,7100992ab4,710099343c
7100654144	7100654870,7100992ab4,7100993020
71006541d4	7100654870,7100992ab4,710099343c
710065424c	7100654870,7100992ab4,7100993020
71006542dc	7100654870,7100992ab4,710099343c
7100654354	7100654870,7100992ab4
71006543cc	7100654870,7100992ab4,710099343c
7100654444	7100654870,71009836b4,7100992ab4,7100992b6c,7100992b78
710065456c	7100654870,7100992ab4,710099343c
7100654640	7100654870,71009836b4,7100992ab4,7100992b6c,7100992b78
7100654768	7100654870,7100992ab4,710099343c
7100654870	710099333c,7100993350,710099338c,71009933c4
71006549d0	710098439c,710144a490
7100654bb8	71009836b4,710144a490
7100654d10	71006552b4,7100992ab4,710099343c
7100654d84	71006552b4,7100992ab4,7100993020
7100654e14	71006552b4,7100992ab4,710099343c
7100654e8c	71006552b4,7100992ab4,7100993020
7100654f1c	71006552b4,7100992ab4,710099343c
7100654f94	71006552b4,7100992ab4
710065500c	71006552b4,7100992ab4,710099343c
7100655084	71006552b4,71009836b4,7100992ab4,7100992b6c,7100992b78
71006551ac	71006552b4,7100992ab4,710099343c
71006552b4	710099333c,7100993350,710099338c,71009933c4
7100655414	710098439c,710144a490
71006554e0	7100993840
7100655588	71009836b4,710144a490
7100655688	710098439c,710144a490
71006557a4	7100609a10,71009836b4,710144a490
7100655960	7100602694,710098439c,710144a490
7100655a74	7100609a10,71009836b4,710144a490
7100655c20	7100602694,710098439c,710144a490
7100655ce0	7100993840
7100655ecc	71009836b4,710144a490
710065603c	710065690c,7100992ab4,710099343c
71006560b0	710065690c,7100992ab4,7100993020
7100656140	710065690c,7100992ab4,710099343c
71006561b8	710065690c,7100656a6c,7100992ab4
7100656228	710065690c,7100992ab4,710099343c
71006562fc	71005618e0,710065690c,7100992ab4
710065636c	710065690c,7100992ab4,710099343c
7100656440	710065690c,7100992ab4
71006564b8	710065690c,7100992ab4,710099343c
7100656530	710065690c,7100992ab4
71006565a8	710065690c,7100992ab4,710099343c
7100656620	710065690c,71009836b4,7100992ab4,7100992b6c,7100992b78
7100656748	710065690c,7100992ab4,710099343c
710065681c	710065690c,7100992ab4
7100656894	710065690c,7100992ab4,710099343c
710065690c	710099333c,7100993350,710099338c,71009933c4
7100656a6c	71009836b4,7100992b6c,7100992b78
7100656bb0	710098439c,710144a490
7100656da0	71009836b4,710144a490
7100656ee8	7100657528,7100992ab4,710099343c
7100656fbc	71005618e0,7100657528,7100992ab4
710065702c	7100657528,7100992ab4,710099343c
7100657100	7100657528,71009836b4,7100992ab4,7100992b6c,7100992b78
7100657228	7100657528,7100992ab4,710099343c
71006572fc	7100657528,7100992ab4,7100993020
710065738c	7100657528,7100992ab4,710099343c
7100657404	7100657528,7100992ab4
710065747c	7100657528,7100992ab4,710099343c
7100657528	710099333c,7100993350,710099338c,71009933c4
7100657688	710098439c,710144a490
7100657844	71009836b4,710144a490
710065798c	7100657ce8,7100992ab4,710099343c
7100657a00	7100657ce8,7100992ab4,7100993020
7100657a90	7100657ce8,7100992ab4,710099343c
7100657b08	7100657ce8,7100992ab4
7100657b80	7100657ce8,7100992ab4,710099343c
7100657bf8	7100657ce8,7100992ab4
7100657c70	7100657ce8,7100992ab4,710099343c
7100657ce8	710099333c,7100993350,710099338c,71009933c4
7100657e48	710098439c,710144a490
7100658150	71006499fc,710064a284,7100961a44
71006581c8	71006583b0,7100964b70,71009764b4,710144a490
7100658230	7100993840,71009939e0
7100658270	710092ab50,710092b198
71006582e0	710092ad50,710092b25c
710065830c	71009603c0,7100960560
7100658340	710019e940,71009603c0,7100960560
71006583b0	710064968c,7100892430,71008931b8,710144a490
7100658574	7100658cf0,71009863e4,7100992a44
7100658a70	710065a6f0,710065a86c,710065aa0c,7100992ab4,7100993470
7100658ad4	710065ad2c,710065ae18,7100992ab4,7100993470
7100658b24	710065af3c,710065b028,7100992ab4,7100993470
7100658b74	710065b14c,710065b238,7100992ab4,7100993470
7100658bc4	710065b35c,710065b448,7100992ab4,7100993470
7100658c14	710065b56c,710065b658,7100992ab4,7100993470
7100658c64	7100658eb4,710065b77c,710065b814,7100992a8c,7100992a98
7100658cf0	710065bc38,710065bdec,710065be88,71008a3564,7100987d00
7100658e00	71006499d4,7100658eb4,7100992a8c,7100992ab4,710099332c,710099380c,7100993834
7100658eb4	710099333c,7100993350,71009933c4
7100659000	71006499dc,7100658eb4,7100992a8c,7100992ab4,710099332c,710099380c,7100993834
71006590b4	71006499e4,7100658eb4,7100992a8c,7100992ab4,710099332c,710099380c,7100993834
7100659160	71006499ec,710065926c,7100992a8c,7100992ab4,7100993240,710099332c,710099380c,7100993834
710065926c	710099333c,7100993350,710099338c,71009933c4
71006593cc	71006499f4,7100658eb4,7100992a8c,7100992ab4,710099332c,710099380c,7100993834
7100659480	71006499fc,710065926c,7100992a8c,7100992ab4,7100993024,7100993110,710099332c,710099380c,7100993834
71006595c4	7100649a38,710065926c,7100992a8c,7100992ab4,7100993024,7100993110,710099332c,710099380c,7100993834
7100659708	7100649a4c,7100658eb4,7100992a8c,7100992ab4,710099332c,710099380c,7100993834
71006597c0	7100649a54,710065926c,7100992a8c,7100992ab4,7100993024,710099332c,710099380c,7100993834
71006598d4	7100649a5c,710065926c,7100992a8c,7100992ab4,7100993024,710099332c,710099380c,7100993834
71006599e8	7100649a64,710065926c,7100992a8c,7100992ab4,7100993024,710099332c,710099380c,7100993834
7100659afc	7100649a6c,710065926c,7100992a8c,7100992ab4,7100993024,710099332c,710099380c,7100993834
7100659c10	7100649a74,7100658eb4,7100992a8c,7100992ab4,710099332c,710099380c,7100993834
7100659cc8	7100649a7c,710065926c,7100992a8c,7100992ab4,7100993024,710099332c,710099380c,7100993834
7100659ddc	7100649a84,7100658eb4,7100992a8c,7100992ab4,710099332c,710099380c,7100993834
7100659e94	7100649a8c,710065926c,7100992a8c,7100992ab4,7100993024,710099332c,710099380c,7100993834
7100659fa8	7100649a94,7100658eb4,7100992a8c,7100992ab4,710099332c,710099380c,7100993834
710065a060	7100649a9c,710065926c,7100992a8c,7100992ab4,7100993024,710099332c,710099380c,7100993834
710065a174	7100649aa4,7100658eb4,7100992a8c,7100992ab4,710099332c,710099380c,7100993834
710065a228	7100649aac,710065926c,7100992a8c,7100992ab4,7100993024,7100993110,710099332c,710099380c,7100993834
710065a36c	7100649ab4,7100658eb4,7100992a8c,7100992ab4,710099332c,710099380c,7100993834
710065a424	7100649abc,710065926c,7100992a8c,7100992ab4,7100993024,710099332c,710099380c,7100993834
710065a538	7100649ac4,7100658eb4,7100992a8c,7100992ab4,710099332c,710099380c,7100993834
710065a5e4	7100649ad0,710065926c,7100992a8c,7100992ab4,7100993024,710099332c,710099380c,7100993834
710065a6f0	7100649adc,710065926c,71009836b4,710098439c,7100992a8c,7100992a98,710099380c,7100993834
710065a86c	7100649ae4,710065926c,71009836b4,710098439c,7100992a8c,7100992a98,710099380c,7100993834
710065aa0c	7100649aec,710065926c,71009836b4,710098439c,7100992a8c,7100992a98,710099380c,7100993834
710065abd4	7100649af4,7100658eb4,7100992a8c,7100992ab4,710099332c,710099380c,7100993834
710065ac80	7100649afc,7100658eb4,7100992a8c,7100992ab4,710099332c,710099380c,7100993834
710065ad2c	7100649b04,710065926c,7100992a8c,7100992a98,710099380c,7100993834
710065ae18	7100649b7c,710065926c,7100992a8c,7100992a98,710099380c,7100993834
710065af3c	7100649bf0,710065926c,7100992a8c,7100992a98,710099380c,7100993834
710065b028	7100649c68,710065926c,7100992a8c,7100992a98,710099380c,7100993834
710065b14c	7100649cdc,710065926c,7100992a8c,7100992a98,710099380c,7100993834
710065b238	7100649d94,710065926c,7100992a8c,7100992a98,710099380c,7100993834
710065b35c	7100649e58,710065926c,7100992a8c,7100992a98,710099380c,7100993834
710065b448	7100649ed0,710065926c,7100992a8c,7100992a98,710099380c,7100993834
710065b56c	7100649f44,710065926c,7100992a8c,7100992a98,710099380c,7100993834
710065b658	7100649fbc,710065926c,7100992a8c,7100992a98,710099380c,7100993834
710065b77c	710065926c,710065b8f0,7100992a8c,7100992a98,7100992ab4,7100993470
710065b814	710064a030,71009836b4,710099380c,7100993834
710065b8f0	710064a04c,71009836b4,7100992b6c,7100992b78,710099380c,7100993834
710065ba48	710098439c,710144a490
710065bb10	710098439c,710144a490
710065bc3c	7100987cf0
710065bc7c	7100987cf0
710065bdf0	7100987cf0
710065be30	7100987cf0
710065be8c	7100987cf0
710065becc	7100987cf0
710065bf7c	710065bfcc,710065c31c,7100992ab4,7100993470
710065bfcc	710065c1b4,7100992a8c,7100992a98
710065c1b4	7100649114,71009836b4,7100992b6c,7100992b78,710099380c,7100993834
710065c31c	710065c480,7100992a8c,7100992a98,71009954c0,710099553c
710065c480	710064932c,71009836b4,7100992b6c,7100992b78,710099380c,7100993834
710065c5e0	71009939e0
710065c600	710065cb10,71009863e4,7100992a44
710065cb10	710065ef30,710065f0d8,710065f174,71008a3564,7100987d00
710065cc20	7100608448,710065cccc,7100992a8c,7100992ab4,710099332c,710099380c,7100993834
710065cccc	710099333c,7100993350,71009933c4
710065ce18	7100608450,710065cf24,7100992a8c,7100992ab4,7100993024,710099332c,710099380c,7100993834
710065cf24	710099333c,7100993350,710099338c,71009933c4
710065d084	710060262c,71006084d4,710065cccc,71009836b4,710098439c,7100992a8c,7100992ab4,710099332c,710099380c,7100993834
710065d220	71006084dc,710065cccc,7100992a8c,7100992ab4,710099332c,710099380c,7100993834
710065d2cc	71006084e8,710065cf24,7100992a8c,7100992ab4,7100993024,710099332c,710099380c,7100993834
710065d3d8	71006084f0,710065cf24,7100992a8c,7100992ab4,710099332c,710099380c,7100993834
710065d484	71006084fc,710065cf24,7100992a8c,7100992ab4,7100993024,710099332c,710099380c,7100993834
710065d590	7100608504,710065cf24,7100992a8c,7100992ab4,7100993024,710099332c,710099380c,7100993834
710065d6f8	710060850c,710065cf24,7100992a8c,7100992ab4,710099332c,710099380c,7100993834
710065d78c	7100608514,710065cccc,7100992a8c,7100992ab4,710099332c,710099380c,7100993834
710065d838	710065cf24,710065d940,7100992a8c,7100992ab4,7100993024,710099332c
710065d940	710060851c,71009836b4,7100992b6c,7100992b78,710099380c,7100993834
710065da40	7100608524,710065cccc,7100992a8c,7100992ab4,710099332c,710099380c,7100993834
710065daf8	710060852c,710065cf24,7100992a8c,7100992ab4,7100993024,710099332c,710099380c,7100993834
710065dc0c	7100608534,710065cccc,7100992a8c,7100992ab4,710099332c,710099380c,7100993834
710065dcc4	710060853c,710065cf24,7100992a8c,7100992ab4,7100993024,710099332c,710099380c,7100993834
710065ddd8	7100608544,710065cccc,7100992a8c,7100992ab4,710099332c,710099380c,7100993834
710065de90	710060854c,710065cf24,7100992a8c,7100992ab4,7100993024,710099332c,710099380c,7100993834
710065dfa4	7100608554,710065cccc,7100992a8c,7100992ab4,710099332c,710099380c,7100993834
710065e050	710060855c,710065cf24,7100992a8c,7100992ab4,7100993240,710099332c,710099380c,7100993834
710065e180	7100608564,710065cccc,7100992a8c,7100992ab4,710099332c,710099380c,7100993834
710065e22c	710060856c,710065cf24,7100992a8c,7100992ab4,7100993240,710099332c,710099380c,7100993834
710065e35c	7100608574,710065cccc,7100992a8c,7100992ab4,710099332c,710099380c,7100993834
710065e408	710060857c,710065cf24,7100992a8c,7100992ab4,7100993024,710099332c,710099380c,7100993834
710065e514	7100608584,710065cccc,7100992a8c,7100992ab4,710099332c,710099380c,7100993834
710065e5c0	710060858c,710065cf24,7100992a8c,7100992ab4,7100993024,710099332c,710099380c,7100993834
710065e6cc	7100608594,710065cccc,7100992a8c,7100992ab4,710099332c,710099380c,7100993834
710065e778	710065cccc,710065e880,7100992a8c,7100992ab4,7100993024,710099332c
710065e880	710060859c,71009836b4,7100992b6c,7100992b78,710099380c,7100993834
710065e9e0	71006084c8,710065cf24,7100992a8c,7100992ab4,710099332c,710099380c,7100993834
710065ea74	710065cf24,710065ebe8,7100992a8c,7100992a98,7100992ab4,7100993470
710065eb0c	71006085a4,71009836b4,710099380c,7100993834
710065ebe8	71006085c0,71009836b4,7100992b6c,7100992b78,710099380c,7100993834
710065ed40	710098439c,710144a490
710065ee00	710098439c,710144a490
710065ef34	7100987cf0
710065ef74	7100987cf0
710065f0dc	7100987cf0
710065f11c	7100987cf0
710065f178	7100987cf0
710065f1b8	7100987cf0
710065f210	7100993840,71009939e0
710065f3f4	710099333c,7100993350,71009933c4
710065f540	710065f648,710065f7a8,7100992a8c,7100992ab4,7100993024,710099332c
710065f648	710099333c,7100993350,710099338c,71009933c4
710065f7a8	7100622640,71009836b4,7100992b6c,7100992b78,710099380c,7100993834
710065f908	710098439c,710144a490
710065f9f0	710098439c,710144a490
710065fc34	710065fd4c,710065fe98,7100992a8c,7100992ab4,710099332c
710065fcbc	710065fd4c,710065fff0,7100992a8c,7100992ab4,710099332c
710065fd4c	710099333c,7100993350,71009933c4
710065fe98	7100621bd0,71009836b4,7100992b6c,7100992b78,710099380c,7100993834
710065fff0	7100621e34,71009836b4,7100992b6c,7100992b78,710099380c,7100993834
7100660148	7100621e48,710065fd4c,7100992a8c,7100992ab4,710099332c,710099380c,7100993834
71006601f4	7100621e50,710065fd4c,7100992a8c,7100992ab4,710099332c,710099380c,7100993834
71006602a0	710098439c,710144a490
7100660380	710098439c,710144a490
71006605a4	7100660634,7100660780,7100992a8c,7100992ab4,710099332c
7100660634	710099333c,7100993350,71009933c4
7100660780	7100622150,71009836b4,7100992b6c,7100992b78,710099380c,7100993834
71006608d8	7100622164,7100660634,7100992a8c,7100992ab4,710099332c,710099380c,7100993834
7100660984	7100660a8c,7100660bec,7100992a8c,7100992ab4,7100993024,710099332c
7100660a8c	710099333c,7100993350,710099338c,71009933c4
7100660bec	7100622174,71009836b4,7100992b6c,7100992b78,710099380c,7100993834
7100660d4c	710098439c,710144a490
7100660e30	710098439c,710144a490
7100661344	710099333c,7100993350,71009933c4
7100661490	7100623270,7100661344,7100992a8c,7100992ab4,710099332c,710099380c,7100993834
710066153c	7100623278,7100661648,7100992a8c,7100992ab4,7100993024,710099332c,710099380c,7100993834
7100661648	710099333c,7100993350,710099338c,71009933c4
71006617a8	71006232cc,7100661344,7100992a8c,7100992ab4,710099332c,710099380c,7100993834
7100661854	71006232d4,7100661344,7100992a8c,7100992ab4,710099332c,710099380c,7100993834
7100661908	71006232dc,7100661344,7100992a8c,7100992ab4,710099332c,710099380c,7100993834
71006619bc	71006232e4,7100661344,7100992a8c,7100992ab4,710099332c,710099380c,7100993834
7100661a7c	71006232ec,71009836b4,7100992b6c,7100992b78,710099380c,7100993834
7100661bd4	7100623308,7100661344,7100992a8c,7100992ab4,710099332c,710099380c,7100993834
7100661ca0	7100623310,71009836b4,7100992b6c,7100992b78,710099380c,7100993834
7100661e2c	7100623324,7100661648,7100992a8c,7100992ab4,7100992af0,7100993024,710099332c,710099380c,7100993834
7100661f84	710098439c,710144a490
7100662060	710098439c,710144a490
7100662378	710066322c,71006635b4,7100992ab4,7100993470
71006623d0	7100663e40,7100663fe8,7100664084,71008a3564,7100987d00
71006624e0	71006234c8,7100662604,7100992a8c,7100992ab4,7100993240,710099332c,710099380c,7100993834
7100662604	710099333c,7100993350,71009933c4
7100662750	71006628bc,7100662a1c,7100992a8c,7100992ab4,7100993024,7100993240,710099332c
71006628bc	710099333c,7100993350,710099338c,71009933c4
7100662a1c	7100621d20,71009836b4,7100992b6c,7100992b78,710099380c,7100993834
7100662b94	71006234e0,71006628bc,7100662c90,7100992a8c,7100992ab4,710099332c,710099380c,7100993834
7100662c90	7100993024,7100993240
7100662dc8	7100623640,71006628bc,7100992a8c,7100992ab4,7100993024,7100993240,710099332c,710099380c,7100993834
7100662f2c	7100623730,71006628bc,7100992a8c,7100992ab4,7100993024,7100993240,710099332c,710099380c,7100993834
71006630dc	7100623824,7100623ce4,71006628bc,7100992a8c,7100992ab4,7100993240,710099332c,710099380c,7100993834
710066322c	71006628bc,710066342c,7100992a8c,7100992a98,7100992ad8
710066342c	7100623838,71009836b4,7100992b6c,7100992b78,710099380c,7100993834
71006635b4	71006628bc,71006636ec,7100663870,7100992a8c,7100992a98,7100992ad8
71006636ec	710062385c,71009836b4,7100992b6c,7100992b78,710099380c,7100993834
7100663a3c	7100623ad0,71006628bc,7100992a8c,7100992ab4,7100993024,7100993240,710099332c,710099380c,7100993834
7100663bc0	7100623380,71006628bc,7100992a8c,7100992ab4,710099332c,710099380c,7100993834
7100663c54	710098439c,710144a490
7100663d10	710098439c,710144a490
7100663e44	7100987cf0
7100663e84	7100987cf0
7100663fec	7100987cf0
710066402c	7100987cf0
7100664088	7100987cf0
71006640c8	7100987cf0
71006641cc	7100623c94,71009836b4,710144a490
7100664310	7100623d0c,71006643bc,7100992a8c,7100992ab4,710099332c,710099380c,7100993834
71006643bc	710099333c,7100993350,71009933c4
7100664508	710099333c,7100993350,710099338c,71009933c4
7100664668	7100623d20,71009836b4,7100992b6c,7100992b78,710099380c,7100993834
71006647c0	710098439c,710144a490
71006648a0	710098439c,710144a490
7100664bf0	71006690a0,7100961a44
7100664c48	7100667d50,7100964b70,71009764b4
7100664cb0	7100993840,71009939e0
7100664cf0	710092ab50,710092b198
7100664d60	710092ad50,710092b25c
7100664d8c	71002c6a80,71009603c0,7100960560,71009670c8,71009830f4
7100664df0	710019e940,71002c6a80,71009603c0,7100960560,71009670c8,71009830f4
7100664e88	71006650a0,71009863e4,7100992a44
71006650a0	7100667710,71006678b8,7100667954,71008a3564,7100987d00
71006651b0	71006652b8,7100665404,7100992a8c,7100992ab4,7100993024,710099332c
71006652b8	710099333c,7100993350,71009933c4
7100665404	7100668098,71009836b4,7100992b6c,7100992b78,710099380c,7100993834
7100665564	71006652b8,71006680e0,7100992a8c,7100992ab4,710099332c,710099380c,7100993834
7100665610	71006652b8,7100665774,7100668100,7100987d00,7100992a8c,7100992ab4,710099332c,7100993580,710099380c,7100993834,710144a490
7100665774	71006658b4,7100665950,7100987d00,7100993580,71009936ec,7100993734
71006658b4	7100993580
71006658dc	7100987cf0,71009936d4
7100665950	7100987cf0,71009936d4
71006659d4	710019e940,7100993580
7100665a04	7100665b14,7100665d40,7100987d00,7100992d70
7100665b18	7100987cf0
7100665b7c	7100987cf0
7100665be0	7100665c18
7100665c18	71009836b4,7100992b6c,7100992b78
7100665d44	7100987cf0
7100665da8	7100987cf0
7100665e24	7100665f30,710066817c,7100992a8c,7100992ab4,7100993024,710099332c,710099380c,7100993834
7100665f30	710099333c,7100993350,710099338c,71009933c4
7100666090	7100665f30,71006682c0,7100992a8c,7100992ab4,710099332c,710099380c,7100993834
7100666124	7100665f30,7100666264,7100992a8c,7100992ab4,7100993024,710099332c
7100666264	7100668394,71009836b4,7100992b6c,7100992b78,710099380c,7100993834
71006663e0	7100665f30,7100666520,7100992a8c,7100992ab4,7100993024,710099332c
7100666520	7100668458,71009836b4,7100992b6c,7100992b78,710099380c,7100993834
710066669c	7100665f30,71006667dc,7100992a8c,7100992ab4,7100993024,710099332c
71006667dc	710066851c,71009836b4,7100992b6c,7100992b78,710099380c,7100993834
7100666958	7100665f30,7100666a98,7100992a8c,7100992ab4,7100993024,710099332c
7100666a98	71006685e0,71009836b4,7100992b6c,7100992b78,710099380c,7100993834
7100666c14	7100665f30,7100666d54,7100992a8c,7100992ab4,7100993024,710099332c
7100666d54	71006686a4,71009836b4,7100992b6c,7100992b78,710099380c,7100993834
7100666ed0	7100665f30,7100667010,7100992a8c,7100992ab4,7100993024,710099332c
7100667010	7100668768,71009836b4,7100992b6c,7100992b78,710099380c,7100993834
710066718c	7100665f30,7100667270,71006673a4,7100992a8c,7100992ab4,710099332c
7100667270	7100993024,7100993240
71006673a4	710066882c,71009836b4,7100992b6c,7100992b78,710099380c,7100993834
710066751c	710098439c,710144a490
71006675e0	710098439c,710144a490
7100667714	7100987cf0
7100667754	7100987cf0
71006678bc	7100987cf0
71006678fc	7100987cf0
7100667958	7100987cf0
7100667998	7100987cf0
7100667a40	71009863e4,7100992a38
7100667bec	7100667f98,71009836b4,7100992b6c,7100992b78,710099380c,7100993834
7100667d50	7100667f98,7100892430,71008931b8,710144a490
7100667f30	7100016460
7100667f98	7100667f30,71009836b4
710066817c	71006693c0,710144a490
71006682c0	710144a490
7100668394	7100610380
7100668458	710060fa20
710066851c	71006130d0
71006685e0	7100611040
71006686a4	7100612310
7100668768	710060e000
710066882c	710060e000,710060fa20,7100610380,7100611040,7100612310,71006130d0,710144a640
7100668c00	71006692b0,710144a490,710144a4e0,710144a4f0
7100668d8c	710019e940,7100668c00
7100668db0	710019e940,7100668c00
7100668de0	71004f31f0,7100636540,7100636554,710092af68,7100960ba0,7100964ad0,710144a490
7100668fc8	7100668c00,710098439c
7100668ff0	71004f0b10,71004f4530,710096184c,710144a640
71006690a0	7100668de0,71006694b0,710096184c,710144a490
71006692b0	71009830f4,710144a490
71006693c0	710144a490
71006694b0	71009830f0,71009830f4,710144a490,710144a6a0
71006699b0	71006094a0,71006096a4,71006096b4,7100609938,7100961a44
7100669aa4	7100669c90,7100964b70,71009764b4,710144a490
7100669b10	7100993840,71009939e0
7100669b50	710092ab50,710092b198
7100669bc0	710092ad50,710092b25c
7100669bec	71009603c0,7100960560
7100669c20	710019e940,71009603c0,7100960560
7100669c90	7100608ef0,7100892430,71008931b8,710144a490
7100669e60	71009863e4,7100992a44
710066a62c	710060946c,710066a6c0,7100992a8c,7100992ab4,710099332c,710099380c,7100993834
710066a6c0	710099333c,7100993350,710099338c,71009933c4
710066a820	7100609498,710066a8cc,7100992a8c,7100992ab4,710099332c,710099380c,7100993834
710066a8cc	710099333c,7100993350,71009933c4
710066aa18	71006094a0,710066a6c0,7100992a8c,7100992ab4,7100993024,710099332c,710099380c,7100993834
710066ab24	71006094f4,710066a8cc,7100992a8c,7100992ab4,710099332c,710099380c,7100993834
710066abf0	71006094fc,710066a8cc,7100992a8c,7100992ab4,710099332c,710099380c,7100993834
710066acbc	7100609504,710063439c,710066a6c0,7100992a8c,7100992ab4,710099332c,710099380c,7100993834
710066adcc	7100609514,710066a6c0,7100992a8c,7100992ab4,710099332c,710099380c,7100993834
710066ae60	710060951c,710066a8cc,7100992a8c,7100992ab4,710099332c,710099380c,7100993834
710066af18	7100609524,710066a6c0,7100992a8c,7100992ab4,7100993024,710099332c,710099380c,7100993834
710066b02c	710060952c,710066a8cc,7100992a8c,7100992ab4,710099332c,710099380c,7100993834
710066b0e4	7100609534,710066a6c0,7100992a8c,7100992ab4,7100993024,710099332c,710099380c,7100993834
710066b1f8	710060953c,710066a8cc,7100992a8c,7100992ab4,710099332c,710099380c,7100993834
710066b2a4	7100609560,710066a6c0,7100992a8c,7100992ab4,7100993240,710099332c,710099380c,7100993834
710066b3c8	7100609568,710066a8cc,7100992a8c,7100992ab4,710099332c,710099380c,7100993834
710066b474	7100609574,710066a8cc,7100992a8c,7100992ab4,710099332c,710099380c,7100993834
710066b520	7100609590,710066a8cc,7100992a8c,7100992ab4,710099332c,710099380c,7100993834
710066b5cc	71006095ac,710066a8cc,7100992a8c,7100992ab4,710099332c,710099380c,7100993834
710066b678	71006095c0,710066a8cc,7100992a8c,7100992ab4,710099332c,710099380c,7100993834
710066b724	71006095c8,710066a8cc,7100992a8c,7100992ab4,710099332c,710099380c,7100993834
710066b7dc	71006095d0,710066a6c0,7100992a8c,7100992ab4,7100993024,710099332c,710099380c,7100993834
710066b8f0	71006095d8,710066a8cc,7100992a8c,7100992ab4,710099332c,710099380c,7100993834
710066b9a8	71006095e0,710066a6c0,7100992a8c,7100992ab4,7100993024,710099332c,710099380c,7100993834
710066babc	71006095e8,710066a8cc,7100992a8c,7100992ab4,710099332c,710099380c,7100993834
710066bb70	71006095f0,710066a8cc,7100992a8c,7100992ab4,7100993024,7100993110,710099332c,710099380c,7100993834
710066bce8	7100609600,710066a8cc,7100992a8c,7100992ab4,710099332c,710099380c,7100993834
710066bd9c	7100609620,710066a8cc,7100992a8c,7100992ab4,710099332c,710099380c,7100993834
710066be54	7100609628,710066a6c0,7100992a8c,7100992ab4,7100993024,710099332c,710099380c,7100993834
710066bf68	7100609630,710066a8cc,7100992a8c,7100992ab4,710099332c,710099380c,7100993834
710066c020	7100609638,710066a6c0,7100992a8c,7100992ab4,7100993024,710099332c,710099380c,7100993834
710066c134	7100609640,710066a8cc,7100992a8c,7100992ab4,710099332c,710099380c,7100993834
710066c1e0	710060964c,710066a6c0,7100992a8c,7100992ab4,7100993240,710099332c,710099380c,7100993834
710066c304	7100609654,710066a8cc,7100992a8c,7100992ab4,710099332c,710099380c,7100993834
710066c3b0	710060965c,710066a6c0,7100992a8c,7100992ab4,7100993024,710099332c,710099380c,7100993834
710066c4bc	7100609664,710066a8cc,7100992a8c,7100992ab4,710099332c,710099380c,7100993834
710066c568	710060966c,710066a6c0,7100992a8c,7100992ab4,7100993024,710099332c,710099380c,7100993834
710066c674	71006095f8,710066a6c0,7100992a8c,7100992ab4,7100993024,7100993110,710099332c,710099380c,7100993834
710066c7b8	7100609608,710066a6c0,7100992a8c,7100992ab4,7100993024,7100993110,710099332c,710099380c,7100993834
710066c8fc	7100609618,710066a8cc,7100992a8c,7100992ab4,7100993024,710099332c,710099380c,7100993834
710066ca10	7100609610,710066a8cc,7100992a8c,7100992ab4,710099332c,710099380c,7100993834
710066cac8	7100609674,710066a6c0,7100992a8c,7100992ab4,7100993024,7100993110,710099332c,710099380c,7100993834
710066cc0c	710051eca4,710060967c,710066a6c0,7100992a8c,7100992ab4,710099332c,710099380c,7100993834
710066cd0c	7100609684,710066a6c0,7100992a8c,7100992ab4,7100993024,7100993110,710099332c,710099380c,7100993834
710066ce50	710060968c,710066a6c0,7100992a8c,7100992ab4,7100993024,7100993110,710099332c,710099380c,7100993834
710066cf94	7100609694,710066a6c0,7100992a8c,7100992ab4,7100993024,7100993110,710099332c,710099380c,7100993834
710066d0d8	710060969c,710066a8cc,7100992a8c,7100992ab4,710099332c,710099380c,7100993834
710066d184	71006096a4,710066a6c0,7100992a8c,7100992ab4,7100993024,710099332c,710099380c,7100993834
710066d290	71006096ac,710066a8cc,7100992a8c,7100992ab4,710099332c,710099380c,7100993834
710066d33c	71006096b4,710066a6c0,7100992a8c,7100992ab4,7100993024,710099332c,710099380c,7100993834
710066d448	710066a6c0,710066d5bc,7100992a8c,7100992a98,7100992ab4,7100993470
710066d4e0	71006096bc,71009836b4,710099380c,7100993834
710066d5bc	71006096d8,71009836b4,7100992b6c,7100992b78,710099380c,7100993834
710066d714	710098439c,710144a490
710066d7e0	710098439c,710144a490
710066d960	710066d9f4,710066db1c,7100992a8c,7100992ab4,710099332c
710066d9f4	710066dc84,7100993024,71009931a8
710066db1c	7100608cac,71009836b4,7100992b6c,7100992b78,710099380c,7100993834
710066dc84	7100993024,7100993110
710066de60	710003ba60,710063fe94,710063fea8,710094bd5c,71009601ec,71009619e0,7100961b24,7100961b40,71009836b4,710144a5d0
710066e070	710060a664,710060a9cc,7100961a44
710066e0e8	710066e2d0,7100964b70,71009764b4,710144a490
710066e150	7100993840,71009939e0
710066e190	710092ab50,710092b198
710066e200	710092ad50,710092b25c
710066e22c	71009603c0,7100960560
710066e260	710019e940,71009603c0,7100960560
710066e2d0	710060a274,7100892430,71008931b8,710144a490
710066e6d0	710060a630,710066e764,7100992a8c,7100992ab4,710099332c,710099380c,7100993834
710066e764	710099333c,7100993350,710099338c,71009933c4
710066e8c4	710060a65c,710066e970,7100992a8c,7100992ab4,710099332c,710099380c,7100993834
710066e970	710099333c,7100993350,71009933c4
710066eabc	710060a664,710066e764,7100992a8c,7100992ab4,7100993024,710099332c,710099380c,7100993834
710066ebc8	710060a6b8,710066e970,7100992a8c,7100992ab4,710099332c,710099380c,7100993834
710066ec94	710060a6c0,710066e970,7100992a8c,7100992ab4,710099332c,710099380c,7100993834
710066ed60	710060a6c8,710063439c,710066e764,7100992a8c,7100992ab4,710099332c,710099380c,7100993834
710066ee70	710060a6d0,710066e764,7100992a8c,7100992ab4,710099332c,710099380c,7100993834
710066ef04	710060a6d8,710066e970,7100992a8c,7100992ab4,710099332c,710099380c,7100993834
710066efbc	710060a6e0,710066e764,7100992a8c,7100992ab4,7100993024,710099332c,710099380c,7100993834
710066f0d0	710066e764,710066f244,7100992a8c,7100992a98,7100992ab4,7100993470
710066f168	710060a6e8,71009836b4,710099380c,7100993834
710066f244	710060a704,71009836b4,7100992b6c,7100992b78,710099380c,7100993834
710066f39c	710098439c,710144a490
710066f470	710098439c,710144a490
710066f5f0	710066f684,710066f7ac,7100992a8c,7100992ab4,710099332c
710066f684	710066f914,7100993024,71009931a8
710066f7ac	710060a004,71009836b4,7100992b6c,7100992b78,710099380c,7100993834
710066f914	7100993024,7100993110
710066fb60	710003ba60,71004e4d78,71004e4d8c,7100644ed8,7100644eec,7100645298,71006452ac,7100647190,71006471a4,7100672fb8,7100672fcc,7100674110,7100674124,7100675540,7100675554,710094bd5c,71009601ec,71009619e0,7100961b24,7100961b40,71009836b4,710144a5d0
7100670c30	710060d100,710060e370,71006769a0,71006769d0
7100670c90	71009939e0
7100670cb0	710092ab50,710092b198
7100670d20	710092ad50,710092b25c
7100670d4c	71009603c0,7100960560,71009830f4
7100670db8	710019e940,71009603c0,7100960560,71009830f4
7100670e60	7100672fb8,7100672fcc,710092af2c,710092afb0,71009606d0,710096184c,7100961924
7100670fec	7100674110,7100674124,710092af2c,710092afb0,71009606d0,710096184c,7100961924
7100671178	7100675540,7100675554,710092af2c,710092afb0,71009606d0,710096184c,7100961924
7100671304	71009863e4,7100992a44
71006714f0	7100671d40,7100671edc,7100992ab4,7100993470
7100671544	71006720a0,710067223c,7100992ab4,7100993470
7100671598	7100672418,71006725b4,7100992ab4,7100993470
71006715fc	710060d89c,710067175c,7100992a8c,7100992ab4,7100993240,710099332c,710099380c,7100993834
710067175c	710099333c,7100993350,71009933c4
71006718a8	710060d8d0,71006719b0,7100671b10,7100992a8c,7100992ab4,710099332c,710099380c,7100993834
71006719b0	710099333c,7100993350,710099338c,71009933c4
7100671b10	7100993240
7100671c70	710060d900,710067175c,7100992a8c,7100992ab4,710099332c,710099380c,7100993834
7100671d40	710060d950,71006719b0,7100992a8c,7100992a98,710099380c,7100993834
7100671edc	710060dc74,71006719b0,7100992a8c,7100992a98,710099380c,7100993834
7100671fd0	710060d9a0,710067175c,7100992a8c,7100992ab4,710099332c,710099380c,7100993834
71006720a0	710060d9f0,71006719b0,7100992a8c,7100992a98,710099380c,7100993834
710067223c	710060dd48,71006719b0,7100992a8c,7100992a98,710099380c,7100993834
7100672348	710060da40,710067175c,7100992a8c,7100992ab4,710099332c,710099380c,7100993834
7100672418	710060da90,71006719b0,7100992a8c,7100992a98,710099380c,7100993834
71006725b4	710060de1c,71006719b0,7100992a8c,7100992a98,710099380c,7100993834
71006726c0	710060db78,710067175c,7100992a8c,7100992ab4,7100993024,710099332c,710099380c,7100993834
7100672800	710051eca4,710060dbf8,71006719b0,7100992a8c,7100992ab4,710099332c,710099380c,7100993834
7100672900	710060dcdc,71006719b0,7100992a8c,7100992ab4,7100993024,710099332c,710099380c,7100993834
7100672a7c	710060ddb0,71006719b0,7100992a8c,7100992ab4,7100993024,710099332c,710099380c,7100993834
7100672c20	710060de84,71006719b0,7100992a8c,7100992ab4,7100993024,710099332c,710099380c,7100993834
7100672e90	710098439c,710144a490
7100673300	7100611ed4,7100611eec,7100611f04,7100611f1c,7100611f34,7100611f4c,7100611f64,710092a820,7100961b24
7100673540	7100611ee0,7100611ef8,7100611f10,7100611f28,7100611f40,7100611f58,7100611f70,7100961a44
710067371c	71009836b4
7100673760	71009939e0
7100673780	710092ab50,710092b198
71006737f0	710092ad50,710092b25c
710067381c	71009603c0,7100960560
7100673850	710019e940,71009603c0,7100960560
71006738b8	71009863e4,7100992a44
7100673960	710060ee80,71009836b4,710144a490
7100673afc	710099333c,7100993350,71009933c4
7100673c48	7100673d58,7100992a8c,7100992ab4,7100993024,710099332c,710099380c,7100993834
7100673d58	710099333c,7100993350,710099338c,71009933c4
7100673eb8	710098439c,710144a490
7100673fa0	710098439c,710144a490
7100674740	71006119a4,71006119bc,71006119d4,71006119ec,7100611a04,7100611a1c,7100611a34,7100611a6c,7100611ac4,7100961a44
7100674958	71009836b4
7100674990	71009939e0
71006749b0	710092ab50,710092b198
7100674a20	710092ad50,710092b25c
7100674a4c	71009603c0,7100960560
7100674a80	710019e940,71009603c0,7100960560
7100674ae8	71009863e4,7100992a44
7100674bc8	710060ee94,71009836b4,710144a490
7100674d70	710099333c,7100993350,71009933c4
7100674ebc	7100674fcc,7100992a8c,7100992ab4,7100993024,710099332c,710099380c,7100993834
7100674fcc	710099333c,7100993350,710099338c,71009933c4
710067512c	7100674d70,7100992a8c,7100992ab4,710099332c,710099380c,7100993834
71006751e0	7100674fcc,7100992a8c,7100992ab4,7100993024,710099332c,710099380c,7100993834
71006753d0	710098439c,710144a490
7100675b80	7100611cc4,7100611cdc,7100611cf4,7100611d0c,7100611d24,7100611d3c,7100611d54,7100611d8c,7100611de4,7100961a44
7100675d98	71009836b4
7100675df0	71009939e0
7100675e10	710092ab50,710092b198
7100675e80	710092ad50,710092b25c
7100675eac	71009603c0,7100960560
7100675ee0	710019e940,71009603c0,7100960560
7100675f48	71009863e4,7100992a44
7100676028	710060eea8,71009836b4,710144a490
71006761d0	710099333c,7100993350,71009933c4
710067631c	710067642c,7100992a8c,7100992ab4,7100993024,710099332c,710099380c,7100993834
710067642c	710099333c,7100993350,710099338c,71009933c4
710067658c	71006761d0,7100992a8c,7100992ab4,710099332c,710099380c,7100993834
7100676640	710067642c,7100992a8c,7100992ab4,7100993024,710099332c,710099380c,7100993834
7100676830	710098439c,710144a490
71006769d0	71009830f4
7100677390	710060f7b0,710060f7fc,710060f848,710060f870,710060f890,710060f8b0,710060f8d0,710060f8f0,710060fecc,710060ff30,710060ffec,7100610050,7100610104,7100610138,710061016c,7100961a44
71006776d8	710060d100,710060fd90,71006769a0,71006769d0
7100677740	71009939e0
7100677760	710092ab50,710092b198
71006777d0	710092ad50,710092b25c
71006777fc	71009603c0,7100960560,71009830f4
7100677868	710019e940,71009603c0,7100960560,71009830f4
7100677910	71009863e4,7100992a44
7100677c60	710099333c,7100993350,71009933c4
7100677dac	710060f7b0,7100677eb8,7100992a8c,7100992ab4,7100993024,710099332c,710099380c,7100993834
7100677eb8	710099333c,7100993350,710099338c,71009933c4
7100678018	710060f7c8,7100677c60,7100992a8c,7100992ab4,710099332c,710099380c,7100993834
71006780c4	710060f7fc,7100677eb8,7100992a8c,7100992ab4,7100993024,710099332c,710099380c,7100993834
71006781d0	710060f814,7100677c60,7100992a8c,7100992ab4,710099332c,710099380c,7100993834
710067827c	710060f848,7100677eb8,7100992a8c,7100992ab4,7100993024,710099332c,710099380c,7100993834
7100678388	710060f860,7100677c60,7100992a8c,7100992ab4,710099332c,710099380c,7100993834
7100678440	710060f870,7100677eb8,7100992a8c,7100992ab4,7100993024,710099332c,710099380c,7100993834
7100678554	710060f880,7100677c60,7100992a8c,7100992ab4,710099332c,710099380c,7100993834
710067860c	710060f890,7100677eb8,7100992a8c,7100992ab4,7100993024,710099332c,710099380c,7100993834
7100678720	710060f8a0,7100677c60,7100992a8c,7100992ab4,710099332c,710099380c,7100993834
71006787d8	710060f8b0,7100677eb8,7100992a8c,7100992ab4,7100993024,710099332c,710099380c,7100993834
71006788ec	710060f8c0,7100677c60,7100992a8c,7100992ab4,710099332c,710099380c,7100993834
71006789a4	710060f8d0,7100677eb8,7100992a8c,7100992ab4,7100993024,710099332c,710099380c,7100993834
7100678ab8	710060f8e0,7100677c60,7100992a8c,7100992ab4,710099332c,710099380c,7100993834
7100678b70	710060f8f0,7100677eb8,7100992a8c,7100992ab4,7100993024,710099332c,710099380c,7100993834
7100678c84	710060f900,7100677c60,7100992a8c,7100992ab4,710099332c,710099380c,7100993834
7100678d3c	710098439c,710144a490
7100678e10	710098439c,710144a490
7100678f80	710003ba60,71004e4d78,71004e4d8c,710094bd5c,71009601ec,71009619e0,7100961b24,7100961b40,71009836b4,710144a5d0
71006795c0	7100610240,710061082c,7100610890,710061094c,71006109b0,7100610a64,7100610a98,7100610acc,7100610b24,7100961a44
71006797d4	710060d100,71006106f0,71006769a0,71006769d0
7100679840	71009939e0
7100679860	710092ab50,710092b198
71006798d0	710092ad50,710092b25c
71006798fc	71009603c0,7100960560,71009830f4
7100679968	710019e940,71009603c0,7100960560,71009830f4
7100679a10	71009863e4,7100992a44
7100679ba4	710099333c,7100993350,71009933c4
7100679cf0	7100610240,7100679e04,7100992a8c,7100992ab4,7100993024,710099332c,710099380c,7100993834
7100679e04	710099333c,7100993350,710099338c,71009933c4
7100679f64	7100610250,7100679ba4,7100992a8c,7100992ab4,710099332c,710099380c,7100993834
710067a01c	7100610260,7100679e04,7100992a8c,7100992ab4,7100993024,710099332c,710099380c,7100993834
710067a200	710098439c,710144a490
710067a990	7100610c18,7100610c64,7100610cb0,7100610cfc,7100610d9c,7100610dc0,7100610de0,7100610e00,71006114b8,7100611514,71006115d8,7100611634,71006116f8,710061172c,7100611760,7100611794,7100670fec,710092a820,7100961b24
710067b15c	710060d100,71006113b0,71006769a0,71006769d0
710067b1c0	71009939e0
710067b1e0	710092ab50,710092b198
710067b250	710092ad50,710092b25c
710067b27c	71009603c0,7100960560,71009830f4
710067b2e8	710019e940,71009603c0,7100960560,71009830f4
710067b390	71009863e4,7100992a44
710067b694	710067bfbc,710067c158,7100992ab4,7100993470
710067b718	7100610c18,710067b7c4,7100992a8c,7100992ab4,710099332c,710099380c,7100993834
710067b7c4	710099333c,7100993350,71009933c4
710067b910	7100610c4c,710067ba1c,7100992a8c,7100992ab4,7100993024,710099332c,710099380c,7100993834
710067ba1c	710099333c,7100993350,710099338c,71009933c4
710067bb7c	7100610c64,710067b7c4,7100992a8c,7100992ab4,710099332c,710099380c,7100993834
710067bc28	7100610c98,710067ba1c,7100992a8c,7100992ab4,7100993024,710099332c,710099380c,7100993834
710067bd34	7100610cb0,710067b7c4,7100992a8c,7100992ab4,710099332c,710099380c,7100993834
710067bde0	7100610ce4,710067ba1c,7100992a8c,7100992ab4,7100993024,710099332c,710099380c,7100993834
710067beec	7100610cfc,710067b7c4,7100992a8c,7100992ab4,710099332c,710099380c,7100993834
710067bfbc	7100610d4c,710067ba1c,7100992a8c,7100992a98,710099380c,7100993834
710067c158	7100610e60,710067ba1c,7100992a8c,7100992a98,710099380c,7100993834
710067c264	7100610d9c,710067b7c4,7100992a8c,7100992ab4,710099332c,710099380c,7100993834
710067c31c	7100610dac,710067ba1c,7100992a8c,7100992ab4,7100993024,710099332c,710099380c,7100993834
710067c430	7100610dc0,710067b7c4,7100992a8c,7100992ab4,710099332c,710099380c,7100993834
710067c4e8	7100610dd0,710067ba1c,7100992a8c,7100992ab4,7100993024,710099332c,710099380c,7100993834
710067c5fc	7100610de0,710067b7c4,7100992a8c,7100992ab4,710099332c,710099380c,7100993834
710067c6b4	7100610df0,710067ba1c,7100992a8c,7100992ab4,7100993024,710099332c,710099380c,7100993834
710067c7c8	7100610e00,710067b7c4,7100992a8c,7100992ab4,710099332c,710099380c,7100993834
710067c880	7100610e10,710067ba1c,7100992a8c,7100992ab4,7100993024,710099332c,710099380c,7100993834
710067c994	7100610e20,710067b7c4,7100992a8c,7100992ab4,710099332c,710099380c,7100993834
710067ca4c	7100610e30,710067ba1c,7100992a8c,7100992ab4,7100993024,710099332c,710099380c,7100993834
710067cb60	7100610e40,710067b7c4,7100992a8c,7100992ab4,710099332c,710099380c,7100993834
710067cc18	7100610e50,710067b7c4,7100992a8c,7100992ab4,710099332c,710099380c,7100993834
710067ccd0	7100610ec8,710067ba1c,7100992a8c,7100992ab4,7100993024,710099332c,710099380c,7100993834
710067cf40	710098439c,710144a490
710067d070	71009601ec,71009619e0,71009836b4
710067d100	7100993840
710067d120	710092ab50,710092b198
710067d180	710092ad50,710092b25c
710067d1ac	71009603c0,7100960560
710067d1e0	710019e940,71009603c0,7100960560
710067d248	71009863e4,7100992a44
710067d480	7100611b84,71009836b4,710144a490
710067d630	710099333c,7100993350,71009933c4
710067d77c	710067d884,7100992a8c,7100992ab4,7100993024,710099332c,710099380c,7100993834
710067d884	710099333c,7100993350,710099338c,71009933c4
710067d9e4	710067d630,7100992a8c,7100992ab4,710099332c,710099380c,7100993834
710067da8c	710067d884,7100992a8c,7100992ab4,7100993024,710099332c,710099380c,7100993834
710067db94	710067d630,7100992a8c,7100992ab4,710099332c,710099380c,7100993834
710067dc48	710067d884,7100992a8c,7100992ab4,7100993024,710099332c,710099380c,7100993834
710067dd58	710067d630,7100992a8c,7100992ab4,710099332c,710099380c,7100993834
710067de0c	710067d884,7100992a8c,7100992ab4,7100993024,710099332c,710099380c,7100993834
710067df1c	710067d630,7100992a8c,7100992ab4,710099332c,710099380c,7100993834
710067dfd0	710067d884,7100992a8c,7100992ab4,7100993024,710099332c,710099380c,7100993834
710067e0e0	710067d630,7100992a8c,7100992ab4,710099332c,710099380c,7100993834
710067e194	710067d884,7100992a8c,7100992ab4,7100993024,710099332c,710099380c,7100993834
710067e2a4	710067d630,7100992a8c,7100992ab4,710099332c,710099380c,7100993834
710067e358	710067d884,7100992a8c,7100992ab4,7100993024,710099332c,710099380c,7100993834
710067e468	710067d630,7100992a8c,7100992ab4,710099332c,710099380c,7100993834
710067e520	710098439c,710144a490
710067e600	710098439c,710144a490
710067ed70	7100612cf0,7100612d08,7100612d20,7100612d38,7100612d50,7100612d68,7100612d80,7100961a44
710067ef7c	71009836b4
710067efc0	71009939e0
710067efe0	710092ab50,710092b198
710067f050	710092ad50,710092b25c
710067f07c	71009603c0,7100960560
710067f0b0	710019e940,71009603c0,7100960560
710067f118	71009863e4,7100992a44
710067f1f8	7100612ae8,71009836b4,710144a490
710067f3a0	710099333c,7100993350,71009933c4
710067f4ec	710067f5fc,7100992a8c,7100992ab4,7100993024,710099332c,710099380c,7100993834
710067f5fc	710099333c,7100993350,710099338c,71009933c4
710067f75c	710067f3a0,7100992a8c,7100992ab4,710099332c,710099380c,7100993834
710067f810	710067f5fc,7100992a8c,7100992ab4,7100993024,710099332c,710099380c,7100993834
710067fa00	710098439c,710144a490
7100680030	7100611fdc,7100612028,71006120c8,7100612788,71006127e4,71006128a8,7100612904,71006129c8,71006129fc,7100612a30,7100612a64,7100680840,710092a820,7100961b24
7100680340	7100612010,7100612078,71006120d8,71006127bc,7100612820,71006128dc,7100612940,71006129f4,7100612a28,7100612a5c,7100612ab4,710067e770,710067e784,7100960a9c,7100961a44
7100680608	710060d100,7100612680,71006769a0,71006769d0
7100680670	71009939e0
7100680690	710092ab50,710092b198
7100680700	710092ad50,710092b25c
710068072c	71009603c0,7100960560,71009830f4
7100680798	710019e940,71009603c0,7100960560,71009830f4
7100680840	710067e770,710067e784,710092af2c,710092afb0,71009606d0,710096184c,7100961924
71006809cc	71009863e4,7100992a44
7100680b84	7100681124,71006812c0,7100992ab4,7100993470
7100680bf0	7100611fdc,7100680c9c,7100992a8c,7100992ab4,710099332c,710099380c,7100993834
7100680c9c	710099333c,7100993350,71009933c4
7100680de8	7100612010,7100680ef4,7100992a8c,7100992ab4,7100993024,710099332c,710099380c,7100993834
7100680ef4	710099333c,7100993350,710099338c,71009933c4
7100681054	7100612028,7100680c9c,7100992a8c,7100992ab4,710099332c,710099380c,7100993834
7100681124	7100612078,7100680ef4,7100992a8c,7100992a98,710099380c,7100993834
71006812c0	7100612128,7100680ef4,7100992a8c,7100992a98,710099380c,7100993834
71006813cc	71006120c8,7100680c9c,7100992a8c,7100992ab4,710099332c,710099380c,7100993834
7100681484	71006120d8,7100680ef4,7100992a8c,7100992ab4,7100993024,710099332c,710099380c,7100993834
7100681598	71006120e8,7100680c9c,7100992a8c,7100992ab4,710099332c,710099380c,7100993834
7100681650	71006120f8,7100680ef4,7100992a8c,7100992ab4,7100993024,710099332c,710099380c,7100993834
7100681764	7100612108,7100680c9c,7100992a8c,7100992ab4,710099332c,710099380c,7100993834
710068181c	7100612118,7100680c9c,7100992a8c,7100992ab4,710099332c,710099380c,7100993834
71006818d4	7100612190,7100680ef4,7100992a8c,7100992ab4,7100993024,710099332c,710099380c,7100993834
7100681b40	710098439c,710144a490
71006823b0	7100612e1c,7100612e84,7100612ee4,710061357c,71006135e0,710061369c,7100613700,71006137b4,71006137e8,710061381c,7100675540,7100675554,7100960a9c,7100961a44
7100682654	710060d100,7100613440,71006769a0,71006769d0
71006826c0	71009939e0
71006826e0	710092ab50,710092b198
7100682750	710092ad50,710092b25c
710068277c	71009603c0,7100960560,71009830f4
71006827e8	710019e940,71009603c0,7100960560,71009830f4
7100682890	71009863e4,7100992a44
71006829d0	7100682f60,71006830fc,7100992ab4,7100993470
7100682a2c	7100612de8,7100682ad8,7100992a8c,7100992ab4,710099332c,710099380c,7100993834
7100682ad8	710099333c,7100993350,71009933c4
7100682c24	7100612e1c,7100682d30,7100992a8c,7100992ab4,7100993024,710099332c,710099380c,7100993834
7100682d30	710099333c,7100993350,710099338c,71009933c4
7100682e90	7100612e34,7100682ad8,7100992a8c,7100992ab4,710099332c,710099380c,7100993834
7100682f60	7100612e84,7100682d30,7100992a8c,7100992a98,710099380c,7100993834
71006830fc	7100612ef4,7100682d30,7100992a8c,7100992a98,710099380c,7100993834
7100683208	7100612ed4,7100682ad8,7100992a8c,7100992ab4,710099332c,710099380c,7100993834
71006832c0	7100612ee4,7100682d30,7100992a8c,7100992ab4,7100993024,710099332c,710099380c,7100993834
71006833d4	7100612f5c,7100682d30,7100992a8c,7100992ab4,7100993024,710099332c,710099380c,7100993834
7100683640	710098439c,710144a490
7100683770	7100993840
7100683874	71009863e4,7100992a50
7100683950	71009836b4,710144a490,710144a580
7100683a74	7100683e64,7100992ab4,710099343c
7100683b48	71005618e0,7100683e64,7100992ab4
7100683bb8	7100683e64,7100992ab4,710099343c
7100683c8c	7100683e64,7100992ab4,7100993020
7100683d38	7100683e64,7100992ab4,710099343c
7100683e64	710099333c,7100993350,710099338c,71009933c4
7100683fc4	710098439c,710144a490
7100684134	71009836b4,710144a490
710068425c	7100684474,7100992ab4,710099343c
7100684330	71005618e0,7100684474,7100992ab4
71006843a0	7100684474,7100992ab4,710099343c
7100684474	710099333c,7100993350,710099338c,71009933c4
71006845d4	710098439c,710144a490
710068476c	71009836b4,710144a490,710144a580
7100684890	7100684c80,7100992ab4,710099343c
7100684964	71005618e0,7100684c80,7100992ab4
71006849d4	7100684c80,7100992ab4,710099343c
7100684aa8	7100684c80,7100992ab4,7100993020
7100684b54	7100684c80,7100992ab4,710099343c
7100684c80	710099333c,7100993350,710099338c,71009933c4
7100684de0	710098439c,710144a490
7100684f50	71009836b4,710144a490
7100685078	7100685290,7100992ab4,710099343c
710068514c	71005618e0,7100685290,7100992ab4
71006851bc	7100685290,7100992ab4,710099343c
7100685290	710099333c,7100993350,710099338c,71009933c4
71006853f0	710098439c,710144a490
7100685560	71009836b4,710144a490
7100685688	71006858a0,7100992ab4,710099343c
710068575c	71005618e0,71006858a0,7100992ab4
71006857cc	71006858a0,7100992ab4,710099343c
71006858a0	710099333c,7100993350,710099338c,71009933c4
7100685a00	710098439c,710144a490
7100685b98	71009836b4,710144a490
7100685ce8	71006860c0,7100992ab4,710099343c
7100685dbc	71005618e0,71006860c0,7100992ab4
7100685e2c	71006860c0,7100992ab4,710099343c
7100685f00	71006860c0,7100992ab4,7100993020
7100685fac	71006860c0,7100992ab4,710099343c
71006860c0	710099333c,7100993350,710099338c,71009933c4
7100686220	710098439c,710144a490
7100686368	71009836b4,710144a490
7100686488	710068655c,7100992ab4,710099343c
710068655c	710099333c,7100993350,710099338c,71009933c4
71006866bc	71009836b4,7100992b6c,7100992b78
7100686800	710098439c,710144a490
71006868c0	7100993840
71006868d4	71009863e4,7100992a44
7100686cf8	71006871c4,710068725c,71006873bc,7100992a8c,7100992a98
7100686d84	710068773c,7100687b0c,7100687ed0,71006882a0,7100992ab4,7100993470
7100686dec	710068844c,71006888c4,7100992ab4,7100993470
7100686e3c	7100688a70,7100688f24,71006892dc,71006896c0,710068986c,7100992ab4,7100993470
7100686ec4	710068a188,710068a270,7100992ab4,7100993470
7100686f3c	710068b49c,710068b89c,7100992ab4,7100993470
7100686f8c	710068bc50,710068bedc,7100992ab4,7100993470
7100686fdc	710068c134,710068c574,7100992ab4,7100993470
710068702c	710068c978,710068cc20,7100992ab4,7100993470
710068707c	710068ce94,710068d13c,7100992ab4,7100993470
71006870cc	710068d3b0,710068d63c,7100992ab4,7100993470
710068711c	710068d894,710068dd04,7100992ab4,7100993470
710068716c	710068e134,710068e1c8,7100992ab4,7100993470
71006871c4	7100687514,7100687660,7100992a8c,7100992a98,7100992ab4,7100993470
710068725c	710099333c,7100993350,710099338c,71009933c4
71006873bc	7100615154,71009836b4,7100992b6c,7100992b78,710099380c,7100993834
7100687514	710099333c,7100993350,71009933c4
7100687660	7100615f08,71009836b4,710099380c,7100993834
710068773c	7100614efc,710068725c,7100687844,71006879e4,7100992a8c,7100992a98,710099380c,7100993834
71006879e4	71009836b4,7100992b6c,7100992b78
7100687b0c	71006152e0,710068725c,71006879e4,7100687c44,7100992a8c,7100992a98,710099380c,7100993834
7100687c44	7100687d84
7100687ed0	71006154bc,710068725c,71006879e4,7100688010,7100992a8c,7100992a98,710099380c,7100993834
7100688010	710068817c
71006882a0	710061509c,710068725c,71006879e4,7100992a8c,7100992a98,710099380c,7100993834
710068844c	71006156a8,710068725c,71006885b4,710068879c,7100992a8c,7100992a98,710099380c,7100993834
71006885b4	7100992af0
710068879c	71009836b4,7100992b6c,7100992b78
71006888c4	7100615830,710068725c,710068879c,7100992a8c,7100992a98,710099380c,7100993834
7100688a70	71006158e8,710068725c,7100688bb4,7100688dfc,7100992a8c,7100992a98,710099380c,7100993834
7100688bb4	7100688cf4
7100688dfc	71009836b4,7100992b6c,7100992b78
7100688f24	7100615b20,710068725c,7100688dfc,7100689078,7100992a8c,7100992a98,710099380c,7100993834
7100689078	71006891b8
71006892dc	7100615c70,710068725c,7100688dfc,7100689438,7100992a8c,7100992a98,710099380c,7100993834
7100689438	71006895a4
71006896c0	7100615a28,710068725c,7100688dfc,7100992a8c,7100992a98,710099380c,7100993834
710068986c	7100615dc8,710068725c,7100688dfc,7100689984,7100992a8c,7100992a98,710099380c,7100993834
7100689b50	7100615e98,7100687514,7100992a8c,7100992ab4,7100993024,710099332c,710099380c,7100993834
7100689cbc	7100616094,710068725c,7100992a8c,7100992ab4,7100993024,710099332c,710099380c,7100993834
7100689dfc	7100616104,710068725c,7100992a8c,7100992ab4,7100993024,710099332c,710099380c,7100993834
7100689f3c	7100616180,710068725c,7100992a8c,7100992ab4,7100993024,710099332c,710099380c,7100993834
710068a048	71006161fc,710068725c,7100992a8c,7100992ab4,7100993024,710099332c,710099380c,7100993834
710068a188	7100616270,710068725c,7100992a8c,7100992a98,710099380c,7100993834
710068a270	71006162e8,710068725c,7100992a8c,7100992a98,710099380c,7100993834
710068a304	7100616338,7100687514,7100992a8c,7100992ab4,7100993024,710099332c,710099380c,7100993834
710068a438	71006163a0,710068725c,7100992a8c,7100992ab4,7100993024,710099332c,710099380c,7100993834
710068a5a0	710061640c,710068725c,7100992a8c,7100992ab4,7100993024,710099332c,710099380c,7100993834
710068a760	710061648c,7100687514,7100992a8c,7100992ab4,7100993024,710099332c,710099380c,7100993834
710068a894	7100618220,710068725c,7100992a8c,7100992ab4,7100993024,710099332c,710099380c,7100993834
710068aa04	7100618298,7100687514,7100992a8c,7100992ab4,710099332c,710099380c,7100993834
710068aab8	71006182f8,710068725c,7100992a8c,7100992ab4,7100993024,7100993110,710099332c,710099380c,7100993834
710068abfc	710061835c,710068725c,7100992a8c,7100992ab4,7100993024,710099332c,710099380c,7100993834
710068ad08	71006183c0,7100687514,710068aed0,71009836b4,710098439c,7100992a8c,7100992ab4,710099332c,710099380c,7100993834
710068aed0	71006554d0,7100993024,7100993110,71009954c0,710099553c
710068b150	7100618490,7100687514,710068b304,71009836b4,710098439c,7100992a8c,7100992ab4,710099332c,710099380c,7100993834
710068b304	7100993024,7100993110
710068b49c	710068725c,710068b57c,710068b6f0,7100992a8c,7100992a98
710068b57c	7100992af0
710068b6f0	71006164f4,71009836b4,7100992b6c,7100992b78,710099380c,7100993834
710068b89c	710068725c,710068b98c,710068bae8,7100992a8c,7100992a98
710068bae8	71006167e0,71009836b4,7100992b6c,7100992b78,710099380c,7100993834
710068bc50	710068725c,710068b57c,710068bd30,7100992a8c,7100992a98
710068bd30	7100616948,71009836b4,7100992b6c,7100992b78,710099380c,7100993834
710068bedc	710068725c,710068b98c,710068bfcc,7100992a8c,7100992a98
710068bfcc	7100616c30,71009836b4,7100992b6c,7100992b78,710099380c,7100993834
710068c134	710068725c,710068c214,710068c3ac,7100992a8c,7100992a98
710068c214	7100992af0
710068c3ac	7100616d98,71009836b4,7100992b6c,7100992b78,710099380c,7100993834
710068c574	710068725c,710068c664,710068c7f4,7100992a8c,7100992a98
710068c7f4	71006170c0,71009836b4,7100992b6c,7100992b78,710099380c,7100993834
710068c978	710068725c,710068c214,710068ca58,7100992a8c,7100992a98
710068ca58	7100617268,71009836b4,7100992b6c,7100992b78,710099380c,7100993834
710068cc20	710068725c,710068c664,710068cd10,7100992a8c,7100992a98
710068cd10	7100617590,71009836b4,7100992b6c,7100992b78,710099380c,7100993834
710068ce94	710068725c,710068c214,710068cf74,7100992a8c,7100992a98
710068cf74	7100617738,71009836b4,7100992b6c,7100992b78,710099380c,7100993834
710068d13c	710068725c,710068c664,710068d22c,7100992a8c,7100992a98
710068d22c	7100617a60,71009836b4,7100992b6c,7100992b78,710099380c,7100993834
710068d3b0	710068725c,710068b57c,710068d490,7100992a8c,7100992a98
710068d490	7100617c08,71009836b4,7100992b6c,7100992b78,710099380c,7100993834
710068d63c	710068725c,710068b98c,710068d72c,7100992a8c,7100992a98
710068d72c	7100617ef0,71009836b4,7100992b6c,7100992b78,710099380c,7100993834
710068d894	710068725c,710068da0c,710068dbc0,7100992a8c,7100992a98,7100992af0
710068da0c	7100618058,71009836b4,7100992b6c,7100992b78,710099380c,7100993834
710068dbc0	7100992af0
710068dd04	710068725c,710068de70,710068dfec,7100992a8c,7100992a98
710068de70	710061813c,71009836b4,7100992b6c,7100992b78,710099380c,7100993834
710068e134	71006185d0,710068725c,7100992a8c,7100992a98,710099380c,7100993834
710068e1c8	710061863c,710068725c,7100992a8c,7100992a98,710099380c,7100993834
710068e2bc	710068725c,7100992a8c,7100992ab4,7100993024,710099332c,710099380c,7100993834
710068e3c4	7100687514,7100992a8c,7100992ab4,710099332c,710099380c,7100993834
710068e46c	7100614e8c,710098439c,710144a490
710068e660	71009939e0
710068e680	71009863e4,7100992a44
710068e97c	710099333c,7100993350,71009933c4
710068eac8	7100624f38,710068ec0c,7100992a8c,7100992ab4,7100993024,7100993110,710099332c,710099380c,7100993834
710068ec0c	710099333c,7100993350,710099338c,71009933c4
710068ed6c	71004fac48,7100624f98,710068ec0c,7100992a8c,7100992ab4,7100993024,7100993240,710099332c,710099380c,7100993834
710068ef1c	71004fac48,7100624fa0,710068ec0c,7100992a8c,7100992ab4,7100993240,710099332c,710099380c,7100993834
710068f050	7100624fa8,710068ec0c,7100992a8c,7100992ab4,710099332c,710099380c,7100993834
710068f0e4	71004fac48,7100624fb0,710068e97c,7100992a8c,7100992ab4,7100993240,710099332c,710099380c,7100993834
710068f244	7100624fb8,710068e97c,7100992a8c,7100992ab4,7100993024,710099332c,710099380c,7100993834
710068f378	7100624fc0,710068ec0c,7100992a8c,7100992ab4,7100993024,710099332c,710099380c,7100993834
710068f4e0	7100624fc8,710068ec0c,7100992a8c,7100992ab4,7100993024,710099332c,710099380c,7100993834
710068f6a0	7100624fd0,710068e97c,7100992a8c,7100992ab4,7100993024,710099332c,710099380c,7100993834
710068f7d4	7100624fd8,710068ec0c,7100992a8c,7100992ab4,7100993024,710099332c,710099380c,7100993834
710068f944	7100625da8,710068ec0c,7100992a8c,7100992ab4,7100993024,710099332c,710099380c,7100993834
710068fa50	7100624fe8,710068aed0,710068e97c,71009836b4,710098439c,7100992a8c,7100992ab4,710099332c,710099380c,7100993834
710068fc18	71006252e0,710068b304,710068e97c,71009836b4,710098439c,7100992a8c,7100992ab4,710099332c,710099380c,7100993834
710068feb0	710098439c,710144a490
7100690020	7100993840
7100690034	71009863e4,7100992a50
71006903bc	7100008490,71009836b4,710144a490,710144a580
7100690584	7100007e40,71006919a4,7100992ab4,710099343c
7100690684	71006919a4,7100992ab4
71006906fc	71006919a4,7100992ab4,710099343c
7100690774	71006919a4,7100992ab4
71006907ec	71006919a4,7100992ab4,710099343c
7100690864	71006919a4,7100992ab4
71006908dc	71006919a4,7100992ab4,710099343c
7100690954	71006919a4,7100992ab4
71006909cc	71006919a4,7100992ab4,710099343c
7100690aa4	71006919a4,7100992ab4
7100690b1c	71006919a4,7100992ab4,710099343c
7100690bf4	71006919a4,7100992ab4
7100690c6c	71006919a4,7100992ab4,710099343c
7100690ce4	71006919a4,7100992ab4
7100690d5c	71006919a4,7100992ab4,710099343c
7100690dd4	71006919a4,7100992ab4
7100690e4c	71006919a4,7100992ab4,710099343c
7100690ec4	71006919a4,7100992ab4
7100690f3c	71006919a4,7100992ab4,710099343c
7100690fb4	71006919a4,7100992ab4
710069102c	71006919a4,7100992ab4,710099343c
71006910f8	71006919a4,7100992ab4
7100691170	71006919a4,7100992ab4,710099343c
710069123c	71006919a4,7100992ab4
71006912b4	71006919a4,7100992ab4,710099343c
710069132c	71006919a4,7100992ab4,7100993020
71006913bc	71006919a4,7100992ab4,710099343c
7100691434	71006919a4,7100992ab4
71006914ac	71006919a4,7100992ab4,710099343c
7100691524	7100650458,71006919a4,7100992ab4
7100691594	71006919a4,7100992ab4,710099343c
7100691668	71005618e0,71006919a4,7100992ab4
71006916d8	71006919a4,7100992ab4,710099343c
71006917ac	71006919a4,7100992ab4,7100993020
710069183c	71006919a4,7100992ab4,710099343c
71006918b4	71006919a4,7100992ab4
710069192c	71006919a4,7100992ab4,710099343c
71006919a4	710099333c,7100993350,710099338c,71009933c4
7100691b04	7100602694,710098439c,710144a490
7100691bc0	7100993840
7100691bd4	71009863e4,7100992a50
7100691dbc	7100008490,71009836b4,710144a490
7100691fec	7100007e40,7100692a34,7100992ab4,710099343c
71006920ec	7100692a34,7100992ab4
7100692164	7100692a34,7100992ab4,710099343c
71006921dc	7100692a34,7100992ab4
7100692254	7100692a34,7100992ab4,710099343c
71006922cc	7100692a34,7100992ab4
7100692344	7100692a34,7100992ab4,710099343c
71006923bc	7100692a34,7100992ab4,7100993020
710069244c	7100692a34,7100992ab4,710099343c
71006924c4	7100692a34,7100992ab4
710069253c	7100692a34,7100992ab4,710099343c
71006925b4	7100650458,7100692a34,7100992ab4
7100692624	7100692a34,7100992ab4,710099343c
71006926f8	71005618e0,7100692a34,7100992ab4
7100692768	7100692a34,7100992ab4,710099343c
710069283c	7100692a34,7100992ab4,7100993020
71006928cc	7100692a34,7100992ab4,710099343c
7100692944	7100692a34,7100992ab4
71006929bc	7100692a34,7100992ab4,710099343c
7100692a34	710099333c,7100993350,710099338c,71009933c4
7100692b94	7100602694,710098439c,710144a490
7100692c48	71006b26c8
7100692c7c	71006b26f8,71009830f4
7100692ccc	7100692d30,710086183c
7100692d30	71009830f0,71009830f4,710144a580,710144a6a0
7100693490	71006937d0,71008de540,71009836b4,710144a490
7100693700	7100693490,7100962540,7100964b70,71009764b4,710144a590
71006937d0	710076e74c,710076e804,710076e910,710076f02c,71007729bc,7100811758,71008d692c,71008defe4,71009836b4,710098439c
71006939a8	710081178c,71008defe4,710098439c
7100693a34	710019e940,71006939a8
7100693a74	710076ed68
7100693ba4	71006939a8,710098439c
7100693c8c	7100000280,71009911e0,710144a3f0,710144a400,710144a490
7100693d38	71006bc66c
7100693d94	71004f5120,710081182c,71008d67b4
7100693eb4	7100694040,71008de540,71009836b4
7100693fd0	7100693eb4,7100962540,710144a590
7100694040	710076f02c,71007729bc,710077520c,710077526c,7100775330,7100811758,71008d692c,71008defe4,71009836b4,710098439c
71006941f0	710081178c,71008defe4,710098439c
710069427c	710019e940,71006941f0
71006942bc	71006941f0,710098439c
71006943a4	7100000280,71009911e0,710144a3f0,710144a400,710144a490
7100694450	71006bc66c
71006944ac	71004f5120,710081182c,71008d67b4
71006945d0	7100694970,71008de540,71009836b4,710144a490
7100694898	71006945d0,7100962540,7100964b70,71009764b4,710144a590
7100694970	7100694d18,71006ae678,71006b2490,710076f02c,710076f034,710076f158,710076f2f0,71007729bc,7100811758,71008d67b4,71008d692c,71008defe4,71009836b4,710098439c,710144a490
7100694d18	7100695660,71006b1d70,710144a590
7100694e50	710081178c,71008defe4,71009830f4,710098439c
7100694f78	710019e940,7100694e50
7100694fc0	71009830f0,71009830f4,710144a590,710144a5c0,710144a6a0
7100695344	7100694e50,710098439c
710069542c	7100000280,71009911e0,710144a3f0,710144a400,710144a490
71006954d8	71006bc66c
7100695534	71004f5120,710081182c,71008d67b4
7100695660	71009830f0,71009830f4,710144a6a0
71006957c0	7100695bb0,71008de540,71009836b4,710144a490
7100695ae0	71006957c0,7100962540,7100964b70,71009764b4,710144a590
7100695bb0	710076f02c,71007729bc,7100775d50,7100775e30,7100775f70,7100811758,71008d692c,71008defe4,71009836b4,710098439c
7100695d88	710081178c,71008defe4,710098439c
7100695e14	710019e940,7100695d88
7100695ea0	71009830f0,71009830f4,710144a6a0
7100696094	7100695d88,710098439c
710069617c	7100000280,71009911e0,710144a3f0,710144a400,710144a490
7100696228	71006bc66c
7100696284	71004f5120,710081182c,71008d67b4
71006963b0	71006967a4,71008de540,71009836b4,710144a490
71006966d4	71006963b0,7100962540,7100964b70,71009764b4,710144a590
71006967a4	710076f02c,71007729bc,710077bd74,710077be60,710077bf70,7100811758,71008d692c,71008defe4,71009836b4,710098439c
7100696998	710081178c,71008defe4,710098439c
7100696a24	710019e940,7100696998
7100696a64	710077c264
7100696d10	71006dd77c,710077c264,710077c908
7100696e2c	7100696998,710098439c
7100696f1c	7100000280,71009911e0,710144a3f0,710144a400,710144a490
7100696fc8	71006bc66c
7100697050	71004f5120,710081182c,71008d67b4
71006970e0	7100697590,71008de540,71008defe4,71009836b4,710144a490
7100697460	71006970e0,7100962540,7100964b70,71009764b4,710144a590
7100697590	71006967a4,7100811758
7100697620	7100696998,710081178c
7100697650	710019e940,7100697620
7100697674	7100696a5c
7100697718	7100696c20
710069775c	7100696c40
710069779c	7100696cf4
71006977d8	7100696cfc
7100697800	7100697620,710098439c
710069787c	7100696ed0
71006978f8	7100696fc8
7100697928	71004f5120,710081182c,71008d67b4
710069799c	71004f5120,710081182c,71008d67b4
7100697ac0	7100697d10,71009836b4,710144a490
7100697c9c	7100697ac0,7100964b70,71009764b4
7100697d10	7100697e70,71008122a8,710144a490
7100697e70	7100699c74,71009830f0,71009830f4,710144a6a0
7100697f20	7100812450,71009830f4
7100697f5c	710019e940,7100697f20
7100697f80	71009830f0,71009830f4,710144a6a0
710069808c	7100697f80,7100698160,710144a590
7100698160	71006dd34c,710144a490
71006982b0	71004f5120,71006dd3c0,710144a490
710069845c	7100697f20,710098439c
7100698490	7100698600,7100698f4c
7100698600	7100693a6c,7100693a74,7100693af0,7100698600,7100698f4c,710080af08,710080af14,710080af20,710080af2c,710080bc0c,7100812438,710144a6a0
7100698f4c	7100697e70,710069a3a0,71009830f4,710144a510,710144a5d0,710144a6a0
7100699430	7100226a00,71006982b0,71006e1328,71006e133c,710092af2c,71009606d0,7100961924,71009830f4
7100699520	7100697f80,7100698160,7100699a40,71006e1328,71006e133c,7100901f5c,710092d81c,710092d824,7100960840,7100960ba0,71009830f4,710144a490,710144a510,710144a590,710144a640,710144a6a0
7100699a40	71008e7e20,71008e8914,71009830f4,710144a590,710144a5c0,710144a640
7100699bc8	7100000280,71009911e0,710144a3f0,710144a400,710144a490
7100699c74	7100699e30,710144a510
710069a630	710069a880,71009836b4,710144a490
710069a80c	710069a630,7100964b70,71009764b4
710069a880	7100697e70,710069fb50,71008122a8,71009830f0,71009830f4,710144a490,710144a6a0
710069b038	7100812450,71009830f4
710069b0f0	710019e940,710069b038
710069b1a0	71009830f0,71009830f4,710144a6a0
710069b304	710069b390,710069b4c0
710069b390	710069f910,710144a490
710069b4c0	7100088b60,710144a490
710069b5f0	710069b390,710069b4c0
710069b668	710069b390,710069b4c0
710069b700	710069b390,710069b4c0
710069b770	710069b1a0,710069b390,710069b4c0,710069b8a0
710069b8a0	710069fa30,710144a490
710069b9d0	710069b390,710069b4c0,710144a580,710144a760
710069baa0	71002b8c68,710144a490,710144a590
710069bcec	710069b038,710098439c
710069bf8c	7100697e70,71009830f4,710144a5d0,710144a6a0
710069c0f0	710069c0f0,710069ca90,710069cd40,710069d060,710080af08,710080af14,710080af20,710080af2c,710080bc0c,7100812438,710144a6a0
710069c310	7100694fb0,7100694fc0,7100695290,710069d910
710069c5b0	710069e410,7100816bf4,7100816c48
710069ca90	71006947e8,7100694fc0,710069527c,710069d480,71009830f0,71009830f4,710144a6a0
710069cd40	710069c0f0,710069d630,710069f870,710080af14,710080af20,710080af38,710080b7dc,710080b7e4,7100812438,71009836b4
710069d060	7100698f4c,710069c0f0,710080af14,710080af20
710069d480	71009830f0,71009830f4,710144a6a0
710069d630	710069e610
710069d910	710069da50,710069e2ec,710144a640
710069e610	71009830f0,71009830f4,710144a490,710144a6a0
710069e800	710050c400,710053d210,710053d7a0,71006e68a0,71008e887c,710092aec4,710092af2c,71009606b0,7100967024,71009670c8,71009830f0,71009830f4,710144a490,710144a510,710144a590,710144a6a0
710069ef30	710069b9d0,710069fdf0,71006e68a0,71006e68b4,710092d81c,710092d824,7100933ea4,7100960840,7100960ba0,710144a490,710144a640,710144a6a0
710069f240	7100226a00,710069baa0,71006e3b10,71006e3b24,710092af2c,71009606d0,7100961924,71009830f4
710069f370	7100699a40,710069b770,71006e3b10,71006e3b24,7100901f5c,710092d81c,710092d824,7100960840,7100960ba0,71009830f4,710144a590,710144a640
710069f7ac	7100000280,71009911e0,710144a3f0,710144a400,710144a490
710069f870	710098439c
710069f910	710144a590,710144a5c0
710069fa30	710144a590,710144a5c0
710069fb50	71009830f0,71009830f4,710144a6a0
710069fdf0	710050c400,710144a5c0
71006a0040	71006a0290,71009836b4,710144a490
71006a021c	71006a0040,7100964b70,71009764b4
71006a0290	7100697e70,71006a07f0,71006a0920,71006a3050,71006a3148,71008122a8,71009830f0,71009830f4,71009836b4,710098439c,710144a490,710144a6a0
71006a07f0	710069fb50,71009830f0,71009830f4,710144a490,710144a6a0
71006a0920	71009830f0,71009830f4,710144a6a0
71006a0ae4	71006a3148,7100812450,71009830f4,710098439c
71006a0ba8	710019e940,71006a0ae4
71006a0c50	71009830f0,71009830f4,710144a6a0
71006a0d70	71006a0de0
71006a0de0	71006a3ea0,710144a490
71006a0f08	71006a0de0
71006a0f60	71006a0c50,71006a3ea0,71006a3fc0,710144a490
71006a1130	71006a3ea0,71006a3fc0,710144a490
71006a12f0	71002b8c68,710144a490,710144a590
71006a14fc	71006a0ae4,710098439c
71006a1790	71006a1790,71006a2060,71006a2380,71006a24a0,71006a27c0,710080af08,710080af14,710080af20,710080af2c,710080bc0c,7100812438,710144a6a0
71006a1a40	7100695e4c,7100695e54,7100695fe0,71007769c0,7100776a40,7100776c80
71006a2060	7100695a30,7100695e54,7100695ea0,71009830f0,71009830f4,710144a510,710144a6a0
71006a2380	71006a1790,71006a2be0,710080af14,710080af20
71006a24a0	71006a1790,71006a2d00,71006a40f4,710080af14,710080af20,710080af38,710080b7dc,710080b7e4,7100812438,71009836b4
71006a27c0	7100698f4c,71006a1790,710080af14,710080af20
71006a2be0	7100697e70,710144a6a0
71006a2d00	71006a2ef0
71006a2ef0	71009830f0,71009830f4,710144a490,710144a6a0
71006a3050	7100776874,71007768ec,71009836b4
71006a3148	710098439c
71006a3160	71006a33b4,71006e68a0,710092aec4,710092af2c,71009606b0,710144a490
71006a33b4	710053d0bc,710053d7a0,71006a42ac,71008e887c,7100967024,71009670c8,71009830f4
71006a34a0	710069fdf0,71006a0de0,71006e68a0,71006e68b4,710092d81c,710092d824,7100933ea4,7100960840,7100960ba0,710144a490,710144a640,710144a6a0
71006a3840	7100226a00,71006a12f0,71006e5f38,71006e5f4c,710092af2c,71009606d0,7100961924,71009830f4
71006a3960	7100699a40,71006a0f60,71006e5f38,71006e5f4c,7100901f5c,710092d81c,710092d824,7100960840,7100960ba0,71009830f4,710144a590,710144a640
71006a3de8	7100000280,71009911e0,710144a3f0,710144a400,710144a490
71006a3ea0	710144a590,710144a5c0
71006a3fc0	710144a590,710144a5c0
71006a40f4	710098439c
71006a42ac	710050c400,71009830f0,710144a510,710144a590,710144a6a0
71006a43b0	71006a4600,71009836b4,710144a490
71006a458c	71006a43b0,7100964b70,71009764b4
71006a4600	7100697e70,710069fb50,71006a8594,71006a85d4,71006a8648,71006a91b0,71006a9350,71008122a8,7100816a74,7100816ce4,71009830f0,71009830f4,71009836b4,710098439c,710144a490,710144a5d0,710144a6a0
71006a4cb0	71006a8648,7100812450,7100816a74,7100816ce4,71009830f4,710098439c
71006a4de4	710019e940,71006a4cb0
71006a4f0c	71006a4f58
71006a4f58	71006a5060,710144a580
71006a4fc8	71006a4f58
71006a500c	71006a5060
71006a5060	71006dd340,710144a490
71006a51a8	71006a5060
71006a51e0	71006a4f58
71006a521c	71006a5060
71006a5258	71006a4cb0,710098439c
71006a5fc4	71006a7950,71006dd6b4,71006dd6f4
71006a67fc	71006dd6b4,71006dd6f4,7100893ee0,7100893f60,7100894ad0
71006a76d0	7100697e70,710144a6a0
71006a7950	7100696c20,7100696cf4,7100696cfc,7100697718,710069779c,71006977d8
71006a841c	71006a9530,7100816a68,7100816ca0,710144a490
71006a85d4	710077f898,710077f8c8,71009836b4
71006a8648	710098439c
71006a8660	71006a88a8,71006dd334,71006dd3c0,71006e68a0,710092aec4,710092af2c,71009606b0,710144a490
71006a88a8	710053d0bc,710053d7a0,71006a9740,71008e887c,7100967024,71009670c8,71009830f4
71006a89a0	710069fdf0,71006a5060,71006e68a0,71006e68b4,710092d81c,710092d824,7100933ea4,7100960840,7100960ba0,710144a490,710144a640,710144a6a0
71006a8ce0	71004f5120,71006dd3c0,710144a490
71006a8ea0	71006dd340,710144a490
71006a904c	7100000280,71009911e0,710144a3f0,710144a400,710144a490
71006a9110	710098439c
71006a91b0	71009830f0,71009830f4,710144a6a0
71006a9350	7100816a74,7100816ce4,71009830f0,71009830f4,710144a580,710144a6a0
71006a9530	7100816a68,7100816a74,7100816ca0,7100816ce4,71009830f0,71009830f4,710144a580,710144a6a0
71006a9740	710050c400,71009830f0,710144a6a0
71006a989c	71006a9a20,71006a9b88,71006aaa60,71006b6ed0,71006b6fec,71006bc684,71006c42b0
71006a9a20	710098f4fc,710144a4e0,710144a4f0
71006a9b88	7100697e70,71009830f4,710144a510,710144a5d0,710144a6a0
71006a9df0	71006a9a20,71006a9b88,71006aaa60,71006b6ed0,71006b6fec,71006bc684,71006c42b0
71006a9fb0	71006b6fec,71009830f4,710144a4e0,710144a4f0
71006aa0c0	710019e940,71006a9fb0
71006aa0f0	71006aac9c,71006ab054,71006ab068,710087cb44,710087cb58,710087cb5c,7100893a7c,71009836b4
71006aa52c	71006b638c,71006b7190
71006aa5a0	71006a9b88,71006aaa60
71006aa660	71006a9b88,71006aaa60
71006aa730	71006c4430,710098439c
71006aa930	710084e614,71008de680
71006aa9e0	71006ab054
71006aa9e8	71006ab068
71006aaa60	71009830f0,71009830f4,710144a6a0
71006aac9c	71006aad40,710084db24
71006aad40	710098f4fc,710144a4e0,710144a4f0
71006aaeb0	710144a4e0,710144a4f0
71006aafd0	710019e940,71006aaeb0
71006ab000	71009849b8
71006ab068	710084b738
71006ab0e0	710144a3f0,710144a400
71006ab138	7100016460,71006b2030
71006ab2b0	71006ab138,71006ab3f0,71006c3124,71009836b4
71006ab3f0	71006adba0,71006adf60,71006af2b0,71006dce70,71006dcff8,71006dd2a0,71006ddff4,71006de350,71009830f0,71009830f4,71009836b4
71006ab554	71006ab2b0
71006ab584	71006ab2b0
71006ab5b4	71006ab2b0,7100960840,7100962470,710144a590
71006ab6c0	71006aba90,71006b0248,71006b2040,71006b20e0,71006d9bd4,71006dd2c0,71009830f4,710098439c,7100987d00,710144a4e0,710144a4f0
71006aba90	71009830f4,710098439c
71006abc60	71006b0248,71006d9bd4,710098439c
71006abcfc	710019e940,71006ab6c0
71006abd20	710019e940,71006ab6c0
71006abd48	71006de51c
71006abdb8	71006de51c
71006abe58	71006de51c
71006abf00	71006dd34c,71006dd8e0
71006ac0e0	71006dd34c,71006dd8e0
71006ac130	71006ac264,71006dd3c0
71006ac264	71009830f0,71009830f4,710144a510,710144a6a0
71006ac3ec	71006de51c,710098807c
71006ac8b0	71009880e0,710144a560
71006ad790	71006de51c,71009880e0
71006ad998	710098807c
71006ad9c0	71006c310c,71006dd310,71008d67b4,710144a590
71006adaac	71006bde6c,7100894ad0
71006adba0	71006b4890,71006b5350,71006c30f4,71006c3100,71006d6bf0,71006d937c,71006dd1f0,71006dd310,710089132c,71009830f0,71009830f4,71009836b4,710144a590,710144a5d0
71006adf60	71006b01e8,71006d98fc,71009836b4,710144a490
71006ae04c	71006af2b0
71006ae090	71006ae180,71006b2e60,71006bdc14,71006c4030,71006c41e0,710089b634
71006ae180	71006ae250,71006b6ed0,71006b6f5c,71006b6fec,71006c3100,71006d9ea8,71006dd310
71006ae250	7100000280,710010b7b0,71006b5338,71006b619c,71006b6ed0,71006b6f5c,71006b6fec,71006c73c0,71006d9ea8,710089132c,71009911e0,710144a3f0,710144a400,710144a490
71006ae4a8	71006bca1c
71006ae540	71006b2170,71006b22ac,71006ddfec,71006ddff4,71006de350,71009836b4
71006ae5ec	710089b5c0,710089b634
71006ae678	71006c310c,71006dd310
71006ae6f0	71006bb03c,71006bde6c,71006db170,71006dddb0,7100776e60,7100893a7c,7100893ed0,7100894ad0
71006ae9c0	71006aeb68,71006b415c,71006ba3f0,71006dadf8,7100771ac0,7100782e00
71006aeb68	71006aeee0,71006af1d0,71006bde6c,71006dd334,7100894ad0,7100984c00,71009872b4,710144a490
71006aeee0	71006b22ac,71006bde6c,7100782db8,7100782e00,7100894ad0,7100986938,710144a490
71006af1d0	71006b22ac,710087cb44,710087cb58,710087cb5c,710144a580
71006af2b0	71006b2e60,71006b9d90,71006ba0f0,71006bdc14,71006d996c,71009836b4
71006af498	710144a590
71006af4f4	7100893a7c
71006af53c	71006dd34c
71006af544	71006dd8e0
71006af550	71006b563c
71006af5d0	7100987d00
71006af6f0	71006c4130,71006d996c,71006d9c24,710089b5c0,71009830f4,710098439c,71009849b8
71006af950	71006d996c
71006afa30	71006ae090,71006c4030,71006c4130,71006d9c90,71006db100,71006db138,71006dd864
71006afc0c	71006afcd0,71006d97d4,71009836b4
71006afcd0	71009830f0,71009830f4,710144a6a0
71006afe08	71006af2b0
71006afe4c	71006af2b0,71006ba710
71006afe8c	71006babb0
71006afea0	71006b0314,71006bca0c,710144a590,710144a5c0,710144a6a0
71006b0050	71006b4e90,710144a5c0
71006b0100	71006c30f4,71006dd310
71006b0180	71002b8c68,71006ad9c0
71006b01c8	71006b0314
71006b01e8	71006b2030,71006b2170,71006b22ac,7100782db8,710144a5d0
71006b0248	71006b2040,71006b20e0
71006b0314	71009830f0,71009830f4,710144a510,710144a6a0
71006b04f0	71006b05e4,71009836b4
71006b05e4	7100016460,71006d45d4
71006b0660	710144a4e0,710144a4f0
71006b0788	710019e940,71006b0660
71006b07ac	710019e940,71006b0660
71006b0820	71006c8920,710098f6bc
71006b0b30	71006b0660,710098439c
71006b0b60	71006b0cc0
71006b0cc0	71006c8a50,71006c8ae0
71006b0e60	71006b10d0,71006b127c,710092a828,7100964ad0,710144a490
71006b10d0	71006b16c0,7100976484
71006b127c	71006e0ea8,71006e0ebc,710092af2c,710092afb0,71009606d0,710096184c,7100961924
71006b13d0	71006b10d0,71006e0ea8,71006e0ebc,710092d80c,7100960a9c,7100964ad0,710144a490
71006b16c0	71004f6920,7100976484,71009830f0,710144a550
71006b1b0c	710084e614,71008de680,710144a510
71006b1c18	71006b1b0c
71006b1d70	71006b1c18
71006b1e00	710087cb9c,710087d70c
71006b2040	7100782d30,710098439c
71006b20e0	7100782d30,710098439c
71006b2170	71007823f8,71007824e0,7100782a1c,7100782a7c,7100782c54,710084da74,71009836b4
71006b22c0	7100772a00
71006b2458	71008645f0
71006b2490	710084dc88,710084dcb0
71006b24e0	71008645ec
71006b26c8	7100823234
71006b2754	71006b27a0,71006b2910,710098eab8
71006b27a0	710098f4fc,710144a4e0,710144a4f0
71006b2910	710084b094,710084da7c,710085afa0,710085b06c,710087c014,71008835a0,7100883ab0,71009836b4,710144a700
71006b2bc0	71006b2cd0,71009830f4,710098eaf8,710144a4e0,710144a4f0
71006b2cd0	710085afe0,7100883768,710098439c,710144a700
71006b2e60	71006b2eb0,710098eac0,710098eac4
71006b2eb0	71009830f0,71009830f4,710144a6a0
71006b2fb8	710144a700
71006b300c	71006b3090,710084db24
71006b3090	710098f4fc,710144a4e0,710144a4f0
71006b3200	710144a4e0,710144a4f0
71006b3330	710019e940,71006b3200
71006b3354	710084b738,71008646cc
71006b34c0	71006bdc14,710089132c
71006b3694	71006b3354,71006b3790,71006b3a30,71006b3c60,71006b3ee0,710087d660
71006b3790	71006b2fb8,71006ba6dc,71006ba6f4,71006bacec,71006bafd4,71006bafec,71006baffc,71006bb00c,71006bb01c,71006bb02c,71006bdc14,710084b230,710084b28c,710084b738,710087cec8,710087d600,710087e558,710087e580,7100884b60,710089132c
71006b3a30	71006b2fb8,71006bafd4,71006bafec,71006baffc,71006bb00c,71006bb054,71006bb064,71006bdc14,710084b230,710084b28c,710087cec8,710087d600,710087e558,710087e580,7100884b60,710089132c
71006b3c60	71006b2fb8,71006b3004,71006ba6dc,71006ba6f4,71006bacec,71006bafd4,71006bafec,71006baffc,71006bb00c,71006bb01c,71006bb02c,71006bdc14,710084b0bc,710084b1bc,710084b738,710084e4fc,710085b180,710087d600,710087e558,710087e580,710089132c
71006b3ee0	71006b2fb8,71006b3004,71006bafd4,71006bafec,71006baffc,71006bb00c,71006bb054,71006bb064,71006bdc14,710084b0bc,710084b1bc,710084e4fc,710085b180,710087d600,710087e558,710087e580,710089132c
71006b41f0	710144a580
71006b42d0	71006b45b0,71006df1f0,71009830f4,710098eaf8,710144a4e0,710144a4f0
71006b45b0	7100000280,71006c73b0,71006dd2c0,71009830f4,710098439c,71009911e0,710144a3f0,710144a400,710144a490
71006b4864	710019e940,71006b42d0
71006b4890	71006b4a20,71006b4b88,71006b6570,71006df1d8,71009830f0,71009830f4,710098eab8
71006b4a20	710098f4fc,710144a4e0,710144a4f0
71006b4b88	710010b7b0,71006b5860,71006d7704,71006dd2a0,71007851d0,710144a590
71006b4c90	71006b4890,71006b6ed0,71006b6f5c,71006c30f4,71006c3100,71006c3124,71006d6bf0,71006dce70,71006dcff8,71006dd1f0,71008a452c,71009836b4,710144a590
71006b4eb0	71006b98c0
71006b4f30	71006b5040,71006b53b0,71006b639c,71009830f0,71009830f4
71006b5040	710144a580,710144a590,710144a5c0
71006b51c0	71006b53b0,71006b639c,71009830f0,71009830f4
71006b52b0	71006b5040,71006b5510
71006b530c	71006b5510
71006b5350	7100770a30,71007853e0
71006b567c	7100770a30
71006b56d0	71006df494,71006df4ac,71006df688,71006df694,71006df69c,71006df6a4,710087ce30,710087ce8c,710087e5c4
71006b5860	710084dc0c,71009830f0,71009830f4,710144a5d0
71006b5a30	7100000280,71006b5b58,71006c6fa0,71009911e0,710144a3f0,710144a400,710144a490
71006b5b58	7100000280,71006c70e0,71006c7280,71009911e0,710144a3f0,710144a400,710144a490
71006b5cd0	7100000280,71006c7080,71006c7280,71009911e0,710144a3f0,710144a400,710144a490
71006b5e38	710098eac0,710098eac4
71006b5e70	71006b6680,710098eac0,710098eac4,710144a4e0,710144a4f0
71006b5fb8	71006b5a30,710098eac0,710098eac4
71006b600c	71006b5cd0,710098eac0,710098eac4
71006b6060	71009830f0,71009830f4,710144a6a0
71006b619c	7100000280,710010b7b0,71006c736c,71006c73c0,71009911e0,710144a3f0,710144a400,710144a490
71006b6340	71009849b8
71006b638c	71006b5b58
71006b639c	7100855ee8
71006b63e0	7100855efc
71006b6474	710019e940,71006b63e0
71006b6570	71009830f4,710144a4e0,710144a4f0
71006b6680	71006b6ba0,71006b6d00,71009830f0,71009830f4,710144a510
71006b6ba0	71009830f0,71009830f4,710144a510
71006b6d00	71009830f0,71009830f4,710144a510
71006b6eec	71006b5e38,71006b5fb8
71006b6f5c	71006b5e38,71006b5e70,71006b5fb8,71006b600c
71006b6fec	71006b5e70,71006b600c
71006b7048	71006b5e70,71006b600c
71006b7094	710019e940,71006b6fec
71006b70b8	71006b5e38,71006b5e70,71006b5fb8,71006b600c
71006b71bc	710144a490
71006b7200	71006b600c
71006b7230	71006b5fb8
71006b72a0	7100000280,71006b6ed0
71006b72dc	71006c80fc,71006c8244
71006b7538	71006c8118,71006c8244
71006b7644	71006c8138,71006c8244,7100987df8
71006b7ba4	71006b72dc
71006b7bcc	71006c8118,71006c8244
71006b7cac	71006c8138,71006c8244,7100987d10,7100987df8
71006b8188	71006b72dc,71006c80fc,71006c8244
71006b86a4	71006c8118,71006c8244
71006b88b4	71006c8138,71006c8244
71006b91d8	71006b9c40
71006b97ec	71006c8138,71006c8244
71006b98b0	71006b8188
71006b98c0	7100088b60,710144a580,710144a590,710144a5c0
71006b9d90	710098f4fc,710144a4e0,710144a4f0,710144ac80
71006b9fa0	71006b6570,71006bb090,71009830f4,710144a4e0,710144a4f0,710144ac20
71006ba0c0	710019e940,71006b9fa0
71006ba0f0	71006ba320,71006bb220,71006bb7e0,71009836b4
71006ba320	71006bb400,71006bb7e0,71009836b4
71006ba3f0	71006ba320,71006bbfb0,71006bca1c,71006bde6c,710084bb34,710087cb44,710087cb58,710087cb5c,7100894ad0
71006ba6f4	710084b738
71006ba710	71006b6570,71009830f0,71009830f4,710144a6a0
71006babb0	71006b6680,710144a4e0,710144a4f0
71006bacec	710084b738,7100864740
71006bae80	71006b6680,710144a4e0,710144a4f0
71006bafec	710084b738
71006bb00c	710084b738
71006bb02c	710084b738
71006bb064	710084b738
71006bb090	71009830f4
71006bb220	71009830f0,71009830f4,710144a5d0,710144a6a0
71006bb400	71006bafcc,71006bb550,710084db24
71006bb550	71006bafcc,71006d5cc4,710084db24,7100864dbc,7100864dc4,710087cb44,710087cb58,710087cb5c
71006bb7e0	71006bb850
71006bb850	710098f4fc,710144a4e0,710144a4f0
71006bb9c0	71006bbb60,710144a4e0,710144a4f0
71006bbb30	710019e940,71006bb9c0
71006bbc90	71009849b8
71006bbd48	71009830f0,710098f4fc,710144a4e0,710144a4f0,710144a510,710144a590,710144a6a0
71006bbfb0	710144a510
71006bc060	71009830f4,7100987d00,710144a4e0,710144a4f0
71006bc160	710019e940,71006bc060
71006bc184	710098439c
71006bc21c	71006bcc80,71006bdc70,71009836b4,7100983b10,7100984a20,7100984a58,710098528c,710144b310
71006bc4d0	71009830f4
71006bc56c	7100196fe0
71006bc5d4	71006d6300,71006d673c,71009836b4
71006bc684	71006b4c90
71006bc68c	71006c3d70
71006bc6a0	71006c3d80
71006bc770	71006d5420,71009836b4
71006bc7c0	71006a989c,71008a452c,71009836b4
71006bc834	71006a989c,71009836b4
71006bc898	71006a9df0,71009836b4
71006bc904	71006a989c,71006aa4ec,710089132c,71009836b4,710144a490
71006bc9d4	71006d7100
71006bc9dc	71006d7340
71006bc9e4	71006d7230
71006bc9ec	71006d7480
71006bc9f4	71006d75c0
71006bc9fc	71006d76f4
71006bca04	71006d76fc
71006bca0c	71006bebc0
71006bca14	71006becf4
71006bca1c	71006bed08
71006bca24	71006bed18
71006bca2c	71006beea8
71006bca34	71006beec0
71006bca44	71006d6858,71008d7088,71009836b4
71006bca7c	71006d6a8c,71008d7088,71009836b4
71006bcab4	71006bf18c,71008d7088,71009836b4
71006bcaec	71008d6ef4,71008d7088,71009836b4
71006bcb38	71008d6ef4,71008d7088,71009836b4
71006bcb94	71008d6ef4,71008d7088,71009836b4
71006bcbe0	71008d6ef4,71008d7088,71009836b4
71006bcc2c	71008d6ef4,71008d7088,71009836b4
71006bcc80	71006b6570,710144ac80
71006bcd60	71008de674
71006bd6b4	71006c6cb0,71008ab658,71009836b4
71006bd718	71006d7100,71006d7480,71008d33ec,71008d377c,71008de514,710144a590
71006bd7f0	71008a32e0,71008a3340,71008d381c
71006bd890	71006b2bc0,71006b6570,71006bb090,71006bdc8c,71006bead0,7100883768,71008d33ec,71009830f4,710098439c,710144a700,710144ac20
71006bda68	71006c3d98
71006bda80	71006c74f0
71006bdac0	71006abc60,71006adf60,71006c3d70,71006c3d80,71006c3e98,71006c756c
71006bdc20	71006b300c,71009836b4
71006bdcf0	71006c448c
71006bdd04	71006c44c0
71006bdd20	71009830f0,71009830f4,710144a6a0
71006bdeb0	710019e940,710144a4e0,710144a4f0
71006bdf80	71007729bc,7100772ad0,71008d692c
71006bdfac	71007729bc,7100772c10,71008d692c
71006be160	710019e940,71009830f4,710144a4e0,710144a4f0
71006be288	71007729bc,7100772ad0,71008d692c
71006be2b4	71006b22c0,71007729bc,71008d67b4,71008d692c
71006be310	71007729bc,7100772c10,71008d692c
71006be440	710019e940,710144a4e0,710144a4f0
71006be510	71007729bc,7100772ad0,71008d692c
71006be53c	71007729bc,7100772c10,71008d692c
71006be6a0	71007729bc,7100772ad0,71008d692c
71006be6cc	71007729bc,7100772c10,71008d692c
71006be748	71006a43b0
71006be77c	7100697ac0
71006be7b0	710069a630
71006be7e4	71006a0040
71006be818	71006c0c6c
71006be84c	71006c1538
71006be880	71006c2248
71006bea60	7100000280,71006e6e50,710098ea30
71006bead0	71009830f4
71006bebc0	710144a590,710144a5c0
71006bed18	71006b0314,71006bbd48,71009830f0,71009830f4,71009836b4,710144a590,710144a6a0
71006beec0	710144a590,710144a5c0
71006befc0	71006b0314,71006bbd48,71009830f0,71009830f4,71009836b4,710144a590,710144a6a0
71006bf18c	71006b2030,71008d6ef4
71006bf1d0	71006b2040,71009830f4,710144a4e0,710144a4f0
71006bf300	710019e940,71006bf1d0
71006bf420	71008d67b4,71008d6968,71008de540,71008de680,710144a490
71006bf64c	71006b22b4
71006bf670	71006b2170,71006b22ac,71007729a0,71007729bc,7100772ad0,7100782db8,71008d692c
71006bf714	71006b22c0,71006bf420,71008d67b4
71006bf770	71006b20e0,7100772c10,71008defe4
71006bf8d4	71006bf970,71006bfad8,7100884bc8,7100884d9c,7100884fe8,71008855cc
71006bf970	710098f4fc,710144a4e0,710144a4f0
71006bfad8	71006c0250,71006c05e0,710084b740,710084b910,710084bb90,710084dc0c,7100855f3c,7100856240,710087c07c,710087c0c0,710087c104,710087c12c,710087c164,710087c1d8,7100884bdc,7100884d90,7100884db0,7100884dd0,7100884ffc,71008855d8,71009836b4
71006bfee0	71006c0020,7100884bd8,7100884dac,7100884ff8,71008855d4,710144a4e0,710144a4f0
71006c0020	7100855f70,7100884d88,7100884dbc,7100884fe0,71008851a0,71008855ec,710098439c
71006c01dc	710019e940,71006bfee0
71006c0200	710098439c
71006c0250	710098f4fc,710144a4e0,710144a4f0
71006c03c0	710084b770,710084b810,710144a4e0,710144a4f0
71006c04c0	710019e940,71006c03c0
71006c04e4	710098439c
71006c0570	710019e940,71006c03c0
71006c05e0	710098f4fc,710144a4e0,710144a4f0
71006c0750	710084b770,710084b810,710144a4e0,710144a4f0
71006c0850	710019e940,71006c0750
71006c0874	710098439c
71006c0900	710019e940,71006c0750
71006c0964	71006c09c4,71009836b4
71006c0994	71006dcb34,71009836b4
71006c09c4	71006b2714,71006d8bf0
71006c0a00	71006d8d20,71006d8ee0
71006c0a68	71006d8ee0,71006d8f6c,71006d90a0
71006c0aa4	71006d8c40
71006c0ae8	710019e940,71006c0aa4
71006c0b1c	71006d8ee0
71006c0b4c	71006d9258,710078376c
71006c0bac	71006d8f6c,71006d91f8
71006c0c6c	71006c0e5c,71009836b4
71006c0d44	71006c0e5c,7100964b70,71009764b4,71009836b4
71006c0e5c	71008122a8
71006c0ea0	7100812450,710144a4e0,710144a4f0
71006c0f64	710019e940,71006c0ea0
71006c0fa8	71006c0ea0,710098439c
71006c0fe0	71006c1120
71006c1120	71006942b4,71006c1120,71007758a4,7100775b90,710080af08,710080af14,710080af20,710080af2c,7100812438,7100846b04,71008470ac,7100849204,7100849248,7100849250,71008494b0,710144a490,710144a6a0
71006c148c	7100000280,71009911e0,710144a3f0,710144a400,710144a490
71006c1538	71006c1748,71009836b4
71006c1610	71006c1748,7100964b70,71009764b4,71009836b4
71006c1748	71008122a8
71006c178c	710019e940,71006c1788
71006c17b0	71006c1788,710098439c
71006c17e4	71006c1820
71006c1820	71006c1820,71006c1fc8,710080af08,710080af14,710080af20,710080af2c,7100812438,710089132c,710144a490,710144a6a0
71006c1a84	7100000280,71009911e0,710144a3f0,710144a400,710144a490
71006c1bc8	71006c1d54,71008de540,71009836b4
71006c1ce4	71006c1bc8,7100962540,710144a590
71006c1d54	710076f02c,71007729bc,7100775444,71007754a4,7100775560,7100811758,71008d692c,71008defe4,71009836b4,710098439c
71006c1f04	710081178c,71008defe4,710098439c
71006c1f90	710019e940,71006c1f04
71006c1fd0	71006c1f04,710098439c
71006c20b8	7100000280,71009911e0,710144a3f0,710144a400,710144a490
71006c2164	71006bc66c
71006c21c0	71004f5120,710081182c,71008d67b4
71006c2248	71006c2438,71009836b4
71006c2320	71006c2438,7100964b70,71009764b4,71009836b4
71006c2438	71008122a8
71006c246c	710019e940,71006c2468
71006c2490	71006c2468,710098439c
71006c24c4	71006c2500
71006c2500	71006c2500,71006c2ca8,710080af08,710080af14,710080af20,710080af2c,7100812438,710089132c,710144a490,710144a6a0
71006c2764	7100000280,71009911e0,710144a3f0,710144a400,710144a490
71006c28a8	71006c2a34,71008de540,71009836b4
71006c29c4	71006c28a8,7100962540,710144a590
71006c2a34	710076f02c,71007729bc,7100775674,71007756d4,7100775790,7100811758,71008d692c,71008defe4,71009836b4,710098439c
71006c2be4	710081178c,71008defe4,710098439c
71006c2c70	710019e940,71006c2be4
71006c2cb0	71006c2be4,710098439c
71006c2d98	7100000280,71009911e0,710144a3f0,710144a400,710144a490
71006c2e44	71006bc66c
71006c2ea0	71004f5120,710081182c,71008d67b4
71006c2f60	71009830f4
71006c3010	710019e940,71009830f4
71006c3124	71006c3198,71006c3294,71009836b4
71006c3198	71008de540,71009830f0,71009830f4,710144a510,710144a590,710144a6a0
71006c3294	710098f4fc,710144a4e0,710144a4f0
71006c3430	71008defe4,710144a4e0,710144a4f0
71006c3510	710019e940,71006c3430
71006c353c	71006bf324
71006c37ac	71006bf64c
71006c3824	71006c3b60,710084e060,71009830f0,71009830f4,710098eab8,710144a6a0
71006c3998	71006c3a20,71009830f4,710098eaf8
71006c3a20	710084e160,7100883768,71008845fc,710144a510,710144a700
71006c3b3c	710019e940,71006c3998
71006c3b60	710084b094,710084da7c,710087c014,71008835a0,7100883ab0,710144a700
71006c3c30	71006db0f0,710084b6f0
71006c3cd0	71006db0f8,710084b6f0
71006c3d8c	710144a700
71006c3d98	71006c46e4,71009854a0,7100987cf0,7100987d00,710144a490
71006c3e98	71006c484c,71006c49b0,71009854a0,7100987cf0,7100987d00,710144a490
71006c4030	71009830f0,71009830f4,710098eac0,710098eac4,710144a6a0
71006c4130	710144a510
71006c41e0	71006aa58c,71006af490,710098eac0,710098eac4
71006c42b0	71006aa58c,71006af490,71009830f0,71009830f4,710098eac0,710098eac4,710144a6a0
71006c44d0	71009830f0,71009830f4,710098eac0,710098eac4,710144a6a0
71006c45d0	710144a510
71006c46e8	7100987cf0
71006c4758	7100987cf0
71006c47d0	71006ae6f0
71006c4850	7100987cf0
71006c48c0	7100987cf0
71006c4930	71006ae9c0
71006c49b4	7100987cf0
71006c4a24	7100987cf0
71006c4aa0	71006aa0f0,71006aa524
71006c4b20	71006c3d8c,71006c5ea0,71006c5fa0,71006c6c04,7100885234
71006c4f18	71006c5150,7100860010
71006c5150	7100860068
71006c5280	710019e940,71006c4f18
71006c52a4	71006c4b20,71009836b4
71006c5b30	71006b1e00,710084b0bc,710084b1bc,710084b738,710084e4fc,71008601e0,710087cedc,710087d600
71006c5de4	710144a490
71006c5e14	710144a640
71006c5e54	710098439c
71006c5fa0	71006c6310,71006c6880,710084b740,710084b910,710084bb90,710084db24,710087cb44,710087cb58,710087cb5c,7100884690,71009836b4
71006c6310	710098f4fc,710144a4e0,710144a4f0
71006c6570	710019e940,710084b770,710084b810,710144a4e0,710144a4f0
71006c6660	710084b770,710084b810,710098439c,710144a4e0,710144a4f0
71006c6770	710084b770,710084b810,710144a4e0,710144a4f0
71006c6880	710098f4fc,710144a4e0,710144a4f0
71006c69f0	710084b770,710084b810,710144a4e0,710144a4f0
71006c6af0	710019e940,71006c69f0
71006c6b14	710098439c
71006c6ba0	710019e940,71006c69f0
71006c6cb0	71006bdd20
71006c6d10	71009830f4
71006c6da8	710019e940,71006c6d10
71006c6dd0	71006b4e90,710144a5c0
71006c6ec0	71006b4e90,710144a5c0
71006c6fa0	71009830f0,71009830f4,710144a6a0
71006c70e0	71009830f0,71009830f4,710144a6a0
71006c736c	71006c7740
71006c73b0	71006c7d00
71006c74cc	71009847e4,71009850cc
71006c74f0	71006b564c,71009847e4,71009850cc,710144a600
71006c756c	71006c7f94,71009854a0,7100987cf0,7100987d00,710144a490
71006c7688	7100000280,71009911e0,710144a3f0,710144a400,710144a490
71006c7740	71006c7ab0,71009830f0,710144a550
71006c7ab0	71009830f0,71009830f4
71006c7d00	71006c7e40,71009830f4
71006c7f98	7100987cf0
71006c8008	7100987cf0
71006c8080	71006b567c
71006c8138	71009836b4,7100987d10
71006c81a0	71009836b4
71006c8244	710098439c
71006c82b0	710019e940,71006c8244
71006c8370	71007729bc,7100772ad0,71008d692c
71006c8444	71007729bc,7100772c10,71008d692c
71006c85b0	71009830f0,710098f4fc,710144a4e0,710144a4f0,710144a510,710144a6a0
71006c87f0	71009830f4,710144a4e0,710144a4f0
71006c8920	71006c8920,710098f6bc
71006c8a14	71006b0314
71006c8a50	71006c8a50
71006c8ae0	71006c8ae0
71006c8c14	71006c85b0
71006c8c50	71006c87f0,71009830f4
71006c8d08	710019e940,71006c8c50
71006c8d2c	71006c8c14,71009836b4
71006c8e04	71006c94e0
71006c8f70	710098439c
71006c8ffc	71002b8c68
71006c9020	71006c8a14
71006c90e0	71006c8908,71006c8914,71006c9174,710144a490
71006c9174	7100226a00,71006e0cd0,71006e0ce4,710092af2c,710092afb0,71009606d0,7100961924
71006c9210	71006b10d0,71006c8914,71006c94e0,71006e0cd0,71006e0ce4,710092af68,710092d80c,71009606b0,7100960ba0,7100964ad0,7100964b70,71009764b4
71006c94e0	71009830f0,71009830f4,710144a6a0
71006c962c	71006c85b0
71006c9708	71006c87f0,71009830f4
71006c97b0	71006c9810
71006c9810	71009830f0,71009830f4,710144a580,710144a6a0
71006c9a80	710144a510
71006c9b60	710098439c
71006d13c8	71004f5120,71006dd3c0,71006e2b60,710092aec4,710092af2c,71009606b0,71009830f4
71006d15e8	71006dd340,71006e2b60,71006e2b74,7100960ba0,71009830f4
71006d17e4	71004f5120,71006d19f0,71006dd3c0,71006e1918,710092aec4,710092af2c,71009606b0,71009830f4
71006d19f0	71009830f0,71009830f4,710144a510,710144a6a0
71006d1b54	71006dd340,71006e1918,71006e192c,7100960ba0,71009830f4,710144a580
71006d1d4c	71006c85b0
71006d1d98	710019e940,71006d1d94
71006d1dbc	71006d1d4c,71009836b4
71006d1ecc	710098439c
71006d1f14	71006d25fc,71006dd6b4,71006dd6f4,71006dd7bc,71006dd7f4,71006dda04,71006ddd4c
71006d25fc	710144a560,710144a640
71006d3f34	71002b8c68
71006d3f60	71006c8a14
71006d4014	71004f5120,71006dd3c0,710092a828,7100964b70,71009764b4
71006d40a0	71006dd340,710092d80c,7100964b70,71009764b4
71006d40f4	71004f5120,71006dd3c0,710092a828,7100964b70,71009764b4
71006d4180	71006dd340,710092d80c,7100964b70,71009764b4
71006d41d4	71004f5120,71006dd3c0,710092a828,7100964b70,71009764b4
71006d4260	71006dd340,710092d80c,7100964b70,71009764b4
71006d42b4	71006d43b0
71006d42e0	71006e5590,71006e55a4,7100960a9c
71006d43b0	71006e5590,71006e55a4,710092af2c,710092afb0,71009606d0,710096184c,7100961924
71006d4538	71006c8c14
71006d45b0	710019e940,71006d45ac
71006d45d4	71006d4538,71009836b4
71006d46b0	71006c8908,71006c8914,71006c9174,710144a490
71006d4750	71006b10d0,71006c8914,71006c8e04,71006c8e60,71006e0cd0,71006e0ce4,710092af68,710092d80c,71009606b0,7100960ba0,7100964ad0,7100964b70,71009764b4
71006d4918	710144a610
71006d5420	71006d5560,71006d60c8,71009836b4,710098f4fc,710144a490,710144a4e0,710144a4f0
71006d5560	710098f4fc,710144a4e0,710144a4f0
71006d56c8	71006d5560
71006d5700	710144a4e0,710144a4f0
71006d58a0	710019e940,71006d5700
71006d58d0	71006d5980,710084bb34,710084db24
71006d5980	71009830f0,71009830f4,710144a6a0
71006d5ad0	710084bb34,710084db24
71006d5bc8	710084bb2c,710087d014
71006d5c54	710084bb2c,710087d0ac
71006d5cc4	7100864dc4
71006d5cf0	710084b738,710084bb2c,710084dcd4,710087d70c
71006d5e20	71006d56c8,71009836b4,710144a490,710144a4e0,710144a4f0
71006d5f90	710098439c
71006d6130	71009830f4
71006d62c0	710019e940,71006d6130
71006d6300	71006d6370
71006d6370	710098f4fc,710144a4e0,710144a4f0
71006d64e0	71008defe4,710144a4e0,710144a4f0
71006d65f0	710019e940,71006d64e0
71006d6614	710144a490
71006d66c8	71006d6300,71008d69cc,71009836b4
71006d673c	71008de540,710144a490
71006d6858	71008d6ef4
71006d6890	710144a4e0,710144a4f0
71006d6960	710019e940,71006d6890
71006d6984	71006b24e0,7100783e30,71007842b0,710078434c,710084da7c,71008d692c,71009836b4
71006d6a2c	7100784220,710098439c
71006d6a8c	71008d6ef4
71006d6ad0	71009830f4,710144a4e0,710144a4f0
71006d6bc0	710019e940,71006d6ad0
71006d6bf0	710144a590,710144a5c0
71006d6ca0	71006b24e0,71006d6e4c,71006d6ec8,71006d6ed0,7100783e30,71007842b0,710078434c,710084da7c,71008d692c,71009830f0,71009830f4,71009836b4
71006d6dc0	7100784220,71009830f4,710098439c
71006d6e4c	710144b690,710144b6a0,710144b6b0,710144b6c0,710144b6d0
71006d6f20	71009830f4
71006d6fe8	710019e940,71006d6f20
71006d700c	71006d7730,71009830f0,71009830f4,710144a510,710144a590,710144a6a0
71006d7100	71006d7980,71009830f0,71009830f4,710144a6a0
71006d7230	71006d8050,71009830f0,71009830f4,710144a6a0
71006d7340	71006d7730,71006d82a0,71009830f0,71009830f4,710144a6a0
71006d7480	71006d8400,71009830f0,71009830f4,710144a6a0
71006d75c0	71006d8400,71009830f0,71009830f4,710144a6a0
71006d7704	71006d700c,71006d8ac8
71006d7730	710050c400,710144a5c0
71006d7980	710050c400,71006d7e00,71009830f0,710144a550,710144a5c0
71006d7e00	71009830f0,71009830f4
71006d8050	710050c400,710144a5c0
71006d8400	710050c400,71006d8880,71009830f0,710144a550,710144a5c0
71006d8880	71009830f0,71009830f4
71006d8ac8	71006d8b28,71009836b4
71006d8af8	71006dcb34,71009836b4
71006d8b28	71006b2714
71006d8b8c	710019e940,71006d8b60
71006d8bf0	710144a5d0
71006d8c40	7100784a10,710098439c
71006d8cf4	710019e940,71006d8c40
71006d8d20	7100088a20,7100783be0,7100784368,7100784458,7100784598,7100784600,7100784940,7100784a90,7100785100,710084da74,71009836b4
71006d8ee0	71007836b8,7100783ae0,7100783be0
71006d8f80	710144a590,710144a5c0
71006d90a0	7100783800,710144a590,710144a5c0,710144a6f0
71006d91f8	71006d8f80,7100783800
71006d9260	710144a590,710144a5c0
71006d937c	71006b6ed0,71006d94b0,71006d9618,71006db1e8,71006dcbd8,71006df1d8
71006d94b0	710098f4fc,710144a4e0,710144a4f0
71006d9618	71006d996c,71006df6fc,71009836b4
71006d97d4	71006b6ed0,71006d94b0,71006d9618,71006db1e8,71006dcc38,71006df1d8
71006d98fc	71009836b4
71006d996c	710144a490,710144a640
71006d9a40	71006b6fec,71006dcc8c,71006df1f0,71009830f4,710098439c,710144a490,710144a4e0,710144a4f0
71006d9bd4	710098439c
71006d9c00	710019e940,71006d9a40
71006d9c24	71006b6140,71006b7048,71006b7190,71006c45d0
71006d9c90	71006c6c8c
71006d9ce0	71006c6c44,71006c6c50,71006c6c5c,71006d5cf0,71006db3b4,710084dcd4,710087cb9c,710087d70c
71006d9ea8	71006b6060,71006b6140,71006b70b8,71006b7154,71006b7190,71006c44d0,71006c4680,710098439c
71006da024	71006df494,71006df4ac,71006df688,71006df694,71006df69c,71006df6a4,710087ce30,710087ce8c,710087e5c4
71006da190	71006bb054,71006d5bc8,71006d5c54,7100774cfc,7100864dbc,710087cb9c,710087d0ac
71006da450	71006b7190,71006c6c44,71006c6c50,71006c6c68,71006c6c74,71006c6c80,71006dab80,71006dacc0,71006db210,710087c1b0,710087c1c4,710087c1cc,71008851b0,7100885244,7100885260,71009830f0,71009830f4,71009836b4,710144a580,710144a6a0
71006dab80	710144a590,710144a5c0
71006dacc0	710144a590,710144a5c0
71006dadf8	71006c6c20,71006daf20,710087cb44,710087cb58,710087cb5c
71006daf20	710087cb44,710087cb58,710087cb5c,7100984c00,7100986938,71009872b4
71006db0f0	71006c6c2c
71006db0f8	71006c6c38
71006db100	71006b7180,71006b7200
71006db138	71006b7180,71006b7230
71006db170	71006dc600,71007788e0,7100778f10
71006db210	71006db430,71009830f0,710144a6a0
71006db3b4	71006b1e00,710084dcd4,71008647b0,710087d70c
71006db430	71006b7190,71006db9e0,71006dbb00,71008647b0,710087c1b0,710087c1c4,71009830f0,71009830f4,710144a6a0
71006db9e0	710144a590,710144a5c0
71006dbb00	710144a590,710144a5c0
71006dbc38	71006adaac,71006dd520
71006dbe10	71006dd520
71006dbe28	71006d5e20,71006dc090,71006dc1f0,71006dc3b0,71006dc7b0,710084b740,710084b910,710084bb90,710087cb44,710087cb58,710087cb5c,71009836b4
71006dc090	71009830f0,71009830f4,710144a510,710144a6a0
71006dc1f0	71009830f0,71009830f4,710144a510,710144a6a0
71006dc3b0	71009830f0,71009830f4,710144a510,710144a6a0
71006dc510	71009830f4
71006dc600	71006adaac,71006d6060,7100776dc4,7100776e60,710144a510
71006dc744	71006adaac
71006dc7b0	710098f4fc,710144a4e0,710144a4f0
71006dc920	710084b770,710084b810,710144a4e0,710144a4f0
71006dca20	710019e940,71006dc920
71006dca44	710098439c
71006dcad0	710019e940,71006dc920
71006dcb34	71006b4140
71006dcb98	710019e940,71006dcb6c
71006dcbd8	71006db374,71009836b4
71006dcc38	71006dbe28,71009836b4
71006dcc8c	71006db3a8,71006dc510,710098439c
71006dcce0	71007719e0,710098439c,710144a4e0,710144a4f0
71006dce70	710098f4fc,710144a4e0,710144a4f0
71006dcff8	71006c3100,7100770d60,7100771100,71009836b4,710144a5d0
71006dd1f0	71007716c0,7100771800,710084da74,710087bfe4,710087c8fc
71006dd2c0	71006dcce0,710098439c
71006dd340	71006de540
71006dd34c	71006de540,710144a580
71006dd3c0	710144a590
71006dd4a0	710144a4e0
71006dd510	710144a4f0
71006dd520	71006adaac,7100782db8
71006dd864	710144a490,710144a510
71006dd8e0	71006dec28
71006dda04	710144a640
71006dddb0	71006adaac,7100782db8
71006dde98	71006adaac,7100782db8
71006ddf00	71006de690,710144a510
71006ddf90	710144a510
71006ddff4	710098f4fc,710144a4e0,710144a4f0,710144ac80
71006de1e0	71006dd2c0,71009830f4,710098439c,710144a4e0,710144a4f0,710144ac20
71006de320	710019e940,71006de1e0
71006de350	71006c3118,71006dd2a0,71006dd32c,71006de850,71006dec50,710098439c,710144a510
71006de540	710144a590,710144a5c0
71006de690	71009830f0,71009830f4,710144a5d0,710144a6a0
71006de850	71009830f0,71009830f4,710144a5d0,710144a6a0
71006de970	71008a7a60,710098f4fc,710144a4e0,710144a4f0
71006deb30	710144a4e0,710144a4f0
71006dec04	710019e940,71006deb30
71006dec50	71006de970,7100984c8c
71006ded0c	71006dd4a0,71006dd510,71006dd520
71006deda8	71006dd4a0,71006dd510,71006dd520
71006df054	71006ddfe4
71006df100	71006df500,71006df628,71009830f0,71009830f4
71006df1f0	71006df628,71009830f4,710098439c
71006df330	71006df100,71006df664,710084da74,710087cbf8,710087cc30,71009836b4,710144a5d0
71006df4c0	71006df678
71006df500	710087bfec,710087cc68,710087cca8,710087ce1c,710087ce24,710144a650
71006df5b8	710087ce08
71006df5f0	710087cdf0
71006df628	710087cca4,710087cd98,710144a660
71006df694	710144a680
71006df69c	710144a690
71006df6a4	710087cdf0,710087ce08,710087ce2c
71006df6fc	710084db24
71006dfbd0	71006c2f38,71006e0960,7100960a9c,71009830f0,71009830f4,710144a510,710144a6a0
71006dfe00	71006c2f38,71006dfbd0,7100961a44
71006dff04	71009836b4
71006dff60	710003ba60,71009601ec,71009619e0,7100961b24,7100961b40,7100967024,71009836b4,710144a5d0
71006e0174	71002b8c68,71009830f0,71009830f4,710144a510,710144a6a0
71006e0250	71009830f0,71009830f4,710144a6a0
71006e0490	71009830f0,71009830f4,710144a6a0
71006e05a0	71006b0314,71006e0490,7100961a44,710144a590
71006e06b0	710092ab50,710092b198,710092b310
71006e0810	710092ad50,710092b25c,710092b878
71006e0864	71002c6a80,71009603c0,7100960560,71009670c8,71009830f4
71006e08c8	710019e940,71002c6a80,71009603c0,7100960560,71009670c8,71009830f4
71006e0960	710018c3e0,71009830f0,71009830f4,710144a6a0
71006e0af8	71006e0bd0,71009603c0,7100960560,71009830f4
71006e0b44	710019e940,71006e0bd0,71009603c0,7100960560,71009830f4
71006e0bd0	71009670c8,71009830f4
71006e0cf0	71009601ec,71009619e0,71009836b4
71006e0d80	710092ab50,710092b198
71006e0de0	710092ad50,710092b25c
71006e0e0c	71009603c0,7100960560
71006e0e40	710019e940,71009603c0,7100960560
71006e0ec4	710098f6bc
71006e1140	71006d4750,7100961a44
71006e11a0	710092ab50,710092b198
71006e1200	710092ad50,710092b25c
71006e122c	71002c6a80,71009603c0,7100960560,71009670c8,71009830f4
71006e1290	710019e940,71002c6a80,71009603c0,7100960560,71009670c8,71009830f4
71006e1484	71002b8c68,71009830f0,71009830f4,710144a510,710144a6a0
71006e1558	71002b8c68,71009830f0,71009830f4,710144a510,710144a6a0
71006e16f0	71002b8c68,7100961a44,710144a590
71006e17b0	710092ab50
71006e17f0	710092ad50
71006e1804	71009603c0,7100960560,71009830f4
71006e1870	710019e940,71009603c0,7100960560,71009830f4
71006e1e5c	71002b8c68,71009830f0,71009830f4,710144a510,710144a6a0
71006e1f34	71002b8c68,71009830f0,71009830f4,710144a510,710144a6a0
71006e2010	71009830f0,71009830f4,710144a6a0
71006e2144	71002b8c68,71009830f0,71009830f4,710144a510,710144a6a0
71006e24e0	71009830f0,71009830f4,710144a6a0
71006e2610	71002b8c68,71006e24e0,7100961a44,710144a590
71006e2920	710092ab50
71006e2960	710092ad50
71006e2974	71006e2a60,71009603c0,7100960560,71009830f4
71006e2a08	710019e940,71006e2974
71006e2a60	71009670c8,71009830f4
71006e3080	71002b8c68,71009830f0,71009830f4,710144a510,710144a6a0
71006e3154	71002b8c68,71009830f0,71009830f4,710144a510,710144a6a0
71006e322c	71002b8c68,71009830f0,71009830f4,710144a510,710144a6a0
71006e3304	71002b8c68,71009830f0,71009830f4,710144a510,710144a6a0
71006e36a0	71002b8c68,7100961a44,710144a590
71006e39d0	710092ab50
71006e3a10	710092ad50
71006e3a24	71009603c0,7100960560,71009830f4
71006e3ac0	710019e940,71006e3a24
71006e3fd4	71002b8c68,71009830f0,71009830f4,710144a510,710144a6a0
71006e40a8	71002b8c68,71009830f0,71009830f4,710144a510,710144a6a0
71006e4180	71002b8c68,71009830f0,71009830f4,710144a510,710144a6a0
71006e4258	71002b8c68,71009830f0,71009830f4,710144a510,710144a6a0
71006e4330	71002b8c68,71009830f0,71009830f4,710144a510,710144a6a0
71006e4408	71002b8c68,71009830f0,71009830f4,710144a510,710144a6a0
71006e4810	71002b8c68,71006e5528,71006e5550,71006e5578,7100961a44,710144a590
71006e4b00	710092ab50
71006e4b40	710092ad50
71006e4b54	71009603c0,7100960560,71009830f4
71006e4c20	710019e940,71006e4b54
71006e4cb0	7100993840
71006e4db0	710092b310
71006e50a0	710092b878
71006e5154	71009863e4,7100992a5c
71006e51a8	71009863e4,7100992a5c
71006e5200	71009863e4,7100992a5c
71006e5258	71009863e4,7100992a5c
71006e52b0	71009863e4,7100992a5c
71006e5308	71009863e4,7100992a5c
71006e5360	71009863e4,7100992a5c
71006e53b8	71009863e4,7100992a5c
71006e5410	71009863e4,7100992a5c
71006e5468	71009863e4,7100992a5c
71006e54c0	71009863e4,7100992a5c
71006e5af0	71006e5e08,71006e5e30,71006e5e58,71006e5e80,71006e5ea8,71006e5ed0,71006e5ef8,71006e5f20,7100961a44
71006e5cd0	710092ab50,710092b198
71006e5d30	710092ad50,710092b25c
71006e5d5c	71009603c0,7100960560
71006e5d90	710019e940,71009603c0,7100960560
71006e6140	71002b8c68,71009830f0,71009830f4,710144a510,710144a6a0
71006e6214	71002b8c68,71009830f0,71009830f4,710144a510,710144a6a0
71006e62ec	71002b8c68,71009830f0,71009830f4,710144a510,710144a6a0
71006e63c4	71002b8c68,71009830f0,71009830f4,710144a510,710144a6a0
71006e65f0	71002b8c68,7100961a44,710144a590
71006e6760	710092ab50
71006e67a0	710092ad50
71006e67b4	71009603c0,7100960560,71009830f4
71006e6850	710019e940,71006e67b4
71006e6a00	710092a820,7100961b24
71006e6a80	7100961a44
71006e6b10	710092ab50
71006e6b50	710092ad50
71006e6b64	71009603c0,7100960560
71006e6b98	710019e940,71009603c0,7100960560
71006e6c00	7100000280,71006e06b0,71006e0d80,71006e11a0,71006e17b0,71006e2920,71006e39d0,71006e4b00,71006e4cb0,71006e4db0,71006e5cd0,71006e6760,71006e6b10,71006e7170,71006e71b0,71006e9330,71006e9370,71006eb4f0,71006eb510,71006ed780,71006ed7c0,71006ee370,71006ee3b0,71006eee30,71006eee70,71006ef8f0,71006ef930,71006f03b0,71006f03f0,71006f0e70,71006f0eb0,71006f1930,71006f1970,71006f2910,71006f2950,71006f3570,71006f35b0,71006f43a0,71006f43e0,71006f51b0,71006f51d0,71006f56c0,71006f5700,71006f6840,71006f6880,71006f8570,71006f8ef0,71006f8f30,71006fa790,71006fa7d0,71006fc440,71006fe820,71006fed80,71006fedc0,7100700430,7100700450,7100703f90,7100703ff0,710070b530,710070b570,710070dfd0,710070dff0,710070e770,710070f5b0,7100711bd0,71007127c0,7100715ec0,7100718120,710071cbc0,710071dea0,710071ef60,710071f830,710071f9c0,71007202c0,7100720760,71007228a0,7100725550,710144a3f0,710144a400
71006e6da4	71006e0810,71006e0de0,71006e1200,71006e17f0,71006e2960,71006e3a10,71006e4b40,71006e50a0,71006e5d30,71006e67a0,71006e6b50,71006e7220,71006e93e0,71006eb5c0,71006ed830,71006ee420,71006eeee0,71006ef9a0,71006f0460,71006f0f20,71006f19e0,71006f29c0,71006f3620,71006f4450,71006f5240,71006f5770,71006f68f0,71006f8fa0,71006fa840,71006fee30,71007004f0,7100704060,710070b5e0,710070e060,710071efd0,710071f8a0,7100725590
71006e6e60	71006e6c00
71006e6f90	71006e88a0,71008e8880,710092a820,7100961b24,71009830f4
71006e70f0	71006e8b40,7100961a44
71006e7148	71006e8408
71006e7170	7100993840,71009939e0
71006e71b0	710092ab50,710092b198
71006e7220	710092ad50,710092b25c
71006e7250	71002c6a80,71009603c0,7100960560,71009670c8,71009830f4
71006e72dc	710019e940,71006e7250
71006e732c	71009863e4,7100992a44
71006e7544	710099333c,7100993350,71009933c4
71006e7690	71006e77f8,71006e84d8,7100992a8c,7100992ab4,7100993024,710099332c,710099380c,7100993834
71006e77f8	710099333c,7100993350,710099338c,71009933c4
71006e7958	71006e7544,71006e8520,7100992a8c,7100992ab4,7100993024,710099332c,710099380c,7100993834
71006e7aa0	71006e7544,71006e8780,7100992a8c,7100992ab4,710099332c,710099380c,7100993834
71006e7b4c	710098439c,710144a490
71006e7c10	710098439c,710144a490
71006e7ed0	71006e8040,71009836b4,7100992b6c,7100992b78,710099380c,7100993834
71006e8040	71006e8220,71009836b4,710144a490
71006e8220	71006e8ed8,710080c55c,71009830f0,710144a490
71006e83b8	710080c440,71009830f4
71006e83e4	710019e940,71006e83b8
71006e8408	71006e8040,7100964b70,71009764b4
71006e8474	71006e83b8,710098439c
71006e8520	710144a490,710144a580,710144a590,710144a5c0
71006e8780	710144a490
71006e88a0	710053d7a0,710094bd5c,7100976e64,71009830f0,71009830f4,710144a490,710144a510,710144a590,710144a6a0
71006e8b40	710069f910,710092d81c,710092d824,7100933ea4,7100960840,710144a490,710144a5d0,710144a640
71006e8ed8	710144a5d0
71006e9150	71006eaa60,71008e8880,710092a820,7100961b24,71009830f4
71006e92b0	71006ead00,7100961a44
71006e9308	71006ea5c8
71006e9330	7100993840,71009939e0
71006e9370	710092ab50,710092b198
71006e93e0	710092ad50,710092b25c
71006e9410	71002c6a80,71009603c0,7100960560,71009670c8,71009830f4
71006e949c	710019e940,71006e9410
71006e94ec	71009863e4,7100992a44
71006e9704	710099333c,7100993350,71009933c4
71006e9850	71006e99b8,71006ea698,7100992a8c,7100992ab4,7100993024,710099332c,710099380c,7100993834
71006e99b8	710099333c,7100993350,710099338c,71009933c4
71006e9b18	71006e9704,71006ea6e0,7100992a8c,7100992ab4,7100993024,710099332c,710099380c,7100993834
71006e9c60	71006e9704,71006ea940,7100992a8c,7100992ab4,710099332c,710099380c,7100993834
71006e9d0c	710098439c,710144a490
71006e9dd0	710098439c,710144a490
71006ea090	71006ea200,71009836b4,7100992b6c,7100992b78,710099380c,7100993834
71006ea200	71006ea3e0,71009836b4,710144a490
71006ea3e0	71006e8ed8,710080c55c,71009830f0,710144a490
71006ea578	710080c440,71009830f4
71006ea5a4	710019e940,71006ea578
71006ea5c8	71006ea200,7100964b70,71009764b4
71006ea634	71006ea578,710098439c
71006ea6e0	710144a490,710144a580,710144a590,710144a5c0
71006ea940	710144a490
71006eaa60	710053d7a0,710094bd5c,7100976e64,71009830f0,71009830f4,710144a490,710144a510,710144a590,710144a6a0
71006ead00	71006a3ea0,710092d81c,710092d824,7100933ea4,7100960840,710144a490,710144a5d0,710144a640
71006eb0c0	71009601ec,71009619e0,71009836b4
71006eb450	71006ec880,71006ecdb0,7100961a44
71006eb4c8	71006eca5c
71006eb4f0	71009939e0
71006eb510	710092ab50,710092b198
71006eb5c0	710092ad50,710092b25c
71006eb60c	71009603c0,7100960560
71006eb640	710019e940,71009603c0,7100960560
71006eb6b0	71002c6a80,71009603c0,7100960560,71009670c8,71009830f4
71006eb73c	710019e940,71006eb6b0
71006eb78c	71009863e4,7100992a44
71006eb8b0	710099333c,7100993350,71009933c4
71006eba4c	710098439c,710144a490
71006ebb10	710098439c,710144a490
71006ebc40	710098439c
71006ebc90	710098f4fc,710144a4e0,710144a4f0
71006ebe30	710144a4e0,710144a4f0
71006ebf00	710019e940,71006ebe30
71006ebf30	71006ec110,71009836b4,710144a490
71006ec110	71006e8ed8,710080c55c,71009830f0,710144a490
71006ec2a0	710080c440,71009830f4
71006ec358	710019e940,71006ec2a0
71006ec37c	71006ec2a0,710098439c
71006ec44c	71006ebc90,71006ec580,71006ed280,71006ed3c0,71009836b4
71006ec580	7100775190,710144a490
71006ec730	71006ec580
71006ec910	71006dd34c,710144a490
71006eca5c	71006ebf30,7100964b70,71009764b4
71006ecad0	71006dd3c0,71006eccc8,710144a490
71006eccc8	710053ce6c,71006eb098,71006eb0ac,710092af2c,710092afb0,71009606d0,7100961924
71006ecdb0	710069fdf0,71006dd340,71006eb098,71006eb0ac,71006ec44c,71006ec730,710092d81c,710092d824,7100933ea4,7100960840,7100960a9c,710144a490,710144a640,710144a6a0
71006ed280	71009830f0,71009830f4,710144a6a0
71006ed3c0	71009830f0,71009830f4,710144a6a0
71006ed680	7100693d94,710092a820,7100961b24
71006ed700	7100961a44
71006ed758	7100693700
71006ed780	7100993840,71009939e0
71006ed7c0	710092ab50,710092b198
71006ed830	710092ad50,710092b25c
71006ed85c	71009603c0,7100960560,71009830f4
71006ed8a0	710019e940,71009603c0,7100960560,71009830f4
71006ed918	71009863e4,7100992a44
71006eda3c	710099333c,7100993350,71009933c4
71006edb88	710098439c,710144a490
71006edc40	710098439c,710144a490
71006eddc8	71006ede60,71006edf90,7100992a8c,7100992ab4,710099332c
71006ede60	7100992af0,7100993024
71006edf90	7100693490,71009836b4,7100992b6c,7100992b78,710099380c,7100993834
71006ee104	710098f6bc
71006ee270	71006944ac,710092a820,7100961b24
71006ee2f0	7100961a44
71006ee348	7100693fd0
71006ee370	7100993840,71009939e0
71006ee3b0	710092ab50,710092b198
71006ee420	710092ad50,710092b25c
71006ee44c	71009603c0,7100960560,71009830f4
71006ee490	710019e940,71009603c0,7100960560,71009830f4
71006ee508	71009863e4,7100992a44
71006ee62c	710099333c,7100993350,71009933c4
71006ee778	710098439c,710144a490
71006ee830	710098439c,710144a490
71006ee9b8	71006eea80,7100992a8c,7100992ab4,7100993024,710099332c
71006eea80	7100693eb4,71009836b4,7100992b6c,7100992b78,710099380c,7100993834
71006eebc4	710098f6bc
71006eed30	71006c2ea0,710092a820,7100961b24
71006eedb0	7100961a44
71006eee08	71006c29c4
71006eee30	7100993840,71009939e0
71006eee70	710092ab50,710092b198
71006eeee0	710092ad50,710092b25c
71006eef0c	71009603c0,7100960560,71009830f4
71006eef50	710019e940,71009603c0,7100960560,71009830f4
71006eefc8	71009863e4,7100992a44
71006ef0ec	710099333c,7100993350,71009933c4
71006ef238	710098439c,710144a490
71006ef2f0	710098439c,710144a490
71006ef478	71006ef540,7100992a8c,7100992ab4,7100993024,710099332c
71006ef540	71006c28a8,71009836b4,7100992b6c,7100992b78,710099380c,7100993834
71006ef684	710098f6bc
71006ef7f0	71006c21c0,710092a820,7100961b24
71006ef870	7100961a44
71006ef8c8	71006c1ce4
71006ef8f0	7100993840,71009939e0
71006ef930	710092ab50,710092b198
71006ef9a0	710092ad50,710092b25c
71006ef9cc	71009603c0,7100960560,71009830f4
71006efa10	710019e940,71009603c0,7100960560,71009830f4
71006efa88	71009863e4,7100992a44
71006efbac	710099333c,7100993350,71009933c4
71006efcf8	710098439c,710144a490
71006efdb0	710098439c,710144a490
71006eff38	71006f0000,7100992a8c,7100992ab4,7100993024,710099332c
71006f0000	71006c1bc8,71009836b4,7100992b6c,7100992b78,710099380c,7100993834
71006f0144	710098f6bc
71006f02b0	7100695534,710092a820,7100961b24
71006f0330	7100961a44
71006f0388	7100694898
71006f03b0	7100993840,71009939e0
71006f03f0	710092ab50,710092b198
71006f0460	710092ad50,710092b25c
71006f048c	71009603c0,7100960560,71009830f4
71006f04d0	710019e940,71009603c0,7100960560,71009830f4
71006f0548	71009863e4,7100992a44
71006f066c	710099333c,7100993350,71009933c4
71006f07b8	710098439c,710144a490
71006f0870	710098439c,710144a490
71006f09f8	71006ede60,71006f0a90,7100992a8c,7100992ab4,710099332c
71006f0a90	71006945d0,71009836b4,7100992b6c,7100992b78,710099380c,7100993834
71006f0c04	710098f6bc
71006f0d70	7100696284,710092a820,7100961b24
71006f0df0	7100961a44
71006f0e48	7100695ae0
71006f0e70	7100993840,71009939e0
71006f0eb0	710092ab50,710092b198
71006f0f20	710092ad50,710092b25c
71006f0f4c	71009603c0,7100960560,71009830f4
71006f0f90	710019e940,71009603c0,7100960560,71009830f4
71006f1008	71009863e4,7100992a44
71006f112c	710099333c,7100993350,71009933c4
71006f1278	710098439c,710144a490
71006f1330	710098439c,710144a490
71006f14b8	71006ede60,71006f1550,7100992a8c,7100992ab4,710099332c
71006f1550	71006957c0,71009836b4,7100992b6c,7100992b78,710099380c,7100993834
71006f16c4	710098f6bc
71006f1830	7100697050,710092a820,7100961b24
71006f18b0	7100961a44
71006f1908	71006966d4
71006f1930	7100993840,71009939e0
71006f1970	710092ab50,710092b198
71006f19e0	710092ad50,710092b25c
71006f1a0c	71009603c0,7100960560,71009830f4
71006f1a50	710019e940,71009603c0,7100960560,71009830f4
71006f1ac8	71009863e4,7100992a44
71006f1c10	710099333c,7100993350,71009933c4
71006f1d5c	7100696d10,71006f1e4c,71006f1fac,7100992a8c,7100992ab4,710099332c,710099380c,7100993834
71006f1e4c	710099333c,7100993350,710099338c,71009933c4
71006f1fac	7100993024,71009931a8
71006f21d0	710098439c,710144a490
71006f2358	71006ede60,71006f23f0,7100992a8c,7100992ab4,710099332c
71006f23f0	71006963b0,71009836b4,7100992b6c,7100992b78,710099380c,7100993834
71006f2564	710098f6bc
71006f25f4	710098f6bc
71006f2870	7100697998,7100961a44
71006f28ec	7100697460
71006f2910	7100993840,71009939e0
71006f2950	710092ab50,710092b198
71006f29c0	710092ad50,710092b25c
71006f29ec	71009603c0,7100960560,71009830f4
71006f2a58	710019e940,71009603c0,7100960560,71009830f4
71006f2b00	71009863e4,7100992a44
71006f2c24	710099333c,7100993350,71009933c4
71006f2d70	710098439c,710144a490
71006f2e30	710098439c,710144a490
71006f2fb8	71006f3054,71006f31b0,7100992a8c,7100992ab4,710099332c
71006f3054	7100992af0,7100993024
71006f31b0	71006970e0,71009836b4,7100992b6c,7100992b78,710099380c,7100993834
71006f3330	710003ba60,71006e1328,71009601ec,71009619e0,7100961b24,7100961b40,7100967024,71009836b4,710144a5d0
71006f34f0	7100699520,7100961a44
71006f3548	7100697c9c
71006f3570	7100993840,71009939e0
71006f35b0	710092ab50,710092b198
71006f3620	710092ad50,710092b25c
71006f364c	71002c6a80,71009603c0,7100960560,71009670c8,71009830f4
71006f36b0	710019e940,71002c6a80,71009603c0,7100960560,71009670c8,71009830f4
71006f3748	71009863e4,7100992a44
71006f37dc	71006f3830,71006f3aa8,7100992ab4,7100993470
71006f3830	7100697f80,71006f3948,7100992a8c,7100992a98,710099380c,7100993834
71006f3948	710099333c,7100993350,710099338c,71009933c4
71006f3aa8	710069808c,71006f3948,7100992a8c,7100992a98,7100992ad8,710099380c,7100993834
71006f3bb8	7100698080,71006f3948,7100992a8c,7100992ab4,710099332c,710099380c,7100993834
71006f3c4c	710098439c,710144a490
71006f3d10	710098439c,710144a490
71006f3fd0	7100697ac0,71009836b4,7100992b6c,7100992b78,710099380c,7100993834
71006f4270	71006c0f88,71006c0f98,710092a820,7100961b24
71006f4300	71006c0f90,71006c0fa0,7100961a44
71006f4374	71006c0d44
71006f43a0	7100993840,71009939e0
71006f43e0	710092ab50,710092b198
71006f4450	710092ad50,710092b25c
71006f447c	71009603c0,7100960560
71006f44b0	710019e940,71009603c0,7100960560
71006f4518	71009863e4,7100992a44
71006f46a8	710099333c,7100993350,71009933c4
71006f47f4	71006c0f90,71006f4900,7100992a8c,7100992ab4,7100993024,710099332c,710099380c,7100993834
71006f4900	710099333c,7100993350,710099338c,71009933c4
71006f4a60	71006c0f98,71006f46a8,7100992a8c,7100992ab4,710099332c,710099380c,7100993834
71006f4b0c	71006c0fa0,71006f4900,7100992a8c,7100992ab4,7100993024,710099332c,710099380c,7100993834
71006f4cd0	710098439c,710144a490
71006f4f90	71006c0c6c,71009836b4,7100992b6c,7100992b78,710099380c,7100993834
71006f5100	71009601ec,71009619e0,71009836b4
71006f5184	71006c2320
71006f51b0	7100993840
71006f51d0	710092ab50,710092b198
71006f5240	710092ad50,710092b25c
71006f526c	71009603c0,7100960560
71006f52a0	710019e940,71009603c0,7100960560
71006f5308	71009863e4,7100992a38
71006f54a0	71006c2248,71009836b4,7100992b6c,7100992b78,710099380c,7100993834
71006f5610	71009601ec,71009619e0,71009836b4
71006f5694	71006c1610
71006f56c0	7100993840,71009939e0
71006f5700	710092ab50,710092b198
71006f5770	710092ad50,710092b25c
71006f579c	71009603c0,7100960560
71006f57d0	710019e940,71009603c0,7100960560
71006f5838	71009863e4,7100992a44
71006f59c4	710099333c,7100993350,71009933c4
71006f5b10	71006c1728,71006f5c1c,7100992a8c,7100992ab4,7100993024,710099332c,710099380c,7100993834
71006f5c1c	710099333c,7100993350,710099338c,71009933c4
71006f5d7c	71006c1738,71006f59c4,7100992a8c,7100992ab4,710099332c,710099380c,7100993834
71006f5e34	71006c1740,71006f5c1c,7100992a8c,7100992ab4,7100993024,710099332c,710099380c,7100993834
71006f6000	710098439c,710144a490
71006f62c0	71006c1538,71009836b4,7100992b6c,7100992b78,710099380c,7100993834
71006f65c0	710069e800,710069f240,71008e8880,710092a820,7100961b24,71009830f4
71006f67a0	710069ef30,710069f370,7100961a44
71006f681c	710069a80c
71006f6840	7100993840,71009939e0
71006f6880	710092ab50,710092b198
71006f68f0	710092ad50,710092b25c
71006f6920	71002c6a80,71009603c0,7100960560,71009670c8,71009830f4
71006f69dc	710019e940,71006f6920
71006f6a2c	71009863e4,7100992a44
71006f6b3c	71006f6cd0,71006f6f54,7100992ab4,7100993470
71006f6b8c	71006f7084,71006f732c,7100992ab4,7100993470
71006f6bdc	71006f746c,71006f75e8,7100992ab4,7100993470
71006f6c2c	71006f7728,71006f7a50,7100992ab4,7100993470
71006f6c7c	71006f7bac,71006f7d8c,7100992ab4,7100993470
71006f6cd0	710069b114,71006f6e08,7100992a8c,7100992a98,7100992ac0,710099380c,7100993834
71006f6e08	710099333c,7100993350,71009933c4
71006f6f54	710069b304,71006f6e08,7100992a8c,7100992a98,7100992ac0,7100992ad8,710099380c,7100993834
71006f7084	710069b154,71006f71cc,7100992a8c,7100992a98,7100992ac0,710099380c,7100993834
71006f71cc	710099333c,7100993350,710099338c,71009933c4
71006f732c	710069b5f0,71006f71cc,7100992a8c,7100992a98,7100992ac0,7100992ad8,710099380c,7100993834
71006f746c	710069b138,71006f6e08,7100992a8c,7100992a98,710099380c,7100993834
71006f75e8	710069b668,71006f6e08,7100992a8c,7100992a98,7100992ad8,710099380c,7100993834
71006f7728	710069b17c,71006f71cc,71006f788c,7100992a8c,7100992a98,710099380c,7100993834
71006f788c	71006f8504,71009954c0,710099553c
71006f7a50	710069b700,71006f71cc,71006f788c,7100992a8c,7100992a98,7100992ad8,710099380c,7100993834
71006f7bac	710069b1a0,71006f71cc,7100992a8c,7100992a98,710099380c,7100993834
71006f7d8c	710069b770,71006f71cc,71006f7ea4,7100992a8c,7100992a98,710099380c,7100993834
71006f7ea4	7100992ad8
71006f7f94	710069b2f8,71006f71cc,7100992a8c,7100992ab4,710099332c,710099380c,7100993834
71006f8028	710098439c,710144a490
71006f80e0	710098439c,710144a490
71006f83a0	710069a630,71009836b4,7100992b6c,7100992b78,710099380c,7100993834
71006f8504	710056973c
71006f8570	7100993840
71006f8634	71009836b4,710144a490
71006f8758	71006f88bc,7100992ab4,710099343c
71006f87cc	71006f88bc,7100992ab4
71006f8844	71006f88bc,7100992ab4,710099343c
71006f88bc	710099333c,7100993350,710099338c,71009933c4
71006f8a1c	710098439c,710144a490
71006f8c70	71006a3160,71006a3840,71008e8880,710092a820,7100961b24,71009830f4
71006f8e50	71006a34a0,71006a3960,7100961a44
71006f8ecc	71006a021c
71006f8ef0	7100993840,71009939e0
71006f8f30	710092ab50,710092b198
71006f8fa0	710092ad50,710092b25c
71006f8fd0	71002c6a80,71009603c0,7100960560,71009670c8,71009830f4
71006f908c	710019e940,71006f8fd0
71006f90dc	71009863e4,7100992a44
71006f91ac	71006f92a0,71006f951c,7100992ab4,7100993470
71006f91fc	71006f9648,71006f98e8,7100992ab4,7100993470
71006f924c	71006f9a24,71006f9b9c,7100992ab4,7100993470
71006f92a0	71006a0bcc,71006f93d0,7100992a8c,7100992a98,710099380c,7100993834
71006f93d0	710099333c,7100993350,71009933c4
71006f951c	71006a0d70,71006f93d0,7100992a8c,7100992a98,7100992ad8,710099380c,7100993834
71006f9648	71006a0c10,71006f788c,71006f9788,7100992a8c,7100992a98,710099380c,7100993834
71006f9788	710099333c,7100993350,710099338c,71009933c4
71006f98e8	71006a0f08,71006f788c,71006f9788,7100992a8c,7100992a98,7100992ad8,710099380c,7100993834
71006f9a24	71006a0c50,71006f9788,7100992a8c,7100992a98,710099380c,7100993834
71006f9b9c	71006a0f60,71006f9788,7100992a8c,7100992a98,7100992ad8,710099380c,7100993834
71006f9cec	71006a0d64,71006f9788,7100992a8c,7100992ab4,710099332c,710099380c,7100993834
71006f9d80	710098439c,710144a490
71006f9e40	710098439c,710144a490
71006fa100	71006a0040,71009836b4,7100992b6c,7100992b78,710099380c,7100993834
71006fa460	71006a4e8c,71006a4e9c,71006a8660,71006a8ce0,71008e8880,710092a820,7100961b24,71009830f4
71006fa670	71006a4e94,71006a4ea4,71006a89a0,71006a8ea0,7100961a44
71006fa768	71006a458c
71006fa790	7100993840,71009939e0
71006fa7d0	710092ab50,710092b198
71006fa840	710092ad50,710092b25c
71006fa870	71002c6a80,71009603c0,7100960560,71009670c8,71009830f4
71006fa90c	710019e940,71006fa870
71006fa95c	71009863e4,7100992a44
71006faaf0	71006faca0,71006faef4,7100992ab4,7100993470
71006fab40	71006faffc,71006fb27c,7100992ab4,7100993470
71006fab90	71006fb39c,71006fb4cc,7100992ab4,7100993470
71006fabe0	71006fb5f8,71006fb738,7100992ab4,7100993470
71006fac44	71006fbc90,71006fbd78,71006fbe68,7100992ab4,7100993470
71006faca0	71006a4e08,71006fada8,7100992a8c,7100992a98,7100992ac0,710099380c,7100993834
71006fada8	710099333c,7100993350,71009933c4
71006faef4	71006a4f0c,71006fada8,7100992a8c,7100992a98,7100992ac0,7100992ad8,710099380c,7100993834
71006faffc	71006a4e4c,71006fb11c,7100992a8c,7100992a98,7100992ac0,710099380c,7100993834
71006fb11c	710099333c,7100993350,710099338c,71009933c4
71006fb27c	71006a4fc8,71006fb11c,7100992a8c,7100992a98,7100992ac0,7100992ad8,710099380c,7100993834
71006fb39c	71006a4e3c,71006fada8,7100992a8c,7100992a98,710099380c,7100993834
71006fb4cc	71006a500c,71006fada8,7100992a8c,7100992a98,7100992ad8,710099380c,7100993834
71006fb5f8	71006a4e7c,71006f788c,71006fb11c,7100992a8c,7100992a98,710099380c,7100993834
71006fb738	71006a51a8,71006f788c,71006fb11c,7100992a8c,7100992a98,7100992ad8,710099380c,7100993834
71006fb874	71006a4e8c,71006fada8,7100992a8c,7100992ab4,710099332c,710099380c,7100993834
71006fb920	71006a4e94,71006fb11c,7100992a8c,7100992ab4,7100993024,710099332c,710099380c,7100993834
71006fba2c	71006a4e9c,71006fada8,7100992a8c,7100992ab4,710099332c,710099380c,7100993834
71006fbad8	71006a4ea4,71006fb11c,7100992a8c,7100992ab4,7100993024,710099332c,710099380c,7100993834
71006fbbe4	71006a4ee4,71006fada8,7100992a8c,7100992ab4,710099332c,710099380c,7100993834
71006fbc90	71006a4eec,71006fb11c,7100992a8c,7100992a98,710099380c,7100993834
71006fbd78	71006a51e0,71006fb11c,7100992a8c,7100992a98,7100992ac0,7100992ad8,710099380c,7100993834
71006fbe68	71006a521c,71006fb11c,7100992a8c,7100992a98,7100992ad8,710099380c,7100993834
71006fbf4c	710098439c,710144a490
71006fc010	710098439c,710144a490
71006fc2d0	71006a43b0,71009836b4,7100992b6c,7100992b78,710099380c,7100993834
71006fc440	71009939e0
71006fc460	71009863e4,7100992a44
71006fc898	71006fdbd8,71006fdcc4,7100992ab4,7100993470
71006fc8e8	71006fdde0,71006fde94,7100992ab4,7100993470
71006fc940	71006fe238,71006fe320,7100992ab4,7100993470
71006fc990	71006fe438,71006fe51c,7100992ab4,7100993470
71006fc9e0	71006aa5a0,71006fcaf0,7100992a8c,7100992ab4,7100992ac0,7100993024,710099332c,710099380c,7100993834
71006fcaf0	710099333c,7100993350,710099338c,71009933c4
71006fcc50	71006aa660,71006fcaf0,7100992a8c,7100992ab4,7100993024,710099332c,710099380c,7100993834
71006fcd5c	71006aa378,71006fce08,7100992a8c,7100992ab4,710099332c,710099380c,7100993834
71006fce08	710099333c,7100993350,71009933c4
71006fcf54	71006aa720,71006fce08,7100992a8c,7100992ab4,710099332c,710099380c,7100993834
71006fd000	71006aa578,71009836b4,7100992b6c,7100992b78,710099380c,7100993834
71006fd158	71006aa834,71006fcaf0,7100992a8c,7100992ab4,7100993024,71009931a8,710099332c,710099380c,7100993834
71006fd2e0	71006aa914,71006fce08,7100992a8c,7100992ab4,710099332c,710099380c,7100993834
71006fd3a0	71006aa930,71006fcaf0,7100992a8c,7100992ab4,7100993024,710099332c,710099380c,7100993834
71006fd4bc	71006aa890,71006fcaf0,7100992a8c,7100992ab4,7100993024,71009931a8,710099332c,710099380c,7100993834
71006fd644	71006aa524,71006fce08,7100992a8c,7100992ab4,710099332c,710099380c,7100993834
71006fd6f0	71006aa52c,71006fcaf0,7100992a8c,7100992ab4,7100993024,710099332c,710099380c,7100993834
71006fd7fc	71006aa9e8,71006fce08,7100992a8c,7100992ab4,710099332c,710099380c,7100993834
71006fd8a8	71006aa500,71006fce08,7100992a8c,7100992ab4,710099332c,710099380c,7100993834
71006fd974	71006aa508,71009836b4,7100992b6c,7100992b78,710099380c,7100993834
71006fdacc	71006aa0f0,71006fcaf0,7100992a8c,7100992ab4,7100993024,710099332c,710099380c,7100993834
71006fdbd8	71006aa304,71006fcaf0,7100992a8c,7100992a98,710099380c,7100993834
71006fdcc4	71006aa32c,71006fcaf0,7100992a8c,7100992a98,710099380c,7100993834
71006fdde0	71006aa380,71006fce08,7100992a8c,7100992a98,710099380c,7100993834
71006fde94	71006aa39c,71006fce08,7100992a8c,7100992a98,710099380c,7100993834
71006fdf9c	71006aa3e0,71006fce08,7100992a8c,7100992ab4,7100993024,710099332c,710099380c,7100993834
71006fe0d0	71006aa418,71006fcaf0,7100992a8c,7100992ab4,7100993024,710099332c,710099380c,7100993834
71006fe238	71006aa464,71006fcaf0,7100992a8c,7100992a98,710099380c,7100993834
71006fe320	71006aa47c,71006fcaf0,7100992a8c,7100992a98,710099380c,7100993834
71006fe438	71006aa4b0,71006fcaf0,7100992a8c,7100992a98,710099380c,7100993834
71006fe51c	71006aa4c0,71006fcaf0,7100992a8c,7100992a98,710099380c,7100993834
71006fe630	710098439c,710144a490
71006fe6f0	710098439c,710144a490
71006fe820	71009939e0
71006fe890	710098439c,710144a490
71006fe970	710098439c,710144a490
71006fecc0	71007029c0,7100961a44
71006fed18	71006fef60,7100964b70,71009764b4,710144a490
71006fed80	7100993840,71009939e0
71006fedc0	710092ab50,710092b198
71006fee30	710092ad50,710092b25c
71006fee5c	71002c6a80,71009603c0,7100960560,71009670c8,71009830f4
71006feec0	710019e940,71002c6a80,71009603c0,7100960560,71009670c8,71009830f4
71006fef60	71007023c4,7100892430,71008931b8,710144a490
71006ff180	71006ff1f0,71009863e4,7100992a44
71006ff1f0	71006ff4f0,71006ff698,71006ff734,71008a3564,7100987d00
71006ff300	710098439c,710144a490
71006ff3c0	710098439c,710144a490
71006ff4f4	7100987cf0
71006ff534	7100987cf0
71006ff69c	7100987cf0
71006ff6dc	7100987cf0
71006ff738	7100987cf0
71006ff778	7100987cf0
71006ff97c	71007022c4,71009836b4,7100992b6c,7100992b78,710099380c,7100993834
71006ffb0c	710098f6bc
71006ffb9c	710098f6bc
71006ffc2c	710098f6bc
71006fff10	710092a820,7100961b24
