caller	callees
7101000140	7100fb96b4,7100fc7b58,7100ff4620,71010003e0,71010024b0,71010026a0,710144aae0
7101000384	7100ff4680,7100ff46c0
71010003e0	7100fb9328,7100fb96b4,7100fb9778,7100fbc454,7100fbf3e4,7100fbf6c0,7100fbff44,7100fbff50,7100fc7b58,7100fc7c94,7100ff45d0,71010022ec,710100271c,7101004880,71010050bc,710100518c,71010052d0,7101007090,710101c9c0,7101020a7c,7101021178,7101021f84,7101032020,710103210c,7101032c50,710144a5d0,710144aae0
71010008e0	7100fb981c,7100fbc520,7100fbf428,7100fbff44,7100fbff74,7100ff4680,7100ff46c0,7101007610,710101ce88,710102121c,7101032054,7101032084,7101032b08,71010419b0
7101000b80	710019e940,71010008e0
7101000c90	7100fb9338,7100fb97e4,7100fbb4ec,7100fbbddc,7100fbbf00,7100fbc768,7100fbf69c,7100fbf6c0,7100fbff44,7100fbff74,7100fc2e2c,7100fc7b58,7100fc7c94,7100fca644,71010026a0,7101020abc,710103f718,7101041650,7101041940,710144a580,710144a5d0,710144aae0
7101001118	7100fbb4ec,7100fbbf98,7100fc08d4,7100fc1114,7100fc3744,7100fca644,7101004b80,7101005128,710100522c,710102110c,7101033320,710103fb90,7101041940,710144a5d0
710100133c	710102110c,7101033320
71010013b0	7100fc7b58,7100fca510,710144aae0
7101001480	7100fbc4d0,7100fbc768,7100fc7b58,7100fc7c94,7101004934,710144aae0
710100159c	7100fc0834,7100fc7b58,7100fc7c94,7101011eac
7101001700	7101001740
7101001740	7100fbc4d0,7100fc7b58,7100fc7c94,7101008cc0,710144aae0
7101001854	7101001894
7101001894	7100fbc4d0,7100fc7b58,7100fc7c94,7101008cc0,710144aae0
71010019a8	7100fc7b58,710144aae0
7101001a48	7101011fb4
7101001a50	7101011fc8
7101001a58	71010075b4
7101001aec	7100fc7b58,7101021178,710102121c,7101021238,7101021388,71010213ac,710144aae0
7101001ba8	7100fbc768,7100fc08d4,7100fc7b58,7101020abc,710102110c,7101033320,710144aae0
7101001ca0	7100fffe80,7101009fe4,710100edc0,7101011ee0,7101012e2c,710103d4e4,710103e470,7101041940
7101001de0	7100fc08d4
7101001df0	7100fbc818
7101001e44	710100ae04
7101001e54	7100fbc818,7101002ff4,710100ad68
7101001f30	710103d4dc,7101041940
7101001ff0	710103d4dc,7101041940
7101002078	7100fc7b58,710144aae0
710100215c	71010131d0
71010021b4	7101013254
71010021d8	7100fbb4ec,7100fbb614,7100fc2e2c
7101002244	710103fc88,710144a580
71010022a4	7101008e40
71010022ac	710103d4c0,7101041940
71010022ec	7101006e4c,7101032020,7101032044,7101032790,71010327b4,71010327bc
7101002390	7100fb8ab0,7100fb94d8,7100fc78ec,7100fc7b58,7101002710,710144aae0
71010024c0	7100fb9728,7100fc7b58,710144aae0
71010025a0	7100fb96b4,7100fb970c,7100fb9764,7100fc7b58,710144aae0
71010026b0	7100fb95b8,7100fc7a44,71010025a0
7101002710	710144b310
710100271c	7101002f64
7101002748	710019e940,7101002744
71010028a4	7100fc7c94,710100133c,7101001ba8,7101008478,7101021178,710102121c,710144aae0
7101002aa8	710144aae0
7101002b70	7101004470
7101002b9c	7100fc08c8,7100fc7c94,71010418b0,710144aae0
7101002f64	7100fbc454,7100fc4ef4,710144aae0
7101002fc8	7100fbc520,7100fc4f40
710100302c	7100fc7c94,7101002b9c,710144aae0
710100337c	7100fc7c94,710100133c,7101002b9c,7101008024
7101003444	7100fc5b54,7100fc5b6c,7100fc7c94,710100133c,7101002b9c,71010080d8,71010080f4,71010081a8,710144aae0
71010036e8	71010080d8
7101003748	7100fc7c94,710100133c,7101002b9c,7101008534,710100886c,710144aae0
7101003880	7100fc5b54,7100fc7c94,710144aae0
7101003afc	7100fc5b54,7100fc7c94,710100133c,7101002b9c,71010083a8
7101003c3c	7100fc7b58,7100fc7c94,710100133c,7101002b9c,710100845c,7101008478,710100852c,710144aae0
7101003f58	710100845c
7101003fcc	7100fbc4d0,7100fbc818,710100133c,7101002b9c
710100408c	7100fbc4d0,7100fc7b58,7100fc7c94,7101002b9c,710144aae0
7101004220	7100fbc538,7100fc7b58,7100fc7c94,7101001ca0,7101002b9c,710144aae0
710100433c	7100fbc5a4,7100fbc610,7100fc7b58,7100fc7c94,710100133c,7101002290,710144aae0
7101004470	7100fbc4d0,7100fbc610,7100fc7c94,710144aae0
710100451c	7100fc08c8,710100133c,71010418b0,710144aae0
7101004880	7100fbc454,7100fc4ef4,7100fc7b58,710144aae0
71010048f4	7100fbc520,7100fc4f40
710100491c	710019e940,71010048f4
7101004934	7100fbc524,7100fc5b54,7100fc7b58,710144aae0
7101004a18	710100451c,71010086e8,7101008a20
7101004b80	7100fbc4d0,7100fbc610,7100fc7c94,710144aae0
7101004c30	710100133c
7101004c7c	7100fc7c94,710100451c,710100879c,71010087b8
7101004d2c	7100fc7c94,710100451c,71010086e8,7101008ad4,7101008af0,710144aae0
7101004e6c	710100451c
7101004f3c	7100fc7b58,7101002290,710144aae0
710100501c	7100fbb4ec,7100fbb614,7100fc3d20,7100fc5b54,7100fc5b6c
71010050bc	7100fbc454,7100fc4ef4
71010050e8	7100fbc520,7100fc4f40
7101005110	710019e940,71010050e8
7101005128	7100fbc4d0,7100fbc610
710100518c	7100fbc454,7100fc4ef4,710144aae0
71010051ec	7100fbc520,7100fc4f40
7101005214	710019e940,71010051ec
710100522c	7100fbc4d0,7100fbc610,7100fc7c94,710144aae0
71010052d0	7101002f64
71010052f8	710019e940,71010052f4
71010053b4	710102c72c
71010053e8	7100fb96b4,7100ff45d0,7101005b38
7101005478	7100ff4680
71010054a4	7100fb96b4,7100ff45d0,7101005614
71010054d4	7100ff4680
7101005500	7100fb96b4,7100ff45d0,710101f184
7101005530	7100ff4680
710100555c	7100fb96b4,7100ff45d0,710101f1ec
710100558c	7100ff4680
71010055b8	7100fb96b4,7100ff45d0,7101021114
71010055e8	7100ff4680
7101005614	710102cbcc
710100564c	710019e940,7101005648
71010057d4	710102d160
7101005808	710103e470,7101041940
7101005858	7101041940
71010058b4	7100fb981c,7100fca990,710102df2c,710103d4dc,710103e610,7101041940
710100599c	7101035bfc,710144a580
7101005a80	7100fb981c,7100fca990,710103d4dc,710103e610,7101041940
7101005b38	710102f8b0
7101005b78	710019e940,7101005b74
7101005d40	7101005f80,7101006170,71010063f0,710101dbc0,7101035ca0,71010360c4
7101005f80	710101faf0,710102cae4,7101030fc0,71010312b4,7101035cf0,7101041940,710144a5d0
7101006170	7100fca5cc,7100fca950,710101faf0,710102cae4,7101030fc0,71010312b4,7101035cf0,7101041940,710144a5d0
71010063f0	7100fca5cc,710102cae4,7101030fc0,71010312b4,7101035cf0,710144a5d0
7101006528	7101005d40,710101faf0,7101041940
7101006608	7101005d40,710103e470,7101041940
71010066cc	7101005f80,7101006170,71010063f0,710101dbc0,7101035ca0,71010360c4,710103e470,7101041940
7101006be0	7101041940
7101006c30	7100fb96b4,7100ff45d0
7101006cf0	7100ff4680,7100ff46c0
7101006d28	710019e940,7101006cf0
7101006e4c	7100fbc454,7100fbff44,7101013314,7101014410,7101021178,71010216c4,7101031c74,7101032020,710144a5d0,710144aae0
7101006fa0	7100fbc520,7100fbf428,710101446c,710102121c,710102177c,7101031d24
7101007050	710019e940,7101006fa0
7101007068	710019e940,7101006fa0
7101007090	7100fb96b4,7100fbff44,7100fbff50,7100fbff74,7100fc7b58,7100ff45d0,7101013b5c,7101013c00,7101014470,7101014ec0,71010166e8,7101016be0,71010186c4,7101018b94,71010199b0,710101a350,710101b58c,71010217a0,710103210c,7101032c50,710144aae0
7101007610	7100ff4680,7100ff46c0,71010146d4,7101015104,710102192c,7101032054,7101032084,7101032b08
71010077e0	7100fc7b58,710101a808,710144a5d0,710144aae0
7101007858	7101007880,7101019204
710100799c	7100fc7c94,7101021178,71010211b8,710102121c,7101021238,7101031e38
7101007d0c	7101016b08,710101731c,7101018918,7101019204,7101019bc4
7101007dc0	710100a9f0,710100dd20,710103e798,7101041940
7101007eb8	7100fbc768,7100fbc7f0,7100fbc818,7100fc7b58,7100fc7c94,7101016754,710144aae0
7101008024	7100fbc4d0,7100fc7b58,7101007eb8,710144aae0
71010080f4	7100fc7b58,710144aae0
71010081a8	71010081b0
71010081b0	7100fbc6a4,7100fc7b58,710144aae0
7101008274	7100fbc768,7100fbc7f0,7100fbc818,7100fc7b58,7101016cb8,710144aae0
71010083a8	7100fbc4d0,7100fc7b58,7101008274,710144aae0
7101008478	7100fc7b58,710144aae0
710100852c	71010081b0
7101008534	7100fbc4d0,7100fbc524,7100fbc538,7100fbc768,7100fbc7f0,7100fbc818,7100fc7b58,7101019a74,710144aae0
71010086e8	7100fbc4d0,7100fc7b58,7101008534,710144aae0
71010087b8	7100fc7b58,710144aae0
710100886c	7100fbc4d0,7100fbc524,7100fbc538,7100fbc768,7100fbc7f0,7100fbc818,7100fc7b58,7101018720,710144aae0
7101008a20	7100fbc4d0,7100fc7b58,710100886c,710144aae0
7101008af0	7100fc7b58,710144aae0
7101008ba4	710100dfb0,710101aa04,7101021960,7101021dc0
7101008c40	710100dfb0,7101021960,7101021dc0
7101008cc0	7100fbc768,7100fc7c94,710101b600,710144aae0
7101008d60	7100fbc768,7100fbc7f0,7100fbc818,7100fc7b58,7101018c58,710144aae0
7101008e40	7100fbc818
7101008f70	7100fbc818,710100b600,710100cd30,710100d1b4,710100dad4,710100e780,7101010990,71010119f4,7101011ae0,7101012164,7101012568,71010129f4,7101012c98,710102e1b8,7101031ffc,7101032094,71010320d0,7101041940
7101009310	7100fc5b6c,71010099e0,710101bea0,710103d4dc,7101041940
7101009420	7100fbc818,7100fc5b54,7100fc5b6c,7101007880,710100a380
7101009500	7100fbc818,7100fc5b54,7100fc5b6c,7100fc7b58,710100159c,7101009c10,710100a000,710101b170,710103d4dc,710103d4e4,7101041940,710144aae0
71010096a0	7101035130
7101009880	710100dd20,710100dfb0,7101021960,7101021990,7101021dc0,7101031fec,710103e810,7101041940
71010099e0	7100fc5b54,7100fc7b58,710100159c,7101012610,710103e7a0,7101041940,710144aae0
7101009c10	7100fc5b54,7100fc5b6c,7101001a28,710100a380,7101012610,7101012fa0,710103d4dc
710100a000	7100fbc818,7100fc5b54,7100fc5b6c,710100a230,710103d4dc,7101041940
710100a230	7100ffc048,7100ffc128,710100af1c,7101021364
710100a380	7100fc5b54,7100fc5b6c,7100fc7b58,710100159c,7101007880,7101008d60,710100a230,710100a8a0,710100a9f0,710100dfb0,7101014060,710101aa04,710101d5c0,7101021960,7101021dc0,7101031fd8,710103d4dc,710103e470,710103e4f0,710103e7a0,7101041940,710144aae0
710100a9f0	7101009c10,710100a9f0,710100dfb0,7101015970,71010164c0,710101d750,710101faf0,71010211b8,710102121c,7101021238,7101021960,7101021dc0,7101021f74,710103d4dc,710103d4e4,71010418ec,7101041940
710100ad68	7101008d60
710100ad88	7101031ee4,7101041bdc
710100ae04	7100fb981c,7100fca990,710100a9f0,7101014060,710103e610,7101041940
710100af1c	7100fc7b58,7101030bf0,7101030e24,7101031fec,7101032020,7101032030,710144aae0
710100b040	7100fbf3e4,7100fbf428,7100fbf6c0,7100fc7c94,7100ffc048,7100ffc128,710100af1c,710100b378,710100b478,7101015bc0,710101eda0,710101ef94,7101021178,710102121c,7101021364,7101021370,710102137c,7101034800,7101034a20,7101041940,710144a580,710144a5d0,710144aae0
710100b378	7100fb981c,7100fb9a00,7100fbaa20,7100fca990
710100b478	7100fbf6c8,7100fbf6d8,7100fc7b58,710144aae0
710100b600	7100fb9778,7100fb981c,7100fba870,7100fbc818,7100fbf3e4,7100fbf428,7100fbf6c0,7100fca5cc,7100fca5f4,7100fca910,7100fcaa38,7100fcaba4,7101001f30,710100211c,710100218c,7101008ba4,7101008c40,710100c0c8,710100c39c,710100c524,710100c650,710100c6b0,710100c7e0,710100c890,710100c930,710100cbb0,7101015970,7101015dc0,7101016004,71010165a0,710101ee28,710101f09c,7101021364,7101021f30,7101034800,7101034c90,710103e470,710103e4f0,7101041940,710144a580,710144a5d0
710100c0c8	7100fc7c94,7100fca5cc,7100fca950,7100ffc048,7100ffc128,710100af1c,710101f0e8,7101021178,710102121c,7101021364,710144aae0
710100c39c	7100fbf6d0,7100fbf6d8,7100fc7b58,710144aae0
710100c524	7100fc7c94,7100fca5f4,710100af1c,710144aae0
710100c6b0	7100fc5b54,7100fc5b6c,7101041940
710100c7e0	7100fc5b54
710100c930	7100fb981c,7100fc7b58,7100fc7c94,7100fca910,7100fca990,710100a9f0,710101f0e8,7101021178,710102121c,7101021364,710103e470,710103e610,7101041940,710144aae0
710100cbb0	7100fca950,7101016630,710101d060,710101f070,710101fc1c,7101021178,710102121c,7101021388,710103e470,7101041940
710100cd30	7101017368,7101021178,710102121c
710100ce00	7100fca5f4,7101001f30,710100211c,7101009c10,710100c0c8,710101d1d0,710101d360,710101dd04,710101ff64,7101021370,7101034c90,710103d4e4,71010418ec,7101041940
710100d1b4	7100fbc818,7100fc7b58,7100fc7c94,710100c368,7101017358,71010173e0,710101d420,710101ff64,7101021178,710102121c,7101034c90,7101041940,710144aae0
710100d8b8	7101005b20,7101006c1c,710101d120,7101020254,7101031fec,7101031ffc,7101041940
710100d98c	7100fc7c94,7100ffc048,7100ffc128,710100af1c,710100b378,7101021364,710144aae0
710100dad4	7100fb9778,7100fb981c,7100fba870,7100fc7c94,7100fca5cc,7100fcaa38,7100ffc048,7100ffc128,710100a9f0,710100af1c,710101f0e8,7101021178,710102121c,710103e4f0,7101041940,710144aae0
710100dd20	7100fc5b54,7100fc5b6c,7101035130
710100dfb0	7100fb981c,7100fb9a00,7100fbaa20,7100fbf3e4,7100fbf428,7100fbf6c0,7100fc7b58,7100fc7c94,7100fca990,710100b478,710100dd20,710100e640,710101eda0,710101ef94,710101f0e8,7101021178,710102121c,7101021370,710102137c,710103d4dc,7101041940,710144a580,710144a5d0,710144aae0
710100e640	710100b478,710144a580
710100e780	7100fbc818,7100fc7b58,7100fc7c94,710100e9ac,710100eb70,710100edc0,710100ef40,710100f2bc,710100f360,710100f3dc,7101021364,7101021c18,7101021d44,7101021d78,710144aae0
710100e9ac	7100fbc818,710100f2bc,710100f660,710100fc00,7101021238,71010212f4,7101021364
710100eb70	7100fc7b58,7100fc7c94,710100a9f0,7101041940,710144aae0
710100edc0	710100f470
710100ef40	7100fbc818,7101009c10,710100cbb0,7101015970,71010163f0,710101d120,710101d420,710101ee28,710101f09c,710101ff64,710103d4e4,71010418ec,7101041940
710100f2bc	710100af1c
710100f3dc	7101010e00,71010149b0,7101014d70,7101014e14,7101031fec
710100f470	7100fca5cc,7100fca950,7100fcaae8,7100fcab34,7101009c10,710101ed7c,710101ed90,710101ee28,710101eed8,710101f070,710101f09c,7101021178,710102121c,7101031f94,710103d4c8,710103d4e4,7101041bdc
710100f660	7100fb9778,7100fb981c,7100fba870,7100fbf3e4,7100fbf428,7100fbf69c,7100fbf6c0,7100fbff44,7100fbff50,7100fbff74,7100fc0038,7100fc7b58,7100fc7c94,7100fca5cc,7100fca950,7100fcaa38,71010099e0,710100a380,710100c39c,710100c930,71010141e4,7101031f94,710103e470,7101041940,710144a580,710144a5d0,710144aae0
710100fc00	7100fbf428,7100fc5b54,7100fc5b6c,7101010424,7101010520,7101010650,7101010770,710103d4dc,710103e4f0,7101041940
7101010424	7100fbf3e4,7100fbf6c0,710101368c,710144a5d0
7101010520	7100fbf6f8
7101010650	710100c39c,710144a580
7101010770	7100fbf428,7101013740,7101013874,7101013a34
7101010990	7100fc5b54,7100fc5b6c,710100dd20,710100dfb0,7101021960,7101021bd4,7101021dc0,7101021dd4,7101021ed8,7101035130,710103e4b0,7101041940
7101010e00	710100e640
7101011030	710100dd20,710103d4dc,7101041940,710144a5d0
7101011110	7100fbf428,710100dfb0,710100f470,7101010424,7101010650,71010118e0,710101aa04,7101021960,7101021dc0,710103e4b0,710103e4f0,710103e540,7101041940
71010118e0	710100af1c
71010119f4	7101011110,7101014c10,7101014d80,7101014dbc,710103e4b0,7101041940
7101011ae0	7100fc5b54,7100fc5b6c,7101035130,710103e4b0,7101041940
7101011eac	7100fc7c94
7101011ee0	710100f470,710103e470,7101041940
7101011fb4	71010153e0
7101011fc8	7101016230
7101011fd8	7101016470
7101012164	7100fb9778,7100fb981c,7100fba870,7100fbc818,7100fca5cc,7100fcaa38,7101008d60,710100a9f0,710100af1c,7101012484,710102032c,71010212f4,710103e470,7101041940
7101012484	710100af1c
7101012568	7100fbc818,7101019c80
7101012610	7100fc7b58,7100fc7c94,7101014060,71010142d0,710144aae0
71010129f4	71010099e0,710100dfb0,710101aa04,7101021960,7101021dc0,7101031f04,710103d4dc,710103e470,7101041940
7101012b6c	7100fc7c94,710100af1c,710103e4f0,7101041940,710144aae0
7101012c98	7100fc7b58,710100159c,71010099e0,710103e470,7101041940,710144aae0
7101012e2c	7100fc7b58,710144aae0
7101012eac	7101009c10,710100dfb0,7101021960,7101021dc0
7101012f4c	7100fc7b58,7100fc7c94
7101012fa0	7100fbf428,7100fc5b54,7101010424,7101010770,710101eda0,710101ef94
71010130b8	710100ce00,710100dfb0,7101021960,7101021dc0
7101013140	710100ce00,710100dfb0,7101021960,7101021dc0
71010131d0	710100dfb0,7101021960,7101021dc0
710101326c	7100fc7fc4,710103e798,7101041940
7101013314	7101010424
710101368c	7100fbf6c0,710144a5d0
7101013740	7100fbf69c,710144a580
7101013874	7100fbf3e4,7100fbf69c,7100fbf6c0,710144a580,710144a5d0
7101013a34	7100fbf69c,710144a580
7101013b5c	7101014e28,7101032020,7101032044,7101032790,71010327b4,71010327bc
7101013c00	7100fc7b58,7101013e60,710144aae0
7101013e60	7100fc7b58,710144aae0
7101014060	7100fc7b58,710144aae0
71010141e4	7100fbf3e4,7100fbf6c0,7100fca5cc,710144a5d0
71010142d0	7100fc7b58,710144aae0
7101014410	710144a5d0
7101014470	7100fb96b4,7100fc5b54,7100fc7b58,7100ff45d0,710144a5d0,710144aae0
71010146d4	7100ff4680,7100ff46c0
71010149b0	7100fc5b54,7100fc5b6c,7100fc7c94,7101021178,710102121c,7101021364,710102cae4,7101030bf0,7101030e24,7101032020,7101032030,710144a580,710144aae0
7101014c10	710144a580,710144a5d0
7101014e28	7100fbff44,7101031c74
7101014ea8	710019e940,7101014ea4
7101014ec0	7100fb96b4,7100fbff44,7100fbff50,7100fbff74,7100fc7b58,7100ff45d0,710144aae0
7101015104	7100ff4680,7100ff46c0
7101015250	7100fbff44,7100fbff74
71010153e0	7100fbff44,7100fbff74
7101015470	7100fbff44,7100fbff74,7101031ebc
7101015780	7101015eb8,7101016100,710102e1b8,7101031ffc,7101032094,71010320d0
7101015970	7100fbff74,7100fbff98,710101e1e0,7101031f04,7101031fd8
7101015a74	7101015bc0,7101021364,7101030bf0,7101030e24,7101031fec,7101032020,7101032030
7101015bc0	7101015cc8
7101015cc8	7100fb981c,7100fb98b0,7100fb9a00,7100fb9a44,7100fca990,7100fcaac4,7100fcab2c,7100fcab60,7100fffd00
7101015dc0	710101ded0
7101015eb8	7101015970,7101015dc0,7101016004,710101f0e8,7101021178,710102121c,7101021364,7101031f04,7101031fd8,710103e4f0,7101041940
7101016004	7101030bf0,7101030e24,7101031fec,7101032020,7101032030,710144a580
7101016100	7101015cc8,7101031f04,7101031fd8
7101016230	7100fb981c,7100fbff50,7100fbff74,7100fbff98,7100fc0038,7100fc5b54,7100fca5cc,7100fca910,7100fca950,7100fca990,7101015970,7101015cc8,710101ded0,710103e610,7101041940
71010163f0	7101015cc8
71010164c0	7100fbff74,7100fbff98,7100fca910
71010165a0	7100fbff50,7100fc0038,7100fc5b54,7100fc5b6c
7101016630	7100fca910,7101015cc8,710101ded0,7101041940
71010166e8	7100fc4ef4,710144aae0
710101673c	710019e940,7101016738
7101016754	7100fbc4d0,7100fbc524,7100fc7b58,710144aae0
71010167e0	7100fc7c94,71010021ac,710100cbb0,710100d140,710100d188,710101d1d0,710101ee28,710101f070,710101f09c,710101ff64,7101021238,7101021364,7101021370,710102137c,7101021388,710102186c,71010330b0,710103d4e4,71010418ec,7101041940,710144aae0
7101016b08	7100fbc610
7101016b40	7100fbc538,7100fbc5a4,7100fc7b58,710144aae0
7101016be0	7100fc4ef4,7100fc7b58,710144aae0
7101016ca0	710019e940,7101016c9c
7101016cb8	7100fbc4d0,7100fbc524,7100fc5b54,7100fc5b6c,7100fc7b58,7100fc7c94,710144aae0
710101731c	7100fbc610
7101017358	7100fc7c94
7101017368	7100fc5b6c
71010173ec	7100fbc538,7100fbc5a4,7100fc7b58,710144aae0
7101017498	7100fbc538,7100fbc5a4,7100fbc610,7100fc5b54,7100fc5b6c,7100fc7b58,7100fc7c94,7101008e40,710100b040,71010173ec,7101017a4c,7101021178,710102121c,710103e4f0,7101041940,710144aae0
7101017a4c	710100a9f0,710100cbb0,710101f070,7101021238,7101021364,7101021370,710102137c,710103e470,7101041940
7101017b68	7100fbc538,7100fbc5a4,7100fbc610,7100fc5b54,7100fc5b6c,7100fc7b58,7100fc7c94,71010173ec,710144aae0
71010186c4	7100fc4ef4
7101018708	710019e940,7101018704
7101018720	7100fbb4ec,7100fbbf0c,7100fbc4d0,7100fbc524,7100fc7b58,710144aae0
71010187b8	7100fbc5a4,7100fc5b54,7100fc5b6c,7100fc7b58,7101008e40,7101009854,710100d98c,7101019204,710144aae0
7101018918	7100fbc538,7100fc7b58,710144aae0
7101018990	7100fbc538,7100fc7b58,7101007dc0,710144aae0
71010189fc	7100fbc5a4,7100fc5b54,7100fc7b58,7101008e40,7101009854,7101019204,710144aae0
7101018b94	7100fbc454,7100fc4ef4,7101021178,710144aae0
7101018c00	7100fbc520,7100fc4f40,710102121c
7101018c40	710019e940,7101018c00
7101018c58	7100fc5b54,7100fc5b6c,7100fc7b58,7100fc7c94,7101001a28,7101021178,710102121c,7101021238,710144aae0
7101018de8	7100fc5b54,7100fc7c94,710101f0e8,7101021178,710102121c,7101021238,710103e470,7101041940,710144aae0
7101019204	7100fbc4d0,7100fbc610,7100fc7c94,710144aae0
71010192a4	7100fc5b54,7100fc5b6c,7100fc7b58,7101012f4c
7101019370	7100fc5b54,7100fc5b6c,7100fc7c94,710100215c,710100ae04,710100f3dc,7101011030,7101011fd8,710102032c,71010211b8,710102121c,7101021238,7101021284,71010216c0,7101041940,710144aae0
710101983c	7100fc5b54,7100fc7c94,7101018c58,710102032c,7101041940,710144aae0
71010199b0	7100fc4ef4,7100fc7b58,7101021178,710144aae0
7101019a34	7100fc4f40,710102121c
7101019a5c	710019e940,7101019a34
7101019a74	7100fbc4d0,7100fbc524,7100fc7b58,710144aae0
7101019b00	7100fbc818,7100fc5b54,7100fc5b6c
7101019bc4	7100fbc538,7100fc7b58,7100fc7c94,7101021178,710102121c,7101021238,710144aae0
7101019ca8	7100fbc538,7100fbc5a4,7100fc7b58,7101007dc0,710144aae0
7101019d4c	7100fc5b54,7100fc5b6c,7100fca8ac,71010130a8,710102032c,7101021364,7101041940,710144aae0
710101a080	7100fc5b54,7100fc5b6c,71010130a8,710102032c,7101041940
710101a200	7100fc5b54,7100fc5b6c,710102032c,7101041940
710101a350	7100fc4ef4,7100fca5cc,7100fca620,710144aae0
710101a7f0	710019e940,710101a7ec
710101a808	7100fca620
710101aa04	7100fc5b54,7100fc7b58,7100fca5cc,7100fca620,7100fca950,7101012b6c,710103d4dc,710103e4f0,710103e6a0,7101041940,710144aae0
710101b170	7100fc5b54,7100fc5b6c,7100fca620,7101012b6c,710103e4f0,7101041940
710101b298	7100fbc5a4,7100fc08c8,7100fc7b58,710144aae0
710101b4c0	7100fbc5a4,7100fc08c8,7100fc7b58,71010418b0,710144aae0
710101b58c	7100fbc454,7100fc4ef4
710101b5c0	7100fbc520,7100fc4f40
710101b5e8	710019e940,710101b5c0
710101b600	7100fbc524,7100fc7b58,710144aae0
710101b74c	7100fbc538,7100fbc5a4,7100fbc610,7100fc7b58,710100215c,710101b298,710101b4c0,710144aae0
710101b8f4	7100fbc538,7100fbc5a4,7100fbc610,7100fc7b58,710100215c,710101b298,710101b4c0,710144aae0
710101ba8c	7100fbc5a4,7100fc5b54,7100fc7b58,710101b298,710144aae0
710101bbc0	7100fbc538,7100fbc5a4,7100fc5b54,7100fc5b6c,7100fc7b58,7101001a28,7101001a30,710100215c,710101b298,710101b4c0,710144aae0
710101bd40	7100fbc538,7100fbc5a4,7100fbc610,7100fc7b58,710100215c,710101b298,710144aae0
710101bec0	7100fb96b4,7100fc7b58,7100ff45d0,7100ff4620,710101e350,710144aae0
710101c000	7100fc7b58,7100fc7c94,7101015cc8,710101c280,710144aae0
710101c280	7100fc7b58,7100fc7c94,710101e790,710101e8d0,710144aae0
710101c59c	7100fbff98,7100fbffc0,7100fc7b58,7101015cc8,710101dfc0,710101e8d0,710144aae0
710101c798	7100fb96b4,7100fc7b58,7100ff4620,710101c978,7101029690,71010296a0,710144aae0
710101c928	7100ff4680,7100ff46c0,710101c9b4
710101c978	7100fca5cc
710101c9c0	7100fb96b4,7100fbff44,7100fc7b58,7100fca5cc,7100ff45d0,710101bec0,710101cb60,710144aae0
710101cb60	7100fb96b4,7100ff45d0
710101ce88	7100ff4680,7100ff46c0,710101cf60
710101cf60	7100ff4680,7100ff46c0
710101d060	710101c000
710101d120	7100fbff98,7100fbffc0,7101015cc8,710101dfc0
710101d1d0	7100fbff50,7101015cc8,710101dd10,710101dfc0,710144aae0
710101d360	7101015cc8,710101dfc0
710101d420	7100fbff50,7101015cc8,710101dd10,710101dfc0,710144aae0
710101d5c0	7101015cc8,710101dd10,710101dfc0,710144aae0
710101d750	7100fc7c94,7101015cc8,710101c59c,710101dd10,710101dfc0,710144aae0
710101dbc0	7100fb981c,7100fc7b58,7100fca990,7100fcaa38,710144aae0
710101dd10	7100fca5cc,7100fca950
710101de70	7100fca950
710101ded0	7101015cc8,710101dfc0,710144aae0
710101dfc0	7100fc7b58,710144aae0
710101e140	7101015cc8,710101dfc0
710101e1e0	7101015cc8,710101dfc0,710103d4dc,710144aae0
710101e350	7100fc7b58,710101e5b0,710144aae0
710101e5b0	7100fc7b58,710144aae0
710101e790	7100fc7b58,710144aae0
710101e8d0	7100fc7b58,710144aae0
710101ea58	7100fc7b58,7100fc7c94,7101000140,7101002390,71010024c0,71010025a0,710144aae0
710101ebb8	7101000384,7101001118,71010026b0
710101ebf8	7100fbf3e4,7100fbf6c0,7101021178,710103d364,710144a5d0
710101ed08	7100fbf428,710102121c,710103d3b4
710101ed64	710019e940,710101ed08
710101ed7c	710103d3f8
710101ed98	710103d444
710101eda0	7100fc7b58,710144aae0
710101ee3c	710103d4f8
710101ee88	710103d4f8
710101eed8	7100fbf6c0,7101021178,710102121c,7101021238,710103d5bc,710144a5d0
710101ef94	7100fbf69c,7100fc7b58,710144aae0
710101f070	7101021238,710103d4c0
710101f09c	7100fbf69c
710101f0e8	7100fc7b58,7101021238,710144aae0
710101f184	710101ebf8,710103d984
710101f1ac	710101ed08,710103d99c
710101f1d4	710019e940,710101f1ac
710101f1ec	7100fbff44,710103de78
710101f248	710101f27c,710103def4
710101f27c	7100ff4680,7100ff46c0,710101f920,710103210c,7101032b08,7101032c50,710103bc10,710103e190
710101f388	710019e940,710101f248
710101f3a0	7100fb96b4,7100fc7b58,7100fc7c94,7100ff45d0,7100ff4620,7101020380,710144aae0
710101f540	7100fb96b4,7100fbff44,7100fbff50,7100fbff74,7100fc0038,7100fc7b58,7100ff45d0,710101ebf8,710103e984,710144aae0
710101f760	7100fc7b58,7100fc7c94,7100fea4ac,710101f3a0,710101f540,7101032084,710103210c,7101032c50,710103b91c,710103df10,710144aae0
710101f920	7100fbff74,7100fbff98,7100ff4680,7100ff46c0
710101fa00	7100fc7b58,710144aae0
710101fb3c	7100fc7b58,710103e4f0,710144aae0
710101fc1c	7100fc5b54,7100fc5b6c,7100fca8ac,710101ee88
710101ff64	7100fc5b54,7100fc5b6c,710101ffe0
710101ffe0	7100fc7b58,7100fc7c94,71010207c0,7101020940,710144aae0
7101020254	710101ed98,71010207c0
710102032c	7100fb981c,7100fca990,7101021364,710103e610
7101020380	7100fc7b58,71010205e0,710144aae0
71010205e0	7100fc7b58,710144aae0
71010207c0	7100fc7b58,710144aae0
7101020940	7100fc7b58,710144aae0
7101020a7c	7100fc4ef4
7101020aa4	710019e940,7101020aa0
7101020abc	7100fc7b58,710144aae0
7101020b78	7100fc7b58,7100fc7c94,710100137c,7101001384,710100159c,71010418b0,710144aae0
7101021114	7101044610
7101021138	7101044840,710104488c
7101021160	710019e940,7101021138
7101021178	7100fca5cc,7100fca620
71010211b8	7100fca5cc,7100fca950
7101021220	710019e940,710102121c
7101021238	7100fca950
7101021284	7100fca910
71010212f4	7100fca910
7101021364	7100fca5f4
71010213bc	7100fc7b58,7100fc7c94,7100fca668,7100fca670,710144aae0
71010215a4	7100fc7b58,7100fc7c94,7100fca668,7100fca7b4,710144aae0
71010216c4	710144a5d0
7101021780	710019e940,710102177c
71010217a0	7100fb96b4,7100fc7b58,7100ff45d0,710102186c,710144aae0
710102186c	710144a5d0
710102192c	7100ff4680,7100ff46c0
7101021960	710144a5d0
7101021990	7100fc5b54,7100fc5b6c,710102cae4,7101030bf0,7101032020,7101032030,710103e810,7101041940,710144a580
7101021bd4	710103e810,7101041940
7101021c18	710144a580,710144a5d0
7101021dd4	7101021e10
7101021e10	71010202e0,710103d4dc,710103e810,7101041940
7101021ed8	7101021e10
7101021f30	710103e810,7101041940
7101021f84	7100fbc454,7100fc4ef4
7101021fb8	7100fbc520,7100fc4f40
7101021fe0	710019e940,7101021fb8
7101021ff8	7100fbc4d0,7100fbc610
7101022054	710144a5d0
710102206c	7101022054,710144a5d0
71010220d0	7100faca88,710102206c,710144a5d0
7101022284	7100fad300,71010222ac
71010222ac	7100fad770,7100ff4680,7100ff46c0
710102235c	710019e940,7101022284
710102268c	7100faff70,7100fb16e8,7100fb1744,7100fc7b58,7101022950,7101022a50,7101022b30,7101022c30,710144a5d0,710144aae0
7101022950	7100fb96b4,7100fb970c,7100ff45d0,71010419b0
7101022a50	7100fb96b4,7100fb970c,7100ff45d0,71010419b0,710144a5d0
7101022b30	7100fb96b4,7100fb970c,7100ff45d0,71010419b0
7101022c30	7100fb96b4,7100fb970c,7100ff45d0,71010419b0
7101022d30	7100fc7b58,710102303c,7101031f94,710144a580,710144a5d0,710144aae0
710102303c	7100fc7b58,7101031f94,710144aae0
7101023324	7101031f94
71010233e0	7100fc7b58,7101023754,7101031f94,710144a580,710144aae0
7101023754	7100fc7b58,7101024d10,7101031f94,710144aae0
7101023984	7100fc7b58,7101022d30,710144aae0
7101023a20	7100fb168c,7100fc5b54,7100fc5b6c,7100fc7b58,7100fc7c94,7101022d30,710102303c,7101023324,71010241bc,71010243d0,7101024670,7101031f04,7101031f94,710144a5d0,710144aae0
71010241bc	7100fc7b58,710102303c,7101031f94,710144aae0
71010243d0	7101031f94
710102462c	7101031f94
7101024670	71010233e0,7101023754,71010279c0
7101024760	7100fc5b54,7100fc7b58,7101031f94,710144a5d0,710144aae0
7101024b74	7100fc7b58,7101031f94,710144aae0
7101024d10	7101031f94
7101024e50	7101031f94
7101024ed0	7101024d10,7101031f94
7101024fa8	7101031f94
7101025014	7100faddb8,7100fc7b58,7101031f04,7101031f94,710144aae0
7101025104	7100fadfd0,7101025160,7101025500,71010255f0,7101025850,7101025e60,7101031f94
7101025160	7100fb1070,7100fc7b58,7100fc7c94,7101022054,71010260fc,7101026330,7101026630,7101031f94,710144a580,710144a5d0,710144aae0
7101025500	7100fb17a0,7101028370,7101031f94
71010255f0	7100fb09fc,7100fc5b54,7100fc5b6c,7100fc7c94,7101022d30,71010241bc,7101024fa8,7101027094,71010271c0,71010272ec,7101031f94,710144aae0
7101025850	7101031f04,7101031f94
7101025e60	7101031f04,7101031f94
7101026048	7100fc7b58,710144aae0
71010260fc	7100fc7b58,7101026048,710144aae0
7101026330	71010268e0,7101031f94
7101026630	7100fc5b54,7100fc7c94,71010269f0,7101026a90,7101026b60,7101026e7c,7101031f94
71010268e0	7101024760,7101031f94
71010269f0	7100fc7b58,7101026048,710144aae0
7101026a90	7100fc7b58,710144aae0
7101026b60	7101031f94,710144a580
7101026e7c	7101031f94,710144a580,710144a5d0
7101027094	7100fb09fc,7100fc7b58,7100fc7c94,7101028680,7101031f94,710144a580,710144aae0
71010271c0	7100fb09fc,7100fb0c10,7100fb166c,7100fc7c94,7101027420,7101031f94
71010272ec	7100fc7b58,710144aae0
7101027420	7100fb166c,7100fc7b58,71010272ec,710102819c,71010288c0,7101031f94,710144a580,710144aae0
71010279c0	7100fc7b58,7101031f94,710144a5d0,710144aae0
7101027fa0	710102cae4,7101031ffc
710102819c	7100fc7b58,710144aae0
71010282e0	7100fc7b58,71010272ec,710144aae0
7101028370	7101031f94
7101028680	7100fc7b58,71010272ec,710144aae0
71010288f4	7100fb9100,7100fc7b58,7100fc7c94,7101028b58,7101028f60,71010290a0,7101029180,7101029190,710144aae0
7101028b58	7100fc7b58,7100fc7c94,710102268c,7101028eb8,7101032084,710103210c,7101032c50,710144aae0
7101028ca0	7100fb9120,71010222ac,7101029290,7101032054,710103210c,7101032b08,7101032c50
7101028e30	710103210c,7101032c50
7101028eb8	71010220d0,7101032020,7101032044,7101032790,71010327b4,71010327bc
7101028f60	7100fb8ab0,7100fb94d8,7100fc78ec,7100fc7b58,71010292f0,710144aae0
71010290a0	7100fb9728,7100fc7b58,710144aae0
7101029190	7100fb96b4,7100fb970c,7100fb9764,7100fc7b58,710144aae0
7101029290	7100fb95b8,7100fc7a44,7101029190
71010292f0	710144b310
7101029300	7100fb8ab0,7100fb94d8,7100fc78ec,7100fc7b58,710102c6f0,710144aae0
7101029440	7100fb95b8,7100fc7a44,71010294b0,710103f444
71010294b0	7100fb9678,7100fb96d0,7100fb9764,7100fc7b58,710144aae0
71010295b0	7100fb9728,7100fc7b58,710144aae0
71010296ac	71010363a4
71010296d4	7100fc6eb4,7100ff4680,71010363d8
7101029768	7100fc6eb4,7100ff4680
71010297e8	710019e940,71010296d4
7101029a14	7100fc7b58,7101031e38,7101031f04,7101031fec,7101031ffc,7101037d34,710144aae0
7101029b50	7101031ebc,7101031f04
7101029ba8	7101031ee4,7101031f04,7101031f94,7101037da0,71010380d0,7101041bdc
7101029c9c	7100fc6ec4,7100fc7b58,7100fc7c94,710103a2d0,710144aae0
7101029df0	7100fc6ec4,7100fc7b58,7100fc7c94,7101039a40,710144aae0
7101029f24	7100fc6ec4,7100fc7b58,7100fc7c94,7101039630,710103b2e0,710144aae0
710102a0b4	7100fc7b58,7100fc7c94,7101031fec,71010384c0,710144aae0
710102a1d0	7100fc7b58,7101031f04,7101031fec,7101038450,710103a540,710144aae0
710102a54c	710102aff0
710102a834	7101038d40
710102a884	7101037824
710102a8b8	710102a8e0,71010378a0
710102a8e0	7100ff4680,7100ff46c0
710102a9d0	710019e940,710102a8b8
710102a9f0	7100fb08d0,7100fb96b4,7100fb970c,7100fc7b58,710102ac50,710102ad60,710102ae60,710102c1a0,7101032084,7101041948,71010419b0,710144aae0
710102ac50	7100fb96b4,7100fb970c,7100ff45d0,71010419b0
710102ad60	7100fb96b4,7100fb970c,7100ff45d0,71010419b0
710102ae60	7100fb96b4,7100fb970c,7100fc5b54,7100ff45d0,71010419b0,710144a5d0
710102b0c4	7101041948
710102b2f0	7100fc5b54,7100fc5b6c,710103a95c,710144a580,710144a5d0
710102b5a0	710144a5d0
710102b6c8	7100fc7b58,710102b8a0,710102bcc0,7101037804,71010389c4,710103b090,710144a580,710144a5d0,710144aae0
710102b8a0	710144a5d0
710102bcc0	7100fc7b58,710144a580,710144aae0
710102c1a0	7100fc5b54,7100ff45d0,710144a5d0
710102c2b4	7100fc7b58,710144aae0
710102c560	7100fc7b58,710144aae0
710102c6f0	710144b310
710102c6fc	7101031c74
710102c720	7101031d24
710102c768	7100fc7b58,710144aae0
710102c7b0	7100fc7b58,710144aae0
710102c7fc	7100fb9328
710102c920	7100fb9328,7100fb9338,7100ff4680,7100ff46c0
710102c990	7100fc7b58,710144aae0
710102c9dc	7100fb9328,7100fb9338,7100fc7b58,710144aae0
710102ca94	7100fb9328,7100fb9338
710102cae4	7100fbdea8
710102cb48	7100fbdea8,71010418d4
710102cbcc	710102c7fc,710102e7c0
710102cc3c	710102e7c4
710102cfa0	7100fc6eb4,7100fcbb6c,7100fcbca0,7100ff4680,7100ff46c0,710102c920
710102d158	710102ca94
710102d160	7100fcb16c,7100fcb2e0,710102cac4,710102cac8,710102d4b0,710102d5cc,710102d730,710102d7f0,710102dc20,710102e9d0,710102eec4,710102f7b8,710102f8ac,71010418bc,710144a580,710144a5d0
710102d5cc	7100fc7c94,7100fcb7b0,710102cac4,710144a5d0
710102d730	7100fc7b58,7100fc7c94,7100fcbcac,7100fcbeb8,7100fcbedc,710144aae0
710102d7f0	7100fc6ec4,7100fca5cc,7100fca950,7100fcaba4,710102dd24,710103587c,71010358e4,71010358e8,7101035bfc,710103dcb8,7101041bdc,710144a5d0
710102dc20	710102e7d0,710102f7b8,710103e4b0,7101041940,710144a5d0
710102dd24	7100fc7b58,710102e640,710144aae0
710102de00	7100fc5f60,710102cac8,710103d23c,710103e5b0,7101041940,7101041bdc
710102df24	710102f814
710102df2c	710102cac8,710103d4dc,710103e4b0,710103e5b0,7101041940,710144a5d0
710102e140	710103d4dc,710103e5b0,7101041940
710102e1c0	7100fc7b58,710102e420,710144aae0
710102e420	7100fc7b58,7100fca5cc,7101032020,710144aae0
710102e640	7100fc7b58,7100fca950,710144aae0
710102e7d0	7101041940
710102e860	710102f060,7101032020,7101032054
710102e8dc	7100fc5b54,7100fc7b58,710102f060,710144aae0
710102e9d0	7100fc7b58,7100fcb9b4,710102f320,710102f3c0,7101032074,710103207c,710103587c,71010358e4,71010358e8,7101035c60,710103e5b0,7101041940,710144a580,710144aae0
710102eec4	710103dcb8,7101041940,7101041bdc
710102ef70	7100fc5b54,7100fc5b6c
710102efd4	7100fc7b58,710144a580,710144aae0
710102f060	710102f0c0,7101032054
710102f1d0	7101032074,710103210c,7101032114
710102f320	7101032094
710102f3c0	710102f1d0,7101032094
710102f4a8	7100fc7b58,710102f540,710144aae0
710102f540	7100fb96b4,7100fb970c,7100fcb174,7100ff45d0,71010419b0
710102f620	7100fcb2dc,7100ff4680,7100ff46c0
710102f6dc	7100fcb244
710102f8b0	7100fcc1e8,710102c7fc,7101031a40,7101035c64,710144a5d0
710102f974	7100fcc200,7101031a58,7101035c98
710102fb00	7100fcc288,710102c920
710102fd28	710102ca94,710102f6c0,7101035c90,710144a5d0
7101030bf0	7100fc7b58,7101035ce8,71010360c4,710144aae0
7101030c84	7100fc5b54,7100fc5b6c,7100fc7b58,7100fc7c94,7100fcc294,7100fcc7d8,7100fcc810,7100fcc97c,710144aae0
7101030e24	7100fca8ac,710102cae4,7101030fc0,7101035ca0,7101035cf0,71010360c4,710103e5b0,7101041940,710144a5d0
7101030fc0	7100fca8ac,7100fca910,710102f764,71010314b0
71010310a4	7100fc5b54,7100fc5b6c,7100fc7b58,7100fc7c94,7100fcc294,7100fcc7d8,7100fcc810,7100fcc97c,710144aae0
71010312b4	7100fca8ac,7100fca950,7100fcb244,7100fcb324,710102f6dc,710102f8ac,710103e5b0,7101041940,710144a5d0
71010314b0	7100fcb16c,710102cb48,71010310a4,7101031704,7101032020,7101035ea0,7101041940,710144a5d0
7101031704	7100fc7b58,7101032074,710103210c,7101032114,710144aae0
710103189c	7100fc7b58,7101032064,710103206c,710103207c,710144aae0
7101031a5c	7100fc7b58,710144aae0
7101031af0	7100fc5b6c,710103d4dc,7101041940,710144a5d0
7101031c74	7100fc6e88,7101032020
7101031d24	7100fc6eb4
7101031d4c	7100fc7b58,710144aae0
7101031d90	7100fc6e90
7101031e38	7100fc7b58,710144aae0
7101031f04	7101032074,7101041788
7101031f94	7101032074
7101032138	7101032150
7101032150	7100ff4680,7100ff46c0
710103233c	710019e940,7101032138
7101032360	7100fb96b4,7100fc7b58,7100ff45d0,7100ff4620,7101032510,71010419b0,710144aae0
7101032510	7100fc7b58,71010352b0,710144aae0
7101032770	710103210c
7101032790	7100ff4680,7100ff46c0
71010327b4	7101022c30
71010327bc	7101031d3c,710103210c,71010328e4
71010328e4	7100fc7b58,7100fc7c94,71010354c0,7101035600,71010356f0,710144aae0
7101032b08	7100ff4680,7100ff46c0,710103210c,7101035600,71010356f0
7101032c50	7101035600
7101032cf0	7100fc7b58,7101031ff4,7101032004,710144aae0
7101032f40	7101031ff4,7101032004
71010330b0	7100fc7b58,7100fc7c94,7101033320,710144aae0
7101033480	7100fc7b58,7101033680,710144aae0
71010337e0	7101032074,710103210c,7101032114,710104165c,7101041788,7101041950,7101045074
7101033e10	7100fc5b54,7100fc5b6c,7101032074
7101034010	7100fc5b54,7100fc5b6c,7101032074,710103449c
7101034fc0	7100fc6eb8
71010352b0	7100fc7b58,7101032020,710144aae0
71010354c0	7100fc7b58,710144aae0
7101035600	7100fc7b58,7101032094,710144aae0
71010356f0	7100fc7b58,7101032094,710144aae0
710103587c	7100fca5cc,7101032020,710144a5d0
71010358e8	7100fc7c94,7100fca950,7100fcb150,7100fcb9b4,710103189c,7101032020,7101035ae0,710144a580
7101035ae0	7100fc7b58,7101032064,710103206c,7101032074,710103207c,710103210c,7101032114,710144aae0
7101035bfc	710103e4b0,7101041940
7101035c64	71010361a4,710144a5d0
7101035ca0	7100fcb244
7101035cf0	7100fcb334,7101031704,7101032020,7101035f70,71010360d4,710144a580
7101035ea0	71010360d4
7101035f70	7101032020
71010360d4	7101032074,710103210c,7101032114
71010361a4	7101032020,71010361d8
71010361d8	7101032020
71010363a4	710102c6fc
71010363d8	710102c720,7101036400
7101036400	7100fc6eb4,7100ff4680,7100ff46c0
71010364b8	710019e940,71010363d8
7101036930	7101031ebc
7101036990	710102cae4,7101031f04,7101031fec,7101036a20
7101036a20	7100fc5b54,7100fc5b6c,7100fc6ec4,7101031f94,710103b2e0,710144a3f0,710144a400
7101036cd8	7100fc7b58,7100fc7c94,7101031f94,7101031fec,7101039a40,710104165c,710144aae0
7101036e60	7100fc7b58,7101031ffc,7101038450,7101039630,710144aae0
71010376e0	7101038450,7101038d40
7101037804	710144a580
7101037824	7100fc5b54,7101032020,710144a5d0
71010378a0	7100ff4680,7100ff46c0,7101032054,7101032084
7101037968	710019e940,71010378a0
7101037d34	710102cae4
7101037da0	7100fc5b54,7100fc7b58,710144aae0
71010380d0	7100fc7b58,7101038360,71010383f0,710144aae0
7101038570	7100fc7b58,7100fc7c94,710102c560,7101032084,71010389f0,710144a5d0,710144aae0
71010389f0	7100fc5b54,7100fc7b58,710144a510,710144a580,710144a5d0,710144aae0
7101038d40	7100fc5b54,7100fc5b6c,7100fc7b58,710102c2b4,7101032084,7101039480,71010395ac,710144a5d0,710144aae0
7101039480	7100fc5b54,7100fc5b6c,710103cd1c,710104165c,7101041940
71010395ac	710144a5d0
7101039630	7100fc7b58,710144a580,710144aae0
7101039a40	7100fc7b58,7101039b60,710144a5d0,710144aae0
7101039b60	7100fc5b54,7100fc7b58,7101032084,710103a400,710144a580,710144a5d0,710144aae0
710103a2d0	7100fc7b58,7101039b60,710144a5d0,710144aae0
710103a400	710144a580
710103a5f0	7100fc7b58,710144aae0
710103a95c	7100fc5b54,7100fc7b58,710102b8a0,710102c2b4,7101041948,710144a580,710144a5d0,710144aae0
710103af18	7100fc7b58,710102b8a0,710102bcc0,710103b090,710144a580,710144a5d0,710144aae0
710103b640	7100fc7b58,710144aae0
710103b76c	7100fc7b58,710144aae0
710103b864	710102c6fc
710103b904	710019e940,710103b900
710103b91c	7100fc5b54,7100fc7b58,710103ba00,710103bb00,710144aae0
710103ba00	7100fb96b4,7100fb970c,7100ff45d0,71010419b0
710103bb00	7100fb96b4,7100fb970c,7100ff45d0,71010419b0
710103bc10	7100fc5b54,7100ff4680,7100ff46c0
710103bdf0	7100fc5b54,7101031ebc
710103bf24	7100fc5b54,7100fc5b6c,7101031fd8,710103b620,710103c6b8,710103cbd0
710103c010	7100fc5b54,7100fc5b6c,710102e1b8,7101031f04,7101031fd8,7101031ffc,7101032094,71010320d0,710103b620,710103b76c,710103c6b8,710103c924,710103e4f0,7101041940,710144d750
710103c5e8	7101031ee4,7101031f04,7101031f94,7101041bdc
710103c6b8	7100fc7b58,7100fc7c94,7101030bf0,7101031f04,7101031f94,7101031fec,7101032020,71010418d4,710144aae0
710103cbd0	7101031f04,7101031f94,7101031fd8,7101041bdc
710103cd1c	7101031f94,710144d750
710103d1c4	710019e940,710103d1c0
710103d1dc	7100fc7b58,710144aae0
710103d364	7100fca5cc,710103d198
710103d3b4	710103d1c0
710103d3e0	710019e940,710103d3b4
710103d3f8	7100fc7b58,710144aae0
710103d444	7101041950,7101045000
710103d4f8	7100fc5b54,7100fc5fb0,7100fca950,710103d1dc,7101041950,7101045000
710103d5bc	7100fca5cc,7100fca620,7100fca950,710103d234,7101041950,7101045000
710103d63c	710103cd1c,7101041940
710103d6a8	710103ced0,7101041940
710103d714	710103cf60,7101041940
710103d9a0	710019e940,710103d99c
710103da04	710103d790
710103da20	710103d790
710103da4c	710103e540
710103da90	710103e4f0
710103db20	7100fca910,710103e5b0
710103db88	7100fb981c,7100fbab6c,7100fca990,710103e610
710103dcb8	710103e4b0
710103de78	7100fbff44,7101032020
710103df10	7100fb96b4,7100fbff44,7100fbff50,7100fbff74,7100fc7b58,7100ff45d0,710144aae0
710103e190	7100fbff74,7100fbff98,7100ff4680,7100ff46c0
710103e288	7100fbff50,7100fbff74,7100fbff98,7100fc0038
710103e5b0	7100fca910
710103e610	7100fb981c,7100fbab6c,7100fca990
710103e6a0	7100fc7b58,7100fca950,710144aae0
710103e7a0	710103d4dc
710103e810	710103d4dc,710144a5d0
710103e8dc	7101032020
710103e918	710103210c,7101032c50
710103e98c	7100fc5b54,7100fc7b58,710103211c,710144aae0
710103eb7c	7101032138
710103eb90	7100fb96b4,7100fc7b58,7100ff4620,7100ff4680,7100ff46c0,7101029690,71010296a0,710103e98c,710103eb7c,710103ed7c,710144aae0
710103ed7c	7100fbb4ec,7100fbbeb0,7100fc7b58,7100fc7c94,7101032084,7101032360,710103fd40,710103fd90,710103fdd0,710103fe70,710103ff70,710103ffa0,7101041c5c,71010448a8,710144aae0
710103f444	7100ff4680,7100ff46c0,710103eb7c,710103f49c
710103f49c	7100fbb4ec,7100fbbeb8,7100ff4680,7100ff46c0,710102e8d8,7101032054,7101032150,7101032b08,710104488c
710103f718	7100fc7b58,7100fc7c94,7101033480,710103f870,710144aae0
710103f870	7100fbc768,7100fbf398,7100fc7b58,7100fc7c94,71010296a0,710102e8dc,710102ef6c,7101032cf0,7101041fa8,71010448ec,710144aae0
710103fb90	7100fc7c94,710102e9b0,7101032f40,7101033680,710104209c,71010449e8,710144aae0
710103fc88	7100fc7b58,7100fc7c94,710102c9dc,710144aae0
710103fd40	7100fb96b4,7100fbc6b0,7100ff45d0
710103fd90	7100fb96b4,7100ff45d0,710102e860
710103fdd0	7100fb96b4,7100ff45d0,7101041d30
710103fe70	710103210c,7101032c50
710103ff70	7100fb96b4,7100ff45d0
710103ffa0	7100fb96b4,7100ff45d0
710103ffcc	7100fc5b54,7100fc5b6c,7100fc7b58,7100fc7c94,7100fca510,7101033e10,7101034010,7101040608,71010406e0,71010495d4
7101040608	7100fc5be4,7100fc6eb8,7101034fc0,71010449f8,7101049654
71010406e0	7100fc5b54,7100fc5b6c,710102efd4,710102f060,7101032020,7101032054
7101041650	7101031a5c
710104165c	7100fc7b58,710144aae0
7101041788	7100fc7b58,710144aae0
71010418b0	7100fc7b58
71010419b8	710102ef70
71010419e4	7100fc7b58,710102efd4,710144aae0
7101041b98	710102ef6c
7101041be4	7100fb99d8
7101041c24	710019e940,7100fbc6cc
7101041c3c	710103ffcc
7101041c5c	7101032020,7101032044,7101032790,71010327b4,71010327bc,7101044220
7101041d00	7101032020
7101041d30	7100fb96b4,7100fc6e88,7100fc7c94,7100ff45d0,71010427c0,7101042818,7101043dd4,7101043e20,710144aae0
7101041eb4	7100fc6eb4,7100ff4680,71010419b0,7101042948,7101043f50
7101041f90	710019e940,7101041eb4
7101041fa8	7100fc6e90,7100fc7b58,7100fc7c94,71010493a0,710144aae0
710104209c	7100fc6e90,7101049500
71010424d8	7100fc7b58,710144a580,710144aae0
7101042620	7100fc7b58,710144a580,710144aae0
7101042778	7100fc530c
71010427a8	7100fc530c
71010427c0	7101048c6c
7101042800	710019e940,71010427fc
7101042818	7100fc7b58,71010430f0,7101048fc0,710144aae0
7101042948	7101049220
7101042cc8	7100fbff44,7100fbff50
7101042f50	7100fb970c,7100fbff50,7100fc6ea0,7100ff45d0
7101043028	7100fbcab0,7100fbff44,7100ffc048,7101042cc8,7101042f50
7101043094	7100fbcabc,7100fc6eb4,7100ff4680,7100ff46c0
7101043100	7100fbff44,7100fbff74,7100fc6e90
7101043160	7100fb981c,7100fbff44,7100fbff50,7100fbff74,7100fbff98,7100fc0038,7100fc5b54,7100fc6ec4,7100fc7b58,7100fca5cc,7100fca990,7100fcaa38,7100fcab3c,7100fcafc0,7100fcb2dc,7100fcb398,710144aae0
71010435b0	7100fb9778,7100fb981c,7100fbff50,7100fc0038,7100fc5b54,7100fc5b6c,7100fc6ec4,7100fc7b58,7100fcb174,7100fcb244,7100fcb398,7100ffc128,7101043c40,710144aae0
7101043758	7100fb981c,7100fbff50,7100fbff74,7100fbff98,7100fc0038,7100fc4d3c,7100fc5b54,7100fc5b6c,7100fc6ec4,7100fc7b58,7100fc7c94,7100fca990,7100fcb174,7100fcb244,7100fcb2dc,7100ffc128,7101043c40,710144aae0
7101043c40	7100fb97a0,7100fb981c,7100fb99d8,7100fba9bc,7100fbcac0,7100fbcac4,7101041be4
7101043dcc	7100fc6eb8
7101043dd4	7101048c6c
7101043e08	710019e940,7101043e04
7101043e20	7100fc7b58,71010430e8,7101048fc0,710144aae0
7101043f50	7101049220
7101043f68	7100fb9778,7100fb981c,7100fc4d3c,7100fc7b58,7100fc7c94,7100fcb9b4,710102f7b8,710102f814,710102f858,71010419b0,71010435b0,7101049644,710144aae0
7101044220	7100fb96b4,7100fc3d24,7100fcb174,7100ff45d0,7101031c74
7101044280	7100fc3d40,7100fcb2dc,7100ff4680,7101031d24
71010442d0	710019e940,7101044280
7101044334	7100fc3fe4
7101044364	7100fb99d8,7100fc7b58,7100fc7c94,7100fcad44,7100fcb244,7100fcb334,7101031704,7101032020,71010444f8,710144a580,710144aae0
71010444f8	7100fb9778,7100fb981c,7100fc3d44,7100fc40c0,7100fc43fc,7100fc4928,7100fc7c94,710144aae0
7101044610	7101044640
7101044640	710102f060,7101032020,7101032054,7101045550,7101045640
7101044840	7100fc6eb4
7101044890	710019e940,7101044840
71010448a8	7100fc7b58,710144aae0
71010448ec	7100fc7b58,7101041948,7101045550,71010456d0,710144aae0
71010449f8	7100fc7b58,7100fc7c94,7101034e50,7101041958,7101041984,7101044b74,7101044c80,710144aae0
7101044b74	7100fc7b58,71010419b8,71010419e4,7101041b98,710144aae0
7101044c80	7100fc5b54,7100fc5b6c,7100fc6f08,7100fc7b58,7101032084,7101045620,7101045900,71010459a0,710144aae0
7101045074	7101045ab0
71010455c4	7100fc6e88,7100fc6e90,7101032020,7101032054
7101045640	7100fc6e90,7101032054,71010455c4
71010456d0	7100fc6e90,7101032054
7101045740	7100fc6eb4,7101032074,710103210c,7101032114
7101045900	7101032094
71010459a0	7100fc6e90,7101032054,7101032094,7101045740
7101045ab0	7100fc6e90,7101032054,7101032094
7101045c4c	7100fb9100,7100fc7b58,7100fc7c94,7101029300,71010294b0,71010295b0,7101029690,710103eb90,71010461b8,7101046284,7101046360,710104643c,710144aae0
71010461b8	7100fc7b58,7100fc7c94,710103210c,7101032c50,7101046dac,710104a120,710144aae0
7101046284	7100fc7b58,7100fc7c94,710103210c,7101032c50,7101046efc,710144aae0
7101046360	7100fc7b58,7100fc7c94,710103210c,7101032c50,710104704c,710144aae0
710104643c	7100fc7b58,7100fc7c94,710103210c,7101032c50,710104719c,710144aae0
7101046520	7100fb9120,7101029440,7101032054,710103210c,7101032b08,7101032c50,7101049c00
7101046c64	710103210c,7101032c50
7101046d00	710103210c,7101032c50
7101046dac	7100fc7b58,7101032084,7101046e60,710144aae0
7101046e60	7101032020,7101032044,7101032790,71010327b4,71010327bc,7101049b9c
7101046efc	7100fc7b58,7101032084,7101046fb0,710144aae0
7101046fb0	7101032020,7101032044,7101032790,71010327b4,71010327bc,71010363a4
710104704c	7100fc7b58,7101032084,7101047100,710144aae0
7101047100	71010296ac,7101032020,7101032044,7101032790,71010327b4,71010327bc
710104719c	7100fc7b58,7101032084,7101047250,710144aae0
7101047250	7101032020,7101032044,7101032790,71010327b4,71010327bc,71010472ec
71010472ec	71010296ac
7101047348	71010296d4,7101047370
7101047370	7100ff4680,7100ff46c0,7101029768
71010473e0	710019e940,7101047348
7101047908	7101031f04,7101036990,7101038450,7101047980,7101047b90,71010482d0
7101047980	7100fc5b54,7100fc5b6c,710102aff0
7101047b90	7100fc6ec4,7101031f04,7101038450,7101039b60,710103a2d0,710103a540,71010475e0,71010486ec,71010489a0,710144a580,710144a5d0
71010482d0	7100fc6ec4,7100fc7c94,7101029f24,710103b2e0,710104165c,7101048ac0,710144a580,710144a5d0,710144aae0
71010486ec	7100fc7b58,710144a580,710144aae0
71010488bc	7100fc7b58,710144aae0
7101048910	7100fc7b58,710144aae0
7101048964	710102a0b4
71010489a0	7100fc7b58,7101039b60,71010486ec,710144a5d0,710144aae0
7101048ac0	7100fc7b58,710144a580,710144aae0
7101048c6c	7100ffeed8,710102f48c,710144aae0
7101048fa8	7100ffef18
7101048fc0	7100fb8da0,7100fb96b4,7100fb970c,7100fc6ea0,7100fc7b58,7100fc7c94,7100ff45d0,7100fff47c,7100fff984,710102f4a8,7101043028,71010496e0,710144aae0,710144b710,710144da60
7101049220	7100fc6eb4,7100fc7c94,7100ff4680,7100ffef78,7100fff3c4,710102f620,7101043094,71010499dc,710144aae0
71010493a0	7100fc7b58,7100fc7c94,7100ffef78,7100fff3c4,710102f6a4,7101043100,710144aae0
7101049500	7100ffef78,7100fff3c4,710102f6c0,7101043100
71010495d4	7100fc7b58,710144aae0
7101049644	7101049b48
7101049654	7101043dcc
7101049694	7100ff45d0
71010496e0	7100fbff44,7100fbff74,7100fc5b54,7100ffc09c,7101049760
7101049760	7100fbff44,7100fbff50
71010499e0	7100fb97a0,7100fb981c,7100fb99d8,7100fba9bc,7101041be4
7101049b48	7100ffc128,71010499e0
7101049b9c	710102c6fc
7101049bc4	710102c720,7101049c00
7101049c00	7100fbff44,7100fbff74,7100fc6eb4,7100ff4680,7100ff46c0,7101031ebc
7101049cc0	710019e940,7101049bc4
7101049f6c	7100fbff74,7100fbff98
710104a120	7100fb96b4,7100fb970c,7100fbff50,7100fc6ea0,7100fc7b58,7100ff45d0,7101022c30,7101029690,71010419b0,710104a390,710144aae0
710104a390	7100fb96b4,7100fb970c,7100fbff44,7100ff45d0,71010419b0
710104a430	7100fbff44,7100fbff74,7101031ebc
710104a90c	7100fc7b58,710104a9d4,710144aae0
710104a9d4	7100fc7b58,7100fc7c94,7101030bf0,7101031fec,7101032020,710103e810,7101041940,710104ac38,710144aae0
710104abc8	710104a9d4
710104ac38	7100fc7b58,710102cae4,7101031f04,7101031fec,7101031ffc,710144aae0
710104aeb0	710144b310
710104aec0	710144a1b0
710104af90	710104d450,710144a200
710104b0a0	710144a580
710104b3c0	710104b0a0,710104d4d0
710104b550	710104c190,710104c630,710104d3a0,710104d3b0,710104d3c0,710104d4c0,710104d4d0,710104e1c0,7101051d70,71010585d0,7101058860,7101058a10,710144a510,710144a5d0,710144e640,710144e650
710104bbf0	710104d450
710104bc50	710104c190,710104c310,710104d3b0,710104d4c0,710104d4d0,710104e1c0,7101051d70,7101058860,7101058a10,710144a510,710144a580,710144a5d0,710144e650
710104c190	710104b0a0,710104d450,710104d4c0,71010585e0,71010587f0
710104c310	710104d3b0,710104d4c0,710144e650
710104c3c0	710104db50,7101052a80,7101057710
710104c630	710104c3c0,710144e640
710104c7b0	710104d3a0,710104d3b0,710104d3c0,710144e640
710104c9f0	710104b0a0,710104b3c0,710104b550,710104bbf0,710104bc50,710104c190,710104c7b0,710104d450,710104d4c0,71010585e0,710144a1b0,710144a200,710144a580
710104d450	710144a200
710104d520	7101053d30,7101053db0,7101054050,7101057280,710144a510,710144a580,710144a5d0
710104de00	710104e010
710104e010	710104db50,7101057710
710104e1c0	710104d520,710104de00,710104e380,7101050160,7101051500
710104e380	7101051da0,7101052160,710144a510
7101050160	7101051da0,7101052160,710144a510,710144a580
7101051500	7101051da0,710144a510,710144a580
7101051da0	7101051fa0,710144a510
7101052160	7101051fa0,710144a510
71010523a0	7101057750
7101052a80	7101057750
7101053d30	71010523a0,7101053dc0
7101053db0	7101053880,7101053dc0
7101057280	71010523a0,7101052a80
71010573f0	71010573f0,710144a580,710144a5d0
7101057720	7101057750
7101057750	7101057c80
7101057c80	71010573e0,7101057960
71010587f0	710144a5d0
7101058860	710144a580
7101058be0	7101059200,710144a1b0,710144a5d0
7101058d00	7101059200,710144a200
7101059200	710144a200
71010592f0	7101059200
7101059580	71010593b0
7101059790	7101060900,7101060940
71010599f0	710105e550,7101073530,7101073680,7101073ca0,7101074530,71010745b0,7101075b20,710144a580,710144a5d0
7101059d70	7101058860,710105cc80,710105e9b0,710105ece0,710105ef50,710105f360,710105f4f0,710105f850,710105f9d0,7101077430,710144a580
710105a930	7101057710,7101073990,7101076570
710105aee0	710105ceb0,71010603c0,710144a580,710144a5d0,710144e660
710105b4e0	7101058a10,7101059d70,710144e670
710105b750	7101059580,710105bc50,710144a1b0,710144a200,710144a580
710105bc50	710105dc10,71010603c0,710144a580
710105be40	7101059d70,710105b4e0,710105c470,710144a580
710105c470	7101059580,710105aee0,710105b750,710144a580
710105c7a0	710144a580
710105ce00	710105be40
710105ceb0	71010587f0,7101059790,710105dc10,7101060880,7101060940,710144a1b0,710144a200,710144a580,710144a5d0
710105dc10	710144a5d0
710105e550	71010730e0,71010781e0,7101078480
710105e9b0	710105ee20
710105ece0	710105ef50,710105f360,710105feb0,7101060200
710105ef50	710105c7a0,7101060ca0,7101061840,71010618e0,7101061960,710144a580
710105f4f0	710105f360,710105feb0,7101060200,710144a580
710105f9d0	710105f850,710105f9d0,710105fb10
710105fb10	71010599f0,71010730e0,7101073530,7101074530,71010780c0,7101078180
710105feb0	710105e550,7101078620,7101078cc0,710144a580
71010603c0	710105a930,7101060550
7101060550	710105e9b0,7101060960,7101061f00,710106a840,7101079030,7101085be0,7101085fb0,7101086240,710144a5d0
7101060960	71010585e0,7101060ae0
7101060ca0	71010585e0,7101060ae0
7101061960	7101059990,7101061f00,710106a840
7101069d00	7101069ac0
71010722c0	7101072080
7101073020	710144a5d0
71010730e0	7101073210,710144a5d0
7101073210	710144a510,710144a5d0
7101073530	7101073210,710144a5d0
7101073680	7101073020,7101076570,7101076910,7101076c60,7101076cd0,7101077050
7101073990	7101057720
7101073ca0	7101076300,710144a5d0
7101075990	7101074610
7101075b20	7101073680,7101073ca0,7101076bf0
7101075e10	7101075e50
7101075e50	7101073020,7101073530,7101073680,7101073ca0,7101075b20,7101076500,710144a580,710144a5d0
71010762c0	7101075e50
7101076300	7101076300
7101076500	7101074610,7101075990
7101077430	71010599f0,71010730e0,7101073530,7101074530,7101074600,7101075980,71010780c0,7101078180,7101078620,7101078bb0,7101078c40,710144a580
71010781e0	7101076910,7101076c60,7101076cd0
7101078480	7101076570,7101076910,7101076c60,7101076cd0,7101077030,710144a580
7101078bb0	710144a580
7101078cc0	7101075e10,71010762c0,7101078c40,710144a580
710107b1b0	7101073020,7101073c90,710107d410,710107d5b0,710144a580
710107d5b0	710107d410
7101088dd0	710109b250,71010a6b00,71010a73e0,71010a7ca0
7101089750	710109b250,71010a5d40,71010a61c0,71010a6660
710108a0d0	710109b250,71010a5d40,71010a61c0,71010a6660
710108b850	710109b250,71010ac1e0,71010ac7a0,71010acd80
7101092640	710109b250,71010ad360,71010adbd0,71010ae450,71010aecf0,71010af560,71010afdf0,71010b06a0,71010b0f10,71010b17a0
7101095300	710109b250,71010a0490,71010a07f0,71010a0b40
7101099dc0	710109b250,71010a2740,71010a2d20,71010a3310,71010a3920,71010a3f10,71010a4510,71010a4b30,71010a5120,71010a5720
71010a0490	710109b250
71010a07f0	710109b250
71010a0b40	710109b250
71010a0e90	710109b250
71010a16c0	710109b250
71010a1f00	710109b250
71010a2740	710109b250
71010a2d20	710109b250
71010a3310	710109b250
71010a3920	710109b250
71010a3f10	710109b250
71010a4510	710109b250
71010a4b30	710109b250
71010a5120	710109b250
71010a5720	710109b250
71010a5d40	710109b250
71010a61c0	710109b250
71010a6660	710109b250
71010a6b00	710109b250
71010a73e0	710109b250
71010a7ca0	710109b250
71010a8560	710109b250
71010a8be0	710109b250
71010a92a0	710109b250
71010a9980	710109b250
71010aa000	710109b250
71010aa6c0	710109b250
71010aadb0	710109b250
71010ab430	710109b250
71010abaf0	710109b250
71010ac1e0	710109b250
71010ac7a0	710109b250
71010acd80	710109b250
71010ad360	710109b250
71010adbd0	710109b250
71010ae450	710109b250
71010aecf0	710109b250
71010af560	710109b250
71010afdf0	710109b250
71010b06a0	710109b250
71010b0f10	710109b250
71010b17a0	710109b250
71010b2050	7100fe7550
71010b21a0	7100fc5320,7100fe7568
71010b21f0	7100fe7574
71010b2284	7100fc5320,7100fcd41c,7100fcd480,710144a580
71010b22e0	7100fcd404,710144a5d0
71010b233c	7100fcd190,7100fcd1b4,7100fcd1e0
71010b2378	710019e940,7100fccdf4
71010b23a8	7100fb96b4,7100fc3d24,7100fc7b58,7100fc7c94,7100ff45d0,71010b3af0,71010b3c70,71010b3d70,71010cb320,710144aae0
71010b2510	7100fc3d40,7100fc3fe4,7100ff4680,71010b3c10,71010cb56c,71010cb7f8,71010cb810
71010b25a8	7100fb97e4,7100fb981c,7100fc3fe4,7100fc51e0,7100fc5320,7100fc7c94,71010b3234,71010b3350,71010b4768,71010cb7fc,71010cb820
71010b2830	7100fc7b58,710144aae0
71010b2874	7100fc7b58,7100fc7c94,710144a900,710144aae0,710144ae40,710144ae50
71010b2b6c	710144e690
71010b2b94	7100fc7b58,710144aae0,710144ab20,710144ae10,710144ae20,710144ae60,710144ae70,710144e680,710144e6a0
71010b3234	7100fc7b58,71010cb834,710144aae0
71010b3350	7100143110,7100fb9778
71010b34d8	710144ae10
71010b37f8	7100fc7b58,710144a580,710144aae0
71010b3940	7100fc7b58,710144a580,710144aae0
71010b3a9c	7100fc530c
71010b3acc	7100fc530c
71010b3af0	7100fb8ab0,7100fb94d8,7100fc78ec,7100fc7b58,710144aae0
71010b3c10	7100fb95b8,7100fc7a44,71010b3c70
71010b3c70	7100fb96b4,7100fb970c,7100fb9764,7100fc7b58,710144aae0
71010b3d70	7100fb9728,7100fc7b58,710144aae0
71010b3ed0	7100fb9778,7100fbc454,7100fddb20
71010b4148	7100fb981c,7100fbc520,7100fddb48
71010b4194	7100fc7b58,710144aae0,710144b330
71010b4248	7100fc7b58,71010b4194,71010b436c,710144aae0
71010b436c	7100fc5314,7100fc5320,7100fc54f0,7100fc6c68,7100fc6ca0,7100fc6da0,7100fc7b58,710144a590,710144aae0
71010b449c	710144dd90
71010b4508	7100fb99d8,7100fbb4ec,7100fbb4fc,7100fc7b58,7100fd41d0,710144a5c0,710144a5d0,710144aae0
71010b46d8	71010b5650
71010b470c	7100fb96b4,7100ff45d0,71010b2050
71010b473c	7100ff4680
71010b4768	7100fbb4ec,7100fbb4fc,7100fc7b58,71010b480c,710144aae0
71010b480c	7100fbc4d0,7100fc7b58,71010b48f4,710144aae0
71010b48f4	7100fb97e4,7100fbc768,7100fbc7f0,7100fbc818,7100fc5320,7100fc7b58,71010b7270,710144aae0
71010b4b68	7100fc7b58,710144aae0
71010b4c20	7100fbc4d0,7100fc7b58,71010b4cd8,710144aae0
71010b4cd8	7100fb9778,7100fb97e4,7100fb981c,7100fbc768,7100fbc7f0,7100fbc818,7100fc7b58,71010b7438,710144aae0
71010b4ebc	7100fc7b58,710144aae0
71010b4f74	7100fb96b4,7100ff45d0,71010b5468
71010b4fb4	7100ff4680
71010b4fe0	7100fdf3d0
71010b5078	7100fb97e4,7100fdf3d0,71010b8100,71010b9240
71010b5468	7100fbc454,7100fc4ef4
71010b54a8	7100fbc520,7100fc4f40
71010b54d0	710019e940,71010b54a8
71010b5650	7100fbc5a4,7100fbc6a4,7100fbc818,7100fc5110,7100fc7b58,710144aae0
71010b570c	7100fbc538,7100fbc5a4,7100fc7b58
71010b57b8	7100fbc4d0,7100fbc524,7100fbc768,7100fbc818,7100fc7b58,71010b5c00,710144aae0
71010b5908	7100fbc538,7100fbc5a4,7100fc7b58
71010b59b4	7100fb97e4,7100fc5320,7100fc7b58,71010b5b10,710144aae0
71010b5b10	7100fbc4d0,7100fbc524,7100fbc818,7100fc7b58,710144aae0
71010b5c00	7100fc7b58,71010b5b10,710144aae0
71010b5cc0	7100fb96b4,7100fb9778,7100fbcab0,7100fcde68,7100ff45d0,71010b8390
71010b5dcc	7100fb981c,7100fbcabc,7100fce058,7100ff4680
71010b61f0	7100fce840,7100ff4680,7100ff46c0,71010419b0,71010b8f60
71010b6294	7101041948
71010b62d4	7101030bf0,7101031fec,7101032020,7101032030
71010b6378	7100fb97a0,7100fb981c,7100fbcac0,7100fbcac4,7100fca5cc,7100fca8ac,7100fcaa38,7100fcaac4,7100fcab3c,7100fd31a0,7100fd39d0,71010b65b8,71010b9340,710144a5d0
71010b65b8	7100fca5cc,7100fcaae8,7100fcab34
71010b65f0	7100fb97a0,7100fb981c,7100fbcac0,7100fbcac4,7100fca5cc,7100fcaa38,7100fcaac4,7100fcaae8,7100fcab34,7100fd31a0,7100fd39d0,7100fd9ffc,7100fda014,71010b9340,710144a5d0
71010b6870	710144a580
71010b6918	710144a580
71010b69f8	710144a580
71010b6a90	7100fca5cc,7100fcaae8,7100fcab34,7100fd3380,7100fdc900,7100fdda8c,7100fddaa0,71010b9380,710144a580
71010b6c54	7100fcf078,71010b6a90,71010b6c90
71010b6c90	7100fbcac0,7100fbcac4,7101041948,71010b92d4,71010b94ec,71010b9bd0,71010b9cb0
71010b6dc0	7100fc7b58,71010b8e60,710144aae0
71010b6e3c	7100fbc5a4,7100fc7b58,71010b8648,71010b8e60,710144aae0
71010b6ef0	7100fb97a0,7100fb97e4,7100fb981c,7100fb99d8,7100fb9a44,7100fbd560,7100fc7b58,710144aae0
71010b7030	7100fb97e4,7100fbcac0,7100fbcac4,7100fc7b58,7100fcaac4,7100fd41c4,71010b92d4,71010b9340,71010b9a30,710144aae0
71010b71c0	71010b92d4
71010b7248	71010b6c90,71010bc580
71010b7270	7100fc7b58,7100fc7c94,7100fcba20,7100fcba74,71010418bc,71010418d4,710144aae0
71010b7438	7100fcba6c,71010418bc,71010418d4
71010b75c0	7100fb97a0,7100fb981c,7100fbcac0,7100fbcac4,7100fc4928,7100fc7b58,7100fc7c94,71010b9380,710144aae0
71010b7aac	7100fc7b58,7100fca5cc,7100fcaae8,7100fcab34,7101030bf0,7101030e24,7101031fec,7101032020,7101032030,71010b9380,710144aae0
71010b7c34	7100fca5cc,7100fcaae8,7100fcab34
71010b7c7c	7100fcab2c
71010b7c9c	7100fcab2c
71010b7cbc	7100fcef58,7100fd1de4,71010b9cb0
71010b7db0	7100ff4680
71010b7ddc	7100fb96b4,7100ff45d0,71010bd390
71010b7e1c	7100ff4680
71010b7e48	7100fb96b4,7100ff45d0,71010bd900
71010b7e88	7100ff4680
71010b7eb4	7100fb96b4,7100ff45d0,71010bde44
71010b7ef4	7100ff4680
71010b7f20	7100fbcac0,7100fbcac4,71010b9240,71010b92d4
71010b8100	7100fbc768,71010b83e4
71010b8174	7100fb96b4,7100fe0600,7100ff45d0
71010b81cc	7100ff4680
71010b8264	7100fc7b58,710144aae0
71010b82b4	7100fc7b58,710144aae0
71010b832c	7100fc7b58,710144aae0
71010b8378	710019e940,7100fe0730
71010b8390	7100fc4ef4
71010b83cc	710019e940,71010b83c8
71010b83e4	7100fbc4d0,7100fbc524,7100fc5b54,7100fc7b58,710144aae0
71010b848c	7100fbc5a4,7100fbcac0,7100fbcac4,7100fc5b54,7100fc5b6c,7100fc7b58,7101001a48,7101001a58,71010b7030,71010b9240,710144aae0
71010b8648	7100fbc5a4,7100fc7b58,710144aae0
71010b86c4	7100fbc5a4,7100fbcac0,7100fbcac4,7100fc5b54,7100fc5b6c,7100fc7b58,7101001a48,7101001a58,71010b7030,71010b9240,710144aae0
71010b8884	7100fbc5a4,7100fbc610,7100fc5b54,7100fc5b6c,7100fc7b58,71010b71c0,71010b7248
71010b8b70	7100fb96b4,7100fb9778,7100fbaa78,7100ff45d0
71010b8e60	7100fbaa78
71010b8f60	7100fb981c,7100ff4680,7100ff46c0
71010b9070	7100fbaa78
71010b9410	7100fb97e4
71010b94f0	71010b3e50
71010b967c	7100fbaa78,7100fc5b54,71010b3e50
71010b9750	7100fb96b4,7100fb9778,7100ff45d0,7100ffc048,7101031c74,71010b967c,71010bc628
71010b9870	7100fb981c,7100ff4680,7100ff46c0,7101031d24,71010bcae8
71010b9908	710019e940,71010b9870
71010b9980	7100fbaa54,7100fbc818,7100fc5110,71010b967c,71010bceec
71010b9a30	71010b967c
71010b9bd0	7100fbaa78,71010b9304
71010b9cb0	7100fb97e4,7100fbaa78,7101001a48,7101001a50,71010b65b8,71010b80a8,71010b91e0,71010b92d4,71010b967c
71010b9ef0	7100ffc128,71010b9304,71010ccb80,710144e6b0
71010ba150	7100fc5b54,71010ba3b0,71010ba5e0,71010bb120
71010ba3b0	7100fb981c,710102e1b8,7101031ffc,7101032094,71010320d0,71010bb380,71010bcef4,71010bd1d0
71010ba5e0	7100fb97a0,7100fb981c,7100fbaa20,7100fc5b54,7100fc5b6c,71010b3e50,71010bbed0,71010bc150,71010bc350,710144aae0
71010bb120	7100fc5b54,7100fc5b6c,71010bb210
71010bb210	7100fb97a0,7100fb981c,7100fbaa20,7100fca5cc,7100fcaa38,71010b3e50,71010bbd54,71010bcf4c
71010bb380	7100fb97e4,7100fb9a00,7100fba9bc,7100fbaa20,7100fbaa9c,7100fbaae0,71010b967c,71010bb660,71010bb880,71010bba90,71010bbbd0
71010bb660	7100fb97e4,7100fb9a00,7100fba9bc,7100fbaa20,7100fbaa9c
71010bb880	7100fb97e4,7100fba9bc,7100fbaa20,71010b967c
71010bbbd0	7100fb97e4
71010bbd54	7100fc7b58,7101030bf0,7101030e24,7101031fec,7101032020,7101032030,710144aae0
71010bbed0	7100fb97a0,7100fb981c,7100fbaa20,7100fc7b58,7100fc7c94,7100fca5cc,7100fca644,7100fca8ac,7100fca950,7100fcaa38,71010b7c34,71010bbd54,71010bcf4c,710144aae0
71010bc150	7100fc7b58,7100fc7c94,71010b9ef0,71010bbed0,710144aae0
71010bc350	7100fc5b54,7100fc7b58,71010b94f0,71010bc150,710144aae0
71010bc628	7100fbcab0,7100fc4ef4,71010bc664
71010bc664	7100fb9778
71010bcae8	7100fbcabc,7100fc4f40,71010bcb28
71010bcb28	7100fb981c
71010bced4	710019e940,71010bcae8
71010bcef4	7100fb9778,710144a5d0
71010bcf4c	7100fb97a0,710144a5d0
71010bcfb8	7100fb9b78
71010bcfec	7100fb9b78,7100fba670,7100fc7b58,710144a580,710144aae0
71010bd1d0	7100fba870,7100fc7b58,710144a580,710144aae0
71010bd324	7100fb981c
71010bd350	710019e940,7100fb981c
71010bd390	7100fe1664
71010bd3bc	710019e940,71010bd3b8
71010bd464	7100fbb4ec,7100fbbd9c,71010b7f20
71010bd504	7100fbc6a4,7100fc7b58,7100fc7c94
71010bd620	7100fbc5a4,7100fbc768,7100fc7b58,7100fc7c94,7100fe3154,710144aae0
71010bd764	7100fc7c94
71010bd850	7100fbc5a4,7100fc7b58,710144aae0
71010bd900	7100fe1bf8
71010bd92c	710019e940,71010bd928
71010bd9d4	7100fbb4ec,7100fbbd9c,71010b7f20
71010bda74	7100fbc5a4,7100fbc6a4,7100fc7b58
71010bdb78	7100fbc5a4,7100fbc768,7100fc7b58,7100fc7c94,7100fe2e14,710144aae0
71010bdcbc	7100fbc5a4
71010bdd98	7100fbc5a4,7100fc7b58,710144aae0
71010bde44	7100fe2310
71010bde70	710019e940,71010bde6c
71010bdf18	7100fbb4ec,7100fbbd9c,71010b7f20
71010bdfb8	7100fbc6a4,7100fc7b58,7100fc7c94
71010be0d4	7100fbc5a4,7100fbc768,7100fc7b58,7100fc7c94,7100fe3154,710144aae0
71010be218	7100fc7c94
71010be304	7100fbc5a4,7100fc7b58,710144aae0
71010be3b0	71010053b4
71010be3f4	7100fb96b4,7100ff45d0,71010be69c
71010be424	7100ff4680
71010be450	7100fb96b4,7100ff45d0,71010bf340
71010be480	7100ff4680
71010be600	7100ff4680,7101006d40,7101006da4,7101006dc0
71010be69c	7100fb96b4,7100fcdbf0,7100ff45d0,71010b8b70
71010be710	7100fcdc3c,7100ff4680,71010b8f60
71010be764	710019e940,71010be710
71010be77c	710019e940,71010be710
71010bf27c	7100fbcac0,7100fbcac4,7100fcde58,71010b9410
71010bf340	7100fb96b4,7100fbcab0,7100fca5cc,7100fda310,7100ff45d0,71010b8b70
71010bf500	7100fbcabc,7100fda440,7100ff4680,7100ff46c0,71010b8f60
71010bf614	710019e940,71010bf500
71010bf62c	710019e940,71010bf500
71010bf648	710019e940,71010bf500
71010bf670	7100fb97a0,7100fb981c,7100fbcac0,7100fbcac4,7100fc7b58,7100fc7c94,7100fcaac4,7100fcad44,7100fcb9b4,7100fcbabc,7100fcbadc,710103e470,7101041940,71010b9380,71010bfa04,710144a5d0,710144aae0
71010bfa04	7100fc43fc,7100fc4928,7100fc7b58,7100fc7c94,710144aae0
71010bfc30	7100fb9778,7100fb97a0,7100fb97e4,7100fb981c,7100fbab6c,7100fbcac0,7100fbcac4,7100fc7b58,7100fca8ac,7100fca990,7100fcad44,7100fcb9b4,7100fcbabc,71010b65b4,71010b9380,71010b94ec,71010bfa04,710144a5d0,710144aae0
71010c0094	7100fbcac0,7100fbcac4,7100fc7b58,7100fd40d8,71010b9410,71010bf670,71010bfc30,710144aae0
71010c01cc	7100fbcac0,7100fbcac4,710101de70
71010c0210	7100fbcac0,7100fbcac4,710101de70
71010c0310	7100fbcac0,7100fbcac4,7100fca8ac,7100fcaac4,7100fd40d8,71010b7c6c,71010b9380
71010c048c	7100fc7b58,710144aae0
71010c04d0	7100143240,7100fc55e0,7100fccdbc,7100fcdb44,7100fe2b18,71010c0960,710144a5d0
71010c05c8	7100fccdf4,7100fe2b94
71010c062c	7100fbc5a4,7100fc7b58,710144aae0
71010c06a0	7100fbc5a4,7100fc7b58,710144aae0
71010c0714	7100fbc5a4,7100fc7b58,710144aae0
71010c0788	7100fbc5a4,7100fc7b58,710144aae0
71010c07fc	7100fbc5a4,7100fc7b58,710144aae0
71010c0870	7100fbc5a4,7100fc7b58,710144aae0
71010c08e8	710019e940,7100fccdf4
71010c0910	71010b22e0
71010c092c	7100fcdbac,71010b2284
71010c0960	7100fdfdf0,710144a5d0
71010c099c	7100fdfe24
71010c09b8	7100fdfe48,710144a580
71010c09f8	7100fc5b54,7100ffc09c
71010c0a34	7100fb96b4,7100fc7b58,7100ff4620,7100ffc128,71010c09f8,710144aae0
71010c0b7c	7100ff4680,7100ff46c0
71010c0bd4	71010b2050
71010c0c10	7100fcd85c,71010c0cf0,71010c10c0,710144aae0,710144ae20
71010c0cf0	7100143110
71010c0e88	71010c10e4,710144ae10
71010c0ecc	710019e940,71010c0e88
71010c106c	7100fddc8c,71010b2510,71010c1d60,71010c2c30
71010c10c0	71010be3b0
71010c10e8	710019e940,71010c10e4
71010c1108	7100fb96b4,7100ff45d0,71010c10c0
71010c1138	7100ff4680
71010c1174	7100fc7b58,7101032084,710103210c,7101032c50,71010c15dc,71010c1678,71010c1714,71010d0918,710144aae0
71010c1420	7101032030,710103210c,7101032b08,7101032c50
71010c14fc	7100fb96b4,7100ff45d0,71010c17b4
71010c152c	7100ff4680
71010c1570	7100fb96b4,7100ff45d0,71010c0c10
71010c15a0	7100ff4680
71010c15dc	7101032020,7101032044,7101032790,71010327b4,71010327bc,71010b9750
71010c1678	7101032020,7101032044,7101032790,71010327b4,71010327bc,71010c6b6c
71010c1714	7101032020,7101032044,7101032790,71010327b4,71010327bc,71010ce600
71010c17d8	710019e940,71010c17d4
71010c1890	7100fbcac0,7100fbcac4,7100fc7b58,71010c2480,710144aae0
71010c1a28	7100fbcac0,7100fbcac4,7100fc7b58,71010c24e8,710144aae0
71010c1ab8	7100fc7b58,710144aae0
71010c1afc	7100fc7b58,710144aae0
71010c1d60	7100fddc8c,7100ff4680,7100ff46c0
71010c1dc0	7100fbc454,7100fbcab0,71010b3ed0,71010c2ea0
71010c1e1c	7100fbc520,7100fbcabc,71010b4148,71010c3090
71010c1e64	710019e940,71010c1e1c
71010c1fc8	7100ff4680,71010b449c,71010c3168
71010c2368	71010ca974
71010c2370	71010b46d8,71010c5360,71010c8430,71010cad10
71010c23e4	7100fb96b4,7100ff45d0,71010cb134
71010c2424	7100ff4680
71010c2450	71010c5950
71010c2480	71010c5950
71010c24e8	71010c5b30
71010c2510	71010c5950
71010c2700	7100fbc6a4,7100fc7b58,710144aae0
71010c2798	7100fbc4d0,7100fbc768,7100fc7b58,710100159c,71010caa1c,710144aae0
71010c28f4	7100fc7b58,71010c5750
71010c2920	7100fc7b58,71010c4f10
71010c29a0	7100fbc818,71010ca968
71010c29ec	7100fc7b58,710144aae0
71010c2a7c	7100fc7b58,710144aae0
71010c2ac0	71010c5610
71010c2c30	7100fb95b8,7100fc7a44,71010c2c90
71010c2c90	7100fb96b4,7100fb970c,7100fb9764,7100fc7b58,710144aae0
71010c2ea0	7100fc7b58,710144aae0
71010c3090	710144aab0
71010c30e8	710019e940,71010c3090
71010c3170	7100fc5b54,7100fc7b58,7100fc7c94,71010c5714,71010c5c98,710144aab0,710144aae0
71010c3424	7100fc7b58,710144aae0
71010c34dc	7100fc7b58,710144aae0
71010c3c40	7100fc5b54
71010c3e50	7100d81d9c,7100d87684,7100d876ac,7100fbcac0,7100fbcac4
71010c47c0	7100fbcac0,7100fbcac4,7100fc5320,7100fc55e0,71010b65b8,71010b9010,71010c2364,71010c62a0
71010c49a8	7100d876a4,7100d876ac,7100fbcac0,7100fbcac4,7100fcef44,7100fcef58,7100fe0b24,71010b65b8,71010b7264,71010b80d4,71010b9070,71010c2364,71010c3e50
71010c4b40	7100a0e7f0,7100d8767c,7100d87684,7100d8769c,7100d876a4,7100d876ac,7100fbcac0,7100fbcac4,7100fc5b54,7100fc5b6c,7100fc7b58,7100fcfc50,7100fd6a20,71010b65b8,71010c2364,71010c47c0,71010c49a8,710144a510,710144a6a0,710144aab0,710144aae0
71010c4f10	71010c2364,710144aab0
71010c4f9c	71010c4fc8
71010c4fc8	7100fbcac0,7100fbcac4,7100fc7c94,7100fca3fc,71010c2364,71010c2538,71010c2700,71010c2798,710144aae0
71010c5110	7100fbcac0,7100fbcac4,7100fc08c8,7100fc7b58,7100fc7c94,7100fca3fc,7100fcf878,71010c2364,71010c2368,71010c4fc8,710144aab0,710144aae0
71010c5360	7100d81d9c,7100fbcac0,7100fbcac4,7100fcef6c,7100fcef78,71010b8e60,71010c2364,71010c49a8,710144aab0
71010c5610	7100fbcac0,7100fbcac4,7100fc7b58,710144aab0,710144aae0
71010c5714	7100fbcac0,7100fbcac4
71010c5750	7100fbcac0,7100fbcac4,7100fc7c94,7100fca3fc,710144aab0
71010c5840	7100d88134,7100d8813c,71010b6870,71010b69f8,71010c2364,71010c7400
71010c5950	7100fbcac0,7100fbcac4,7100fc7b58,71010c2364,710144a580,710144aab0,710144aae0
71010c5b30	7100fbcac0,7100fbcac4,7100fc7b58,710144a580,710144aab0,710144aae0
71010c5c98	7100fbcac0,7100fbcac4
71010c5cd8	71010c5da8,71010c6830,71010c6a2c
71010c5da8	7100a0e7f0,710144a510,710144a590,710144a6a0
71010c5ee0	7100e606b0,7100fbcac0,7100fbcac4,71010c2364
71010c5ff0	7100fbcabc,710144aab0
71010c6188	710019e940,71010c5ff0
71010c61f4	7100fc5320
71010c62a0	7100fc5640,7100fc7b58,710144aae0
71010c6548	7100fc7b58,710144a580,710144aae0
71010c6690	7100fc7b58,710144a580,710144aae0
71010c67e8	7100fc530c
71010c6818	7100fc530c
71010c6830	71010c6a2c,710144a6a0
71010c6a2c	7100a0e7f0,710144a510,710144a6a0
71010c6b6c	71010b5cc0
71010c6ba8	710019e940,71010c6ba4
71010c6bc0	7100fce0b8,7100fdf374
71010c6be8	7100fce0fc,7100fddcd0,7100fdf3a8
71010c6dd0	7100ff4680,7100ff46c0,71010b61f0
71010c6f60	71010b6e3c
71010c6fd0	7100fd013c,71010c2510
71010c702c	7100fc5b54,71010b6c54,71010c23d0,71010c5360
71010c708c	7100fb96b4,7100ff45d0,71010c7aec
71010c70cc	7100ff4680
71010c70f8	7100fb96b4,7100ff45d0,71010c7e98
71010c7138	7100ff4680
71010c7260	7100fc7b58,710144aae0
71010c7494	7100fb9328,7101002244,710144a580,710144a5d0,710144e6c0,710144e6d0
71010c7668	7100fd1170,7100fdcb90,7100fdcd5c
71010c7734	7100fc7b58,710144aae0
71010c7784	7100fc7b58,710144aae0
71010c77d4	7100fc7b58,710144aae0
71010c7824	7100fc7b58,710144aae0
71010c7874	7100fc7b58,710144aae0
71010c78c4	7100fc7b58,710144aae0
71010c7914	7100fc7b58,710144aae0
71010c796c	7100fc7b58,710144aae0
71010c79bc	7100fc7b58,710144aae0
71010c7a14	7100fc7b58,710144aae0
71010c7a64	7100fc7b58,710144aae0
71010c7aec	71010c04d0
71010c7b14	710019e940,71010c7b10
71010c7b7c	7100fc7b58,710144aae0
71010c7bcc	7100fc7b58,710144aae0
71010c7c1c	7100fc7b58,710144aae0
71010c7c6c	7100fc7b58,710144aae0
71010c7cbc	7100fc7b58,7100fe44f0,710144aae0
71010c7d60	7100fbc538,7100fc7b58,710144aae0
71010c7e98	7100fd7650
71010c7ec0	710019e940,71010c7ebc
71010c7f04	7100fbc454,7100fc4ef4,710144aae0
71010c7f80	7100fbc520,7100fc4f40,710144aab0
71010c8050	710019e940,71010c7f80
71010c8430	7100fbc4d0,7100fbc610,7100fc7c94,710144aab0,710144aae0
71010c8524	7100fc08c8,7100fc7b58,7100fc7c94,7100fdf404,7101001c90,710144aae0
71010c8664	7100fbc5a4,7100fc7b58,710100133c,7101001c90,7101002290,71010c8430,71010ca660
71010c870c	7100fc5b54,7100fc5b6c,7100fc7b58,7100fc7c94,7100fc7fc4,71010021d8,710101326c,710144aae0
71010c8ed0	7100fc7b58,7100fc7c94,7100fca3fc,71010c23d0,710144aab0
71010c8fac	7100148cd4,7100504160,7100a0e7f0,7100a15610
71010c9060	7100fc7c94
71010c9124	7100fc5b54,7100fc7c94,710100133c,7101001aec,71010022a4,71010c8524,710144aae0
71010c9390	7100fbc538,7100fc7b58,7100fc7c94,710100133c,7101001aec,7101008024,71010c8430,710144aae0
71010c97c8	7100fc5b54,7100fc7c94,710100133c,710144aae0
71010c9a6c	7100fc7b58,7100fc7c94,7100fcf740,7101002290,71010b7f20,71010c2364,71010c8524,710144aae0
71010c9dec	7100fbc538,7100fc7b58,7100fc7c94,710100133c,71010083a8,71010c8430,710144aae0
71010c9fe8	7100fc7b58,7100fc7c94,710100133c,7101001aec,7101001ba8,710100845c,7101008478,710100852c,7101021178,710102121c,71010c8524,710144aae0
71010ca4ec	7101008ad4,7101008af0,71010c8524
71010ca584	7100fbc538,7100fc7b58,7101001ca0,7101001e54,71010c8430,71010ca660,710144aae0
71010ca660	7100fbcac0,7100fbcac4,7100fc5314,7100fc7b58,71010b9290,71010b9304,71010c2364,71010c23d0,71010c5cd8,71010c5ee0
71010ca984	7100fbc454,7100fc4ef4,710144aae0
71010ca9dc	7100fbc520,7100fc4f40
71010caa04	710019e940,71010ca9dc
71010caa1c	7100fbc524,7100fc5b54,7100fc7b58,710144aae0
71010cab08	7100fbc4d0,7100fbc538,7100fbc610,7100fc7b58,71010086e8,7101008a20,710144aae0
71010cad10	7100fbc4d0,7100fbc610
71010cae10	7100fc7c94,710100879c,71010087b8
71010caea4	7100fc7c94,71010086e8,7101008ad4,7101008af0,710144aae0
71010caff8	7100fbb4ec,7100fbb614,7100fc3d20,7100fc5b54,7100fc5b6c
71010cb098	7100fbc4d0,7100fbc538,7100fbc610,7100fc7b58,7101001de0,710144aae0
71010cb134	71010b5468
71010cb15c	710019e940,71010cb158
71010cb200	7100fbc538,7100fc7b58
71010cb244	7100fbc4d0,7100fbc524,7100fc7b58,710144aae0
71010cb2d0	7100fbc538,7100fc7b58
71010cb320	7100fb9778,7100fbc454,71010cb410
71010cb410	7100fb9778,7100fc3d24,71010cb850,71010cbd10
71010cb56c	7100fb981c,7100fbc520,7100fc3d40,71010cbd4c
71010cb5dc	7100fc51e0,7100fc5320,7100fc5b54,7100fc5b6c,7100fc7b58,710144aae0
71010cb6b0	7100fb9778,7100fb981c,7100fbc4d0,7100fc7b58,7100fc7c94,71010cb5dc,71010cd460,71010cd6d4,71010ce5d8,710144aae0
71010cb834	7100fc7b58
71010cb850	7100fbff44,7100fbff50
71010cbacc	7100fc7b58,710144aae0
71010cbbe8	7100fc7b58,710144aae0
71010cbcc8	7100fb9778,7100fb9838
71010cbd10	7100fc4ef4
71010cbd50	710019e940,71010cbd4c
71010cbd68	7100fbaa78,7100fbc524,7100fc7b58,71010ccb90,710144aae0
71010cbe9c	7100fb9778,7100fb97e4,7100fb981c,7100fbc5a4,7100fc4c50,7100fc5314,7100fc5b54,7100fc7b58,71010ccb90,71010cd6f0,710144aae0
71010cc074	7100fbc610,71010cd6f0
71010cc0b4	7100fbc538,7100fbc5a4,7100fc7b58,71010ccb80,71010cd6f0,71010ce2d4,710144aae0
71010cc45c	7100fbc5a4,7100fc7b58,71010cd0a8,71010cd6f0
71010cc544	7100fc5b54,7100fc5b6c,71010cd828,71010cd848,71010cd89c,71010cd8c4
71010cc63c	71010cd1cc
71010cc6a8	7100fc5b54,7100fc5b6c,71010cdec0,71010ce020,71010ce1c0,71010ce208,71010ce240
71010cc8d4	7100fc5b54
71010cc990	71010cd1cc,71010cd790
71010cca6c	7100fb9778,7100fbaa78
71010ccb30	7100fb981c
71010ccba0	7100000280,71010cca6c
71010ccc10	7100fb9778,7100fb981c,7100fc40c0,7100fc7c94,7100ffc048,7100ffc128,710144aae0
71010ccfd0	7100fb9778,7100fb981c,7100fc40c0,7100fc7c94,71010ccc10,710144aae0
71010cd0a8	7100fc3d44,7100fc3fe4,7100fc7b58,7100fc7c94,71010ccfd0,710144aae0
71010cd1cc	71010cd1e4
71010cd1e4	7100fc3fe4,7100fc7b58,7100fc7c94,710144aae0
71010cd2d0	7100fc51e0,7100fc5314,7100fc7b58,7100ff90a0,710144a790,710144aae0
71010cd460	7100fbc818,7100fbff44,7100fbff74,7100fc54f0,7100fc5b54,7100fc7b58,7100fc7c94,71010cbd68,71010cd2d0,710144aae0
71010cd6f0	7100fbff44,7100fbff74,71010cd1e4
71010cd790	7100fbff44,7100fbff74
71010cd8c4	71010cd8dc,71010cda64
71010cd8dc	7100fb9778,7100fb97e4,7100fbff50,7100fc0038
71010cda64	7100fb9778,7100fb97e4,7100fbaa20,7100fbff50,7100fc0038
71010cdec0	71010cdef8
71010cdef8	7100fb981c,7100fbff74,7100fbff98,7100fc4928,7100fc7c94,71010cbacc,710144aae0
71010ce020	7100fb97e4,7100fb981c,7100fc45b8,7100fc7c94,71010cbbe8,71010cbcc8,71010ccb90,710144aae0
71010ce2d4	7100fb97a0,7100fb97e4,7100fb981c,7100fb98b0,7100fbab6c,7100fbd560,7100fc5b54,7100fc5b6c,71010cbcc8,71010ccb80
71010ce5d8	7100fbc768
71010ce5e4	7100fc5110
71010ce600	7100fb7090,7100fb9778,7100fbaa54,7100fbc454,7100fbcab0,7100fbcfd0,7100fc55e0,7100fc5b54,7100fc7b58,7101031c74,71010ce940,71010cea80,71010d6354,710144a5d0,710144aae0
71010ce940	7100fb96b4,7100fb9778,7100fbcac0,7100fbcac4,7100fc3d24,7100fc7b58,7100ff45d0,71010cedb0,71010d5d08,710144aae0
71010cea80	7100fbaa54,7100fbcac0,7100fbcac4,7100fc5b54,7100fc7c94,71010cedb0,710144aae0
71010ceba0	7100c74fd0,7100c74ff0,7100fb981c,7100fbc520,7100fbcabc,7101031d24,71010cec40,71010d59cc
71010cec40	7100c74f80,7100fb981c,7100fbc818,7100fbcac0,7100fbcac4,7100fc3d40,7100fc5110,7100ff4680,7100ff46c0
71010ced98	710019e940,71010ceba0
71010cedb0	71009a2600,7100fbaa54,7100fc5b54,710144a590,710144a5d0
71010cef04	7100fbc4d0,7100fbc768,7100fc7b58,71010cea80,71010cefc0,71010d5df0,710144aae0
71010cefc0	7100fb9778,7100fb981c,7100fc3d44,7100fc3fe4,7100fc40c0,7100fc7b58,7100fc7c94,7100ffc048,7100ffc128,710144aae0
71010cf120	7100fb9778,7100fb981c,7100fc3fe4,7100fc5110,71010cea80,71010d1c70,71010d60f0
71010cf1c0	7100fb9778,7100fb981c,71010d1c70
71010cf22c	71010cf27c,71010cf350,71010cf8a0,71010cfbb0,71010cfdbc,71010cfeb0,71010d00e0
71010cf27c	7100fc7b58,7100fc7c94,710144aae0
71010cf350	7100fbcac0,7100fbcac4,7100fc5b54,7100fc5b6c,7100fc7b58,7100fc7c94,71010d08c4,71010d0bc0,71010d4b30,710144aae0
71010cf8a0	7100fb9778,7100fb981c,7100fbcac0,7100fbcac4,7100fc5b54,7100fc5b6c,71010d1c70,71010d2e9c,71010d3a7c,71010d474c,71010d4844,71010d4a2c
71010cfbb0	7100fb9778,7100fb981c,7100fbcac0,7100fbcac4,7100fc5b54,7100fc5be4,71010d1c70,710144aae0
71010cfdbc	7100fb9778,7100fb981c,7100fc5b54,7100fc7b58,7100fc7c94,71010d1c70
71010cfeb0	7100fb981c,7100fca990,710102e1b8,7101031ffc,7101032094,71010320d0,71010d3204,71010d3338
71010d00e0	7100fb97a0,7100fb981c,71010d3204,71010d3338,71010d3410,71010d63ac,71010d66d0,71010d70e0,71010d94f0
71010d02f8	7101031ee4,7101031f04,7101031f94,7101041bdc
71010d03b0	71010d03f8
71010d03f8	7100fbab6c,7100fbcac0,7100fbcac4,7100fc45b8,71010d0620,71010d63ac,71010d66d0,71010d70e0,71010d94f0,710144a580
71010d0620	7100fbcac0,7100fbcac4,71010d0790,710144a580
71010d0790	7100fb9778,7100fb97a0,7100fb981c,7100fbab6c,7100fbcac0,7100fbcac4
71010d08c4	7100fc7c94
71010d0a40	7100fbcac0,7100fbcac4,71010cedb0
71010d0bc0	7100fbaa20,7100fbcac0,7100fbcac4
71010d0d60	7100fbaa20,7100fbcac0,7100fbcac4,71010d0bc0
71010d0f90	7100fbcac0,7100fbcac4,71010cedb0
71010d13b0	7100fc4928,7100fc7b58,710144aae0
71010d141c	71010d5c58
71010d14b0	7100fbcac0,7100fbcac4,71010d0d60
71010d15b8	7100c74f60,7100c74f80,7100fc5314,71010d5a84,71010d5b70,71010d6770,71010d6924,71010d9060,710144a510,710144a590,710144a6a0
71010d1920	7100fbaa20,7100fc4928,7100fc7b58,7100fc7c94,710144aae0
71010d1b00	7100fc7b58,710144aae0
71010d1c70	7100c74f80,7100fbaa20,7100fc4928,7100fc7b58,71010d1eb0,71010d21c4,71010d22ac,71010d24b0,71010d2770,71010d2a30,71010d2db0,71010d66d0,71010d6730,71010d6ca0,71010d94f0,710144aae0
71010d1eb0	7100c74f80,7100fbcac0,7100fbcac4,71010db0e0,710144a5c0
71010d21c4	7100c74f60,7100c74f80,7100fc5b54,71010d30d0,710144a510,710144a6a0
71010d22ac	7100c74f60,7100c74f80,7100fc5b54,71010d15b8,71010d30d0,71010d6770,71010d7778,71010d8340,710144a510,710144a6a0
71010d24b0	71009a23c0,7100c74f60,7100c74f80,7100fb9d34,7100fbaa20,7100fbcac0,7100fbcac4,7100fc5314,7100fc5b54,71010d15b8,71010d6770,71010d7ce4,71010d8340,71010da904,710144a510,710144a590,710144a6a0
71010d2770	71009a23c0,7100c74f60,7100c74f80,7100fb9d34,7100fbaa20,7100fbcac0,7100fbcac4,7100fc5314,7100fc5b54,71010d15b8,71010d6770,71010d7ce4,71010d8340,71010da904,710144a510,710144a590,710144a6a0
71010d2a30	7100c74f60,7100c74f80,7100fb9d34,7100fbaa20,7100fc5314,7100fc7b58,71010d6770,71010d7ce4,71010d8608,71010da904,710144a510,710144a590,710144a6a0,710144aae0
71010d2db0	7100c74f60,7100c74f80,71010d15b8,71010d6770,71010d8340
71010d2e9c	7100fb98b0,7100fc7b58,7100fc7c94,710144aae0
71010d30d0	71009a23c0,7100c74f60,7100c74f80,710144a510,710144a6a0
71010d3204	7100fc7b58,710144aae0
71010d3338	7100fbcac0,7100fbcac4,71010d4d70,71010d4eb0,71010d52a0,71010d5520,71010d5700
71010d3410	7100fb9778,7100fb981c,7100fc5b54,71010cefc0,71010cf1c0,71010d1c70,71010d3860,71010d3a7c,71010d3b1c,71010d3cd0,71010d3eb0,71010d41f0,71010d68e0,710144a5c0
71010d3860	7100c74f60,7100c74f80,71010d68a0,710144a510
71010d3a7c	7100fc7b58,710144aae0
71010d3b1c	7100187b80,7100c74f80,7100fb98b0,7100fb9e60,7100fc55e0,71010d6800,71010dac5c
71010d3cd0	7100fbcac0,7100fbcac4,710144a5c0
71010d3eb0	7100fbcac0,7100fbcac4,7100fc7b58,7100fc7c94,71010d1c70,71010d4320,71010d4530,710144a5c0,710144aae0
71010d41f0	7100fbaa54,7100fbcac0,7100fbcac4,7100fc5b54,71010cedb0,71010cefc0
71010d4320	7100fb9c00,7100fba9e0,7100fbcac0,7100fbcac4,7100fc5304,7100fc6c68,7100fc6ca0,7100fc6da0,71010d4320
71010d4530	7100fb9c00,7100fba9e0,7100fbcac0,7100fbcac4,7100fc5304,7100fc6c68,7100fc6ca0,7100fc6da0,71010d4530
71010d474c	7100fbcac0,7100fbcac4,7100fc5b54,7100fc5b6c,71010d2e9c
71010d4844	7100fbcac0,7100fbcac4,7100fc5b54,7100fc5b6c,71010d1c70
71010d4a2c	7100fc5b54,7100fc5b6c,71010d1920,71010d1c70
71010d4b30	7100fbaa20,7100fbab6c,7100fbcac0,7100fbcac4
71010d4d70	7100fbcac0,7100fbcac4,7100fc7b58,7100fc7c94,71010b9380,710144aae0
71010d4eb0	7100fb9778,7100fb981c,7100fb9838,7100fbaa20,7100fbab6c,7100fbcac0,7100fbcac4,7100fc5b54,71010cedb0,71010d0a40,71010d1920,71010d2e9c
71010d52a0	7100fbaa20,7100fbcac0,7100fbcac4,7100fc5b54,71010d1920,71010d2e9c,71010d5884
71010d5520	7100fbaa20,7100fbcac0,7100fbcac4,71010d1c70
71010d5700	7100fbcac0,7100fbcac4,7100fc5b54
71010d5884	7100fb9838,7100fbcac0,7100fbcac4,7100fc5b54,71010d1c70,71010d4320,71010d4530
71010d59cc	7100c74f80
71010d5a84	7100c74f60,7100c74f80,71010d856c,710144a510,710144a590,710144a6a0
71010d5b70	7100c74f60,7100c74f80,71010d856c,710144a510,710144a590,710144a6a0
71010d5c58	7100c74fa0,7100c74fd0,7100c74ff0,710144a580
71010d5d08	7100fb9778,7100fbcfd0,7100fc4ef4,7100fc55e0
71010d5dac	7100fb981c,7100fc4f40
71010d5dd8	710019e940,71010d5dac
71010d5df0	7100fbaa54,7100fbc524,7100fc7b58,710144aae0
71010d5f1c	7100fb7090,7100fbc5a4,7100fbcfd0,7100fc55e0,7100fc7b58,7100fc7c94,710144aae0
71010d60f0	7100fbaa54,7100fbc610
71010d62e4	7100c74fa0,7100c74fd0,7100c74ff0,710144a580
71010d6354	71010d65b4
71010d63f4	710144a580
71010d6528	71009cee50
71010d65b4	7100c74fa0,7100c74fd0,7100c74ff0,710144a580
71010d6718	710019e940,71010d94f0
71010d6730	71009a23c0
71010d6770	71010d9670
71010d6924	71009a25c8,7100c74f60,7100c74f80,7100c74fa0,7100c74fd0,7100c74ff0,71010d62e4,71010d6ca0,71010d856c,71010d9670,71010d9cc0,710144a580,710144a590
71010d6ca0	7100c74fa0,7100c74fd0,7100c74ff0,710144a580
71010d70a0	7100c74fd0,7100c74ff0
71010d70e0	71009a23c0,7100a3c304,7100c74f60,7100c74f80,71010d644c,71010d6528,71010d6590,71010d7584,71010d8694,71010d9670
71010d74c8	7100c74f60,71010d66d0
71010d7584	7100c74f60,71010d7808,71010d7d90,71010d8364,71010d8468,71010d8694,71010d88d4,71010d8bdc
71010d7778	7100c74f60,71010d8364
71010d77bc	71010da9e8,71010daa34
71010d7808	71010da8d4
71010d782c	7100c74f80,71010d63bc,71010d63f4,71010d644c,71010d77bc,71010da9a8
71010d79c8	7100c74fa0,7100c74fd0,7100c74ff0,71010daa34,71010daa3c,71010dad6c,71010dad7c,710144a580
71010d7ce4	71010da8d4,71010da9e8,71010daa34
71010d7d90	71010da8d4
71010d7dec	71010daa34,71010dad6c,71010dad7c
71010d7f2c	7100c74f80,71010d782c,71010d7dec,71010da9a8,71010da9e8,71010daa34,71010daa3c
71010d83b4	7100c74fa0,7100c74fd0,7100c74ff0,710144a580
71010d84b8	7100c74fa0,7100c74fd0,7100c74ff0,710144a580
71010d856c	7100c74fa0,7100c74fd0,7100c74ff0,710144a580
71010d8608	7100c74fa0,7100c74fd0,7100c74ff0,710144a580
71010d86b4	7100c74fd0,7100c74ff0
71010d86f4	710019e940,71010d86b4
71010d8714	7100c74fa0,71010d63f4,71010d6590
71010d877c	7100c74fa0,7100c74fd0,7100c74ff0,710144a580
71010d88fc	7100c74f80
71010d892c	710019e940,71010d88fc
71010d894c	71010d6498,71010d6528,71010d6590
71010d89dc	7100c74fa0,7100c74fd0,7100c74ff0,710144a580
71010d8bdc	7100c74f60
71010d8c24	7100c74f80
71010d8c74	710019e940,71010d8c24
71010d9060	71009a25c8,71009cee50,7100aa0024,7100c74f60,7100c74f80,71010d9870,710144a510,710144a580,710144a590
71010d93d0	7100c74f60
71010d9468	710019e940,7100c74f80
71010d94a8	710019e940,7100c74f80
71010d94f0	7100c74f80
71010d95b0	710019e940,7100c74f80
71010d9670	7100c74f60,7100c74f80,71010d9850
71010d9850	710099fbf0
71010d9860	710099fbf0
71010d9870	7100c74f60,7100c74f80,71010d9dbc
71010d9970	7100c74fa0,7100c74fd0,7100c74ff0,710144a580,710144a5d0
71010d9cc0	7100c74f60,7100c74f80,71010d9970,71010d9dbc
71010d9dbc	7100bff550,7100bff600,7100bff680,71010d9e48,71010da690
71010d9e48	7100004df0,7100a3c4fc,7100c0ff20,7100c10260,7100c10270,7100c10280,7100c102b0,7100c102c0,710144a590,710144a5c0
71010da0f4	7100bff620
71010da11c	710019e940,71010da0f4
71010da134	7100c0f6d0
71010da164	7100bff680,7100bff860
71010da1e0	71009cee50,71010da570,710144a590
71010da570	7100aa07c8,710144a740
71010da690	71009cee50,7100c74f80,71010da1e0,71010da570,710144a6a0,710144ae80,710144dd70,710144ddf0
71010da904	71009a23c0,71010dae60
71010da9e8	71009a23c0
71010daa44	71009a25c8,71009cee50,7100a3c304,7100c74f60,7100c74f80,71010dad84,710144a510
71010dac5c	71009a25c8,7100c74f60,7100c74f80,71010daa44,71010daf5c,71010daf74,71010dafb0,71010daffc,710144a510,710144a590
71010dad84	71009a25c8,7100c74f60,71010daed0,710144a510,710144a590
71010dae60	71010daee0
71010daee0	710144dee0
71010daf00	710144a580,710144a590
71010daf74	71010daf00
71010dafb0	71010daf00
71010daffc	710144a740
71010db0e0	71010da690,71010db160
71010db160	7100a9fef0,7100aa0024,7100c74f60,7100c74fa0,7100c74fd0,7100c74ff0,71010db31c,710144a3f0,710144a400
71010db31c	7100c38600
71010db340	71010e4060
71010db4e0	71010e6a10
71010db5b0	71010e6a10
71010db730	71010e6ed0
71010dbc80	7101109790
71010dbe70	710110a2f0
71010dc020	71010f1670
71010dc090	7101109e30,710110a0a0,710110a2f0
71010dc250	71010f1710
71010dc290	7101109790
71010dc3a0	7101109960
71010dc590	71010e7c00,71010f1a50
71010dcc50	71010e7c00,71010ff690,71010ff980
71010dccd0	71010e7c00,71010ff980
71010dcd60	71010e7c00,71010f1b30
71010dcdc0	71010e7c00,71010f1b30
71010dce60	71010e6650,71010e7c00
71010dcfd0	71010ff980,71011052e0,7101109ad0
71010dd0b0	7101105520,7101109ad0
71010dd200	71010ff980,71011052e0,7101109ad0
71010dd370	7101105160,7101109ad0
71010dd500	7101105520
71010dd610	7101105160
71010dd710	7101105520
71010dd820	71010e7c00,7101104190,7101104860
71010ddb30	71010ddb50
71010ddb50	71010e7060,71010ff980,71011052e0,7101109c30
71010ddc50	71010e7060,7101105520,7101109c30
71010dddd0	71010ddb50
71010dde70	71010e7060,7101105160,7101109c30
71010de020	71010de030
71010de030	71010e7060,71011050e0
71010de150	71010de030
71010de180	71010e7060,7101104690
71010de290	71010e6ed0,71010e7170
71010de430	71010e7060
71010de5a0	71010e4e70,71010e4f10
71010de630	71010e4e70,71010e53f0
71010de790	71010e5480,71010e6ed0,710110d910
71010de880	71010e5a80
71010de8c0	71010e7390,71010e7c00,71010e84b0,71010fe650
71010ded80	71010e3360,71010e3dc0
71010dedc0	7101103f90
71010deea0	71010e6870
71010def20	71010e7c00,71010ff690,710110a580
71010defb0	710110a860
71010df0d0	71010e7c00,71010ffa50
71010df2c0	71010e6ed0
71010df670	71010e6ed0
71010df860	71010db4e0,71010db5b0,71010db630,71010dc590,71010dcc50,71010dccd0,71010dcdc0,71010dcf80,71010e0090,71010e0d30,71010e20a0,71010e23f0,710144a580,710144a590
71010dfd00	71010dcf80
71010dfd20	71010e0d30,710144a580,710144a590
71010dfd80	71010e0d30
71010dfd90	71010db4e0,71010dc590,71010e0d30,710144a580
71010dfe10	71010db4e0,71010db5b0,71010db630,71010dcc50
71010dfe70	71010dc590,71010dff90,71010e0090,71010e20a0,71010e23f0,710144a630
71010dff90	71010dcd60,71010dcdc0,71010ded80,71010def20,71010e20a0,71010e23f0
71010e0090	71010db4c0,71010db4e0,71010db630,71010db730,71010dc590,71010dccd0,71010dd200,71010e1d80,71010e23f0,710144a440
71010e0190	71010db4e0,71010db630,71010db9b0,71010dbaa0,71010dc590,71010dccd0,71010dcdc0,71010dd500,71010dd8d0,71010dfe70
71010e02a0	71010db4e0,71010db630,71010dccd0,71010dd500,71010dd8d0
71010e0340	71010dcdc0,71010e20a0,71010e23f0
71010e03d0	71010dcbf0,71010dcc30,71010dccd0,71010dcdc0,71010dcf50,710144ae80,710144d840
71010e0480	71010dcbf0,71010dcc30,71010dccd0,71010dcf50,710144ae80,710144d840
71010e0510	71010db4e0,71010db900,71010dccd0,71010dd200,71010dd820,71010dddd0
71010e05c0	71010dd200,71010de290
71010e0600	71010db4e0,71010dbe70,71010dc8d0,71010dd200,71010dd8d0
71010e06a0	71010db4e0,71010dbe70,71010dc8d0,71010dd200,71010dd8d0,71010e0190
71010e0760	71010db9b0,71010dbaa0,71010dc590,71010dcdc0,71010dfe70,71010e0190,710144a630
71010e0860	71010db9b0,71010dbaa0,71010dc590,71010e0190,710144a590
71010e0930	71010dbaa0,71010dc590,71010e0190
71010e09a0	71010db340,71010dff90
71010e0a00	71010db9b0,71010dbaa0,71010e0190
71010e0a60	71010db9b0,71010dfe70
71010e0ab0	71010dbaa0,71010dc290,71010e0190
71010e0bb0	71010dc3a0,71010e0c10
71010e0c10	71010dbaa0,71010dbc80,71010dfe70,71010e0190
71010e0c70	71010db9b0,71010dbaa0,71010dbc80,71010dc3a0,71010dfe70,71010e0190
71010e0d30	71010db4e0,71010db630,71010dc8d0,71010dccd0,71010de290,71010ded80,71010deea0,71010df080,71010df0d0,71010dff90,71010e0510,71010e17c0,710144a580
71010e0f40	71010e0d30,710144a580
71010e0fa0	71010db4e0,71010db5b0,71010db630,71010dcc50
71010e1010	71010dcf80,71010e0d30
71010e1050	7100558040,71005580a0,7100558160,71005582e0,71005586d0,71005587d0,7100558800,71010db4c0,71010db4e0,71010db630,71010dc590,71010dccd0,71010dcdc0,71010de790,710144ae80,710144d840
71010e1310	7100558490,71005586c0
71010e1390	71010de790
71010e13e0	71010de790,710144a590
71010e1430	71010db480,71010db4e0,71010db630,71010db900,71010dccd0,71010dd500,71010dd8d0,71010de5a0
71010e1510	71010db4e0,71010dc3a0,71010defb0,71010dff90
71010e1580	71010db480,71010db4e0,71010db630,71010db900,71010db9b0,71010dbaa0,71010dbbb0,71010dbd80,71010dc290,71010dc3a0,71010dc4b0,71010dc590,71010dcab0,71010dccd0,71010dcdc0,71010dd500,71010dd8d0,71010dff90,71010e1430
71010e17c0	71010db340,71010db4e0,71010db900,71010dce60,71010dcf50,71010dddd0,71010dff90
71010e18f0	71010db480,71010db4e0,71010db900,71010dd200,71010dd820,71010dddd0
71010e1990	71010db480,71010db4e0,71010db630,71010db900,71010dc4b0,71010dccd0,71010dce60,71010dd200,71010dd820,71010ddb30,71010dddd0,71010de5a0
71010e1b00	71010e0d30,710144a580,710144a590,710144a720
71010e1c30	71010db4e0,71010db5b0,71010db630,71010dc590,71010dcc50,71010dcf80,71010e1b00
71010e1d00	71010db470,71010dff90
71010e1d80	71010db4e0,71010db730,71010db9b0,71010dbe70,71010dcbf0,71010dccd0,71010dedc0,71010def20,71010e1d80
71010e2100	71010e6e70
71010e21e0	71010e6e70
71010e2300	71010e6e70
71010e23f0	71010e2de0,71010f2350,7101104690,7101104860,710144a760
71010e2ba0	71010e2be0,71010e2c20
71010e2be0	71010e2f90,7101107050
71010e2c20	71010e38a0,71010f22e0
71010e2d60	71010e2be0,71010e2c20,71010e2de0,71010f22e0
71010e2de0	71005588e0,71010e38a0
71010e2f60	71010e2f90,7101107050
71010e2f90	71010e3360,71010e7c00,71010f1b30,71010f22e0,71010f2350
71010e31c0	71010e2ba0
71010e31f0	71010e2ba0
71010e3210	71010e2c20,71010e2f90,71011098d0
71010e3260	71010e2f90,7101107050,710144a630
71010e32d0	71010f22e0,71010f2350
71010e3360	71010e3dc0,71010e4f10
71010e33d0	71010e3dc0,71010e4240
71010e38a0	71005588e0,71010e38a0,71010e6e70,710144a630
71010e3d00	71010ff690
71010e3dc0	71010e3dc0,71010feb60,710144a6a0,710144da50
71010e3e50	710144da40
71010e3ed0	71010e3dc0,71010effc0,71010f0000,710144a580
71010e4060	71010e2f90,71010e3dc0,71010e3ed0
71010e4120	71010e3ed0,71010fe6e0
71010e41e0	71010e4060
71010e4240	71010e4060
71010e4390	71010e4240
71010e4400	71010e2d60,71010e4060,71010e7c00,7101106fd0
71010e44f0	71010e4240,71010e4810,71010e6a10
71010e4810	71010e4240
71010e4900	71010e4060,71010e4400,71010e4b70,71010e7c00
71010e4b70	71010e4060,71010e4240,71010e44f0,71010e7c00,71010fe690
71010e4c90	71010e4060,71010e4400,71010e4b70,71010e7c00,71010fe690
71010e4e70	71010e4c90,71010fe760,710110ac10
71010e4f10	71010e4c90,71010fe760,710110ac10
71010e4fb0	71010e3d00,71010e3e50,71010ff980
71010e51a0	71010e44f0,71010e4c90,71010fe760,710110ac10
71010e52b0	71010e2f90,71010e3dc0
71010e5330	71010e3e50
71010e53f0	71010e3d00,71010e3e50,71010e4120,71010e5330
71010e5480	71010e3e50,71010e3ed0,71010efe20,71010effc0,71010fe6e0,71010ff690
71010e5710	71010e3dc0,71010e3ed0,71010e44f0,71010e66f0,71010e6a10,71010f22e0,71010f30e0,71010fe6e0,71010ff690,7101107a30,710110aa90,710110ac10,710110d8b0,710144a760
71010e5a80	71010e5c30
71010e5c30	71010e5c30,71010e6540
71010e6650	71010e7120
71010e6690	71010e7120,710144a5d0
71010e66f0	71010e6ed0,71010e7120
71010e67a0	71010e7120
71010e6870	71010e2100,71010e2f90,7101106fd0
71010e6960	71010e6ed0
71010e6a10	71010e3d00,71010e4e70,71010e4f10,71010e6ed0,7101106fd0
71010e6d60	71010e7120
71010e6ed0	71010e6f50
71010e6f50	71010e6f50
71010e7120	71010f00f0
71010e7170	71010e72d0,7101106f70
71010e72d0	71010e87b0
71010e7390	71010e7690,71010e8920,71010e8eb0
71010e74e0	71010e87b0,71010ea140
71010e7690	71010e6f50,71010e87b0,71010e8920,71010e91c0,71010e9450,71010ea140,71010ff1e0
71010e7c00	71010e6f50,71010e7690,71010e8680,71010e87b0,71010e8920,71010e8eb0,71010e9f60,71010fe650
71010e84b0	71010e7690,71010e8680,71010e87b0,71010fe650
71010e8680	71010e7690,71010e8920,71010e8eb0
71010e87b0	7100558850,71010e6940,71010effc0,71010feaa0,71010ff930,71011048a0
71010e8920	71010e6f50,71010e91c0,71010e92e0,71010e9450,71010e9cf0,71010ff410
71010e8eb0	71010e87b0,71010e9f60
71010e91c0	71010e6f50
71010e92e0	71010e6f50,7101103f30
71010e9cf0	71010e6f50,7101103f30
71010e9f60	71010ea040,71010ea140,71010ff1e0
71010ea140	71010e53f0,71010fefd0,7101106fd0
71010ea2e0	71010db4e0,71010e1990
71010ea490	71010db900,71010dccd0,71010dd610,71010dddd0,71010e17c0
71010ea520	71010db4c0,71010db4e0,71010db630,71010dc4b0,71010dccd0,71010e0a60,71010ea890
71010ea5a0	71010dcbf0,71010dcc10,71010dcc30,71010dccd0,71010dcf50,71010de8c0,71010e0760,71010e0c70
71010ea800	71010db4c0,71010db4e0,71010de5a0,71010ded80,71010e0860,71010e1050
71010ea890	71010db4e0,71010db900,71010db9b0,71010ded80,71010def20,71010e0340,71010e0c70
71010ea910	71010dcbf0,71010dd8d0,71010e02a0,71010e0a60
71010ea980	71010db900,71010dcc30,71010dce60,71010e0a60
71010ea9e0	71010db4e0,71010db630,71010db900,71010db9b0,71010dcbf0,71010df2c0,71010e0860,71010e1050
71010eacc0	71010db4e0,71010dcbf0,71010dedc0,71010e0a00
71010ead30	71010db900,71010dcbf0,71010dce60,71010de5a0,71010e02a0,71010e0a60
71010eadd0	71010db4c0,71010db630,71010db900,71010dcf50,71010de630,71010e0a60
71010eafa0	71010db4c0,71010dc590,71010df0c0,71010e0930
71010eb070	71010dbe70,71010dcf50,71010e0a60
71010eb0c0	71010db9b0,71010dc7a0,71010dcc30,71010e0190
71010eb130	71010db4e0,71010dd500,71010e0a00,71010e0a60
71010eb180	71010db4e0,71010de020,71010e0a00,71010e0a60
71010eb1e0	71010db4c0,71010db9b0,71010dc590,71010dcc30,71010dfe70,71010e0bb0
71010eb2c0	71010db4e0,71010db9b0,71010de290,71010dff90,71010e0190,71010e02a0,71010e0a00
71010eb550	71010e0a60,71010e1580
71010eb590	71010db9b0,71010dbaa0,71010dccd0,71010dfe70
71010eb600	71010db4c0,71010db630,71010db900,71010dcf50,71010de630,71010e0a00
71010eb6c0	71010db4c0
71010eb6e0	71010dcc30,71010dd370,71010e0bb0
71010eb740	71010db4e0,71010db730,71010db900,71010db9b0,71010dbd80,71010dc590,71010de5a0,71010dff90,71010e09a0
71010eb830	71010db4c0,71010db900,71010dcf50
71010eb890	71010dd820,71010e17c0,71010e1d00
71010eb8f0	71010db400,71010db900,71010e0a00,71010fe7c0
71010eb950	71010db4c0,71010db630,71010dc9e0,71010dcf50,71010e0190,71010ebd30
71010eba00	71010dcf50,71010dcfa0
71010eba30	71010db4c0,71010dc9e0,71010dccd0,71010de8b0,71010e0190,71010e20a0
71010ebb00	71010db400,71010db900,71010dce60,71010e0a00,71010fe7c0
71010ebb70	71010db4c0,71010e52b0
71010ebba0	71010db9b0,71010dc9e0,71010dcf50,71010e0190,71010e52a0
71010ebd30	71010db340,71010db400,71010db4e0,71010dccd0,71010e4fb0
71010ebe10	71010db400,71010db4c0,71010db630,71010db9b0,71010dc9e0,71010de8b0,71010ded80,71010def20,71010e0340,71010ebd30,71010fec00
71010ebef0	71010dd820,71010e17c0,71010e1d00
71010ec0f0	71010db9b0,71010dcbf0,71010dcf50,71010dda10,71010e0c70
71010ec190	71010db340,71010db400,71010db4e0,71010db630,71010db9b0,71010dc9e0,71010dcbf0,71010dcc30,71010dccd0,71010dcfa0,71010dd200,71010dd500,71010dff90,71010e2070,71010e2080,71010e2090
71010ec9a0	71010db900
71010ec9c0	71010dcbf0,71010dd8d0,71010e0a60
71010eca10	71010db630,71010dccd0,71010df140,71010e0a00,71010e0bb0
71010eca80	71010dbac0,71010df480,71010df670,71010dfe70,71010e0a00,71010e0bb0
71010ecbc0	71010dcbf0,71010dcf80,71010df480,71010e0a00,71010e0bb0
71010ecc40	71010db4e0,71010dcbf0,71010de430,71010e0a00,71010e0a60,71010e0c70
71010ed030	71010db4e0,71010db9b0,71010de290,71010e0190
71010ed090	71010db630,71010dccd0,71010df2c0,71010e0a00,71010e0a60,71010e0bb0
71010ed120	71010db900,71010db9b0,71010dc590,71010dc9e0,71010df860,71010e0c70
71010ed200	71010dcc30,71010e0bb0,71010fe680
71010ed240	71010dcbf0,71010dcc30,71010dccd0,71010dcfa0,71010dd200,71010dd500,71010de5a0
71010ed2f0	7100558040,71010db4e0,71010db900,71010dd820,71010dddd0,71010df0d0,71010e0510,71010e05c0,71010e17c0,71010e1d00
71010ed500	71010db9b0,71010dd200,71010dff90,71010e06a0
71010ed5a0	7100558150,71010dc8d0,71010dd200,71010dff90,71010e03d0
71010ed620	71010edcd0
71010ed650	7100558020,7100558160,7100558710,71010db4e0,71010db730,71010db900,71010db9b0,71010dcbf0,71010dd200,71010df0d0,71010dff90,71010e05c0,71010e06a0,71010e0930,71010ede50
71010ed940	71010edcd0
71010ed970	71010df0d0,71010dfe70,71010dff90,71010e03d0,71010e05c0,71010e0860,71010e0930
71010eda40	71010dc8d0,71010dd200,71010dff90,71010ee090
71010edad0	7100558080,71010df0d0,71010e03d0,71010e05c0
71010edb50	71010dcbf0,71010dccd0,71010e0600,71010e0a60
71010edbd0	71010dc8d0,71010dd200,71010dff90,71010ee840
71010edc60	71010dff90,71010e06a0
71010edcd0	7100558020,7100558160,7100558710,71010db900,71010db9b0,71010dc590,71010dd200,71010dddd0,71010df0d0,71010dff90,71010e05c0,71010e06a0
71010ede00	71005580a0,71010e03d0,71010e06a0
71010ede50	71010db4c0,71010db630,71010db900,71010dcc30,71010dce60,71010dcf50,71010dfe70
71010edef0	71010db4e0,71010db900,71010dc3a0,71010dc4b0,71010dc590,71010dc8d0,71010dff90,71010e06a0,71010e09a0,71010ee090
71010ee090	71005582e0,71005583c0,7100558490,71005586b0,71005586d0,71010db4c0,71010db4e0,71010db9b0,71010dc250,71010dcbf0,71010dccd0,71010dfd00,71010dfd80,71010dfe10,71010dfe70,71010e03d0,71010e0930,71010e09a0,71010e0bb0,71010ee5e0,71010ee700,710144e6e0
71010ee5e0	71005582e0,71010dc7a0,71010dfd00,71010dfd80,71010dfe10
71010ee700	71005582e0,710144e6f0
71010ee800	71010e0480,71010e06a0,710144ae80
71010ee840	71005582b0,71005585a0,71010db4c0,71010db9b0,71010dbbb0,71010dc290,71010dc3a0,71010e03d0,71010e0930
71010ee990	71010e06a0
71010eea00	71010dccd0,71010dcdc0,71010e06a0
71010eea70	71010dff90,71010e06a0,71010ee090
71010eeae0	71010db900,71010dff90,71010e06a0,71010ee840
71010eeb50	71010dff90,71010e06a0,71010ede50
71010eebb0	7100558150,71010dff90,71010e03d0,71010e06a0
71010eec20	71005585d0,7100558690,71010dcc30,71010dff90,71010e03d0,71010e06a0,71010e0760,71010e0c70
71010eed00	71005582a0,71010dff90,71010e03d0,71010e06a0,71010e0760,71010e0c70
71010eedb0	71010dcbf0,71010dccd0,71010e06a0
71010eee10	71010db4e0,71010dcc10,71010dcc30,71010dd820,71010dddd0,71010df0d0,71010e17c0,71010e1d00,71010ef920,710144dc40
71010eef50	71010dbbb0,71010dc3a0,71010dcc10,71010dcc30,71010e0ab0
71010ef0b0	71010db4e0,71010dbbb0,71010dcc10,71010dcc30,71010e0ab0
71010ef190	71010dcc10,71010e0ab0
71010ef220	71010dc3a0,71010dcbf0,71010dcc30,71010e0a60
71010ef290	71010db4e0,71010dbbb0,71010dcc10,71010dcc30,71010e0ab0
71010ef440	71010dcf50,71010e0bb0
71010ef550	71010db4c0,71010db900,71010dc090,71010dfe70
71010ef600	71010db4c0,71010db900,71010dc090,71010dfe70
71010ef770	71010dcc10,71010e0ab0
71010ef860	71010dcc10,71010e0ab0,710144e7a0
71010ef8a0	71010db9b0,71010dbbb0,71010dcbf0,71010dccd0,71010e0a60
71010ef920	71010dcc30
71010efa90	71010db4c0,71010dc8d0,71010dcc10,71010dcc30,71010dfe70,71010dff90,71010e0bb0
71010efc60	71010db9b0,71010dc8d0,71010e0bb0,71010e0c70,71010ef920,710144dc40
71010efd10	71010e2f90,71010e3dc0,71010f0080
71010efe20	71010e3dc0,71010f0080
71010efeb0	71010e3dc0,71010e84b0
71010effa0	71010e2f90
71010f0000	71010f0080
71010f0080	71010e84b0
71010f00f0	71010db4e0,71010db900,71010dccd0,71010dce60,71010dd610,71010dd820,71010dddd0,71010de180,71010de290,71010e17c0,71010e18f0,71010e1d00,71010e3dc0,71010f0080,71010f0410
71010f0410	71010db4e0,71010dc4b0,71010dccd0,71010dcdc0,71010dd200,71010dddd0,71010dfd00,71010dfd20,71010dfd80,71010dfe10,71010e0f40,710144a590,710144a720,710144da70
71010f05d0	71010db4e0,71010dc8d0,71010dd610,71010e1510
71010f0650	71010db630,71010dcbf0,71010dccd0,71010e0930,71010f07f0
71010f0710	71010db630,71010dcbf0,71010e0860,71010e0930,71010f08d0
71010f07f0	71010db4e0,71010dc8d0,71010dccd0,71010dcf50,71010dd200
71010f08d0	71005580a0,7100558160,71010dc590,71010dccd0,71010dfd00,71010dfd20,71010dfd80,71010dfe10,71010e1b00,71010e1c30,710144a760
71010f0a90	71010dccd0,71010dcdc0,71010dd200,71010e0930
71010f0b20	71010dc590,71010dccd0,71010dd200,71010dff90,71010e0930,71010e1050,71010f08d0
71010f0c70	71010dc590,71010dccd0,71010dd200,71010dff90,71010e0930,71010f08d0,71010f0f80
71010f0dc0	71010dc590,71010dcc50,71010dccd0,71010dcdc0,71010dd200,71010dff90,71010e0930,71010f08d0,71010f0f80,710144a760
71010f0f80	71010dcc50,71010dcdc0,71010e1c30,71010f07f0,710144a760
71010f1050	71010db4e0,71010db630,71010db730,71010db900,71010db9b0,71010dbd80,71010dc4b0,71010dc590,71010dccd0,71010dcf50,71010dd200,71010dd610,71010dddd0,71010de5a0,71010dfd00,71010dfd20,71010dfd90,71010dfe10,71010dff90,71010e0930
71010f1370	71010f15c0,71011098d0,710110aa10,710144e7b0
71010f15c0	710110a9c0,710110aa60
71010f1670	71010f1370,7101107240
71010f1710	710144a590,710144a710,710144a760,710144a7a0,710144de00,710144e6e0
71010f1a50	71010ff690,710144a890,710144dce0,710144e6e0
71010f1b30	71010e2f90,71010f2040,71010f21b0,71010ff690,710110a580,710144a590,710144a760,710144a890
71010f2040	71010ff690,710110a580,710144a580
71010f21b0	71010ff690,710110a580,710144a890,710144dce0,710144e6e0
71010f22e0	71010f1b30
71010f2350	710144a580,710144a760
71010f24f0	71010dd820,71010e17c0,71010e1d00
71010f2550	7100558720,71010dcc10
71010f2590	7100558780,7100558790,71005587a0,71005587b0,71010db9b0,71010dcdc0,71010dd820,71010dfd00,71010dfd80,71010dfe10,71010dfe70,71010dff90,71010e0860,71010e0bb0,71010f2e40,710144a580,710144a5c0,710144a630
71010f2820	7100558760,71010dcc10,71010e0bb0
71010f28d0	71005586e0,71010db9b0,71010dc4b0,71010e0c70,71010fefa0
71010f2960	71005586f0,71010dccd0,71010e0930
71010f29a0	7100558060,71010e03d0,71010e0930
71010f29e0	7100558070,71010e03d0,71010e0930
71010f2a40	7100558030,71010dccd0,71010e0760,71010e0860
71010f2ab0	7100558770,71010db4e0,71010db9b0,71010dc3a0,71010dc4b0,71010dcc30,71010dd200,71010dff90,71010e0a00,71010f2e40,71010f2fa0,710144dc40
71010f2e40	71010dcc30,71010dcf50,71010dddd0
71010f2fa0	71010db4e0,71010dc3a0,71010dd200,71010dff90
71010f30e0	71010e41e0,71010e6690,71010e6d60,71010e6ed0,71010efd10,71010f3450,71010f35d0,71010f3650,71010f7110,71010f7d90,71010f7e10,71010fa5e0,71010ff980,7101104860
71010f3450	7100558820,71010e7c00,71010efeb0,71010f5380,71010fa790,71010fde70
71010f35d0	71010f22e0,71010f7b60
71010f3650	71010efd10,71010f22e0,71010f35d0,71010f3650,71010f5380,71010f5630,71010f5cd0,71010f61c0,71010f65a0,71010f6960,71010f6d20,71010f6da0,71010f7110,71010f7150,71010f73b0,71010f7af0,71010f7b60,71010f7cd0,71010f7e10,71010fa3c0,71010fa3d0,71010fa4a0,71010fa5e0,71010fa670,71010fa710,71010fa790,71010fa830,71010fa840,71010fa990,71010fabc0,71010fac10,71010fac60,71010fae60,71010fb2a0,71010fb6d0,71010fb7f0,71010fb9b0,71010fbda0,71010fc150,71010fc260,71010fdc50,71010fe7a0,71010ff690,710144a630
71010f5380	71010f6da0,71010f7030,71010fa5e0,71010ff690
71010f5630	71010f5630,71010f5a10,71010f5cd0,71010f61c0,71010f7b60,71010f7e10,71010fa5e0,71010fc440,71010fcaa0,71010fcc90,71010fe7a0
71010f5a10	71010f22e0,71010f5630,71010f6470,71010f7110,71010f7af0,71010f7b60,71010f7e10,71010f94e0,71010fa5e0,71010fa9b0,71010fac10,71010fae60,71010fb2a0,71010fdcb0,71010fdd40
71010f5cd0	71010e6d60,71010e6ed0,71010efd10,71010f22e0,71010f3450,71010f35d0,71010f3650,71010f65a0,71010f7110,71010f7af0,71010f7b60,71010f7cd0,71010f7e10,71010fa5e0,71010fab30,71010fac10,71010fb2a0
71010f61c0	71010f22e0,71010f5630,71010f6750,71010f6960,71010f7110,71010f7af0,71010f7b60,71010f7e10,71010faf50,71010fb2a0,71010fb7f0,71010fb810,71010fbc20,71010fc260
71010f6470	71010f5630,71010f7110,71010f7e10,71010fb810,71010fb9b0,71010fc260
71010f65a0	71010e6ed0,71010efd10
71010f6750	71010f22e0,71010f5630,71010f5a10,71010f7110,71010f7af0,71010f7b60,71010f7e10,71010fa5e0,71010fae60,71010fb2a0,71010fdc50
71010f6960	71010f6a20,71010f7110,71010f7e10,71010fc260
71010f6a20	71010e6ed0,71010efd10,71010f35d0,71010f6a20
71010f6d20	71010f5630,71010f7e10,71010fb2a0
71010f6da0	71010efd10,71010f70b0,71010fa5e0,71010fa830,71010fa840
71010f7030	71010f22e0,71010fa3c0,71010ff690
71010f70b0	71010f22e0,71010fa3c0
71010f7110	71010f22e0,71010f7af0,71010f7b60
71010f7150	71010f3650,71010f5380,71010f65a0,71010f7110,71010f7b60,71010f7e10,71010fa5e0,71010fa830,71010fab30,71010fac10,71010fdc50
71010f73b0	71010f22e0,71010f5630,71010f61c0,71010f7110,71010f73b0,71010f7b60,71010f7e10,71010fa3c0,71010fa4a0,71010fa5e0,71010fac10,71010fae60,71010faef0,71010fb2a0,71010fb9b0,71010fe7a0
71010f7740	71010e70f0,71010ff690,71010ff980
71010f7af0	71010f22e0
71010f7b60	71010f7b70
71010f7b70	71010e32d0,71010e3dc0,71010efe20,71010f22e0,71010f7b70
71010f7cd0	71010e7c00,71010ff690,71011052e0,7101105860
71010f7d90	71010efe20,71010ff690
71010f7e10	71010f7e70
71010f7e70	71010e7c00,71010efe20,71010f7b70,71010f9510,71010f95b0,71010f96a0,71010f9860,71010f9cd0,71010f9d40,71010ff690,71011052e0,7101105860,710110d8b0
71010f94e0	71010f7e70
71010f9510	71010efe20,71010f7b70
71010f95b0	71010f7b70,710110d8b0
71010f96a0	71010efe20,71010f7b70,710110d8b0
71010f9860	71010e7c00,71010efe20,71010f22e0,71010f7b70,71010f95b0,71010f96a0,71010ff690,71011052e0,7101105860,710110d8b0
71010f9cd0	710110d8b0
71010f9d40	71010efe20,71010f1710,71010f7b70,71010fa2b0,710110d8b0
71010fa2b0	71010efe20,71010f7b70,710110d8b0
71010fa3c0	71010f7b60
71010fa4a0	71010efd10,71010faa40
71010fa5e0	71010efd10,71010faa40
71010fa670	71010f7b60
71010fa710	71010efd10,71010faa40
71010fa790	71010efd10,71010faa40
71010fa840	71010fa850
71010fa850	71010f7b60
71010fa990	71010fa850
71010fa9b0	71010efd10,71010faa40
71010faa40	71010efd10
71010fab30	71010efd10,71010faa40
71010fabc0	71010f7b60
71010fac10	71010f7b60
71010fac60	71010efd10,71010faa40,71010fad40,71010fdfd0
71010fad40	71010efd10,71010faa40
71010fae60	71010f7b60
71010faf50	71010efd10,71010f3090,71010faa40
71010fb2a0	71010f3090,71010f7b60,71010faf50,71010fb350
71010fb350	71010efd10,71010f7b60,71010fa850,71010faa40,71010fe170
71010fb6d0	71010f3090,71010f7b60,71010faf50,71010fb350
71010fb7f0	71010fb6d0
71010fb810	71010faf50,71010fb6d0
71010fb830	71010fdfd0,7101109870,710144dbc0
71010fb9b0	71010efd10,71010f3090,71010faa40,71010fb350,71010fb6d0,71010fb830
71010fbc20	71010efd10,71010f3090,71010f7b60,71010faa40,71010fb6d0,71010fb830
71010fbda0	71010f7b60,71010fa850,71010faf50,71010fbf00
71010fbf00	71010efd10,71010f3090,71010f7b60,71010faa40,71010fe170
71010fc150	71010f7b60,71010fa850,71010faf50,71010fbf00
71010fc260	71010fb6d0,71010fdfd0
71010fc440	71010efd10,71010f3090,71010f7b60,71010faa40,71010faf50,71010fb6d0,71010fc8c0,71010fe170
71010fc8c0	71010f1370,71011098d0
71010fcaa0	71010f3090,71010f7b60,71010faf50,71010fb350,71010fb6d0,71010fb830,71010fbda0,71010fc150,7101109870
71010fcc90	71010efd10,71010f3090,71010f7b60,71010faa40,71010faf50,71010fb350,71010fb6d0,71010fb830,71010fc8c0,71010fd710,71010fd7b0,71010fd8c0,71010fd940,71010fe3a0,7101109870
71010fd710	71010fe3a0
71010fd7b0	71010fb6d0,71010fb830,71010fe3a0
71010fd8c0	71010fb6d0,71010fe3a0
71010fd940	71010efd10,71010f3090,71010faa40,71010fb6d0,7101109870
71010fdc50	71010faa40
71010fdcb0	71010f1320
71010fdd40	71010efd10,71010faa40
71010fde70	71010f7b60
71010fdfd0	71010e6ed0,71010efd10,7101105520,7101105860,710110a2f0
71010fe170	71010efd10,71010fa4a0,71010faa40,71010fac60,71010fad40,71010faf50,71010fdfd0,7101109870,710144dbc0
71010fe3a0	71010efd10,71010f3090,71010faa40,71010fb6d0
71010fe690	71010f00f0
71010fe6e0	71010effc0
71010fe760	71010e2f90,71010e3dc0
71010fe7a0	71010fe760
71010fe7c0	7100558920,71010e7c00,71010f00f0,71010fe8c0
71010fe8c0	71010f00f0
71010feaa0	7100558950,71010e6960,71010effc0
71010feb60	71010e3d00,71010e3ed0,71010e5330
71010fec00	71010e3d00,71010e3ed0,71010e5330
71010feca0	71005587c0,71010e3e50,71010feeb0
71010fee10	71010f7740,71010fe8c0,71010ff470,7101104190,7101104860,7101106f00
71010feeb0	71010e5330,71010e74e0,71010effc0
71010fefa0	71010feeb0
71010ff0d0	710144a5c0
71010ff1e0	71010f0000,710144a5d0
71010ff470	71010e70f0,71010f00f0,71010ff690,710144a5d0
71010ff690	71010e3dc0,71010e7120,71010e84b0,71010effa0,71010ff1e0,710144a580,710144a5c0
71010ff8e0	71010e7120
71010ff980	71010ff690,710144a590,710144a630
71010ffa50	71010e7120,71010effa0
71010ffb10	71010db4e0,71010db900,71010dccd0,71010dd820,71010dddd0,71010de290,71010e17c0,71010e1d00
71010ffbf0	71010dcc30,71010dff90,71010e0930,71010e09a0,71010e0c70
71010ffd30	71010db4c0,71010dfe70,71010e0bb0,71010e0fa0,71010e1010
71010ffe10	71010db4e0,71010dc4b0,71010de880,71010dfe10,71010dff90,71010e0a00
