addr	size	name	namespace	namesrc	sigsrc	thunk	tags	signature
7100000080	12	nndetailRoGetRoDataStart		i	a	0		undefined * nndetailRoGetRoDataStart(void)
7100000090	12	nndetailRoGetRoDataEnd		i	a	0		undefined * nndetailRoGetRoDataEnd(void)
71000000a0	352	_init		i	i	0		int _init(EVP_PKEY_CTX * ctx)
7100000200	144	_fini		i	a	0		undefined _fini(void)
7100000290	36	FUN_7100000290		d	a	0		undefined8 FUN_7100000290(long param_1)
7100000340	120	FUN_7100000340		d	a	0		undefined8 FUN_7100000340(undefined8 param_1, undefined8 param_2, long param_3)
71000003c0	184	FUN_71000003c0		d	a	0		undefined FUN_71000003c0(long param_1, ulong param_2, ulong param_3)
7100000480	88	FUN_7100000480		d	a	0		undefined FUN_7100000480(void)
71000004e0	80	FUN_71000004e0		d	a	0		undefined FUN_71000004e0(void)
7100000530	88	FUN_7100000530		d	a	0		undefined FUN_7100000530(void)
7100000590	88	FUN_7100000590		d	a	0		undefined FUN_7100000590(void)
71000005f0	80	FUN_71000005f0		d	a	0		undefined FUN_71000005f0(void)
7100000640	80	FUN_7100000640		d	a	0		undefined FUN_7100000640(void)
7100000690	88	FUN_7100000690		d	a	0		undefined FUN_7100000690(void)
71000006f0	88	FUN_71000006f0		d	a	0		undefined FUN_71000006f0(void)
7100000750	88	FUN_7100000750		d	a	0		undefined FUN_7100000750(void)
71000007b0	88	FUN_71000007b0		d	a	0		undefined FUN_71000007b0(void)
7100000810	88	FUN_7100000810		d	a	0		undefined FUN_7100000810(void)
7100000870	88	FUN_7100000870		d	a	0		undefined FUN_7100000870(void)
71000008d0	88	FUN_71000008d0		d	a	0		undefined FUN_71000008d0(void)
7100000930	88	FUN_7100000930		d	a	0		undefined FUN_7100000930(void)
7100000990	88	FUN_7100000990		d	a	0		undefined FUN_7100000990(void)
71000009f0	88	FUN_71000009f0		d	a	0		undefined FUN_71000009f0(void)
7100000a50	80	FUN_7100000a50		d	a	0		undefined FUN_7100000a50(void)
7100000aa0	80	FUN_7100000aa0		d	a	0		undefined FUN_7100000aa0(void)
7100000af0	80	FUN_7100000af0		d	a	0		undefined FUN_7100000af0(void)
7100000b40	80	FUN_7100000b40		d	a	0		undefined FUN_7100000b40(void)
7100000b90	88	FUN_7100000b90		d	a	0		undefined FUN_7100000b90(void)
7100000bf0	88	FUN_7100000bf0		d	a	0		undefined FUN_7100000bf0(void)
7100000c50	88	FUN_7100000c50		d	a	0		undefined FUN_7100000c50(void)
7100000cb0	88	FUN_7100000cb0		d	a	0		undefined FUN_7100000cb0(void)
7100000d10	88	FUN_7100000d10		d	a	0		undefined FUN_7100000d10(void)
7100000d70	88	FUN_7100000d70		d	a	0		undefined FUN_7100000d70(void)
7100000dd0	88	FUN_7100000dd0		d	a	0		undefined FUN_7100000dd0(void)
7100000e30	88	FUN_7100000e30		d	a	0		undefined FUN_7100000e30(void)
7100000e90	88	FUN_7100000e90		d	a	0		undefined FUN_7100000e90(void)
7100000ef0	88	FUN_7100000ef0		d	a	0		undefined FUN_7100000ef0(void)
7100000f50	88	FUN_7100000f50		d	a	0		undefined FUN_7100000f50(void)
7100000fb0	88	FUN_7100000fb0		d	a	0		undefined FUN_7100000fb0(void)
7100001010	88	FUN_7100001010		d	a	0		undefined FUN_7100001010(void)
7100001070	88	FUN_7100001070		d	a	0		undefined FUN_7100001070(void)
71000010d0	88	FUN_71000010d0		d	a	0		undefined FUN_71000010d0(void)
7100001130	88	FUN_7100001130		d	a	0		undefined FUN_7100001130(void)
7100001190	88	FUN_7100001190		d	a	0		undefined FUN_7100001190(void)
71000011f0	88	FUN_71000011f0		d	a	0		undefined FUN_71000011f0(void)
7100001250	88	FUN_7100001250		d	a	0		undefined FUN_7100001250(void)
71000012b0	88	FUN_71000012b0		d	a	0		undefined FUN_71000012b0(void)
7100001310	88	FUN_7100001310		d	a	0		undefined FUN_7100001310(void)
7100001370	88	FUN_7100001370		d	a	0		undefined FUN_7100001370(void)
71000013d0	88	FUN_71000013d0		d	a	0		undefined FUN_71000013d0(void)
7100001430	88	FUN_7100001430		d	a	0		undefined FUN_7100001430(void)
7100001490	88	FUN_7100001490		d	a	0		undefined FUN_7100001490(void)
71000014f0	88	FUN_71000014f0		d	a	0		undefined FUN_71000014f0(void)
7100001550	88	FUN_7100001550		d	a	0		undefined FUN_7100001550(void)
71000015b0	88	FUN_71000015b0		d	a	0		undefined FUN_71000015b0(void)
7100001610	88	FUN_7100001610		d	a	0		undefined FUN_7100001610(void)
7100001670	88	FUN_7100001670		d	a	0		undefined FUN_7100001670(void)
71000016d0	88	FUN_71000016d0		d	a	0		undefined FUN_71000016d0(void)
7100001730	88	FUN_7100001730		d	a	0		undefined FUN_7100001730(void)
7100001790	88	FUN_7100001790		d	a	0		undefined FUN_7100001790(void)
71000017f0	88	FUN_71000017f0		d	a	0		undefined FUN_71000017f0(void)
7100001850	88	FUN_7100001850		d	a	0		undefined FUN_7100001850(void)
71000018b0	88	FUN_71000018b0		d	a	0		undefined FUN_71000018b0(void)
7100001910	88	FUN_7100001910		d	a	0		undefined FUN_7100001910(void)
7100001970	88	FUN_7100001970		d	a	0		undefined FUN_7100001970(void)
71000019d0	88	FUN_71000019d0		d	a	0		undefined FUN_71000019d0(void)
7100001a30	88	FUN_7100001a30		d	a	0		undefined FUN_7100001a30(void)
7100001a90	80	FUN_7100001a90		d	a	0		undefined FUN_7100001a90(void)
7100001ae0	80	FUN_7100001ae0		d	a	0		undefined FUN_7100001ae0(void)
7100001b30	80	FUN_7100001b30		d	a	0		undefined FUN_7100001b30(void)
7100001b80	80	FUN_7100001b80		d	a	0		undefined FUN_7100001b80(void)
7100001bd0	80	FUN_7100001bd0		d	a	0		undefined FUN_7100001bd0(void)
7100001c20	80	FUN_7100001c20		d	a	0		undefined FUN_7100001c20(void)
7100001c70	80	FUN_7100001c70		d	a	0		undefined FUN_7100001c70(void)
7100001cc0	88	FUN_7100001cc0		d	a	0		undefined FUN_7100001cc0(void)
7100001d20	88	FUN_7100001d20		d	a	0		undefined FUN_7100001d20(void)
7100001d80	88	FUN_7100001d80		d	a	0		undefined FUN_7100001d80(void)
7100001de0	88	FUN_7100001de0		d	a	0		undefined FUN_7100001de0(void)
7100001e40	88	FUN_7100001e40		d	a	0		undefined FUN_7100001e40(void)
7100001ea0	88	FUN_7100001ea0		d	a	0		undefined FUN_7100001ea0(void)
7100001f00	88	FUN_7100001f00		d	a	0		undefined FUN_7100001f00(void)
7100001f60	88	FUN_7100001f60		d	a	0		undefined FUN_7100001f60(void)
7100001fc0	88	FUN_7100001fc0		d	a	0		undefined FUN_7100001fc0(void)
7100002020	88	FUN_7100002020		d	a	0		undefined FUN_7100002020(void)
7100002080	88	FUN_7100002080		d	a	0		undefined FUN_7100002080(void)
71000020e0	88	FUN_71000020e0		d	a	0		undefined FUN_71000020e0(void)
7100002140	88	FUN_7100002140		d	a	0		undefined FUN_7100002140(void)
71000021a0	80	FUN_71000021a0		d	a	0		undefined FUN_71000021a0(void)
71000021f0	88	FUN_71000021f0		d	a	0		undefined FUN_71000021f0(void)
7100002250	88	FUN_7100002250		d	a	0		undefined FUN_7100002250(void)
71000022b0	80	FUN_71000022b0		d	a	0		undefined FUN_71000022b0(void)
7100002300	80	FUN_7100002300		d	a	0		undefined FUN_7100002300(void)
7100002350	80	FUN_7100002350		d	a	0		undefined FUN_7100002350(void)
71000023a0	80	FUN_71000023a0		d	a	0		undefined FUN_71000023a0(void)
71000023f0	88	FUN_71000023f0		d	a	0		undefined FUN_71000023f0(void)
7100002450	88	FUN_7100002450		d	a	0		undefined FUN_7100002450(void)
71000024b0	88	FUN_71000024b0		d	a	0		undefined FUN_71000024b0(void)
7100002510	88	FUN_7100002510		d	a	0		undefined FUN_7100002510(void)
7100002570	88	FUN_7100002570		d	a	0		undefined FUN_7100002570(void)
71000025d0	80	FUN_71000025d0		d	a	0		undefined FUN_71000025d0(void)
7100002620	80	FUN_7100002620		d	a	0		undefined FUN_7100002620(void)
7100002670	80	FUN_7100002670		d	a	0		undefined FUN_7100002670(void)
71000026c0	80	FUN_71000026c0		d	a	0		undefined FUN_71000026c0(void)
7100002710	80	FUN_7100002710		d	a	0		undefined FUN_7100002710(void)
7100002760	80	FUN_7100002760		d	a	0		undefined FUN_7100002760(void)
71000027b0	80	FUN_71000027b0		d	a	0		undefined FUN_71000027b0(void)
7100002800	80	FUN_7100002800		d	a	0		undefined FUN_7100002800(void)
7100002850	80	FUN_7100002850		d	a	0		undefined FUN_7100002850(void)
71000028a0	80	FUN_71000028a0		d	a	0		undefined FUN_71000028a0(void)
71000028f0	80	FUN_71000028f0		d	a	0		undefined FUN_71000028f0(void)
7100002940	80	FUN_7100002940		d	a	0		undefined FUN_7100002940(void)
7100002990	80	FUN_7100002990		d	a	0		undefined FUN_7100002990(void)
71000029e0	80	FUN_71000029e0		d	a	0		undefined FUN_71000029e0(void)
7100002a30	80	FUN_7100002a30		d	a	0		undefined FUN_7100002a30(void)
7100002a80	80	FUN_7100002a80		d	a	0		undefined FUN_7100002a80(void)
7100002ad0	80	FUN_7100002ad0		d	a	0		undefined FUN_7100002ad0(void)
7100002b20	80	FUN_7100002b20		d	a	0		undefined FUN_7100002b20(void)
7100002b70	80	FUN_7100002b70		d	a	0		undefined FUN_7100002b70(void)
7100002bc0	80	FUN_7100002bc0		d	a	0		undefined FUN_7100002bc0(void)
7100002c10	80	FUN_7100002c10		d	a	0		undefined FUN_7100002c10(void)
7100002c60	80	FUN_7100002c60		d	a	0		undefined FUN_7100002c60(void)
7100002cb0	80	FUN_7100002cb0		d	a	0		undefined FUN_7100002cb0(void)
7100002d00	80	FUN_7100002d00		d	a	0		undefined FUN_7100002d00(void)
7100002d50	80	FUN_7100002d50		d	a	0		undefined FUN_7100002d50(void)
7100002da0	80	FUN_7100002da0		d	a	0		undefined FUN_7100002da0(void)
7100002df0	88	FUN_7100002df0		d	a	0		undefined FUN_7100002df0(void)
7100002e50	88	FUN_7100002e50		d	a	0		undefined FUN_7100002e50(void)
7100002eb0	88	FUN_7100002eb0		d	a	0		undefined FUN_7100002eb0(void)
7100002f10	88	FUN_7100002f10		d	a	0		undefined FUN_7100002f10(void)
7100002f70	88	FUN_7100002f70		d	a	0		undefined FUN_7100002f70(void)
7100002fd0	88	FUN_7100002fd0		d	a	0		undefined FUN_7100002fd0(void)
7100003030	88	FUN_7100003030		d	a	0		undefined FUN_7100003030(void)
7100003090	88	FUN_7100003090		d	a	0		undefined FUN_7100003090(void)
71000030f0	88	FUN_71000030f0		d	a	0		undefined FUN_71000030f0(void)
7100003150	88	FUN_7100003150		d	a	0		undefined FUN_7100003150(void)
71000031b0	88	FUN_71000031b0		d	a	0		undefined FUN_71000031b0(void)
7100003210	88	FUN_7100003210		d	a	0		undefined FUN_7100003210(void)
7100003270	88	FUN_7100003270		d	a	0		undefined FUN_7100003270(void)
71000032d0	80	FUN_71000032d0		d	a	0		undefined FUN_71000032d0(void)
7100003320	80	FUN_7100003320		d	a	0		undefined FUN_7100003320(void)
7100003370	88	FUN_7100003370		d	a	0		undefined FUN_7100003370(void)
71000033d0	80	FUN_71000033d0		d	a	0		undefined FUN_71000033d0(void)
7100003420	80	FUN_7100003420		d	a	0		undefined FUN_7100003420(void)
7100003470	80	FUN_7100003470		d	a	0		undefined FUN_7100003470(void)
71000034c0	80	FUN_71000034c0		d	a	0		undefined FUN_71000034c0(void)
7100003510	80	FUN_7100003510		d	a	0		undefined FUN_7100003510(void)
7100003560	80	FUN_7100003560		d	a	0		undefined FUN_7100003560(void)
71000035b0	140	Mg1402CenterWorld	mg1402::Mg1402CenterWorld	a	a	0		undefined Mg1402CenterWorld(Mg1402CenterWorld * this)
710000363c	220	Impl	mg1402::Mg1402CenterWorld::Impl	a	a	0		undefined Impl(Impl * this)
7100003718	108	~Mg1402CenterWorld	mg1402::Mg1402CenterWorld	a	a	0		undefined ~Mg1402CenterWorld(Mg1402CenterWorld * this)
7100003784	36	~Mg1402CenterWorld	mg1402::Mg1402CenterWorld	a	a	0		undefined ~Mg1402CenterWorld(Mg1402CenterWorld * this)
71000037a8	8	Setup	mg1402::Mg1402CenterWorld	a	a	0		undefined Setup(Mg1402CenterWorld * this, uint param_1)
71000037b0	1436	Setup	mg1402::Mg1402CenterWorld::Impl	a	a	0		undefined Setup(Impl * this, uint param_1)
7100003d60	168	Update	mg1402::Mg1402CenterWorld	a	a	0		undefined8 Update(Mg1402CenterWorld * this)
7100003e10	16	FUN_7100003e10		d	a	0		undefined FUN_7100003e10(void)
7100003e20	8	OnStartSlot	mg1402::Mg1402CenterWorld	a	a	0		undefined OnStartSlot(Mg1402CenterWorld * this)
7100003e28	380	OnStartSlot	mg1402::Mg1402CenterWorld::Impl	a	a	0		undefined OnStartSlot(Impl * this)
7100003fa4	32	UpSlotLevel	mg1402::Mg1402CenterWorld	a	a	0		undefined UpSlotLevel(Mg1402CenterWorld * this)
7100003fc4	12	ResetSlotLevel	mg1402::Mg1402CenterWorld	a	a	0		undefined ResetSlotLevel(Mg1402CenterWorld * this)
7100003fd0	8	SetReelsIdle	mg1402::Mg1402CenterWorld	a	a	0		undefined SetReelsIdle(Mg1402CenterWorld * this, ulong param_1)
7100003fd8	152	SetReelsIdle	mg1402::Mg1402CenterWorld::Impl	a	a	0		undefined SetReelsIdle(Impl * this, ulong param_1)
7100004070	44	SetFrameIdle	mg1402::Mg1402CenterWorld	a	a	0		undefined SetFrameIdle(long param_1)
710000409c	12	IsSlotSpining	mg1402::Mg1402CenterWorld	a	a	0		undefined1 IsSlotSpining(Mg1402CenterWorld * this)
71000040a8	92	ResetRandom	mg1402::Mg1402CenterWorld	a	a	0		undefined ResetRandom(Mg1402CenterWorld * this)
7100004104	40	SetDuckingOff	mg1402::Mg1402CenterWorld	a	a	0		undefined SetDuckingOff(long param_1)
710000412c	8	SetResultWorld	mg1402::Mg1402CenterWorld	a	a	0		undefined SetResultWorld(Mg1402CenterWorld * this)
7100004134	232	SetResultWorld	mg1402::Mg1402CenterWorld::Impl	a	a	0		undefined SetResultWorld(Impl * this)
710000421c	244	~Impl	mg1402::Mg1402CenterWorld::Impl	a	a	0		undefined ~Impl(Impl * this)
7100004310	36	~Impl	mg1402::Mg1402CenterWorld::Impl	a	a	0		undefined ~Impl(Impl * this)
7100004334	952	SlotUnit	mg1402::SlotUnit	a	a	0		undefined SlotUnit(SlotUnit * this, uint param_1)
71000046f4	428	SetUnitPosition	mg1402::Mg1402CenterWorld::Impl	a	a	0		undefined SetUnitPosition(float param_1, Impl * this)
71000048a0	724	operator()	std::uniform_int_distribution<long>	a	a	0		ulong operator()(uniform_int_distribution<long> * this, undefined8 param_2_00, long * param_2)
7100004b74	268	~SlotUnit	mg1402::SlotUnit	a	a	0		undefined ~SlotUnit(SlotUnit * this)
7100004c80	36	~SlotUnit	mg1402::SlotUnit	a	a	0		undefined ~SlotUnit(SlotUnit * this)
7100004ca4	936	SetPosition	mg1402::SlotUnit	a	a	0		undefined SetPosition(float param_1, SlotUnit * this)
710000504c	532	UpdateSlot	mg1402::Mg1402CenterWorld::Impl	a	a	0		undefined UpdateSlot(Impl * this)
7100005260	480	SetupCalcParamVm	mg1402::Mg1402CenterWorld::Impl	a	a	0		undefined SetupCalcParamVm(Impl * this)
7100005440	376	CalcPositionVm	mg1402::Mg1402CenterWorld::Impl	a	a	0		float CalcPositionVm(float param_1, Impl * this, uint param_3)
71000055b8	252	OnSlide	mg1402::Mg1402CenterWorld::Impl	a	a	0		undefined OnSlide(Impl * this)
71000056b4	452	OnStopSlot	mg1402::Mg1402CenterWorld::Impl	a	a	0		undefined OnStopSlot(Impl * this)
7100005878	448	DecideSlotMode	mg1402::Mg1402CenterWorld::Impl	a	a	0		undefined DecideSlotMode(Impl * this)
7100005a40	320	SetDuckingOff	mg1402::SlotUnit	a	a	0		undefined SetDuckingOff(long param_1)
7100005b88	32	IsDerivedFrom	nn::bezel::detail::StaticTypeDesc<bq::ComMatter,false,nn::bezel::Component>	a	a	0		bool IsDerivedFrom(undefined * param_1)
7100005ba8	12	GetBaseTypeDesc	nn::bezel::detail::StaticTypeDesc<bq::ComMatter,false,nn::bezel::Component>	a	a	0		undefined * GetBaseTypeDesc(void)
7100005bb4	20	GetNextBaseTypeDesc	nn::bezel::detail::StaticTypeDesc<bq::ComMatter,false,nn::bezel::Component>	a	a	0		undefined * GetNextBaseTypeDesc(long param_1)
7100005bc8	8	CastTo	nn::bezel::detail::StaticTypeDesc<bq::ComMatter,false,nn::bezel::Component>	a	a	0		undefined8 CastTo(undefined8 param_1, undefined8 param_2)
7100005bd0	8	CastToConst	nn::bezel::detail::StaticTypeDesc<bq::ComMatter,false,nn::bezel::Component>	a	a	0		undefined8 CastToConst(undefined8 param_1, undefined8 param_2)
7100005bd8	20	IsDerivedFrom	nn::bezel::detail::StaticTypeDesc<nn::bezel::Component,false>	a	a	0		bool IsDerivedFrom(undefined * param_1)
7100005bec	8	GetBaseTypeDesc	nn::bezel::detail::StaticTypeDesc<nn::bezel::Component,false>	a	a	0		undefined8 GetBaseTypeDesc(void)
7100005bf4	8	GetNextBaseTypeDesc	nn::bezel::detail::StaticTypeDesc<nn::bezel::Component,false>	a	a	0		undefined8 GetNextBaseTypeDesc(void)
7100005bfc	8	CastTo	nn::bezel::detail::StaticTypeDesc<nn::bezel::Component,false>	a	a	0		undefined8 CastTo(undefined8 param_1, undefined8 param_2)
7100005c04	8	CastToConst	nn::bezel::detail::StaticTypeDesc<nn::bezel::Component,false>	a	a	0		undefined8 CastToConst(undefined8 param_1, undefined8 param_2)
7100005c10	168	Mg1402Camera	mg1402::Mg1402Camera	a	a	0		undefined Mg1402Camera(Mg1402Camera * this)
7100005cc0	232	~Mg1402Camera	mg1402::Mg1402Camera	a	a	0		undefined ~Mg1402Camera(Mg1402Camera * this)
7100005da8	36	~Mg1402Camera	mg1402::Mg1402Camera	a	a	0		undefined ~Mg1402Camera(Mg1402Camera * this)
7100005dcc	8	Setup	mg1402::Mg1402Camera	a	a	0		undefined Setup(long param_1)
7100005dd4	544	Setup	mg1402::Mg1402Camera::Impl	a	a	0		undefined Setup(long * param_1)
7100005ff4	4	RemoveCamera	mg1402::Mg1402Camera	a	a	0		undefined RemoveCamera(void)
7100006000	480	AddComponent<nn::bezel::ComCamera,,(void*)0>	nn::bezel::Entity	a	a	0		WeakHandle AddComponent<nn::bezel::ComCamera,,(void*)0>(long * param_1, HandlePtr * param_2)
71000061f0	468	AddComponent<actor::ComActorMotion,,(void*)0>	nn::bezel::Entity	a	a	0		WeakHandle AddComponent<actor::ComActorMotion,,(void*)0>(long * param_1, HandlePtr * param_2)
71000063cc	32	IsDerivedFrom	nn::bezel::detail::StaticTypeDesc<nn::bezel::ComCamera,false,nn::bezel::Component>	a	a	0		bool IsDerivedFrom(undefined * param_1)
71000063ec	12	GetBaseTypeDesc	nn::bezel::detail::StaticTypeDesc<nn::bezel::ComCamera,false,nn::bezel::Component>	a	a	0		undefined * GetBaseTypeDesc(void)
71000063f8	20	GetNextBaseTypeDesc	nn::bezel::detail::StaticTypeDesc<nn::bezel::ComCamera,false,nn::bezel::Component>	a	a	0		undefined * GetNextBaseTypeDesc(long param_1)
710000640c	8	CastTo	nn::bezel::detail::StaticTypeDesc<nn::bezel::ComCamera,false,nn::bezel::Component>	a	a	0		undefined8 CastTo(undefined8 param_1, undefined8 param_2)
7100006414	8	CastToConst	nn::bezel::detail::StaticTypeDesc<nn::bezel::ComCamera,false,nn::bezel::Component>	a	a	0		undefined8 CastToConst(undefined8 param_1, undefined8 param_2)
710000641c	32	IsDerivedFrom	nn::bezel::detail::StaticTypeDesc<actor::ComActorMotion,false,nn::bezel::Component>	a	a	0		bool IsDerivedFrom(undefined * param_1)
710000643c	12	GetBaseTypeDesc	nn::bezel::detail::StaticTypeDesc<actor::ComActorMotion,false,nn::bezel::Component>	a	a	0		undefined * GetBaseTypeDesc(void)
7100006448	20	GetNextBaseTypeDesc	nn::bezel::detail::StaticTypeDesc<actor::ComActorMotion,false,nn::bezel::Component>	a	a	0		undefined * GetNextBaseTypeDesc(long param_1)
710000645c	8	CastTo	nn::bezel::detail::StaticTypeDesc<actor::ComActorMotion,false,nn::bezel::Component>	a	a	0		undefined8 CastTo(undefined8 param_1, undefined8 param_2)
7100006464	8	CastToConst	nn::bezel::detail::StaticTypeDesc<actor::ComActorMotion,false,nn::bezel::Component>	a	a	0		undefined8 CastToConst(undefined8 param_1, undefined8 param_2)
710000646c	12	NnDetailBezelGetTypeDesc	nn::bezel::StringViewHashPair	a	a	0		undefined * NnDetailBezelGetTypeDesc(void)
7100006478	4	NnDetailBezelGetThisPtr	nn::bezel::StringViewHashPair	a	a	0		undefined NnDetailBezelGetThisPtr(void)
710000647c	4	NnDetailBezelGetThisPtrConst	nn::bezel::StringViewHashPair	a	a	0		undefined NnDetailBezelGetThisPtrConst(void)
7100006480	20	IsDerivedFrom	nn::bezel::detail::StaticTypeDesc<nn::bezel::StringViewHashPair,true>	a	a	0		bool IsDerivedFrom(undefined * param_1)
7100006494	8	GetBaseTypeDesc	nn::bezel::detail::StaticTypeDesc<nn::bezel::StringViewHashPair,true>	a	a	0		undefined8 GetBaseTypeDesc(void)
710000649c	8	GetNextBaseTypeDesc	nn::bezel::detail::StaticTypeDesc<nn::bezel::StringViewHashPair,true>	a	a	0		undefined8 GetNextBaseTypeDesc(void)
71000064a4	8	CastTo	nn::bezel::detail::StaticTypeDesc<nn::bezel::StringViewHashPair,true>	a	a	0		undefined8 CastTo(undefined8 param_1, undefined8 param_2)
71000064ac	8	CastToConst	nn::bezel::detail::StaticTypeDesc<nn::bezel::StringViewHashPair,true>	a	a	0		undefined8 CastToConst(undefined8 param_1, undefined8 param_2)
71000064b4	220	getStaticTypeinfo	mg1402::Mg1402TestParam	a	a	0		undefined * getStaticTypeinfo(void)
7100006590	160	getPropertyList	mg1402::Mg1402TestParam	a	a	0		undefined * getPropertyList(void)
7100006630	32	createInstance	mg1402::Mg1402TestParam	a	a	0		undefined createInstance(void)
7100006650	12	deleteInstance	mg1402::Mg1402TestParam	a	a	0		undefined deleteInstance(void * param_1)
710000665c	4	checkGuiProperty	rtti::Struct	a	a	0		undefined checkGuiProperty(void * param_1, Property * param_2, PropertyList * param_3)
7100006660	4	createGuiProperty	rtti::Struct	a	a	0		undefined createGuiProperty(void * param_1, Property * param_2, Typeinfo * param_3, uint param_4)
7100006664	220	getStaticTypeinfo	mg1402::Mg1402CameraParam	a	a	0		undefined * getStaticTypeinfo(void)
7100006740	640	getPropertyList	mg1402::Mg1402CameraParam	a	a	0		undefined * getPropertyList(void)
71000069c0	40	createInstance	mg1402::Mg1402CameraParam	a	a	0		undefined createInstance(void)
71000069e8	12	deleteInstance	mg1402::Mg1402CameraParam	a	a	0		undefined deleteInstance(void * param_1)
71000069f4	148	Mg1402Param	mg1402::Mg1402Param	a	a	0		undefined Mg1402Param(Mg1402Param * this)
7100006a88	68	~Mg1402Param	mg1402::Mg1402Param	a	a	0		undefined ~Mg1402Param(Mg1402Param * this)
7100006acc	36	~Mg1402Param	mg1402::Mg1402Param	a	a	0		undefined ~Mg1402Param(Mg1402Param * this)
7100006af0	108	LoadData	mg1402::Mg1402Param	a	a	0		undefined LoadData(Mg1402Param * this)
7100006b5c	12	SetScenePtr	mg1402::Mg1402Param	a	a	0		undefined SetScenePtr(Mg1402Param * this, undefined8 param_1)
7100006b68	12	GetScenePtr	mg1402::Mg1402Param	a	a	0		undefined8 GetScenePtr(Mg1402Param * this)
7100006b74	44	GetSceneRootEntity	mg1402::Mg1402Param	a	a	0		undefined GetSceneRootEntity(undefined8 * param_1, long param_2)
7100006ba0	20	GetSceneParams	mg1402::Mg1402Param	a	a	0		undefined GetSceneParams(Mg1402Param * this)
7100006bb4	88	GetCharaBasePos	mg1402::Mg1402Param	a	a	0		undefined1[16] GetCharaBasePos(Mg1402Param * this, int param_2)
7100006c0c	96	GetCharaUpPos	mg1402::Mg1402Param	a	a	0		undefined1[16] GetCharaUpPos(Mg1402Param * this, int param_2)
7100006c6c	96	GetCharaDownPos	mg1402::Mg1402Param	a	a	0		undefined1[16] GetCharaDownPos(Mg1402Param * this, int param_2)
7100006ccc	68	GetCharaLookIdleCorrectY	mg1402::Mg1402Param	a	a	0		undefined4 GetCharaLookIdleCorrectY(Mg1402Param * this, int param_2)
7100006d10	68	GetLookDegRangeLR	mg1402::Mg1402Param	a	a	0		undefined4 GetLookDegRangeLR(Mg1402Param * this, int param_2)
7100006d54	68	GetLookDegRangeUp	mg1402::Mg1402Param	a	a	0		undefined4 GetLookDegRangeUp(Mg1402Param * this, int param_2)
7100006d98	68	GetLookDegRangeDown	mg1402::Mg1402Param	a	a	0		undefined4 GetLookDegRangeDown(Mg1402Param * this, int param_2)
7100006ddc	68	GetBodyDegRangeLR	mg1402::Mg1402Param	a	a	0		undefined4 GetBodyDegRangeLR(Mg1402Param * this, int param_2)
7100006e20	68	GetBodyDegRangeUp	mg1402::Mg1402Param	a	a	0		undefined4 GetBodyDegRangeUp(Mg1402Param * this, int param_2)
7100006e64	68	GetBodyDegRangeDown	mg1402::Mg1402Param	a	a	0		undefined4 GetBodyDegRangeDown(Mg1402Param * this, int param_2)
7100006ea8	40	~Impl	mg1402::Mg1402Param::Impl	a	a	0		undefined ~Impl(Impl * this)
7100006ed0	64	~Impl	mg1402::Mg1402Param::Impl	a	a	0		undefined ~Impl(Impl * this)
7100006f10	464	DeserializeRTTI<mg1402::Mg1402CameraParam>	bq::DataBaseJsonReader	a	a	0		bool DeserializeRTTI<mg1402::Mg1402CameraParam>(DataBaseJsonReader * this, char * param_1, long * param_2)
71000070f0	464	FUN_71000070f0		d	a	0		undefined FUN_71000070f0(long * param_1, ulong param_2)
71000072c0	20	FUN_71000072c0		d	a	0		undefined FUN_71000072c0(void)
71000072e0	80	FUN_71000072e0		d	a	0		undefined FUN_71000072e0(char * param_1)
7100007330	48	FUN_7100007330		d	a	0		undefined FUN_7100007330(logic_error * param_1, char * param_2)
7100007360	624	FUN_7100007360		d	a	0		undefined FUN_7100007360(void)
71000075d0	168	Mg1402LayoutManager	mg1402::Mg1402LayoutManager	a	a	0		undefined Mg1402LayoutManager(Mg1402LayoutManager * this)
7100007678	68	~Mg1402LayoutManager	mg1402::Mg1402LayoutManager	a	a	0		undefined ~Mg1402LayoutManager(Mg1402LayoutManager * this)
71000076bc	36	~Mg1402LayoutManager	mg1402::Mg1402LayoutManager	a	a	0		undefined ~Mg1402LayoutManager(Mg1402LayoutManager * this)
71000076e0	16	Setup	mg1402::Mg1402LayoutManager	a	a	0		undefined Setup(Mg1402LayoutManager * this)
71000076f0	136	ShowPointLayout	mg1402::Mg1402LayoutManager	a	a	0		undefined ShowPointLayout(Mg1402LayoutManager * this, uint param_1)
7100007778	108	SetPoint	mg1402::Mg1402LayoutManager	a	a	0		undefined SetPoint(Mg1402LayoutManager * this, int param_1, bool param_2)
71000077e4	88	ShowAllPointLayout	mg1402::Mg1402LayoutManager	a	a	0		undefined ShowAllPointLayout(Mg1402LayoutManager * this, bool param_1)
710000783c	4	Initialize	mg1402::Mg1402SequenceObjectBase	a	a	0		undefined Initialize(void)
7100007840	4	StartOpeningDemo	mg1402::Mg1402SequenceObjectBase	a	a	0		undefined StartOpeningDemo(void)
7100007844	4	SkipOpeningDemo	mg1402::Mg1402SequenceObjectBase	a	a	0		undefined SkipOpeningDemo(void)
7100007848	4	StartGame	mg1402::Mg1402SequenceObjectBase	a	a	0		undefined StartGame(void)
710000784c	4	StartFinish	mg1402::Mg1402SequenceObjectBase	a	a	0		undefined StartFinish(void)
7100007850	4	StartEndingDemo	mg1402::Mg1402SequenceObjectBase	a	a	0		undefined StartEndingDemo(void)
7100007860	156	~Impl	mg1402::Mg1402LayoutManager::Impl	a	a	0		undefined ~Impl(Impl * this)
7100007900	164	~Impl	mg1402::Mg1402LayoutManager::Impl	a	a	0		undefined ~Impl(Impl * this)
71000079a4	4	getInstanceTypeinfo	bex::Fiber	a	a	0		undefined getInstanceTypeinfo(void)
71000079a8	4	StartUpdate	bex::Fiber	a	a	0		undefined StartUpdate(void)
71000079ac	4	Update	bex::Fiber	a	a	0		undefined Update(void)
71000079b0	44	Destroy	bex::Fiber	a	a	0		undefined Destroy(Fiber * this)
71000079e0	492	Setup	mg1402::Mg1402LayoutManager::Impl	a	a	0		undefined Setup(Impl * this)
7100007be0	208	FUN_7100007be0		d	a	0		undefined FUN_7100007be0(undefined8 * param_1)
7100007cb0	1356	Setup	mg1402::Mg1402PointLayout	a	a	0		undefined Setup(Mg1402PointLayout * this)
7100008210	468	AddComponent<bq::ComUiScore,bq::ComUiScore::UiScoreType,(void*)0>	nn::bezel::Entity	a	a	0		WeakHandle AddComponent<bq::ComUiScore,bq::ComUiScore::UiScoreType,(void*)0>(long * param_1_00, HandlePtr * param_2, undefined4 * param_3)
71000083ec	20	FUN_71000083ec		d	a	0		undefined FUN_71000083ec(void)
7100008400	20	FUN_7100008400		d	a	0		undefined FUN_7100008400(void)
7100008414	368	SafeCreate<bq::ComUiScore,nn::bezel::HandlePtr<nn::bezel::Entity>const&,bq::ComUiScore::UiScoreType>	bex::ComponentUtil	a	a	0		WeakHandle SafeCreate<bq::ComUiScore,nn::bezel::HandlePtr<nn::bezel::Entity>const&,bq::ComUiScore::UiScoreType>(long * param_1_00, ComponentUtil * this, undefined4 * param_3)
7100008594	32	IsDerivedFrom	nn::bezel::detail::StaticTypeDesc<bq::ComUiScore,false,nn::bezel::Component>	a	a	0		bool IsDerivedFrom(undefined * param_1)
71000085b4	12	GetBaseTypeDesc	nn::bezel::detail::StaticTypeDesc<bq::ComUiScore,false,nn::bezel::Component>	a	a	0		undefined * GetBaseTypeDesc(void)
71000085c0	20	GetNextBaseTypeDesc	nn::bezel::detail::StaticTypeDesc<bq::ComUiScore,false,nn::bezel::Component>	a	a	0		undefined * GetNextBaseTypeDesc(long param_1)
71000085d4	8	CastTo	nn::bezel::detail::StaticTypeDesc<bq::ComUiScore,false,nn::bezel::Component>	a	a	0		undefined8 CastTo(undefined8 param_1, undefined8 param_2)
71000085dc	8	CastToConst	nn::bezel::detail::StaticTypeDesc<bq::ComUiScore,false,nn::bezel::Component>	a	a	0		undefined8 CastToConst(undefined8 param_1, undefined8 param_2)
71000085f0	124	CreateModel	mg1402	a	a	0		undefined CreateModel(undefined8 * param_1_00, char * param_2, undefined8 param_3)
7100008670	468	AddComponent<bq::ComMatter,char_const*&,(void*)0>	nn::bezel::Entity	a	a	0		WeakHandle AddComponent<bq::ComMatter,char_const*&,(void*)0>(long * param_1_00, HandlePtr * param_2, undefined8 * param_3)
7100008850	560	AddModelMotion	mg1402	a	a	0		undefined AddModelMotion(long * param_1, mg1402 * this, byte * param_3, char * param_4)
7100008a90	592	AddModelMotion	mg1402	a	a	0		undefined AddModelMotion(undefined8 * param_1, mg1402 * this, byte * param_3, undefined8 param_4, char * param_5)
7100008cf0	124	CreateNpcModel	mg1402	a	a	0		undefined CreateNpcModel(undefined8 * param_1_00, char * param_2, undefined4 param_3)
7100008d70	468	AddComponent<bq::ComMatter,bq::NonPlayerCharacterID&,(void*)0>	nn::bezel::Entity	a	a	0		WeakHandle AddComponent<bq::ComMatter,bq::NonPlayerCharacterID&,(void*)0>(long * param_1_00, HandlePtr * param_2, undefined4 * param_3)
7100008f50	136	CreatePcModel	mg1402	a	a	0		undefined CreatePcModel(undefined8 * param_1_00, mg1402 * this, undefined4 * param_3)
7100008fe0	468	AddComponent<bq::ComMatter,bex::PlayerID&,bq::MatterType,(void*)0>	nn::bezel::Entity	a	a	0		WeakHandle AddComponent<bq::ComMatter,bex::PlayerID&,bq::MatterType,(void*)0>(long * param_1_00, HandlePtr * param_2, undefined4 * param_3, undefined4 * param_4)
71000091c0	656	AddNpcMotion	mg1402	a	a	0		undefined AddNpcMotion(undefined8 * param_1, mg1402 * this, undefined4 param_3, byte * param_4, char * param_5)
7100009460	112	GetNodePosition	mg1402	a	a	0		uint GetNodePosition(undefined1[16] param_1, undefined1[16] param_2, undefined1[16] param_3, undefined1[16] param_4, long * param_5, undefined8 param_6, undefined8 * param_7)
71000094d0	392	GetNodeMatrix	mg1402	a	a	0		undefined8 GetNodeMatrix(undefined1[16] param_1, undefined1[16] param_2, undefined1[16] param_3, undefined1[16] param_4, long * param_5, undefined8 param_6, undefined1[16] * param_7)
7100009660	4216	GetNodeTransform	mg1402	a	a	0		uint GetNodeTransform(undefined1[16] param_1, undefined1[16] param_2, undefined1[16] param_3, undefined1[16] param_4, long * param_5, undefined8 param_6, undefined8 * param_7, long * param_8)
710000a6e0	440	GetNodeTransform	mg1402	a	a	0		uint GetNodeTransform(undefined1[16] param_1, undefined1[16] param_2, undefined1[16] param_3, undefined1[16] param_4, long * param_5, undefined8 param_6, undefined8 * param_7, byte * param_8)
710000a8a0	600	GetNodeTransform	mg1402	a	a	0		uint GetNodeTransform(undefined1[16] param_1, undefined1[16] param_2, undefined1[16] param_3, undefined1[16] param_4, long * param_5, undefined8 param_6, undefined8 * param_7, byte * param_8, undefined8 * param_9)
710000ab00	340	IsNodeValid	mg1402	a	a	0		bool IsNodeValid(long * param_1)
710000ac60	800	SetNodeTransform	mg1402	a	a	0		undefined8 SetNodeTransform(long * param_1, undefined8 param_2, undefined8 param_3, undefined1[12] * param_4)
710000af88	140	Mg1402Model	mg1402::Mg1402Model	a	a	0		undefined Mg1402Model(Mg1402Model * this)
710000b014	96	~Mg1402Model	mg1402::Mg1402Model	a	a	0		undefined ~Mg1402Model(Mg1402Model * this)
710000b074	36	~Mg1402Model	mg1402::Mg1402Model	a	a	0		undefined ~Mg1402Model(Mg1402Model * this)
710000b098	24	GetEntity	mg1402::Mg1402Model	a	a	0		undefined GetEntity(undefined8 * param_1, long param_2)
710000b0b0	8	GetComMatter	mg1402::Mg1402Model	a	a	0		undefined GetComMatter(long * param_1, long param_2)
710000b0c0	296	GetComMatter	mg1402::Mg1402Model::Impl	a	a	0		undefined GetComMatter(long * param_1, long param_2)
710000b1f0	96	GetComModel	mg1402::Mg1402Model	a	a	0		undefined GetComModel(long param_1)
710000b250	96	GetComActorMotion	mg1402::Mg1402Model	a	a	0		undefined GetComActorMotion(long param_1)
710000b2b0	168	CreateModel	mg1402::Mg1402Model	a	a	0		undefined CreateModel(undefined8 * param_1_00, long param_2, char * param_3, undefined8 param_4)
710000b358	168	CreateNpcModel	mg1402::Mg1402Model	a	a	0		undefined CreateNpcModel(undefined8 * param_1_00, long param_2, char * param_3, undefined4 param_4)
710000b400	184	CreatePcModel	mg1402::Mg1402Model	a	a	0		undefined CreatePcModel(undefined8 * param_1_00, long param_2, char * param_3, undefined4 * param_4)
710000b4b8	8	AddModelMotion	mg1402::Mg1402Model	a	a	0		undefined AddModelMotion(Mg1402Model * this, char * param_1)
710000b4c0	432	AddModelMotion	mg1402::Mg1402Model::Impl	a	a	0		ulong AddModelMotion(Impl * this, char * param_1)
710000b670	8	AddNpcMotion	mg1402::Mg1402Model	a	a	0		undefined AddNpcMotion(long param_1, undefined4 param_2, char * param_3)
710000b680	436	AddNpcMotion	mg1402::Mg1402Model::Impl	a	a	0		ulong AddNpcMotion(Impl * this, undefined4 param_1, char * param_2)
710000b834	8	PlayMotion	mg1402::Mg1402Model	a	a	0		undefined PlayMotion(long param_1, ulong param_2)
710000b840	360	PlayMotion	mg1402::Mg1402Model::Impl	a	a	0		undefined PlayMotion(long param_1, ulong param_2)
710000b9ac	8	SetMotionFrame	mg1402::Mg1402Model	a	a	0		undefined SetMotionFrame(float param_1, long param_2)
710000b9b4	136	SetMotionFrame	mg1402::Mg1402Model::Impl	a	a	0		undefined SetMotionFrame(float param_1, long param_2)
710000ba3c	96	GetMotionFrame	mg1402::Mg1402Model	a	a	0		undefined GetMotionFrame(long param_1)
710000ba9c	96	GetMotionFrameMax	mg1402::Mg1402Model	a	a	0		undefined GetMotionFrameMax(long param_1)
710000bafc	8	SetMotionSpeed	mg1402::Mg1402Model	a	a	0		undefined SetMotionSpeed(float param_1, long param_2)
710000bb04	136	SetMotionSpeed	mg1402::Mg1402Model::Impl	a	a	0		undefined SetMotionSpeed(float param_1, long param_2)
710000bb8c	96	GetMotionSpeed	mg1402::Mg1402Model	a	a	0		undefined GetMotionSpeed(long param_1)
710000bbec	8	SetMotionPause	mg1402::Mg1402Model	a	a	0		undefined SetMotionPause(long param_1)
710000bbf4	136	SetMotionPause	mg1402::Mg1402Model::Impl	a	a	0		undefined SetMotionPause(long param_1)
710000bc7c	100	IsMotionFinished	mg1402::Mg1402Model	a	a	0		uint IsMotionFinished(long param_1)
710000bce0	144	SetLayerVisibilityBit	mg1402::Mg1402Model	a	a	0		undefined SetLayerVisibilityBit(Mg1402Model * this, uint param_1)
710000bd70	60	SetPosition	mg1402::Mg1402Model	a	a	0		undefined SetPosition(long param_1)
710000bdac	16	GetPosition	mg1402::Mg1402Model	a	a	0		undefined GetPosition(void)
710000bdbc	60	SetRotation	mg1402::Mg1402Model	a	a	0		undefined SetRotation(long param_1)
710000bdf8	16	GetRotation	mg1402::Mg1402Model	a	a	0		undefined GetRotation(void)
710000be08	60	SetScale	mg1402::Mg1402Model	a	a	0		undefined SetScale(long param_1)
710000be44	16	GetScale	mg1402::Mg1402Model	a	a	0		undefined GetScale(void)
710000be54	8	SetVisible	mg1402::Mg1402Model	a	a	0		undefined SetVisible(long param_1)
710000be5c	224	SetVisible	mg1402::Mg1402Model::Impl	a	a	0		undefined SetVisible(long param_1)
710000bf3c	8	IsVisible	mg1402::Mg1402Model	a	a	0		uint IsVisible(long param_1)
710000bf44	212	IsVisible	mg1402::Mg1402Model::Impl	a	a	0		uint IsVisible(long param_1)
710000c018	8	SetBoneVisible	mg1402::Mg1402Model	a	a	0		undefined SetBoneVisible(long param_1, char * param_2)
710000c020	288	SetBoneVisible	mg1402::Mg1402Model::Impl	a	a	0		undefined SetBoneVisible(long param_1, char * param_2)
710000c140	156	GetNodePosition	mg1402::Mg1402Model	a	a	0		uint GetNodePosition(undefined1[16] param_1_00, undefined1[16] param_2_00, undefined1[16] param_3, undefined1[16] param_4, Mg1402Model * this, undefined8 param_6, undefined8 * param_7)
710000c1dc	76	GetNodeTransform	mg1402::Mg1402Model	a	a	0		uint GetNodeTransform(undefined1[16] param_1_00, undefined1[16] param_2_00, undefined1[16] param_3_00, undefined1[16] param_4, long param_5, undefined8 param_6, undefined8 * param_7, long * param_8)
710000c228	484	GetNodeTransform	mg1402::Mg1402Model	a	a	0		uint GetNodeTransform(undefined1[16] param_1_00, undefined1[16] param_2_00, undefined1[16] param_3_00, undefined1[16] param_4, Mg1402Model * this, undefined8 param_6, undefined8 * param_7, byte * param_8)
710000c40c	8	GetNodeTransform	mg1402::Mg1402Model	a	a	0		uint GetNodeTransform(undefined1[16] param_1_00, undefined1[16] param_2_00, undefined1[16] param_3_00, undefined1[16] param_4_00, Mg1402Model * this, undefined8 param_6, undefined8 * param_7, byte * param_8, undefined8 * param_9)
710000c414	640	GetNodeTransform	mg1402::Mg1402Model::Impl	a	a	0		uint GetNodeTransform(undefined1[16] param_1_00, undefined1[16] param_2_00, undefined1[16] param_3_00, undefined1[16] param_4_00, Impl * this, undefined8 param_6, undefined8 * param_7, byte * param_8, undefined8 * param_9)
710000c694	76	GetNodeMatrix	mg1402::Mg1402Model	a	a	0		uint GetNodeMatrix(undefined1[16] param_1_00, undefined1[16] param_2_00, undefined1[16] param_3, undefined1[16] param_4, long param_5, undefined8 param_6, undefined1[16] * param_7)
710000c6e0	144	~Impl	mg1402::Mg1402Model::Impl	a	a	0		undefined ~Impl(Impl * this)
710000c770	140	~Impl	mg1402::Mg1402Model::Impl	a	a	0		undefined ~Impl(Impl * this)
710000c7fc	200	GetMotionName	mg1402::Mg1402Model::Impl	a	a	0		undefined GetMotionName(undefined8 * param_1, undefined8 param_2, ulong param_3)
710000c910	288	to_string<unsigned_long>	bex	a	a	0		basic_string to_string<unsigned_long>(long * param_1_00, ulong param_2)
710000ca74	408	append	std::basic_string<char,std::char_traits<char>,bex::HeapModule::Allocator_string<char>>	a	a	0		basic_string<char,std::char_traits<char>,bex::HeapModule::Allocator_string<char>> * append(basic_string<char,std::char_traits<char>,bex::HeapModule::Allocator_string<char>> * this, void * param_1, ulong param_2)
710000cc0c	20	FUN_710000cc0c		d	a	0		undefined FUN_710000cc0c(void)
710000cc20	132	~basic_ostringstream	std::basic_ostringstream<char,std::char_traits<char>,bex::HeapModule::Allocator_string<char>>	a	a	0		undefined ~basic_ostringstream(basic_ostringstream<char,std::char_traits<char>,bex::HeapModule::Allocator_string<char>> * this)
710000cca4	140	~basic_ostringstream	std::basic_ostringstream<char,std::char_traits<char>,bex::HeapModule::Allocator_string<char>>	a	a	0		undefined ~basic_ostringstream(basic_ostringstream<char,std::char_traits<char>,bex::HeapModule::Allocator_string<char>> * this)
710000cd30	140	~basic_ostringstream	std::basic_ostringstream<char,std::char_traits<char>,bex::HeapModule::Allocator_string<char>>	a	a	0		undefined ~basic_ostringstream(basic_ostringstream<char,std::char_traits<char>,bex::HeapModule::Allocator_string<char>> * this)
710000cdbc	148	~basic_ostringstream	std::basic_ostringstream<char,std::char_traits<char>,bex::HeapModule::Allocator_string<char>>	a	a	0		undefined ~basic_ostringstream(basic_ostringstream<char,std::char_traits<char>,bex::HeapModule::Allocator_string<char>> * this)
710000ce50	64	~basic_stringbuf	std::basic_stringbuf<char,std::char_traits<char>,bex::HeapModule::Allocator_string<char>>	a	a	0		undefined ~basic_stringbuf(basic_stringbuf<char,std::char_traits<char>,bex::HeapModule::Allocator_string<char>> * this)
710000ce90	72	~basic_stringbuf	std::basic_stringbuf<char,std::char_traits<char>,bex::HeapModule::Allocator_string<char>>	a	a	0		undefined ~basic_stringbuf(basic_stringbuf<char,std::char_traits<char>,bex::HeapModule::Allocator_string<char>> * this)
710000ced8	280	seekoff	std::basic_stringbuf<char,std::char_traits<char>,bex::HeapModule::Allocator_string<char>>	a	a	0		undefined1[16] seekoff(basic_stringbuf<char,std::char_traits<char>,bex::HeapModule::Allocator_string<char>> * this, long param_1, int param_2, uint param_3)
710000d004	80	underflow	std::basic_stringbuf<char,std::char_traits<char>,bex::HeapModule::Allocator_string<char>>	a	a	0		ulong underflow(basic_stringbuf<char,std::char_traits<char>,bex::HeapModule::Allocator_string<char>> * this)
710000d054	108	pbackfail	std::basic_stringbuf<char,std::char_traits<char>,bex::HeapModule::Allocator_string<char>>	a	a	0		uint pbackfail(basic_stringbuf<char,std::char_traits<char>,bex::HeapModule::Allocator_string<char>> * this, uint param_1)
710000d0c0	472	overflow	std::basic_stringbuf<char,std::char_traits<char>,bex::HeapModule::Allocator_string<char>>	a	a	0		ulong overflow(basic_stringbuf<char,std::char_traits<char>,bex::HeapModule::Allocator_string<char>> * this, uint param_1)
710000d2a4	308	push_back	std::basic_string<char,std::char_traits<char>,bex::HeapModule::Allocator_string<char>>	a	a	0		undefined push_back(basic_string<char,std::char_traits<char>,bex::HeapModule::Allocator_string<char>> * this, basic_string<char,std::char_traits<char>,bex::HeapModule::Allocator_string<char>> param_2)
710000d3d8	404	append	std::basic_string<char,std::char_traits<char>,bex::HeapModule::Allocator_string<char>>	a	a	0		basic_string<char,std::char_traits<char>,bex::HeapModule::Allocator_string<char>> * append(basic_string<char,std::char_traits<char>,bex::HeapModule::Allocator_string<char>> * this, ulong param_1, int param_2)
710000d570	580	str	std::basic_stringbuf<char,std::char_traits<char>,bex::HeapModule::Allocator_string<char>>	a	a	0		undefined str(long * param_1, long param_2)
710000d7b4	20	FUN_710000d7b4		d	a	0		undefined FUN_710000d7b4(void)
710000d7c8	388	SafeCreate<bq::ComMatter,nn::bezel::HandlePtr<nn::bezel::Entity>const&,char_const*&>	bex::ComponentUtil	a	a	0		WeakHandle SafeCreate<bq::ComMatter,nn::bezel::HandlePtr<nn::bezel::Entity>const&,char_const*&>(long * param_1_00, ComponentUtil * this, undefined8 * param_3)
710000d95c	368	SafeCreate<bq::ComMatter,nn::bezel::HandlePtr<nn::bezel::Entity>const&,bq::NonPlayerCharacterID&>	bex::ComponentUtil	a	a	0		WeakHandle SafeCreate<bq::ComMatter,nn::bezel::HandlePtr<nn::bezel::Entity>const&,bq::NonPlayerCharacterID&>(long * param_1_00, ComponentUtil * this, undefined4 * param_3)
710000dadc	384	SafeCreate<bq::ComMatter,nn::bezel::HandlePtr<nn::bezel::Entity>const&,bex::PlayerID&,bq::MatterType>	bex::ComponentUtil	a	a	0		WeakHandle SafeCreate<bq::ComMatter,nn::bezel::HandlePtr<nn::bezel::Entity>const&,bex::PlayerID&,bq::MatterType>(long * param_1_00, ComponentUtil * this, undefined4 * param_3, undefined4 * param_4)
710000dc6c	32	IsDerivedFrom	nn::bezel::detail::StaticTypeDesc<nn::bezel::ComModel,false,nn::bezel::Component>	a	a	0		bool IsDerivedFrom(undefined * param_1)
710000dc8c	12	GetBaseTypeDesc	nn::bezel::detail::StaticTypeDesc<nn::bezel::ComModel,false,nn::bezel::Component>	a	a	0		undefined * GetBaseTypeDesc(void)
710000dc98	20	GetNextBaseTypeDesc	nn::bezel::detail::StaticTypeDesc<nn::bezel::ComModel,false,nn::bezel::Component>	a	a	0		undefined * GetNextBaseTypeDesc(long param_1)
710000dcac	8	CastTo	nn::bezel::detail::StaticTypeDesc<nn::bezel::ComModel,false,nn::bezel::Component>	a	a	0		undefined8 CastTo(undefined8 param_1, undefined8 param_2)
710000dcb4	8	CastToConst	nn::bezel::detail::StaticTypeDesc<nn::bezel::ComModel,false,nn::bezel::Component>	a	a	0		undefined8 CastToConst(undefined8 param_1, undefined8 param_2)
710000dcc0	80	FUN_710000dcc0		d	a	0		undefined FUN_710000dcc0(void)
710000dd10	80	FUN_710000dd10		d	a	0		undefined FUN_710000dd10(void)
710000dd60	232	Mg1402Player	mg1402::Mg1402Player	a	a	0		undefined Mg1402Player(Mg1402Player * this)
710000de48	104	~Mg1402Player	mg1402::Mg1402Player	a	a	0		undefined ~Mg1402Player(Mg1402Player * this)
710000deb0	36	~Mg1402Player	mg1402::Mg1402Player	a	a	0		undefined ~Mg1402Player(Mg1402Player * this)
710000ded4	8	Setup	mg1402::Mg1402Player	a	a	0		undefined Setup(Mg1402Player * this, uint param_1)
710000dee0	3136	Setup	mg1402::Mg1402Player::Impl	a	a	0		undefined Setup(Impl * this, uint param_1)
710000eb2c	76	Update	mg1402::Mg1402Player	a	a	0		undefined8 Update(Mg1402Player * this)
710000eb78	24	OnEnableAnswer	mg1402::Mg1402Player	a	a	0		undefined OnEnableAnswer(Mg1402Player * this)
710000eb94	240	OnEnableAnswer	mg1402::Mg1402Player::Impl	a	a	0		undefined OnEnableAnswer(Impl * this)
710000ec84	8	ChangeResultFace	mg1402::Mg1402Player	a	a	0		undefined ChangeResultFace(Mg1402Player * this, ulong param_1)
710000ec8c	276	ChangeResultFace	mg1402::Mg1402Player::Impl	a	a	0		undefined ChangeResultFace(Impl * this, ulong param_1)
710000eda0	8	SetResultWorld	mg1402::Mg1402Player	a	a	0		undefined SetResultWorld(undefined1[16] param_1, undefined1[16] param_2, undefined1[16] param_3, undefined1[16] param_4, Mg1402Player * this)
710000eda8	232	SetResultWorld	mg1402::Mg1402Player::Impl	a	a	0		undefined SetResultWorld(undefined1[16] param_1, undefined1[16] param_2, undefined1[16] param_3, undefined1[16] param_4, Impl * this)
710000ee90	8	SetResultAction	mg1402::Mg1402Player	a	a	0		undefined SetResultAction(long param_1)
710000ee98	128	SetResultAction	mg1402::Mg1402Player::Impl	a	a	0		undefined SetResultAction(long param_1)
710000ef18	84	ForceAnswer	mg1402::Mg1402Player	a	a	0		undefined ForceAnswer(Mg1402Player * this, uint param_1, int param_2)
710000ef6c	84	ForceAnswer	mg1402::Mg1402Player::Impl	a	a	0		undefined ForceAnswer(Impl * this, uint param_1, int param_2)
710000efc0	12	IsPlayerAnswered	mg1402::Mg1402Player	a	a	0		undefined1 IsPlayerAnswered(Mg1402Player * this)
710000efcc	8	OnSuccess	mg1402::Mg1402Player	a	a	0		undefined OnSuccess(long param_1)
710000efe0	344	OnSuccess	mg1402::Mg1402Player::Impl	a	a	0		undefined OnSuccess(long * param_1)
710000f140	8	PlaySlotFxTrigger	mg1402::Mg1402Player	a	a	0		undefined PlaySlotFxTrigger(Mg1402Player * this)
710000f150	324	PlaySlotFxTrigger	mg1402::Mg1402Player::Impl	a	a	0		undefined PlaySlotFxTrigger(Impl * this)
710000f29c	8	StopSlotFxTrigger	mg1402::Mg1402Player	a	a	0		undefined StopSlotFxTrigger(Mg1402Player * this)
710000f2b0	332	StopSlotFxTrigger	mg1402::Mg1402Player::Impl	a	a	0		undefined StopSlotFxTrigger(Impl * this)
710000f404	4	StartOpeningDemo	mg1402::Mg1402Player	a	a	0		undefined StartOpeningDemo(void)
710000f408	8	StartGame	mg1402::Mg1402Player	a	a	0		undefined StartGame(Mg1402Player * this)
710000f410	268	StartGame	mg1402::Mg1402Player::Impl	a	a	0		undefined StartGame(Impl * this)
710000f524	8	Finish	mg1402::Mg1402Player	a	a	0		undefined Finish(Mg1402Player * this)
710000f530	252	Finish	mg1402::Mg1402Player::Impl	a	a	0		undefined Finish(Impl * this)
710000f634	8	ShowPerfectTelop	mg1402::Mg1402Player	a	a	0		undefined ShowPerfectTelop(Mg1402Player * this)
710000f640	552	ShowPerfectTelop	mg1402::Mg1402Player::Impl	a	a	0		undefined8 ShowPerfectTelop(Impl * this)
710000f868	8	SetMissTurn	mg1402::Mg1402Player	a	a	0		undefined SetMissTurn(Mg1402Player * this, undefined4 param_1)
710000f870	272	SetMissTurn	mg1402::Mg1402Player::Impl	a	a	0		undefined SetMissTurn(Impl * this, undefined4 param_1)
710000fb80	680	ChangeLineSight	mg1402::Mg1402Player::Impl	a	a	0		undefined ChangeLineSight(Impl * this, int param_1)
710000fe40	480	AddComponent<ca::ui::CaComUiUserName,,(void*)0>	nn::bezel::Entity	a	a	0		WeakHandle AddComponent<ca::ui::CaComUiUserName,,(void*)0>(long * param_1, HandlePtr * param_2)
7100010030	468	AddComponent<bq::ComUi,char_const(&)[21],char_const(&)[20],(void*)0>	nn::bezel::Entity	a	a	0		WeakHandle AddComponent<bq::ComUi,char_const(&)[21],char_const(&)[20],(void*)0>(long * param_1_00, HandlePtr * param_2, char * param_3, char * param_4)
710001020c	32	IsDerivedFrom	nn::bezel::detail::StaticTypeDesc<bex::sound::ComActor,false,nn::bezel::Component>	a	a	0		bool IsDerivedFrom(undefined * param_1)
710001022c	12	GetBaseTypeDesc	nn::bezel::detail::StaticTypeDesc<bex::sound::ComActor,false,nn::bezel::Component>	a	a	0		undefined * GetBaseTypeDesc(void)
7100010238	20	GetNextBaseTypeDesc	nn::bezel::detail::StaticTypeDesc<bex::sound::ComActor,false,nn::bezel::Component>	a	a	0		undefined * GetNextBaseTypeDesc(long param_1)
710001024c	8	CastTo	nn::bezel::detail::StaticTypeDesc<bex::sound::ComActor,false,nn::bezel::Component>	a	a	0		undefined8 CastTo(undefined8 param_1, undefined8 param_2)
7100010254	8	CastToConst	nn::bezel::detail::StaticTypeDesc<bex::sound::ComActor,false,nn::bezel::Component>	a	a	0		undefined8 CastToConst(undefined8 param_1, undefined8 param_2)
7100010260	4	~__func	std::__function::__func<actor::ActionStatus(*)(actor::ActionContext_const&)noexcept,std::allocator<actor::ActionStatus(*)(actor::ActionContext_const&)noexcept>,actor::ActionStatus(actor::ActionContext_const&)>	a	a	0		undefined ~__func(__func<actor::ActionStatus(*)(actor::ActionContext_const&)noexcept,std::allocator<actor::ActionStatus(*)(actor::ActionContext_const&)noexcept>,actor::ActionStatus(actor::ActionContext_const&)> * this)
7100010264	56	__clone	std::__function::__func<actor::ActionStatus(*)(actor::ActionContext_const&)noexcept,std::allocator<actor::ActionStatus(*)(actor::ActionContext_const&)noexcept>,actor::ActionStatus(actor::ActionContext_const&)>	a	a	0		undefined __clone(__func<actor::ActionStatus(*)(actor::ActionContext_const&)noexcept,std::allocator<actor::ActionStatus(*)(actor::ActionContext_const&)noexcept>,actor::ActionStatus(actor::ActionContext_const&)> * this)
710001029c	28	__clone	std::__function::__func<actor::ActionStatus(*)(actor::ActionContext_const&)noexcept,std::allocator<actor::ActionStatus(*)(actor::ActionContext_const&)noexcept>,actor::ActionStatus(actor::ActionContext_const&)>	a	a	0		undefined __clone(__func<actor::ActionStatus(*)(actor::ActionContext_const&)noexcept,std::allocator<actor::ActionStatus(*)(actor::ActionContext_const&)noexcept>,actor::ActionStatus(actor::ActionContext_const&)> * this, long * param_1)
71000102b8	4	destroy	std::__function::__func<actor::ActionStatus(*)(actor::ActionContext_const&)noexcept,std::allocator<actor::ActionStatus(*)(actor::ActionContext_const&)noexcept>,actor::ActionStatus(actor::ActionContext_const&)>	a	a	0		undefined destroy(void)
71000102bc	4	destroy_deallocate	std::__function::__func<actor::ActionStatus(*)(actor::ActionContext_const&)noexcept,std::allocator<actor::ActionStatus(*)(actor::ActionContext_const&)noexcept>,actor::ActionStatus(actor::ActionContext_const&)>	a	a	0		undefined destroy_deallocate(__func<actor::ActionStatus(*)(actor::ActionContext_const&)noexcept,std::allocator<actor::ActionStatus(*)(actor::ActionContext_const&)noexcept>,actor::ActionStatus(actor::ActionContext_const&)> * this)
71000102c0	12	operator()	std::__function::__func<actor::ActionStatus(*)(actor::ActionContext_const&)noexcept,std::allocator<actor::ActionStatus(*)(actor::ActionContext_const&)noexcept>,actor::ActionStatus(actor::ActionContext_const&)>	a	a	0		undefined operator()(__func<actor::ActionStatus(*)(actor::ActionContext_const&)noexcept,std::allocator<actor::ActionStatus(*)(actor::ActionContext_const&)noexcept>,actor::ActionStatus(actor::ActionContext_const&)> * this, undefined8 param_1)
71000102d0	256	GetComponent<bq::ComMatter>	nn::bezel::Entity	a	a	0		WeakHandle GetComponent<bq::ComMatter>(long * param_1, long param_2)
71000103d8	32	IsDerivedFrom	nn::bezel::detail::StaticTypeDesc<ca::ui::CaComUiUserName,false,nn::bezel::Component>	a	a	0		bool IsDerivedFrom(undefined * param_1)
71000103f8	12	GetBaseTypeDesc	nn::bezel::detail::StaticTypeDesc<ca::ui::CaComUiUserName,false,nn::bezel::Component>	a	a	0		undefined * GetBaseTypeDesc(void)
7100010404	20	GetNextBaseTypeDesc	nn::bezel::detail::StaticTypeDesc<ca::ui::CaComUiUserName,false,nn::bezel::Component>	a	a	0		undefined * GetNextBaseTypeDesc(long param_1)
7100010418	8	CastTo	nn::bezel::detail::StaticTypeDesc<ca::ui::CaComUiUserName,false,nn::bezel::Component>	a	a	0		undefined8 CastTo(undefined8 param_1, undefined8 param_2)
7100010420	8	CastToConst	nn::bezel::detail::StaticTypeDesc<ca::ui::CaComUiUserName,false,nn::bezel::Component>	a	a	0		undefined8 CastToConst(undefined8 param_1, undefined8 param_2)
7100010428	404	SafeCreate<bq::ComUi,nn::bezel::HandlePtr<nn::bezel::Entity>const&,char_const(&)[21],char_const(&)[20]>	bex::ComponentUtil	a	a	0		WeakHandle SafeCreate<bq::ComUi,nn::bezel::HandlePtr<nn::bezel::Entity>const&,char_const(&)[21],char_const(&)[20]>(long * param_1_00, ComponentUtil * this, char * param_3, char * param_4)
71000105cc	32	IsDerivedFrom	nn::bezel::detail::StaticTypeDesc<bq::ComUi,false,nn::bezel::Component>	a	a	0		bool IsDerivedFrom(undefined * param_1)
71000105ec	12	GetBaseTypeDesc	nn::bezel::detail::StaticTypeDesc<bq::ComUi,false,nn::bezel::Component>	a	a	0		undefined * GetBaseTypeDesc(void)
71000105f8	20	GetNextBaseTypeDesc	nn::bezel::detail::StaticTypeDesc<bq::ComUi,false,nn::bezel::Component>	a	a	0		undefined * GetNextBaseTypeDesc(long param_1)
710001060c	8	CastTo	nn::bezel::detail::StaticTypeDesc<bq::ComUi,false,nn::bezel::Component>	a	a	0		undefined8 CastTo(undefined8 param_1, undefined8 param_2)
7100010614	8	CastToConst	nn::bezel::detail::StaticTypeDesc<bq::ComUi,false,nn::bezel::Component>	a	a	0		undefined8 CastToConst(undefined8 param_1, undefined8 param_2)
710001061c	1468	UpdateLook	mg1402::Mg1402Player::Impl	a	a	0		undefined UpdateLook(Impl * this)
7100010be0	168	IsCom	mg1402::Mg1402Player::Impl	a	a	0		bool IsCom(Impl * this, undefined4 * param_1)
7100010c88	4088	RotateBody	mg1402::Mg1402Player::Impl	a	a	0		undefined RotateBody(Impl * this, uint param_1)
7100011c80	156	FUN_7100011c80		d	a	0		undefined FUN_7100011c80(undefined4 * param_1, long param_2, undefined8 param_3)
7100011d30	428	CheckAnswer	mg1402::Mg1402Player::Impl	a	a	0		undefined CheckAnswer(Impl * this, undefined8 param_1, int param_2)
7100011ef0	464	AddComponent<ca::ui::CaComUiPerfectTelop,ca::ui::CaComUiPerfectTelop::MG_TYPE,(void*)0>	nn::bezel::Entity	a	a	0		WeakHandle AddComponent<ca::ui::CaComUiPerfectTelop,ca::ui::CaComUiPerfectTelop::MG_TYPE,(void*)0>(long * param_1_00, HandlePtr * param_2, undefined4 * param_3)
71000120c8	32	IsDerivedFrom	nn::bezel::detail::StaticTypeDesc<ca::ui::CaComUiPerfectTelop,false,nn::bezel::Component>	a	a	0		bool IsDerivedFrom(undefined * param_1)
71000120e8	12	GetBaseTypeDesc	nn::bezel::detail::StaticTypeDesc<ca::ui::CaComUiPerfectTelop,false,nn::bezel::Component>	a	a	0		undefined * GetBaseTypeDesc(void)
71000120f4	20	GetNextBaseTypeDesc	nn::bezel::detail::StaticTypeDesc<ca::ui::CaComUiPerfectTelop,false,nn::bezel::Component>	a	a	0		undefined * GetNextBaseTypeDesc(long param_1)
7100012108	8	CastTo	nn::bezel::detail::StaticTypeDesc<ca::ui::CaComUiPerfectTelop,false,nn::bezel::Component>	a	a	0		undefined8 CastTo(undefined8 param_1, undefined8 param_2)
7100012110	8	CastToConst	nn::bezel::detail::StaticTypeDesc<ca::ui::CaComUiPerfectTelop,false,nn::bezel::Component>	a	a	0		undefined8 CastToConst(undefined8 param_1, undefined8 param_2)
7100012118	20	FUN_7100012118		d	a	0		undefined FUN_7100012118(void)
7100012130	352	~Impl	mg1402::Mg1402Player::Impl	a	a	0		undefined ~Impl(Impl * this)
7100012290	80	FUN_7100012290		d	a	0		undefined FUN_7100012290(void)
71000122e0	80	FUN_71000122e0		d	a	0		undefined FUN_71000122e0(void)
7100012330	68	DummySymbolLink	mg1402::Scene	a	a	0		undefined DummySymbolLink(ulong param_1)
7100012378	220	getStaticTypeinfo	mg1402::Scene	a	a	0		undefined8 getStaticTypeinfo(void)
7100012454	96	getPropertyList	mg1402::Scene	a	a	0		undefined8 getPropertyList(void)
71000124b4	44	createInstance	mg1402::Scene	a	a	0		Scene * createInstance(void)
71000124e0	20	deleteInstance	mg1402::Scene	a	a	0		undefined deleteInstance(long * param_1)
71000124f4	4	checkGuiProperty	rtti::Class	a	a	0		undefined checkGuiProperty(void * param_1, Property * param_2, PropertyList * param_3)
71000124f8	4	createGuiProperty	rtti::Class	a	a	0		undefined createGuiProperty(void * param_1, Property * param_2, Typeinfo * param_3, uint param_4)
71000124fc	220	getStaticTypeinfo	mg1402::Scene::Params	a	a	0		undefined8 getStaticTypeinfo(void)
71000125d8	320	getPropertyList	mg1402::Scene::Params	a	a	0		undefined * getPropertyList(void)
7100012718	164	createInstance	mg1402::Scene::Params	a	a	0		undefined createInstance(void)
71000127bc	20	deleteInstance	mg1402::Scene::Params	a	a	0		undefined deleteInstance(long * param_1)
71000127d0	232	Scene	mg1402::Scene	a	a	0		undefined Scene(Scene * this)
71000128bc	84	~Scene	mg1402::Scene	a	a	0		undefined ~Scene(Scene * this)
7100012910	36	~Scene	mg1402::Scene	a	a	0		undefined ~Scene(Scene * this)
7100012934	312	DoSetupGame	mg1402::Scene	a	a	0		undefined DoSetupGame(undefined1[16] param_1, undefined1[16] param_2, undefined1[16] param_3, undefined1[16] param_4, Scene * this)
7100012a70	32	DoGameCleanup	mg1402::Scene	a	a	0		undefined DoGameCleanup(Scene * this)
7100012a90	8	DoGameInit	mg1402::Scene	a	a	0		bool DoGameInit(Scene * this)
7100012a98	36	DoGameInstInit	mg1402::Scene	a	a	0		undefined DoGameInstInit(long param_1)
7100012abc	48	DoGameOpening	mg1402::Scene	a	a	0		undefined DoGameOpening(Scene * this)
7100012aec	8	DoGameOpeningSkip	mg1402::Scene	a	a	0		undefined DoGameOpeningSkip(Scene * this)
7100012af4	36	DoGameStartBefore	mg1402::Scene	a	a	0		undefined DoGameStartBefore(Scene * this)
7100012b18	36	DoGameStart	mg1402::Scene	a	a	0		undefined DoGameStart(Scene * this)
7100012b3c	48	DoGameStartAfter	mg1402::Scene	a	a	0		undefined DoGameStartAfter(Scene * this)
7100012b6c	44	DoGameMain	mg1402::Scene	a	a	0		undefined DoGameMain(Scene * this)
7100012b98	48	DoGameEnd	mg1402::Scene	a	a	0		undefined DoGameEnd(Scene * this)
7100012bc8	36	DoGameFinish	mg1402::Scene	a	a	0		bool DoGameFinish(Scene * this)
7100012bec	36	DoGameEndingBefore	mg1402::Scene	a	a	0		bool DoGameEndingBefore(undefined1[16] param_1, undefined1[16] param_2, undefined1[16] param_3, undefined1[16] param_4, Scene * this)
7100012c10	36	DoGameEnding	mg1402::Scene	a	a	0		bool DoGameEnding(Scene * this)
7100012c34	8	DoGameEndingAfter	mg1402::Scene	a	a	0		undefined DoGameEndingAfter(void)
7100012c3c	8	DoGameEndingSkip	mg1402::Scene	a	a	0		undefined DoGameEndingSkip(void)
7100012c44	36	DoGameLastFade	mg1402::Scene	a	a	0		undefined DoGameLastFade(void)
7100012c68	8	DoGameExit	mg1402::Scene	a	a	0		undefined8 DoGameExit(void)
7100012c70	172	GetGraphicsLayer	mg1402::Scene	a	a	0		undefined GetGraphicsLayer(long * param_1)
7100012d1c	12	GetParam	mg1402::Scene	a	a	0		undefined GetParam(Scene * this)
7100012d28	8	GetLocalParam	mg1402::Scene	a	a	0		Scene * GetLocalParam(Scene * this)
7100012d30	16	GetScene	mg1402::Scene	a	a	0		undefined8 GetScene(void)
7100012d40	220	getInstanceTypeinfo	mg1402::Scene	a	a	0		undefined8 getInstanceTypeinfo(void)
7100012e1c	16	GetSymbol	mg1402::Scene	a	a	0		undefined8 GetSymbol(void)
7100012e2c	8	GetTickElapsed	bex::SceneBase	a	a	0		undefined8 GetTickElapsed(void)
7100012e34	28	GetHandle	bex::SceneBase	a	a	0		undefined GetHandle(undefined8 * param_1, long param_2)
7100012e50	4	OnCleanupProcessing	bex::GameScene	a	a	0		undefined OnCleanupProcessing(void)
7100012e54	4	OnSyncEnd	bex::NetworkGameScene	a	a	0		undefined OnSyncEnd(void)
7100012e58	4	OnThreeMinTimerEnd	bq::MinigameScene	a	a	0		undefined OnThreeMinTimerEnd(void)
7100012e5c	8	OnCharaGameDemoStart	bq::MinigameScene	a	a	0		undefined8 OnCharaGameDemoStart(void)
7100012e64	8	OnCharaGameDemo	bq::MinigameScene	a	a	0		undefined8 OnCharaGameDemo(void)
7100012e6c	4	OnCharaGameDemoSkipStart	bq::MinigameScene	a	a	0		undefined OnCharaGameDemoSkipStart(void)
7100012e70	4	OnCharaGameDemoSkipEnd	bq::MinigameScene	a	a	0		undefined OnCharaGameDemoSkipEnd(void)
7100012e74	8	OnCharaGameDemoEnd	bq::MinigameScene	a	a	0		undefined8 OnCharaGameDemoEnd(void)
7100012e7c	8	OnGameStartTelopBefore	bq::MinigameScene	a	a	0		undefined8 OnGameStartTelopBefore(void)
7100012e84	8	OnGameFinishAfter	bq::MinigameScene	a	a	0		undefined8 OnGameFinishAfter(void)
7100012e8c	8	OnEndingInit	bq::MinigameScene	a	a	0		undefined8 OnEndingInit(void)
7100012e94	8	OnGameEndingFade	bq::MinigameScene	a	a	0		undefined8 OnGameEndingFade(void)
7100012e9c	8	OnGameEndingChangeCut	bq::MinigameScene	a	a	0		undefined8 OnGameEndingChangeCut(void)
7100012ea4	4	PreSetupGame	ca::kbm::MinigameScene	a	a	0		undefined PreSetupGame(void)
7100012ea8	4	DoTickAdjustmentComplete	ca::kbm::MinigameScene	a	a	0		undefined DoTickAdjustmentComplete(void)
7100012eac	4	~Params	mg1402::Scene::Params	a	a	0		undefined ~Params(Params * this)
7100012eb0	220	getInstanceTypeinfo	mg1402::Scene::Params	a	a	0		undefined8 getInstanceTypeinfo(void)
7100012f8c	16	GetSymbol	mg1402::Scene::Params	a	a	0		undefined8 GetSymbol(void)
7100012f9c	4	~Class	rtti::Class	a	a	0		undefined ~Class(void)
7100012fa0	1856	FUN_7100012fa0		d	a	0		undefined FUN_7100012fa0(void)
71000136e0	268	Mg1402Sequence	mg1402::Mg1402Sequence	a	a	0		undefined Mg1402Sequence(Mg1402Sequence * this)
71000137ec	100	~Mg1402Sequence	mg1402::Mg1402Sequence	a	a	0		undefined ~Mg1402Sequence(Mg1402Sequence * this)
7100013850	36	~Mg1402Sequence	mg1402::Mg1402Sequence	a	a	0		undefined ~Mg1402Sequence(Mg1402Sequence * this)
7100013874	8	Setup	mg1402::Mg1402Sequence	a	a	0		undefined Setup(undefined1[16] param_1_00, undefined1[16] param_2, undefined1[16] param_3, undefined1[16] param_4, Mg1402Sequence * this, undefined8 param_6)
7100013880	1144	Setup	mg1402::Mg1402Sequence::Impl	a	a	0		undefined Setup(undefined1[16] param_1_00, undefined1[16] param_2, undefined1[16] param_3, undefined1[16] param_4, Impl * this, undefined8 param_6)
7100013d00	72	Initialize	mg1402::Mg1402Sequence	a	a	0		undefined Initialize(Mg1402Sequence * this)
7100013d50	108	StartOpeningDemo	mg1402::Mg1402Sequence	a	a	0		undefined StartOpeningDemo(Mg1402Sequence * this)
7100013dc0	20	StartGame	mg1402::Mg1402Sequence	a	a	0		undefined StartGame(Mg1402Sequence * this)
7100013dd4	20	StartFinish	mg1402::Mg1402Sequence	a	a	0		undefined StartFinish(Mg1402Sequence * this)
7100013df0	72	StartEndingDemo	mg1402::Mg1402Sequence	a	a	0		undefined StartEndingDemo(Mg1402Sequence * this)
7100013e40	112	OnGameInit	mg1402::Mg1402Sequence	a	a	0		bool OnGameInit(Mg1402Sequence * this)
7100013eb0	76	OnGameInstInit	mg1402::Mg1402Sequence	a	a	0		undefined8 OnGameInstInit(Mg1402Sequence * this)
7100013efc	8	OnGameFirstFade	mg1402::Mg1402Sequence	a	a	0		undefined8 OnGameFirstFade(void)
7100013f04	8	OnGameOpening	mg1402::Mg1402Sequence	a	a	0		undefined OnGameOpening(Mg1402Sequence * this)
7100013f0c	540	OnGameOpening	mg1402::Mg1402Sequence::Impl	a	a	0		undefined8 OnGameOpening(Impl * this)
7100014128	36	OnGameOpeningSkip	mg1402::Mg1402Sequence	a	a	0		undefined8 OnGameOpeningSkip(Mg1402Sequence * this)
710001414c	140	OnGameStartBefore	mg1402::Mg1402Sequence	a	a	0		undefined8 OnGameStartBefore(Mg1402Sequence * this)
71000141d8	124	OnGameStart	mg1402::Mg1402Sequence	a	a	0		undefined8 OnGameStart(Mg1402Sequence * this)
7100014254	8	OnGameStartAfter	mg1402::Mg1402Sequence	a	a	0		undefined8 OnGameStartAfter(void)
710001425c	8	OnGameMain	mg1402::Mg1402Sequence	a	a	0		undefined OnGameMain(Mg1402Sequence * this, ulong param_1)
7100014264	1400	OnGameMain	mg1402::Mg1402Sequence::Impl	a	a	0		undefined8 OnGameMain(Impl * this, ulong param_1)
71000147dc	64	OnGameEnd	mg1402::Mg1402Sequence	a	a	0		undefined8 OnGameEnd(Mg1402Sequence * this)
710001481c	52	OnGameFinish	mg1402::Mg1402Sequence	a	a	0		bool OnGameFinish(Mg1402Sequence * this)
7100014850	8	OnGameEndingBefore	mg1402::Mg1402Sequence	a	a	0		bool OnGameEndingBefore(undefined1[16] param_1, undefined1[16] param_2, undefined1[16] param_3, undefined1[16] param_4, Mg1402Sequence * this)
7100014858	428	OnGameEndingBefore	mg1402::Mg1402Sequence::Impl	a	a	0		bool OnGameEndingBefore(undefined1[16] param_1, undefined1[16] param_2, undefined1[16] param_3, undefined1[16] param_4, Impl * this)
7100014a08	8	OnGameEnding	mg1402::Mg1402Sequence	a	a	0		bool OnGameEnding(Mg1402Sequence * this)
7100014a10	456	OnGameEnding	mg1402::Mg1402Sequence::Impl	a	a	0		bool OnGameEnding(Impl * this)
7100014be0	8	OnGameEndingAfter	mg1402::Mg1402Sequence	a	a	0		undefined8 OnGameEndingAfter(void)
7100014be8	12	GetGameState	mg1402::Mg1402Sequence	a	a	0		undefined4 GetGameState(Mg1402Sequence * this)
7100014bf4	8	OnStopSlot	mg1402::Mg1402Sequence	a	a	0		undefined OnStopSlot(Mg1402Sequence * this)
7100014bfc	232	OnStopSlot	mg1402::Mg1402Sequence::Impl	a	a	0		undefined OnStopSlot(Impl * this)
7100014ce4	12	SetAnswerDirection	mg1402::Mg1402Sequence	a	a	0		undefined SetAnswerDirection(Mg1402Sequence * this, undefined4 param_1)
7100014cf0	36	GetAnswerDirection	mg1402::Mg1402Sequence	a	a	0		undefined4 GetAnswerDirection(Mg1402Sequence * this)
7100014d14	8	OnTrueAnswer	mg1402::Mg1402Sequence	a	a	0		undefined OnTrueAnswer(Mg1402Sequence * this, uint param_1)
7100014d1c	440	OnTrueAnswer	mg1402::Mg1402Sequence::Impl	a	a	0		undefined OnTrueAnswer(Impl * this, uint param_1)
7100014ed4	120	OnFalseAnswer	mg1402::Mg1402Sequence	a	a	0		undefined OnFalseAnswer(long param_1, uint param_2)
7100014f4c	12	GetQuestionCount	mg1402::Mg1402Sequence	a	a	0		undefined4 GetQuestionCount(Mg1402Sequence * this)
7100014f58	12	GetPerfectCount	mg1402::Mg1402Sequence	a	a	0		undefined4 GetPerfectCount(Mg1402Sequence * this)
7100014f64	8	GetAnswerTime	mg1402::Mg1402Sequence	a	a	0		undefined GetAnswerTime(Mg1402Sequence * this)
7100014f6c	288	GetAnswerTime	mg1402::Mg1402Sequence::Impl	a	a	0		float GetAnswerTime(Impl * this)
710001508c	16	FeintStopStart	mg1402::Mg1402Sequence	a	a	0		undefined FeintStopStart(Mg1402Sequence * this)
710001509c	12	FeintStopEnd	mg1402::Mg1402Sequence	a	a	0		undefined FeintStopEnd(Mg1402Sequence * this)
71000150a8	12	IsFeintStoping	mg1402::Mg1402Sequence	a	a	0		undefined1 IsFeintStoping(Mg1402Sequence * this)
71000150b4	12	GetResultPlayerPos	mg1402::Mg1402Sequence	a	a	0		undefined GetResultPlayerPos(undefined1[16] param_1_00, undefined1[16] param_2, undefined1[16] param_3, undefined1[16] param_4, Mg1402Sequence * this, int param_6)
71000150c0	12	IsOpening	mg1402::Mg1402Sequence	a	a	0		undefined1 IsOpening(Mg1402Sequence * this)
71000150cc	36	IsInGame	mg1402::Mg1402Sequence	a	a	0		uint IsInGame(Mg1402Sequence * this)
71000150f0	44	OpenBroadcastAnswer	mg1402::Mg1402Sequence	a	a	0		undefined OpenBroadcastAnswer(long param_1, undefined4 * param_2, undefined4 param_3, undefined4 param_4)
710001511c	12	PlaySlotFxTrigger	mg1402::Mg1402Sequence	a	a	0		undefined PlaySlotFxTrigger(Mg1402Sequence * this)
7100015128	12	StopSlotFxTrigger	mg1402::Mg1402Sequence	a	a	0		undefined StopSlotFxTrigger(Mg1402Sequence * this)
7100015134	12	GetScore	mg1402::Mg1402Sequence	a	a	0		undefined4 GetScore(Mg1402Sequence * this)
7100015140	24	GetRank	mg1402::Mg1402Sequence	a	a	0		undefined GetRank(void)
7100015160	464	~Impl	mg1402::Mg1402Sequence::Impl	a	a	0		undefined ~Impl(Impl * this)
7100015334	36	~Impl	mg1402::Mg1402Sequence::Impl	a	a	0		undefined ~Impl(Impl * this)
7100015360	768	CreateRoundLamp	mg1402::Mg1402Sequence::Impl	a	a	0		undefined CreateRoundLamp(undefined1[16] param_1, undefined1[16] param_2, undefined1[16] param_3, undefined1[16] param_4, Impl * this)
7100015700	464	AddComponent<ca::kb::ui::UiMgResult,bq::MinigameID,(void*)0>	nn::bezel::Entity	a	a	0		WeakHandle AddComponent<ca::kb::ui::UiMgResult,bq::MinigameID,(void*)0>(long * param_1_00, HandlePtr * param_2, undefined4 * param_3)
71000158e0	464	AddComponent<ca::kb::ui::UiMgScoreRank,bq::MinigameID,(void*)0>	nn::bezel::Entity	a	a	0		WeakHandle AddComponent<ca::kb::ui::UiMgScoreRank,bq::MinigameID,(void*)0>(long * param_1_00, HandlePtr * param_2, undefined4 * param_3)
7100015ab8	20	FUN_7100015ab8		d	a	0		undefined FUN_7100015ab8(void)
7100015ad0	320	__push_back_slow_path<std::unique_ptr<mg1402::Mg1402Model,std::default_delete<mg1402::Mg1402Model>>>	std::vector<std::unique_ptr<mg1402::Mg1402Model,std::default_delete<mg1402::Mg1402Model>>,bex::HeapModule::Allocator_vector<std::unique_ptr<mg1402::Mg1402Model,std::default_delete<mg1402::Mg1402Model>>>>	a	a	0		void __push_back_slow_path<std::unique_ptr<mg1402::Mg1402Model,std::default_delete<mg1402::Mg1402Model>>>(vector<std::unique_ptr<mg1402::Mg1402Model,std::default_delete<mg1402::Mg1402Model>>,bex::HeapModule::Allocator_vector<std::unique_ptr<mg1402::Mg1402Model,std::default_delete<mg1402::Mg1402Model>>>> * this, long * param_1)
7100015c14	20	FUN_7100015c14		d	a	0		undefined FUN_7100015c14(void)
7100015c28	4	~__func	std::__function::__func<mg1402::Mg1402Sequence::Impl::Setup(mg1402::Scene*)::{lambda(ca::kb::RPCArgumentsRecvPack&)#1},std::allocator<mg1402::Mg1402Sequence::Impl::Setup(mg1402::Scene*)::{lambda(ca::kb::RPCArgumentsRecvPack&)#1}>,void(ca::kb::RPCArgumentsRecvPack&)>	a	a	0		undefined ~__func(__func<mg1402::Mg1402Sequence::Impl::Setup(mg1402::Scene*)::{lambda(ca::kb::RPCArgumentsRecvPack&)#1},std::allocator<mg1402::Mg1402Sequence::Impl::Setup(mg1402::Scene*)::{lambda(ca::kb::RPCArgumentsRecvPack&)#1}>,void(ca::kb::RPCArgumentsRecvPack&)> * this)
7100015c2c	56	__clone	std::__function::__func<mg1402::Mg1402Sequence::Impl::Setup(mg1402::Scene*)::{lambda(ca::kb::RPCArgumentsRecvPack&)#1},std::allocator<mg1402::Mg1402Sequence::Impl::Setup(mg1402::Scene*)::{lambda(ca::kb::RPCArgumentsRecvPack&)#1}>,void(ca::kb::RPCArgumentsRecvPack&)>	a	a	0		undefined __clone(__func<mg1402::Mg1402Sequence::Impl::Setup(mg1402::Scene*)::{lambda(ca::kb::RPCArgumentsRecvPack&)#1},std::allocator<mg1402::Mg1402Sequence::Impl::Setup(mg1402::Scene*)::{lambda(ca::kb::RPCArgumentsRecvPack&)#1}>,void(ca::kb::RPCArgumentsRecvPack&)> * this)
7100015c64	28	__clone	std::__function::__func<mg1402::Mg1402Sequence::Impl::Setup(mg1402::Scene*)::{lambda(ca::kb::RPCArgumentsRecvPack&)#1},std::allocator<mg1402::Mg1402Sequence::Impl::Setup(mg1402::Scene*)::{lambda(ca::kb::RPCArgumentsRecvPack&)#1}>,void(ca::kb::RPCArgumentsRecvPack&)>	a	a	0		undefined __clone(__func<mg1402::Mg1402Sequence::Impl::Setup(mg1402::Scene*)::{lambda(ca::kb::RPCArgumentsRecvPack&)#1},std::allocator<mg1402::Mg1402Sequence::Impl::Setup(mg1402::Scene*)::{lambda(ca::kb::RPCArgumentsRecvPack&)#1}>,void(ca::kb::RPCArgumentsRecvPack&)> * this, long * param_1)
7100015c80	4	destroy	std::__function::__func<mg1402::Mg1402Sequence::Impl::Setup(mg1402::Scene*)::{lambda(ca::kb::RPCArgumentsRecvPack&)#1},std::allocator<mg1402::Mg1402Sequence::Impl::Setup(mg1402::Scene*)::{lambda(ca::kb::RPCArgumentsRecvPack&)#1}>,void(ca::kb::RPCArgumentsRecvPack&)>	a	a	0		undefined destroy(void)
7100015c84	4	destroy_deallocate	std::__function::__func<mg1402::Mg1402Sequence::Impl::Setup(mg1402::Scene*)::{lambda(ca::kb::RPCArgumentsRecvPack&)#1},std::allocator<mg1402::Mg1402Sequence::Impl::Setup(mg1402::Scene*)::{lambda(ca::kb::RPCArgumentsRecvPack&)#1}>,void(ca::kb::RPCArgumentsRecvPack&)>	a	a	0		undefined destroy_deallocate(__func<mg1402::Mg1402Sequence::Impl::Setup(mg1402::Scene*)::{lambda(ca::kb::RPCArgumentsRecvPack&)#1},std::allocator<mg1402::Mg1402Sequence::Impl::Setup(mg1402::Scene*)::{lambda(ca::kb::RPCArgumentsRecvPack&)#1}>,void(ca::kb::RPCArgumentsRecvPack&)> * this)
7100015c88	108	operator()	std::__function::__func<mg1402::Mg1402Sequence::Impl::Setup(mg1402::Scene*)::{lambda(ca::kb::RPCArgumentsRecvPack&)#1},std::allocator<mg1402::Mg1402Sequence::Impl::Setup(mg1402::Scene*)::{lambda(ca::kb::RPCArgumentsRecvPack&)#1}>,void(ca::kb::RPCArgumentsRecvPack&)>	a	a	0		undefined operator()(__func<mg1402::Mg1402Sequence::Impl::Setup(mg1402::Scene*)::{lambda(ca::kb::RPCArgumentsRecvPack&)#1},std::allocator<mg1402::Mg1402Sequence::Impl::Setup(mg1402::Scene*)::{lambda(ca::kb::RPCArgumentsRecvPack&)#1}>,void(ca::kb::RPCArgumentsRecvPack&)> * this, RPCArgumentsRecvPack * param_1)
7100015cf8	32	IsDerivedFrom	nn::bezel::detail::StaticTypeDesc<ca::kb::ui::UiMgResult,false,nn::bezel::Component>	a	a	0		bool IsDerivedFrom(undefined * param_1)
7100015d18	12	GetBaseTypeDesc	nn::bezel::detail::StaticTypeDesc<ca::kb::ui::UiMgResult,false,nn::bezel::Component>	a	a	0		undefined * GetBaseTypeDesc(void)
7100015d24	20	GetNextBaseTypeDesc	nn::bezel::detail::StaticTypeDesc<ca::kb::ui::UiMgResult,false,nn::bezel::Component>	a	a	0		undefined * GetNextBaseTypeDesc(long param_1)
7100015d38	8	CastTo	nn::bezel::detail::StaticTypeDesc<ca::kb::ui::UiMgResult,false,nn::bezel::Component>	a	a	0		undefined8 CastTo(undefined8 param_1, undefined8 param_2)
7100015d40	8	CastToConst	nn::bezel::detail::StaticTypeDesc<ca::kb::ui::UiMgResult,false,nn::bezel::Component>	a	a	0		undefined8 CastToConst(undefined8 param_1, undefined8 param_2)
7100015d48	32	IsDerivedFrom	nn::bezel::detail::StaticTypeDesc<ca::kb::ui::UiMgScoreRank,false,nn::bezel::Component>	a	a	0		bool IsDerivedFrom(undefined * param_1)
7100015d68	12	GetBaseTypeDesc	nn::bezel::detail::StaticTypeDesc<ca::kb::ui::UiMgScoreRank,false,nn::bezel::Component>	a	a	0		undefined * GetBaseTypeDesc(void)
7100015d74	20	GetNextBaseTypeDesc	nn::bezel::detail::StaticTypeDesc<ca::kb::ui::UiMgScoreRank,false,nn::bezel::Component>	a	a	0		undefined * GetNextBaseTypeDesc(long param_1)
7100015d88	8	CastTo	nn::bezel::detail::StaticTypeDesc<ca::kb::ui::UiMgScoreRank,false,nn::bezel::Component>	a	a	0		undefined8 CastTo(undefined8 param_1, undefined8 param_2)
7100015d90	8	CastToConst	nn::bezel::detail::StaticTypeDesc<ca::kb::ui::UiMgScoreRank,false,nn::bezel::Component>	a	a	0		undefined8 CastToConst(undefined8 param_1, undefined8 param_2)
7100015d98	68	SafeLock	nn::bezel::WeakHandle<bex::sound::SoundHandle>	a	a	0		undefined SafeLock(long * param_1, long * param_2)
7100015de0	260	ApplyResultWorld	mg1402::Mg1402Sequence::Impl	a	a	0		undefined ApplyResultWorld(undefined1[16] param_1, undefined1[16] param_2, undefined1[16] param_3, undefined1[16] param_4, Impl * this)
7100015ef0	316	ShowResultUI	mg1402::Mg1402Sequence::Impl	a	a	0		undefined ShowResultUI(Impl * this)
7100016034	240	BroadcastAnswer	mg1402::Mg1402Sequence::Impl	a	a	0		undefined BroadcastAnswer(Impl * this, void * param_1, undefined4 param_2, undefined4 param_3)
7100016124	184	Mg1402WorldManager	mg1402::Mg1402WorldManager	a	a	0		undefined Mg1402WorldManager(Mg1402WorldManager * this)
7100016240	96	~Mg1402WorldManager	mg1402::Mg1402WorldManager	a	a	0		undefined ~Mg1402WorldManager(Mg1402WorldManager * this)
71000162a0	36	~Mg1402WorldManager	mg1402::Mg1402WorldManager	a	a	0		undefined ~Mg1402WorldManager(Mg1402WorldManager * this)
71000162c4	8	Create	mg1402::Mg1402WorldManager	a	a	0		undefined Create(Mg1402WorldManager * this)
71000162d0	1760	Create	mg1402::Mg1402WorldManager::Impl	a	a	0		undefined Create(Impl * this)
71000169f0	68	StartOpeningDemo	mg1402::Mg1402WorldManager	a	a	0		undefined StartOpeningDemo(Mg1402WorldManager * this)
7100016a40	68	StartGame	mg1402::Mg1402WorldManager	a	a	0		undefined StartGame(Mg1402WorldManager * this)
7100016a90	76	StartFinish	mg1402::Mg1402WorldManager	a	a	0		undefined StartFinish(Mg1402WorldManager * this)
7100016adc	8	SplitStart	mg1402::Mg1402WorldManager	a	a	0		undefined SplitStart(Mg1402WorldManager * this)
7100016ae4	204	SplitStart	mg1402::Mg1402WorldManager::Impl	a	a	0		undefined SplitStart(Impl * this)
7100016bb0	56	IsFinishdSplit	mg1402::Mg1402WorldManager	a	a	0		undefined8 IsFinishdSplit(Mg1402WorldManager * this)
7100016be8	8	ItemSelectCamera	mg1402::Mg1402WorldManager	a	a	0		undefined ItemSelectCamera(Mg1402WorldManager * this)
7100016bf0	728	ItemSelectCamera	mg1402::Mg1402WorldManager::Impl	a	a	0		undefined ItemSelectCamera(Impl * this)
7100016ed4	8	OnEnableAnswer	mg1402::Mg1402WorldManager	a	a	0		undefined OnEnableAnswer(Mg1402WorldManager * this)
7100016edc	696	OnEnableAnswer	mg1402::Mg1402WorldManager::Impl	a	a	0		undefined OnEnableAnswer(Impl * this)
7100017194	88	OnIdleBg	mg1402::Mg1402WorldManager	a	a	0		undefined OnIdleBg(Mg1402WorldManager * this, int param_1)
71000171ec	8	OnTrueBg	mg1402::Mg1402WorldManager	a	a	0		undefined OnTrueBg(Mg1402WorldManager * this, int param_1)
71000171f4	280	OnTrueBg	mg1402::Mg1402WorldManager::Impl	a	a	0		undefined OnTrueBg(Impl * this, int param_1)
710001730c	80	OnFalseBg	mg1402::Mg1402WorldManager	a	a	0		undefined OnFalseBg(Mg1402WorldManager * this, int param_1)
710001735c	12	SetReelsIdle	mg1402::Mg1402WorldManager	a	a	0		undefined SetReelsIdle(Mg1402WorldManager * this, ulong param_1)
7100017368	12	OnStartSlot	mg1402::Mg1402WorldManager	a	a	0		undefined OnStartSlot(Mg1402WorldManager * this)
7100017374	12	UpSlotLevel	mg1402::Mg1402WorldManager	a	a	0		undefined UpSlotLevel(Mg1402WorldManager * this)
7100017380	12	ResetSlotLevel	mg1402::Mg1402WorldManager	a	a	0		undefined ResetSlotLevel(Mg1402WorldManager * this)
710001738c	8	ChangeResultFace	mg1402::Mg1402WorldManager	a	a	0		undefined ChangeResultFace(Mg1402WorldManager * this, ulong param_1)
7100017394	668	ChangeResultFace	mg1402::Mg1402WorldManager::Impl	a	a	0		undefined ChangeResultFace(Impl * this, ulong param_1)
7100017630	8	SetResultWorld	mg1402::Mg1402WorldManager	a	a	0		undefined SetResultWorld(undefined1[16] param_1, undefined1[16] param_2, undefined1[16] param_3, undefined1[16] param_4, Mg1402WorldManager * this)
7100017638	1072	SetResultWorld	mg1402::Mg1402WorldManager::Impl	a	a	0		undefined SetResultWorld(undefined1[16] param_1, undefined1[16] param_2, undefined1[16] param_3, undefined1[16] param_4, Impl * this)
7100017a6c	8	SetResultAction	mg1402::Mg1402WorldManager	a	a	0		undefined SetResultAction(long param_1)
7100017a74	216	SetResultAction	mg1402::Mg1402WorldManager::Impl	a	a	0		undefined SetResultAction(long param_1)
7100017b4c	32	ForceAnswer	mg1402::Mg1402WorldManager	a	a	0		undefined ForceAnswer(Mg1402WorldManager * this, int param_1, uint param_2, int param_3)
7100017b70	100	IsAllWorldAnswered	mg1402::Mg1402WorldManager	a	a	0		byte IsAllWorldAnswered(Mg1402WorldManager * this)
7100017be0	68	PlaySlotFxTrigger	mg1402::Mg1402WorldManager	a	a	0		undefined PlaySlotFxTrigger(Mg1402WorldManager * this)
7100017c30	68	StopSlotFxTrigger	mg1402::Mg1402WorldManager	a	a	0		undefined StopSlotFxTrigger(Mg1402WorldManager * this)
7100017c80	104	ShowPerfectTelop	mg1402::Mg1402WorldManager	a	a	0		uint ShowPerfectTelop(Mg1402WorldManager * this)
7100017ce8	28	SetMissTurn	mg1402::Mg1402WorldManager	a	a	0		undefined SetMissTurn(Mg1402WorldManager * this, int param_1, undefined4 param_2)
7100017d04	136	Mg1402World	mg1402::Mg1402World	a	a	0		undefined Mg1402World(Mg1402World * this)
7100017d8c	96	~Mg1402World	mg1402::Mg1402World	a	a	0		undefined ~Mg1402World(Mg1402World * this)
7100017dec	36	~Mg1402World	mg1402::Mg1402World	a	a	0		undefined ~Mg1402World(Mg1402World * this)
7100017e10	8	Setup	mg1402::Mg1402World	a	a	0		undefined Setup(Mg1402World * this, uint param_1)
7100017e18	876	Setup	mg1402::Mg1402World::Impl	a	a	0		undefined Setup(Impl * this, uint param_1)
7100018188	12	StartOpeningDemo	mg1402::Mg1402World	a	a	0		undefined StartOpeningDemo(void)
7100018194	12	StartGame	mg1402::Mg1402World	a	a	0		undefined StartGame(Mg1402World * this)
71000181a0	20	StartFinish	mg1402::Mg1402World	a	a	0		undefined StartFinish(Mg1402World * this)
71000181b4	12	Update	mg1402::Mg1402World	a	a	0		undefined Update(Mg1402World * this)
71000181c0	12	OnEnableAnswer	mg1402::Mg1402World	a	a	0		undefined OnEnableAnswer(Mg1402World * this)
71000181cc	76	OnIdleBg	mg1402::Mg1402World	a	a	0		undefined OnIdleBg(Mg1402World * this)
7100018218	76	OnTrueBg	mg1402::Mg1402World	a	a	0		undefined OnTrueBg(Mg1402World * this)
7100018264	68	OnFalseBg	mg1402::Mg1402World	a	a	0		undefined OnFalseBg(Mg1402World * this)
71000182a8	96	ChangeResultFace	mg1402::Mg1402World	a	a	0		undefined ChangeResultFace(Mg1402World * this, ulong param_1)
7100018308	112	SetResultWorld	mg1402::Mg1402World	a	a	0		undefined SetResultWorld(undefined1[16] param_1, undefined1[16] param_2, undefined1[16] param_3, undefined1[16] param_4, Mg1402World * this)
7100018378	12	SetResultAction	mg1402::Mg1402World	a	a	0		undefined SetResultAction(long param_1)
7100018384	12	ForceAnswer	mg1402::Mg1402World	a	a	0		undefined ForceAnswer(long param_1, uint param_2, int param_3)
7100018390	12	IsWorldAnswered	mg1402::Mg1402World	a	a	0		undefined1 IsWorldAnswered(Mg1402World * this)
710001839c	12	PlaySlotFxTrigger	mg1402::Mg1402World	a	a	0		undefined PlaySlotFxTrigger(Mg1402World * this)
71000183a8	12	StopSlotFxTrigger	mg1402::Mg1402World	a	a	0		undefined StopSlotFxTrigger(Mg1402World * this)
71000183b4	12	ShowPerfectTelop	mg1402::Mg1402World	a	a	0		undefined ShowPerfectTelop(Mg1402World * this)
71000183c0	12	SetMissTurn	mg1402::Mg1402World	a	a	0		undefined SetMissTurn(Mg1402World * this, undefined4 param_1)
71000183cc	132	Mg1402ResultWorld	mg1402::Mg1402ResultWorld	a	a	0		undefined Mg1402ResultWorld(Mg1402ResultWorld * this)
7100018450	44	~Mg1402ResultWorld	mg1402::Mg1402ResultWorld	a	a	0		undefined ~Mg1402ResultWorld(Mg1402ResultWorld * this)
710001847c	36	~Mg1402ResultWorld	mg1402::Mg1402ResultWorld	a	a	0		undefined ~Mg1402ResultWorld(Mg1402ResultWorld * this)
71000184a0	8	Setup	mg1402::Mg1402ResultWorld	a	a	0		undefined Setup(Mg1402ResultWorld * this)
71000184a8	816	Setup	mg1402::Mg1402ResultWorld::Impl	a	a	0		undefined Setup(Impl * this)
71000187dc	72	SetVisible	mg1402::Mg1402ResultWorld	a	a	0		undefined SetVisible(long param_1)
7100018824	16	PlayBgMotion	mg1402::Mg1402ResultWorld	a	a	0		undefined PlayBgMotion(Mg1402ResultWorld * this)
7100018834	8	GetResultPlayerPos	mg1402::Mg1402ResultWorld	a	a	0		undefined GetResultPlayerPos(undefined1[16] param_1_00, undefined1[16] param_2, undefined1[16] param_3, undefined1[16] param_4, Mg1402ResultWorld * this, int param_6)
710001883c	340	GetResultPlayerPos	mg1402::Mg1402ResultWorld::Impl	a	a	0		ulong GetResultPlayerPos(undefined1[16] param_1_00, undefined1[16] param_2, undefined1[16] param_3, undefined1[16] param_4, Impl * this, int param_6)
7100018994	8	GetComCamera	mg1402::Mg1402ResultWorld	a	a	0		undefined GetComCamera(long * param_1, long param_2)
71000189a0	296	GetComCamera	mg1402::Mg1402ResultWorld::Impl	a	a	0		undefined GetComCamera(long * param_1, long param_2)
7100018ad0	4	Setup	mg1402::Mg1402WorldManager	a	a	0		undefined Setup(void)
7100018ad4	4	Initialize	mg1402::Mg1402WorldManager	a	a	0		undefined Initialize(void)
7100018ad8	4	SkipOpeningDemo	mg1402::Mg1402WorldManager	a	a	0		undefined SkipOpeningDemo(void)
7100018adc	4	StartEndingDemo	mg1402::Mg1402WorldManager	a	a	0		undefined StartEndingDemo(void)
7100018ae0	252	~Impl	mg1402::Mg1402WorldManager::Impl	a	a	0		undefined ~Impl(Impl * this)
7100018bdc	36	~Impl	mg1402::Mg1402WorldManager::Impl	a	a	0		undefined ~Impl(Impl * this)
7100018c00	100	Update	mg1402::Mg1402WorldManager::Impl	a	a	0		undefined Update(Impl * this)
7100018c70	592	FUN_7100018c70		d	a	0		undefined4 * FUN_7100018c70(long * param_1, long param_2, undefined4 * param_3)
7100018ec0	20	FUN_7100018ec0		d	a	0		undefined FUN_7100018ec0(void)
7100018ee0	468	AddComponent<bq::ComSplitScreen,,(void*)0>	nn::bezel::Entity	a	a	0		WeakHandle AddComponent<bq::ComSplitScreen,,(void*)0>(long * param_1, HandlePtr * param_2)
71000190bc	360	SafeCreate<bq::ComSplitScreen,nn::bezel::HandlePtr<nn::bezel::Entity>const&>	bex::ComponentUtil	a	a	0		WeakHandle SafeCreate<bq::ComSplitScreen,nn::bezel::HandlePtr<nn::bezel::Entity>const&>(long * param_1, ComponentUtil * this)
7100019238	32	IsDerivedFrom	nn::bezel::detail::StaticTypeDesc<bq::ComSplitScreen,false,nn::bezel::Component>	a	a	0		bool IsDerivedFrom(undefined * param_1)
7100019258	12	GetBaseTypeDesc	nn::bezel::detail::StaticTypeDesc<bq::ComSplitScreen,false,nn::bezel::Component>	a	a	0		undefined * GetBaseTypeDesc(void)
7100019264	20	GetNextBaseTypeDesc	nn::bezel::detail::StaticTypeDesc<bq::ComSplitScreen,false,nn::bezel::Component>	a	a	0		undefined * GetNextBaseTypeDesc(long param_1)
7100019278	8	CastTo	nn::bezel::detail::StaticTypeDesc<bq::ComSplitScreen,false,nn::bezel::Component>	a	a	0		undefined8 CastTo(undefined8 param_1, undefined8 param_2)
7100019280	8	CastToConst	nn::bezel::detail::StaticTypeDesc<bq::ComSplitScreen,false,nn::bezel::Component>	a	a	0		undefined8 CastToConst(undefined8 param_1, undefined8 param_2)
7100019288	20	FUN_7100019288		d	a	0		undefined FUN_7100019288(void)
710001929c	280	TryGetExtension<bex::gfx::GraphicsLayerExtension>	nn::bezel::GraphicsLayer	a	a	0		undefined8 TryGetExtension<bex::gfx::GraphicsLayerExtension>(GraphicsLayer * this)
71000193bc	20	~ScopedTypeId	nn::bezel::detail::ScopedTypeId<nn::bezel::IGraphicsLayerExtension,32>	a	a	0		undefined ~ScopedTypeId(ScopedTypeId<nn::bezel::IGraphicsLayerExtension,32> * this)
71000193d0	20	IsDerivedFrom	nn::bezel::detail::StaticTypeDesc<nn::bezel::IGraphicsLayerExtension,false>	a	a	0		bool IsDerivedFrom(undefined * param_1)
71000193e4	8	GetBaseTypeDesc	nn::bezel::detail::StaticTypeDesc<nn::bezel::IGraphicsLayerExtension,false>	a	a	0		undefined8 GetBaseTypeDesc(void)
71000193ec	8	GetNextBaseTypeDesc	nn::bezel::detail::StaticTypeDesc<nn::bezel::IGraphicsLayerExtension,false>	a	a	0		undefined8 GetNextBaseTypeDesc(void)
71000193f4	8	CastTo	nn::bezel::detail::StaticTypeDesc<nn::bezel::IGraphicsLayerExtension,false>	a	a	0		undefined8 CastTo(undefined8 param_1, undefined8 param_2)
71000193fc	8	CastToConst	nn::bezel::detail::StaticTypeDesc<nn::bezel::IGraphicsLayerExtension,false>	a	a	0		undefined8 CastToConst(undefined8 param_1, undefined8 param_2)
7100019404	32	IsDerivedFrom	nn::bezel::detail::StaticTypeDesc<bex::gfx::GraphicsLayerExtension,false,nn::bezel::IGraphicsLayerExtension>	a	a	0		bool IsDerivedFrom(undefined * param_1)
7100019424	12	GetBaseTypeDesc	nn::bezel::detail::StaticTypeDesc<bex::gfx::GraphicsLayerExtension,false,nn::bezel::IGraphicsLayerExtension>	a	a	0		undefined * GetBaseTypeDesc(void)
7100019430	20	GetNextBaseTypeDesc	nn::bezel::detail::StaticTypeDesc<bex::gfx::GraphicsLayerExtension,false,nn::bezel::IGraphicsLayerExtension>	a	a	0		undefined * GetNextBaseTypeDesc(long param_1)
7100019444	8	CastTo	nn::bezel::detail::StaticTypeDesc<bex::gfx::GraphicsLayerExtension,false,nn::bezel::IGraphicsLayerExtension>	a	a	0		undefined8 CastTo(undefined8 param_1, undefined8 param_2)
710001944c	8	CastToConst	nn::bezel::detail::StaticTypeDesc<bex::gfx::GraphicsLayerExtension,false,nn::bezel::IGraphicsLayerExtension>	a	a	0		undefined8 CastToConst(undefined8 param_1, undefined8 param_2)
7100019454	244	~Impl	mg1402::Mg1402World::Impl	a	a	0		undefined ~Impl(Impl * this)
7100019548	36	~Impl	mg1402::Mg1402World::Impl	a	a	0		undefined ~Impl(Impl * this)
7100019570	224	~Impl	mg1402::Mg1402ResultWorld::Impl	a	a	0		undefined ~Impl(Impl * this)
7100019650	220	~Impl	mg1402::Mg1402ResultWorld::Impl	a	a	0		undefined ~Impl(Impl * this)
7100019730	288	to_string<int>	bex	a	a	0		basic_string to_string<int>(long * param_1_00, int param_2)
71000198a0	8	RegisterGeneratedBindCodes_mg1402	nn::bezel::detail::autogen	a	a	0		undefined8 RegisterGeneratedBindCodes_mg1402(void)
71000198b0	16	SuppressDeadStrip_mg1402	nn::bezel::detail::autogen	a	a	0		undefined4 SuppressDeadStrip_mg1402(void)
71000198c0	8	RegisterGeneratedBindCodes_sharedPCH	nn::bezel::detail::autogen	a	a	0		undefined8 RegisterGeneratedBindCodes_sharedPCH(void)
71000198d0	16	SuppressDeadStrip_sharedPCH	nn::bezel::detail::autogen	a	a	0		undefined4 SuppressDeadStrip_sharedPCH(void)
71000198e0	20	FUN_71000198e0		d	a	0		undefined FUN_71000198e0(void)
7100019900	16	__nnmusl_init_dso		i	d	1		undefined __nnmusl_init_dso()
7100019910	16	ProtectRelro	nn::ro	d	a	1		undefined ProtectRelro(void * param_1, void * param_2, void * param_3, void * param_4, void * param_5)
7100019920	16	__nnmusl_fini_dso		i	d	1		undefined __nnmusl_fini_dso()
7100019930	16	__cxa_guard_acquire		i	d	1		undefined __cxa_guard_acquire()
7100019940	16	__cxa_guard_release		i	d	1		undefined __cxa_guard_release()
7100019950	16	Mg1402World	mg1402::Mg1402World	d	a	1		undefined Mg1402World(Mg1402World * this)
7100019960	16	operator.new	<EXTERNAL>	d	a	1		void * operator.new(ulong param_1, ulong param_2, HeapID param_3)
7100019970	16	Impl	mg1402::Mg1402CenterWorld::Impl	d	a	1		undefined Impl(Impl * this)
7100019980	16	AbortImpl	<EXTERNAL>::nn::diag::detail	d	a	1		undefined AbortImpl(void)
7100019990	16	MiniRand	<EXTERNAL>::ca::kb::MiniRand	d	a	1		undefined MiniRand(MiniRand * this)
71000199a0	16	Get	<EXTERNAL>::ca::kb::WorkArea	d	a	1		undefined Get(void)
71000199b0	16	GetRandomSeedChannel	<EXTERNAL>::ca::kb::WorkArea	d	a	1		undefined GetRandomSeedChannel(uint param_1)
71000199c0	16	~Mg1402World	mg1402::Mg1402World	d	a	1		undefined ~Mg1402World(Mg1402World * this)
71000199d0	16	~Mg1402CenterWorld	mg1402::Mg1402CenterWorld	d	a	1		undefined ~Mg1402CenterWorld(Mg1402CenterWorld * this)
71000199e0	16	operator.delete	<EXTERNAL>	d	a	1		void operator.delete(void * param_1)
71000199f0	16	Setup	mg1402::Mg1402CenterWorld::Impl	d	a	1		undefined Setup(Impl * this, uint param_1)
7100019a00	16	Mg1402Camera	mg1402::Mg1402Camera	d	a	1		undefined Mg1402Camera(Mg1402Camera * this)
7100019a10	16	Setup	mg1402::Mg1402Camera	d	a	1		undefined Setup(long param_1)
7100019a20	16	Mg1402Model	mg1402::Mg1402Model	d	a	1		undefined Mg1402Model(Mg1402Model * this)
7100019a30	16	CreateModel	mg1402::Mg1402Model	d	a	1		undefined CreateModel(undefined8 * param_1_00, long param_2, char * param_3, undefined8 param_4)
7100019a40	16	SetLayerVisibilityBit	mg1402::Mg1402Model	d	a	1		undefined SetLayerVisibilityBit(Mg1402Model * this, uint param_1)
7100019a50	16	operator()	std::uniform_int_distribution<long>	d	a	1		ulong operator()(uniform_int_distribution<long> * this, undefined8 param_2_00, long * param_2)
7100019a60	16	SlotUnit	mg1402::SlotUnit	d	a	1		undefined SlotUnit(SlotUnit * this, uint param_1)
7100019a70	16	SetUnitPosition	mg1402::Mg1402CenterWorld::Impl	d	a	1		undefined SetUnitPosition(float param_1, Impl * this)
7100019a80	16	PlayMotion	mg1402::Mg1402Model	d	a	1		undefined PlayMotion(long param_1, ulong param_2)
7100019a90	16	SetVisible	mg1402::Mg1402Model	d	a	1		undefined SetVisible(long param_1)
7100019aa0	16	AddModelMotion	mg1402::Mg1402Model	d	a	1		undefined AddModelMotion(Mg1402Model * this, char * param_1)
7100019ab0	16	GetGameState	mg1402::Mg1402Sequence	d	a	1		undefined4 GetGameState(Mg1402Sequence * this)
7100019ac0	16	UpdateSlot	mg1402::Mg1402CenterWorld::Impl	d	a	1		undefined UpdateSlot(Impl * this)
7100019ad0	16	IsAttached	<EXTERNAL>::bex::sound::SoundHandle	d	a	1		undefined IsAttached(void)
7100019ae0	16	Stop	<EXTERNAL>::bex::sound::SoundHandle	d	a	1		undefined Stop(void)
7100019af0	16	StopSlotFxTrigger	mg1402::Mg1402Sequence	d	a	1		undefined StopSlotFxTrigger(Mg1402Sequence * this)
7100019b00	16	__cxa_begin_catch		i	d	1		undefined __cxa_begin_catch()
7100019b10	16	terminate	<EXTERNAL>::std	d	a	1		undefined terminate(void)
7100019b20	16	OnStartSlot	mg1402::Mg1402CenterWorld	d	a	1		undefined OnStartSlot(Mg1402CenterWorld * this)
7100019b30	16	OnStartSlot	mg1402::Mg1402CenterWorld::Impl	d	a	1		undefined OnStartSlot(Impl * this)
7100019b40	16	FeintStopEnd	mg1402::Mg1402Sequence	d	a	1		undefined FeintStopEnd(Mg1402Sequence * this)
7100019b50	16	GetQuestionCount	mg1402::Mg1402Sequence	d	a	1		undefined4 GetQuestionCount(Mg1402Sequence * this)
7100019b60	16	IsOpening	mg1402::Mg1402Sequence	d	a	1		undefined1 IsOpening(Mg1402Sequence * this)
7100019b70	16	SetupCalcParamVm	mg1402::Mg1402CenterWorld::Impl	d	a	1		undefined SetupCalcParamVm(Impl * this)
7100019b80	16	GetSceneParams	mg1402::Mg1402Param	d	a	1		undefined GetSceneParams(Mg1402Param * this)
7100019b90	16	RandRangeF	<EXTERNAL>::ca::kb::MiniRand	d	a	1		undefined RandRangeF(float param_1, float param_2)
7100019ba0	16	RandRange	<EXTERNAL>::ca::kb::MiniRand	d	a	1		undefined RandRange(int param_1, int param_2)
7100019bb0	16	DecideSlotMode	mg1402::Mg1402CenterWorld::Impl	d	a	1		undefined DecideSlotMode(Impl * this)
7100019bc0	16	UpSlotLevel	mg1402::Mg1402CenterWorld	d	a	1		undefined UpSlotLevel(Mg1402CenterWorld * this)
7100019bd0	16	ResetSlotLevel	mg1402::Mg1402CenterWorld	d	a	1		undefined ResetSlotLevel(Mg1402CenterWorld * this)
7100019be0	16	SetReelsIdle	mg1402::Mg1402CenterWorld	d	a	1		undefined SetReelsIdle(Mg1402CenterWorld * this, ulong param_1)
7100019bf0	16	SetReelsIdle	mg1402::Mg1402CenterWorld::Impl	d	a	1		undefined SetReelsIdle(Impl * this, ulong param_1)
7100019c00	16	GetMotionFrameMax	mg1402::Mg1402Model	d	a	1		undefined GetMotionFrameMax(long param_1)
7100019c10	16	SetMotionFrame	mg1402::Mg1402Model	d	a	1		undefined SetMotionFrame(float param_1, long param_2)
7100019c20	16	SetFrameIdle	mg1402::Mg1402CenterWorld	d	a	1		undefined SetFrameIdle(long param_1)
7100019c30	16	IsSlotSpining	mg1402::Mg1402CenterWorld	d	a	1		undefined1 IsSlotSpining(Mg1402CenterWorld * this)
7100019c40	16	ResetRandom	mg1402::Mg1402CenterWorld	d	a	1		undefined ResetRandom(Mg1402CenterWorld * this)
7100019c50	16	SetDuckingOff	mg1402::Mg1402CenterWorld	d	a	1		undefined SetDuckingOff(long param_1)
7100019c60	16	SetDuckingOff	mg1402::SlotUnit	d	a	1		undefined SetDuckingOff(long param_1)
7100019c70	16	SetResultWorld	mg1402::Mg1402CenterWorld	d	a	1		undefined SetResultWorld(Mg1402CenterWorld * this)
7100019c80	16	SetResultWorld	mg1402::Mg1402CenterWorld::Impl	d	a	1		undefined SetResultWorld(Impl * this)
7100019c90	16	RemoveCamera	mg1402::Mg1402Camera	d	a	1		undefined RemoveCamera(void)
7100019ca0	16	~Impl	mg1402::Mg1402CenterWorld::Impl	d	a	1		undefined ~Impl(Impl * this)
7100019cb0	16	Free	<EXTERNAL>::bex::HeapModule	d	a	1		undefined Free(void * param_1)
7100019cc0	16	snprintf		i	i	1		int snprintf(char * __s, size_t __maxlen, char * __format, ...)
7100019cd0	16	fmodf		i	i	1		float fmodf(float __x, float __y)
7100019ce0	16	modff		i	i	1		float modff(float __x, float * __iptr)
7100019cf0	16	SetPosition	mg1402::SlotUnit	d	a	1		undefined SetPosition(float param_1, SlotUnit * this)
7100019d00	16	Rand	<EXTERNAL>::ca::kb::MiniRand	d	a	1		undefined Rand(void)
7100019d10	16	~SlotUnit	mg1402::SlotUnit	d	a	1		undefined ~SlotUnit(SlotUnit * this)
7100019d20	16	GetEntity	mg1402::Mg1402Model	d	a	1		undefined GetEntity(undefined8 * param_1, long param_2)
7100019d30	16	GetNodePosition	mg1402	d	a	1		uint GetNodePosition(undefined1[16] param_1, undefined1[16] param_2, undefined1[16] param_3, undefined1[16] param_4, long * param_5, undefined8 param_6, undefined8 * param_7)
7100019d40	16	SetPosition	mg1402::Mg1402Model	d	a	1		undefined SetPosition(long param_1)
7100019d50	16	SetRotation	mg1402::Mg1402Model	d	a	1		undefined SetRotation(long param_1)
7100019d60	16	GetDeltaTime	<EXTERNAL>::bex::MainModule	d	a	1		undefined GetDeltaTime(void)
7100019d70	16	GetElapsedRate	<EXTERNAL>::ca::kb::ut::TickPeriod	d	a	1		undefined GetElapsedRate(void)
7100019d80	16	CalcPositionVm	mg1402::Mg1402CenterWorld::Impl	d	a	1		float CalcPositionVm(float param_1, Impl * this, uint param_3)
7100019d90	16	IsEnd	<EXTERNAL>::ca::kb::ut::TickPeriod	d	a	1		undefined IsEnd(void)
7100019da0	16	Play	<EXTERNAL>::bex::sound::SoundModule	d	a	1		undefined Play(char * param_1, float param_2, char * param_3)
7100019db0	16	PlaySlotFxTrigger	mg1402::Mg1402Sequence	d	a	1		undefined PlaySlotFxTrigger(Mg1402Sequence * this)
7100019dc0	16	OnSlide	mg1402::Mg1402CenterWorld::Impl	d	a	1		undefined OnSlide(Impl * this)
7100019dd0	16	SetAnswerDirection	mg1402::Mg1402Sequence	d	a	1		undefined SetAnswerDirection(Mg1402Sequence * this, undefined4 param_1)
7100019de0	16	OnStopSlot	mg1402::Mg1402CenterWorld::Impl	d	a	1		undefined OnStopSlot(Impl * this)
7100019df0	16	SetBeginCurrent	<EXTERNAL>::ca::kb::ut::TickPeriod	d	a	1		undefined SetBeginCurrent(void)
7100019e00	16	FeintStopStart	mg1402::Mg1402Sequence	d	a	1		undefined FeintStopStart(Mg1402Sequence * this)
7100019e10	16	GetAnswerTime	mg1402::Mg1402Sequence	d	a	1		undefined GetAnswerTime(Mg1402Sequence * this)
7100019e20	16	OnStopSlot	mg1402::Mg1402Sequence	d	a	1		undefined OnStopSlot(Mg1402Sequence * this)
7100019e30	16	SetMotionSpeed	mg1402::Mg1402Model	d	a	1		undefined SetMotionSpeed(float param_1, long param_2)
7100019e40	16	Create	<EXTERNAL>::bex::Effect	d	a	1		undefined Create(basic_string_view * param_1)
7100019e50	16	SetPosition	<EXTERNAL>::bex::Effect	d	a	1		undefined SetPosition(Vector3f * param_1)
7100019e60	16	SetLayerVisibilityBit	<EXTERNAL>::bex::Effect	d	a	1		undefined SetLayerVisibilityBit(uint param_1)
7100019e70	16	Start	<EXTERNAL>::bex::Effect	d	a	1		undefined Start(bool param_1)
7100019e80	16	SafeGetFxTrigger	<EXTERNAL>::bq::ComMatter	d	a	1		undefined SafeGetFxTrigger(void)
7100019e90	16	Play	<EXTERNAL>::bex::ComFxTrigger	d	a	1		undefined Play(basic_string_view * param_1)
7100019ea0	16	Mg1402CenterWorld	mg1402::Mg1402CenterWorld	d	a	1		undefined Mg1402CenterWorld(Mg1402CenterWorld * this)
7100019eb0	16	~Mg1402Camera	mg1402::Mg1402Camera	d	a	1		undefined ~Mg1402Camera(Mg1402Camera * this)
7100019ec0	16	Setup	mg1402::Mg1402Camera::Impl	d	a	1		undefined Setup(long * param_1)
7100019ed0	16	CreateSceneEntity	<EXTERNAL>::ca::util	d	a	1		undefined CreateSceneEntity(basic_string_view * param_1, bool param_2)
7100019ee0	16	AddComponent<nn::bezel::ComCamera,,(void*)0>	nn::bezel::Entity	d	a	1		WeakHandle AddComponent<nn::bezel::ComCamera,,(void*)0>(long * param_1, HandlePtr * param_2)
7100019ef0	16	GetScenePtr	mg1402::Mg1402Param	d	a	1		undefined8 GetScenePtr(Mg1402Param * this)
7100019f00	16	GetSequence	<EXTERNAL>::bex::GameScene	d	a	1		undefined GetSequence(void)
7100019f10	16	GetGfxSceneType	<EXTERNAL>::bex::Scene	d	a	1		undefined GetGfxSceneType(uint param_1)
7100019f20	16	GetScene	<EXTERNAL>::bex::gfx::RendererModule	d	a	1		undefined GetScene(SceneType param_1)
7100019f30	16	GetGraphicsLayer	<EXTERNAL>::bex::gfx::Scene	d	a	1		undefined GetGraphicsLayer(int param_1)
7100019f40	16	GetCamera	<EXTERNAL>::nn::bezel::ComCamera	d	a	1		undefined GetCamera(void)
7100019f50	16	SetCamera	<EXTERNAL>::nn::bezel::GraphicsLayer	d	a	1		undefined SetCamera(WeakHandle * param_1)
7100019f60	16	AddComponent<actor::ComActorMotion,,(void*)0>	nn::bezel::Entity	d	a	1		WeakHandle AddComponent<actor::ComActorMotion,,(void*)0>(long * param_1, HandlePtr * param_2)
7100019f70	16	AddAnimation	<EXTERNAL>::actor::ComActorMotion	d	a	1		undefined AddAnimation(StringViewHashPair * param_1, basic_string_view * param_2, bool param_3, AnimatinType param_4, bool param_5, bool param_6)
7100019f80	16	Play	<EXTERNAL>::actor::ComActorMotion	d	a	1		undefined Play(StringViewHashPair * param_1)
7100019f90	16	Create	<EXTERNAL>::nn::bezel::ComCamera	d	a	1		undefined Create(HandlePtr * param_1)
7100019fa0	16	_internalCheckComponentValidity	<EXTERNAL>::nn::bezel::Entity	d	a	1		undefined _internalCheckComponentValidity(HandlePtr * param_1)
7100019fb0	16	AddComponentImpl	<EXTERNAL>::nn::bezel::Entity	d	a	1		undefined AddComponentImpl(HandlePtr * param_1)
7100019fc0	16	Create	<EXTERNAL>::actor::ComActorMotion	d	a	1		undefined Create(HandlePtr * param_1)
7100019fd0	16	getRootTypeinfo	<EXTERNAL>::rtti::Typeinfo	d	a	1		undefined getRootTypeinfo(void)
7100019fe0	16	Typeinfo	<EXTERNAL>::rtti::Typeinfo	d	a	1		undefined Typeinfo(Typeinfo * this, Typeinfo * param_1, char * param_2, char * param_3, _func_Property_ptr * param_4, _func_void_ptr * param_5, _func_void_void_ptr * param_6, uint param_7, uint param_8, _func_void_void_ptr_Property_ptr_PropertyList_ptr * param_9, _func_bool_void_ptr_Property_ptr_Typeinfo_ptr_uint * param_10)
7100019ff0	16	Property	<EXTERNAL>::rtti::Property	d	a	1		undefined Property(Property * this, char * param_1, char * param_2, uint param_3, void * param_4, Type * param_5)
710001a000	16	Property	<EXTERNAL>::rtti::Property	d	a	1		undefined Property(Property * this)
710001a010	16	operator.new	<EXTERNAL>	d	a	1		void * operator.new(ulong param_1)
710001a020	16	checkGuiPropDefault	<EXTERNAL>::rtti::Typeinfo	d	a	1		undefined checkGuiPropDefault(void * param_1, Property * param_2, PropertyList * param_3)
710001a030	16	createGuiPropDefault	<EXTERNAL>::rtti::Typeinfo	d	a	1		undefined createGuiPropDefault(void * param_1, Property * param_2, Typeinfo * param_3, uint param_4)
710001a040	16	~Mg1402Param	mg1402::Mg1402Param	d	a	1		undefined ~Mg1402Param(Mg1402Param * this)
710001a050	16	LoadData	mg1402::Mg1402Param	d	a	1		undefined LoadData(Mg1402Param * this)
710001a060	16	JsonReader	<EXTERNAL>::nn::bezel::JsonReader	d	a	1		undefined JsonReader(JsonReader * this)
710001a070	16	ParseFromAsset	<EXTERNAL>::bq::DataBaseJsonReader	d	a	1		undefined ParseFromAsset(char * param_1, bool param_2)
710001a080	16	DeserializeRTTI<mg1402::Mg1402CameraParam>	bq::DataBaseJsonReader	d	a	1		bool DeserializeRTTI<mg1402::Mg1402CameraParam>(DataBaseJsonReader * this, char * param_1, long * param_2)
710001a090	16	~DataBaseJsonReader	<EXTERNAL>::bq::DataBaseJsonReader	d	a	1		undefined ~DataBaseJsonReader(DataBaseJsonReader * this)
710001a0a0	16	SetScenePtr	mg1402::Mg1402Param	d	a	1		undefined SetScenePtr(Mg1402Param * this, undefined8 param_1)
710001a0b0	16	GetLocalParam	mg1402::Scene	d	a	1		Scene * GetLocalParam(Scene * this)
710001a0c0	16	GetCharaBasePos	mg1402::Mg1402Param	d	a	1		undefined1[16] GetCharaBasePos(Mg1402Param * this, int param_2)
710001a0d0	16	GetCharaUpPos	mg1402::Mg1402Param	d	a	1		undefined1[16] GetCharaUpPos(Mg1402Param * this, int param_2)
710001a0e0	16	GetCharaDownPos	mg1402::Mg1402Param	d	a	1		undefined1[16] GetCharaDownPos(Mg1402Param * this, int param_2)
710001a0f0	16	GetLookDegRangeLR	mg1402::Mg1402Param	d	a	1		undefined4 GetLookDegRangeLR(Mg1402Param * this, int param_2)
710001a100	16	GetLookDegRangeUp	mg1402::Mg1402Param	d	a	1		undefined4 GetLookDegRangeUp(Mg1402Param * this, int param_2)
710001a110	16	GetLookDegRangeDown	mg1402::Mg1402Param	d	a	1		undefined4 GetLookDegRangeDown(Mg1402Param * this, int param_2)
710001a120	16	GetBodyDegRangeLR	mg1402::Mg1402Param	d	a	1		undefined4 GetBodyDegRangeLR(Mg1402Param * this, int param_2)
710001a130	16	GetBodyDegRangeUp	mg1402::Mg1402Param	d	a	1		undefined4 GetBodyDegRangeUp(Mg1402Param * this, int param_2)
710001a140	16	GetBodyDegRangeDown	mg1402::Mg1402Param	d	a	1		undefined4 GetBodyDegRangeDown(Mg1402Param * this, int param_2)
710001a150	16	strlen		i	i	1		size_t strlen(char * __s)
710001a160	16	BeginArray	<EXTERNAL>::nn::bezel::JsonReader	d	a	1		undefined BeginArray(basic_string_view param_1)
710001a170	16	GetArraySize	<EXTERNAL>::nn::bezel::JsonReader	d	a	1		undefined GetArraySize(void)
710001a180	16	EndArray	<EXTERNAL>::nn::bezel::JsonReader	d	a	1		undefined EndArray(void)
710001a190	16	DeserializeRTTI_	<EXTERNAL>::bq::DataBaseJsonReader	d	a	1		undefined DeserializeRTTI_(int param_1, void * param_2, Typeinfo * param_3)
710001a1a0	16	Alloc	<EXTERNAL>::bex::HeapModule	d	a	1		undefined Alloc(HeapID param_1, ulong param_2, int param_3, char * param_4, int param_5, char * param_6, char * param_7)
710001a1b0	16	memset		i	i	1		void * memset(void * __s, int __c, size_t __n)
710001a1c0	16	__cxa_allocate_exception		i	d	1		undefined __cxa_allocate_exception()
710001a1d0	16	__cxa_throw		i	d	1		undefined __cxa_throw()
710001a1e0	16	__cxa_free_exception		i	d	1		undefined __cxa_free_exception()
710001a1f0	16	_Unwind_Resume		i	d	1		undefined _Unwind_Resume()
710001a200	16	logic_error	<EXTERNAL>::std::logic_error	d	a	1		undefined logic_error(logic_error * this, char * param_1)
710001a210	16	Mg1402Param	mg1402::Mg1402Param	d	a	1		undefined Mg1402Param(Mg1402Param * this)
710001a220	16	Fiber	<EXTERNAL>::bex::Fiber	d	a	1		undefined Fiber(Fiber * this, int param_1, bool param_2)
710001a230	16	~Mg1402LayoutManager	mg1402::Mg1402LayoutManager	d	a	1		undefined ~Mg1402LayoutManager(Mg1402LayoutManager * this)
710001a240	16	ShowPointLayout	mg1402::Mg1402LayoutManager	d	a	1		undefined ShowPointLayout(Mg1402LayoutManager * this, uint param_1)
710001a250	16	In	<EXTERNAL>::bq::ComUiScore	d	a	1		undefined In(bool param_1)
710001a260	16	SetPoint	mg1402::Mg1402LayoutManager	d	a	1		undefined SetPoint(Mg1402LayoutManager * this, int param_1, bool param_2)
710001a270	16	SetScore	<EXTERNAL>::bq::ComUiScore	d	a	1		undefined SetScore(int param_1, bool param_2)
710001a280	16	ShowAllPointLayout	mg1402::Mg1402LayoutManager	d	a	1		undefined ShowAllPointLayout(Mg1402LayoutManager * this, bool param_1)
710001a290	16	~Fiber	<EXTERNAL>::bex::Fiber	d	a	1		undefined ~Fiber(Fiber * this)
710001a2a0	16	getStaticTypeinfo	<EXTERNAL>::bex::Fiber	d	a	1		undefined getStaticTypeinfo(void)
710001a2b0	16	Setup	mg1402::Mg1402PointLayout	d	a	1		undefined Setup(Mg1402PointLayout * this)
710001a2c0	16	AddComponent<bq::ComUiScore,bq::ComUiScore::UiScoreType,(void*)0>	nn::bezel::Entity	d	a	1		WeakHandle AddComponent<bq::ComUiScore,bq::ComUiScore::UiScoreType,(void*)0>(long * param_1_00, HandlePtr * param_2, undefined4 * param_3)
710001a2d0	16	SetPlayerID	<EXTERNAL>::bq::ComUiScore	d	a	1		undefined SetPlayerID(PlayerID param_1)
710001a2e0	16	SetOneshot	<EXTERNAL>::bq::ComUiScore	d	a	1		undefined SetOneshot(float param_1)
710001a2f0	16	SafeCreate<bq::ComUiScore,nn::bezel::HandlePtr<nn::bezel::Entity>const&,bq::ComUiScore::UiScoreType>	bex::ComponentUtil	d	a	1		WeakHandle SafeCreate<bq::ComUiScore,nn::bezel::HandlePtr<nn::bezel::Entity>const&,bq::ComUiScore::UiScoreType>(long * param_1_00, ComponentUtil * this, undefined4 * param_3)
710001a300	16	ComUiScore	<EXTERNAL>::bq::ComUiScore	d	a	1		undefined ComUiScore(ComUiScore * this, HandlePtr * param_1, UiScoreType param_2)
710001a310	16	Mg1402LayoutManager	mg1402::Mg1402LayoutManager	d	a	1		undefined Mg1402LayoutManager(Mg1402LayoutManager * this)
710001a320	16	AddComponent<bq::ComMatter,char_const*&,(void*)0>	nn::bezel::Entity	d	a	1		WeakHandle AddComponent<bq::ComMatter,char_const*&,(void*)0>(long * param_1_00, HandlePtr * param_2, undefined8 * param_3)
710001a330	16	SafeCreate<bq::ComMatter,nn::bezel::HandlePtr<nn::bezel::Entity>const&,char_const*&>	bex::ComponentUtil	d	a	1		WeakHandle SafeCreate<bq::ComMatter,nn::bezel::HandlePtr<nn::bezel::Entity>const&,char_const*&>(long * param_1_00, ComponentUtil * this, undefined8 * param_3)
710001a340	16	AddModelMotion	mg1402	d	a	1		undefined AddModelMotion(long * param_1, mg1402 * this, byte * param_3, char * param_4)
710001a350	16	HasCastableComponentImpl	<EXTERNAL>::nn::bezel::Entity	d	a	1		undefined HasCastableComponentImpl(TypeDesc * param_1)
710001a360	16	SetPrefix	<EXTERNAL>::actor::ComActorMotion	d	a	1		undefined SetPrefix(char * param_1)
710001a370	16	AddComponent<bq::ComMatter,bq::NonPlayerCharacterID&,(void*)0>	nn::bezel::Entity	d	a	1		WeakHandle AddComponent<bq::ComMatter,bq::NonPlayerCharacterID&,(void*)0>(long * param_1_00, HandlePtr * param_2, undefined4 * param_3)
710001a380	16	SafeCreate<bq::ComMatter,nn::bezel::HandlePtr<nn::bezel::Entity>const&,bq::NonPlayerCharacterID&>	bex::ComponentUtil	d	a	1		WeakHandle SafeCreate<bq::ComMatter,nn::bezel::HandlePtr<nn::bezel::Entity>const&,bq::NonPlayerCharacterID&>(long * param_1_00, ComponentUtil * this, undefined4 * param_3)
710001a390	16	AddComponent<bq::ComMatter,bex::PlayerID&,bq::MatterType,(void*)0>	nn::bezel::Entity	d	a	1		WeakHandle AddComponent<bq::ComMatter,bex::PlayerID&,bq::MatterType,(void*)0>(long * param_1_00, HandlePtr * param_2, undefined4 * param_3, undefined4 * param_4)
710001a3a0	16	SafeCreate<bq::ComMatter,nn::bezel::HandlePtr<nn::bezel::Entity>const&,bex::PlayerID&,bq::MatterType>	bex::ComponentUtil	d	a	1		WeakHandle SafeCreate<bq::ComMatter,nn::bezel::HandlePtr<nn::bezel::Entity>const&,bex::PlayerID&,bq::MatterType>(long * param_1_00, ComponentUtil * this, undefined4 * param_3, undefined4 * param_4)
710001a3b0	16	AddNpcMotion	mg1402	d	a	1		undefined AddNpcMotion(undefined8 * param_1, mg1402 * this, undefined4 param_3, byte * param_4, char * param_5)
710001a3c0	16	CharacterDataPath	<EXTERNAL>::bq::CharacterDataPath	d	a	1		undefined CharacterDataPath(CharacterDataPath * this, NonPlayerCharacterID param_1)
710001a3d0	16	GetAnimationPrefix	<EXTERNAL>::bq::CharacterDataPath	d	a	1		undefined GetAnimationPrefix(void)
710001a3e0	16	GetNodeMatrix	mg1402	d	a	1		undefined8 GetNodeMatrix(undefined1[16] param_1, undefined1[16] param_2, undefined1[16] param_3, undefined1[16] param_4, long * param_5, undefined8 param_6, undefined1[16] * param_7)
710001a3f0	16	FindBoneIndex	<EXTERNAL>::nn::bezel::SkeletonPose	d	a	1		undefined FindBoneIndex(char * param_1)
710001a400	16	CalculateWorldTransform	<EXTERNAL>::nn::bezel::SkeletonPose	d	a	1		undefined CalculateWorldTransform(int param_1)
710001a410	16	GetNodeTransform	mg1402	d	a	1		uint GetNodeTransform(undefined1[16] param_1, undefined1[16] param_2, undefined1[16] param_3, undefined1[16] param_4, long * param_5, undefined8 param_6, undefined8 * param_7, long * param_8)
710001a420	16	sqrtf		i	i	1		float sqrtf(float __x)
710001a430	16	Calculate	<EXTERNAL>::nn::bezel::SkeletonPose	d	a	1		undefined Calculate(void)
710001a440	16	CalculateForce	<EXTERNAL>::nn::bezel::SkeletonPose	d	a	1		undefined CalculateForce(void)
710001a450	16	SetLocalMtxRt	<EXTERNAL>::nn::bezel::SkeletonPose	d	a	1		undefined SetLocalMtxRt(int param_1, MatrixRowMajor4x3f * param_2)
710001a460	16	~Mg1402Model	mg1402::Mg1402Model	d	a	1		undefined ~Mg1402Model(Mg1402Model * this)
710001a470	16	GetComMatter	mg1402::Mg1402Model	d	a	1		undefined GetComMatter(long * param_1, long param_2)
710001a480	16	GetComMatter	mg1402::Mg1402Model::Impl	d	a	1		undefined GetComMatter(long * param_1, long param_2)
710001a490	16	GetModel	<EXTERNAL>::bq::ComMatter	d	a	1		undefined GetModel(void)
710001a4a0	16	GetMotion	<EXTERNAL>::bq::ComMatter	d	a	1		undefined GetMotion(void)
710001a4b0	16	CreatePcModel	mg1402::Mg1402Model	d	a	1		undefined CreatePcModel(undefined8 * param_1_00, long param_2, char * param_3, undefined4 * param_4)
710001a4c0	16	AddModelMotion	mg1402::Mg1402Model::Impl	d	a	1		ulong AddModelMotion(Impl * this, char * param_1)
710001a4d0	16	GetMotionName	mg1402::Mg1402Model::Impl	d	a	1		undefined GetMotionName(undefined8 * param_1, undefined8 param_2, ulong param_3)
710001a4e0	16	AddNpcMotion	mg1402::Mg1402Model::Impl	d	a	1		ulong AddNpcMotion(Impl * this, undefined4 param_1, char * param_2)
710001a4f0	16	PlayMotion	mg1402::Mg1402Model::Impl	d	a	1		undefined PlayMotion(long param_1, ulong param_2)
710001a500	16	SetMotionFrame	mg1402::Mg1402Model::Impl	d	a	1		undefined SetMotionFrame(float param_1, long param_2)
710001a510	16	SetFrame	<EXTERNAL>::actor::ComActorMotion	d	a	1		undefined SetFrame(float param_1)
710001a520	16	GetFrame	<EXTERNAL>::actor::ComActorMotion	d	a	1		undefined GetFrame(void)
710001a530	16	GetFrameMax	<EXTERNAL>::actor::ComActorMotion	d	a	1		undefined GetFrameMax(void)
710001a540	16	SetMotionSpeed	mg1402::Mg1402Model::Impl	d	a	1		undefined SetMotionSpeed(float param_1, long param_2)
710001a550	16	SetSpeed	<EXTERNAL>::actor::ComActorMotion	d	a	1		undefined SetSpeed(float param_1)
710001a560	16	GetSpeed	<EXTERNAL>::actor::ComActorMotion	d	a	1		undefined GetSpeed(void)
710001a570	16	SetMotionPause	mg1402::Mg1402Model::Impl	d	a	1		undefined SetMotionPause(long param_1)
710001a580	16	SetPauseEnabled	<EXTERNAL>::actor::ComActorMotion	d	a	1		undefined SetPauseEnabled(bool param_1)
710001a590	16	IsFinished	<EXTERNAL>::actor::ComActorMotion	d	a	1		undefined IsFinished(void)
710001a5a0	16	SetTranslation	<EXTERNAL>::nn::bezel::Entity	d	a	1		undefined SetTranslation(Vector3f * param_1)
710001a5b0	16	GetTranslation	<EXTERNAL>::nn::bezel::Entity	d	a	1		undefined GetTranslation(void)
710001a5c0	16	SetRotation	<EXTERNAL>::nn::bezel::Entity	d	a	1		undefined SetRotation(Quaternion * param_1)
710001a5d0	16	CalculateRotation	<EXTERNAL>::nn::bezel::Entity	d	a	1		undefined CalculateRotation(void)
710001a5e0	16	SetScale	<EXTERNAL>::nn::bezel::Entity	d	a	1		undefined SetScale(Vector3f * param_1)
710001a5f0	16	GetScale	<EXTERNAL>::nn::bezel::Entity	d	a	1		undefined GetScale(void)
710001a600	16	SetVisible	mg1402::Mg1402Model::Impl	d	a	1		undefined SetVisible(long param_1)
710001a610	16	SetVisible	<EXTERNAL>::nn::bezel::ComModel	d	a	1		undefined SetVisible(bool param_1)
710001a620	16	IsVisible	mg1402::Mg1402Model::Impl	d	a	1		uint IsVisible(long param_1)
710001a630	16	SetBoneVisible	mg1402::Mg1402Model::Impl	d	a	1		undefined SetBoneVisible(long param_1, char * param_2)
710001a640	16	FindBoneIndex	<EXTERNAL>::nn::bezel::ComModel	d	a	1		undefined FindBoneIndex(basic_string_view param_1)
710001a650	16	SetBoneVisible	<EXTERNAL>::nn::bezel::ComModel	d	a	1		undefined SetBoneVisible(int param_1, bool param_2)
710001a660	16	GetNodeTransform	mg1402::Mg1402Model::Impl	d	a	1		uint GetNodeTransform(undefined1[16] param_1_00, undefined1[16] param_2_00, undefined1[16] param_3_00, undefined1[16] param_4_00, Impl * this, undefined8 param_6, undefined8 * param_7, byte * param_8, undefined8 * param_9)
710001a670	16	to_string<unsigned_long>	bex	d	a	1		basic_string to_string<unsigned_long>(long * param_1_00, ulong param_2)
710001a680	16	append	std::basic_string<char,std::char_traits<char>,bex::HeapModule::Allocator_string<char>>	d	a	1		basic_string<char,std::char_traits<char>,bex::HeapModule::Allocator_string<char>> * append(basic_string<char,std::char_traits<char>,bex::HeapModule::Allocator_string<char>> * this, void * param_1, ulong param_2)
710001a690	16	init	<EXTERNAL>::std::ios_base	d	a	1		undefined init(void * param_1)
710001a6a0	16	streambuf	<EXTERNAL>::std::streambuf	d	a	1		undefined streambuf(streambuf * this)
710001a6b0	16	operator<<	<EXTERNAL>::std::ostream	d	a	1		undefined operator<<(ostream * this, ulong param_1)
710001a6c0	16	str	std::basic_stringbuf<char,std::char_traits<char>,bex::HeapModule::Allocator_string<char>>	d	a	1		undefined str(long * param_1, long param_2)
710001a6d0	16	~streambuf	<EXTERNAL>::std::streambuf	d	a	1		undefined ~streambuf(streambuf * this)
710001a6e0	16	~ostream	<EXTERNAL>::std::ostream	d	a	1		undefined ~ostream(ostream * this)
710001a6f0	16	~ios	<EXTERNAL>::std::ios	d	a	1		undefined ~ios(ios * this)
710001a700	16	~basic_ostringstream	std::basic_ostringstream<char,std::char_traits<char>,bex::HeapModule::Allocator_string<char>>	d	a	1		undefined ~basic_ostringstream(basic_ostringstream<char,std::char_traits<char>,bex::HeapModule::Allocator_string<char>> * this)
710001a710	16	memmove		i	i	1		void * memmove(void * __dest, void * __src, size_t __n)
710001a720	16	push_back	std::basic_string<char,std::char_traits<char>,bex::HeapModule::Allocator_string<char>>	d	a	1		undefined push_back(basic_string<char,std::char_traits<char>,bex::HeapModule::Allocator_string<char>> * this, basic_string<char,std::char_traits<char>,bex::HeapModule::Allocator_string<char>> param_2)
710001a730	16	append	std::basic_string<char,std::char_traits<char>,bex::HeapModule::Allocator_string<char>>	d	a	1		basic_string<char,std::char_traits<char>,bex::HeapModule::Allocator_string<char>> * append(basic_string<char,std::char_traits<char>,bex::HeapModule::Allocator_string<char>> * this, ulong param_1, int param_2)
710001a740	16	__cxa_end_catch		i	d	1		undefined __cxa_end_catch()
710001a750	16	ComMatter	<EXTERNAL>::bq::ComMatter	d	a	1		undefined ComMatter(ComMatter * this, HandlePtr * param_1, basic_string_view * param_2, bool param_3)
710001a760	16	ComMatter	<EXTERNAL>::bq::ComMatter	d	a	1		undefined ComMatter(ComMatter * this, HandlePtr * param_1, NonPlayerCharacterID param_2)
710001a770	16	ComMatter	<EXTERNAL>::bq::ComMatter	d	a	1		undefined ComMatter(ComMatter * this, HandlePtr * param_1, PlayerID param_2, MatterType param_3)
710001a780	16	~Impl	mg1402::Mg1402Player::Impl	d	a	1		undefined ~Impl(Impl * this)
710001a790	16	~Mg1402Player	mg1402::Mg1402Player	d	a	1		undefined ~Mg1402Player(Mg1402Player * this)
710001a7a0	16	Setup	mg1402::Mg1402Player	d	a	1		undefined Setup(Mg1402Player * this, uint param_1)
710001a7b0	16	Setup	mg1402::Mg1402Player::Impl	d	a	1		undefined Setup(Impl * this, uint param_1)
710001a7c0	16	GetPlayers	<EXTERNAL>::bq::WorkModule	d	a	1		undefined GetPlayers(void)
710001a7d0	16	GetPlayerList	<EXTERNAL>::bq::PlayerWorkHolder	d	a	1		undefined GetPlayerList(PlayerListSortBy param_1)
710001a7e0	16	GetPlayerID	<EXTERNAL>::bq::PlayerWork	d	a	1		undefined GetPlayerID(void)
710001a7f0	16	SetLayerVisibleId	<EXTERNAL>::bex::sound::ComActor	d	a	1		undefined SetLayerVisibleId(LayerVisibleId param_1)
710001a800	16	AddHeading	<EXTERNAL>::bq::ComMatter	d	a	1		undefined AddHeading(void)
710001a810	16	GetLinearSpeed	<EXTERNAL>::bex::ComHeading	d	a	1		undefined GetLinearSpeed(void)
710001a820	16	SetLinearSpeed	<EXTERNAL>::bex::ComHeading	d	a	1		undefined SetLinearSpeed(float param_1)
710001a830	16	GetSpeedCoef	<EXTERNAL>::bex::ComHeading	d	a	1		undefined GetSpeedCoef(void)
710001a840	16	SetSpeedCoef	<EXTERNAL>::bex::ComHeading	d	a	1		undefined SetSpeedCoef(float param_1)
710001a850	16	GetActorSynchroMan	<EXTERNAL>::ca::kb	d	a	1		undefined GetActorSynchroMan(void)
710001a860	16	RandRangeF	<EXTERNAL>::bex::RandModule	d	a	1		undefined RandRangeF(float param_1, float param_2)
710001a870	16	FindFromPlayerID	<EXTERNAL>::bq::PlayerWorkHolder	d	a	1		undefined FindFromPlayerID(PlayerID param_1)
710001a880	16	GetCharacterID	<EXTERNAL>::bq::PlayerWork	d	a	1		undefined GetCharacterID(void)
710001a890	16	GetActor	<EXTERNAL>::bq::ComMatter	d	a	1		undefined GetActor(void)
710001a8a0	16	SetGravityScale	<EXTERNAL>::actor::ComActor	d	a	1		undefined SetGravityScale(float param_1)
710001a8b0	16	SetInputControlEnabled	<EXTERNAL>::actor::ComActor	d	a	1		undefined SetInputControlEnabled(bool param_1)
710001a8c0	16	CallAction	<EXTERNAL>::actor::ComActor	d	a	1		undefined CallAction(ActorHashedString * param_1, bool param_2)
710001a8d0	16	SetPosition	<EXTERNAL>::actor::ComActor	d	a	1		undefined SetPosition(Vector3f * param_1)
710001a8e0	16	ExistAction	<EXTERNAL>::actor::ComActor	d	a	1		undefined ExistAction(ActorHashedString * param_1)
710001a8f0	16	EraseAction	<EXTERNAL>::actor::ComActor	d	a	1		undefined EraseAction(ActorHashedString * param_1)
710001a900	16	GetMotion	<EXTERNAL>::actor::ComActor	d	a	1		undefined GetMotion(void)
710001a910	16	RegisterAction	<EXTERNAL>::actor::ComActor	d	a	1		undefined RegisterAction(ActorHashedString * param_1, function * param_2)
710001a920	16	SetTargetLookAtPosition	<EXTERNAL>::bex::ComHeading	d	a	1		undefined SetTargetLookAtPosition(Vector3f * param_1)
710001a930	16	GetLimitAngleMin	<EXTERNAL>::bex::ComHeading	d	a	1		undefined GetLimitAngleMin(void)
710001a940	16	GetLimitAngleMax	<EXTERNAL>::bex::ComHeading	d	a	1		undefined GetLimitAngleMax(void)
710001a950	16	SetLimitAngleMinDegree	<EXTERNAL>::bex::ComHeading	d	a	1		undefined SetLimitAngleMinDegree(Vector3f * param_1)
710001a960	16	SetLimitAngleMaxDegree	<EXTERNAL>::bex::ComHeading	d	a	1		undefined SetLimitAngleMaxDegree(Vector3f * param_1)
710001a970	16	GetScene	mg1402::Scene	d	a	1		undefined8 GetScene(void)
710001a980	16	CreateSceneEntity	<EXTERNAL>::bq::SceneBase	d	a	1		undefined CreateSceneEntity(basic_string_view * param_1)
710001a990	16	AddComponent<ca::ui::CaComUiUserName,,(void*)0>	nn::bezel::Entity	d	a	1		WeakHandle AddComponent<ca::ui::CaComUiUserName,,(void*)0>(long * param_1, HandlePtr * param_2)
710001a9a0	16	GetLocalLeadPlayerID	<EXTERNAL>::ca::kb::WorkArea	d	a	1		undefined GetLocalLeadPlayerID(void)
710001a9b0	16	SetPlayer	<EXTERNAL>::ca::ui::CaComUiUserName	d	a	1		undefined SetPlayer(PlayerID param_1, bool param_2)
710001a9c0	16	AttachPlayer	<EXTERNAL>::ca::ui::CaComUiUserName	d	a	1		undefined AttachPlayer(ATTACH_TYPE param_1, HandlePtr * param_2, float param_3)
710001a9d0	16	GetGraphicsLayer	mg1402::Scene	d	a	1		undefined GetGraphicsLayer(long * param_1)
710001a9e0	16	SetGraphicsLayer	<EXTERNAL>::ca::ui::CaComUiUserName	d	a	1		undefined SetGraphicsLayer(WeakHandle * param_1)
710001a9f0	16	In	<EXTERNAL>::ca::ui::CaComUiUserName	d	a	1		undefined In(void)
710001aa00	16	SetTranslation	<EXTERNAL>::ca::ui::CaComUiUserName	d	a	1		undefined SetTranslation(Vector3f param_1)
710001aa10	16	SetDisplayArea	<EXTERNAL>::ca::ui::CaComUiUserName	d	a	1		undefined SetDisplayArea(float param_1, float param_2, float param_3, float param_4)
710001aa20	16	AddComponent<bq::ComUi,char_const(&)[21],char_const(&)[20],(void*)0>	nn::bezel::Entity	d	a	1		WeakHandle AddComponent<bq::ComUi,char_const(&)[21],char_const(&)[20],(void*)0>(long * param_1_00, HandlePtr * param_2, char * param_3, char * param_4)
710001aa30	16	Update	mg1402::Mg1402Player	d	a	1		undefined8 Update(Mg1402Player * this)
710001aa40	16	UpdateLook	mg1402::Mg1402Player::Impl	d	a	1		undefined UpdateLook(Impl * this)
710001aa50	16	OnEnableAnswer	mg1402::Mg1402Player	d	a	1		undefined OnEnableAnswer(Mg1402Player * this)
710001aa60	16	OnEnableAnswer	mg1402::Mg1402Player::Impl	d	a	1		undefined OnEnableAnswer(Impl * this)
710001aa70	16	ChangeResultFace	mg1402::Mg1402Player	d	a	1		undefined ChangeResultFace(Mg1402Player * this, ulong param_1)
710001aa80	16	ChangeResultFace	mg1402::Mg1402Player::Impl	d	a	1		undefined ChangeResultFace(Impl * this, ulong param_1)
710001aa90	16	CallAction	<EXTERNAL>::actor::ComActor	d	a	1		undefined CallAction(ActorHashedString * param_1, ActionContext * param_2)
710001aaa0	16	SetResultWorld	mg1402::Mg1402Player	d	a	1		undefined SetResultWorld(undefined1[16] param_1, undefined1[16] param_2, undefined1[16] param_3, undefined1[16] param_4, Mg1402Player * this)
710001aab0	16	SetResultWorld	mg1402::Mg1402Player::Impl	d	a	1		undefined SetResultWorld(undefined1[16] param_1, undefined1[16] param_2, undefined1[16] param_3, undefined1[16] param_4, Impl * this)
710001aac0	16	GetResultPlayerPos	mg1402::Mg1402Sequence	d	a	1		undefined GetResultPlayerPos(undefined1[16] param_1_00, undefined1[16] param_2, undefined1[16] param_3, undefined1[16] param_4, Mg1402Sequence * this, int param_6)
710001aad0	16	Teleport	<EXTERNAL>::nn::bezel::Entity	d	a	1		undefined Teleport(void)
710001aae0	16	SetResultAction	mg1402::Mg1402Player	d	a	1		undefined SetResultAction(long param_1)
710001aaf0	16	SetResultAction	mg1402::Mg1402Player::Impl	d	a	1		undefined SetResultAction(long param_1)
710001ab00	16	GetDefaultGraphicsLayer	<EXTERNAL>::nn::bezel::GraphicsCoreModule	d	a	1		undefined GetDefaultGraphicsLayer(void)
710001ab10	16	GetCamera	<EXTERNAL>::nn::bezel::GraphicsLayer	d	a	1		undefined GetCamera(void)
710001ab20	16	SetTargetLookAtCamera	<EXTERNAL>::bex::ComHeading	d	a	1		undefined SetTargetLookAtCamera(WeakHandle * param_1)
710001ab30	16	GetRank	mg1402::Mg1402Sequence	d	a	1		undefined GetRank(void)
710001ab40	16	ForceAnswer	mg1402::Mg1402Player	d	a	1		undefined ForceAnswer(Mg1402Player * this, uint param_1, int param_2)
710001ab50	16	CheckAnswer	mg1402::Mg1402Player::Impl	d	a	1		undefined CheckAnswer(Impl * this, undefined8 param_1, int param_2)
710001ab60	16	ChangeLineSight	mg1402::Mg1402Player::Impl	d	a	1		undefined ChangeLineSight(Impl * this, int param_1)
710001ab70	16	ForceAnswer	mg1402::Mg1402Player::Impl	d	a	1		undefined ForceAnswer(Impl * this, uint param_1, int param_2)
710001ab80	16	IsPlayerAnswered	mg1402::Mg1402Player	d	a	1		undefined1 IsPlayerAnswered(Mg1402Player * this)
710001ab90	16	OnSuccess	mg1402::Mg1402Player	d	a	1		undefined OnSuccess(long param_1)
710001aba0	16	OnSuccess	mg1402::Mg1402Player::Impl	d	a	1		undefined OnSuccess(long * param_1)
710001abb0	16	Play	<EXTERNAL>::bex::sound::ComActor	d	a	1		undefined Play(char * param_1, float param_2, int param_3, Vector3f * param_4)
710001abc0	16	PlaySlotFxTrigger	mg1402::Mg1402Player	d	a	1		undefined PlaySlotFxTrigger(Mg1402Player * this)
710001abd0	16	PlaySlotFxTrigger	mg1402::Mg1402Player::Impl	d	a	1		undefined PlaySlotFxTrigger(Impl * this)
710001abe0	16	StopSlotFxTrigger	mg1402::Mg1402Player	d	a	1		undefined StopSlotFxTrigger(Mg1402Player * this)
710001abf0	16	StopSlotFxTrigger	mg1402::Mg1402Player::Impl	d	a	1		undefined StopSlotFxTrigger(Impl * this)
710001ac00	16	Stop	<EXTERNAL>::bex::ComFxTrigger	d	a	1		undefined Stop(basic_string_view * param_1)
710001ac10	16	StartOpeningDemo	mg1402::Mg1402Player	d	a	1		undefined StartOpeningDemo(void)
710001ac20	16	StartGame	mg1402::Mg1402Player	d	a	1		undefined StartGame(Mg1402Player * this)
710001ac30	16	StartGame	mg1402::Mg1402Player::Impl	d	a	1		undefined StartGame(Impl * this)
710001ac40	16	Finish	mg1402::Mg1402Player	d	a	1		undefined Finish(Mg1402Player * this)
710001ac50	16	Finish	mg1402::Mg1402Player::Impl	d	a	1		undefined Finish(Impl * this)
710001ac60	16	Out	<EXTERNAL>::ca::ui::CaComUiUserName	d	a	1		undefined Out(void)
710001ac70	16	ShowPerfectTelop	mg1402::Mg1402Player	d	a	1		undefined ShowPerfectTelop(Mg1402Player * this)
710001ac80	16	ShowPerfectTelop	mg1402::Mg1402Player::Impl	d	a	1		undefined8 ShowPerfectTelop(Impl * this)
710001ac90	16	NAP	<EXTERNAL>::ca::kb	d	a	1		undefined NAP(void)
710001aca0	16	IsCom	mg1402::Mg1402Player::Impl	d	a	1		bool IsCom(Impl * this, undefined4 * param_1)
710001acb0	16	AddComponent<ca::ui::CaComUiPerfectTelop,ca::ui::CaComUiPerfectTelop::MG_TYPE,(void*)0>	nn::bezel::Entity	d	a	1		WeakHandle AddComponent<ca::ui::CaComUiPerfectTelop,ca::ui::CaComUiPerfectTelop::MG_TYPE,(void*)0>(long * param_1_00, HandlePtr * param_2, undefined4 * param_3)
710001acc0	16	LytPosFrom3DPos	<EXTERNAL>::bex::util	d	a	1		undefined LytPosFrom3DPos(Vector3f * param_1, Vector3f * param_2, WeakHandle param_3)
710001acd0	16	SetTranslation	<EXTERNAL>::ca::ui::CaComUiPerfectTelop	d	a	1		undefined SetTranslation(Vector3f param_1)
710001ace0	16	SetRotateZ	<EXTERNAL>::ca::ui::CaComUiPerfectTelop	d	a	1		undefined SetRotateZ(float param_1)
710001acf0	16	SettingEffect	<EXTERNAL>::ca::ui::CaComUiPerfectTelop	d	a	1		undefined SettingEffect(Vector3f * param_1, float param_2, LayerVisibleBit param_3)
710001ad00	16	In	<EXTERNAL>::ca::ui::CaComUiPerfectTelop	d	a	1		undefined In(float param_1)
710001ad10	16	SetMissTurn	mg1402::Mg1402Player	d	a	1		undefined SetMissTurn(Mg1402Player * this, undefined4 param_1)
710001ad20	16	SetMissTurn	mg1402::Mg1402Player::Impl	d	a	1		undefined SetMissTurn(Impl * this, undefined4 param_1)
710001ad30	1	SetActionName	actor::ComActor	a	a	0		undefined SetActionName(ActorHashedString * param_1, bool param_2)
710001ad40	16	GetFxTrigger	<EXTERNAL>::bq::ComMatter	d	a	1		undefined GetFxTrigger(void)
710001ad50	16	Create	<EXTERNAL>::ca::ui::CaComUiUserName	d	a	1		undefined Create(HandlePtr * param_1)
710001ad60	16	SafeCreate<bq::ComUi,nn::bezel::HandlePtr<nn::bezel::Entity>const&,char_const(&)[21],char_const(&)[20]>	bex::ComponentUtil	d	a	1		WeakHandle SafeCreate<bq::ComUi,nn::bezel::HandlePtr<nn::bezel::Entity>const&,char_const(&)[21],char_const(&)[20]>(long * param_1_00, ComponentUtil * this, char * param_3, char * param_4)
710001ad70	16	GetComponent<bq::ComMatter>	nn::bezel::Entity	d	a	1		WeakHandle GetComponent<bq::ComMatter>(long * param_1, long param_2)
710001ad80	16	ComUi	<EXTERNAL>::bq::ComUi	d	a	1		undefined ComUi(ComUi * this, HandlePtr * param_1, basic_string_view * param_2, basic_string_view * param_3)
710001ad90	16	GetRecommendLocalControl	<EXTERNAL>::ca::kb::WorkArea	d	a	1		undefined GetRecommendLocalControl(PlayerID param_1)
710001ada0	16	RotateBody	mg1402::Mg1402Player::Impl	d	a	1		undefined RotateBody(Impl * this, uint param_1)
710001adb0	16	IsInGame	mg1402::Mg1402Sequence	d	a	1		uint IsInGame(Mg1402Sequence * this)
710001adc0	16	OpenBroadcastAnswer	mg1402::Mg1402Sequence	d	a	1		undefined OpenBroadcastAnswer(long param_1, undefined4 * param_2, undefined4 param_3, undefined4 param_4)
710001add0	16	IsFeintStoping	mg1402::Mg1402Sequence	d	a	1		undefined1 IsFeintStoping(Mg1402Sequence * this)
710001ade0	16	IsHoldUp	<EXTERNAL>::bex::InputModule	d	a	1		undefined IsHoldUp(PlayerID param_1)
710001adf0	16	IsHoldDown	<EXTERNAL>::bex::InputModule	d	a	1		undefined IsHoldDown(PlayerID param_1)
710001ae00	16	IsHoldLeft	<EXTERNAL>::bex::InputModule	d	a	1		undefined IsHoldLeft(PlayerID param_1)
710001ae10	16	IsHoldRight	<EXTERNAL>::bex::InputModule	d	a	1		undefined IsHoldRight(PlayerID param_1)
710001ae20	16	GetAnswerDirection	mg1402::Mg1402Sequence	d	a	1		undefined4 GetAnswerDirection(Mg1402Sequence * this)
710001ae30	16	GetPlayerType	<EXTERNAL>::bq::PlayerWork	d	a	1		undefined GetPlayerType(void)
710001ae40	16	GetRotation	<EXTERNAL>::actor::ComActor	d	a	1		undefined GetRotation(void)
710001ae50	16	GetPosition	<EXTERNAL>::actor::ComActor	d	a	1		undefined GetPosition(void)
710001ae60	16	SetRotation	<EXTERNAL>::actor::ComActor	d	a	1		undefined SetRotation(Quaternion * param_1)
710001ae70	16	OnFalseAnswer	mg1402::Mg1402Sequence	d	a	1		undefined OnFalseAnswer(long param_1, uint param_2)
710001ae80	16	OnTrueAnswer	mg1402::Mg1402Sequence	d	a	1		undefined OnTrueAnswer(Mg1402Sequence * this, uint param_1)
710001ae90	16	Create	<EXTERNAL>::ca::ui::CaComUiPerfectTelop	d	a	1		undefined Create(HandlePtr * param_1, MG_TYPE param_2)
710001aea0	16	Mg1402Player	mg1402::Mg1402Player	d	a	1		undefined Mg1402Player(Mg1402Player * this)
710001aeb0	16	Scene	mg1402::Scene	d	a	1		undefined Scene(Scene * this)
710001aec0	16	getStaticTypeinfo	<EXTERNAL>::ca::kbm::MinigameScene	d	a	1		undefined getStaticTypeinfo(void)
710001aed0	16	getStaticTypeinfo	<EXTERNAL>::bex::SceneParamBase	d	a	1		undefined getStaticTypeinfo(void)
710001aee0	16	Property	<EXTERNAL>::rtti::Property	d	a	1		undefined Property(Property * this, char * param_1, char * param_2, uint param_3, void * param_4, Type * param_5, int param_6, int param_7, int param_8)
710001aef0	16	Property	<EXTERNAL>::rtti::Property	d	a	1		undefined Property(Property * this, char * param_1, char * param_2, uint param_3, void * param_4, Value * param_5, uint param_6, uchar param_7)
710001af00	16	MinigameScene	<EXTERNAL>::ca::kbm::MinigameScene	d	a	1		undefined MinigameScene(MinigameScene * this)
710001af10	16	AddLoadArchive	<EXTERNAL>::bex::GameScene	d	a	1		undefined AddLoadArchive(char * param_1)
710001af20	16	~MinigameScene	<EXTERNAL>::ca::kbm::MinigameScene	d	a	1		undefined ~MinigameScene(MinigameScene * this)
710001af30	16	~Scene	mg1402::Scene	d	a	1		undefined ~Scene(Scene * this)
710001af40	16	Mg1402Sequence	mg1402::Mg1402Sequence	d	a	1		undefined Mg1402Sequence(Mg1402Sequence * this)
710001af50	16	Setup	mg1402::Mg1402Sequence	d	a	1		undefined Setup(undefined1[16] param_1_00, undefined1[16] param_2, undefined1[16] param_3, undefined1[16] param_4, Mg1402Sequence * this, undefined8 param_6)
710001af60	16	Initialize	mg1402::Mg1402Sequence	d	a	1		undefined Initialize(Mg1402Sequence * this)
710001af70	16	OnGameInit	mg1402::Mg1402Sequence	d	a	1		bool OnGameInit(Mg1402Sequence * this)
710001af80	16	IsSequenceFirst	<EXTERNAL>::ca::kbm::MinigameScene	d	a	1		undefined IsSequenceFirst(void)
710001af90	16	OnGameInstInit	mg1402::Mg1402Sequence	d	a	1		undefined8 OnGameInstInit(Mg1402Sequence * this)
710001afa0	16	StartOpeningDemo	mg1402::Mg1402Sequence	d	a	1		undefined StartOpeningDemo(Mg1402Sequence * this)
710001afb0	16	OnGameOpening	mg1402::Mg1402Sequence	d	a	1		undefined OnGameOpening(Mg1402Sequence * this)
710001afc0	16	OnGameOpeningSkip	mg1402::Mg1402Sequence	d	a	1		undefined8 OnGameOpeningSkip(Mg1402Sequence * this)
710001afd0	16	OnGameStartBefore	mg1402::Mg1402Sequence	d	a	1		undefined8 OnGameStartBefore(Mg1402Sequence * this)
710001afe0	16	OnGameStart	mg1402::Mg1402Sequence	d	a	1		undefined8 OnGameStart(Mg1402Sequence * this)
710001aff0	16	StartGame	mg1402::Mg1402Sequence	d	a	1		undefined StartGame(Mg1402Sequence * this)
710001b000	16	OnGameStartAfter	mg1402::Mg1402Sequence	d	a	1		undefined8 OnGameStartAfter(void)
710001b010	16	OnGameMain	mg1402::Mg1402Sequence	d	a	1		undefined OnGameMain(Mg1402Sequence * this, ulong param_1)
710001b020	16	StartFinish	mg1402::Mg1402Sequence	d	a	1		undefined StartFinish(Mg1402Sequence * this)
710001b030	16	OnGameEnd	mg1402::Mg1402Sequence	d	a	1		undefined8 OnGameEnd(Mg1402Sequence * this)
710001b040	16	OnGameFinish	mg1402::Mg1402Sequence	d	a	1		bool OnGameFinish(Mg1402Sequence * this)
710001b050	16	OnGameEndingBefore	mg1402::Mg1402Sequence	d	a	1		bool OnGameEndingBefore(undefined1[16] param_1, undefined1[16] param_2, undefined1[16] param_3, undefined1[16] param_4, Mg1402Sequence * this)
710001b060	16	OnGameEnding	mg1402::Mg1402Sequence	d	a	1		bool OnGameEnding(Mg1402Sequence * this)
710001b070	16	OnGameEndingAfter	mg1402::Mg1402Sequence	d	a	1		undefined8 OnGameEndingAfter(void)
710001b080	16	~Mg1402Sequence	mg1402::Mg1402Sequence	d	a	1		undefined ~Mg1402Sequence(Mg1402Sequence * this)
710001b090	16	Setup	mg1402::Mg1402Sequence::Impl	d	a	1		undefined Setup(undefined1[16] param_1_00, undefined1[16] param_2, undefined1[16] param_3, undefined1[16] param_4, Impl * this, undefined8 param_6)
710001b0a0	16	Mg1402WorldManager	mg1402::Mg1402WorldManager	d	a	1		undefined Mg1402WorldManager(Mg1402WorldManager * this)
710001b0b0	16	SplitStart	mg1402::Mg1402WorldManager	d	a	1		undefined SplitStart(Mg1402WorldManager * this)
710001b0c0	16	CreateRoundLamp	mg1402::Mg1402Sequence::Impl	d	a	1		undefined CreateRoundLamp(undefined1[16] param_1, undefined1[16] param_2, undefined1[16] param_3, undefined1[16] param_4, Impl * this)
710001b0d0	16	Mg1402ResultWorld	mg1402::Mg1402ResultWorld	d	a	1		undefined Mg1402ResultWorld(Mg1402ResultWorld * this)
710001b0e0	16	SetVisible	mg1402::Mg1402ResultWorld	d	a	1		undefined SetVisible(long param_1)
710001b0f0	16	AddComponent<ca::kb::ui::UiMgResult,bq::MinigameID,(void*)0>	nn::bezel::Entity	d	a	1		WeakHandle AddComponent<ca::kb::ui::UiMgResult,bq::MinigameID,(void*)0>(long * param_1_00, HandlePtr * param_2, undefined4 * param_3)
710001b100	16	AddComponent<ca::kb::ui::UiMgScoreRank,bq::MinigameID,(void*)0>	nn::bezel::Entity	d	a	1		WeakHandle AddComponent<ca::kb::ui::UiMgScoreRank,bq::MinigameID,(void*)0>(long * param_1_00, HandlePtr * param_2, undefined4 * param_3)
710001b110	16	SetRecord	<EXTERNAL>::ca::kb::ui::UiMgScoreRank	d	a	1		undefined SetRecord(int param_1)
710001b120	16	IsFinishdSplit	mg1402::Mg1402WorldManager	d	a	1		undefined8 IsFinishdSplit(Mg1402WorldManager * this)
710001b130	16	Create	mg1402::Mg1402WorldManager	d	a	1		undefined Create(Mg1402WorldManager * this)
710001b140	16	OnGameOpening	mg1402::Mg1402Sequence::Impl	d	a	1		undefined8 OnGameOpening(Impl * this)
710001b150	16	OnStartSlot	mg1402::Mg1402WorldManager	d	a	1		undefined OnStartSlot(Mg1402WorldManager * this)
710001b160	16	GetAnswerTime	mg1402::Mg1402Sequence::Impl	d	a	1		float GetAnswerTime(Impl * this)
710001b170	16	SetCurrentLater	<EXTERNAL>::ca::kb::ut::TickAlarm	d	a	1		undefined SetCurrentLater(int param_1)
710001b180	16	IsEnd	<EXTERNAL>::ca::kb::ut::TickAlarm	d	a	1		undefined IsEnd(void)
710001b190	16	IsAllWorldAnswered	mg1402::Mg1402WorldManager	d	a	1		byte IsAllWorldAnswered(Mg1402WorldManager * this)
710001b1a0	16	ChangeResultFace	mg1402::Mg1402WorldManager	d	a	1		undefined ChangeResultFace(Mg1402WorldManager * this, ulong param_1)
710001b1b0	16	SetReelsIdle	mg1402::Mg1402WorldManager	d	a	1		undefined SetReelsIdle(Mg1402WorldManager * this, ulong param_1)
710001b1c0	16	OnEnableAnswer	mg1402::Mg1402WorldManager	d	a	1		undefined OnEnableAnswer(Mg1402WorldManager * this)
710001b1d0	16	OnGameMain	mg1402::Mg1402Sequence::Impl	d	a	1		undefined8 OnGameMain(Impl * this, ulong param_1)
710001b1e0	16	SetScore	<EXTERNAL>::ca::kb::ui::UiMgScoreRank	d	a	1		undefined SetScore(int param_1)
710001b1f0	16	SetPlace	<EXTERNAL>::ca::kb::ui::UiMgScoreRank	d	a	1		undefined SetPlace(LytPlace param_1)
710001b200	16	In	<EXTERNAL>::ca::kb::ui::UiMgScoreRank	d	a	1		undefined In(void)
710001b210	16	GetDiffTick	<EXTERNAL>::ca::kb::ut::TickAlarm	d	a	1		undefined GetDiffTick(void)
710001b220	16	UpSlotLevel	mg1402::Mg1402WorldManager	d	a	1		undefined UpSlotLevel(Mg1402WorldManager * this)
710001b230	16	ResetSlotLevel	mg1402::Mg1402WorldManager	d	a	1		undefined ResetSlotLevel(Mg1402WorldManager * this)
710001b240	16	SafeLock	nn::bezel::WeakHandle<bex::sound::SoundHandle>	d	a	1		undefined SafeLock(long * param_1, long * param_2)
710001b250	16	Out	<EXTERNAL>::ca::kb::ui::UiMgScoreRank	d	a	1		undefined Out(void)
710001b260	16	OnGameEndingBefore	mg1402::Mg1402Sequence::Impl	d	a	1		bool OnGameEndingBefore(undefined1[16] param_1, undefined1[16] param_2, undefined1[16] param_3, undefined1[16] param_4, Impl * this)
710001b270	16	ShowPerfectTelop	mg1402::Mg1402WorldManager	d	a	1		uint ShowPerfectTelop(Mg1402WorldManager * this)
710001b280	16	SetMinigameClearScore	<EXTERNAL>::ca::kb::WorkArea	d	a	1		undefined SetMinigameClearScore(int param_1)
710001b290	16	GetRank	<EXTERNAL>::ca::kb::MgRankData	d	a	1		undefined GetRank(int param_1)
710001b2a0	16	SetMinigameClearGrade	<EXTERNAL>::ca::kb::WorkArea	d	a	1		undefined SetMinigameClearGrade(GameClearGrade param_1, bool param_2)
710001b2b0	16	FadeOut	<EXTERNAL>::bq::WipeModule	d	a	1		undefined FadeOut(WipeType param_1, float param_2)
710001b2c0	16	IsPlayingFadeAnim	<EXTERNAL>::bq::WipeModule	d	a	1		undefined IsPlayingFadeAnim(void)
710001b2d0	16	ApplyResultWorld	mg1402::Mg1402Sequence::Impl	d	a	1		undefined ApplyResultWorld(undefined1[16] param_1, undefined1[16] param_2, undefined1[16] param_3, undefined1[16] param_4, Impl * this)
710001b2e0	16	TryResultGradeJingle_Start	<EXTERNAL>::ca::kbm	d	a	1		undefined TryResultGradeJingle_Start(void)
710001b2f0	16	FadeIn	<EXTERNAL>::bq::WipeModule	d	a	1		undefined FadeIn(WipeType param_1, float param_2)
710001b300	16	SetResultAction	mg1402::Mg1402WorldManager	d	a	1		undefined SetResultAction(long param_1)
710001b310	16	ShowResultUI	mg1402::Mg1402Sequence::Impl	d	a	1		undefined ShowResultUI(Impl * this)
710001b320	16	IsFinishedMgClearGradeSync	<EXTERNAL>::ca::kb::WorkArea	d	a	1		undefined IsFinishedMgClearGradeSync(void)
710001b330	16	OnGameEnding	mg1402::Mg1402Sequence::Impl	d	a	1		bool OnGameEnding(Impl * this)
710001b340	16	IsCalledMinigame	<EXTERNAL>::ca::kb::WorkArea	d	a	1		undefined IsCalledMinigame(void)
710001b350	16	ItemSelectCamera	mg1402::Mg1402WorldManager	d	a	1		undefined ItemSelectCamera(Mg1402WorldManager * this)
710001b360	16	IsEnd	<EXTERNAL>::ca::kb::ui::UiMgResult	d	a	1		undefined IsEnd(void)
710001b370	16	Out	<EXTERNAL>::ca::kb::ui::UiMgResult	d	a	1		undefined Out(void)
710001b380	16	OnStopSlot	mg1402::Mg1402Sequence::Impl	d	a	1		undefined OnStopSlot(Impl * this)
710001b390	16	Stop_Preset	<EXTERNAL>::bex::sound::SoundHandle	d	a	1		undefined Stop_Preset(FadeTimePreset param_1)
710001b3a0	16	OnTrueAnswer	mg1402::Mg1402Sequence::Impl	d	a	1		undefined OnTrueAnswer(Impl * this, uint param_1)
710001b3b0	16	OnTrueBg	mg1402::Mg1402WorldManager	d	a	1		undefined OnTrueBg(Mg1402WorldManager * this, int param_1)
710001b3c0	16	OnFalseBg	mg1402::Mg1402WorldManager	d	a	1		undefined OnFalseBg(Mg1402WorldManager * this, int param_1)
710001b3d0	16	GetResultPlayerPos	mg1402::Mg1402ResultWorld	d	a	1		undefined GetResultPlayerPos(undefined1[16] param_1_00, undefined1[16] param_2, undefined1[16] param_3, undefined1[16] param_4, Mg1402ResultWorld * this, int param_6)
710001b3e0	16	BroadcastAnswer	mg1402::Mg1402Sequence::Impl	d	a	1		undefined BroadcastAnswer(Impl * this, void * param_1, undefined4 param_2, undefined4 param_3)
710001b3f0	16	PlaySlotFxTrigger	mg1402::Mg1402WorldManager	d	a	1		undefined PlaySlotFxTrigger(Mg1402WorldManager * this)
710001b400	16	StopSlotFxTrigger	mg1402::Mg1402WorldManager	d	a	1		undefined StopSlotFxTrigger(Mg1402WorldManager * this)
710001b410	16	~Impl	mg1402::Mg1402Sequence::Impl	d	a	1		undefined ~Impl(Impl * this)
710001b420	16	__push_back_slow_path<std::unique_ptr<mg1402::Mg1402Model,std::default_delete<mg1402::Mg1402Model>>>	std::vector<std::unique_ptr<mg1402::Mg1402Model,std::default_delete<mg1402::Mg1402Model>>,bex::HeapModule::Allocator_vector<std::unique_ptr<mg1402::Mg1402Model,std::default_delete<mg1402::Mg1402Model>>>>	d	a	1		void __push_back_slow_path<std::unique_ptr<mg1402::Mg1402Model,std::default_delete<mg1402::Mg1402Model>>>(vector<std::unique_ptr<mg1402::Mg1402Model,std::default_delete<mg1402::Mg1402Model>>,bex::HeapModule::Allocator_vector<std::unique_ptr<mg1402::Mg1402Model,std::default_delete<mg1402::Mg1402Model>>>> * this, long * param_1)
710001b430	16	operator.delete	<EXTERNAL>	d	a	1		void operator.delete(void * param_1, ulong param_2, HeapID param_3)
710001b440	16	Create	<EXTERNAL>::ca::kb::ui::UiMgResult	d	a	1		undefined Create(HandlePtr * param_1, MinigameID param_2)
710001b450	16	Create	<EXTERNAL>::ca::kb::ui::UiMgScoreRank	d	a	1		undefined Create(HandlePtr * param_1, MinigameID param_2)
710001b460	16	RPCArgDeserializeHelper_Struct	<EXTERNAL>::ca::kb	d	a	1		undefined RPCArgDeserializeHelper_Struct(RPCArgumentsRecvPack * param_1, void * param_2, ulong param_3)
710001b470	16	ForceAnswer	mg1402::Mg1402WorldManager	d	a	1		undefined ForceAnswer(Mg1402WorldManager * this, int param_1, uint param_2, int param_3)
710001b480	16	SetResultWorld	mg1402::Mg1402WorldManager	d	a	1		undefined SetResultWorld(undefined1[16] param_1, undefined1[16] param_2, undefined1[16] param_3, undefined1[16] param_4, Mg1402WorldManager * this)
710001b490	16	GetComCamera	mg1402::Mg1402ResultWorld	d	a	1		undefined GetComCamera(long * param_1, long param_2)
710001b4a0	16	PlayBgMotion	mg1402::Mg1402ResultWorld	d	a	1		undefined PlayBgMotion(Mg1402ResultWorld * this)
710001b4b0	16	SetScore	<EXTERNAL>::ca::kb::ui::UiMgResult	d	a	1		undefined SetScore(int param_1)
710001b4c0	16	SetPosType	<EXTERNAL>::ca::kb::ui::UiMgResult	d	a	1		undefined SetPosType(POS_TYPE param_1)
710001b4d0	16	In	<EXTERNAL>::ca::kb::ui::UiMgResult	d	a	1		undefined In(void)
710001b4e0	16	Reset	<EXTERNAL>::ca::kb::RPCArgumentsSendPack	d	a	1		undefined Reset(uint param_1, ushort param_2)
710001b4f0	16	RPCArgSerializeHelper_Struct	<EXTERNAL>::ca::kb	d	a	1		undefined RPCArgSerializeHelper_Struct(RPCArgumentsSendPack * param_1, void * param_2, ulong param_3)
710001b500	16	RPCSerializeSend	<EXTERNAL>::ca::kb	d	a	1		undefined RPCSerializeSend(enRPCSendStyle param_1, RPCArgumentsSendPack * param_2)
710001b510	16	ResetCurrentGraphicsLayer	<EXTERNAL>::bq::mgut	d	a	1		undefined ResetCurrentGraphicsLayer(void)
710001b520	16	~Mg1402WorldManager	mg1402::Mg1402WorldManager	d	a	1		undefined ~Mg1402WorldManager(Mg1402WorldManager * this)
710001b530	16	Create	mg1402::Mg1402WorldManager::Impl	d	a	1		undefined Create(Impl * this)
710001b540	16	Mg1402World	mg1402::Mg1402World	d	a	1		undefined Mg1402World(Mg1402World * this)
710001b550	16	SplitStart	mg1402::Mg1402WorldManager::Impl	d	a	1		undefined SplitStart(Impl * this)
710001b560	16	AddComponent<bq::ComSplitScreen,,(void*)0>	nn::bezel::Entity	d	a	1		WeakHandle AddComponent<bq::ComSplitScreen,,(void*)0>(long * param_1, HandlePtr * param_2)
710001b570	16	SplitTo	<EXTERNAL>::bq::SplitScreenLayerList	d	a	1		undefined SplitTo(int param_1, int param_2, int param_3, float param_4)
710001b580	16	IsFinished	<EXTERNAL>::bq::SplitScreenLayerList	d	a	1		undefined IsFinished(void)
710001b590	16	ItemSelectCamera	mg1402::Mg1402WorldManager::Impl	d	a	1		undefined ItemSelectCamera(Impl * this)
710001b5a0	16	SetParam	<EXTERNAL>::bq::SplitScreenLayerList	d	a	1		undefined SetParam(SplitScreenParam * param_1, int param_2)
710001b5b0	16	OnEnableAnswer	mg1402::Mg1402WorldManager::Impl	d	a	1		undefined OnEnableAnswer(Impl * this)
710001b5c0	16	OnTrueBg	mg1402::Mg1402WorldManager::Impl	d	a	1		undefined OnTrueBg(Impl * this, int param_1)
710001b5d0	16	ChangeResultFace	mg1402::Mg1402WorldManager::Impl	d	a	1		undefined ChangeResultFace(Impl * this, ulong param_1)
710001b5e0	16	SetResultWorld	mg1402::Mg1402WorldManager::Impl	d	a	1		undefined SetResultWorld(undefined1[16] param_1, undefined1[16] param_2, undefined1[16] param_3, undefined1[16] param_4, Impl * this)
710001b5f0	16	TryGetExtension<bex::gfx::GraphicsLayerExtension>	nn::bezel::GraphicsLayer	d	a	1		undefined8 TryGetExtension<bex::gfx::GraphicsLayerExtension>(GraphicsLayer * this)
710001b600	16	SetColorRenderTargetClearFlag	<EXTERNAL>::bex::gfx::GraphicsLayerExtension	d	a	1		undefined SetColorRenderTargetClearFlag(bool param_1)
710001b610	16	SetDepthRenderTargetClearFlag	<EXTERNAL>::bex::gfx::GraphicsLayerExtension	d	a	1		undefined SetDepthRenderTargetClearFlag(bool param_1)
710001b620	16	SetResultAction	mg1402::Mg1402WorldManager::Impl	d	a	1		undefined SetResultAction(long param_1)
710001b630	16	~Mg1402World	mg1402::Mg1402World	d	a	1		undefined ~Mg1402World(Mg1402World * this)
710001b640	16	Setup	mg1402::Mg1402World::Impl	d	a	1		undefined Setup(Impl * this, uint param_1)
710001b650	16	~Mg1402ResultWorld	mg1402::Mg1402ResultWorld	d	a	1		undefined ~Mg1402ResultWorld(Mg1402ResultWorld * this)
710001b660	16	Setup	mg1402::Mg1402ResultWorld::Impl	d	a	1		undefined Setup(Impl * this)
710001b670	16	GetResultPlayerPos	mg1402::Mg1402ResultWorld::Impl	d	a	1		ulong GetResultPlayerPos(undefined1[16] param_1_00, undefined1[16] param_2, undefined1[16] param_3, undefined1[16] param_4, Impl * this, int param_6)
710001b680	16	to_string<int>	bex	d	a	1		basic_string to_string<int>(long * param_1_00, int param_2)
710001b690	16	GetComCamera	mg1402::Mg1402ResultWorld::Impl	d	a	1		undefined GetComCamera(long * param_1, long param_2)
710001b6a0	16	~Impl	mg1402::Mg1402WorldManager::Impl	d	a	1		undefined ~Impl(Impl * this)
710001b6b0	16	Wait	<EXTERNAL>::bex::Fiber	d	a	1		undefined Wait(void)
710001b6c0	16	SafeCreate<bq::ComSplitScreen,nn::bezel::HandlePtr<nn::bezel::Entity>const&>	bex::ComponentUtil	d	a	1		WeakHandle SafeCreate<bq::ComSplitScreen,nn::bezel::HandlePtr<nn::bezel::Entity>const&>(long * param_1, ComponentUtil * this)
710001b6d0	16	ComSplitScreen	<EXTERNAL>::bq::ComSplitScreen	d	a	1		undefined ComSplitScreen(ComSplitScreen * this, HandlePtr * param_1)
710001b6e0	16	Allocate	<EXTERNAL>::nn::bezel::detail::TypeIdGenerator	d	a	1		undefined Allocate(TypeDesc * param_1)
710001b6f0	16	Deallocate	<EXTERNAL>::nn::bezel::detail::TypeIdGenerator	d	a	1		undefined Deallocate(TypeDesc * param_1, int param_2)
710001b700	16	~Impl	mg1402::Mg1402World::Impl	d	a	1		undefined ~Impl(Impl * this)
710001b710	16	operator<<	<EXTERNAL>::std::ostream	d	a	1		undefined operator<<(ostream * this, int param_1)
7100050000	1	__nnmusl_init_dso	<EXTERNAL>	d	d	1		undefined __nnmusl_init_dso()
7100051000	1	ProtectRelro	nn::ro	a	a	0		undefined ProtectRelro(void * param_1, void * param_2, void * param_3, void * param_4, void * param_5)
7100052000	1	__nnmusl_fini_dso	<EXTERNAL>	d	d	1		undefined __nnmusl_fini_dso()
7100053000	1	__cxa_guard_acquire	<EXTERNAL>	d	d	1		undefined __cxa_guard_acquire()
7100055000	1	__cxa_guard_release	<EXTERNAL>	d	d	1		undefined __cxa_guard_release()
71000ac000	1	operator.new	<EXTERNAL>	d	a	1		void * operator.new(ulong param_1, ulong param_2, HeapID param_3)
71000ad000	1	AbortImpl	<EXTERNAL>::nn::diag::detail	d	a	1		undefined AbortImpl(void)
71000ae000	1	MiniRand	<EXTERNAL>::ca::kb::MiniRand	d	a	1		undefined MiniRand(MiniRand * this)
71000af000	1	Get	<EXTERNAL>::ca::kb::WorkArea	d	a	1		undefined Get(void)
71000b0000	1	GetRandomSeedChannel	<EXTERNAL>::ca::kb::WorkArea	d	a	1		undefined GetRandomSeedChannel(uint param_1)
71000b1000	1	operator.delete	<EXTERNAL>	d	a	1		void operator.delete(void * param_1)
71000b2000	1	IsAttached	<EXTERNAL>::bex::sound::SoundHandle	d	a	1		undefined IsAttached(void)
71000b3000	1	Stop	<EXTERNAL>::bex::sound::SoundHandle	d	a	1		undefined Stop(void)
71000b4000	1	__cxa_begin_catch	<EXTERNAL>	d	d	1		undefined __cxa_begin_catch()
71000b5000	1	terminate	<EXTERNAL>::std	d	a	1		undefined terminate(void)
71000b6000	1	RandRangeF	<EXTERNAL>::ca::kb::MiniRand	d	a	1		undefined RandRangeF(float param_1, float param_2)
71000b7000	1	RandRange	<EXTERNAL>::ca::kb::MiniRand	d	a	1		undefined RandRange(int param_1, int param_2)
71000b8000	1	Free	<EXTERNAL>::bex::HeapModule	d	a	1		undefined Free(void * param_1)
71000b9000	1	snprintf	<EXTERNAL>	d	i	1		int snprintf(char * __s, size_t __maxlen, char * __format, ...)
71000ba000	1	fmodf	<EXTERNAL>	d	i	1		float fmodf(float __x, float __y)
71000bb000	1	modff	<EXTERNAL>	d	i	1		float modff(float __x, float * __iptr)
71000bc000	1	Rand	<EXTERNAL>::ca::kb::MiniRand	d	a	1		undefined Rand(void)
71000c3000	1	GetDeltaTime	<EXTERNAL>::bex::MainModule	d	a	1		undefined GetDeltaTime(void)
71000c4000	1	GetElapsedRate	<EXTERNAL>::ca::kb::ut::TickPeriod	d	a	1		undefined GetElapsedRate(void)
71000c5000	1	IsEnd	<EXTERNAL>::ca::kb::ut::TickPeriod	d	a	1		undefined IsEnd(void)
71000c7000	1	Play	<EXTERNAL>::bex::sound::SoundModule	d	a	1		undefined Play(char * param_1, float param_2, char * param_3)
71000c8000	1	SetBeginCurrent	<EXTERNAL>::ca::kb::ut::TickPeriod	d	a	1		undefined SetBeginCurrent(void)
71000c9000	1	Create	<EXTERNAL>::bex::Effect	d	a	1		undefined Create(basic_string_view * param_1)
71000ca000	1	SetPosition	<EXTERNAL>::bex::Effect	d	a	1		undefined SetPosition(Vector3f * param_1)
71000cb000	1	SetLayerVisibilityBit	<EXTERNAL>::bex::Effect	d	a	1		undefined SetLayerVisibilityBit(uint param_1)
71000cc000	1	Start	<EXTERNAL>::bex::Effect	d	a	1		undefined Start(bool param_1)
71000cd000	1	SafeGetFxTrigger	<EXTERNAL>::bq::ComMatter	d	a	1		undefined SafeGetFxTrigger(void)
71000ce000	1	Play	<EXTERNAL>::bex::ComFxTrigger	d	a	1		undefined Play(basic_string_view * param_1)
71000d0000	1	CreateSceneEntity	<EXTERNAL>::ca::util	d	a	1		undefined CreateSceneEntity(basic_string_view * param_1, bool param_2)
71000d1000	1	GetSequence	<EXTERNAL>::bex::GameScene	d	a	1		undefined GetSequence(void)
71000d2000	1	GetGfxSceneType	<EXTERNAL>::bex::Scene	d	a	1		undefined GetGfxSceneType(uint param_1)
71000d4000	1	GetScene	<EXTERNAL>::bex::gfx::RendererModule	d	a	1		undefined GetScene(SceneType param_1)
71000d5000	1	GetGraphicsLayer	<EXTERNAL>::bex::gfx::Scene	d	a	1		undefined GetGraphicsLayer(int param_1)
71000d6000	1	GetCamera	<EXTERNAL>::nn::bezel::ComCamera	d	a	1		undefined GetCamera(void)
71000d7000	1	SetCamera	<EXTERNAL>::nn::bezel::GraphicsLayer	d	a	1		undefined SetCamera(WeakHandle * param_1)
71000d8000	1	AddAnimation	<EXTERNAL>::actor::ComActorMotion	d	a	1		undefined AddAnimation(StringViewHashPair * param_1, basic_string_view * param_2, bool param_3, AnimatinType param_4, bool param_5, bool param_6)
71000d9000	1	Play	<EXTERNAL>::actor::ComActorMotion	d	a	1		undefined Play(StringViewHashPair * param_1)
71000da000	1	Create	<EXTERNAL>::nn::bezel::ComCamera	d	a	1		undefined Create(HandlePtr * param_1)
71000db000	1	_internalCheckComponentValidity	<EXTERNAL>::nn::bezel::Entity	d	a	1		undefined _internalCheckComponentValidity(HandlePtr * param_1)
71000dc000	1	AddComponentImpl	<EXTERNAL>::nn::bezel::Entity	d	a	1		undefined AddComponentImpl(HandlePtr * param_1)
71000dd000	1	Create	<EXTERNAL>::actor::ComActorMotion	d	a	1		undefined Create(HandlePtr * param_1)
71000de000	1	getRootTypeinfo	<EXTERNAL>::rtti::Typeinfo	d	a	1		undefined getRootTypeinfo(void)
71000df000	1	Typeinfo	<EXTERNAL>::rtti::Typeinfo	d	a	1		undefined Typeinfo(Typeinfo * this, Typeinfo * param_1, char * param_2, char * param_3, _func_Property_ptr * param_4, _func_void_ptr * param_5, _func_void_void_ptr * param_6, uint param_7, uint param_8, _func_void_void_ptr_Property_ptr_PropertyList_ptr * param_9, _func_bool_void_ptr_Property_ptr_Typeinfo_ptr_uint * param_10)
71000e0000	1	~Typeinfo	<EXTERNAL>::rtti::Typeinfo	d	a	1		undefined ~Typeinfo(Typeinfo * this)
71000e1000	1	Property	<EXTERNAL>::rtti::Property	d	a	1		undefined Property(Property * this, char * param_1, char * param_2, uint param_3, void * param_4, Type * param_5)
71000e2000	1	Property	<EXTERNAL>::rtti::Property	d	a	1		undefined Property(Property * this)
71000e3000	1	operator.new	<EXTERNAL>	d	a	1		void * operator.new(ulong param_1)
71000e4000	1	checkGuiPropDefault	<EXTERNAL>::rtti::Typeinfo	d	a	1		undefined checkGuiPropDefault(void * param_1, Property * param_2, PropertyList * param_3)
71000e5000	1	createGuiPropDefault	<EXTERNAL>::rtti::Typeinfo	d	a	1		undefined createGuiPropDefault(void * param_1, Property * param_2, Typeinfo * param_3, uint param_4)
71000e6000	1	JsonReader	<EXTERNAL>::nn::bezel::JsonReader	d	a	1		undefined JsonReader(JsonReader * this)
71000e7000	1	ParseFromAsset	<EXTERNAL>::bq::DataBaseJsonReader	d	a	1		undefined ParseFromAsset(char * param_1, bool param_2)
71000e8000	1	~DataBaseJsonReader	<EXTERNAL>::bq::DataBaseJsonReader	d	a	1		undefined ~DataBaseJsonReader(DataBaseJsonReader * this)
71000ea000	1	strlen	<EXTERNAL>	d	i	1		size_t strlen(char * __s)
71000eb000	1	BeginArray	<EXTERNAL>::nn::bezel::JsonReader	d	a	1		undefined BeginArray(basic_string_view param_1)
71000ec000	1	GetArraySize	<EXTERNAL>::nn::bezel::JsonReader	d	a	1		undefined GetArraySize(void)
71000ed000	1	EndArray	<EXTERNAL>::nn::bezel::JsonReader	d	a	1		undefined EndArray(void)
71000ee000	1	DeserializeRTTI_	<EXTERNAL>::bq::DataBaseJsonReader	d	a	1		undefined DeserializeRTTI_(int param_1, void * param_2, Typeinfo * param_3)
71000ef000	1	Alloc	<EXTERNAL>::bex::HeapModule	d	a	1		undefined Alloc(HeapID param_1, ulong param_2, int param_3, char * param_4, int param_5, char * param_6, char * param_7)
71000f0000	1	memset	<EXTERNAL>	d	i	1		void * memset(void * __s, int __c, size_t __n)
71000f1000	1	__cxa_allocate_exception	<EXTERNAL>	d	d	1		undefined __cxa_allocate_exception()
71000f2000	1	~length_error	<EXTERNAL>::std::length_error	d	a	1		undefined ~length_error(length_error * this)
71000f3000	1	__cxa_throw	<EXTERNAL>	d	d	1		undefined __cxa_throw()
71000f4000	1	__cxa_free_exception	<EXTERNAL>	d	d	1		undefined __cxa_free_exception()
71000f5000	1	_Unwind_Resume	<EXTERNAL>	d	d	1		undefined _Unwind_Resume()
71000f6000	1	logic_error	<EXTERNAL>::std::logic_error	d	a	1		undefined logic_error(logic_error * this, char * param_1)
71000fa000	1	Fiber	<EXTERNAL>::bex::Fiber	d	a	1		undefined Fiber(Fiber * this, int param_1, bool param_2)
71000fb000	1	In	<EXTERNAL>::bq::ComUiScore	d	a	1		undefined In(bool param_1)
71000fc000	1	SetScore	<EXTERNAL>::bq::ComUiScore	d	a	1		undefined SetScore(int param_1, bool param_2)
71000fd000	1	~Fiber	<EXTERNAL>::bex::Fiber	d	a	1		undefined ~Fiber(Fiber * this)
71000fe000	1	getStaticTypeinfo	<EXTERNAL>::bex::Fiber	d	a	1		undefined getStaticTypeinfo(void)
71000ff000	1	SetPlayerID	<EXTERNAL>::bq::ComUiScore	d	a	1		undefined SetPlayerID(PlayerID param_1)
