addr	size	name	namespace	namesrc	sigsrc	thunk	tags	signature
7100000080	12	nndetailRoGetRoDataStart		i	a	0		byte * nndetailRoGetRoDataStart(void)
7100000090	12	nndetailRoGetRoDataEnd		i	a	0		undefined * nndetailRoGetRoDataEnd(void)
71000000a0	352	_init		i	i	0		int _init(EVP_PKEY_CTX * ctx)
7100000200	144	_fini		i	a	0		undefined _fini(void)
7100000290	36	FUN_7100000290		d	a	0		undefined8 FUN_7100000290(long param_1)
7100000340	120	FUN_7100000340		d	a	0		undefined8 FUN_7100000340(undefined8 param_1, undefined8 param_2, long param_3)
71000003c0	184	FUN_71000003c0		d	a	0		undefined FUN_71000003c0(long param_1, ulong param_2, ulong param_3)
7100000480	88	FUN_7100000480		d	a	0		undefined FUN_7100000480(void)
71000004e0	80	FUN_71000004e0		d	a	0		undefined FUN_71000004e0(void)
7100000530	88	FUN_7100000530		d	a	0		undefined FUN_7100000530(void)
7100000590	88	FUN_7100000590		d	a	0		undefined FUN_7100000590(void)
71000005f0	80	FUN_71000005f0		d	a	0		undefined FUN_71000005f0(void)
7100000640	80	FUN_7100000640		d	a	0		undefined FUN_7100000640(void)
7100000690	88	FUN_7100000690		d	a	0		undefined FUN_7100000690(void)
71000006f0	88	FUN_71000006f0		d	a	0		undefined FUN_71000006f0(void)
7100000750	88	FUN_7100000750		d	a	0		undefined FUN_7100000750(void)
71000007b0	88	FUN_71000007b0		d	a	0		undefined FUN_71000007b0(void)
7100000810	88	FUN_7100000810		d	a	0		undefined FUN_7100000810(void)
7100000870	88	FUN_7100000870		d	a	0		undefined FUN_7100000870(void)
71000008d0	88	FUN_71000008d0		d	a	0		undefined FUN_71000008d0(void)
7100000930	88	FUN_7100000930		d	a	0		undefined FUN_7100000930(void)
7100000990	88	FUN_7100000990		d	a	0		undefined FUN_7100000990(void)
71000009f0	88	FUN_71000009f0		d	a	0		undefined FUN_71000009f0(void)
7100000a50	80	FUN_7100000a50		d	a	0		undefined FUN_7100000a50(void)
7100000aa0	80	FUN_7100000aa0		d	a	0		undefined FUN_7100000aa0(void)
7100000af0	80	FUN_7100000af0		d	a	0		undefined FUN_7100000af0(void)
7100000b40	80	FUN_7100000b40		d	a	0		undefined FUN_7100000b40(void)
7100000b90	88	FUN_7100000b90		d	a	0		undefined FUN_7100000b90(void)
7100000bf0	88	FUN_7100000bf0		d	a	0		undefined FUN_7100000bf0(void)
7100000c50	88	FUN_7100000c50		d	a	0		undefined FUN_7100000c50(void)
7100000cb0	88	FUN_7100000cb0		d	a	0		undefined FUN_7100000cb0(void)
7100000d10	88	FUN_7100000d10		d	a	0		undefined FUN_7100000d10(void)
7100000d70	88	FUN_7100000d70		d	a	0		undefined FUN_7100000d70(void)
7100000dd0	88	FUN_7100000dd0		d	a	0		undefined FUN_7100000dd0(void)
7100000e30	88	FUN_7100000e30		d	a	0		undefined FUN_7100000e30(void)
7100000e90	88	FUN_7100000e90		d	a	0		undefined FUN_7100000e90(void)
7100000ef0	88	FUN_7100000ef0		d	a	0		undefined FUN_7100000ef0(void)
7100000f50	88	FUN_7100000f50		d	a	0		undefined FUN_7100000f50(void)
7100000fb0	88	FUN_7100000fb0		d	a	0		undefined FUN_7100000fb0(void)
7100001010	88	FUN_7100001010		d	a	0		undefined FUN_7100001010(void)
7100001070	88	FUN_7100001070		d	a	0		undefined FUN_7100001070(void)
71000010d0	88	FUN_71000010d0		d	a	0		undefined FUN_71000010d0(void)
7100001130	88	FUN_7100001130		d	a	0		undefined FUN_7100001130(void)
7100001190	88	FUN_7100001190		d	a	0		undefined FUN_7100001190(void)
71000011f0	88	FUN_71000011f0		d	a	0		undefined FUN_71000011f0(void)
7100001250	88	FUN_7100001250		d	a	0		undefined FUN_7100001250(void)
71000012b0	88	FUN_71000012b0		d	a	0		undefined FUN_71000012b0(void)
7100001310	88	FUN_7100001310		d	a	0		undefined FUN_7100001310(void)
7100001370	88	FUN_7100001370		d	a	0		undefined FUN_7100001370(void)
71000013d0	88	FUN_71000013d0		d	a	0		undefined FUN_71000013d0(void)
7100001430	88	FUN_7100001430		d	a	0		undefined FUN_7100001430(void)
7100001490	88	FUN_7100001490		d	a	0		undefined FUN_7100001490(void)
71000014f0	88	FUN_71000014f0		d	a	0		undefined FUN_71000014f0(void)
7100001550	88	FUN_7100001550		d	a	0		undefined FUN_7100001550(void)
71000015b0	88	FUN_71000015b0		d	a	0		undefined FUN_71000015b0(void)
7100001610	88	FUN_7100001610		d	a	0		undefined FUN_7100001610(void)
7100001670	88	FUN_7100001670		d	a	0		undefined FUN_7100001670(void)
71000016d0	88	FUN_71000016d0		d	a	0		undefined FUN_71000016d0(void)
7100001730	88	FUN_7100001730		d	a	0		undefined FUN_7100001730(void)
7100001790	88	FUN_7100001790		d	a	0		undefined FUN_7100001790(void)
71000017f0	88	FUN_71000017f0		d	a	0		undefined FUN_71000017f0(void)
7100001850	88	FUN_7100001850		d	a	0		undefined FUN_7100001850(void)
71000018b0	88	FUN_71000018b0		d	a	0		undefined FUN_71000018b0(void)
7100001910	88	FUN_7100001910		d	a	0		undefined FUN_7100001910(void)
7100001970	88	FUN_7100001970		d	a	0		undefined FUN_7100001970(void)
71000019d0	88	FUN_71000019d0		d	a	0		undefined FUN_71000019d0(void)
7100001a30	88	FUN_7100001a30		d	a	0		undefined FUN_7100001a30(void)
7100001a90	80	FUN_7100001a90		d	a	0		undefined FUN_7100001a90(void)
7100001ae0	80	FUN_7100001ae0		d	a	0		undefined FUN_7100001ae0(void)
7100001b30	80	FUN_7100001b30		d	a	0		undefined FUN_7100001b30(void)
7100001b80	80	FUN_7100001b80		d	a	0		undefined FUN_7100001b80(void)
7100001bd0	80	FUN_7100001bd0		d	a	0		undefined FUN_7100001bd0(void)
7100001c20	80	FUN_7100001c20		d	a	0		undefined FUN_7100001c20(void)
7100001c70	80	FUN_7100001c70		d	a	0		undefined FUN_7100001c70(void)
7100001cc0	88	FUN_7100001cc0		d	a	0		undefined FUN_7100001cc0(void)
7100001d20	88	FUN_7100001d20		d	a	0		undefined FUN_7100001d20(void)
7100001d80	88	FUN_7100001d80		d	a	0		undefined FUN_7100001d80(void)
7100001de0	88	FUN_7100001de0		d	a	0		undefined FUN_7100001de0(void)
7100001e40	88	FUN_7100001e40		d	a	0		undefined FUN_7100001e40(void)
7100001ea0	88	FUN_7100001ea0		d	a	0		undefined FUN_7100001ea0(void)
7100001f00	88	FUN_7100001f00		d	a	0		undefined FUN_7100001f00(void)
7100001f60	88	FUN_7100001f60		d	a	0		undefined FUN_7100001f60(void)
7100001fc0	88	FUN_7100001fc0		d	a	0		undefined FUN_7100001fc0(void)
7100002020	88	FUN_7100002020		d	a	0		undefined FUN_7100002020(void)
7100002080	88	FUN_7100002080		d	a	0		undefined FUN_7100002080(void)
71000020e0	88	FUN_71000020e0		d	a	0		undefined FUN_71000020e0(void)
7100002140	88	FUN_7100002140		d	a	0		undefined FUN_7100002140(void)
71000021a0	80	FUN_71000021a0		d	a	0		undefined FUN_71000021a0(void)
71000021f0	88	FUN_71000021f0		d	a	0		undefined FUN_71000021f0(void)
7100002250	88	FUN_7100002250		d	a	0		undefined FUN_7100002250(void)
71000022b0	80	FUN_71000022b0		d	a	0		undefined FUN_71000022b0(void)
7100002300	80	FUN_7100002300		d	a	0		undefined FUN_7100002300(void)
7100002350	80	FUN_7100002350		d	a	0		undefined FUN_7100002350(void)
71000023a0	80	FUN_71000023a0		d	a	0		undefined FUN_71000023a0(void)
71000023f0	88	FUN_71000023f0		d	a	0		undefined FUN_71000023f0(void)
7100002450	88	FUN_7100002450		d	a	0		undefined FUN_7100002450(void)
71000024b0	88	FUN_71000024b0		d	a	0		undefined FUN_71000024b0(void)
7100002510	88	FUN_7100002510		d	a	0		undefined FUN_7100002510(void)
7100002570	88	FUN_7100002570		d	a	0		undefined FUN_7100002570(void)
71000025d0	80	FUN_71000025d0		d	a	0		undefined FUN_71000025d0(void)
7100002620	80	FUN_7100002620		d	a	0		undefined FUN_7100002620(void)
7100002670	80	FUN_7100002670		d	a	0		undefined FUN_7100002670(void)
71000026c0	80	FUN_71000026c0		d	a	0		undefined FUN_71000026c0(void)
7100002710	80	FUN_7100002710		d	a	0		undefined FUN_7100002710(void)
7100002760	80	FUN_7100002760		d	a	0		undefined FUN_7100002760(void)
71000027b0	80	FUN_71000027b0		d	a	0		undefined FUN_71000027b0(void)
7100002800	80	FUN_7100002800		d	a	0		undefined FUN_7100002800(void)
7100002850	80	FUN_7100002850		d	a	0		undefined FUN_7100002850(void)
71000028a0	80	FUN_71000028a0		d	a	0		undefined FUN_71000028a0(void)
71000028f0	80	FUN_71000028f0		d	a	0		undefined FUN_71000028f0(void)
7100002940	80	FUN_7100002940		d	a	0		undefined FUN_7100002940(void)
7100002990	80	FUN_7100002990		d	a	0		undefined FUN_7100002990(void)
71000029e0	80	FUN_71000029e0		d	a	0		undefined FUN_71000029e0(void)
7100002a30	80	FUN_7100002a30		d	a	0		undefined FUN_7100002a30(void)
7100002a80	80	FUN_7100002a80		d	a	0		undefined FUN_7100002a80(void)
7100002ad0	80	FUN_7100002ad0		d	a	0		undefined FUN_7100002ad0(void)
7100002b20	80	FUN_7100002b20		d	a	0		undefined FUN_7100002b20(void)
7100002b70	80	FUN_7100002b70		d	a	0		undefined FUN_7100002b70(void)
7100002bc0	80	FUN_7100002bc0		d	a	0		undefined FUN_7100002bc0(void)
7100002c10	80	FUN_7100002c10		d	a	0		undefined FUN_7100002c10(void)
7100002c60	80	FUN_7100002c60		d	a	0		undefined FUN_7100002c60(void)
7100002cb0	80	FUN_7100002cb0		d	a	0		undefined FUN_7100002cb0(void)
7100002d00	80	FUN_7100002d00		d	a	0		undefined FUN_7100002d00(void)
7100002d50	80	FUN_7100002d50		d	a	0		undefined FUN_7100002d50(void)
7100002da0	80	FUN_7100002da0		d	a	0		undefined FUN_7100002da0(void)
7100002df0	88	FUN_7100002df0		d	a	0		undefined FUN_7100002df0(void)
7100002e50	88	FUN_7100002e50		d	a	0		undefined FUN_7100002e50(void)
7100002eb0	88	FUN_7100002eb0		d	a	0		undefined FUN_7100002eb0(void)
7100002f10	88	FUN_7100002f10		d	a	0		undefined FUN_7100002f10(void)
7100002f70	88	FUN_7100002f70		d	a	0		undefined FUN_7100002f70(void)
7100002fd0	88	FUN_7100002fd0		d	a	0		undefined FUN_7100002fd0(void)
7100003030	88	FUN_7100003030		d	a	0		undefined FUN_7100003030(void)
7100003090	88	FUN_7100003090		d	a	0		undefined FUN_7100003090(void)
71000030f0	88	FUN_71000030f0		d	a	0		undefined FUN_71000030f0(void)
7100003150	88	FUN_7100003150		d	a	0		undefined FUN_7100003150(void)
71000031b0	88	FUN_71000031b0		d	a	0		undefined FUN_71000031b0(void)
7100003210	88	FUN_7100003210		d	a	0		undefined FUN_7100003210(void)
7100003270	88	FUN_7100003270		d	a	0		undefined FUN_7100003270(void)
71000032d0	80	FUN_71000032d0		d	a	0		undefined FUN_71000032d0(void)
7100003320	80	FUN_7100003320		d	a	0		undefined FUN_7100003320(void)
7100003370	88	FUN_7100003370		d	a	0		undefined FUN_7100003370(void)
71000033d0	80	FUN_71000033d0		d	a	0		undefined FUN_71000033d0(void)
7100003420	80	FUN_7100003420		d	a	0		undefined FUN_7100003420(void)
7100003470	80	FUN_7100003470		d	a	0		undefined FUN_7100003470(void)
71000034c0	80	FUN_71000034c0		d	a	0		undefined FUN_71000034c0(void)
7100003510	80	FUN_7100003510		d	a	0		undefined FUN_7100003510(void)
7100003560	80	FUN_7100003560		d	a	0		undefined FUN_7100003560(void)
71000035b0	80	FUN_71000035b0		d	a	0		undefined FUN_71000035b0(void)
7100003600	80	FUN_7100003600		d	a	0		undefined FUN_7100003600(void)
7100003650	80	FUN_7100003650		d	a	0		undefined FUN_7100003650(void)
71000036a0	80	FUN_71000036a0		d	a	0		undefined FUN_71000036a0(void)
71000036f0	80	FUN_71000036f0		d	a	0		undefined FUN_71000036f0(void)
7100003740	80	FUN_7100003740		d	a	0		undefined FUN_7100003740(void)
7100003790	80	FUN_7100003790		d	a	0		undefined FUN_7100003790(void)
71000037e0	24	CameraMgr	mg0503::CameraMgr	a	a	0		undefined CameraMgr(CameraMgr * this)
7100003800	3588	Create	mg0503::CameraMgr	a	a	0		undefined Create(long * param_1)
7100004630	468	AddComponent<bq::ComMatter,bq::MatterType,(void*)0>	nn::bezel::Entity	a	a	0		WeakHandle AddComponent<bq::ComMatter,bq::MatterType,(void*)0>(long * param_1_00, HandlePtr * param_2, undefined4 * param_3)
7100004810	304	File<>	wl::mg	a	a	0		basic_string File<>(ulong * param_1_00, byte * param_2)
7100004950	16	FUN_7100004950		d	a	0		char * FUN_7100004950(void)
7100004960	412	format<int>	wl	a	a	0		char * format<int>(long * param_1_00, wl * this, uint * param_3)
7100004b00	248	~CameraMgr	mg0503::CameraMgr	a	a	0		undefined ~CameraMgr(CameraMgr * this)
7100004bf8	4	InitParam	mg0503::CameraMgr	a	a	0		undefined InitParam(void)
7100004bfc	76	SetCameraRotation	mg0503::CameraMgr	a	a	0		undefined SetCameraRotation(undefined8 * param_1)
7100004c48	76	SetCameraTranslation	mg0503::CameraMgr	a	a	0		undefined SetCameraTranslation(undefined8 * param_1)
7100004ca0	252	StartOpeningCameraAnime	mg0503::CameraMgr	a	a	0		undefined StartOpeningCameraAnime(CameraMgr * this)
7100004db0	396	StartCameraAnime	mg0503::CameraMgr	a	a	0		undefined StartCameraAnime(CameraMgr * this, char * param_1)
7100004f50	272	SetCameraAnimeFrame	mg0503::CameraMgr	a	a	0		undefined SetCameraAnimeFrame(float param_1, CameraMgr * this)
7100005070	256	SetCameraAnimePause	mg0503::CameraMgr	a	a	0		undefined SetCameraAnimePause(long * param_1)
7100005180	280	SetCameraAnimeSpeed	mg0503::CameraMgr	a	a	0		undefined8 SetCameraAnimeSpeed(float param_1, CameraMgr * this)
71000052a0	252	GetCameraAnimeFrame	mg0503::CameraMgr	a	a	0		undefined1[16] GetCameraAnimeFrame(CameraMgr * this)
71000053b0	252	GetCameraAnimeFrameMax	mg0503::CameraMgr	a	a	0		undefined1[16] GetCameraAnimeFrameMax(CameraMgr * this)
71000054c0	252	GetCameraAnimeSpeed	mg0503::CameraMgr	a	a	0		undefined1[16] GetCameraAnimeSpeed(CameraMgr * this)
71000055d0	252	IsOpeningCameraAnimeDone	mg0503::CameraMgr	a	a	0		undefined8 IsOpeningCameraAnimeDone(CameraMgr * this)
71000056d4	12	NnDetailBezelGetTypeDesc	nn::bezel::StringViewHashPair	a	a	0		undefined * NnDetailBezelGetTypeDesc(void)
71000056e0	4	NnDetailBezelGetThisPtr	nn::bezel::StringViewHashPair	a	a	0		undefined NnDetailBezelGetThisPtr(void)
71000056e4	4	NnDetailBezelGetThisPtrConst	nn::bezel::StringViewHashPair	a	a	0		undefined NnDetailBezelGetThisPtrConst(void)
71000056e8	20	IsDerivedFrom	nn::bezel::detail::StaticTypeDesc<nn::bezel::StringViewHashPair,true>	a	a	0		bool IsDerivedFrom(undefined * param_1)
71000056fc	8	GetBaseTypeDesc	nn::bezel::detail::StaticTypeDesc<nn::bezel::StringViewHashPair,true>	a	a	0		undefined8 GetBaseTypeDesc(void)
7100005704	8	GetNextBaseTypeDesc	nn::bezel::detail::StaticTypeDesc<nn::bezel::StringViewHashPair,true>	a	a	0		undefined8 GetNextBaseTypeDesc(void)
710000570c	8	CastTo	nn::bezel::detail::StaticTypeDesc<nn::bezel::StringViewHashPair,true>	a	a	0		undefined8 CastTo(undefined8 param_1, undefined8 param_2)
7100005714	8	CastToConst	nn::bezel::detail::StaticTypeDesc<nn::bezel::StringViewHashPair,true>	a	a	0		undefined8 CastToConst(undefined8 param_1, undefined8 param_2)
710000571c	20	FUN_710000571c		d	a	0		undefined FUN_710000571c(void)
7100005730	80	FUN_7100005730		d	a	0		undefined FUN_7100005730(char * param_1)
7100005780	48	FUN_7100005780		d	a	0		undefined FUN_7100005780(logic_error * param_1, char * param_2)
71000057b0	32	IsDerivedFrom	nn::bezel::detail::StaticTypeDesc<nn::bezel::ComCamera,false,nn::bezel::Component>	a	a	0		bool IsDerivedFrom(undefined * param_1)
71000057d0	12	GetBaseTypeDesc	nn::bezel::detail::StaticTypeDesc<nn::bezel::ComCamera,false,nn::bezel::Component>	a	a	0		undefined * GetBaseTypeDesc(void)
71000057dc	20	GetNextBaseTypeDesc	nn::bezel::detail::StaticTypeDesc<nn::bezel::ComCamera,false,nn::bezel::Component>	a	a	0		undefined * GetNextBaseTypeDesc(long param_1)
71000057f0	8	CastTo	nn::bezel::detail::StaticTypeDesc<nn::bezel::ComCamera,false,nn::bezel::Component>	a	a	0		undefined8 CastTo(undefined8 param_1, undefined8 param_2)
71000057f8	8	CastToConst	nn::bezel::detail::StaticTypeDesc<nn::bezel::ComCamera,false,nn::bezel::Component>	a	a	0		undefined8 CastToConst(undefined8 param_1, undefined8 param_2)
7100005800	20	IsDerivedFrom	nn::bezel::detail::StaticTypeDesc<nn::bezel::Component,false>	a	a	0		bool IsDerivedFrom(undefined * param_1)
7100005814	8	GetBaseTypeDesc	nn::bezel::detail::StaticTypeDesc<nn::bezel::Component,false>	a	a	0		undefined8 GetBaseTypeDesc(void)
710000581c	8	GetNextBaseTypeDesc	nn::bezel::detail::StaticTypeDesc<nn::bezel::Component,false>	a	a	0		undefined8 GetNextBaseTypeDesc(void)
7100005824	8	CastTo	nn::bezel::detail::StaticTypeDesc<nn::bezel::Component,false>	a	a	0		undefined8 CastTo(undefined8 param_1, undefined8 param_2)
710000582c	8	CastToConst	nn::bezel::detail::StaticTypeDesc<nn::bezel::Component,false>	a	a	0		undefined8 CastToConst(undefined8 param_1, undefined8 param_2)
7100005834	372	SafeCreate<bq::ComMatter,nn::bezel::HandlePtr<nn::bezel::Entity>const&,bq::MatterType>	bex::ComponentUtil	a	a	0		WeakHandle SafeCreate<bq::ComMatter,nn::bezel::HandlePtr<nn::bezel::Entity>const&,bq::MatterType>(long * param_1_00, ComponentUtil * this, undefined4 * param_3)
71000059b8	32	IsDerivedFrom	nn::bezel::detail::StaticTypeDesc<bq::ComMatter,false,nn::bezel::Component>	a	a	0		bool IsDerivedFrom(undefined * param_1)
71000059d8	12	GetBaseTypeDesc	nn::bezel::detail::StaticTypeDesc<bq::ComMatter,false,nn::bezel::Component>	a	a	0		undefined * GetBaseTypeDesc(void)
71000059e4	20	GetNextBaseTypeDesc	nn::bezel::detail::StaticTypeDesc<bq::ComMatter,false,nn::bezel::Component>	a	a	0		undefined * GetNextBaseTypeDesc(long param_1)
71000059f8	8	CastTo	nn::bezel::detail::StaticTypeDesc<bq::ComMatter,false,nn::bezel::Component>	a	a	0		undefined8 CastTo(undefined8 param_1, undefined8 param_2)
7100005a00	8	CastToConst	nn::bezel::detail::StaticTypeDesc<bq::ComMatter,false,nn::bezel::Component>	a	a	0		undefined8 CastToConst(undefined8 param_1, undefined8 param_2)
7100005a08	32	IsDerivedFrom	nn::bezel::detail::StaticTypeDesc<actor::ComActorMotion,false,nn::bezel::Component>	a	a	0		bool IsDerivedFrom(undefined * param_1)
7100005a28	12	GetBaseTypeDesc	nn::bezel::detail::StaticTypeDesc<actor::ComActorMotion,false,nn::bezel::Component>	a	a	0		undefined * GetBaseTypeDesc(void)
7100005a34	20	GetNextBaseTypeDesc	nn::bezel::detail::StaticTypeDesc<actor::ComActorMotion,false,nn::bezel::Component>	a	a	0		undefined * GetNextBaseTypeDesc(long param_1)
7100005a48	8	CastTo	nn::bezel::detail::StaticTypeDesc<actor::ComActorMotion,false,nn::bezel::Component>	a	a	0		undefined8 CastTo(undefined8 param_1, undefined8 param_2)
7100005a50	8	CastToConst	nn::bezel::detail::StaticTypeDesc<actor::ComActorMotion,false,nn::bezel::Component>	a	a	0		undefined8 CastToConst(undefined8 param_1, undefined8 param_2)
7100005a60	600	Replace<>	wl::mg	a	a	0		basic_string.conflict Replace<>(ulong * param_1, mg * this)
7100005ce4	188	FUN_7100005ce4		d	a	0		undefined FUN_7100005ce4(locale * param_1, __loop<char> * param_2, undefined4 param_3)
7100005db0	108	~basic_regex	std::regex	a	a	0		undefined ~basic_regex(regex * this)
7100005e20	492	FUN_7100005e20		d	a	0		basic_string<char,std::char_traits<char>,bex::HeapModule::Allocator_string<char>> * FUN_7100005e20(basic_string<char,std::char_traits<char>,bex::HeapModule::Allocator_string<char>> * param_1, basic_string<char,std::char_traits<char>,bex::HeapModule::Allocator_string<char>> * param_2, basic_string<char,std::char_traits<char>,bex::HeapModule::Allocator_string<char>> * param_3, regex * param_4, basic_string<char,std::char_traits<char>,bex::HeapModule::Allocator_string<char>> * param_5, uint param_6)
710000604c	216	regex_iterator	std::regex_iterator<std::__wrap_iter<char_const*>,char,std::regex_traits<char>>	a	a	0		undefined regex_iterator(regex_iterator<std::__wrap_iter<char_const*>,char,std::regex_traits<char>> * this, long param_1, long param_2, regex * param_3, uint param_4)
7100006160	1024	format<std::back_insert_iterator<std::basic_string<char,std::char_traits<char>,bex::HeapModule::Allocator_string<char>>>>	std::match_results<std::__wrap_iter<char_const*>,std::allocator<std::sub_match<std::__wrap_iter<char_const*>>>>	a	a	0		basic_string<char,std::char_traits<char>,bex::HeapModule::Allocator_string<char>> * format<std::back_insert_iterator<std::basic_string<char,std::char_traits<char>,bex::HeapModule::Allocator_string<char>>>>(match_results<std::__wrap_iter<char_const*>,std::allocator<std::sub_match<std::__wrap_iter<char_const*>>>> * this, basic_string<char,std::char_traits<char>,bex::HeapModule::Allocator_string<char>> * param_1, basic_string<char,std::char_traits<char>,bex::HeapModule::Allocator_string<char>> * param_2, basic_string<char,std::char_traits<char>,bex::HeapModule::Allocator_string<char>> * param_3, uint param_4)
7100006568	432	operator++	std::regex_iterator<std::__wrap_iter<char_const*>,char,std::regex_traits<char>>	a	a	0		regex_iterator<std::__wrap_iter<char_const*>,char,std::regex_traits<char>> * operator++(regex_iterator<std::__wrap_iter<char_const*>,char,std::regex_traits<char>> * this)
7100006740	628	__search<std::allocator<std::sub_match<char_const*>>>	std::regex	a	a	0		undefined8 __search<std::allocator<std::sub_match<char_const*>>>(regex * this, long param_1, long param_2, long * param_3, uint param_4)
71000069c0	460	__assign[abi:v160006]<char_const*,std::allocator<std::sub_match<char_const*>>>	std::match_results<std::__wrap_iter<char_const*>,std::allocator<std::sub_match<std::__wrap_iter<char_const*>>>>	a	a	0		void __assign[abi:v160006]<char_const*,std::allocator<std::sub_match<char_const*>>>(match_results<std::__wrap_iter<char_const*>,std::allocator<std::sub_match<std::__wrap_iter<char_const*>>>> * this, long param_1, undefined8 param_2, long * param_3, uint param_4)
7100006ba0	576	FUN_7100006ba0		d	a	0		undefined FUN_7100006ba0(long * param_1, ulong param_2, undefined8 * param_3)
7100006de0	1116	__match_at_start_ecma<std::allocator<std::sub_match<char_const*>>>	std::regex	a	a	0		undefined8 __match_at_start_ecma<std::allocator<std::sub_match<char_const*>>>(regex * this, long param_1, long param_2, long * param_3, uint param_4, byte param_5)
7100007270	2720	__match_at_start_posix_nosubs<std::allocator<std::sub_match<char_const*>>>	std::regex	a	a	0		undefined8 __match_at_start_posix_nosubs<std::allocator<std::sub_match<char_const*>>>(regex * this, long param_1, long param_2, long * param_3, uint param_4, byte param_5)
7100007d40	1532	__match_at_start_posix_subs<std::allocator<std::sub_match<char_const*>>>	std::regex	a	a	0		undefined4 __match_at_start_posix_subs<std::allocator<std::sub_match<char_const*>>>(regex * this, long param_1, long param_2, long * param_3, uint param_4, byte param_5)
710000835c	68	~__state	std::__state<char>	a	a	0		undefined ~__state(__state<char> * this)
71000083a0	76	FUN_71000083a0		d	a	0		undefined FUN_71000083a0(void)
71000083f0	360	__state	std::__state<char>	a	a	0		undefined __state(__state<char> * this, undefined8 * param_1)
7100008560	76	FUN_7100008560		d	a	0		undefined FUN_7100008560(void)
71000085b0	156	FUN_71000085b0		d	a	0		undefined FUN_71000085b0(undefined8 * param_1)
7100008650	504	__push_back_slow_path<std::__state<char>>	std::vector<std::__state<char>,std::allocator<std::__state<char>>>	a	a	0		void __push_back_slow_path<std::__state<char>>(vector<std::__state<char>,std::allocator<std::__state<char>>> * this, undefined8 * param_1)
7100008848	20	FUN_7100008848		d	a	0		undefined FUN_7100008848(void)
7100008860	56	FUN_7100008860		d	a	0		undefined FUN_7100008860(void)
71000088a0	520	FUN_71000088a0		d	a	0		undefined FUN_71000088a0(long * param_1, ulong param_2, undefined8 * param_3)
7100008aa8	20	FUN_7100008aa8		d	a	0		undefined FUN_7100008aa8(void)
7100008ac0	296	FUN_7100008ac0		d	a	0		undefined FUN_7100008ac0(undefined8 * param_1, ulong param_2)
7100008be8	20	FUN_7100008be8		d	a	0		undefined FUN_7100008be8(void)
7100008c00	348	FUN_7100008c00		d	a	0		undefined FUN_7100008c00(long param_1)
7100008d60	124	FUN_7100008d60		d	a	0		undefined FUN_7100008d60(undefined8 * param_1)
7100008de0	1324	FUN_7100008de0		d	a	0		undefined FUN_7100008de0(long * param_1)
7100009350	376	FUN_7100009350		d	a	0		undefined FUN_7100009350(undefined8 * param_1, undefined8 * param_2)
71000094d0	388	FUN_71000094d0		d	a	0		undefined FUN_71000094d0(long * param_1, undefined8 * param_2)
7100009660	856	FUN_7100009660		d	a	0		undefined FUN_7100009660(long * param_1)
7100009a00	388	FUN_7100009a00		d	a	0		undefined FUN_7100009a00(long * param_1, undefined8 * param_2)
7100009b90	480	assign<std::sub_match<char_const*>*,0>	std::vector<std::sub_match<char_const*>,std::allocator<std::sub_match<char_const*>>>	a	a	0		void assign<std::sub_match<char_const*>*,0>(vector<std::sub_match<char_const*>,std::allocator<std::sub_match<char_const*>>> * this, undefined8 * param_1, undefined8 * param_2)
7100009d70	384	assign<std::pair<unsigned_long,char_const*>*,0>	std::vector<std::pair<unsigned_long,char_const*>,std::allocator<std::pair<unsigned_long,char_const*>>>	a	a	0		void assign<std::pair<unsigned_long,char_const*>*,0>(vector<std::pair<unsigned_long,char_const*>,std::allocator<std::pair<unsigned_long,char_const*>>> * this, undefined8 * param_1, undefined8 * param_2)
7100009ef0	624	FUN_7100009ef0		d	a	0		undefined FUN_7100009ef0(long * param_1, ulong param_2)
710000a160	20	FUN_710000a160		d	a	0		undefined FUN_710000a160(void)
710000a174	20	FUN_710000a174		d	a	0		undefined FUN_710000a174(void)
710000a188	312	push_back	std::basic_string<char,std::char_traits<char>,bex::HeapModule::Allocator_string<char>>	a	a	0		undefined push_back(basic_string<char,std::char_traits<char>,bex::HeapModule::Allocator_string<char>> * this, basic_string<char,std::char_traits<char>,bex::HeapModule::Allocator_string<char>> param_2)
710000a2c0	76	FUN_710000a2c0		d	a	0		undefined FUN_710000a2c0(void)
710000a310	96	FUN_710000a310		d	a	0		undefined FUN_710000a310(long param_1)
710000a370	852	__parse<char_const*>	std::regex	a	a	0		__loop<char> * __parse<char_const*>(regex * this, __loop<char> * param_1, __loop<char> * param_2)
710000a6d0	76	FUN_710000a6d0		d	a	0		undefined FUN_710000a6d0(void)
710000a720	416	__parse_ecma_exp<char_const*>	std::regex	a	a	0		__loop<char> * __parse_ecma_exp<char_const*>(regex * this, __loop<char> * param_1, __loop<char> * param_2)
710000a8d0	396	__parse_basic_reg_exp<char_const*>	std::regex	a	a	0		byte * __parse_basic_reg_exp<char_const*>(regex * this, byte * param_1, byte * param_2)
710000aa60	380	__parse_extended_reg_exp<char_const*>	std::regex	a	a	0		__loop<char> * __parse_extended_reg_exp<char_const*>(regex * this, __loop<char> * param_1, __loop<char> * param_2)
710000abe0	472	__parse_grep<char_const*>	std::regex	a	a	0		byte * __parse_grep<char_const*>(regex * this, byte * param_1, byte * param_2)
710000adc0	472	__parse_egrep<char_const*>	std::regex	a	a	0		__loop<char> * __parse_egrep<char_const*>(regex * this, __loop<char> * param_1, __loop<char> * param_2)
710000afa0	76	FUN_710000afa0		d	a	0		undefined FUN_710000afa0(void)
710000afec	4	~__end_state	std::__end_state<char>	a	a	0		undefined ~__end_state(__end_state<char> * this)
710000aff0	12	__exec	std::__end_state<char>	a	a	0		undefined __exec(undefined8 param_1_00, undefined4 * param_2)
710000b008	36	~__shared_ptr_pointer	std::__shared_ptr_pointer<std::__empty_state<char>*,std::shared_ptr<std::__empty_state<char>>::__shared_ptr_default_delete<std::__empty_state<char>,std::__empty_state<char>>,std::allocator<std::__empty_state<char>>>	a	a	0		undefined ~__shared_ptr_pointer(__shared_ptr_pointer<std::__empty_state<char>*,std::shared_ptr<std::__empty_state<char>>::__shared_ptr_default_delete<std::__empty_state<char>,std::__empty_state<char>>,std::allocator<std::__empty_state<char>>> * this)
710000b02c	24	__on_zero_shared	std::__shared_ptr_pointer<std::__empty_state<char>*,std::shared_ptr<std::__empty_state<char>>::__shared_ptr_default_delete<std::__empty_state<char>,std::__empty_state<char>>,std::allocator<std::__empty_state<char>>>	a	a	0		undefined __on_zero_shared(__shared_ptr_pointer<std::__empty_state<char>*,std::shared_ptr<std::__empty_state<char>>::__shared_ptr_default_delete<std::__empty_state<char>,std::__empty_state<char>>,std::allocator<std::__empty_state<char>>> * this)
710000b044	4	__on_zero_shared_weak	std::__shared_ptr_pointer<std::__empty_state<char>*,std::shared_ptr<std::__empty_state<char>>::__shared_ptr_default_delete<std::__empty_state<char>,std::__empty_state<char>>,std::allocator<std::__empty_state<char>>>	a	a	0		undefined __on_zero_shared_weak(__shared_ptr_pointer<std::__empty_state<char>*,std::shared_ptr<std::__empty_state<char>>::__shared_ptr_default_delete<std::__empty_state<char>,std::__empty_state<char>>,std::allocator<std::__empty_state<char>>> * this)
710000b048	68	~__empty_state	std::__empty_state<char>	a	a	0		undefined ~__empty_state(__empty_state<char> * this)
710000b08c	20	__exec	std::__empty_state<char>	a	a	0		undefined __exec(__empty_state<char> * this, undefined4 * param_1)
710000b0a0	68	~__owns_one_state	std::__owns_one_state<char>	a	a	0		undefined ~__owns_one_state(__owns_one_state<char> * this)
710000b0f0	160	__parse_alternative<char_const*>	std::regex	a	a	0		__loop<char> * __parse_alternative<char_const*>(regex * this, __loop<char> * param_1, __loop<char> * param_2)
710000b190	148	__parse_term<char_const*>	std::regex	a	a	0		__loop<char> * __parse_term<char_const*>(regex * this, __loop<char> * param_1, __loop<char> * param_2)
710000b224	740	__parse_assertion<char_const*>	std::regex	a	a	0		byte * __parse_assertion<char_const*>(regex * this, byte * param_1, byte * param_2)
710000b510	588	__parse_atom<char_const*>	std::regex	a	a	0		__loop<char> * __parse_atom<char_const*>(regex * this, __loop<char> * param_1, __loop<char> * param_2)
710000b760	1432	__parse_ERE_dupl_symbol<char_const*>	std::regex	a	a	0		__loop<char> * __parse_ERE_dupl_symbol<char_const*>(regex * this, __loop<char> * param_1, __loop<char> * param_2, long param_3, undefined4 param_4, undefined4 param_5)
710000bd44	80	FUN_710000bd44		d	a	0		undefined FUN_710000bd44(locale * param_1)
710000bdb0	188	__push_lookahead	std::regex	a	a	0		undefined __push_lookahead(regex * this, locale * param_1, byte param_2, undefined4 param_3)
710000be70	76	FUN_710000be70		d	a	0		undefined FUN_710000be70(void)
710000bebc	68	~__l_anchor_multiline	std::__l_anchor_multiline<char>	a	a	0		undefined ~__l_anchor_multiline(__l_anchor_multiline<char> * this)
710000bf00	96	__exec	std::__l_anchor_multiline<char>	a	a	0		undefined __exec(__l_anchor_multiline<char> * this, undefined4 * param_1)
710000bf60	68	~__r_anchor_multiline	std::__r_anchor_multiline<char>	a	a	0		undefined ~__r_anchor_multiline(__r_anchor_multiline<char> * this)
710000bfa4	80	__exec	std::__r_anchor_multiline<char>	a	a	0		undefined __exec(__r_anchor_multiline<char> * this, undefined4 * param_1)
710000bff4	92	~__word_boundary	std::__word_boundary<char,std::regex_traits<char>>	a	a	0		undefined ~__word_boundary(__word_boundary<char,std::regex_traits<char>> * this)
710000c050	88	~__word_boundary	std::__word_boundary<char,std::regex_traits<char>>	a	a	0		undefined ~__word_boundary(__word_boundary<char,std::regex_traits<char>> * this)
710000c0a8	324	__exec	std::__word_boundary<char,std::regex_traits<char>>	a	a	0		undefined __exec(__word_boundary<char,std::regex_traits<char>> * this, undefined4 * param_1)
710000c1f0	168	~__lookahead	std::__lookahead<char,std::regex_traits<char>>	a	a	0		undefined ~__lookahead(__lookahead<char,std::regex_traits<char>> * this)
710000c2a0	160	~__lookahead	std::__lookahead<char,std::regex_traits<char>>	a	a	0		undefined ~__lookahead(__lookahead<char,std::regex_traits<char>> * this)
710000c340	380	__exec	std::__lookahead<char,std::regex_traits<char>>	a	a	0		undefined __exec(__lookahead<char,std::regex_traits<char>> * this, undefined4 * param_1)
710000c4e0	376	__parse_atom_escape<char_const*>	std::regex	a	a	0		byte * __parse_atom_escape<char_const*>(regex * this, byte * param_1, byte * param_2)
710000c660	336	__parse_bracket_expression<char_const*>	std::regex	a	a	0		byte * __parse_bracket_expression<char_const*>(regex * this, byte * param_1, byte * param_2)
710000c7b0	76	FUN_710000c7b0		d	a	0		undefined FUN_710000c7b0(void)
710000c7fc	104	__parse_pattern_character<char_const*>	std::regex	a	a	0		byte * __parse_pattern_character<char_const*>(regex * this, byte * param_1, byte * param_2)
710000c864	68	~__match_any_but_newline	std::__match_any_but_newline<char>	a	a	0		undefined ~__match_any_but_newline(__match_any_but_newline<char> * this)
710000c8a8	460	__parse_character_class_escape<char_const*>	std::regex	a	a	0		undefined1 * __parse_character_class_escape<char_const*>(regex * this, undefined1 * param_1, undefined1 * param_2)
710000ca9c	780	__parse_character_escape<char_const*>	std::regex	a	a	0		byte * __parse_character_escape<char_const*>(regex * this, byte * param_1, byte * param_2, string * param_3)
710000cda8	256	__push_char	std::regex	a	a	0		undefined __push_char(regex * this, undefined4 param_1)
710000cef0	76	FUN_710000cef0		d	a	0		undefined FUN_710000cef0(void)
710000cf3c	204	__push_back_ref	std::regex	a	a	0		undefined __push_back_ref(regex * this, undefined4 param_1)
710000d008	92	~__match_char_icase	std::__match_char_icase<char,std::regex_traits<char>>	a	a	0		undefined ~__match_char_icase(__match_char_icase<char,std::regex_traits<char>> * this)
710000d064	88	~__match_char_icase	std::__match_char_icase<char,std::regex_traits<char>>	a	a	0		undefined ~__match_char_icase(__match_char_icase<char,std::regex_traits<char>> * this)
710000d0bc	128	__exec	std::__match_char_icase<char,std::regex_traits<char>>	a	a	0		undefined __exec(__match_char_icase<char,std::regex_traits<char>> * this, undefined4 * param_1)
710000d13c	92	~__match_char_collate	std::__match_char_collate<char,std::regex_traits<char>>	a	a	0		undefined ~__match_char_collate(__match_char_collate<char,std::regex_traits<char>> * this)
710000d198	88	~__match_char_collate	std::__match_char_collate<char,std::regex_traits<char>>	a	a	0		undefined ~__match_char_collate(__match_char_collate<char,std::regex_traits<char>> * this)
710000d1f0	72	__exec	std::__match_char_collate<char,std::regex_traits<char>>	a	a	0		undefined __exec(__match_char_collate<char,std::regex_traits<char>> * this, undefined4 * param_1)
710000d238	40	~__owns_one_state	std::__owns_one_state<char>	a	a	0		undefined ~__owns_one_state(__owns_one_state<char> * this)
710000d260	68	~__match_char	std::__match_char<char>	a	a	0		undefined ~__match_char(__match_char<char> * this)
710000d2a4	72	__exec	std::__match_char<char>	a	a	0		undefined __exec(__match_char<char> * this, undefined4 * param_1)
710000d2ec	92	~__back_ref_icase	std::__back_ref_icase<char,std::regex_traits<char>>	a	a	0		undefined ~__back_ref_icase(__back_ref_icase<char,std::regex_traits<char>> * this)
710000d348	88	~__back_ref_icase	std::__back_ref_icase<char,std::regex_traits<char>>	a	a	0		undefined ~__back_ref_icase(__back_ref_icase<char,std::regex_traits<char>> * this)
710000d3a0	248	__exec	std::__back_ref_icase<char,std::regex_traits<char>>	a	a	0		undefined __exec(__back_ref_icase<char,std::regex_traits<char>> * this, undefined4 * param_1)
710000d498	92	~__back_ref_collate	std::__back_ref_collate<char,std::regex_traits<char>>	a	a	0		undefined ~__back_ref_collate(__back_ref_collate<char,std::regex_traits<char>> * this)
710000d4f4	88	~__back_ref_collate	std::__back_ref_collate<char,std::regex_traits<char>>	a	a	0		undefined ~__back_ref_collate(__back_ref_collate<char,std::regex_traits<char>> * this)
710000d550	156	__exec	std::__back_ref_collate<char,std::regex_traits<char>>	a	a	0		undefined __exec(__back_ref_collate<char,std::regex_traits<char>> * this, undefined4 * param_1)
710000d5ec	68	~__back_ref	std::__back_ref<char>	a	a	0		undefined ~__back_ref(__back_ref<char> * this)
710000d630	200	__exec	std::__back_ref<char>	a	a	0		undefined __exec(__back_ref<char> * this, undefined4 * param_1)
710000d700	856	FUN_710000d700		d	a	0		undefined1 * FUN_710000d700(undefined1 * param_1, uint param_2, long param_3, undefined1 param_4, undefined1 param_5, undefined1 param_6)
710000da58	292	FUN_710000da58		d	a	0		undefined FUN_710000da58(long * param_1, locale * param_2, long param_3, undefined1 param_4, undefined1 param_5, undefined1 param_6)
710000dd50	340	~__bracket_expression	std::__bracket_expression<char,std::regex_traits<char>>	a	a	0		undefined ~__bracket_expression(__bracket_expression<char,std::regex_traits<char>> * this)
710000dea8	36	~__bracket_expression	std::__bracket_expression<char,std::regex_traits<char>>	a	a	0		undefined ~__bracket_expression(__bracket_expression<char,std::regex_traits<char>> * this)
710000ded0	2536	__exec	std::__bracket_expression<char,std::regex_traits<char>>	a	a	0		undefined __exec(__bracket_expression<char,std::regex_traits<char>> * this, undefined4 * param_1)
710000e8dc	68	~pair	std::pair<std::string,std::string>	a	a	0		undefined ~pair(pair<std::string,std::string> * this)
710000e920	288	transform<char*>	std::regex_traits<char>	a	a	0		string transform<char*>(undefined8 param_1_00, long param_2, void * param_3, void * param_4)
710000ea40	536	__lookup_collatename<char*>	std::regex_traits<char>	a	a	0		string __lookup_collatename<char*>(string * param_1_00, regex_traits<char> * this, void * param_3, void * param_4)
710000ec64	388	__transform_primary<char*>	std::regex_traits<char>	a	a	0		string __transform_primary<char*>(byte * param_1_00, regex_traits<char> * this, void * param_3, void * param_4)
710000ede8	20	FUN_710000ede8		d	a	0		undefined FUN_710000ede8(void)
710000ee00	76	FUN_710000ee00		d	a	0		undefined FUN_710000ee00(void)
710000ee50	1344	__parse_expression_term<char_const*>	std::regex	a	a	0		byte * __parse_expression_term<char_const*>(regex * this, byte * param_1, byte * param_2, byte * param_3, byte * param_4, undefined1 param_5)
710000f3b0	568	__parse_equivalence_class<char_const*>	std::regex	a	a	0		char * __parse_equivalence_class<char_const*>(regex * this, char * param_1, char * param_2, undefined1 * param_3, undefined1 param_4, undefined1 param_5)
710000f600	224	__parse_collating_symbol<char_const*>	std::regex	a	a	0		byte * __parse_collating_symbol<char_const*>(regex_traits<char> * param_1, byte * param_2, byte * param_3, string * param_4, undefined8 param_5, undefined1 param_6)
710000f6e0	336	__parse_class_escape<char_const*>	std::regex	a	a	0		byte * __parse_class_escape<char_const*>(regex * this, byte * param_1, byte * param_2, string * param_3, undefined1 * param_4, undefined1 param_5)
710000f830	524	__parse_awk_escape<char_const*>	std::regex	a	a	0		byte * __parse_awk_escape<char_const*>(regex * this, byte * param_1, byte * param_2, string * param_3)
710000fa40	1036	FUN_710000fa40		d	a	0		undefined FUN_710000fa40(long param_1, ulong * param_2, ulong * param_3)
710000fe90	660	FUN_710000fe90		d	a	0		undefined FUN_710000fe90(long param_1, undefined4 param_2, int param_3)
7100010130	76	FUN_7100010130		d	a	0		undefined FUN_7100010130(void)
710001017c	536	__lookup_collatename<char_const*>	std::regex_traits<char>	a	a	0		string __lookup_collatename<char_const*>(string * param_1_00, regex_traits<char> * this, void * param_3, void * param_4)
71000103a0	460	__transform_primary<std::__wrap_iter<char*>>	std::regex_traits<char>	a	a	0		string __transform_primary<std::__wrap_iter<char*>>(byte * param_1, regex_traits<char> * this, undefined1 * param_3, undefined1 * param_4)
7100010570	384	__push_back_slow_path<std::string_const&>	std::vector<std::string,std::allocator<std::string>>	a	a	0		void __push_back_slow_path<std::string_const&>(vector<std::string,std::allocator<std::string>> * this, string * param_1)
7100010710	104	FUN_7100010710		d	a	0		undefined FUN_7100010710(undefined8 * param_1)
7100010778	20	FUN_7100010778		d	a	0		undefined FUN_7100010778(void)
7100010790	76	FUN_7100010790		d	a	0		undefined FUN_7100010790(void)
71000107dc	316	__lookup_classname<char_const*>	std::regex_traits<char>	a	a	0		undefined4 __lookup_classname<char_const*>(long param_1, void * param_2, void * param_3, byte param_4)
7100010920	860	FUN_7100010920		d	a	0		undefined1 * FUN_7100010920(undefined1 * param_1, undefined4 param_2)
7100010c80	360	transform<std::__wrap_iter<char*>>	std::regex_traits<char>	a	a	0		string transform<std::__wrap_iter<char*>>(undefined8 param_1, long param_2, undefined1 * param_3, undefined1 * param_4)
7100010df0	76	FUN_7100010df0		d	a	0		undefined FUN_7100010df0(void)
7100010e40	424	__push_back_slow_path<std::pair<std::string,std::string>>	std::vector<std::pair<std::string,std::string>,std::allocator<std::pair<std::string,std::string>>>	a	a	0		void __push_back_slow_path<std::pair<std::string,std::string>>(vector<std::pair<std::string,std::string>,std::allocator<std::pair<std::string,std::string>>> * this, undefined8 * param_1)
7100010fe8	20	FUN_7100010fe8		d	a	0		undefined FUN_7100010fe8(void)
7100010ffc	20	FUN_7100010ffc		d	a	0		undefined FUN_7100010ffc(void)
7100011010	68	~__begin_marked_subexpression	std::__begin_marked_subexpression<char>	a	a	0		undefined ~__begin_marked_subexpression(__begin_marked_subexpression<char> * this)
7100011054	48	__exec	std::__begin_marked_subexpression<char>	a	a	0		undefined __exec(__begin_marked_subexpression<char> * this, undefined4 * param_1)
7100011084	68	~__end_marked_subexpression	std::__end_marked_subexpression<char>	a	a	0		undefined ~__end_marked_subexpression(__end_marked_subexpression<char> * this)
71000110c8	72	__exec	std::__end_marked_subexpression<char>	a	a	0		undefined __exec(__end_marked_subexpression<char> * this, undefined4 * param_1)
7100011110	228	FUN_7100011110		d	a	0		undefined FUN_7100011110(long param_1, long param_2, long param_3, undefined4 param_4, undefined4 param_5)
7100011268	232	FUN_7100011268		d	a	0		undefined FUN_7100011268(long param_1, long param_2, long param_3, undefined4 param_4, undefined4 param_5)
71000113c4	244	__push_loop	std::regex	a	a	0		undefined __push_loop(regex * this, long param_1, long param_2, long param_3, undefined4 param_4, undefined4 param_6_00, byte param_6)
71000114f0	76	FUN_71000114f0		d	a	0		undefined FUN_71000114f0(void)
7100011540	76	FUN_7100011540		d	a	0		undefined FUN_7100011540(void)
710001158c	108	~__owns_two_states	std::__owns_two_states<char>	a	a	0		undefined ~__owns_two_states(__owns_two_states<char> * this)
71000115f8	104	~__loop	std::__loop<char>	a	a	0		undefined ~__loop(__loop<char> * this)
7100011660	408	__exec	std::__loop<char>	a	a	0		undefined __exec(__loop<char> * this, int * param_1)
7100011800	156	__exec_split	std::__loop<char>	a	a	0		undefined __exec_split(__loop<char> * this, byte param_1, undefined4 * param_2)
710001189c	104	~__owns_two_states	std::__owns_two_states<char>	a	a	0		undefined ~__owns_two_states(__owns_two_states<char> * this)
7100011904	4	~__repeat_one_loop	std::__repeat_one_loop<char>	a	a	0		undefined ~__repeat_one_loop(__repeat_one_loop<char> * this)
7100011908	20	__exec	std::__repeat_one_loop<char>	a	a	0		undefined __exec(__repeat_one_loop<char> * this, undefined4 * param_1)
710001191c	104	~__alternate	std::__alternate<char>	a	a	0		undefined ~__alternate(__alternate<char> * this)
7100011984	12	__exec	std::__alternate<char>	a	a	0		undefined __exec(undefined8 param_1_00, undefined4 * param_2)
7100011990	36	__exec_split	std::__alternate<char>	a	a	0		undefined __exec_split(__alternate<char> * this, uint param_2_00, undefined4 * param_2)
71000119b4	4	~__empty_non_own_state	std::__empty_non_own_state<char>	a	a	0		undefined ~__empty_non_own_state(__empty_non_own_state<char> * this)
71000119b8	20	__exec	std::__empty_non_own_state<char>	a	a	0		undefined __exec(__empty_non_own_state<char> * this, undefined4 * param_1)
71000119d0	76	FUN_71000119d0		d	a	0		undefined FUN_71000119d0(void)
7100011a20	552	__parse_nondupl_RE<char_const*>	std::regex	a	a	0		byte * __parse_nondupl_RE<char_const*>(regex * this, byte * param_1, byte * param_2)
7100011c50	920	__parse_RE_dupl_symbol<char_const*>	std::regex	a	a	0		byte * __parse_RE_dupl_symbol<char_const*>(regex * this, byte * param_1, byte * param_2, long param_3, undefined4 param_4, undefined4 param_5)
7100012014	312	__parse_one_char_or_coll_elem_RE<char_const*>	std::regex	a	a	0		byte * __parse_one_char_or_coll_elem_RE<char_const*>(regex * this, byte * param_1, byte * param_2)
710001214c	68	~__match_any	std::__match_any<char>	a	a	0		undefined ~__match_any(__match_any<char> * this)
7100012190	64	__exec	std::__match_any<char>	a	a	0		undefined __exec(__match_any<char> * this, undefined4 * param_1)
71000121d0	96	__test_back_ref	std::regex	a	a	0		byte * __test_back_ref(regex * param_1, uint param_2, byte * param_3)
7100012230	620	__parse_ERE_expression<char_const*>	std::regex	a	a	0		__loop<char> * __parse_ERE_expression<char_const*>(regex * this, __loop<char> * param_1, __loop<char> * param_2)
710001249c	116	__parse_ORD_CHAR_ERE<char_const*>	std::regex	a	a	0		byte * __parse_ORD_CHAR_ERE<char_const*>(regex * this, byte * param_1, byte * param_2)
7100012510	188	__parse_QUOTED_CHAR_ERE<char_const*>	std::regex	a	a	0		byte * __parse_QUOTED_CHAR_ERE<char_const*>(regex * this, byte * param_1, byte * param_2)
71000125cc	408	append	std::basic_string<char,std::char_traits<char>,bex::HeapModule::Allocator_string<char>>	a	a	0		basic_string<char,std::char_traits<char>,bex::HeapModule::Allocator_string<char>> * append(basic_string<char,std::char_traits<char>,bex::HeapModule::Allocator_string<char>> * this, void * param_1, ulong param_2)
7100012764	252	GameMgr	mg0503::GameMgr	a	a	0		undefined GameMgr(GameMgr * this)
7100012860	2528	~GameMgr	mg0503::GameMgr	a	a	0		undefined ~GameMgr(GameMgr * this)
7100013240	36	~GameMgr	mg0503::GameMgr	a	a	0		undefined ~GameMgr(GameMgr * this)
7100013270	368	Update	mg0503::GameMgr	a	a	0		undefined Update(GameMgr * this)
71000133f0	364	UpdateQuake	mg0503::GameMgr	a	a	0		undefined UpdateQuake(GameMgr * this)
7100013564	168	SetupGame_Mgr	mg0503::GameMgr	a	a	0		undefined SetupGame_Mgr(GameMgr * this)
7100013610	27880	SyncedSetupGame_Mgr	mg0503::GameMgr	a	a	0		undefined SyncedSetupGame_Mgr(GameMgr * this)
710001a3b0	6100	CsvLabel<std::basic_string<char,std::char_traits<char>,bex::HeapModule::Allocator_string<char>>>	wl::CsvLabel	a	a	0		undefined CsvLabel<std::basic_string<char,std::char_traits<char>,bex::HeapModule::Allocator_string<char>>>(CsvLabel * this, ulong * param_1)
710001bd2c	244	At<int>	wl::CsvLabel	a	a	0		int At<int>(CsvLabel * this, byte * param_1, int param_2)
710001be20	468	AddComponent<bq::ComMatter,char_const*,(void*)0>	nn::bezel::Entity	a	a	0		WeakHandle AddComponent<bq::ComMatter,char_const*,(void*)0>(long * param_1_00, HandlePtr * param_2, undefined8 * param_3)
710001c000	256	Get<actor::ComActorMotion>	nn::bezel::Entity	a	a	0		WeakHandle Get<actor::ComActorMotion>(long * param_1, long param_2)
710001c110	176	CreateTexture	wl::mg	a	a	0		undefined CreateTexture(undefined8 * param_1, mg * this)
710001c1e8	864	UpdateStreamEffect	mg0503::GameMgr	a	a	0		undefined UpdateStreamEffect(GameMgr * this, ulong param_1)
710001c548	284	UpdateTankSMokeEffect	mg0503::GameMgr	a	a	0		undefined UpdateTankSMokeEffect(float param_1, GameMgr * this, int param_3)
710001c664	108	CreateCamera	mg0503::GameMgr	a	a	0		undefined CreateCamera(GameMgr * this)
710001c6d0	8	InitCamera	mg0503::GameMgr	a	a	0		undefined InitCamera(void)
710001c6d8	148	CreateTimer	mg0503::GameMgr	a	a	0		undefined CreateTimer(GameMgr * this)
710001c770	332	InitTimer	mg0503::GameMgr	a	a	0		undefined InitTimer(GameMgr * this)
710001c8c4	108	CreatePlayers	mg0503::GameMgr	a	a	0		undefined CreatePlayers(GameMgr * this)
710001c930	904	InitPlayers	mg0503::GameMgr	a	a	0		undefined InitPlayers(long param_1)
710001ccdc	484	CleanupGame_Mgr	mg0503::GameMgr	a	a	0		undefined CleanupGame_Mgr(GameMgr * this)
710001cec0	2212	OnGameInit_Mgr	mg0503::GameMgr	a	a	0		undefined8 OnGameInit_Mgr(GameMgr * this)
710001d788	136	UseFx_TankSpark	mg0503::GameMgr	a	a	0		uint UseFx_TankSpark(GameMgr * this, int param_1, char * param_2)
710001d810	128	OnGameInstInit_Mgr	mg0503::GameMgr	a	a	0		undefined8 OnGameInstInit_Mgr(GameMgr * this)
710001d890	3604	OnGameOpeningSkip_Mgr	mg0503::GameMgr	a	a	0		undefined8 OnGameOpeningSkip_Mgr(GameMgr * this)
710001e6cc	84	OnGameFirstFade_Mgr	mg0503::GameMgr	a	a	0		undefined8 OnGameFirstFade_Mgr(GameMgr * this)
710001e720	4	UpdateGrade	mg0503::GameMgr	a	a	0		undefined UpdateGrade(void)
710001e730	3868	OnGameOpening_Mgr	mg0503::GameMgr	a	a	0		undefined8 OnGameOpening_Mgr(GameMgr * this)
710001f664	108	UseFx_Attach	mg0503::GameMgr	a	a	0		uint UseFx_Attach(long param_1, char * param_2)
710001f6d0	368	LookToArm	mg0503::GameMgr	a	a	0		undefined LookToArm(GameMgr * this)
710001f840	124	StopFx_TankSpark	mg0503::GameMgr	a	a	0		uint StopFx_TankSpark(GameMgr * this, int param_1, char * param_2)
710001f8bc	92	OnGameStartBefore_Mgr	mg0503::GameMgr	a	a	0		undefined8 OnGameStartBefore_Mgr(GameMgr * this)
710001f918	4	DispTimer	mg0503::GameMgr	a	a	0		undefined DispTimer(void)
710001f91c	8	OnGameStart_Mgr	mg0503::GameMgr	a	a	0		undefined8 OnGameStart_Mgr(void)
710001f930	1220	OnGameStartAfter_Mgr	mg0503::GameMgr	a	a	0		undefined8 OnGameStartAfter_Mgr(GameMgr * this)
710001fe00	288	GameStartTimer	mg0503::GameMgr	a	a	0		undefined GameStartTimer(GameMgr * this)
710001ff28	124	UseFx_Arm	mg0503::GameMgr	a	a	0		uint UseFx_Arm(GameMgr * this, int param_1, char * param_2)
710001ffb0	2448	OnGameMain_Mgr	mg0503::GameMgr	a	a	0		bool OnGameMain_Mgr(GameMgr * this)
7100020950	304	AnimationName	actor::MotionArg	a	a	0		MotionArg * AnimationName(MotionArg * this, long param_1)
7100020a80	548	UpdateObjectEnding	mg0503::GameMgr	a	a	0		undefined8 UpdateObjectEnding(GameMgr * this, ulong param_1)
7100020cb0	8444	UpdateGameAngle	mg0503::GameMgr	a	a	0		undefined UpdateGameAngle(GameMgr * this)
7100022e00	1060	ExecButtonEffect	mg0503::GameMgr	a	a	0		ulong ExecButtonEffect(ulong param_1)
7100023240	292	IsEndCheckTimer	mg0503::GameMgr	a	a	0		undefined8 IsEndCheckTimer(GameMgr * this)
710002336c	4	OnThreeMinTimerEnd_Mgr	mg0503::GameMgr	a	a	0		undefined OnThreeMinTimerEnd_Mgr(void)
7100023370	684	OnGameEnd_Mgr	mg0503::GameMgr	a	a	0		undefined8 OnGameEnd_Mgr(GameMgr * this)
7100023620	288	SuspendGameTimer	mg0503::GameMgr	a	a	0		undefined SuspendGameTimer(GameMgr * this)
7100023748	368	OnGameFinish_Mgr	mg0503::GameMgr	a	a	0		bool OnGameFinish_Mgr(GameMgr * this)
71000238c0	2492	OnEndingInit_Mgr	mg0503::GameMgr	a	a	0		undefined8 OnEndingInit_Mgr(GameMgr * this, undefined8 * param_1)
7100024280	236	~SceneResult_Builder	wl::SceneResult_Builder	a	a	0		undefined ~SceneResult_Builder(SceneResult_Builder * this)
7100024380	2208	OnEndingInit_Setup_Mgr	mg0503::GameMgr	a	a	0		ulong OnEndingInit_Setup_Mgr(GameMgr * this)
7100024c28	124	StopFx_Arm	mg0503::GameMgr	a	a	0		uint StopFx_Arm(GameMgr * this, int param_1, char * param_2)
7100024cb0	468	AddComponent<bq::ComUiTimer,bq::ComUiTimer::UiTimerType,(void*)0>	nn::bezel::Entity	a	a	0		WeakHandle AddComponent<bq::ComUiTimer,bq::ComUiTimer::UiTimerType,(void*)0>(long * param_1_00, HandlePtr * param_2, undefined4 * param_3)
7100024e8c	96	StopFx_Attach	mg0503::GameMgr	a	a	0		uint StopFx_Attach(long param_1, char * param_2)
7100024eec	112	SetBoolFx_Arm	mg0503::GameMgr	a	a	0		uint SetBoolFx_Arm(GameMgr * this, int param_1, char * param_2)
7100024f5c	4	getInstanceTypeinfo	bex::Fiber	a	a	0		undefined getInstanceTypeinfo(void)
7100024f60	4	StartUpdate	bex::Fiber	a	a	0		undefined StartUpdate(void)
7100024f64	44	Destroy	bex::Fiber	a	a	0		undefined Destroy(Fiber * this)
7100024f90	316	find<std::basic_string<char,std::char_traits<char>,bex::HeapModule::Allocator_string<char>>>	std::__tree<std::__value_type<std::basic_string<char,std::char_traits<char>,bex::HeapModule::Allocator_string<char>>,wl::CsvLabel::_V>,std::__map_value_compare<std::basic_string<char,std::char_traits<char>,bex::HeapModule::Allocator_string<char>>,std::__value_type<std::basic_string<char,std::char_traits<char>,bex::HeapModule::Allocator_string<char>>,wl::CsvLabel::_V>,std::less<std::basic_string<char,std::char_traits<char>,bex::HeapModule::Allocator_string<char>>>,true>,bex::HeapModule::Allocator_map<std::__value_type<std::basic_string<char,std::char_traits<char>,bex::HeapModule::Allocator_string<char>>,wl::CsvLabel::_V>>>	a	a	0		__tree<std::__value_type<std::basic_string<char,std::char_traits<char>,bex::HeapModule::Allocator_string<char>>,wl::CsvLabel::_V>,std::__map_value_compare<std::basic_string<char,std::char_traits<char>,bex::HeapModule::Allocator_string<char>>,std::__value_type<std::basic_string<char,std::char_traits<char>,bex::HeapModule::Allocator_string<char>>,wl::CsvLabel::_V>,std::less<std::basic_string<char,std::char_traits<char>,bex::HeapModule::Allocator_string<char>>>,true>,bex::HeapModule::Allocator_map<std::__value_type<std::basic_string<char,std::char_traits<char>,bex::HeapModule::Allocator_string<char>>,wl::CsvLabel::_V>>> * find<std::basic_string<char,std::char_traits<char>,bex::HeapModule::Allocator_string<char>>>(__tree<std::__value_type<std::basic_string<char,std::char_traits<char>,bex::HeapModule::Allocator_string<char>>,wl::CsvLabel::_V>,std::__map_value_compare<std::basic_string<char,std::char_traits<char>,bex::HeapModule::Allocator_string<char>>,std::__value_type<std::basic_string<char,std::char_traits<char>,bex::HeapModule::Allocator_string<char>>,wl::CsvLabel::_V>,std::less<std::basic_string<char,std::char_traits<char>,bex::HeapModule::Allocator_string<char>>>,true>,bex::HeapModule::Allocator_map<std::__value_type<std::basic_string<char,std::char_traits<char>,bex::HeapModule::Allocator_string<char>>,wl::CsvLabel::_V>>> * this, byte * param_1)
71000250e0	24	FUN_71000250e0		d	a	0		undefined FUN_71000250e0(void)
7100025100	80	FUN_7100025100		d	a	0		undefined FUN_7100025100(char * param_1)
7100025150	48	FUN_7100025150		d	a	0		undefined FUN_7100025150(logic_error * param_1, char * param_2)
7100025180	104	operator()	wl::mg::CreateTexture(std::basic_string<char,std::char_traits<char>,bex::HeapModule::Allocator_string<char>>const&)::{lambda(auto:1*)#1}	a	a	0		auto operator()(undefined8 param_1_00, long * param_2)
71000251e8	36	~__shared_ptr_pointer	std::__shared_ptr_pointer<nn::bezel::HandlePtr<nn::bezel::Texture>*,wl::mg::CreateTexture(std::basic_string<char,std::char_traits<char>,bex::HeapModule::Allocator_string<char>>const&)::{lambda(auto:1*)#1},std::allocator<nn::bezel::HandlePtr<nn::bezel::Texture>>>	a	a	0		undefined ~__shared_ptr_pointer(__shared_ptr_pointer<nn::bezel::HandlePtr<nn::bezel::Texture>*,wl::mg::CreateTexture(std::basic_string<char,std::char_traits<char>,bex::HeapModule::Allocator_string<char>>const&)::{lambda(auto:1*)#1},std::allocator<nn::bezel::HandlePtr<nn::bezel::Texture>>> * this)
7100025210	104	__on_zero_shared	std::__shared_ptr_pointer<nn::bezel::HandlePtr<nn::bezel::Texture>*,wl::mg::CreateTexture(std::basic_string<char,std::char_traits<char>,bex::HeapModule::Allocator_string<char>>const&)::{lambda(auto:1*)#1},std::allocator<nn::bezel::HandlePtr<nn::bezel::Texture>>>	a	a	0		undefined __on_zero_shared(__shared_ptr_pointer<nn::bezel::HandlePtr<nn::bezel::Texture>*,wl::mg::CreateTexture(std::basic_string<char,std::char_traits<char>,bex::HeapModule::Allocator_string<char>>const&)::{lambda(auto:1*)#1},std::allocator<nn::bezel::HandlePtr<nn::bezel::Texture>>> * this)
7100025278	4	__on_zero_shared_weak	std::__shared_ptr_pointer<nn::bezel::HandlePtr<nn::bezel::Texture>*,wl::mg::CreateTexture(std::basic_string<char,std::char_traits<char>,bex::HeapModule::Allocator_string<char>>const&)::{lambda(auto:1*)#1},std::allocator<nn::bezel::HandlePtr<nn::bezel::Texture>>>	a	a	0		undefined __on_zero_shared_weak(__shared_ptr_pointer<nn::bezel::HandlePtr<nn::bezel::Texture>*,wl::mg::CreateTexture(std::basic_string<char,std::char_traits<char>,bex::HeapModule::Allocator_string<char>>const&)::{lambda(auto:1*)#1},std::allocator<nn::bezel::HandlePtr<nn::bezel::Texture>>> * this)
7100025280	164	destroy	std::__tree<std::__value_type<std::basic_string<char,std::char_traits<char>,bex::HeapModule::Allocator_string<char>>,wl::CsvLabel::_V>,std::__map_value_compare<std::basic_string<char,std::char_traits<char>,bex::HeapModule::Allocator_string<char>>,std::__value_type<std::basic_string<char,std::char_traits<char>,bex::HeapModule::Allocator_string<char>>,wl::CsvLabel::_V>,std::less<std::basic_string<char,std::char_traits<char>,bex::HeapModule::Allocator_string<char>>>,true>,bex::HeapModule::Allocator_map<std::__value_type<std::basic_string<char,std::char_traits<char>,bex::HeapModule::Allocator_string<char>>,wl::CsvLabel::_V>>>	a	a	0		undefined destroy(__tree<std::__value_type<std::basic_string<char,std::char_traits<char>,bex::HeapModule::Allocator_string<char>>,wl::CsvLabel::_V>,std::__map_value_compare<std::basic_string<char,std::char_traits<char>,bex::HeapModule::Allocator_string<char>>,std::__value_type<std::basic_string<char,std::char_traits<char>,bex::HeapModule::Allocator_string<char>>,wl::CsvLabel::_V>,std::less<std::basic_string<char,std::char_traits<char>,bex::HeapModule::Allocator_string<char>>>,true>,bex::HeapModule::Allocator_map<std::__value_type<std::basic_string<char,std::char_traits<char>,bex::HeapModule::Allocator_string<char>>,wl::CsvLabel::_V>>> * this, undefined8 * param_1)
7100025330	228	~SceneResult_Builder	wl::SceneResult_Builder	a	a	0		undefined ~SceneResult_Builder(SceneResult_Builder * this)
710002541c	20	FUN_710002541c		d	a	0		undefined FUN_710002541c(void)
7100025430	32	IsDerivedFrom	nn::bezel::detail::StaticTypeDesc<nn::bezel::ComModel,false,nn::bezel::Component>	a	a	0		bool IsDerivedFrom(undefined * param_1)
7100025450	12	GetBaseTypeDesc	nn::bezel::detail::StaticTypeDesc<nn::bezel::ComModel,false,nn::bezel::Component>	a	a	0		undefined * GetBaseTypeDesc(void)
710002545c	20	GetNextBaseTypeDesc	nn::bezel::detail::StaticTypeDesc<nn::bezel::ComModel,false,nn::bezel::Component>	a	a	0		undefined * GetNextBaseTypeDesc(long param_1)
7100025470	8	CastTo	nn::bezel::detail::StaticTypeDesc<nn::bezel::ComModel,false,nn::bezel::Component>	a	a	0		undefined8 CastTo(undefined8 param_1, undefined8 param_2)
7100025478	8	CastToConst	nn::bezel::detail::StaticTypeDesc<nn::bezel::ComModel,false,nn::bezel::Component>	a	a	0		undefined8 CastToConst(undefined8 param_1, undefined8 param_2)
7100025480	208	~mg0503FxEffectClearCallback	mg0503::GameMgr::mg0503FxEffectClearCallback	a	a	0		undefined ~mg0503FxEffectClearCallback(mg0503FxEffectClearCallback * this)
7100025550	252	Csv	wl::Csv	a	a	0		undefined Csv(Csv * this, ulong * param_1)
710002564c	184	FUN_710002564c		d	a	0		undefined FUN_710002564c(void)
7100025704	20	FUN_7100025704		d	a	0		undefined FUN_7100025704(void)
7100025718	388	SafeCreate<bq::ComMatter,nn::bezel::HandlePtr<nn::bezel::Entity>const&,char_const*>	bex::ComponentUtil	a	a	0		WeakHandle SafeCreate<bq::ComMatter,nn::bezel::HandlePtr<nn::bezel::Entity>const&,char_const*>(long * param_1_00, ComponentUtil * this, undefined8 * param_3)
71000258ac	32	IsDerivedFrom	nn::bezel::detail::StaticTypeDesc<bex::ComFxTrigger,false,nn::bezel::Component>	a	a	0		bool IsDerivedFrom(undefined * param_1)
71000258cc	12	GetBaseTypeDesc	nn::bezel::detail::StaticTypeDesc<bex::ComFxTrigger,false,nn::bezel::Component>	a	a	0		undefined * GetBaseTypeDesc(void)
71000258d8	20	GetNextBaseTypeDesc	nn::bezel::detail::StaticTypeDesc<bex::ComFxTrigger,false,nn::bezel::Component>	a	a	0		undefined * GetNextBaseTypeDesc(long param_1)
71000258ec	8	CastTo	nn::bezel::detail::StaticTypeDesc<bex::ComFxTrigger,false,nn::bezel::Component>	a	a	0		undefined8 CastTo(undefined8 param_1, undefined8 param_2)
71000258f4	8	CastToConst	nn::bezel::detail::StaticTypeDesc<bex::ComFxTrigger,false,nn::bezel::Component>	a	a	0		undefined8 CastToConst(undefined8 param_1, undefined8 param_2)
71000258fc	28	Play	mg0503::GameMgr::mg0503FxEffectClearCallback	a	a	0		undefined Play(mg0503FxEffectClearCallback * this, long param_1)
7100025920	208	~mg0503FxEffectClearCallback	mg0503::GameMgr::mg0503FxEffectClearCallback	a	a	0		undefined ~mg0503FxEffectClearCallback(mg0503FxEffectClearCallback * this)
71000259f0	360	Reset	nn::bezel::HandleSource<bex::FxtCallback_Particle>	a	a	0		undefined Reset(HandleSource<bex::FxtCallback_Particle> * this, long param_1)
7100025b60	400	emplace_back<nn::bezel::HandlePtr<bex::Effect>const&>	std::vector<nn::bezel::WeakHandle<bex::Effect>,bex::HeapModule::Allocator_vector<nn::bezel::WeakHandle<bex::Effect>>>	a	a	0		undefined8 * emplace_back<nn::bezel::HandlePtr<bex::Effect>const&>(vector<nn::bezel::WeakHandle<bex::Effect>,bex::HeapModule::Allocator_vector<nn::bezel::WeakHandle<bex::Effect>>> * this, undefined8 * param_1)
7100025cf0	20	FUN_7100025cf0		d	a	0		undefined FUN_7100025cf0(void)
7100025d04	32	IsDerivedFrom	nn::bezel::detail::StaticTypeDesc<bex::gfx::ComModelBuffer,false,nn::bezel::Component>	a	a	0		bool IsDerivedFrom(undefined * param_1)
7100025d24	12	GetBaseTypeDesc	nn::bezel::detail::StaticTypeDesc<bex::gfx::ComModelBuffer,false,nn::bezel::Component>	a	a	0		undefined * GetBaseTypeDesc(void)
7100025d30	20	GetNextBaseTypeDesc	nn::bezel::detail::StaticTypeDesc<bex::gfx::ComModelBuffer,false,nn::bezel::Component>	a	a	0		undefined * GetNextBaseTypeDesc(long param_1)
7100025d44	8	CastTo	nn::bezel::detail::StaticTypeDesc<bex::gfx::ComModelBuffer,false,nn::bezel::Component>	a	a	0		undefined8 CastTo(undefined8 param_1, undefined8 param_2)
7100025d4c	8	CastToConst	nn::bezel::detail::StaticTypeDesc<bex::gfx::ComModelBuffer,false,nn::bezel::Component>	a	a	0		undefined8 CastToConst(undefined8 param_1, undefined8 param_2)
7100025d54	368	SafeCreate<bq::ComUiTimer,nn::bezel::HandlePtr<nn::bezel::Entity>const&,bq::ComUiTimer::UiTimerType>	bex::ComponentUtil	a	a	0		WeakHandle SafeCreate<bq::ComUiTimer,nn::bezel::HandlePtr<nn::bezel::Entity>const&,bq::ComUiTimer::UiTimerType>(long * param_1_00, ComponentUtil * this, undefined4 * param_3)
7100025ed4	32	IsDerivedFrom	nn::bezel::detail::StaticTypeDesc<bq::ComUiTimer,false,nn::bezel::Component>	a	a	0		bool IsDerivedFrom(undefined * param_1)
7100025ef4	12	GetBaseTypeDesc	nn::bezel::detail::StaticTypeDesc<bq::ComUiTimer,false,nn::bezel::Component>	a	a	0		undefined * GetBaseTypeDesc(void)
7100025f00	20	GetNextBaseTypeDesc	nn::bezel::detail::StaticTypeDesc<bq::ComUiTimer,false,nn::bezel::Component>	a	a	0		undefined * GetNextBaseTypeDesc(long param_1)
7100025f14	8	CastTo	nn::bezel::detail::StaticTypeDesc<bq::ComUiTimer,false,nn::bezel::Component>	a	a	0		undefined8 CastTo(undefined8 param_1, undefined8 param_2)
7100025f1c	8	CastToConst	nn::bezel::detail::StaticTypeDesc<bq::ComUiTimer,false,nn::bezel::Component>	a	a	0		undefined8 CastToConst(undefined8 param_1, undefined8 param_2)
7100025f30	88	FUN_7100025f30		d	a	0		undefined FUN_7100025f30(void)
7100025f90	3780	Players	mg0503::Players	a	a	0		undefined Players(Players * this)
7100026e6c	12	SetComLv	mg0503::Players	a	a	0		undefined SetComLv(Players * this, int param_1, undefined4 param_2)
7100026e80	468	AddComponent<bq::ComMatter,bex::PlayerID&,bq::MatterType,(void*)0>	nn::bezel::Entity	a	a	0		WeakHandle AddComponent<bq::ComMatter,bex::PlayerID&,bq::MatterType,(void*)0>(long * param_1_00, HandlePtr * param_2, undefined4 * param_3, undefined4 * param_4)
7100027060	320	CharacterActionMgIdle	mg0503::constant	a	a	0		undefined8 CharacterActionMgIdle(undefined8 * param_1)
71000271a0	576	CharacterActionButtonIdle	mg0503::constant	a	a	0		undefined8 CharacterActionButtonIdle(undefined8 * param_1)
71000273e0	92	CallActionMgIdle	mg0503::Players	a	a	0		undefined CallActionMgIdle(long param_1, int param_2)
710002743c	92	IsCom	mg0503::Players	a	a	0		bool IsCom(Players * this, int param_1)
71000274a0	468	AddComponent<wl::ComponentJoyconRandomSwingCheck,,(void*)0>	nn::bezel::Entity	a	a	0		WeakHandle AddComponent<wl::ComponentJoyconRandomSwingCheck,,(void*)0>(long * param_1, HandlePtr * param_2)
710002767c	12	GetComLv	mg0503::Players	a	a	0		undefined4 GetComLv(Players * this, int param_1)
7100027690	340	~Players	mg0503::Players	a	a	0		undefined ~Players(Players * this)
71000277e4	368	InitParam	mg0503::Players	a	a	0		undefined InitParam(Players * this, undefined8 param_1)
7100027954	120	CalcComButtonWaitV	mg0503::Players	a	a	0		undefined CalcComButtonWaitV(Players * this, int param_1)
71000279cc	4	Update	mg0503::Players	a	a	0		undefined Update(void)
71000279d0	28	GetEntity	mg0503::Players	a	a	0		undefined GetEntity(undefined8 * param_1, long param_2, int param_3)
71000279ec	80	GetPlayerID	mg0503::Players	a	a	0		undefined GetPlayerID(Players * this, int param_1)
7100027a3c	80	GetCharaID	mg0503::Players	a	a	0		undefined GetCharaID(Players * this, int param_1)
7100027a8c	108	GetPcNumber	mg0503::Players	a	a	0		undefined GetPcNumber(Players * this, int param_1)
7100027afc	116	GetPcHeight	mg0503::Players	a	a	0		undefined GetPcHeight(Players * this, int param_1)
7100027b74	132	IsPcBig	mg0503::Players	a	a	0		bool IsPcBig(Players * this, int param_1)
7100027c00	324	GetActor	mg0503::Players	a	a	0		undefined GetActor(long * param_1, long param_2, int param_3)
7100027d50	324	GetComMatter	mg0503::Players	a	a	0		undefined GetComMatter(long * param_1, long param_2, int param_3)
7100027e9c	88	GetComModel	mg0503::Players	a	a	0		undefined GetComModel(long param_1, int param_2)
7100027ef4	168	SetComModelVisible	mg0503::Players	a	a	0		undefined8 SetComModelVisible(long param_1, int param_2)
7100027fa0	352	SetShadowVisible	mg0503::Players	a	a	0		undefined8 SetShadowVisible(long param_1, int param_2)
7100028110	324	GetComHeading	mg0503::Players	a	a	0		undefined GetComHeading(long * param_1, long param_2, int param_3)
710002825c	88	GetPad	mg0503::Players	a	a	0		undefined GetPad(long param_1, int param_2)
71000282b4	120	GetPadAcc	mg0503::Players	a	a	0		undefined GetPadAcc(Players * this, int param_1)
710002832c	264	SetPadOverLay	mg0503::Players	a	a	0		bool SetPadOverLay(long param_1, int param_2)
7100028434	752	SetMatx	mg0503::Players	a	a	0		undefined SetMatx(long param_1, int param_2)
7100028724	412	SetRotYRad	mg0503::Players	a	a	0		undefined SetRotYRad(float param_1, long param_2_00, int param_3)
71000288c0	428	SetRotY	mg0503::Players	a	a	0		undefined SetRotY(float param_1, long param_2_00, int param_3)
7100028a70	1412	SetRotMtY	mg0503::Players	a	a	0		undefined SetRotMtY(float param_1, Players * this, int param_3)
7100029000	376	SetMtxOffset	mg0503::Players	a	a	0		undefined SetMtxOffset(long param_1, int param_2)
7100029180	80	GetPos	mg0503::Players	a	a	0		undefined1[16] GetPos(long param_1, int param_2)
71000291d0	80	SetPos	mg0503::Players	a	a	0		undefined SetPos(undefined8 param_1, long param_2, int param_3)
7100029220	88	SetControl	mg0503::Players	a	a	0		undefined SetControl(Players * this, int param_1, byte param_2)
7100029278	100	SetInputControl	mg0503::Players	a	a	0		undefined SetInputControl(long param_1, int param_2)
71000292dc	128	CallActionWin	mg0503::Players	a	a	0		undefined CallActionWin(long param_1, int param_2)
710002935c	128	CallActionLose	mg0503::Players	a	a	0		undefined CallActionLose(long param_1, int param_2)
71000293dc	124	CallActionDamage	mg0503::Players	a	a	0		undefined CallActionDamage(Players * this, int param_1)
7100029458	108	CallActionIdle	mg0503::Players	a	a	0		undefined CallActionIdle(long param_1, int param_2)
71000294c4	92	CallActionBuIdle	mg0503::Players	a	a	0		undefined CallActionBuIdle(long param_1, int param_2)
7100029520	84	SetHeadLookPos	mg0503::Players	a	a	0		undefined SetHeadLookPos(undefined8 param_1, long param_2, int param_3)
7100029574	72	ClearHeadLookPos	mg0503::Players	a	a	0		undefined ClearHeadLookPos(long param_1, int param_2)
71000295bc	116	UpdatePlayerFinish	mg0503::Players	a	a	0		undefined UpdatePlayerFinish(Players * this, int param_1)
7100029630	176	GameStartPlayer	mg0503::Players	a	a	0		undefined GameStartPlayer(Players * this, int param_1)
71000296e0	380	UpdatePlayer	mg0503::Players	a	a	0		uint UpdatePlayer(Players * this, int param_1)
7100029860	448	UpdatePlayerIdle	mg0503::Players	a	a	0		undefined UpdatePlayerIdle(Players * this, int param_1)
7100029a28	228	UpdatePlayerCom	mg0503::Players	a	a	0		bool UpdatePlayerCom(Players * this, int param_1)
7100029b0c	636	UpdatePlayerPad	mg0503::Players	a	a	0		undefined8 UpdatePlayerPad(Players * this, int param_1)
7100029d90	476	UpdatePlayerPushButton	mg0503::Players	a	a	0		undefined UpdatePlayerPushButton(Players * this, int param_1, uint param_2)
7100029f80	488	changeMotion	mg0503::Players	a	a	0		undefined changeMotion(Players * this, int param_1, byte * param_2)
710002a170	20	FUN_710002a170		d	a	0		undefined FUN_710002a170(void)
710002a184	384	SafeCreate<bq::ComMatter,nn::bezel::HandlePtr<nn::bezel::Entity>const&,bex::PlayerID&,bq::MatterType>	bex::ComponentUtil	a	a	0		WeakHandle SafeCreate<bq::ComMatter,nn::bezel::HandlePtr<nn::bezel::Entity>const&,bex::PlayerID&,bq::MatterType>(long * param_1_00, ComponentUtil * this, undefined4 * param_3, undefined4 * param_4)
710002a318	4	~__func	std::__function::__func<actor::ActionStatus(*)(actor::ActionContext_const&)noexcept,std::allocator<actor::ActionStatus(*)(actor::ActionContext_const&)noexcept>,actor::ActionStatus(actor::ActionContext_const&)>	a	a	0		undefined ~__func(__func<actor::ActionStatus(*)(actor::ActionContext_const&)noexcept,std::allocator<actor::ActionStatus(*)(actor::ActionContext_const&)noexcept>,actor::ActionStatus(actor::ActionContext_const&)> * this)
710002a31c	56	__clone	std::__function::__func<actor::ActionStatus(*)(actor::ActionContext_const&)noexcept,std::allocator<actor::ActionStatus(*)(actor::ActionContext_const&)noexcept>,actor::ActionStatus(actor::ActionContext_const&)>	a	a	0		undefined __clone(__func<actor::ActionStatus(*)(actor::ActionContext_const&)noexcept,std::allocator<actor::ActionStatus(*)(actor::ActionContext_const&)noexcept>,actor::ActionStatus(actor::ActionContext_const&)> * this)
710002a354	28	__clone	std::__function::__func<actor::ActionStatus(*)(actor::ActionContext_const&)noexcept,std::allocator<actor::ActionStatus(*)(actor::ActionContext_const&)noexcept>,actor::ActionStatus(actor::ActionContext_const&)>	a	a	0		undefined __clone(__func<actor::ActionStatus(*)(actor::ActionContext_const&)noexcept,std::allocator<actor::ActionStatus(*)(actor::ActionContext_const&)noexcept>,actor::ActionStatus(actor::ActionContext_const&)> * this, long * param_1)
710002a370	4	destroy	std::__function::__func<actor::ActionStatus(*)(actor::ActionContext_const&)noexcept,std::allocator<actor::ActionStatus(*)(actor::ActionContext_const&)noexcept>,actor::ActionStatus(actor::ActionContext_const&)>	a	a	0		undefined destroy(void)
710002a374	4	destroy_deallocate	std::__function::__func<actor::ActionStatus(*)(actor::ActionContext_const&)noexcept,std::allocator<actor::ActionStatus(*)(actor::ActionContext_const&)noexcept>,actor::ActionStatus(actor::ActionContext_const&)>	a	a	0		undefined destroy_deallocate(__func<actor::ActionStatus(*)(actor::ActionContext_const&)noexcept,std::allocator<actor::ActionStatus(*)(actor::ActionContext_const&)noexcept>,actor::ActionStatus(actor::ActionContext_const&)> * this)
710002a378	12	operator()	std::__function::__func<actor::ActionStatus(*)(actor::ActionContext_const&)noexcept,std::allocator<actor::ActionStatus(*)(actor::ActionContext_const&)noexcept>,actor::ActionStatus(actor::ActionContext_const&)>	a	a	0		undefined operator()(__func<actor::ActionStatus(*)(actor::ActionContext_const&)noexcept,std::allocator<actor::ActionStatus(*)(actor::ActionContext_const&)noexcept>,actor::ActionStatus(actor::ActionContext_const&)> * this, undefined8 param_1)
710002a384	248	SafeCreate<wl::ComponentJoyconRandomSwingCheck,nn::bezel::HandlePtr<nn::bezel::Entity>const&>	bex::ComponentUtil	a	a	0		WeakHandle SafeCreate<wl::ComponentJoyconRandomSwingCheck,nn::bezel::HandlePtr<nn::bezel::Entity>const&>(long * param_1, ComponentUtil * this)
710002a484	32	IsDerivedFrom	nn::bezel::detail::StaticTypeDesc<wl::ComponentJoyconRandomSwingCheck,false,nn::bezel::Component>	a	a	0		bool IsDerivedFrom(undefined * param_1)
710002a4a4	12	GetBaseTypeDesc	nn::bezel::detail::StaticTypeDesc<wl::ComponentJoyconRandomSwingCheck,false,nn::bezel::Component>	a	a	0		undefined * GetBaseTypeDesc(void)
710002a4b0	20	GetNextBaseTypeDesc	nn::bezel::detail::StaticTypeDesc<wl::ComponentJoyconRandomSwingCheck,false,nn::bezel::Component>	a	a	0		undefined * GetNextBaseTypeDesc(long param_1)
710002a4c4	8	CastTo	nn::bezel::detail::StaticTypeDesc<wl::ComponentJoyconRandomSwingCheck,false,nn::bezel::Component>	a	a	0		undefined8 CastTo(undefined8 param_1, undefined8 param_2)
710002a4cc	8	CastToConst	nn::bezel::detail::StaticTypeDesc<wl::ComponentJoyconRandomSwingCheck,false,nn::bezel::Component>	a	a	0		undefined8 CastToConst(undefined8 param_1, undefined8 param_2)
710002a4d4	32	IsDerivedFrom	nn::bezel::detail::StaticTypeDesc<actor::ComActor,false,nn::bezel::Component>	a	a	0		bool IsDerivedFrom(undefined * param_1)
710002a4f4	12	GetBaseTypeDesc	nn::bezel::detail::StaticTypeDesc<actor::ComActor,false,nn::bezel::Component>	a	a	0		undefined * GetBaseTypeDesc(void)
710002a500	20	GetNextBaseTypeDesc	nn::bezel::detail::StaticTypeDesc<actor::ComActor,false,nn::bezel::Component>	a	a	0		undefined * GetNextBaseTypeDesc(long param_1)
710002a514	8	CastTo	nn::bezel::detail::StaticTypeDesc<actor::ComActor,false,nn::bezel::Component>	a	a	0		undefined8 CastTo(undefined8 param_1, undefined8 param_2)
710002a51c	8	CastToConst	nn::bezel::detail::StaticTypeDesc<actor::ComActor,false,nn::bezel::Component>	a	a	0		undefined8 CastToConst(undefined8 param_1, undefined8 param_2)
710002a524	32	IsDerivedFrom	nn::bezel::detail::StaticTypeDesc<bex::ComHeading,false,nn::bezel::Component>	a	a	0		bool IsDerivedFrom(undefined * param_1)
710002a544	12	GetBaseTypeDesc	nn::bezel::detail::StaticTypeDesc<bex::ComHeading,false,nn::bezel::Component>	a	a	0		undefined * GetBaseTypeDesc(void)
710002a550	20	GetNextBaseTypeDesc	nn::bezel::detail::StaticTypeDesc<bex::ComHeading,false,nn::bezel::Component>	a	a	0		undefined * GetNextBaseTypeDesc(long param_1)
710002a564	8	CastTo	nn::bezel::detail::StaticTypeDesc<bex::ComHeading,false,nn::bezel::Component>	a	a	0		undefined8 CastTo(undefined8 param_1, undefined8 param_2)
710002a56c	8	CastToConst	nn::bezel::detail::StaticTypeDesc<bex::ComHeading,false,nn::bezel::Component>	a	a	0		undefined8 CastToConst(undefined8 param_1, undefined8 param_2)
710002a574	220	getStaticTypeinfo	mg0503::Scene::Params	a	a	0		undefined * getStaticTypeinfo(void)
710002a650	608	getPropertyList	mg0503::Scene::Params	a	a	0		undefined * getPropertyList(void)
710002a8b0	128	createInstance	mg0503::Scene::Params	a	a	0		undefined createInstance(void)
710002a930	20	deleteInstance	mg0503::Scene::Params	a	a	0		undefined deleteInstance(long * param_1)
710002a944	4	checkGuiProperty	rtti::Class	a	a	0		undefined checkGuiProperty(void * param_1, Property * param_2, PropertyList * param_3)
710002a948	4	createGuiProperty	rtti::Class	a	a	0		undefined createGuiProperty(void * param_1, Property * param_2, Typeinfo * param_3, uint param_4)
710002a94c	68	DummySymbolLink	mg0503::Scene	a	a	0		undefined DummySymbolLink(ulong param_1)
710002a994	220	getStaticTypeinfo	mg0503::Scene	a	a	0		undefined * getStaticTypeinfo(void)
710002aa70	96	getPropertyList	mg0503::Scene	a	a	0		undefined8 getPropertyList(void)
710002aad0	44	createInstance	mg0503::Scene	a	a	0		Scene * createInstance(void)
710002aafc	44	deleteInstance	mg0503::Scene	a	a	0		undefined deleteInstance(Scene * param_1)
710002ab28	92	Scene	mg0503::Scene	a	a	0		undefined Scene(Scene * this)
710002ab84	84	~Scene	mg0503::Scene	a	a	0		undefined ~Scene(Scene * this)
710002abd8	36	~Scene	mg0503::Scene	a	a	0		undefined ~Scene(Scene * this)
710002abfc	116	SetupGameImpl	mg0503::Scene	a	a	0		undefined SetupGameImpl(Scene * this)
710002ac70	40	SyncedSetupGameImpl	mg0503::Scene	a	a	0		undefined SyncedSetupGameImpl(Scene * this)
710002ac9c	72	CleanupGameImpl	mg0503::Scene	a	a	0		undefined CleanupGameImpl(Scene * this)
710002ace4	8	OnGameInitImpl	mg0503::Scene	a	a	0		undefined OnGameInitImpl(Scene * this)
710002acec	8	OnGameInstInitImpl	mg0503::Scene	a	a	0		undefined OnGameInstInitImpl(Scene * this)
710002acf4	8	OnGameFirstFadeImpl	mg0503::Scene	a	a	0		undefined OnGameFirstFadeImpl(Scene * this)
710002acfc	8	OnGameOpeningImpl	mg0503::Scene	a	a	0		undefined OnGameOpeningImpl(Scene * this)
710002ad04	8	OnGameOpeningSkipImpl	mg0503::Scene	a	a	0		undefined OnGameOpeningSkipImpl(Scene * this)
710002ad0c	8	OnGameStartBeforeImpl	mg0503::Scene	a	a	0		undefined OnGameStartBeforeImpl(Scene * this)
710002ad14	8	OnGameStartImpl	mg0503::Scene	a	a	0		undefined OnGameStartImpl(void)
710002ad1c	8	OnGameStartAfterImpl	mg0503::Scene	a	a	0		undefined OnGameStartAfterImpl(Scene * this)
710002ad24	8	OnGameMainImpl	mg0503::Scene	a	a	0		bool OnGameMainImpl(Scene * this)
710002ad2c	8	OnThreeMinTimerEndImpl	mg0503::Scene	a	a	0		undefined OnThreeMinTimerEndImpl(void)
710002ad34	8	OnGameEndImpl	mg0503::Scene	a	a	0		undefined OnGameEndImpl(Scene * this)
710002ad3c	8	OnGameFinishImpl	mg0503::Scene	a	a	0		bool OnGameFinishImpl(Scene * this)
710002ad44	56	OnEndingInitImpl	mg0503::Scene	a	a	0		uint OnEndingInitImpl(Scene * this, undefined8 * param_1)
710002ad7c	8	OnEndingInit_SetupImpl	mg0503::Scene	a	a	0		undefined OnEndingInit_SetupImpl(Scene * this)
710002ad84	220	getInstanceTypeinfo	mg0503::Scene	a	a	0		undefined * getInstanceTypeinfo(void)
710002ae60	16	GetSymbol	mg0503::Scene	a	a	0		undefined8 GetSymbol(void)
710002ae70	8	GetTickElapsed	bex::SceneBase	a	a	0		undefined8 GetTickElapsed(void)
710002ae78	28	GetHandle	bex::SceneBase	a	a	0		undefined GetHandle(undefined8 * param_1, long param_2)
710002ae94	4	OnCleanupProcessing	bex::GameScene	a	a	0		undefined OnCleanupProcessing(void)
710002ae98	4	OnSyncEnd	bex::NetworkGameScene	a	a	0		undefined OnSyncEnd(void)
710002ae9c	4	OnGameSequenceBefore	bq::MinigameScene	a	a	0		undefined OnGameSequenceBefore(void)
710002aea0	4	OnGameSequenceAfter	bq::MinigameScene	a	a	0		undefined OnGameSequenceAfter(void)
710002aea4	8	OnGameFinishAfter	bq::MinigameScene	a	a	0		undefined8 OnGameFinishAfter(void)
710002aeac	8	OnCharaGameDemoStartImpl	wl::IMinigameScene	a	a	0		undefined8 OnCharaGameDemoStartImpl(void)
710002aeb4	8	OnCharaGameDemoImpl	wl::IMinigameScene	a	a	0		undefined8 OnCharaGameDemoImpl(void)
710002aebc	4	OnCharaGameDemoSkipStartImpl	wl::IMinigameScene	a	a	0		undefined OnCharaGameDemoSkipStartImpl(void)
710002aec0	4	OnCharaGameDemoSkipEndImpl	wl::IMinigameScene	a	a	0		undefined OnCharaGameDemoSkipEndImpl(void)
710002aec4	8	OnCharaGameDemoEndImpl	wl::IMinigameScene	a	a	0		undefined8 OnCharaGameDemoEndImpl(void)
710002aecc	8	OnGameStartTelopBeforeImpl	wl::IMinigameScene	a	a	0		undefined8 OnGameStartTelopBeforeImpl(void)
710002aed4	8	OnGameEndingFadeImpl	wl::IMinigameScene	a	a	0		undefined8 OnGameEndingFadeImpl(void)
710002aedc	8	OnGameEndingChangeCutImpl	wl::IMinigameScene	a	a	0		undefined8 OnGameEndingChangeCutImpl(void)
710002aee4	8	OnGameEndingBeforeImpl	wl::IMinigameScene	a	a	0		undefined8 OnGameEndingBeforeImpl(void)
710002aeec	8	OnGameEndingImpl	wl::IMinigameScene	a	a	0		undefined8 OnGameEndingImpl(void)
710002aef4	8	OnGameEndingAfterImpl	wl::IMinigameScene	a	a	0		undefined8 OnGameEndingAfterImpl(void)
710002aefc	8	OnGameEndingSkipImpl	wl::IMinigameScene	a	a	0		undefined8 OnGameEndingSkipImpl(void)
710002af04	8	OnGameLastFadeImpl	wl::IMinigameScene	a	a	0		undefined8 OnGameLastFadeImpl(void)
710002af0c	8	OnGameExitImpl	wl::IMinigameScene	a	a	0		undefined8 OnGameExitImpl(void)
710002af14	4	Notify	wl::IMinigameScene	a	a	0		undefined Notify(void)
710002af18	4	~Params	mg0503::Scene::Params	a	a	0		undefined ~Params(Params * this)
710002af1c	220	getInstanceTypeinfo	mg0503::Scene::Params	a	a	0		undefined * getInstanceTypeinfo(void)
710002aff8	16	GetSymbol	mg0503::Scene::Params	a	a	0		undefined8 GetSymbol(void)
710002b008	4	~Class	rtti::Class	a	a	0		undefined ~Class(void)
710002b00c	64	destroy	std::__tree<std::__value_type<wl::eSceneEventID,int>,std::__map_value_compare<wl::eSceneEventID,std::__value_type<wl::eSceneEventID,int>,std::less<wl::eSceneEventID>,true>,bex::HeapModule::Allocator_map<std::__value_type<wl::eSceneEventID,int>>>	a	a	0		undefined destroy(__tree<std::__value_type<wl::eSceneEventID,int>,std::__map_value_compare<wl::eSceneEventID,std::__value_type<wl::eSceneEventID,int>,std::less<wl::eSceneEventID>,true>,bex::HeapModule::Allocator_map<std::__value_type<wl::eSceneEventID,int>>> * this, undefined8 * param_1)
710002b050	992	FUN_710002b050		d	a	0		undefined FUN_710002b050(void)
710002b430	16	SetMinigameScene	mg0503	a	a	0		undefined SetMinigameScene(undefined8 param_1)
710002b440	16	GetMinigameScene	mg0503	a	a	0		undefined8 GetMinigameScene(void)
710002b450	16	SetMinigameScenemg0503	mg0503	a	a	0		undefined SetMinigameScenemg0503(undefined8 param_1)
710002b460	16	GetMinigameScenemg0503	mg0503	a	a	0		undefined8 GetMinigameScenemg0503(void)
710002b470	428	Util_SetMaterialTexture	mg0503	a	a	0		undefined Util_SetMaterialTexture(long * param_1, char * param_2, char * param_3, undefined8 * param_4)
710002b630	332	Util_FxPlayEntity	mg0503	a	a	0		uint Util_FxPlayEntity(long * param_1, char * param_2)
710002b790	332	Util_FxStopEntity	mg0503	a	a	0		uint Util_FxStopEntity(long * param_1, char * param_2)
710002b8f0	260	Util_FxStopAllEntity	mg0503	a	a	0		undefined Util_FxStopAllEntity(long * param_1)
710002ba00	328	Util_FxSetBoolEntity	mg0503	a	a	0		uint Util_FxSetBoolEntity(long * param_1, char * param_2)
710002bb50	632	Util_HookModelEntity	mg0503	a	a	0		undefined Util_HookModelEntity(long * param_1, long * param_2, char * param_3)
710002bde0	480	AddComponent<nn::bezel::ComAttachment,,(void*)0>	nn::bezel::Entity	a	a	0		WeakHandle AddComponent<nn::bezel::ComAttachment,,(void*)0>(long * param_1, HandlePtr * param_2)
710002bfd0	76	Util_RemoveHookModelEntity	mg0503	a	a	0		undefined Util_RemoveHookModelEntity(undefined8 * param_1)
710002c020	372	Util_GetBoneWorldPosEntity	mg0503	a	a	0		undefined1[16] Util_GetBoneWorldPosEntity(long * param_1, char * param_2)
710002c1a0	268	Util_GetBoneNumberWorldPosEntity	mg0503	a	a	0		undefined1[16] Util_GetBoneNumberWorldPosEntity(long * param_1, int param_2)
710002c2c0	384	Util_GetBoneWorldMatrixEntity	mg0503	a	a	0		undefined1[16] Util_GetBoneWorldMatrixEntity(long * param_1, char * param_2)
710002c450	412	Util_MotionPlayEntity	mg0503	a	a	0		undefined Util_MotionPlayEntity(long * param_1, char * param_2)
710002c600	444	Util_MotionPlayLastFrameEntity	mg0503	a	a	0		undefined Util_MotionPlayLastFrameEntity(long * param_1, char * param_2)
710002c7d0	500	Util_MotionPlaySub1Entity	mg0503	a	a	0		undefined Util_MotionPlaySub1Entity(long * param_1, char * param_2)
710002c9d0	500	Util_MotionPlaySub2Entity	mg0503	a	a	0		undefined Util_MotionPlaySub2Entity(long * param_1, char * param_2)
710002cbd0	500	Util_MotionPlaySub3Entity	mg0503	a	a	0		undefined Util_MotionPlaySub3Entity(long * param_1, char * param_2)
710002cdd0	264	Util_IsMotionFinishEntity	mg0503	a	a	0		undefined8 Util_IsMotionFinishEntity(long * param_1)
710002cee0	276	Util_ModelSetVisibleEntity	mg0503	a	a	0		undefined Util_ModelSetVisibleEntity(long * param_1)
710002d000	392	Util_NpcModelSetColor	mg0503	a	a	0		undefined Util_NpcModelSetColor(long * param_1)
710002d1a0	376	Util_PlaySeEntity	mg0503	a	a	0		undefined8 Util_PlaySeEntity(long * param_1, int param_2)
710002d320	480	AddComponent<bex::sound::ComActor,,(void*)0>	nn::bezel::Entity	a	a	0		WeakHandle AddComponent<bex::sound::ComActor,,(void*)0>(long * param_1, HandlePtr * param_2)
710002d508	32	IsDerivedFrom	nn::bezel::detail::StaticTypeDesc<nn::bezel::ComAttachment,false,nn::bezel::Component>	a	a	0		bool IsDerivedFrom(undefined * param_1)
710002d528	12	GetBaseTypeDesc	nn::bezel::detail::StaticTypeDesc<nn::bezel::ComAttachment,false,nn::bezel::Component>	a	a	0		undefined * GetBaseTypeDesc(void)
710002d534	20	GetNextBaseTypeDesc	nn::bezel::detail::StaticTypeDesc<nn::bezel::ComAttachment,false,nn::bezel::Component>	a	a	0		undefined * GetNextBaseTypeDesc(long param_1)
710002d548	8	CastTo	nn::bezel::detail::StaticTypeDesc<nn::bezel::ComAttachment,false,nn::bezel::Component>	a	a	0		undefined8 CastTo(undefined8 param_1, undefined8 param_2)
710002d550	8	CastToConst	nn::bezel::detail::StaticTypeDesc<nn::bezel::ComAttachment,false,nn::bezel::Component>	a	a	0		undefined8 CastToConst(undefined8 param_1, undefined8 param_2)
710002d558	32	IsDerivedFrom	nn::bezel::detail::StaticTypeDesc<bex::sound::ComActor,false,nn::bezel::Component>	a	a	0		bool IsDerivedFrom(undefined * param_1)
710002d578	12	GetBaseTypeDesc	nn::bezel::detail::StaticTypeDesc<bex::sound::ComActor,false,nn::bezel::Component>	a	a	0		undefined * GetBaseTypeDesc(void)
710002d584	20	GetNextBaseTypeDesc	nn::bezel::detail::StaticTypeDesc<bex::sound::ComActor,false,nn::bezel::Component>	a	a	0		undefined * GetNextBaseTypeDesc(long param_1)
710002d598	8	CastTo	nn::bezel::detail::StaticTypeDesc<bex::sound::ComActor,false,nn::bezel::Component>	a	a	0		undefined8 CastTo(undefined8 param_1, undefined8 param_2)
710002d5a0	8	CastToConst	nn::bezel::detail::StaticTypeDesc<bex::sound::ComActor,false,nn::bezel::Component>	a	a	0		undefined8 CastToConst(undefined8 param_1, undefined8 param_2)
710002d5b0	8	RegisterGeneratedBindCodes_mg0503	nn::bezel::detail::autogen	a	a	0		undefined8 RegisterGeneratedBindCodes_mg0503(void)
710002d5c0	16	SuppressDeadStrip_mg0503	nn::bezel::detail::autogen	a	a	0		undefined4 SuppressDeadStrip_mg0503(void)
710002d5d0	8	RegisterGeneratedBindCodes_sharedPCH	nn::bezel::detail::autogen	a	a	0		undefined8 RegisterGeneratedBindCodes_sharedPCH(void)
710002d5e0	16	SuppressDeadStrip_sharedPCH	nn::bezel::detail::autogen	a	a	0		undefined4 SuppressDeadStrip_sharedPCH(void)
710002d5f0	20	FUN_710002d5f0		d	a	0		undefined FUN_710002d5f0(void)
710002d610	16	__nnmusl_init_dso		i	d	1		undefined __nnmusl_init_dso()
710002d620	16	ProtectRelro	<EXTERNAL>::nn::ro	d	a	1		undefined ProtectRelro(void * param_1, void * param_2, void * param_3, void * param_4, void * param_5)
710002d630	16	__nnmusl_fini_dso		i	d	1		undefined __nnmusl_fini_dso()
710002d640	16	__cxa_guard_acquire		i	d	1		undefined __cxa_guard_acquire()
710002d650	16	__cxa_guard_release		i	d	1		undefined __cxa_guard_release()
710002d660	16	Create	mg0503::CameraMgr	d	a	1		undefined Create(long * param_1)
710002d670	16	GetMinigameScene	mg0503	d	a	1		undefined8 GetMinigameScene(void)
710002d680	16	CreateSceneEntity	<EXTERNAL>::bq::SceneBase	d	a	1		undefined CreateSceneEntity(basic_string_view * param_1)
710002d690	16	AddComponent<bq::ComMatter,bq::MatterType,(void*)0>	nn::bezel::Entity	d	a	1		WeakHandle AddComponent<bq::ComMatter,bq::MatterType,(void*)0>(long * param_1_00, HandlePtr * param_2, undefined4 * param_3)
710002d6a0	16	GetCurrentGfxSceneType	<EXTERNAL>::bex::Scene	d	a	1		undefined GetCurrentGfxSceneType(void)
710002d6b0	16	GetScene	<EXTERNAL>::bex::gfx::RendererModule	d	a	1		undefined GetScene(SceneType param_1)
710002d6c0	16	GetGraphicsLayer	<EXTERNAL>::bex::gfx::Scene	d	a	1		undefined GetGraphicsLayer(int param_1)
710002d6d0	16	GetCamera	<EXTERNAL>::nn::bezel::ComCamera	d	a	1		undefined GetCamera(void)
710002d6e0	16	SetCamera	<EXTERNAL>::nn::bezel::GraphicsLayer	d	a	1		undefined SetCamera(WeakHandle * param_1)
710002d6f0	16	AbortImpl	<EXTERNAL>::nn::diag::detail	d	a	1		undefined AbortImpl(void)
710002d700	16	Alloc	<EXTERNAL>::bex::HeapModule	d	a	1		undefined Alloc(HeapID param_1, ulong param_2, int param_3, char * param_4, int param_5, char * param_6, char * param_7)
710002d710	16	File<>	wl::mg	d	a	1		basic_string File<>(ulong * param_1_00, byte * param_2)
710002d720	16	strlen		i	i	1		size_t strlen(char * __s)
710002d730	16	AddAnimation	<EXTERNAL>::actor::ComActorMotion	d	a	1		undefined AddAnimation(StringViewHashPair * param_1, basic_string_view * param_2, bool param_3, AnimatinType param_4, bool param_5, bool param_6)
710002d740	16	Free	<EXTERNAL>::bex::HeapModule	d	a	1		undefined Free(void * param_1)
710002d750	16	Play	<EXTERNAL>::actor::ComActorMotion	d	a	1		undefined Play(StringViewHashPair * param_1)
710002d760	16	SetFrame	<EXTERNAL>::actor::ComActorMotion	d	a	1		undefined SetFrame(float param_1)
710002d770	16	SetPauseEnabled	<EXTERNAL>::actor::ComActorMotion	d	a	1		undefined SetPauseEnabled(bool param_1)
710002d780	16	format<int>	wl	d	a	1		char * format<int>(long * param_1_00, wl * this, uint * param_3)
710002d790	16	SafeCreate<bq::ComMatter,nn::bezel::HandlePtr<nn::bezel::Entity>const&,bq::MatterType>	bex::ComponentUtil	d	a	1		WeakHandle SafeCreate<bq::ComMatter,nn::bezel::HandlePtr<nn::bezel::Entity>const&,bq::MatterType>(long * param_1_00, ComponentUtil * this, undefined4 * param_3)
710002d7a0	16	_internalCheckComponentValidity	<EXTERNAL>::nn::bezel::Entity	d	a	1		undefined _internalCheckComponentValidity(HandlePtr * param_1)
710002d7b0	16	AddComponentImpl	<EXTERNAL>::nn::bezel::Entity	d	a	1		undefined AddComponentImpl(HandlePtr * param_1)
710002d7c0	16	append	std::basic_string<char,std::char_traits<char>,bex::HeapModule::Allocator_string<char>>	d	a	1		basic_string<char,std::char_traits<char>,bex::HeapModule::Allocator_string<char>> * append(basic_string<char,std::char_traits<char>,bex::HeapModule::Allocator_string<char>> * this, void * param_1, ulong param_2)
710002d7d0	16	Replace<>	wl::mg	d	a	1		basic_string.conflict Replace<>(ulong * param_1, mg * this)
710002d7e0	16	__cxa_begin_catch		i	d	1		undefined __cxa_begin_catch()
710002d7f0	16	terminate	<EXTERNAL>::std	d	a	1		undefined terminate(void)
710002d800	16	snprintf		i	i	1		int snprintf(char * __s, size_t __maxlen, char * __format, ...)
710002d810	16	memset		i	i	1		void * memset(void * __s, int __c, size_t __n)
710002d820	16	InitParam	mg0503::CameraMgr	d	a	1		undefined InitParam(void)
710002d830	16	SetRotation	<EXTERNAL>::nn::bezel::Entity	d	a	1		undefined SetRotation(Quaternion * param_1)
710002d840	16	SetCameraTranslation	mg0503::CameraMgr	d	a	1		undefined SetCameraTranslation(undefined8 * param_1)
710002d850	16	SetTranslation	<EXTERNAL>::nn::bezel::Entity	d	a	1		undefined SetTranslation(Vector3f * param_1)
710002d860	16	StartOpeningCameraAnime	mg0503::CameraMgr	d	a	1		undefined StartOpeningCameraAnime(CameraMgr * this)
710002d870	16	StartCameraAnime	mg0503::CameraMgr	d	a	1		undefined StartCameraAnime(CameraMgr * this, char * param_1)
710002d880	16	SetCameraAnimeFrame	mg0503::CameraMgr	d	a	1		undefined SetCameraAnimeFrame(float param_1, CameraMgr * this)
710002d890	16	SetCameraAnimeSpeed	mg0503::CameraMgr	d	a	1		undefined8 SetCameraAnimeSpeed(float param_1, CameraMgr * this)
710002d8a0	16	SetSpeed	<EXTERNAL>::actor::ComActorMotion	d	a	1		undefined SetSpeed(float param_1)
710002d8b0	16	GetCameraAnimeFrame	mg0503::CameraMgr	d	a	1		undefined1[16] GetCameraAnimeFrame(CameraMgr * this)
710002d8c0	16	GetFrame	<EXTERNAL>::actor::ComActorMotion	d	a	1		undefined GetFrame(void)
710002d8d0	16	GetCameraAnimeFrameMax	mg0503::CameraMgr	d	a	1		undefined1[16] GetCameraAnimeFrameMax(CameraMgr * this)
710002d8e0	16	GetFrameMax	<EXTERNAL>::actor::ComActorMotion	d	a	1		undefined GetFrameMax(void)
710002d8f0	16	GetSpeed	<EXTERNAL>::actor::ComActorMotion	d	a	1		undefined GetSpeed(void)
710002d900	16	IsOpeningCameraAnimeDone	mg0503::CameraMgr	d	a	1		undefined8 IsOpeningCameraAnimeDone(CameraMgr * this)
710002d910	16	IsFinished	<EXTERNAL>::actor::ComActorMotion	d	a	1		undefined IsFinished(void)
710002d920	16	__cxa_allocate_exception		i	d	1		undefined __cxa_allocate_exception()
710002d930	16	__cxa_throw		i	d	1		undefined __cxa_throw()
710002d940	16	__cxa_free_exception		i	d	1		undefined __cxa_free_exception()
710002d950	16	_Unwind_Resume		i	d	1		undefined _Unwind_Resume()
710002d960	16	logic_error	<EXTERNAL>::std::logic_error	d	a	1		undefined logic_error(logic_error * this, char * param_1)
710002d970	16	operator.new	<EXTERNAL>	d	a	1		void * operator.new(ulong param_1, ulong param_2, HeapID param_3)
710002d980	16	ComMatter	<EXTERNAL>::bq::ComMatter	d	a	1		undefined ComMatter(ComMatter * this, HandlePtr * param_1, MatterType param_2, bool param_3)
710002d990	16	memmove		i	i	1		void * memmove(void * __dest, void * __src, size_t __n)
710002d9a0	16	~locale	<EXTERNAL>::std::locale	d	a	1		undefined ~locale(locale * this)
710002d9b0	16	__release_weak	<EXTERNAL>::std::__shared_weak_count	d	a	1		undefined __release_weak(void)
710002d9c0	16	locale	<EXTERNAL>::std::locale	d	a	1		undefined locale(locale * this)
710002d9d0	16	use_facet	<EXTERNAL>::std::locale	d	a	1		undefined use_facet(id * param_1)
710002d9e0	16	__parse<char_const*>	std::regex	d	a	1		__loop<char> * __parse<char_const*>(regex * this, __loop<char> * param_1, __loop<char> * param_2)
710002d9f0	16	~basic_regex	std::regex	d	a	1		undefined ~basic_regex(regex * this)
710002da00	16	regex_iterator	std::regex_iterator<std::__wrap_iter<char_const*>,char,std::regex_traits<char>>	d	a	1		undefined regex_iterator(regex_iterator<std::__wrap_iter<char_const*>,char,std::regex_traits<char>> * this, long param_1, long param_2, regex * param_3, uint param_4)
710002da10	16	push_back	std::basic_string<char,std::char_traits<char>,bex::HeapModule::Allocator_string<char>>	d	a	1		undefined push_back(basic_string<char,std::char_traits<char>,bex::HeapModule::Allocator_string<char>> * this, basic_string<char,std::char_traits<char>,bex::HeapModule::Allocator_string<char>> param_2)
710002da20	16	format<std::back_insert_iterator<std::basic_string<char,std::char_traits<char>,bex::HeapModule::Allocator_string<char>>>>	std::match_results<std::__wrap_iter<char_const*>,std::allocator<std::sub_match<std::__wrap_iter<char_const*>>>>	d	a	1		basic_string<char,std::char_traits<char>,bex::HeapModule::Allocator_string<char>> * format<std::back_insert_iterator<std::basic_string<char,std::char_traits<char>,bex::HeapModule::Allocator_string<char>>>>(match_results<std::__wrap_iter<char_const*>,std::allocator<std::sub_match<std::__wrap_iter<char_const*>>>> * this, basic_string<char,std::char_traits<char>,bex::HeapModule::Allocator_string<char>> * param_1, basic_string<char,std::char_traits<char>,bex::HeapModule::Allocator_string<char>> * param_2, basic_string<char,std::char_traits<char>,bex::HeapModule::Allocator_string<char>> * param_3, uint param_4)
710002da30	16	operator++	std::regex_iterator<std::__wrap_iter<char_const*>,char,std::regex_traits<char>>	d	a	1		regex_iterator<std::__wrap_iter<char_const*>,char,std::regex_traits<char>> * operator++(regex_iterator<std::__wrap_iter<char_const*>,char,std::regex_traits<char>> * this)
710002da40	16	operator.delete	<EXTERNAL>	d	a	1		void operator.delete(void * param_1)
710002da50	16	__search<std::allocator<std::sub_match<char_const*>>>	std::regex	d	a	1		undefined8 __search<std::allocator<std::sub_match<char_const*>>>(regex * this, long param_1, long param_2, long * param_3, uint param_4)
710002da60	16	__assign[abi:v160006]<char_const*,std::allocator<std::sub_match<char_const*>>>	std::match_results<std::__wrap_iter<char_const*>,std::allocator<std::sub_match<std::__wrap_iter<char_const*>>>>	d	a	1		void __assign[abi:v160006]<char_const*,std::allocator<std::sub_match<char_const*>>>(match_results<std::__wrap_iter<char_const*>,std::allocator<std::sub_match<std::__wrap_iter<char_const*>>>> * this, long param_1, undefined8 param_2, long * param_3, uint param_4)
710002da70	16	__match_at_start_posix_subs<std::allocator<std::sub_match<char_const*>>>	std::regex	d	a	1		undefined4 __match_at_start_posix_subs<std::allocator<std::sub_match<char_const*>>>(regex * this, long param_1, long param_2, long * param_3, uint param_4, byte param_5)
710002da80	16	__match_at_start_ecma<std::allocator<std::sub_match<char_const*>>>	std::regex	d	a	1		undefined8 __match_at_start_ecma<std::allocator<std::sub_match<char_const*>>>(regex * this, long param_1, long param_2, long * param_3, uint param_4, byte param_5)
710002da90	16	__match_at_start_posix_nosubs<std::allocator<std::sub_match<char_const*>>>	std::regex	d	a	1		undefined8 __match_at_start_posix_nosubs<std::allocator<std::sub_match<char_const*>>>(regex * this, long param_1, long param_2, long * param_3, uint param_4, byte param_5)
710002daa0	16	operator.new	<EXTERNAL>	d	a	1		void * operator.new(ulong param_1)
710002dab0	16	__push_back_slow_path<std::__state<char>>	std::vector<std::__state<char>,std::allocator<std::__state<char>>>	d	a	1		void __push_back_slow_path<std::__state<char>>(vector<std::__state<char>,std::allocator<std::__state<char>>> * this, undefined8 * param_1)
710002dac0	16	__state	std::__state<char>	d	a	1		undefined __state(__state<char> * this, undefined8 * param_1)
710002dad0	16	~__state	std::__state<char>	d	a	1		undefined ~__state(__state<char> * this)
710002dae0	16	assign<std::sub_match<char_const*>*,0>	std::vector<std::sub_match<char_const*>,std::allocator<std::sub_match<char_const*>>>	d	a	1		void assign<std::sub_match<char_const*>*,0>(vector<std::sub_match<char_const*>,std::allocator<std::sub_match<char_const*>>> * this, undefined8 * param_1, undefined8 * param_2)
710002daf0	16	assign<std::pair<unsigned_long,char_const*>*,0>	std::vector<std::pair<unsigned_long,char_const*>,std::allocator<std::pair<unsigned_long,char_const*>>>	d	a	1		void assign<std::pair<unsigned_long,char_const*>*,0>(vector<std::pair<unsigned_long,char_const*>,std::allocator<std::pair<unsigned_long,char_const*>>> * this, undefined8 * param_1, undefined8 * param_2)
710002db00	16	regex_error	<EXTERNAL>::std::regex_error	d	a	1		undefined regex_error(regex_error * this, error_type param_1)
710002db10	16	bad_array_new_length	<EXTERNAL>::std::bad_array_new_length	d	a	1		undefined bad_array_new_length(bad_array_new_length * this)
710002db20	16	memcpy		i	i	1		void * memcpy(void * __dest, void * __src, size_t __n)
710002db30	16	__parse_egrep<char_const*>	std::regex	d	a	1		__loop<char> * __parse_egrep<char_const*>(regex * this, __loop<char> * param_1, __loop<char> * param_2)
710002db40	16	__parse_extended_reg_exp<char_const*>	std::regex	d	a	1		__loop<char> * __parse_extended_reg_exp<char_const*>(regex * this, __loop<char> * param_1, __loop<char> * param_2)
710002db50	16	__parse_alternative<char_const*>	std::regex	d	a	1		__loop<char> * __parse_alternative<char_const*>(regex * this, __loop<char> * param_1, __loop<char> * param_2)
710002db60	16	__parse_basic_reg_exp<char_const*>	std::regex	d	a	1		byte * __parse_basic_reg_exp<char_const*>(regex * this, byte * param_1, byte * param_2)
710002db70	16	__parse_grep<char_const*>	std::regex	d	a	1		byte * __parse_grep<char_const*>(regex * this, byte * param_1, byte * param_2)
710002db80	16	__parse_ecma_exp<char_const*>	std::regex	d	a	1		__loop<char> * __parse_ecma_exp<char_const*>(regex * this, __loop<char> * param_1, __loop<char> * param_2)
710002db90	16	__parse_term<char_const*>	std::regex	d	a	1		__loop<char> * __parse_term<char_const*>(regex * this, __loop<char> * param_1, __loop<char> * param_2)
710002dba0	16	__parse_nondupl_RE<char_const*>	std::regex	d	a	1		byte * __parse_nondupl_RE<char_const*>(regex * this, byte * param_1, byte * param_2)
710002dbb0	16	__parse_RE_dupl_symbol<char_const*>	std::regex	d	a	1		byte * __parse_RE_dupl_symbol<char_const*>(regex * this, byte * param_1, byte * param_2, long param_3, undefined4 param_4, undefined4 param_5)
710002dbc0	16	__parse_ERE_expression<char_const*>	std::regex	d	a	1		__loop<char> * __parse_ERE_expression<char_const*>(regex * this, __loop<char> * param_1, __loop<char> * param_2)
710002dbd0	16	~__shared_weak_count	<EXTERNAL>::std::__shared_weak_count	d	a	1		undefined ~__shared_weak_count(__shared_weak_count * this)
710002dbe0	16	__parse_ERE_dupl_symbol<char_const*>	std::regex	d	a	1		__loop<char> * __parse_ERE_dupl_symbol<char_const*>(regex * this, __loop<char> * param_1, __loop<char> * param_2, long param_3, undefined4 param_4, undefined4 param_5)
710002dbf0	16	__parse_assertion<char_const*>	std::regex	d	a	1		byte * __parse_assertion<char_const*>(regex * this, byte * param_1, byte * param_2)
710002dc00	16	__parse_atom<char_const*>	std::regex	d	a	1		__loop<char> * __parse_atom<char_const*>(regex * this, __loop<char> * param_1, __loop<char> * param_2)
710002dc10	16	__push_lookahead	std::regex	d	a	1		undefined __push_lookahead(regex * this, locale * param_1, byte param_2, undefined4 param_3)
710002dc20	16	locale	<EXTERNAL>::std::locale	d	a	1		undefined locale(locale * this, locale * param_1)
710002dc30	16	__parse_bracket_expression<char_const*>	std::regex	d	a	1		byte * __parse_bracket_expression<char_const*>(regex * this, byte * param_1, byte * param_2)
710002dc40	16	__parse_atom_escape<char_const*>	std::regex	d	a	1		byte * __parse_atom_escape<char_const*>(regex * this, byte * param_1, byte * param_2)
710002dc50	16	__parse_pattern_character<char_const*>	std::regex	d	a	1		byte * __parse_pattern_character<char_const*>(regex * this, byte * param_1, byte * param_2)
710002dc60	16	__push_loop	std::regex	d	a	1		undefined __push_loop(regex * this, long param_1, long param_2, long param_3, undefined4 param_4, undefined4 param_6_00, byte param_6)
710002dc70	16	~__loop	std::__loop<char>	d	a	1		undefined ~__loop(__loop<char> * this)
710002dc80	16	__push_char	std::regex	d	a	1		undefined __push_char(regex * this, undefined4 param_1)
710002dc90	16	__push_back_ref	std::regex	d	a	1		undefined __push_back_ref(regex * this, undefined4 param_1)
710002dca0	16	__parse_character_class_escape<char_const*>	std::regex	d	a	1		undefined1 * __parse_character_class_escape<char_const*>(regex * this, undefined1 * param_1, undefined1 * param_2)
710002dcb0	16	__parse_character_escape<char_const*>	std::regex	d	a	1		byte * __parse_character_escape<char_const*>(regex * this, byte * param_1, byte * param_2, string * param_3)
710002dcc0	16	__parse_expression_term<char_const*>	std::regex	d	a	1		byte * __parse_expression_term<char_const*>(regex * this, byte * param_1, byte * param_2, byte * param_3, byte * param_4, undefined1 param_5)
710002dcd0	16	operator=	<EXTERNAL>::std::string	d	a	1		undefined operator=(string * this, char param_1)
710002dce0	16	name	<EXTERNAL>::std::locale	d	a	1		undefined name(void)
710002dcf0	16	~__bracket_expression	std::__bracket_expression<char,std::regex_traits<char>>	d	a	1		undefined ~__bracket_expression(__bracket_expression<char,std::regex_traits<char>> * this)
710002dd00	16	__lookup_collatename<char*>	std::regex_traits<char>	d	a	1		string __lookup_collatename<char*>(string * param_1_00, regex_traits<char> * this, void * param_3, void * param_4)
710002dd10	16	transform<char*>	std::regex_traits<char>	d	a	1		string transform<char*>(undefined8 param_1_00, long param_2, void * param_3, void * param_4)
710002dd20	16	memcmp		i	i	1		int memcmp(void * __s1, void * __s2, size_t __n)
710002dd30	16	__transform_primary<char*>	std::regex_traits<char>	d	a	1		string __transform_primary<char*>(byte * param_1_00, regex_traits<char> * this, void * param_3, void * param_4)
710002dd40	16	~pair	std::pair<std::string,std::string>	d	a	1		undefined ~pair(pair<std::string,std::string> * this)
710002dd50	16	__get_collation_name	<EXTERNAL>::std	d	a	1		undefined __get_collation_name(char * param_1)
710002dd60	16	operator=	<EXTERNAL>::std::string	d	a	1		undefined operator=(string * this, string * param_1)
710002dd70	16	__parse_equivalence_class<char_const*>	std::regex	d	a	1		char * __parse_equivalence_class<char_const*>(regex * this, char * param_1, char * param_2, undefined1 * param_3, undefined1 param_4, undefined1 param_5)
710002dd80	16	__lookup_classname<char_const*>	std::regex_traits<char>	d	a	1		undefined4 __lookup_classname<char_const*>(long param_1, void * param_2, void * param_3, byte param_4)
710002dd90	16	__lookup_collatename<char_const*>	std::regex_traits<char>	d	a	1		string __lookup_collatename<char_const*>(string * param_1_00, regex_traits<char> * this, void * param_3, void * param_4)
710002dda0	16	__parse_awk_escape<char_const*>	std::regex	d	a	1		byte * __parse_awk_escape<char_const*>(regex * this, byte * param_1, byte * param_2, string * param_3)
710002ddb0	16	__parse_class_escape<char_const*>	std::regex	d	a	1		byte * __parse_class_escape<char_const*>(regex * this, byte * param_1, byte * param_2, string * param_3, undefined1 * param_4, undefined1 param_5)
710002ddc0	16	__parse_collating_symbol<char_const*>	std::regex	d	a	1		byte * __parse_collating_symbol<char_const*>(regex_traits<char> * param_1, byte * param_2, byte * param_3, string * param_4, undefined8 param_5, undefined1 param_6)
710002ddd0	16	__transform_primary<std::__wrap_iter<char*>>	std::regex_traits<char>	d	a	1		string __transform_primary<std::__wrap_iter<char*>>(byte * param_1, regex_traits<char> * this, undefined1 * param_3, undefined1 * param_4)
710002dde0	16	string	<EXTERNAL>::std::string	d	a	1		undefined string(string * this, string * param_1)
710002ddf0	16	__push_back_slow_path<std::string_const&>	std::vector<std::string,std::allocator<std::string>>	d	a	1		void __push_back_slow_path<std::string_const&>(vector<std::string,std::allocator<std::string>> * this, string * param_1)
710002de00	16	transform<std::__wrap_iter<char*>>	std::regex_traits<char>	d	a	1		string transform<std::__wrap_iter<char*>>(undefined8 param_1, long param_2, undefined1 * param_3, undefined1 * param_4)
710002de10	16	__push_back_slow_path<std::pair<std::string,std::string>>	std::vector<std::pair<std::string,std::string>,std::allocator<std::pair<std::string,std::string>>>	d	a	1		void __push_back_slow_path<std::pair<std::string,std::string>>(vector<std::pair<std::string,std::string>,std::allocator<std::pair<std::string,std::string>>> * this, undefined8 * param_1)
710002de20	16	__get_classname	<EXTERNAL>::std	d	a	1		undefined __get_classname(char * param_1, bool param_2)
710002de30	16	__parse_one_char_or_coll_elem_RE<char_const*>	std::regex	d	a	1		byte * __parse_one_char_or_coll_elem_RE<char_const*>(regex * this, byte * param_1, byte * param_2)
710002de40	16	__test_back_ref	std::regex	d	a	1		byte * __test_back_ref(regex * param_1, uint param_2, byte * param_3)
710002de50	16	__parse_ORD_CHAR_ERE<char_const*>	std::regex	d	a	1		byte * __parse_ORD_CHAR_ERE<char_const*>(regex * this, byte * param_1, byte * param_2)
710002de60	16	__parse_QUOTED_CHAR_ERE<char_const*>	std::regex	d	a	1		byte * __parse_QUOTED_CHAR_ERE<char_const*>(regex * this, byte * param_1, byte * param_2)
710002de70	16	CameraMgr	mg0503::CameraMgr	d	a	1		undefined CameraMgr(CameraMgr * this)
710002de80	16	~CameraMgr	mg0503::CameraMgr	d	a	1		undefined ~CameraMgr(CameraMgr * this)
710002de90	16	Fiber	<EXTERNAL>::bex::Fiber	d	a	1		undefined Fiber(Fiber * this, int param_1, bool param_2)
710002dea0	16	~Players	mg0503::Players	d	a	1		undefined ~Players(Players * this)
710002deb0	16	WaitLightEvent	<EXTERNAL>::nn::os	d	a	1		undefined WaitLightEvent(LightEventType * param_1)
710002dec0	16	SignalLightEvent	<EXTERNAL>::nn::os	d	a	1		undefined SignalLightEvent(LightEventType * param_1)
710002ded0	16	~Fiber	<EXTERNAL>::bex::Fiber	d	a	1		undefined ~Fiber(Fiber * this)
710002dee0	16	~GameMgr	mg0503::GameMgr	d	a	1		undefined ~GameMgr(GameMgr * this)
710002def0	16	Wait	<EXTERNAL>::bex::Fiber	d	a	1		undefined Wait(void)
710002df00	16	Util_GetBoneWorldPosEntity	mg0503	d	a	1		undefined1[16] Util_GetBoneWorldPosEntity(long * param_1, char * param_2)
710002df10	16	SetupGame_Mgr	mg0503::GameMgr	d	a	1		undefined SetupGame_Mgr(GameMgr * this)
710002df20	16	SyncedSetupGame_Mgr	mg0503::GameMgr	d	a	1		undefined SyncedSetupGame_Mgr(GameMgr * this)
710002df30	16	CsvLabel<std::basic_string<char,std::char_traits<char>,bex::HeapModule::Allocator_string<char>>>	wl::CsvLabel	d	a	1		undefined CsvLabel<std::basic_string<char,std::char_traits<char>,bex::HeapModule::Allocator_string<char>>>(CsvLabel * this, ulong * param_1)
710002df40	16	At<int>	wl::CsvLabel	d	a	1		int At<int>(CsvLabel * this, byte * param_1, int param_2)
710002df50	16	AddComponent<bq::ComMatter,char_const*,(void*)0>	nn::bezel::Entity	d	a	1		WeakHandle AddComponent<bq::ComMatter,char_const*,(void*)0>(long * param_1_00, HandlePtr * param_2, undefined8 * param_3)
710002df60	16	Util_ModelSetVisibleEntity	mg0503	d	a	1		undefined Util_ModelSetVisibleEntity(long * param_1)
710002df70	16	SetVisible	<EXTERNAL>::nn::bezel::ComModel	d	a	1		undefined SetVisible(bool param_1)
710002df80	16	CreateTexture	wl::mg	d	a	1		undefined CreateTexture(undefined8 * param_1, mg * this)
710002df90	16	AddAnimationSlot	<EXTERNAL>::actor::ComActorMotion	d	a	1		undefined AddAnimationSlot(StringViewHashPair * param_1)
710002dfa0	16	Play	<EXTERNAL>::actor::ActorAnimationSlot	d	a	1		undefined Play(StringViewHashPair * param_1)
710002dfb0	16	Reset	nn::bezel::HandleSource<bex::FxtCallback_Particle>	d	a	1		undefined Reset(HandleSource<bex::FxtCallback_Particle> * this, long param_1)
710002dfc0	16	AddParticleFxCallback	<EXTERNAL>::bex::ComFxTrigger	d	a	1		undefined AddParticleFxCallback(WeakHandle * param_1)
710002dfd0	16	Util_HookModelEntity	mg0503	d	a	1		undefined Util_HookModelEntity(long * param_1, long * param_2, char * param_3)
710002dfe0	16	Util_SetMaterialTexture	mg0503	d	a	1		undefined Util_SetMaterialTexture(long * param_1, char * param_2, char * param_3, undefined8 * param_4)
710002dff0	16	GetMinigameScenemg0503	mg0503	d	a	1		undefined8 GetMinigameScenemg0503(void)
710002e000	16	GetSceneParams	<EXTERNAL>::bex::SceneBase	d	a	1		undefined GetSceneParams(void)
710002e010	16	SetDecalShadowEnable	<EXTERNAL>::bex::gfx::ComModelBuffer	d	a	1		undefined SetDecalShadowEnable(bool param_1)
710002e020	16	SetDecalShadowOverwriteIndex	<EXTERNAL>::bex::gfx::ComModelBuffer	d	a	1		undefined SetDecalShadowOverwriteIndex(DecalShadowIndex param_1)
710002e030	16	SetDecalShadowIndex	<EXTERNAL>::bex::gfx::ComModelBuffer	d	a	1		undefined SetDecalShadowIndex(DecalShadowIndex param_1)
710002e040	16	SetDecalShadowType	<EXTERNAL>::bex::gfx::ComModelBuffer	d	a	1		undefined SetDecalShadowType(DecalShadowIndex param_1, DecalShadowType param_2)
710002e050	16	SetDecalShadowDynamicBlurType	<EXTERNAL>::bex::gfx::ComModelBuffer	d	a	1		undefined SetDecalShadowDynamicBlurType(DecalShadowIndex param_1, DynamicTextureBlurType param_2)
710002e060	16	SetDecalShadowMulColor	<EXTERNAL>::bex::gfx::ComModelBuffer	d	a	1		undefined SetDecalShadowMulColor(DecalShadowIndex param_1, Color4f * param_2)
710002e070	16	SetDecalShadowOffset	<EXTERNAL>::bex::gfx::ComModelBuffer	d	a	1		undefined SetDecalShadowOffset(DecalShadowIndex param_1, Vector3f * param_2)
710002e080	16	SetDecalShadowScale	<EXTERNAL>::bex::gfx::ComModelBuffer	d	a	1		undefined SetDecalShadowScale(DecalShadowIndex param_1, Vector3f * param_2)
710002e090	16	SetDecalShadowAttenuationStart	<EXTERNAL>::bex::gfx::ComModelBuffer	d	a	1		undefined SetDecalShadowAttenuationStart(DecalShadowIndex param_1, float param_2)
710002e0a0	16	SetDecalShadowAttenuationEnd	<EXTERNAL>::bex::gfx::ComModelBuffer	d	a	1		undefined SetDecalShadowAttenuationEnd(DecalShadowIndex param_1, float param_2)
710002e0b0	16	UpdateGpuResources	<EXTERNAL>::bex::gfx::ComModelBuffer	d	a	1		undefined UpdateGpuResources(void)
710002e0c0	16	Create	<EXTERNAL>::bex::Effect	d	a	1		undefined Create(basic_string_view * param_1)
710002e0d0	16	Attach	<EXTERNAL>::bex::Effect	d	a	1		undefined Attach(WeakHandle * param_1, basic_string_view * param_2, int param_3)
710002e0e0	16	Start	<EXTERNAL>::bex::Effect	d	a	1		undefined Start(bool param_1)
710002e0f0	16	UpdateStreamEffect	mg0503::GameMgr	d	a	1		undefined UpdateStreamEffect(GameMgr * this, ulong param_1)
710002e100	16	UpdateTankSMokeEffect	mg0503::GameMgr	d	a	1		undefined UpdateTankSMokeEffect(float param_1, GameMgr * this, int param_3)
710002e110	16	AddComponent<bq::ComUiTimer,bq::ComUiTimer::UiTimerType,(void*)0>	nn::bezel::Entity	d	a	1		WeakHandle AddComponent<bq::ComUiTimer,bq::ComUiTimer::UiTimerType,(void*)0>(long * param_1_00, HandlePtr * param_2, undefined4 * param_3)
710002e120	16	InitTimer	mg0503::GameMgr	d	a	1		undefined InitTimer(GameMgr * this)
710002e130	16	Players	mg0503::Players	d	a	1		undefined Players(Players * this)
710002e140	16	InitPlayers	mg0503::GameMgr	d	a	1		undefined InitPlayers(long param_1)
710002e150	16	destroy	std::__tree<std::__value_type<std::basic_string<char,std::char_traits<char>,bex::HeapModule::Allocator_string<char>>,wl::CsvLabel::_V>,std::__map_value_compare<std::basic_string<char,std::char_traits<char>,bex::HeapModule::Allocator_string<char>>,std::__value_type<std::basic_string<char,std::char_traits<char>,bex::HeapModule::Allocator_string<char>>,wl::CsvLabel::_V>,std::less<std::basic_string<char,std::char_traits<char>,bex::HeapModule::Allocator_string<char>>>,true>,bex::HeapModule::Allocator_map<std::__value_type<std::basic_string<char,std::char_traits<char>,bex::HeapModule::Allocator_string<char>>,wl::CsvLabel::_V>>>	d	a	1		undefined destroy(__tree<std::__value_type<std::basic_string<char,std::char_traits<char>,bex::HeapModule::Allocator_string<char>>,wl::CsvLabel::_V>,std::__map_value_compare<std::basic_string<char,std::char_traits<char>,bex::HeapModule::Allocator_string<char>>,std::__value_type<std::basic_string<char,std::char_traits<char>,bex::HeapModule::Allocator_string<char>>,wl::CsvLabel::_V>,std::less<std::basic_string<char,std::char_traits<char>,bex::HeapModule::Allocator_string<char>>>,true>,bex::HeapModule::Allocator_map<std::__value_type<std::basic_string<char,std::char_traits<char>,bex::HeapModule::Allocator_string<char>>,wl::CsvLabel::_V>>> * this, undefined8 * param_1)
710002e160	16	Csv	wl::Csv	d	a	1		undefined Csv(Csv * this, ulong * param_1)
710002e170	16	find<std::basic_string<char,std::char_traits<char>,bex::HeapModule::Allocator_string<char>>>	std::__tree<std::__value_type<std::basic_string<char,std::char_traits<char>,bex::HeapModule::Allocator_string<char>>,wl::CsvLabel::_V>,std::__map_value_compare<std::basic_string<char,std::char_traits<char>,bex::HeapModule::Allocator_string<char>>,std::__value_type<std::basic_string<char,std::char_traits<char>,bex::HeapModule::Allocator_string<char>>,wl::CsvLabel::_V>,std::less<std::basic_string<char,std::char_traits<char>,bex::HeapModule::Allocator_string<char>>>,true>,bex::HeapModule::Allocator_map<std::__value_type<std::basic_string<char,std::char_traits<char>,bex::HeapModule::Allocator_string<char>>,wl::CsvLabel::_V>>>	d	a	1		__tree<std::__value_type<std::basic_string<char,std::char_traits<char>,bex::HeapModule::Allocator_string<char>>,wl::CsvLabel::_V>,std::__map_value_compare<std::basic_string<char,std::char_traits<char>,bex::HeapModule::Allocator_string<char>>,std::__value_type<std::basic_string<char,std::char_traits<char>,bex::HeapModule::Allocator_string<char>>,wl::CsvLabel::_V>,std::less<std::basic_string<char,std::char_traits<char>,bex::HeapModule::Allocator_string<char>>>,true>,bex::HeapModule::Allocator_map<std::__value_type<std::basic_string<char,std::char_traits<char>,bex::HeapModule::Allocator_string<char>>,wl::CsvLabel::_V>>> * find<std::basic_string<char,std::char_traits<char>,bex::HeapModule::Allocator_string<char>>>(__tree<std::__value_type<std::basic_string<char,std::char_traits<char>,bex::HeapModule::Allocator_string<char>>,wl::CsvLabel::_V>,std::__map_value_compare<std::basic_string<char,std::char_traits<char>,bex::HeapModule::Allocator_string<char>>,std::__value_type<std::basic_string<char,std::char_traits<char>,bex::HeapModule::Allocator_string<char>>,wl::CsvLabel::_V>,std::less<std::basic_string<char,std::char_traits<char>,bex::HeapModule::Allocator_string<char>>>,true>,bex::HeapModule::Allocator_map<std::__value_type<std::basic_string<char,std::char_traits<char>,bex::HeapModule::Allocator_string<char>>,wl::CsvLabel::_V>>> * this, byte * param_1)
710002e180	16	atoi		i	i	1		int atoi(char * __nptr)
710002e190	16	SafeCreate<bq::ComMatter,nn::bezel::HandlePtr<nn::bezel::Entity>const&,char_const*>	bex::ComponentUtil	d	a	1		WeakHandle SafeCreate<bq::ComMatter,nn::bezel::HandlePtr<nn::bezel::Entity>const&,char_const*>(long * param_1_00, ComponentUtil * this, undefined8 * param_3)
710002e1a0	16	Get<actor::ComActorMotion>	nn::bezel::Entity	d	a	1		WeakHandle Get<actor::ComActorMotion>(long * param_1, long param_2)
710002e1b0	16	CreateTexture	<EXTERNAL>::nn::bezel::GraphicsCoreModule	d	a	1		undefined CreateTexture(basic_string_view param_1)
710002e1c0	16	operator()	wl::mg::CreateTexture(std::basic_string<char,std::char_traits<char>,bex::HeapModule::Allocator_string<char>>const&)::{lambda(auto:1*)#1}	d	a	1		auto operator()(undefined8 param_1_00, long * param_2)
710002e1d0	16	__cxa_rethrow		i	d	1		undefined __cxa_rethrow()
710002e1e0	16	__cxa_end_catch		i	d	1		undefined __cxa_end_catch()
710002e1f0	16	GetDeltaTime	<EXTERNAL>::bex::MainModule	d	a	1		undefined GetDeltaTime(void)
710002e200	16	GetEmitter	<EXTERNAL>::bex::Effect	d	a	1		undefined GetEmitter(void)
710002e210	16	GetRawEmitterSetImpl	<EXTERNAL>::nn::bezel::ParticleFx2Emitter	d	a	1		undefined GetRawEmitterSetImpl(void)
710002e220	16	SetEmissionRatioScale	<EXTERNAL>::nn::vfx2::EmitterSet	d	a	1		undefined SetEmissionRatioScale(float param_1)
710002e230	16	WriteLocalVariable	<EXTERNAL>::bex::sound::SoundHandle	d	a	1		undefined WriteLocalVariable(int param_1, int param_2)
710002e240	16	SetTimer	<EXTERNAL>::bq::ComUiTimer	d	a	1		undefined SetTimer(float param_1)
710002e250	16	InitParam	mg0503::Players	d	a	1		undefined InitParam(Players * this, undefined8 param_1)
710002e260	16	IsPcBig	mg0503::Players	d	a	1		bool IsPcBig(Players * this, int param_1)
710002e270	16	GetEntity	mg0503::Players	d	a	1		undefined GetEntity(undefined8 * param_1, long param_2, int param_3)
710002e280	16	GetCharaID	mg0503::Players	d	a	1		undefined GetCharaID(Players * this, int param_1)
710002e290	16	CleanupGame_Mgr	mg0503::GameMgr	d	a	1		undefined CleanupGame_Mgr(GameMgr * this)
710002e2a0	16	Stop	<EXTERNAL>::bex::sound::SoundHandle	d	a	1		undefined Stop(void)
710002e2b0	16	Util_FxStopAllEntity	mg0503	d	a	1		undefined Util_FxStopAllEntity(long * param_1)
710002e2c0	16	OnGameInit_Mgr	mg0503::GameMgr	d	a	1		undefined8 OnGameInit_Mgr(GameMgr * this)
710002e2d0	16	GetAnimationSlot	<EXTERNAL>::actor::ComActorMotion	d	a	1		undefined GetAnimationSlot(StringViewHashPair * param_1)
710002e2e0	16	Check	<EXTERNAL>::bq::flag	d	a	1		undefined Check(FLAG param_1)
710002e2f0	16	Util_FxPlayEntity	mg0503	d	a	1		uint Util_FxPlayEntity(long * param_1, char * param_2)
710002e300	16	Util_MotionPlayEntity	mg0503	d	a	1		undefined Util_MotionPlayEntity(long * param_1, char * param_2)
710002e310	16	UseFx_TankSpark	mg0503::GameMgr	d	a	1		uint UseFx_TankSpark(GameMgr * this, int param_1, char * param_2)
710002e320	16	OnGameInstInit_Mgr	mg0503::GameMgr	d	a	1		undefined8 OnGameInstInit_Mgr(GameMgr * this)
710002e330	16	OnGameOpeningSkip_Mgr	mg0503::GameMgr	d	a	1		undefined8 OnGameOpeningSkip_Mgr(GameMgr * this)
710002e340	16	Util_MotionPlayLastFrameEntity	mg0503	d	a	1		undefined Util_MotionPlayLastFrameEntity(long * param_1, char * param_2)
710002e350	16	GetFrameMax	<EXTERNAL>::actor::ActorAnimationSlot	d	a	1		undefined GetFrameMax(void)
710002e360	16	SetFrame	<EXTERNAL>::actor::ActorAnimationSlot	d	a	1		undefined SetFrame(float param_1)
710002e370	16	Util_FxStopEntity	mg0503	d	a	1		uint Util_FxStopEntity(long * param_1, char * param_2)
710002e380	16	Teleport	<EXTERNAL>::nn::bezel::Entity	d	a	1		undefined Teleport(void)
710002e390	16	StopImmediately	<EXTERNAL>::bex::Effect	d	a	1		undefined StopImmediately(void)
710002e3a0	16	OnGameFirstFade_Mgr	mg0503::GameMgr	d	a	1		undefined8 OnGameFirstFade_Mgr(GameMgr * this)
710002e3b0	16	OnGameOpening_Mgr	mg0503::GameMgr	d	a	1		undefined8 OnGameOpening_Mgr(GameMgr * this)
710002e3c0	16	Util_IsMotionFinishEntity	mg0503	d	a	1		undefined8 Util_IsMotionFinishEntity(long * param_1)
710002e3d0	16	CallActionBuIdle	mg0503::Players	d	a	1		undefined CallActionBuIdle(long param_1, int param_2)
710002e3e0	16	SyncRandMod	<EXTERNAL>::bex::RandModule	d	a	1		undefined SyncRandMod(uint param_1)
710002e3f0	16	UseFx_Attach	mg0503::GameMgr	d	a	1		uint UseFx_Attach(long param_1, char * param_2)
710002e400	16	LookToArm	mg0503::GameMgr	d	a	1		undefined LookToArm(GameMgr * this)
710002e410	16	ClearHeadLookPos	mg0503::Players	d	a	1		undefined ClearHeadLookPos(long param_1, int param_2)
710002e420	16	SetHeadLookPos	mg0503::Players	d	a	1		undefined SetHeadLookPos(undefined8 param_1, long param_2, int param_3)
710002e430	16	OnGameStartBefore_Mgr	mg0503::GameMgr	d	a	1		undefined8 OnGameStartBefore_Mgr(GameMgr * this)
710002e440	16	OnGameStart_Mgr	mg0503::GameMgr	d	a	1		undefined8 OnGameStart_Mgr(void)
710002e450	16	OnGameStartAfter_Mgr	mg0503::GameMgr	d	a	1		undefined8 OnGameStartAfter_Mgr(GameMgr * this)
710002e460	16	GameStartTimer	mg0503::GameMgr	d	a	1		undefined GameStartTimer(GameMgr * this)
710002e470	16	Play3D	<EXTERNAL>::bex::sound::SoundModule	d	a	1		undefined Play3D(char * param_1, Vector3f * param_2, float param_3)
710002e480	16	GameStartPlayer	mg0503::Players	d	a	1		undefined GameStartPlayer(Players * this, int param_1)
710002e490	16	StartTimer	<EXTERNAL>::bq::ComUiTimer	d	a	1		undefined StartTimer(void)
710002e4a0	16	UseFx_Arm	mg0503::GameMgr	d	a	1		uint UseFx_Arm(GameMgr * this, int param_1, char * param_2)
710002e4b0	16	OnGameMain_Mgr	mg0503::GameMgr	d	a	1		bool OnGameMain_Mgr(GameMgr * this)
710002e4c0	16	UpdateObjectEnding	mg0503::GameMgr	d	a	1		undefined8 UpdateObjectEnding(GameMgr * this, ulong param_1)
710002e4d0	16	UpdateGameAngle	mg0503::GameMgr	d	a	1		undefined UpdateGameAngle(GameMgr * this)
710002e4e0	16	UpdatePlayer	mg0503::Players	d	a	1		uint UpdatePlayer(Players * this, int param_1)
710002e4f0	16	AnimationName	actor::MotionArg	d	a	1		MotionArg * AnimationName(MotionArg * this, long param_1)
710002e500	16	Play	<EXTERNAL>::actor::ComActorMotion	d	a	1		undefined Play(MotionArg * param_1)
710002e510	16	Play	<EXTERNAL>::actor::ActorAnimationSlot	d	a	1		undefined Play(MotionArg * param_1)
710002e520	16	IsEndCheckTimer	mg0503::GameMgr	d	a	1		undefined8 IsEndCheckTimer(GameMgr * this)
710002e530	16	ExecButtonEffect	mg0503::GameMgr	d	a	1		ulong ExecButtonEffect(ulong param_1)
710002e540	16	Util_MotionPlaySub1Entity	mg0503	d	a	1		undefined Util_MotionPlaySub1Entity(long * param_1, char * param_2)
710002e550	16	SetLocalTransform	<EXTERNAL>::nn::bezel::ComModel	d	a	1		undefined SetLocalTransform(MatrixRowMajor4x3f * param_1)
710002e560	16	SuspendGameTimer	mg0503::GameMgr	d	a	1		undefined SuspendGameTimer(GameMgr * this)
710002e570	16	Stop	<EXTERNAL>::bex::Effect	d	a	1		undefined Stop(bool param_1)
710002e580	16	SetSpeed	<EXTERNAL>::actor::ActorAnimationSlot	d	a	1		undefined SetSpeed(float param_1)
710002e590	16	CallActionDamage	mg0503::Players	d	a	1		undefined CallActionDamage(Players * this, int param_1)
710002e5a0	16	StopFx_Arm	mg0503::GameMgr	d	a	1		uint StopFx_Arm(GameMgr * this, int param_1, char * param_2)
710002e5b0	16	IsEndTimer	<EXTERNAL>::bq::ComUiTimer	d	a	1		undefined IsEndTimer(void)
710002e5c0	16	OnThreeMinTimerEnd_Mgr	mg0503::GameMgr	d	a	1		undefined OnThreeMinTimerEnd_Mgr(void)
710002e5d0	16	OnGameEnd_Mgr	mg0503::GameMgr	d	a	1		undefined8 OnGameEnd_Mgr(GameMgr * this)
710002e5e0	16	UpdatePlayerFinish	mg0503::Players	d	a	1		undefined UpdatePlayerFinish(Players * this, int param_1)
710002e5f0	16	CallActionIdle	mg0503::Players	d	a	1		undefined CallActionIdle(long param_1, int param_2)
710002e600	16	SuspendTimer	<EXTERNAL>::bq::ComUiTimer	d	a	1		undefined SuspendTimer(void)
710002e610	16	OnGameFinish_Mgr	mg0503::GameMgr	d	a	1		bool OnGameFinish_Mgr(GameMgr * this)
710002e620	16	OnEndingInit_Mgr	mg0503::GameMgr	d	a	1		undefined8 OnEndingInit_Mgr(GameMgr * this, undefined8 * param_1)
710002e630	16	SetTeamWinLose	<EXTERNAL>::bq::MGMgr	d	a	1		undefined SetTeamWinLose(TeamID param_1, GameWinLose param_2)
710002e640	16	GetPlayers	<EXTERNAL>::bq::WorkModule	d	a	1		undefined GetPlayers(void)
710002e650	16	GetPlayerID	mg0503::Players	d	a	1		undefined GetPlayerID(Players * this, int param_1)
710002e660	16	FindFromPlayerID	<EXTERNAL>::bq::PlayerWorkHolder	d	a	1		undefined FindFromPlayerID(PlayerID param_1)
710002e670	16	SetMinigameWinLose	<EXTERNAL>::bq::PlayerWork	d	a	1		undefined SetMinigameWinLose(GameWinLose param_1)
710002e680	16	Setup_DefaultEndingResult	<EXTERNAL>::wl::IMinigameScene	d	a	1		undefined Setup_DefaultEndingResult(WeakHandle param_1, SceneResult_Builder * param_2)
710002e690	16	OnEndingInit_Setup_Mgr	mg0503::GameMgr	d	a	1		ulong OnEndingInit_Setup_Mgr(GameMgr * this)
710002e6a0	16	SafeCreate<bq::ComUiTimer,nn::bezel::HandlePtr<nn::bezel::Entity>const&,bq::ComUiTimer::UiTimerType>	bex::ComponentUtil	d	a	1		WeakHandle SafeCreate<bq::ComUiTimer,nn::bezel::HandlePtr<nn::bezel::Entity>const&,bq::ComUiTimer::UiTimerType>(long * param_1_00, ComponentUtil * this, undefined4 * param_3)
710002e6b0	16	Util_FxSetBoolEntity	mg0503	d	a	1		uint Util_FxSetBoolEntity(long * param_1, char * param_2)
710002e6c0	16	getStaticTypeinfo	<EXTERNAL>::bex::Fiber	d	a	1		undefined getStaticTypeinfo(void)
710002e6d0	16	Load	<EXTERNAL>::wl::Csv	d	a	1		undefined Load(basic_string.conflict param_1)
710002e6e0	16	ComMatter	<EXTERNAL>::bq::ComMatter	d	a	1		undefined ComMatter(ComMatter * this, HandlePtr * param_1, basic_string_view * param_2, bool param_3)
710002e6f0	16	emplace_back<nn::bezel::HandlePtr<bex::Effect>const&>	std::vector<nn::bezel::WeakHandle<bex::Effect>,bex::HeapModule::Allocator_vector<nn::bezel::WeakHandle<bex::Effect>>>	d	a	1		undefined8 * emplace_back<nn::bezel::HandlePtr<bex::Effect>const&>(vector<nn::bezel::WeakHandle<bex::Effect>,bex::HeapModule::Allocator_vector<nn::bezel::WeakHandle<bex::Effect>>> * this, undefined8 * param_1)
710002e700	16	Reserve	<EXTERNAL>::nn::bezel::detail::RcArena	d	a	1		undefined Reserve(void)
710002e710	16	ComUiTimer	<EXTERNAL>::bq::ComUiTimer	d	a	1		undefined ComUiTimer(ComUiTimer * this, HandlePtr * param_1, UiTimerType param_2)
710002e720	16	GameMgr	mg0503::GameMgr	d	a	1		undefined GameMgr(GameMgr * this)
710002e730	16	GetMGEntryTeamPlayerList	<EXTERNAL>::bq::PlayerWorkHolder	d	a	1		undefined GetMGEntryTeamPlayerList(TeamID param_1, PlayerListSortBy param_2)
710002e740	16	GetPlayerID	<EXTERNAL>::bq::PlayerWork	d	a	1		undefined GetPlayerID(void)
710002e750	16	GetComLevel	<EXTERNAL>::bq::PlayerWork	d	a	1		undefined GetComLevel(void)
710002e760	16	AddComponent<bq::ComMatter,bex::PlayerID&,bq::MatterType,(void*)0>	nn::bezel::Entity	d	a	1		WeakHandle AddComponent<bq::ComMatter,bex::PlayerID&,bq::MatterType,(void*)0>(long * param_1_00, HandlePtr * param_2, undefined4 * param_3, undefined4 * param_4)
710002e770	16	AddHeading	<EXTERNAL>::bq::ComMatter	d	a	1		undefined AddHeading(void)
710002e780	16	SetInputControlEnabled	<EXTERNAL>::actor::ComActor	d	a	1		undefined SetInputControlEnabled(bool param_1)
710002e790	16	SetGroundedTestEnabled	<EXTERNAL>::actor::ComActor	d	a	1		undefined SetGroundedTestEnabled(bool param_1)
710002e7a0	16	SetGravityScale	<EXTERNAL>::actor::ComActor	d	a	1		undefined SetGravityScale(float param_1)
710002e7b0	16	RegisterAction	<EXTERNAL>::actor::ComActor	d	a	1		undefined RegisterAction(ActorHashedString * param_1, function * param_2)
710002e7c0	16	GetActor	mg0503::Players	d	a	1		undefined GetActor(long * param_1, long param_2, int param_3)
710002e7d0	16	CallAction	<EXTERNAL>::actor::ComActor	d	a	1		undefined CallAction(ActorHashedString * param_1, bool param_2)
710002e7e0	16	GetPlayerType	<EXTERNAL>::bq::PlayerWork	d	a	1		undefined GetPlayerType(void)
710002e7f0	16	AddComponent<wl::ComponentJoyconRandomSwingCheck,,(void*)0>	nn::bezel::Entity	d	a	1		WeakHandle AddComponent<wl::ComponentJoyconRandomSwingCheck,,(void*)0>(long * param_1, HandlePtr * param_2)
710002e800	16	Initialize	<EXTERNAL>::wl::ComponentJoyconRandomSwingCheck	d	a	1		undefined Initialize(PlayerID param_1)
710002e810	16	SetAccThreshold	<EXTERNAL>::wl::ComponentJoyconRandomSwingCheck	d	a	1		undefined SetAccThreshold(float param_1)
710002e820	16	SetGyroThreshold	<EXTERNAL>::wl::ComponentJoyconRandomSwingCheck	d	a	1		undefined SetGyroThreshold(float param_1)
710002e830	16	SetSwingJudgeTime	<EXTERNAL>::wl::ComponentJoyconRandomSwingCheck	d	a	1		undefined SetSwingJudgeTime(float param_1)
710002e840	16	SafeCreate<bq::ComMatter,nn::bezel::HandlePtr<nn::bezel::Entity>const&,bex::PlayerID&,bq::MatterType>	bex::ComponentUtil	d	a	1		WeakHandle SafeCreate<bq::ComMatter,nn::bezel::HandlePtr<nn::bezel::Entity>const&,bex::PlayerID&,bq::MatterType>(long * param_1_00, ComponentUtil * this, undefined4 * param_3, undefined4 * param_4)
710002e850	16	SetActionName	<EXTERNAL>::actor::ComActor	d	a	1		undefined SetActionName(ActorHashedString * param_1, bool param_2)
710002e860	16	GetMotion	<EXTERNAL>::actor::ComActor	d	a	1		undefined GetMotion(void)
710002e870	16	SafeCreate<wl::ComponentJoyconRandomSwingCheck,nn::bezel::HandlePtr<nn::bezel::Entity>const&>	bex::ComponentUtil	d	a	1		WeakHandle SafeCreate<wl::ComponentJoyconRandomSwingCheck,nn::bezel::HandlePtr<nn::bezel::Entity>const&>(long * param_1, ComponentUtil * this)
710002e880	16	GetCharacterID	<EXTERNAL>::bq::PlayerWork	d	a	1		undefined GetCharacterID(void)
710002e890	16	PCNumber	<EXTERNAL>::bq::CharacterData	d	a	1		undefined PCNumber(PlayerCharacterID param_1)
710002e8a0	16	PCHeight	<EXTERNAL>::bq::CharacterData	d	a	1		undefined PCHeight(PlayerCharacterID param_1, Vector3f * param_2)
710002e8b0	16	GetComMatter	mg0503::Players	d	a	1		undefined GetComMatter(long * param_1, long param_2, int param_3)
710002e8c0	16	GetModel	<EXTERNAL>::bq::ComMatter	d	a	1		undefined GetModel(void)
710002e8d0	16	SetDecalShadowVisible	<EXTERNAL>::bex::gfx::ComModelBuffer	d	a	1		undefined SetDecalShadowVisible(bool param_1)
710002e8e0	16	GetComHeading	mg0503::Players	d	a	1		undefined GetComHeading(long * param_1, long param_2, int param_3)
710002e8f0	16	GetPad	<EXTERNAL>::actor::ComActor	d	a	1		undefined GetPad(void)
710002e900	16	GetAcc	<EXTERNAL>::bex::InputModule	d	a	1		undefined GetAcc(PlayerID param_1)
710002e910	16	SetOverlayEnabled	<EXTERNAL>::actor::ComActorPad	d	a	1		undefined SetOverlayEnabled(bool param_1)
710002e920	16	SetPosition	<EXTERNAL>::actor::ComActor	d	a	1		undefined SetPosition(Vector3f * param_1)
710002e930	16	SetRotation	<EXTERNAL>::actor::ComActor	d	a	1		undefined SetRotation(Quaternion * param_1)
710002e940	16	GetPosition	<EXTERNAL>::actor::ComActor	d	a	1		undefined GetPosition(void)
710002e950	16	SetTargetLookAtPosition	<EXTERNAL>::bex::ComHeading	d	a	1		undefined SetTargetLookAtPosition(Vector3f * param_1)
710002e960	16	SetTargetNone	<EXTERNAL>::bex::ComHeading	d	a	1		undefined SetTargetNone(void)
710002e970	16	Start	<EXTERNAL>::wl::ComponentJoyconRandomSwingCheck	d	a	1		undefined Start(void)
710002e980	16	UpdatePlayerIdle	mg0503::Players	d	a	1		undefined UpdatePlayerIdle(Players * this, int param_1)
710002e990	16	UpdatePlayerPad	mg0503::Players	d	a	1		undefined8 UpdatePlayerPad(Players * this, int param_1)
710002e9a0	16	UpdatePlayerPushButton	mg0503::Players	d	a	1		undefined UpdatePlayerPushButton(Players * this, int param_1, uint param_2)
710002e9b0	16	Play	<EXTERNAL>::actor::ComActorMotion	d	a	1		undefined Play(StringViewHashPair * param_1, float param_2, AnimationTransitionType param_3)
710002e9c0	16	GetTrigger	<EXTERNAL>::bex::InputModule	d	a	1		undefined GetTrigger(PlayerID param_1)
710002e9d0	16	GetSwingCount	<EXTERNAL>::wl::ComponentJoyconRandomSwingCheck	d	a	1		undefined GetSwingCount(void)
710002e9e0	16	IsHoldSide	<EXTERNAL>::bex::InputModule	d	a	1		undefined IsHoldSide(PlayerID param_1)
710002e9f0	16	IsHoldSideZ	<EXTERNAL>::bex::InputModule	d	a	1		undefined IsHoldSideZ(PlayerID param_1)
710002ea00	16	ComMatter	<EXTERNAL>::bq::ComMatter	d	a	1		undefined ComMatter(ComMatter * this, HandlePtr * param_1, PlayerID param_2, MatterType param_3)
710002ea10	16	ComponentJoyconRandomSwingCheck	<EXTERNAL>::wl::ComponentJoyconRandomSwingCheck	d	a	1		undefined ComponentJoyconRandomSwingCheck(ComponentJoyconRandomSwingCheck * this, HandlePtr * param_1)
710002ea20	16	getStaticTypeinfo	<EXTERNAL>::bex::SceneParamBase	d	a	1		undefined getStaticTypeinfo(void)
710002ea30	16	Typeinfo	<EXTERNAL>::rtti::Typeinfo	d	a	1		undefined Typeinfo(Typeinfo * this, Typeinfo * param_1, char * param_2, char * param_3, _func_Property_ptr * param_4, _func_void_ptr * param_5, _func_void_void_ptr * param_6, uint param_7, uint param_8, _func_void_void_ptr_Property_ptr_PropertyList_ptr * param_9, _func_bool_void_ptr_Property_ptr_Typeinfo_ptr_uint * param_10)
710002ea40	16	Property	<EXTERNAL>::rtti::Property	d	a	1		undefined Property(Property * this, char * param_1, char * param_2, uint param_3, void * param_4, Type * param_5)
710002ea50	16	Property	<EXTERNAL>::rtti::Property	d	a	1		undefined Property(Property * this, char * param_1, char * param_2, uint param_3, void * param_4, Type * param_5, int param_6, int param_7, int param_8)
710002ea60	16	Property	<EXTERNAL>::rtti::Property	d	a	1		undefined Property(Property * this, char * param_1, char * param_2, uint param_3, void * param_4, Value * param_5, uint param_6, uchar param_7)
710002ea70	16	Property	<EXTERNAL>::rtti::Property	d	a	1		undefined Property(Property * this)
710002ea80	16	checkGuiPropDefault	<EXTERNAL>::rtti::Typeinfo	d	a	1		undefined checkGuiPropDefault(void * param_1, Property * param_2, PropertyList * param_3)
710002ea90	16	createGuiPropDefault	<EXTERNAL>::rtti::Typeinfo	d	a	1		undefined createGuiPropDefault(void * param_1, Property * param_2, Typeinfo * param_3, uint param_4)
710002eaa0	16	Scene	mg0503::Scene	d	a	1		undefined Scene(Scene * this)
710002eab0	16	~Scene	mg0503::Scene	d	a	1		undefined ~Scene(Scene * this)
710002eac0	16	getStaticTypeinfo	<EXTERNAL>::wl::IMinigameScene	d	a	1		undefined getStaticTypeinfo(void)
710002ead0	16	MinigameScene	<EXTERNAL>::bq::MinigameScene	d	a	1		undefined MinigameScene(MinigameScene * this)
710002eae0	16	SetSyncData	<EXTERNAL>::bex::NetworkGameScene	d	a	1		undefined SetSyncData(uchar param_1)
710002eaf0	16	SetMinigameScene	mg0503	d	a	1		undefined SetMinigameScene(undefined8 param_1)
710002eb00	16	SetMinigameScenemg0503	mg0503	d	a	1		undefined SetMinigameScenemg0503(undefined8 param_1)
710002eb10	16	destroy	std::__tree<std::__value_type<wl::eSceneEventID,int>,std::__map_value_compare<wl::eSceneEventID,std::__value_type<wl::eSceneEventID,int>,std::less<wl::eSceneEventID>,true>,bex::HeapModule::Allocator_map<std::__value_type<wl::eSceneEventID,int>>>	d	a	1		undefined destroy(__tree<std::__value_type<wl::eSceneEventID,int>,std::__map_value_compare<wl::eSceneEventID,std::__value_type<wl::eSceneEventID,int>,std::less<wl::eSceneEventID>,true>,bex::HeapModule::Allocator_map<std::__value_type<wl::eSceneEventID,int>>> * this, undefined8 * param_1)
710002eb20	16	~MinigameScene	<EXTERNAL>::bq::MinigameScene	d	a	1		undefined ~MinigameScene(MinigameScene * this)
710002eb30	16	SetStartTelop	<EXTERNAL>::bq::MinigameScene	d	a	1		undefined SetStartTelop(TelopType param_1)
710002eb40	16	FindMaterial	<EXTERNAL>::nn::bezel::ComModel	d	a	1		undefined FindMaterial(basic_string_view param_1)
710002eb50	16	MaterialHandle	<EXTERNAL>::nn::bezel::MaterialHandle	d	a	1		undefined MaterialHandle(MaterialHandle * this)
710002eb60	16	Reset	<EXTERNAL>::nn::bezel::MaterialHandle	d	a	1		undefined Reset(Material * param_1)
710002eb70	16	Lock	<EXTERNAL>::nn::bezel::MaterialHandle	d	a	1		undefined Lock(void)
710002eb80	16	~MaterialHandle	<EXTERNAL>::nn::bezel::MaterialHandle	d	a	1		undefined ~MaterialHandle(MaterialHandle * this)
710002eb90	16	SetTexture	<EXTERNAL>::nn::bezel::Material	d	a	1		undefined SetTexture(basic_string_view param_1, HandlePtr * param_2)
710002eba0	16	Play	<EXTERNAL>::bex::ComFxTrigger	d	a	1		undefined Play(basic_string_view * param_1)
710002ebb0	16	Stop	<EXTERNAL>::bex::ComFxTrigger	d	a	1		undefined Stop(basic_string_view * param_1)
710002ebc0	16	StopAllPlayingFxTrigger	<EXTERNAL>::bex::ComFxTrigger	d	a	1		undefined StopAllPlayingFxTrigger(void)
710002ebd0	16	SetBool	<EXTERNAL>::bex::ComFxTrigger	d	a	1		undefined SetBool(basic_string_view * param_1, bool param_2)
710002ebe0	16	GetBoneSocket	<EXTERNAL>::nn::bezel::ComModel	d	a	1		undefined GetBoneSocket(basic_string_view param_1)
710002ebf0	16	HasCastableComponentImpl	<EXTERNAL>::nn::bezel::Entity	d	a	1		undefined HasCastableComponentImpl(TypeDesc * param_1)
710002ec00	16	AddComponent<nn::bezel::ComAttachment,,(void*)0>	nn::bezel::Entity	d	a	1		WeakHandle AddComponent<nn::bezel::ComAttachment,,(void*)0>(long * param_1, HandlePtr * param_2)
710002ec10	16	SetTarget	<EXTERNAL>::nn::bezel::ComAttachment	d	a	1		undefined SetTarget(WeakHandle * param_1)
710002ec20	16	Create	<EXTERNAL>::nn::bezel::ComAttachment	d	a	1		undefined Create(HandlePtr * param_1)
710002ec30	16	_internalRemoveComponentByTypeDesc	<EXTERNAL>::nn::bezel::Entity	d	a	1		undefined _internalRemoveComponentByTypeDesc(TypeDesc * param_1)
710002ec40	16	FindBoneIndex	<EXTERNAL>::nn::bezel::ComModel	d	a	1		undefined FindBoneIndex(basic_string_view param_1)
710002ec50	16	CalculateWorldTransform	<EXTERNAL>::nn::bezel::SkeletonPose	d	a	1		undefined CalculateWorldTransform(int param_1)
710002ec60	16	FindParam	<EXTERNAL>::nn::bezel::Material	d	a	1		undefined FindParam(basic_string_view param_1)
710002ec70	16	GetVector4	<EXTERNAL>::nn::bezel::MaterialParam	d	a	1		undefined GetVector4(void)
710002ec80	16	SetVector4	<EXTERNAL>::nn::bezel::MaterialParam	d	a	1		undefined SetVector4(Vector4f * param_1)
710002ec90	16	AddComponent<bex::sound::ComActor,,(void*)0>	nn::bezel::Entity	d	a	1		WeakHandle AddComponent<bex::sound::ComActor,,(void*)0>(long * param_1, HandlePtr * param_2)
710002eca0	16	Play	<EXTERNAL>::bex::sound::ComActor	d	a	1		undefined Play(char * param_1, float param_2, int param_3, Vector3f * param_4)
710002ecb0	16	Create	<EXTERNAL>::bex::sound::ComActor	d	a	1		undefined Create(HandlePtr * param_1)
7100062000	1	end		i	d	0		undefined end()
7100063000	1	ProtectRelro	<EXTERNAL>::nn::ro	d	a	1		undefined ProtectRelro(void * param_1, void * param_2, void * param_3, void * param_4, void * param_5)
7100064000	1	__nnmusl_fini_dso	<EXTERNAL>	d	d	1		undefined __nnmusl_fini_dso()
7100065000	1	__cxa_guard_acquire	<EXTERNAL>	d	d	1		undefined __cxa_guard_acquire()
7100067000	1	__cxa_guard_release	<EXTERNAL>	d	d	1		undefined __cxa_guard_release()
71000be000	1	CreateSceneEntity	<EXTERNAL>::bq::SceneBase	d	a	1		undefined CreateSceneEntity(basic_string_view * param_1)
71000bf000	1	GetCurrentGfxSceneType	<EXTERNAL>::bex::Scene	d	a	1		undefined GetCurrentGfxSceneType(void)
71000c1000	1	GetScene	<EXTERNAL>::bex::gfx::RendererModule	d	a	1		undefined GetScene(SceneType param_1)
71000c2000	1	GetGraphicsLayer	<EXTERNAL>::bex::gfx::Scene	d	a	1		undefined GetGraphicsLayer(int param_1)
71000c3000	1	GetCamera	<EXTERNAL>::nn::bezel::ComCamera	d	a	1		undefined GetCamera(void)
71000c4000	1	SetCamera	<EXTERNAL>::nn::bezel::GraphicsLayer	d	a	1		undefined SetCamera(WeakHandle * param_1)
71000c5000	1	AbortImpl	<EXTERNAL>::nn::diag::detail	d	a	1		undefined AbortImpl(void)
71000c6000	1	Alloc	<EXTERNAL>::bex::HeapModule	d	a	1		undefined Alloc(HeapID param_1, ulong param_2, int param_3, char * param_4, int param_5, char * param_6, char * param_7)
71000c7000	1	strlen	<EXTERNAL>	d	i	1		size_t strlen(char * __s)
71000c8000	1	AddAnimation	<EXTERNAL>::actor::ComActorMotion	d	a	1		undefined AddAnimation(StringViewHashPair * param_1, basic_string_view * param_2, bool param_3, AnimatinType param_4, bool param_5, bool param_6)
71000c9000	1	Free	<EXTERNAL>::bex::HeapModule	d	a	1		undefined Free(void * param_1)
71000ca000	1	Play	<EXTERNAL>::actor::ComActorMotion	d	a	1		undefined Play(StringViewHashPair * param_1)
71000cb000	1	SetFrame	<EXTERNAL>::actor::ComActorMotion	d	a	1		undefined SetFrame(float param_1)
71000cc000	1	SetPauseEnabled	<EXTERNAL>::actor::ComActorMotion	d	a	1		undefined SetPauseEnabled(bool param_1)
71000cd000	1	_internalCheckComponentValidity	<EXTERNAL>::nn::bezel::Entity	d	a	1		undefined _internalCheckComponentValidity(HandlePtr * param_1)
71000ce000	1	AddComponentImpl	<EXTERNAL>::nn::bezel::Entity	d	a	1		undefined AddComponentImpl(HandlePtr * param_1)
71000cf000	1	__cxa_begin_catch	<EXTERNAL>	d	d	1		undefined __cxa_begin_catch()
71000d0000	1	terminate	<EXTERNAL>::std	d	a	1		undefined terminate(void)
71000d1000	1	snprintf	<EXTERNAL>	d	i	1		int snprintf(char * __s, size_t __maxlen, char * __format, ...)
71000d2000	1	memset	<EXTERNAL>	d	i	1		void * memset(void * __s, int __c, size_t __n)
71000d3000	1	SetRotation	<EXTERNAL>::nn::bezel::Entity	d	a	1		undefined SetRotation(Quaternion * param_1)
71000d4000	1	SetTranslation	<EXTERNAL>::nn::bezel::Entity	d	a	1		undefined SetTranslation(Vector3f * param_1)
71000d5000	1	SetSpeed	<EXTERNAL>::actor::ComActorMotion	d	a	1		undefined SetSpeed(float param_1)
71000d6000	1	GetFrame	<EXTERNAL>::actor::ComActorMotion	d	a	1		undefined GetFrame(void)
71000d7000	1	GetFrameMax	<EXTERNAL>::actor::ComActorMotion	d	a	1		undefined GetFrameMax(void)
71000d8000	1	GetSpeed	<EXTERNAL>::actor::ComActorMotion	d	a	1		undefined GetSpeed(void)
71000d9000	1	IsFinished	<EXTERNAL>::actor::ComActorMotion	d	a	1		undefined IsFinished(void)
71000da000	1	__cxa_allocate_exception	<EXTERNAL>	d	d	1		undefined __cxa_allocate_exception()
71000db000	1	~length_error	<EXTERNAL>::std::length_error	d	a	1		undefined ~length_error(length_error * this)
71000dc000	1	__cxa_throw	<EXTERNAL>	d	d	1		undefined __cxa_throw()
71000dd000	1	__cxa_free_exception	<EXTERNAL>	d	d	1		undefined __cxa_free_exception()
71000de000	1	_Unwind_Resume	<EXTERNAL>	d	d	1		undefined _Unwind_Resume()
71000df000	1	logic_error	<EXTERNAL>::std::logic_error	d	a	1		undefined logic_error(logic_error * this, char * param_1)
71000e1000	1	operator.new	<EXTERNAL>	d	a	1		void * operator.new(ulong param_1, ulong param_2, HeapID param_3)
71000e2000	1	ComMatter	<EXTERNAL>::bq::ComMatter	d	a	1		undefined ComMatter(ComMatter * this, HandlePtr * param_1, MatterType param_2, bool param_3)
71000e3000	1	memmove	<EXTERNAL>	d	i	1		void * memmove(void * __dest, void * __src, size_t __n)
71000e4000	1	~locale	<EXTERNAL>::std::locale	d	a	1		undefined ~locale(locale * this)
71000e5000	1	__release_weak	<EXTERNAL>::std::__shared_weak_count	d	a	1		undefined __release_weak(void)
71000e6000	1	locale	<EXTERNAL>::std::locale	d	a	1		undefined locale(locale * this)
71000e8000	1	use_facet	<EXTERNAL>::std::locale	d	a	1		undefined use_facet(id * param_1)
71000ea000	1	operator.delete	<EXTERNAL>	d	a	1		void operator.delete(void * param_1)
71000eb000	1	operator.new	<EXTERNAL>	d	a	1		void * operator.new(ulong param_1)
71000ec000	1	regex_error	<EXTERNAL>::std::regex_error	d	a	1		undefined regex_error(regex_error * this, error_type param_1)
71000ed000	1	~regex_error	<EXTERNAL>::std::regex_error	d	a	1		undefined ~regex_error(regex_error * this)
71000ee000	1	bad_array_new_length	<EXTERNAL>::std::bad_array_new_length	d	a	1		undefined bad_array_new_length(bad_array_new_length * this)
71000ef000	1	~bad_array_new_length	<EXTERNAL>::std::bad_array_new_length	d	a	1		undefined ~bad_array_new_length(bad_array_new_length * this)
71000f0000	1	memcpy	<EXTERNAL>	d	i	1		void * memcpy(void * __dest, void * __src, size_t __n)
71000f1000	1	~__shared_weak_count	<EXTERNAL>::std::__shared_weak_count	d	a	1		undefined ~__shared_weak_count(__shared_weak_count * this)
71000f2000	1	locale	<EXTERNAL>::std::locale	d	a	1		undefined locale(locale * this, locale * param_1)
71000f3000	1	operator=	<EXTERNAL>::std::string	d	a	1		undefined operator=(string * this, char param_1)
71000f4000	1	name	<EXTERNAL>::std::locale	d	a	1		undefined name(void)
71000f5000	1	memcmp	<EXTERNAL>	d	i	1		int memcmp(void * __s1, void * __s2, size_t __n)
71000f6000	1	__get_collation_name	<EXTERNAL>::std	d	a	1		undefined __get_collation_name(char * param_1)
71000f7000	1	operator=	<EXTERNAL>::std::string	d	a	1		undefined operator=(string * this, string * param_1)
71000f8000	1	string	<EXTERNAL>::std::string	d	a	1		undefined string(string * this, string * param_1)
71000f9000	1	__get_classname	<EXTERNAL>::std	d	a	1		undefined __get_classname(char * param_1, bool param_2)
71000fc000	1	__get_deleter	<EXTERNAL>::std::__shared_weak_count	d	a	1		undefined __get_deleter(type_info * param_1)
71000fd000	1	__exec	<EXTERNAL>::std::__match_any_but_newline<char>	d	a	1		undefined __exec(__state * param_1)
71000ff000	1	Fiber	<EXTERNAL>::bex::Fiber	d	a	1		undefined Fiber(Fiber * this, int param_1, bool param_2)
