addr	size	name	namespace	namesrc	sigsrc	thunk	tags	signature
7100000080	12	nndetailRoGetRoDataStart		i	a	0		undefined * nndetailRoGetRoDataStart(void)
7100000090	12	nndetailRoGetRoDataEnd		i	a	0		undefined * nndetailRoGetRoDataEnd(void)
71000000a0	352	_init		i	i	0		int _init(EVP_PKEY_CTX * ctx)
7100000200	144	_fini		i	a	0		undefined _fini(void)
7100000290	36	FUN_7100000290		d	a	0		undefined8 FUN_7100000290(long param_1)
7100000340	120	FUN_7100000340		d	a	0		undefined8 FUN_7100000340(undefined8 param_1, undefined8 param_2, long param_3)
71000003c0	184	FUN_71000003c0		d	a	0		undefined FUN_71000003c0(long param_1, ulong param_2, ulong param_3)
7100000480	88	FUN_7100000480		d	a	0		undefined FUN_7100000480(void)
71000004e0	80	FUN_71000004e0		d	a	0		undefined FUN_71000004e0(void)
7100000530	88	FUN_7100000530		d	a	0		undefined FUN_7100000530(void)
7100000590	88	FUN_7100000590		d	a	0		undefined FUN_7100000590(void)
71000005f0	80	FUN_71000005f0		d	a	0		undefined FUN_71000005f0(void)
7100000640	80	FUN_7100000640		d	a	0		undefined FUN_7100000640(void)
7100000690	88	FUN_7100000690		d	a	0		undefined FUN_7100000690(void)
71000006f0	88	FUN_71000006f0		d	a	0		undefined FUN_71000006f0(void)
7100000750	88	FUN_7100000750		d	a	0		undefined FUN_7100000750(void)
71000007b0	88	FUN_71000007b0		d	a	0		undefined FUN_71000007b0(void)
7100000810	88	FUN_7100000810		d	a	0		undefined FUN_7100000810(void)
7100000870	88	FUN_7100000870		d	a	0		undefined FUN_7100000870(void)
71000008d0	88	FUN_71000008d0		d	a	0		undefined FUN_71000008d0(void)
7100000930	88	FUN_7100000930		d	a	0		undefined FUN_7100000930(void)
7100000990	88	FUN_7100000990		d	a	0		undefined FUN_7100000990(void)
71000009f0	88	FUN_71000009f0		d	a	0		undefined FUN_71000009f0(void)
7100000a50	80	FUN_7100000a50		d	a	0		undefined FUN_7100000a50(void)
7100000aa0	80	FUN_7100000aa0		d	a	0		undefined FUN_7100000aa0(void)
7100000af0	80	FUN_7100000af0		d	a	0		undefined FUN_7100000af0(void)
7100000b40	80	FUN_7100000b40		d	a	0		undefined FUN_7100000b40(void)
7100000b90	88	FUN_7100000b90		d	a	0		undefined FUN_7100000b90(void)
7100000bf0	88	FUN_7100000bf0		d	a	0		undefined FUN_7100000bf0(void)
7100000c50	88	FUN_7100000c50		d	a	0		undefined FUN_7100000c50(void)
7100000cb0	88	FUN_7100000cb0		d	a	0		undefined FUN_7100000cb0(void)
7100000d10	88	FUN_7100000d10		d	a	0		undefined FUN_7100000d10(void)
7100000d70	88	FUN_7100000d70		d	a	0		undefined FUN_7100000d70(void)
7100000dd0	88	FUN_7100000dd0		d	a	0		undefined FUN_7100000dd0(void)
7100000e30	88	FUN_7100000e30		d	a	0		undefined FUN_7100000e30(void)
7100000e90	88	FUN_7100000e90		d	a	0		undefined FUN_7100000e90(void)
7100000ef0	88	FUN_7100000ef0		d	a	0		undefined FUN_7100000ef0(void)
7100000f50	88	FUN_7100000f50		d	a	0		undefined FUN_7100000f50(void)
7100000fb0	88	FUN_7100000fb0		d	a	0		undefined FUN_7100000fb0(void)
7100001010	88	FUN_7100001010		d	a	0		undefined FUN_7100001010(void)
7100001070	88	FUN_7100001070		d	a	0		undefined FUN_7100001070(void)
71000010d0	88	FUN_71000010d0		d	a	0		undefined FUN_71000010d0(void)
7100001130	88	FUN_7100001130		d	a	0		undefined FUN_7100001130(void)
7100001190	88	FUN_7100001190		d	a	0		undefined FUN_7100001190(void)
71000011f0	88	FUN_71000011f0		d	a	0		undefined FUN_71000011f0(void)
7100001250	88	FUN_7100001250		d	a	0		undefined FUN_7100001250(void)
71000012b0	88	FUN_71000012b0		d	a	0		undefined FUN_71000012b0(void)
7100001310	88	FUN_7100001310		d	a	0		undefined FUN_7100001310(void)
7100001370	88	FUN_7100001370		d	a	0		undefined FUN_7100001370(void)
71000013d0	88	FUN_71000013d0		d	a	0		undefined FUN_71000013d0(void)
7100001430	88	FUN_7100001430		d	a	0		undefined FUN_7100001430(void)
7100001490	88	FUN_7100001490		d	a	0		undefined FUN_7100001490(void)
71000014f0	88	FUN_71000014f0		d	a	0		undefined FUN_71000014f0(void)
7100001550	88	FUN_7100001550		d	a	0		undefined FUN_7100001550(void)
71000015b0	88	FUN_71000015b0		d	a	0		undefined FUN_71000015b0(void)
7100001610	88	FUN_7100001610		d	a	0		undefined FUN_7100001610(void)
7100001670	88	FUN_7100001670		d	a	0		undefined FUN_7100001670(void)
71000016d0	88	FUN_71000016d0		d	a	0		undefined FUN_71000016d0(void)
7100001730	88	FUN_7100001730		d	a	0		undefined FUN_7100001730(void)
7100001790	88	FUN_7100001790		d	a	0		undefined FUN_7100001790(void)
71000017f0	88	FUN_71000017f0		d	a	0		undefined FUN_71000017f0(void)
7100001850	88	FUN_7100001850		d	a	0		undefined FUN_7100001850(void)
71000018b0	88	FUN_71000018b0		d	a	0		undefined FUN_71000018b0(void)
7100001910	88	FUN_7100001910		d	a	0		undefined FUN_7100001910(void)
7100001970	88	FUN_7100001970		d	a	0		undefined FUN_7100001970(void)
71000019d0	88	FUN_71000019d0		d	a	0		undefined FUN_71000019d0(void)
7100001a30	88	FUN_7100001a30		d	a	0		undefined FUN_7100001a30(void)
7100001a90	80	FUN_7100001a90		d	a	0		undefined FUN_7100001a90(void)
7100001ae0	80	FUN_7100001ae0		d	a	0		undefined FUN_7100001ae0(void)
7100001b30	80	FUN_7100001b30		d	a	0		undefined FUN_7100001b30(void)
7100001b80	80	FUN_7100001b80		d	a	0		undefined FUN_7100001b80(void)
7100001bd0	80	FUN_7100001bd0		d	a	0		undefined FUN_7100001bd0(void)
7100001c20	80	FUN_7100001c20		d	a	0		undefined FUN_7100001c20(void)
7100001c70	80	FUN_7100001c70		d	a	0		undefined FUN_7100001c70(void)
7100001cc0	88	FUN_7100001cc0		d	a	0		undefined FUN_7100001cc0(void)
7100001d20	88	FUN_7100001d20		d	a	0		undefined FUN_7100001d20(void)
7100001d80	88	FUN_7100001d80		d	a	0		undefined FUN_7100001d80(void)
7100001de0	88	FUN_7100001de0		d	a	0		undefined FUN_7100001de0(void)
7100001e40	88	FUN_7100001e40		d	a	0		undefined FUN_7100001e40(void)
7100001ea0	88	FUN_7100001ea0		d	a	0		undefined FUN_7100001ea0(void)
7100001f00	88	FUN_7100001f00		d	a	0		undefined FUN_7100001f00(void)
7100001f60	88	FUN_7100001f60		d	a	0		undefined FUN_7100001f60(void)
7100001fc0	88	FUN_7100001fc0		d	a	0		undefined FUN_7100001fc0(void)
7100002020	88	FUN_7100002020		d	a	0		undefined FUN_7100002020(void)
7100002080	88	FUN_7100002080		d	a	0		undefined FUN_7100002080(void)
71000020e0	88	FUN_71000020e0		d	a	0		undefined FUN_71000020e0(void)
7100002140	88	FUN_7100002140		d	a	0		undefined FUN_7100002140(void)
71000021a0	80	FUN_71000021a0		d	a	0		undefined FUN_71000021a0(void)
71000021f0	88	FUN_71000021f0		d	a	0		undefined FUN_71000021f0(void)
7100002250	88	FUN_7100002250		d	a	0		undefined FUN_7100002250(void)
71000022b0	80	FUN_71000022b0		d	a	0		undefined FUN_71000022b0(void)
7100002300	80	FUN_7100002300		d	a	0		undefined FUN_7100002300(void)
7100002350	80	FUN_7100002350		d	a	0		undefined FUN_7100002350(void)
71000023a0	80	FUN_71000023a0		d	a	0		undefined FUN_71000023a0(void)
71000023f0	88	FUN_71000023f0		d	a	0		undefined FUN_71000023f0(void)
7100002450	88	FUN_7100002450		d	a	0		undefined FUN_7100002450(void)
71000024b0	88	FUN_71000024b0		d	a	0		undefined FUN_71000024b0(void)
7100002510	88	FUN_7100002510		d	a	0		undefined FUN_7100002510(void)
7100002570	88	FUN_7100002570		d	a	0		undefined FUN_7100002570(void)
71000025d0	80	FUN_71000025d0		d	a	0		undefined FUN_71000025d0(void)
7100002620	80	FUN_7100002620		d	a	0		undefined FUN_7100002620(void)
7100002670	80	FUN_7100002670		d	a	0		undefined FUN_7100002670(void)
71000026c0	80	FUN_71000026c0		d	a	0		undefined FUN_71000026c0(void)
7100002710	80	FUN_7100002710		d	a	0		undefined FUN_7100002710(void)
7100002760	80	FUN_7100002760		d	a	0		undefined FUN_7100002760(void)
71000027b0	80	FUN_71000027b0		d	a	0		undefined FUN_71000027b0(void)
7100002800	80	FUN_7100002800		d	a	0		undefined FUN_7100002800(void)
7100002850	80	FUN_7100002850		d	a	0		undefined FUN_7100002850(void)
71000028a0	80	FUN_71000028a0		d	a	0		undefined FUN_71000028a0(void)
71000028f0	80	FUN_71000028f0		d	a	0		undefined FUN_71000028f0(void)
7100002940	80	FUN_7100002940		d	a	0		undefined FUN_7100002940(void)
7100002990	80	FUN_7100002990		d	a	0		undefined FUN_7100002990(void)
71000029e0	80	FUN_71000029e0		d	a	0		undefined FUN_71000029e0(void)
7100002a30	80	FUN_7100002a30		d	a	0		undefined FUN_7100002a30(void)
7100002a80	80	FUN_7100002a80		d	a	0		undefined FUN_7100002a80(void)
7100002ad0	80	FUN_7100002ad0		d	a	0		undefined FUN_7100002ad0(void)
7100002b20	80	FUN_7100002b20		d	a	0		undefined FUN_7100002b20(void)
7100002b70	80	FUN_7100002b70		d	a	0		undefined FUN_7100002b70(void)
7100002bc0	80	FUN_7100002bc0		d	a	0		undefined FUN_7100002bc0(void)
7100002c10	80	FUN_7100002c10		d	a	0		undefined FUN_7100002c10(void)
7100002c60	80	FUN_7100002c60		d	a	0		undefined FUN_7100002c60(void)
7100002cb0	80	FUN_7100002cb0		d	a	0		undefined FUN_7100002cb0(void)
7100002d00	80	FUN_7100002d00		d	a	0		undefined FUN_7100002d00(void)
7100002d50	80	FUN_7100002d50		d	a	0		undefined FUN_7100002d50(void)
7100002da0	80	FUN_7100002da0		d	a	0		undefined FUN_7100002da0(void)
7100002df0	88	FUN_7100002df0		d	a	0		undefined FUN_7100002df0(void)
7100002e50	88	FUN_7100002e50		d	a	0		undefined FUN_7100002e50(void)
7100002eb0	88	FUN_7100002eb0		d	a	0		undefined FUN_7100002eb0(void)
7100002f10	88	FUN_7100002f10		d	a	0		undefined FUN_7100002f10(void)
7100002f70	88	FUN_7100002f70		d	a	0		undefined FUN_7100002f70(void)
7100002fd0	88	FUN_7100002fd0		d	a	0		undefined FUN_7100002fd0(void)
7100003030	88	FUN_7100003030		d	a	0		undefined FUN_7100003030(void)
7100003090	88	FUN_7100003090		d	a	0		undefined FUN_7100003090(void)
71000030f0	88	FUN_71000030f0		d	a	0		undefined FUN_71000030f0(void)
7100003150	88	FUN_7100003150		d	a	0		undefined FUN_7100003150(void)
71000031b0	88	FUN_71000031b0		d	a	0		undefined FUN_71000031b0(void)
7100003210	88	FUN_7100003210		d	a	0		undefined FUN_7100003210(void)
7100003270	88	FUN_7100003270		d	a	0		undefined FUN_7100003270(void)
71000032d0	80	FUN_71000032d0		d	a	0		undefined FUN_71000032d0(void)
7100003320	80	FUN_7100003320		d	a	0		undefined FUN_7100003320(void)
7100003370	88	FUN_7100003370		d	a	0		undefined FUN_7100003370(void)
71000033d0	80	FUN_71000033d0		d	a	0		undefined FUN_71000033d0(void)
7100003420	80	FUN_7100003420		d	a	0		undefined FUN_7100003420(void)
7100003470	80	FUN_7100003470		d	a	0		undefined FUN_7100003470(void)
71000034c0	80	FUN_71000034c0		d	a	0		undefined FUN_71000034c0(void)
7100003510	80	FUN_7100003510		d	a	0		undefined FUN_7100003510(void)
7100003560	80	FUN_7100003560		d	a	0		undefined FUN_7100003560(void)
71000035b0	80	FUN_71000035b0		d	a	0		undefined FUN_71000035b0(void)
7100003600	80	FUN_7100003600		d	a	0		undefined FUN_7100003600(void)
7100003650	80	FUN_7100003650		d	a	0		undefined FUN_7100003650(void)
71000036a0	80	FUN_71000036a0		d	a	0		undefined FUN_71000036a0(void)
71000036f0	80	FUN_71000036f0		d	a	0		undefined FUN_71000036f0(void)
7100003740	80	FUN_7100003740		d	a	0		undefined FUN_7100003740(void)
7100003790	80	FUN_7100003790		d	a	0		undefined FUN_7100003790(void)
71000037e0	212	FUN_71000037e0		d	a	0		undefined FUN_71000037e0(pair * param_1, long param_2, long param_3)
71000038e0	228	FUN_71000038e0		d	a	0		undefined FUN_71000038e0(__tree_node_base * * param_1, undefined8 * param_2, long param_3)
71000039f0	212	FUN_71000039f0		d	a	0		undefined FUN_71000039f0(pair * param_1, long param_2, long param_3)
7100003af0	228	FUN_7100003af0		d	a	0		undefined FUN_7100003af0(__tree_node_base * * param_1, undefined8 * param_2, long param_3)
7100003c00	212	FUN_7100003c00		d	a	0		undefined FUN_7100003c00(pair * param_1, long param_2, long param_3)
7100003d00	212	FUN_7100003d00		d	a	0		undefined FUN_7100003d00(pair * param_1, long param_2, long param_3)
7100003e00	228	FUN_7100003e00		d	a	0		undefined FUN_7100003e00(__tree_node_base * * param_1, undefined8 * param_2, long param_3)
7100003f40	80	FUN_7100003f40		d	a	0		undefined FUN_7100003f40(void)
7100003f90	432	BaseObject	mg1604::BaseObject	a	a	0		undefined BaseObject(BaseObject * this, undefined8 * param_1)
7100004148	20	SetEntity	mg1604::BaseObject	a	a	0		undefined SetEntity(BaseObject * this, undefined8 * param_1)
710000415c	20	GetEntity	mg1604::BaseObject	a	a	0		undefined GetEntity(undefined8 * param_1, long param_2)
7100004170	696	AddComponent<actor::ComActorCollision,,(void*)0>	nn::bezel::Entity	a	a	0		WeakHandle AddComponent<actor::ComActorCollision,,(void*)0>(long * param_1, HandlePtr * param_2)
7100004430	60	SetPosition	mg1604::BaseObject	a	a	0		undefined SetPosition(long param_1)
710000446c	80	SetRotation	mg1604::BaseObject	a	a	0		undefined SetRotation(long param_1)
71000044bc	60	SetScale	mg1604::BaseObject	a	a	0		undefined SetScale(long param_1)
71000044f8	60	Move	mg1604::BaseObject	a	a	0		undefined Move(long param_1)
7100004534	80	Rotate	mg1604::BaseObject	a	a	0		undefined Rotate(long param_1)
7100004584	60	Scale	mg1604::BaseObject	a	a	0		undefined Scale(long param_1)
71000045c0	68	GetPosition	mg1604::BaseObject	a	a	0		undefined1[16] GetPosition(BaseObject * this)
7100004604	68	GetRotation	mg1604::BaseObject	a	a	0		undefined1[16] GetRotation(BaseObject * this)
7100004648	68	GetScale	mg1604::BaseObject	a	a	0		undefined1[16] GetScale(BaseObject * this)
710000468c	104	SetEntityActivility	mg1604::BaseObject	a	a	0		undefined SetEntityActivility(BaseObject * this, char * param_1)
71000046f4	68	IsEntityActivility	mg1604::BaseObject	a	a	0		bool IsEntityActivility(BaseObject * this)
7100004740	540	AddSphereCollision	mg1604::BaseObject	a	a	0		undefined AddSphereCollision(float param_1, long param_2)
7100004960	16	FUN_7100004960		d	a	0		undefined FUN_7100004960(void)
7100004970	540	AddCapsuleCollision	mg1604::BaseObject	a	a	0		undefined AddCapsuleCollision(float param_1, long param_2, Vector3f * param_3)
7100004b90	536	AddBoxCollision	mg1604::BaseObject	a	a	0		undefined AddBoxCollision(long param_1, Vector3f * param_2, Quaternion * param_3)
7100004db0	144	ClearCollision	mg1604::BaseObject	a	a	0		undefined ClearCollision(BaseObject * this)
7100004e50	112	SetCollisionLayer	mg1604::BaseObject	a	a	0		undefined SetCollisionLayer(long param_1)
7100004ec0	112	SetCollisionLayerBit	mg1604::BaseObject	a	a	0		undefined SetCollisionLayerBit(long param_1)
7100004f30	84	CheckCollisionLayer	mg1604::BaseObject	a	a	0		undefined8 CheckCollisionLayer(long param_1)
7100004f84	84	CheckCollisionLayerBit	mg1604::BaseObject	a	a	0		undefined8 CheckCollisionLayerBit(long param_1)
7100004fe0	112	SetCollisionEnable	mg1604::BaseObject	a	a	0		undefined SetCollisionEnable(long param_1)
7100005050	84	GetCollisionEnable	mg1604::BaseObject	a	a	0		undefined8 GetCollisionEnable(BaseObject * this)
71000050b0	112	SetCollisionWeight	mg1604::BaseObject	a	a	0		undefined SetCollisionWeight(float param_1, BaseObject * this)
7100005120	84	GetCollisionWeight	mg1604::BaseObject	a	a	0		undefined1[16] GetCollisionWeight(BaseObject * this)
7100005174	20	GetCollision	mg1604::BaseObject	a	a	0		undefined GetCollision(undefined8 * param_1, long param_2)
7100005190	400	BaseGameObject	mg1604::BaseGameObject	a	a	0		undefined BaseGameObject(BaseGameObject * this, undefined8 * param_1)
7100005330	480	AddComponent<nn::bezel::ComModel,,(void*)0>	nn::bezel::Entity	a	a	0		WeakHandle AddComponent<nn::bezel::ComModel,,(void*)0>(long * param_1, HandlePtr * param_2)
7100005520	304	SetOpaque	mg1604::BaseGameObject	a	a	0		undefined SetOpaque(float param_1, BaseGameObject * this)
7100005660	264	GetOpaque	mg1604::BaseGameObject	a	a	0		undefined GetOpaque(BaseGameObject * this)
7100005770	64	SetVisible	mg1604::BaseGameObject	a	a	0		undefined SetVisible(long param_1)
71000057b0	60	SetVisibleLayer	mg1604::BaseGameObject	a	a	0		undefined SetVisibleLayer(BaseGameObject * this, undefined4 param_1)
71000057ec	64	IsVisible	mg1604::BaseGameObject	a	a	0		uint IsVisible(BaseGameObject * this)
710000582c	60	GetVisibleLayer	mg1604::BaseGameObject	a	a	0		undefined4 GetVisibleLayer(BaseGameObject * this)
7100005868	228	SetTexture	mg1604::BaseGameObject	a	a	0		undefined SetTexture(BaseGameObject * this, uint param_1, undefined8 param_3_00, undefined8 * param_3)
710000594c	68	FindMaterialIdx	mg1604::BaseGameObject	a	a	0		undefined FindMaterialIdx(BaseGameObject * this, undefined8 * param_1)
7100005990	100	GetMaterial	mg1604::BaseGameObject	a	a	0		undefined GetMaterial(MaterialHandle * param_1, BaseGameObject * this)
7100005a00	480	SetHook	mg1604::BaseGameObject	a	a	0		undefined SetHook(BaseGameObject * this, long * param_1, undefined8 * param_2)
7100005bf0	480	AddComponent<nn::bezel::ComAttachment,,(void*)0>	nn::bezel::Entity	a	a	0		WeakHandle AddComponent<nn::bezel::ComAttachment,,(void*)0>(long * param_1, HandlePtr * param_2)
7100005dd8	108	ResetHook	mg1604::BaseGameObject	a	a	0		undefined ResetHook(BaseGameObject * this)
7100005e44	68	IsHook	mg1604::BaseGameObject	a	a	0		undefined IsHook(BaseGameObject * this)
7100005e90	464	SetupDecalShadow	mg1604::BaseGameObject	a	a	0		undefined SetupDecalShadow(BaseGameObject * this, undefined4 param_1)
7100006070	300	SetDecalShadowOverwriteIndex	mg1604::BaseGameObject	a	a	0		undefined SetDecalShadowOverwriteIndex(BaseGameObject * this, undefined4 param_1)
71000061b0	324	SetDecalShadowModelTransformType	mg1604::BaseGameObject	a	a	0		undefined SetDecalShadowModelTransformType(BaseGameObject * this, undefined4 param_1, undefined4 param_2)
7100006300	300	SetEnableDecalShadow	mg1604::BaseGameObject	a	a	0		undefined SetEnableDecalShadow(long param_1)
7100006440	300	SetDecalShadowVisible	mg1604::BaseGameObject	a	a	0		undefined SetDecalShadowVisible(long param_1)
7100006580	324	SetDecalShadowOffset	mg1604::BaseGameObject	a	a	0		undefined SetDecalShadowOffset(BaseGameObject * this, undefined8 param_1, undefined4 param_2)
71000066d0	324	SetDecalShadowScale	mg1604::BaseGameObject	a	a	0		undefined SetDecalShadowScale(BaseGameObject * this, undefined8 param_1, undefined4 param_2)
7100006820	348	GetDecalShadowScale	mg1604::BaseGameObject	a	a	0		undefined1[16] GetDecalShadowScale(BaseGameObject * this, undefined4 param_2)
7100006990	324	SetDecalShadowMulColor	mg1604::BaseGameObject	a	a	0		undefined SetDecalShadowMulColor(BaseGameObject * this, undefined8 param_1, undefined4 param_2)
7100006adc	20	GetModel	mg1604::BaseGameObject	a	a	0		undefined GetModel(undefined8 * param_1, long param_2)
7100006af0	72	BaseManager	mg1604::BaseManager	a	a	0		undefined BaseManager(BaseManager * this, undefined8 * param_1)
7100006b40	604	BaseModel	mg1604::BaseModel	a	a	0		undefined BaseModel(BaseModel * this, undefined8 * param_1)
7100006db0	468	AddComponent<actor::ComActorMotion,,(void*)0>	nn::bezel::Entity	a	a	0		WeakHandle AddComponent<actor::ComActorMotion,,(void*)0>(long * param_1, HandlePtr * param_2)
7100006f8c	72	AddAnimation	mg1604::BaseModel	a	a	0		undefined AddAnimation(long param_1)
7100006fd4	20	GetActorMotion	mg1604::BaseModel	a	a	0		undefined GetActorMotion(undefined8 * param_1, long param_2)
7100006fe8	60	RemoveAnimation	mg1604::BaseModel	a	a	0		undefined RemoveAnimation(long param_1)
7100007024	160	AddAnimationSlot	mg1604::BaseModel	a	a	0		undefined AddAnimationSlot(long param_1, int param_2)
71000070c4	112	GetComAnimator	mg1604::BaseModel	a	a	0		undefined GetComAnimator(undefined8 * param_1, long param_2)
7100007134	144	GetAnimationSlot	mg1604::BaseModel	a	a	0		undefined GetAnimationSlot(long param_1)
71000071c4	60	GetMainAnimationSlot	mg1604::BaseModel	a	a	0		undefined GetMainAnimationSlot(BaseModel * this)
7100007200	144	AnimationPlay	mg1604::BaseModel	a	a	0		undefined AnimationPlay(long param_1, StringViewHashPair * param_2)
7100007290	60	AnimationPlay	mg1604::BaseModel	a	a	0		undefined AnimationPlay(long param_1)
71000072cc	136	AnimationStop	mg1604::BaseModel	a	a	0		undefined AnimationStop(long param_1)
7100007354	60	AnimationStop	mg1604::BaseModel	a	a	0		undefined AnimationStop(BaseModel * this)
7100007390	144	AnimationPauseEnable	mg1604::BaseModel	a	a	0		undefined AnimationPauseEnable(long param_1, bool param_2)
7100007420	64	AnimationPauseEnable	mg1604::BaseModel	a	a	0		undefined AnimationPauseEnable(long param_1)
7100007460	160	EnqueuePlay	mg1604::BaseModel	a	a	0		undefined EnqueuePlay(float param_1, long param_2, StringViewHashPair * param_3)
7100007500	328	EnqueuePlay	mg1604::BaseModel	a	a	0		undefined EnqueuePlay(long param_1)
7100007648	152	EnqueueStop	mg1604::BaseModel	a	a	0		undefined EnqueueStop(float param_1, long param_2)
71000076e0	328	EnqueueStop	mg1604::BaseModel	a	a	0		undefined EnqueueStop(float param_1, BaseModel * this)
7100007828	120	AllAnimationStop	mg1604::BaseModel	a	a	0		undefined AllAnimationStop(BaseModel * this)
71000078a0	188	IsPlaying	mg1604::BaseModel	a	a	0		bool IsPlaying(long param_1)
710000795c	360	IsPlaying	mg1604::BaseModel	a	a	0		bool IsPlaying(BaseModel * this)
7100007ac4	188	IsStopped	mg1604::BaseModel	a	a	0		bool IsStopped(long param_1)
7100007b80	360	IsStopped	mg1604::BaseModel	a	a	0		bool IsStopped(BaseModel * this)
7100007ce8	188	IsPaused	mg1604::BaseModel	a	a	0		bool IsPaused(long param_1)
7100007da4	360	IsPaused	mg1604::BaseModel	a	a	0		bool IsPaused(BaseModel * this)
7100007f0c	196	SetSlotFrame	mg1604::BaseModel	a	a	0		undefined SetSlotFrame(float param_1, long param_2)
7100007fd0	60	SetSlotFrame	mg1604::BaseModel	a	a	0		undefined SetSlotFrame(float param_1, BaseModel * this)
710000800c	180	GetSlotFrame	mg1604::BaseModel	a	a	0		undefined GetSlotFrame(long param_1)
71000080c0	60	GetSlotFrame	mg1604::BaseModel	a	a	0		undefined GetSlotFrame(BaseModel * this)
71000080fc	196	SetSlotSpeed	mg1604::BaseModel	a	a	0		undefined SetSlotSpeed(float param_1, long param_2)
71000081c0	60	SetSlotSpeed	mg1604::BaseModel	a	a	0		undefined SetSlotSpeed(float param_1, BaseModel * this)
71000081fc	180	GetSlotSpeed	mg1604::BaseModel	a	a	0		undefined4 GetSlotSpeed(long param_1)
71000082b0	60	GetSlotSpeed	mg1604::BaseModel	a	a	0		undefined GetSlotSpeed(BaseModel * this)
71000082ec	8	AddSubTree	mg1604::BaseModel	a	a	0		undefined AddSubTree(long param_1)
71000082f4	8	RemoveSubTree	mg1604::BaseModel	a	a	0		undefined RemoveSubTree(long param_1)
71000082fc	8	ClearSubTree	mg1604::BaseModel	a	a	0		undefined ClearSubTree(void)
7100008310	560	BaseCharacter	mg1604::BaseCharacter	a	a	0		undefined BaseCharacter(BaseCharacter * this, long * param_1, undefined8 * param_2, undefined8 * param_3)
710000855c	72	IsCom	mg1604::BaseCharacter	a	a	0		bool IsCom(BaseCharacter * this)
71000085b0	328	GetPlayerOrder	mg1604::BaseCharacter	a	a	0		ulong GetPlayerOrder(BaseCharacter * this)
71000086f8	60	GetPlayerID	mg1604::BaseCharacter	a	a	0		undefined GetPlayerID(BaseCharacter * this)
7100008734	60	GetTeamID	mg1604::BaseCharacter	a	a	0		undefined GetTeamID(BaseCharacter * this)
7100008770	60	GetCharacterID	mg1604::BaseCharacter	a	a	0		undefined GetCharacterID(BaseCharacter * this)
71000087ac	20	GetActor	mg1604::BaseCharacter	a	a	0		undefined GetActor(undefined8 * param_1, long param_2)
71000087c0	20	GetActorPad	mg1604::BaseCharacter	a	a	0		undefined GetActorPad(undefined8 * param_1, long param_2)
71000087d4	20	GetPlayerWork	mg1604::BaseCharacter	a	a	0		undefined GetPlayerWork(undefined8 * param_1, long param_2)
71000087f0	36	GetComputer	mg1604::BaseCharacter	a	a	0		undefined GetComputer(undefined8 * param_1, long param_2)
7100008814	64	~BaseGameObject	mg1604::BaseGameObject	a	a	0		undefined ~BaseGameObject(BaseGameObject * this)
7100008854	40	~BaseObject	mg1604::BaseObject	a	a	0		undefined ~BaseObject(BaseObject * this)
710000887c	64	~BaseObject	mg1604::BaseObject	a	a	0		undefined ~BaseObject(BaseObject * this)
71000088bc	40	~BaseManager	mg1604::BaseManager	a	a	0		undefined ~BaseManager(BaseManager * this)
71000088e4	64	~BaseManager	mg1604::BaseManager	a	a	0		undefined ~BaseManager(BaseManager * this)
7100008924	28	NotifyReceive	mg1604::BaseSceneEventSubject	a	a	0		undefined NotifyReceive(BaseSceneEventSubject * this, uint param_1)
7100008940	4	OnSetup	mg1604::BaseSceneEventSubject	a	a	0		undefined OnSetup(void)
7100008944	4	OnSyncSetup	mg1604::BaseSceneEventSubject	a	a	0		undefined OnSyncSetup(void)
7100008948	4	OnCleanup	mg1604::BaseSceneEventSubject	a	a	0		undefined OnCleanup(void)
710000894c	4	OnThreeMinTimerEnd	mg1604::BaseSceneEventSubject	a	a	0		undefined OnThreeMinTimerEnd(void)
7100008950	4	OnCharaGameDemoStart	mg1604::BaseSceneEventSubject	a	a	0		undefined OnCharaGameDemoStart(void)
7100008954	4	OnCharaGameDemo	mg1604::BaseSceneEventSubject	a	a	0		undefined OnCharaGameDemo(void)
7100008958	4	OnCharaGameDemoSkipStart	mg1604::BaseSceneEventSubject	a	a	0		undefined OnCharaGameDemoSkipStart(void)
710000895c	4	OnCharaGameDemoSkipEnd	mg1604::BaseSceneEventSubject	a	a	0		undefined OnCharaGameDemoSkipEnd(void)
7100008960	4	OnCharaGameDemoEnd	mg1604::BaseSceneEventSubject	a	a	0		undefined OnCharaGameDemoEnd(void)
7100008964	4	OnGameInit	mg1604::BaseSceneEventSubject	a	a	0		undefined OnGameInit(void)
7100008968	4	OnGameInstInit	mg1604::BaseSceneEventSubject	a	a	0		undefined OnGameInstInit(void)
710000896c	4	OnEndingInit	mg1604::BaseSceneEventSubject	a	a	0		undefined OnEndingInit(void)
7100008970	4	OnEndingSetup	mg1604::BaseSceneEventSubject	a	a	0		undefined OnEndingSetup(void)
7100008974	4	OnGameFirstFade	mg1604::BaseSceneEventSubject	a	a	0		undefined OnGameFirstFade(void)
7100008978	4	OnGameOpeningStart	mg1604::BaseSceneEventSubject	a	a	0		undefined OnGameOpeningStart(void)
710000897c	4	OnGameOpening	mg1604::BaseSceneEventSubject	a	a	0		undefined OnGameOpening(void)
7100008980	4	OnGameOpeningSkip	mg1604::BaseSceneEventSubject	a	a	0		undefined OnGameOpeningSkip(void)
7100008984	4	OnGameStartBefore	mg1604::BaseSceneEventSubject	a	a	0		undefined OnGameStartBefore(void)
7100008988	4	OnGameStart	mg1604::BaseSceneEventSubject	a	a	0		undefined OnGameStart(void)
710000898c	4	OnGameStartAfter	mg1604::BaseSceneEventSubject	a	a	0		undefined OnGameStartAfter(void)
7100008990	4	OnGameMain	mg1604::BaseSceneEventSubject	a	a	0		undefined OnGameMain(void)
7100008994	4	OnGameEnd	mg1604::BaseSceneEventSubject	a	a	0		undefined OnGameEnd(void)
7100008998	4	OnGameFinish	mg1604::BaseSceneEventSubject	a	a	0		undefined OnGameFinish(void)
710000899c	4	OnGameFinishAfter	mg1604::BaseSceneEventSubject	a	a	0		undefined OnGameFinishAfter(void)
71000089a0	4	OnGameEndingFade	mg1604::BaseSceneEventSubject	a	a	0		undefined OnGameEndingFade(void)
71000089a4	4	OnGameEndingChangeCut	mg1604::BaseSceneEventSubject	a	a	0		undefined OnGameEndingChangeCut(void)
71000089a8	4	OnGameEndingBefore	mg1604::BaseSceneEventSubject	a	a	0		undefined OnGameEndingBefore(void)
71000089ac	4	OnGameEnding	mg1604::BaseSceneEventSubject	a	a	0		undefined OnGameEnding(void)
71000089b0	4	OnGameEndingAfter	mg1604::BaseSceneEventSubject	a	a	0		undefined OnGameEndingAfter(void)
71000089b4	4	OnGameEndingSkip	mg1604::BaseSceneEventSubject	a	a	0		undefined OnGameEndingSkip(void)
71000089b8	4	OnGameLastFade	mg1604::BaseSceneEventSubject	a	a	0		undefined OnGameLastFade(void)
71000089bc	4	OnGameExit	mg1604::BaseSceneEventSubject	a	a	0		undefined OnGameExit(void)
71000089c0	40	~BaseManager	mg1604::BaseManager	a	a	0		undefined ~BaseManager(BaseManager * this)
71000089e8	64	~BaseManager	mg1604::BaseManager	a	a	0		undefined ~BaseManager(BaseManager * this)
7100008a30	168	~BaseModel	mg1604::BaseModel	a	a	0		undefined ~BaseModel(BaseModel * this)
7100008ae0	164	~BaseModel	mg1604::BaseModel	a	a	0		undefined ~BaseModel(BaseModel * this)
7100008b90	236	~BaseCharacter	mg1604::BaseCharacter	a	a	0		undefined ~BaseCharacter(BaseCharacter * this)
7100008c80	232	~BaseCharacter	mg1604::BaseCharacter	a	a	0		undefined ~BaseCharacter(BaseCharacter * this)
7100008d68	20	FUN_7100008d68		d	a	0		undefined FUN_7100008d68(void)
7100008d80	80	FUN_7100008d80		d	a	0		undefined FUN_7100008d80(char * param_1)
7100008dd0	48	FUN_7100008dd0		d	a	0		undefined FUN_7100008dd0(logic_error * param_1, char * param_2)
7100008e00	4	~BaseSceneEventSubject	mg1604::BaseSceneEventSubject	a	a	0		undefined ~BaseSceneEventSubject(BaseSceneEventSubject * this)
7100008e04	4	~ISinpleEventSubject	mg1604::ISinpleEventSubject<mg1604::SceneEventID>	a	a	0		undefined ~ISinpleEventSubject(void)
7100008e08	12	NnDetailBezelGetTypeDesc	nn::bezel::StringViewHashPair	a	a	0		undefined * NnDetailBezelGetTypeDesc(void)
7100008e14	4	NnDetailBezelGetThisPtr	nn::bezel::StringViewHashPair	a	a	0		undefined NnDetailBezelGetThisPtr(void)
7100008e18	4	NnDetailBezelGetThisPtrConst	nn::bezel::StringViewHashPair	a	a	0		undefined NnDetailBezelGetThisPtrConst(void)
7100008e1c	20	IsDerivedFrom	nn::bezel::detail::StaticTypeDesc<nn::bezel::StringViewHashPair,true>	a	a	0		bool IsDerivedFrom(undefined * param_1)
7100008e30	8	GetBaseTypeDesc	nn::bezel::detail::StaticTypeDesc<nn::bezel::StringViewHashPair,true>	a	a	0		undefined8 GetBaseTypeDesc(void)
7100008e38	8	GetNextBaseTypeDesc	nn::bezel::detail::StaticTypeDesc<nn::bezel::StringViewHashPair,true>	a	a	0		undefined8 GetNextBaseTypeDesc(void)
7100008e40	8	CastTo	nn::bezel::detail::StaticTypeDesc<nn::bezel::StringViewHashPair,true>	a	a	0		undefined8 CastTo(undefined8 param_1, undefined8 param_2)
7100008e48	8	CastToConst	nn::bezel::detail::StaticTypeDesc<nn::bezel::StringViewHashPair,true>	a	a	0		undefined8 CastToConst(undefined8 param_1, undefined8 param_2)
7100008e50	432	__find_equal<mg1604::ParamInt>	std::__tree<std::__value_type<mg1604::ParamInt,std::basic_string<char,std::char_traits<char>,bex::HeapModule::Allocator_string<char>>>,std::__map_value_compare<mg1604::ParamInt,std::__value_type<mg1604::ParamInt,std::basic_string<char,std::char_traits<char>,bex::HeapModule::Allocator_string<char>>>,std::less<mg1604::ParamInt>,true>,std::allocator<std::__value_type<mg1604::ParamInt,std::basic_string<char,std::char_traits<char>,bex::HeapModule::Allocator_string<char>>>>>	a	a	0		__tree<std::__value_type<mg1604::ParamInt,std::basic_string<char,std::char_traits<char>,bex::HeapModule::Allocator_string<char>>>,std::__map_value_compare<mg1604::ParamInt,std::__value_type<mg1604::ParamInt,std::basic_string<char,std::char_traits<char>,bex::HeapModule::Allocator_string<char>>>,std::less<mg1604::ParamInt>,true>,std::allocator<std::__value_type<mg1604::ParamInt,std::basic_string<char,std::char_traits<char>,bex::HeapModule::Allocator_string<char>>>>> * __find_equal<mg1604::ParamInt>(__tree<std::__value_type<mg1604::ParamInt,std::basic_string<char,std::char_traits<char>,bex::HeapModule::Allocator_string<char>>>,std::__map_value_compare<mg1604::ParamInt,std::__value_type<mg1604::ParamInt,std::basic_string<char,std::char_traits<char>,bex::HeapModule::Allocator_string<char>>>,std::less<mg1604::ParamInt>,true>,std::allocator<std::__value_type<mg1604::ParamInt,std::basic_string<char,std::char_traits<char>,bex::HeapModule::Allocator_string<char>>>>> * this, __tree<std::__value_type<mg1604::ParamInt,std::basic_string<char,std::char_traits<char>,bex::HeapModule::Allocator_string<char>>>,std::__map_value_compare<mg1604::ParamInt,std::__value_type<mg1604::ParamInt,std::basic_string<char,std::char_traits<char>,bex::HeapModule::Allocator_string<char>>>,std::less<mg1604::ParamInt>,true>,std::allocator<std::__value_type<mg1604::ParamInt,std::basic_string<char,std::char_traits<char>,bex::HeapModule::Allocator_string<char>>>>> * param_1, long * param_2, __tree<std::__value_type<mg1604::ParamInt,std::basic_string<char,std::char_traits<char>,bex::HeapModule::Allocator_string<char>>>,std::__map_value_compare<mg1604::ParamInt,std::__value_type<mg1604::ParamInt,std::basic_string<char,std::char_traits<char>,bex::HeapModule::Allocator_string<char>>>,std::less<mg1604::ParamInt>,true>,std::allocator<std::__value_type<mg1604::ParamInt,std::basic_string<char,std::char_traits<char>,bex::HeapModule::Allocator_string<char>>>>> * param_3, int * param_4)
7100009008	256	__construct_node<std::pair<mg1604::ParamInt_const,std::basic_string<char,std::char_traits<char>,bex::HeapModule::Allocator_string<char>>>const&>	std::__tree<std::__value_type<mg1604::ParamInt,std::basic_string<char,std::char_traits<char>,bex::HeapModule::Allocator_string<char>>>,std::__map_value_compare<mg1604::ParamInt,std::__value_type<mg1604::ParamInt,std::basic_string<char,std::char_traits<char>,bex::HeapModule::Allocator_string<char>>>,std::less<mg1604::ParamInt>,true>,std::allocator<std::__value_type<mg1604::ParamInt,std::basic_string<char,std::char_traits<char>,bex::HeapModule::Allocator_string<char>>>>>	a	a	0		unique_ptr __construct_node<std::pair<mg1604::ParamInt_const,std::basic_string<char,std::char_traits<char>,bex::HeapModule::Allocator_string<char>>>const&>(undefined8 * param_1_00, long param_2, undefined4 * param_3)
7100009108	76	FUN_7100009108		d	a	0		undefined FUN_7100009108(undefined8 * param_1)
7100009160	56	FUN_7100009160		d	a	0		undefined FUN_7100009160(void)
71000091a0	416	FUN_71000091a0		d	a	0		undefined FUN_71000091a0(long * param_1, long * param_2)
7100009350	80	destroy	std::__tree<std::__value_type<mg1604::ParamInt,std::basic_string<char,std::char_traits<char>,bex::HeapModule::Allocator_string<char>>>,std::__map_value_compare<mg1604::ParamInt,std::__value_type<mg1604::ParamInt,std::basic_string<char,std::char_traits<char>,bex::HeapModule::Allocator_string<char>>>,std::less<mg1604::ParamInt>,true>,std::allocator<std::__value_type<mg1604::ParamInt,std::basic_string<char,std::char_traits<char>,bex::HeapModule::Allocator_string<char>>>>>	a	a	0		undefined destroy(__tree<std::__value_type<mg1604::ParamInt,std::basic_string<char,std::char_traits<char>,bex::HeapModule::Allocator_string<char>>>,std::__map_value_compare<mg1604::ParamInt,std::__value_type<mg1604::ParamInt,std::basic_string<char,std::char_traits<char>,bex::HeapModule::Allocator_string<char>>>,std::less<mg1604::ParamInt>,true>,std::allocator<std::__value_type<mg1604::ParamInt,std::basic_string<char,std::char_traits<char>,bex::HeapModule::Allocator_string<char>>>>> * this, undefined8 * param_1)
71000093a0	432	__find_equal<mg1604::ParamInt>	std::__tree<std::__value_type<mg1604::ParamInt,std::pair<int,int>>,std::__map_value_compare<mg1604::ParamInt,std::__value_type<mg1604::ParamInt,std::pair<int,int>>,std::less<mg1604::ParamInt>,true>,std::allocator<std::__value_type<mg1604::ParamInt,std::pair<int,int>>>>	a	a	0		__tree<std::__value_type<mg1604::ParamInt,std::pair<int,int>>,std::__map_value_compare<mg1604::ParamInt,std::__value_type<mg1604::ParamInt,std::pair<int,int>>,std::less<mg1604::ParamInt>,true>,std::allocator<std::__value_type<mg1604::ParamInt,std::pair<int,int>>>> * __find_equal<mg1604::ParamInt>(__tree<std::__value_type<mg1604::ParamInt,std::pair<int,int>>,std::__map_value_compare<mg1604::ParamInt,std::__value_type<mg1604::ParamInt,std::pair<int,int>>,std::less<mg1604::ParamInt>,true>,std::allocator<std::__value_type<mg1604::ParamInt,std::pair<int,int>>>> * this, __tree<std::__value_type<mg1604::ParamInt,std::pair<int,int>>,std::__map_value_compare<mg1604::ParamInt,std::__value_type<mg1604::ParamInt,std::pair<int,int>>,std::less<mg1604::ParamInt>,true>,std::allocator<std::__value_type<mg1604::ParamInt,std::pair<int,int>>>> * param_1, long * param_2, __tree<std::__value_type<mg1604::ParamInt,std::pair<int,int>>,std::__map_value_compare<mg1604::ParamInt,std::__value_type<mg1604::ParamInt,std::pair<int,int>>,std::less<mg1604::ParamInt>,true>,std::allocator<std::__value_type<mg1604::ParamInt,std::pair<int,int>>>> * param_3, int * param_4)
7100009558	64	destroy	std::__tree<std::__value_type<mg1604::ParamInt,std::pair<int,int>>,std::__map_value_compare<mg1604::ParamInt,std::__value_type<mg1604::ParamInt,std::pair<int,int>>,std::less<mg1604::ParamInt>,true>,std::allocator<std::__value_type<mg1604::ParamInt,std::pair<int,int>>>>	a	a	0		undefined destroy(__tree<std::__value_type<mg1604::ParamInt,std::pair<int,int>>,std::__map_value_compare<mg1604::ParamInt,std::__value_type<mg1604::ParamInt,std::pair<int,int>>,std::less<mg1604::ParamInt>,true>,std::allocator<std::__value_type<mg1604::ParamInt,std::pair<int,int>>>> * this, undefined8 * param_1)
71000095a0	432	__find_equal<mg1604::ParamFloat>	std::__tree<std::__value_type<mg1604::ParamFloat,std::basic_string<char,std::char_traits<char>,bex::HeapModule::Allocator_string<char>>>,std::__map_value_compare<mg1604::ParamFloat,std::__value_type<mg1604::ParamFloat,std::basic_string<char,std::char_traits<char>,bex::HeapModule::Allocator_string<char>>>,std::less<mg1604::ParamFloat>,true>,std::allocator<std::__value_type<mg1604::ParamFloat,std::basic_string<char,std::char_traits<char>,bex::HeapModule::Allocator_string<char>>>>>	a	a	0		__tree<std::__value_type<mg1604::ParamFloat,std::basic_string<char,std::char_traits<char>,bex::HeapModule::Allocator_string<char>>>,std::__map_value_compare<mg1604::ParamFloat,std::__value_type<mg1604::ParamFloat,std::basic_string<char,std::char_traits<char>,bex::HeapModule::Allocator_string<char>>>,std::less<mg1604::ParamFloat>,true>,std::allocator<std::__value_type<mg1604::ParamFloat,std::basic_string<char,std::char_traits<char>,bex::HeapModule::Allocator_string<char>>>>> * __find_equal<mg1604::ParamFloat>(__tree<std::__value_type<mg1604::ParamFloat,std::basic_string<char,std::char_traits<char>,bex::HeapModule::Allocator_string<char>>>,std::__map_value_compare<mg1604::ParamFloat,std::__value_type<mg1604::ParamFloat,std::basic_string<char,std::char_traits<char>,bex::HeapModule::Allocator_string<char>>>,std::less<mg1604::ParamFloat>,true>,std::allocator<std::__value_type<mg1604::ParamFloat,std::basic_string<char,std::char_traits<char>,bex::HeapModule::Allocator_string<char>>>>> * this, __tree<std::__value_type<mg1604::ParamFloat,std::basic_string<char,std::char_traits<char>,bex::HeapModule::Allocator_string<char>>>,std::__map_value_compare<mg1604::ParamFloat,std::__value_type<mg1604::ParamFloat,std::basic_string<char,std::char_traits<char>,bex::HeapModule::Allocator_string<char>>>,std::less<mg1604::ParamFloat>,true>,std::allocator<std::__value_type<mg1604::ParamFloat,std::basic_string<char,std::char_traits<char>,bex::HeapModule::Allocator_string<char>>>>> * param_1, long * param_2, __tree<std::__value_type<mg1604::ParamFloat,std::basic_string<char,std::char_traits<char>,bex::HeapModule::Allocator_string<char>>>,std::__map_value_compare<mg1604::ParamFloat,std::__value_type<mg1604::ParamFloat,std::basic_string<char,std::char_traits<char>,bex::HeapModule::Allocator_string<char>>>,std::less<mg1604::ParamFloat>,true>,std::allocator<std::__value_type<mg1604::ParamFloat,std::basic_string<char,std::char_traits<char>,bex::HeapModule::Allocator_string<char>>>>> * param_3, int * param_4)
7100009758	256	__construct_node<std::pair<mg1604::ParamFloat_const,std::basic_string<char,std::char_traits<char>,bex::HeapModule::Allocator_string<char>>>const&>	std::__tree<std::__value_type<mg1604::ParamFloat,std::basic_string<char,std::char_traits<char>,bex::HeapModule::Allocator_string<char>>>,std::__map_value_compare<mg1604::ParamFloat,std::__value_type<mg1604::ParamFloat,std::basic_string<char,std::char_traits<char>,bex::HeapModule::Allocator_string<char>>>,std::less<mg1604::ParamFloat>,true>,std::allocator<std::__value_type<mg1604::ParamFloat,std::basic_string<char,std::char_traits<char>,bex::HeapModule::Allocator_string<char>>>>>	a	a	0		unique_ptr __construct_node<std::pair<mg1604::ParamFloat_const,std::basic_string<char,std::char_traits<char>,bex::HeapModule::Allocator_string<char>>>const&>(undefined8 * param_1_00, long param_2, undefined4 * param_3)
7100009858	76	FUN_7100009858		d	a	0		undefined FUN_7100009858(undefined8 * param_1)
71000098a4	80	destroy	std::__tree<std::__value_type<mg1604::ParamFloat,std::basic_string<char,std::char_traits<char>,bex::HeapModule::Allocator_string<char>>>,std::__map_value_compare<mg1604::ParamFloat,std::__value_type<mg1604::ParamFloat,std::basic_string<char,std::char_traits<char>,bex::HeapModule::Allocator_string<char>>>,std::less<mg1604::ParamFloat>,true>,std::allocator<std::__value_type<mg1604::ParamFloat,std::basic_string<char,std::char_traits<char>,bex::HeapModule::Allocator_string<char>>>>>	a	a	0		undefined destroy(__tree<std::__value_type<mg1604::ParamFloat,std::basic_string<char,std::char_traits<char>,bex::HeapModule::Allocator_string<char>>>,std::__map_value_compare<mg1604::ParamFloat,std::__value_type<mg1604::ParamFloat,std::basic_string<char,std::char_traits<char>,bex::HeapModule::Allocator_string<char>>>,std::less<mg1604::ParamFloat>,true>,std::allocator<std::__value_type<mg1604::ParamFloat,std::basic_string<char,std::char_traits<char>,bex::HeapModule::Allocator_string<char>>>>> * this, undefined8 * param_1)
7100009900	432	__find_equal<mg1604::ParamFloat>	std::__tree<std::__value_type<mg1604::ParamFloat,std::pair<int,int>>,std::__map_value_compare<mg1604::ParamFloat,std::__value_type<mg1604::ParamFloat,std::pair<int,int>>,std::less<mg1604::ParamFloat>,true>,std::allocator<std::__value_type<mg1604::ParamFloat,std::pair<int,int>>>>	a	a	0		__tree<std::__value_type<mg1604::ParamFloat,std::pair<int,int>>,std::__map_value_compare<mg1604::ParamFloat,std::__value_type<mg1604::ParamFloat,std::pair<int,int>>,std::less<mg1604::ParamFloat>,true>,std::allocator<std::__value_type<mg1604::ParamFloat,std::pair<int,int>>>> * __find_equal<mg1604::ParamFloat>(__tree<std::__value_type<mg1604::ParamFloat,std::pair<int,int>>,std::__map_value_compare<mg1604::ParamFloat,std::__value_type<mg1604::ParamFloat,std::pair<int,int>>,std::less<mg1604::ParamFloat>,true>,std::allocator<std::__value_type<mg1604::ParamFloat,std::pair<int,int>>>> * this, __tree<std::__value_type<mg1604::ParamFloat,std::pair<int,int>>,std::__map_value_compare<mg1604::ParamFloat,std::__value_type<mg1604::ParamFloat,std::pair<int,int>>,std::less<mg1604::ParamFloat>,true>,std::allocator<std::__value_type<mg1604::ParamFloat,std::pair<int,int>>>> * param_1, long * param_2, __tree<std::__value_type<mg1604::ParamFloat,std::pair<int,int>>,std::__map_value_compare<mg1604::ParamFloat,std::__value_type<mg1604::ParamFloat,std::pair<int,int>>,std::less<mg1604::ParamFloat>,true>,std::allocator<std::__value_type<mg1604::ParamFloat,std::pair<int,int>>>> * param_3, int * param_4)
7100009ab8	64	destroy	std::__tree<std::__value_type<mg1604::ParamFloat,std::pair<int,int>>,std::__map_value_compare<mg1604::ParamFloat,std::__value_type<mg1604::ParamFloat,std::pair<int,int>>,std::less<mg1604::ParamFloat>,true>,std::allocator<std::__value_type<mg1604::ParamFloat,std::pair<int,int>>>>	a	a	0		undefined destroy(__tree<std::__value_type<mg1604::ParamFloat,std::pair<int,int>>,std::__map_value_compare<mg1604::ParamFloat,std::__value_type<mg1604::ParamFloat,std::pair<int,int>>,std::less<mg1604::ParamFloat>,true>,std::allocator<std::__value_type<mg1604::ParamFloat,std::pair<int,int>>>> * this, undefined8 * param_1)
7100009b00	432	__find_equal<mg1604::ParamBool>	std::__tree<std::__value_type<mg1604::ParamBool,std::basic_string<char,std::char_traits<char>,bex::HeapModule::Allocator_string<char>>>,std::__map_value_compare<mg1604::ParamBool,std::__value_type<mg1604::ParamBool,std::basic_string<char,std::char_traits<char>,bex::HeapModule::Allocator_string<char>>>,std::less<mg1604::ParamBool>,true>,std::allocator<std::__value_type<mg1604::ParamBool,std::basic_string<char,std::char_traits<char>,bex::HeapModule::Allocator_string<char>>>>>	a	a	0		__tree<std::__value_type<mg1604::ParamBool,std::basic_string<char,std::char_traits<char>,bex::HeapModule::Allocator_string<char>>>,std::__map_value_compare<mg1604::ParamBool,std::__value_type<mg1604::ParamBool,std::basic_string<char,std::char_traits<char>,bex::HeapModule::Allocator_string<char>>>,std::less<mg1604::ParamBool>,true>,std::allocator<std::__value_type<mg1604::ParamBool,std::basic_string<char,std::char_traits<char>,bex::HeapModule::Allocator_string<char>>>>> * __find_equal<mg1604::ParamBool>(__tree<std::__value_type<mg1604::ParamBool,std::basic_string<char,std::char_traits<char>,bex::HeapModule::Allocator_string<char>>>,std::__map_value_compare<mg1604::ParamBool,std::__value_type<mg1604::ParamBool,std::basic_string<char,std::char_traits<char>,bex::HeapModule::Allocator_string<char>>>,std::less<mg1604::ParamBool>,true>,std::allocator<std::__value_type<mg1604::ParamBool,std::basic_string<char,std::char_traits<char>,bex::HeapModule::Allocator_string<char>>>>> * this, __tree<std::__value_type<mg1604::ParamBool,std::basic_string<char,std::char_traits<char>,bex::HeapModule::Allocator_string<char>>>,std::__map_value_compare<mg1604::ParamBool,std::__value_type<mg1604::ParamBool,std::basic_string<char,std::char_traits<char>,bex::HeapModule::Allocator_string<char>>>,std::less<mg1604::ParamBool>,true>,std::allocator<std::__value_type<mg1604::ParamBool,std::basic_string<char,std::char_traits<char>,bex::HeapModule::Allocator_string<char>>>>> * param_1, long * param_2, __tree<std::__value_type<mg1604::ParamBool,std::basic_string<char,std::char_traits<char>,bex::HeapModule::Allocator_string<char>>>,std::__map_value_compare<mg1604::ParamBool,std::__value_type<mg1604::ParamBool,std::basic_string<char,std::char_traits<char>,bex::HeapModule::Allocator_string<char>>>,std::less<mg1604::ParamBool>,true>,std::allocator<std::__value_type<mg1604::ParamBool,std::basic_string<char,std::char_traits<char>,bex::HeapModule::Allocator_string<char>>>>> * param_3, int * param_4)
7100009cb8	256	__construct_node<std::pair<mg1604::ParamBool_const,std::basic_string<char,std::char_traits<char>,bex::HeapModule::Allocator_string<char>>>const&>	std::__tree<std::__value_type<mg1604::ParamBool,std::basic_string<char,std::char_traits<char>,bex::HeapModule::Allocator_string<char>>>,std::__map_value_compare<mg1604::ParamBool,std::__value_type<mg1604::ParamBool,std::basic_string<char,std::char_traits<char>,bex::HeapModule::Allocator_string<char>>>,std::less<mg1604::ParamBool>,true>,std::allocator<std::__value_type<mg1604::ParamBool,std::basic_string<char,std::char_traits<char>,bex::HeapModule::Allocator_string<char>>>>>	a	a	0		unique_ptr __construct_node<std::pair<mg1604::ParamBool_const,std::basic_string<char,std::char_traits<char>,bex::HeapModule::Allocator_string<char>>>const&>(undefined8 * param_1_00, long param_2, undefined4 * param_3)
7100009db8	76	FUN_7100009db8		d	a	0		undefined FUN_7100009db8(undefined8 * param_1)
7100009e04	80	destroy	std::__tree<std::__value_type<mg1604::ParamBool,std::basic_string<char,std::char_traits<char>,bex::HeapModule::Allocator_string<char>>>,std::__map_value_compare<mg1604::ParamBool,std::__value_type<mg1604::ParamBool,std::basic_string<char,std::char_traits<char>,bex::HeapModule::Allocator_string<char>>>,std::less<mg1604::ParamBool>,true>,std::allocator<std::__value_type<mg1604::ParamBool,std::basic_string<char,std::char_traits<char>,bex::HeapModule::Allocator_string<char>>>>>	a	a	0		undefined destroy(__tree<std::__value_type<mg1604::ParamBool,std::basic_string<char,std::char_traits<char>,bex::HeapModule::Allocator_string<char>>>,std::__map_value_compare<mg1604::ParamBool,std::__value_type<mg1604::ParamBool,std::basic_string<char,std::char_traits<char>,bex::HeapModule::Allocator_string<char>>>,std::less<mg1604::ParamBool>,true>,std::allocator<std::__value_type<mg1604::ParamBool,std::basic_string<char,std::char_traits<char>,bex::HeapModule::Allocator_string<char>>>>> * this, undefined8 * param_1)
7100009e54	64	destroy	std::__tree<std::__value_type<mg1604::ParamBool,std::pair<int,int>>,std::__map_value_compare<mg1604::ParamBool,std::__value_type<mg1604::ParamBool,std::pair<int,int>>,std::less<mg1604::ParamBool>,true>,std::allocator<std::__value_type<mg1604::ParamBool,std::pair<int,int>>>>	a	a	0		undefined destroy(__tree<std::__value_type<mg1604::ParamBool,std::pair<int,int>>,std::__map_value_compare<mg1604::ParamBool,std::__value_type<mg1604::ParamBool,std::pair<int,int>>,std::less<mg1604::ParamBool>,true>,std::allocator<std::__value_type<mg1604::ParamBool,std::pair<int,int>>>> * this, undefined8 * param_1)
7100009ea0	432	__find_equal<mg1604::ParamVector2>	std::__tree<std::__value_type<mg1604::ParamVector2,std::basic_string<char,std::char_traits<char>,bex::HeapModule::Allocator_string<char>>>,std::__map_value_compare<mg1604::ParamVector2,std::__value_type<mg1604::ParamVector2,std::basic_string<char,std::char_traits<char>,bex::HeapModule::Allocator_string<char>>>,std::less<mg1604::ParamVector2>,true>,std::allocator<std::__value_type<mg1604::ParamVector2,std::basic_string<char,std::char_traits<char>,bex::HeapModule::Allocator_string<char>>>>>	a	a	0		__tree<std::__value_type<mg1604::ParamVector2,std::basic_string<char,std::char_traits<char>,bex::HeapModule::Allocator_string<char>>>,std::__map_value_compare<mg1604::ParamVector2,std::__value_type<mg1604::ParamVector2,std::basic_string<char,std::char_traits<char>,bex::HeapModule::Allocator_string<char>>>,std::less<mg1604::ParamVector2>,true>,std::allocator<std::__value_type<mg1604::ParamVector2,std::basic_string<char,std::char_traits<char>,bex::HeapModule::Allocator_string<char>>>>> * __find_equal<mg1604::ParamVector2>(__tree<std::__value_type<mg1604::ParamVector2,std::basic_string<char,std::char_traits<char>,bex::HeapModule::Allocator_string<char>>>,std::__map_value_compare<mg1604::ParamVector2,std::__value_type<mg1604::ParamVector2,std::basic_string<char,std::char_traits<char>,bex::HeapModule::Allocator_string<char>>>,std::less<mg1604::ParamVector2>,true>,std::allocator<std::__value_type<mg1604::ParamVector2,std::basic_string<char,std::char_traits<char>,bex::HeapModule::Allocator_string<char>>>>> * this, __tree<std::__value_type<mg1604::ParamVector2,std::basic_string<char,std::char_traits<char>,bex::HeapModule::Allocator_string<char>>>,std::__map_value_compare<mg1604::ParamVector2,std::__value_type<mg1604::ParamVector2,std::basic_string<char,std::char_traits<char>,bex::HeapModule::Allocator_string<char>>>,std::less<mg1604::ParamVector2>,true>,std::allocator<std::__value_type<mg1604::ParamVector2,std::basic_string<char,std::char_traits<char>,bex::HeapModule::Allocator_string<char>>>>> * param_1, long * param_2, __tree<std::__value_type<mg1604::ParamVector2,std::basic_string<char,std::char_traits<char>,bex::HeapModule::Allocator_string<char>>>,std::__map_value_compare<mg1604::ParamVector2,std::__value_type<mg1604::ParamVector2,std::basic_string<char,std::char_traits<char>,bex::HeapModule::Allocator_string<char>>>,std::less<mg1604::ParamVector2>,true>,std::allocator<std::__value_type<mg1604::ParamVector2,std::basic_string<char,std::char_traits<char>,bex::HeapModule::Allocator_string<char>>>>> * param_3, int * param_4)
710000a058	256	__construct_node<std::pair<mg1604::ParamVector2_const,std::basic_string<char,std::char_traits<char>,bex::HeapModule::Allocator_string<char>>>const&>	std::__tree<std::__value_type<mg1604::ParamVector2,std::basic_string<char,std::char_traits<char>,bex::HeapModule::Allocator_string<char>>>,std::__map_value_compare<mg1604::ParamVector2,std::__value_type<mg1604::ParamVector2,std::basic_string<char,std::char_traits<char>,bex::HeapModule::Allocator_string<char>>>,std::less<mg1604::ParamVector2>,true>,std::allocator<std::__value_type<mg1604::ParamVector2,std::basic_string<char,std::char_traits<char>,bex::HeapModule::Allocator_string<char>>>>>	a	a	0		unique_ptr __construct_node<std::pair<mg1604::ParamVector2_const,std::basic_string<char,std::char_traits<char>,bex::HeapModule::Allocator_string<char>>>const&>(undefined8 * param_1_00, long param_2, undefined4 * param_3)
710000a158	76	FUN_710000a158		d	a	0		undefined FUN_710000a158(undefined8 * param_1)
710000a1a4	80	destroy	std::__tree<std::__value_type<mg1604::ParamVector2,std::basic_string<char,std::char_traits<char>,bex::HeapModule::Allocator_string<char>>>,std::__map_value_compare<mg1604::ParamVector2,std::__value_type<mg1604::ParamVector2,std::basic_string<char,std::char_traits<char>,bex::HeapModule::Allocator_string<char>>>,std::less<mg1604::ParamVector2>,true>,std::allocator<std::__value_type<mg1604::ParamVector2,std::basic_string<char,std::char_traits<char>,bex::HeapModule::Allocator_string<char>>>>>	a	a	0		undefined destroy(__tree<std::__value_type<mg1604::ParamVector2,std::basic_string<char,std::char_traits<char>,bex::HeapModule::Allocator_string<char>>>,std::__map_value_compare<mg1604::ParamVector2,std::__value_type<mg1604::ParamVector2,std::basic_string<char,std::char_traits<char>,bex::HeapModule::Allocator_string<char>>>,std::less<mg1604::ParamVector2>,true>,std::allocator<std::__value_type<mg1604::ParamVector2,std::basic_string<char,std::char_traits<char>,bex::HeapModule::Allocator_string<char>>>>> * this, undefined8 * param_1)
710000a200	432	__find_equal<mg1604::ParamVector2>	std::__tree<std::__value_type<mg1604::ParamVector2,std::pair<int,int>>,std::__map_value_compare<mg1604::ParamVector2,std::__value_type<mg1604::ParamVector2,std::pair<int,int>>,std::less<mg1604::ParamVector2>,true>,std::allocator<std::__value_type<mg1604::ParamVector2,std::pair<int,int>>>>	a	a	0		__tree<std::__value_type<mg1604::ParamVector2,std::pair<int,int>>,std::__map_value_compare<mg1604::ParamVector2,std::__value_type<mg1604::ParamVector2,std::pair<int,int>>,std::less<mg1604::ParamVector2>,true>,std::allocator<std::__value_type<mg1604::ParamVector2,std::pair<int,int>>>> * __find_equal<mg1604::ParamVector2>(__tree<std::__value_type<mg1604::ParamVector2,std::pair<int,int>>,std::__map_value_compare<mg1604::ParamVector2,std::__value_type<mg1604::ParamVector2,std::pair<int,int>>,std::less<mg1604::ParamVector2>,true>,std::allocator<std::__value_type<mg1604::ParamVector2,std::pair<int,int>>>> * this, __tree<std::__value_type<mg1604::ParamVector2,std::pair<int,int>>,std::__map_value_compare<mg1604::ParamVector2,std::__value_type<mg1604::ParamVector2,std::pair<int,int>>,std::less<mg1604::ParamVector2>,true>,std::allocator<std::__value_type<mg1604::ParamVector2,std::pair<int,int>>>> * param_1, long * param_2, __tree<std::__value_type<mg1604::ParamVector2,std::pair<int,int>>,std::__map_value_compare<mg1604::ParamVector2,std::__value_type<mg1604::ParamVector2,std::pair<int,int>>,std::less<mg1604::ParamVector2>,true>,std::allocator<std::__value_type<mg1604::ParamVector2,std::pair<int,int>>>> * param_3, int * param_4)
710000a3b8	64	destroy	std::__tree<std::__value_type<mg1604::ParamVector2,std::pair<int,int>>,std::__map_value_compare<mg1604::ParamVector2,std::__value_type<mg1604::ParamVector2,std::pair<int,int>>,std::less<mg1604::ParamVector2>,true>,std::allocator<std::__value_type<mg1604::ParamVector2,std::pair<int,int>>>>	a	a	0		undefined destroy(__tree<std::__value_type<mg1604::ParamVector2,std::pair<int,int>>,std::__map_value_compare<mg1604::ParamVector2,std::__value_type<mg1604::ParamVector2,std::pair<int,int>>,std::less<mg1604::ParamVector2>,true>,std::allocator<std::__value_type<mg1604::ParamVector2,std::pair<int,int>>>> * this, undefined8 * param_1)
710000a3f8	80	destroy	std::__tree<std::__value_type<mg1604::ParamVector3,std::basic_string<char,std::char_traits<char>,bex::HeapModule::Allocator_string<char>>>,std::__map_value_compare<mg1604::ParamVector3,std::__value_type<mg1604::ParamVector3,std::basic_string<char,std::char_traits<char>,bex::HeapModule::Allocator_string<char>>>,std::less<mg1604::ParamVector3>,true>,std::allocator<std::__value_type<mg1604::ParamVector3,std::basic_string<char,std::char_traits<char>,bex::HeapModule::Allocator_string<char>>>>>	a	a	0		undefined destroy(__tree<std::__value_type<mg1604::ParamVector3,std::basic_string<char,std::char_traits<char>,bex::HeapModule::Allocator_string<char>>>,std::__map_value_compare<mg1604::ParamVector3,std::__value_type<mg1604::ParamVector3,std::basic_string<char,std::char_traits<char>,bex::HeapModule::Allocator_string<char>>>,std::less<mg1604::ParamVector3>,true>,std::allocator<std::__value_type<mg1604::ParamVector3,std::basic_string<char,std::char_traits<char>,bex::HeapModule::Allocator_string<char>>>>> * this, undefined8 * param_1)
710000a448	64	destroy	std::__tree<std::__value_type<mg1604::ParamVector3,std::pair<int,int>>,std::__map_value_compare<mg1604::ParamVector3,std::__value_type<mg1604::ParamVector3,std::pair<int,int>>,std::less<mg1604::ParamVector3>,true>,std::allocator<std::__value_type<mg1604::ParamVector3,std::pair<int,int>>>>	a	a	0		undefined destroy(__tree<std::__value_type<mg1604::ParamVector3,std::pair<int,int>>,std::__map_value_compare<mg1604::ParamVector3,std::__value_type<mg1604::ParamVector3,std::pair<int,int>>,std::less<mg1604::ParamVector3>,true>,std::allocator<std::__value_type<mg1604::ParamVector3,std::pair<int,int>>>> * this, undefined8 * param_1)
710000a488	80	destroy	std::__tree<std::__value_type<mg1604::ParamVector4,std::basic_string<char,std::char_traits<char>,bex::HeapModule::Allocator_string<char>>>,std::__map_value_compare<mg1604::ParamVector4,std::__value_type<mg1604::ParamVector4,std::basic_string<char,std::char_traits<char>,bex::HeapModule::Allocator_string<char>>>,std::less<mg1604::ParamVector4>,true>,std::allocator<std::__value_type<mg1604::ParamVector4,std::basic_string<char,std::char_traits<char>,bex::HeapModule::Allocator_string<char>>>>>	a	a	0		undefined destroy(__tree<std::__value_type<mg1604::ParamVector4,std::basic_string<char,std::char_traits<char>,bex::HeapModule::Allocator_string<char>>>,std::__map_value_compare<mg1604::ParamVector4,std::__value_type<mg1604::ParamVector4,std::basic_string<char,std::char_traits<char>,bex::HeapModule::Allocator_string<char>>>,std::less<mg1604::ParamVector4>,true>,std::allocator<std::__value_type<mg1604::ParamVector4,std::basic_string<char,std::char_traits<char>,bex::HeapModule::Allocator_string<char>>>>> * this, undefined8 * param_1)
710000a4d8	64	destroy	std::__tree<std::__value_type<mg1604::ParamVector4,std::pair<int,int>>,std::__map_value_compare<mg1604::ParamVector4,std::__value_type<mg1604::ParamVector4,std::pair<int,int>>,std::less<mg1604::ParamVector4>,true>,std::allocator<std::__value_type<mg1604::ParamVector4,std::pair<int,int>>>>	a	a	0		undefined destroy(__tree<std::__value_type<mg1604::ParamVector4,std::pair<int,int>>,std::__map_value_compare<mg1604::ParamVector4,std::__value_type<mg1604::ParamVector4,std::pair<int,int>>,std::less<mg1604::ParamVector4>,true>,std::allocator<std::__value_type<mg1604::ParamVector4,std::pair<int,int>>>> * this, undefined8 * param_1)
710000a518	80	destroy	std::__tree<std::__value_type<mg1604::ParamString,std::basic_string<char,std::char_traits<char>,bex::HeapModule::Allocator_string<char>>>,std::__map_value_compare<mg1604::ParamString,std::__value_type<mg1604::ParamString,std::basic_string<char,std::char_traits<char>,bex::HeapModule::Allocator_string<char>>>,std::less<mg1604::ParamString>,true>,std::allocator<std::__value_type<mg1604::ParamString,std::basic_string<char,std::char_traits<char>,bex::HeapModule::Allocator_string<char>>>>>	a	a	0		undefined destroy(__tree<std::__value_type<mg1604::ParamString,std::basic_string<char,std::char_traits<char>,bex::HeapModule::Allocator_string<char>>>,std::__map_value_compare<mg1604::ParamString,std::__value_type<mg1604::ParamString,std::basic_string<char,std::char_traits<char>,bex::HeapModule::Allocator_string<char>>>,std::less<mg1604::ParamString>,true>,std::allocator<std::__value_type<mg1604::ParamString,std::basic_string<char,std::char_traits<char>,bex::HeapModule::Allocator_string<char>>>>> * this, undefined8 * param_1)
710000a568	64	destroy	std::__tree<std::__value_type<mg1604::ParamString,std::pair<int,int>>,std::__map_value_compare<mg1604::ParamString,std::__value_type<mg1604::ParamString,std::pair<int,int>>,std::less<mg1604::ParamString>,true>,std::allocator<std::__value_type<mg1604::ParamString,std::pair<int,int>>>>	a	a	0		undefined destroy(__tree<std::__value_type<mg1604::ParamString,std::pair<int,int>>,std::__map_value_compare<mg1604::ParamString,std::__value_type<mg1604::ParamString,std::pair<int,int>>,std::less<mg1604::ParamString>,true>,std::allocator<std::__value_type<mg1604::ParamString,std::pair<int,int>>>> * this, undefined8 * param_1)
710000a5a8	32	IsDerivedFrom	nn::bezel::detail::StaticTypeDesc<actor::ComActorCollision,false,nn::bezel::Component>	a	a	0		bool IsDerivedFrom(undefined * param_1)
710000a5c8	12	GetBaseTypeDesc	nn::bezel::detail::StaticTypeDesc<actor::ComActorCollision,false,nn::bezel::Component>	a	a	0		undefined * GetBaseTypeDesc(void)
710000a5d4	20	GetNextBaseTypeDesc	nn::bezel::detail::StaticTypeDesc<actor::ComActorCollision,false,nn::bezel::Component>	a	a	0		undefined * GetNextBaseTypeDesc(long param_1)
710000a5e8	8	CastTo	nn::bezel::detail::StaticTypeDesc<actor::ComActorCollision,false,nn::bezel::Component>	a	a	0		undefined8 CastTo(undefined8 param_1, undefined8 param_2)
710000a5f0	8	CastToConst	nn::bezel::detail::StaticTypeDesc<actor::ComActorCollision,false,nn::bezel::Component>	a	a	0		undefined8 CastToConst(undefined8 param_1, undefined8 param_2)
710000a5f8	20	IsDerivedFrom	nn::bezel::detail::StaticTypeDesc<nn::bezel::Component,false>	a	a	0		bool IsDerivedFrom(undefined * param_1)
710000a60c	8	GetBaseTypeDesc	nn::bezel::detail::StaticTypeDesc<nn::bezel::Component,false>	a	a	0		undefined8 GetBaseTypeDesc(void)
710000a614	8	GetNextBaseTypeDesc	nn::bezel::detail::StaticTypeDesc<nn::bezel::Component,false>	a	a	0		undefined8 GetNextBaseTypeDesc(void)
710000a61c	8	CastTo	nn::bezel::detail::StaticTypeDesc<nn::bezel::Component,false>	a	a	0		undefined8 CastTo(undefined8 param_1, undefined8 param_2)
710000a624	8	CastToConst	nn::bezel::detail::StaticTypeDesc<nn::bezel::Component,false>	a	a	0		undefined8 CastToConst(undefined8 param_1, undefined8 param_2)
710000a62c	20	FUN_710000a62c		d	a	0		undefined FUN_710000a62c(void)
710000a640	80	FUN_710000a640		d	a	0		undefined FUN_710000a640(char * param_1)
710000a690	48	FUN_710000a690		d	a	0		undefined FUN_710000a690(logic_error * param_1, char * param_2)
710000a6c0	32	IsDerivedFrom	nn::bezel::detail::StaticTypeDesc<nn::bezel::ComModel,false,nn::bezel::Component>	a	a	0		bool IsDerivedFrom(undefined * param_1)
710000a6e0	12	GetBaseTypeDesc	nn::bezel::detail::StaticTypeDesc<nn::bezel::ComModel,false,nn::bezel::Component>	a	a	0		undefined * GetBaseTypeDesc(void)
710000a6ec	20	GetNextBaseTypeDesc	nn::bezel::detail::StaticTypeDesc<nn::bezel::ComModel,false,nn::bezel::Component>	a	a	0		undefined * GetNextBaseTypeDesc(long param_1)
710000a700	8	CastTo	nn::bezel::detail::StaticTypeDesc<nn::bezel::ComModel,false,nn::bezel::Component>	a	a	0		undefined8 CastTo(undefined8 param_1, undefined8 param_2)
710000a708	8	CastToConst	nn::bezel::detail::StaticTypeDesc<nn::bezel::ComModel,false,nn::bezel::Component>	a	a	0		undefined8 CastToConst(undefined8 param_1, undefined8 param_2)
710000a710	32	IsDerivedFrom	nn::bezel::detail::StaticTypeDesc<bex::gfx::ComModelBuffer,false,nn::bezel::Component>	a	a	0		bool IsDerivedFrom(undefined * param_1)
710000a730	12	GetBaseTypeDesc	nn::bezel::detail::StaticTypeDesc<bex::gfx::ComModelBuffer,false,nn::bezel::Component>	a	a	0		undefined * GetBaseTypeDesc(void)
710000a73c	20	GetNextBaseTypeDesc	nn::bezel::detail::StaticTypeDesc<bex::gfx::ComModelBuffer,false,nn::bezel::Component>	a	a	0		undefined * GetNextBaseTypeDesc(long param_1)
710000a750	8	CastTo	nn::bezel::detail::StaticTypeDesc<bex::gfx::ComModelBuffer,false,nn::bezel::Component>	a	a	0		undefined8 CastTo(undefined8 param_1, undefined8 param_2)
710000a758	8	CastToConst	nn::bezel::detail::StaticTypeDesc<bex::gfx::ComModelBuffer,false,nn::bezel::Component>	a	a	0		undefined8 CastToConst(undefined8 param_1, undefined8 param_2)
710000a760	32	IsDerivedFrom	nn::bezel::detail::StaticTypeDesc<nn::bezel::ComAttachment,false,nn::bezel::Component>	a	a	0		bool IsDerivedFrom(undefined * param_1)
710000a780	12	GetBaseTypeDesc	nn::bezel::detail::StaticTypeDesc<nn::bezel::ComAttachment,false,nn::bezel::Component>	a	a	0		undefined * GetBaseTypeDesc(void)
710000a78c	20	GetNextBaseTypeDesc	nn::bezel::detail::StaticTypeDesc<nn::bezel::ComAttachment,false,nn::bezel::Component>	a	a	0		undefined * GetNextBaseTypeDesc(long param_1)
710000a7a0	8	CastTo	nn::bezel::detail::StaticTypeDesc<nn::bezel::ComAttachment,false,nn::bezel::Component>	a	a	0		undefined8 CastTo(undefined8 param_1, undefined8 param_2)
710000a7a8	8	CastToConst	nn::bezel::detail::StaticTypeDesc<nn::bezel::ComAttachment,false,nn::bezel::Component>	a	a	0		undefined8 CastToConst(undefined8 param_1, undefined8 param_2)
710000a7b0	32	IsDerivedFrom	nn::bezel::detail::StaticTypeDesc<actor::ComActorMotion,false,nn::bezel::Component>	a	a	0		bool IsDerivedFrom(undefined * param_1)
710000a7d0	12	GetBaseTypeDesc	nn::bezel::detail::StaticTypeDesc<actor::ComActorMotion,false,nn::bezel::Component>	a	a	0		undefined * GetBaseTypeDesc(void)
710000a7dc	20	GetNextBaseTypeDesc	nn::bezel::detail::StaticTypeDesc<actor::ComActorMotion,false,nn::bezel::Component>	a	a	0		undefined * GetNextBaseTypeDesc(long param_1)
710000a7f0	8	CastTo	nn::bezel::detail::StaticTypeDesc<actor::ComActorMotion,false,nn::bezel::Component>	a	a	0		undefined8 CastTo(undefined8 param_1, undefined8 param_2)
710000a7f8	8	CastToConst	nn::bezel::detail::StaticTypeDesc<actor::ComActorMotion,false,nn::bezel::Component>	a	a	0		undefined8 CastToConst(undefined8 param_1, undefined8 param_2)
710000a800	32	IsDerivedFrom	nn::bezel::detail::StaticTypeDesc<actor::ComActor,false,nn::bezel::Component>	a	a	0		bool IsDerivedFrom(undefined * param_1)
710000a820	12	GetBaseTypeDesc	nn::bezel::detail::StaticTypeDesc<actor::ComActor,false,nn::bezel::Component>	a	a	0		undefined * GetBaseTypeDesc(void)
710000a82c	20	GetNextBaseTypeDesc	nn::bezel::detail::StaticTypeDesc<actor::ComActor,false,nn::bezel::Component>	a	a	0		undefined * GetNextBaseTypeDesc(long param_1)
710000a840	8	CastTo	nn::bezel::detail::StaticTypeDesc<actor::ComActor,false,nn::bezel::Component>	a	a	0		undefined8 CastTo(undefined8 param_1, undefined8 param_2)
710000a848	8	CastToConst	nn::bezel::detail::StaticTypeDesc<actor::ComActor,false,nn::bezel::Component>	a	a	0		undefined8 CastToConst(undefined8 param_1, undefined8 param_2)
710000a850	60	FUN_710000a850		d	a	0		undefined FUN_710000a850(undefined8 * param_1)
710000a88c	36	~__shared_ptr_pointer	std::__shared_ptr_pointer<mg1604::Computer*,std::shared_ptr<mg1604::Computer>::__shared_ptr_default_delete<mg1604::Computer,mg1604::Computer>,std::allocator<mg1604::Computer>>	a	a	0		undefined ~__shared_ptr_pointer(__shared_ptr_pointer<mg1604::Computer*,std::shared_ptr<mg1604::Computer>::__shared_ptr_default_delete<mg1604::Computer,mg1604::Computer>,std::allocator<mg1604::Computer>> * this)
710000a8b0	56	__on_zero_shared	std::__shared_ptr_pointer<mg1604::Computer*,std::shared_ptr<mg1604::Computer>::__shared_ptr_default_delete<mg1604::Computer,mg1604::Computer>,std::allocator<mg1604::Computer>>	a	a	0		undefined __on_zero_shared(__shared_ptr_pointer<mg1604::Computer*,std::shared_ptr<mg1604::Computer>::__shared_ptr_default_delete<mg1604::Computer,mg1604::Computer>,std::allocator<mg1604::Computer>> * this)
710000a8e8	4	__on_zero_shared_weak	std::__shared_ptr_pointer<mg1604::Computer*,std::shared_ptr<mg1604::Computer>::__shared_ptr_default_delete<mg1604::Computer,mg1604::Computer>,std::allocator<mg1604::Computer>>	a	a	0		undefined __on_zero_shared_weak(__shared_ptr_pointer<mg1604::Computer*,std::shared_ptr<mg1604::Computer>::__shared_ptr_default_delete<mg1604::Computer,mg1604::Computer>,std::allocator<mg1604::Computer>> * this)
710000a8ec	20	FUN_710000a8ec		d	a	0		undefined FUN_710000a8ec(void)
710000a900	2796	FUN_710000a900		d	a	0		undefined FUN_710000a900(void)
710000b5d0	80	FUN_710000b5d0		d	a	0		undefined FUN_710000b5d0(void)
710000b620	1744	Computer	mg1604::Computer	a	a	0		undefined Computer(Computer * this, long * param_1, undefined8 * param_2, undefined8 * param_3)
710000bcf0	96	GetRndFightCT	mg1604::Computer	a	a	0		float GetRndFightCT(Computer * this)
710000bd50	160	SwitchWalkOrMove	mg1604::Computer	a	a	0		undefined SwitchWalkOrMove(Computer * this)
710000bdf0	216	InitSetFunc	mg1604::FiberObject<mg1604::Computer::FiberEnum>	a	a	0		undefined8 InitSetFunc(FiberObject<mg1604::Computer::FiberEnum> * this, int param_1, long * param_2)
710000bed0	124	~Computer	mg1604::Computer	a	a	0		undefined ~Computer(Computer * this)
710000bf4c	84	~FiberObject	mg1604::FiberObject<mg1604::Computer::FiberEnum>	a	a	0		undefined ~FiberObject(FiberObject<mg1604::Computer::FiberEnum> * this)
710000bfa4	16	GetComInputTrigger	mg1604::Computer	a	a	0		long GetComInputTrigger(Computer * this)
710000bfb4	16	GetComInputHold	mg1604::Computer	a	a	0		long GetComInputHold(Computer * this)
710000bfc4	16	GetComInputRelease	mg1604::Computer	a	a	0		long GetComInputRelease(Computer * this)
710000bfd4	72	GetComInputStick	mg1604::Computer	a	a	0		undefined GetComInputStick(Computer * this)
710000c01c	396	UpdateNormalMove	mg1604::Computer	a	a	0		undefined UpdateNormalMove(Computer * this)
710000c1a8	360	UpdateAttackMove	mg1604::Computer	a	a	0		undefined1[16] UpdateAttackMove(Computer * this)
710000c310	36	IsAheadOfFrontEnemy	mg1604::Computer	a	a	0		bool IsAheadOfFrontEnemy(Computer * this)
710000c334	56	UpdateMoveVec	mg1604::Computer	a	a	0		undefined UpdateMoveVec(Computer * this)
710000c36c	196	ManagedOnGameMain	mg1604::Computer	a	a	0		undefined ManagedOnGameMain(Computer * this)
710000c430	224	FiberStart	mg1604::FiberObject<mg1604::Computer::FiberEnum>	a	a	0		undefined FiberStart(FiberObject<mg1604::Computer::FiberEnum> * this, int param_1)
710000c520	52	FUN_710000c520		d	a	0		undefined FUN_710000c520(void)
710000c554	36	~FiberObject	mg1604::FiberObject<mg1604::Computer::FiberEnum>	a	a	0		undefined ~FiberObject(FiberObject<mg1604::Computer::FiberEnum> * this)
710000c578	4	Begin	wl::fiber::IFiber	a	a	0		undefined Begin(void)
710000c580	272	Run	mg1604::FiberObject<mg1604::Computer::FiberEnum>	a	a	0		undefined8 Run(FiberObject<mg1604::Computer::FiberEnum> * this)
710000c6d4	4	End	wl::fiber::IFiber	a	a	0		undefined End(void)
710000c6d8	116	destroy	std::__tree<std::__value_type<int,std::function<void()>>,std::__map_value_compare<int,std::__value_type<int,std::function<void()>>,std::less<int>,true>,std::allocator<std::__value_type<int,std::function<void()>>>>	a	a	0		undefined destroy(__tree<std::__value_type<int,std::function<void()>>,std::__map_value_compare<int,std::__value_type<int,std::function<void()>>,std::less<int>,true>,std::allocator<std::__value_type<int,std::function<void()>>>> * this, undefined8 * param_1)
710000c74c	116	destroy	std::__tree<std::__value_type<int,std::function<bool()>>,std::__map_value_compare<int,std::__value_type<int,std::function<bool()>>,std::less<int>,true>,std::allocator<std::__value_type<int,std::function<bool()>>>>	a	a	0		undefined destroy(__tree<std::__value_type<int,std::function<bool()>>,std::__map_value_compare<int,std::__value_type<int,std::function<bool()>>,std::less<int>,true>,std::allocator<std::__value_type<int,std::function<bool()>>>> * this, undefined8 * param_1)
710000c7c0	52	FUN_710000c7c0		d	a	0		undefined FUN_710000c7c0(void)
710000c7f4	36	~bad_function_call	std::bad_function_call	a	a	0		undefined ~bad_function_call(bad_function_call * this)
710000c818	20	FUN_710000c818		d	a	0		undefined FUN_710000c818(void)
710000c82c	20	FUN_710000c82c		d	a	0		undefined FUN_710000c82c(void)
710000c840	20	FUN_710000c840		d	a	0		undefined FUN_710000c840(void)
710000c854	36	~__shared_ptr_pointer	std::__shared_ptr_pointer<mg1604::ComputerAI*,std::default_delete<mg1604::ComputerAI>,std::allocator<mg1604::ComputerAI>>	a	a	0		undefined ~__shared_ptr_pointer(__shared_ptr_pointer<mg1604::ComputerAI*,std::default_delete<mg1604::ComputerAI>,std::allocator<mg1604::ComputerAI>> * this)
710000c878	16	__on_zero_shared	std::__shared_ptr_pointer<mg1604::ComputerAI*,std::default_delete<mg1604::ComputerAI>,std::allocator<mg1604::ComputerAI>>	a	a	0		undefined __on_zero_shared(__shared_ptr_pointer<mg1604::ComputerAI*,std::default_delete<mg1604::ComputerAI>,std::allocator<mg1604::ComputerAI>> * this)
710000c888	4	__on_zero_shared_weak	std::__shared_ptr_pointer<mg1604::ComputerAI*,std::default_delete<mg1604::ComputerAI>,std::allocator<mg1604::ComputerAI>>	a	a	0		undefined __on_zero_shared_weak(__shared_ptr_pointer<mg1604::ComputerAI*,std::default_delete<mg1604::ComputerAI>,std::allocator<mg1604::ComputerAI>> * this)
710000c890	304	__emplace_unique_key_args<int,std::pair<int_const,std::function<bool()>>>	std::__tree<std::__value_type<int,std::function<bool()>>,std::__map_value_compare<int,std::__value_type<int,std::function<bool()>>,std::less<int>,true>,std::allocator<std::__value_type<int,std::function<bool()>>>>	a	a	0		undefined1[16] __emplace_unique_key_args<int,std::pair<int_const,std::function<bool()>>>(__tree<std::__value_type<int,std::function<bool()>>,std::__map_value_compare<int,std::__value_type<int,std::function<bool()>>,std::less<int>,true>,std::allocator<std::__value_type<int,std::function<bool()>>>> * this, int * param_1, undefined4 * param_2)
710000c9cc	52	FUN_710000c9cc		d	a	0		undefined FUN_710000c9cc(long param_1)
710000ca18	4	FUN_710000ca18		d	a	0		undefined FUN_710000ca18(void)
710000ca1c	4	operator.delete	<EXTERNAL>	d	a	1		void operator.delete(void * param_1)
710000cc90	164	FiberStop	mg1604::FiberObject<mg1604::Computer::FiberEnum>	a	a	0		undefined FiberStop(FiberObject<mg1604::Computer::FiberEnum> * this)
710000da0c	200	ComputerAI	mg1604::ComputerAI	a	a	0		undefined ComputerAI(undefined4 param_1, ComputerAI * this, undefined8 * param_3, undefined8 * param_4, undefined4 param_5, int param_6)
710000dae0	1044	CalcProceedDeg	mg1604::ComputerAI	a	a	0		float CalcProceedDeg(ComputerAI * this)
710000def8	220	MeasureDistance	mg1604::ComputerAI	a	a	0		ulong MeasureDistance(undefined8 param_1, undefined8 param_2, ComputerAI * this)
710000dfd4	164	CalcToEnemyDistance	mg1604::ComputerAI	a	a	0		undefined1[16] CalcToEnemyDistance(ComputerAI * this)
710000e078	144	CalcToEnemyRad	mg1604::ComputerAI	a	a	0		undefined CalcToEnemyRad(ComputerAI * this)
710000e108	136	IsAheadOfFrontEnemy	mg1604::ComputerAI	a	a	0		bool IsAheadOfFrontEnemy(ComputerAI * this)
710000e190	2796	FUN_710000e190		d	a	0		undefined FUN_710000e190(void)
710000ee5c	192	ComWaryOfAround	mg1604::ComWaryOfAround	a	a	0		undefined ComWaryOfAround(ComWaryOfAround * this, long * param_1)
710000ef20	404	Init	mg1604::ComWaryOfAround	a	a	0		undefined Init(ComWaryOfAround * this, long * param_1)
710000f0c0	396	Start	mg1604::ComWaryOfAround	a	a	0		undefined Start(ComWaryOfAround * this)
710000f254	108	EndAttension	mg1604::ComWaryOfAround	a	a	0		undefined EndAttension(ComWaryOfAround * this)
710000f2c0	356	Update	mg1604::ComWaryOfAround	a	a	0		undefined Update(ComWaryOfAround * this)
710000f424	72	StartAttension	mg1604::ComWaryOfAround	a	a	0		undefined StartAttension(ComWaryOfAround * this)
710000f46c	108	OnDisabled	mg1604::ComWaryOfAround	a	a	0		undefined OnDisabled(ComWaryOfAround * this)
710000f4d8	12	NnDetailBezelGetTypeDesc	mg1604::ComWaryOfAround	a	a	0		undefined * NnDetailBezelGetTypeDesc(void)
710000f4e4	4	NnDetailBezelGetThisPtr	mg1604::ComWaryOfAround	a	a	0		undefined NnDetailBezelGetThisPtr(void)
710000f4e8	4	NnDetailBezelGetThisPtrConst	mg1604::ComWaryOfAround	a	a	0		undefined NnDetailBezelGetThisPtrConst(void)
710000f4f0	208	~Component	nn::bezel::Component	a	a	0		undefined ~Component(Component * this)
710000f5c0	208	~ComWaryOfAround	mg1604::ComWaryOfAround	a	a	0		undefined ~ComWaryOfAround(ComWaryOfAround * this)
710000f690	64	DestroyComponentImpl	mg1604::ComWaryOfAround	a	a	0		undefined DestroyComponentImpl(ComWaryOfAround * this)
710000f6d0	16	_internalGetTickMessageBitFlagSetImpl	mg1604::ComWaryOfAround	a	a	0		undefined4 _internalGetTickMessageBitFlagSetImpl(void)
710000f6e0	20	_internalGetComponentNameHashImpl	mg1604::ComWaryOfAround	a	a	0		undefined8 _internalGetComponentNameHashImpl(void)
710000f6f4	8	_internalGetReceiveMessagePriorityImpl	mg1604::ComWaryOfAround	a	a	0		undefined8 _internalGetReceiveMessagePriorityImpl(void)
710000f6fc	128	ReceiveMessageImpl	mg1604::BaseComponent	a	a	0		undefined ReceiveMessageImpl(undefined4 * param_1_00, long * param_2, long param_3)
710000f77c	4	OnDestroy	mg1604::BaseComponent	a	a	0		undefined OnDestroy(void)
710000f780	4	OnEnabled	mg1604::BaseComponent	a	a	0		undefined OnEnabled(void)
710000f784	12	NnDetailBezelGetTypeDesc	mg1604::ComWaryOfAround	a	a	0		undefined * NnDetailBezelGetTypeDesc(void)
710000f790	8	NnDetailBezelGetThisPtr	mg1604::ComWaryOfAround	a	a	0		ComWaryOfAround * NnDetailBezelGetThisPtr(ComWaryOfAround * this)
710000f798	8	NnDetailBezelGetThisPtrConst	mg1604::ComWaryOfAround	a	a	0		ComWaryOfAround * NnDetailBezelGetThisPtrConst(ComWaryOfAround * this)
710000f7a0	208	~ComWaryOfAround	mg1604::ComWaryOfAround	a	a	0		undefined ~ComWaryOfAround(ComWaryOfAround * this)
710000f870	208	~ComWaryOfAround	mg1604::ComWaryOfAround	a	a	0		undefined ~ComWaryOfAround(ComWaryOfAround * this)
710000f940	128	ReceiveMessageImpl	mg1604::BaseComponent	a	a	0		undefined ReceiveMessageImpl(undefined4 * param_1_00, BaseComponent * this, long param_3)
710000f9c0	360	Reset	nn::bezel::HandleSource<nn::bezel::Component>	a	a	0		undefined Reset(HandleSource<nn::bezel::Component> * this, long param_1)
710000fb28	32	IsDerivedFrom	nn::bezel::detail::StaticTypeDesc<mg1604::BaseComponent,false,nn::bezel::Component>	a	a	0		bool IsDerivedFrom(undefined * param_1)
710000fb48	12	GetBaseTypeDesc	nn::bezel::detail::StaticTypeDesc<mg1604::BaseComponent,false,nn::bezel::Component>	a	a	0		undefined * GetBaseTypeDesc(void)
710000fb54	20	GetNextBaseTypeDesc	nn::bezel::detail::StaticTypeDesc<mg1604::BaseComponent,false,nn::bezel::Component>	a	a	0		undefined * GetNextBaseTypeDesc(long param_1)
710000fb68	8	CastTo	nn::bezel::detail::StaticTypeDesc<mg1604::BaseComponent,false,nn::bezel::Component>	a	a	0		undefined8 CastTo(undefined8 param_1, undefined8 param_2)
710000fb70	8	CastToConst	nn::bezel::detail::StaticTypeDesc<mg1604::BaseComponent,false,nn::bezel::Component>	a	a	0		undefined8 CastToConst(undefined8 param_1, undefined8 param_2)
710000fb78	56	IsDerivedFrom	nn::bezel::detail::StaticTypeDesc<mg1604::ComWaryOfAround,false,mg1604::BaseComponent>	a	a	0		bool IsDerivedFrom(undefined * param_1)
710000fbb0	12	GetBaseTypeDesc	nn::bezel::detail::StaticTypeDesc<mg1604::ComWaryOfAround,false,mg1604::BaseComponent>	a	a	0		undefined * GetBaseTypeDesc(void)
710000fbbc	20	GetNextBaseTypeDesc	nn::bezel::detail::StaticTypeDesc<mg1604::ComWaryOfAround,false,mg1604::BaseComponent>	a	a	0		undefined * GetNextBaseTypeDesc(long param_1)
710000fbd0	8	CastTo	nn::bezel::detail::StaticTypeDesc<mg1604::ComWaryOfAround,false,mg1604::BaseComponent>	a	a	0		undefined8 CastTo(undefined8 param_1, undefined8 param_2)
710000fbd8	8	CastToConst	nn::bezel::detail::StaticTypeDesc<mg1604::ComWaryOfAround,false,mg1604::BaseComponent>	a	a	0		undefined8 CastToConst(undefined8 param_1, undefined8 param_2)
710000fbe0	32	IsDerivedFrom	nn::bezel::detail::StaticTypeDesc<bq::ComMatter,false,nn::bezel::Component>	a	a	0		bool IsDerivedFrom(undefined * param_1)
710000fc00	12	GetBaseTypeDesc	nn::bezel::detail::StaticTypeDesc<bq::ComMatter,false,nn::bezel::Component>	a	a	0		undefined * GetBaseTypeDesc(void)
710000fc0c	20	GetNextBaseTypeDesc	nn::bezel::detail::StaticTypeDesc<bq::ComMatter,false,nn::bezel::Component>	a	a	0		undefined * GetNextBaseTypeDesc(long param_1)
710000fc20	8	CastTo	nn::bezel::detail::StaticTypeDesc<bq::ComMatter,false,nn::bezel::Component>	a	a	0		undefined8 CastTo(undefined8 param_1, undefined8 param_2)
710000fc28	8	CastToConst	nn::bezel::detail::StaticTypeDesc<bq::ComMatter,false,nn::bezel::Component>	a	a	0		undefined8 CastToConst(undefined8 param_1, undefined8 param_2)
710000fc30	2796	FUN_710000fc30		d	a	0		undefined FUN_710000fc30(void)
7100010900	1772	Player	mg1604::Player	a	a	0		undefined Player(undefined8 param_1_00, Player * this, long * param_3, long * param_4, undefined8 * param_5, float * param_6, byte param_7)
7100010ff8	672	SetRigidbody	mg1604::Player	a	a	0		undefined SetRigidbody(Player * this, float * param_1)
7100011298	200	InitConfigAction	mg1604::Player	a	a	0		undefined InitConfigAction(long param_1)
7100011370	468	AddComponent<mg1604::ComWaryOfAround,,(void*)0>	nn::bezel::Entity	a	a	0		WeakHandle AddComponent<mg1604::ComWaryOfAround,,(void*)0>(long * param_1, HandlePtr * param_2)
7100011550	216	InitSetFunc	mg1604::FiberObject<mg1604::Player::FiberEnum>	a	a	0		undefined8 InitSetFunc(FiberObject<mg1604::Player::FiberEnum> * this, int param_1, long * param_2)
7100011630	12	ManagedOnOpeningAfter	mg1604::Player	a	a	0		undefined ManagedOnOpeningAfter(Player * this)
7100011640	224	FiberStart	mg1604::FiberObject<mg1604::Player::FiberEnum>	a	a	0		undefined FiberStart(FiberObject<mg1604::Player::FiberEnum> * this, int param_1)
7100011728	184	ManagedOnOpeningSkip	mg1604::Player	a	a	0		undefined ManagedOnOpeningSkip(Player * this)
71000117e0	164	FiberStop	mg1604::FiberObject<mg1604::Player::FiberEnum>	a	a	0		undefined FiberStop(FiberObject<mg1604::Player::FiberEnum> * this)
7100011884	216	ManagedOnGameStartAfter	mg1604::Player	a	a	0		undefined ManagedOnGameStartAfter(Player * this)
7100011960	584	ManagedOnGameMain	mg1604::Player	a	a	0		undefined ManagedOnGameMain(Player * this)
7100011bb0	1068	ManagedOnGameEnd	mg1604::Player	a	a	0		undefined ManagedOnGameEnd(Player * this)
7100012000	480	AddComponent<nn::bezel::ComRigidBody,nn::bezel::RigidBodyCreateArg&,(void*)0>	nn::bezel::Entity	a	a	0		WeakHandle AddComponent<nn::bezel::ComRigidBody,nn::bezel::RigidBodyCreateArg&,(void*)0>(long * param_1_00, HandlePtr * param_2, RigidBodyCreateArg * param_3)
71000121f0	252	~Player	mg1604::Player	a	a	0		undefined ~Player(Player * this)
71000122ec	36	~Player	mg1604::Player	a	a	0		undefined ~Player(Player * this)
7100012310	376	operator=	nn::bezel::detail::Variant<nn::bezel::CollisionShape::Sphere,nn::bezel::CollisionShape::Plane,nn::bezel::CollisionShape::Capsule,nn::bezel::CollisionShape::Box,nn::bezel::CollisionShape::Mesh,nn::bezel::CollisionShape::Complex,nn::bezel::CollisionShape::Collection,nn::bezel::CollisionShape::RuntimeConvexMesh,nn::bezel::CollisionShape::RuntimeTriangleMesh,nn::bezel::CollisionShape::RuntimeHeightField>	a	a	0		Variant<nn::bezel::CollisionShape::Sphere,nn::bezel::CollisionShape::Plane,nn::bezel::CollisionShape::Capsule,nn::bezel::CollisionShape::Box,nn::bezel::CollisionShape::Mesh,nn::bezel::CollisionShape::Complex,nn::bezel::CollisionShape::Collection,nn::bezel::CollisionShape::RuntimeConvexMesh,nn::bezel::CollisionShape::RuntimeTriangleMesh,nn::bezel::CollisionShape::RuntimeHeightField> * operator=(Variant<nn::bezel::CollisionShape::Sphere,nn::bezel::CollisionShape::Plane,nn::bezel::CollisionShape::Capsule,nn::bezel::CollisionShape::Box,nn::bezel::CollisionShape::Mesh,nn::bezel::CollisionShape::Complex,nn::bezel::CollisionShape::Collection,nn::bezel::CollisionShape::RuntimeConvexMesh,nn::bezel::CollisionShape::RuntimeTriangleMesh,nn::bezel::CollisionShape::RuntimeHeightField> * this, long * param_1)
7100012490	464	~Collection	nn::bezel::CollisionShape::Collection	a	a	0		undefined ~Collection(Collection * this)
7100012670	288	Destroy	nn::bezel::detail::VariantImpl::CtorDtor<nn::bezel::CollisionShape::RuntimeConvexMesh,nn::bezel::CollisionShape::RuntimeTriangleMesh,nn::bezel::CollisionShape::RuntimeHeightField>	a	a	0		undefined Destroy(long param_1, char param_2)
71000127a0	288	Destroy	nn::bezel::detail::VariantImpl::CtorDtor<nn::bezel::CollisionShape::RuntimeTriangleMesh,nn::bezel::CollisionShape::RuntimeHeightField>	a	a	0		undefined Destroy(long param_1, char param_2)
71000128d0	268	Destroy	nn::bezel::detail::VariantImpl::CtorDtor<nn::bezel::CollisionShape::RuntimeHeightField>	a	a	0		undefined Destroy(long param_1, char param_2)
71000129e8	220	MoveConstruct	nn::bezel::detail::VariantImpl::CtorDtor<nn::bezel::CollisionShape::Complex,nn::bezel::CollisionShape::Collection,nn::bezel::CollisionShape::RuntimeConvexMesh,nn::bezel::CollisionShape::RuntimeTriangleMesh,nn::bezel::CollisionShape::RuntimeHeightField>	a	a	0		undefined MoveConstruct(long * param_1, long * param_2, undefined1 param_3)
7100012ad0	488	FUN_7100012ad0		d	a	0		undefined FUN_7100012ad0(undefined8 * param_1, long * param_2)
7100012cc0	144	FUN_7100012cc0		d	a	0		undefined FUN_7100012cc0(undefined8 * param_1)
7100012d50	20	FUN_7100012d50		d	a	0		undefined FUN_7100012d50(void)
7100012d70	144	CopyConstruct	nn::bezel::detail::VariantImpl::CtorDtor<nn::bezel::CollisionShape::Complex,nn::bezel::CollisionShape::Collection,nn::bezel::CollisionShape::RuntimeConvexMesh,nn::bezel::CollisionShape::RuntimeTriangleMesh,nn::bezel::CollisionShape::RuntimeHeightField>	a	a	0		undefined CopyConstruct(undefined8 * param_1, undefined8 * param_2, char param_3)
7100012e10	244	CopyConstruct	nn::bezel::detail::VariantImpl::CtorDtor<nn::bezel::CollisionShape::RuntimeConvexMesh,nn::bezel::CollisionShape::RuntimeTriangleMesh,nn::bezel::CollisionShape::RuntimeHeightField>	a	a	0		undefined CopyConstruct(undefined8 * param_1, undefined8 * param_2, char param_3)
7100012f04	20	IsDerivedFrom	nn::bezel::detail::StaticTypeDesc<nn::bezel::IBasis,false>	a	a	0		bool IsDerivedFrom(undefined * param_1)
7100012f18	8	GetBaseTypeDesc	nn::bezel::detail::StaticTypeDesc<nn::bezel::IBasis,false>	a	a	0		undefined8 GetBaseTypeDesc(void)
7100012f20	8	GetNextBaseTypeDesc	nn::bezel::detail::StaticTypeDesc<nn::bezel::IBasis,false>	a	a	0		undefined8 GetNextBaseTypeDesc(void)
7100012f28	8	CastTo	nn::bezel::detail::StaticTypeDesc<nn::bezel::IBasis,false>	a	a	0		undefined8 CastTo(undefined8 param_1, undefined8 param_2)
7100012f30	8	CastToConst	nn::bezel::detail::StaticTypeDesc<nn::bezel::IBasis,false>	a	a	0		undefined8 CastToConst(undefined8 param_1, undefined8 param_2)
7100012f38	84	~FiberObject	mg1604::FiberObject<mg1604::Player::FiberEnum>	a	a	0		undefined ~FiberObject(FiberObject<mg1604::Player::FiberEnum> * this)
7100012f90	36	~FiberObject	mg1604::FiberObject<mg1604::Player::FiberEnum>	a	a	0		undefined ~FiberObject(FiberObject<mg1604::Player::FiberEnum> * this)
7100012fc0	272	Run	mg1604::FiberObject<mg1604::Player::FiberEnum>	a	a	0		undefined8 Run(FiberObject<mg1604::Player::FiberEnum> * this)
7100013114	256	SafeCreate<mg1604::ComWaryOfAround,(nn::bezel::MemoryUsage)57,nn::bezel::HandlePtr<nn::bezel::Entity>const&>	nn::bezel::ComponentUtil	a	a	0		WeakHandle SafeCreate<mg1604::ComWaryOfAround,(nn::bezel::MemoryUsage)57,nn::bezel::HandlePtr<nn::bezel::Entity>const&>(long * param_1, ComponentUtil * this)
7100013220	52	FUN_7100013220		d	a	0		undefined FUN_7100013220(long param_1)
710001326c	4	FUN_710001326c		d	a	0		undefined FUN_710001326c(void)
7100013270	4	operator.delete	<EXTERNAL>	d	a	1		void operator.delete(void * param_1)
71000133a0	52	FUN_71000133a0		d	a	0		undefined FUN_71000133a0(long param_1)
71000133ec	4	FUN_71000133ec		d	a	0		undefined FUN_71000133ec(void)
71000133f0	4	operator.delete	<EXTERNAL>	d	a	1		void operator.delete(void * param_1)
7100013564	32	IsDerivedFrom	nn::bezel::detail::StaticTypeDesc<nn::bezel::ComCollision,false,nn::bezel::Component>	a	a	0		bool IsDerivedFrom(undefined * param_1)
7100013584	12	GetBaseTypeDesc	nn::bezel::detail::StaticTypeDesc<nn::bezel::ComCollision,false,nn::bezel::Component>	a	a	0		undefined * GetBaseTypeDesc(void)
7100013590	20	GetNextBaseTypeDesc	nn::bezel::detail::StaticTypeDesc<nn::bezel::ComCollision,false,nn::bezel::Component>	a	a	0		undefined * GetNextBaseTypeDesc(long param_1)
71000135a4	8	CastTo	nn::bezel::detail::StaticTypeDesc<nn::bezel::ComCollision,false,nn::bezel::Component>	a	a	0		undefined8 CastTo(undefined8 param_1, undefined8 param_2)
71000135ac	8	CastToConst	nn::bezel::detail::StaticTypeDesc<nn::bezel::ComCollision,false,nn::bezel::Component>	a	a	0		undefined8 CastToConst(undefined8 param_1, undefined8 param_2)
71000135b4	56	IsDerivedFrom	nn::bezel::detail::StaticTypeDesc<actor::ActorConditionBlink,false,actor::ActorCondition>	a	a	0		bool IsDerivedFrom(undefined * param_1)
71000135ec	12	GetBaseTypeDesc	nn::bezel::detail::StaticTypeDesc<actor::ActorConditionBlink,false,actor::ActorCondition>	a	a	0		undefined * GetBaseTypeDesc(void)
71000135f8	20	GetNextBaseTypeDesc	nn::bezel::detail::StaticTypeDesc<actor::ActorConditionBlink,false,actor::ActorCondition>	a	a	0		undefined * GetNextBaseTypeDesc(long param_1)
710001360c	8	CastTo	nn::bezel::detail::StaticTypeDesc<actor::ActorConditionBlink,false,actor::ActorCondition>	a	a	0		undefined8 CastTo(undefined8 param_1, undefined8 param_2)
7100013614	8	CastToConst	nn::bezel::detail::StaticTypeDesc<actor::ActorConditionBlink,false,actor::ActorCondition>	a	a	0		undefined8 CastToConst(undefined8 param_1, undefined8 param_2)
710001361c	32	IsDerivedFrom	nn::bezel::detail::StaticTypeDesc<actor::ActorCondition,false,nn::bezel::IBasis>	a	a	0		bool IsDerivedFrom(undefined * param_1)
710001363c	12	GetBaseTypeDesc	nn::bezel::detail::StaticTypeDesc<actor::ActorCondition,false,nn::bezel::IBasis>	a	a	0		undefined * GetBaseTypeDesc(void)
7100013648	20	GetNextBaseTypeDesc	nn::bezel::detail::StaticTypeDesc<actor::ActorCondition,false,nn::bezel::IBasis>	a	a	0		undefined * GetNextBaseTypeDesc(long param_1)
710001365c	8	CastTo	nn::bezel::detail::StaticTypeDesc<actor::ActorCondition,false,nn::bezel::IBasis>	a	a	0		undefined8 CastTo(undefined8 param_1, undefined8 param_2)
7100013664	8	CastToConst	nn::bezel::detail::StaticTypeDesc<actor::ActorCondition,false,nn::bezel::IBasis>	a	a	0		undefined8 CastToConst(undefined8 param_1, undefined8 param_2)
710001366c	56	IsDerivedFrom	nn::bezel::detail::StaticTypeDesc<actor::ActorConditionDamage,false,actor::ActorCondition>	a	a	0		bool IsDerivedFrom(undefined * param_1)
71000136a4	12	GetBaseTypeDesc	nn::bezel::detail::StaticTypeDesc<actor::ActorConditionDamage,false,actor::ActorCondition>	a	a	0		undefined * GetBaseTypeDesc(void)
71000136b0	20	GetNextBaseTypeDesc	nn::bezel::detail::StaticTypeDesc<actor::ActorConditionDamage,false,actor::ActorCondition>	a	a	0		undefined * GetNextBaseTypeDesc(long param_1)
71000136c4	8	CastTo	nn::bezel::detail::StaticTypeDesc<actor::ActorConditionDamage,false,actor::ActorCondition>	a	a	0		undefined8 CastTo(undefined8 param_1, undefined8 param_2)
71000136cc	8	CastToConst	nn::bezel::detail::StaticTypeDesc<actor::ActorConditionDamage,false,actor::ActorCondition>	a	a	0		undefined8 CastToConst(undefined8 param_1, undefined8 param_2)
71000136d4	56	IsDerivedFrom	nn::bezel::detail::StaticTypeDesc<nn::bezel::ComRigidBody,false,nn::bezel::ComCollision>	a	a	0		bool IsDerivedFrom(undefined * param_1)
710001370c	12	GetBaseTypeDesc	nn::bezel::detail::StaticTypeDesc<nn::bezel::ComRigidBody,false,nn::bezel::ComCollision>	a	a	0		undefined * GetBaseTypeDesc(void)
7100013718	20	GetNextBaseTypeDesc	nn::bezel::detail::StaticTypeDesc<nn::bezel::ComRigidBody,false,nn::bezel::ComCollision>	a	a	0		undefined * GetNextBaseTypeDesc(long param_1)
710001372c	8	CastTo	nn::bezel::detail::StaticTypeDesc<nn::bezel::ComRigidBody,false,nn::bezel::ComCollision>	a	a	0		undefined8 CastTo(undefined8 param_1, undefined8 param_2)
7100013734	8	CastToConst	nn::bezel::detail::StaticTypeDesc<nn::bezel::ComRigidBody,false,nn::bezel::ComCollision>	a	a	0		undefined8 CastToConst(undefined8 param_1, undefined8 param_2)
7100014410	1052	CharacterManager	mg1604::CharacterManager	a	a	0		undefined CharacterManager(CharacterManager * this, undefined8 * param_1, undefined8 * param_2, long * param_3)
7100014850	52	GetPlayerPos	mg1604::CharacterManager	a	a	0		undefined GetPlayerPos(CharacterManager * this, int * param_1)
7100014890	60	OnGameOpeningStart	mg1604::CharacterManager	a	a	0		undefined OnGameOpeningStart(CharacterManager * this)
71000148d0	60	OnGameOpeningSkip	mg1604::CharacterManager	a	a	0		undefined OnGameOpeningSkip(CharacterManager * this)
7100014910	60	OnGameStartAfter	mg1604::CharacterManager	a	a	0		undefined OnGameStartAfter(CharacterManager * this)
7100014950	60	OnGameMain	mg1604::CharacterManager	a	a	0		undefined OnGameMain(CharacterManager * this)
7100014990	60	OnGameEnd	mg1604::CharacterManager	a	a	0		undefined OnGameEnd(CharacterManager * this)
71000149d0	216	~CharacterManager	mg1604::CharacterManager	a	a	0		undefined ~CharacterManager(CharacterManager * this)
7100014ab0	208	~CharacterManager	mg1604::CharacterManager	a	a	0		undefined ~CharacterManager(CharacterManager * this)
7100014b80	216	~CharacterManager	mg1604::CharacterManager	a	a	0		undefined ~CharacterManager(CharacterManager * this)
7100014c60	228	~CharacterManager	mg1604::CharacterManager	a	a	0		undefined ~CharacterManager(CharacterManager * this)
7100014d44	20	FUN_7100014d44		d	a	0		undefined FUN_7100014d44(void)
7100014d58	20	FUN_7100014d58		d	a	0		undefined FUN_7100014d58(void)
7100014d6c	20	FUN_7100014d6c		d	a	0		undefined FUN_7100014d6c(void)
7100014d80	36	~__shared_ptr_pointer	std::__shared_ptr_pointer<mg1604::Player*,std::shared_ptr<mg1604::Player>::__shared_ptr_default_delete<mg1604::Player,mg1604::Player>,std::allocator<mg1604::Player>>	a	a	0		undefined ~__shared_ptr_pointer(__shared_ptr_pointer<mg1604::Player*,std::shared_ptr<mg1604::Player>::__shared_ptr_default_delete<mg1604::Player,mg1604::Player>,std::allocator<mg1604::Player>> * this)
7100014da4	24	__on_zero_shared	std::__shared_ptr_pointer<mg1604::Player*,std::shared_ptr<mg1604::Player>::__shared_ptr_default_delete<mg1604::Player,mg1604::Player>,std::allocator<mg1604::Player>>	a	a	0		undefined __on_zero_shared(__shared_ptr_pointer<mg1604::Player*,std::shared_ptr<mg1604::Player>::__shared_ptr_default_delete<mg1604::Player,mg1604::Player>,std::allocator<mg1604::Player>> * this)
7100014dbc	4	__on_zero_shared_weak	std::__shared_ptr_pointer<mg1604::Player*,std::shared_ptr<mg1604::Player>::__shared_ptr_default_delete<mg1604::Player,mg1604::Player>,std::allocator<mg1604::Player>>	a	a	0		undefined __on_zero_shared_weak(__shared_ptr_pointer<mg1604::Player*,std::shared_ptr<mg1604::Player>::__shared_ptr_default_delete<mg1604::Player,mg1604::Player>,std::allocator<mg1604::Player>> * this)
7100014dc0	340	__push_back_slow_path<std::shared_ptr<mg1604::Player>>	std::vector<std::shared_ptr<mg1604::Player>,std::allocator<std::shared_ptr<mg1604::Player>>>	a	a	0		void __push_back_slow_path<std::shared_ptr<mg1604::Player>>(vector<std::shared_ptr<mg1604::Player>,std::allocator<std::shared_ptr<mg1604::Player>>> * this, undefined8 * param_1)
7100014f14	20	FUN_7100014f14		d	a	0		undefined FUN_7100014f14(void)
7100015c00	1796	GameManager	mg1604::GameManager	a	a	0		undefined GameManager(GameManager * this, undefined8 * param_1, undefined8 param_2)
7100016344	8	_CreateSceneEntity	mg1604::GameManager	a	a	0		undefined _CreateSceneEntity(GameManager * this, char * param_1)
7100016350	292	make_shared<mg1604::CharacterManager,nn::bezel::WeakHandle<nn::bezel::Entity>,std::vector<nn::bezel::WeakHandle<nn::bezel::Entity>,std::allocator<nn::bezel::WeakHandle<nn::bezel::Entity>>>,std::vector<nn::util::Vector3f,std::allocator<nn::util::Vector3f>>&>	wl	a	a	0		shared_ptr make_shared<mg1604::CharacterManager,nn::bezel::WeakHandle<nn::bezel::Entity>,std::vector<nn::bezel::WeakHandle<nn::bezel::Entity>,std::allocator<nn::bezel::WeakHandle<nn::bezel::Entity>>>,std::vector<nn::util::Vector3f,std::allocator<nn::util::Vector3f>>&>(undefined8 * param_1_00, wl * this, undefined8 * param_3, long * param_4)
7100016490	532	~GameManager	mg1604::GameManager	a	a	0		undefined ~GameManager(GameManager * this)
71000166a8	8	~GameManager	mg1604::GameManager	a	a	0		undefined ~GameManager(GameManager * this)
71000166b0	8	~GameManager	mg1604::GameManager	a	a	0		undefined ~GameManager(GameManager * this)
71000166b8	36	~GameManager	mg1604::GameManager	a	a	0		undefined ~GameManager(GameManager * this)
71000166dc	40	~GameManager	mg1604::GameManager	a	a	0		undefined ~GameManager(GameManager * this)
7100016704	40	~GameManager	mg1604::GameManager	a	a	0		undefined ~GameManager(GameManager * this)
710001672c	16	IsOpeningEnd	mg1604::GameManager	a	a	0		bool IsOpeningEnd(GameManager * this)
710001673c	8	IsGameEnd	mg1604::GameManager	a	a	0		undefined IsGameEnd(GameManager * this)
7100016744	16	IsEndingEnd	mg1604::GameManager	a	a	0		bool IsEndingEnd(GameManager * this)
7100016754	16	OnSyncSetup	mg1604::GameManager	a	a	0		undefined OnSyncSetup(GameManager * this)
7100016764	44	OnGameOpening	mg1604::GameManager	a	a	0		undefined OnGameOpening(GameManager * this)
7100016790	4	OnGameStartAfter	mg1604::GameManager	a	a	0		undefined OnGameStartAfter(void)
7100016794	104	OnGameMain	mg1604::GameManager	a	a	0		undefined OnGameMain(GameManager * this)
71000167fc	4	OnGameEnd	mg1604::GameManager	a	a	0		undefined OnGameEnd(void)
7100016800	96	OnThreeMinTimerEnd	mg1604::GameManager	a	a	0		undefined OnThreeMinTimerEnd(GameManager * this)
7100016860	36	GetGameJudge	mg1604::GameManager	a	a	0		undefined GetGameJudge(undefined8 * param_1, long param_2)
7100016890	824	OnEndingInitImpl	mg1604::GameManager	a	a	0		undefined OnEndingInitImpl(GameManager * this, long * param_1)
7100016bd0	236	~SceneResult_Builder	wl::SceneResult_Builder	a	a	0		undefined ~SceneResult_Builder(SceneResult_Builder * this)
7100016cc4	8	_GetScenePtr	mg1604::GameManager	a	a	0		undefined8 _GetScenePtr(GameManager * this)
7100016ccc	40	_NotifyReceive	mg1604::GameManager	a	a	0		undefined _NotifyReceive(GameManager * this, undefined4 param_1)
7100016d00	136	~SinpleEventObserver	mg1604::SinpleEventObserver<mg1604::GameEventID>	a	a	0		undefined ~SinpleEventObserver(SinpleEventObserver<mg1604::GameEventID> * this)
7100016d90	112	~SinpleEventObserver	mg1604::SinpleEventObserver<mg1604::GameEventID>	a	a	0		undefined ~SinpleEventObserver(SinpleEventObserver<mg1604::GameEventID> * this)
7100016e00	228	~SceneResult_Builder	wl::SceneResult_Builder	a	a	0		undefined ~SceneResult_Builder(SceneResult_Builder * this)
7100016eec	20	FUN_7100016eec		d	a	0		undefined FUN_7100016eec(void)
7100016f00	36	~__shared_ptr_pointer	std::__shared_ptr_pointer<mg1604::GameJudge*,std::shared_ptr<mg1604::GameJudge>::__shared_ptr_default_delete<mg1604::GameJudge,mg1604::GameJudge>,std::allocator<mg1604::GameJudge>>	a	a	0		undefined ~__shared_ptr_pointer(__shared_ptr_pointer<mg1604::GameJudge*,std::shared_ptr<mg1604::GameJudge>::__shared_ptr_default_delete<mg1604::GameJudge,mg1604::GameJudge>,std::allocator<mg1604::GameJudge>> * this)
7100016f24	24	__on_zero_shared	std::__shared_ptr_pointer<mg1604::GameJudge*,std::shared_ptr<mg1604::GameJudge>::__shared_ptr_default_delete<mg1604::GameJudge,mg1604::GameJudge>,std::allocator<mg1604::GameJudge>>	a	a	0		undefined __on_zero_shared(__shared_ptr_pointer<mg1604::GameJudge*,std::shared_ptr<mg1604::GameJudge>::__shared_ptr_default_delete<mg1604::GameJudge,mg1604::GameJudge>,std::allocator<mg1604::GameJudge>> * this)
7100016f3c	4	__on_zero_shared_weak	std::__shared_ptr_pointer<mg1604::GameJudge*,std::shared_ptr<mg1604::GameJudge>::__shared_ptr_default_delete<mg1604::GameJudge,mg1604::GameJudge>,std::allocator<mg1604::GameJudge>>	a	a	0		undefined __on_zero_shared_weak(__shared_ptr_pointer<mg1604::GameJudge*,std::shared_ptr<mg1604::GameJudge>::__shared_ptr_default_delete<mg1604::GameJudge,mg1604::GameJudge>,std::allocator<mg1604::GameJudge>> * this)
7100016f40	60	FUN_7100016f40		d	a	0		undefined FUN_7100016f40(undefined8 * param_1)
7100016f7c	36	~__shared_ptr_pointer	std::__shared_ptr_pointer<mg1604::Factory*,std::shared_ptr<mg1604::Factory>::__shared_ptr_default_delete<mg1604::Factory,mg1604::Factory>,std::allocator<mg1604::Factory>>	a	a	0		undefined ~__shared_ptr_pointer(__shared_ptr_pointer<mg1604::Factory*,std::shared_ptr<mg1604::Factory>::__shared_ptr_default_delete<mg1604::Factory,mg1604::Factory>,std::allocator<mg1604::Factory>> * this)
7100016fa0	56	__on_zero_shared	std::__shared_ptr_pointer<mg1604::Factory*,std::shared_ptr<mg1604::Factory>::__shared_ptr_default_delete<mg1604::Factory,mg1604::Factory>,std::allocator<mg1604::Factory>>	a	a	0		undefined __on_zero_shared(__shared_ptr_pointer<mg1604::Factory*,std::shared_ptr<mg1604::Factory>::__shared_ptr_default_delete<mg1604::Factory,mg1604::Factory>,std::allocator<mg1604::Factory>> * this)
7100016fd8	4	__on_zero_shared_weak	std::__shared_ptr_pointer<mg1604::Factory*,std::shared_ptr<mg1604::Factory>::__shared_ptr_default_delete<mg1604::Factory,mg1604::Factory>,std::allocator<mg1604::Factory>>	a	a	0		undefined __on_zero_shared_weak(__shared_ptr_pointer<mg1604::Factory*,std::shared_ptr<mg1604::Factory>::__shared_ptr_default_delete<mg1604::Factory,mg1604::Factory>,std::allocator<mg1604::Factory>> * this)
7100016fdc	36	~__shared_ptr_pointer	std::__shared_ptr_pointer<mg1604::MapManager*,std::shared_ptr<mg1604::MapManager>::__shared_ptr_default_delete<mg1604::MapManager,mg1604::MapManager>,std::allocator<mg1604::MapManager>>	a	a	0		undefined ~__shared_ptr_pointer(__shared_ptr_pointer<mg1604::MapManager*,std::shared_ptr<mg1604::MapManager>::__shared_ptr_default_delete<mg1604::MapManager,mg1604::MapManager>,std::allocator<mg1604::MapManager>> * this)
7100017000	24	__on_zero_shared	std::__shared_ptr_pointer<mg1604::MapManager*,std::shared_ptr<mg1604::MapManager>::__shared_ptr_default_delete<mg1604::MapManager,mg1604::MapManager>,std::allocator<mg1604::MapManager>>	a	a	0		undefined __on_zero_shared(__shared_ptr_pointer<mg1604::MapManager*,std::shared_ptr<mg1604::MapManager>::__shared_ptr_default_delete<mg1604::MapManager,mg1604::MapManager>,std::allocator<mg1604::MapManager>> * this)
7100017018	4	__on_zero_shared_weak	std::__shared_ptr_pointer<mg1604::MapManager*,std::shared_ptr<mg1604::MapManager>::__shared_ptr_default_delete<mg1604::MapManager,mg1604::MapManager>,std::allocator<mg1604::MapManager>>	a	a	0		undefined __on_zero_shared_weak(__shared_ptr_pointer<mg1604::MapManager*,std::shared_ptr<mg1604::MapManager>::__shared_ptr_default_delete<mg1604::MapManager,mg1604::MapManager>,std::allocator<mg1604::MapManager>> * this)
710001701c	20	FUN_710001701c		d	a	0		undefined FUN_710001701c(void)
7100017030	36	~__shared_ptr_pointer	std::__shared_ptr_pointer<mg1604::CharacterManager*,std::shared_ptr<mg1604::CharacterManager>::__shared_ptr_default_delete<mg1604::CharacterManager,mg1604::CharacterManager>,std::allocator<mg1604::CharacterManager>>	a	a	0		undefined ~__shared_ptr_pointer(__shared_ptr_pointer<mg1604::CharacterManager*,std::shared_ptr<mg1604::CharacterManager>::__shared_ptr_default_delete<mg1604::CharacterManager,mg1604::CharacterManager>,std::allocator<mg1604::CharacterManager>> * this)
7100017054	24	__on_zero_shared	std::__shared_ptr_pointer<mg1604::CharacterManager*,std::shared_ptr<mg1604::CharacterManager>::__shared_ptr_default_delete<mg1604::CharacterManager,mg1604::CharacterManager>,std::allocator<mg1604::CharacterManager>>	a	a	0		undefined __on_zero_shared(__shared_ptr_pointer<mg1604::CharacterManager*,std::shared_ptr<mg1604::CharacterManager>::__shared_ptr_default_delete<mg1604::CharacterManager,mg1604::CharacterManager>,std::allocator<mg1604::CharacterManager>> * this)
710001706c	4	__on_zero_shared_weak	std::__shared_ptr_pointer<mg1604::CharacterManager*,std::shared_ptr<mg1604::CharacterManager>::__shared_ptr_default_delete<mg1604::CharacterManager,mg1604::CharacterManager>,std::allocator<mg1604::CharacterManager>>	a	a	0		undefined __on_zero_shared_weak(__shared_ptr_pointer<mg1604::CharacterManager*,std::shared_ptr<mg1604::CharacterManager>::__shared_ptr_default_delete<mg1604::CharacterManager,mg1604::CharacterManager>,std::allocator<mg1604::CharacterManager>> * this)
7100017070	36	~__shared_ptr_pointer	std::__shared_ptr_pointer<mg1604::Camera*,std::shared_ptr<mg1604::Camera>::__shared_ptr_default_delete<mg1604::Camera,mg1604::Camera>,std::allocator<mg1604::Camera>>	a	a	0		undefined ~__shared_ptr_pointer(__shared_ptr_pointer<mg1604::Camera*,std::shared_ptr<mg1604::Camera>::__shared_ptr_default_delete<mg1604::Camera,mg1604::Camera>,std::allocator<mg1604::Camera>> * this)
7100017094	24	__on_zero_shared	std::__shared_ptr_pointer<mg1604::Camera*,std::shared_ptr<mg1604::Camera>::__shared_ptr_default_delete<mg1604::Camera,mg1604::Camera>,std::allocator<mg1604::Camera>>	a	a	0		undefined __on_zero_shared(__shared_ptr_pointer<mg1604::Camera*,std::shared_ptr<mg1604::Camera>::__shared_ptr_default_delete<mg1604::Camera,mg1604::Camera>,std::allocator<mg1604::Camera>> * this)
71000170ac	4	__on_zero_shared_weak	std::__shared_ptr_pointer<mg1604::Camera*,std::shared_ptr<mg1604::Camera>::__shared_ptr_default_delete<mg1604::Camera,mg1604::Camera>,std::allocator<mg1604::Camera>>	a	a	0		undefined __on_zero_shared_weak(__shared_ptr_pointer<mg1604::Camera*,std::shared_ptr<mg1604::Camera>::__shared_ptr_default_delete<mg1604::Camera,mg1604::Camera>,std::allocator<mg1604::Camera>> * this)
71000170b0	204	NotifyImpl<mg1604::SinpleEventObserver<mg1604::GameEventID>::NotifyEvent(mg1604::GameEventID)::{lambda(auto:1)#1}>	wl::IObservable<std::weak_ptr<mg1604::ISinpleEventSubject<mg1604::GameEventID>>>	a	a	0		void NotifyImpl<mg1604::SinpleEventObserver<mg1604::GameEventID>::NotifyEvent(mg1604::GameEventID)::{lambda(auto:1)#1}>(IObservable<std::weak_ptr<mg1604::ISinpleEventSubject<mg1604::GameEventID>>> * this, undefined4 * param_1)
7100017ea0	1068	MapManager	mg1604::MapManager	a	a	0		undefined MapManager(MapManager * this, undefined8 * param_1, long * param_2, long * param_3, undefined8 * param_4, undefined8 * param_5, undefined8 * param_6, undefined8 * param_7, undefined8 param_8)
71000182e4	8	OnGameStart	mg1604::MapManager	a	a	0		undefined OnGameStart(MapManager * this)
71000182ec	8	OnGameMain	mg1604::MapManager	a	a	0		undefined OnGameMain(MapManager * this)
71000182f4	8	OnGameFinish	mg1604::MapManager	a	a	0		undefined OnGameFinish(MapManager * this)
71000182fc	8	OnGameEnd	mg1604::MapManager	a	a	0		undefined OnGameEnd(MapManager * this)
7100018304	112	~MapManager	mg1604::MapManager	a	a	0		undefined ~MapManager(MapManager * this)
7100018374	108	~MapManager	mg1604::MapManager	a	a	0		undefined ~MapManager(MapManager * this)
71000183e0	112	~MapManager	mg1604::MapManager	a	a	0		undefined ~MapManager(MapManager * this)
7100018450	116	~MapManager	mg1604::MapManager	a	a	0		undefined ~MapManager(MapManager * this)
710001919c	276	Ball	mg1604::Ball	a	a	0		undefined Ball(Ball * this, undefined8 * param_1, float * param_2, undefined4 param_3)
71000192b0	792	SetRigidbody	mg1604::Ball	a	a	0		undefined SetRigidbody(Ball * this, float * param_1)
71000195d0	912	SetMaterial	mg1604::Ball	a	a	0		undefined SetMaterial(Ball * this, undefined4 param_1)
7100019970	468	AddComponent<mg1604::ComBallHit,,(void*)0>	nn::bezel::Entity	a	a	0		WeakHandle AddComponent<mg1604::ComBallHit,,(void*)0>(long * param_1, HandlePtr * param_2)
7100019b50	168	~Ball	mg1604::Ball	a	a	0		undefined ~Ball(Ball * this)
7100019bf8	36	~Ball	mg1604::Ball	a	a	0		undefined ~Ball(Ball * this)
7100019c1c	4184	CalcRot	mg1604::Ball	a	a	0		undefined CalcRot(Ball * this)
710001ac74	64	NeedChgHeavier	mg1604::Ball	a	a	0		bool NeedChgHeavier(Ball * this)
710001acb4	108	ChgHeavier	mg1604::Ball	a	a	0		undefined ChgHeavier(Ball * this)
710001ad20	36	ManagedOnGameStart	mg1604::Ball	a	a	0		undefined ManagedOnGameStart(Ball * this)
710001ad44	180	ManagedOnGameMain	mg1604::Ball	a	a	0		undefined ManagedOnGameMain(Ball * this)
710001adf8	180	ManagedOnGameFinish	mg1604::Ball	a	a	0		undefined ManagedOnGameFinish(Ball * this)
710001aeac	256	SafeCreate<mg1604::ComBallHit,(nn::bezel::MemoryUsage)57,nn::bezel::HandlePtr<nn::bezel::Entity>const&>	nn::bezel::ComponentUtil	a	a	0		WeakHandle SafeCreate<mg1604::ComBallHit,(nn::bezel::MemoryUsage)57,nn::bezel::HandlePtr<nn::bezel::Entity>const&>(long * param_1, ComponentUtil * this)
710001afb4	56	IsDerivedFrom	nn::bezel::detail::StaticTypeDesc<mg1604::ComBallHit,false,mg1604::BaseComponent>	a	a	0		bool IsDerivedFrom(undefined * param_1)
710001afec	12	GetBaseTypeDesc	nn::bezel::detail::StaticTypeDesc<mg1604::ComBallHit,false,mg1604::BaseComponent>	a	a	0		undefined * GetBaseTypeDesc(void)
710001aff8	20	GetNextBaseTypeDesc	nn::bezel::detail::StaticTypeDesc<mg1604::ComBallHit,false,mg1604::BaseComponent>	a	a	0		undefined * GetNextBaseTypeDesc(long param_1)
710001b00c	8	CastTo	nn::bezel::detail::StaticTypeDesc<mg1604::ComBallHit,false,mg1604::BaseComponent>	a	a	0		undefined8 CastTo(undefined8 param_1, undefined8 param_2)
710001b014	8	CastToConst	nn::bezel::detail::StaticTypeDesc<mg1604::ComBallHit,false,mg1604::BaseComponent>	a	a	0		undefined8 CastToConst(undefined8 param_1, undefined8 param_2)
710001bcec	180	ComBallHit	mg1604::ComBallHit	a	a	0		undefined ComBallHit(ComBallHit * this, long * param_1)
710001bda0	664	ReceiveMessageImpl	mg1604::ComBallHit	a	a	0		undefined ReceiveMessageImpl(undefined4 * param_1_00, long param_2, long param_3)
710001c03c	52	CalcLocalVariableFromVelocity	mg1604::ComBallHit	a	a	0		int CalcLocalVariableFromVelocity(float param_1, float param_2, ComBallHit * this)
710001c070	108	TickUpdate	mg1604::ComBallHit	a	a	0		undefined TickUpdate(ComBallHit * this)
710001c0dc	8	ReceiveMessageImpl	mg1604::ComBallHit	a	a	0		undefined ReceiveMessageImpl(undefined4 * param_1_00, ComBallHit * this, long param_3)
710001c0e4	12	ManagedOnGameStart	mg1604::ComBallHit	a	a	0		undefined ManagedOnGameStart(ComBallHit * this)
710001c0f0	12	NnDetailBezelGetTypeDesc	mg1604::ComBallHit	a	a	0		undefined * NnDetailBezelGetTypeDesc(void)
710001c0fc	4	NnDetailBezelGetThisPtr	mg1604::ComBallHit	a	a	0		undefined NnDetailBezelGetThisPtr(void)
710001c100	4	NnDetailBezelGetThisPtrConst	mg1604::ComBallHit	a	a	0		undefined NnDetailBezelGetThisPtrConst(void)
710001c110	208	~ComBallHit	mg1604::ComBallHit	a	a	0		undefined ~ComBallHit(ComBallHit * this)
710001c1e0	64	DestroyComponentImpl	mg1604::ComBallHit	a	a	0		undefined DestroyComponentImpl(ComBallHit * this)
710001c220	32	_internalGetTickMessageBitFlagSetImpl	mg1604::ComBallHit	a	a	0		uint _internalGetTickMessageBitFlagSetImpl(void)
710001c240	20	_internalGetComponentNameHashImpl	mg1604::ComBallHit	a	a	0		undefined8 _internalGetComponentNameHashImpl(void)
710001c254	8	_internalGetReceiveMessagePriorityImpl	mg1604::ComBallHit	a	a	0		undefined8 _internalGetReceiveMessagePriorityImpl(void)
710001c25c	4	Start	mg1604::BaseComponent	a	a	0		undefined Start(void)
710001c260	4	Update	mg1604::BaseComponent	a	a	0		undefined Update(void)
710001c264	4	OnDisabled	mg1604::BaseComponent	a	a	0		undefined OnDisabled(void)
710001c268	12	NnDetailBezelGetTypeDesc	mg1604::ComBallHit	a	a	0		undefined * NnDetailBezelGetTypeDesc(void)
710001c274	8	NnDetailBezelGetThisPtr	mg1604::ComBallHit	a	a	0		ComBallHit * NnDetailBezelGetThisPtr(ComBallHit * this)
710001c27c	8	NnDetailBezelGetThisPtrConst	mg1604::ComBallHit	a	a	0		ComBallHit * NnDetailBezelGetThisPtrConst(ComBallHit * this)
710001c290	208	~ComBallHit	mg1604::ComBallHit	a	a	0		undefined ~ComBallHit(ComBallHit * this)
710001c360	208	~ComBallHit	mg1604::ComBallHit	a	a	0		undefined ~ComBallHit(ComBallHit * this)
710001c430	20	IsDerivedFrom	nn::bezel::detail::StaticTypeDesc<nn::bezel::MessageParamCollisionEntered,true>	a	a	0		bool IsDerivedFrom(undefined * param_1)
710001c444	8	GetBaseTypeDesc	nn::bezel::detail::StaticTypeDesc<nn::bezel::MessageParamCollisionEntered,true>	a	a	0		undefined8 GetBaseTypeDesc(void)
710001c44c	8	GetNextBaseTypeDesc	nn::bezel::detail::StaticTypeDesc<nn::bezel::MessageParamCollisionEntered,true>	a	a	0		undefined8 GetNextBaseTypeDesc(void)
710001c454	8	CastTo	nn::bezel::detail::StaticTypeDesc<nn::bezel::MessageParamCollisionEntered,true>	a	a	0		undefined8 CastTo(undefined8 param_1, undefined8 param_2)
710001c45c	8	CastToConst	nn::bezel::detail::StaticTypeDesc<nn::bezel::MessageParamCollisionEntered,true>	a	a	0		undefined8 CastToConst(undefined8 param_1, undefined8 param_2)
710001d140	2304	Map	mg1604::Map	a	a	0		undefined Map(Map * this, undefined8 * param_1, long * param_2, undefined8 * param_3, undefined8 * param_4, undefined8 * param_5, undefined8 * param_6, undefined8 param_7)
710001da80	412	format<int>	wl	a	a	0		char * format<int>(long * param_1_00, wl * this, uint * param_3)
710001dc20	216	InitSetFunc	mg1604::FiberObject<mg1604::Map::FiberEnum>	a	a	0		undefined8 InitSetFunc(FiberObject<mg1604::Map::FiberEnum> * this, int param_1, long * param_2)
710001dd00	256	GetStartPos	mg1604::Map	a	a	0		undefined1[16] GetStartPos(long param_1, uint param_2)
710001de00	168	GetGoalPos	mg1604::Map	a	a	0		undefined1[16] GetGoalPos(long param_1)
710001deb0	60	ManagedOnGameStart	mg1604::Map	a	a	0		undefined ManagedOnGameStart(Map * this)
710001def0	60	ManagedOnGameMain	mg1604::Map	a	a	0		undefined ManagedOnGameMain(Map * this)
710001df30	60	ManagedOnGameFinish	mg1604::Map	a	a	0		undefined ManagedOnGameFinish(Map * this)
710001df6c	12	ManagedOnEnd	mg1604::Map	a	a	0		undefined ManagedOnEnd(Map * this)
710001df80	224	FiberStart	mg1604::FiberObject<mg1604::Map::FiberEnum>	a	a	0		undefined FiberStart(FiberObject<mg1604::Map::FiberEnum> * this, int param_1)
710001e070	224	~Map	mg1604::Map	a	a	0		undefined ~Map(Map * this)
710001e150	216	~Map	mg1604::Map	a	a	0		undefined ~Map(Map * this)
710001e228	20	FUN_710001e228		d	a	0		undefined FUN_710001e228(void)
710001e23c	84	~FiberObject	mg1604::FiberObject<mg1604::Map::FiberEnum>	a	a	0		undefined ~FiberObject(FiberObject<mg1604::Map::FiberEnum> * this)
710001e294	36	~FiberObject	mg1604::FiberObject<mg1604::Map::FiberEnum>	a	a	0		undefined ~FiberObject(FiberObject<mg1604::Map::FiberEnum> * this)
710001e2c0	272	Run	mg1604::FiberObject<mg1604::Map::FiberEnum>	a	a	0		undefined8 Run(FiberObject<mg1604::Map::FiberEnum> * this)
710001e414	36	~__shared_ptr_pointer	std::__shared_ptr_pointer<mg1604::Ball*,std::shared_ptr<mg1604::Ball>::__shared_ptr_default_delete<mg1604::Ball,mg1604::Ball>,std::allocator<mg1604::Ball>>	a	a	0		undefined ~__shared_ptr_pointer(__shared_ptr_pointer<mg1604::Ball*,std::shared_ptr<mg1604::Ball>::__shared_ptr_default_delete<mg1604::Ball,mg1604::Ball>,std::allocator<mg1604::Ball>> * this)
710001e438	24	__on_zero_shared	std::__shared_ptr_pointer<mg1604::Ball*,std::shared_ptr<mg1604::Ball>::__shared_ptr_default_delete<mg1604::Ball,mg1604::Ball>,std::allocator<mg1604::Ball>>	a	a	0		undefined __on_zero_shared(__shared_ptr_pointer<mg1604::Ball*,std::shared_ptr<mg1604::Ball>::__shared_ptr_default_delete<mg1604::Ball,mg1604::Ball>,std::allocator<mg1604::Ball>> * this)
710001e450	4	__on_zero_shared_weak	std::__shared_ptr_pointer<mg1604::Ball*,std::shared_ptr<mg1604::Ball>::__shared_ptr_default_delete<mg1604::Ball,mg1604::Ball>,std::allocator<mg1604::Ball>>	a	a	0		undefined __on_zero_shared_weak(__shared_ptr_pointer<mg1604::Ball*,std::shared_ptr<mg1604::Ball>::__shared_ptr_default_delete<mg1604::Ball,mg1604::Ball>,std::allocator<mg1604::Ball>> * this)
710001e460	344	__push_back_slow_path<std::shared_ptr<mg1604::Ball>>	std::vector<std::shared_ptr<mg1604::Ball>,std::allocator<std::shared_ptr<mg1604::Ball>>>	a	a	0		void __push_back_slow_path<std::shared_ptr<mg1604::Ball>>(vector<std::shared_ptr<mg1604::Ball>,std::allocator<std::shared_ptr<mg1604::Ball>>> * this, undefined8 * param_1)
710001e5b8	52	FUN_710001e5b8		d	a	0		undefined FUN_710001e5b8(long param_1)
710001e604	4	FUN_710001e604		d	a	0		undefined FUN_710001e604(void)
710001e608	4	operator.delete	<EXTERNAL>	d	a	1		void operator.delete(void * param_1)
710001e780	164	FiberStop	mg1604::FiberObject<mg1604::Map::FiberEnum>	a	a	0		undefined FiberStop(FiberObject<mg1604::Map::FiberEnum> * this)
710001f4fc	220	getStaticTypeinfo	mg1604::Scene::Params	a	a	0		undefined * getStaticTypeinfo(void)
710001f5d8	1068	getPropertyList	mg1604::Scene::Params	a	a	0		undefined * getPropertyList(void)
710001fa04	140	createInstance	mg1604::Scene::Params	a	a	0		undefined createInstance(void)
710001fa90	20	deleteInstance	mg1604::Scene::Params	a	a	0		undefined deleteInstance(long * param_1)
710001faa4	4	checkGuiProperty	rtti::Class	a	a	0		undefined checkGuiProperty(void * param_1, Property * param_2, PropertyList * param_3)
710001faa8	4	createGuiProperty	rtti::Class	a	a	0		undefined createGuiProperty(void * param_1, Property * param_2, Typeinfo * param_3, uint param_4)
710001faac	68	DummySymbolLink	mg1604::Scene	a	a	0		undefined DummySymbolLink(ulong param_1)
710001faf4	220	getStaticTypeinfo	mg1604::Scene	a	a	0		undefined * getStaticTypeinfo(void)
710001fbd0	96	getPropertyList	mg1604::Scene	a	a	0		undefined8 getPropertyList(void)
710001fc30	44	createInstance	mg1604::Scene	a	a	0		Scene * createInstance(void)
710001fc5c	44	deleteInstance	mg1604::Scene	a	a	0		undefined deleteInstance(Scene * param_1)
710001fc88	96	Scene	mg1604::Scene	a	a	0		undefined Scene(Scene * this)
710001fcf0	208	~Scene	mg1604::Scene	a	a	0		undefined ~Scene(Scene * this)
710001fdc0	8	~Scene	mg1604::Scene	a	a	0		undefined ~Scene(Scene * this)
710001fdc8	36	~Scene	mg1604::Scene	a	a	0		undefined ~Scene(Scene * this)
710001fdec	40	~Scene	mg1604::Scene	a	a	0		undefined ~Scene(Scene * this)
710001fe14	56	SetupGameImpl	mg1604::Scene	a	a	0		undefined SetupGameImpl(Scene * this)
710001fe50	580	SyncedSetupGameImpl	mg1604::Scene	a	a	0		undefined SyncedSetupGameImpl(Scene * this)
71000200c0	96	_Observed	mg1604::Scene	a	a	0		undefined _Observed(Scene * this, undefined8 * param_1)
7100020124	48	OnCharaGameDemoStartImpl	mg1604::Scene	a	a	0		undefined8 OnCharaGameDemoStartImpl(Scene * this)
7100020154	48	OnCharaGameDemoImpl	mg1604::Scene	a	a	0		undefined8 OnCharaGameDemoImpl(Scene * this)
7100020184	44	OnCharaGameDemoSkipStartImpl	mg1604::Scene	a	a	0		undefined OnCharaGameDemoSkipStartImpl(Scene * this)
71000201b0	44	OnCharaGameDemoSkipEndImpl	mg1604::Scene	a	a	0		undefined OnCharaGameDemoSkipEndImpl(Scene * this)
71000201dc	48	OnCharaGameDemoEndImpl	mg1604::Scene	a	a	0		undefined8 OnCharaGameDemoEndImpl(Scene * this)
710002020c	56	OnGameInitImpl	mg1604::Scene	a	a	0		undefined8 OnGameInitImpl(Scene * this)
7100020244	48	OnGameInstInitImpl	mg1604::Scene	a	a	0		undefined8 OnGameInstInitImpl(Scene * this)
7100020274	48	OnGameFirstFadeImpl	mg1604::Scene	a	a	0		undefined8 OnGameFirstFadeImpl(Scene * this)
71000202a4	96	OnGameOpeningImpl	mg1604::Scene	a	a	0		bool OnGameOpeningImpl(Scene * this)
7100020304	48	OnGameOpeningSkipImpl	mg1604::Scene	a	a	0		undefined8 OnGameOpeningSkipImpl(Scene * this)
7100020334	80	OnGameStartBeforeImpl	mg1604::Scene	a	a	0		undefined8 OnGameStartBeforeImpl(Scene * this)
7100020384	48	OnGameStartImpl	mg1604::Scene	a	a	0		undefined8 OnGameStartImpl(Scene * this)
71000203b4	48	OnGameStartAfterImpl	mg1604::Scene	a	a	0		undefined8 OnGameStartAfterImpl(Scene * this)
71000203e4	60	OnGameMainImpl	mg1604::Scene	a	a	0		uint OnGameMainImpl(Scene * this)
7100020420	44	OnThreeMinTimerEndImpl	mg1604::Scene	a	a	0		undefined OnThreeMinTimerEndImpl(Scene * this)
710002044c	48	OnGameEndImpl	mg1604::Scene	a	a	0		undefined8 OnGameEndImpl(Scene * this)
710002047c	48	OnGameFinishImpl	mg1604::Scene	a	a	0		undefined8 OnGameFinishImpl(Scene * this)
71000204ac	48	OnGameFinishAfter	mg1604::Scene	a	a	0		undefined8 OnGameFinishAfter(Scene * this)
71000204dc	48	OnGameEndingFadeImpl	mg1604::Scene	a	a	0		undefined8 OnGameEndingFadeImpl(Scene * this)
710002050c	48	OnGameEndingChangeCutImpl	mg1604::Scene	a	a	0		undefined8 OnGameEndingChangeCutImpl(Scene * this)
710002053c	48	OnGameEndingBeforeImpl	mg1604::Scene	a	a	0		undefined8 OnGameEndingBeforeImpl(Scene * this)
710002056c	60	OnGameEndingImpl	mg1604::Scene	a	a	0		bool OnGameEndingImpl(Scene * this)
71000205a8	48	OnGameEndingAfterImpl	mg1604::Scene	a	a	0		undefined8 OnGameEndingAfterImpl(Scene * this)
71000205d8	48	OnGameEndingSkipImpl	mg1604::Scene	a	a	0		undefined8 OnGameEndingSkipImpl(Scene * this)
7100020608	48	OnGameLastFadeImpl	mg1604::Scene	a	a	0		undefined8 OnGameLastFadeImpl(Scene * this)
7100020638	48	OnGameExitImpl	mg1604::Scene	a	a	0		undefined8 OnGameExitImpl(Scene * this)
7100020668	88	OnEndingInitImpl	mg1604::Scene	a	a	0		undefined8 OnEndingInitImpl(Scene * this, long * param_1)
71000206c0	44	CleanupGameImpl	mg1604::Scene	a	a	0		undefined CleanupGameImpl(Scene * this)
71000206ec	84	_CreateSceneEntity	mg1604::Scene	a	a	0		undefined _CreateSceneEntity(Scene * this, char * param_1)
7100020740	4	_GetParams	mg1604::Scene	a	a	0		undefined _GetParams(void)
7100020744	220	getInstanceTypeinfo	mg1604::Scene	a	a	0		undefined * getInstanceTypeinfo(void)
7100020820	16	GetSymbol	mg1604::Scene	a	a	0		undefined8 GetSymbol(void)
7100020830	8	GetTickElapsed	bex::SceneBase	a	a	0		undefined8 GetTickElapsed(void)
7100020838	28	GetHandle	bex::SceneBase	a	a	0		undefined GetHandle(undefined8 * param_1, long param_2)
7100020854	4	OnCleanupProcessing	bex::GameScene	a	a	0		undefined OnCleanupProcessing(void)
7100020858	4	OnSyncEnd	bex::NetworkGameScene	a	a	0		undefined OnSyncEnd(void)
710002085c	4	OnGameSequenceBefore	bq::MinigameScene	a	a	0		undefined OnGameSequenceBefore(void)
7100020860	4	OnGameSequenceAfter	bq::MinigameScene	a	a	0		undefined OnGameSequenceAfter(void)
7100020864	4	OnEndingInit_SetupImpl	wl::IMinigameScene	a	a	0		undefined OnEndingInit_SetupImpl(void)
7100020868	8	OnGameStartTelopBeforeImpl	wl::IMinigameScene	a	a	0		undefined8 OnGameStartTelopBeforeImpl(void)
7100020870	4	Notify	wl::IMinigameScene	a	a	0		undefined Notify(void)
7100020874	4	~Params	mg1604::Scene::Params	a	a	0		undefined ~Params(Params * this)
7100020878	220	getInstanceTypeinfo	mg1604::Scene::Params	a	a	0		undefined * getInstanceTypeinfo(void)
7100020954	16	GetSymbol	mg1604::Scene::Params	a	a	0		undefined8 GetSymbol(void)
7100020964	4	~Class	rtti::Class	a	a	0		undefined ~Class(void)
7100020968	64	destroy	std::__tree<std::__value_type<wl::eSceneEventID,int>,std::__map_value_compare<wl::eSceneEventID,std::__value_type<wl::eSceneEventID,int>,std::less<wl::eSceneEventID>,true>,bex::HeapModule::Allocator_map<std::__value_type<wl::eSceneEventID,int>>>	a	a	0		undefined destroy(__tree<std::__value_type<wl::eSceneEventID,int>,std::__map_value_compare<wl::eSceneEventID,std::__value_type<wl::eSceneEventID,int>,std::less<wl::eSceneEventID>,true>,bex::HeapModule::Allocator_map<std::__value_type<wl::eSceneEventID,int>>> * this, undefined8 * param_1)
71000209b0	204	NotifyImpl<mg1604::SinpleEventObserver<mg1604::SceneEventID>::NotifyEvent(mg1604::SceneEventID)::{lambda(auto:1)#1}>	wl::IObservable<std::weak_ptr<mg1604::ISinpleEventSubject<mg1604::SceneEventID>>>	a	a	0		void NotifyImpl<mg1604::SinpleEventObserver<mg1604::SceneEventID>::NotifyEvent(mg1604::SceneEventID)::{lambda(auto:1)#1}>(IObservable<std::weak_ptr<mg1604::ISinpleEventSubject<mg1604::SceneEventID>>> * this, undefined4 * param_1)
7100020acc	36	~__shared_ptr_pointer	std::__shared_ptr_pointer<mg1604::GameManager*,std::shared_ptr<mg1604::GameManager>::__shared_ptr_default_delete<mg1604::GameManager,mg1604::GameManager>,std::allocator<mg1604::GameManager>>	a	a	0		undefined ~__shared_ptr_pointer(__shared_ptr_pointer<mg1604::GameManager*,std::shared_ptr<mg1604::GameManager>::__shared_ptr_default_delete<mg1604::GameManager,mg1604::GameManager>,std::allocator<mg1604::GameManager>> * this)
7100020af0	24	__on_zero_shared	std::__shared_ptr_pointer<mg1604::GameManager*,std::shared_ptr<mg1604::GameManager>::__shared_ptr_default_delete<mg1604::GameManager,mg1604::GameManager>,std::allocator<mg1604::GameManager>>	a	a	0		undefined __on_zero_shared(__shared_ptr_pointer<mg1604::GameManager*,std::shared_ptr<mg1604::GameManager>::__shared_ptr_default_delete<mg1604::GameManager,mg1604::GameManager>,std::allocator<mg1604::GameManager>> * this)
7100020b08	4	__on_zero_shared_weak	std::__shared_ptr_pointer<mg1604::GameManager*,std::shared_ptr<mg1604::GameManager>::__shared_ptr_default_delete<mg1604::GameManager,mg1604::GameManager>,std::allocator<mg1604::GameManager>>	a	a	0		undefined __on_zero_shared_weak(__shared_ptr_pointer<mg1604::GameManager*,std::shared_ptr<mg1604::GameManager>::__shared_ptr_default_delete<mg1604::GameManager,mg1604::GameManager>,std::allocator<mg1604::GameManager>> * this)
7100020b10	340	__push_back_slow_path<std::weak_ptr<mg1604::ISinpleEventSubject<mg1604::SceneEventID>>const&>	std::vector<std::weak_ptr<mg1604::ISinpleEventSubject<mg1604::SceneEventID>>,bex::HeapModule::Allocator_vector<std::weak_ptr<mg1604::ISinpleEventSubject<mg1604::SceneEventID>>>>	a	a	0		void __push_back_slow_path<std::weak_ptr<mg1604::ISinpleEventSubject<mg1604::SceneEventID>>const&>(vector<std::weak_ptr<mg1604::ISinpleEventSubject<mg1604::SceneEventID>>,bex::HeapModule::Allocator_vector<std::weak_ptr<mg1604::ISinpleEventSubject<mg1604::SceneEventID>>>> * this, undefined8 * param_1)
7100020c6c	20	FUN_7100020c6c		d	a	0		undefined FUN_7100020c6c(void)
7100020c80	3092	FUN_7100020c80		d	a	0		undefined FUN_7100020c80(void)
7100021a80	1188	Camera	mg1604::Camera	a	a	0		undefined Camera(Camera * this, long * param_1, undefined8 * param_2)
7100021f30	156	UpdatePos	mg1604::Camera	a	a	0		undefined UpdatePos(Camera * this)
7100021fcc	364	UpdateRot	mg1604::Camera	a	a	0		undefined UpdateRot(Camera * this)
7100022138	4	OnGameOpeningStart	mg1604::Camera	a	a	0		undefined OnGameOpeningStart(void)
710002213c	556	OnGameOpeningSkip	mg1604::Camera	a	a	0		undefined OnGameOpeningSkip(Camera * this)
7100022368	492	OnGameMain	mg1604::Camera	a	a	0		undefined OnGameMain(Camera * this)
7100022560	384	GetNearGoalPCPos	mg1604::Camera	a	a	0		undefined1[16] GetNearGoalPCPos(Camera * this)
71000226e0	236	GetDirPlayersDist	mg1604::Camera	a	a	0		float GetDirPlayersDist(Camera * this)
71000227cc	68	GetDirNearGoalToPlayerDist	mg1604::Camera	a	a	0		undefined GetDirNearGoalToPlayerDist(Camera * this)
7100022810	108	~Camera	mg1604::Camera	a	a	0		undefined ~Camera(Camera * this)
710002287c	104	~Camera	mg1604::Camera	a	a	0		undefined ~Camera(Camera * this)
71000228e4	108	~Camera	mg1604::Camera	a	a	0		undefined ~Camera(Camera * this)
7100022950	112	~Camera	mg1604::Camera	a	a	0		undefined ~Camera(Camera * this)
71000229c0	2796	FUN_71000229c0		d	a	0		undefined FUN_71000229c0(void)
7100023690	4084	Factory	mg1604::Factory	a	a	0		undefined Factory(Factory * this)
71000246e0	468	AddComponent<bq::ComMatter,char_const(&)[33],(void*)0>	nn::bezel::Entity	a	a	0		WeakHandle AddComponent<bq::ComMatter,char_const(&)[33],(void*)0>(long * param_1_00, HandlePtr * param_2, char * param_3)
71000248c0	468	AddComponent<bq::ComMatter,char_const(&)[38],(void*)0>	nn::bezel::Entity	a	a	0		WeakHandle AddComponent<bq::ComMatter,char_const(&)[38],(void*)0>(long * param_1_00, HandlePtr * param_2, char * param_3)
7100024aa0	468	AddComponent<bq::ComMatter,char_const(&)[40],(void*)0>	nn::bezel::Entity	a	a	0		WeakHandle AddComponent<bq::ComMatter,char_const(&)[40],(void*)0>(long * param_1_00, HandlePtr * param_2, char * param_3)
7100024c80	468	AddComponent<bq::ComMatter,bq::MatterType,(void*)0>	nn::bezel::Entity	a	a	0		WeakHandle AddComponent<bq::ComMatter,bq::MatterType,(void*)0>(long * param_1_00, HandlePtr * param_2, undefined4 * param_3)
7100024e60	468	AddComponent<bq::ComMatter,char_const(&)[36],(void*)0>	nn::bezel::Entity	a	a	0		WeakHandle AddComponent<bq::ComMatter,char_const(&)[36],(void*)0>(long * param_1_00, HandlePtr * param_2, char * param_3)
7100025040	468	AddComponent<bq::ComMatter,char_const(&)[30],(void*)0>	nn::bezel::Entity	a	a	0		WeakHandle AddComponent<bq::ComMatter,char_const(&)[30],(void*)0>(long * param_1_00, HandlePtr * param_2, char * param_3)
7100025220	468	AddComponent<bq::ComMatter,char_const(&)[37],(void*)0>	nn::bezel::Entity	a	a	0		WeakHandle AddComponent<bq::ComMatter,char_const(&)[37],(void*)0>(long * param_1_00, HandlePtr * param_2, char * param_3)
7100025400	468	AddComponent<bq::ComMatter,char_const(&)[31],(void*)0>	nn::bezel::Entity	a	a	0		WeakHandle AddComponent<bq::ComMatter,char_const(&)[31],(void*)0>(long * param_1_00, HandlePtr * param_2, char * param_3)
71000255e0	468	AddComponent<bq::ComMatter,char_const(&)[39],(void*)0>	nn::bezel::Entity	a	a	0		WeakHandle AddComponent<bq::ComMatter,char_const(&)[39],(void*)0>(long * param_1_00, HandlePtr * param_2, char * param_3)
71000257c0	468	AddComponent<bq::ComMatter,bex::PlayerID,bq::MatterType,(void*)0>	nn::bezel::Entity	a	a	0		WeakHandle AddComponent<bq::ComMatter,bex::PlayerID,bq::MatterType,(void*)0>(long * param_1_00, HandlePtr * param_2, undefined4 * param_3, undefined4 * param_4)
71000259a0	412	~Factory	mg1604::Factory	a	a	0		undefined ~Factory(Factory * this)
7100025b50	88	GetSinpleEntity	mg1604::Factory	a	a	0		undefined GetSinpleEntity(long * param_1, long param_2, int param_3)
7100025bb0	256	GetGroupEntity	mg1604::Factory	a	a	0		undefined GetGroupEntity(undefined8 * param_1, long param_2, int param_3)
7100025cc0	776	StartHook	mg1604::Factory	a	a	0		undefined StartHook(undefined8 param_1_00, long * param_2, undefined8 * param_3, byte * param_4)
7100025fd8	64	destroy	std::__tree<std::__value_type<mg1604::FactoryEntName,nn::bezel::WeakHandle<nn::bezel::Entity>>,std::__map_value_compare<mg1604::FactoryEntName,std::__value_type<mg1604::FactoryEntName,nn::bezel::WeakHandle<nn::bezel::Entity>>,std::less<mg1604::FactoryEntName>,true>,std::allocator<std::__value_type<mg1604::FactoryEntName,nn::bezel::WeakHandle<nn::bezel::Entity>>>>	a	a	0		undefined destroy(__tree<std::__value_type<mg1604::FactoryEntName,nn::bezel::WeakHandle<nn::bezel::Entity>>,std::__map_value_compare<mg1604::FactoryEntName,std::__value_type<mg1604::FactoryEntName,nn::bezel::WeakHandle<nn::bezel::Entity>>,std::less<mg1604::FactoryEntName>,true>,std::allocator<std::__value_type<mg1604::FactoryEntName,nn::bezel::WeakHandle<nn::bezel::Entity>>>> * this, undefined8 * param_1)
7100026018	80	destroy	std::__tree<std::__value_type<mg1604::FactoryGroupEntName,std::vector<nn::bezel::WeakHandle<nn::bezel::Entity>,std::allocator<nn::bezel::WeakHandle<nn::bezel::Entity>>>>,std::__map_value_compare<mg1604::FactoryGroupEntName,std::__value_type<mg1604::FactoryGroupEntName,std::vector<nn::bezel::WeakHandle<nn::bezel::Entity>,std::allocator<nn::bezel::WeakHandle<nn::bezel::Entity>>>>,std::less<mg1604::FactoryGroupEntName>,true>,std::allocator<std::__value_type<mg1604::FactoryGroupEntName,std::vector<nn::bezel::WeakHandle<nn::bezel::Entity>,std::allocator<nn::bezel::WeakHandle<nn::bezel::Entity>>>>>>	a	a	0		undefined destroy(__tree<std::__value_type<mg1604::FactoryGroupEntName,std::vector<nn::bezel::WeakHandle<nn::bezel::Entity>,std::allocator<nn::bezel::WeakHandle<nn::bezel::Entity>>>>,std::__map_value_compare<mg1604::FactoryGroupEntName,std::__value_type<mg1604::FactoryGroupEntName,std::vector<nn::bezel::WeakHandle<nn::bezel::Entity>,std::allocator<nn::bezel::WeakHandle<nn::bezel::Entity>>>>,std::less<mg1604::FactoryGroupEntName>,true>,std::allocator<std::__value_type<mg1604::FactoryGroupEntName,std::vector<nn::bezel::WeakHandle<nn::bezel::Entity>,std::allocator<nn::bezel::WeakHandle<nn::bezel::Entity>>>>>> * this, undefined8 * param_1)
7100026068	384	SafeCreate<bq::ComMatter,nn::bezel::HandlePtr<nn::bezel::Entity>const&,char_const(&)[33]>	bex::ComponentUtil	a	a	0		WeakHandle SafeCreate<bq::ComMatter,nn::bezel::HandlePtr<nn::bezel::Entity>const&,char_const(&)[33]>(long * param_1_00, ComponentUtil * this, char * param_3)
71000261f8	384	SafeCreate<bq::ComMatter,nn::bezel::HandlePtr<nn::bezel::Entity>const&,char_const(&)[38]>	bex::ComponentUtil	a	a	0		WeakHandle SafeCreate<bq::ComMatter,nn::bezel::HandlePtr<nn::bezel::Entity>const&,char_const(&)[38]>(long * param_1_00, ComponentUtil * this, char * param_3)
7100026388	384	SafeCreate<bq::ComMatter,nn::bezel::HandlePtr<nn::bezel::Entity>const&,char_const(&)[40]>	bex::ComponentUtil	a	a	0		WeakHandle SafeCreate<bq::ComMatter,nn::bezel::HandlePtr<nn::bezel::Entity>const&,char_const(&)[40]>(long * param_1_00, ComponentUtil * this, char * param_3)
7100026518	372	SafeCreate<bq::ComMatter,nn::bezel::HandlePtr<nn::bezel::Entity>const&,bq::MatterType>	bex::ComponentUtil	a	a	0		WeakHandle SafeCreate<bq::ComMatter,nn::bezel::HandlePtr<nn::bezel::Entity>const&,bq::MatterType>(long * param_1_00, ComponentUtil * this, undefined4 * param_3)
710002669c	32	IsDerivedFrom	nn::bezel::detail::StaticTypeDesc<nn::bezel::ComCamera,false,nn::bezel::Component>	a	a	0		bool IsDerivedFrom(undefined * param_1)
71000266bc	12	GetBaseTypeDesc	nn::bezel::detail::StaticTypeDesc<nn::bezel::ComCamera,false,nn::bezel::Component>	a	a	0		undefined * GetBaseTypeDesc(void)
71000266c8	20	GetNextBaseTypeDesc	nn::bezel::detail::StaticTypeDesc<nn::bezel::ComCamera,false,nn::bezel::Component>	a	a	0		undefined * GetNextBaseTypeDesc(long param_1)
71000266dc	8	CastTo	nn::bezel::detail::StaticTypeDesc<nn::bezel::ComCamera,false,nn::bezel::Component>	a	a	0		undefined8 CastTo(undefined8 param_1, undefined8 param_2)
71000266e4	8	CastToConst	nn::bezel::detail::StaticTypeDesc<nn::bezel::ComCamera,false,nn::bezel::Component>	a	a	0		undefined8 CastToConst(undefined8 param_1, undefined8 param_2)
71000266ec	384	SafeCreate<bq::ComMatter,nn::bezel::HandlePtr<nn::bezel::Entity>const&,char_const(&)[36]>	bex::ComponentUtil	a	a	0		WeakHandle SafeCreate<bq::ComMatter,nn::bezel::HandlePtr<nn::bezel::Entity>const&,char_const(&)[36]>(long * param_1_00, ComponentUtil * this, char * param_3)
710002687c	384	SafeCreate<bq::ComMatter,nn::bezel::HandlePtr<nn::bezel::Entity>const&,char_const(&)[30]>	bex::ComponentUtil	a	a	0		WeakHandle SafeCreate<bq::ComMatter,nn::bezel::HandlePtr<nn::bezel::Entity>const&,char_const(&)[30]>(long * param_1_00, ComponentUtil * this, char * param_3)
7100026a0c	384	SafeCreate<bq::ComMatter,nn::bezel::HandlePtr<nn::bezel::Entity>const&,char_const(&)[37]>	bex::ComponentUtil	a	a	0		WeakHandle SafeCreate<bq::ComMatter,nn::bezel::HandlePtr<nn::bezel::Entity>const&,char_const(&)[37]>(long * param_1_00, ComponentUtil * this, char * param_3)
7100026b9c	384	SafeCreate<bq::ComMatter,nn::bezel::HandlePtr<nn::bezel::Entity>const&,char_const(&)[31]>	bex::ComponentUtil	a	a	0		WeakHandle SafeCreate<bq::ComMatter,nn::bezel::HandlePtr<nn::bezel::Entity>const&,char_const(&)[31]>(long * param_1_00, ComponentUtil * this, char * param_3)
7100026d2c	384	SafeCreate<bq::ComMatter,nn::bezel::HandlePtr<nn::bezel::Entity>const&,char_const(&)[39]>	bex::ComponentUtil	a	a	0		WeakHandle SafeCreate<bq::ComMatter,nn::bezel::HandlePtr<nn::bezel::Entity>const&,char_const(&)[39]>(long * param_1_00, ComponentUtil * this, char * param_3)
7100026ebc	20	FUN_7100026ebc		d	a	0		undefined FUN_7100026ebc(void)
7100026ed0	384	SafeCreate<bq::ComMatter,nn::bezel::HandlePtr<nn::bezel::Entity>const&,bex::PlayerID,bq::MatterType>	bex::ComponentUtil	a	a	0		WeakHandle SafeCreate<bq::ComMatter,nn::bezel::HandlePtr<nn::bezel::Entity>const&,bex::PlayerID,bq::MatterType>(long * param_1_00, ComponentUtil * this, undefined4 * param_3, undefined4 * param_4)
7100027d30	2776	GameJudge	mg1604::GameJudge	a	a	0		undefined GameJudge(undefined4 param_1, GameJudge * this)
7100028870	328	make_shared<mg1604::GameParam,std::shared_ptr<mg1604::GameParamStruct>&,bool&,char_const(&)[31]>	wl	a	a	0		shared_ptr make_shared<mg1604::GameParam,std::shared_ptr<mg1604::GameParamStruct>&,bool&,char_const(&)[31]>(undefined8 * param_1_00, wl * this, char * param_3, char * param_4)
71000289cc	12	SetPlayerPos	mg1604::GameJudge	a	a	0		undefined SetPlayerPos(undefined4 param_1, undefined4 param_2, long param_3)
71000289d8	160	IsGameEnd	mg1604::GameJudge	a	a	0		undefined8 IsGameEnd(GameJudge * this)
7100028a78	452	SetMinigameResult	mg1604::GameJudge	a	a	0		undefined SetMinigameResult(GameJudge * this, long * param_1, uint param_2)
7100028c40	36	GetGameParam	mg1604::GameJudge	a	a	0		undefined GetGameParam(undefined8 * param_1, long param_2)
7100028c64	12	GetWinnerID	mg1604::GameJudge	a	a	0		undefined GetWinnerID(undefined4 * param_1, long param_2)
7100028c70	408	ArrToVec<int,mg1604::ParamInt>	mg1604::GameJudge	a	a	0		vector ArrToVec<int,mg1604::ParamInt>(long * param_1, undefined8 param_2, long param_3, int param_4)
7100028e20	408	ArrToVec<float,mg1604::ParamFloat>	mg1604::GameJudge	a	a	0		vector ArrToVec<float,mg1604::ParamFloat>(long * param_1, undefined8 param_2, long param_3, int param_4)
7100028fd0	388	ArrToVec<std::basic_string<char,std::char_traits<char>,bex::HeapModule::Allocator_string<char>>,mg1604::ParamString>	mg1604::GameJudge	a	a	0		vector ArrToVec<std::basic_string<char,std::char_traits<char>,bex::HeapModule::Allocator_string<char>>,mg1604::ParamString>(vector<std::basic_string<char,std::char_traits<char>,bex::HeapModule::Allocator_string<char>>,std::allocator<std::basic_string<char,std::char_traits<char>,bex::HeapModule::Allocator_string<char>>>> * param_1, undefined8 param_2, byte * param_3, int param_4)
7100029160	296	ArrToVec<bool,mg1604::ParamBool>	mg1604::GameJudge	a	a	0		vector ArrToVec<bool,mg1604::ParamBool>(long * param_1, undefined8 param_2, char * param_3, int param_4)
71000292a0	408	ArrToVec<nn::util::Vector2f,mg1604::ParamVector2>	mg1604::GameJudge	a	a	0		vector ArrToVec<nn::util::Vector2f,mg1604::ParamVector2>(long * param_1, undefined8 param_2, long param_3, int param_4)
7100029450	432	ArrToVec<nn::util::Vector3f,mg1604::ParamVector3>	mg1604::GameJudge	a	a	0		vector ArrToVec<nn::util::Vector3f,mg1604::ParamVector3>(undefined8 * param_1, undefined8 param_2, long param_3, int param_4)
7100029610	432	ArrToVec<nn::util::Vector4f,mg1604::ParamVector4>	mg1604::GameJudge	a	a	0		vector ArrToVec<nn::util::Vector4f,mg1604::ParamVector4>(undefined8 * param_1, undefined8 param_2, long param_3, int param_4)
71000297d0	824	Arr2ToVec2<int,mg1604::ParamInt>	mg1604::GameJudge	a	a	0		vector Arr2ToVec2<int,mg1604::ParamInt>(vector<std::vector<int,std::allocator<int>>,std::allocator<std::vector<int,std::allocator<int>>>> * param_1, undefined8 param_2, long param_3, int param_4)
7100029b50	832	Arr2ToVec2<float,mg1604::ParamFloat>	mg1604::GameJudge	a	a	0		vector Arr2ToVec2<float,mg1604::ParamFloat>(vector<std::vector<float,std::allocator<float>>,std::allocator<std::vector<float,std::allocator<float>>>> * param_1, undefined8 param_2, long param_3, int param_4)
7100029ee0	936	Arr2ToVec2<std::basic_string<char,std::char_traits<char>,bex::HeapModule::Allocator_string<char>>,mg1604::ParamString>	mg1604::GameJudge	a	a	0		vector Arr2ToVec2<std::basic_string<char,std::char_traits<char>,bex::HeapModule::Allocator_string<char>>,mg1604::ParamString>(vector<std::vector<std::basic_string<char,std::char_traits<char>,bex::HeapModule::Allocator_string<char>>,std::allocator<std::basic_string<char,std::char_traits<char>,bex::HeapModule::Allocator_string<char>>>>,std::allocator<std::vector<std::basic_string<char,std::char_traits<char>,bex::HeapModule::Allocator_string<char>>,std::allocator<std::basic_string<char,std::char_traits<char>,bex::HeapModule::Allocator_string<char>>>>>> * param_1, undefined8 param_2, ulong * param_3, int param_4)
710002a2e0	892	Arr2ToVec2<bool,mg1604::ParamBool>	mg1604::GameJudge	a	a	0		vector Arr2ToVec2<bool,mg1604::ParamBool>(vector<std::vector<bool,std::allocator<bool>>,std::allocator<std::vector<bool,std::allocator<bool>>>> * param_1, undefined8 param_2, char * param_3, int param_4)
710002a690	824	Arr2ToVec2<nn::util::Vector2f,mg1604::ParamVector2>	mg1604::GameJudge	a	a	0		vector Arr2ToVec2<nn::util::Vector2f,mg1604::ParamVector2>(vector<std::vector<nn::util::Vector2f,std::allocator<nn::util::Vector2f>>,std::allocator<std::vector<nn::util::Vector2f,std::allocator<nn::util::Vector2f>>>> * param_1, undefined8 param_2, long param_3, int param_4)
710002aa10	840	Arr2ToVec2<nn::util::Vector3f,mg1604::ParamVector3>	mg1604::GameJudge	a	a	0		vector Arr2ToVec2<nn::util::Vector3f,mg1604::ParamVector3>(vector<std::vector<nn::util::Vector3f,std::allocator<nn::util::Vector3f>>,std::allocator<std::vector<nn::util::Vector3f,std::allocator<nn::util::Vector3f>>>> * param_1, undefined8 param_2, long param_3, int param_4)
710002ada0	840	Arr2ToVec2<nn::util::Vector4f,mg1604::ParamVector4>	mg1604::GameJudge	a	a	0		vector Arr2ToVec2<nn::util::Vector4f,mg1604::ParamVector4>(vector<std::vector<nn::util::Vector4f,std::allocator<nn::util::Vector4f>>,std::allocator<std::vector<nn::util::Vector4f,std::allocator<nn::util::Vector4f>>>> * param_1, undefined8 param_2, long param_3, int param_4)
710002b130	112	~GameJudge	mg1604::GameJudge	a	a	0		undefined ~GameJudge(GameJudge * this)
710002b1a0	124	~GameJudge	mg1604::GameJudge	a	a	0		undefined ~GameJudge(GameJudge * this)
710002b21c	376	GameParamStruct	mg1604::GameParamStruct	a	a	0		undefined GameParamStruct(GameParamStruct * this)
710002b3a0	216	FUN_710002b3a0		d	a	0		undefined FUN_710002b3a0(__tree<std::__value_type<mg1604::ParamInt,int>,std::__map_value_compare<mg1604::ParamInt,std::__value_type<mg1604::ParamInt,int>,std::less<mg1604::ParamInt>,true>,std::allocator<std::__value_type<mg1604::ParamInt,int>>> * param_1, int * param_2, long param_3)
710002b490	216	FUN_710002b490		d	a	0		undefined FUN_710002b490(__tree<std::__value_type<mg1604::ParamFloat,float>,std::__map_value_compare<mg1604::ParamFloat,std::__value_type<mg1604::ParamFloat,float>,std::less<mg1604::ParamFloat>,true>,std::allocator<std::__value_type<mg1604::ParamFloat,float>>> * param_1, int * param_2, long param_3)
710002b580	216	FUN_710002b580		d	a	0		undefined FUN_710002b580(__tree<std::__value_type<mg1604::ParamBool,bool>,std::__map_value_compare<mg1604::ParamBool,std::__value_type<mg1604::ParamBool,bool>,std::less<mg1604::ParamBool>,true>,std::allocator<std::__value_type<mg1604::ParamBool,bool>>> * param_1, int * param_2, long param_3)
710002b670	212	FUN_710002b670		d	a	0		undefined FUN_710002b670(__tree<std::__value_type<mg1604::ParamString,std::basic_string<char,std::char_traits<char>,bex::HeapModule::Allocator_string<char>>>,std::__map_value_compare<mg1604::ParamString,std::__value_type<mg1604::ParamString,std::basic_string<char,std::char_traits<char>,bex::HeapModule::Allocator_string<char>>>,std::less<mg1604::ParamString>,true>,std::allocator<std::__value_type<mg1604::ParamString,std::basic_string<char,std::char_traits<char>,bex::HeapModule::Allocator_string<char>>>>> * param_1, int * param_2, long param_3)
710002b760	212	FUN_710002b760		d	a	0		undefined FUN_710002b760(__tree<std::__value_type<mg1604::ParamVector2,nn::util::Vector2f>,std::__map_value_compare<mg1604::ParamVector2,std::__value_type<mg1604::ParamVector2,nn::util::Vector2f>,std::less<mg1604::ParamVector2>,true>,std::allocator<std::__value_type<mg1604::ParamVector2,nn::util::Vector2f>>> * param_1, long * param_2, long param_3)
710002b850	236	FUN_710002b850		d	a	0		undefined FUN_710002b850(__tree<std::__value_type<mg1604::ParamVector3,nn::util::Vector3f>,std::__map_value_compare<mg1604::ParamVector3,std::__value_type<mg1604::ParamVector3,nn::util::Vector3f>,std::less<mg1604::ParamVector3>,true>,std::allocator<std::__value_type<mg1604::ParamVector3,nn::util::Vector3f>>> * param_1, long * param_2, long param_3)
710002b960	236	FUN_710002b960		d	a	0		undefined FUN_710002b960(__tree<std::__value_type<mg1604::ParamVector4,nn::util::Vector4f>,std::__map_value_compare<mg1604::ParamVector4,std::__value_type<mg1604::ParamVector4,nn::util::Vector4f>,std::less<mg1604::ParamVector4>,true>,std::allocator<std::__value_type<mg1604::ParamVector4,nn::util::Vector4f>>> * param_1, long * param_2, long param_3)
710002ba70	212	FUN_710002ba70		d	a	0		undefined FUN_710002ba70(__tree<std::__value_type<mg1604::ParamInt,std::vector<int,std::allocator<int>>>,std::__map_value_compare<mg1604::ParamInt,std::__value_type<mg1604::ParamInt,std::vector<int,std::allocator<int>>>,std::less<mg1604::ParamInt>,true>,std::allocator<std::__value_type<mg1604::ParamInt,std::vector<int,std::allocator<int>>>>> * param_1, int * param_2, long param_3)
710002bb60	212	FUN_710002bb60		d	a	0		undefined FUN_710002bb60(__tree<std::__value_type<mg1604::ParamFloat,std::vector<float,std::allocator<float>>>,std::__map_value_compare<mg1604::ParamFloat,std::__value_type<mg1604::ParamFloat,std::vector<float,std::allocator<float>>>,std::less<mg1604::ParamFloat>,true>,std::allocator<std::__value_type<mg1604::ParamFloat,std::vector<float,std::allocator<float>>>>> * param_1, int * param_2, long param_3)
710002bc50	212	FUN_710002bc50		d	a	0		undefined FUN_710002bc50(__tree<std::__value_type<mg1604::ParamBool,std::vector<bool,std::allocator<bool>>>,std::__map_value_compare<mg1604::ParamBool,std::__value_type<mg1604::ParamBool,std::vector<bool,std::allocator<bool>>>,std::less<mg1604::ParamBool>,true>,std::allocator<std::__value_type<mg1604::ParamBool,std::vector<bool,std::allocator<bool>>>>> * param_1, int * param_2, long param_3)
710002bd40	212	FUN_710002bd40		d	a	0		undefined FUN_710002bd40(__tree<std::__value_type<mg1604::ParamVector2,std::vector<nn::util::Vector2f,std::allocator<nn::util::Vector2f>>>,std::__map_value_compare<mg1604::ParamVector2,std::__value_type<mg1604::ParamVector2,std::vector<nn::util::Vector2f,std::allocator<nn::util::Vector2f>>>,std::less<mg1604::ParamVector2>,true>,std::allocator<std::__value_type<mg1604::ParamVector2,std::vector<nn::util::Vector2f,std::allocator<nn::util::Vector2f>>>>> * param_1, int * param_2, long param_3)
710002be30	212	FUN_710002be30		d	a	0		undefined FUN_710002be30(__tree<std::__value_type<mg1604::ParamVector3,std::vector<nn::util::Vector3f,std::allocator<nn::util::Vector3f>>>,std::__map_value_compare<mg1604::ParamVector3,std::__value_type<mg1604::ParamVector3,std::vector<nn::util::Vector3f,std::allocator<nn::util::Vector3f>>>,std::less<mg1604::ParamVector3>,true>,std::allocator<std::__value_type<mg1604::ParamVector3,std::vector<nn::util::Vector3f,std::allocator<nn::util::Vector3f>>>>> * param_1, int * param_2, long param_3)
710002bf20	212	FUN_710002bf20		d	a	0		undefined FUN_710002bf20(__tree<std::__value_type<mg1604::ParamVector4,std::vector<nn::util::Vector4f,std::allocator<nn::util::Vector4f>>>,std::__map_value_compare<mg1604::ParamVector4,std::__value_type<mg1604::ParamVector4,std::vector<nn::util::Vector4f,std::allocator<nn::util::Vector4f>>>,std::less<mg1604::ParamVector4>,true>,std::allocator<std::__value_type<mg1604::ParamVector4,std::vector<nn::util::Vector4f,std::allocator<nn::util::Vector4f>>>>> * param_1, int * param_2, long param_3)
710002c010	432	__find_equal<mg1604::ParamInt>	std::__tree<std::__value_type<mg1604::ParamInt,int>,std::__map_value_compare<mg1604::ParamInt,std::__value_type<mg1604::ParamInt,int>,std::less<mg1604::ParamInt>,true>,std::allocator<std::__value_type<mg1604::ParamInt,int>>>	a	a	0		__tree<std::__value_type<mg1604::ParamInt,int>,std::__map_value_compare<mg1604::ParamInt,std::__value_type<mg1604::ParamInt,int>,std::less<mg1604::ParamInt>,true>,std::allocator<std::__value_type<mg1604::ParamInt,int>>> * __find_equal<mg1604::ParamInt>(__tree<std::__value_type<mg1604::ParamInt,int>,std::__map_value_compare<mg1604::ParamInt,std::__value_type<mg1604::ParamInt,int>,std::less<mg1604::ParamInt>,true>,std::allocator<std::__value_type<mg1604::ParamInt,int>>> * this, __tree<std::__value_type<mg1604::ParamInt,int>,std::__map_value_compare<mg1604::ParamInt,std::__value_type<mg1604::ParamInt,int>,std::less<mg1604::ParamInt>,true>,std::allocator<std::__value_type<mg1604::ParamInt,int>>> * param_1, long * param_2, __tree<std::__value_type<mg1604::ParamInt,int>,std::__map_value_compare<mg1604::ParamInt,std::__value_type<mg1604::ParamInt,int>,std::less<mg1604::ParamInt>,true>,std::allocator<std::__value_type<mg1604::ParamInt,int>>> * param_3, int * param_4)
710002c1c8	64	destroy	std::__tree<std::__value_type<mg1604::ParamInt,int>,std::__map_value_compare<mg1604::ParamInt,std::__value_type<mg1604::ParamInt,int>,std::less<mg1604::ParamInt>,true>,std::allocator<std::__value_type<mg1604::ParamInt,int>>>	a	a	0		undefined destroy(__tree<std::__value_type<mg1604::ParamInt,int>,std::__map_value_compare<mg1604::ParamInt,std::__value_type<mg1604::ParamInt,int>,std::less<mg1604::ParamInt>,true>,std::allocator<std::__value_type<mg1604::ParamInt,int>>> * this, undefined8 * param_1)
710002c210	432	__find_equal<mg1604::ParamFloat>	std::__tree<std::__value_type<mg1604::ParamFloat,float>,std::__map_value_compare<mg1604::ParamFloat,std::__value_type<mg1604::ParamFloat,float>,std::less<mg1604::ParamFloat>,true>,std::allocator<std::__value_type<mg1604::ParamFloat,float>>>	a	a	0		__tree<std::__value_type<mg1604::ParamFloat,float>,std::__map_value_compare<mg1604::ParamFloat,std::__value_type<mg1604::ParamFloat,float>,std::less<mg1604::ParamFloat>,true>,std::allocator<std::__value_type<mg1604::ParamFloat,float>>> * __find_equal<mg1604::ParamFloat>(__tree<std::__value_type<mg1604::ParamFloat,float>,std::__map_value_compare<mg1604::ParamFloat,std::__value_type<mg1604::ParamFloat,float>,std::less<mg1604::ParamFloat>,true>,std::allocator<std::__value_type<mg1604::ParamFloat,float>>> * this, __tree<std::__value_type<mg1604::ParamFloat,float>,std::__map_value_compare<mg1604::ParamFloat,std::__value_type<mg1604::ParamFloat,float>,std::less<mg1604::ParamFloat>,true>,std::allocator<std::__value_type<mg1604::ParamFloat,float>>> * param_1, long * param_2, __tree<std::__value_type<mg1604::ParamFloat,float>,std::__map_value_compare<mg1604::ParamFloat,std::__value_type<mg1604::ParamFloat,float>,std::less<mg1604::ParamFloat>,true>,std::allocator<std::__value_type<mg1604::ParamFloat,float>>> * param_3, int * param_4)
710002c3c8	64	destroy	std::__tree<std::__value_type<mg1604::ParamFloat,float>,std::__map_value_compare<mg1604::ParamFloat,std::__value_type<mg1604::ParamFloat,float>,std::less<mg1604::ParamFloat>,true>,std::allocator<std::__value_type<mg1604::ParamFloat,float>>>	a	a	0		undefined destroy(__tree<std::__value_type<mg1604::ParamFloat,float>,std::__map_value_compare<mg1604::ParamFloat,std::__value_type<mg1604::ParamFloat,float>,std::less<mg1604::ParamFloat>,true>,std::allocator<std::__value_type<mg1604::ParamFloat,float>>> * this, undefined8 * param_1)
710002c410	432	__find_equal<mg1604::ParamBool>	std::__tree<std::__value_type<mg1604::ParamBool,bool>,std::__map_value_compare<mg1604::ParamBool,std::__value_type<mg1604::ParamBool,bool>,std::less<mg1604::ParamBool>,true>,std::allocator<std::__value_type<mg1604::ParamBool,bool>>>	a	a	0		__tree<std::__value_type<mg1604::ParamBool,bool>,std::__map_value_compare<mg1604::ParamBool,std::__value_type<mg1604::ParamBool,bool>,std::less<mg1604::ParamBool>,true>,std::allocator<std::__value_type<mg1604::ParamBool,bool>>> * __find_equal<mg1604::ParamBool>(__tree<std::__value_type<mg1604::ParamBool,bool>,std::__map_value_compare<mg1604::ParamBool,std::__value_type<mg1604::ParamBool,bool>,std::less<mg1604::ParamBool>,true>,std::allocator<std::__value_type<mg1604::ParamBool,bool>>> * this, __tree<std::__value_type<mg1604::ParamBool,bool>,std::__map_value_compare<mg1604::ParamBool,std::__value_type<mg1604::ParamBool,bool>,std::less<mg1604::ParamBool>,true>,std::allocator<std::__value_type<mg1604::ParamBool,bool>>> * param_1, long * param_2, __tree<std::__value_type<mg1604::ParamBool,bool>,std::__map_value_compare<mg1604::ParamBool,std::__value_type<mg1604::ParamBool,bool>,std::less<mg1604::ParamBool>,true>,std::allocator<std::__value_type<mg1604::ParamBool,bool>>> * param_3, int * param_4)
710002c5c8	64	destroy	std::__tree<std::__value_type<mg1604::ParamBool,bool>,std::__map_value_compare<mg1604::ParamBool,std::__value_type<mg1604::ParamBool,bool>,std::less<mg1604::ParamBool>,true>,std::allocator<std::__value_type<mg1604::ParamBool,bool>>>	a	a	0		undefined destroy(__tree<std::__value_type<mg1604::ParamBool,bool>,std::__map_value_compare<mg1604::ParamBool,std::__value_type<mg1604::ParamBool,bool>,std::less<mg1604::ParamBool>,true>,std::allocator<std::__value_type<mg1604::ParamBool,bool>>> * this, undefined8 * param_1)
710002c610	432	__find_equal<mg1604::ParamString>	std::__tree<std::__value_type<mg1604::ParamString,std::basic_string<char,std::char_traits<char>,bex::HeapModule::Allocator_string<char>>>,std::__map_value_compare<mg1604::ParamString,std::__value_type<mg1604::ParamString,std::basic_string<char,std::char_traits<char>,bex::HeapModule::Allocator_string<char>>>,std::less<mg1604::ParamString>,true>,std::allocator<std::__value_type<mg1604::ParamString,std::basic_string<char,std::char_traits<char>,bex::HeapModule::Allocator_string<char>>>>>	a	a	0		__tree<std::__value_type<mg1604::ParamString,std::basic_string<char,std::char_traits<char>,bex::HeapModule::Allocator_string<char>>>,std::__map_value_compare<mg1604::ParamString,std::__value_type<mg1604::ParamString,std::basic_string<char,std::char_traits<char>,bex::HeapModule::Allocator_string<char>>>,std::less<mg1604::ParamString>,true>,std::allocator<std::__value_type<mg1604::ParamString,std::basic_string<char,std::char_traits<char>,bex::HeapModule::Allocator_string<char>>>>> * __find_equal<mg1604::ParamString>(__tree<std::__value_type<mg1604::ParamString,std::basic_string<char,std::char_traits<char>,bex::HeapModule::Allocator_string<char>>>,std::__map_value_compare<mg1604::ParamString,std::__value_type<mg1604::ParamString,std::basic_string<char,std::char_traits<char>,bex::HeapModule::Allocator_string<char>>>,std::less<mg1604::ParamString>,true>,std::allocator<std::__value_type<mg1604::ParamString,std::basic_string<char,std::char_traits<char>,bex::HeapModule::Allocator_string<char>>>>> * this, __tree<std::__value_type<mg1604::ParamString,std::basic_string<char,std::char_traits<char>,bex::HeapModule::Allocator_string<char>>>,std::__map_value_compare<mg1604::ParamString,std::__value_type<mg1604::ParamString,std::basic_string<char,std::char_traits<char>,bex::HeapModule::Allocator_string<char>>>,std::less<mg1604::ParamString>,true>,std::allocator<std::__value_type<mg1604::ParamString,std::basic_string<char,std::char_traits<char>,bex::HeapModule::Allocator_string<char>>>>> * param_1, long * param_2, __tree<std::__value_type<mg1604::ParamString,std::basic_string<char,std::char_traits<char>,bex::HeapModule::Allocator_string<char>>>,std::__map_value_compare<mg1604::ParamString,std::__value_type<mg1604::ParamString,std::basic_string<char,std::char_traits<char>,bex::HeapModule::Allocator_string<char>>>,std::less<mg1604::ParamString>,true>,std::allocator<std::__value_type<mg1604::ParamString,std::basic_string<char,std::char_traits<char>,bex::HeapModule::Allocator_string<char>>>>> * param_3, int * param_4)
710002c7c8	256	__construct_node<std::pair<mg1604::ParamString_const,std::basic_string<char,std::char_traits<char>,bex::HeapModule::Allocator_string<char>>>const&>	std::__tree<std::__value_type<mg1604::ParamString,std::basic_string<char,std::char_traits<char>,bex::HeapModule::Allocator_string<char>>>,std::__map_value_compare<mg1604::ParamString,std::__value_type<mg1604::ParamString,std::basic_string<char,std::char_traits<char>,bex::HeapModule::Allocator_string<char>>>,std::less<mg1604::ParamString>,true>,std::allocator<std::__value_type<mg1604::ParamString,std::basic_string<char,std::char_traits<char>,bex::HeapModule::Allocator_string<char>>>>>	a	a	0		unique_ptr __construct_node<std::pair<mg1604::ParamString_const,std::basic_string<char,std::char_traits<char>,bex::HeapModule::Allocator_string<char>>>const&>(undefined8 * param_1_00, long param_2, undefined4 * param_3)
710002c8c8	76	FUN_710002c8c8		d	a	0		undefined FUN_710002c8c8(undefined8 * param_1)
710002c920	432	__find_equal<mg1604::ParamVector2>	std::__tree<std::__value_type<mg1604::ParamVector2,nn::util::Vector2f>,std::__map_value_compare<mg1604::ParamVector2,std::__value_type<mg1604::ParamVector2,nn::util::Vector2f>,std::less<mg1604::ParamVector2>,true>,std::allocator<std::__value_type<mg1604::ParamVector2,nn::util::Vector2f>>>	a	a	0		__tree<std::__value_type<mg1604::ParamVector2,nn::util::Vector2f>,std::__map_value_compare<mg1604::ParamVector2,std::__value_type<mg1604::ParamVector2,nn::util::Vector2f>,std::less<mg1604::ParamVector2>,true>,std::allocator<std::__value_type<mg1604::ParamVector2,nn::util::Vector2f>>> * __find_equal<mg1604::ParamVector2>(__tree<std::__value_type<mg1604::ParamVector2,nn::util::Vector2f>,std::__map_value_compare<mg1604::ParamVector2,std::__value_type<mg1604::ParamVector2,nn::util::Vector2f>,std::less<mg1604::ParamVector2>,true>,std::allocator<std::__value_type<mg1604::ParamVector2,nn::util::Vector2f>>> * this, __tree<std::__value_type<mg1604::ParamVector2,nn::util::Vector2f>,std::__map_value_compare<mg1604::ParamVector2,std::__value_type<mg1604::ParamVector2,nn::util::Vector2f>,std::less<mg1604::ParamVector2>,true>,std::allocator<std::__value_type<mg1604::ParamVector2,nn::util::Vector2f>>> * param_1, long * param_2, __tree<std::__value_type<mg1604::ParamVector2,nn::util::Vector2f>,std::__map_value_compare<mg1604::ParamVector2,std::__value_type<mg1604::ParamVector2,nn::util::Vector2f>,std::less<mg1604::ParamVector2>,true>,std::allocator<std::__value_type<mg1604::ParamVector2,nn::util::Vector2f>>> * param_3, int * param_4)
710002cad8	64	destroy	std::__tree<std::__value_type<mg1604::ParamVector2,nn::util::Vector2f>,std::__map_value_compare<mg1604::ParamVector2,std::__value_type<mg1604::ParamVector2,nn::util::Vector2f>,std::less<mg1604::ParamVector2>,true>,std::allocator<std::__value_type<mg1604::ParamVector2,nn::util::Vector2f>>>	a	a	0		undefined destroy(__tree<std::__value_type<mg1604::ParamVector2,nn::util::Vector2f>,std::__map_value_compare<mg1604::ParamVector2,std::__value_type<mg1604::ParamVector2,nn::util::Vector2f>,std::less<mg1604::ParamVector2>,true>,std::allocator<std::__value_type<mg1604::ParamVector2,nn::util::Vector2f>>> * this, undefined8 * param_1)
710002cb20	432	__find_equal<mg1604::ParamVector3>	std::__tree<std::__value_type<mg1604::ParamVector3,nn::util::Vector3f>,std::__map_value_compare<mg1604::ParamVector3,std::__value_type<mg1604::ParamVector3,nn::util::Vector3f>,std::less<mg1604::ParamVector3>,true>,std::allocator<std::__value_type<mg1604::ParamVector3,nn::util::Vector3f>>>	a	a	0		__tree<std::__value_type<mg1604::ParamVector3,nn::util::Vector3f>,std::__map_value_compare<mg1604::ParamVector3,std::__value_type<mg1604::ParamVector3,nn::util::Vector3f>,std::less<mg1604::ParamVector3>,true>,std::allocator<std::__value_type<mg1604::ParamVector3,nn::util::Vector3f>>> * __find_equal<mg1604::ParamVector3>(__tree<std::__value_type<mg1604::ParamVector3,nn::util::Vector3f>,std::__map_value_compare<mg1604::ParamVector3,std::__value_type<mg1604::ParamVector3,nn::util::Vector3f>,std::less<mg1604::ParamVector3>,true>,std::allocator<std::__value_type<mg1604::ParamVector3,nn::util::Vector3f>>> * this, __tree<std::__value_type<mg1604::ParamVector3,nn::util::Vector3f>,std::__map_value_compare<mg1604::ParamVector3,std::__value_type<mg1604::ParamVector3,nn::util::Vector3f>,std::less<mg1604::ParamVector3>,true>,std::allocator<std::__value_type<mg1604::ParamVector3,nn::util::Vector3f>>> * param_1, long * param_2, __tree<std::__value_type<mg1604::ParamVector3,nn::util::Vector3f>,std::__map_value_compare<mg1604::ParamVector3,std::__value_type<mg1604::ParamVector3,nn::util::Vector3f>,std::less<mg1604::ParamVector3>,true>,std::allocator<std::__value_type<mg1604::ParamVector3,nn::util::Vector3f>>> * param_3, int * param_4)
710002ccd8	64	destroy	std::__tree<std::__value_type<mg1604::ParamVector3,nn::util::Vector3f>,std::__map_value_compare<mg1604::ParamVector3,std::__value_type<mg1604::ParamVector3,nn::util::Vector3f>,std::less<mg1604::ParamVector3>,true>,std::allocator<std::__value_type<mg1604::ParamVector3,nn::util::Vector3f>>>	a	a	0		undefined destroy(__tree<std::__value_type<mg1604::ParamVector3,nn::util::Vector3f>,std::__map_value_compare<mg1604::ParamVector3,std::__value_type<mg1604::ParamVector3,nn::util::Vector3f>,std::less<mg1604::ParamVector3>,true>,std::allocator<std::__value_type<mg1604::ParamVector3,nn::util::Vector3f>>> * this, undefined8 * param_1)
710002cd20	432	__find_equal<mg1604::ParamVector4>	std::__tree<std::__value_type<mg1604::ParamVector4,nn::util::Vector4f>,std::__map_value_compare<mg1604::ParamVector4,std::__value_type<mg1604::ParamVector4,nn::util::Vector4f>,std::less<mg1604::ParamVector4>,true>,std::allocator<std::__value_type<mg1604::ParamVector4,nn::util::Vector4f>>>	a	a	0		__tree<std::__value_type<mg1604::ParamVector4,nn::util::Vector4f>,std::__map_value_compare<mg1604::ParamVector4,std::__value_type<mg1604::ParamVector4,nn::util::Vector4f>,std::less<mg1604::ParamVector4>,true>,std::allocator<std::__value_type<mg1604::ParamVector4,nn::util::Vector4f>>> * __find_equal<mg1604::ParamVector4>(__tree<std::__value_type<mg1604::ParamVector4,nn::util::Vector4f>,std::__map_value_compare<mg1604::ParamVector4,std::__value_type<mg1604::ParamVector4,nn::util::Vector4f>,std::less<mg1604::ParamVector4>,true>,std::allocator<std::__value_type<mg1604::ParamVector4,nn::util::Vector4f>>> * this, __tree<std::__value_type<mg1604::ParamVector4,nn::util::Vector4f>,std::__map_value_compare<mg1604::ParamVector4,std::__value_type<mg1604::ParamVector4,nn::util::Vector4f>,std::less<mg1604::ParamVector4>,true>,std::allocator<std::__value_type<mg1604::ParamVector4,nn::util::Vector4f>>> * param_1, long * param_2, __tree<std::__value_type<mg1604::ParamVector4,nn::util::Vector4f>,std::__map_value_compare<mg1604::ParamVector4,std::__value_type<mg1604::ParamVector4,nn::util::Vector4f>,std::less<mg1604::ParamVector4>,true>,std::allocator<std::__value_type<mg1604::ParamVector4,nn::util::Vector4f>>> * param_3, int * param_4)
710002ced8	64	destroy	std::__tree<std::__value_type<mg1604::ParamVector4,nn::util::Vector4f>,std::__map_value_compare<mg1604::ParamVector4,std::__value_type<mg1604::ParamVector4,nn::util::Vector4f>,std::less<mg1604::ParamVector4>,true>,std::allocator<std::__value_type<mg1604::ParamVector4,nn::util::Vector4f>>>	a	a	0		undefined destroy(__tree<std::__value_type<mg1604::ParamVector4,nn::util::Vector4f>,std::__map_value_compare<mg1604::ParamVector4,std::__value_type<mg1604::ParamVector4,nn::util::Vector4f>,std::less<mg1604::ParamVector4>,true>,std::allocator<std::__value_type<mg1604::ParamVector4,nn::util::Vector4f>>> * this, undefined8 * param_1)
710002cf20	432	__find_equal<mg1604::ParamInt>	std::__tree<std::__value_type<mg1604::ParamInt,std::vector<int,std::allocator<int>>>,std::__map_value_compare<mg1604::ParamInt,std::__value_type<mg1604::ParamInt,std::vector<int,std::allocator<int>>>,std::less<mg1604::ParamInt>,true>,std::allocator<std::__value_type<mg1604::ParamInt,std::vector<int,std::allocator<int>>>>>	a	a	0		__tree<std::__value_type<mg1604::ParamInt,std::vector<int,std::allocator<int>>>,std::__map_value_compare<mg1604::ParamInt,std::__value_type<mg1604::ParamInt,std::vector<int,std::allocator<int>>>,std::less<mg1604::ParamInt>,true>,std::allocator<std::__value_type<mg1604::ParamInt,std::vector<int,std::allocator<int>>>>> * __find_equal<mg1604::ParamInt>(__tree<std::__value_type<mg1604::ParamInt,std::vector<int,std::allocator<int>>>,std::__map_value_compare<mg1604::ParamInt,std::__value_type<mg1604::ParamInt,std::vector<int,std::allocator<int>>>,std::less<mg1604::ParamInt>,true>,std::allocator<std::__value_type<mg1604::ParamInt,std::vector<int,std::allocator<int>>>>> * this, __tree<std::__value_type<mg1604::ParamInt,std::vector<int,std::allocator<int>>>,std::__map_value_compare<mg1604::ParamInt,std::__value_type<mg1604::ParamInt,std::vector<int,std::allocator<int>>>,std::less<mg1604::ParamInt>,true>,std::allocator<std::__value_type<mg1604::ParamInt,std::vector<int,std::allocator<int>>>>> * param_1, long * param_2, __tree<std::__value_type<mg1604::ParamInt,std::vector<int,std::allocator<int>>>,std::__map_value_compare<mg1604::ParamInt,std::__value_type<mg1604::ParamInt,std::vector<int,std::allocator<int>>>,std::less<mg1604::ParamInt>,true>,std::allocator<std::__value_type<mg1604::ParamInt,std::vector<int,std::allocator<int>>>>> * param_3, int * param_4)
710002d0e0	204	__construct_node<std::pair<mg1604::ParamInt_const,std::vector<int,std::allocator<int>>>const&>	std::__tree<std::__value_type<mg1604::ParamInt,std::vector<int,std::allocator<int>>>,std::__map_value_compare<mg1604::ParamInt,std::__value_type<mg1604::ParamInt,std::vector<int,std::allocator<int>>>,std::less<mg1604::ParamInt>,true>,std::allocator<std::__value_type<mg1604::ParamInt,std::vector<int,std::allocator<int>>>>>	a	a	0		unique_ptr __construct_node<std::pair<mg1604::ParamInt_const,std::vector<int,std::allocator<int>>>const&>(undefined8 * param_1_00, long param_2, undefined4 * param_3)
710002d1ac	76	FUN_710002d1ac		d	a	0		undefined FUN_710002d1ac(undefined8 * param_1)
710002d1f8	20	FUN_710002d1f8		d	a	0		undefined FUN_710002d1f8(void)
710002d20c	80	destroy	std::__tree<std::__value_type<mg1604::ParamInt,std::vector<int,std::allocator<int>>>,std::__map_value_compare<mg1604::ParamInt,std::__value_type<mg1604::ParamInt,std::vector<int,std::allocator<int>>>,std::less<mg1604::ParamInt>,true>,std::allocator<std::__value_type<mg1604::ParamInt,std::vector<int,std::allocator<int>>>>>	a	a	0		undefined destroy(__tree<std::__value_type<mg1604::ParamInt,std::vector<int,std::allocator<int>>>,std::__map_value_compare<mg1604::ParamInt,std::__value_type<mg1604::ParamInt,std::vector<int,std::allocator<int>>>,std::less<mg1604::ParamInt>,true>,std::allocator<std::__value_type<mg1604::ParamInt,std::vector<int,std::allocator<int>>>>> * this, undefined8 * param_1)
710002d260	432	__find_equal<mg1604::ParamFloat>	std::__tree<std::__value_type<mg1604::ParamFloat,std::vector<float,std::allocator<float>>>,std::__map_value_compare<mg1604::ParamFloat,std::__value_type<mg1604::ParamFloat,std::vector<float,std::allocator<float>>>,std::less<mg1604::ParamFloat>,true>,std::allocator<std::__value_type<mg1604::ParamFloat,std::vector<float,std::allocator<float>>>>>	a	a	0		__tree<std::__value_type<mg1604::ParamFloat,std::vector<float,std::allocator<float>>>,std::__map_value_compare<mg1604::ParamFloat,std::__value_type<mg1604::ParamFloat,std::vector<float,std::allocator<float>>>,std::less<mg1604::ParamFloat>,true>,std::allocator<std::__value_type<mg1604::ParamFloat,std::vector<float,std::allocator<float>>>>> * __find_equal<mg1604::ParamFloat>(__tree<std::__value_type<mg1604::ParamFloat,std::vector<float,std::allocator<float>>>,std::__map_value_compare<mg1604::ParamFloat,std::__value_type<mg1604::ParamFloat,std::vector<float,std::allocator<float>>>,std::less<mg1604::ParamFloat>,true>,std::allocator<std::__value_type<mg1604::ParamFloat,std::vector<float,std::allocator<float>>>>> * this, __tree<std::__value_type<mg1604::ParamFloat,std::vector<float,std::allocator<float>>>,std::__map_value_compare<mg1604::ParamFloat,std::__value_type<mg1604::ParamFloat,std::vector<float,std::allocator<float>>>,std::less<mg1604::ParamFloat>,true>,std::allocator<std::__value_type<mg1604::ParamFloat,std::vector<float,std::allocator<float>>>>> * param_1, long * param_2, __tree<std::__value_type<mg1604::ParamFloat,std::vector<float,std::allocator<float>>>,std::__map_value_compare<mg1604::ParamFloat,std::__value_type<mg1604::ParamFloat,std::vector<float,std::allocator<float>>>,std::less<mg1604::ParamFloat>,true>,std::allocator<std::__value_type<mg1604::ParamFloat,std::vector<float,std::allocator<float>>>>> * param_3, int * param_4)
710002d420	204	__construct_node<std::pair<mg1604::ParamFloat_const,std::vector<float,std::allocator<float>>>const&>	std::__tree<std::__value_type<mg1604::ParamFloat,std::vector<float,std::allocator<float>>>,std::__map_value_compare<mg1604::ParamFloat,std::__value_type<mg1604::ParamFloat,std::vector<float,std::allocator<float>>>,std::less<mg1604::ParamFloat>,true>,std::allocator<std::__value_type<mg1604::ParamFloat,std::vector<float,std::allocator<float>>>>>	a	a	0		unique_ptr __construct_node<std::pair<mg1604::ParamFloat_const,std::vector<float,std::allocator<float>>>const&>(undefined8 * param_1_00, long param_2, undefined4 * param_3)
710002d4ec	76	FUN_710002d4ec		d	a	0		undefined FUN_710002d4ec(undefined8 * param_1)
710002d538	20	FUN_710002d538		d	a	0		undefined FUN_710002d538(void)
710002d54c	80	destroy	std::__tree<std::__value_type<mg1604::ParamFloat,std::vector<float,std::allocator<float>>>,std::__map_value_compare<mg1604::ParamFloat,std::__value_type<mg1604::ParamFloat,std::vector<float,std::allocator<float>>>,std::less<mg1604::ParamFloat>,true>,std::allocator<std::__value_type<mg1604::ParamFloat,std::vector<float,std::allocator<float>>>>>	a	a	0		undefined destroy(__tree<std::__value_type<mg1604::ParamFloat,std::vector<float,std::allocator<float>>>,std::__map_value_compare<mg1604::ParamFloat,std::__value_type<mg1604::ParamFloat,std::vector<float,std::allocator<float>>>,std::less<mg1604::ParamFloat>,true>,std::allocator<std::__value_type<mg1604::ParamFloat,std::vector<float,std::allocator<float>>>>> * this, undefined8 * param_1)
710002d5a0	432	__find_equal<mg1604::ParamBool>	std::__tree<std::__value_type<mg1604::ParamBool,std::vector<bool,std::allocator<bool>>>,std::__map_value_compare<mg1604::ParamBool,std::__value_type<mg1604::ParamBool,std::vector<bool,std::allocator<bool>>>,std::less<mg1604::ParamBool>,true>,std::allocator<std::__value_type<mg1604::ParamBool,std::vector<bool,std::allocator<bool>>>>>	a	a	0		__tree<std::__value_type<mg1604::ParamBool,std::vector<bool,std::allocator<bool>>>,std::__map_value_compare<mg1604::ParamBool,std::__value_type<mg1604::ParamBool,std::vector<bool,std::allocator<bool>>>,std::less<mg1604::ParamBool>,true>,std::allocator<std::__value_type<mg1604::ParamBool,std::vector<bool,std::allocator<bool>>>>> * __find_equal<mg1604::ParamBool>(__tree<std::__value_type<mg1604::ParamBool,std::vector<bool,std::allocator<bool>>>,std::__map_value_compare<mg1604::ParamBool,std::__value_type<mg1604::ParamBool,std::vector<bool,std::allocator<bool>>>,std::less<mg1604::ParamBool>,true>,std::allocator<std::__value_type<mg1604::ParamBool,std::vector<bool,std::allocator<bool>>>>> * this, __tree<std::__value_type<mg1604::ParamBool,std::vector<bool,std::allocator<bool>>>,std::__map_value_compare<mg1604::ParamBool,std::__value_type<mg1604::ParamBool,std::vector<bool,std::allocator<bool>>>,std::less<mg1604::ParamBool>,true>,std::allocator<std::__value_type<mg1604::ParamBool,std::vector<bool,std::allocator<bool>>>>> * param_1, long * param_2, __tree<std::__value_type<mg1604::ParamBool,std::vector<bool,std::allocator<bool>>>,std::__map_value_compare<mg1604::ParamBool,std::__value_type<mg1604::ParamBool,std::vector<bool,std::allocator<bool>>>,std::less<mg1604::ParamBool>,true>,std::allocator<std::__value_type<mg1604::ParamBool,std::vector<bool,std::allocator<bool>>>>> * param_3, int * param_4)
710002d758	196	__construct_node<std::pair<mg1604::ParamBool_const,std::vector<bool,std::allocator<bool>>>const&>	std::__tree<std::__value_type<mg1604::ParamBool,std::vector<bool,std::allocator<bool>>>,std::__map_value_compare<mg1604::ParamBool,std::__value_type<mg1604::ParamBool,std::vector<bool,std::allocator<bool>>>,std::less<mg1604::ParamBool>,true>,std::allocator<std::__value_type<mg1604::ParamBool,std::vector<bool,std::allocator<bool>>>>>	a	a	0		unique_ptr __construct_node<std::pair<mg1604::ParamBool_const,std::vector<bool,std::allocator<bool>>>const&>(undefined8 * param_1_00, long param_2, undefined4 * param_3)
710002d81c	72	FUN_710002d81c		d	a	0		undefined FUN_710002d81c(undefined8 * param_1)
710002d864	396	__construct_at_end<std::__bit_iterator<std::vector<bool,std::allocator<bool>>,true,0ul>>	std::vector<bool,std::allocator<bool>>	a	a	0		type __construct_at_end<std::__bit_iterator<std::vector<bool,std::allocator<bool>>,true,0ul>>(long * param_1, ulong * param_2, uint param_3, long param_4, ulong param_5)
710002d9f0	20	FUN_710002d9f0		d	a	0		undefined FUN_710002d9f0(void)
710002da10	664	FUN_710002da10		d	a	0		undefined FUN_710002da10(long * param_1, ulong * param_2, uint param_3, long param_4, ulong param_5, long * param_6)
710002dca8	76	destroy	std::__tree<std::__value_type<mg1604::ParamBool,std::vector<bool,std::allocator<bool>>>,std::__map_value_compare<mg1604::ParamBool,std::__value_type<mg1604::ParamBool,std::vector<bool,std::allocator<bool>>>,std::less<mg1604::ParamBool>,true>,std::allocator<std::__value_type<mg1604::ParamBool,std::vector<bool,std::allocator<bool>>>>>	a	a	0		undefined destroy(__tree<std::__value_type<mg1604::ParamBool,std::vector<bool,std::allocator<bool>>>,std::__map_value_compare<mg1604::ParamBool,std::__value_type<mg1604::ParamBool,std::vector<bool,std::allocator<bool>>>,std::less<mg1604::ParamBool>,true>,std::allocator<std::__value_type<mg1604::ParamBool,std::vector<bool,std::allocator<bool>>>>> * this, undefined8 * param_1)
710002dcf4	20	FUN_710002dcf4		d	a	0		undefined FUN_710002dcf4(void)
710002dd10	336	FUN_710002dd10		d	a	0		long * FUN_710002dd10(undefined8 param_1, byte * param_2, byte * param_3, long * param_4)
710002de70	92	FUN_710002de70		d	a	0		undefined FUN_710002de70(long param_1)
710002ded0	148	destroy	std::__tree<std::__value_type<mg1604::ParamString,std::vector<std::basic_string<char,std::char_traits<char>,bex::HeapModule::Allocator_string<char>>,std::allocator<std::basic_string<char,std::char_traits<char>,bex::HeapModule::Allocator_string<char>>>>>,std::__map_value_compare<mg1604::ParamString,std::__value_type<mg1604::ParamString,std::vector<std::basic_string<char,std::char_traits<char>,bex::HeapModule::Allocator_string<char>>,std::allocator<std::basic_string<char,std::char_traits<char>,bex::HeapModule::Allocator_string<char>>>>>,std::less<mg1604::ParamString>,true>,std::allocator<std::__value_type<mg1604::ParamString,std::vector<std::basic_string<char,std::char_traits<char>,bex::HeapModule::Allocator_string<char>>,std::allocator<std::basic_string<char,std::char_traits<char>,bex::HeapModule::Allocator_string<char>>>>>>>	a	a	0		undefined destroy(__tree<std::__value_type<mg1604::ParamString,std::vector<std::basic_string<char,std::char_traits<char>,bex::HeapModule::Allocator_string<char>>,std::allocator<std::basic_string<char,std::char_traits<char>,bex::HeapModule::Allocator_string<char>>>>>,std::__map_value_compare<mg1604::ParamString,std::__value_type<mg1604::ParamString,std::vector<std::basic_string<char,std::char_traits<char>,bex::HeapModule::Allocator_string<char>>,std::allocator<std::basic_string<char,std::char_traits<char>,bex::HeapModule::Allocator_string<char>>>>>,std::less<mg1604::ParamString>,true>,std::allocator<std::__value_type<mg1604::ParamString,std::vector<std::basic_string<char,std::char_traits<char>,bex::HeapModule::Allocator_string<char>>,std::allocator<std::basic_string<char,std::char_traits<char>,bex::HeapModule::Allocator_string<char>>>>>>> * this, undefined8 * param_1)
710002df70	432	__find_equal<mg1604::ParamVector2>	std::__tree<std::__value_type<mg1604::ParamVector2,std::vector<nn::util::Vector2f,std::allocator<nn::util::Vector2f>>>,std::__map_value_compare<mg1604::ParamVector2,std::__value_type<mg1604::ParamVector2,std::vector<nn::util::Vector2f,std::allocator<nn::util::Vector2f>>>,std::less<mg1604::ParamVector2>,true>,std::allocator<std::__value_type<mg1604::ParamVector2,std::vector<nn::util::Vector2f,std::allocator<nn::util::Vector2f>>>>>	a	a	0		__tree<std::__value_type<mg1604::ParamVector2,std::vector<nn::util::Vector2f,std::allocator<nn::util::Vector2f>>>,std::__map_value_compare<mg1604::ParamVector2,std::__value_type<mg1604::ParamVector2,std::vector<nn::util::Vector2f,std::allocator<nn::util::Vector2f>>>,std::less<mg1604::ParamVector2>,true>,std::allocator<std::__value_type<mg1604::ParamVector2,std::vector<nn::util::Vector2f,std::allocator<nn::util::Vector2f>>>>> * __find_equal<mg1604::ParamVector2>(__tree<std::__value_type<mg1604::ParamVector2,std::vector<nn::util::Vector2f,std::allocator<nn::util::Vector2f>>>,std::__map_value_compare<mg1604::ParamVector2,std::__value_type<mg1604::ParamVector2,std::vector<nn::util::Vector2f,std::allocator<nn::util::Vector2f>>>,std::less<mg1604::ParamVector2>,true>,std::allocator<std::__value_type<mg1604::ParamVector2,std::vector<nn::util::Vector2f,std::allocator<nn::util::Vector2f>>>>> * this, __tree<std::__value_type<mg1604::ParamVector2,std::vector<nn::util::Vector2f,std::allocator<nn::util::Vector2f>>>,std::__map_value_compare<mg1604::ParamVector2,std::__value_type<mg1604::ParamVector2,std::vector<nn::util::Vector2f,std::allocator<nn::util::Vector2f>>>,std::less<mg1604::ParamVector2>,true>,std::allocator<std::__value_type<mg1604::ParamVector2,std::vector<nn::util::Vector2f,std::allocator<nn::util::Vector2f>>>>> * param_1, long * param_2, __tree<std::__value_type<mg1604::ParamVector2,std::vector<nn::util::Vector2f,std::allocator<nn::util::Vector2f>>>,std::__map_value_compare<mg1604::ParamVector2,std::__value_type<mg1604::ParamVector2,std::vector<nn::util::Vector2f,std::allocator<nn::util::Vector2f>>>,std::less<mg1604::ParamVector2>,true>,std::allocator<std::__value_type<mg1604::ParamVector2,std::vector<nn::util::Vector2f,std::allocator<nn::util::Vector2f>>>>> * param_3, int * param_4)
710002e130	204	__construct_node<std::pair<mg1604::ParamVector2_const,std::vector<nn::util::Vector2f,std::allocator<nn::util::Vector2f>>>const&>	std::__tree<std::__value_type<mg1604::ParamVector2,std::vector<nn::util::Vector2f,std::allocator<nn::util::Vector2f>>>,std::__map_value_compare<mg1604::ParamVector2,std::__value_type<mg1604::ParamVector2,std::vector<nn::util::Vector2f,std::allocator<nn::util::Vector2f>>>,std::less<mg1604::ParamVector2>,true>,std::allocator<std::__value_type<mg1604::ParamVector2,std::vector<nn::util::Vector2f,std::allocator<nn::util::Vector2f>>>>>	a	a	0		unique_ptr __construct_node<std::pair<mg1604::ParamVector2_const,std::vector<nn::util::Vector2f,std::allocator<nn::util::Vector2f>>>const&>(undefined8 * param_1_00, long param_2, undefined4 * param_3)
710002e1fc	76	FUN_710002e1fc		d	a	0		undefined FUN_710002e1fc(undefined8 * param_1)
710002e248	20	FUN_710002e248		d	a	0		undefined FUN_710002e248(void)
710002e25c	80	destroy	std::__tree<std::__value_type<mg1604::ParamVector2,std::vector<nn::util::Vector2f,std::allocator<nn::util::Vector2f>>>,std::__map_value_compare<mg1604::ParamVector2,std::__value_type<mg1604::ParamVector2,std::vector<nn::util::Vector2f,std::allocator<nn::util::Vector2f>>>,std::less<mg1604::ParamVector2>,true>,std::allocator<std::__value_type<mg1604::ParamVector2,std::vector<nn::util::Vector2f,std::allocator<nn::util::Vector2f>>>>>	a	a	0		undefined destroy(__tree<std::__value_type<mg1604::ParamVector2,std::vector<nn::util::Vector2f,std::allocator<nn::util::Vector2f>>>,std::__map_value_compare<mg1604::ParamVector2,std::__value_type<mg1604::ParamVector2,std::vector<nn::util::Vector2f,std::allocator<nn::util::Vector2f>>>,std::less<mg1604::ParamVector2>,true>,std::allocator<std::__value_type<mg1604::ParamVector2,std::vector<nn::util::Vector2f,std::allocator<nn::util::Vector2f>>>>> * this, undefined8 * param_1)
710002e2b0	432	__find_equal<mg1604::ParamVector3>	std::__tree<std::__value_type<mg1604::ParamVector3,std::vector<nn::util::Vector3f,std::allocator<nn::util::Vector3f>>>,std::__map_value_compare<mg1604::ParamVector3,std::__value_type<mg1604::ParamVector3,std::vector<nn::util::Vector3f,std::allocator<nn::util::Vector3f>>>,std::less<mg1604::ParamVector3>,true>,std::allocator<std::__value_type<mg1604::ParamVector3,std::vector<nn::util::Vector3f,std::allocator<nn::util::Vector3f>>>>>	a	a	0		__tree<std::__value_type<mg1604::ParamVector3,std::vector<nn::util::Vector3f,std::allocator<nn::util::Vector3f>>>,std::__map_value_compare<mg1604::ParamVector3,std::__value_type<mg1604::ParamVector3,std::vector<nn::util::Vector3f,std::allocator<nn::util::Vector3f>>>,std::less<mg1604::ParamVector3>,true>,std::allocator<std::__value_type<mg1604::ParamVector3,std::vector<nn::util::Vector3f,std::allocator<nn::util::Vector3f>>>>> * __find_equal<mg1604::ParamVector3>(__tree<std::__value_type<mg1604::ParamVector3,std::vector<nn::util::Vector3f,std::allocator<nn::util::Vector3f>>>,std::__map_value_compare<mg1604::ParamVector3,std::__value_type<mg1604::ParamVector3,std::vector<nn::util::Vector3f,std::allocator<nn::util::Vector3f>>>,std::less<mg1604::ParamVector3>,true>,std::allocator<std::__value_type<mg1604::ParamVector3,std::vector<nn::util::Vector3f,std::allocator<nn::util::Vector3f>>>>> * this, __tree<std::__value_type<mg1604::ParamVector3,std::vector<nn::util::Vector3f,std::allocator<nn::util::Vector3f>>>,std::__map_value_compare<mg1604::ParamVector3,std::__value_type<mg1604::ParamVector3,std::vector<nn::util::Vector3f,std::allocator<nn::util::Vector3f>>>,std::less<mg1604::ParamVector3>,true>,std::allocator<std::__value_type<mg1604::ParamVector3,std::vector<nn::util::Vector3f,std::allocator<nn::util::Vector3f>>>>> * param_1, long * param_2, __tree<std::__value_type<mg1604::ParamVector3,std::vector<nn::util::Vector3f,std::allocator<nn::util::Vector3f>>>,std::__map_value_compare<mg1604::ParamVector3,std::__value_type<mg1604::ParamVector3,std::vector<nn::util::Vector3f,std::allocator<nn::util::Vector3f>>>,std::less<mg1604::ParamVector3>,true>,std::allocator<std::__value_type<mg1604::ParamVector3,std::vector<nn::util::Vector3f,std::allocator<nn::util::Vector3f>>>>> * param_3, int * param_4)
710002e470	212	__construct_node<std::pair<mg1604::ParamVector3_const,std::vector<nn::util::Vector3f,std::allocator<nn::util::Vector3f>>>const&>	std::__tree<std::__value_type<mg1604::ParamVector3,std::vector<nn::util::Vector3f,std::allocator<nn::util::Vector3f>>>,std::__map_value_compare<mg1604::ParamVector3,std::__value_type<mg1604::ParamVector3,std::vector<nn::util::Vector3f,std::allocator<nn::util::Vector3f>>>,std::less<mg1604::ParamVector3>,true>,std::allocator<std::__value_type<mg1604::ParamVector3,std::vector<nn::util::Vector3f,std::allocator<nn::util::Vector3f>>>>>	a	a	0		unique_ptr __construct_node<std::pair<mg1604::ParamVector3_const,std::vector<nn::util::Vector3f,std::allocator<nn::util::Vector3f>>>const&>(undefined8 * param_1_00, long param_2, undefined4 * param_3)
710002e544	76	FUN_710002e544		d	a	0		undefined FUN_710002e544(undefined8 * param_1)
710002e590	80	destroy	std::__tree<std::__value_type<mg1604::ParamVector3,std::vector<nn::util::Vector3f,std::allocator<nn::util::Vector3f>>>,std::__map_value_compare<mg1604::ParamVector3,std::__value_type<mg1604::ParamVector3,std::vector<nn::util::Vector3f,std::allocator<nn::util::Vector3f>>>,std::less<mg1604::ParamVector3>,true>,std::allocator<std::__value_type<mg1604::ParamVector3,std::vector<nn::util::Vector3f,std::allocator<nn::util::Vector3f>>>>>	a	a	0		undefined destroy(__tree<std::__value_type<mg1604::ParamVector3,std::vector<nn::util::Vector3f,std::allocator<nn::util::Vector3f>>>,std::__map_value_compare<mg1604::ParamVector3,std::__value_type<mg1604::ParamVector3,std::vector<nn::util::Vector3f,std::allocator<nn::util::Vector3f>>>,std::less<mg1604::ParamVector3>,true>,std::allocator<std::__value_type<mg1604::ParamVector3,std::vector<nn::util::Vector3f,std::allocator<nn::util::Vector3f>>>>> * this, undefined8 * param_1)
710002e5e0	432	__find_equal<mg1604::ParamVector4>	std::__tree<std::__value_type<mg1604::ParamVector4,std::vector<nn::util::Vector4f,std::allocator<nn::util::Vector4f>>>,std::__map_value_compare<mg1604::ParamVector4,std::__value_type<mg1604::ParamVector4,std::vector<nn::util::Vector4f,std::allocator<nn::util::Vector4f>>>,std::less<mg1604::ParamVector4>,true>,std::allocator<std::__value_type<mg1604::ParamVector4,std::vector<nn::util::Vector4f,std::allocator<nn::util::Vector4f>>>>>	a	a	0		__tree<std::__value_type<mg1604::ParamVector4,std::vector<nn::util::Vector4f,std::allocator<nn::util::Vector4f>>>,std::__map_value_compare<mg1604::ParamVector4,std::__value_type<mg1604::ParamVector4,std::vector<nn::util::Vector4f,std::allocator<nn::util::Vector4f>>>,std::less<mg1604::ParamVector4>,true>,std::allocator<std::__value_type<mg1604::ParamVector4,std::vector<nn::util::Vector4f,std::allocator<nn::util::Vector4f>>>>> * __find_equal<mg1604::ParamVector4>(__tree<std::__value_type<mg1604::ParamVector4,std::vector<nn::util::Vector4f,std::allocator<nn::util::Vector4f>>>,std::__map_value_compare<mg1604::ParamVector4,std::__value_type<mg1604::ParamVector4,std::vector<nn::util::Vector4f,std::allocator<nn::util::Vector4f>>>,std::less<mg1604::ParamVector4>,true>,std::allocator<std::__value_type<mg1604::ParamVector4,std::vector<nn::util::Vector4f,std::allocator<nn::util::Vector4f>>>>> * this, __tree<std::__value_type<mg1604::ParamVector4,std::vector<nn::util::Vector4f,std::allocator<nn::util::Vector4f>>>,std::__map_value_compare<mg1604::ParamVector4,std::__value_type<mg1604::ParamVector4,std::vector<nn::util::Vector4f,std::allocator<nn::util::Vector4f>>>,std::less<mg1604::ParamVector4>,true>,std::allocator<std::__value_type<mg1604::ParamVector4,std::vector<nn::util::Vector4f,std::allocator<nn::util::Vector4f>>>>> * param_1, long * param_2, __tree<std::__value_type<mg1604::ParamVector4,std::vector<nn::util::Vector4f,std::allocator<nn::util::Vector4f>>>,std::__map_value_compare<mg1604::ParamVector4,std::__value_type<mg1604::ParamVector4,std::vector<nn::util::Vector4f,std::allocator<nn::util::Vector4f>>>,std::less<mg1604::ParamVector4>,true>,std::allocator<std::__value_type<mg1604::ParamVector4,std::vector<nn::util::Vector4f,std::allocator<nn::util::Vector4f>>>>> * param_3, int * param_4)
710002e7a0	212	__construct_node<std::pair<mg1604::ParamVector4_const,std::vector<nn::util::Vector4f,std::allocator<nn::util::Vector4f>>>const&>	std::__tree<std::__value_type<mg1604::ParamVector4,std::vector<nn::util::Vector4f,std::allocator<nn::util::Vector4f>>>,std::__map_value_compare<mg1604::ParamVector4,std::__value_type<mg1604::ParamVector4,std::vector<nn::util::Vector4f,std::allocator<nn::util::Vector4f>>>,std::less<mg1604::ParamVector4>,true>,std::allocator<std::__value_type<mg1604::ParamVector4,std::vector<nn::util::Vector4f,std::allocator<nn::util::Vector4f>>>>>	a	a	0		unique_ptr __construct_node<std::pair<mg1604::ParamVector4_const,std::vector<nn::util::Vector4f,std::allocator<nn::util::Vector4f>>>const&>(undefined8 * param_1_00, long param_2, undefined4 * param_3)
710002e874	76	FUN_710002e874		d	a	0		undefined FUN_710002e874(undefined8 * param_1)
710002e8c0	20	FUN_710002e8c0		d	a	0		undefined FUN_710002e8c0(void)
710002e8d4	80	destroy	std::__tree<std::__value_type<mg1604::ParamVector4,std::vector<nn::util::Vector4f,std::allocator<nn::util::Vector4f>>>,std::__map_value_compare<mg1604::ParamVector4,std::__value_type<mg1604::ParamVector4,std::vector<nn::util::Vector4f,std::allocator<nn::util::Vector4f>>>,std::less<mg1604::ParamVector4>,true>,std::allocator<std::__value_type<mg1604::ParamVector4,std::vector<nn::util::Vector4f,std::allocator<nn::util::Vector4f>>>>>	a	a	0		undefined destroy(__tree<std::__value_type<mg1604::ParamVector4,std::vector<nn::util::Vector4f,std::allocator<nn::util::Vector4f>>>,std::__map_value_compare<mg1604::ParamVector4,std::__value_type<mg1604::ParamVector4,std::vector<nn::util::Vector4f,std::allocator<nn::util::Vector4f>>>,std::less<mg1604::ParamVector4>,true>,std::allocator<std::__value_type<mg1604::ParamVector4,std::vector<nn::util::Vector4f,std::allocator<nn::util::Vector4f>>>>> * this, undefined8 * param_1)
710002e924	20	FUN_710002e924		d	a	0		undefined FUN_710002e924(void)
710002e940	148	destroy	std::__tree<std::__value_type<mg1604::ParamInt,std::vector<std::vector<int,std::allocator<int>>,std::allocator<std::vector<int,std::allocator<int>>>>>,std::__map_value_compare<mg1604::ParamInt,std::__value_type<mg1604::ParamInt,std::vector<std::vector<int,std::allocator<int>>,std::allocator<std::vector<int,std::allocator<int>>>>>,std::less<mg1604::ParamInt>,true>,std::allocator<std::__value_type<mg1604::ParamInt,std::vector<std::vector<int,std::allocator<int>>,std::allocator<std::vector<int,std::allocator<int>>>>>>>	a	a	0		undefined destroy(__tree<std::__value_type<mg1604::ParamInt,std::vector<std::vector<int,std::allocator<int>>,std::allocator<std::vector<int,std::allocator<int>>>>>,std::__map_value_compare<mg1604::ParamInt,std::__value_type<mg1604::ParamInt,std::vector<std::vector<int,std::allocator<int>>,std::allocator<std::vector<int,std::allocator<int>>>>>,std::less<mg1604::ParamInt>,true>,std::allocator<std::__value_type<mg1604::ParamInt,std::vector<std::vector<int,std::allocator<int>>,std::allocator<std::vector<int,std::allocator<int>>>>>>> * this, undefined8 * param_1)
710002e9d4	20	FUN_710002e9d4		d	a	0		undefined FUN_710002e9d4(void)
710002e9f0	148	destroy	std::__tree<std::__value_type<mg1604::ParamFloat,std::vector<std::vector<float,std::allocator<float>>,std::allocator<std::vector<float,std::allocator<float>>>>>,std::__map_value_compare<mg1604::ParamFloat,std::__value_type<mg1604::ParamFloat,std::vector<std::vector<float,std::allocator<float>>,std::allocator<std::vector<float,std::allocator<float>>>>>,std::less<mg1604::ParamFloat>,true>,std::allocator<std::__value_type<mg1604::ParamFloat,std::vector<std::vector<float,std::allocator<float>>,std::allocator<std::vector<float,std::allocator<float>>>>>>>	a	a	0		undefined destroy(__tree<std::__value_type<mg1604::ParamFloat,std::vector<std::vector<float,std::allocator<float>>,std::allocator<std::vector<float,std::allocator<float>>>>>,std::__map_value_compare<mg1604::ParamFloat,std::__value_type<mg1604::ParamFloat,std::vector<std::vector<float,std::allocator<float>>,std::allocator<std::vector<float,std::allocator<float>>>>>,std::less<mg1604::ParamFloat>,true>,std::allocator<std::__value_type<mg1604::ParamFloat,std::vector<std::vector<float,std::allocator<float>>,std::allocator<std::vector<float,std::allocator<float>>>>>>> * this, undefined8 * param_1)
710002ea84	20	FUN_710002ea84		d	a	0		undefined FUN_710002ea84(void)
710002eaa0	136	destroy	std::__tree<std::__value_type<mg1604::ParamBool,std::vector<std::vector<bool,std::allocator<bool>>,std::allocator<std::vector<bool,std::allocator<bool>>>>>,std::__map_value_compare<mg1604::ParamBool,std::__value_type<mg1604::ParamBool,std::vector<std::vector<bool,std::allocator<bool>>,std::allocator<std::vector<bool,std::allocator<bool>>>>>,std::less<mg1604::ParamBool>,true>,std::allocator<std::__value_type<mg1604::ParamBool,std::vector<std::vector<bool,std::allocator<bool>>,std::allocator<std::vector<bool,std::allocator<bool>>>>>>>	a	a	0		undefined destroy(__tree<std::__value_type<mg1604::ParamBool,std::vector<std::vector<bool,std::allocator<bool>>,std::allocator<std::vector<bool,std::allocator<bool>>>>>,std::__map_value_compare<mg1604::ParamBool,std::__value_type<mg1604::ParamBool,std::vector<std::vector<bool,std::allocator<bool>>,std::allocator<std::vector<bool,std::allocator<bool>>>>>,std::less<mg1604::ParamBool>,true>,std::allocator<std::__value_type<mg1604::ParamBool,std::vector<std::vector<bool,std::allocator<bool>>,std::allocator<std::vector<bool,std::allocator<bool>>>>>>> * this, undefined8 * param_1)
710002eb2c	20	FUN_710002eb2c		d	a	0		undefined FUN_710002eb2c(void)
710002eb40	212	destroy	std::__tree<std::__value_type<mg1604::ParamString,std::vector<std::vector<std::basic_string<char,std::char_traits<char>,bex::HeapModule::Allocator_string<char>>,std::allocator<std::basic_string<char,std::char_traits<char>,bex::HeapModule::Allocator_string<char>>>>,std::allocator<std::vector<std::basic_string<char,std::char_traits<char>,bex::HeapModule::Allocator_string<char>>,std::allocator<std::basic_string<char,std::char_traits<char>,bex::HeapModule::Allocator_string<char>>>>>>>,std::__map_value_compare<mg1604::ParamString,std::__value_type<mg1604::ParamString,std::vector<std::vector<std::basic_string<char,std::char_traits<char>,bex::HeapModule::Allocator_string<char>>,std::allocator<std::basic_string<char,std::char_traits<char>,bex::HeapModule::Allocator_string<char>>>>,std::allocator<std::vector<std::basic_string<char,std::char_traits<char>,bex::HeapModule::Allocator_string<char>>,std::allocator<std::basic_string<char,std::char_traits<char>,bex::HeapModule::Allocator_string<char>>>>>>>,std::less<mg1604::ParamString>,true>,std::allocator<std::__value_type<mg1604::ParamString,std::vector<std::vector<std::basic_string<char,std::char_traits<char>,bex::HeapModule::Allocator_string<char>>,std::allocator<std::basic_string<char,std::char_traits<char>,bex::HeapModule::Allocator_string<char>>>>,std::allocator<std::vector<std::basic_string<char,std::char_traits<char>,bex::HeapModule::Allocator_string<char>>,std::allocator<std::basic_string<char,std::char_traits<char>,bex::HeapModule::Allocator_string<char>>>>>>>>>	a	a	0		undefined destroy(__tree<std::__value_type<mg1604::ParamString,std::vector<std::vector<std::basic_string<char,std::char_traits<char>,bex::HeapModule::Allocator_string<char>>,std::allocator<std::basic_string<char,std::char_traits<char>,bex::HeapModule::Allocator_string<char>>>>,std::allocator<std::vector<std::basic_string<char,std::char_traits<char>,bex::HeapModule::Allocator_string<char>>,std::allocator<std::basic_string<char,std::char_traits<char>,bex::HeapModule::Allocator_string<char>>>>>>>,std::__map_value_compare<mg1604::ParamString,std::__value_type<mg1604::ParamString,std::vector<std::vector<std::basic_string<char,std::char_traits<char>,bex::HeapModule::Allocator_string<char>>,std::allocator<std::basic_string<char,std::char_traits<char>,bex::HeapModule::Allocator_string<char>>>>,std::allocator<std::vector<std::basic_string<char,std::char_traits<char>,bex::HeapModule::Allocator_string<char>>,std::allocator<std::basic_string<char,std::char_traits<char>,bex::HeapModule::Allocator_string<char>>>>>>>,std::less<mg1604::ParamString>,true>,std::allocator<std::__value_type<mg1604::ParamString,std::vector<std::vector<std::basic_string<char,std::char_traits<char>,bex::HeapModule::Allocator_string<char>>,std::allocator<std::basic_string<char,std::char_traits<char>,bex::HeapModule::Allocator_string<char>>>>,std::allocator<std::vector<std::basic_string<char,std::char_traits<char>,bex::HeapModule::Allocator_string<char>>,std::allocator<std::basic_string<char,std::char_traits<char>,bex::HeapModule::Allocator_string<char>>>>>>>>> * this, undefined8 * param_1)
710002ec18	20	FUN_710002ec18		d	a	0		undefined FUN_710002ec18(void)
710002ec30	148	destroy	std::__tree<std::__value_type<mg1604::ParamVector2,std::vector<std::vector<nn::util::Vector2f,std::allocator<nn::util::Vector2f>>,std::allocator<std::vector<nn::util::Vector2f,std::allocator<nn::util::Vector2f>>>>>,std::__map_value_compare<mg1604::ParamVector2,std::__value_type<mg1604::ParamVector2,std::vector<std::vector<nn::util::Vector2f,std::allocator<nn::util::Vector2f>>,std::allocator<std::vector<nn::util::Vector2f,std::allocator<nn::util::Vector2f>>>>>,std::less<mg1604::ParamVector2>,true>,std::allocator<std::__value_type<mg1604::ParamVector2,std::vector<std::vector<nn::util::Vector2f,std::allocator<nn::util::Vector2f>>,std::allocator<std::vector<nn::util::Vector2f,std::allocator<nn::util::Vector2f>>>>>>>	a	a	0		undefined destroy(__tree<std::__value_type<mg1604::ParamVector2,std::vector<std::vector<nn::util::Vector2f,std::allocator<nn::util::Vector2f>>,std::allocator<std::vector<nn::util::Vector2f,std::allocator<nn::util::Vector2f>>>>>,std::__map_value_compare<mg1604::ParamVector2,std::__value_type<mg1604::ParamVector2,std::vector<std::vector<nn::util::Vector2f,std::allocator<nn::util::Vector2f>>,std::allocator<std::vector<nn::util::Vector2f,std::allocator<nn::util::Vector2f>>>>>,std::less<mg1604::ParamVector2>,true>,std::allocator<std::__value_type<mg1604::ParamVector2,std::vector<std::vector<nn::util::Vector2f,std::allocator<nn::util::Vector2f>>,std::allocator<std::vector<nn::util::Vector2f,std::allocator<nn::util::Vector2f>>>>>>> * this, undefined8 * param_1)
710002ecc4	20	FUN_710002ecc4		d	a	0		undefined FUN_710002ecc4(void)
710002ece0	148	destroy	std::__tree<std::__value_type<mg1604::ParamVector3,std::vector<std::vector<nn::util::Vector3f,std::allocator<nn::util::Vector3f>>,std::allocator<std::vector<nn::util::Vector3f,std::allocator<nn::util::Vector3f>>>>>,std::__map_value_compare<mg1604::ParamVector3,std::__value_type<mg1604::ParamVector3,std::vector<std::vector<nn::util::Vector3f,std::allocator<nn::util::Vector3f>>,std::allocator<std::vector<nn::util::Vector3f,std::allocator<nn::util::Vector3f>>>>>,std::less<mg1604::ParamVector3>,true>,std::allocator<std::__value_type<mg1604::ParamVector3,std::vector<std::vector<nn::util::Vector3f,std::allocator<nn::util::Vector3f>>,std::allocator<std::vector<nn::util::Vector3f,std::allocator<nn::util::Vector3f>>>>>>>	a	a	0		undefined destroy(__tree<std::__value_type<mg1604::ParamVector3,std::vector<std::vector<nn::util::Vector3f,std::allocator<nn::util::Vector3f>>,std::allocator<std::vector<nn::util::Vector3f,std::allocator<nn::util::Vector3f>>>>>,std::__map_value_compare<mg1604::ParamVector3,std::__value_type<mg1604::ParamVector3,std::vector<std::vector<nn::util::Vector3f,std::allocator<nn::util::Vector3f>>,std::allocator<std::vector<nn::util::Vector3f,std::allocator<nn::util::Vector3f>>>>>,std::less<mg1604::ParamVector3>,true>,std::allocator<std::__value_type<mg1604::ParamVector3,std::vector<std::vector<nn::util::Vector3f,std::allocator<nn::util::Vector3f>>,std::allocator<std::vector<nn::util::Vector3f,std::allocator<nn::util::Vector3f>>>>>>> * this, undefined8 * param_1)
710002ed74	20	FUN_710002ed74		d	a	0		undefined FUN_710002ed74(void)
710002ed90	148	destroy	std::__tree<std::__value_type<mg1604::ParamVector4,std::vector<std::vector<nn::util::Vector4f,std::allocator<nn::util::Vector4f>>,std::allocator<std::vector<nn::util::Vector4f,std::allocator<nn::util::Vector4f>>>>>,std::__map_value_compare<mg1604::ParamVector4,std::__value_type<mg1604::ParamVector4,std::vector<std::vector<nn::util::Vector4f,std::allocator<nn::util::Vector4f>>,std::allocator<std::vector<nn::util::Vector4f,std::allocator<nn::util::Vector4f>>>>>,std::less<mg1604::ParamVector4>,true>,std::allocator<std::__value_type<mg1604::ParamVector4,std::vector<std::vector<nn::util::Vector4f,std::allocator<nn::util::Vector4f>>,std::allocator<std::vector<nn::util::Vector4f,std::allocator<nn::util::Vector4f>>>>>>>	a	a	0		undefined destroy(__tree<std::__value_type<mg1604::ParamVector4,std::vector<std::vector<nn::util::Vector4f,std::allocator<nn::util::Vector4f>>,std::allocator<std::vector<nn::util::Vector4f,std::allocator<nn::util::Vector4f>>>>>,std::__map_value_compare<mg1604::ParamVector4,std::__value_type<mg1604::ParamVector4,std::vector<std::vector<nn::util::Vector4f,std::allocator<nn::util::Vector4f>>,std::allocator<std::vector<nn::util::Vector4f,std::allocator<nn::util::Vector4f>>>>>,std::less<mg1604::ParamVector4>,true>,std::allocator<std::__value_type<mg1604::ParamVector4,std::vector<std::vector<nn::util::Vector4f,std::allocator<nn::util::Vector4f>>,std::allocator<std::vector<nn::util::Vector4f,std::allocator<nn::util::Vector4f>>>>>>> * this, undefined8 * param_1)
710002ee24	60	FUN_710002ee24		d	a	0		undefined FUN_710002ee24(undefined8 * param_1)
710002ee60	36	~__shared_ptr_pointer	std::__shared_ptr_pointer<mg1604::GameParamStruct*,std::shared_ptr<mg1604::GameParamStruct>::__shared_ptr_default_delete<mg1604::GameParamStruct,mg1604::GameParamStruct>,std::allocator<mg1604::GameParamStruct>>	a	a	0		undefined ~__shared_ptr_pointer(__shared_ptr_pointer<mg1604::GameParamStruct*,std::shared_ptr<mg1604::GameParamStruct>::__shared_ptr_default_delete<mg1604::GameParamStruct,mg1604::GameParamStruct>,std::allocator<mg1604::GameParamStruct>> * this)
710002ee84	56	__on_zero_shared	std::__shared_ptr_pointer<mg1604::GameParamStruct*,std::shared_ptr<mg1604::GameParamStruct>::__shared_ptr_default_delete<mg1604::GameParamStruct,mg1604::GameParamStruct>,std::allocator<mg1604::GameParamStruct>>	a	a	0		undefined __on_zero_shared(__shared_ptr_pointer<mg1604::GameParamStruct*,std::shared_ptr<mg1604::GameParamStruct>::__shared_ptr_default_delete<mg1604::GameParamStruct,mg1604::GameParamStruct>,std::allocator<mg1604::GameParamStruct>> * this)
710002eebc	4	__on_zero_shared_weak	std::__shared_ptr_pointer<mg1604::GameParamStruct*,std::shared_ptr<mg1604::GameParamStruct>::__shared_ptr_default_delete<mg1604::GameParamStruct,mg1604::GameParamStruct>,std::allocator<mg1604::GameParamStruct>>	a	a	0		undefined __on_zero_shared_weak(__shared_ptr_pointer<mg1604::GameParamStruct*,std::shared_ptr<mg1604::GameParamStruct>::__shared_ptr_default_delete<mg1604::GameParamStruct,mg1604::GameParamStruct>,std::allocator<mg1604::GameParamStruct>> * this)
710002eec0	276	~GameParamStruct	mg1604::GameParamStruct	a	a	0		undefined ~GameParamStruct(GameParamStruct * this)
710002efd4	60	FUN_710002efd4		d	a	0		undefined FUN_710002efd4(undefined8 * param_1)
710002f010	36	~__shared_ptr_pointer	std::__shared_ptr_pointer<mg1604::GameParam*,std::shared_ptr<mg1604::GameParam>::__shared_ptr_default_delete<mg1604::GameParam,mg1604::GameParam>,std::allocator<mg1604::GameParam>>	a	a	0		undefined ~__shared_ptr_pointer(__shared_ptr_pointer<mg1604::GameParam*,std::shared_ptr<mg1604::GameParam>::__shared_ptr_default_delete<mg1604::GameParam,mg1604::GameParam>,std::allocator<mg1604::GameParam>> * this)
710002f034	56	__on_zero_shared	std::__shared_ptr_pointer<mg1604::GameParam*,std::shared_ptr<mg1604::GameParam>::__shared_ptr_default_delete<mg1604::GameParam,mg1604::GameParam>,std::allocator<mg1604::GameParam>>	a	a	0		undefined __on_zero_shared(__shared_ptr_pointer<mg1604::GameParam*,std::shared_ptr<mg1604::GameParam>::__shared_ptr_default_delete<mg1604::GameParam,mg1604::GameParam>,std::allocator<mg1604::GameParam>> * this)
710002f06c	4	__on_zero_shared_weak	std::__shared_ptr_pointer<mg1604::GameParam*,std::shared_ptr<mg1604::GameParam>::__shared_ptr_default_delete<mg1604::GameParam,mg1604::GameParam>,std::allocator<mg1604::GameParam>>	a	a	0		undefined __on_zero_shared_weak(__shared_ptr_pointer<mg1604::GameParam*,std::shared_ptr<mg1604::GameParam>::__shared_ptr_default_delete<mg1604::GameParam,mg1604::GameParam>,std::allocator<mg1604::GameParam>> * this)
710002f070	196	~GameParam	mg1604::GameParam	a	a	0		undefined ~GameParam(GameParam * this)
710002f140	208	FUN_710002f140		d	a	0		undefined FUN_710002f140(undefined8 * param_1)
710002f218	80	destroy	std::__tree<std::__value_type<mg1604::CSVLoader::DataType,std::basic_string<char,std::char_traits<char>,bex::HeapModule::Allocator_string<char>>>,std::__map_value_compare<mg1604::CSVLoader::DataType,std::__value_type<mg1604::CSVLoader::DataType,std::basic_string<char,std::char_traits<char>,bex::HeapModule::Allocator_string<char>>>,std::less<mg1604::CSVLoader::DataType>,true>,std::allocator<std::__value_type<mg1604::CSVLoader::DataType,std::basic_string<char,std::char_traits<char>,bex::HeapModule::Allocator_string<char>>>>>	a	a	0		undefined destroy(__tree<std::__value_type<mg1604::CSVLoader::DataType,std::basic_string<char,std::char_traits<char>,bex::HeapModule::Allocator_string<char>>>,std::__map_value_compare<mg1604::CSVLoader::DataType,std::__value_type<mg1604::CSVLoader::DataType,std::basic_string<char,std::char_traits<char>,bex::HeapModule::Allocator_string<char>>>,std::less<mg1604::CSVLoader::DataType>,true>,std::allocator<std::__value_type<mg1604::CSVLoader::DataType,std::basic_string<char,std::char_traits<char>,bex::HeapModule::Allocator_string<char>>>>> * this, undefined8 * param_1)
710002f270	568	__push_back_slow_path<std::basic_string<char,std::char_traits<char>,bex::HeapModule::Allocator_string<char>>const&>	std::vector<std::basic_string<char,std::char_traits<char>,bex::HeapModule::Allocator_string<char>>,std::allocator<std::basic_string<char,std::char_traits<char>,bex::HeapModule::Allocator_string<char>>>>	a	a	0		void __push_back_slow_path<std::basic_string<char,std::char_traits<char>,bex::HeapModule::Allocator_string<char>>const&>(vector<std::basic_string<char,std::char_traits<char>,bex::HeapModule::Allocator_string<char>>,std::allocator<std::basic_string<char,std::char_traits<char>,bex::HeapModule::Allocator_string<char>>>> * this, byte * param_1)
710002f4b0	104	FUN_710002f4b0		d	a	0		undefined FUN_710002f4b0(undefined8 * param_1)
710002f518	208	FUN_710002f518		d	a	0		undefined FUN_710002f518(long * param_1, ulong param_2)
710002f5e8	432	__construct_at_end<std::__bit_iterator<std::vector<bool,std::allocator<bool>>,false,0ul>>	std::vector<bool,std::allocator<bool>>	a	a	0		type __construct_at_end<std::__bit_iterator<std::vector<bool,std::allocator<bool>>,false,0ul>>(vector<bool,std::allocator<bool>> * this, long * param_1, long * param_2)
710002f7a0	676	FUN_710002f7a0		d	a	0		undefined FUN_710002f7a0(long * param_1, long * param_2, long * param_3, long * param_4)
710002fa50	596	__push_back_slow_path<std::vector<int,std::allocator<int>>const&>	std::vector<std::vector<int,std::allocator<int>>,std::allocator<std::vector<int,std::allocator<int>>>>	a	a	0		void __push_back_slow_path<std::vector<int,std::allocator<int>>const&>(vector<std::vector<int,std::allocator<int>>,std::allocator<std::vector<int,std::allocator<int>>>> * this, long * param_1)
710002fcb0	112	FUN_710002fcb0		d	a	0		undefined FUN_710002fcb0(undefined8 * param_1)
710002fd20	596	__push_back_slow_path<std::vector<float,std::allocator<float>>const&>	std::vector<std::vector<float,std::allocator<float>>,std::allocator<std::vector<float,std::allocator<float>>>>	a	a	0		void __push_back_slow_path<std::vector<float,std::allocator<float>>const&>(vector<std::vector<float,std::allocator<float>>,std::allocator<std::vector<float,std::allocator<float>>>> * this, long * param_1)
710002ff80	112	FUN_710002ff80		d	a	0		undefined FUN_710002ff80(undefined8 * param_1)
710002fff0	512	__push_back_slow_path<std::vector<std::basic_string<char,std::char_traits<char>,bex::HeapModule::Allocator_string<char>>,std::allocator<std::basic_string<char,std::char_traits<char>,bex::HeapModule::Allocator_string<char>>>>const&>	std::vector<std::vector<std::basic_string<char,std::char_traits<char>,bex::HeapModule::Allocator_string<char>>,std::allocator<std::basic_string<char,std::char_traits<char>,bex::HeapModule::Allocator_string<char>>>>,std::allocator<std::vector<std::basic_string<char,std::char_traits<char>,bex::HeapModule::Allocator_string<char>>,std::allocator<std::basic_string<char,std::char_traits<char>,bex::HeapModule::Allocator_string<char>>>>>>	a	a	0		void __push_back_slow_path<std::vector<std::basic_string<char,std::char_traits<char>,bex::HeapModule::Allocator_string<char>>,std::allocator<std::basic_string<char,std::char_traits<char>,bex::HeapModule::Allocator_string<char>>>>const&>(vector<std::vector<std::basic_string<char,std::char_traits<char>,bex::HeapModule::Allocator_string<char>>,std::allocator<std::basic_string<char,std::char_traits<char>,bex::HeapModule::Allocator_string<char>>>>,std::allocator<std::vector<std::basic_string<char,std::char_traits<char>,bex::HeapModule::Allocator_string<char>>,std::allocator<std::basic_string<char,std::char_traits<char>,bex::HeapModule::Allocator_string<char>>>>>> * this, long * param_1)
7100030200	256	construct[abi:v160006]<std::vector<std::basic_string<char,std::char_traits<char>,bex::HeapModule::Allocator_string<char>>,std::allocator<std::basic_string<char,std::char_traits<char>,bex::HeapModule::Allocator_string<char>>>>,std::vector<std::basic_string<char,std::char_traits<char>,bex::HeapModule::Allocator_string<char>>,std::allocator<std::basic_string<char,std::char_traits<char>,bex::HeapModule::Allocator_string<char>>>>const&>	std::allocator<std::vector<std::basic_string<char,std::char_traits<char>,bex::HeapModule::Allocator_string<char>>,std::allocator<std::basic_string<char,std::char_traits<char>,bex::HeapModule::Allocator_string<char>>>>>	a	a	0		void construct[abi:v160006]<std::vector<std::basic_string<char,std::char_traits<char>,bex::HeapModule::Allocator_string<char>>,std::allocator<std::basic_string<char,std::char_traits<char>,bex::HeapModule::Allocator_string<char>>>>,std::vector<std::basic_string<char,std::char_traits<char>,bex::HeapModule::Allocator_string<char>>,std::allocator<std::basic_string<char,std::char_traits<char>,bex::HeapModule::Allocator_string<char>>>>const&>(undefined8 param_1_00, undefined8 * param_2, long * param_3)
7100030310	184	FUN_7100030310		d	a	0		undefined FUN_7100030310(undefined8 * param_1)
71000303d0	544	__push_back_slow_path<std::vector<bool,std::allocator<bool>>const&>	std::vector<std::vector<bool,std::allocator<bool>>,std::allocator<std::vector<bool,std::allocator<bool>>>>	a	a	0		void __push_back_slow_path<std::vector<bool,std::allocator<bool>>const&>(vector<std::vector<bool,std::allocator<bool>>,std::allocator<std::vector<bool,std::allocator<bool>>>> * this, undefined8 * param_1)
7100030600	108	FUN_7100030600		d	a	0		undefined FUN_7100030600(undefined8 * param_1)
7100030670	596	__push_back_slow_path<std::vector<nn::util::Vector2f,std::allocator<nn::util::Vector2f>>const&>	std::vector<std::vector<nn::util::Vector2f,std::allocator<nn::util::Vector2f>>,std::allocator<std::vector<nn::util::Vector2f,std::allocator<nn::util::Vector2f>>>>	a	a	0		void __push_back_slow_path<std::vector<nn::util::Vector2f,std::allocator<nn::util::Vector2f>>const&>(vector<std::vector<nn::util::Vector2f,std::allocator<nn::util::Vector2f>>,std::allocator<std::vector<nn::util::Vector2f,std::allocator<nn::util::Vector2f>>>> * this, long * param_1)
71000308d0	112	FUN_71000308d0		d	a	0		undefined FUN_71000308d0(undefined8 * param_1)
7100030940	608	__push_back_slow_path<std::vector<nn::util::Vector3f,std::allocator<nn::util::Vector3f>>const&>	std::vector<std::vector<nn::util::Vector3f,std::allocator<nn::util::Vector3f>>,std::allocator<std::vector<nn::util::Vector3f,std::allocator<nn::util::Vector3f>>>>	a	a	0		void __push_back_slow_path<std::vector<nn::util::Vector3f,std::allocator<nn::util::Vector3f>>const&>(vector<std::vector<nn::util::Vector3f,std::allocator<nn::util::Vector3f>>,std::allocator<std::vector<nn::util::Vector3f,std::allocator<nn::util::Vector3f>>>> * this, long * param_1)
7100030ba0	112	FUN_7100030ba0		d	a	0		undefined FUN_7100030ba0(undefined8 * param_1)
7100030c10	608	__push_back_slow_path<std::vector<nn::util::Vector4f,std::allocator<nn::util::Vector4f>>const&>	std::vector<std::vector<nn::util::Vector4f,std::allocator<nn::util::Vector4f>>,std::allocator<std::vector<nn::util::Vector4f,std::allocator<nn::util::Vector4f>>>>	a	a	0		void __push_back_slow_path<std::vector<nn::util::Vector4f,std::allocator<nn::util::Vector4f>>const&>(vector<std::vector<nn::util::Vector4f,std::allocator<nn::util::Vector4f>>,std::allocator<std::vector<nn::util::Vector4f,std::allocator<nn::util::Vector4f>>>> * this, long * param_1)
7100030e70	112	FUN_7100030e70		d	a	0		undefined FUN_7100030e70(undefined8 * param_1)
7100030ee0	2796	FUN_7100030ee0		d	a	0		undefined FUN_7100030ee0(void)
7100031bb0	1204	GameParam	mg1604::GameParam	a	a	0		undefined GameParam(GameParam * this, undefined8 * param_2, GameParam param_3, wl * param_4)
7100032080	336	make_unique<mg1604::CSVLoader,std::basic_string<char,std::char_traits<char>,bex::HeapModule::Allocator_string<char>>const&>	wl	a	a	0		unique_ptr make_unique<mg1604::CSVLoader,std::basic_string<char,std::char_traits<char>,bex::HeapModule::Allocator_string<char>>const&>(undefined8 * param_1, wl * this)
71000321d0	624	InsertInt	mg1604::GameParam	a	a	0		undefined InsertInt(GameParam * this, undefined8 * param_1, int param_2)
7100032450	608	InsertFloat	mg1604::GameParam	a	a	0		undefined InsertFloat(GameParam * this, undefined8 * param_1, int param_2)
71000326c0	624	InsertBool	mg1604::GameParam	a	a	0		undefined InsertBool(GameParam * this, undefined8 * param_1, uint param_2)
7100032940	628	InsertString	mg1604::GameParam	a	a	0		undefined InsertString(GameParam * this, undefined8 * param_1, int param_2)
7100032bd0	608	InsertVector2	mg1604::GameParam	a	a	0		undefined InsertVector2(GameParam * this, undefined8 * param_1, int param_2)
7100032e40	624	InsertVector3	mg1604::GameParam	a	a	0		undefined InsertVector3(GameParam * this, undefined8 * param_1, int param_2)
71000330c0	624	InsertVector4	mg1604::GameParam	a	a	0		undefined InsertVector4(GameParam * this, undefined8 * param_1, int param_2)
710003333c	20	GameParam	mg1604::GameParam	a	a	0		undefined GameParam(GameParam * this)
7100033350	68	GetUsingParamStruct	mg1604::GameParam	a	a	0		undefined GetUsingParamStruct(undefined8 * param_1, byte * param_2, byte param_3)
71000333a0	408	InsertVecInt	mg1604::GameParamStruct	a	a	0		undefined InsertVecInt(GameParamStruct * this, int param_1, long * param_2)
7100033560	300	InsertVec2Int	mg1604::GameParamStruct	a	a	0		undefined InsertVec2Int(long param_1, undefined4 param_2, long * param_3)
71000336a0	408	InsertVecFloat	mg1604::GameParamStruct	a	a	0		undefined InsertVecFloat(GameParamStruct * this, int param_1, long * param_2)
7100033860	300	InsertVec2Float	mg1604::GameParamStruct	a	a	0		undefined InsertVec2Float(long param_1, undefined4 param_2, long * param_3)
71000339a0	336	InsertVecBool	mg1604::GameParamStruct	a	a	0		undefined InsertVecBool(GameParamStruct * this, int param_1, undefined8 * param_2)
7100033af0	288	InsertVec2Bool	mg1604::GameParamStruct	a	a	0		undefined InsertVec2Bool(long param_1, undefined4 param_2, long * param_3)
7100033c20	300	InsertVecString	mg1604::GameParamStruct	a	a	0		undefined InsertVecString(long param_1, undefined4 param_2, long * param_3)
7100033d60	372	InsertVec2String	mg1604::GameParamStruct	a	a	0		undefined InsertVec2String(GameParamStruct * this, int param_1, long * param_2)
7100033ef0	412	InsertString	mg1604::GameParamStruct	a	a	0		undefined InsertString(GameParamStruct * this, int param_1, ulong * param_2)
7100034090	404	InsertVecVector2	mg1604::GameParamStruct	a	a	0		undefined InsertVecVector2(GameParamStruct * this, int param_1, long * param_2)
7100034250	300	InsertVec2Vector2	mg1604::GameParamStruct	a	a	0		undefined InsertVec2Vector2(long param_1, undefined4 param_2, long * param_3)
7100034390	420	InsertVecVector3	mg1604::GameParamStruct	a	a	0		undefined InsertVecVector3(GameParamStruct * this, int param_1, long * param_2)
7100034560	300	InsertVec2Vector3	mg1604::GameParamStruct	a	a	0		undefined InsertVec2Vector3(long param_1, undefined4 param_2, long * param_3)
71000346a0	420	InsertVecVector4	mg1604::GameParamStruct	a	a	0		undefined InsertVecVector4(GameParamStruct * this, int param_1, long * param_2)
7100034870	300	InsertVec2Vector4	mg1604::GameParamStruct	a	a	0		undefined InsertVec2Vector4(long param_1, undefined4 param_2, long * param_3)
71000349b0	432	GetParamInt	mg1604::GameParam	a	a	0		ulong GetParamInt(GameParam * this, int param_1)
7100034b60	272	GetInt	mg1604::GameParamStruct	a	a	0		ulong GetInt(GameParamStruct * this, int param_1)
7100034c80	448	GetParamFloat	mg1604::GameParam	a	a	0		undefined4 GetParamFloat(GameParam * this, int param_2)
7100034e40	284	GetFloat	mg1604::GameParamStruct	a	a	0		ulong GetFloat(GameParamStruct * this, int param_1)
7100034f70	444	GetParamBool	mg1604::GameParam	a	a	0		uint GetParamBool(GameParam * this, int param_1)
7100035130	288	GetBool	mg1604::GameParamStruct	a	a	0		uint GetBool(GameParamStruct * this, int param_1)
7100035260	796	GetParamString	mg1604::GameParam	a	a	0		undefined GetParamString(long * param_1, char * param_2, int param_3)
7100035580	432	GetString	mg1604::GameParamStruct	a	a	0		undefined GetString(long * param_1, long param_2, int param_3)
7100035730	452	GetParamVector2	mg1604::GameParam	a	a	0		undefined1[16] GetParamVector2(GameParam * this, int param_2)
7100035900	300	GetVector2	mg1604::GameParamStruct	a	a	0		undefined1[16] GetVector2(GameParamStruct * this, int param_1)
7100035a40	448	GetParamVector3	mg1604::GameParam	a	a	0		undefined1[16] GetParamVector3(GameParam * this, int param_2)
7100035c00	280	GetVector3	mg1604::GameParamStruct	a	a	0		undefined GetVector3(long * param_1, long param_2, int param_3)
7100035d20	448	GetParamVector4	mg1604::GameParam	a	a	0		undefined1[16] GetParamVector4(GameParam * this, int param_2)
7100035ee0	280	GetVector4	mg1604::GameParamStruct	a	a	0		undefined GetVector4(long * param_1, long param_2, int param_3)
7100036000	688	GetParamVecInt	mg1604::GameParam	a	a	0		undefined GetParamVecInt(undefined8 * param_1, char * param_2, int param_3)
71000362b0	396	GetVecInt	mg1604::GameParamStruct	a	a	0		undefined GetVecInt(undefined8 * param_1, long param_2, int param_3)
7100036460	688	GetParamVecFloat	mg1604::GameParam	a	a	0		undefined GetParamVecFloat(undefined8 * param_1, char * param_2, int param_3)
7100036710	396	GetVecFloat	mg1604::GameParamStruct	a	a	0		undefined GetVecFloat(undefined8 * param_1, long param_2, int param_3)
71000368c0	636	GetParamVecBool	mg1604::GameParam	a	a	0		undefined GetParamVecBool(long * param_1, char * param_2, int param_3)
7100036b40	376	GetVecBool	mg1604::GameParamStruct	a	a	0		undefined GetVecBool(long * param_1, long param_2, int param_3)
7100036cc0	892	GetParamVecString	mg1604::GameParam	a	a	0		undefined GetParamVecString(undefined8 * param_1, char * param_2, uint param_3)
7100037060	260	GetVecString	mg1604::GameParamStruct	a	a	0		undefined GetVecString(undefined8 * param_1, long param_2, undefined8 param_3)
7100037170	688	GetParamVecVector2	mg1604::GameParam	a	a	0		undefined GetParamVecVector2(undefined8 * param_1, char * param_2, int param_3)
7100037420	396	GetVecVector2	mg1604::GameParamStruct	a	a	0		undefined GetVecVector2(undefined8 * param_1, long param_2, int param_3)
71000375d0	688	GetParamVecVector3	mg1604::GameParam	a	a	0		undefined GetParamVecVector3(undefined8 * param_1, char * param_2, int param_3)
7100037880	404	GetVecVector3	mg1604::GameParamStruct	a	a	0		undefined GetVecVector3(undefined8 * param_1, long param_2, int param_3)
7100037a30	688	GetParamVecVector4	mg1604::GameParam	a	a	0		undefined GetParamVecVector4(undefined8 * param_1, char * param_2, int param_3)
7100037ce0	404	GetVecVector4	mg1604::GameParamStruct	a	a	0		undefined GetVecVector4(undefined8 * param_1, long param_2, int param_3)
7100037e90	892	GetParamVec2Int	mg1604::GameParam	a	a	0		undefined GetParamVec2Int(undefined8 * param_1, char * param_2, uint param_3)
7100038230	260	GetVec2Int	mg1604::GameParamStruct	a	a	0		undefined GetVec2Int(undefined8 * param_1, long param_2, undefined8 param_3)
7100038340	892	GetParamVec2Float	mg1604::GameParam	a	a	0		undefined GetParamVec2Float(undefined8 * param_1, char * param_2, uint param_3)
71000386e0	260	GetVec2Float	mg1604::GameParamStruct	a	a	0		undefined GetVec2Float(undefined8 * param_1, long param_2, undefined8 param_3)
71000387f0	868	GetParamVec2Bool	mg1604::GameParam	a	a	0		undefined GetParamVec2Bool(undefined8 * param_1, char * param_2, uint param_3)
7100038b80	260	GetVec2Bool	mg1604::GameParamStruct	a	a	0		undefined GetVec2Bool(undefined8 * param_1, long param_2, undefined8 param_3)
7100038c90	760	GetParamVec2String	mg1604::GameParam	a	a	0		undefined GetParamVec2String(undefined8 * param_1, char * param_2, int param_3)
7100038fb0	284	GetVec2String	mg1604::GameParamStruct	a	a	0		undefined GetVec2String(undefined8 * param_1, long param_2, int param_3)
71000390d0	280	FUN_71000390d0		d	a	0		undefined FUN_71000390d0(undefined8 * param_1, long * param_2)
7100039200	892	GetParamVec2Vector2	mg1604::GameParam	a	a	0		undefined GetParamVec2Vector2(undefined8 * param_1, char * param_2, uint param_3)
71000395a0	260	GetVec2Vector2	mg1604::GameParamStruct	a	a	0		undefined GetVec2Vector2(undefined8 * param_1, long param_2, undefined8 param_3)
71000396b0	892	GetParamVec2Vector3	mg1604::GameParam	a	a	0		undefined GetParamVec2Vector3(undefined8 * param_1, char * param_2, uint param_3)
7100039a50	260	GetVec2Vector3	mg1604::GameParamStruct	a	a	0		undefined GetVec2Vector3(undefined8 * param_1, long param_2, undefined8 param_3)
7100039b60	892	GetParamVec2Vector4	mg1604::GameParam	a	a	0		undefined GetParamVec2Vector4(undefined8 * param_1, char * param_2, uint param_3)
7100039f00	260	GetVec2Vector4	mg1604::GameParamStruct	a	a	0		undefined GetVec2Vector4(undefined8 * param_1, long param_2, undefined8 param_3)
710003a010	272	pair[abi:v160006]<mg1604::ParamInt&,std::vector<std::vector<int,std::allocator<int>>,std::allocator<std::vector<int,std::allocator<int>>>>&,(void*)0>	std::pair<mg1604::ParamInt_const,std::vector<std::vector<int,std::allocator<int>>,std::allocator<std::vector<int,std::allocator<int>>>>>	a	a	0		ParamInt * pair[abi:v160006]<mg1604::ParamInt&,std::vector<std::vector<int,std::allocator<int>>,std::allocator<std::vector<int,std::allocator<int>>>>&,(void*)0>(undefined4 * param_1, undefined4 * param_2, long * param_3)
710003a130	272	pair[abi:v160006]<mg1604::ParamFloat&,std::vector<std::vector<float,std::allocator<float>>,std::allocator<std::vector<float,std::allocator<float>>>>&,(void*)0>	std::pair<mg1604::ParamFloat_const,std::vector<std::vector<float,std::allocator<float>>,std::allocator<std::vector<float,std::allocator<float>>>>>	a	a	0		ParamFloat * pair[abi:v160006]<mg1604::ParamFloat&,std::vector<std::vector<float,std::allocator<float>>,std::allocator<std::vector<float,std::allocator<float>>>>&,(void*)0>(undefined4 * param_1, undefined4 * param_2, long * param_3)
710003a250	260	pair[abi:v160006]<mg1604::ParamBool&,std::vector<std::vector<bool,std::allocator<bool>>,std::allocator<std::vector<bool,std::allocator<bool>>>>&,(void*)0>	std::pair<mg1604::ParamBool_const,std::vector<std::vector<bool,std::allocator<bool>>,std::allocator<std::vector<bool,std::allocator<bool>>>>>	a	a	0		ParamBool * pair[abi:v160006]<mg1604::ParamBool&,std::vector<std::vector<bool,std::allocator<bool>>,std::allocator<std::vector<bool,std::allocator<bool>>>>&,(void*)0>(undefined4 * param_1, undefined4 * param_2, long * param_3)
710003a360	272	pair[abi:v160006]<mg1604::ParamString&,std::vector<std::basic_string<char,std::char_traits<char>,bex::HeapModule::Allocator_string<char>>,std::allocator<std::basic_string<char,std::char_traits<char>,bex::HeapModule::Allocator_string<char>>>>&,(void*)0>	std::pair<mg1604::ParamString_const,std::vector<std::basic_string<char,std::char_traits<char>,bex::HeapModule::Allocator_string<char>>,std::allocator<std::basic_string<char,std::char_traits<char>,bex::HeapModule::Allocator_string<char>>>>>	a	a	0		ParamString * pair[abi:v160006]<mg1604::ParamString&,std::vector<std::basic_string<char,std::char_traits<char>,bex::HeapModule::Allocator_string<char>>,std::allocator<std::basic_string<char,std::char_traits<char>,bex::HeapModule::Allocator_string<char>>>>&,(void*)0>(undefined4 * param_1, undefined4 * param_2, long * param_3)
710003a480	272	pair[abi:v160006]<mg1604::ParamVector2&,std::vector<std::vector<nn::util::Vector2f,std::allocator<nn::util::Vector2f>>,std::allocator<std::vector<nn::util::Vector2f,std::allocator<nn::util::Vector2f>>>>&,(void*)0>	std::pair<mg1604::ParamVector2_const,std::vector<std::vector<nn::util::Vector2f,std::allocator<nn::util::Vector2f>>,std::allocator<std::vector<nn::util::Vector2f,std::allocator<nn::util::Vector2f>>>>>	a	a	0		ParamVector2 * pair[abi:v160006]<mg1604::ParamVector2&,std::vector<std::vector<nn::util::Vector2f,std::allocator<nn::util::Vector2f>>,std::allocator<std::vector<nn::util::Vector2f,std::allocator<nn::util::Vector2f>>>>&,(void*)0>(undefined4 * param_1, undefined4 * param_2, long * param_3)
710003a5a0	272	pair[abi:v160006]<mg1604::ParamVector3&,std::vector<std::vector<nn::util::Vector3f,std::allocator<nn::util::Vector3f>>,std::allocator<std::vector<nn::util::Vector3f,std::allocator<nn::util::Vector3f>>>>&,(void*)0>	std::pair<mg1604::ParamVector3_const,std::vector<std::vector<nn::util::Vector3f,std::allocator<nn::util::Vector3f>>,std::allocator<std::vector<nn::util::Vector3f,std::allocator<nn::util::Vector3f>>>>>	a	a	0		ParamVector3 * pair[abi:v160006]<mg1604::ParamVector3&,std::vector<std::vector<nn::util::Vector3f,std::allocator<nn::util::Vector3f>>,std::allocator<std::vector<nn::util::Vector3f,std::allocator<nn::util::Vector3f>>>>&,(void*)0>(undefined4 * param_1, undefined4 * param_2, long * param_3)
710003a6c0	272	pair[abi:v160006]<mg1604::ParamVector4&,std::vector<std::vector<nn::util::Vector4f,std::allocator<nn::util::Vector4f>>,std::allocator<std::vector<nn::util::Vector4f,std::allocator<nn::util::Vector4f>>>>&,(void*)0>	std::pair<mg1604::ParamVector4_const,std::vector<std::vector<nn::util::Vector4f,std::allocator<nn::util::Vector4f>>,std::allocator<std::vector<nn::util::Vector4f,std::allocator<nn::util::Vector4f>>>>>	a	a	0		ParamVector4 * pair[abi:v160006]<mg1604::ParamVector4&,std::vector<std::vector<nn::util::Vector4f,std::allocator<nn::util::Vector4f>>,std::allocator<std::vector<nn::util::Vector4f,std::allocator<nn::util::Vector4f>>>>&,(void*)0>(undefined4 * param_1, undefined4 * param_2, long * param_3)
710003a7e0	264	__optional_destruct_base[abi:v160006]<std::vector<std::basic_string<char,std::char_traits<char>,bex::HeapModule::Allocator_string<char>>,std::allocator<std::basic_string<char,std::char_traits<char>,bex::HeapModule::Allocator_string<char>>>>&>	std::__optional_destruct_base<std::vector<std::basic_string<char,std::char_traits<char>,bex::HeapModule::Allocator_string<char>>,std::allocator<std::basic_string<char,std::char_traits<char>,bex::HeapModule::Allocator_string<char>>>>,false>	a	a	0		in_place_t __optional_destruct_base[abi:v160006]<std::vector<std::basic_string<char,std::char_traits<char>,bex::HeapModule::Allocator_string<char>>,std::allocator<std::basic_string<char,std::char_traits<char>,bex::HeapModule::Allocator_string<char>>>>&>(undefined8 * param_1, undefined8 param_2, long * param_3)
710003a900	264	__optional_destruct_base[abi:v160006]<std::vector<std::vector<int,std::allocator<int>>,std::allocator<std::vector<int,std::allocator<int>>>>&>	std::__optional_destruct_base<std::vector<std::vector<int,std::allocator<int>>,std::allocator<std::vector<int,std::allocator<int>>>>,false>	a	a	0		in_place_t __optional_destruct_base[abi:v160006]<std::vector<std::vector<int,std::allocator<int>>,std::allocator<std::vector<int,std::allocator<int>>>>&>(undefined8 * param_1, undefined8 param_2, long * param_3)
710003aa20	264	__optional_destruct_base[abi:v160006]<std::vector<std::vector<float,std::allocator<float>>,std::allocator<std::vector<float,std::allocator<float>>>>&>	std::__optional_destruct_base<std::vector<std::vector<float,std::allocator<float>>,std::allocator<std::vector<float,std::allocator<float>>>>,false>	a	a	0		in_place_t __optional_destruct_base[abi:v160006]<std::vector<std::vector<float,std::allocator<float>>,std::allocator<std::vector<float,std::allocator<float>>>>&>(undefined8 * param_1, undefined8 param_2, long * param_3)
710003ab40	252	__optional_destruct_base[abi:v160006]<std::vector<std::vector<bool,std::allocator<bool>>,std::allocator<std::vector<bool,std::allocator<bool>>>>&>	std::__optional_destruct_base<std::vector<std::vector<bool,std::allocator<bool>>,std::allocator<std::vector<bool,std::allocator<bool>>>>,false>	a	a	0		in_place_t __optional_destruct_base[abi:v160006]<std::vector<std::vector<bool,std::allocator<bool>>,std::allocator<std::vector<bool,std::allocator<bool>>>>&>(undefined8 * param_1, undefined8 param_2, long * param_3)
710003ac40	264	__optional_destruct_base[abi:v160006]<std::vector<std::vector<nn::util::Vector2f,std::allocator<nn::util::Vector2f>>,std::allocator<std::vector<nn::util::Vector2f,std::allocator<nn::util::Vector2f>>>>&>	std::__optional_destruct_base<std::vector<std::vector<nn::util::Vector2f,std::allocator<nn::util::Vector2f>>,std::allocator<std::vector<nn::util::Vector2f,std::allocator<nn::util::Vector2f>>>>,false>	a	a	0		in_place_t __optional_destruct_base[abi:v160006]<std::vector<std::vector<nn::util::Vector2f,std::allocator<nn::util::Vector2f>>,std::allocator<std::vector<nn::util::Vector2f,std::allocator<nn::util::Vector2f>>>>&>(undefined8 * param_1, undefined8 param_2, long * param_3)
710003ad60	264	__optional_destruct_base[abi:v160006]<std::vector<std::vector<nn::util::Vector3f,std::allocator<nn::util::Vector3f>>,std::allocator<std::vector<nn::util::Vector3f,std::allocator<nn::util::Vector3f>>>>&>	std::__optional_destruct_base<std::vector<std::vector<nn::util::Vector3f,std::allocator<nn::util::Vector3f>>,std::allocator<std::vector<nn::util::Vector3f,std::allocator<nn::util::Vector3f>>>>,false>	a	a	0		in_place_t __optional_destruct_base[abi:v160006]<std::vector<std::vector<nn::util::Vector3f,std::allocator<nn::util::Vector3f>>,std::allocator<std::vector<nn::util::Vector3f,std::allocator<nn::util::Vector3f>>>>&>(undefined8 * param_1, undefined8 param_2, long * param_3)
710003ae80	264	__optional_destruct_base[abi:v160006]<std::vector<std::vector<nn::util::Vector4f,std::allocator<nn::util::Vector4f>>,std::allocator<std::vector<nn::util::Vector4f,std::allocator<nn::util::Vector4f>>>>&>	std::__optional_destruct_base<std::vector<std::vector<nn::util::Vector4f,std::allocator<nn::util::Vector4f>>,std::allocator<std::vector<nn::util::Vector4f,std::allocator<nn::util::Vector4f>>>>,false>	a	a	0		in_place_t __optional_destruct_base[abi:v160006]<std::vector<std::vector<nn::util::Vector4f,std::allocator<nn::util::Vector4f>>,std::allocator<std::vector<nn::util::Vector4f,std::allocator<nn::util::Vector4f>>>>&>(undefined8 * param_1, undefined8 param_2, long * param_3)
710003afa0	136	FUN_710003afa0		d	a	0		undefined FUN_710003afa0(undefined8 * param_1)
710003b030	136	FUN_710003b030		d	a	0		undefined FUN_710003b030(undefined8 * param_1)
710003b0c0	236	FUN_710003b0c0		d	a	0		undefined8 * FUN_710003b0c0(undefined8 param_1, long * param_2, long * param_3, undefined8 * param_4)
710003b1c0	92	FUN_710003b1c0		d	a	0		undefined FUN_710003b1c0(long param_1)
710003b220	136	FUN_710003b220		d	a	0		undefined FUN_710003b220(undefined8 * param_1)
710003b2b0	236	FUN_710003b2b0		d	a	0		undefined8 * FUN_710003b2b0(undefined8 param_1, long * param_2, long * param_3, undefined8 * param_4)
710003b3b0	92	FUN_710003b3b0		d	a	0		undefined FUN_710003b3b0(long param_1)
710003b410	116	FUN_710003b410		d	a	0		undefined FUN_710003b410(undefined8 * param_1)
710003b490	228	FUN_710003b490		d	a	0		long * FUN_710003b490(undefined8 param_1, undefined8 * param_2, undefined8 * param_3, long * param_4)
710003b580	72	FUN_710003b580		d	a	0		undefined FUN_710003b580(long param_1)
710003b5d0	216	FUN_710003b5d0		d	a	0		undefined FUN_710003b5d0(undefined8 * param_1)
710003b770	256	construct[abi:v160006]<std::vector<std::basic_string<char,std::char_traits<char>,bex::HeapModule::Allocator_string<char>>,std::allocator<std::basic_string<char,std::char_traits<char>,bex::HeapModule::Allocator_string<char>>>>,std::vector<std::basic_string<char,std::char_traits<char>,bex::HeapModule::Allocator_string<char>>,std::allocator<std::basic_string<char,std::char_traits<char>,bex::HeapModule::Allocator_string<char>>>>&>	std::allocator<std::vector<std::basic_string<char,std::char_traits<char>,bex::HeapModule::Allocator_string<char>>,std::allocator<std::basic_string<char,std::char_traits<char>,bex::HeapModule::Allocator_string<char>>>>>	a	a	0		void construct[abi:v160006]<std::vector<std::basic_string<char,std::char_traits<char>,bex::HeapModule::Allocator_string<char>>,std::allocator<std::basic_string<char,std::char_traits<char>,bex::HeapModule::Allocator_string<char>>>>,std::vector<std::basic_string<char,std::char_traits<char>,bex::HeapModule::Allocator_string<char>>,std::allocator<std::basic_string<char,std::char_traits<char>,bex::HeapModule::Allocator_string<char>>>>&>(undefined8 param_1_00, undefined8 * param_2, long * param_3)
710003b880	136	FUN_710003b880		d	a	0		undefined FUN_710003b880(undefined8 * param_1)
710003b910	236	FUN_710003b910		d	a	0		undefined8 * FUN_710003b910(undefined8 param_1, long * param_2, long * param_3, undefined8 * param_4)
710003ba10	92	FUN_710003ba10		d	a	0		undefined FUN_710003ba10(long param_1)
710003ba70	136	FUN_710003ba70		d	a	0		undefined FUN_710003ba70(undefined8 * param_1)
710003bb00	244	FUN_710003bb00		d	a	0		undefined8 * FUN_710003bb00(undefined8 param_1, long * param_2, long * param_3, undefined8 * param_4)
710003bc10	92	FUN_710003bc10		d	a	0		undefined FUN_710003bc10(long param_1)
710003bc70	136	FUN_710003bc70		d	a	0		undefined FUN_710003bc70(undefined8 * param_1)
710003bd00	244	FUN_710003bd00		d	a	0		undefined8 * FUN_710003bd00(undefined8 param_1, long * param_2, long * param_3, undefined8 * param_4)
710003be10	92	FUN_710003be10		d	a	0		undefined FUN_710003be10(long param_1)
710003be70	2796	FUN_710003be70		d	a	0		undefined FUN_710003be70(void)
710003cb40	960	CSVLoader	mg1604::CSVLoader	a	a	0		undefined CSVLoader(CSVLoader * this, ulong * param_1)
710003cf20	212	FUN_710003cf20		d	a	0		undefined FUN_710003cf20(__tree<std::__value_type<mg1604::CSVLoader::DataType,std::basic_string<char,std::char_traits<char>,bex::HeapModule::Allocator_string<char>>>,std::__map_value_compare<mg1604::CSVLoader::DataType,std::__value_type<mg1604::CSVLoader::DataType,std::basic_string<char,std::char_traits<char>,bex::HeapModule::Allocator_string<char>>>,std::less<mg1604::CSVLoader::DataType>,true>,std::allocator<std::__value_type<mg1604::CSVLoader::DataType,std::basic_string<char,std::char_traits<char>,bex::HeapModule::Allocator_string<char>>>>> * param_1, int * param_2, long param_3)
710003d010	292	FUN_710003d010		d	a	0		undefined FUN_710003d010(undefined8 * param_1, ulong * param_2)
710003d140	352	GetParamInt	mg1604::CSVLoader	a	a	0		int GetParamInt(CSVLoader * this, int param_1)
710003d2b0	804	IsLabelExist	mg1604::CSVLoader	a	a	0		uint IsLabelExist(CSVLoader * this, byte * param_1, int param_2)
710003d5f4	140	InternalGetParamInt	mg1604::CSVLoader	a	a	0		int InternalGetParamInt(CSVLoader * this, int param_1)
710003d690	360	GetParamFloat	mg1604::CSVLoader	a	a	0		float GetParamFloat(CSVLoader * this, int param_1)
710003d7f8	148	InternalGetParamFloat	mg1604::CSVLoader	a	a	0		float InternalGetParamFloat(CSVLoader * this, int param_1)
710003d890	352	GetParamBool	mg1604::CSVLoader	a	a	0		uint GetParamBool(CSVLoader * this, int param_1)
710003d9f4	460	InternalGetParamBool	mg1604::CSVLoader	a	a	0		undefined4 InternalGetParamBool(undefined8 * param_1, int param_2)
710003dbd0	360	GetParamString	mg1604::CSVLoader	a	a	0		undefined GetParamString(long * param_1, CSVLoader * this, int param_3)
710003dd38	292	InternalGetParamString	mg1604::CSVLoader	a	a	0		undefined InternalGetParamString(long * param_1, undefined8 * param_2, int param_3)
710003de60	360	GetParamVector2	mg1604::CSVLoader	a	a	0		undefined1[16] GetParamVector2(CSVLoader * this, int param_2)
710003dfd0	536	InternalGetParamVector2	mg1604::CSVLoader	a	a	0		undefined1[16] InternalGetParamVector2(CSVLoader * this, int param_2)
710003e200	352	GetParamVector3	mg1604::CSVLoader	a	a	0		undefined1[16] GetParamVector3(CSVLoader * this, int param_2)
710003e370	600	InternalGetParamVector3	mg1604::CSVLoader	a	a	0		undefined1[16] InternalGetParamVector3(CSVLoader * this, int param_2)
710003e5e0	352	GetParamVector4	mg1604::CSVLoader	a	a	0		undefined1[16] GetParamVector4(CSVLoader * this, int param_2)
710003e750	648	InternalGetParamVector4	mg1604::CSVLoader	a	a	0		undefined1[16] InternalGetParamVector4(CSVLoader * this, int param_2)
710003e9f0	704	GetParamVecInt	mg1604::CSVLoader	a	a	0		undefined GetParamVecInt(long * param_1, CSVLoader * param_2, int param_3, int param_4)
710003ecc0	712	GetParamVecFloat	mg1604::CSVLoader	a	a	0		undefined GetParamVecFloat(long * param_1, CSVLoader * param_2, int param_3, int param_4)
710003efa0	604	GetParamVecBool	mg1604::CSVLoader	a	a	0		undefined GetParamVecBool(long * param_1, CSVLoader * param_2, int param_3, int param_4)
710003f210	524	GetParamVecString	mg1604::CSVLoader	a	a	0		undefined GetParamVecString(vector<std::basic_string<char,std::char_traits<char>,bex::HeapModule::Allocator_string<char>>,std::allocator<std::basic_string<char,std::char_traits<char>,bex::HeapModule::Allocator_string<char>>>> * param_1, CSVLoader * param_2, int param_3, int param_4)
710003f430	712	GetParamVecVector2	mg1604::CSVLoader	a	a	0		undefined GetParamVecVector2(long * param_1, CSVLoader * param_2, int param_3, int param_4)
710003f710	700	GetParamVecVector3	mg1604::CSVLoader	a	a	0		undefined GetParamVecVector3(undefined8 * param_1, CSVLoader * param_2, int param_3, int param_4)
710003f9d0	700	GetParamVecVector4	mg1604::CSVLoader	a	a	0		undefined GetParamVecVector4(undefined8 * param_1, CSVLoader * param_2, int param_3, int param_4)
710003fc90	1228	GetParamVec2Int	mg1604::CSVLoader	a	a	0		undefined GetParamVec2Int(vector<std::vector<int,std::allocator<int>>,std::allocator<std::vector<int,std::allocator<int>>>> * param_1, CSVLoader * param_2, int param_3, uint param_4, uint param_5)
71000401c0	1212	GetParamVec2Float	mg1604::CSVLoader	a	a	0		undefined GetParamVec2Float(vector<std::vector<float,std::allocator<float>>,std::allocator<std::vector<float,std::allocator<float>>>> * param_1, CSVLoader * param_2, int param_3, uint param_4, uint param_5)
71000406d0	1164	GetParamVec2Bool	mg1604::CSVLoader	a	a	0		undefined GetParamVec2Bool(vector<std::vector<bool,std::allocator<bool>>,std::allocator<std::vector<bool,std::allocator<bool>>>> * param_1, CSVLoader * param_2, int param_3, int param_4, int param_5)
7100040ba0	1408	GetParamVec2String	mg1604::CSVLoader	a	a	0		undefined GetParamVec2String(vector<std::vector<std::basic_string<char,std::char_traits<char>,bex::HeapModule::Allocator_string<char>>,std::allocator<std::basic_string<char,std::char_traits<char>,bex::HeapModule::Allocator_string<char>>>>,std::allocator<std::vector<std::basic_string<char,std::char_traits<char>,bex::HeapModule::Allocator_string<char>>,std::allocator<std::basic_string<char,std::char_traits<char>,bex::HeapModule::Allocator_string<char>>>>>> * param_1, CSVLoader * param_2, int param_3, uint param_4, uint param_5)
7100041180	1140	GetParamVec2Vector2	mg1604::CSVLoader	a	a	0		undefined GetParamVec2Vector2(vector<std::vector<nn::util::Vector2f,std::allocator<nn::util::Vector2f>>,std::allocator<std::vector<nn::util::Vector2f,std::allocator<nn::util::Vector2f>>>> * param_1, CSVLoader * param_2, int param_3, int param_4, int param_5)
7100041640	1136	GetParamVec2Vector3	mg1604::CSVLoader	a	a	0		undefined GetParamVec2Vector3(vector<std::vector<nn::util::Vector3f,std::allocator<nn::util::Vector3f>>,std::allocator<std::vector<nn::util::Vector3f,std::allocator<nn::util::Vector3f>>>> * param_1, CSVLoader * param_2, int param_3, int param_4, int param_5)
7100041b00	1136	GetParamVec2Vector4	mg1604::CSVLoader	a	a	0		undefined GetParamVec2Vector4(vector<std::vector<nn::util::Vector4f,std::allocator<nn::util::Vector4f>>,std::allocator<std::vector<nn::util::Vector4f,std::allocator<nn::util::Vector4f>>>> * param_1, CSVLoader * param_2, int param_3, int param_4, int param_5)
7100041fc0	804	Split	mg1604::CSVLoader	a	a	0		undefined Split(vector<std::string,std::allocator<std::string>> * param_1, undefined8 param_2, byte * param_3, uint param_4)
71000422f8	208	FUN_71000422f8		d	a	0		undefined FUN_71000422f8(long * param_1, string * param_2, undefined4 param_3)
7100042420	292	FUN_7100042420		d	a	0		istream * FUN_7100042420(istream * param_1, byte * param_2, uint param_3)
71000425a0	140	~stringstream	std::stringstream	a	a	0		undefined ~stringstream(stringstream * this)
710004262c	20	FUN_710004262c		d	a	0		undefined FUN_710004262c(void)
7100042640	20	FUN_7100042640		d	a	0		undefined FUN_7100042640(void)
7100042654	140	~stringstream	std::stringstream	a	a	0		undefined ~stringstream(stringstream * this)
71000426e0	148	~stringstream	std::stringstream	a	a	0		undefined ~stringstream(stringstream * this)
7100042774	148	~stringstream	std::stringstream	a	a	0		undefined ~stringstream(stringstream * this)
7100042808	148	~stringstream	std::stringstream	a	a	0		undefined ~stringstream(stringstream * this)
710004289c	156	~stringstream	std::stringstream	a	a	0		undefined ~stringstream(stringstream * this)
7100042938	64	~stringbuf	std::stringbuf	a	a	0		undefined ~stringbuf(stringbuf * this)
7100042978	72	~stringbuf	std::stringbuf	a	a	0		undefined ~stringbuf(stringbuf * this)
71000429c0	280	seekoff	std::stringbuf	a	a	0		undefined1[16] seekoff(stringbuf * this, long param_1, int param_2, uint param_3)
7100042aec	80	underflow	std::stringbuf	a	a	0		ulong underflow(stringbuf * this)
7100042b3c	108	pbackfail	std::stringbuf	a	a	0		uint pbackfail(stringbuf * this, uint param_1)
7100042ba8	416	overflow	std::stringbuf	a	a	0		ulong overflow(stringbuf * this, uint param_1)
7100042d54	20	FUN_7100042d54		d	a	0		undefined FUN_7100042d54(void)
7100042d70	432	__find_equal<mg1604::CSVLoader::DataType>	std::__tree<std::__value_type<mg1604::CSVLoader::DataType,std::basic_string<char,std::char_traits<char>,bex::HeapModule::Allocator_string<char>>>,std::__map_value_compare<mg1604::CSVLoader::DataType,std::__value_type<mg1604::CSVLoader::DataType,std::basic_string<char,std::char_traits<char>,bex::HeapModule::Allocator_string<char>>>,std::less<mg1604::CSVLoader::DataType>,true>,std::allocator<std::__value_type<mg1604::CSVLoader::DataType,std::basic_string<char,std::char_traits<char>,bex::HeapModule::Allocator_string<char>>>>>	a	a	0		__tree<std::__value_type<mg1604::CSVLoader::DataType,std::basic_string<char,std::char_traits<char>,bex::HeapModule::Allocator_string<char>>>,std::__map_value_compare<mg1604::CSVLoader::DataType,std::__value_type<mg1604::CSVLoader::DataType,std::basic_string<char,std::char_traits<char>,bex::HeapModule::Allocator_string<char>>>,std::less<mg1604::CSVLoader::DataType>,true>,std::allocator<std::__value_type<mg1604::CSVLoader::DataType,std::basic_string<char,std::char_traits<char>,bex::HeapModule::Allocator_string<char>>>>> * __find_equal<mg1604::CSVLoader::DataType>(__tree<std::__value_type<mg1604::CSVLoader::DataType,std::basic_string<char,std::char_traits<char>,bex::HeapModule::Allocator_string<char>>>,std::__map_value_compare<mg1604::CSVLoader::DataType,std::__value_type<mg1604::CSVLoader::DataType,std::basic_string<char,std::char_traits<char>,bex::HeapModule::Allocator_string<char>>>,std::less<mg1604::CSVLoader::DataType>,true>,std::allocator<std::__value_type<mg1604::CSVLoader::DataType,std::basic_string<char,std::char_traits<char>,bex::HeapModule::Allocator_string<char>>>>> * this, __tree<std::__value_type<mg1604::CSVLoader::DataType,std::basic_string<char,std::char_traits<char>,bex::HeapModule::Allocator_string<char>>>,std::__map_value_compare<mg1604::CSVLoader::DataType,std::__value_type<mg1604::CSVLoader::DataType,std::basic_string<char,std::char_traits<char>,bex::HeapModule::Allocator_string<char>>>,std::less<mg1604::CSVLoader::DataType>,true>,std::allocator<std::__value_type<mg1604::CSVLoader::DataType,std::basic_string<char,std::char_traits<char>,bex::HeapModule::Allocator_string<char>>>>> * param_1, long * param_2, __tree<std::__value_type<mg1604::CSVLoader::DataType,std::basic_string<char,std::char_traits<char>,bex::HeapModule::Allocator_string<char>>>,std::__map_value_compare<mg1604::CSVLoader::DataType,std::__value_type<mg1604::CSVLoader::DataType,std::basic_string<char,std::char_traits<char>,bex::HeapModule::Allocator_string<char>>>,std::less<mg1604::CSVLoader::DataType>,true>,std::allocator<std::__value_type<mg1604::CSVLoader::DataType,std::basic_string<char,std::char_traits<char>,bex::HeapModule::Allocator_string<char>>>>> * param_3, int * param_4)
7100042f28	256	__construct_node<std::pair<mg1604::CSVLoader::DataType_const,std::basic_string<char,std::char_traits<char>,bex::HeapModule::Allocator_string<char>>>const&>	std::__tree<std::__value_type<mg1604::CSVLoader::DataType,std::basic_string<char,std::char_traits<char>,bex::HeapModule::Allocator_string<char>>>,std::__map_value_compare<mg1604::CSVLoader::DataType,std::__value_type<mg1604::CSVLoader::DataType,std::basic_string<char,std::char_traits<char>,bex::HeapModule::Allocator_string<char>>>,std::less<mg1604::CSVLoader::DataType>,true>,std::allocator<std::__value_type<mg1604::CSVLoader::DataType,std::basic_string<char,std::char_traits<char>,bex::HeapModule::Allocator_string<char>>>>>	a	a	0		unique_ptr __construct_node<std::pair<mg1604::CSVLoader::DataType_const,std::basic_string<char,std::char_traits<char>,bex::HeapModule::Allocator_string<char>>>const&>(undefined8 * param_1_00, long param_2, undefined4 * param_3)
7100043028	76	FUN_7100043028		d	a	0		undefined FUN_7100043028(undefined8 * param_1)
7100043074	252	Csv	wl::Csv	a	a	0		undefined Csv(Csv * this, ulong * param_1)
7100043170	352	__push_back_slow_path<std::basic_string<char,std::char_traits<char>,bex::HeapModule::Allocator_string<char>>>	std::vector<std::basic_string<char,std::char_traits<char>,bex::HeapModule::Allocator_string<char>>,std::allocator<std::basic_string<char,std::char_traits<char>,bex::HeapModule::Allocator_string<char>>>>	a	a	0		void __push_back_slow_path<std::basic_string<char,std::char_traits<char>,bex::HeapModule::Allocator_string<char>>>(vector<std::basic_string<char,std::char_traits<char>,bex::HeapModule::Allocator_string<char>>,std::allocator<std::basic_string<char,std::char_traits<char>,bex::HeapModule::Allocator_string<char>>>> * this, undefined8 * param_1)
71000432d0	20	FUN_71000432d0		d	a	0		undefined FUN_71000432d0(void)
71000432e4	312	str	std::stringbuf	a	a	0		undefined str(stringbuf * this, string * param_1)
7100043420	404	__push_back_slow_path<std::string_const&>	std::vector<std::string,std::allocator<std::string>>	a	a	0		void __push_back_slow_path<std::string_const&>(vector<std::string,std::allocator<std::string>> * this, string * param_1)
71000435c0	104	FUN_71000435c0		d	a	0		undefined FUN_71000435c0(undefined8 * param_1)
7100043628	20	FUN_7100043628		d	a	0		undefined FUN_7100043628(void)
7100043640	2796	FUN_7100043640		d	a	0		undefined FUN_7100043640(void)
7100044310	8	RegisterGeneratedBindCodes_mg1604	nn::bezel::detail::autogen	a	a	0		undefined8 RegisterGeneratedBindCodes_mg1604(void)
7100044320	16	SuppressDeadStrip_mg1604	nn::bezel::detail::autogen	a	a	0		undefined4 SuppressDeadStrip_mg1604(void)
7100044330	8	RegisterGeneratedBindCodes_sharedPCH	nn::bezel::detail::autogen	a	a	0		undefined8 RegisterGeneratedBindCodes_sharedPCH(void)
7100044340	16	SuppressDeadStrip_sharedPCH	nn::bezel::detail::autogen	a	a	0		undefined4 SuppressDeadStrip_sharedPCH(void)
7100044350	20	FUN_7100044350		d	a	0		undefined FUN_7100044350(void)
7100044370	16	__nnmusl_init_dso		i	d	1		undefined __nnmusl_init_dso()
7100044380	16	ProtectRelro	<EXTERNAL>::nn::ro	d	a	1		undefined ProtectRelro(void * param_1, void * param_2, void * param_3, void * param_4, void * param_5)
7100044390	16	__nnmusl_fini_dso		i	d	1		undefined __nnmusl_fini_dso()
71000443a0	16	__cxa_guard_acquire		i	d	1		undefined __cxa_guard_acquire()
71000443b0	16	__cxa_guard_release		i	d	1		undefined __cxa_guard_release()
71000443c0	16	__find_equal<mg1604::ParamInt>	std::__tree<std::__value_type<mg1604::ParamInt,std::basic_string<char,std::char_traits<char>,bex::HeapModule::Allocator_string<char>>>,std::__map_value_compare<mg1604::ParamInt,std::__value_type<mg1604::ParamInt,std::basic_string<char,std::char_traits<char>,bex::HeapModule::Allocator_string<char>>>,std::less<mg1604::ParamInt>,true>,std::allocator<std::__value_type<mg1604::ParamInt,std::basic_string<char,std::char_traits<char>,bex::HeapModule::Allocator_string<char>>>>>	a	a	0		__tree_node_base * * __find_equal<mg1604::ParamInt>(__tree_const_iterator param_1, __tree_end_node * * param_2, __tree_node_base * * param_3, ParamInt * param_4)
71000443d0	16	__construct_node<std::pair<mg1604::ParamInt_const,std::basic_string<char,std::char_traits<char>,bex::HeapModule::Allocator_string<char>>>const&>	std::__tree<std::__value_type<mg1604::ParamInt,std::basic_string<char,std::char_traits<char>,bex::HeapModule::Allocator_string<char>>>,std::__map_value_compare<mg1604::ParamInt,std::__value_type<mg1604::ParamInt,std::basic_string<char,std::char_traits<char>,bex::HeapModule::Allocator_string<char>>>,std::less<mg1604::ParamInt>,true>,std::allocator<std::__value_type<mg1604::ParamInt,std::basic_string<char,std::char_traits<char>,bex::HeapModule::Allocator_string<char>>>>>	a	a	0		unique_ptr __construct_node<std::pair<mg1604::ParamInt_const,std::basic_string<char,std::char_traits<char>,bex::HeapModule::Allocator_string<char>>>const&>(pair * param_1)
71000443e0	16	destroy	std::__tree<std::__value_type<mg1604::ParamInt,std::basic_string<char,std::char_traits<char>,bex::HeapModule::Allocator_string<char>>>,std::__map_value_compare<mg1604::ParamInt,std::__value_type<mg1604::ParamInt,std::basic_string<char,std::char_traits<char>,bex::HeapModule::Allocator_string<char>>>,std::less<mg1604::ParamInt>,true>,std::allocator<std::__value_type<mg1604::ParamInt,std::basic_string<char,std::char_traits<char>,bex::HeapModule::Allocator_string<char>>>>>	d	a	1		undefined destroy(__tree<std::__value_type<mg1604::ParamInt,std::basic_string<char,std::char_traits<char>,bex::HeapModule::Allocator_string<char>>>,std::__map_value_compare<mg1604::ParamInt,std::__value_type<mg1604::ParamInt,std::basic_string<char,std::char_traits<char>,bex::HeapModule::Allocator_string<char>>>,std::less<mg1604::ParamInt>,true>,std::allocator<std::__value_type<mg1604::ParamInt,std::basic_string<char,std::char_traits<char>,bex::HeapModule::Allocator_string<char>>>>> * this, undefined8 * param_1)
71000443f0	16	_Unwind_Resume		i	d	1		undefined _Unwind_Resume()
7100044400	16	__find_equal<mg1604::ParamInt>	std::__tree<std::__value_type<mg1604::ParamInt,std::pair<int,int>>,std::__map_value_compare<mg1604::ParamInt,std::__value_type<mg1604::ParamInt,std::pair<int,int>>,std::less<mg1604::ParamInt>,true>,std::allocator<std::__value_type<mg1604::ParamInt,std::pair<int,int>>>>	a	a	0		__tree_node_base * * __find_equal<mg1604::ParamInt>(__tree_const_iterator param_1, __tree_end_node * * param_2, __tree_node_base * * param_3, ParamInt * param_4)
7100044410	16	operator.new	<EXTERNAL>	d	a	1		void * operator.new(ulong param_1)
7100044420	16	destroy	std::__tree<std::__value_type<mg1604::ParamInt,std::pair<int,int>>,std::__map_value_compare<mg1604::ParamInt,std::__value_type<mg1604::ParamInt,std::pair<int,int>>,std::less<mg1604::ParamInt>,true>,std::allocator<std::__value_type<mg1604::ParamInt,std::pair<int,int>>>>	d	a	1		undefined destroy(__tree<std::__value_type<mg1604::ParamInt,std::pair<int,int>>,std::__map_value_compare<mg1604::ParamInt,std::__value_type<mg1604::ParamInt,std::pair<int,int>>,std::less<mg1604::ParamInt>,true>,std::allocator<std::__value_type<mg1604::ParamInt,std::pair<int,int>>>> * this, undefined8 * param_1)
7100044430	16	__find_equal<mg1604::ParamFloat>	std::__tree<std::__value_type<mg1604::ParamFloat,std::basic_string<char,std::char_traits<char>,bex::HeapModule::Allocator_string<char>>>,std::__map_value_compare<mg1604::ParamFloat,std::__value_type<mg1604::ParamFloat,std::basic_string<char,std::char_traits<char>,bex::HeapModule::Allocator_string<char>>>,std::less<mg1604::ParamFloat>,true>,std::allocator<std::__value_type<mg1604::ParamFloat,std::basic_string<char,std::char_traits<char>,bex::HeapModule::Allocator_string<char>>>>>	a	a	0		__tree_node_base * * __find_equal<mg1604::ParamFloat>(__tree_const_iterator param_1, __tree_end_node * * param_2, __tree_node_base * * param_3, ParamFloat * param_4)
7100044440	16	__construct_node<std::pair<mg1604::ParamFloat_const,std::basic_string<char,std::char_traits<char>,bex::HeapModule::Allocator_string<char>>>const&>	std::__tree<std::__value_type<mg1604::ParamFloat,std::basic_string<char,std::char_traits<char>,bex::HeapModule::Allocator_string<char>>>,std::__map_value_compare<mg1604::ParamFloat,std::__value_type<mg1604::ParamFloat,std::basic_string<char,std::char_traits<char>,bex::HeapModule::Allocator_string<char>>>,std::less<mg1604::ParamFloat>,true>,std::allocator<std::__value_type<mg1604::ParamFloat,std::basic_string<char,std::char_traits<char>,bex::HeapModule::Allocator_string<char>>>>>	a	a	0		unique_ptr __construct_node<std::pair<mg1604::ParamFloat_const,std::basic_string<char,std::char_traits<char>,bex::HeapModule::Allocator_string<char>>>const&>(pair * param_1)
7100044450	16	destroy	std::__tree<std::__value_type<mg1604::ParamFloat,std::basic_string<char,std::char_traits<char>,bex::HeapModule::Allocator_string<char>>>,std::__map_value_compare<mg1604::ParamFloat,std::__value_type<mg1604::ParamFloat,std::basic_string<char,std::char_traits<char>,bex::HeapModule::Allocator_string<char>>>,std::less<mg1604::ParamFloat>,true>,std::allocator<std::__value_type<mg1604::ParamFloat,std::basic_string<char,std::char_traits<char>,bex::HeapModule::Allocator_string<char>>>>>	d	a	1		undefined destroy(__tree<std::__value_type<mg1604::ParamFloat,std::basic_string<char,std::char_traits<char>,bex::HeapModule::Allocator_string<char>>>,std::__map_value_compare<mg1604::ParamFloat,std::__value_type<mg1604::ParamFloat,std::basic_string<char,std::char_traits<char>,bex::HeapModule::Allocator_string<char>>>,std::less<mg1604::ParamFloat>,true>,std::allocator<std::__value_type<mg1604::ParamFloat,std::basic_string<char,std::char_traits<char>,bex::HeapModule::Allocator_string<char>>>>> * this, undefined8 * param_1)
7100044460	16	__find_equal<mg1604::ParamFloat>	std::__tree<std::__value_type<mg1604::ParamFloat,std::pair<int,int>>,std::__map_value_compare<mg1604::ParamFloat,std::__value_type<mg1604::ParamFloat,std::pair<int,int>>,std::less<mg1604::ParamFloat>,true>,std::allocator<std::__value_type<mg1604::ParamFloat,std::pair<int,int>>>>	a	a	0		__tree_node_base * * __find_equal<mg1604::ParamFloat>(__tree_const_iterator param_1, __tree_end_node * * param_2, __tree_node_base * * param_3, ParamFloat * param_4)
7100044470	16	destroy	std::__tree<std::__value_type<mg1604::ParamFloat,std::pair<int,int>>,std::__map_value_compare<mg1604::ParamFloat,std::__value_type<mg1604::ParamFloat,std::pair<int,int>>,std::less<mg1604::ParamFloat>,true>,std::allocator<std::__value_type<mg1604::ParamFloat,std::pair<int,int>>>>	d	a	1		undefined destroy(__tree<std::__value_type<mg1604::ParamFloat,std::pair<int,int>>,std::__map_value_compare<mg1604::ParamFloat,std::__value_type<mg1604::ParamFloat,std::pair<int,int>>,std::less<mg1604::ParamFloat>,true>,std::allocator<std::__value_type<mg1604::ParamFloat,std::pair<int,int>>>> * this, undefined8 * param_1)
7100044480	16	__find_equal<mg1604::ParamBool>	std::__tree<std::__value_type<mg1604::ParamBool,std::basic_string<char,std::char_traits<char>,bex::HeapModule::Allocator_string<char>>>,std::__map_value_compare<mg1604::ParamBool,std::__value_type<mg1604::ParamBool,std::basic_string<char,std::char_traits<char>,bex::HeapModule::Allocator_string<char>>>,std::less<mg1604::ParamBool>,true>,std::allocator<std::__value_type<mg1604::ParamBool,std::basic_string<char,std::char_traits<char>,bex::HeapModule::Allocator_string<char>>>>>	a	a	0		__tree_node_base * * __find_equal<mg1604::ParamBool>(__tree_const_iterator param_1, __tree_end_node * * param_2, __tree_node_base * * param_3, ParamBool * param_4)
7100044490	16	__construct_node<std::pair<mg1604::ParamBool_const,std::basic_string<char,std::char_traits<char>,bex::HeapModule::Allocator_string<char>>>const&>	std::__tree<std::__value_type<mg1604::ParamBool,std::basic_string<char,std::char_traits<char>,bex::HeapModule::Allocator_string<char>>>,std::__map_value_compare<mg1604::ParamBool,std::__value_type<mg1604::ParamBool,std::basic_string<char,std::char_traits<char>,bex::HeapModule::Allocator_string<char>>>,std::less<mg1604::ParamBool>,true>,std::allocator<std::__value_type<mg1604::ParamBool,std::basic_string<char,std::char_traits<char>,bex::HeapModule::Allocator_string<char>>>>>	a	a	0		unique_ptr __construct_node<std::pair<mg1604::ParamBool_const,std::basic_string<char,std::char_traits<char>,bex::HeapModule::Allocator_string<char>>>const&>(pair * param_1)
71000444a0	16	destroy	std::__tree<std::__value_type<mg1604::ParamBool,std::basic_string<char,std::char_traits<char>,bex::HeapModule::Allocator_string<char>>>,std::__map_value_compare<mg1604::ParamBool,std::__value_type<mg1604::ParamBool,std::basic_string<char,std::char_traits<char>,bex::HeapModule::Allocator_string<char>>>,std::less<mg1604::ParamBool>,true>,std::allocator<std::__value_type<mg1604::ParamBool,std::basic_string<char,std::char_traits<char>,bex::HeapModule::Allocator_string<char>>>>>	d	a	1		undefined destroy(__tree<std::__value_type<mg1604::ParamBool,std::basic_string<char,std::char_traits<char>,bex::HeapModule::Allocator_string<char>>>,std::__map_value_compare<mg1604::ParamBool,std::__value_type<mg1604::ParamBool,std::basic_string<char,std::char_traits<char>,bex::HeapModule::Allocator_string<char>>>,std::less<mg1604::ParamBool>,true>,std::allocator<std::__value_type<mg1604::ParamBool,std::basic_string<char,std::char_traits<char>,bex::HeapModule::Allocator_string<char>>>>> * this, undefined8 * param_1)
71000444b0	16	destroy	std::__tree<std::__value_type<mg1604::ParamBool,std::pair<int,int>>,std::__map_value_compare<mg1604::ParamBool,std::__value_type<mg1604::ParamBool,std::pair<int,int>>,std::less<mg1604::ParamBool>,true>,std::allocator<std::__value_type<mg1604::ParamBool,std::pair<int,int>>>>	d	a	1		undefined destroy(__tree<std::__value_type<mg1604::ParamBool,std::pair<int,int>>,std::__map_value_compare<mg1604::ParamBool,std::__value_type<mg1604::ParamBool,std::pair<int,int>>,std::less<mg1604::ParamBool>,true>,std::allocator<std::__value_type<mg1604::ParamBool,std::pair<int,int>>>> * this, undefined8 * param_1)
71000444c0	16	__find_equal<mg1604::ParamVector2>	std::__tree<std::__value_type<mg1604::ParamVector2,std::basic_string<char,std::char_traits<char>,bex::HeapModule::Allocator_string<char>>>,std::__map_value_compare<mg1604::ParamVector2,std::__value_type<mg1604::ParamVector2,std::basic_string<char,std::char_traits<char>,bex::HeapModule::Allocator_string<char>>>,std::less<mg1604::ParamVector2>,true>,std::allocator<std::__value_type<mg1604::ParamVector2,std::basic_string<char,std::char_traits<char>,bex::HeapModule::Allocator_string<char>>>>>	a	a	0		__tree_node_base * * __find_equal<mg1604::ParamVector2>(__tree_const_iterator param_1, __tree_end_node * * param_2, __tree_node_base * * param_3, ParamVector2 * param_4)
71000444d0	16	__construct_node<std::pair<mg1604::ParamVector2_const,std::basic_string<char,std::char_traits<char>,bex::HeapModule::Allocator_string<char>>>const&>	std::__tree<std::__value_type<mg1604::ParamVector2,std::basic_string<char,std::char_traits<char>,bex::HeapModule::Allocator_string<char>>>,std::__map_value_compare<mg1604::ParamVector2,std::__value_type<mg1604::ParamVector2,std::basic_string<char,std::char_traits<char>,bex::HeapModule::Allocator_string<char>>>,std::less<mg1604::ParamVector2>,true>,std::allocator<std::__value_type<mg1604::ParamVector2,std::basic_string<char,std::char_traits<char>,bex::HeapModule::Allocator_string<char>>>>>	a	a	0		unique_ptr __construct_node<std::pair<mg1604::ParamVector2_const,std::basic_string<char,std::char_traits<char>,bex::HeapModule::Allocator_string<char>>>const&>(pair * param_1)
71000444e0	16	destroy	std::__tree<std::__value_type<mg1604::ParamVector2,std::basic_string<char,std::char_traits<char>,bex::HeapModule::Allocator_string<char>>>,std::__map_value_compare<mg1604::ParamVector2,std::__value_type<mg1604::ParamVector2,std::basic_string<char,std::char_traits<char>,bex::HeapModule::Allocator_string<char>>>,std::less<mg1604::ParamVector2>,true>,std::allocator<std::__value_type<mg1604::ParamVector2,std::basic_string<char,std::char_traits<char>,bex::HeapModule::Allocator_string<char>>>>>	d	a	1		undefined destroy(__tree<std::__value_type<mg1604::ParamVector2,std::basic_string<char,std::char_traits<char>,bex::HeapModule::Allocator_string<char>>>,std::__map_value_compare<mg1604::ParamVector2,std::__value_type<mg1604::ParamVector2,std::basic_string<char,std::char_traits<char>,bex::HeapModule::Allocator_string<char>>>,std::less<mg1604::ParamVector2>,true>,std::allocator<std::__value_type<mg1604::ParamVector2,std::basic_string<char,std::char_traits<char>,bex::HeapModule::Allocator_string<char>>>>> * this, undefined8 * param_1)
71000444f0	16	__find_equal<mg1604::ParamVector2>	std::__tree<std::__value_type<mg1604::ParamVector2,std::pair<int,int>>,std::__map_value_compare<mg1604::ParamVector2,std::__value_type<mg1604::ParamVector2,std::pair<int,int>>,std::less<mg1604::ParamVector2>,true>,std::allocator<std::__value_type<mg1604::ParamVector2,std::pair<int,int>>>>	a	a	0		__tree_node_base * * __find_equal<mg1604::ParamVector2>(__tree_const_iterator param_1, __tree_end_node * * param_2, __tree_node_base * * param_3, ParamVector2 * param_4)
7100044500	16	destroy	std::__tree<std::__value_type<mg1604::ParamVector2,std::pair<int,int>>,std::__map_value_compare<mg1604::ParamVector2,std::__value_type<mg1604::ParamVector2,std::pair<int,int>>,std::less<mg1604::ParamVector2>,true>,std::allocator<std::__value_type<mg1604::ParamVector2,std::pair<int,int>>>>	d	a	1		undefined destroy(__tree<std::__value_type<mg1604::ParamVector2,std::pair<int,int>>,std::__map_value_compare<mg1604::ParamVector2,std::__value_type<mg1604::ParamVector2,std::pair<int,int>>,std::less<mg1604::ParamVector2>,true>,std::allocator<std::__value_type<mg1604::ParamVector2,std::pair<int,int>>>> * this, undefined8 * param_1)
7100044510	16	destroy	std::__tree<std::__value_type<mg1604::ParamVector3,std::basic_string<char,std::char_traits<char>,bex::HeapModule::Allocator_string<char>>>,std::__map_value_compare<mg1604::ParamVector3,std::__value_type<mg1604::ParamVector3,std::basic_string<char,std::char_traits<char>,bex::HeapModule::Allocator_string<char>>>,std::less<mg1604::ParamVector3>,true>,std::allocator<std::__value_type<mg1604::ParamVector3,std::basic_string<char,std::char_traits<char>,bex::HeapModule::Allocator_string<char>>>>>	d	a	1		undefined destroy(__tree<std::__value_type<mg1604::ParamVector3,std::basic_string<char,std::char_traits<char>,bex::HeapModule::Allocator_string<char>>>,std::__map_value_compare<mg1604::ParamVector3,std::__value_type<mg1604::ParamVector3,std::basic_string<char,std::char_traits<char>,bex::HeapModule::Allocator_string<char>>>,std::less<mg1604::ParamVector3>,true>,std::allocator<std::__value_type<mg1604::ParamVector3,std::basic_string<char,std::char_traits<char>,bex::HeapModule::Allocator_string<char>>>>> * this, undefined8 * param_1)
7100044520	16	destroy	std::__tree<std::__value_type<mg1604::ParamVector3,std::pair<int,int>>,std::__map_value_compare<mg1604::ParamVector3,std::__value_type<mg1604::ParamVector3,std::pair<int,int>>,std::less<mg1604::ParamVector3>,true>,std::allocator<std::__value_type<mg1604::ParamVector3,std::pair<int,int>>>>	d	a	1		undefined destroy(__tree<std::__value_type<mg1604::ParamVector3,std::pair<int,int>>,std::__map_value_compare<mg1604::ParamVector3,std::__value_type<mg1604::ParamVector3,std::pair<int,int>>,std::less<mg1604::ParamVector3>,true>,std::allocator<std::__value_type<mg1604::ParamVector3,std::pair<int,int>>>> * this, undefined8 * param_1)
7100044530	16	destroy	std::__tree<std::__value_type<mg1604::ParamVector4,std::basic_string<char,std::char_traits<char>,bex::HeapModule::Allocator_string<char>>>,std::__map_value_compare<mg1604::ParamVector4,std::__value_type<mg1604::ParamVector4,std::basic_string<char,std::char_traits<char>,bex::HeapModule::Allocator_string<char>>>,std::less<mg1604::ParamVector4>,true>,std::allocator<std::__value_type<mg1604::ParamVector4,std::basic_string<char,std::char_traits<char>,bex::HeapModule::Allocator_string<char>>>>>	d	a	1		undefined destroy(__tree<std::__value_type<mg1604::ParamVector4,std::basic_string<char,std::char_traits<char>,bex::HeapModule::Allocator_string<char>>>,std::__map_value_compare<mg1604::ParamVector4,std::__value_type<mg1604::ParamVector4,std::basic_string<char,std::char_traits<char>,bex::HeapModule::Allocator_string<char>>>,std::less<mg1604::ParamVector4>,true>,std::allocator<std::__value_type<mg1604::ParamVector4,std::basic_string<char,std::char_traits<char>,bex::HeapModule::Allocator_string<char>>>>> * this, undefined8 * param_1)
7100044540	16	destroy	std::__tree<std::__value_type<mg1604::ParamVector4,std::pair<int,int>>,std::__map_value_compare<mg1604::ParamVector4,std::__value_type<mg1604::ParamVector4,std::pair<int,int>>,std::less<mg1604::ParamVector4>,true>,std::allocator<std::__value_type<mg1604::ParamVector4,std::pair<int,int>>>>	d	a	1		undefined destroy(__tree<std::__value_type<mg1604::ParamVector4,std::pair<int,int>>,std::__map_value_compare<mg1604::ParamVector4,std::__value_type<mg1604::ParamVector4,std::pair<int,int>>,std::less<mg1604::ParamVector4>,true>,std::allocator<std::__value_type<mg1604::ParamVector4,std::pair<int,int>>>> * this, undefined8 * param_1)
7100044550	16	destroy	std::__tree<std::__value_type<mg1604::ParamString,std::basic_string<char,std::char_traits<char>,bex::HeapModule::Allocator_string<char>>>,std::__map_value_compare<mg1604::ParamString,std::__value_type<mg1604::ParamString,std::basic_string<char,std::char_traits<char>,bex::HeapModule::Allocator_string<char>>>,std::less<mg1604::ParamString>,true>,std::allocator<std::__value_type<mg1604::ParamString,std::basic_string<char,std::char_traits<char>,bex::HeapModule::Allocator_string<char>>>>>	d	a	1		undefined destroy(__tree<std::__value_type<mg1604::ParamString,std::basic_string<char,std::char_traits<char>,bex::HeapModule::Allocator_string<char>>>,std::__map_value_compare<mg1604::ParamString,std::__value_type<mg1604::ParamString,std::basic_string<char,std::char_traits<char>,bex::HeapModule::Allocator_string<char>>>,std::less<mg1604::ParamString>,true>,std::allocator<std::__value_type<mg1604::ParamString,std::basic_string<char,std::char_traits<char>,bex::HeapModule::Allocator_string<char>>>>> * this, undefined8 * param_1)
7100044560	16	destroy	std::__tree<std::__value_type<mg1604::ParamString,std::pair<int,int>>,std::__map_value_compare<mg1604::ParamString,std::__value_type<mg1604::ParamString,std::pair<int,int>>,std::less<mg1604::ParamString>,true>,std::allocator<std::__value_type<mg1604::ParamString,std::pair<int,int>>>>	d	a	1		undefined destroy(__tree<std::__value_type<mg1604::ParamString,std::pair<int,int>>,std::__map_value_compare<mg1604::ParamString,std::__value_type<mg1604::ParamString,std::pair<int,int>>,std::less<mg1604::ParamString>,true>,std::allocator<std::__value_type<mg1604::ParamString,std::pair<int,int>>>> * this, undefined8 * param_1)
7100044570	16	BaseObject	mg1604::BaseObject	d	a	1		undefined BaseObject(BaseObject * this, undefined8 * param_1)
7100044580	16	HasCastableComponentImpl	<EXTERNAL>::nn::bezel::Entity	d	a	1		undefined HasCastableComponentImpl(TypeDesc * param_1)
7100044590	16	AddComponent<actor::ComActorCollision,,(void*)0>	nn::bezel::Entity	d	a	1		WeakHandle AddComponent<actor::ComActorCollision,,(void*)0>(long * param_1, HandlePtr * param_2)
71000445a0	16	AbortImpl	<EXTERNAL>::nn::diag::detail	d	a	1		undefined AbortImpl(void)
71000445b0	16	GetEntity	mg1604::BaseObject	d	a	1		undefined GetEntity(undefined8 * param_1, long param_2)
71000445c0	16	Create	<EXTERNAL>::actor::ComActorCollision	d	a	1		undefined Create(HandlePtr * param_1, ActorCollisionCreateArg * param_2, HandlePtr * param_3)
71000445d0	16	Free	<EXTERNAL>::bex::HeapModule	d	a	1		undefined Free(void * param_1)
71000445e0	16	_internalCheckComponentValidity	<EXTERNAL>::nn::bezel::Entity	d	a	1		undefined _internalCheckComponentValidity(HandlePtr * param_1)
71000445f0	16	AddComponentImpl	<EXTERNAL>::nn::bezel::Entity	d	a	1		undefined AddComponentImpl(HandlePtr * param_1)
7100044600	16	SetPosition	mg1604::BaseObject	d	a	1		undefined SetPosition(long param_1)
7100044610	16	SetTranslation	<EXTERNAL>::nn::bezel::Entity	d	a	1		undefined SetTranslation(Vector3f * param_1)
7100044620	16	SetRotation	mg1604::BaseObject	d	a	1		undefined SetRotation(long param_1)
7100044630	16	SetRotation	<EXTERNAL>::nn::bezel::Entity	d	a	1		undefined SetRotation(Quaternion * param_1)
7100044640	16	SetScale	<EXTERNAL>::nn::bezel::Entity	d	a	1		undefined SetScale(Vector3f * param_1)
7100044650	16	TranslateLocal	<EXTERNAL>::nn::bezel::Entity	d	a	1		undefined TranslateLocal(Vector3f * param_1)
7100044660	16	Rotate	<EXTERNAL>::nn::bezel::Entity	d	a	1		undefined Rotate(Quaternion * param_1)
7100044670	16	Scale	<EXTERNAL>::nn::bezel::Entity	d	a	1		undefined Scale(Vector3f * param_1)
7100044680	16	GetPosition	mg1604::BaseObject	d	a	1		undefined1[16] GetPosition(BaseObject * this)
7100044690	16	GetTranslation	<EXTERNAL>::nn::bezel::Entity	d	a	1		undefined GetTranslation(void)
71000446a0	16	GetRotation	mg1604::BaseObject	d	a	1		undefined1[16] GetRotation(BaseObject * this)
71000446b0	16	GetRotationCalculated	<EXTERNAL>::nn::bezel::Entity	d	a	1		undefined GetRotationCalculated(void)
71000446c0	16	GetScale	<EXTERNAL>::nn::bezel::Entity	d	a	1		undefined GetScale(void)
71000446d0	16	Activate	<EXTERNAL>::nn::bezel::Entity	d	a	1		undefined Activate(void)
71000446e0	16	Deactivate	<EXTERNAL>::nn::bezel::Entity	d	a	1		undefined Deactivate(void)
71000446f0	16	CreateShape	<EXTERNAL>::actor::ComActorCollision	d	a	1		undefined CreateShape(ActorHitShapeCreateArg * param_1)
7100044700	16	SetSourceSphere	<EXTERNAL>::actor::ActorHitShape	d	a	1		undefined SetSourceSphere(Vector3f * param_1, float param_2)
7100044710	16	operator.delete	<EXTERNAL>	d	a	1		void operator.delete(void * param_1)
7100044720	16	__cxa_begin_catch		i	d	1		undefined __cxa_begin_catch()
7100044730	16	terminate	<EXTERNAL>::std	d	a	1		undefined terminate(void)
7100044740	16	SetSourceCapsule	<EXTERNAL>::actor::ActorHitShape	d	a	1		undefined SetSourceCapsule(Vector3f * param_1, Vector3f * param_2, float param_3)
7100044750	16	SetSourceBox	<EXTERNAL>::actor::ActorHitShape	d	a	1		undefined SetSourceBox(Vector3f * param_1, Vector3f * param_2, Quaternion * param_3)
7100044760	16	SetCollisionLayer	<EXTERNAL>::actor::ActorHitShapeCreateArg	d	a	1		undefined SetCollisionLayer(int param_1)
7100044770	16	SetCollisionLayerBit	<EXTERNAL>::actor::ActorHitShapeCreateArg	d	a	1		undefined SetCollisionLayerBit(uint param_1)
7100044780	16	CheckCollsionLayerBit	<EXTERNAL>::actor::ActorHitShapeCreateArg	d	a	1		undefined CheckCollsionLayerBit(CollisionLayer param_1)
7100044790	16	CheckCollsionLayerBit	<EXTERNAL>::actor::ActorHitShapeCreateArg	d	a	1		undefined CheckCollsionLayerBit(uint param_1)
71000447a0	16	SetTestEnabled	<EXTERNAL>::actor::ActorHitShapeCreateArg	d	a	1		undefined SetTestEnabled(bool param_1)
71000447b0	16	IsTestEnabled	<EXTERNAL>::actor::ActorHitShapeCreateArg	d	a	1		undefined IsTestEnabled(void)
71000447c0	16	SetWeight	<EXTERNAL>::actor::ActorHitShapeCreateArg	d	a	1		undefined SetWeight(float param_1)
71000447d0	16	GetWeight	<EXTERNAL>::actor::ActorHitShapeCreateArg	d	a	1		undefined GetWeight(void)
71000447e0	16	BaseGameObject	mg1604::BaseGameObject	d	a	1		undefined BaseGameObject(BaseGameObject * this, undefined8 * param_1)
71000447f0	16	AddComponent<nn::bezel::ComModel,,(void*)0>	nn::bezel::Entity	d	a	1		WeakHandle AddComponent<nn::bezel::ComModel,,(void*)0>(long * param_1, HandlePtr * param_2)
7100044800	16	Create	<EXTERNAL>::nn::bezel::ComModel	d	a	1		undefined Create(HandlePtr * param_1)
7100044810	16	SetOpaque	<EXTERNAL>::bex::gfx::ComModelBuffer	d	a	1		undefined SetOpaque(float param_1)
7100044820	16	GetOpaque	<EXTERNAL>::bex::gfx::ComModelBuffer	d	a	1		undefined GetOpaque(void)
7100044830	16	SetVisible	<EXTERNAL>::nn::bezel::ComModel	d	a	1		undefined SetVisible(bool param_1)
7100044840	16	FindMaterial	<EXTERNAL>::nn::bezel::ComModel	d	a	1		undefined FindMaterial(basic_string_view param_1)
7100044850	16	MaterialHandle	<EXTERNAL>::nn::bezel::MaterialHandle	d	a	1		undefined MaterialHandle(MaterialHandle * this)
7100044860	16	Reset	<EXTERNAL>::nn::bezel::MaterialHandle	d	a	1		undefined Reset(Material * param_1)
7100044870	16	SafeLock	<EXTERNAL>::nn::bezel::MaterialHandle	d	a	1		undefined SafeLock(void)
7100044880	16	SetTexture	<EXTERNAL>::nn::bezel::Material	d	a	1		undefined SetTexture(int param_1, HandlePtr * param_2)
7100044890	16	~MaterialHandle	<EXTERNAL>::nn::bezel::MaterialHandle	d	a	1		undefined ~MaterialHandle(MaterialHandle * this)
71000448a0	16	GetBoneSocket	<EXTERNAL>::nn::bezel::ComModel	d	a	1		undefined GetBoneSocket(basic_string_view param_1)
71000448b0	16	AddComponent<nn::bezel::ComAttachment,,(void*)0>	nn::bezel::Entity	d	a	1		WeakHandle AddComponent<nn::bezel::ComAttachment,,(void*)0>(long * param_1, HandlePtr * param_2)
71000448c0	16	SetTarget	<EXTERNAL>::nn::bezel::ComAttachment	d	a	1		undefined SetTarget(WeakHandle * param_1)
71000448d0	16	Create	<EXTERNAL>::nn::bezel::ComAttachment	d	a	1		undefined Create(HandlePtr * param_1)
71000448e0	16	_internalRemoveComponentByTypeDesc	<EXTERNAL>::nn::bezel::Entity	d	a	1		undefined _internalRemoveComponentByTypeDesc(TypeDesc * param_1)
71000448f0	16	SetDecalShadowEnable	<EXTERNAL>::bex::gfx::ComModelBuffer	d	a	1		undefined SetDecalShadowEnable(bool param_1)
7100044900	16	SetDecalShadowOverwriteIndex	<EXTERNAL>::bex::gfx::ComModelBuffer	d	a	1		undefined SetDecalShadowOverwriteIndex(DecalShadowIndex param_1)
7100044910	16	SetDecalShadowIndex	<EXTERNAL>::bex::gfx::ComModelBuffer	d	a	1		undefined SetDecalShadowIndex(DecalShadowIndex param_1)
7100044920	16	SetDecalShadowType	<EXTERNAL>::bex::gfx::ComModelBuffer	d	a	1		undefined SetDecalShadowType(DecalShadowIndex param_1, DecalShadowType param_2)
7100044930	16	SetDecalShadowDynamicBlurType	<EXTERNAL>::bex::gfx::ComModelBuffer	d	a	1		undefined SetDecalShadowDynamicBlurType(DecalShadowIndex param_1, DynamicTextureBlurType param_2)
7100044940	16	SetDecalShadowOffset	<EXTERNAL>::bex::gfx::ComModelBuffer	d	a	1		undefined SetDecalShadowOffset(DecalShadowIndex param_1, Vector3f * param_2)
7100044950	16	SetDecalShadowScale	<EXTERNAL>::bex::gfx::ComModelBuffer	d	a	1		undefined SetDecalShadowScale(DecalShadowIndex param_1, Vector3f * param_2)
7100044960	16	SetDecalShadowAttenuationStart	<EXTERNAL>::bex::gfx::ComModelBuffer	d	a	1		undefined SetDecalShadowAttenuationStart(DecalShadowIndex param_1, float param_2)
7100044970	16	SetDecalShadowAttenuationEnd	<EXTERNAL>::bex::gfx::ComModelBuffer	d	a	1		undefined SetDecalShadowAttenuationEnd(DecalShadowIndex param_1, float param_2)
7100044980	16	SetDecalShadowModelTransformType	<EXTERNAL>::bex::gfx::ComModelBuffer	d	a	1		undefined SetDecalShadowModelTransformType(DecalShadowIndex param_1, DecalShadowModelTransformType param_2)
7100044990	16	SetDecalShadowVisible	<EXTERNAL>::bex::gfx::ComModelBuffer	d	a	1		undefined SetDecalShadowVisible(bool param_1)
71000449a0	16	GetDecalShadowScale	<EXTERNAL>::bex::gfx::ComModelBuffer	d	a	1		undefined GetDecalShadowScale(DecalShadowIndex param_1)
71000449b0	16	SetDecalShadowMulColor	<EXTERNAL>::bex::gfx::ComModelBuffer	d	a	1		undefined SetDecalShadowMulColor(DecalShadowIndex param_1, Color4f * param_2)
71000449c0	16	BaseManager	mg1604::BaseManager	d	a	1		undefined BaseManager(BaseManager * this, undefined8 * param_1)
71000449d0	16	BaseModel	mg1604::BaseModel	d	a	1		undefined BaseModel(BaseModel * this, undefined8 * param_1)
71000449e0	16	AddComponent<actor::ComActorMotion,,(void*)0>	nn::bezel::Entity	d	a	1		WeakHandle AddComponent<actor::ComActorMotion,,(void*)0>(long * param_1, HandlePtr * param_2)
71000449f0	16	Create	<EXTERNAL>::nn::bezel::AnimationMaskSkeleton	d	a	1		undefined Create(WeakHandle * param_1)
7100044a00	16	Create	<EXTERNAL>::actor::ComActorMotion	d	a	1		undefined Create(HandlePtr * param_1)
7100044a10	16	AddAnimation	mg1604::BaseModel	d	a	1		undefined AddAnimation(long param_1)
7100044a20	16	AddAnimation	<EXTERNAL>::actor::ComActorMotion	d	a	1		undefined AddAnimation(StringViewHashPair * param_1, basic_string_view * param_2, bool param_3, AnimatinType param_4, bool param_5, bool param_6)
7100044a30	16	RemoveAnimation	<EXTERNAL>::actor::ComActorMotion	d	a	1		undefined RemoveAnimation(StringViewHashPair * param_1)
7100044a40	16	GetComAnimator	<EXTERNAL>::actor::ComActorMotion	d	a	1		undefined GetComAnimator(void)
7100044a50	16	AddSlot	<EXTERNAL>::nn::bezel::ComAnimator	d	a	1		undefined AddSlot(StringViewHashPair * param_1, int param_2)
7100044a60	16	GetSlot	<EXTERNAL>::nn::bezel::ComAnimator	d	a	1		undefined GetSlot(StringViewHashPair * param_1)
7100044a70	16	GetMainAnimationSlot	<EXTERNAL>::actor::ComActorMotion	d	a	1		undefined GetMainAnimationSlot(void)
7100044a80	16	Play	<EXTERNAL>::nn::bezel::ComAnimator	d	a	1		undefined Play(StringViewHashPair * param_1, StringViewHashPair * param_2)
7100044a90	16	AnimationPlay	mg1604::BaseModel	d	a	1		undefined AnimationPlay(long param_1)
7100044aa0	16	Play	<EXTERNAL>::actor::ComActorMotion	d	a	1		undefined Play(StringViewHashPair * param_1)
7100044ab0	16	Stop	<EXTERNAL>::nn::bezel::ComAnimator	d	a	1		undefined Stop(StringViewHashPair * param_1)
7100044ac0	16	Stop	<EXTERNAL>::actor::ComActorMotion	d	a	1		undefined Stop(void)
7100044ad0	16	SetPauseEnabled	<EXTERNAL>::nn::bezel::ComAnimator	d	a	1		undefined SetPauseEnabled(StringViewHashPair * param_1, bool param_2)
7100044ae0	16	SetPauseEnabled	<EXTERNAL>::actor::ComActorMotion	d	a	1		undefined SetPauseEnabled(bool param_1)
7100044af0	16	EnqueuePlay	<EXTERNAL>::nn::bezel::ComAnimator	d	a	1		undefined EnqueuePlay(StringViewHashPair * param_1, StringViewHashPair * param_2, float param_3)
7100044b00	16	EnqueuePlay	mg1604::BaseModel	d	a	1		undefined EnqueuePlay(long param_1)
7100044b10	16	GetAnimationSlot	<EXTERNAL>::actor::ActorAnimationSlot	d	a	1		undefined GetAnimationSlot(void)
7100044b20	16	EnqueuePlay	<EXTERNAL>::nn::bezel::ComAnimator	d	a	1		undefined EnqueuePlay(StringViewHashPair * param_1, StringViewHashPair * param_2)
7100044b30	16	EnqueueStop	<EXTERNAL>::nn::bezel::ComAnimator	d	a	1		undefined EnqueueStop(StringViewHashPair * param_1, float param_2)
7100044b40	16	StopAll	<EXTERNAL>::nn::bezel::ComAnimator	d	a	1		undefined StopAll(void)
7100044b50	16	GetPlaybackState	<EXTERNAL>::nn::bezel::AnimationSlot	d	a	1		undefined GetPlaybackState(void)
7100044b60	16	SetFrame	<EXTERNAL>::nn::bezel::AnimationSlot	d	a	1		undefined SetFrame(float param_1)
7100044b70	16	SetFrame	<EXTERNAL>::actor::ComActorMotion	d	a	1		undefined SetFrame(float param_1)
7100044b80	16	GetFrame	<EXTERNAL>::nn::bezel::AnimationSlot	d	a	1		undefined GetFrame(void)
7100044b90	16	GetFrame	<EXTERNAL>::actor::ComActorMotion	d	a	1		undefined GetFrame(void)
7100044ba0	16	SetSpeed	<EXTERNAL>::nn::bezel::AnimationSlot	d	a	1		undefined SetSpeed(float param_1)
7100044bb0	16	SetSpeed	<EXTERNAL>::actor::ComActorMotion	d	a	1		undefined SetSpeed(float param_1)
7100044bc0	16	GetSpeed	<EXTERNAL>::actor::ComActorMotion	d	a	1		undefined GetSpeed(void)
7100044bd0	16	AddSubTree	<EXTERNAL>::nn::bezel::AnimationMaskSkeleton	d	a	1		undefined AddSubTree(int param_1)
7100044be0	16	RemoveSubTree	<EXTERNAL>::nn::bezel::AnimationMaskSkeleton	d	a	1		undefined RemoveSubTree(int param_1)
7100044bf0	16	ClearSubTrees	<EXTERNAL>::nn::bezel::AnimationMaskSkeleton	d	a	1		undefined ClearSubTrees(void)
7100044c00	16	BaseCharacter	mg1604::BaseCharacter	d	a	1		undefined BaseCharacter(BaseCharacter * this, long * param_1, undefined8 * param_2, undefined8 * param_3)
7100044c10	16	GetPad	<EXTERNAL>::actor::ComActor	d	a	1		undefined GetPad(void)
7100044c20	16	operator.new	<EXTERNAL>	d	a	1		void * operator.new(ulong param_1, ulong param_2, HeapID param_3)
7100044c30	16	Computer	mg1604::Computer	d	a	1		undefined Computer(Computer * this, long * param_1, undefined8 * param_2, undefined8 * param_3)
7100044c40	16	__release_weak	<EXTERNAL>::std::__shared_weak_count	d	a	1		undefined __release_weak(void)
7100044c50	16	IsCom	mg1604::BaseCharacter	d	a	1		bool IsCom(BaseCharacter * this)
7100044c60	16	GetPlayerType	<EXTERNAL>::bq::PlayerWork	d	a	1		undefined GetPlayerType(void)
7100044c70	16	GetPlayerID	<EXTERNAL>::bq::PlayerWork	d	a	1		undefined GetPlayerID(void)
7100044c80	16	GetPlayers	<EXTERNAL>::bq::WorkModule	d	a	1		undefined GetPlayers(void)
7100044c90	16	GetMGEntryPlayerList	<EXTERNAL>::bq::PlayerWorkHolder	d	a	1		undefined GetMGEntryPlayerList(PlayerListSortBy param_1)
7100044ca0	16	GetTeamID	<EXTERNAL>::bq::PlayerWork	d	a	1		undefined GetTeamID(void)
7100044cb0	16	GetCharacterID	mg1604::BaseCharacter	d	a	1		undefined GetCharacterID(BaseCharacter * this)
7100044cc0	16	GetCharacterID	<EXTERNAL>::bq::PlayerWork	d	a	1		undefined GetCharacterID(void)
7100044cd0	16	GetActor	mg1604::BaseCharacter	d	a	1		undefined GetActor(undefined8 * param_1, long param_2)
7100044ce0	16	GetActorPad	mg1604::BaseCharacter	d	a	1		undefined GetActorPad(undefined8 * param_1, long param_2)
7100044cf0	16	GetPlayerWork	mg1604::BaseCharacter	d	a	1		undefined GetPlayerWork(undefined8 * param_1, long param_2)
7100044d00	16	GetComputer	mg1604::BaseCharacter	d	a	1		undefined GetComputer(undefined8 * param_1, long param_2)
7100044d10	16	__cxa_allocate_exception		i	d	1		undefined __cxa_allocate_exception()
7100044d20	16	__cxa_throw		i	d	1		undefined __cxa_throw()
7100044d30	16	__cxa_free_exception		i	d	1		undefined __cxa_free_exception()
7100044d40	16	logic_error	<EXTERNAL>::std::logic_error	d	a	1		undefined logic_error(logic_error * this, char * param_1)
7100044d50	16	Alloc	<EXTERNAL>::bex::HeapModule	d	a	1		undefined Alloc(HeapID param_1, ulong param_2, int param_3, char * param_4, int param_5, char * param_6, char * param_7)
7100044d60	16	memmove		i	i	1		void * memmove(void * __dest, void * __src, size_t __n)
7100044d70	16	bad_array_new_length	<EXTERNAL>::std::bad_array_new_length	d	a	1		undefined bad_array_new_length(bad_array_new_length * this)
7100044d80	16	~Computer	mg1604::Computer	d	a	1		undefined ~Computer(Computer * this)
7100044d90	16	~__shared_weak_count	<EXTERNAL>::std::__shared_weak_count	d	a	1		undefined ~__shared_weak_count(__shared_weak_count * this)
7100044da0	16	IFiber	<EXTERNAL>::wl::fiber::IFiber	d	a	1		undefined IFiber(IFiber * this, basic_string * param_1, uint param_2)
7100044db0	16	GetComLevel	<EXTERNAL>::bq::PlayerWork	d	a	1		undefined GetComLevel(void)
7100044dc0	16	GetGameJudge	mg1604::GameManager	d	a	1		undefined GetGameJudge(undefined8 * param_1, long param_2)
7100044dd0	16	lock	<EXTERNAL>::std::__shared_weak_count	d	a	1		undefined lock(void)
7100044de0	16	GetGameParam	mg1604::GameJudge	d	a	1		undefined GetGameParam(undefined8 * param_1, long param_2)
7100044df0	16	GetParamVecFloat	mg1604::GameParam	d	a	1		undefined GetParamVecFloat(undefined8 * param_1, char * param_2, int param_3)
7100044e00	16	GetParamVecVector2	mg1604::GameParam	d	a	1		undefined GetParamVecVector2(undefined8 * param_1, char * param_2, int param_3)
7100044e10	16	GetParamBool	mg1604::GameParam	d	a	1		uint GetParamBool(GameParam * this, int param_1)
7100044e20	16	SyncRandModF	<EXTERNAL>::bex::RandModule	d	a	1		undefined SyncRandModF(float param_1)
7100044e30	16	GetParamVecInt	mg1604::GameParam	d	a	1		undefined GetParamVecInt(undefined8 * param_1, char * param_2, int param_3)
7100044e40	16	ComputerAI	mg1604::ComputerAI	d	a	1		undefined ComputerAI(undefined4 param_1, ComputerAI * this, undefined8 * param_3, undefined8 * param_4, undefined4 param_5, int param_6)
7100044e50	16	InitSetFunc	mg1604::FiberObject<mg1604::Computer::FiberEnum>	d	a	1		undefined8 InitSetFunc(FiberObject<mg1604::Computer::FiberEnum> * this, int param_1, long * param_2)
7100044e60	16	__emplace_unique_key_args<int,std::pair<int_const,std::function<bool()>>>	std::__tree<std::__value_type<int,std::function<bool()>>,std::__map_value_compare<int,std::__value_type<int,std::function<bool()>>,std::less<int>,true>,std::allocator<std::__value_type<int,std::function<bool()>>>>	d	a	1		undefined1[16] __emplace_unique_key_args<int,std::pair<int_const,std::function<bool()>>>(__tree<std::__value_type<int,std::function<bool()>>,std::__map_value_compare<int,std::__value_type<int,std::function<bool()>>,std::less<int>,true>,std::allocator<std::__value_type<int,std::function<bool()>>>> * this, int * param_1, undefined4 * param_2)
7100044e70	16	~FiberObject	mg1604::FiberObject<mg1604::Computer::FiberEnum>	d	a	1		undefined ~FiberObject(FiberObject<mg1604::Computer::FiberEnum> * this)
7100044e80	16	IsCompleted	<EXTERNAL>::wl::fiber::IFiber	d	a	1		undefined IsCompleted(void)
7100044e90	16	Stop	<EXTERNAL>::wl::fiber::IFiber	d	a	1		undefined Stop(void)
7100044ea0	16	destroy	std::__tree<std::__value_type<int,std::function<void()>>,std::__map_value_compare<int,std::__value_type<int,std::function<void()>>,std::less<int>,true>,std::allocator<std::__value_type<int,std::function<void()>>>>	d	a	1		undefined destroy(__tree<std::__value_type<int,std::function<void()>>,std::__map_value_compare<int,std::__value_type<int,std::function<void()>>,std::less<int>,true>,std::allocator<std::__value_type<int,std::function<void()>>>> * this, undefined8 * param_1)
7100044eb0	16	destroy	std::__tree<std::__value_type<int,std::function<bool()>>,std::__map_value_compare<int,std::__value_type<int,std::function<bool()>>,std::less<int>,true>,std::allocator<std::__value_type<int,std::function<bool()>>>>	d	a	1		undefined destroy(__tree<std::__value_type<int,std::function<bool()>>,std::__map_value_compare<int,std::__value_type<int,std::function<bool()>>,std::less<int>,true>,std::allocator<std::__value_type<int,std::function<bool()>>>> * this, undefined8 * param_1)
7100044ec0	16	~IFiber	<EXTERNAL>::wl::fiber::IFiber	d	a	1		undefined ~IFiber(IFiber * this)
7100044ed0	16	GetComInputTrigger	mg1604::Computer	d	a	1		long GetComInputTrigger(Computer * this)
7100044ee0	16	GetComInputHold	mg1604::Computer	d	a	1		long GetComInputHold(Computer * this)
7100044ef0	16	GetComInputRelease	mg1604::Computer	d	a	1		long GetComInputRelease(Computer * this)
7100044f00	16	GetComInputStick	mg1604::Computer	d	a	1		undefined GetComInputStick(Computer * this)
7100044f10	16	UpdateAttackMove	mg1604::Computer	d	a	1		undefined1[16] UpdateAttackMove(Computer * this)
7100044f20	16	UpdateNormalMove	mg1604::Computer	d	a	1		undefined UpdateNormalMove(Computer * this)
7100044f30	16	GetDeltaTime	<EXTERNAL>::bex::MainModule	d	a	1		undefined GetDeltaTime(void)
7100044f40	16	IsAheadOfFrontEnemy	mg1604::ComputerAI	d	a	1		bool IsAheadOfFrontEnemy(ComputerAI * this)
7100044f50	16	CalcToEnemyDistance	mg1604::ComputerAI	d	a	1		undefined1[16] CalcToEnemyDistance(ComputerAI * this)
7100044f60	16	CalcProceedDeg	mg1604::ComputerAI	d	a	1		float CalcProceedDeg(ComputerAI * this)
7100044f70	16	FiberStart	mg1604::FiberObject<mg1604::Computer::FiberEnum>	d	a	1		undefined FiberStart(FiberObject<mg1604::Computer::FiberEnum> * this, int param_1)
7100044f80	16	CalcToEnemyRad	mg1604::ComputerAI	d	a	1		undefined CalcToEnemyRad(ComputerAI * this)
7100044f90	16	cosf		i	i	1		float cosf(float __x)
7100044fa0	16	sinf		i	i	1		float sinf(float __x)
7100044fb0	16	ManagedOnGameMain	mg1604::Computer	d	a	1		undefined ManagedOnGameMain(Computer * this)
7100044fc0	16	FiberStop	mg1604::FiberObject<mg1604::Computer::FiberEnum>	d	a	1		undefined FiberStop(FiberObject<mg1604::Computer::FiberEnum> * this)
7100044fd0	16	Play	<EXTERNAL>::wl::fiber::IFiber	d	a	1		undefined Play(void)
7100044fe0	16	Wait	<EXTERNAL>::bex::Fiber	d	a	1		undefined Wait(void)
7100044ff0	16	~exception	<EXTERNAL>::std::exception	d	a	1		undefined ~exception(exception * this)
7100045000	16	GetCurrentWorld	<EXTERNAL>::nn::bezel::PhysicsModule	d	a	1		undefined GetCurrentWorld(void)
7100045010	16	CastRay	<EXTERNAL>::nn::bezel::PhysicsWorldExtension	d	a	1		undefined CastRay(CastResult * param_1, CastRayArg * param_2)
7100045020	16	atan2f		i	i	1		float atan2f(float __y, float __x)
7100045030	16	Reset	nn::bezel::HandleSource<nn::bezel::Component>	d	a	1		undefined Reset(HandleSource<nn::bezel::Component> * this, long param_1)
7100045040	16	Init	mg1604::ComWaryOfAround	d	a	1		undefined Init(ComWaryOfAround * this, long * param_1)
7100045050	16	FindBoneIndex	<EXTERNAL>::nn::bezel::SkeletonPose	d	a	1		undefined FindBoneIndex(char * param_1)
7100045060	16	AddHeading	<EXTERNAL>::bq::ComMatter	d	a	1		undefined AddHeading(void)
7100045070	16	SetTargetNone	<EXTERNAL>::bex::ComHeading	d	a	1		undefined SetTargetNone(void)
7100045080	16	SetTargetLookAtEntity	<EXTERNAL>::bex::ComHeading	d	a	1		undefined SetTargetLookAtEntity(WeakHandle * param_1, int param_2)
7100045090	16	WaitLightEvent	<EXTERNAL>::nn::os	d	a	1		undefined WaitLightEvent(LightEventType * param_1)
71000450a0	16	SignalLightEvent	<EXTERNAL>::nn::os	d	a	1		undefined SignalLightEvent(LightEventType * param_1)
71000450b0	16	Deallocate	<EXTERNAL>::nn::bezel::CoreSystem	d	a	1		undefined Deallocate(void * param_1)
71000450c0	16	Reserve	<EXTERNAL>::nn::bezel::detail::RcArena	d	a	1		undefined Reserve(void)
71000450d0	16	ComWaryOfAround	mg1604::ComWaryOfAround	d	a	1		undefined ComWaryOfAround(ComWaryOfAround * this, long * param_1)
71000450e0	16	SetRigidbody	mg1604::Player	d	a	1		undefined SetRigidbody(Player * this, float * param_1)
71000450f0	16	InitConfigAction	mg1604::Player	d	a	1		undefined InitConfigAction(long param_1)
7100045100	16	SetInputControlEnabled	<EXTERNAL>::actor::ComActor	d	a	1		undefined SetInputControlEnabled(bool param_1)
7100045110	16	AddComponent<mg1604::ComWaryOfAround,,(void*)0>	nn::bezel::Entity	d	a	1		WeakHandle AddComponent<mg1604::ComWaryOfAround,,(void*)0>(long * param_1, HandlePtr * param_2)
7100045120	16	GetFrameMax	<EXTERNAL>::nn::bezel::AnimationNode	d	a	1		undefined GetFrameMax(void)
7100045130	16	InitSetFunc	mg1604::FiberObject<mg1604::Player::FiberEnum>	d	a	1		undefined8 InitSetFunc(FiberObject<mg1604::Player::FiberEnum> * this, int param_1, long * param_2)
7100045140	16	PCIndividualScale	<EXTERNAL>::bq::CharacterData	d	a	1		undefined PCIndividualScale(PlayerCharacterID param_1)
7100045150	16	SetScale	<EXTERNAL>::actor::ComActor	d	a	1		undefined SetScale(Vector3f * param_1)
7100045160	16	SetCollisionLabel	<EXTERNAL>::nn::bezel::ComCollision	d	a	1		undefined SetCollisionLabel(uint param_1)
7100045170	16	CollisionShape	<EXTERNAL>::nn::bezel::CollisionShape	d	a	1		undefined CollisionShape(CollisionShape * this)
7100045180	16	CreateCapsule	<EXTERNAL>::nn::bezel::CollisionShape	d	a	1		undefined CreateCapsule(float param_1, float param_2)
7100045190	16	operator=	nn::bezel::detail::Variant<nn::bezel::CollisionShape::Sphere,nn::bezel::CollisionShape::Plane,nn::bezel::CollisionShape::Capsule,nn::bezel::CollisionShape::Box,nn::bezel::CollisionShape::Mesh,nn::bezel::CollisionShape::Complex,nn::bezel::CollisionShape::Collection,nn::bezel::CollisionShape::RuntimeConvexMesh,nn::bezel::CollisionShape::RuntimeTriangleMesh,nn::bezel::CollisionShape::RuntimeHeightField>	d	a	1		Variant<nn::bezel::CollisionShape::Sphere,nn::bezel::CollisionShape::Plane,nn::bezel::CollisionShape::Capsule,nn::bezel::CollisionShape::Box,nn::bezel::CollisionShape::Mesh,nn::bezel::CollisionShape::Complex,nn::bezel::CollisionShape::Collection,nn::bezel::CollisionShape::RuntimeConvexMesh,nn::bezel::CollisionShape::RuntimeTriangleMesh,nn::bezel::CollisionShape::RuntimeHeightField> * operator=(Variant<nn::bezel::CollisionShape::Sphere,nn::bezel::CollisionShape::Plane,nn::bezel::CollisionShape::Capsule,nn::bezel::CollisionShape::Box,nn::bezel::CollisionShape::Mesh,nn::bezel::CollisionShape::Complex,nn::bezel::CollisionShape::Collection,nn::bezel::CollisionShape::RuntimeConvexMesh,nn::bezel::CollisionShape::RuntimeTriangleMesh,nn::bezel::CollisionShape::RuntimeHeightField> * this, long * param_1)
71000451a0	16	~CollisionShape	<EXTERNAL>::nn::bezel::CollisionShape	d	a	1		undefined ~CollisionShape(CollisionShape * this)
71000451b0	16	GetCapsuleHalfHeight	<EXTERNAL>::nn::bezel::CollisionShape	d	a	1		undefined GetCapsuleHalfHeight(void)
71000451c0	16	GetCapsuleRadius	<EXTERNAL>::nn::bezel::CollisionShape	d	a	1		undefined GetCapsuleRadius(void)
71000451d0	16	SetLocalTranslation	<EXTERNAL>::nn::bezel::CollisionShape	d	a	1		undefined SetLocalTranslation(Vector3f * param_1)
71000451e0	16	AddComponent<nn::bezel::ComRigidBody,nn::bezel::RigidBodyCreateArg&,(void*)0>	nn::bezel::Entity	d	a	1		WeakHandle AddComponent<nn::bezel::ComRigidBody,nn::bezel::RigidBodyCreateArg&,(void*)0>(long * param_1_00, HandlePtr * param_2, RigidBodyCreateArg * param_3)
71000451f0	16	SetMass	<EXTERNAL>::nn::bezel::ComRigidBody	d	a	1		undefined SetMass(float param_1)
7100045200	16	SetRestitution	<EXTERNAL>::nn::bezel::ComCollision	d	a	1		undefined SetRestitution(float param_1)
7100045210	16	SetDynamicFriction	<EXTERNAL>::nn::bezel::ComCollision	d	a	1		undefined SetDynamicFriction(float param_1)
7100045220	16	SetStaticFriction	<EXTERNAL>::nn::bezel::ComCollision	d	a	1		undefined SetStaticFriction(float param_1)
7100045230	16	SetLinearDamping	<EXTERNAL>::nn::bezel::ComRigidBody	d	a	1		undefined SetLinearDamping(float param_1)
7100045240	16	SetAngularDamping	<EXTERNAL>::nn::bezel::ComRigidBody	d	a	1		undefined SetAngularDamping(float param_1)
7100045250	16	SetApplyRotationEnabled	<EXTERNAL>::nn::bezel::ComRigidBody	d	a	1		undefined SetApplyRotationEnabled(bool param_1)
7100045260	16	SetGravityEnabled	<EXTERNAL>::nn::bezel::ComRigidBody	d	a	1		undefined SetGravityEnabled(bool param_1)
7100045270	16	SetCollisionDetectionMode	<EXTERNAL>::nn::bezel::ComRigidBody	d	a	1		undefined SetCollisionDetectionMode(CollisionDetectionMode param_1)
7100045280	16	SetConstraintsOnAxis	<EXTERNAL>::nn::bezel::ComRigidBody	d	a	1		undefined SetConstraintsOnAxis(uint param_1)
7100045290	16	EraseAction	<EXTERNAL>::actor::ComActor	d	a	1		undefined EraseAction(ActorHashedString * param_1)
71000452a0	16	SetActivePress	<EXTERNAL>::actor::ComActor	d	a	1		undefined SetActivePress(bool param_1)
71000452b0	16	SetActiveHipDropPress	<EXTERNAL>::actor::ComActor	d	a	1		undefined SetActiveHipDropPress(bool param_1)
71000452c0	16	SafeCreate<mg1604::ComWaryOfAround,(nn::bezel::MemoryUsage)57,nn::bezel::HandlePtr<nn::bezel::Entity>const&>	nn::bezel::ComponentUtil	d	a	1		WeakHandle SafeCreate<mg1604::ComWaryOfAround,(nn::bezel::MemoryUsage)57,nn::bezel::HandlePtr<nn::bezel::Entity>const&>(long * param_1, ComponentUtil * this)
71000452d0	16	ManagedOnOpeningAfter	mg1604::Player	d	a	1		undefined ManagedOnOpeningAfter(Player * this)
71000452e0	16	FiberStart	mg1604::FiberObject<mg1604::Player::FiberEnum>	d	a	1		undefined FiberStart(FiberObject<mg1604::Player::FiberEnum> * this, int param_1)
71000452f0	16	FiberStop	mg1604::FiberObject<mg1604::Player::FiberEnum>	d	a	1		undefined FiberStop(FiberObject<mg1604::Player::FiberEnum> * this)
7100045300	16	ManagedOnOpeningSkip	mg1604::Player	d	a	1		undefined ManagedOnOpeningSkip(Player * this)
7100045310	16	CallAction	<EXTERNAL>::actor::ComActor	d	a	1		undefined CallAction(ActorHashedString * param_1, bool param_2)
7100045320	16	ManagedOnGameStartAfter	mg1604::Player	d	a	1		undefined ManagedOnGameStartAfter(Player * this)
7100045330	16	ManagedOnGameMain	mg1604::Player	d	a	1		undefined ManagedOnGameMain(Player * this)
7100045340	16	SetOverlayEnabled	<EXTERNAL>::actor::ComActorPad	d	a	1		undefined SetOverlayEnabled(bool param_1)
7100045350	16	SetOverlayTrigger	<EXTERNAL>::actor::ComActorPad	d	a	1		undefined SetOverlayTrigger(uint param_1)
7100045360	16	SetOverlayHold	<EXTERNAL>::actor::ComActorPad	d	a	1		undefined SetOverlayHold(uint param_1)
7100045370	16	SetOverlayRelease	<EXTERNAL>::actor::ComActorPad	d	a	1		undefined SetOverlayRelease(uint param_1)
7100045380	16	SetOverlayStick	<EXTERNAL>::actor::ComActorPad	d	a	1		undefined SetOverlayStick(Vector3f * param_1)
7100045390	16	Teleport	<EXTERNAL>::nn::bezel::ComCollision	d	a	1		undefined Teleport(void)
71000453a0	16	ManagedOnGameEnd	mg1604::Player	d	a	1		undefined ManagedOnGameEnd(Player * this)
71000453b0	16	SetMotionType	<EXTERNAL>::nn::bezel::ComRigidBody	d	a	1		undefined SetMotionType(RigidBodyMotionType param_1)
71000453c0	16	GetCondition	<EXTERNAL>::actor::ComActor	d	a	1		undefined GetCondition(ActorHashedString * param_1)
71000453d0	16	Suspended	<EXTERNAL>::actor::ActorCondition	d	a	1		undefined Suspended(void)
71000453e0	16	ResetValue	<EXTERNAL>::actor::Velocity	d	a	1		undefined ResetValue(void)
71000453f0	16	GetMinigameWinLose	<EXTERNAL>::bq::PlayerWork	d	a	1		undefined GetMinigameWinLose(void)
7100045400	16	Create	<EXTERNAL>::nn::bezel::ComRigidBody	d	a	1		undefined Create(HandlePtr * param_1, RigidBodyCreateArg * param_2)
7100045410	16	~Player	mg1604::Player	d	a	1		undefined ~Player(Player * this)
7100045420	16	~FiberObject	mg1604::FiberObject<mg1604::Player::FiberEnum>	d	a	1		undefined ~FiberObject(FiberObject<mg1604::Player::FiberEnum> * this)
7100045430	16	~CollisionMesh	<EXTERNAL>::nn::bezel::detail::CollisionMesh	d	a	1		undefined ~CollisionMesh(CollisionMesh * this)
7100045440	16	Destroy	nn::bezel::detail::VariantImpl::CtorDtor<nn::bezel::CollisionShape::RuntimeConvexMesh,nn::bezel::CollisionShape::RuntimeTriangleMesh,nn::bezel::CollisionShape::RuntimeHeightField>	d	a	1		undefined Destroy(long param_1, char param_2)
7100045450	16	~Complex	<EXTERNAL>::nn::bezel::CollisionShape::Complex	d	a	1		undefined ~Complex(Complex * this)
7100045460	16	~Collection	nn::bezel::CollisionShape::Collection	d	a	1		undefined ~Collection(Collection * this)
7100045470	16	MoveConstruct	nn::bezel::detail::VariantImpl::CtorDtor<nn::bezel::CollisionShape::Complex,nn::bezel::CollisionShape::Collection,nn::bezel::CollisionShape::RuntimeConvexMesh,nn::bezel::CollisionShape::RuntimeTriangleMesh,nn::bezel::CollisionShape::RuntimeHeightField>	d	a	1		undefined MoveConstruct(long * param_1, long * param_2, undefined1 param_3)
7100045480	16	Destroy	nn::bezel::detail::VariantImpl::CtorDtor<nn::bezel::CollisionShape::RuntimeTriangleMesh,nn::bezel::CollisionShape::RuntimeHeightField>	d	a	1		undefined Destroy(long param_1, char param_2)
7100045490	16	Destroy	nn::bezel::detail::VariantImpl::CtorDtor<nn::bezel::CollisionShape::RuntimeHeightField>	d	a	1		undefined Destroy(long param_1, char param_2)
71000454a0	16	Allocate	<EXTERNAL>::nn::bezel::detail::AllocateSupporter	d	a	1		undefined Allocate(ulong param_1, ulong param_2)
71000454b0	16	CopyConstruct	nn::bezel::detail::VariantImpl::CtorDtor<nn::bezel::CollisionShape::Complex,nn::bezel::CollisionShape::Collection,nn::bezel::CollisionShape::RuntimeConvexMesh,nn::bezel::CollisionShape::RuntimeTriangleMesh,nn::bezel::CollisionShape::RuntimeHeightField>	d	a	1		undefined CopyConstruct(undefined8 * param_1, undefined8 * param_2, char param_3)
71000454c0	16	Deallocate	<EXTERNAL>::nn::bezel::detail::AllocateSupporter	d	a	1		undefined Deallocate(void * param_1)
71000454d0	16	CopyConstruct	nn::bezel::detail::VariantImpl::CtorDtor<nn::bezel::CollisionShape::RuntimeConvexMesh,nn::bezel::CollisionShape::RuntimeTriangleMesh,nn::bezel::CollisionShape::RuntimeHeightField>	d	a	1		undefined CopyConstruct(undefined8 * param_1, undefined8 * param_2, char param_3)
71000454e0	16	Allocate	<EXTERNAL>::nn::bezel::CoreSystem	d	a	1		undefined Allocate(ulong param_1, ulong param_2)
71000454f0	16	Player	mg1604::Player	d	a	1		undefined Player(undefined8 param_1_00, Player * this, long * param_3, long * param_4, undefined8 * param_5, float * param_6, byte param_7)
7100045500	16	GetParamFloat	mg1604::GameParam	d	a	1		undefined4 GetParamFloat(GameParam * this, int param_2)
7100045510	16	__push_back_slow_path<std::shared_ptr<mg1604::Player>>	std::vector<std::shared_ptr<mg1604::Player>,std::allocator<std::shared_ptr<mg1604::Player>>>	d	a	1		void __push_back_slow_path<std::shared_ptr<mg1604::Player>>(vector<std::shared_ptr<mg1604::Player>,std::allocator<std::shared_ptr<mg1604::Player>>> * this, undefined8 * param_1)
7100045520	16	GetPlayerPos	mg1604::CharacterManager	d	a	1		undefined GetPlayerPos(CharacterManager * this, int * param_1)
7100045530	16	CharacterManager	mg1604::CharacterManager	d	a	1		undefined CharacterManager(CharacterManager * this, undefined8 * param_1, undefined8 * param_2, long * param_3)
7100045540	16	GameJudge	mg1604::GameJudge	d	a	1		undefined GameJudge(undefined4 param_1, GameJudge * this)
7100045550	16	Factory	mg1604::Factory	d	a	1		undefined Factory(Factory * this)
7100045560	16	GetSinpleEntity	mg1604::Factory	d	a	1		undefined GetSinpleEntity(long * param_1, long param_2, int param_3)
7100045570	16	_CreateSceneEntity	mg1604::Scene	d	a	1		undefined _CreateSceneEntity(Scene * this, char * param_1)
7100045580	16	MapManager	mg1604::MapManager	d	a	1		undefined MapManager(MapManager * this, undefined8 * param_1, long * param_2, long * param_3, undefined8 * param_4, undefined8 * param_5, undefined8 * param_6, undefined8 * param_7, undefined8 param_8)
7100045590	16	GetStartPos	mg1604::Map	d	a	1		undefined1[16] GetStartPos(long param_1, uint param_2)
71000455a0	16	GetGroupEntity	mg1604::Factory	d	a	1		undefined GetGroupEntity(undefined8 * param_1, long param_2, int param_3)
71000455b0	16	make_shared<mg1604::CharacterManager,nn::bezel::WeakHandle<nn::bezel::Entity>,std::vector<nn::bezel::WeakHandle<nn::bezel::Entity>,std::allocator<nn::bezel::WeakHandle<nn::bezel::Entity>>>,std::vector<nn::util::Vector3f,std::allocator<nn::util::Vector3f>>&>	wl	d	a	1		shared_ptr make_shared<mg1604::CharacterManager,nn::bezel::WeakHandle<nn::bezel::Entity>,std::vector<nn::bezel::WeakHandle<nn::bezel::Entity>,std::allocator<nn::bezel::WeakHandle<nn::bezel::Entity>>>,std::vector<nn::util::Vector3f,std::allocator<nn::util::Vector3f>>&>(undefined8 * param_1_00, wl * this, undefined8 * param_3, long * param_4)
71000455c0	16	Camera	mg1604::Camera	d	a	1		undefined Camera(Camera * this, long * param_1, undefined8 * param_2)
71000455d0	16	_Observed	mg1604::Scene	d	a	1		undefined _Observed(Scene * this, undefined8 * param_1)
71000455e0	16	_CreateSceneEntity	mg1604::GameManager	d	a	1		undefined _CreateSceneEntity(GameManager * this, char * param_1)
71000455f0	16	~GameManager	mg1604::GameManager	d	a	1		undefined ~GameManager(GameManager * this)
7100045600	16	IsOpeningEnd	mg1604::GameManager	d	a	1		bool IsOpeningEnd(GameManager * this)
7100045610	16	IsGameEnd	mg1604::GameManager	d	a	1		undefined IsGameEnd(GameManager * this)
7100045620	16	IsGameEnd	mg1604::GameJudge	d	a	1		undefined8 IsGameEnd(GameJudge * this)
7100045630	16	IsEndingEnd	mg1604::GameManager	d	a	1		bool IsEndingEnd(GameManager * this)
7100045640	16	SetPlayerPos	mg1604::GameJudge	d	a	1		undefined SetPlayerPos(undefined4 param_1, undefined4 param_2, long param_3)
7100045650	16	SetMinigameResult	mg1604::GameJudge	d	a	1		undefined SetMinigameResult(GameJudge * this, long * param_1, uint param_2)
7100045660	16	OnEndingInitImpl	mg1604::GameManager	d	a	1		undefined OnEndingInitImpl(GameManager * this, long * param_1)
7100045670	16	SetCameraType	<EXTERNAL>::bq::MGResult	d	a	1		undefined SetCameraType(CameraType param_1)
7100045680	16	Setup_DefaultEndingResult	<EXTERNAL>::wl::IMinigameScene	d	a	1		undefined Setup_DefaultEndingResult(WeakHandle * param_1, SceneResult_Builder * param_2)
7100045690	16	_GetScenePtr	mg1604::GameManager	d	a	1		undefined8 _GetScenePtr(GameManager * this)
71000456a0	16	NotifyImpl<mg1604::SinpleEventObserver<mg1604::GameEventID>::NotifyEvent(mg1604::GameEventID)::{lambda(auto:1)#1}>	wl::IObservable<std::weak_ptr<mg1604::ISinpleEventSubject<mg1604::GameEventID>>>	d	a	1		void NotifyImpl<mg1604::SinpleEventObserver<mg1604::GameEventID>::NotifyEvent(mg1604::GameEventID)::{lambda(auto:1)#1}>(IObservable<std::weak_ptr<mg1604::ISinpleEventSubject<mg1604::GameEventID>>> * this, undefined4 * param_1)
71000456b0	16	~Factory	mg1604::Factory	d	a	1		undefined ~Factory(Factory * this)
71000456c0	16	GameManager	mg1604::GameManager	d	a	1		undefined GameManager(GameManager * this, undefined8 * param_1, undefined8 param_2)
71000456d0	16	Map	mg1604::Map	d	a	1		undefined Map(Map * this, undefined8 * param_1, long * param_2, undefined8 * param_3, undefined8 * param_4, undefined8 * param_5, undefined8 * param_6, undefined8 param_7)
71000456e0	16	FindChildrenByTreePath	<EXTERNAL>::nn::bezel::Entity	d	a	1		undefined FindChildrenByTreePath(WeakHandle * param_1, EntityState param_2, basic_string_view param_3)
71000456f0	16	ManagedOnGameStart	mg1604::Map	d	a	1		undefined ManagedOnGameStart(Map * this)
7100045700	16	ManagedOnGameMain	mg1604::Map	d	a	1		undefined ManagedOnGameMain(Map * this)
7100045710	16	ManagedOnGameFinish	mg1604::Map	d	a	1		undefined ManagedOnGameFinish(Map * this)
7100045720	16	ManagedOnEnd	mg1604::Map	d	a	1		undefined ManagedOnEnd(Map * this)
7100045730	16	SetRigidbody	mg1604::Ball	d	a	1		undefined SetRigidbody(Ball * this, float * param_1)
7100045740	16	SetMaterial	mg1604::Ball	d	a	1		undefined SetMaterial(Ball * this, undefined4 param_1)
7100045750	16	AddComponent<mg1604::ComBallHit,,(void*)0>	nn::bezel::Entity	d	a	1		WeakHandle AddComponent<mg1604::ComBallHit,,(void*)0>(long * param_1, HandlePtr * param_2)
7100045760	16	CreateSphere	<EXTERNAL>::nn::bezel::CollisionShape	d	a	1		undefined CreateSphere(float param_1)
7100045770	16	strlen		i	i	1		size_t strlen(char * __s)
7100045780	16	CreateTexture	<EXTERNAL>::nn::bezel::GraphicsCoreModule	d	a	1		undefined CreateTexture(basic_string_view param_1)
7100045790	16	SetTexture	<EXTERNAL>::nn::bezel::Material	d	a	1		undefined SetTexture(basic_string_view param_1, HandlePtr * param_2)
71000457a0	16	SafeCreate<mg1604::ComBallHit,(nn::bezel::MemoryUsage)57,nn::bezel::HandlePtr<nn::bezel::Entity>const&>	nn::bezel::ComponentUtil	d	a	1		WeakHandle SafeCreate<mg1604::ComBallHit,(nn::bezel::MemoryUsage)57,nn::bezel::HandlePtr<nn::bezel::Entity>const&>(long * param_1, ComponentUtil * this)
71000457b0	16	~Ball	mg1604::Ball	d	a	1		undefined ~Ball(Ball * this)
71000457c0	16	CalcRot	mg1604::Ball	d	a	1		undefined CalcRot(Ball * this)
71000457d0	16	Play3D	<EXTERNAL>::bex::sound::SoundModule	d	a	1		undefined Play3D(char * param_1, Vector3f * param_2, float param_3)
71000457e0	16	sqrtf		i	i	1		float sqrtf(float __x)
71000457f0	16	ManagedOnGameStart	mg1604::Ball	d	a	1		undefined ManagedOnGameStart(Ball * this)
7100045800	16	ManagedOnGameStart	mg1604::ComBallHit	d	a	1		undefined ManagedOnGameStart(ComBallHit * this)
7100045810	16	ManagedOnGameMain	mg1604::Ball	d	a	1		undefined ManagedOnGameMain(Ball * this)
7100045820	16	ManagedOnGameFinish	mg1604::Ball	d	a	1		undefined ManagedOnGameFinish(Ball * this)
7100045830	16	ComBallHit	mg1604::ComBallHit	d	a	1		undefined ComBallHit(ComBallHit * this, long * param_1)
7100045840	16	Ball	mg1604::Ball	d	a	1		undefined Ball(Ball * this, undefined8 * param_1, float * param_2, undefined4 param_3)
7100045850	16	ReceiveMessageImpl	mg1604::ComBallHit	d	a	1		undefined ReceiveMessageImpl(undefined4 * param_1_00, long param_2, long param_3)
7100045860	16	GetCollisionLabel	<EXTERNAL>::nn::bezel::Collision	d	a	1		undefined GetCollisionLabel(void)
7100045870	16	WriteLocalVariable	<EXTERNAL>::bex::sound::SoundHandle	d	a	1		undefined WriteLocalVariable(int param_1, int param_2)
7100045880	16	format<int>	wl	d	a	1		char * format<int>(long * param_1_00, wl * this, uint * param_3)
7100045890	16	__push_back_slow_path<std::shared_ptr<mg1604::Ball>>	std::vector<std::shared_ptr<mg1604::Ball>,std::allocator<std::shared_ptr<mg1604::Ball>>>	d	a	1		void __push_back_slow_path<std::shared_ptr<mg1604::Ball>>(vector<std::shared_ptr<mg1604::Ball>,std::allocator<std::shared_ptr<mg1604::Ball>>> * this, undefined8 * param_1)
71000458a0	16	Create	<EXTERNAL>::bex::Effect	d	a	1		undefined Create(basic_string_view * param_1)
71000458b0	16	SetSelfDestroyEnabled	<EXTERNAL>::bex::Effect	d	a	1		undefined SetSelfDestroyEnabled(bool param_1)
71000458c0	16	Start	<EXTERNAL>::bex::Effect	d	a	1		undefined Start(bool param_1)
71000458d0	16	InitSetFunc	mg1604::FiberObject<mg1604::Map::FiberEnum>	d	a	1		undefined8 InitSetFunc(FiberObject<mg1604::Map::FiberEnum> * this, int param_1, long * param_2)
71000458e0	16	snprintf		i	i	1		int snprintf(char * __s, size_t __maxlen, char * __format, ...)
71000458f0	16	memset		i	i	1		void * memset(void * __s, int __c, size_t __n)
7100045900	16	FiberStart	mg1604::FiberObject<mg1604::Map::FiberEnum>	d	a	1		undefined FiberStart(FiberObject<mg1604::Map::FiberEnum> * this, int param_1)
7100045910	16	FiberStop	mg1604::FiberObject<mg1604::Map::FiberEnum>	d	a	1		undefined FiberStop(FiberObject<mg1604::Map::FiberEnum> * this)
7100045920	16	~FiberObject	mg1604::FiberObject<mg1604::Map::FiberEnum>	d	a	1		undefined ~FiberObject(FiberObject<mg1604::Map::FiberEnum> * this)
7100045930	16	getStaticTypeinfo	<EXTERNAL>::bex::SceneParamBase	d	a	1		undefined getStaticTypeinfo(void)
7100045940	16	Typeinfo	<EXTERNAL>::rtti::Typeinfo	d	a	1		undefined Typeinfo(Typeinfo * this, Typeinfo * param_1, char * param_2, char * param_3, _func_Property_ptr * param_4, _func_void_ptr * param_5, _func_void_void_ptr * param_6, uint param_7, uint param_8, _func_void_void_ptr_Property_ptr_PropertyList_ptr * param_9, _func_bool_void_ptr_Property_ptr_Typeinfo_ptr_uint * param_10)
7100045950	16	Property	<EXTERNAL>::rtti::Property	d	a	1		undefined Property(Property * this, char * param_1, char * param_2, uint param_3, void * param_4, Type * param_5)
7100045960	16	Property	<EXTERNAL>::rtti::Property	d	a	1		undefined Property(Property * this, char * param_1, char * param_2, uint param_3, void * param_4, Type * param_5, int param_6, int param_7, int param_8)
7100045970	16	Property	<EXTERNAL>::rtti::Property	d	a	1		undefined Property(Property * this)
7100045980	16	checkGuiPropDefault	<EXTERNAL>::rtti::Typeinfo	d	a	1		undefined checkGuiPropDefault(void * param_1, Property * param_2, PropertyList * param_3)
7100045990	16	createGuiPropDefault	<EXTERNAL>::rtti::Typeinfo	d	a	1		undefined createGuiPropDefault(void * param_1, Property * param_2, Typeinfo * param_3, uint param_4)
71000459a0	16	Scene	mg1604::Scene	d	a	1		undefined Scene(Scene * this)
71000459b0	16	~Scene	mg1604::Scene	d	a	1		undefined ~Scene(Scene * this)
71000459c0	16	getStaticTypeinfo	<EXTERNAL>::wl::IMinigameScene	d	a	1		undefined getStaticTypeinfo(void)
71000459d0	16	MinigameScene	<EXTERNAL>::bq::MinigameScene	d	a	1		undefined MinigameScene(MinigameScene * this)
71000459e0	16	destroy	std::__tree<std::__value_type<wl::eSceneEventID,int>,std::__map_value_compare<wl::eSceneEventID,std::__value_type<wl::eSceneEventID,int>,std::less<wl::eSceneEventID>,true>,bex::HeapModule::Allocator_map<std::__value_type<wl::eSceneEventID,int>>>	d	a	1		undefined destroy(__tree<std::__value_type<wl::eSceneEventID,int>,std::__map_value_compare<wl::eSceneEventID,std::__value_type<wl::eSceneEventID,int>,std::less<wl::eSceneEventID>,true>,bex::HeapModule::Allocator_map<std::__value_type<wl::eSceneEventID,int>>> * this, undefined8 * param_1)
71000459f0	16	~MinigameScene	<EXTERNAL>::bq::MinigameScene	d	a	1		undefined ~MinigameScene(MinigameScene * this)
7100045a00	16	NotifyImpl<mg1604::SinpleEventObserver<mg1604::SceneEventID>::NotifyEvent(mg1604::SceneEventID)::{lambda(auto:1)#1}>	wl::IObservable<std::weak_ptr<mg1604::ISinpleEventSubject<mg1604::SceneEventID>>>	d	a	1		void NotifyImpl<mg1604::SinpleEventObserver<mg1604::SceneEventID>::NotifyEvent(mg1604::SceneEventID)::{lambda(auto:1)#1}>(IObservable<std::weak_ptr<mg1604::ISinpleEventSubject<mg1604::SceneEventID>>> * this, undefined4 * param_1)
7100045a10	16	SetStartTelop	<EXTERNAL>::bq::MinigameScene	d	a	1		undefined SetStartTelop(TelopType param_1)
7100045a20	16	CreateSceneEntity	<EXTERNAL>::bq::SceneBase	d	a	1		undefined CreateSceneEntity(basic_string_view * param_1)
7100045a30	16	__push_back_slow_path<std::weak_ptr<mg1604::ISinpleEventSubject<mg1604::SceneEventID>>const&>	std::vector<std::weak_ptr<mg1604::ISinpleEventSubject<mg1604::SceneEventID>>,bex::HeapModule::Allocator_vector<std::weak_ptr<mg1604::ISinpleEventSubject<mg1604::SceneEventID>>>>	d	a	1		void __push_back_slow_path<std::weak_ptr<mg1604::ISinpleEventSubject<mg1604::SceneEventID>>const&>(vector<std::weak_ptr<mg1604::ISinpleEventSubject<mg1604::SceneEventID>>,bex::HeapModule::Allocator_vector<std::weak_ptr<mg1604::ISinpleEventSubject<mg1604::SceneEventID>>>> * this, undefined8 * param_1)
7100045a40	16	GetSceneParams	<EXTERNAL>::bex::SceneBase	d	a	1		undefined GetSceneParams(void)
7100045a50	16	Check	<EXTERNAL>::bq::flag	d	a	1		undefined Check(FLAG param_1)
7100045a60	16	GetFrameMax	<EXTERNAL>::actor::ComActorMotion	d	a	1		undefined GetFrameMax(void)
7100045a70	16	GetNearGoalPCPos	mg1604::Camera	d	a	1		undefined1[16] GetNearGoalPCPos(Camera * this)
7100045a80	16	GetParamInt	mg1604::GameParam	d	a	1		ulong GetParamInt(GameParam * this, int param_1)
7100045a90	16	SyncRandMod	<EXTERNAL>::bex::RandModule	d	a	1		undefined SyncRandMod(uint param_1)
7100045aa0	16	CreateMap	<EXTERNAL>::nn::bezel::ClassicMapModule	d	a	1		undefined CreateMap(basic_string_view param_1, basic_string_view param_2)
7100045ab0	16	AddComponent<bq::ComMatter,char_const(&)[33],(void*)0>	nn::bezel::Entity	d	a	1		WeakHandle AddComponent<bq::ComMatter,char_const(&)[33],(void*)0>(long * param_1_00, HandlePtr * param_2, char * param_3)
7100045ac0	16	AddComponent<bq::ComMatter,char_const(&)[38],(void*)0>	nn::bezel::Entity	d	a	1		WeakHandle AddComponent<bq::ComMatter,char_const(&)[38],(void*)0>(long * param_1_00, HandlePtr * param_2, char * param_3)
7100045ad0	16	AddComponent<bq::ComMatter,char_const(&)[40],(void*)0>	nn::bezel::Entity	d	a	1		WeakHandle AddComponent<bq::ComMatter,char_const(&)[40],(void*)0>(long * param_1_00, HandlePtr * param_2, char * param_3)
7100045ae0	16	AddComponent<bq::ComMatter,bq::MatterType,(void*)0>	nn::bezel::Entity	d	a	1		WeakHandle AddComponent<bq::ComMatter,bq::MatterType,(void*)0>(long * param_1_00, HandlePtr * param_2, undefined4 * param_3)
7100045af0	16	GetDefaultGraphicsLayer	<EXTERNAL>::nn::bezel::GraphicsCoreModule	d	a	1		undefined GetDefaultGraphicsLayer(void)
7100045b00	16	GetCamera	<EXTERNAL>::nn::bezel::ComCamera	d	a	1		undefined GetCamera(void)
7100045b10	16	SetCamera	<EXTERNAL>::nn::bezel::GraphicsLayer	d	a	1		undefined SetCamera(WeakHandle * param_1)
7100045b20	16	AddComponent<bq::ComMatter,char_const(&)[36],(void*)0>	nn::bezel::Entity	d	a	1		WeakHandle AddComponent<bq::ComMatter,char_const(&)[36],(void*)0>(long * param_1_00, HandlePtr * param_2, char * param_3)
7100045b30	16	AddComponent<bq::ComMatter,char_const(&)[30],(void*)0>	nn::bezel::Entity	d	a	1		WeakHandle AddComponent<bq::ComMatter,char_const(&)[30],(void*)0>(long * param_1_00, HandlePtr * param_2, char * param_3)
7100045b40	16	AddComponent<bq::ComMatter,char_const(&)[37],(void*)0>	nn::bezel::Entity	d	a	1		WeakHandle AddComponent<bq::ComMatter,char_const(&)[37],(void*)0>(long * param_1_00, HandlePtr * param_2, char * param_3)
7100045b50	16	AddComponent<bq::ComMatter,char_const(&)[31],(void*)0>	nn::bezel::Entity	d	a	1		WeakHandle AddComponent<bq::ComMatter,char_const(&)[31],(void*)0>(long * param_1_00, HandlePtr * param_2, char * param_3)
7100045b60	16	AddComponent<bq::ComMatter,char_const(&)[39],(void*)0>	nn::bezel::Entity	d	a	1		WeakHandle AddComponent<bq::ComMatter,char_const(&)[39],(void*)0>(long * param_1_00, HandlePtr * param_2, char * param_3)
7100045b70	16	AddComponent<bq::ComMatter,bex::PlayerID,bq::MatterType,(void*)0>	nn::bezel::Entity	d	a	1		WeakHandle AddComponent<bq::ComMatter,bex::PlayerID,bq::MatterType,(void*)0>(long * param_1_00, HandlePtr * param_2, undefined4 * param_3, undefined4 * param_4)
7100045b80	16	SafeCreate<bq::ComMatter,nn::bezel::HandlePtr<nn::bezel::Entity>const&,char_const(&)[33]>	bex::ComponentUtil	d	a	1		WeakHandle SafeCreate<bq::ComMatter,nn::bezel::HandlePtr<nn::bezel::Entity>const&,char_const(&)[33]>(long * param_1_00, ComponentUtil * this, char * param_3)
7100045b90	16	SafeCreate<bq::ComMatter,nn::bezel::HandlePtr<nn::bezel::Entity>const&,char_const(&)[38]>	bex::ComponentUtil	d	a	1		WeakHandle SafeCreate<bq::ComMatter,nn::bezel::HandlePtr<nn::bezel::Entity>const&,char_const(&)[38]>(long * param_1_00, ComponentUtil * this, char * param_3)
7100045ba0	16	SafeCreate<bq::ComMatter,nn::bezel::HandlePtr<nn::bezel::Entity>const&,char_const(&)[40]>	bex::ComponentUtil	d	a	1		WeakHandle SafeCreate<bq::ComMatter,nn::bezel::HandlePtr<nn::bezel::Entity>const&,char_const(&)[40]>(long * param_1_00, ComponentUtil * this, char * param_3)
7100045bb0	16	SafeCreate<bq::ComMatter,nn::bezel::HandlePtr<nn::bezel::Entity>const&,bq::MatterType>	bex::ComponentUtil	d	a	1		WeakHandle SafeCreate<bq::ComMatter,nn::bezel::HandlePtr<nn::bezel::Entity>const&,bq::MatterType>(long * param_1_00, ComponentUtil * this, undefined4 * param_3)
7100045bc0	16	SafeCreate<bq::ComMatter,nn::bezel::HandlePtr<nn::bezel::Entity>const&,char_const(&)[36]>	bex::ComponentUtil	d	a	1		WeakHandle SafeCreate<bq::ComMatter,nn::bezel::HandlePtr<nn::bezel::Entity>const&,char_const(&)[36]>(long * param_1_00, ComponentUtil * this, char * param_3)
7100045bd0	16	SafeCreate<bq::ComMatter,nn::bezel::HandlePtr<nn::bezel::Entity>const&,char_const(&)[30]>	bex::ComponentUtil	d	a	1		WeakHandle SafeCreate<bq::ComMatter,nn::bezel::HandlePtr<nn::bezel::Entity>const&,char_const(&)[30]>(long * param_1_00, ComponentUtil * this, char * param_3)
7100045be0	16	SafeCreate<bq::ComMatter,nn::bezel::HandlePtr<nn::bezel::Entity>const&,char_const(&)[37]>	bex::ComponentUtil	d	a	1		WeakHandle SafeCreate<bq::ComMatter,nn::bezel::HandlePtr<nn::bezel::Entity>const&,char_const(&)[37]>(long * param_1_00, ComponentUtil * this, char * param_3)
7100045bf0	16	SafeCreate<bq::ComMatter,nn::bezel::HandlePtr<nn::bezel::Entity>const&,char_const(&)[31]>	bex::ComponentUtil	d	a	1		WeakHandle SafeCreate<bq::ComMatter,nn::bezel::HandlePtr<nn::bezel::Entity>const&,char_const(&)[31]>(long * param_1_00, ComponentUtil * this, char * param_3)
7100045c00	16	SafeCreate<bq::ComMatter,nn::bezel::HandlePtr<nn::bezel::Entity>const&,char_const(&)[39]>	bex::ComponentUtil	d	a	1		WeakHandle SafeCreate<bq::ComMatter,nn::bezel::HandlePtr<nn::bezel::Entity>const&,char_const(&)[39]>(long * param_1_00, ComponentUtil * this, char * param_3)
7100045c10	16	SafeCreate<bq::ComMatter,nn::bezel::HandlePtr<nn::bezel::Entity>const&,bex::PlayerID,bq::MatterType>	bex::ComponentUtil	d	a	1		WeakHandle SafeCreate<bq::ComMatter,nn::bezel::HandlePtr<nn::bezel::Entity>const&,bex::PlayerID,bq::MatterType>(long * param_1_00, ComponentUtil * this, undefined4 * param_3, undefined4 * param_4)
7100045c20	16	destroy	std::__tree<std::__value_type<mg1604::FactoryGroupEntName,std::vector<nn::bezel::WeakHandle<nn::bezel::Entity>,std::allocator<nn::bezel::WeakHandle<nn::bezel::Entity>>>>,std::__map_value_compare<mg1604::FactoryGroupEntName,std::__value_type<mg1604::FactoryGroupEntName,std::vector<nn::bezel::WeakHandle<nn::bezel::Entity>,std::allocator<nn::bezel::WeakHandle<nn::bezel::Entity>>>>,std::less<mg1604::FactoryGroupEntName>,true>,std::allocator<std::__value_type<mg1604::FactoryGroupEntName,std::vector<nn::bezel::WeakHandle<nn::bezel::Entity>,std::allocator<nn::bezel::WeakHandle<nn::bezel::Entity>>>>>>	d	a	1		undefined destroy(__tree<std::__value_type<mg1604::FactoryGroupEntName,std::vector<nn::bezel::WeakHandle<nn::bezel::Entity>,std::allocator<nn::bezel::WeakHandle<nn::bezel::Entity>>>>,std::__map_value_compare<mg1604::FactoryGroupEntName,std::__value_type<mg1604::FactoryGroupEntName,std::vector<nn::bezel::WeakHandle<nn::bezel::Entity>,std::allocator<nn::bezel::WeakHandle<nn::bezel::Entity>>>>,std::less<mg1604::FactoryGroupEntName>,true>,std::allocator<std::__value_type<mg1604::FactoryGroupEntName,std::vector<nn::bezel::WeakHandle<nn::bezel::Entity>,std::allocator<nn::bezel::WeakHandle<nn::bezel::Entity>>>>>> * this, undefined8 * param_1)
7100045c30	16	destroy	std::__tree<std::__value_type<mg1604::FactoryEntName,nn::bezel::WeakHandle<nn::bezel::Entity>>,std::__map_value_compare<mg1604::FactoryEntName,std::__value_type<mg1604::FactoryEntName,nn::bezel::WeakHandle<nn::bezel::Entity>>,std::less<mg1604::FactoryEntName>,true>,std::allocator<std::__value_type<mg1604::FactoryEntName,nn::bezel::WeakHandle<nn::bezel::Entity>>>>	d	a	1		undefined destroy(__tree<std::__value_type<mg1604::FactoryEntName,nn::bezel::WeakHandle<nn::bezel::Entity>>,std::__map_value_compare<mg1604::FactoryEntName,std::__value_type<mg1604::FactoryEntName,nn::bezel::WeakHandle<nn::bezel::Entity>>,std::less<mg1604::FactoryEntName>,true>,std::allocator<std::__value_type<mg1604::FactoryEntName,nn::bezel::WeakHandle<nn::bezel::Entity>>>> * this, undefined8 * param_1)
7100045c40	16	ComMatter	<EXTERNAL>::bq::ComMatter	d	a	1		undefined ComMatter(ComMatter * this, HandlePtr * param_1, basic_string_view * param_2, bool param_3)
7100045c50	16	ComMatter	<EXTERNAL>::bq::ComMatter	d	a	1		undefined ComMatter(ComMatter * this, HandlePtr * param_1, MatterType param_2, bool param_3)
7100045c60	16	ComMatter	<EXTERNAL>::bq::ComMatter	d	a	1		undefined ComMatter(ComMatter * this, HandlePtr * param_1, PlayerID param_2, MatterType param_3)
7100045c70	16	GameParamStruct	mg1604::GameParamStruct	d	a	1		undefined GameParamStruct(GameParamStruct * this)
7100045c80	16	make_shared<mg1604::GameParam,std::shared_ptr<mg1604::GameParamStruct>&,bool&,char_const(&)[31]>	wl	d	a	1		shared_ptr make_shared<mg1604::GameParam,std::shared_ptr<mg1604::GameParamStruct>&,bool&,char_const(&)[31]>(undefined8 * param_1_00, wl * this, char * param_3, char * param_4)
7100045c90	16	GameParam	mg1604::GameParam	d	a	1		undefined GameParam(GameParam * this, undefined8 * param_2, GameParam param_3, wl * param_4)
7100045ca0	16	SetMinigameRank	<EXTERNAL>::bq::PlayerWork	d	a	1		undefined SetMinigameRank(GameRank param_1)
7100045cb0	16	SetMinigameWinLose	<EXTERNAL>::bq::PlayerWork	d	a	1		undefined SetMinigameWinLose(GameWinLose param_1)
7100045cc0	16	__push_back_slow_path<std::basic_string<char,std::char_traits<char>,bex::HeapModule::Allocator_string<char>>const&>	std::vector<std::basic_string<char,std::char_traits<char>,bex::HeapModule::Allocator_string<char>>,std::allocator<std::basic_string<char,std::char_traits<char>,bex::HeapModule::Allocator_string<char>>>>	d	a	1		void __push_back_slow_path<std::basic_string<char,std::char_traits<char>,bex::HeapModule::Allocator_string<char>>const&>(vector<std::basic_string<char,std::char_traits<char>,bex::HeapModule::Allocator_string<char>>,std::allocator<std::basic_string<char,std::char_traits<char>,bex::HeapModule::Allocator_string<char>>>> * this, byte * param_1)
7100045cd0	16	__push_back_slow_path<std::vector<int,std::allocator<int>>const&>	std::vector<std::vector<int,std::allocator<int>>,std::allocator<std::vector<int,std::allocator<int>>>>	d	a	1		void __push_back_slow_path<std::vector<int,std::allocator<int>>const&>(vector<std::vector<int,std::allocator<int>>,std::allocator<std::vector<int,std::allocator<int>>>> * this, long * param_1)
7100045ce0	16	__push_back_slow_path<std::vector<float,std::allocator<float>>const&>	std::vector<std::vector<float,std::allocator<float>>,std::allocator<std::vector<float,std::allocator<float>>>>	d	a	1		void __push_back_slow_path<std::vector<float,std::allocator<float>>const&>(vector<std::vector<float,std::allocator<float>>,std::allocator<std::vector<float,std::allocator<float>>>> * this, long * param_1)
7100045cf0	16	construct[abi:v160006]<std::vector<std::basic_string<char,std::char_traits<char>,bex::HeapModule::Allocator_string<char>>,std::allocator<std::basic_string<char,std::char_traits<char>,bex::HeapModule::Allocator_string<char>>>>,std::vector<std::basic_string<char,std::char_traits<char>,bex::HeapModule::Allocator_string<char>>,std::allocator<std::basic_string<char,std::char_traits<char>,bex::HeapModule::Allocator_string<char>>>>const&>	std::allocator<std::vector<std::basic_string<char,std::char_traits<char>,bex::HeapModule::Allocator_string<char>>,std::allocator<std::basic_string<char,std::char_traits<char>,bex::HeapModule::Allocator_string<char>>>>>	d	a	1		void construct[abi:v160006]<std::vector<std::basic_string<char,std::char_traits<char>,bex::HeapModule::Allocator_string<char>>,std::allocator<std::basic_string<char,std::char_traits<char>,bex::HeapModule::Allocator_string<char>>>>,std::vector<std::basic_string<char,std::char_traits<char>,bex::HeapModule::Allocator_string<char>>,std::allocator<std::basic_string<char,std::char_traits<char>,bex::HeapModule::Allocator_string<char>>>>const&>(undefined8 param_1_00, undefined8 * param_2, long * param_3)
7100045d00	16	__push_back_slow_path<std::vector<std::basic_string<char,std::char_traits<char>,bex::HeapModule::Allocator_string<char>>,std::allocator<std::basic_string<char,std::char_traits<char>,bex::HeapModule::Allocator_string<char>>>>const&>	std::vector<std::vector<std::basic_string<char,std::char_traits<char>,bex::HeapModule::Allocator_string<char>>,std::allocator<std::basic_string<char,std::char_traits<char>,bex::HeapModule::Allocator_string<char>>>>,std::allocator<std::vector<std::basic_string<char,std::char_traits<char>,bex::HeapModule::Allocator_string<char>>,std::allocator<std::basic_string<char,std::char_traits<char>,bex::HeapModule::Allocator_string<char>>>>>>	d	a	1		void __push_back_slow_path<std::vector<std::basic_string<char,std::char_traits<char>,bex::HeapModule::Allocator_string<char>>,std::allocator<std::basic_string<char,std::char_traits<char>,bex::HeapModule::Allocator_string<char>>>>const&>(vector<std::vector<std::basic_string<char,std::char_traits<char>,bex::HeapModule::Allocator_string<char>>,std::allocator<std::basic_string<char,std::char_traits<char>,bex::HeapModule::Allocator_string<char>>>>,std::allocator<std::vector<std::basic_string<char,std::char_traits<char>,bex::HeapModule::Allocator_string<char>>,std::allocator<std::basic_string<char,std::char_traits<char>,bex::HeapModule::Allocator_string<char>>>>>> * this, long * param_1)
7100045d10	16	__construct_at_end<std::__bit_iterator<std::vector<bool,std::allocator<bool>>,true,0ul>>	std::vector<bool,std::allocator<bool>>	d	a	1		type __construct_at_end<std::__bit_iterator<std::vector<bool,std::allocator<bool>>,true,0ul>>(long * param_1, ulong * param_2, uint param_3, long param_4, ulong param_5)
7100045d20	16	__push_back_slow_path<std::vector<bool,std::allocator<bool>>const&>	std::vector<std::vector<bool,std::allocator<bool>>,std::allocator<std::vector<bool,std::allocator<bool>>>>	d	a	1		void __push_back_slow_path<std::vector<bool,std::allocator<bool>>const&>(vector<std::vector<bool,std::allocator<bool>>,std::allocator<std::vector<bool,std::allocator<bool>>>> * this, undefined8 * param_1)
7100045d30	16	__push_back_slow_path<std::vector<nn::util::Vector2f,std::allocator<nn::util::Vector2f>>const&>	std::vector<std::vector<nn::util::Vector2f,std::allocator<nn::util::Vector2f>>,std::allocator<std::vector<nn::util::Vector2f,std::allocator<nn::util::Vector2f>>>>	d	a	1		void __push_back_slow_path<std::vector<nn::util::Vector2f,std::allocator<nn::util::Vector2f>>const&>(vector<std::vector<nn::util::Vector2f,std::allocator<nn::util::Vector2f>>,std::allocator<std::vector<nn::util::Vector2f,std::allocator<nn::util::Vector2f>>>> * this, long * param_1)
7100045d40	16	__push_back_slow_path<std::vector<nn::util::Vector3f,std::allocator<nn::util::Vector3f>>const&>	std::vector<std::vector<nn::util::Vector3f,std::allocator<nn::util::Vector3f>>,std::allocator<std::vector<nn::util::Vector3f,std::allocator<nn::util::Vector3f>>>>	d	a	1		void __push_back_slow_path<std::vector<nn::util::Vector3f,std::allocator<nn::util::Vector3f>>const&>(vector<std::vector<nn::util::Vector3f,std::allocator<nn::util::Vector3f>>,std::allocator<std::vector<nn::util::Vector3f,std::allocator<nn::util::Vector3f>>>> * this, long * param_1)
7100045d50	16	__push_back_slow_path<std::vector<nn::util::Vector4f,std::allocator<nn::util::Vector4f>>const&>	std::vector<std::vector<nn::util::Vector4f,std::allocator<nn::util::Vector4f>>,std::allocator<std::vector<nn::util::Vector4f,std::allocator<nn::util::Vector4f>>>>	d	a	1		void __push_back_slow_path<std::vector<nn::util::Vector4f,std::allocator<nn::util::Vector4f>>const&>(vector<std::vector<nn::util::Vector4f,std::allocator<nn::util::Vector4f>>,std::allocator<std::vector<nn::util::Vector4f,std::allocator<nn::util::Vector4f>>>> * this, long * param_1)
7100045d60	16	__find_equal<mg1604::ParamInt>	std::__tree<std::__value_type<mg1604::ParamInt,int>,std::__map_value_compare<mg1604::ParamInt,std::__value_type<mg1604::ParamInt,int>,std::less<mg1604::ParamInt>,true>,std::allocator<std::__value_type<mg1604::ParamInt,int>>>	d	a	1		__tree<std::__value_type<mg1604::ParamInt,int>,std::__map_value_compare<mg1604::ParamInt,std::__value_type<mg1604::ParamInt,int>,std::less<mg1604::ParamInt>,true>,std::allocator<std::__value_type<mg1604::ParamInt,int>>> * __find_equal<mg1604::ParamInt>(__tree<std::__value_type<mg1604::ParamInt,int>,std::__map_value_compare<mg1604::ParamInt,std::__value_type<mg1604::ParamInt,int>,std::less<mg1604::ParamInt>,true>,std::allocator<std::__value_type<mg1604::ParamInt,int>>> * this, __tree<std::__value_type<mg1604::ParamInt,int>,std::__map_value_compare<mg1604::ParamInt,std::__value_type<mg1604::ParamInt,int>,std::less<mg1604::ParamInt>,true>,std::allocator<std::__value_type<mg1604::ParamInt,int>>> * param_1, long * param_2, __tree<std::__value_type<mg1604::ParamInt,int>,std::__map_value_compare<mg1604::ParamInt,std::__value_type<mg1604::ParamInt,int>,std::less<mg1604::ParamInt>,true>,std::allocator<std::__value_type<mg1604::ParamInt,int>>> * param_3, int * param_4)
7100045d70	16	destroy	std::__tree<std::__value_type<mg1604::ParamInt,int>,std::__map_value_compare<mg1604::ParamInt,std::__value_type<mg1604::ParamInt,int>,std::less<mg1604::ParamInt>,true>,std::allocator<std::__value_type<mg1604::ParamInt,int>>>	d	a	1		undefined destroy(__tree<std::__value_type<mg1604::ParamInt,int>,std::__map_value_compare<mg1604::ParamInt,std::__value_type<mg1604::ParamInt,int>,std::less<mg1604::ParamInt>,true>,std::allocator<std::__value_type<mg1604::ParamInt,int>>> * this, undefined8 * param_1)
7100045d80	16	__find_equal<mg1604::ParamFloat>	std::__tree<std::__value_type<mg1604::ParamFloat,float>,std::__map_value_compare<mg1604::ParamFloat,std::__value_type<mg1604::ParamFloat,float>,std::less<mg1604::ParamFloat>,true>,std::allocator<std::__value_type<mg1604::ParamFloat,float>>>	d	a	1		__tree<std::__value_type<mg1604::ParamFloat,float>,std::__map_value_compare<mg1604::ParamFloat,std::__value_type<mg1604::ParamFloat,float>,std::less<mg1604::ParamFloat>,true>,std::allocator<std::__value_type<mg1604::ParamFloat,float>>> * __find_equal<mg1604::ParamFloat>(__tree<std::__value_type<mg1604::ParamFloat,float>,std::__map_value_compare<mg1604::ParamFloat,std::__value_type<mg1604::ParamFloat,float>,std::less<mg1604::ParamFloat>,true>,std::allocator<std::__value_type<mg1604::ParamFloat,float>>> * this, __tree<std::__value_type<mg1604::ParamFloat,float>,std::__map_value_compare<mg1604::ParamFloat,std::__value_type<mg1604::ParamFloat,float>,std::less<mg1604::ParamFloat>,true>,std::allocator<std::__value_type<mg1604::ParamFloat,float>>> * param_1, long * param_2, __tree<std::__value_type<mg1604::ParamFloat,float>,std::__map_value_compare<mg1604::ParamFloat,std::__value_type<mg1604::ParamFloat,float>,std::less<mg1604::ParamFloat>,true>,std::allocator<std::__value_type<mg1604::ParamFloat,float>>> * param_3, int * param_4)
7100045d90	16	destroy	std::__tree<std::__value_type<mg1604::ParamFloat,float>,std::__map_value_compare<mg1604::ParamFloat,std::__value_type<mg1604::ParamFloat,float>,std::less<mg1604::ParamFloat>,true>,std::allocator<std::__value_type<mg1604::ParamFloat,float>>>	d	a	1		undefined destroy(__tree<std::__value_type<mg1604::ParamFloat,float>,std::__map_value_compare<mg1604::ParamFloat,std::__value_type<mg1604::ParamFloat,float>,std::less<mg1604::ParamFloat>,true>,std::allocator<std::__value_type<mg1604::ParamFloat,float>>> * this, undefined8 * param_1)
7100045da0	16	__find_equal<mg1604::ParamBool>	std::__tree<std::__value_type<mg1604::ParamBool,bool>,std::__map_value_compare<mg1604::ParamBool,std::__value_type<mg1604::ParamBool,bool>,std::less<mg1604::ParamBool>,true>,std::allocator<std::__value_type<mg1604::ParamBool,bool>>>	d	a	1		__tree<std::__value_type<mg1604::ParamBool,bool>,std::__map_value_compare<mg1604::ParamBool,std::__value_type<mg1604::ParamBool,bool>,std::less<mg1604::ParamBool>,true>,std::allocator<std::__value_type<mg1604::ParamBool,bool>>> * __find_equal<mg1604::ParamBool>(__tree<std::__value_type<mg1604::ParamBool,bool>,std::__map_value_compare<mg1604::ParamBool,std::__value_type<mg1604::ParamBool,bool>,std::less<mg1604::ParamBool>,true>,std::allocator<std::__value_type<mg1604::ParamBool,bool>>> * this, __tree<std::__value_type<mg1604::ParamBool,bool>,std::__map_value_compare<mg1604::ParamBool,std::__value_type<mg1604::ParamBool,bool>,std::less<mg1604::ParamBool>,true>,std::allocator<std::__value_type<mg1604::ParamBool,bool>>> * param_1, long * param_2, __tree<std::__value_type<mg1604::ParamBool,bool>,std::__map_value_compare<mg1604::ParamBool,std::__value_type<mg1604::ParamBool,bool>,std::less<mg1604::ParamBool>,true>,std::allocator<std::__value_type<mg1604::ParamBool,bool>>> * param_3, int * param_4)
7100045db0	16	destroy	std::__tree<std::__value_type<mg1604::ParamBool,bool>,std::__map_value_compare<mg1604::ParamBool,std::__value_type<mg1604::ParamBool,bool>,std::less<mg1604::ParamBool>,true>,std::allocator<std::__value_type<mg1604::ParamBool,bool>>>	d	a	1		undefined destroy(__tree<std::__value_type<mg1604::ParamBool,bool>,std::__map_value_compare<mg1604::ParamBool,std::__value_type<mg1604::ParamBool,bool>,std::less<mg1604::ParamBool>,true>,std::allocator<std::__value_type<mg1604::ParamBool,bool>>> * this, undefined8 * param_1)
7100045dc0	16	__find_equal<mg1604::ParamString>	std::__tree<std::__value_type<mg1604::ParamString,std::basic_string<char,std::char_traits<char>,bex::HeapModule::Allocator_string<char>>>,std::__map_value_compare<mg1604::ParamString,std::__value_type<mg1604::ParamString,std::basic_string<char,std::char_traits<char>,bex::HeapModule::Allocator_string<char>>>,std::less<mg1604::ParamString>,true>,std::allocator<std::__value_type<mg1604::ParamString,std::basic_string<char,std::char_traits<char>,bex::HeapModule::Allocator_string<char>>>>>	d	a	1		__tree<std::__value_type<mg1604::ParamString,std::basic_string<char,std::char_traits<char>,bex::HeapModule::Allocator_string<char>>>,std::__map_value_compare<mg1604::ParamString,std::__value_type<mg1604::ParamString,std::basic_string<char,std::char_traits<char>,bex::HeapModule::Allocator_string<char>>>,std::less<mg1604::ParamString>,true>,std::allocator<std::__value_type<mg1604::ParamString,std::basic_string<char,std::char_traits<char>,bex::HeapModule::Allocator_string<char>>>>> * __find_equal<mg1604::ParamString>(__tree<std::__value_type<mg1604::ParamString,std::basic_string<char,std::char_traits<char>,bex::HeapModule::Allocator_string<char>>>,std::__map_value_compare<mg1604::ParamString,std::__value_type<mg1604::ParamString,std::basic_string<char,std::char_traits<char>,bex::HeapModule::Allocator_string<char>>>,std::less<mg1604::ParamString>,true>,std::allocator<std::__value_type<mg1604::ParamString,std::basic_string<char,std::char_traits<char>,bex::HeapModule::Allocator_string<char>>>>> * this, __tree<std::__value_type<mg1604::ParamString,std::basic_string<char,std::char_traits<char>,bex::HeapModule::Allocator_string<char>>>,std::__map_value_compare<mg1604::ParamString,std::__value_type<mg1604::ParamString,std::basic_string<char,std::char_traits<char>,bex::HeapModule::Allocator_string<char>>>,std::less<mg1604::ParamString>,true>,std::allocator<std::__value_type<mg1604::ParamString,std::basic_string<char,std::char_traits<char>,bex::HeapModule::Allocator_string<char>>>>> * param_1, long * param_2, __tree<std::__value_type<mg1604::ParamString,std::basic_string<char,std::char_traits<char>,bex::HeapModule::Allocator_string<char>>>,std::__map_value_compare<mg1604::ParamString,std::__value_type<mg1604::ParamString,std::basic_string<char,std::char_traits<char>,bex::HeapModule::Allocator_string<char>>>,std::less<mg1604::ParamString>,true>,std::allocator<std::__value_type<mg1604::ParamString,std::basic_string<char,std::char_traits<char>,bex::HeapModule::Allocator_string<char>>>>> * param_3, int * param_4)
7100045dd0	16	__construct_node<std::pair<mg1604::ParamString_const,std::basic_string<char,std::char_traits<char>,bex::HeapModule::Allocator_string<char>>>const&>	std::__tree<std::__value_type<mg1604::ParamString,std::basic_string<char,std::char_traits<char>,bex::HeapModule::Allocator_string<char>>>,std::__map_value_compare<mg1604::ParamString,std::__value_type<mg1604::ParamString,std::basic_string<char,std::char_traits<char>,bex::HeapModule::Allocator_string<char>>>,std::less<mg1604::ParamString>,true>,std::allocator<std::__value_type<mg1604::ParamString,std::basic_string<char,std::char_traits<char>,bex::HeapModule::Allocator_string<char>>>>>	d	a	1		unique_ptr __construct_node<std::pair<mg1604::ParamString_const,std::basic_string<char,std::char_traits<char>,bex::HeapModule::Allocator_string<char>>>const&>(undefined8 * param_1_00, long param_2, undefined4 * param_3)
7100045de0	16	__find_equal<mg1604::ParamVector2>	std::__tree<std::__value_type<mg1604::ParamVector2,nn::util::Vector2f>,std::__map_value_compare<mg1604::ParamVector2,std::__value_type<mg1604::ParamVector2,nn::util::Vector2f>,std::less<mg1604::ParamVector2>,true>,std::allocator<std::__value_type<mg1604::ParamVector2,nn::util::Vector2f>>>	d	a	1		__tree<std::__value_type<mg1604::ParamVector2,nn::util::Vector2f>,std::__map_value_compare<mg1604::ParamVector2,std::__value_type<mg1604::ParamVector2,nn::util::Vector2f>,std::less<mg1604::ParamVector2>,true>,std::allocator<std::__value_type<mg1604::ParamVector2,nn::util::Vector2f>>> * __find_equal<mg1604::ParamVector2>(__tree<std::__value_type<mg1604::ParamVector2,nn::util::Vector2f>,std::__map_value_compare<mg1604::ParamVector2,std::__value_type<mg1604::ParamVector2,nn::util::Vector2f>,std::less<mg1604::ParamVector2>,true>,std::allocator<std::__value_type<mg1604::ParamVector2,nn::util::Vector2f>>> * this, __tree<std::__value_type<mg1604::ParamVector2,nn::util::Vector2f>,std::__map_value_compare<mg1604::ParamVector2,std::__value_type<mg1604::ParamVector2,nn::util::Vector2f>,std::less<mg1604::ParamVector2>,true>,std::allocator<std::__value_type<mg1604::ParamVector2,nn::util::Vector2f>>> * param_1, long * param_2, __tree<std::__value_type<mg1604::ParamVector2,nn::util::Vector2f>,std::__map_value_compare<mg1604::ParamVector2,std::__value_type<mg1604::ParamVector2,nn::util::Vector2f>,std::less<mg1604::ParamVector2>,true>,std::allocator<std::__value_type<mg1604::ParamVector2,nn::util::Vector2f>>> * param_3, int * param_4)
7100045df0	16	destroy	std::__tree<std::__value_type<mg1604::ParamVector2,nn::util::Vector2f>,std::__map_value_compare<mg1604::ParamVector2,std::__value_type<mg1604::ParamVector2,nn::util::Vector2f>,std::less<mg1604::ParamVector2>,true>,std::allocator<std::__value_type<mg1604::ParamVector2,nn::util::Vector2f>>>	d	a	1		undefined destroy(__tree<std::__value_type<mg1604::ParamVector2,nn::util::Vector2f>,std::__map_value_compare<mg1604::ParamVector2,std::__value_type<mg1604::ParamVector2,nn::util::Vector2f>,std::less<mg1604::ParamVector2>,true>,std::allocator<std::__value_type<mg1604::ParamVector2,nn::util::Vector2f>>> * this, undefined8 * param_1)
7100045e00	16	__find_equal<mg1604::ParamVector3>	std::__tree<std::__value_type<mg1604::ParamVector3,nn::util::Vector3f>,std::__map_value_compare<mg1604::ParamVector3,std::__value_type<mg1604::ParamVector3,nn::util::Vector3f>,std::less<mg1604::ParamVector3>,true>,std::allocator<std::__value_type<mg1604::ParamVector3,nn::util::Vector3f>>>	d	a	1		__tree<std::__value_type<mg1604::ParamVector3,nn::util::Vector3f>,std::__map_value_compare<mg1604::ParamVector3,std::__value_type<mg1604::ParamVector3,nn::util::Vector3f>,std::less<mg1604::ParamVector3>,true>,std::allocator<std::__value_type<mg1604::ParamVector3,nn::util::Vector3f>>> * __find_equal<mg1604::ParamVector3>(__tree<std::__value_type<mg1604::ParamVector3,nn::util::Vector3f>,std::__map_value_compare<mg1604::ParamVector3,std::__value_type<mg1604::ParamVector3,nn::util::Vector3f>,std::less<mg1604::ParamVector3>,true>,std::allocator<std::__value_type<mg1604::ParamVector3,nn::util::Vector3f>>> * this, __tree<std::__value_type<mg1604::ParamVector3,nn::util::Vector3f>,std::__map_value_compare<mg1604::ParamVector3,std::__value_type<mg1604::ParamVector3,nn::util::Vector3f>,std::less<mg1604::ParamVector3>,true>,std::allocator<std::__value_type<mg1604::ParamVector3,nn::util::Vector3f>>> * param_1, long * param_2, __tree<std::__value_type<mg1604::ParamVector3,nn::util::Vector3f>,std::__map_value_compare<mg1604::ParamVector3,std::__value_type<mg1604::ParamVector3,nn::util::Vector3f>,std::less<mg1604::ParamVector3>,true>,std::allocator<std::__value_type<mg1604::ParamVector3,nn::util::Vector3f>>> * param_3, int * param_4)
7100045e10	16	destroy	std::__tree<std::__value_type<mg1604::ParamVector3,nn::util::Vector3f>,std::__map_value_compare<mg1604::ParamVector3,std::__value_type<mg1604::ParamVector3,nn::util::Vector3f>,std::less<mg1604::ParamVector3>,true>,std::allocator<std::__value_type<mg1604::ParamVector3,nn::util::Vector3f>>>	d	a	1		undefined destroy(__tree<std::__value_type<mg1604::ParamVector3,nn::util::Vector3f>,std::__map_value_compare<mg1604::ParamVector3,std::__value_type<mg1604::ParamVector3,nn::util::Vector3f>,std::less<mg1604::ParamVector3>,true>,std::allocator<std::__value_type<mg1604::ParamVector3,nn::util::Vector3f>>> * this, undefined8 * param_1)
7100045e20	16	__find_equal<mg1604::ParamVector4>	std::__tree<std::__value_type<mg1604::ParamVector4,nn::util::Vector4f>,std::__map_value_compare<mg1604::ParamVector4,std::__value_type<mg1604::ParamVector4,nn::util::Vector4f>,std::less<mg1604::ParamVector4>,true>,std::allocator<std::__value_type<mg1604::ParamVector4,nn::util::Vector4f>>>	d	a	1		__tree<std::__value_type<mg1604::ParamVector4,nn::util::Vector4f>,std::__map_value_compare<mg1604::ParamVector4,std::__value_type<mg1604::ParamVector4,nn::util::Vector4f>,std::less<mg1604::ParamVector4>,true>,std::allocator<std::__value_type<mg1604::ParamVector4,nn::util::Vector4f>>> * __find_equal<mg1604::ParamVector4>(__tree<std::__value_type<mg1604::ParamVector4,nn::util::Vector4f>,std::__map_value_compare<mg1604::ParamVector4,std::__value_type<mg1604::ParamVector4,nn::util::Vector4f>,std::less<mg1604::ParamVector4>,true>,std::allocator<std::__value_type<mg1604::ParamVector4,nn::util::Vector4f>>> * this, __tree<std::__value_type<mg1604::ParamVector4,nn::util::Vector4f>,std::__map_value_compare<mg1604::ParamVector4,std::__value_type<mg1604::ParamVector4,nn::util::Vector4f>,std::less<mg1604::ParamVector4>,true>,std::allocator<std::__value_type<mg1604::ParamVector4,nn::util::Vector4f>>> * param_1, long * param_2, __tree<std::__value_type<mg1604::ParamVector4,nn::util::Vector4f>,std::__map_value_compare<mg1604::ParamVector4,std::__value_type<mg1604::ParamVector4,nn::util::Vector4f>,std::less<mg1604::ParamVector4>,true>,std::allocator<std::__value_type<mg1604::ParamVector4,nn::util::Vector4f>>> * param_3, int * param_4)
7100045e30	16	destroy	std::__tree<std::__value_type<mg1604::ParamVector4,nn::util::Vector4f>,std::__map_value_compare<mg1604::ParamVector4,std::__value_type<mg1604::ParamVector4,nn::util::Vector4f>,std::less<mg1604::ParamVector4>,true>,std::allocator<std::__value_type<mg1604::ParamVector4,nn::util::Vector4f>>>	d	a	1		undefined destroy(__tree<std::__value_type<mg1604::ParamVector4,nn::util::Vector4f>,std::__map_value_compare<mg1604::ParamVector4,std::__value_type<mg1604::ParamVector4,nn::util::Vector4f>,std::less<mg1604::ParamVector4>,true>,std::allocator<std::__value_type<mg1604::ParamVector4,nn::util::Vector4f>>> * this, undefined8 * param_1)
7100045e40	16	__find_equal<mg1604::ParamInt>	std::__tree<std::__value_type<mg1604::ParamInt,std::vector<int,std::allocator<int>>>,std::__map_value_compare<mg1604::ParamInt,std::__value_type<mg1604::ParamInt,std::vector<int,std::allocator<int>>>,std::less<mg1604::ParamInt>,true>,std::allocator<std::__value_type<mg1604::ParamInt,std::vector<int,std::allocator<int>>>>>	d	a	1		__tree<std::__value_type<mg1604::ParamInt,std::vector<int,std::allocator<int>>>,std::__map_value_compare<mg1604::ParamInt,std::__value_type<mg1604::ParamInt,std::vector<int,std::allocator<int>>>,std::less<mg1604::ParamInt>,true>,std::allocator<std::__value_type<mg1604::ParamInt,std::vector<int,std::allocator<int>>>>> * __find_equal<mg1604::ParamInt>(__tree<std::__value_type<mg1604::ParamInt,std::vector<int,std::allocator<int>>>,std::__map_value_compare<mg1604::ParamInt,std::__value_type<mg1604::ParamInt,std::vector<int,std::allocator<int>>>,std::less<mg1604::ParamInt>,true>,std::allocator<std::__value_type<mg1604::ParamInt,std::vector<int,std::allocator<int>>>>> * this, __tree<std::__value_type<mg1604::ParamInt,std::vector<int,std::allocator<int>>>,std::__map_value_compare<mg1604::ParamInt,std::__value_type<mg1604::ParamInt,std::vector<int,std::allocator<int>>>,std::less<mg1604::ParamInt>,true>,std::allocator<std::__value_type<mg1604::ParamInt,std::vector<int,std::allocator<int>>>>> * param_1, long * param_2, __tree<std::__value_type<mg1604::ParamInt,std::vector<int,std::allocator<int>>>,std::__map_value_compare<mg1604::ParamInt,std::__value_type<mg1604::ParamInt,std::vector<int,std::allocator<int>>>,std::less<mg1604::ParamInt>,true>,std::allocator<std::__value_type<mg1604::ParamInt,std::vector<int,std::allocator<int>>>>> * param_3, int * param_4)
7100045e50	16	__construct_node<std::pair<mg1604::ParamInt_const,std::vector<int,std::allocator<int>>>const&>	std::__tree<std::__value_type<mg1604::ParamInt,std::vector<int,std::allocator<int>>>,std::__map_value_compare<mg1604::ParamInt,std::__value_type<mg1604::ParamInt,std::vector<int,std::allocator<int>>>,std::less<mg1604::ParamInt>,true>,std::allocator<std::__value_type<mg1604::ParamInt,std::vector<int,std::allocator<int>>>>>	d	a	1		unique_ptr __construct_node<std::pair<mg1604::ParamInt_const,std::vector<int,std::allocator<int>>>const&>(undefined8 * param_1_00, long param_2, undefined4 * param_3)
7100045e60	16	destroy	std::__tree<std::__value_type<mg1604::ParamInt,std::vector<int,std::allocator<int>>>,std::__map_value_compare<mg1604::ParamInt,std::__value_type<mg1604::ParamInt,std::vector<int,std::allocator<int>>>,std::less<mg1604::ParamInt>,true>,std::allocator<std::__value_type<mg1604::ParamInt,std::vector<int,std::allocator<int>>>>>	d	a	1		undefined destroy(__tree<std::__value_type<mg1604::ParamInt,std::vector<int,std::allocator<int>>>,std::__map_value_compare<mg1604::ParamInt,std::__value_type<mg1604::ParamInt,std::vector<int,std::allocator<int>>>,std::less<mg1604::ParamInt>,true>,std::allocator<std::__value_type<mg1604::ParamInt,std::vector<int,std::allocator<int>>>>> * this, undefined8 * param_1)
7100045e70	16	__find_equal<mg1604::ParamFloat>	std::__tree<std::__value_type<mg1604::ParamFloat,std::vector<float,std::allocator<float>>>,std::__map_value_compare<mg1604::ParamFloat,std::__value_type<mg1604::ParamFloat,std::vector<float,std::allocator<float>>>,std::less<mg1604::ParamFloat>,true>,std::allocator<std::__value_type<mg1604::ParamFloat,std::vector<float,std::allocator<float>>>>>	d	a	1		__tree<std::__value_type<mg1604::ParamFloat,std::vector<float,std::allocator<float>>>,std::__map_value_compare<mg1604::ParamFloat,std::__value_type<mg1604::ParamFloat,std::vector<float,std::allocator<float>>>,std::less<mg1604::ParamFloat>,true>,std::allocator<std::__value_type<mg1604::ParamFloat,std::vector<float,std::allocator<float>>>>> * __find_equal<mg1604::ParamFloat>(__tree<std::__value_type<mg1604::ParamFloat,std::vector<float,std::allocator<float>>>,std::__map_value_compare<mg1604::ParamFloat,std::__value_type<mg1604::ParamFloat,std::vector<float,std::allocator<float>>>,std::less<mg1604::ParamFloat>,true>,std::allocator<std::__value_type<mg1604::ParamFloat,std::vector<float,std::allocator<float>>>>> * this, __tree<std::__value_type<mg1604::ParamFloat,std::vector<float,std::allocator<float>>>,std::__map_value_compare<mg1604::ParamFloat,std::__value_type<mg1604::ParamFloat,std::vector<float,std::allocator<float>>>,std::less<mg1604::ParamFloat>,true>,std::allocator<std::__value_type<mg1604::ParamFloat,std::vector<float,std::allocator<float>>>>> * param_1, long * param_2, __tree<std::__value_type<mg1604::ParamFloat,std::vector<float,std::allocator<float>>>,std::__map_value_compare<mg1604::ParamFloat,std::__value_type<mg1604::ParamFloat,std::vector<float,std::allocator<float>>>,std::less<mg1604::ParamFloat>,true>,std::allocator<std::__value_type<mg1604::ParamFloat,std::vector<float,std::allocator<float>>>>> * param_3, int * param_4)
7100045e80	16	__construct_node<std::pair<mg1604::ParamFloat_const,std::vector<float,std::allocator<float>>>const&>	std::__tree<std::__value_type<mg1604::ParamFloat,std::vector<float,std::allocator<float>>>,std::__map_value_compare<mg1604::ParamFloat,std::__value_type<mg1604::ParamFloat,std::vector<float,std::allocator<float>>>,std::less<mg1604::ParamFloat>,true>,std::allocator<std::__value_type<mg1604::ParamFloat,std::vector<float,std::allocator<float>>>>>	d	a	1		unique_ptr __construct_node<std::pair<mg1604::ParamFloat_const,std::vector<float,std::allocator<float>>>const&>(undefined8 * param_1_00, long param_2, undefined4 * param_3)
7100045e90	16	destroy	std::__tree<std::__value_type<mg1604::ParamFloat,std::vector<float,std::allocator<float>>>,std::__map_value_compare<mg1604::ParamFloat,std::__value_type<mg1604::ParamFloat,std::vector<float,std::allocator<float>>>,std::less<mg1604::ParamFloat>,true>,std::allocator<std::__value_type<mg1604::ParamFloat,std::vector<float,std::allocator<float>>>>>	d	a	1		undefined destroy(__tree<std::__value_type<mg1604::ParamFloat,std::vector<float,std::allocator<float>>>,std::__map_value_compare<mg1604::ParamFloat,std::__value_type<mg1604::ParamFloat,std::vector<float,std::allocator<float>>>,std::less<mg1604::ParamFloat>,true>,std::allocator<std::__value_type<mg1604::ParamFloat,std::vector<float,std::allocator<float>>>>> * this, undefined8 * param_1)
7100045ea0	16	__find_equal<mg1604::ParamBool>	std::__tree<std::__value_type<mg1604::ParamBool,std::vector<bool,std::allocator<bool>>>,std::__map_value_compare<mg1604::ParamBool,std::__value_type<mg1604::ParamBool,std::vector<bool,std::allocator<bool>>>,std::less<mg1604::ParamBool>,true>,std::allocator<std::__value_type<mg1604::ParamBool,std::vector<bool,std::allocator<bool>>>>>	d	a	1		__tree<std::__value_type<mg1604::ParamBool,std::vector<bool,std::allocator<bool>>>,std::__map_value_compare<mg1604::ParamBool,std::__value_type<mg1604::ParamBool,std::vector<bool,std::allocator<bool>>>,std::less<mg1604::ParamBool>,true>,std::allocator<std::__value_type<mg1604::ParamBool,std::vector<bool,std::allocator<bool>>>>> * __find_equal<mg1604::ParamBool>(__tree<std::__value_type<mg1604::ParamBool,std::vector<bool,std::allocator<bool>>>,std::__map_value_compare<mg1604::ParamBool,std::__value_type<mg1604::ParamBool,std::vector<bool,std::allocator<bool>>>,std::less<mg1604::ParamBool>,true>,std::allocator<std::__value_type<mg1604::ParamBool,std::vector<bool,std::allocator<bool>>>>> * this, __tree<std::__value_type<mg1604::ParamBool,std::vector<bool,std::allocator<bool>>>,std::__map_value_compare<mg1604::ParamBool,std::__value_type<mg1604::ParamBool,std::vector<bool,std::allocator<bool>>>,std::less<mg1604::ParamBool>,true>,std::allocator<std::__value_type<mg1604::ParamBool,std::vector<bool,std::allocator<bool>>>>> * param_1, long * param_2, __tree<std::__value_type<mg1604::ParamBool,std::vector<bool,std::allocator<bool>>>,std::__map_value_compare<mg1604::ParamBool,std::__value_type<mg1604::ParamBool,std::vector<bool,std::allocator<bool>>>,std::less<mg1604::ParamBool>,true>,std::allocator<std::__value_type<mg1604::ParamBool,std::vector<bool,std::allocator<bool>>>>> * param_3, int * param_4)
7100045eb0	16	__construct_node<std::pair<mg1604::ParamBool_const,std::vector<bool,std::allocator<bool>>>const&>	std::__tree<std::__value_type<mg1604::ParamBool,std::vector<bool,std::allocator<bool>>>,std::__map_value_compare<mg1604::ParamBool,std::__value_type<mg1604::ParamBool,std::vector<bool,std::allocator<bool>>>,std::less<mg1604::ParamBool>,true>,std::allocator<std::__value_type<mg1604::ParamBool,std::vector<bool,std::allocator<bool>>>>>	d	a	1		unique_ptr __construct_node<std::pair<mg1604::ParamBool_const,std::vector<bool,std::allocator<bool>>>const&>(undefined8 * param_1_00, long param_2, undefined4 * param_3)
7100045ec0	16	destroy	std::__tree<std::__value_type<mg1604::ParamBool,std::vector<bool,std::allocator<bool>>>,std::__map_value_compare<mg1604::ParamBool,std::__value_type<mg1604::ParamBool,std::vector<bool,std::allocator<bool>>>,std::less<mg1604::ParamBool>,true>,std::allocator<std::__value_type<mg1604::ParamBool,std::vector<bool,std::allocator<bool>>>>>	d	a	1		undefined destroy(__tree<std::__value_type<mg1604::ParamBool,std::vector<bool,std::allocator<bool>>>,std::__map_value_compare<mg1604::ParamBool,std::__value_type<mg1604::ParamBool,std::vector<bool,std::allocator<bool>>>,std::less<mg1604::ParamBool>,true>,std::allocator<std::__value_type<mg1604::ParamBool,std::vector<bool,std::allocator<bool>>>>> * this, undefined8 * param_1)
7100045ed0	16	__find_equal<mg1604::ParamVector2>	std::__tree<std::__value_type<mg1604::ParamVector2,std::vector<nn::util::Vector2f,std::allocator<nn::util::Vector2f>>>,std::__map_value_compare<mg1604::ParamVector2,std::__value_type<mg1604::ParamVector2,std::vector<nn::util::Vector2f,std::allocator<nn::util::Vector2f>>>,std::less<mg1604::ParamVector2>,true>,std::allocator<std::__value_type<mg1604::ParamVector2,std::vector<nn::util::Vector2f,std::allocator<nn::util::Vector2f>>>>>	d	a	1		__tree<std::__value_type<mg1604::ParamVector2,std::vector<nn::util::Vector2f,std::allocator<nn::util::Vector2f>>>,std::__map_value_compare<mg1604::ParamVector2,std::__value_type<mg1604::ParamVector2,std::vector<nn::util::Vector2f,std::allocator<nn::util::Vector2f>>>,std::less<mg1604::ParamVector2>,true>,std::allocator<std::__value_type<mg1604::ParamVector2,std::vector<nn::util::Vector2f,std::allocator<nn::util::Vector2f>>>>> * __find_equal<mg1604::ParamVector2>(__tree<std::__value_type<mg1604::ParamVector2,std::vector<nn::util::Vector2f,std::allocator<nn::util::Vector2f>>>,std::__map_value_compare<mg1604::ParamVector2,std::__value_type<mg1604::ParamVector2,std::vector<nn::util::Vector2f,std::allocator<nn::util::Vector2f>>>,std::less<mg1604::ParamVector2>,true>,std::allocator<std::__value_type<mg1604::ParamVector2,std::vector<nn::util::Vector2f,std::allocator<nn::util::Vector2f>>>>> * this, __tree<std::__value_type<mg1604::ParamVector2,std::vector<nn::util::Vector2f,std::allocator<nn::util::Vector2f>>>,std::__map_value_compare<mg1604::ParamVector2,std::__value_type<mg1604::ParamVector2,std::vector<nn::util::Vector2f,std::allocator<nn::util::Vector2f>>>,std::less<mg1604::ParamVector2>,true>,std::allocator<std::__value_type<mg1604::ParamVector2,std::vector<nn::util::Vector2f,std::allocator<nn::util::Vector2f>>>>> * param_1, long * param_2, __tree<std::__value_type<mg1604::ParamVector2,std::vector<nn::util::Vector2f,std::allocator<nn::util::Vector2f>>>,std::__map_value_compare<mg1604::ParamVector2,std::__value_type<mg1604::ParamVector2,std::vector<nn::util::Vector2f,std::allocator<nn::util::Vector2f>>>,std::less<mg1604::ParamVector2>,true>,std::allocator<std::__value_type<mg1604::ParamVector2,std::vector<nn::util::Vector2f,std::allocator<nn::util::Vector2f>>>>> * param_3, int * param_4)
7100045ee0	16	__construct_node<std::pair<mg1604::ParamVector2_const,std::vector<nn::util::Vector2f,std::allocator<nn::util::Vector2f>>>const&>	std::__tree<std::__value_type<mg1604::ParamVector2,std::vector<nn::util::Vector2f,std::allocator<nn::util::Vector2f>>>,std::__map_value_compare<mg1604::ParamVector2,std::__value_type<mg1604::ParamVector2,std::vector<nn::util::Vector2f,std::allocator<nn::util::Vector2f>>>,std::less<mg1604::ParamVector2>,true>,std::allocator<std::__value_type<mg1604::ParamVector2,std::vector<nn::util::Vector2f,std::allocator<nn::util::Vector2f>>>>>	d	a	1		unique_ptr __construct_node<std::pair<mg1604::ParamVector2_const,std::vector<nn::util::Vector2f,std::allocator<nn::util::Vector2f>>>const&>(undefined8 * param_1_00, long param_2, undefined4 * param_3)
7100045ef0	16	destroy	std::__tree<std::__value_type<mg1604::ParamVector2,std::vector<nn::util::Vector2f,std::allocator<nn::util::Vector2f>>>,std::__map_value_compare<mg1604::ParamVector2,std::__value_type<mg1604::ParamVector2,std::vector<nn::util::Vector2f,std::allocator<nn::util::Vector2f>>>,std::less<mg1604::ParamVector2>,true>,std::allocator<std::__value_type<mg1604::ParamVector2,std::vector<nn::util::Vector2f,std::allocator<nn::util::Vector2f>>>>>	d	a	1		undefined destroy(__tree<std::__value_type<mg1604::ParamVector2,std::vector<nn::util::Vector2f,std::allocator<nn::util::Vector2f>>>,std::__map_value_compare<mg1604::ParamVector2,std::__value_type<mg1604::ParamVector2,std::vector<nn::util::Vector2f,std::allocator<nn::util::Vector2f>>>,std::less<mg1604::ParamVector2>,true>,std::allocator<std::__value_type<mg1604::ParamVector2,std::vector<nn::util::Vector2f,std::allocator<nn::util::Vector2f>>>>> * this, undefined8 * param_1)
7100045f00	16	__find_equal<mg1604::ParamVector3>	std::__tree<std::__value_type<mg1604::ParamVector3,std::vector<nn::util::Vector3f,std::allocator<nn::util::Vector3f>>>,std::__map_value_compare<mg1604::ParamVector3,std::__value_type<mg1604::ParamVector3,std::vector<nn::util::Vector3f,std::allocator<nn::util::Vector3f>>>,std::less<mg1604::ParamVector3>,true>,std::allocator<std::__value_type<mg1604::ParamVector3,std::vector<nn::util::Vector3f,std::allocator<nn::util::Vector3f>>>>>	d	a	1		__tree<std::__value_type<mg1604::ParamVector3,std::vector<nn::util::Vector3f,std::allocator<nn::util::Vector3f>>>,std::__map_value_compare<mg1604::ParamVector3,std::__value_type<mg1604::ParamVector3,std::vector<nn::util::Vector3f,std::allocator<nn::util::Vector3f>>>,std::less<mg1604::ParamVector3>,true>,std::allocator<std::__value_type<mg1604::ParamVector3,std::vector<nn::util::Vector3f,std::allocator<nn::util::Vector3f>>>>> * __find_equal<mg1604::ParamVector3>(__tree<std::__value_type<mg1604::ParamVector3,std::vector<nn::util::Vector3f,std::allocator<nn::util::Vector3f>>>,std::__map_value_compare<mg1604::ParamVector3,std::__value_type<mg1604::ParamVector3,std::vector<nn::util::Vector3f,std::allocator<nn::util::Vector3f>>>,std::less<mg1604::ParamVector3>,true>,std::allocator<std::__value_type<mg1604::ParamVector3,std::vector<nn::util::Vector3f,std::allocator<nn::util::Vector3f>>>>> * this, __tree<std::__value_type<mg1604::ParamVector3,std::vector<nn::util::Vector3f,std::allocator<nn::util::Vector3f>>>,std::__map_value_compare<mg1604::ParamVector3,std::__value_type<mg1604::ParamVector3,std::vector<nn::util::Vector3f,std::allocator<nn::util::Vector3f>>>,std::less<mg1604::ParamVector3>,true>,std::allocator<std::__value_type<mg1604::ParamVector3,std::vector<nn::util::Vector3f,std::allocator<nn::util::Vector3f>>>>> * param_1, long * param_2, __tree<std::__value_type<mg1604::ParamVector3,std::vector<nn::util::Vector3f,std::allocator<nn::util::Vector3f>>>,std::__map_value_compare<mg1604::ParamVector3,std::__value_type<mg1604::ParamVector3,std::vector<nn::util::Vector3f,std::allocator<nn::util::Vector3f>>>,std::less<mg1604::ParamVector3>,true>,std::allocator<std::__value_type<mg1604::ParamVector3,std::vector<nn::util::Vector3f,std::allocator<nn::util::Vector3f>>>>> * param_3, int * param_4)
7100045f10	16	__construct_node<std::pair<mg1604::ParamVector3_const,std::vector<nn::util::Vector3f,std::allocator<nn::util::Vector3f>>>const&>	std::__tree<std::__value_type<mg1604::ParamVector3,std::vector<nn::util::Vector3f,std::allocator<nn::util::Vector3f>>>,std::__map_value_compare<mg1604::ParamVector3,std::__value_type<mg1604::ParamVector3,std::vector<nn::util::Vector3f,std::allocator<nn::util::Vector3f>>>,std::less<mg1604::ParamVector3>,true>,std::allocator<std::__value_type<mg1604::ParamVector3,std::vector<nn::util::Vector3f,std::allocator<nn::util::Vector3f>>>>>	d	a	1		unique_ptr __construct_node<std::pair<mg1604::ParamVector3_const,std::vector<nn::util::Vector3f,std::allocator<nn::util::Vector3f>>>const&>(undefined8 * param_1_00, long param_2, undefined4 * param_3)
7100045f20	16	destroy	std::__tree<std::__value_type<mg1604::ParamVector3,std::vector<nn::util::Vector3f,std::allocator<nn::util::Vector3f>>>,std::__map_value_compare<mg1604::ParamVector3,std::__value_type<mg1604::ParamVector3,std::vector<nn::util::Vector3f,std::allocator<nn::util::Vector3f>>>,std::less<mg1604::ParamVector3>,true>,std::allocator<std::__value_type<mg1604::ParamVector3,std::vector<nn::util::Vector3f,std::allocator<nn::util::Vector3f>>>>>	d	a	1		undefined destroy(__tree<std::__value_type<mg1604::ParamVector3,std::vector<nn::util::Vector3f,std::allocator<nn::util::Vector3f>>>,std::__map_value_compare<mg1604::ParamVector3,std::__value_type<mg1604::ParamVector3,std::vector<nn::util::Vector3f,std::allocator<nn::util::Vector3f>>>,std::less<mg1604::ParamVector3>,true>,std::allocator<std::__value_type<mg1604::ParamVector3,std::vector<nn::util::Vector3f,std::allocator<nn::util::Vector3f>>>>> * this, undefined8 * param_1)
7100045f30	16	__find_equal<mg1604::ParamVector4>	std::__tree<std::__value_type<mg1604::ParamVector4,std::vector<nn::util::Vector4f,std::allocator<nn::util::Vector4f>>>,std::__map_value_compare<mg1604::ParamVector4,std::__value_type<mg1604::ParamVector4,std::vector<nn::util::Vector4f,std::allocator<nn::util::Vector4f>>>,std::less<mg1604::ParamVector4>,true>,std::allocator<std::__value_type<mg1604::ParamVector4,std::vector<nn::util::Vector4f,std::allocator<nn::util::Vector4f>>>>>	d	a	1		__tree<std::__value_type<mg1604::ParamVector4,std::vector<nn::util::Vector4f,std::allocator<nn::util::Vector4f>>>,std::__map_value_compare<mg1604::ParamVector4,std::__value_type<mg1604::ParamVector4,std::vector<nn::util::Vector4f,std::allocator<nn::util::Vector4f>>>,std::less<mg1604::ParamVector4>,true>,std::allocator<std::__value_type<mg1604::ParamVector4,std::vector<nn::util::Vector4f,std::allocator<nn::util::Vector4f>>>>> * __find_equal<mg1604::ParamVector4>(__tree<std::__value_type<mg1604::ParamVector4,std::vector<nn::util::Vector4f,std::allocator<nn::util::Vector4f>>>,std::__map_value_compare<mg1604::ParamVector4,std::__value_type<mg1604::ParamVector4,std::vector<nn::util::Vector4f,std::allocator<nn::util::Vector4f>>>,std::less<mg1604::ParamVector4>,true>,std::allocator<std::__value_type<mg1604::ParamVector4,std::vector<nn::util::Vector4f,std::allocator<nn::util::Vector4f>>>>> * this, __tree<std::__value_type<mg1604::ParamVector4,std::vector<nn::util::Vector4f,std::allocator<nn::util::Vector4f>>>,std::__map_value_compare<mg1604::ParamVector4,std::__value_type<mg1604::ParamVector4,std::vector<nn::util::Vector4f,std::allocator<nn::util::Vector4f>>>,std::less<mg1604::ParamVector4>,true>,std::allocator<std::__value_type<mg1604::ParamVector4,std::vector<nn::util::Vector4f,std::allocator<nn::util::Vector4f>>>>> * param_1, long * param_2, __tree<std::__value_type<mg1604::ParamVector4,std::vector<nn::util::Vector4f,std::allocator<nn::util::Vector4f>>>,std::__map_value_compare<mg1604::ParamVector4,std::__value_type<mg1604::ParamVector4,std::vector<nn::util::Vector4f,std::allocator<nn::util::Vector4f>>>,std::less<mg1604::ParamVector4>,true>,std::allocator<std::__value_type<mg1604::ParamVector4,std::vector<nn::util::Vector4f,std::allocator<nn::util::Vector4f>>>>> * param_3, int * param_4)
7100045f40	16	__construct_node<std::pair<mg1604::ParamVector4_const,std::vector<nn::util::Vector4f,std::allocator<nn::util::Vector4f>>>const&>	std::__tree<std::__value_type<mg1604::ParamVector4,std::vector<nn::util::Vector4f,std::allocator<nn::util::Vector4f>>>,std::__map_value_compare<mg1604::ParamVector4,std::__value_type<mg1604::ParamVector4,std::vector<nn::util::Vector4f,std::allocator<nn::util::Vector4f>>>,std::less<mg1604::ParamVector4>,true>,std::allocator<std::__value_type<mg1604::ParamVector4,std::vector<nn::util::Vector4f,std::allocator<nn::util::Vector4f>>>>>	d	a	1		unique_ptr __construct_node<std::pair<mg1604::ParamVector4_const,std::vector<nn::util::Vector4f,std::allocator<nn::util::Vector4f>>>const&>(undefined8 * param_1_00, long param_2, undefined4 * param_3)
7100045f50	16	destroy	std::__tree<std::__value_type<mg1604::ParamVector4,std::vector<nn::util::Vector4f,std::allocator<nn::util::Vector4f>>>,std::__map_value_compare<mg1604::ParamVector4,std::__value_type<mg1604::ParamVector4,std::vector<nn::util::Vector4f,std::allocator<nn::util::Vector4f>>>,std::less<mg1604::ParamVector4>,true>,std::allocator<std::__value_type<mg1604::ParamVector4,std::vector<nn::util::Vector4f,std::allocator<nn::util::Vector4f>>>>>	d	a	1		undefined destroy(__tree<std::__value_type<mg1604::ParamVector4,std::vector<nn::util::Vector4f,std::allocator<nn::util::Vector4f>>>,std::__map_value_compare<mg1604::ParamVector4,std::__value_type<mg1604::ParamVector4,std::vector<nn::util::Vector4f,std::allocator<nn::util::Vector4f>>>,std::less<mg1604::ParamVector4>,true>,std::allocator<std::__value_type<mg1604::ParamVector4,std::vector<nn::util::Vector4f,std::allocator<nn::util::Vector4f>>>>> * this, undefined8 * param_1)
7100045f60	16	destroy	std::__tree<std::__value_type<mg1604::ParamString,std::vector<std::basic_string<char,std::char_traits<char>,bex::HeapModule::Allocator_string<char>>,std::allocator<std::basic_string<char,std::char_traits<char>,bex::HeapModule::Allocator_string<char>>>>>,std::__map_value_compare<mg1604::ParamString,std::__value_type<mg1604::ParamString,std::vector<std::basic_string<char,std::char_traits<char>,bex::HeapModule::Allocator_string<char>>,std::allocator<std::basic_string<char,std::char_traits<char>,bex::HeapModule::Allocator_string<char>>>>>,std::less<mg1604::ParamString>,true>,std::allocator<std::__value_type<mg1604::ParamString,std::vector<std::basic_string<char,std::char_traits<char>,bex::HeapModule::Allocator_string<char>>,std::allocator<std::basic_string<char,std::char_traits<char>,bex::HeapModule::Allocator_string<char>>>>>>>	d	a	1		undefined destroy(__tree<std::__value_type<mg1604::ParamString,std::vector<std::basic_string<char,std::char_traits<char>,bex::HeapModule::Allocator_string<char>>,std::allocator<std::basic_string<char,std::char_traits<char>,bex::HeapModule::Allocator_string<char>>>>>,std::__map_value_compare<mg1604::ParamString,std::__value_type<mg1604::ParamString,std::vector<std::basic_string<char,std::char_traits<char>,bex::HeapModule::Allocator_string<char>>,std::allocator<std::basic_string<char,std::char_traits<char>,bex::HeapModule::Allocator_string<char>>>>>,std::less<mg1604::ParamString>,true>,std::allocator<std::__value_type<mg1604::ParamString,std::vector<std::basic_string<char,std::char_traits<char>,bex::HeapModule::Allocator_string<char>>,std::allocator<std::basic_string<char,std::char_traits<char>,bex::HeapModule::Allocator_string<char>>>>>>> * this, undefined8 * param_1)
7100045f70	16	destroy	std::__tree<std::__value_type<mg1604::ParamInt,std::vector<std::vector<int,std::allocator<int>>,std::allocator<std::vector<int,std::allocator<int>>>>>,std::__map_value_compare<mg1604::ParamInt,std::__value_type<mg1604::ParamInt,std::vector<std::vector<int,std::allocator<int>>,std::allocator<std::vector<int,std::allocator<int>>>>>,std::less<mg1604::ParamInt>,true>,std::allocator<std::__value_type<mg1604::ParamInt,std::vector<std::vector<int,std::allocator<int>>,std::allocator<std::vector<int,std::allocator<int>>>>>>>	d	a	1		undefined destroy(__tree<std::__value_type<mg1604::ParamInt,std::vector<std::vector<int,std::allocator<int>>,std::allocator<std::vector<int,std::allocator<int>>>>>,std::__map_value_compare<mg1604::ParamInt,std::__value_type<mg1604::ParamInt,std::vector<std::vector<int,std::allocator<int>>,std::allocator<std::vector<int,std::allocator<int>>>>>,std::less<mg1604::ParamInt>,true>,std::allocator<std::__value_type<mg1604::ParamInt,std::vector<std::vector<int,std::allocator<int>>,std::allocator<std::vector<int,std::allocator<int>>>>>>> * this, undefined8 * param_1)
7100045f80	16	destroy	std::__tree<std::__value_type<mg1604::ParamFloat,std::vector<std::vector<float,std::allocator<float>>,std::allocator<std::vector<float,std::allocator<float>>>>>,std::__map_value_compare<mg1604::ParamFloat,std::__value_type<mg1604::ParamFloat,std::vector<std::vector<float,std::allocator<float>>,std::allocator<std::vector<float,std::allocator<float>>>>>,std::less<mg1604::ParamFloat>,true>,std::allocator<std::__value_type<mg1604::ParamFloat,std::vector<std::vector<float,std::allocator<float>>,std::allocator<std::vector<float,std::allocator<float>>>>>>>	d	a	1		undefined destroy(__tree<std::__value_type<mg1604::ParamFloat,std::vector<std::vector<float,std::allocator<float>>,std::allocator<std::vector<float,std::allocator<float>>>>>,std::__map_value_compare<mg1604::ParamFloat,std::__value_type<mg1604::ParamFloat,std::vector<std::vector<float,std::allocator<float>>,std::allocator<std::vector<float,std::allocator<float>>>>>,std::less<mg1604::ParamFloat>,true>,std::allocator<std::__value_type<mg1604::ParamFloat,std::vector<std::vector<float,std::allocator<float>>,std::allocator<std::vector<float,std::allocator<float>>>>>>> * this, undefined8 * param_1)
7100045f90	16	destroy	std::__tree<std::__value_type<mg1604::ParamBool,std::vector<std::vector<bool,std::allocator<bool>>,std::allocator<std::vector<bool,std::allocator<bool>>>>>,std::__map_value_compare<mg1604::ParamBool,std::__value_type<mg1604::ParamBool,std::vector<std::vector<bool,std::allocator<bool>>,std::allocator<std::vector<bool,std::allocator<bool>>>>>,std::less<mg1604::ParamBool>,true>,std::allocator<std::__value_type<mg1604::ParamBool,std::vector<std::vector<bool,std::allocator<bool>>,std::allocator<std::vector<bool,std::allocator<bool>>>>>>>	d	a	1		undefined destroy(__tree<std::__value_type<mg1604::ParamBool,std::vector<std::vector<bool,std::allocator<bool>>,std::allocator<std::vector<bool,std::allocator<bool>>>>>,std::__map_value_compare<mg1604::ParamBool,std::__value_type<mg1604::ParamBool,std::vector<std::vector<bool,std::allocator<bool>>,std::allocator<std::vector<bool,std::allocator<bool>>>>>,std::less<mg1604::ParamBool>,true>,std::allocator<std::__value_type<mg1604::ParamBool,std::vector<std::vector<bool,std::allocator<bool>>,std::allocator<std::vector<bool,std::allocator<bool>>>>>>> * this, undefined8 * param_1)
7100045fa0	16	destroy	std::__tree<std::__value_type<mg1604::ParamString,std::vector<std::vector<std::basic_string<char,std::char_traits<char>,bex::HeapModule::Allocator_string<char>>,std::allocator<std::basic_string<char,std::char_traits<char>,bex::HeapModule::Allocator_string<char>>>>,std::allocator<std::vector<std::basic_string<char,std::char_traits<char>,bex::HeapModule::Allocator_string<char>>,std::allocator<std::basic_string<char,std::char_traits<char>,bex::HeapModule::Allocator_string<char>>>>>>>,std::__map_value_compare<mg1604::ParamString,std::__value_type<mg1604::ParamString,std::vector<std::vector<std::basic_string<char,std::char_traits<char>,bex::HeapModule::Allocator_string<char>>,std::allocator<std::basic_string<char,std::char_traits<char>,bex::HeapModule::Allocator_string<char>>>>,std::allocator<std::vector<std::basic_string<char,std::char_traits<char>,bex::HeapModule::Allocator_string<char>>,std::allocator<std::basic_string<char,std::char_traits<char>,bex::HeapModule::Allocator_string<char>>>>>>>,std::less<mg1604::ParamString>,true>,std::allocator<std::__value_type<mg1604::ParamString,std::vector<std::vector<std::basic_string<char,std::char_traits<char>,bex::HeapModule::Allocator_string<char>>,std::allocator<std::basic_string<char,std::char_traits<char>,bex::HeapModule::Allocator_string<char>>>>,std::allocator<std::vector<std::basic_string<char,std::char_traits<char>,bex::HeapModule::Allocator_string<char>>,std::allocator<std::basic_string<char,std::char_traits<char>,bex::HeapModule::Allocator_string<char>>>>>>>>>	d	a	1		undefined destroy(__tree<std::__value_type<mg1604::ParamString,std::vector<std::vector<std::basic_string<char,std::char_traits<char>,bex::HeapModule::Allocator_string<char>>,std::allocator<std::basic_string<char,std::char_traits<char>,bex::HeapModule::Allocator_string<char>>>>,std::allocator<std::vector<std::basic_string<char,std::char_traits<char>,bex::HeapModule::Allocator_string<char>>,std::allocator<std::basic_string<char,std::char_traits<char>,bex::HeapModule::Allocator_string<char>>>>>>>,std::__map_value_compare<mg1604::ParamString,std::__value_type<mg1604::ParamString,std::vector<std::vector<std::basic_string<char,std::char_traits<char>,bex::HeapModule::Allocator_string<char>>,std::allocator<std::basic_string<char,std::char_traits<char>,bex::HeapModule::Allocator_string<char>>>>,std::allocator<std::vector<std::basic_string<char,std::char_traits<char>,bex::HeapModule::Allocator_string<char>>,std::allocator<std::basic_string<char,std::char_traits<char>,bex::HeapModule::Allocator_string<char>>>>>>>,std::less<mg1604::ParamString>,true>,std::allocator<std::__value_type<mg1604::ParamString,std::vector<std::vector<std::basic_string<char,std::char_traits<char>,bex::HeapModule::Allocator_string<char>>,std::allocator<std::basic_string<char,std::char_traits<char>,bex::HeapModule::Allocator_string<char>>>>,std::allocator<std::vector<std::basic_string<char,std::char_traits<char>,bex::HeapModule::Allocator_string<char>>,std::allocator<std::basic_string<char,std::char_traits<char>,bex::HeapModule::Allocator_string<char>>>>>>>>> * this, undefined8 * param_1)
7100045fb0	16	destroy	std::__tree<std::__value_type<mg1604::ParamVector2,std::vector<std::vector<nn::util::Vector2f,std::allocator<nn::util::Vector2f>>,std::allocator<std::vector<nn::util::Vector2f,std::allocator<nn::util::Vector2f>>>>>,std::__map_value_compare<mg1604::ParamVector2,std::__value_type<mg1604::ParamVector2,std::vector<std::vector<nn::util::Vector2f,std::allocator<nn::util::Vector2f>>,std::allocator<std::vector<nn::util::Vector2f,std::allocator<nn::util::Vector2f>>>>>,std::less<mg1604::ParamVector2>,true>,std::allocator<std::__value_type<mg1604::ParamVector2,std::vector<std::vector<nn::util::Vector2f,std::allocator<nn::util::Vector2f>>,std::allocator<std::vector<nn::util::Vector2f,std::allocator<nn::util::Vector2f>>>>>>>	d	a	1		undefined destroy(__tree<std::__value_type<mg1604::ParamVector2,std::vector<std::vector<nn::util::Vector2f,std::allocator<nn::util::Vector2f>>,std::allocator<std::vector<nn::util::Vector2f,std::allocator<nn::util::Vector2f>>>>>,std::__map_value_compare<mg1604::ParamVector2,std::__value_type<mg1604::ParamVector2,std::vector<std::vector<nn::util::Vector2f,std::allocator<nn::util::Vector2f>>,std::allocator<std::vector<nn::util::Vector2f,std::allocator<nn::util::Vector2f>>>>>,std::less<mg1604::ParamVector2>,true>,std::allocator<std::__value_type<mg1604::ParamVector2,std::vector<std::vector<nn::util::Vector2f,std::allocator<nn::util::Vector2f>>,std::allocator<std::vector<nn::util::Vector2f,std::allocator<nn::util::Vector2f>>>>>>> * this, undefined8 * param_1)
7100045fc0	16	destroy	std::__tree<std::__value_type<mg1604::ParamVector3,std::vector<std::vector<nn::util::Vector3f,std::allocator<nn::util::Vector3f>>,std::allocator<std::vector<nn::util::Vector3f,std::allocator<nn::util::Vector3f>>>>>,std::__map_value_compare<mg1604::ParamVector3,std::__value_type<mg1604::ParamVector3,std::vector<std::vector<nn::util::Vector3f,std::allocator<nn::util::Vector3f>>,std::allocator<std::vector<nn::util::Vector3f,std::allocator<nn::util::Vector3f>>>>>,std::less<mg1604::ParamVector3>,true>,std::allocator<std::__value_type<mg1604::ParamVector3,std::vector<std::vector<nn::util::Vector3f,std::allocator<nn::util::Vector3f>>,std::allocator<std::vector<nn::util::Vector3f,std::allocator<nn::util::Vector3f>>>>>>>	d	a	1		undefined destroy(__tree<std::__value_type<mg1604::ParamVector3,std::vector<std::vector<nn::util::Vector3f,std::allocator<nn::util::Vector3f>>,std::allocator<std::vector<nn::util::Vector3f,std::allocator<nn::util::Vector3f>>>>>,std::__map_value_compare<mg1604::ParamVector3,std::__value_type<mg1604::ParamVector3,std::vector<std::vector<nn::util::Vector3f,std::allocator<nn::util::Vector3f>>,std::allocator<std::vector<nn::util::Vector3f,std::allocator<nn::util::Vector3f>>>>>,std::less<mg1604::ParamVector3>,true>,std::allocator<std::__value_type<mg1604::ParamVector3,std::vector<std::vector<nn::util::Vector3f,std::allocator<nn::util::Vector3f>>,std::allocator<std::vector<nn::util::Vector3f,std::allocator<nn::util::Vector3f>>>>>>> * this, undefined8 * param_1)
7100045fd0	16	destroy	std::__tree<std::__value_type<mg1604::ParamVector4,std::vector<std::vector<nn::util::Vector4f,std::allocator<nn::util::Vector4f>>,std::allocator<std::vector<nn::util::Vector4f,std::allocator<nn::util::Vector4f>>>>>,std::__map_value_compare<mg1604::ParamVector4,std::__value_type<mg1604::ParamVector4,std::vector<std::vector<nn::util::Vector4f,std::allocator<nn::util::Vector4f>>,std::allocator<std::vector<nn::util::Vector4f,std::allocator<nn::util::Vector4f>>>>>,std::less<mg1604::ParamVector4>,true>,std::allocator<std::__value_type<mg1604::ParamVector4,std::vector<std::vector<nn::util::Vector4f,std::allocator<nn::util::Vector4f>>,std::allocator<std::vector<nn::util::Vector4f,std::allocator<nn::util::Vector4f>>>>>>>	d	a	1		undefined destroy(__tree<std::__value_type<mg1604::ParamVector4,std::vector<std::vector<nn::util::Vector4f,std::allocator<nn::util::Vector4f>>,std::allocator<std::vector<nn::util::Vector4f,std::allocator<nn::util::Vector4f>>>>>,std::__map_value_compare<mg1604::ParamVector4,std::__value_type<mg1604::ParamVector4,std::vector<std::vector<nn::util::Vector4f,std::allocator<nn::util::Vector4f>>,std::allocator<std::vector<nn::util::Vector4f,std::allocator<nn::util::Vector4f>>>>>,std::less<mg1604::ParamVector4>,true>,std::allocator<std::__value_type<mg1604::ParamVector4,std::vector<std::vector<nn::util::Vector4f,std::allocator<nn::util::Vector4f>>,std::allocator<std::vector<nn::util::Vector4f,std::allocator<nn::util::Vector4f>>>>>>> * this, undefined8 * param_1)
7100045fe0	16	~GameParamStruct	mg1604::GameParamStruct	d	a	1		undefined ~GameParamStruct(GameParamStruct * this)
7100045ff0	16	~GameParam	mg1604::GameParam	d	a	1		undefined ~GameParam(GameParam * this)
7100046000	16	destroy	std::__tree<std::__value_type<mg1604::CSVLoader::DataType,std::basic_string<char,std::char_traits<char>,bex::HeapModule::Allocator_string<char>>>,std::__map_value_compare<mg1604::CSVLoader::DataType,std::__value_type<mg1604::CSVLoader::DataType,std::basic_string<char,std::char_traits<char>,bex::HeapModule::Allocator_string<char>>>,std::less<mg1604::CSVLoader::DataType>,true>,std::allocator<std::__value_type<mg1604::CSVLoader::DataType,std::basic_string<char,std::char_traits<char>,bex::HeapModule::Allocator_string<char>>>>>	d	a	1		undefined destroy(__tree<std::__value_type<mg1604::CSVLoader::DataType,std::basic_string<char,std::char_traits<char>,bex::HeapModule::Allocator_string<char>>>,std::__map_value_compare<mg1604::CSVLoader::DataType,std::__value_type<mg1604::CSVLoader::DataType,std::basic_string<char,std::char_traits<char>,bex::HeapModule::Allocator_string<char>>>,std::less<mg1604::CSVLoader::DataType>,true>,std::allocator<std::__value_type<mg1604::CSVLoader::DataType,std::basic_string<char,std::char_traits<char>,bex::HeapModule::Allocator_string<char>>>>> * this, undefined8 * param_1)
7100046010	16	__construct_at_end<std::__bit_iterator<std::vector<bool,std::allocator<bool>>,false,0ul>>	std::vector<bool,std::allocator<bool>>	d	a	1		type __construct_at_end<std::__bit_iterator<std::vector<bool,std::allocator<bool>>,false,0ul>>(vector<bool,std::allocator<bool>> * this, long * param_1, long * param_2)
7100046020	16	make_unique<mg1604::CSVLoader,std::basic_string<char,std::char_traits<char>,bex::HeapModule::Allocator_string<char>>const&>	wl	d	a	1		unique_ptr make_unique<mg1604::CSVLoader,std::basic_string<char,std::char_traits<char>,bex::HeapModule::Allocator_string<char>>const&>(undefined8 * param_1, wl * this)
7100046030	16	InsertInt	mg1604::GameParam	d	a	1		undefined InsertInt(GameParam * this, undefined8 * param_1, int param_2)
7100046040	16	InsertFloat	mg1604::GameParam	d	a	1		undefined InsertFloat(GameParam * this, undefined8 * param_1, int param_2)
7100046050	16	InsertBool	mg1604::GameParam	d	a	1		undefined InsertBool(GameParam * this, undefined8 * param_1, uint param_2)
7100046060	16	InsertVector2	mg1604::GameParam	d	a	1		undefined InsertVector2(GameParam * this, undefined8 * param_1, int param_2)
7100046070	16	CSVLoader	mg1604::CSVLoader	d	a	1		undefined CSVLoader(CSVLoader * this, ulong * param_1)
7100046080	16	GetParamInt	mg1604::CSVLoader	d	a	1		int GetParamInt(CSVLoader * this, int param_1)
7100046090	16	GetParamVec2Int	mg1604::CSVLoader	d	a	1		undefined GetParamVec2Int(vector<std::vector<int,std::allocator<int>>,std::allocator<std::vector<int,std::allocator<int>>>> * param_1, CSVLoader * param_2, int param_3, uint param_4, uint param_5)
71000460a0	16	InsertVec2Int	mg1604::GameParamStruct	d	a	1		undefined InsertVec2Int(long param_1, undefined4 param_2, long * param_3)
71000460b0	16	GetParamVecInt	mg1604::CSVLoader	d	a	1		undefined GetParamVecInt(long * param_1, CSVLoader * param_2, int param_3, int param_4)
71000460c0	16	InsertVecInt	mg1604::GameParamStruct	d	a	1		undefined InsertVecInt(GameParamStruct * this, int param_1, long * param_2)
71000460d0	16	GetParamFloat	mg1604::CSVLoader	d	a	1		float GetParamFloat(CSVLoader * this, int param_1)
71000460e0	16	GetParamVec2Float	mg1604::CSVLoader	d	a	1		undefined GetParamVec2Float(vector<std::vector<float,std::allocator<float>>,std::allocator<std::vector<float,std::allocator<float>>>> * param_1, CSVLoader * param_2, int param_3, uint param_4, uint param_5)
71000460f0	16	InsertVec2Float	mg1604::GameParamStruct	d	a	1		undefined InsertVec2Float(long param_1, undefined4 param_2, long * param_3)
7100046100	16	GetParamVecFloat	mg1604::CSVLoader	d	a	1		undefined GetParamVecFloat(long * param_1, CSVLoader * param_2, int param_3, int param_4)
7100046110	16	InsertVecFloat	mg1604::GameParamStruct	d	a	1		undefined InsertVecFloat(GameParamStruct * this, int param_1, long * param_2)
7100046120	16	GetParamBool	mg1604::CSVLoader	d	a	1		uint GetParamBool(CSVLoader * this, int param_1)
7100046130	16	GetParamVec2Bool	mg1604::CSVLoader	d	a	1		undefined GetParamVec2Bool(vector<std::vector<bool,std::allocator<bool>>,std::allocator<std::vector<bool,std::allocator<bool>>>> * param_1, CSVLoader * param_2, int param_3, int param_4, int param_5)
7100046140	16	InsertVec2Bool	mg1604::GameParamStruct	d	a	1		undefined InsertVec2Bool(long param_1, undefined4 param_2, long * param_3)
7100046150	16	GetParamVecBool	mg1604::CSVLoader	d	a	1		undefined GetParamVecBool(long * param_1, CSVLoader * param_2, int param_3, int param_4)
7100046160	16	InsertVecBool	mg1604::GameParamStruct	d	a	1		undefined InsertVecBool(GameParamStruct * this, int param_1, undefined8 * param_2)
7100046170	16	GetParamString	mg1604::CSVLoader	d	a	1		undefined GetParamString(long * param_1, CSVLoader * this, int param_3)
7100046180	16	InsertString	mg1604::GameParamStruct	d	a	1		undefined InsertString(GameParamStruct * this, int param_1, ulong * param_2)
7100046190	16	GetParamVec2String	mg1604::CSVLoader	d	a	1		undefined GetParamVec2String(vector<std::vector<std::basic_string<char,std::char_traits<char>,bex::HeapModule::Allocator_string<char>>,std::allocator<std::basic_string<char,std::char_traits<char>,bex::HeapModule::Allocator_string<char>>>>,std::allocator<std::vector<std::basic_string<char,std::char_traits<char>,bex::HeapModule::Allocator_string<char>>,std::allocator<std::basic_string<char,std::char_traits<char>,bex::HeapModule::Allocator_string<char>>>>>> * param_1, CSVLoader * param_2, int param_3, uint param_4, uint param_5)
71000461a0	16	InsertVec2String	mg1604::GameParamStruct	d	a	1		undefined InsertVec2String(GameParamStruct * this, int param_1, long * param_2)
71000461b0	16	GetParamVecString	mg1604::CSVLoader	d	a	1		undefined GetParamVecString(vector<std::basic_string<char,std::char_traits<char>,bex::HeapModule::Allocator_string<char>>,std::allocator<std::basic_string<char,std::char_traits<char>,bex::HeapModule::Allocator_string<char>>>> * param_1, CSVLoader * param_2, int param_3, int param_4)
71000461c0	16	InsertVecString	mg1604::GameParamStruct	d	a	1		undefined InsertVecString(long param_1, undefined4 param_2, long * param_3)
71000461d0	16	GetParamVector2	mg1604::CSVLoader	d	a	1		undefined1[16] GetParamVector2(CSVLoader * this, int param_2)
71000461e0	16	GetParamVec2Vector2	mg1604::CSVLoader	d	a	1		undefined GetParamVec2Vector2(vector<std::vector<nn::util::Vector2f,std::allocator<nn::util::Vector2f>>,std::allocator<std::vector<nn::util::Vector2f,std::allocator<nn::util::Vector2f>>>> * param_1, CSVLoader * param_2, int param_3, int param_4, int param_5)
71000461f0	16	InsertVec2Vector2	mg1604::GameParamStruct	d	a	1		undefined InsertVec2Vector2(long param_1, undefined4 param_2, long * param_3)
7100046200	16	GetParamVecVector2	mg1604::CSVLoader	d	a	1		undefined GetParamVecVector2(long * param_1, CSVLoader * param_2, int param_3, int param_4)
7100046210	16	InsertVecVector2	mg1604::GameParamStruct	d	a	1		undefined InsertVecVector2(GameParamStruct * this, int param_1, long * param_2)
7100046220	16	GetParamVector3	mg1604::CSVLoader	d	a	1		undefined1[16] GetParamVector3(CSVLoader * this, int param_2)
7100046230	16	GetParamVec2Vector3	mg1604::CSVLoader	d	a	1		undefined GetParamVec2Vector3(vector<std::vector<nn::util::Vector3f,std::allocator<nn::util::Vector3f>>,std::allocator<std::vector<nn::util::Vector3f,std::allocator<nn::util::Vector3f>>>> * param_1, CSVLoader * param_2, int param_3, int param_4, int param_5)
7100046240	16	InsertVec2Vector3	mg1604::GameParamStruct	d	a	1		undefined InsertVec2Vector3(long param_1, undefined4 param_2, long * param_3)
7100046250	16	GetParamVecVector3	mg1604::CSVLoader	d	a	1		undefined GetParamVecVector3(undefined8 * param_1, CSVLoader * param_2, int param_3, int param_4)
7100046260	16	InsertVecVector3	mg1604::GameParamStruct	d	a	1		undefined InsertVecVector3(GameParamStruct * this, int param_1, long * param_2)
7100046270	16	GetParamVector4	mg1604::CSVLoader	d	a	1		undefined1[16] GetParamVector4(CSVLoader * this, int param_2)
7100046280	16	GetParamVec2Vector4	mg1604::CSVLoader	d	a	1		undefined GetParamVec2Vector4(vector<std::vector<nn::util::Vector4f,std::allocator<nn::util::Vector4f>>,std::allocator<std::vector<nn::util::Vector4f,std::allocator<nn::util::Vector4f>>>> * param_1, CSVLoader * param_2, int param_3, int param_4, int param_5)
7100046290	16	InsertVec2Vector4	mg1604::GameParamStruct	d	a	1		undefined InsertVec2Vector4(long param_1, undefined4 param_2, long * param_3)
71000462a0	16	GetParamVecVector4	mg1604::CSVLoader	d	a	1		undefined GetParamVecVector4(undefined8 * param_1, CSVLoader * param_2, int param_3, int param_4)
71000462b0	16	InsertVecVector4	mg1604::GameParamStruct	d	a	1		undefined InsertVecVector4(GameParamStruct * this, int param_1, long * param_2)
71000462c0	16	pair[abi:v160006]<mg1604::ParamInt&,std::vector<std::vector<int,std::allocator<int>>,std::allocator<std::vector<int,std::allocator<int>>>>&,(void*)0>	std::pair<mg1604::ParamInt_const,std::vector<std::vector<int,std::allocator<int>>,std::allocator<std::vector<int,std::allocator<int>>>>>	d	a	1		ParamInt * pair[abi:v160006]<mg1604::ParamInt&,std::vector<std::vector<int,std::allocator<int>>,std::allocator<std::vector<int,std::allocator<int>>>>&,(void*)0>(undefined4 * param_1, undefined4 * param_2, long * param_3)
71000462d0	16	pair[abi:v160006]<mg1604::ParamFloat&,std::vector<std::vector<float,std::allocator<float>>,std::allocator<std::vector<float,std::allocator<float>>>>&,(void*)0>	std::pair<mg1604::ParamFloat_const,std::vector<std::vector<float,std::allocator<float>>,std::allocator<std::vector<float,std::allocator<float>>>>>	d	a	1		ParamFloat * pair[abi:v160006]<mg1604::ParamFloat&,std::vector<std::vector<float,std::allocator<float>>,std::allocator<std::vector<float,std::allocator<float>>>>&,(void*)0>(undefined4 * param_1, undefined4 * param_2, long * param_3)
71000462e0	16	pair[abi:v160006]<mg1604::ParamBool&,std::vector<std::vector<bool,std::allocator<bool>>,std::allocator<std::vector<bool,std::allocator<bool>>>>&,(void*)0>	std::pair<mg1604::ParamBool_const,std::vector<std::vector<bool,std::allocator<bool>>,std::allocator<std::vector<bool,std::allocator<bool>>>>>	d	a	1		ParamBool * pair[abi:v160006]<mg1604::ParamBool&,std::vector<std::vector<bool,std::allocator<bool>>,std::allocator<std::vector<bool,std::allocator<bool>>>>&,(void*)0>(undefined4 * param_1, undefined4 * param_2, long * param_3)
71000462f0	16	pair[abi:v160006]<mg1604::ParamString&,std::vector<std::basic_string<char,std::char_traits<char>,bex::HeapModule::Allocator_string<char>>,std::allocator<std::basic_string<char,std::char_traits<char>,bex::HeapModule::Allocator_string<char>>>>&,(void*)0>	std::pair<mg1604::ParamString_const,std::vector<std::basic_string<char,std::char_traits<char>,bex::HeapModule::Allocator_string<char>>,std::allocator<std::basic_string<char,std::char_traits<char>,bex::HeapModule::Allocator_string<char>>>>>	d	a	1		ParamString * pair[abi:v160006]<mg1604::ParamString&,std::vector<std::basic_string<char,std::char_traits<char>,bex::HeapModule::Allocator_string<char>>,std::allocator<std::basic_string<char,std::char_traits<char>,bex::HeapModule::Allocator_string<char>>>>&,(void*)0>(undefined4 * param_1, undefined4 * param_2, long * param_3)
7100046300	16	pair[abi:v160006]<mg1604::ParamVector2&,std::vector<std::vector<nn::util::Vector2f,std::allocator<nn::util::Vector2f>>,std::allocator<std::vector<nn::util::Vector2f,std::allocator<nn::util::Vector2f>>>>&,(void*)0>	std::pair<mg1604::ParamVector2_const,std::vector<std::vector<nn::util::Vector2f,std::allocator<nn::util::Vector2f>>,std::allocator<std::vector<nn::util::Vector2f,std::allocator<nn::util::Vector2f>>>>>	d	a	1		ParamVector2 * pair[abi:v160006]<mg1604::ParamVector2&,std::vector<std::vector<nn::util::Vector2f,std::allocator<nn::util::Vector2f>>,std::allocator<std::vector<nn::util::Vector2f,std::allocator<nn::util::Vector2f>>>>&,(void*)0>(undefined4 * param_1, undefined4 * param_2, long * param_3)
7100046310	16	pair[abi:v160006]<mg1604::ParamVector3&,std::vector<std::vector<nn::util::Vector3f,std::allocator<nn::util::Vector3f>>,std::allocator<std::vector<nn::util::Vector3f,std::allocator<nn::util::Vector3f>>>>&,(void*)0>	std::pair<mg1604::ParamVector3_const,std::vector<std::vector<nn::util::Vector3f,std::allocator<nn::util::Vector3f>>,std::allocator<std::vector<nn::util::Vector3f,std::allocator<nn::util::Vector3f>>>>>	d	a	1		ParamVector3 * pair[abi:v160006]<mg1604::ParamVector3&,std::vector<std::vector<nn::util::Vector3f,std::allocator<nn::util::Vector3f>>,std::allocator<std::vector<nn::util::Vector3f,std::allocator<nn::util::Vector3f>>>>&,(void*)0>(undefined4 * param_1, undefined4 * param_2, long * param_3)
7100046320	16	pair[abi:v160006]<mg1604::ParamVector4&,std::vector<std::vector<nn::util::Vector4f,std::allocator<nn::util::Vector4f>>,std::allocator<std::vector<nn::util::Vector4f,std::allocator<nn::util::Vector4f>>>>&,(void*)0>	std::pair<mg1604::ParamVector4_const,std::vector<std::vector<nn::util::Vector4f,std::allocator<nn::util::Vector4f>>,std::allocator<std::vector<nn::util::Vector4f,std::allocator<nn::util::Vector4f>>>>>	d	a	1		ParamVector4 * pair[abi:v160006]<mg1604::ParamVector4&,std::vector<std::vector<nn::util::Vector4f,std::allocator<nn::util::Vector4f>>,std::allocator<std::vector<nn::util::Vector4f,std::allocator<nn::util::Vector4f>>>>&,(void*)0>(undefined4 * param_1, undefined4 * param_2, long * param_3)
7100046330	16	GetInt	mg1604::GameParamStruct	d	a	1		ulong GetInt(GameParamStruct * this, int param_1)
7100046340	16	GetFloat	mg1604::GameParamStruct	d	a	1		ulong GetFloat(GameParamStruct * this, int param_1)
7100046350	16	GetBool	mg1604::GameParamStruct	d	a	1		uint GetBool(GameParamStruct * this, int param_1)
7100046360	16	GetString	mg1604::GameParamStruct	d	a	1		undefined GetString(long * param_1, long param_2, int param_3)
7100046370	16	GetVector2	mg1604::GameParamStruct	d	a	1		undefined1[16] GetVector2(GameParamStruct * this, int param_1)
7100046380	16	GetVector3	mg1604::GameParamStruct	d	a	1		undefined GetVector3(long * param_1, long param_2, int param_3)
7100046390	16	GetVector4	mg1604::GameParamStruct	d	a	1		undefined GetVector4(long * param_1, long param_2, int param_3)
71000463a0	16	GetVecInt	mg1604::GameParamStruct	d	a	1		undefined GetVecInt(undefined8 * param_1, long param_2, int param_3)
71000463b0	16	GetVecFloat	mg1604::GameParamStruct	d	a	1		undefined GetVecFloat(undefined8 * param_1, long param_2, int param_3)
71000463c0	16	GetVecBool	mg1604::GameParamStruct	d	a	1		undefined GetVecBool(long * param_1, long param_2, int param_3)
71000463d0	16	GetVecString	mg1604::GameParamStruct	d	a	1		undefined GetVecString(undefined8 * param_1, long param_2, undefined8 param_3)
71000463e0	16	__optional_destruct_base[abi:v160006]<std::vector<std::basic_string<char,std::char_traits<char>,bex::HeapModule::Allocator_string<char>>,std::allocator<std::basic_string<char,std::char_traits<char>,bex::HeapModule::Allocator_string<char>>>>&>	std::__optional_destruct_base<std::vector<std::basic_string<char,std::char_traits<char>,bex::HeapModule::Allocator_string<char>>,std::allocator<std::basic_string<char,std::char_traits<char>,bex::HeapModule::Allocator_string<char>>>>,false>	d	a	1		in_place_t __optional_destruct_base[abi:v160006]<std::vector<std::basic_string<char,std::char_traits<char>,bex::HeapModule::Allocator_string<char>>,std::allocator<std::basic_string<char,std::char_traits<char>,bex::HeapModule::Allocator_string<char>>>>&>(undefined8 * param_1, undefined8 param_2, long * param_3)
71000463f0	16	GetVecVector2	mg1604::GameParamStruct	d	a	1		undefined GetVecVector2(undefined8 * param_1, long param_2, int param_3)
7100046400	16	GetVecVector3	mg1604::GameParamStruct	d	a	1		undefined GetVecVector3(undefined8 * param_1, long param_2, int param_3)
7100046410	16	GetVecVector4	mg1604::GameParamStruct	d	a	1		undefined GetVecVector4(undefined8 * param_1, long param_2, int param_3)
7100046420	16	GetVec2Int	mg1604::GameParamStruct	d	a	1		undefined GetVec2Int(undefined8 * param_1, long param_2, undefined8 param_3)
7100046430	16	__optional_destruct_base[abi:v160006]<std::vector<std::vector<int,std::allocator<int>>,std::allocator<std::vector<int,std::allocator<int>>>>&>	std::__optional_destruct_base<std::vector<std::vector<int,std::allocator<int>>,std::allocator<std::vector<int,std::allocator<int>>>>,false>	d	a	1		in_place_t __optional_destruct_base[abi:v160006]<std::vector<std::vector<int,std::allocator<int>>,std::allocator<std::vector<int,std::allocator<int>>>>&>(undefined8 * param_1, undefined8 param_2, long * param_3)
7100046440	16	GetVec2Float	mg1604::GameParamStruct	d	a	1		undefined GetVec2Float(undefined8 * param_1, long param_2, undefined8 param_3)
7100046450	16	__optional_destruct_base[abi:v160006]<std::vector<std::vector<float,std::allocator<float>>,std::allocator<std::vector<float,std::allocator<float>>>>&>	std::__optional_destruct_base<std::vector<std::vector<float,std::allocator<float>>,std::allocator<std::vector<float,std::allocator<float>>>>,false>	d	a	1		in_place_t __optional_destruct_base[abi:v160006]<std::vector<std::vector<float,std::allocator<float>>,std::allocator<std::vector<float,std::allocator<float>>>>&>(undefined8 * param_1, undefined8 param_2, long * param_3)
7100046460	16	GetVec2Bool	mg1604::GameParamStruct	d	a	1		undefined GetVec2Bool(undefined8 * param_1, long param_2, undefined8 param_3)
7100046470	16	__optional_destruct_base[abi:v160006]<std::vector<std::vector<bool,std::allocator<bool>>,std::allocator<std::vector<bool,std::allocator<bool>>>>&>	std::__optional_destruct_base<std::vector<std::vector<bool,std::allocator<bool>>,std::allocator<std::vector<bool,std::allocator<bool>>>>,false>	d	a	1		in_place_t __optional_destruct_base[abi:v160006]<std::vector<std::vector<bool,std::allocator<bool>>,std::allocator<std::vector<bool,std::allocator<bool>>>>&>(undefined8 * param_1, undefined8 param_2, long * param_3)
7100046480	16	GetVec2String	mg1604::GameParamStruct	d	a	1		undefined GetVec2String(undefined8 * param_1, long param_2, int param_3)
7100046490	16	construct[abi:v160006]<std::vector<std::basic_string<char,std::char_traits<char>,bex::HeapModule::Allocator_string<char>>,std::allocator<std::basic_string<char,std::char_traits<char>,bex::HeapModule::Allocator_string<char>>>>,std::vector<std::basic_string<char,std::char_traits<char>,bex::HeapModule::Allocator_string<char>>,std::allocator<std::basic_string<char,std::char_traits<char>,bex::HeapModule::Allocator_string<char>>>>&>	std::allocator<std::vector<std::basic_string<char,std::char_traits<char>,bex::HeapModule::Allocator_string<char>>,std::allocator<std::basic_string<char,std::char_traits<char>,bex::HeapModule::Allocator_string<char>>>>>	d	a	1		void construct[abi:v160006]<std::vector<std::basic_string<char,std::char_traits<char>,bex::HeapModule::Allocator_string<char>>,std::allocator<std::basic_string<char,std::char_traits<char>,bex::HeapModule::Allocator_string<char>>>>,std::vector<std::basic_string<char,std::char_traits<char>,bex::HeapModule::Allocator_string<char>>,std::allocator<std::basic_string<char,std::char_traits<char>,bex::HeapModule::Allocator_string<char>>>>&>(undefined8 param_1_00, undefined8 * param_2, long * param_3)
71000464a0	16	GetVec2Vector2	mg1604::GameParamStruct	d	a	1		undefined GetVec2Vector2(undefined8 * param_1, long param_2, undefined8 param_3)
71000464b0	16	__optional_destruct_base[abi:v160006]<std::vector<std::vector<nn::util::Vector2f,std::allocator<nn::util::Vector2f>>,std::allocator<std::vector<nn::util::Vector2f,std::allocator<nn::util::Vector2f>>>>&>	std::__optional_destruct_base<std::vector<std::vector<nn::util::Vector2f,std::allocator<nn::util::Vector2f>>,std::allocator<std::vector<nn::util::Vector2f,std::allocator<nn::util::Vector2f>>>>,false>	d	a	1		in_place_t __optional_destruct_base[abi:v160006]<std::vector<std::vector<nn::util::Vector2f,std::allocator<nn::util::Vector2f>>,std::allocator<std::vector<nn::util::Vector2f,std::allocator<nn::util::Vector2f>>>>&>(undefined8 * param_1, undefined8 param_2, long * param_3)
71000464c0	16	GetVec2Vector3	mg1604::GameParamStruct	d	a	1		undefined GetVec2Vector3(undefined8 * param_1, long param_2, undefined8 param_3)
71000464d0	16	__optional_destruct_base[abi:v160006]<std::vector<std::vector<nn::util::Vector3f,std::allocator<nn::util::Vector3f>>,std::allocator<std::vector<nn::util::Vector3f,std::allocator<nn::util::Vector3f>>>>&>	std::__optional_destruct_base<std::vector<std::vector<nn::util::Vector3f,std::allocator<nn::util::Vector3f>>,std::allocator<std::vector<nn::util::Vector3f,std::allocator<nn::util::Vector3f>>>>,false>	d	a	1		in_place_t __optional_destruct_base[abi:v160006]<std::vector<std::vector<nn::util::Vector3f,std::allocator<nn::util::Vector3f>>,std::allocator<std::vector<nn::util::Vector3f,std::allocator<nn::util::Vector3f>>>>&>(undefined8 * param_1, undefined8 param_2, long * param_3)
71000464e0	16	GetVec2Vector4	mg1604::GameParamStruct	d	a	1		undefined GetVec2Vector4(undefined8 * param_1, long param_2, undefined8 param_3)
71000464f0	16	__optional_destruct_base[abi:v160006]<std::vector<std::vector<nn::util::Vector4f,std::allocator<nn::util::Vector4f>>,std::allocator<std::vector<nn::util::Vector4f,std::allocator<nn::util::Vector4f>>>>&>	std::__optional_destruct_base<std::vector<std::vector<nn::util::Vector4f,std::allocator<nn::util::Vector4f>>,std::allocator<std::vector<nn::util::Vector4f,std::allocator<nn::util::Vector4f>>>>,false>	d	a	1		in_place_t __optional_destruct_base[abi:v160006]<std::vector<std::vector<nn::util::Vector4f,std::allocator<nn::util::Vector4f>>,std::allocator<std::vector<nn::util::Vector4f,std::allocator<nn::util::Vector4f>>>>&>(undefined8 * param_1, undefined8 param_2, long * param_3)
7100046500	16	Load	<EXTERNAL>::wl::Csv	d	a	1		undefined Load(basic_string param_1)
7100046510	16	__find_equal<mg1604::CSVLoader::DataType>	std::__tree<std::__value_type<mg1604::CSVLoader::DataType,std::basic_string<char,std::char_traits<char>,bex::HeapModule::Allocator_string<char>>>,std::__map_value_compare<mg1604::CSVLoader::DataType,std::__value_type<mg1604::CSVLoader::DataType,std::basic_string<char,std::char_traits<char>,bex::HeapModule::Allocator_string<char>>>,std::less<mg1604::CSVLoader::DataType>,true>,std::allocator<std::__value_type<mg1604::CSVLoader::DataType,std::basic_string<char,std::char_traits<char>,bex::HeapModule::Allocator_string<char>>>>>	d	a	1		__tree<std::__value_type<mg1604::CSVLoader::DataType,std::basic_string<char,std::char_traits<char>,bex::HeapModule::Allocator_string<char>>>,std::__map_value_compare<mg1604::CSVLoader::DataType,std::__value_type<mg1604::CSVLoader::DataType,std::basic_string<char,std::char_traits<char>,bex::HeapModule::Allocator_string<char>>>,std::less<mg1604::CSVLoader::DataType>,true>,std::allocator<std::__value_type<mg1604::CSVLoader::DataType,std::basic_string<char,std::char_traits<char>,bex::HeapModule::Allocator_string<char>>>>> * __find_equal<mg1604::CSVLoader::DataType>(__tree<std::__value_type<mg1604::CSVLoader::DataType,std::basic_string<char,std::char_traits<char>,bex::HeapModule::Allocator_string<char>>>,std::__map_value_compare<mg1604::CSVLoader::DataType,std::__value_type<mg1604::CSVLoader::DataType,std::basic_string<char,std::char_traits<char>,bex::HeapModule::Allocator_string<char>>>,std::less<mg1604::CSVLoader::DataType>,true>,std::allocator<std::__value_type<mg1604::CSVLoader::DataType,std::basic_string<char,std::char_traits<char>,bex::HeapModule::Allocator_string<char>>>>> * this, __tree<std::__value_type<mg1604::CSVLoader::DataType,std::basic_string<char,std::char_traits<char>,bex::HeapModule::Allocator_string<char>>>,std::__map_value_compare<mg1604::CSVLoader::DataType,std::__value_type<mg1604::CSVLoader::DataType,std::basic_string<char,std::char_traits<char>,bex::HeapModule::Allocator_string<char>>>,std::less<mg1604::CSVLoader::DataType>,true>,std::allocator<std::__value_type<mg1604::CSVLoader::DataType,std::basic_string<char,std::char_traits<char>,bex::HeapModule::Allocator_string<char>>>>> * param_1, long * param_2, __tree<std::__value_type<mg1604::CSVLoader::DataType,std::basic_string<char,std::char_traits<char>,bex::HeapModule::Allocator_string<char>>>,std::__map_value_compare<mg1604::CSVLoader::DataType,std::__value_type<mg1604::CSVLoader::DataType,std::basic_string<char,std::char_traits<char>,bex::HeapModule::Allocator_string<char>>>,std::less<mg1604::CSVLoader::DataType>,true>,std::allocator<std::__value_type<mg1604::CSVLoader::DataType,std::basic_string<char,std::char_traits<char>,bex::HeapModule::Allocator_string<char>>>>> * param_3, int * param_4)
7100046520	16	__construct_node<std::pair<mg1604::CSVLoader::DataType_const,std::basic_string<char,std::char_traits<char>,bex::HeapModule::Allocator_string<char>>>const&>	std::__tree<std::__value_type<mg1604::CSVLoader::DataType,std::basic_string<char,std::char_traits<char>,bex::HeapModule::Allocator_string<char>>>,std::__map_value_compare<mg1604::CSVLoader::DataType,std::__value_type<mg1604::CSVLoader::DataType,std::basic_string<char,std::char_traits<char>,bex::HeapModule::Allocator_string<char>>>,std::less<mg1604::CSVLoader::DataType>,true>,std::allocator<std::__value_type<mg1604::CSVLoader::DataType,std::basic_string<char,std::char_traits<char>,bex::HeapModule::Allocator_string<char>>>>>	d	a	1		unique_ptr __construct_node<std::pair<mg1604::CSVLoader::DataType_const,std::basic_string<char,std::char_traits<char>,bex::HeapModule::Allocator_string<char>>>const&>(undefined8 * param_1_00, long param_2, undefined4 * param_3)
7100046530	16	Csv	wl::Csv	d	a	1		undefined Csv(Csv * this, ulong * param_1)
7100046540	16	IsLabelExist	mg1604::CSVLoader	d	a	1		uint IsLabelExist(CSVLoader * this, byte * param_1, int param_2)
7100046550	16	InternalGetParamInt	mg1604::CSVLoader	d	a	1		int InternalGetParamInt(CSVLoader * this, int param_1)
7100046560	16	memcmp		i	i	1		int memcmp(void * __s1, void * __s2, size_t __n)
7100046570	16	atoi		i	i	1		int atoi(char * __nptr)
7100046580	16	InternalGetParamFloat	mg1604::CSVLoader	d	a	1		float InternalGetParamFloat(CSVLoader * this, int param_1)
7100046590	16	atof		i	i	1		double atof(char * __nptr)
71000465a0	16	InternalGetParamBool	mg1604::CSVLoader	d	a	1		undefined4 InternalGetParamBool(undefined8 * param_1, int param_2)
71000465b0	16	InternalGetParamString	mg1604::CSVLoader	d	a	1		undefined InternalGetParamString(long * param_1, undefined8 * param_2, int param_3)
71000465c0	16	InternalGetParamVector2	mg1604::CSVLoader	d	a	1		undefined1[16] InternalGetParamVector2(CSVLoader * this, int param_2)
71000465d0	16	Split	mg1604::CSVLoader	d	a	1		undefined Split(vector<std::string,std::allocator<std::string>> * param_1, undefined8 param_2, byte * param_3, uint param_4)
71000465e0	16	stof	<EXTERNAL>::std	d	a	1		undefined stof(string * param_1, ulong * param_2)
71000465f0	16	InternalGetParamVector3	mg1604::CSVLoader	d	a	1		undefined1[16] InternalGetParamVector3(CSVLoader * this, int param_2)
7100046600	16	InternalGetParamVector4	mg1604::CSVLoader	d	a	1		undefined1[16] InternalGetParamVector4(CSVLoader * this, int param_2)
7100046610	16	__push_back_slow_path<std::basic_string<char,std::char_traits<char>,bex::HeapModule::Allocator_string<char>>>	std::vector<std::basic_string<char,std::char_traits<char>,bex::HeapModule::Allocator_string<char>>,std::allocator<std::basic_string<char,std::char_traits<char>,bex::HeapModule::Allocator_string<char>>>>	d	a	1		void __push_back_slow_path<std::basic_string<char,std::char_traits<char>,bex::HeapModule::Allocator_string<char>>>(vector<std::basic_string<char,std::char_traits<char>,bex::HeapModule::Allocator_string<char>>,std::allocator<std::basic_string<char,std::char_traits<char>,bex::HeapModule::Allocator_string<char>>>> * this, undefined8 * param_1)
7100046620	16	__push_back_slow_path<std::string_const&>	std::vector<std::string,std::allocator<std::string>>	d	a	1		void __push_back_slow_path<std::string_const&>(vector<std::string,std::allocator<std::string>> * this, string * param_1)
7100046630	16	erase	<EXTERNAL>::std::string	d	a	1		undefined erase(ulong param_1, ulong param_2)
7100046640	16	string	<EXTERNAL>::std::string	d	a	1		undefined string(string * this, string * param_1)
7100046650	16	~streambuf	<EXTERNAL>::std::streambuf	d	a	1		undefined ~streambuf(streambuf * this)
7100046660	16	~iostream	<EXTERNAL>::std::iostream	d	a	1		undefined ~iostream(iostream * this)
7100046670	16	~ios	<EXTERNAL>::std::ios	d	a	1		undefined ~ios(ios * this)
7100046680	16	init	<EXTERNAL>::std::ios_base	d	a	1		undefined init(void * param_1)
7100046690	16	streambuf	<EXTERNAL>::std::streambuf	d	a	1		undefined streambuf(streambuf * this)
71000466a0	16	str	std::stringbuf	d	a	1		undefined str(stringbuf * this, string * param_1)
71000466b0	16	sentry	<EXTERNAL>::std::istream::sentry	d	a	1		undefined sentry(sentry * this, istream * param_1, bool param_2)
71000466c0	16	push_back	<EXTERNAL>::std::string	d	a	1		undefined push_back(char param_1)
71000466d0	16	clear	<EXTERNAL>::std::ios_base	d	a	1		undefined clear(uint param_1)
71000466e0	16	__cxa_end_catch		i	d	1		undefined __cxa_end_catch()
71000466f0	16	__cxa_rethrow		i	d	1		undefined __cxa_rethrow()
7100046700	16	resize	<EXTERNAL>::std::string	d	a	1		undefined resize(ulong param_1, char param_2)
7100046710	16	operator=	<EXTERNAL>::std::string	d	a	1		undefined operator=(string * this, string * param_1)
7100097000	1	__nnmusl_init_dso	<EXTERNAL>	d	d	1		undefined __nnmusl_init_dso()
7100098000	1	ProtectRelro	<EXTERNAL>::nn::ro	d	a	1		undefined ProtectRelro(void * param_1, void * param_2, void * param_3, void * param_4, void * param_5)
7100099000	1	__nnmusl_fini_dso	<EXTERNAL>	d	d	1		undefined __nnmusl_fini_dso()
710009a000	1	end		i	d	0		undefined end()
710009c000	1	__cxa_guard_release	<EXTERNAL>	d	d	1		undefined __cxa_guard_release()
71000f3000	1	_Unwind_Resume	<EXTERNAL>	d	d	1		undefined _Unwind_Resume()
71000f4000	1	operator.new	<EXTERNAL>	d	a	1		void * operator.new(ulong param_1)
71000f5000	1	HasCastableComponentImpl	<EXTERNAL>::nn::bezel::Entity	d	a	1		undefined HasCastableComponentImpl(TypeDesc * param_1)
71000f6000	1	AbortImpl	<EXTERNAL>::nn::diag::detail	d	a	1		undefined AbortImpl(void)
71000f7000	1	Create	<EXTERNAL>::actor::ComActorCollision	d	a	1		undefined Create(HandlePtr * param_1, ActorCollisionCreateArg * param_2, HandlePtr * param_3)
71000f8000	1	Free	<EXTERNAL>::bex::HeapModule	d	a	1		undefined Free(void * param_1)
71000f9000	1	_internalCheckComponentValidity	<EXTERNAL>::nn::bezel::Entity	d	a	1		undefined _internalCheckComponentValidity(HandlePtr * param_1)
71000fa000	1	AddComponentImpl	<EXTERNAL>::nn::bezel::Entity	d	a	1		undefined AddComponentImpl(HandlePtr * param_1)
71000fb000	1	SetTranslation	<EXTERNAL>::nn::bezel::Entity	d	a	1		undefined SetTranslation(Vector3f * param_1)
71000fc000	1	SetRotation	<EXTERNAL>::nn::bezel::Entity	d	a	1		undefined SetRotation(Quaternion * param_1)
71000fd000	1	SetScale	<EXTERNAL>::nn::bezel::Entity	d	a	1		undefined SetScale(Vector3f * param_1)
71000fe000	1	TranslateLocal	<EXTERNAL>::nn::bezel::Entity	d	a	1		undefined TranslateLocal(Vector3f * param_1)
71000ff000	1	Rotate	<EXTERNAL>::nn::bezel::Entity	d	a	1		undefined Rotate(Quaternion * param_1)
