addr	size	name	namespace	namesrc	sigsrc	thunk	tags	signature
7100000080	12	nndetailRoGetRoDataStart		i	a	0		char * nndetailRoGetRoDataStart(void)
7100000090	12	nndetailRoGetRoDataEnd		i	a	0		undefined * nndetailRoGetRoDataEnd(void)
71000000a0	352	_init		i	i	0		int _init(EVP_PKEY_CTX * ctx)
7100000200	144	_fini		i	a	0		undefined _fini(void)
7100000290	36	FUN_7100000290		d	a	0		undefined8 FUN_7100000290(long param_1)
7100000340	120	FUN_7100000340		d	a	0		undefined8 FUN_7100000340(undefined8 param_1, undefined8 param_2, long param_3)
71000003c0	184	FUN_71000003c0		d	a	0		undefined FUN_71000003c0(long param_1, ulong param_2, ulong param_3)
7100000480	88	FUN_7100000480		d	a	0		undefined FUN_7100000480(void)
71000004e0	80	FUN_71000004e0		d	a	0		undefined FUN_71000004e0(void)
7100000530	88	FUN_7100000530		d	a	0		undefined FUN_7100000530(void)
7100000590	88	FUN_7100000590		d	a	0		undefined FUN_7100000590(void)
71000005f0	80	FUN_71000005f0		d	a	0		undefined FUN_71000005f0(void)
7100000640	80	FUN_7100000640		d	a	0		undefined FUN_7100000640(void)
7100000690	88	FUN_7100000690		d	a	0		undefined FUN_7100000690(void)
71000006f0	88	FUN_71000006f0		d	a	0		undefined FUN_71000006f0(void)
7100000750	88	FUN_7100000750		d	a	0		undefined FUN_7100000750(void)
71000007b0	88	FUN_71000007b0		d	a	0		undefined FUN_71000007b0(void)
7100000810	88	FUN_7100000810		d	a	0		undefined FUN_7100000810(void)
7100000870	88	FUN_7100000870		d	a	0		undefined FUN_7100000870(void)
71000008d0	88	FUN_71000008d0		d	a	0		undefined FUN_71000008d0(void)
7100000930	88	FUN_7100000930		d	a	0		undefined FUN_7100000930(void)
7100000990	88	FUN_7100000990		d	a	0		undefined FUN_7100000990(void)
71000009f0	88	FUN_71000009f0		d	a	0		undefined FUN_71000009f0(void)
7100000a50	80	FUN_7100000a50		d	a	0		undefined FUN_7100000a50(void)
7100000aa0	80	FUN_7100000aa0		d	a	0		undefined FUN_7100000aa0(void)
7100000af0	80	FUN_7100000af0		d	a	0		undefined FUN_7100000af0(void)
7100000b40	80	FUN_7100000b40		d	a	0		undefined FUN_7100000b40(void)
7100000b90	88	FUN_7100000b90		d	a	0		undefined FUN_7100000b90(void)
7100000bf0	88	FUN_7100000bf0		d	a	0		undefined FUN_7100000bf0(void)
7100000c50	88	FUN_7100000c50		d	a	0		undefined FUN_7100000c50(void)
7100000cb0	88	FUN_7100000cb0		d	a	0		undefined FUN_7100000cb0(void)
7100000d10	88	FUN_7100000d10		d	a	0		undefined FUN_7100000d10(void)
7100000d70	88	FUN_7100000d70		d	a	0		undefined FUN_7100000d70(void)
7100000dd0	88	FUN_7100000dd0		d	a	0		undefined FUN_7100000dd0(void)
7100000e30	88	FUN_7100000e30		d	a	0		undefined FUN_7100000e30(void)
7100000e90	88	FUN_7100000e90		d	a	0		undefined FUN_7100000e90(void)
7100000ef0	88	FUN_7100000ef0		d	a	0		undefined FUN_7100000ef0(void)
7100000f50	88	FUN_7100000f50		d	a	0		undefined FUN_7100000f50(void)
7100000fb0	88	FUN_7100000fb0		d	a	0		undefined FUN_7100000fb0(void)
7100001010	88	FUN_7100001010		d	a	0		undefined FUN_7100001010(void)
7100001070	88	FUN_7100001070		d	a	0		undefined FUN_7100001070(void)
71000010d0	88	FUN_71000010d0		d	a	0		undefined FUN_71000010d0(void)
7100001130	88	FUN_7100001130		d	a	0		undefined FUN_7100001130(void)
7100001190	88	FUN_7100001190		d	a	0		undefined FUN_7100001190(void)
71000011f0	88	FUN_71000011f0		d	a	0		undefined FUN_71000011f0(void)
7100001250	88	FUN_7100001250		d	a	0		undefined FUN_7100001250(void)
71000012b0	88	FUN_71000012b0		d	a	0		undefined FUN_71000012b0(void)
7100001310	88	FUN_7100001310		d	a	0		undefined FUN_7100001310(void)
7100001370	88	FUN_7100001370		d	a	0		undefined FUN_7100001370(void)
71000013d0	88	FUN_71000013d0		d	a	0		undefined FUN_71000013d0(void)
7100001430	88	FUN_7100001430		d	a	0		undefined FUN_7100001430(void)
7100001490	88	FUN_7100001490		d	a	0		undefined FUN_7100001490(void)
71000014f0	88	FUN_71000014f0		d	a	0		undefined FUN_71000014f0(void)
7100001550	88	FUN_7100001550		d	a	0		undefined FUN_7100001550(void)
71000015b0	88	FUN_71000015b0		d	a	0		undefined FUN_71000015b0(void)
7100001610	88	FUN_7100001610		d	a	0		undefined FUN_7100001610(void)
7100001670	88	FUN_7100001670		d	a	0		undefined FUN_7100001670(void)
71000016d0	88	FUN_71000016d0		d	a	0		undefined FUN_71000016d0(void)
7100001730	88	FUN_7100001730		d	a	0		undefined FUN_7100001730(void)
7100001790	88	FUN_7100001790		d	a	0		undefined FUN_7100001790(void)
71000017f0	88	FUN_71000017f0		d	a	0		undefined FUN_71000017f0(void)
7100001850	88	FUN_7100001850		d	a	0		undefined FUN_7100001850(void)
71000018b0	88	FUN_71000018b0		d	a	0		undefined FUN_71000018b0(void)
7100001910	88	FUN_7100001910		d	a	0		undefined FUN_7100001910(void)
7100001970	88	FUN_7100001970		d	a	0		undefined FUN_7100001970(void)
71000019d0	88	FUN_71000019d0		d	a	0		undefined FUN_71000019d0(void)
7100001a30	88	FUN_7100001a30		d	a	0		undefined FUN_7100001a30(void)
7100001a90	80	FUN_7100001a90		d	a	0		undefined FUN_7100001a90(void)
7100001ae0	80	FUN_7100001ae0		d	a	0		undefined FUN_7100001ae0(void)
7100001b30	80	FUN_7100001b30		d	a	0		undefined FUN_7100001b30(void)
7100001b80	80	FUN_7100001b80		d	a	0		undefined FUN_7100001b80(void)
7100001bd0	80	FUN_7100001bd0		d	a	0		undefined FUN_7100001bd0(void)
7100001c20	80	FUN_7100001c20		d	a	0		undefined FUN_7100001c20(void)
7100001c70	80	FUN_7100001c70		d	a	0		undefined FUN_7100001c70(void)
7100001cc0	88	FUN_7100001cc0		d	a	0		undefined FUN_7100001cc0(void)
7100001d20	88	FUN_7100001d20		d	a	0		undefined FUN_7100001d20(void)
7100001d80	88	FUN_7100001d80		d	a	0		undefined FUN_7100001d80(void)
7100001de0	88	FUN_7100001de0		d	a	0		undefined FUN_7100001de0(void)
7100001e40	88	FUN_7100001e40		d	a	0		undefined FUN_7100001e40(void)
7100001ea0	88	FUN_7100001ea0		d	a	0		undefined FUN_7100001ea0(void)
7100001f00	88	FUN_7100001f00		d	a	0		undefined FUN_7100001f00(void)
7100001f60	88	FUN_7100001f60		d	a	0		undefined FUN_7100001f60(void)
7100001fc0	88	FUN_7100001fc0		d	a	0		undefined FUN_7100001fc0(void)
7100002020	88	FUN_7100002020		d	a	0		undefined FUN_7100002020(void)
7100002080	88	FUN_7100002080		d	a	0		undefined FUN_7100002080(void)
71000020e0	88	FUN_71000020e0		d	a	0		undefined FUN_71000020e0(void)
7100002140	88	FUN_7100002140		d	a	0		undefined FUN_7100002140(void)
71000021a0	80	FUN_71000021a0		d	a	0		undefined FUN_71000021a0(void)
71000021f0	88	FUN_71000021f0		d	a	0		undefined FUN_71000021f0(void)
7100002250	88	FUN_7100002250		d	a	0		undefined FUN_7100002250(void)
71000022b0	80	FUN_71000022b0		d	a	0		undefined FUN_71000022b0(void)
7100002300	80	FUN_7100002300		d	a	0		undefined FUN_7100002300(void)
7100002350	80	FUN_7100002350		d	a	0		undefined FUN_7100002350(void)
71000023a0	80	FUN_71000023a0		d	a	0		undefined FUN_71000023a0(void)
71000023f0	88	FUN_71000023f0		d	a	0		undefined FUN_71000023f0(void)
7100002450	88	FUN_7100002450		d	a	0		undefined FUN_7100002450(void)
71000024b0	88	FUN_71000024b0		d	a	0		undefined FUN_71000024b0(void)
7100002510	88	FUN_7100002510		d	a	0		undefined FUN_7100002510(void)
7100002570	88	FUN_7100002570		d	a	0		undefined FUN_7100002570(void)
71000025d0	80	FUN_71000025d0		d	a	0		undefined FUN_71000025d0(void)
7100002620	80	FUN_7100002620		d	a	0		undefined FUN_7100002620(void)
7100002670	80	FUN_7100002670		d	a	0		undefined FUN_7100002670(void)
71000026c0	80	FUN_71000026c0		d	a	0		undefined FUN_71000026c0(void)
7100002710	80	FUN_7100002710		d	a	0		undefined FUN_7100002710(void)
7100002760	80	FUN_7100002760		d	a	0		undefined FUN_7100002760(void)
71000027b0	80	FUN_71000027b0		d	a	0		undefined FUN_71000027b0(void)
7100002800	80	FUN_7100002800		d	a	0		undefined FUN_7100002800(void)
7100002850	80	FUN_7100002850		d	a	0		undefined FUN_7100002850(void)
71000028a0	80	FUN_71000028a0		d	a	0		undefined FUN_71000028a0(void)
71000028f0	80	FUN_71000028f0		d	a	0		undefined FUN_71000028f0(void)
7100002940	80	FUN_7100002940		d	a	0		undefined FUN_7100002940(void)
7100002990	80	FUN_7100002990		d	a	0		undefined FUN_7100002990(void)
71000029e0	80	FUN_71000029e0		d	a	0		undefined FUN_71000029e0(void)
7100002a30	80	FUN_7100002a30		d	a	0		undefined FUN_7100002a30(void)
7100002a80	80	FUN_7100002a80		d	a	0		undefined FUN_7100002a80(void)
7100002ad0	80	FUN_7100002ad0		d	a	0		undefined FUN_7100002ad0(void)
7100002b20	80	FUN_7100002b20		d	a	0		undefined FUN_7100002b20(void)
7100002b70	80	FUN_7100002b70		d	a	0		undefined FUN_7100002b70(void)
7100002bc0	80	FUN_7100002bc0		d	a	0		undefined FUN_7100002bc0(void)
7100002c10	80	FUN_7100002c10		d	a	0		undefined FUN_7100002c10(void)
7100002c60	80	FUN_7100002c60		d	a	0		undefined FUN_7100002c60(void)
7100002cb0	80	FUN_7100002cb0		d	a	0		undefined FUN_7100002cb0(void)
7100002d00	80	FUN_7100002d00		d	a	0		undefined FUN_7100002d00(void)
7100002d50	80	FUN_7100002d50		d	a	0		undefined FUN_7100002d50(void)
7100002da0	80	FUN_7100002da0		d	a	0		undefined FUN_7100002da0(void)
7100002df0	88	FUN_7100002df0		d	a	0		undefined FUN_7100002df0(void)
7100002e50	88	FUN_7100002e50		d	a	0		undefined FUN_7100002e50(void)
7100002eb0	88	FUN_7100002eb0		d	a	0		undefined FUN_7100002eb0(void)
7100002f10	88	FUN_7100002f10		d	a	0		undefined FUN_7100002f10(void)
7100002f70	88	FUN_7100002f70		d	a	0		undefined FUN_7100002f70(void)
7100002fd0	88	FUN_7100002fd0		d	a	0		undefined FUN_7100002fd0(void)
7100003030	88	FUN_7100003030		d	a	0		undefined FUN_7100003030(void)
7100003090	88	FUN_7100003090		d	a	0		undefined FUN_7100003090(void)
71000030f0	88	FUN_71000030f0		d	a	0		undefined FUN_71000030f0(void)
7100003150	88	FUN_7100003150		d	a	0		undefined FUN_7100003150(void)
71000031b0	88	FUN_71000031b0		d	a	0		undefined FUN_71000031b0(void)
7100003210	88	FUN_7100003210		d	a	0		undefined FUN_7100003210(void)
7100003270	88	FUN_7100003270		d	a	0		undefined FUN_7100003270(void)
71000032d0	80	FUN_71000032d0		d	a	0		undefined FUN_71000032d0(void)
7100003320	80	FUN_7100003320		d	a	0		undefined FUN_7100003320(void)
7100003370	88	FUN_7100003370		d	a	0		undefined FUN_7100003370(void)
71000033d0	80	FUN_71000033d0		d	a	0		undefined FUN_71000033d0(void)
7100003420	80	FUN_7100003420		d	a	0		undefined FUN_7100003420(void)
7100003470	80	FUN_7100003470		d	a	0		undefined FUN_7100003470(void)
71000034c0	80	FUN_71000034c0		d	a	0		undefined FUN_71000034c0(void)
7100003510	80	FUN_7100003510		d	a	0		undefined FUN_7100003510(void)
7100003560	80	FUN_7100003560		d	a	0		undefined FUN_7100003560(void)
71000035b0	80	FUN_71000035b0		d	a	0		undefined FUN_71000035b0(void)
7100003600	80	FUN_7100003600		d	a	0		undefined FUN_7100003600(void)
7100003650	80	FUN_7100003650		d	a	0		undefined FUN_7100003650(void)
71000036a0	80	FUN_71000036a0		d	a	0		undefined FUN_71000036a0(void)
71000036f0	80	FUN_71000036f0		d	a	0		undefined FUN_71000036f0(void)
7100003740	80	FUN_7100003740		d	a	0		undefined FUN_7100003740(void)
7100003790	80	FUN_7100003790		d	a	0		undefined FUN_7100003790(void)
71000037e0	80	FUN_71000037e0		d	a	0		undefined FUN_71000037e0(void)
7100003830	276	FUN_7100003830		d	a	0		undefined FUN_7100003830(void)
7100003944	148	~array	std::array<std::string,5ul>	a	a	0		undefined ~array(array<std::string,5ul> * this)
71000039e0	276	FUN_71000039e0		d	a	0		undefined FUN_71000039e0(void)
7100003b00	240	FUN_7100003b00		d	a	0		undefined FUN_7100003b00(void)
7100003bf0	20	~basic_string	std::basic_string<char,std::char_traits<char>,bex::HeapModule::Allocator_string<char>>	a	a	0		undefined ~basic_string(basic_string<char,std::char_traits<char>,bex::HeapModule::Allocator_string<char>> * this)
7100003c04	124	~array	std::array<std::basic_string<char,std::char_traits<char>,bex::HeapModule::Allocator_string<char>>,4ul>	a	a	0		undefined ~array(array<std::basic_string<char,std::char_traits<char>,bex::HeapModule::Allocator_string<char>>,4ul> * this)
7100003c80	224	FUN_7100003c80		d	a	0		undefined FUN_7100003c80(void)
7100003d60	224	FUN_7100003d60		d	a	0		undefined FUN_7100003d60(void)
7100003e40	128	FUN_7100003e40		d	a	0		undefined FUN_7100003e40(void)
7100003ec0	256	FUN_7100003ec0		d	a	0		undefined FUN_7100003ec0(void)
7100003fc0	148	~array	std::array<std::basic_string<char,std::char_traits<char>,bex::HeapModule::Allocator_string<char>>,5ul>	a	a	0		undefined ~array(array<std::basic_string<char,std::char_traits<char>,bex::HeapModule::Allocator_string<char>>,5ul> * this)
7100004060	276	FUN_7100004060		d	a	0		undefined FUN_7100004060(void)
7100004180	216	FUN_7100004180		d	a	0		undefined FUN_7100004180(void)
7100004260	216	FUN_7100004260		d	a	0		undefined FUN_7100004260(void)
7100004340	216	FUN_7100004340		d	a	0		undefined FUN_7100004340(void)
7100004420	192	FUN_7100004420		d	a	0		undefined FUN_7100004420(void)
71000044e0	100	~array	std::array<std::basic_string<char,std::char_traits<char>,bex::HeapModule::Allocator_string<char>>,3ul>	a	a	0		undefined ~array(array<std::basic_string<char,std::char_traits<char>,bex::HeapModule::Allocator_string<char>>,3ul> * this)
7100004550	296	FUN_7100004550		d	a	0		undefined FUN_7100004550(void)
7100004678	172	~array	std::array<std::array<std::basic_string<char,std::char_traits<char>,bex::HeapModule::Allocator_string<char>>,2ul>,3ul>	a	a	0		undefined ~array(array<std::array<std::basic_string<char,std::char_traits<char>,bex::HeapModule::Allocator_string<char>>,2ul>,3ul> * this)
7100004730	192	FUN_7100004730		d	a	0		undefined FUN_7100004730(void)
71000047f0	80	FUN_71000047f0		d	a	0		undefined FUN_71000047f0(void)
7100004840	80	FUN_7100004840		d	a	0		undefined FUN_7100004840(void)
7100004890	20	CameraControl	mg0110::CameraControl	a	a	0		undefined CameraControl(CameraControl * this, undefined8 * param_1)
71000048b0	1248	CreateCamera	mg0110::CameraControl	a	a	0	ST_PARTIAL	undefined CreateCamera(CameraControl * this, undefined8 * param_1)
7100004dd0	468	AddComponent<bq::ComMatter,bq::MatterType,(void*)0>	nn::bezel::Entity	a	a	0		WeakHandle AddComponent<bq::ComMatter,bq::MatterType,(void*)0>(long * param_1_00, HandlePtr * param_2, undefined4 * param_3)
7100004fb0	16	FUN_7100004fb0		d	a	0		undefined FUN_7100004fb0(void)
7100004fc0	120	Play	mg0110::CameraControl	a	a	0		undefined Play(CameraControl * this, uint param_1)
7100005038	76	Skip	mg0110::CameraControl	a	a	0		undefined Skip(CameraControl * this)
7100005084	84	SetFixedToFirstFrame	mg0110::CameraControl	a	a	0		undefined SetFixedToFirstFrame(CameraControl * this)
71000050d8	60	IsFinished	mg0110::CameraControl	a	a	0		undefined IsFinished(CameraControl * this)
7100005114	12	NnDetailBezelGetTypeDesc	nn::bezel::StringViewHashPair	a	a	0		undefined * NnDetailBezelGetTypeDesc(void)
7100005120	4	NnDetailBezelGetThisPtr	nn::bezel::StringViewHashPair	a	a	0		undefined NnDetailBezelGetThisPtr(void)
7100005124	4	NnDetailBezelGetThisPtrConst	nn::bezel::StringViewHashPair	a	a	0		undefined NnDetailBezelGetThisPtrConst(void)
7100005128	20	IsDerivedFrom	nn::bezel::detail::StaticTypeDesc<nn::bezel::StringViewHashPair,true>	a	a	0		bool IsDerivedFrom(undefined * param_1)
710000513c	8	GetBaseTypeDesc	nn::bezel::detail::StaticTypeDesc<nn::bezel::StringViewHashPair,true>	a	a	0		undefined8 GetBaseTypeDesc(void)
7100005144	8	GetNextBaseTypeDesc	nn::bezel::detail::StaticTypeDesc<nn::bezel::StringViewHashPair,true>	a	a	0		undefined8 GetNextBaseTypeDesc(void)
710000514c	8	CastTo	nn::bezel::detail::StaticTypeDesc<nn::bezel::StringViewHashPair,true>	a	a	0		undefined8 CastTo(undefined8 param_1, undefined8 param_2)
7100005154	8	CastToConst	nn::bezel::detail::StaticTypeDesc<nn::bezel::StringViewHashPair,true>	a	a	0		undefined8 CastToConst(undefined8 param_1, undefined8 param_2)
710000515c	408	append	std::basic_string<char,std::char_traits<char>,bex::HeapModule::Allocator_string<char>>	a	a	0		basic_string<char,std::char_traits<char>,bex::HeapModule::Allocator_string<char>> * append(basic_string<char,std::char_traits<char>,bex::HeapModule::Allocator_string<char>> * this, void * param_1, ulong param_2)
71000052f4	20	FUN_71000052f4		d	a	0		undefined FUN_71000052f4(void)
7100005310	80	FUN_7100005310		d	a	0		undefined FUN_7100005310(char * param_1)
7100005360	48	FUN_7100005360		d	a	0		undefined FUN_7100005360(logic_error * param_1, char * param_2)
7100005390	32	IsDerivedFrom	nn::bezel::detail::StaticTypeDesc<actor::ComActorMotion,false,nn::bezel::Component>	a	a	0		bool IsDerivedFrom(undefined * param_1)
71000053b0	12	GetBaseTypeDesc	nn::bezel::detail::StaticTypeDesc<actor::ComActorMotion,false,nn::bezel::Component>	a	a	0		undefined * GetBaseTypeDesc(void)
71000053bc	20	GetNextBaseTypeDesc	nn::bezel::detail::StaticTypeDesc<actor::ComActorMotion,false,nn::bezel::Component>	a	a	0		undefined * GetNextBaseTypeDesc(long param_1)
71000053d0	8	CastTo	nn::bezel::detail::StaticTypeDesc<actor::ComActorMotion,false,nn::bezel::Component>	a	a	0		undefined8 CastTo(undefined8 param_1, undefined8 param_2)
71000053d8	8	CastToConst	nn::bezel::detail::StaticTypeDesc<actor::ComActorMotion,false,nn::bezel::Component>	a	a	0		undefined8 CastToConst(undefined8 param_1, undefined8 param_2)
71000053e0	20	IsDerivedFrom	nn::bezel::detail::StaticTypeDesc<nn::bezel::Component,false>	a	a	0		bool IsDerivedFrom(undefined * param_1)
71000053f4	8	GetBaseTypeDesc	nn::bezel::detail::StaticTypeDesc<nn::bezel::Component,false>	a	a	0		undefined8 GetBaseTypeDesc(void)
71000053fc	8	GetNextBaseTypeDesc	nn::bezel::detail::StaticTypeDesc<nn::bezel::Component,false>	a	a	0		undefined8 GetNextBaseTypeDesc(void)
7100005404	8	CastTo	nn::bezel::detail::StaticTypeDesc<nn::bezel::Component,false>	a	a	0		undefined8 CastTo(undefined8 param_1, undefined8 param_2)
710000540c	8	CastToConst	nn::bezel::detail::StaticTypeDesc<nn::bezel::Component,false>	a	a	0		undefined8 CastToConst(undefined8 param_1, undefined8 param_2)
7100005414	372	SafeCreate<bq::ComMatter,nn::bezel::HandlePtr<nn::bezel::Entity>const&,bq::MatterType>	bex::ComponentUtil	a	a	0		WeakHandle SafeCreate<bq::ComMatter,nn::bezel::HandlePtr<nn::bezel::Entity>const&,bq::MatterType>(long * param_1_00, ComponentUtil * this, undefined4 * param_3)
7100005598	32	IsDerivedFrom	nn::bezel::detail::StaticTypeDesc<bq::ComMatter,false,nn::bezel::Component>	a	a	0		bool IsDerivedFrom(undefined * param_1)
71000055b8	12	GetBaseTypeDesc	nn::bezel::detail::StaticTypeDesc<bq::ComMatter,false,nn::bezel::Component>	a	a	0		undefined * GetBaseTypeDesc(void)
71000055c4	20	GetNextBaseTypeDesc	nn::bezel::detail::StaticTypeDesc<bq::ComMatter,false,nn::bezel::Component>	a	a	0		undefined * GetNextBaseTypeDesc(long param_1)
71000055d8	8	CastTo	nn::bezel::detail::StaticTypeDesc<bq::ComMatter,false,nn::bezel::Component>	a	a	0		undefined8 CastTo(undefined8 param_1, undefined8 param_2)
71000055e0	8	CastToConst	nn::bezel::detail::StaticTypeDesc<bq::ComMatter,false,nn::bezel::Component>	a	a	0		undefined8 CastToConst(undefined8 param_1, undefined8 param_2)
71000055e8	32	IsDerivedFrom	nn::bezel::detail::StaticTypeDesc<nn::bezel::ComCamera,false,nn::bezel::Component>	a	a	0		bool IsDerivedFrom(undefined * param_1)
7100005608	12	GetBaseTypeDesc	nn::bezel::detail::StaticTypeDesc<nn::bezel::ComCamera,false,nn::bezel::Component>	a	a	0		undefined * GetBaseTypeDesc(void)
7100005614	20	GetNextBaseTypeDesc	nn::bezel::detail::StaticTypeDesc<nn::bezel::ComCamera,false,nn::bezel::Component>	a	a	0		undefined * GetNextBaseTypeDesc(long param_1)
7100005628	8	CastTo	nn::bezel::detail::StaticTypeDesc<nn::bezel::ComCamera,false,nn::bezel::Component>	a	a	0		undefined8 CastTo(undefined8 param_1, undefined8 param_2)
7100005630	8	CastToConst	nn::bezel::detail::StaticTypeDesc<nn::bezel::ComCamera,false,nn::bezel::Component>	a	a	0		undefined8 CastToConst(undefined8 param_1, undefined8 param_2)
7100005638	208	FieldObjectManager	mg0110::FieldObjectManager	a	a	0		undefined FieldObjectManager(FieldObjectManager * this, undefined8 * param_1, float * param_2)
7100005708	2160	CreateStage	mg0110::FieldObjectManager	a	a	0		undefined CreateStage(FieldObjectManager * this, undefined8 * param_1)
7100005fbc	356	CreateLocater	mg0110::FieldObjectManager	a	a	0		undefined CreateLocater(FieldObjectManager * this, undefined8 * param_1)
7100006140	2420	CreateDoors	mg0110::FieldObjectManager	a	a	0		undefined CreateDoors(FieldObjectManager * this, undefined8 * param_1)
7100006b00	1492	CreateWalls	mg0110::FieldObjectManager	a	a	0		undefined CreateWalls(FieldObjectManager * this, undefined8 * param_1)
7100007130	1220	CreateKeys	mg0110::FieldObjectManager	a	a	0	ST_PARTIAL	undefined CreateKeys(FieldObjectManager * this, undefined8 * param_1, float * param_2)
7100007640	912	CreatePeepas	mg0110::FieldObjectManager	a	a	0		undefined CreatePeepas(FieldObjectManager * this, undefined8 * param_1, float * param_2)
7100007a30	416	Clean	mg0110::FieldObjectManager	a	a	0		undefined Clean(FieldObjectManager * this)
7100007be0	468	AddComponent<bq::ComMatter,char_const*,(void*)0>	nn::bezel::Entity	a	a	0		WeakHandle AddComponent<bq::ComMatter,char_const*,(void*)0>(long * param_1_00, HandlePtr * param_2, undefined8 * param_3)
7100007dc0	468	AddComponent<bq::ComMatter,char*,(void*)0>	nn::bezel::Entity	a	a	0		WeakHandle AddComponent<bq::ComMatter,char*,(void*)0>(long * param_1_00, HandlePtr * param_2, undefined8 * param_3)
7100007f9c	220	LotteryDoorKeyIndex	mg0110::FieldObjectManager	a	a	0	ST_PARTIAL	undefined1[16] LotteryDoorKeyIndex(void)
7100008080	320	FUN_7100008080		d	a	0		undefined FUN_7100008080(long * param_1, ulong param_2)
71000081c0	324	make_shared<mg0110::Door,nn::bezel::WeakHandle<nn::bezel::Entity>&,std::basic_string<char,std::char_traits<char>,bex::HeapModule::Allocator_string<char>>>	wl	a	a	0		shared_ptr make_shared<mg0110::Door,nn::bezel::WeakHandle<nn::bezel::Entity>&,std::basic_string<char,std::char_traits<char>,bex::HeapModule::Allocator_string<char>>>(undefined8 * param_1_00, wl * this, ulong * param_3)
7100008380	320	FUN_7100008380		d	a	0		undefined FUN_7100008380(long * param_1, ulong param_2)
71000084c0	296	Visibility	wl::_Interface_Based_Model	a	a	0		undefined Visibility(long param_1)
71000085f0	416	FUN_71000085f0		d	a	0		undefined FUN_71000085f0(long * param_1, ulong param_2)
7100008790	200	Load	mg0110::util::IBLTextures	a	a	0	ST_ANALYZED	undefined Load(IBLTextures * this, byte * param_1, byte * param_2)
7100008860	416	FUN_7100008860		d	a	0		undefined FUN_7100008860(long * param_1, ulong param_2)
7100008a00	156	GetLocaterMatrix	mg0110::FieldObjectManager	a	a	0		undefined1[16] GetLocaterMatrix(long param_1)
7100008a9c	156	GetLocaterPosition	mg0110::FieldObjectManager	a	a	0		undefined1[16] GetLocaterPosition(long param_1)
7100008b40	640	GetKeyUnselectLeavingRoutePositions	mg0110::FieldObjectManager	a	a	0		undefined GetKeyUnselectLeavingRoutePositions(long * param_1, long param_2)
7100008dd0	1936	GetDoorUnselectLeavingRoutePositions	mg0110::FieldObjectManager	a	a	0		undefined GetDoorUnselectLeavingRoutePositions(long * param_1, long param_2, uint param_3)
7100009560	2132	GetLeavingRoutePositions	mg0110::FieldObjectManager	a	a	0		undefined GetLeavingRoutePositions(long * param_1, long param_2, uint param_3)
7100009dc0	1000	AppearKeys	mg0110::FieldObjectManager	a	a	0		undefined AppearKeys(FieldObjectManager * this, long * param_1)
710000a1ac	48	Position	wl::Unique_Entity	a	a	0		undefined Position(long param_1)
710000a1e0	264	PlayFxTrigger	mg0110::PlayerComponent	a	a	0	ST_PARTIAL	undefined PlayFxTrigger(long param_1)
710000a2f0	832	SkipOpening	mg0110::FieldObjectManager	a	a	0		undefined SkipOpening(FieldObjectManager * this)
710000a640	768	PlayDoorOpen	mg0110::FieldObjectManager	a	a	0		undefined PlayDoorOpen(undefined1[16] param_1_00, undefined1[16] param_2_00, undefined1[16] param_3_00, undefined1[16] param_4, FieldObjectManager * this, uint param_6, uint param_7, long * param_8)
710000a960	496	PlayDoorNotOpen	mg0110::FieldObjectManager	a	a	0		undefined PlayDoorNotOpen(FieldObjectManager * this, uint param_1, uint param_2)
710000ab70	984	PlayAppearWall	mg0110::FieldObjectManager	a	a	0		undefined PlayAppearWall(FieldObjectManager * this, uint param_1, long * param_2)
710000af50	380	GetUnusedKeys	mg0110::FieldObjectManager	a	a	0	ST_ANALYZED	undefined GetUnusedKeys(long * param_1, long param_2)
710000b0d0	480	GetUncorrectKeys	mg0110::FieldObjectManager	a	a	0	ST_ANALYZED	undefined GetUncorrectKeys(long * param_1, long param_2)
710000b2b0	380	GetClosedDoors	mg0110::FieldObjectManager	a	a	0		undefined GetClosedDoors(long * param_1, long param_2)
710000b430	104	AnyClosedDoors	mg0110::FieldObjectManager	a	a	0		bool AnyClosedDoors(FieldObjectManager * this)
710000b4a0	104	IsOpendAllDoors	mg0110::FieldObjectManager	a	a	0		bool IsOpendAllDoors(FieldObjectManager * this)
710000b510	1732	PlayOpeningPeepas	mg0110::FieldObjectManager	a	a	0		undefined PlayOpeningPeepas(undefined1[16] param_1, undefined1[16] param_2, undefined1[16] param_3, undefined1[16] param_4, long param_5)
710000bbf0	360	Add	mg0110::util::FiberComposite	a	a	0		undefined Add(undefined8 * param_1_00, long * param_2, function * param_3, basic_string_view * param_4, int param_5)
710000bd70	1836	PlayDoorPeepas	mg0110::FieldObjectManager	a	a	0		undefined PlayDoorPeepas(undefined1[16] param_1, undefined1[16] param_2, undefined1[16] param_3, undefined1[16] param_4, long param_5, uint param_6, undefined8 * param_7)
710000c4b0	1444	PlayTakeKeyAway	mg0110::FieldObjectManager	a	a	0	ST_PARTIAL	undefined PlayTakeKeyAway(FieldObjectManager * this, uint param_1)
710000ca88	84	Position	wl::Unique_Entity	a	a	0		undefined1[16] Position(Unique_Entity * this)
710000cae0	548	SetHiddenThings	mg0110::FieldObjectManager	a	a	0		undefined SetHiddenThings(FieldObjectManager * this)
710000cd0c	108	SetModelToResult	mg0110::FieldObjectManager	a	a	0		undefined SetModelToResult(FieldObjectManager * this, long param_1)
710000cd78	32	IsDerivedFrom	nn::bezel::detail::StaticTypeDesc<nn::bezel::ComModel,false,nn::bezel::Component>	a	a	0		bool IsDerivedFrom(undefined * param_1)
710000cd98	12	GetBaseTypeDesc	nn::bezel::detail::StaticTypeDesc<nn::bezel::ComModel,false,nn::bezel::Component>	a	a	0		undefined * GetBaseTypeDesc(void)
710000cda4	20	GetNextBaseTypeDesc	nn::bezel::detail::StaticTypeDesc<nn::bezel::ComModel,false,nn::bezel::Component>	a	a	0		undefined * GetNextBaseTypeDesc(long param_1)
710000cdb8	8	CastTo	nn::bezel::detail::StaticTypeDesc<nn::bezel::ComModel,false,nn::bezel::Component>	a	a	0		undefined8 CastTo(undefined8 param_1, undefined8 param_2)
710000cdc0	8	CastToConst	nn::bezel::detail::StaticTypeDesc<nn::bezel::ComModel,false,nn::bezel::Component>	a	a	0		undefined8 CastToConst(undefined8 param_1, undefined8 param_2)
710000cdc8	32	IsDerivedFrom	nn::bezel::detail::StaticTypeDesc<bex::ComFxTrigger,false,nn::bezel::Component>	a	a	0		bool IsDerivedFrom(undefined * param_1)
710000cde8	12	GetBaseTypeDesc	nn::bezel::detail::StaticTypeDesc<bex::ComFxTrigger,false,nn::bezel::Component>	a	a	0		undefined * GetBaseTypeDesc(void)
710000cdf4	20	GetNextBaseTypeDesc	nn::bezel::detail::StaticTypeDesc<bex::ComFxTrigger,false,nn::bezel::Component>	a	a	0		undefined * GetNextBaseTypeDesc(long param_1)
710000ce08	8	CastTo	nn::bezel::detail::StaticTypeDesc<bex::ComFxTrigger,false,nn::bezel::Component>	a	a	0		undefined8 CastTo(undefined8 param_1, undefined8 param_2)
710000ce10	8	CastToConst	nn::bezel::detail::StaticTypeDesc<bex::ComFxTrigger,false,nn::bezel::Component>	a	a	0		undefined8 CastToConst(undefined8 param_1, undefined8 param_2)
710000ce20	292	_component	wl::_Interface_Animation	a	a	0		undefined _component(long * param_1, long param_2)
710000cf88	36	~__shared_ptr_pointer	std::__shared_ptr_pointer<bex::FiberLite*,std::shared_ptr<bex::Fiber>::__shared_ptr_default_delete<bex::Fiber,bex::FiberLite>,std::allocator<bex::FiberLite>>	a	a	0		undefined ~__shared_ptr_pointer(__shared_ptr_pointer<bex::FiberLite*,std::shared_ptr<bex::Fiber>::__shared_ptr_default_delete<bex::Fiber,bex::FiberLite>,std::allocator<bex::FiberLite>> * this)
710000cfac	56	__on_zero_shared	std::__shared_ptr_pointer<bex::FiberLite*,std::shared_ptr<bex::Fiber>::__shared_ptr_default_delete<bex::Fiber,bex::FiberLite>,std::allocator<bex::FiberLite>>	a	a	0		undefined __on_zero_shared(__shared_ptr_pointer<bex::FiberLite*,std::shared_ptr<bex::Fiber>::__shared_ptr_default_delete<bex::Fiber,bex::FiberLite>,std::allocator<bex::FiberLite>> * this)
710000cfe4	4	__on_zero_shared_weak	std::__shared_ptr_pointer<bex::FiberLite*,std::shared_ptr<bex::Fiber>::__shared_ptr_default_delete<bex::Fiber,bex::FiberLite>,std::allocator<bex::FiberLite>>	a	a	0		undefined __on_zero_shared_weak(__shared_ptr_pointer<bex::FiberLite*,std::shared_ptr<bex::Fiber>::__shared_ptr_default_delete<bex::Fiber,bex::FiberLite>,std::allocator<bex::FiberLite>> * this)
710000cfe8	388	SafeCreate<bq::ComMatter,nn::bezel::HandlePtr<nn::bezel::Entity>const&,char_const*>	bex::ComponentUtil	a	a	0		WeakHandle SafeCreate<bq::ComMatter,nn::bezel::HandlePtr<nn::bezel::Entity>const&,char_const*>(long * param_1_00, ComponentUtil * this, undefined8 * param_3)
710000d17c	388	SafeCreate<bq::ComMatter,nn::bezel::HandlePtr<nn::bezel::Entity>const&,char*>	bex::ComponentUtil	a	a	0		WeakHandle SafeCreate<bq::ComMatter,nn::bezel::HandlePtr<nn::bezel::Entity>const&,char*>(long * param_1_00, ComponentUtil * this, undefined8 * param_3)
710000d310	20	FUN_710000d310		d	a	0		undefined FUN_710000d310(void)
710000d330	288	to_string<int>	bex	a	a	0		basic_string to_string<int>(long * param_1_00, int param_2)
710000d494	132	~basic_ostringstream	std::basic_ostringstream<char,std::char_traits<char>,bex::HeapModule::Allocator_string<char>>	a	a	0		undefined ~basic_ostringstream(basic_ostringstream<char,std::char_traits<char>,bex::HeapModule::Allocator_string<char>> * this)
710000d518	140	~basic_ostringstream	std::basic_ostringstream<char,std::char_traits<char>,bex::HeapModule::Allocator_string<char>>	a	a	0		undefined ~basic_ostringstream(basic_ostringstream<char,std::char_traits<char>,bex::HeapModule::Allocator_string<char>> * this)
710000d5a4	140	~basic_ostringstream	std::basic_ostringstream<char,std::char_traits<char>,bex::HeapModule::Allocator_string<char>>	a	a	0		undefined ~basic_ostringstream(basic_ostringstream<char,std::char_traits<char>,bex::HeapModule::Allocator_string<char>> * this)
710000d630	148	~basic_ostringstream	std::basic_ostringstream<char,std::char_traits<char>,bex::HeapModule::Allocator_string<char>>	a	a	0		undefined ~basic_ostringstream(basic_ostringstream<char,std::char_traits<char>,bex::HeapModule::Allocator_string<char>> * this)
710000d6c4	64	~basic_stringbuf	std::basic_stringbuf<char,std::char_traits<char>,bex::HeapModule::Allocator_string<char>>	a	a	0		undefined ~basic_stringbuf(basic_stringbuf<char,std::char_traits<char>,bex::HeapModule::Allocator_string<char>> * this)
710000d704	72	~basic_stringbuf	std::basic_stringbuf<char,std::char_traits<char>,bex::HeapModule::Allocator_string<char>>	a	a	0		undefined ~basic_stringbuf(basic_stringbuf<char,std::char_traits<char>,bex::HeapModule::Allocator_string<char>> * this)
710000d74c	280	seekoff	std::basic_stringbuf<char,std::char_traits<char>,bex::HeapModule::Allocator_string<char>>	a	a	0		undefined1[16] seekoff(basic_stringbuf<char,std::char_traits<char>,bex::HeapModule::Allocator_string<char>> * this, long param_1, int param_2, uint param_3)
710000d878	80	underflow	std::basic_stringbuf<char,std::char_traits<char>,bex::HeapModule::Allocator_string<char>>	a	a	0		ulong underflow(basic_stringbuf<char,std::char_traits<char>,bex::HeapModule::Allocator_string<char>> * this)
710000d8c8	108	pbackfail	std::basic_stringbuf<char,std::char_traits<char>,bex::HeapModule::Allocator_string<char>>	a	a	0		uint pbackfail(basic_stringbuf<char,std::char_traits<char>,bex::HeapModule::Allocator_string<char>> * this, uint param_1)
710000d934	472	overflow	std::basic_stringbuf<char,std::char_traits<char>,bex::HeapModule::Allocator_string<char>>	a	a	0		ulong overflow(basic_stringbuf<char,std::char_traits<char>,bex::HeapModule::Allocator_string<char>> * this, uint param_1)
710000db18	308	push_back	std::basic_string<char,std::char_traits<char>,bex::HeapModule::Allocator_string<char>>	a	a	0		undefined push_back(basic_string<char,std::char_traits<char>,bex::HeapModule::Allocator_string<char>> * this, basic_string<char,std::char_traits<char>,bex::HeapModule::Allocator_string<char>> param_2)
710000dc4c	404	append	std::basic_string<char,std::char_traits<char>,bex::HeapModule::Allocator_string<char>>	a	a	0		basic_string<char,std::char_traits<char>,bex::HeapModule::Allocator_string<char>> * append(basic_string<char,std::char_traits<char>,bex::HeapModule::Allocator_string<char>> * this, ulong param_1, int param_2)
710000dde0	580	str	std::basic_stringbuf<char,std::char_traits<char>,bex::HeapModule::Allocator_string<char>>	a	a	0		undefined str(long * param_1, long param_2)
710000e024	516	insert	std::basic_string<char,std::char_traits<char>,bex::HeapModule::Allocator_string<char>>	a	a	0		basic_string<char,std::char_traits<char>,bex::HeapModule::Allocator_string<char>> * insert(basic_string<char,std::char_traits<char>,bex::HeapModule::Allocator_string<char>> * this, ulong param_1, basic_string<char,std::char_traits<char>,bex::HeapModule::Allocator_string<char>> * param_2, ulong param_3)
710000e228	24	FUN_710000e228		d	a	0		undefined FUN_710000e228(void)
710000e240	80	FUN_710000e240		d	a	0		undefined FUN_710000e240(char * param_1)
710000e290	48	FUN_710000e290		d	a	0		undefined FUN_710000e290(logic_error * param_1, char * param_2)
710000e2c0	100	FUN_710000e2c0		d	a	0		undefined FUN_710000e2c0(undefined8 * param_1)
710000e324	36	~__shared_ptr_pointer	std::__shared_ptr_pointer<mg0110::Door*,std::shared_ptr<mg0110::Door>::__shared_ptr_default_delete<mg0110::Door,mg0110::Door>,std::allocator<mg0110::Door>>	a	a	0		undefined ~__shared_ptr_pointer(__shared_ptr_pointer<mg0110::Door*,std::shared_ptr<mg0110::Door>::__shared_ptr_default_delete<mg0110::Door,mg0110::Door>,std::allocator<mg0110::Door>> * this)
710000e348	96	__on_zero_shared	std::__shared_ptr_pointer<mg0110::Door*,std::shared_ptr<mg0110::Door>::__shared_ptr_default_delete<mg0110::Door,mg0110::Door>,std::allocator<mg0110::Door>>	a	a	0		undefined __on_zero_shared(__shared_ptr_pointer<mg0110::Door*,std::shared_ptr<mg0110::Door>::__shared_ptr_default_delete<mg0110::Door,mg0110::Door>,std::allocator<mg0110::Door>> * this)
710000e3a8	4	__on_zero_shared_weak	std::__shared_ptr_pointer<mg0110::Door*,std::shared_ptr<mg0110::Door>::__shared_ptr_default_delete<mg0110::Door,mg0110::Door>,std::allocator<mg0110::Door>>	a	a	0		undefined __on_zero_shared_weak(__shared_ptr_pointer<mg0110::Door*,std::shared_ptr<mg0110::Door>::__shared_ptr_default_delete<mg0110::Door,mg0110::Door>,std::allocator<mg0110::Door>> * this)
710000e3b0	868	~_Interface_FxTrigger	wl::_Interface_FxTrigger	a	a	0		undefined ~_Interface_FxTrigger(_Interface_FxTrigger * this)
710000e720	392	~_Interface_Based_Model	wl::_Interface_Based_Model	a	a	0		undefined ~_Interface_Based_Model(_Interface_Based_Model * this)
710000e8b0	192	destroy	std::__tree<std::__value_type<std::basic_string<char,std::char_traits<char>,bex::HeapModule::Allocator_string<char>>,bex::vector<std::function<void(bex::FxtCallbackParam_UserTrigger_const&)>>>,std::__map_value_compare<std::basic_string<char,std::char_traits<char>,bex::HeapModule::Allocator_string<char>>,std::__value_type<std::basic_string<char,std::char_traits<char>,bex::HeapModule::Allocator_string<char>>,bex::vector<std::function<void(bex::FxtCallbackParam_UserTrigger_const&)>>>,std::less<std::basic_string<char,std::char_traits<char>,bex::HeapModule::Allocator_string<char>>>,true>,bex::HeapModule::Allocator_map<std::__value_type<std::basic_string<char,std::char_traits<char>,bex::HeapModule::Allocator_string<char>>,bex::vector<std::function<void(bex::FxtCallbackParam_UserTrigger_const&)>>>>>	a	a	0		undefined destroy(__tree<std::__value_type<std::basic_string<char,std::char_traits<char>,bex::HeapModule::Allocator_string<char>>,bex::vector<std::function<void(bex::FxtCallbackParam_UserTrigger_const&)>>>,std::__map_value_compare<std::basic_string<char,std::char_traits<char>,bex::HeapModule::Allocator_string<char>>,std::__value_type<std::basic_string<char,std::char_traits<char>,bex::HeapModule::Allocator_string<char>>,bex::vector<std::function<void(bex::FxtCallbackParam_UserTrigger_const&)>>>,std::less<std::basic_string<char,std::char_traits<char>,bex::HeapModule::Allocator_string<char>>>,true>,bex::HeapModule::Allocator_map<std::__value_type<std::basic_string<char,std::char_traits<char>,bex::HeapModule::Allocator_string<char>>,bex::vector<std::function<void(bex::FxtCallbackParam_UserTrigger_const&)>>>>> * this, undefined8 * param_1)
710000e970	96	destroy	std::__tree<std::__value_type<std::basic_string<char,std::char_traits<char>,bex::HeapModule::Allocator_string<char>>,bex::vector<wl::vibration>>,std::__map_value_compare<std::basic_string<char,std::char_traits<char>,bex::HeapModule::Allocator_string<char>>,std::__value_type<std::basic_string<char,std::char_traits<char>,bex::HeapModule::Allocator_string<char>>,bex::vector<wl::vibration>>,std::less<std::basic_string<char,std::char_traits<char>,bex::HeapModule::Allocator_string<char>>>,true>,bex::HeapModule::Allocator_map<std::__value_type<std::basic_string<char,std::char_traits<char>,bex::HeapModule::Allocator_string<char>>,bex::vector<wl::vibration>>>>	a	a	0		undefined destroy(__tree<std::__value_type<std::basic_string<char,std::char_traits<char>,bex::HeapModule::Allocator_string<char>>,bex::vector<wl::vibration>>,std::__map_value_compare<std::basic_string<char,std::char_traits<char>,bex::HeapModule::Allocator_string<char>>,std::__value_type<std::basic_string<char,std::char_traits<char>,bex::HeapModule::Allocator_string<char>>,bex::vector<wl::vibration>>,std::less<std::basic_string<char,std::char_traits<char>,bex::HeapModule::Allocator_string<char>>>,true>,bex::HeapModule::Allocator_map<std::__value_type<std::basic_string<char,std::char_traits<char>,bex::HeapModule::Allocator_string<char>>,bex::vector<wl::vibration>>>> * this, undefined8 * param_1)
710000e9d0	96	destroy	std::__tree<std::__value_type<std::basic_string<char,std::char_traits<char>,bex::HeapModule::Allocator_string<char>>,bex::vector<wl::sound>>,std::__map_value_compare<std::basic_string<char,std::char_traits<char>,bex::HeapModule::Allocator_string<char>>,std::__value_type<std::basic_string<char,std::char_traits<char>,bex::HeapModule::Allocator_string<char>>,bex::vector<wl::sound>>,std::less<std::basic_string<char,std::char_traits<char>,bex::HeapModule::Allocator_string<char>>>,true>,bex::HeapModule::Allocator_map<std::__value_type<std::basic_string<char,std::char_traits<char>,bex::HeapModule::Allocator_string<char>>,bex::vector<wl::sound>>>>	a	a	0		undefined destroy(__tree<std::__value_type<std::basic_string<char,std::char_traits<char>,bex::HeapModule::Allocator_string<char>>,bex::vector<wl::sound>>,std::__map_value_compare<std::basic_string<char,std::char_traits<char>,bex::HeapModule::Allocator_string<char>>,std::__value_type<std::basic_string<char,std::char_traits<char>,bex::HeapModule::Allocator_string<char>>,bex::vector<wl::sound>>,std::less<std::basic_string<char,std::char_traits<char>,bex::HeapModule::Allocator_string<char>>>,true>,bex::HeapModule::Allocator_map<std::__value_type<std::basic_string<char,std::char_traits<char>,bex::HeapModule::Allocator_string<char>>,bex::vector<wl::sound>>>> * this, undefined8 * param_1)
710000ea30	96	destroy	std::__tree<std::__value_type<std::basic_string<char,std::char_traits<char>,bex::HeapModule::Allocator_string<char>>,bex::vector<wl::effect>>,std::__map_value_compare<std::basic_string<char,std::char_traits<char>,bex::HeapModule::Allocator_string<char>>,std::__value_type<std::basic_string<char,std::char_traits<char>,bex::HeapModule::Allocator_string<char>>,bex::vector<wl::effect>>,std::less<std::basic_string<char,std::char_traits<char>,bex::HeapModule::Allocator_string<char>>>,true>,bex::HeapModule::Allocator_map<std::__value_type<std::basic_string<char,std::char_traits<char>,bex::HeapModule::Allocator_string<char>>,bex::vector<wl::effect>>>>	a	a	0		undefined destroy(__tree<std::__value_type<std::basic_string<char,std::char_traits<char>,bex::HeapModule::Allocator_string<char>>,bex::vector<wl::effect>>,std::__map_value_compare<std::basic_string<char,std::char_traits<char>,bex::HeapModule::Allocator_string<char>>,std::__value_type<std::basic_string<char,std::char_traits<char>,bex::HeapModule::Allocator_string<char>>,bex::vector<wl::effect>>,std::less<std::basic_string<char,std::char_traits<char>,bex::HeapModule::Allocator_string<char>>>,true>,bex::HeapModule::Allocator_map<std::__value_type<std::basic_string<char,std::char_traits<char>,bex::HeapModule::Allocator_string<char>>,bex::vector<wl::effect>>>> * this, undefined8 * param_1)
710000ea90	84	Rotation	wl::Unique_Entity	a	a	0		undefined1[16] Rotation(Unique_Entity * this)
710000eae4	84	Scaling	wl::Unique_Entity	a	a	0		undefined1[16] Scaling(Unique_Entity * this)
710000eb38	48	Rotation	wl::Unique_Entity	a	a	0		undefined Rotation(long param_1)
710000eb68	48	Scaling	wl::Unique_Entity	a	a	0		undefined Scaling(long param_1)
710000eb98	84	Translate	wl::Unique_Entity	a	a	0		undefined Translate(Unique_Entity * this, undefined8 * param_1)
710000ebec	212	Rotate	wl::Unique_Entity	a	a	0		undefined Rotate(Unique_Entity * this, undefined1[12] * param_1)
710000ecc0	352	Attach_Offset_Position	wl::_Interface_Based_Model	a	a	0		undefined1[16] Attach_Offset_Position(_Interface_Based_Model * this)
710000ee30	352	Attach_Offset_Rotation	wl::_Interface_Based_Model	a	a	0		undefined1[16] Attach_Offset_Rotation(_Interface_Based_Model * this)
710000efa0	352	Attach_Offset_Scaling	wl::_Interface_Based_Model	a	a	0		undefined1[16] Attach_Offset_Scaling(_Interface_Based_Model * this)
710000f110	304	Attach_Offset_Position	wl::_Interface_Based_Model	a	a	0		undefined Attach_Offset_Position(_Interface_Based_Model * this, undefined8 * param_1)
710000f250	304	Attach_Offset_Rotation	wl::_Interface_Based_Model	a	a	0		undefined Attach_Offset_Rotation(_Interface_Based_Model * this, undefined8 * param_1)
710000f390	304	Attach_Offset_Scaling	wl::_Interface_Based_Model	a	a	0		undefined Attach_Offset_Scaling(_Interface_Based_Model * this, undefined8 * param_1)
710000f4d0	92	~Unique_Entity	wl::Unique_Entity	a	a	0		undefined ~Unique_Entity(Unique_Entity * this)
710000f530	124	~Unique_Entity	wl::Unique_Entity	a	a	0		undefined ~Unique_Entity(Unique_Entity * this)
710000f5ac	32	IsDerivedFrom	nn::bezel::detail::StaticTypeDesc<nn::bezel::ComAttachment,false,nn::bezel::Component>	a	a	0		bool IsDerivedFrom(undefined * param_1)
710000f5cc	12	GetBaseTypeDesc	nn::bezel::detail::StaticTypeDesc<nn::bezel::ComAttachment,false,nn::bezel::Component>	a	a	0		undefined * GetBaseTypeDesc(void)
710000f5d8	20	GetNextBaseTypeDesc	nn::bezel::detail::StaticTypeDesc<nn::bezel::ComAttachment,false,nn::bezel::Component>	a	a	0		undefined * GetNextBaseTypeDesc(long param_1)
710000f5ec	8	CastTo	nn::bezel::detail::StaticTypeDesc<nn::bezel::ComAttachment,false,nn::bezel::Component>	a	a	0		undefined8 CastTo(undefined8 param_1, undefined8 param_2)
710000f5f4	8	CastToConst	nn::bezel::detail::StaticTypeDesc<nn::bezel::ComAttachment,false,nn::bezel::Component>	a	a	0		undefined8 CastToConst(undefined8 param_1, undefined8 param_2)
710000f600	392	__push_back_slow_path<std::shared_ptr<mg0110::Door>const&>	std::vector<std::shared_ptr<mg0110::Door>,bex::HeapModule::Allocator_vector<std::shared_ptr<mg0110::Door>>>	a	a	0		void __push_back_slow_path<std::shared_ptr<mg0110::Door>const&>(vector<std::shared_ptr<mg0110::Door>,bex::HeapModule::Allocator_vector<std::shared_ptr<mg0110::Door>>> * this, undefined8 * param_1)
710000f790	20	FUN_710000f790		d	a	0		undefined FUN_710000f790(void)
710000f7a4	100	FUN_710000f7a4		d	a	0		undefined FUN_710000f7a4(undefined8 * param_1)
710000f808	36	~__shared_ptr_pointer	std::__shared_ptr_pointer<mg0110::Wall*,std::shared_ptr<mg0110::Wall>::__shared_ptr_default_delete<mg0110::Wall,mg0110::Wall>,std::allocator<mg0110::Wall>>	a	a	0		undefined ~__shared_ptr_pointer(__shared_ptr_pointer<mg0110::Wall*,std::shared_ptr<mg0110::Wall>::__shared_ptr_default_delete<mg0110::Wall,mg0110::Wall>,std::allocator<mg0110::Wall>> * this)
710000f82c	96	__on_zero_shared	std::__shared_ptr_pointer<mg0110::Wall*,std::shared_ptr<mg0110::Wall>::__shared_ptr_default_delete<mg0110::Wall,mg0110::Wall>,std::allocator<mg0110::Wall>>	a	a	0		undefined __on_zero_shared(__shared_ptr_pointer<mg0110::Wall*,std::shared_ptr<mg0110::Wall>::__shared_ptr_default_delete<mg0110::Wall,mg0110::Wall>,std::allocator<mg0110::Wall>> * this)
710000f88c	4	__on_zero_shared_weak	std::__shared_ptr_pointer<mg0110::Wall*,std::shared_ptr<mg0110::Wall>::__shared_ptr_default_delete<mg0110::Wall,mg0110::Wall>,std::allocator<mg0110::Wall>>	a	a	0		undefined __on_zero_shared_weak(__shared_ptr_pointer<mg0110::Wall*,std::shared_ptr<mg0110::Wall>::__shared_ptr_default_delete<mg0110::Wall,mg0110::Wall>,std::allocator<mg0110::Wall>> * this)
710000f890	392	__push_back_slow_path<std::shared_ptr<mg0110::Wall>const&>	std::vector<std::shared_ptr<mg0110::Wall>,bex::HeapModule::Allocator_vector<std::shared_ptr<mg0110::Wall>>>	a	a	0		void __push_back_slow_path<std::shared_ptr<mg0110::Wall>const&>(vector<std::shared_ptr<mg0110::Wall>,bex::HeapModule::Allocator_vector<std::shared_ptr<mg0110::Wall>>> * this, undefined8 * param_1)
710000fa20	20	FUN_710000fa20		d	a	0		undefined FUN_710000fa20(void)
710000fa34	100	FUN_710000fa34		d	a	0		undefined FUN_710000fa34(undefined8 * param_1)
710000fa98	36	~__shared_ptr_pointer	std::__shared_ptr_pointer<mg0110::Key*,std::shared_ptr<mg0110::Key>::__shared_ptr_default_delete<mg0110::Key,mg0110::Key>,std::allocator<mg0110::Key>>	a	a	0		undefined ~__shared_ptr_pointer(__shared_ptr_pointer<mg0110::Key*,std::shared_ptr<mg0110::Key>::__shared_ptr_default_delete<mg0110::Key,mg0110::Key>,std::allocator<mg0110::Key>> * this)
710000fabc	96	__on_zero_shared	std::__shared_ptr_pointer<mg0110::Key*,std::shared_ptr<mg0110::Key>::__shared_ptr_default_delete<mg0110::Key,mg0110::Key>,std::allocator<mg0110::Key>>	a	a	0		undefined __on_zero_shared(__shared_ptr_pointer<mg0110::Key*,std::shared_ptr<mg0110::Key>::__shared_ptr_default_delete<mg0110::Key,mg0110::Key>,std::allocator<mg0110::Key>> * this)
710000fb1c	4	__on_zero_shared_weak	std::__shared_ptr_pointer<mg0110::Key*,std::shared_ptr<mg0110::Key>::__shared_ptr_default_delete<mg0110::Key,mg0110::Key>,std::allocator<mg0110::Key>>	a	a	0		undefined __on_zero_shared_weak(__shared_ptr_pointer<mg0110::Key*,std::shared_ptr<mg0110::Key>::__shared_ptr_default_delete<mg0110::Key,mg0110::Key>,std::allocator<mg0110::Key>> * this)
710000fb20	392	__push_back_slow_path<std::shared_ptr<mg0110::Key>const&>	std::vector<std::shared_ptr<mg0110::Key>,bex::HeapModule::Allocator_vector<std::shared_ptr<mg0110::Key>>>	a	a	0		void __push_back_slow_path<std::shared_ptr<mg0110::Key>const&>(vector<std::shared_ptr<mg0110::Key>,bex::HeapModule::Allocator_vector<std::shared_ptr<mg0110::Key>>> * this, undefined8 * param_1)
710000fcb0	20	FUN_710000fcb0		d	a	0		undefined FUN_710000fcb0(void)
710000fcc4	36	~__shared_ptr_pointer	std::__shared_ptr_pointer<mg0110::Peepa*,std::shared_ptr<mg0110::Peepa>::__shared_ptr_default_delete<mg0110::Peepa,mg0110::Peepa>,std::allocator<mg0110::Peepa>>	a	a	0		undefined ~__shared_ptr_pointer(__shared_ptr_pointer<mg0110::Peepa*,std::shared_ptr<mg0110::Peepa>::__shared_ptr_default_delete<mg0110::Peepa,mg0110::Peepa>,std::allocator<mg0110::Peepa>> * this)
710000fce8	16	__on_zero_shared	std::__shared_ptr_pointer<mg0110::Peepa*,std::shared_ptr<mg0110::Peepa>::__shared_ptr_default_delete<mg0110::Peepa,mg0110::Peepa>,std::allocator<mg0110::Peepa>>	a	a	0		undefined __on_zero_shared(__shared_ptr_pointer<mg0110::Peepa*,std::shared_ptr<mg0110::Peepa>::__shared_ptr_default_delete<mg0110::Peepa,mg0110::Peepa>,std::allocator<mg0110::Peepa>> * this)
710000fcf8	4	__on_zero_shared_weak	std::__shared_ptr_pointer<mg0110::Peepa*,std::shared_ptr<mg0110::Peepa>::__shared_ptr_default_delete<mg0110::Peepa,mg0110::Peepa>,std::allocator<mg0110::Peepa>>	a	a	0		undefined __on_zero_shared_weak(__shared_ptr_pointer<mg0110::Peepa*,std::shared_ptr<mg0110::Peepa>::__shared_ptr_default_delete<mg0110::Peepa,mg0110::Peepa>,std::allocator<mg0110::Peepa>> * this)
710000fd00	392	__push_back_slow_path<std::shared_ptr<mg0110::Peepa>const&>	std::vector<std::shared_ptr<mg0110::Peepa>,bex::HeapModule::Allocator_vector<std::shared_ptr<mg0110::Peepa>>>	a	a	0		void __push_back_slow_path<std::shared_ptr<mg0110::Peepa>const&>(vector<std::shared_ptr<mg0110::Peepa>,bex::HeapModule::Allocator_vector<std::shared_ptr<mg0110::Peepa>>> * this, undefined8 * param_1)
710000fe90	20	FUN_710000fe90		d	a	0		undefined FUN_710000fe90(void)
710000fea4	20	FUN_710000fea4		d	a	0		undefined FUN_710000fea4(void)
710000feb8	20	FUN_710000feb8		d	a	0		undefined FUN_710000feb8(void)
710000fed4	56	FUN_710000fed4		d	a	0		undefined FUN_710000fed4(long param_1)
710000ff24	4	FUN_710000ff24		d	a	0		undefined FUN_710000ff24(void)
710000ff28	4	operator.delete	<EXTERNAL>	d	a	1		void operator.delete(void * param_1)
710000ff4c	56	FUN_710000ff4c		d	a	0		undefined FUN_710000ff4c(long param_1)
710000ff9c	4	FUN_710000ff9c		d	a	0		undefined FUN_710000ff9c(void)
710000ffa0	4	operator.delete	<EXTERNAL>	d	a	1		void operator.delete(void * param_1)
710000ffc4	56	FUN_710000ffc4		d	a	0		undefined FUN_710000ffc4(long param_1)
7100010014	4	FUN_7100010014		d	a	0		undefined FUN_7100010014(void)
7100010018	4	operator.delete	<EXTERNAL>	d	a	1		void operator.delete(void * param_1)
710001003c	56	FUN_710001003c		d	a	0		undefined FUN_710001003c(long param_1)
710001008c	4	FUN_710001008c		d	a	0		undefined FUN_710001008c(void)
7100010090	4	operator.delete	<EXTERNAL>	d	a	1		void operator.delete(void * param_1)
71000100b0	100	FUN_71000100b0		d	a	0		undefined FUN_71000100b0(undefined8 * param_1)
7100010120	124	FUN_7100010120		d	a	0		undefined FUN_7100010120(undefined8 * param_1)
71000101a0	80	FUN_71000101a0		d	a	0		undefined FUN_71000101a0(long param_1)
7100010230	96	FUN_7100010230		d	a	0		undefined FUN_7100010230(long param_1)
7100010290	108	FUN_7100010290		d	a	0		undefined FUN_7100010290(void * param_1)
7100010310	100	FUN_7100010310		d	a	0		undefined FUN_7100010310(undefined8 * param_1)
7100010380	124	FUN_7100010380		d	a	0		undefined FUN_7100010380(undefined8 * param_1)
7100010400	80	FUN_7100010400		d	a	0		undefined FUN_7100010400(long param_1)
7100010490	96	FUN_7100010490		d	a	0		undefined FUN_7100010490(long param_1)
71000104f0	108	FUN_71000104f0		d	a	0		undefined FUN_71000104f0(void * param_1)
7100010570	324	Setup	mg0110::GameManager	a	a	0		undefined Setup(GameManager * this, undefined8 * param_1, float * param_2)
71000106e0	236	CreatePlayerManager	mg0110::GameManager	a	a	0		undefined CreatePlayerManager(GameManager * this, undefined8 * param_1)
71000107d0	292	SetupGameAccesser	mg0110::GameManager	a	a	0		undefined SetupGameAccesser(GameManager * this)
7100010908	8	Clean	mg0110::GameManager	a	a	0		undefined Clean(GameManager * this)
7100010910	468	AddComponent<mg0110::PlayerManagerComponent,bq::PlayerList,(void*)0>	nn::bezel::Entity	a	a	0		WeakHandle AddComponent<mg0110::PlayerManagerComponent,bq::PlayerList,(void*)0>(long * param_1_00, HandlePtr * param_2, long * param_3)
7100010aec	92	SetupGameInit	mg0110::GameManager	a	a	0		undefined SetupGameInit(GameManager * this)
7100010b48	92	SkipOpening	mg0110::GameManager	a	a	0		undefined SkipOpening(GameManager * this)
7100010ba4	108	PlayBGM	mg0110::GameManager	a	a	0		undefined PlayBGM(GameManager * this)
7100010c10	56	JumpBGM	mg0110::GameManager	a	a	0		undefined JumpBGM(undefined8 * param_1)
7100010c48	108	StopGameMain	mg0110::GameManager	a	a	0		undefined StopGameMain(GameManager * this)
7100010cb4	120	SetFinished	mg0110::GameManager	a	a	0		undefined SetFinished(GameManager * this)
7100010d30	404	SetResultToGameWork	mg0110::GameManager	a	a	0		undefined SetResultToGameWork(GameManager * this)
7100010ed0	440	CreateResultBuilder	mg0110::GameManager	a	a	0	ST_PARTIAL	undefined CreateResultBuilder(long * param_1, long param_2)
71000110a0	236	~SceneResult_Builder	wl::SceneResult_Builder	a	a	0		undefined ~SceneResult_Builder(SceneResult_Builder * this)
71000111a0	228	~SceneResult_Builder	wl::SceneResult_Builder	a	a	0		undefined ~SceneResult_Builder(SceneResult_Builder * this)
7100011290	584	__push_back_slow_path<std::function<void()>const&>	std::vector<std::function<void()>,bex::HeapModule::Allocator_vector<std::function<void()>>>	a	a	0		void __push_back_slow_path<std::function<void()>const&>(vector<std::function<void()>,bex::HeapModule::Allocator_vector<std::function<void()>>> * this, long * param_1)
71000114f0	132	FUN_71000114f0		d	a	0		undefined FUN_71000114f0(undefined8 * param_1)
7100011574	20	FUN_7100011574		d	a	0		undefined FUN_7100011574(void)
7100011588	36	~__shared_ptr_pointer	std::__shared_ptr_pointer<mg0110::CameraControl*,std::shared_ptr<mg0110::CameraControl>::__shared_ptr_default_delete<mg0110::CameraControl,mg0110::CameraControl>,std::allocator<mg0110::CameraControl>>	a	a	0		undefined ~__shared_ptr_pointer(__shared_ptr_pointer<mg0110::CameraControl*,std::shared_ptr<mg0110::CameraControl>::__shared_ptr_default_delete<mg0110::CameraControl,mg0110::CameraControl>,std::allocator<mg0110::CameraControl>> * this)
71000115ac	16	__on_zero_shared	std::__shared_ptr_pointer<mg0110::CameraControl*,std::shared_ptr<mg0110::CameraControl>::__shared_ptr_default_delete<mg0110::CameraControl,mg0110::CameraControl>,std::allocator<mg0110::CameraControl>>	a	a	0		undefined __on_zero_shared(__shared_ptr_pointer<mg0110::CameraControl*,std::shared_ptr<mg0110::CameraControl>::__shared_ptr_default_delete<mg0110::CameraControl,mg0110::CameraControl>,std::allocator<mg0110::CameraControl>> * this)
71000115bc	4	__on_zero_shared_weak	std::__shared_ptr_pointer<mg0110::CameraControl*,std::shared_ptr<mg0110::CameraControl>::__shared_ptr_default_delete<mg0110::CameraControl,mg0110::CameraControl>,std::allocator<mg0110::CameraControl>>	a	a	0		undefined __on_zero_shared_weak(__shared_ptr_pointer<mg0110::CameraControl*,std::shared_ptr<mg0110::CameraControl>::__shared_ptr_default_delete<mg0110::CameraControl,mg0110::CameraControl>,std::allocator<mg0110::CameraControl>> * this)
71000115c0	60	FUN_71000115c0		d	a	0		undefined FUN_71000115c0(undefined8 * param_1)
71000115fc	36	~__shared_ptr_pointer	std::__shared_ptr_pointer<mg0110::FieldObjectManager*,std::shared_ptr<mg0110::FieldObjectManager>::__shared_ptr_default_delete<mg0110::FieldObjectManager,mg0110::FieldObjectManager>,std::allocator<mg0110::FieldObjectManager>>	a	a	0		undefined ~__shared_ptr_pointer(__shared_ptr_pointer<mg0110::FieldObjectManager*,std::shared_ptr<mg0110::FieldObjectManager>::__shared_ptr_default_delete<mg0110::FieldObjectManager,mg0110::FieldObjectManager>,std::allocator<mg0110::FieldObjectManager>> * this)
7100011620	56	__on_zero_shared	std::__shared_ptr_pointer<mg0110::FieldObjectManager*,std::shared_ptr<mg0110::FieldObjectManager>::__shared_ptr_default_delete<mg0110::FieldObjectManager,mg0110::FieldObjectManager>,std::allocator<mg0110::FieldObjectManager>>	a	a	0		undefined __on_zero_shared(__shared_ptr_pointer<mg0110::FieldObjectManager*,std::shared_ptr<mg0110::FieldObjectManager>::__shared_ptr_default_delete<mg0110::FieldObjectManager,mg0110::FieldObjectManager>,std::allocator<mg0110::FieldObjectManager>> * this)
7100011658	4	__on_zero_shared_weak	std::__shared_ptr_pointer<mg0110::FieldObjectManager*,std::shared_ptr<mg0110::FieldObjectManager>::__shared_ptr_default_delete<mg0110::FieldObjectManager,mg0110::FieldObjectManager>,std::allocator<mg0110::FieldObjectManager>>	a	a	0		undefined __on_zero_shared_weak(__shared_ptr_pointer<mg0110::FieldObjectManager*,std::shared_ptr<mg0110::FieldObjectManager>::__shared_ptr_default_delete<mg0110::FieldObjectManager,mg0110::FieldObjectManager>,std::allocator<mg0110::FieldObjectManager>> * this)
7100011660	740	~FieldObjectManager	mg0110::FieldObjectManager	a	a	0		undefined ~FieldObjectManager(FieldObjectManager * this)
7100011960	368	SafeCreate<mg0110::PlayerManagerComponent,nn::bezel::HandlePtr<nn::bezel::Entity>const&,bq::PlayerList>	bex::ComponentUtil	a	a	0		WeakHandle SafeCreate<mg0110::PlayerManagerComponent,nn::bezel::HandlePtr<nn::bezel::Entity>const&,bq::PlayerList>(long * param_1_00, ComponentUtil * this, long * param_3)
7100011ae0	32	IsDerivedFrom	nn::bezel::detail::StaticTypeDesc<mg0110::PlayerManagerComponent,false,nn::bezel::Component>	a	a	0		bool IsDerivedFrom(undefined * param_1)
7100011b00	12	GetBaseTypeDesc	nn::bezel::detail::StaticTypeDesc<mg0110::PlayerManagerComponent,false,nn::bezel::Component>	a	a	0		undefined * GetBaseTypeDesc(void)
7100011b0c	20	GetNextBaseTypeDesc	nn::bezel::detail::StaticTypeDesc<mg0110::PlayerManagerComponent,false,nn::bezel::Component>	a	a	0		undefined * GetNextBaseTypeDesc(long param_1)
7100011b20	8	CastTo	nn::bezel::detail::StaticTypeDesc<mg0110::PlayerManagerComponent,false,nn::bezel::Component>	a	a	0		undefined8 CastTo(undefined8 param_1, undefined8 param_2)
7100011b28	8	CastToConst	nn::bezel::detail::StaticTypeDesc<mg0110::PlayerManagerComponent,false,nn::bezel::Component>	a	a	0		undefined8 CastToConst(undefined8 param_1, undefined8 param_2)
7100011b30	76	FUN_7100011b30		d	a	0		undefined FUN_7100011b30(undefined8 * param_1)
7100011b7c	36	~__shared_ptr_pointer	std::__shared_ptr_pointer<mg0110::GameAccesser*,std::shared_ptr<mg0110::GameAccesser>::__shared_ptr_default_delete<mg0110::GameAccesser,mg0110::GameAccesser>,std::allocator<mg0110::GameAccesser>>	a	a	0		undefined ~__shared_ptr_pointer(__shared_ptr_pointer<mg0110::GameAccesser*,std::shared_ptr<mg0110::GameAccesser>::__shared_ptr_default_delete<mg0110::GameAccesser,mg0110::GameAccesser>,std::allocator<mg0110::GameAccesser>> * this)
7100011ba0	72	__on_zero_shared	std::__shared_ptr_pointer<mg0110::GameAccesser*,std::shared_ptr<mg0110::GameAccesser>::__shared_ptr_default_delete<mg0110::GameAccesser,mg0110::GameAccesser>,std::allocator<mg0110::GameAccesser>>	a	a	0		undefined __on_zero_shared(__shared_ptr_pointer<mg0110::GameAccesser*,std::shared_ptr<mg0110::GameAccesser>::__shared_ptr_default_delete<mg0110::GameAccesser,mg0110::GameAccesser>,std::allocator<mg0110::GameAccesser>> * this)
7100011be8	4	__on_zero_shared_weak	std::__shared_ptr_pointer<mg0110::GameAccesser*,std::shared_ptr<mg0110::GameAccesser>::__shared_ptr_default_delete<mg0110::GameAccesser,mg0110::GameAccesser>,std::allocator<mg0110::GameAccesser>>	a	a	0		undefined __on_zero_shared_weak(__shared_ptr_pointer<mg0110::GameAccesser*,std::shared_ptr<mg0110::GameAccesser>::__shared_ptr_default_delete<mg0110::GameAccesser,mg0110::GameAccesser>,std::allocator<mg0110::GameAccesser>> * this)
7100011bf0	52	FUN_7100011bf0		d	a	0		undefined FUN_7100011bf0(long param_1)
7100011c24	24	FUN_7100011c24		d	a	0		undefined FUN_7100011c24(long param_1, undefined8 * param_2)
7100011c3c	4	FUN_7100011c3c		d	a	0		undefined FUN_7100011c3c(void)
7100011c40	4	operator.delete	<EXTERNAL>	d	a	1		void operator.delete(void * param_1)
7100011c44	76	FUN_7100011c44		d	a	0		undefined FUN_7100011c44(long param_1)
7100011c90	276	SetHiddenGameUI	mg0110::PlayerManagerComponent	a	a	0		undefined SetHiddenGameUI(PlayerManagerComponent * this)
7100011da4	360	SetSceneParam	mg0110::ParameterStorage	a	a	0	ST_PARTIAL	undefined1[16] SetSceneParam(ParameterStorage * this, long param_1)
7100011f28	4	LoadCSV	mg0110::ParameterStorage	a	a	0		undefined LoadCSV(void)
7100011f30	324	insert_or_assign[abi:v160006]<int&>	std::map<unsigned_long,int,std::less<unsigned_long>,bex::HeapModule::Allocator_map<std::pair<unsigned_long_const,int>>>	a	a	0		undefined1[16] insert_or_assign[abi:v160006]<int&>(map<unsigned_long,int,std::less<unsigned_long>,bex::HeapModule::Allocator_map<std::pair<unsigned_long_const,int>>> * this, ulong * param_1, undefined4 * param_2)
7100012080	432	__find_equal<unsigned_long>	std::__tree<std::__value_type<unsigned_long,int>,std::__map_value_compare<unsigned_long,std::__value_type<unsigned_long,int>,std::less<unsigned_long>,true>,bex::HeapModule::Allocator_map<std::__value_type<unsigned_long,int>>>	a	a	0		__tree<std::__value_type<unsigned_long,int>,std::__map_value_compare<unsigned_long,std::__value_type<unsigned_long,int>,std::less<unsigned_long>,true>,bex::HeapModule::Allocator_map<std::__value_type<unsigned_long,int>>> * __find_equal<unsigned_long>(__tree<std::__value_type<unsigned_long,int>,std::__map_value_compare<unsigned_long,std::__value_type<unsigned_long,int>,std::less<unsigned_long>,true>,bex::HeapModule::Allocator_map<std::__value_type<unsigned_long,int>>> * this, __tree<std::__value_type<unsigned_long,int>,std::__map_value_compare<unsigned_long,std::__value_type<unsigned_long,int>,std::less<unsigned_long>,true>,bex::HeapModule::Allocator_map<std::__value_type<unsigned_long,int>>> * param_1, long * param_2, __tree<std::__value_type<unsigned_long,int>,std::__map_value_compare<unsigned_long,std::__value_type<unsigned_long,int>,std::less<unsigned_long>,true>,bex::HeapModule::Allocator_map<std::__value_type<unsigned_long,int>>> * param_3, ulong * param_4)
7100012240	416	FUN_7100012240		d	a	0		undefined FUN_7100012240(long * param_1, long * param_2)
71000123f0	324	insert_or_assign[abi:v160006]<bool&>	std::map<unsigned_long,bool,std::less<unsigned_long>,bex::HeapModule::Allocator_map<std::pair<unsigned_long_const,bool>>>	a	a	0		undefined1[16] insert_or_assign[abi:v160006]<bool&>(map<unsigned_long,bool,std::less<unsigned_long>,bex::HeapModule::Allocator_map<std::pair<unsigned_long_const,bool>>> * this, ulong * param_1, map<unsigned_long,bool,std::less<unsigned_long>,bex::HeapModule::Allocator_map<std::pair<unsigned_long_const,bool>>> * param_2)
7100012540	432	__find_equal<unsigned_long>	std::__tree<std::__value_type<unsigned_long,bool>,std::__map_value_compare<unsigned_long,std::__value_type<unsigned_long,bool>,std::less<unsigned_long>,true>,bex::HeapModule::Allocator_map<std::__value_type<unsigned_long,bool>>>	a	a	0		__tree<std::__value_type<unsigned_long,bool>,std::__map_value_compare<unsigned_long,std::__value_type<unsigned_long,bool>,std::less<unsigned_long>,true>,bex::HeapModule::Allocator_map<std::__value_type<unsigned_long,bool>>> * __find_equal<unsigned_long>(__tree<std::__value_type<unsigned_long,bool>,std::__map_value_compare<unsigned_long,std::__value_type<unsigned_long,bool>,std::less<unsigned_long>,true>,bex::HeapModule::Allocator_map<std::__value_type<unsigned_long,bool>>> * this, __tree<std::__value_type<unsigned_long,bool>,std::__map_value_compare<unsigned_long,std::__value_type<unsigned_long,bool>,std::less<unsigned_long>,true>,bex::HeapModule::Allocator_map<std::__value_type<unsigned_long,bool>>> * param_1, long * param_2, __tree<std::__value_type<unsigned_long,bool>,std::__map_value_compare<unsigned_long,std::__value_type<unsigned_long,bool>,std::less<unsigned_long>,true>,bex::HeapModule::Allocator_map<std::__value_type<unsigned_long,bool>>> * param_3, ulong * param_4)
7100012700	324	insert_or_assign[abi:v160006]<float&>	std::map<unsigned_long,float,std::less<unsigned_long>,bex::HeapModule::Allocator_map<std::pair<unsigned_long_const,float>>>	a	a	0		undefined1[16] insert_or_assign[abi:v160006]<float&>(map<unsigned_long,float,std::less<unsigned_long>,bex::HeapModule::Allocator_map<std::pair<unsigned_long_const,float>>> * this, ulong * param_1, undefined4 * param_2)
7100012850	432	__find_equal<unsigned_long>	std::__tree<std::__value_type<unsigned_long,float>,std::__map_value_compare<unsigned_long,std::__value_type<unsigned_long,float>,std::less<unsigned_long>,true>,bex::HeapModule::Allocator_map<std::__value_type<unsigned_long,float>>>	a	a	0		__tree<std::__value_type<unsigned_long,float>,std::__map_value_compare<unsigned_long,std::__value_type<unsigned_long,float>,std::less<unsigned_long>,true>,bex::HeapModule::Allocator_map<std::__value_type<unsigned_long,float>>> * __find_equal<unsigned_long>(__tree<std::__value_type<unsigned_long,float>,std::__map_value_compare<unsigned_long,std::__value_type<unsigned_long,float>,std::less<unsigned_long>,true>,bex::HeapModule::Allocator_map<std::__value_type<unsigned_long,float>>> * this, __tree<std::__value_type<unsigned_long,float>,std::__map_value_compare<unsigned_long,std::__value_type<unsigned_long,float>,std::less<unsigned_long>,true>,bex::HeapModule::Allocator_map<std::__value_type<unsigned_long,float>>> * param_1, long * param_2, __tree<std::__value_type<unsigned_long,float>,std::__map_value_compare<unsigned_long,std::__value_type<unsigned_long,float>,std::less<unsigned_long>,true>,bex::HeapModule::Allocator_map<std::__value_type<unsigned_long,float>>> * param_3, ulong * param_4)
7100012a08	204	PlayerComponent	mg0110::PlayerComponent	a	a	0		undefined PlayerComponent(PlayerComponent * this, undefined8 * param_1, undefined8 * param_2)
7100012ae0	2480	CreateActor	mg0110::PlayerComponent	a	a	0		undefined CreateActor(PlayerComponent * this)
71000134b0	468	AddComponent<bq::ComMatter,bex::PlayerID,bq::MatterType,(void*)0>	nn::bezel::Entity	a	a	0		WeakHandle AddComponent<bq::ComMatter,bex::PlayerID,bq::MatterType,(void*)0>(long * param_1_00, HandlePtr * param_2, undefined4 * param_3, undefined4 * param_4)
7100013690	1692	CharacterKeyPickup	mg0110::PlayerComponent	a	a	0		undefined4 CharacterKeyPickup(undefined1[16] param_1_00, undefined1[16] param_2, undefined1[16] param_3, undefined1[16] param_4, undefined8 * param_5)
7100013d40	1512	CharacterKeyRelease	mg0110::PlayerComponent	a	a	0		undefined4 CharacterKeyRelease(undefined1[16] param_1_00, undefined1[16] param_2, undefined1[16] param_3, undefined1[16] param_4, undefined8 * param_5)
7100014330	1028	CharacterMoveTo	mg0110::PlayerComponent	a	a	0		undefined4 CharacterMoveTo(undefined8 * param_1)
7100014740	1412	CharacterRotateTo	mg0110::PlayerComponent	a	a	0		ulong CharacterRotateTo(undefined8 * param_1)
7100014ccc	28	CharacterLookAround	mg0110::PlayerComponent	a	a	0		undefined CharacterLookAround(ActionContext * param_1)
7100014ce8	28	CharacterJoy	mg0110::PlayerComponent	a	a	0		undefined CharacterJoy(ActionContext * param_1)
7100014d04	28	CharacterSorrow	mg0110::PlayerComponent	a	a	0		undefined CharacterSorrow(ActionContext * param_1)
7100014d20	28	CharacterGuts	mg0110::PlayerComponent	a	a	0		undefined CharacterGuts(ActionContext * param_1)
7100014d3c	28	CharacterSurprise	mg0110::PlayerComponent	a	a	0		undefined CharacterSurprise(ActionContext * param_1)
7100014d58	276	CharacterLookOut	mg0110::PlayerComponent	a	a	0		undefined8 CharacterLookOut(undefined8 * param_1)
7100014e6c	12	ReceiveMessageImpl	mg0110::PlayerComponent	a	a	0		undefined ReceiveMessageImpl(undefined4 * param_1)
7100014e78	12	ReceiveMessageImpl	mg0110::PlayerComponent	a	a	0		undefined ReceiveMessageImpl(undefined4 * param_1)
7100014e90	260	IsNoMoveEye	mg0110::PlayerComponent	a	a	0		uint IsNoMoveEye(PlayerComponent * this)
7100014f9c	128	SetPosition	mg0110::PlayerComponent	a	a	0		undefined SetPosition(long param_1)
710001501c	60	SetAngle	mg0110::PlayerComponent	a	a	0		undefined SetAngle(long param_1)
7100015058	164	MoveToPosition	mg0110::PlayerComponent	a	a	0		undefined MoveToPosition(PlayerComponent * this, vector<nn::util::Vector3f,bex::HeapModule::Allocator_vector<nn::util::Vector3f>> * param_1)
7100015100	188	MoveToPosition	mg0110::PlayerComponent	a	a	0		undefined MoveToPosition(PlayerComponent * this, vector<nn::util::Vector3f,bex::HeapModule::Allocator_vector<nn::util::Vector3f>> * param_1, undefined8 * param_2)
71000151c0	128	RotateToAngle	mg0110::PlayerComponent	a	a	0		undefined RotateToAngle(PlayerComponent * this, undefined8 * param_1)
7100015240	192	ScaleOut	mg0110::PlayerComponent	a	a	0		undefined ScaleOut(PlayerComponent * this)
7100015300	108	PlayIdle	mg0110::PlayerComponent	a	a	0		undefined PlayIdle(PlayerComponent * this)
7100015370	168	PlayKeyPickup	mg0110::PlayerComponent	a	a	0		undefined PlayKeyPickup(PlayerComponent * this, undefined8 * param_1)
7100015418	140	PlayKeyRelease	mg0110::PlayerComponent	a	a	0		undefined PlayKeyRelease(PlayerComponent * this, undefined8 * param_1, undefined8 * param_2)
71000154b0	992	DisappearsKey	mg0110::PlayerComponent	a	a	0		undefined DisappearsKey(PlayerComponent * this)
7100015898	236	Detach	wl::_Interface_Based_Model	a	a	0		undefined Detach(_Interface_Based_Model * this)
7100015984	108	PlayLookAround	mg0110::PlayerComponent	a	a	0		undefined PlayLookAround(PlayerComponent * this)
71000159f0	108	PlayJoy	mg0110::PlayerComponent	a	a	0		undefined PlayJoy(PlayerComponent * this)
7100015a5c	108	PlaySorrow	mg0110::PlayerComponent	a	a	0		undefined PlaySorrow(PlayerComponent * this)
7100015ac8	108	PlayGuts	mg0110::PlayerComponent	a	a	0		undefined PlayGuts(PlayerComponent * this)
7100015b34	108	PlaySurprise	mg0110::PlayerComponent	a	a	0		undefined PlaySurprise(PlayerComponent * this)
7100015ba0	108	PlayLookOut	mg0110::PlayerComponent	a	a	0		undefined PlayLookOut(PlayerComponent * this)
7100015c0c	16	SetEscape	mg0110::PlayerComponent	a	a	0		undefined SetEscape(PlayerComponent * this, undefined4 param_1)
7100015c20	308	make_shared<wl::Bone,nn::bezel::HandlePtr<nn::bezel::ComModel>,char_const(&)[14]>	wl	a	a	0		shared_ptr make_shared<wl::Bone,nn::bezel::HandlePtr<nn::bezel::ComModel>,char_const(&)[14]>(undefined8 * param_1_00, wl * this, char * param_3)
7100015d70	300	AnimationName	actor::MotionArg	a	a	0		MotionArg * AnimationName(MotionArg * this, long param_1)
7100015ea0	12	NnDetailBezelGetTypeDesc	mg0110::PlayerComponent	a	a	0		undefined * NnDetailBezelGetTypeDesc(void)
7100015eac	4	NnDetailBezelGetThisPtr	mg0110::PlayerComponent	a	a	0		undefined NnDetailBezelGetThisPtr(void)
7100015eb0	4	NnDetailBezelGetThisPtrConst	mg0110::PlayerComponent	a	a	0		undefined NnDetailBezelGetThisPtrConst(void)
7100015ec0	324	~PlayerComponent	mg0110::PlayerComponent	a	a	0		undefined ~PlayerComponent(PlayerComponent * this)
7100016004	36	~PlayerComponent	mg0110::PlayerComponent	a	a	0		undefined ~PlayerComponent(PlayerComponent * this)
7100016028	64	DestroyComponentImpl	mg0110::PlayerComponent	a	a	0		undefined DestroyComponentImpl(PlayerComponent * this)
7100016068	16	_internalGetTickMessageBitFlagSetImpl	mg0110::PlayerComponent	a	a	0		undefined4 _internalGetTickMessageBitFlagSetImpl(void)
7100016078	20	_internalGetComponentNameHashImpl	mg0110::PlayerComponent	a	a	0		undefined8 _internalGetComponentNameHashImpl(void)
710001608c	8	_internalGetReceiveMessagePriorityImpl	mg0110::PlayerComponent	a	a	0		undefined8 _internalGetReceiveMessagePriorityImpl(void)
7100016094	12	NnDetailBezelGetTypeDesc	mg0110::PlayerComponent	a	a	0		undefined * NnDetailBezelGetTypeDesc(void)
71000160a0	8	NnDetailBezelGetThisPtr	mg0110::PlayerComponent	a	a	0		PlayerComponent * NnDetailBezelGetThisPtr(PlayerComponent * this)
71000160a8	8	NnDetailBezelGetThisPtrConst	mg0110::PlayerComponent	a	a	0		PlayerComponent * NnDetailBezelGetThisPtrConst(PlayerComponent * this)
71000160b0	8	~PlayerComponent	mg0110::PlayerComponent	a	a	0		undefined ~PlayerComponent(PlayerComponent * this)
71000160b8	40	~PlayerComponent	mg0110::PlayerComponent	a	a	0		undefined ~PlayerComponent(PlayerComponent * this)
71000160e0	392	assign<nn::util::Vector3f*,0>	std::vector<nn::util::Vector3f,bex::HeapModule::Allocator_vector<nn::util::Vector3f>>	a	a	0		undefined8 * assign<nn::util::Vector3f*,0>(vector<nn::util::Vector3f,bex::HeapModule::Allocator_vector<nn::util::Vector3f>> * this, undefined8 * param_1, undefined8 * param_2)
7100016268	32	IsDerivedFrom	nn::bezel::detail::StaticTypeDesc<wl::ComBoneVisibilityInherit,false,nn::bezel::Component>	a	a	0		bool IsDerivedFrom(undefined * param_1)
7100016288	12	GetBaseTypeDesc	nn::bezel::detail::StaticTypeDesc<wl::ComBoneVisibilityInherit,false,nn::bezel::Component>	a	a	0		undefined * GetBaseTypeDesc(void)
7100016294	20	GetNextBaseTypeDesc	nn::bezel::detail::StaticTypeDesc<wl::ComBoneVisibilityInherit,false,nn::bezel::Component>	a	a	0		undefined * GetNextBaseTypeDesc(long param_1)
71000162a8	8	CastTo	nn::bezel::detail::StaticTypeDesc<wl::ComBoneVisibilityInherit,false,nn::bezel::Component>	a	a	0		undefined8 CastTo(undefined8 param_1, undefined8 param_2)
71000162b0	8	CastToConst	nn::bezel::detail::StaticTypeDesc<wl::ComBoneVisibilityInherit,false,nn::bezel::Component>	a	a	0		undefined8 CastToConst(undefined8 param_1, undefined8 param_2)
71000162c0	480	AddComponent<nn::bezel::ComAttachment,,(void*)0>	nn::bezel::Entity	a	a	0		WeakHandle AddComponent<nn::bezel::ComAttachment,,(void*)0>(long * param_1, HandlePtr * param_2)
71000164b0	360	Reset	nn::bezel::HandleSource<nn::bezel::Component>	a	a	0		undefined Reset(HandleSource<nn::bezel::Component> * this, long param_1)
7100016618	32	IsDerivedFrom	nn::bezel::detail::StaticTypeDesc<mg0110::PlayerComponent,false,nn::bezel::Component>	a	a	0		bool IsDerivedFrom(undefined * param_1)
7100016638	12	GetBaseTypeDesc	nn::bezel::detail::StaticTypeDesc<mg0110::PlayerComponent,false,nn::bezel::Component>	a	a	0		undefined * GetBaseTypeDesc(void)
7100016644	20	GetNextBaseTypeDesc	nn::bezel::detail::StaticTypeDesc<mg0110::PlayerComponent,false,nn::bezel::Component>	a	a	0		undefined * GetNextBaseTypeDesc(long param_1)
7100016658	8	CastTo	nn::bezel::detail::StaticTypeDesc<mg0110::PlayerComponent,false,nn::bezel::Component>	a	a	0		undefined8 CastTo(undefined8 param_1, undefined8 param_2)
7100016660	8	CastToConst	nn::bezel::detail::StaticTypeDesc<mg0110::PlayerComponent,false,nn::bezel::Component>	a	a	0		undefined8 CastToConst(undefined8 param_1, undefined8 param_2)
7100016668	32	IsDerivedFrom	nn::bezel::detail::StaticTypeDesc<bex::gfx::ComModelBuffer,false,nn::bezel::Component>	a	a	0		bool IsDerivedFrom(undefined * param_1)
7100016688	12	GetBaseTypeDesc	nn::bezel::detail::StaticTypeDesc<bex::gfx::ComModelBuffer,false,nn::bezel::Component>	a	a	0		undefined * GetBaseTypeDesc(void)
7100016694	20	GetNextBaseTypeDesc	nn::bezel::detail::StaticTypeDesc<bex::gfx::ComModelBuffer,false,nn::bezel::Component>	a	a	0		undefined * GetNextBaseTypeDesc(long param_1)
71000166a8	8	CastTo	nn::bezel::detail::StaticTypeDesc<bex::gfx::ComModelBuffer,false,nn::bezel::Component>	a	a	0		undefined8 CastTo(undefined8 param_1, undefined8 param_2)
71000166b0	8	CastToConst	nn::bezel::detail::StaticTypeDesc<bex::gfx::ComModelBuffer,false,nn::bezel::Component>	a	a	0		undefined8 CastToConst(undefined8 param_1, undefined8 param_2)
71000166b8	384	SafeCreate<bq::ComMatter,nn::bezel::HandlePtr<nn::bezel::Entity>const&,bex::PlayerID,bq::MatterType>	bex::ComponentUtil	a	a	0		WeakHandle SafeCreate<bq::ComMatter,nn::bezel::HandlePtr<nn::bezel::Entity>const&,bex::PlayerID,bq::MatterType>(long * param_1_00, ComponentUtil * this, undefined4 * param_3, undefined4 * param_4)
7100016848	32	IsDerivedFrom	nn::bezel::detail::StaticTypeDesc<actor::ComActor,false,nn::bezel::Component>	a	a	0		bool IsDerivedFrom(undefined * param_1)
7100016868	12	GetBaseTypeDesc	nn::bezel::detail::StaticTypeDesc<actor::ComActor,false,nn::bezel::Component>	a	a	0		undefined * GetBaseTypeDesc(void)
7100016874	20	GetNextBaseTypeDesc	nn::bezel::detail::StaticTypeDesc<actor::ComActor,false,nn::bezel::Component>	a	a	0		undefined * GetNextBaseTypeDesc(long param_1)
7100016888	8	CastTo	nn::bezel::detail::StaticTypeDesc<actor::ComActor,false,nn::bezel::Component>	a	a	0		undefined8 CastTo(undefined8 param_1, undefined8 param_2)
7100016890	8	CastToConst	nn::bezel::detail::StaticTypeDesc<actor::ComActor,false,nn::bezel::Component>	a	a	0		undefined8 CastToConst(undefined8 param_1, undefined8 param_2)
7100016898	4	~__func	std::__function::__func<actor::ActionStatus(*)(actor::ActionContext_const&)noexcept,std::allocator<actor::ActionStatus(*)(actor::ActionContext_const&)noexcept>,actor::ActionStatus(actor::ActionContext_const&)>	a	a	0		undefined ~__func(__func<actor::ActionStatus(*)(actor::ActionContext_const&)noexcept,std::allocator<actor::ActionStatus(*)(actor::ActionContext_const&)noexcept>,actor::ActionStatus(actor::ActionContext_const&)> * this)
710001689c	56	__clone	std::__function::__func<actor::ActionStatus(*)(actor::ActionContext_const&)noexcept,std::allocator<actor::ActionStatus(*)(actor::ActionContext_const&)noexcept>,actor::ActionStatus(actor::ActionContext_const&)>	a	a	0		undefined __clone(__func<actor::ActionStatus(*)(actor::ActionContext_const&)noexcept,std::allocator<actor::ActionStatus(*)(actor::ActionContext_const&)noexcept>,actor::ActionStatus(actor::ActionContext_const&)> * this)
71000168d4	28	__clone	std::__function::__func<actor::ActionStatus(*)(actor::ActionContext_const&)noexcept,std::allocator<actor::ActionStatus(*)(actor::ActionContext_const&)noexcept>,actor::ActionStatus(actor::ActionContext_const&)>	a	a	0		undefined __clone(__func<actor::ActionStatus(*)(actor::ActionContext_const&)noexcept,std::allocator<actor::ActionStatus(*)(actor::ActionContext_const&)noexcept>,actor::ActionStatus(actor::ActionContext_const&)> * this, long * param_1)
71000168f0	4	destroy	std::__function::__func<actor::ActionStatus(*)(actor::ActionContext_const&)noexcept,std::allocator<actor::ActionStatus(*)(actor::ActionContext_const&)noexcept>,actor::ActionStatus(actor::ActionContext_const&)>	a	a	0		undefined destroy(void)
71000168f4	4	destroy_deallocate	std::__function::__func<actor::ActionStatus(*)(actor::ActionContext_const&)noexcept,std::allocator<actor::ActionStatus(*)(actor::ActionContext_const&)noexcept>,actor::ActionStatus(actor::ActionContext_const&)>	a	a	0		undefined destroy_deallocate(__func<actor::ActionStatus(*)(actor::ActionContext_const&)noexcept,std::allocator<actor::ActionStatus(*)(actor::ActionContext_const&)noexcept>,actor::ActionStatus(actor::ActionContext_const&)> * this)
71000168f8	12	operator()	std::__function::__func<actor::ActionStatus(*)(actor::ActionContext_const&)noexcept,std::allocator<actor::ActionStatus(*)(actor::ActionContext_const&)noexcept>,actor::ActionStatus(actor::ActionContext_const&)>	a	a	0		undefined operator()(__func<actor::ActionStatus(*)(actor::ActionContext_const&)noexcept,std::allocator<actor::ActionStatus(*)(actor::ActionContext_const&)noexcept>,actor::ActionStatus(actor::ActionContext_const&)> * this, undefined8 param_1)
7100016908	32	IsDerivedFrom	nn::bezel::detail::StaticTypeDesc<bq::ComCharacterParam,false,nn::bezel::Component>	a	a	0		bool IsDerivedFrom(undefined * param_1)
7100016928	12	GetBaseTypeDesc	nn::bezel::detail::StaticTypeDesc<bq::ComCharacterParam,false,nn::bezel::Component>	a	a	0		undefined * GetBaseTypeDesc(void)
7100016934	20	GetNextBaseTypeDesc	nn::bezel::detail::StaticTypeDesc<bq::ComCharacterParam,false,nn::bezel::Component>	a	a	0		undefined * GetNextBaseTypeDesc(long param_1)
7100016948	8	CastTo	nn::bezel::detail::StaticTypeDesc<bq::ComCharacterParam,false,nn::bezel::Component>	a	a	0		undefined8 CastTo(undefined8 param_1, undefined8 param_2)
7100016950	8	CastToConst	nn::bezel::detail::StaticTypeDesc<bq::ComCharacterParam,false,nn::bezel::Component>	a	a	0		undefined8 CastToConst(undefined8 param_1, undefined8 param_2)
7100016958	312	Bone	wl::Bone	a	a	0		undefined Bone(Bone * this, undefined8 * param_1, byte * param_2)
7100016ad8	36	~__shared_ptr_pointer	std::__shared_ptr_pointer<wl::Bone*,std::shared_ptr<wl::Bone>::__shared_ptr_default_delete<wl::Bone,wl::Bone>,std::allocator<wl::Bone>>	a	a	0		undefined ~__shared_ptr_pointer(__shared_ptr_pointer<wl::Bone*,std::shared_ptr<wl::Bone>::__shared_ptr_default_delete<wl::Bone,wl::Bone>,std::allocator<wl::Bone>> * this)
7100016afc	64	__on_zero_shared	std::__shared_ptr_pointer<wl::Bone*,std::shared_ptr<wl::Bone>::__shared_ptr_default_delete<wl::Bone,wl::Bone>,std::allocator<wl::Bone>>	a	a	0		undefined __on_zero_shared(__shared_ptr_pointer<wl::Bone*,std::shared_ptr<wl::Bone>::__shared_ptr_default_delete<wl::Bone,wl::Bone>,std::allocator<wl::Bone>> * this)
7100016b3c	4	__on_zero_shared_weak	std::__shared_ptr_pointer<wl::Bone*,std::shared_ptr<wl::Bone>::__shared_ptr_default_delete<wl::Bone,wl::Bone>,std::allocator<wl::Bone>>	a	a	0		undefined __on_zero_shared_weak(__shared_ptr_pointer<wl::Bone*,std::shared_ptr<wl::Bone>::__shared_ptr_default_delete<wl::Bone,wl::Bone>,std::allocator<wl::Bone>> * this)
7100016b40	64	PlayerControl	mg0110::PlayerControl	a	a	0		undefined PlayerControl(PlayerControl * this)
7100016b80	20	Setup	mg0110::PlayerControl	a	a	0		undefined Setup(PlayerControl * this, undefined8 * param_1)
7100016ba0	1776	ThinkTargetKey	mg0110::PlayerControl	a	a	0	ST_PARTIAL	undefined ThinkTargetKey(PlayerControl * this, long * param_1, long * param_2, int param_3)
710001729c	176	IsDistractSelect	mg0110::PlayerControl	a	a	0	ST_ANALYZED	bool IsDistractSelect(PlayerControl * this)
7100017350	5364	GetProbabilityAgoTable	mg0110::PlayerControl	a	a	0	ST_PARTIAL	undefined GetProbabilityAgoTable(int * param_1_00, PlayerControl * param_2, long * param_3, long * param_4, int param_5)
7100018868	164	IsEasySelect	mg0110::PlayerControl	a	a	0	ST_ANALYZED	bool IsEasySelect(PlayerControl * this)
7100018910	436	format<int,int>	wl	a	a	0		char * format<int,int>(long * param_1_00, wl * this, uint * param_3, uint * param_4)
7100018ad0	1500	ThinkTargetDoor	mg0110::PlayerControl	a	a	0	ST_PARTIAL	undefined ThinkTargetDoor(PlayerControl * param_1, long * param_2, long * param_3, ulong param_4, int param_5)
71000190d0	412	format<int>	wl	a	a	0		char * format<int>(long * param_1_00, wl * this, uint * param_3)
710001926c	136	GetRemenberCount	mg0110::PlayerControl	a	a	0	ST_ANALYZED	undefined4 GetRemenberCount(PlayerControl * this)
71000192f4	136	GetProbabilityThreshold	mg0110::PlayerControl	a	a	0	ST_ANALYZED	undefined4 GetProbabilityThreshold(PlayerControl * this)
710001937c	112	GetCpuLevel	mg0110::PlayerControl	a	a	0		undefined8 GetCpuLevel(PlayerControl * this)
71000193f0	512	GetBrainTime	mg0110::PlayerControl	a	a	0	ST_ANALYZED	float GetBrainTime(PlayerControl * this)
71000195f8	144	GetControlTime	mg0110::PlayerControl	a	a	0	ST_PARTIAL	undefined4 GetControlTime(PlayerControl * this)
7100019690	424	GetDecideWaitTime	mg0110::PlayerControl	a	a	0	ST_ANALYZED	float GetDecideWaitTime(PlayerControl * this)
7100019840	236	ResetOverlayInput	mg0110::PlayerControl	a	a	0	ST_PARTIAL	undefined ResetOverlayInput(PlayerControl * this)
710001992c	524	SetOverlayInput	mg0110::PlayerControl	a	a	0	ST_PARTIAL	undefined SetOverlayInput(PlayerControl * this, int param_1)
7100019b38	20	FUN_7100019b38		d	a	0		undefined FUN_7100019b38(void)
7100019b4c	232	PlayerManagerComponent	mg0110::PlayerManagerComponent	a	a	0		undefined PlayerManagerComponent(PlayerManagerComponent * this, undefined8 * param_1, long * param_2)
7100019c34	568	CreateIBLTextures	mg0110::PlayerManagerComponent	a	a	0		undefined CreateIBLTextures(PlayerManagerComponent * this)
7100019ea0	1372	CreatePlayers	mg0110::PlayerManagerComponent	a	a	0		undefined CreatePlayers(PlayerManagerComponent * this, long * param_1)
710001a434	260	CreateTelop	mg0110::PlayerManagerComponent	a	a	0		undefined CreateTelop(PlayerManagerComponent * this)
710001a538	276	CreateTimer	mg0110::PlayerManagerComponent	a	a	0		undefined CreateTimer(PlayerManagerComponent * this)
710001a650	932	CreateSelectCursor	mg0110::PlayerManagerComponent	a	a	0		undefined CreateSelectCursor(PlayerManagerComponent * this)
710001aa10	924	CreateRouletteUI	mg0110::PlayerManagerComponent	a	a	0		undefined CreateRouletteUI(PlayerManagerComponent * this)
710001add4	180	ReceiveMessageImpl	mg0110::PlayerManagerComponent	a	a	0		undefined ReceiveMessageImpl(undefined4 * param_1_00, long param_2, long param_3)
710001ae88	156	UpdateTimer	mg0110::PlayerManagerComponent	a	a	0	ST_PARTIAL	undefined UpdateTimer(PlayerManagerComponent * this)
710001af24	180	ReceiveMessageImpl	mg0110::PlayerManagerComponent	a	a	0		undefined ReceiveMessageImpl(undefined4 * param_1_00, PlayerManagerComponent * this, long param_3)
710001afe0	468	AddComponent<mg0110::PlayerComponent,nn::bezel::WeakHandle<bq::PlayerWork>const&,(void*)0>	nn::bezel::Entity	a	a	0		WeakHandle AddComponent<mg0110::PlayerComponent,nn::bezel::WeakHandle<bq::PlayerWork>const&,(void*)0>(long * param_1_00, HandlePtr * param_2, undefined8 * param_3)
710001b1c0	468	AddComponent<bq::ComUiGenericTelop,bq::ComUiGenericTelop::UiGenericTelopType,(void*)0>	nn::bezel::Entity	a	a	0		WeakHandle AddComponent<bq::ComUiGenericTelop,bq::ComUiGenericTelop::UiGenericTelopType,(void*)0>(long * param_1_00, HandlePtr * param_2, undefined4 * param_3)
710001b3a0	468	AddComponent<bq::ComUiTimer,bq::ComUiTimer::UiTimerType,(void*)0>	nn::bezel::Entity	a	a	0		WeakHandle AddComponent<bq::ComUiTimer,bq::ComUiTimer::UiTimerType,(void*)0>(long * param_1_00, HandlePtr * param_2, undefined4 * param_3)
710001b580	468	AddComponent<bq::ComUi,char_const*,char_const(&)[19],(void*)0>	nn::bezel::Entity	a	a	0		WeakHandle AddComponent<bq::ComUi,char_const*,char_const(&)[19],(void*)0>(long * param_1_00, HandlePtr * param_2, undefined8 * param_3, char * param_4)
710001b760	468	AddComponent<bq::ComUi,char_const*,char_const(&)[24],(void*)0>	nn::bezel::Entity	a	a	0		WeakHandle AddComponent<bq::ComUi,char_const*,char_const(&)[24],(void*)0>(long * param_1_00, HandlePtr * param_2, undefined8 * param_3, char * param_4)
710001b940	468	AddComponent<bq::ComUi,char_const*,char_const(&)[22],(void*)0>	nn::bezel::Entity	a	a	0		WeakHandle AddComponent<bq::ComUi,char_const*,char_const(&)[22],(void*)0>(long * param_1_00, HandlePtr * param_2, undefined8 * param_3, char * param_4)
710001bb20	256	GetPlayer	mg0110::PlayerManagerComponent	a	a	0		PlayerManagerComponent * GetPlayer(PlayerManagerComponent * this, int * param_1)
710001bc20	616	GetPlayers	mg0110::PlayerManagerComponent	a	a	0		undefined GetPlayers(long * param_1, long param_2, long * param_3)
710001be90	3516	RoulettePlayerTurn	mg0110::PlayerManagerComponent	a	a	0	ST_PARTIAL	undefined RoulettePlayerTurn(PlayerManagerComponent * this, undefined8 param_2_00, undefined8 * param_2)
710001cd28	368	ShowTelop	mg0110::PlayerManagerComponent	a	a	0		undefined ShowTelop(PlayerManagerComponent * this)
710001cf00	224	NextPlayerTurn	mg0110::PlayerManagerComponent	a	a	0	ST_ANALYZED	undefined NextPlayerTurn(PlayerManagerComponent * this)
710001cfe0	36	GetSeekRank	mg0110::PlayerManagerComponent	a	a	0		undefined4 GetSeekRank(PlayerManagerComponent * this, uint param_1)
710001d010	776	SetEscape	mg0110::PlayerManagerComponent	a	a	0	ST_ANALYZED	undefined SetEscape(PlayerManagerComponent * this, int * param_1)
710001d320	248	SetRankRemainPlayer	mg0110::PlayerManagerComponent	a	a	0	ST_ANALYZED	undefined SetRankRemainPlayer(PlayerManagerComponent * this)
710001d420	584	SetFirstPositions	mg0110::PlayerManagerComponent	a	a	0		undefined SetFirstPositions(PlayerManagerComponent * this, long * param_1)
710001d670	568	SetStartPositions	mg0110::PlayerManagerComponent	a	a	0		undefined SetStartPositions(PlayerManagerComponent * this, long * param_1)
710001d8b0	500	SetPlayersToResult	mg0110::PlayerManagerComponent	a	a	0		undefined SetPlayersToResult(PlayerManagerComponent * this, long param_1)
710001daa4	176	SetPlayersInitializeForResult	mg0110::PlayerManagerComponent	a	a	0		undefined SetPlayersInitializeForResult(PlayerManagerComponent * this, long param_1)
710001db60	204	StartTimer	mg0110::PlayerManagerComponent	a	a	0	ST_PARTIAL	undefined StartTimer(PlayerManagerComponent * this)
710001dc30	60	IsEndTimer	mg0110::PlayerManagerComponent	a	a	0		undefined IsEndTimer(PlayerManagerComponent * this)
710001dc6c	104	StopOutTimer	mg0110::PlayerManagerComponent	a	a	0		undefined StopOutTimer(PlayerManagerComponent * this)
710001dce0	2720	SelectKey	mg0110::PlayerManagerComponent	a	a	0	ST_ANALYZED	ulong SelectKey(PlayerManagerComponent * this, int * param_1, long * param_2)
710001e820	2676	SelectDoor	mg0110::PlayerManagerComponent	a	a	0	ST_ANALYZED	ulong SelectDoor(PlayerManagerComponent * this, int * param_1, uint param_2, long * param_3)
710001f320	196	StopOutCursor	mg0110::PlayerManagerComponent	a	a	0		undefined StopOutCursor(PlayerManagerComponent * this)
710001f3e4	12	NnDetailBezelGetTypeDesc	mg0110::PlayerManagerComponent	a	a	0		undefined * NnDetailBezelGetTypeDesc(void)
710001f3f0	4	NnDetailBezelGetThisPtr	mg0110::PlayerManagerComponent	a	a	0		undefined NnDetailBezelGetThisPtr(void)
710001f3f4	4	NnDetailBezelGetThisPtrConst	mg0110::PlayerManagerComponent	a	a	0		undefined NnDetailBezelGetThisPtrConst(void)
710001f400	416	~PlayerManagerComponent	mg0110::PlayerManagerComponent	a	a	0		undefined ~PlayerManagerComponent(PlayerManagerComponent * this)
710001f5a0	36	~PlayerManagerComponent	mg0110::PlayerManagerComponent	a	a	0		undefined ~PlayerManagerComponent(PlayerManagerComponent * this)
710001f5d0	332	DestroyComponentImpl	mg0110::PlayerManagerComponent	a	a	0		undefined DestroyComponentImpl(PlayerManagerComponent * this)
710001f71c	16	_internalGetTickMessageBitFlagSetImpl	mg0110::PlayerManagerComponent	a	a	0		undefined4 _internalGetTickMessageBitFlagSetImpl(void)
710001f72c	20	_internalGetComponentNameHashImpl	mg0110::PlayerManagerComponent	a	a	0		undefined8 _internalGetComponentNameHashImpl(void)
710001f740	8	_internalGetReceiveMessagePriorityImpl	mg0110::PlayerManagerComponent	a	a	0		undefined8 _internalGetReceiveMessagePriorityImpl(void)
710001f748	12	NnDetailBezelGetTypeDesc	mg0110::PlayerManagerComponent	a	a	0		undefined * NnDetailBezelGetTypeDesc(void)
710001f754	8	NnDetailBezelGetThisPtr	mg0110::PlayerManagerComponent	a	a	0		PlayerManagerComponent * NnDetailBezelGetThisPtr(PlayerManagerComponent * this)
710001f75c	8	NnDetailBezelGetThisPtrConst	mg0110::PlayerManagerComponent	a	a	0		PlayerManagerComponent * NnDetailBezelGetThisPtrConst(PlayerManagerComponent * this)
710001f764	8	~PlayerManagerComponent	mg0110::PlayerManagerComponent	a	a	0		undefined ~PlayerManagerComponent(PlayerManagerComponent * this)
710001f76c	40	~PlayerManagerComponent	mg0110::PlayerManagerComponent	a	a	0		undefined ~PlayerManagerComponent(PlayerManagerComponent * this)
710001f7a0	340	ToApply	mg0110::util::IBLTextures	a	a	0		undefined ToApply(IBLTextures * this, long * param_1)
710001f8fc	20	FUN_710001f8fc		d	a	0		undefined FUN_710001f8fc(void)
710001f910	356	FUN_710001f910		d	a	0		undefined FUN_710001f910(long * param_1, long * param_2)
710001fa80	144	destroy	std::__tree<std::__value_type<bex::PlayerID,mg0110::PlayerManagerComponent::PlayerContainer>,std::__map_value_compare<bex::PlayerID,std::__value_type<bex::PlayerID,mg0110::PlayerManagerComponent::PlayerContainer>,std::less<bex::PlayerID>,true>,bex::HeapModule::Allocator_map<std::__value_type<bex::PlayerID,mg0110::PlayerManagerComponent::PlayerContainer>>>	a	a	0		undefined destroy(__tree<std::__value_type<bex::PlayerID,mg0110::PlayerManagerComponent::PlayerContainer>,std::__map_value_compare<bex::PlayerID,std::__value_type<bex::PlayerID,mg0110::PlayerManagerComponent::PlayerContainer>,std::less<bex::PlayerID>,true>,bex::HeapModule::Allocator_map<std::__value_type<bex::PlayerID,mg0110::PlayerManagerComponent::PlayerContainer>>> * this, undefined8 * param_1)
710001fb10	368	SafeCreate<bq::ComUiTimer,nn::bezel::HandlePtr<nn::bezel::Entity>const&,bq::ComUiTimer::UiTimerType>	bex::ComponentUtil	a	a	0		WeakHandle SafeCreate<bq::ComUiTimer,nn::bezel::HandlePtr<nn::bezel::Entity>const&,bq::ComUiTimer::UiTimerType>(long * param_1_00, ComponentUtil * this, undefined4 * param_3)
710001fc90	32	IsDerivedFrom	nn::bezel::detail::StaticTypeDesc<bq::ComUiTimer,false,nn::bezel::Component>	a	a	0		bool IsDerivedFrom(undefined * param_1)
710001fcb0	12	GetBaseTypeDesc	nn::bezel::detail::StaticTypeDesc<bq::ComUiTimer,false,nn::bezel::Component>	a	a	0		undefined * GetBaseTypeDesc(void)
710001fcbc	20	GetNextBaseTypeDesc	nn::bezel::detail::StaticTypeDesc<bq::ComUiTimer,false,nn::bezel::Component>	a	a	0		undefined * GetNextBaseTypeDesc(long param_1)
710001fcd0	8	CastTo	nn::bezel::detail::StaticTypeDesc<bq::ComUiTimer,false,nn::bezel::Component>	a	a	0		undefined8 CastTo(undefined8 param_1, undefined8 param_2)
710001fcd8	8	CastToConst	nn::bezel::detail::StaticTypeDesc<bq::ComUiTimer,false,nn::bezel::Component>	a	a	0		undefined8 CastToConst(undefined8 param_1, undefined8 param_2)
710001fce0	368	SafeCreate<mg0110::PlayerComponent,nn::bezel::HandlePtr<nn::bezel::Entity>const&,nn::bezel::WeakHandle<bq::PlayerWork>const&>	bex::ComponentUtil	a	a	0		WeakHandle SafeCreate<mg0110::PlayerComponent,nn::bezel::HandlePtr<nn::bezel::Entity>const&,nn::bezel::WeakHandle<bq::PlayerWork>const&>(long * param_1_00, ComponentUtil * this, undefined8 * param_3)
710001fea4	36	~__shared_ptr_pointer	std::__shared_ptr_pointer<mg0110::PlayerControl*,std::shared_ptr<mg0110::PlayerControl>::__shared_ptr_default_delete<mg0110::PlayerControl,mg0110::PlayerControl>,std::allocator<mg0110::PlayerControl>>	a	a	0		undefined ~__shared_ptr_pointer(__shared_ptr_pointer<mg0110::PlayerControl*,std::shared_ptr<mg0110::PlayerControl>::__shared_ptr_default_delete<mg0110::PlayerControl,mg0110::PlayerControl>,std::allocator<mg0110::PlayerControl>> * this)
710001fec8	64	__on_zero_shared	std::__shared_ptr_pointer<mg0110::PlayerControl*,std::shared_ptr<mg0110::PlayerControl>::__shared_ptr_default_delete<mg0110::PlayerControl,mg0110::PlayerControl>,std::allocator<mg0110::PlayerControl>>	a	a	0		undefined __on_zero_shared(__shared_ptr_pointer<mg0110::PlayerControl*,std::shared_ptr<mg0110::PlayerControl>::__shared_ptr_default_delete<mg0110::PlayerControl,mg0110::PlayerControl>,std::allocator<mg0110::PlayerControl>> * this)
710001ff08	4	__on_zero_shared_weak	std::__shared_ptr_pointer<mg0110::PlayerControl*,std::shared_ptr<mg0110::PlayerControl>::__shared_ptr_default_delete<mg0110::PlayerControl,mg0110::PlayerControl>,std::allocator<mg0110::PlayerControl>>	a	a	0		undefined __on_zero_shared_weak(__shared_ptr_pointer<mg0110::PlayerControl*,std::shared_ptr<mg0110::PlayerControl>::__shared_ptr_default_delete<mg0110::PlayerControl,mg0110::PlayerControl>,std::allocator<mg0110::PlayerControl>> * this)
710001ff10	512	__push_back_slow_path<mg0110::PlayerManagerComponent::PlayerContainer_const&>	std::vector<mg0110::PlayerManagerComponent::PlayerContainer,bex::HeapModule::Allocator_vector<mg0110::PlayerManagerComponent::PlayerContainer>>	a	a	0		void __push_back_slow_path<mg0110::PlayerManagerComponent::PlayerContainer_const&>(vector<mg0110::PlayerManagerComponent::PlayerContainer,bex::HeapModule::Allocator_vector<mg0110::PlayerManagerComponent::PlayerContainer>> * this, undefined4 * param_1)
7100020110	20	FUN_7100020110		d	a	0		undefined FUN_7100020110(void)
7100020124	368	SafeCreate<bq::ComUiGenericTelop,nn::bezel::HandlePtr<nn::bezel::Entity>const&,bq::ComUiGenericTelop::UiGenericTelopType>	bex::ComponentUtil	a	a	0		WeakHandle SafeCreate<bq::ComUiGenericTelop,nn::bezel::HandlePtr<nn::bezel::Entity>const&,bq::ComUiGenericTelop::UiGenericTelopType>(long * param_1_00, ComponentUtil * this, undefined4 * param_3)
71000202a4	32	IsDerivedFrom	nn::bezel::detail::StaticTypeDesc<bq::ComUiGenericTelop,false,nn::bezel::Component>	a	a	0		bool IsDerivedFrom(undefined * param_1)
71000202c4	12	GetBaseTypeDesc	nn::bezel::detail::StaticTypeDesc<bq::ComUiGenericTelop,false,nn::bezel::Component>	a	a	0		undefined * GetBaseTypeDesc(void)
71000202d0	20	GetNextBaseTypeDesc	nn::bezel::detail::StaticTypeDesc<bq::ComUiGenericTelop,false,nn::bezel::Component>	a	a	0		undefined * GetNextBaseTypeDesc(long param_1)
71000202e4	8	CastTo	nn::bezel::detail::StaticTypeDesc<bq::ComUiGenericTelop,false,nn::bezel::Component>	a	a	0		undefined8 CastTo(undefined8 param_1, undefined8 param_2)
71000202ec	8	CastToConst	nn::bezel::detail::StaticTypeDesc<bq::ComUiGenericTelop,false,nn::bezel::Component>	a	a	0		undefined8 CastToConst(undefined8 param_1, undefined8 param_2)
71000202f4	408	SafeCreate<bq::ComUi,nn::bezel::HandlePtr<nn::bezel::Entity>const&,char_const*,char_const(&)[19]>	bex::ComponentUtil	a	a	0		WeakHandle SafeCreate<bq::ComUi,nn::bezel::HandlePtr<nn::bezel::Entity>const&,char_const*,char_const(&)[19]>(long * param_1_00, ComponentUtil * this, undefined8 * param_3, char * param_4)
710002049c	32	IsDerivedFrom	nn::bezel::detail::StaticTypeDesc<bq::ComUi,false,nn::bezel::Component>	a	a	0		bool IsDerivedFrom(undefined * param_1)
71000204bc	12	GetBaseTypeDesc	nn::bezel::detail::StaticTypeDesc<bq::ComUi,false,nn::bezel::Component>	a	a	0		undefined * GetBaseTypeDesc(void)
71000204c8	20	GetNextBaseTypeDesc	nn::bezel::detail::StaticTypeDesc<bq::ComUi,false,nn::bezel::Component>	a	a	0		undefined * GetNextBaseTypeDesc(long param_1)
71000204dc	8	CastTo	nn::bezel::detail::StaticTypeDesc<bq::ComUi,false,nn::bezel::Component>	a	a	0		undefined8 CastTo(undefined8 param_1, undefined8 param_2)
71000204e4	8	CastToConst	nn::bezel::detail::StaticTypeDesc<bq::ComUi,false,nn::bezel::Component>	a	a	0		undefined8 CastToConst(undefined8 param_1, undefined8 param_2)
71000204ec	408	SafeCreate<bq::ComUi,nn::bezel::HandlePtr<nn::bezel::Entity>const&,char_const*,char_const(&)[24]>	bex::ComponentUtil	a	a	0		WeakHandle SafeCreate<bq::ComUi,nn::bezel::HandlePtr<nn::bezel::Entity>const&,char_const*,char_const(&)[24]>(long * param_1_00, ComponentUtil * this, undefined8 * param_3, char * param_4)
7100020694	408	SafeCreate<bq::ComUi,nn::bezel::HandlePtr<nn::bezel::Entity>const&,char_const*,char_const(&)[22]>	bex::ComponentUtil	a	a	0		WeakHandle SafeCreate<bq::ComUi,nn::bezel::HandlePtr<nn::bezel::Entity>const&,char_const*,char_const(&)[22]>(long * param_1_00, ComponentUtil * this, undefined8 * param_3, char * param_4)
710002083c	20	FUN_710002083c		d	a	0		undefined FUN_710002083c(void)
71000208a0	4	FUN_71000208a0		d	a	0		undefined FUN_71000208a0(void)
71000208a4	4	operator.delete	<EXTERNAL>	d	a	1		void operator.delete(void * param_1)
71000208a8	68	FUN_71000208a8		d	a	0		undefined FUN_71000208a8(long param_1)
710002093c	4	FUN_710002093c		d	a	0		undefined FUN_710002093c(void)
7100020940	4	operator.delete	<EXTERNAL>	d	a	1		void operator.delete(void * param_1)
7100020944	68	FUN_7100020944		d	a	0		undefined FUN_7100020944(long param_1)
71000209d8	4	FUN_71000209d8		d	a	0		undefined FUN_71000209d8(void)
71000209dc	4	operator.delete	<EXTERNAL>	d	a	1		void operator.delete(void * param_1)
71000209e0	68	FUN_71000209e0		d	a	0		undefined FUN_71000209e0(long param_1)
7100020a74	4	FUN_7100020a74		d	a	0		undefined FUN_7100020a74(void)
7100020a78	4	operator.delete	<EXTERNAL>	d	a	1		void operator.delete(void * param_1)
7100020a7c	68	FUN_7100020a7c		d	a	0		undefined FUN_7100020a7c(long param_1)
7100020b14	4	FUN_7100020b14		d	a	0		undefined FUN_7100020b14(void)
7100020b18	4	operator.delete	<EXTERNAL>	d	a	1		void operator.delete(void * param_1)
7100020d08	4	FUN_7100020d08		d	a	0		undefined FUN_7100020d08(void)
7100020d0c	4	operator.delete	<EXTERNAL>	d	a	1		void operator.delete(void * param_1)
7100020d10	60	FUN_7100020d10		d	a	0		undefined FUN_7100020d10(long param_1)
7100020da0	4	FUN_7100020da0		d	a	0		undefined FUN_7100020da0(void)
7100020da4	4	operator.delete	<EXTERNAL>	d	a	1		void operator.delete(void * param_1)
7100020da8	60	FUN_7100020da8		d	a	0		undefined FUN_7100020da8(long param_1)
7100020e34	4	FUN_7100020e34		d	a	0		undefined FUN_7100020e34(void)
7100020e38	4	operator.delete	<EXTERNAL>	d	a	1		void operator.delete(void * param_1)
7100020e3c	68	FUN_7100020e3c		d	a	0		undefined FUN_7100020e3c(long param_1)
7100020ed0	4	FUN_7100020ed0		d	a	0		undefined FUN_7100020ed0(void)
7100020ed4	4	operator.delete	<EXTERNAL>	d	a	1		void operator.delete(void * param_1)
7100020ed8	68	FUN_7100020ed8		d	a	0		undefined FUN_7100020ed8(long param_1)
7100020f6c	4	FUN_7100020f6c		d	a	0		undefined FUN_7100020f6c(void)
7100020f70	4	operator.delete	<EXTERNAL>	d	a	1		void operator.delete(void * param_1)
7100020f74	68	FUN_7100020f74		d	a	0		undefined FUN_7100020f74(long param_1)
7100021008	4	FUN_7100021008		d	a	0		undefined FUN_7100021008(void)
710002100c	4	operator.delete	<EXTERNAL>	d	a	1		void operator.delete(void * param_1)
7100021010	68	FUN_7100021010		d	a	0		undefined FUN_7100021010(long param_1)
7100021054	68	DummySymbolLink	mg0110::Scene	a	a	0		undefined DummySymbolLink(ulong param_1)
710002109c	220	getStaticTypeinfo	mg0110::Scene	a	a	0		undefined8 getStaticTypeinfo(void)
7100021178	96	getPropertyList	mg0110::Scene	a	a	0		undefined8 getPropertyList(void)
71000211d8	44	createInstance	mg0110::Scene	a	a	0		Scene * createInstance(void)
7100021204	44	deleteInstance	mg0110::Scene	a	a	0		undefined deleteInstance(Scene * param_1)
7100021230	4	checkGuiProperty	rtti::Class	a	a	0		undefined checkGuiProperty(void * param_1, Property * param_2, PropertyList * param_3)
7100021234	4	createGuiProperty	rtti::Class	a	a	0		undefined createGuiProperty(void * param_1, Property * param_2, Typeinfo * param_3, uint param_4)
7100021238	220	getStaticTypeinfo	mg0110::Scene::Params	a	a	0		undefined8 getStaticTypeinfo(void)
7100021314	448	getPropertyList	mg0110::Scene::Params	a	a	0		undefined8 getPropertyList(void)
71000214d4	64	createInstance	mg0110::Scene::Params	a	a	0		undefined createInstance(void)
7100021514	20	deleteInstance	mg0110::Scene::Params	a	a	0		undefined deleteInstance(long * param_1)
7100021528	244	Scene	mg0110::Scene	a	a	0		undefined Scene(Scene * this)
7100021620	360	Reset	nn::bezel::HandleSource<mg0110::Scene>	a	a	0		undefined Reset(HandleSource<mg0110::Scene> * this, long param_1)
7100021790	416	~Scene	mg0110::Scene	a	a	0		undefined ~Scene(Scene * this)
7100021930	36	~Scene	mg0110::Scene	a	a	0		undefined ~Scene(Scene * this)
7100021960	260	SetupGameImpl	mg0110::Scene	a	a	0	ST_ANALYZED	undefined1[16] SetupGameImpl(Scene * this)
7100021a70	284	SyncedSetupGameImpl	mg0110::Scene	a	a	0	ST_ANALYZED	undefined SyncedSetupGameImpl(Scene * this)
7100021b8c	796	SetupEnv	mg0110::Scene	a	a	0	ST_PARTIAL	undefined SetupEnv(Scene * this)
7100021ed0	80	CleanupGameImpl	mg0110::Scene	a	a	0	ST_ANALYZED	undefined CleanupGameImpl(Scene * this)
7100021f20	48	OnGameInitImpl	mg0110::Scene	a	a	0		undefined8 OnGameInitImpl(Scene * this)
7100021f50	28	IsFirstState	mg0110::Scene	a	a	0		bool IsFirstState(Scene * this, int param_1)
7100021f6c	48	OnGameInstInitImpl	mg0110::Scene	a	a	0		undefined8 OnGameInstInitImpl(Scene * this)
7100021f9c	72	OnGameOpeningImpl	mg0110::Scene	a	a	0		undefined OnGameOpeningImpl(Scene * this)
7100021ff0	268	PlaySequence<mg0110::SequenceOpening>	mg0110::SequenceDirector	a	a	0		void PlaySequence<mg0110::SequenceOpening>(SequenceDirector * this)
71000220fc	68	OnGameOpeningSkipImpl	mg0110::Scene	a	a	0		undefined8 OnGameOpeningSkipImpl(Scene * this)
7100022140	48	OnGameStartImpl	mg0110::Scene	a	a	0		undefined8 OnGameStartImpl(Scene * this)
7100022170	72	OnGameMainImpl	mg0110::Scene	a	a	0	ST_ANALYZED	undefined OnGameMainImpl(Scene * this)
71000221c0	316	PlaySequence<mg0110::SequenceMainpart>	mg0110::SequenceDirector	a	a	0		void PlaySequence<mg0110::SequenceMainpart>(SequenceDirector * this)
7100022300	200	OnThreeMinTimerEndImpl	mg0110::Scene	a	a	0	ST_PARTIAL	undefined OnThreeMinTimerEndImpl(Scene * this)
71000223c8	48	OnGameEndImpl	mg0110::Scene	a	a	0		undefined8 OnGameEndImpl(Scene * this)
71000223f8	48	OnGameFinishImpl	mg0110::Scene	a	a	0		undefined8 OnGameFinishImpl(Scene * this)
7100022428	72	OnGameFinishAfter	mg0110::Scene	a	a	0		undefined OnGameFinishAfter(Scene * this)
7100022470	268	PlaySequence<mg0110::SequenceFinishAfter>	mg0110::SequenceDirector	a	a	0		void PlaySequence<mg0110::SequenceFinishAfter>(SequenceDirector * this)
7100022580	288	OnEndingInitImpl	mg0110::Scene	a	a	0	ST_ANALYZED	undefined8 OnEndingInitImpl(Scene * this, undefined8 * param_1)
71000226a0	8	OnGameEndingImpl	mg0110::Scene	a	a	0		undefined8 OnGameEndingImpl(void)
71000226a8	220	getInstanceTypeinfo	mg0110::Scene	a	a	0		undefined8 getInstanceTypeinfo(void)
7100022784	16	GetSymbol	mg0110::Scene	a	a	0		undefined8 GetSymbol(void)
7100022794	8	GetTickElapsed	bex::SceneBase	a	a	0		undefined8 GetTickElapsed(void)
710002279c	28	GetHandle	bex::SceneBase	a	a	0		undefined GetHandle(undefined8 * param_1, long param_2)
71000227b8	4	OnCleanupProcessing	bex::GameScene	a	a	0		undefined OnCleanupProcessing(void)
71000227bc	4	OnSyncEnd	bex::NetworkGameScene	a	a	0		undefined OnSyncEnd(void)
71000227c0	4	OnGameSequenceBefore	bq::MinigameScene	a	a	0		undefined OnGameSequenceBefore(void)
71000227c4	4	OnGameSequenceAfter	bq::MinigameScene	a	a	0		undefined OnGameSequenceAfter(void)
71000227c8	8	OnCharaGameDemoStartImpl	wl::IMinigameScene	a	a	0		undefined8 OnCharaGameDemoStartImpl(void)
71000227d0	8	OnCharaGameDemoImpl	wl::IMinigameScene	a	a	0		undefined8 OnCharaGameDemoImpl(void)
71000227d8	4	OnCharaGameDemoSkipStartImpl	wl::IMinigameScene	a	a	0		undefined OnCharaGameDemoSkipStartImpl(void)
71000227dc	4	OnCharaGameDemoSkipEndImpl	wl::IMinigameScene	a	a	0		undefined OnCharaGameDemoSkipEndImpl(void)
71000227e0	8	OnCharaGameDemoEndImpl	wl::IMinigameScene	a	a	0		undefined8 OnCharaGameDemoEndImpl(void)
71000227e8	4	OnEndingInit_SetupImpl	wl::IMinigameScene	a	a	0		undefined OnEndingInit_SetupImpl(void)
71000227ec	8	OnGameFirstFadeImpl	mg0110::Scene	a	a	0		undefined8 OnGameFirstFadeImpl(void)
71000227f4	8	OnGameStartBeforeImpl	mg0110::Scene	a	a	0		undefined8 OnGameStartBeforeImpl(void)
71000227fc	8	OnGameStartTelopBeforeImpl	wl::IMinigameScene	a	a	0		undefined8 OnGameStartTelopBeforeImpl(void)
7100022804	8	OnGameStartAfterImpl	mg0110::Scene	a	a	0		undefined8 OnGameStartAfterImpl(void)
710002280c	8	OnGameEndingFadeImpl	wl::IMinigameScene	a	a	0		undefined8 OnGameEndingFadeImpl(void)
7100022814	8	OnGameEndingChangeCutImpl	wl::IMinigameScene	a	a	0		undefined8 OnGameEndingChangeCutImpl(void)
710002281c	8	OnGameEndingBeforeImpl	wl::IMinigameScene	a	a	0		undefined8 OnGameEndingBeforeImpl(void)
7100022824	8	OnGameEndingAfterImpl	wl::IMinigameScene	a	a	0		undefined8 OnGameEndingAfterImpl(void)
710002282c	8	OnGameEndingSkipImpl	wl::IMinigameScene	a	a	0		undefined8 OnGameEndingSkipImpl(void)
7100022834	8	OnGameLastFadeImpl	wl::IMinigameScene	a	a	0		undefined8 OnGameLastFadeImpl(void)
710002283c	8	OnGameExitImpl	wl::IMinigameScene	a	a	0		undefined8 OnGameExitImpl(void)
7100022844	4	Notify	wl::IMinigameScene	a	a	0		undefined Notify(void)
7100022848	4	~Params	mg0110::Scene::Params	a	a	0		undefined ~Params(Params * this)
710002284c	220	getInstanceTypeinfo	mg0110::Scene::Params	a	a	0		undefined8 getInstanceTypeinfo(void)
7100022928	16	GetSymbol	mg0110::Scene::Params	a	a	0		undefined8 GetSymbol(void)
7100022938	4	~Class	rtti::Class	a	a	0		undefined ~Class(void)
710002293c	64	destroy	std::__tree<std::__value_type<wl::eSceneEventID,int>,std::__map_value_compare<wl::eSceneEventID,std::__value_type<wl::eSceneEventID,int>,std::less<wl::eSceneEventID>,true>,bex::HeapModule::Allocator_map<std::__value_type<wl::eSceneEventID,int>>>	a	a	0		undefined destroy(__tree<std::__value_type<wl::eSceneEventID,int>,std::__map_value_compare<wl::eSceneEventID,std::__value_type<wl::eSceneEventID,int>,std::less<wl::eSceneEventID>,true>,bex::HeapModule::Allocator_map<std::__value_type<wl::eSceneEventID,int>>> * this, undefined8 * param_1)
710002297c	64	destroy	std::__tree<std::__value_type<unsigned_long,float>,std::__map_value_compare<unsigned_long,std::__value_type<unsigned_long,float>,std::less<unsigned_long>,true>,bex::HeapModule::Allocator_map<std::__value_type<unsigned_long,float>>>	a	a	0		undefined destroy(__tree<std::__value_type<unsigned_long,float>,std::__map_value_compare<unsigned_long,std::__value_type<unsigned_long,float>,std::less<unsigned_long>,true>,bex::HeapModule::Allocator_map<std::__value_type<unsigned_long,float>>> * this, undefined8 * param_1)
71000229bc	64	destroy	std::__tree<std::__value_type<unsigned_long,int>,std::__map_value_compare<unsigned_long,std::__value_type<unsigned_long,int>,std::less<unsigned_long>,true>,bex::HeapModule::Allocator_map<std::__value_type<unsigned_long,int>>>	a	a	0		undefined destroy(__tree<std::__value_type<unsigned_long,int>,std::__map_value_compare<unsigned_long,std::__value_type<unsigned_long,int>,std::less<unsigned_long>,true>,bex::HeapModule::Allocator_map<std::__value_type<unsigned_long,int>>> * this, undefined8 * param_1)
71000229fc	64	destroy	std::__tree<std::__value_type<unsigned_long,bool>,std::__map_value_compare<unsigned_long,std::__value_type<unsigned_long,bool>,std::less<unsigned_long>,true>,bex::HeapModule::Allocator_map<std::__value_type<unsigned_long,bool>>>	a	a	0		undefined destroy(__tree<std::__value_type<unsigned_long,bool>,std::__map_value_compare<unsigned_long,std::__value_type<unsigned_long,bool>,std::less<unsigned_long>,true>,bex::HeapModule::Allocator_map<std::__value_type<unsigned_long,bool>>> * this, undefined8 * param_1)
7100022a40	240	FUN_7100022a40		d	a	0		undefined FUN_7100022a40(undefined8 param_1, void * param_2)
7100022b30	408	ForEachComponentImpl<bex::gfx::ComDirectionalLight>	nn::bezel::Entity	a	a	0		void ForEachComponentImpl<bex::gfx::ComDirectionalLight>(Entity * this, uint param_1, uint param_2, undefined8 * param_3)
7100022cd4	32	IsDerivedFrom	nn::bezel::detail::StaticTypeDesc<bex::gfx::ComDirectionalLight,false,nn::bezel::Component>	a	a	0		bool IsDerivedFrom(undefined * param_1)
7100022cf4	12	GetBaseTypeDesc	nn::bezel::detail::StaticTypeDesc<bex::gfx::ComDirectionalLight,false,nn::bezel::Component>	a	a	0		undefined * GetBaseTypeDesc(void)
7100022d00	20	GetNextBaseTypeDesc	nn::bezel::detail::StaticTypeDesc<bex::gfx::ComDirectionalLight,false,nn::bezel::Component>	a	a	0		undefined * GetNextBaseTypeDesc(long param_1)
7100022d14	8	CastTo	nn::bezel::detail::StaticTypeDesc<bex::gfx::ComDirectionalLight,false,nn::bezel::Component>	a	a	0		undefined8 CastTo(undefined8 param_1, undefined8 param_2)
7100022d1c	8	CastToConst	nn::bezel::detail::StaticTypeDesc<bex::gfx::ComDirectionalLight,false,nn::bezel::Component>	a	a	0		undefined8 CastToConst(undefined8 param_1, undefined8 param_2)
7100022d24	4	FUN_7100022d24		d	a	0		undefined FUN_7100022d24(void)
7100022d28	92	FUN_7100022d28		d	a	0		undefined FUN_7100022d28(long * param_1, ulong param_2, ulong param_3, long param_4)
7100022d84	92	FUN_7100022d84		d	a	0		undefined FUN_7100022d84(long * param_1, ulong param_2, ulong param_3, long param_4)
7100022de0	68	FUN_7100022de0		d	a	0		undefined FUN_7100022de0(long param_1)
7100022e28	4	~IFunction	nn::util::IFunction<void(nn::bezel::HandlePtr<bex::gfx::ComDirectionalLight>const&)>	a	a	0		undefined ~IFunction(void)
7100022e2c	1	~IFunction	nn::util::IFunction<void(nn::bezel::HandlePtr<bex::gfx::ComDirectionalLight>const&)>	a	a	0		undefined ~IFunction(void)
710002314c	216	getStaticTypeinfo	mg0110::SequenceFinishAfter	a	a	0		undefined8 getStaticTypeinfo(void)
7100023224	96	getPropertyList	mg0110::SequenceFinishAfter	a	a	0		undefined8 getPropertyList(void)
7100023284	72	createInstance	mg0110::SequenceFinishAfter	a	a	0		Fiber * createInstance(void)
71000232cc	20	deleteInstance	mg0110::SequenceFinishAfter	a	a	0		undefined deleteInstance(long * param_1)
71000232e0	1212	Update	mg0110::SequenceFinishAfter	a	a	0		undefined Update(SequenceFinishAfter * this)
71000237d0	524	GetNotEscapePlayers	mg0110::PlayerManagerComponent	a	a	0		undefined GetNotEscapePlayers(long * param_1, long param_2)
71000239e0	124	~SequenceFinishAfter	mg0110::SequenceFinishAfter	a	a	0		undefined ~SequenceFinishAfter(SequenceFinishAfter * this)
7100023a60	140	~SequenceFinishAfter	mg0110::SequenceFinishAfter	a	a	0		undefined ~SequenceFinishAfter(SequenceFinishAfter * this)
7100023aec	216	getInstanceTypeinfo	mg0110::SequenceFinishAfter	a	a	0		undefined8 getInstanceTypeinfo(void)
7100023bc4	4	StartUpdate	bex::Fiber	a	a	0		undefined StartUpdate(void)
7100023bc8	44	Destroy	bex::Fiber	a	a	0		undefined Destroy(Fiber * this)
7100023bf4	20	FUN_7100023bf4		d	a	0		undefined FUN_7100023bf4(void)
7100023c10	232	MoveToPositionWithFiberWait	mg0110::PlayerComponent	a	a	0		undefined MoveToPositionWithFiberWait(PlayerComponent * this, undefined8 * param_1, undefined8 * param_2)
7100023ecc	216	getStaticTypeinfo	mg0110::SequenceMainpart	a	a	0		undefined8 getStaticTypeinfo(void)
7100023fa4	96	getPropertyList	mg0110::SequenceMainpart	a	a	0		undefined8 getPropertyList(void)
7100024004	112	createInstance	mg0110::SequenceMainpart	a	a	0		Fiber * createInstance(void)
7100024074	20	deleteInstance	mg0110::SequenceMainpart	a	a	0		undefined deleteInstance(long * param_1)
7100024088	4	StartUpdate	mg0110::SequenceMainpart	a	a	0		undefined StartUpdate(void)
7100024090	356	Update	mg0110::SequenceMainpart	a	a	0	ST_ANALYZED	undefined Update(undefined1[16] param_1, undefined1[16] param_2, undefined1[16] param_3, undefined1[16] param_4, SequenceMainpart * this)
7100024200	1544	PhaseRoulette	mg0110::SequenceMainpart	a	a	0	ST_PARTIAL	undefined PhaseRoulette(SequenceMainpart * this)
71000248b0	3572	PhaseSelect	mg0110::SequenceMainpart	a	a	0	ST_PARTIAL	undefined PhaseSelect(SequenceMainpart * this)
7100025730	1584	PhaseCorrect	mg0110::SequenceMainpart	a	a	0	ST_PARTIAL	undefined PhaseCorrect(undefined1[16] param_1, undefined1[16] param_2, undefined1[16] param_3, undefined1[16] param_4, SequenceMainpart * this)
7100025da0	988	PhaseUncorrect	mg0110::SequenceMainpart	a	a	0	ST_PARTIAL	undefined PhaseUncorrect(undefined1[16] param_1, undefined1[16] param_2, undefined1[16] param_3, undefined1[16] param_4, SequenceMainpart * this)
71000261ac	96	CheckTakeAway	mg0110::SequenceMainpart	a	a	0		undefined CheckTakeAway(SequenceMainpart * this)
7100026210	812	PhaseTakeAway	mg0110::SequenceMainpart	a	a	0	ST_ANALYZED	undefined PhaseTakeAway(SequenceMainpart * this)
71000265a0	368	CheckPlayOnlyCPU	mg0110::SequenceMainpart	a	a	0	ST_ANALYZED	undefined CheckPlayOnlyCPU(SequenceMainpart * this)
7100026710	96	FUN_7100026710		d	a	0		undefined FUN_7100026710(long param_1)
7100026770	472	GetPlayerIDList	mg0110::PlayerManagerComponent	a	a	0		undefined GetPlayerIDList(long * param_1, long param_2)
7100026948	480	MoveToPosition	mg0110::PlayerComponent	a	a	0		undefined MoveToPosition(float param_1, PlayerComponent * this, undefined8 * param_3)
7100026b30	220	MoveToPositionWithFiberWait	mg0110::PlayerComponent	a	a	0		undefined MoveToPositionWithFiberWait(PlayerComponent * this, undefined8 * param_1)
7100026c10	408	ReturnKey	mg0110::FieldObjectManager	a	a	0		undefined ReturnKey(FieldObjectManager * this, uint param_1)
7100026dc0	456	RotateToAngleWithFiberWait	mg0110::PlayerComponent	a	a	0		undefined RotateToAngleWithFiberWait(float param_1, PlayerComponent * this)
7100026f90	280	StartScaleOut	mg0110::PlayerComponent	a	a	0		undefined StartScaleOut(PlayerComponent * this)
71000270d0	288	~SequenceMainpart	mg0110::SequenceMainpart	a	a	0		undefined ~SequenceMainpart(SequenceMainpart * this)
71000271f4	36	~SequenceMainpart	mg0110::SequenceMainpart	a	a	0		undefined ~SequenceMainpart(SequenceMainpart * this)
7100027218	216	getInstanceTypeinfo	mg0110::SequenceMainpart	a	a	0		undefined8 getInstanceTypeinfo(void)
71000272f0	344	AddPatternMemory	mg0110::PlayerControl	a	a	0	ST_ANALYZED	undefined AddPatternMemory(PlayerControl * this, undefined8 * param_1)
7100027448	20	FUN_7100027448		d	a	0		undefined FUN_7100027448(void)
710002745c	36	~__shared_ptr_pointer	std::__shared_ptr_pointer<bex::FiberLite*,std::shared_ptr<bex::FiberLite>::__shared_ptr_default_delete<bex::FiberLite,bex::FiberLite>,std::allocator<bex::FiberLite>>	a	a	0		undefined ~__shared_ptr_pointer(__shared_ptr_pointer<bex::FiberLite*,std::shared_ptr<bex::FiberLite>::__shared_ptr_default_delete<bex::FiberLite,bex::FiberLite>,std::allocator<bex::FiberLite>> * this)
7100027480	56	__on_zero_shared	std::__shared_ptr_pointer<bex::FiberLite*,std::shared_ptr<bex::FiberLite>::__shared_ptr_default_delete<bex::FiberLite,bex::FiberLite>,std::allocator<bex::FiberLite>>	a	a	0		undefined __on_zero_shared(__shared_ptr_pointer<bex::FiberLite*,std::shared_ptr<bex::FiberLite>::__shared_ptr_default_delete<bex::FiberLite,bex::FiberLite>,std::allocator<bex::FiberLite>> * this)
71000274b8	4	__on_zero_shared_weak	std::__shared_ptr_pointer<bex::FiberLite*,std::shared_ptr<bex::FiberLite>::__shared_ptr_default_delete<bex::FiberLite,bex::FiberLite>,std::allocator<bex::FiberLite>>	a	a	0		undefined __on_zero_shared_weak(__shared_ptr_pointer<bex::FiberLite*,std::shared_ptr<bex::FiberLite>::__shared_ptr_default_delete<bex::FiberLite,bex::FiberLite>,std::allocator<bex::FiberLite>> * this)
71000274bc	4	~__func	std::__function::__func<mg0110::PlayerComponent::StartScaleOut()::{lambda()#1},std::allocator<mg0110::PlayerComponent::StartScaleOut()::{lambda()#1}>,void()>	a	a	0		undefined ~__func(__func<mg0110::PlayerComponent::StartScaleOut()::{lambda()#1},std::allocator<mg0110::PlayerComponent::StartScaleOut()::{lambda()#1}>,void()> * this)
71000274c0	56	__clone	std::__function::__func<mg0110::PlayerComponent::StartScaleOut()::{lambda()#1},std::allocator<mg0110::PlayerComponent::StartScaleOut()::{lambda()#1}>,void()>	a	a	0		undefined __clone(__func<mg0110::PlayerComponent::StartScaleOut()::{lambda()#1},std::allocator<mg0110::PlayerComponent::StartScaleOut()::{lambda()#1}>,void()> * this)
71000274f8	28	__clone	std::__function::__func<mg0110::PlayerComponent::StartScaleOut()::{lambda()#1},std::allocator<mg0110::PlayerComponent::StartScaleOut()::{lambda()#1}>,void()>	a	a	0		undefined __clone(__func<mg0110::PlayerComponent::StartScaleOut()::{lambda()#1},std::allocator<mg0110::PlayerComponent::StartScaleOut()::{lambda()#1}>,void()> * this, long * param_1)
7100027514	4	destroy	std::__function::__func<mg0110::PlayerComponent::StartScaleOut()::{lambda()#1},std::allocator<mg0110::PlayerComponent::StartScaleOut()::{lambda()#1}>,void()>	a	a	0		undefined destroy(void)
7100027518	4	destroy_deallocate	std::__function::__func<mg0110::PlayerComponent::StartScaleOut()::{lambda()#1},std::allocator<mg0110::PlayerComponent::StartScaleOut()::{lambda()#1}>,void()>	a	a	0		undefined destroy_deallocate(__func<mg0110::PlayerComponent::StartScaleOut()::{lambda()#1},std::allocator<mg0110::PlayerComponent::StartScaleOut()::{lambda()#1}>,void()> * this)
710002751c	8	operator()	std::__function::__func<mg0110::PlayerComponent::StartScaleOut()::{lambda()#1},std::allocator<mg0110::PlayerComponent::StartScaleOut()::{lambda()#1}>,void()>	a	a	0		undefined operator()(__func<mg0110::PlayerComponent::StartScaleOut()::{lambda()#1},std::allocator<mg0110::PlayerComponent::StartScaleOut()::{lambda()#1}>,void()> * this)
7100027528	52	FUN_7100027528		d	a	0		undefined FUN_7100027528(long param_1)
7100027574	4	FUN_7100027574		d	a	0		undefined FUN_7100027574(void)
7100027578	4	operator.delete	<EXTERNAL>	d	a	1		void operator.delete(void * param_1)
710002757c	124	FUN_710002757c		d	a	0		bool FUN_710002757c(long param_1)
71000275fc	56	FUN_71000275fc		d	a	0		undefined FUN_71000275fc(long param_1)
710002764c	4	FUN_710002764c		d	a	0		undefined FUN_710002764c(void)
7100027650	4	operator.delete	<EXTERNAL>	d	a	1		void operator.delete(void * param_1)
7100027660	136	FUN_7100027660		d	a	0		undefined FUN_7100027660(long param_1)
71000278fc	216	getStaticTypeinfo	mg0110::SequenceOpening	a	a	0		undefined * getStaticTypeinfo(void)
71000279d4	96	getPropertyList	mg0110::SequenceOpening	a	a	0		undefined8 getPropertyList(void)
7100027a34	72	createInstance	mg0110::SequenceOpening	a	a	0		Fiber * createInstance(void)
7100027a7c	20	deleteInstance	mg0110::SequenceOpening	a	a	0		undefined deleteInstance(long * param_1)
7100027a90	3476	Update	mg0110::SequenceOpening	a	a	0	ST_PARTIAL	undefined Update(undefined1[16] param_1, undefined1[16] param_2, undefined1[16] param_3, undefined1[16] param_4, SequenceOpening * this)
71000288a0	124	~SequenceOpening	mg0110::SequenceOpening	a	a	0		undefined ~SequenceOpening(SequenceOpening * this)
7100028920	140	~SequenceOpening	mg0110::SequenceOpening	a	a	0		undefined ~SequenceOpening(SequenceOpening * this)
71000289ac	216	getInstanceTypeinfo	mg0110::SequenceOpening	a	a	0		undefined * getInstanceTypeinfo(void)
7100028a88	52	FUN_7100028a88		d	a	0		undefined FUN_7100028a88(long param_1)
7100028ad4	4	FUN_7100028ad4		d	a	0		undefined FUN_7100028ad4(void)
7100028ad8	4	operator.delete	<EXTERNAL>	d	a	1		void operator.delete(void * param_1)
7100028adc	124	FUN_7100028adc		d	a	0		bool FUN_7100028adc(long param_1)
7100028b60	460	FUN_7100028b60		d	a	0		undefined FUN_7100028b60(void)
7100028d2c	236	Door	mg0110::Door	a	a	0		undefined Door(Door * this, long * param_1, byte * param_2)
7100028e20	1168	LoadAnimation	mg0110::Door	a	a	0	ST_PARTIAL	undefined LoadAnimation(Door * this, byte * param_1, byte * param_2, byte * param_3)
71000292d0	212	PlayCorrect	mg0110::Door	a	a	0		undefined PlayCorrect(Door * this)
71000293b0	848	PlayEffectUnlock	mg0110::Door	a	a	0	ST_PARTIAL	undefined PlayEffectUnlock(undefined1[16] param_1, undefined1[16] param_2, undefined1[16] param_3, undefined1[16] param_4, long param_5)
7100029700	388	FindBone	wl::_Interface_Based_Model	a	a	0		undefined FindBone(undefined8 * param_1_00, long param_2, ulong * param_3)
7100029890	212	PlayDoorOpen	mg0110::Door	a	a	0	ST_PARTIAL	undefined PlayDoorOpen(Door * this)
7100029970	196	PlayDoorClose	mg0110::Door	a	a	0		undefined PlayDoorClose(long param_1)
7100029a40	196	PlayDoorDisappear	mg0110::Door	a	a	0		undefined PlayDoorDisappear(long param_1)
7100029b04	216	Wall	mg0110::Wall	a	a	0		undefined Wall(Wall * this, long * param_1, byte * param_2)
7100029be0	276	LoadAnimation	mg0110::Wall	a	a	0		undefined LoadAnimation(Wall * this, byte * param_1)
7100029d00	196	PlayWallAppear	mg0110::Wall	a	a	0		undefined PlayWallAppear(long param_1)
7100029dd0	1636	Key	mg0110::Key	a	a	0		undefined Key(Key * this, long * param_1, byte * param_2, float * param_3)
710002a43c	96	SetShadowType	mg0110::Key	a	a	0		undefined SetShadowType(long param_1)
710002a4a0	1640	LoadAnimation	mg0110::Key	a	a	0	ST_PARTIAL	undefined LoadAnimation(Key * this)
710002ab30	564	PlayWait	mg0110::Key	a	a	0		undefined PlayWait(Key * this)
710002ad70	216	PlayCorrect	mg0110::Key	a	a	0		undefined PlayCorrect(Key * this)
710002ae50	216	PlayIncorrect	mg0110::Key	a	a	0		undefined PlayIncorrect(Key * this)
710002af30	200	DisappearTransparent	mg0110::Key	a	a	0		undefined DisappearTransparent(float param_1, Key * this)
710002aff8	208	PlayEffect	mg0110::Key	a	a	0	ST_PARTIAL	undefined PlayEffect(undefined8 * param_1, undefined8 param_2, undefined8 param_3, ulong param_4)
710002b0d0	2288	Peepa	mg0110::Peepa	a	a	0		undefined Peepa(Peepa * this, undefined8 * param_1, float * param_2)
710002b9e0	468	AddComponent<bq::ComMatter,bq::NonPlayerCharacterID,(void*)0>	nn::bezel::Entity	a	a	0		WeakHandle AddComponent<bq::ComMatter,bq::NonPlayerCharacterID,(void*)0>(long * param_1_00, HandlePtr * param_2, undefined4 * param_3)
710002bbbc	72	Clean	mg0110::Peepa	a	a	0		undefined Clean(Peepa * this)
710002bc04	124	ApplyIBLTexture	mg0110::Peepa	a	a	0		undefined ApplyIBLTexture(Peepa * this, undefined8 * param_1)
710002bc80	68	PlayLaugh	mg0110::Peepa	a	a	0		undefined PlayLaugh(Peepa * this)
710002bcc4	68	PlayIdle	mg0110::Peepa	a	a	0		undefined PlayIdle(Peepa * this)
710002bd08	68	PlayCapture	mg0110::Peepa	a	a	0		undefined PlayCapture(Peepa * this)
710002bd4c	184	PlayEffect	mg0110::Peepa	a	a	0		undefined PlayEffect(Peepa * this)
710002be10	328	AppearTransparent	mg0110::Peepa	a	a	0		undefined AppearTransparent(float param_1, Peepa * this)
710002bf60	384	DisappearTransparent	mg0110::Peepa	a	a	0		undefined DisappearTransparent(float param_1, Peepa * this)
710002c0e0	80	~Door	mg0110::Door	a	a	0		undefined ~Door(Door * this)
710002c130	72	~Door	mg0110::Door	a	a	0		undefined ~Door(Door * this)
710002c178	84	~Door	mg0110::Door	a	a	0		undefined ~Door(Door * this)
710002c1cc	72	~Model	wl::Model	a	a	0		undefined ~Model(Model * this)
710002c214	80	~Wall	mg0110::Wall	a	a	0		undefined ~Wall(Wall * this)
710002c264	72	~Wall	mg0110::Wall	a	a	0		undefined ~Wall(Wall * this)
710002c2ac	84	~Wall	mg0110::Wall	a	a	0		undefined ~Wall(Wall * this)
710002c300	80	~Key	mg0110::Key	a	a	0		undefined ~Key(Key * this)
710002c350	72	~Key	mg0110::Key	a	a	0		undefined ~Key(Key * this)
710002c398	84	~Key	mg0110::Key	a	a	0		undefined ~Key(Key * this)
710002c3f0	568	AddAnimationSlot	wl::_Interface_Animation	a	a	0		undefined AddAnimationSlot(undefined8 * param_1_00, long param_2, byte * param_3)
710002c630	412	format<unsigned_long>	wl	a	a	0		char * format<unsigned_long>(long * param_1_00, wl * this, undefined8 * param_3)
710002c7cc	20	FUN_710002c7cc		d	a	0		undefined FUN_710002c7cc(void)
710002c7e0	308	make_shared<wl::Bone,nn::bezel::HandlePtr<nn::bezel::ComModel>&,std::basic_string<char,std::char_traits<char>,bex::HeapModule::Allocator_string<char>>const&>	wl	a	a	0		shared_ptr make_shared<wl::Bone,nn::bezel::HandlePtr<nn::bezel::ComModel>&,std::basic_string<char,std::char_traits<char>,bex::HeapModule::Allocator_string<char>>const&>(undefined8 * param_1_00, wl * this, ulong * param_3)
710002c930	656	_Interface_Animation	wl::_Interface_Animation	a	a	0		undefined _Interface_Animation(_Interface_Animation * this, long * param_1)
710002cbcc	1128	_Interface_FxTrigger	wl::_Interface_FxTrigger	a	a	0		undefined _Interface_FxTrigger(_Interface_FxTrigger * this, undefined8 * param_1)
710002d040	468	AddComponent<bq::ComMatter,char_const*&,(void*)0>	nn::bezel::Entity	a	a	0		WeakHandle AddComponent<bq::ComMatter,char_const*&,(void*)0>(long * param_1_00, HandlePtr * param_2, undefined8 * param_3)
710002d21c	388	SafeCreate<bq::ComMatter,nn::bezel::HandlePtr<nn::bezel::Entity>const&,char_const*&>	bex::ComponentUtil	a	a	0		WeakHandle SafeCreate<bq::ComMatter,nn::bezel::HandlePtr<nn::bezel::Entity>const&,char_const*&>(long * param_1_00, ComponentUtil * this, undefined8 * param_3)
710002d3b0	32	IsDerivedFrom	nn::bezel::detail::StaticTypeDesc<nn::bezel::ComAnimator,false,nn::bezel::Component>	a	a	0		bool IsDerivedFrom(undefined * param_1)
710002d3d0	12	GetBaseTypeDesc	nn::bezel::detail::StaticTypeDesc<nn::bezel::ComAnimator,false,nn::bezel::Component>	a	a	0		undefined * GetBaseTypeDesc(void)
710002d3dc	20	GetNextBaseTypeDesc	nn::bezel::detail::StaticTypeDesc<nn::bezel::ComAnimator,false,nn::bezel::Component>	a	a	0		undefined * GetNextBaseTypeDesc(long param_1)
710002d3f0	8	CastTo	nn::bezel::detail::StaticTypeDesc<nn::bezel::ComAnimator,false,nn::bezel::Component>	a	a	0		undefined8 CastTo(undefined8 param_1, undefined8 param_2)
710002d3f8	8	CastToConst	nn::bezel::detail::StaticTypeDesc<nn::bezel::ComAnimator,false,nn::bezel::Component>	a	a	0		undefined8 CastToConst(undefined8 param_1, undefined8 param_2)
710002d400	480	AddComponent<nn::bezel::ComAnimator,,(void*)0>	nn::bezel::Entity	a	a	0		WeakHandle AddComponent<nn::bezel::ComAnimator,,(void*)0>(long * param_1, HandlePtr * param_2)
710002d5f0	468	AddComponent<actor::ComActorMotion,,(void*)0>	nn::bezel::Entity	a	a	0		WeakHandle AddComponent<actor::ComActorMotion,,(void*)0>(long * param_1, HandlePtr * param_2)
710002d7d0	292	_component	wl::_Interface_FxTrigger	a	a	0		undefined _component(long * param_1, long * param_2)
710002d900	4	~__func	std::__function::__func<wl::_Interface_FxTrigger::_Interface_FxTrigger(wl::entity_const&)::{lambda(bex::FxtCallbackParam_Particle_const&)#1},std::allocator<wl::_Interface_FxTrigger::_Interface_FxTrigger(wl::entity_const&)::{lambda(bex::FxtCallbackParam_Particle_const&)#1}>,void(bex::FxtCallbackParam_Particle_const&)>	a	a	0		undefined ~__func(__func<wl::_Interface_FxTrigger::_Interface_FxTrigger(wl::entity_const&)::{lambda(bex::FxtCallbackParam_Particle_const&)#1},std::allocator<wl::_Interface_FxTrigger::_Interface_FxTrigger(wl::entity_const&)::{lambda(bex::FxtCallbackParam_Particle_const&)#1}>,void(bex::FxtCallbackParam_Particle_const&)> * this)
710002d904	56	__clone	std::__function::__func<wl::_Interface_FxTrigger::_Interface_FxTrigger(wl::entity_const&)::{lambda(bex::FxtCallbackParam_Particle_const&)#1},std::allocator<wl::_Interface_FxTrigger::_Interface_FxTrigger(wl::entity_const&)::{lambda(bex::FxtCallbackParam_Particle_const&)#1}>,void(bex::FxtCallbackParam_Particle_const&)>	a	a	0		undefined __clone(__func<wl::_Interface_FxTrigger::_Interface_FxTrigger(wl::entity_const&)::{lambda(bex::FxtCallbackParam_Particle_const&)#1},std::allocator<wl::_Interface_FxTrigger::_Interface_FxTrigger(wl::entity_const&)::{lambda(bex::FxtCallbackParam_Particle_const&)#1}>,void(bex::FxtCallbackParam_Particle_const&)> * this)
710002d93c	28	__clone	std::__function::__func<wl::_Interface_FxTrigger::_Interface_FxTrigger(wl::entity_const&)::{lambda(bex::FxtCallbackParam_Particle_const&)#1},std::allocator<wl::_Interface_FxTrigger::_Interface_FxTrigger(wl::entity_const&)::{lambda(bex::FxtCallbackParam_Particle_const&)#1}>,void(bex::FxtCallbackParam_Particle_const&)>	a	a	0		undefined __clone(__func<wl::_Interface_FxTrigger::_Interface_FxTrigger(wl::entity_const&)::{lambda(bex::FxtCallbackParam_Particle_const&)#1},std::allocator<wl::_Interface_FxTrigger::_Interface_FxTrigger(wl::entity_const&)::{lambda(bex::FxtCallbackParam_Particle_const&)#1}>,void(bex::FxtCallbackParam_Particle_const&)> * this, long * param_1)
710002d958	4	destroy	std::__function::__func<wl::_Interface_FxTrigger::_Interface_FxTrigger(wl::entity_const&)::{lambda(bex::FxtCallbackParam_Particle_const&)#1},std::allocator<wl::_Interface_FxTrigger::_Interface_FxTrigger(wl::entity_const&)::{lambda(bex::FxtCallbackParam_Particle_const&)#1}>,void(bex::FxtCallbackParam_Particle_const&)>	a	a	0		undefined destroy(void)
710002d95c	4	destroy_deallocate	std::__function::__func<wl::_Interface_FxTrigger::_Interface_FxTrigger(wl::entity_const&)::{lambda(bex::FxtCallbackParam_Particle_const&)#1},std::allocator<wl::_Interface_FxTrigger::_Interface_FxTrigger(wl::entity_const&)::{lambda(bex::FxtCallbackParam_Particle_const&)#1}>,void(bex::FxtCallbackParam_Particle_const&)>	a	a	0		undefined destroy_deallocate(__func<wl::_Interface_FxTrigger::_Interface_FxTrigger(wl::entity_const&)::{lambda(bex::FxtCallbackParam_Particle_const&)#1},std::allocator<wl::_Interface_FxTrigger::_Interface_FxTrigger(wl::entity_const&)::{lambda(bex::FxtCallbackParam_Particle_const&)#1}>,void(bex::FxtCallbackParam_Particle_const&)> * this)
710002d960	8	operator()	std::__function::__func<wl::_Interface_FxTrigger::_Interface_FxTrigger(wl::entity_const&)::{lambda(bex::FxtCallbackParam_Particle_const&)#1},std::allocator<wl::_Interface_FxTrigger::_Interface_FxTrigger(wl::entity_const&)::{lambda(bex::FxtCallbackParam_Particle_const&)#1}>,void(bex::FxtCallbackParam_Particle_const&)>	a	a	0		undefined operator()(__func<wl::_Interface_FxTrigger::_Interface_FxTrigger(wl::entity_const&)::{lambda(bex::FxtCallbackParam_Particle_const&)#1},std::allocator<wl::_Interface_FxTrigger::_Interface_FxTrigger(wl::entity_const&)::{lambda(bex::FxtCallbackParam_Particle_const&)#1}>,void(bex::FxtCallbackParam_Particle_const&)> * this, undefined8 * param_1)
710002d968	404	operator()	wl::_Interface_FxTrigger::_Interface_FxTrigger(wl::entity_const&)::{lambda(bex::FxtCallbackParam_Particle_const&)#1}	a	a	0		undefined operator()({lambda(bex::FxtCallbackParam_Particle_const&)#1} * this, undefined8 * param_1)
710002db20	400	emplace_back<nn::bezel::HandlePtr<bex::Effect>const&>	std::vector<wl::effect,bex::HeapModule::Allocator_vector<wl::effect>>	a	a	0		undefined8 * emplace_back<nn::bezel::HandlePtr<bex::Effect>const&>(vector<wl::effect,bex::HeapModule::Allocator_vector<wl::effect>> * this, undefined8 * param_1)
710002dcb0	260	__find_equal<std::basic_string<char,std::char_traits<char>,bex::HeapModule::Allocator_string<char>>>	std::__tree<std::__value_type<std::basic_string<char,std::char_traits<char>,bex::HeapModule::Allocator_string<char>>,bex::vector<wl::effect>>,std::__map_value_compare<std::basic_string<char,std::char_traits<char>,bex::HeapModule::Allocator_string<char>>,std::__value_type<std::basic_string<char,std::char_traits<char>,bex::HeapModule::Allocator_string<char>>,bex::vector<wl::effect>>,std::less<std::basic_string<char,std::char_traits<char>,bex::HeapModule::Allocator_string<char>>>,true>,bex::HeapModule::Allocator_map<std::__value_type<std::basic_string<char,std::char_traits<char>,bex::HeapModule::Allocator_string<char>>,bex::vector<wl::effect>>>>	a	a	0		__tree<std::__value_type<std::basic_string<char,std::char_traits<char>,bex::HeapModule::Allocator_string<char>>,bex::vector<wl::effect>>,std::__map_value_compare<std::basic_string<char,std::char_traits<char>,bex::HeapModule::Allocator_string<char>>,std::__value_type<std::basic_string<char,std::char_traits<char>,bex::HeapModule::Allocator_string<char>>,bex::vector<wl::effect>>,std::less<std::basic_string<char,std::char_traits<char>,bex::HeapModule::Allocator_string<char>>>,true>,bex::HeapModule::Allocator_map<std::__value_type<std::basic_string<char,std::char_traits<char>,bex::HeapModule::Allocator_string<char>>,bex::vector<wl::effect>>>> * __find_equal<std::basic_string<char,std::char_traits<char>,bex::HeapModule::Allocator_string<char>>>(__tree<std::__value_type<std::basic_string<char,std::char_traits<char>,bex::HeapModule::Allocator_string<char>>,bex::vector<wl::effect>>,std::__map_value_compare<std::basic_string<char,std::char_traits<char>,bex::HeapModule::Allocator_string<char>>,std::__value_type<std::basic_string<char,std::char_traits<char>,bex::HeapModule::Allocator_string<char>>,bex::vector<wl::effect>>,std::less<std::basic_string<char,std::char_traits<char>,bex::HeapModule::Allocator_string<char>>>,true>,bex::HeapModule::Allocator_map<std::__value_type<std::basic_string<char,std::char_traits<char>,bex::HeapModule::Allocator_string<char>>,bex::vector<wl::effect>>>> * this, undefined8 * param_1, byte * param_2)
710002ddc0	20	FUN_710002ddc0		d	a	0		undefined FUN_710002ddc0(void)
710002ddd4	44	Play	wl::_Interface_FxTrigger::_Fx_Callback_Particle	a	a	0		undefined Play(long param_1)
710002de00	240	~_Fx_Callback_Particle	wl::_Interface_FxTrigger::_Fx_Callback_Particle	a	a	0		undefined ~_Fx_Callback_Particle(_Fx_Callback_Particle * this)
710002def0	240	~_Fx_Callback_Particle	wl::_Interface_FxTrigger::_Fx_Callback_Particle	a	a	0		undefined ~_Fx_Callback_Particle(_Fx_Callback_Particle * this)
710002dfe0	360	Reset	nn::bezel::HandleSource<bex::FxtCallback_Particle>	a	a	0		undefined Reset(HandleSource<bex::FxtCallback_Particle> * this, long param_1)
710002e150	52	FUN_710002e150		d	a	0		undefined FUN_710002e150(void)
710002e184	36	~bad_function_call	std::bad_function_call	a	a	0		undefined ~bad_function_call(bad_function_call * this)
710002e1a8	4	~__func	std::__function::__func<wl::_Interface_FxTrigger::_Interface_FxTrigger(wl::entity_const&)::{lambda(bex::FxtCallbackParam_Audio_const&)#1},std::allocator<wl::_Interface_FxTrigger::_Interface_FxTrigger(wl::entity_const&)::{lambda(bex::FxtCallbackParam_Audio_const&)#1}>,void(bex::FxtCallbackParam_Audio_const&)>	a	a	0		undefined ~__func(__func<wl::_Interface_FxTrigger::_Interface_FxTrigger(wl::entity_const&)::{lambda(bex::FxtCallbackParam_Audio_const&)#1},std::allocator<wl::_Interface_FxTrigger::_Interface_FxTrigger(wl::entity_const&)::{lambda(bex::FxtCallbackParam_Audio_const&)#1}>,void(bex::FxtCallbackParam_Audio_const&)> * this)
710002e1ac	56	__clone	std::__function::__func<wl::_Interface_FxTrigger::_Interface_FxTrigger(wl::entity_const&)::{lambda(bex::FxtCallbackParam_Audio_const&)#1},std::allocator<wl::_Interface_FxTrigger::_Interface_FxTrigger(wl::entity_const&)::{lambda(bex::FxtCallbackParam_Audio_const&)#1}>,void(bex::FxtCallbackParam_Audio_const&)>	a	a	0		undefined __clone(__func<wl::_Interface_FxTrigger::_Interface_FxTrigger(wl::entity_const&)::{lambda(bex::FxtCallbackParam_Audio_const&)#1},std::allocator<wl::_Interface_FxTrigger::_Interface_FxTrigger(wl::entity_const&)::{lambda(bex::FxtCallbackParam_Audio_const&)#1}>,void(bex::FxtCallbackParam_Audio_const&)> * this)
710002e1e4	28	__clone	std::__function::__func<wl::_Interface_FxTrigger::_Interface_FxTrigger(wl::entity_const&)::{lambda(bex::FxtCallbackParam_Audio_const&)#1},std::allocator<wl::_Interface_FxTrigger::_Interface_FxTrigger(wl::entity_const&)::{lambda(bex::FxtCallbackParam_Audio_const&)#1}>,void(bex::FxtCallbackParam_Audio_const&)>	a	a	0		undefined __clone(__func<wl::_Interface_FxTrigger::_Interface_FxTrigger(wl::entity_const&)::{lambda(bex::FxtCallbackParam_Audio_const&)#1},std::allocator<wl::_Interface_FxTrigger::_Interface_FxTrigger(wl::entity_const&)::{lambda(bex::FxtCallbackParam_Audio_const&)#1}>,void(bex::FxtCallbackParam_Audio_const&)> * this, long * param_1)
710002e200	4	destroy	std::__function::__func<wl::_Interface_FxTrigger::_Interface_FxTrigger(wl::entity_const&)::{lambda(bex::FxtCallbackParam_Audio_const&)#1},std::allocator<wl::_Interface_FxTrigger::_Interface_FxTrigger(wl::entity_const&)::{lambda(bex::FxtCallbackParam_Audio_const&)#1}>,void(bex::FxtCallbackParam_Audio_const&)>	a	a	0		undefined destroy(void)
710002e204	4	destroy_deallocate	std::__function::__func<wl::_Interface_FxTrigger::_Interface_FxTrigger(wl::entity_const&)::{lambda(bex::FxtCallbackParam_Audio_const&)#1},std::allocator<wl::_Interface_FxTrigger::_Interface_FxTrigger(wl::entity_const&)::{lambda(bex::FxtCallbackParam_Audio_const&)#1}>,void(bex::FxtCallbackParam_Audio_const&)>	a	a	0		undefined destroy_deallocate(__func<wl::_Interface_FxTrigger::_Interface_FxTrigger(wl::entity_const&)::{lambda(bex::FxtCallbackParam_Audio_const&)#1},std::allocator<wl::_Interface_FxTrigger::_Interface_FxTrigger(wl::entity_const&)::{lambda(bex::FxtCallbackParam_Audio_const&)#1}>,void(bex::FxtCallbackParam_Audio_const&)> * this)
710002e208	8	operator()	std::__function::__func<wl::_Interface_FxTrigger::_Interface_FxTrigger(wl::entity_const&)::{lambda(bex::FxtCallbackParam_Audio_const&)#1},std::allocator<wl::_Interface_FxTrigger::_Interface_FxTrigger(wl::entity_const&)::{lambda(bex::FxtCallbackParam_Audio_const&)#1}>,void(bex::FxtCallbackParam_Audio_const&)>	a	a	0		undefined operator()(__func<wl::_Interface_FxTrigger::_Interface_FxTrigger(wl::entity_const&)::{lambda(bex::FxtCallbackParam_Audio_const&)#1},std::allocator<wl::_Interface_FxTrigger::_Interface_FxTrigger(wl::entity_const&)::{lambda(bex::FxtCallbackParam_Audio_const&)#1}>,void(bex::FxtCallbackParam_Audio_const&)> * this, undefined8 * param_1)
710002e220	824	operator()	wl::_Interface_FxTrigger::_Interface_FxTrigger(wl::entity_const&)::{lambda(bex::FxtCallbackParam_Audio_const&)#1}	a	a	0		undefined operator()({lambda(bex::FxtCallbackParam_Audio_const&)#1} * this, undefined8 * param_1)
710002e570	260	__find_equal<std::basic_string<char,std::char_traits<char>,bex::HeapModule::Allocator_string<char>>>	std::__tree<std::__value_type<std::basic_string<char,std::char_traits<char>,bex::HeapModule::Allocator_string<char>>,bex::vector<wl::sound>>,std::__map_value_compare<std::basic_string<char,std::char_traits<char>,bex::HeapModule::Allocator_string<char>>,std::__value_type<std::basic_string<char,std::char_traits<char>,bex::HeapModule::Allocator_string<char>>,bex::vector<wl::sound>>,std::less<std::basic_string<char,std::char_traits<char>,bex::HeapModule::Allocator_string<char>>>,true>,bex::HeapModule::Allocator_map<std::__value_type<std::basic_string<char,std::char_traits<char>,bex::HeapModule::Allocator_string<char>>,bex::vector<wl::sound>>>>	a	a	0		__tree<std::__value_type<std::basic_string<char,std::char_traits<char>,bex::HeapModule::Allocator_string<char>>,bex::vector<wl::sound>>,std::__map_value_compare<std::basic_string<char,std::char_traits<char>,bex::HeapModule::Allocator_string<char>>,std::__value_type<std::basic_string<char,std::char_traits<char>,bex::HeapModule::Allocator_string<char>>,bex::vector<wl::sound>>,std::less<std::basic_string<char,std::char_traits<char>,bex::HeapModule::Allocator_string<char>>>,true>,bex::HeapModule::Allocator_map<std::__value_type<std::basic_string<char,std::char_traits<char>,bex::HeapModule::Allocator_string<char>>,bex::vector<wl::sound>>>> * __find_equal<std::basic_string<char,std::char_traits<char>,bex::HeapModule::Allocator_string<char>>>(__tree<std::__value_type<std::basic_string<char,std::char_traits<char>,bex::HeapModule::Allocator_string<char>>,bex::vector<wl::sound>>,std::__map_value_compare<std::basic_string<char,std::char_traits<char>,bex::HeapModule::Allocator_string<char>>,std::__value_type<std::basic_string<char,std::char_traits<char>,bex::HeapModule::Allocator_string<char>>,bex::vector<wl::sound>>,std::less<std::basic_string<char,std::char_traits<char>,bex::HeapModule::Allocator_string<char>>>,true>,bex::HeapModule::Allocator_map<std::__value_type<std::basic_string<char,std::char_traits<char>,bex::HeapModule::Allocator_string<char>>,bex::vector<wl::sound>>>> * this, undefined8 * param_1, byte * param_2)
710002e680	20	FUN_710002e680		d	a	0		undefined FUN_710002e680(void)
710002e694	44	Play	wl::_Interface_FxTrigger::_Fx_Callback_Audio	a	a	0		undefined Play(long param_1)
710002e6c0	240	~_Fx_Callback_Audio	wl::_Interface_FxTrigger::_Fx_Callback_Audio	a	a	0		undefined ~_Fx_Callback_Audio(_Fx_Callback_Audio * this)
710002e7b0	240	~_Fx_Callback_Audio	wl::_Interface_FxTrigger::_Fx_Callback_Audio	a	a	0		undefined ~_Fx_Callback_Audio(_Fx_Callback_Audio * this)
710002e8a0	360	Reset	nn::bezel::HandleSource<bex::FxtCallback_Audio>	a	a	0		undefined Reset(HandleSource<bex::FxtCallback_Audio> * this, long param_1)
710002ea08	4	~__func	std::__function::__func<wl::_Interface_FxTrigger::_Interface_FxTrigger(wl::entity_const&)::{lambda(bex::FxtCallbackParam_Vibration_const&)#1},std::allocator<wl::_Interface_FxTrigger::_Interface_FxTrigger(wl::entity_const&)::{lambda(bex::FxtCallbackParam_Vibration_const&)#1}>,void(bex::FxtCallbackParam_Vibration_const&)>	a	a	0		undefined ~__func(__func<wl::_Interface_FxTrigger::_Interface_FxTrigger(wl::entity_const&)::{lambda(bex::FxtCallbackParam_Vibration_const&)#1},std::allocator<wl::_Interface_FxTrigger::_Interface_FxTrigger(wl::entity_const&)::{lambda(bex::FxtCallbackParam_Vibration_const&)#1}>,void(bex::FxtCallbackParam_Vibration_const&)> * this)
710002ea0c	56	__clone	std::__function::__func<wl::_Interface_FxTrigger::_Interface_FxTrigger(wl::entity_const&)::{lambda(bex::FxtCallbackParam_Vibration_const&)#1},std::allocator<wl::_Interface_FxTrigger::_Interface_FxTrigger(wl::entity_const&)::{lambda(bex::FxtCallbackParam_Vibration_const&)#1}>,void(bex::FxtCallbackParam_Vibration_const&)>	a	a	0		undefined __clone(__func<wl::_Interface_FxTrigger::_Interface_FxTrigger(wl::entity_const&)::{lambda(bex::FxtCallbackParam_Vibration_const&)#1},std::allocator<wl::_Interface_FxTrigger::_Interface_FxTrigger(wl::entity_const&)::{lambda(bex::FxtCallbackParam_Vibration_const&)#1}>,void(bex::FxtCallbackParam_Vibration_const&)> * this)
710002ea44	28	__clone	std::__function::__func<wl::_Interface_FxTrigger::_Interface_FxTrigger(wl::entity_const&)::{lambda(bex::FxtCallbackParam_Vibration_const&)#1},std::allocator<wl::_Interface_FxTrigger::_Interface_FxTrigger(wl::entity_const&)::{lambda(bex::FxtCallbackParam_Vibration_const&)#1}>,void(bex::FxtCallbackParam_Vibration_const&)>	a	a	0		undefined __clone(__func<wl::_Interface_FxTrigger::_Interface_FxTrigger(wl::entity_const&)::{lambda(bex::FxtCallbackParam_Vibration_const&)#1},std::allocator<wl::_Interface_FxTrigger::_Interface_FxTrigger(wl::entity_const&)::{lambda(bex::FxtCallbackParam_Vibration_const&)#1}>,void(bex::FxtCallbackParam_Vibration_const&)> * this, long * param_1)
710002ea60	4	destroy	std::__function::__func<wl::_Interface_FxTrigger::_Interface_FxTrigger(wl::entity_const&)::{lambda(bex::FxtCallbackParam_Vibration_const&)#1},std::allocator<wl::_Interface_FxTrigger::_Interface_FxTrigger(wl::entity_const&)::{lambda(bex::FxtCallbackParam_Vibration_const&)#1}>,void(bex::FxtCallbackParam_Vibration_const&)>	a	a	0		undefined destroy(void)
710002ea64	4	destroy_deallocate	std::__function::__func<wl::_Interface_FxTrigger::_Interface_FxTrigger(wl::entity_const&)::{lambda(bex::FxtCallbackParam_Vibration_const&)#1},std::allocator<wl::_Interface_FxTrigger::_Interface_FxTrigger(wl::entity_const&)::{lambda(bex::FxtCallbackParam_Vibration_const&)#1}>,void(bex::FxtCallbackParam_Vibration_const&)>	a	a	0		undefined destroy_deallocate(__func<wl::_Interface_FxTrigger::_Interface_FxTrigger(wl::entity_const&)::{lambda(bex::FxtCallbackParam_Vibration_const&)#1},std::allocator<wl::_Interface_FxTrigger::_Interface_FxTrigger(wl::entity_const&)::{lambda(bex::FxtCallbackParam_Vibration_const&)#1}>,void(bex::FxtCallbackParam_Vibration_const&)> * this)
710002ea68	8	operator()	std::__function::__func<wl::_Interface_FxTrigger::_Interface_FxTrigger(wl::entity_const&)::{lambda(bex::FxtCallbackParam_Vibration_const&)#1},std::allocator<wl::_Interface_FxTrigger::_Interface_FxTrigger(wl::entity_const&)::{lambda(bex::FxtCallbackParam_Vibration_const&)#1}>,void(bex::FxtCallbackParam_Vibration_const&)>	a	a	0		undefined operator()(__func<wl::_Interface_FxTrigger::_Interface_FxTrigger(wl::entity_const&)::{lambda(bex::FxtCallbackParam_Vibration_const&)#1},std::allocator<wl::_Interface_FxTrigger::_Interface_FxTrigger(wl::entity_const&)::{lambda(bex::FxtCallbackParam_Vibration_const&)#1}>,void(bex::FxtCallbackParam_Vibration_const&)> * this, undefined8 * param_1)
710002ea80	824	operator()	wl::_Interface_FxTrigger::_Interface_FxTrigger(wl::entity_const&)::{lambda(bex::FxtCallbackParam_Vibration_const&)#1}	a	a	0		undefined operator()({lambda(bex::FxtCallbackParam_Vibration_const&)#1} * this, undefined8 * param_1)
710002edd0	260	__find_equal<std::basic_string<char,std::char_traits<char>,bex::HeapModule::Allocator_string<char>>>	std::__tree<std::__value_type<std::basic_string<char,std::char_traits<char>,bex::HeapModule::Allocator_string<char>>,bex::vector<wl::vibration>>,std::__map_value_compare<std::basic_string<char,std::char_traits<char>,bex::HeapModule::Allocator_string<char>>,std::__value_type<std::basic_string<char,std::char_traits<char>,bex::HeapModule::Allocator_string<char>>,bex::vector<wl::vibration>>,std::less<std::basic_string<char,std::char_traits<char>,bex::HeapModule::Allocator_string<char>>>,true>,bex::HeapModule::Allocator_map<std::__value_type<std::basic_string<char,std::char_traits<char>,bex::HeapModule::Allocator_string<char>>,bex::vector<wl::vibration>>>>	a	a	0		__tree<std::__value_type<std::basic_string<char,std::char_traits<char>,bex::HeapModule::Allocator_string<char>>,bex::vector<wl::vibration>>,std::__map_value_compare<std::basic_string<char,std::char_traits<char>,bex::HeapModule::Allocator_string<char>>,std::__value_type<std::basic_string<char,std::char_traits<char>,bex::HeapModule::Allocator_string<char>>,bex::vector<wl::vibration>>,std::less<std::basic_string<char,std::char_traits<char>,bex::HeapModule::Allocator_string<char>>>,true>,bex::HeapModule::Allocator_map<std::__value_type<std::basic_string<char,std::char_traits<char>,bex::HeapModule::Allocator_string<char>>,bex::vector<wl::vibration>>>> * __find_equal<std::basic_string<char,std::char_traits<char>,bex::HeapModule::Allocator_string<char>>>(__tree<std::__value_type<std::basic_string<char,std::char_traits<char>,bex::HeapModule::Allocator_string<char>>,bex::vector<wl::vibration>>,std::__map_value_compare<std::basic_string<char,std::char_traits<char>,bex::HeapModule::Allocator_string<char>>,std::__value_type<std::basic_string<char,std::char_traits<char>,bex::HeapModule::Allocator_string<char>>,bex::vector<wl::vibration>>,std::less<std::basic_string<char,std::char_traits<char>,bex::HeapModule::Allocator_string<char>>>,true>,bex::HeapModule::Allocator_map<std::__value_type<std::basic_string<char,std::char_traits<char>,bex::HeapModule::Allocator_string<char>>,bex::vector<wl::vibration>>>> * this, undefined8 * param_1, byte * param_2)
710002eee0	20	FUN_710002eee0		d	a	0		undefined FUN_710002eee0(void)
710002eef4	44	Play	wl::_Interface_FxTrigger::_Fx_Callback_Vibration	a	a	0		undefined Play(long param_1)
710002ef20	240	~_Fx_Callback_Vibration	wl::_Interface_FxTrigger::_Fx_Callback_Vibration	a	a	0		undefined ~_Fx_Callback_Vibration(_Fx_Callback_Vibration * this)
710002f010	240	~_Fx_Callback_Vibration	wl::_Interface_FxTrigger::_Fx_Callback_Vibration	a	a	0		undefined ~_Fx_Callback_Vibration(_Fx_Callback_Vibration * this)
710002f100	360	Reset	nn::bezel::HandleSource<bex::FxtCallback_Vibration>	a	a	0		undefined Reset(HandleSource<bex::FxtCallback_Vibration> * this, long param_1)
710002f270	576	Play	wl::_Interface_FxTrigger::_Fx_Callback_User	a	a	0		undefined Play(_Fx_Callback_User * this, undefined8 * param_1)
710002f4c0	192	~_Fx_Callback_User	wl::_Interface_FxTrigger::_Fx_Callback_User	a	a	0		undefined ~_Fx_Callback_User(_Fx_Callback_User * this)
710002f580	192	~_Fx_Callback_User	wl::_Interface_FxTrigger::_Fx_Callback_User	a	a	0		undefined ~_Fx_Callback_User(_Fx_Callback_User * this)
710002f640	360	Reset	nn::bezel::HandleSource<bex::FxtCallback_UserTrigger>	a	a	0		undefined Reset(HandleSource<bex::FxtCallback_UserTrigger> * this, long param_1)
710002f7b0	260	__find_equal<std::basic_string<char,std::char_traits<char>,bex::HeapModule::Allocator_string<char>>>	std::__tree<std::__value_type<std::basic_string<char,std::char_traits<char>,bex::HeapModule::Allocator_string<char>>,bex::vector<std::function<void(bex::FxtCallbackParam_UserTrigger_const&)>>>,std::__map_value_compare<std::basic_string<char,std::char_traits<char>,bex::HeapModule::Allocator_string<char>>,std::__value_type<std::basic_string<char,std::char_traits<char>,bex::HeapModule::Allocator_string<char>>,bex::vector<std::function<void(bex::FxtCallbackParam_UserTrigger_const&)>>>,std::less<std::basic_string<char,std::char_traits<char>,bex::HeapModule::Allocator_string<char>>>,true>,bex::HeapModule::Allocator_map<std::__value_type<std::basic_string<char,std::char_traits<char>,bex::HeapModule::Allocator_string<char>>,bex::vector<std::function<void(bex::FxtCallbackParam_UserTrigger_const&)>>>>>	a	a	0		__tree<std::__value_type<std::basic_string<char,std::char_traits<char>,bex::HeapModule::Allocator_string<char>>,bex::vector<std::function<void(bex::FxtCallbackParam_UserTrigger_const&)>>>,std::__map_value_compare<std::basic_string<char,std::char_traits<char>,bex::HeapModule::Allocator_string<char>>,std::__value_type<std::basic_string<char,std::char_traits<char>,bex::HeapModule::Allocator_string<char>>,bex::vector<std::function<void(bex::FxtCallbackParam_UserTrigger_const&)>>>,std::less<std::basic_string<char,std::char_traits<char>,bex::HeapModule::Allocator_string<char>>>,true>,bex::HeapModule::Allocator_map<std::__value_type<std::basic_string<char,std::char_traits<char>,bex::HeapModule::Allocator_string<char>>,bex::vector<std::function<void(bex::FxtCallbackParam_UserTrigger_const&)>>>>> * __find_equal<std::basic_string<char,std::char_traits<char>,bex::HeapModule::Allocator_string<char>>>(__tree<std::__value_type<std::basic_string<char,std::char_traits<char>,bex::HeapModule::Allocator_string<char>>,bex::vector<std::function<void(bex::FxtCallbackParam_UserTrigger_const&)>>>,std::__map_value_compare<std::basic_string<char,std::char_traits<char>,bex::HeapModule::Allocator_string<char>>,std::__value_type<std::basic_string<char,std::char_traits<char>,bex::HeapModule::Allocator_string<char>>,bex::vector<std::function<void(bex::FxtCallbackParam_UserTrigger_const&)>>>,std::less<std::basic_string<char,std::char_traits<char>,bex::HeapModule::Allocator_string<char>>>,true>,bex::HeapModule::Allocator_map<std::__value_type<std::basic_string<char,std::char_traits<char>,bex::HeapModule::Allocator_string<char>>,bex::vector<std::function<void(bex::FxtCallbackParam_UserTrigger_const&)>>>>> * this, undefined8 * param_1, byte * param_2)
710002f8c0	368	SafeCreate<bq::ComMatter,nn::bezel::HandlePtr<nn::bezel::Entity>const&,bq::NonPlayerCharacterID>	bex::ComponentUtil	a	a	0		WeakHandle SafeCreate<bq::ComMatter,nn::bezel::HandlePtr<nn::bezel::Entity>const&,bq::NonPlayerCharacterID>(long * param_1_00, ComponentUtil * this, undefined4 * param_3)
710002fa40	32	IsDerivedFrom	nn::bezel::detail::StaticTypeDesc<nn::bezel::ComFxTrigger,false,nn::bezel::Component>	a	a	0		bool IsDerivedFrom(undefined * param_1)
710002fa60	12	GetBaseTypeDesc	nn::bezel::detail::StaticTypeDesc<nn::bezel::ComFxTrigger,false,nn::bezel::Component>	a	a	0		undefined * GetBaseTypeDesc(void)
710002fa6c	20	GetNextBaseTypeDesc	nn::bezel::detail::StaticTypeDesc<nn::bezel::ComFxTrigger,false,nn::bezel::Component>	a	a	0		undefined * GetNextBaseTypeDesc(long param_1)
710002fa80	8	CastTo	nn::bezel::detail::StaticTypeDesc<nn::bezel::ComFxTrigger,false,nn::bezel::Component>	a	a	0		undefined8 CastTo(undefined8 param_1, undefined8 param_2)
710002fa88	8	CastToConst	nn::bezel::detail::StaticTypeDesc<nn::bezel::ComFxTrigger,false,nn::bezel::Component>	a	a	0		undefined8 CastToConst(undefined8 param_1, undefined8 param_2)
710002fa90	780	FUN_710002fa90		d	a	0		undefined FUN_710002fa90(void)
710002fda0	8	RegisterGeneratedBindCodes_mg0110	nn::bezel::detail::autogen	a	a	0		undefined8 RegisterGeneratedBindCodes_mg0110(void)
710002fdb0	16	SuppressDeadStrip_mg0110	nn::bezel::detail::autogen	a	a	0		undefined4 SuppressDeadStrip_mg0110(void)
710002fdc0	8	RegisterGeneratedBindCodes_sharedPCH	nn::bezel::detail::autogen	a	a	0		undefined8 RegisterGeneratedBindCodes_sharedPCH(void)
710002fdd0	16	SuppressDeadStrip_sharedPCH	nn::bezel::detail::autogen	a	a	0		undefined4 SuppressDeadStrip_sharedPCH(void)
710002fde0	20	FUN_710002fde0		d	a	0		undefined FUN_710002fde0(void)
710002fe00	16	__nnmusl_init_dso		i	d	1		undefined __nnmusl_init_dso()
710002fe10	16	ProtectRelro	nn::ro	d	a	1		undefined ProtectRelro(void * param_1, void * param_2, void * param_3, void * param_4, void * param_5)
710002fe20	16	__nnmusl_fini_dso		i	d	1		undefined __nnmusl_fini_dso()
710002fe30	16	__cxa_guard_acquire		i	d	1		undefined __cxa_guard_acquire()
710002fe40	16	__cxa_guard_release		i	d	1		undefined __cxa_guard_release()
710002fe50	16	operator.delete	<EXTERNAL>	d	a	1		void operator.delete(void * param_1)
710002fe60	16	Free	<EXTERNAL>::bex::HeapModule	d	a	1		undefined Free(void * param_1)
710002fe70	16	CreateCamera	mg0110::CameraControl	d	a	1		undefined CreateCamera(CameraControl * this, undefined8 * param_1)
710002fe80	16	CreateSceneEntity	<EXTERNAL>::bq::SceneBase	d	a	1		undefined CreateSceneEntity(basic_string_view * param_1)
710002fe90	16	AddComponent<bq::ComMatter,bq::MatterType,(void*)0>	nn::bezel::Entity	d	a	1		WeakHandle AddComponent<bq::ComMatter,bq::MatterType,(void*)0>(long * param_1_00, HandlePtr * param_2, undefined4 * param_3)
710002fea0	16	AbortImpl	<EXTERNAL>::nn::diag::detail	d	a	1		undefined AbortImpl(void)
710002feb0	16	GetDefaultGraphicsLayer	<EXTERNAL>::nn::bezel::GraphicsCoreModule	d	a	1		undefined GetDefaultGraphicsLayer(void)
710002fec0	16	GetCamera	<EXTERNAL>::nn::bezel::ComCamera	d	a	1		undefined GetCamera(void)
710002fed0	16	SetCamera	<EXTERNAL>::nn::bezel::GraphicsLayer	d	a	1		undefined SetCamera(WeakHandle * param_1)
710002fee0	16	append	std::basic_string<char,std::char_traits<char>,bex::HeapModule::Allocator_string<char>>	d	a	1		basic_string<char,std::char_traits<char>,bex::HeapModule::Allocator_string<char>> * append(basic_string<char,std::char_traits<char>,bex::HeapModule::Allocator_string<char>> * this, void * param_1, ulong param_2)
710002fef0	16	strlen		i	i	1		size_t strlen(char * __s)
710002ff00	16	AddAnimation	<EXTERNAL>::actor::ComActorMotion	d	a	1		undefined AddAnimation(StringViewHashPair * param_1, basic_string_view * param_2, bool param_3, AnimatinType param_4, bool param_5, bool param_6)
710002ff10	16	SafeCreate<bq::ComMatter,nn::bezel::HandlePtr<nn::bezel::Entity>const&,bq::MatterType>	bex::ComponentUtil	d	a	1		WeakHandle SafeCreate<bq::ComMatter,nn::bezel::HandlePtr<nn::bezel::Entity>const&,bq::MatterType>(long * param_1_00, ComponentUtil * this, undefined4 * param_3)
710002ff20	16	_internalCheckComponentValidity	<EXTERNAL>::nn::bezel::Entity	d	a	1		undefined _internalCheckComponentValidity(HandlePtr * param_1)
710002ff30	16	AddComponentImpl	<EXTERNAL>::nn::bezel::Entity	d	a	1		undefined AddComponentImpl(HandlePtr * param_1)
710002ff40	16	__cxa_begin_catch		i	d	1		undefined __cxa_begin_catch()
710002ff50	16	terminate	<EXTERNAL>::std	d	a	1		undefined terminate(void)
710002ff60	16	Play	mg0110::CameraControl	d	a	1		undefined Play(CameraControl * this, uint param_1)
710002ff70	16	SetPauseEnabled	<EXTERNAL>::actor::ComActorMotion	d	a	1		undefined SetPauseEnabled(bool param_1)
710002ff80	16	Play	<EXTERNAL>::actor::ComActorMotion	d	a	1		undefined Play(StringViewHashPair * param_1)
710002ff90	16	Skip	mg0110::CameraControl	d	a	1		undefined Skip(CameraControl * this)
710002ffa0	16	GetFrameMax	<EXTERNAL>::actor::ComActorMotion	d	a	1		undefined GetFrameMax(void)
710002ffb0	16	SetFrame	<EXTERNAL>::actor::ComActorMotion	d	a	1		undefined SetFrame(float param_1)
710002ffc0	16	SetFixedToFirstFrame	mg0110::CameraControl	d	a	1		undefined SetFixedToFirstFrame(CameraControl * this)
710002ffd0	16	IsFinished	mg0110::CameraControl	d	a	1		undefined IsFinished(CameraControl * this)
710002ffe0	16	IsFinished	<EXTERNAL>::actor::ComActorMotion	d	a	1		undefined IsFinished(void)
710002fff0	16	memmove		i	i	1		void * memmove(void * __dest, void * __src, size_t __n)
7100030000	16	Alloc	<EXTERNAL>::bex::HeapModule	d	a	1		undefined Alloc(HeapID param_1, ulong param_2, int param_3, char * param_4, int param_5, char * param_6, char * param_7)
7100030010	16	__cxa_allocate_exception		i	d	1		undefined __cxa_allocate_exception()
7100030020	16	__cxa_throw		i	d	1		undefined __cxa_throw()
7100030030	16	__cxa_free_exception		i	d	1		undefined __cxa_free_exception()
7100030040	16	_Unwind_Resume		i	d	1		undefined _Unwind_Resume()
7100030050	16	logic_error	<EXTERNAL>::std::logic_error	d	a	1		undefined logic_error(logic_error * this, char * param_1)
7100030060	16	operator.new	<EXTERNAL>	d	a	1		void * operator.new(ulong param_1, ulong param_2, HeapID param_3)
7100030070	16	ComMatter	<EXTERNAL>::bq::ComMatter	d	a	1		undefined ComMatter(ComMatter * this, HandlePtr * param_1, MatterType param_2, bool param_3)
7100030080	16	CameraControl	mg0110::CameraControl	d	a	1		undefined CameraControl(CameraControl * this, undefined8 * param_1)
7100030090	16	CreateStage	mg0110::FieldObjectManager	d	a	1		undefined CreateStage(FieldObjectManager * this, undefined8 * param_1)
71000300a0	16	CreateLocater	mg0110::FieldObjectManager	d	a	1		undefined CreateLocater(FieldObjectManager * this, undefined8 * param_1)
71000300b0	16	CreateDoors	mg0110::FieldObjectManager	d	a	1		undefined CreateDoors(FieldObjectManager * this, undefined8 * param_1)
71000300c0	16	CreateWalls	mg0110::FieldObjectManager	d	a	1		undefined CreateWalls(FieldObjectManager * this, undefined8 * param_1)
71000300d0	16	CreateKeys	mg0110::FieldObjectManager	d	a	1		undefined CreateKeys(FieldObjectManager * this, undefined8 * param_1, float * param_2)
71000300e0	16	CreatePeepas	mg0110::FieldObjectManager	d	a	1		undefined CreatePeepas(FieldObjectManager * this, undefined8 * param_1, float * param_2)
71000300f0	16	AddComponent<bq::ComMatter,char_const*,(void*)0>	nn::bezel::Entity	d	a	1		WeakHandle AddComponent<bq::ComMatter,char_const*,(void*)0>(long * param_1_00, HandlePtr * param_2, undefined8 * param_3)
7100030100	16	GetModel	<EXTERNAL>::bq::ComMatter	d	a	1		undefined GetModel(void)
7100030110	16	GetMotion	<EXTERNAL>::bq::ComMatter	d	a	1		undefined GetMotion(void)
7100030120	16	AddComponent<bq::ComMatter,char*,(void*)0>	nn::bezel::Entity	d	a	1		WeakHandle AddComponent<bq::ComMatter,char*,(void*)0>(long * param_1_00, HandlePtr * param_2, undefined8 * param_3)
7100030130	16	Create	<EXTERNAL>::bex::Effect	d	a	1		undefined Create(basic_string_view * param_1)
7100030140	16	SetPosition	<EXTERNAL>::bex::Effect	d	a	1		undefined SetPosition(Vector3f * param_1)
7100030150	16	Start	<EXTERNAL>::bex::Effect	d	a	1		undefined Start(bool param_1)
7100030160	16	SyncRandMod	<EXTERNAL>::bex::RandModule	d	a	1		undefined SyncRandMod(uint param_1)
7100030170	16	to_string<int>	bex	d	a	1		basic_string to_string<int>(long * param_1_00, int param_2)
7100030180	16	insert	std::basic_string<char,std::char_traits<char>,bex::HeapModule::Allocator_string<char>>	d	a	1		basic_string<char,std::char_traits<char>,bex::HeapModule::Allocator_string<char>> * insert(basic_string<char,std::char_traits<char>,bex::HeapModule::Allocator_string<char>> * this, ulong param_1, basic_string<char,std::char_traits<char>,bex::HeapModule::Allocator_string<char>> * param_2, ulong param_3)
7100030190	16	make_shared<mg0110::Door,nn::bezel::WeakHandle<nn::bezel::Entity>&,std::basic_string<char,std::char_traits<char>,bex::HeapModule::Allocator_string<char>>>	wl	d	a	1		shared_ptr make_shared<mg0110::Door,nn::bezel::WeakHandle<nn::bezel::Entity>&,std::basic_string<char,std::char_traits<char>,bex::HeapModule::Allocator_string<char>>>(undefined8 * param_1_00, wl * this, ulong * param_3)
71000301a0	16	LoadAnimation	mg0110::Door	d	a	1		undefined LoadAnimation(Door * this, byte * param_1, byte * param_2, byte * param_3)
71000301b0	16	__push_back_slow_path<std::shared_ptr<mg0110::Door>const&>	std::vector<std::shared_ptr<mg0110::Door>,bex::HeapModule::Allocator_vector<std::shared_ptr<mg0110::Door>>>	d	a	1		void __push_back_slow_path<std::shared_ptr<mg0110::Door>const&>(vector<std::shared_ptr<mg0110::Door>,bex::HeapModule::Allocator_vector<std::shared_ptr<mg0110::Door>>> * this, undefined8 * param_1)
71000301c0	16	__release_weak	<EXTERNAL>::std::__shared_weak_count	d	a	1		undefined __release_weak(void)
71000301d0	16	Wall	mg0110::Wall	d	a	1		undefined Wall(Wall * this, long * param_1, byte * param_2)
71000301e0	16	operator.new	<EXTERNAL>	d	a	1		void * operator.new(ulong param_1)
71000301f0	16	LoadAnimation	mg0110::Wall	d	a	1		undefined LoadAnimation(Wall * this, byte * param_1)
7100030200	16	__push_back_slow_path<std::shared_ptr<mg0110::Wall>const&>	std::vector<std::shared_ptr<mg0110::Wall>,bex::HeapModule::Allocator_vector<std::shared_ptr<mg0110::Wall>>>	d	a	1		void __push_back_slow_path<std::shared_ptr<mg0110::Wall>const&>(vector<std::shared_ptr<mg0110::Wall>,bex::HeapModule::Allocator_vector<std::shared_ptr<mg0110::Wall>>> * this, undefined8 * param_1)
7100030210	16	Visibility	wl::_Interface_Based_Model	d	a	1		undefined Visibility(long param_1)
7100030220	16	Key	mg0110::Key	d	a	1		undefined Key(Key * this, long * param_1, byte * param_2, float * param_3)
7100030230	16	LoadAnimation	mg0110::Key	d	a	1		undefined LoadAnimation(Key * this)
7100030240	16	__push_back_slow_path<std::shared_ptr<mg0110::Key>const&>	std::vector<std::shared_ptr<mg0110::Key>,bex::HeapModule::Allocator_vector<std::shared_ptr<mg0110::Key>>>	d	a	1		void __push_back_slow_path<std::shared_ptr<mg0110::Key>const&>(vector<std::shared_ptr<mg0110::Key>,bex::HeapModule::Allocator_vector<std::shared_ptr<mg0110::Key>>> * this, undefined8 * param_1)
7100030250	16	Load	mg0110::util::IBLTextures	d	a	1		undefined Load(IBLTextures * this, byte * param_1, byte * param_2)
7100030260	16	Peepa	mg0110::Peepa	d	a	1		undefined Peepa(Peepa * this, undefined8 * param_1, float * param_2)
7100030270	16	ApplyIBLTexture	mg0110::Peepa	d	a	1		undefined ApplyIBLTexture(Peepa * this, undefined8 * param_1)
7100030280	16	__push_back_slow_path<std::shared_ptr<mg0110::Peepa>const&>	std::vector<std::shared_ptr<mg0110::Peepa>,bex::HeapModule::Allocator_vector<std::shared_ptr<mg0110::Peepa>>>	d	a	1		void __push_back_slow_path<std::shared_ptr<mg0110::Peepa>const&>(vector<std::shared_ptr<mg0110::Peepa>,bex::HeapModule::Allocator_vector<std::shared_ptr<mg0110::Peepa>>> * this, undefined8 * param_1)
7100030290	16	SetVisible	<EXTERNAL>::nn::bezel::ComModel	d	a	1		undefined SetVisible(bool param_1)
71000302a0	16	SetOpaque	<EXTERNAL>::bex::gfx::ComModelBuffer	d	a	1		undefined SetOpaque(float param_1)
71000302b0	16	Clean	mg0110::FieldObjectManager	d	a	1		undefined Clean(FieldObjectManager * this)
71000302c0	16	Clean	mg0110::Peepa	d	a	1		undefined Clean(Peepa * this)
71000302d0	16	SafeCreate<bq::ComMatter,nn::bezel::HandlePtr<nn::bezel::Entity>const&,char_const*>	bex::ComponentUtil	d	a	1		WeakHandle SafeCreate<bq::ComMatter,nn::bezel::HandlePtr<nn::bezel::Entity>const&,char_const*>(long * param_1_00, ComponentUtil * this, undefined8 * param_3)
71000302e0	16	SafeCreate<bq::ComMatter,nn::bezel::HandlePtr<nn::bezel::Entity>const&,char*>	bex::ComponentUtil	d	a	1		WeakHandle SafeCreate<bq::ComMatter,nn::bezel::HandlePtr<nn::bezel::Entity>const&,char*>(long * param_1_00, ComponentUtil * this, undefined8 * param_3)
71000302f0	16	Door	mg0110::Door	d	a	1		undefined Door(Door * this, long * param_1, byte * param_2)
7100030300	16	CreateTexture	<EXTERNAL>::nn::bezel::GraphicsCoreModule	d	a	1		undefined CreateTexture(basic_string_view param_1)
7100030310	16	FindBoneIndex	<EXTERNAL>::nn::bezel::SkeletonPose	d	a	1		undefined FindBoneIndex(char * param_1)
7100030320	16	CalculateWorldTransform	<EXTERNAL>::nn::bezel::SkeletonPose	d	a	1		undefined CalculateWorldTransform(int param_1)
7100030330	16	GetLocaterPosition	mg0110::FieldObjectManager	d	a	1		undefined1[16] GetLocaterPosition(long param_1)
7100030340	16	GetKeyUnselectLeavingRoutePositions	mg0110::FieldObjectManager	d	a	1		undefined GetKeyUnselectLeavingRoutePositions(long * param_1, long param_2)
7100030350	16	GetDoorUnselectLeavingRoutePositions	mg0110::FieldObjectManager	d	a	1		undefined GetDoorUnselectLeavingRoutePositions(long * param_1, long param_2, uint param_3)
7100030360	16	GetLeavingRoutePositions	mg0110::FieldObjectManager	d	a	1		undefined GetLeavingRoutePositions(long * param_1, long param_2, uint param_3)
7100030370	16	AppearKeys	mg0110::FieldObjectManager	d	a	1		undefined AppearKeys(FieldObjectManager * this, long * param_1)
7100030380	16	SetTranslation	<EXTERNAL>::nn::bezel::Entity	d	a	1		undefined SetTranslation(Vector3f * param_1)
7100030390	16	PlayEffect	mg0110::Key	d	a	1		undefined PlayEffect(undefined8 * param_1, undefined8 param_2, undefined8 param_3, ulong param_4)
71000303a0	16	Sleep	<EXTERNAL>::bex::Fiber	d	a	1		undefined Sleep(float param_1)
71000303b0	16	PlayWait	mg0110::Key	d	a	1		undefined PlayWait(Key * this)
71000303c0	16	PlayFxTrigger	mg0110::PlayerComponent	d	a	1		undefined PlayFxTrigger(long param_1)
71000303d0	16	Play	<EXTERNAL>::bex::ComFxTrigger	d	a	1		undefined Play(basic_string_view * param_1)
71000303e0	16	SkipOpening	mg0110::FieldObjectManager	d	a	1		undefined SkipOpening(FieldObjectManager * this)
71000303f0	16	StopImmediately	<EXTERNAL>::bex::Effect	d	a	1		undefined StopImmediately(void)
7100030400	16	PlayDoorOpen	mg0110::FieldObjectManager	d	a	1		undefined PlayDoorOpen(undefined1[16] param_1_00, undefined1[16] param_2_00, undefined1[16] param_3_00, undefined1[16] param_4, FieldObjectManager * this, uint param_6, uint param_7, long * param_8)
7100030410	16	PlayCorrect	mg0110::Key	d	a	1		undefined PlayCorrect(Key * this)
7100030420	16	PlayCorrect	mg0110::Door	d	a	1		undefined PlayCorrect(Door * this)
7100030430	16	PlayEffectUnlock	mg0110::Door	d	a	1		undefined PlayEffectUnlock(undefined1[16] param_1, undefined1[16] param_2, undefined1[16] param_3, undefined1[16] param_4, long param_5)
7100030440	16	_component	wl::_Interface_Animation	d	a	1		undefined _component(long * param_1, long param_2)
7100030450	16	Wait	<EXTERNAL>::bex::Fiber	d	a	1		undefined Wait(void)
7100030460	16	PlayDoorOpen	mg0110::Door	d	a	1		undefined PlayDoorOpen(Door * this)
7100030470	16	PlayDoorNotOpen	mg0110::FieldObjectManager	d	a	1		undefined PlayDoorNotOpen(FieldObjectManager * this, uint param_1, uint param_2)
7100030480	16	PlayIncorrect	mg0110::Key	d	a	1		undefined PlayIncorrect(Key * this)
7100030490	16	PlayAppearWall	mg0110::FieldObjectManager	d	a	1		undefined PlayAppearWall(FieldObjectManager * this, uint param_1, long * param_2)
71000304a0	16	PlayDoorClose	mg0110::Door	d	a	1		undefined PlayDoorClose(long param_1)
71000304b0	16	SetSelfDestroyEnabled	<EXTERNAL>::bex::Effect	d	a	1		undefined SetSelfDestroyEnabled(bool param_1)
71000304c0	16	Play3D	<EXTERNAL>::bex::sound::SoundModule	d	a	1		undefined Play3D(char * param_1, Vector3f * param_2, float param_3)
71000304d0	16	PlayDoorDisappear	mg0110::Door	d	a	1		undefined PlayDoorDisappear(long param_1)
71000304e0	16	PlayWallAppear	mg0110::Wall	d	a	1		undefined PlayWallAppear(long param_1)
71000304f0	16	GetUnusedKeys	mg0110::FieldObjectManager	d	a	1		undefined GetUnusedKeys(long * param_1, long param_2)
7100030500	16	GetUncorrectKeys	mg0110::FieldObjectManager	d	a	1		undefined GetUncorrectKeys(long * param_1, long param_2)
7100030510	16	GetClosedDoors	mg0110::FieldObjectManager	d	a	1		undefined GetClosedDoors(long * param_1, long param_2)
7100030520	16	AnyClosedDoors	mg0110::FieldObjectManager	d	a	1		bool AnyClosedDoors(FieldObjectManager * this)
7100030530	16	IsOpendAllDoors	mg0110::FieldObjectManager	d	a	1		bool IsOpendAllDoors(FieldObjectManager * this)
7100030540	16	PlayOpeningPeepas	mg0110::FieldObjectManager	d	a	1		undefined PlayOpeningPeepas(undefined1[16] param_1, undefined1[16] param_2, undefined1[16] param_3, undefined1[16] param_4, long param_5)
7100030550	16	PlayLaugh	mg0110::Peepa	d	a	1		undefined PlayLaugh(Peepa * this)
7100030560	16	SetRotation	<EXTERNAL>::nn::bezel::Entity	d	a	1		undefined SetRotation(Quaternion * param_1)
7100030570	16	Add	mg0110::util::FiberComposite	d	a	1		undefined Add(undefined8 * param_1_00, long * param_2, function * param_3, basic_string_view * param_4, int param_5)
7100030580	16	IsCompleted	<EXTERNAL>::bex::Fiber	d	a	1		undefined IsCompleted(void)
7100030590	16	FiberLite	<EXTERNAL>::bex::FiberLite	d	a	1		undefined FiberLite(FiberLite * this, function * param_1, basic_string_view * param_2, int param_3, bool param_4)
71000305a0	16	PlayDoorPeepas	mg0110::FieldObjectManager	d	a	1		undefined PlayDoorPeepas(undefined1[16] param_1, undefined1[16] param_2, undefined1[16] param_3, undefined1[16] param_4, long param_5, uint param_6, undefined8 * param_7)
71000305b0	16	PlaySurprise	mg0110::PlayerComponent	d	a	1		undefined PlaySurprise(PlayerComponent * this)
71000305c0	16	PlayTakeKeyAway	mg0110::FieldObjectManager	d	a	1		undefined PlayTakeKeyAway(FieldObjectManager * this, uint param_1)
71000305d0	16	GetTranslation	<EXTERNAL>::nn::bezel::Entity	d	a	1		undefined GetTranslation(void)
71000305e0	16	AppearTransparent	mg0110::Peepa	d	a	1		undefined AppearTransparent(float param_1, Peepa * this)
71000305f0	16	PlayIdle	mg0110::Peepa	d	a	1		undefined PlayIdle(Peepa * this)
7100030600	16	GetDeltaTime	<EXTERNAL>::bex::MainModule	d	a	1		undefined GetDeltaTime(void)
7100030610	16	SetShadowType	mg0110::Key	d	a	1		undefined SetShadowType(long param_1)
7100030620	16	PlayCapture	mg0110::Peepa	d	a	1		undefined PlayCapture(Peepa * this)
7100030630	16	SetHiddenThings	mg0110::FieldObjectManager	d	a	1		undefined SetHiddenThings(FieldObjectManager * this)
7100030640	16	SetModelToResult	mg0110::FieldObjectManager	d	a	1		undefined SetModelToResult(FieldObjectManager * this, long param_1)
7100030650	16	~FiberLite	<EXTERNAL>::bex::FiberLite	d	a	1		undefined ~FiberLite(FiberLite * this)
7100030660	16	~__shared_weak_count	<EXTERNAL>::std::__shared_weak_count	d	a	1		undefined ~__shared_weak_count(__shared_weak_count * this)
7100030670	16	ComMatter	<EXTERNAL>::bq::ComMatter	d	a	1		undefined ComMatter(ComMatter * this, HandlePtr * param_1, basic_string_view * param_2, bool param_3)
7100030680	16	init	<EXTERNAL>::std::ios_base	d	a	1		undefined init(void * param_1)
7100030690	16	streambuf	<EXTERNAL>::std::streambuf	d	a	1		undefined streambuf(streambuf * this)
71000306a0	16	operator<<	<EXTERNAL>::std::ostream	d	a	1		undefined operator<<(ostream * this, int param_1)
71000306b0	16	str	std::basic_stringbuf<char,std::char_traits<char>,bex::HeapModule::Allocator_string<char>>	d	a	1		undefined str(long * param_1, long param_2)
71000306c0	16	~streambuf	<EXTERNAL>::std::streambuf	d	a	1		undefined ~streambuf(streambuf * this)
71000306d0	16	~ostream	<EXTERNAL>::std::ostream	d	a	1		undefined ~ostream(ostream * this)
71000306e0	16	~ios	<EXTERNAL>::std::ios	d	a	1		undefined ~ios(ios * this)
71000306f0	16	~basic_ostringstream	std::basic_ostringstream<char,std::char_traits<char>,bex::HeapModule::Allocator_string<char>>	d	a	1		undefined ~basic_ostringstream(basic_ostringstream<char,std::char_traits<char>,bex::HeapModule::Allocator_string<char>> * this)
7100030700	16	push_back	std::basic_string<char,std::char_traits<char>,bex::HeapModule::Allocator_string<char>>	d	a	1		undefined push_back(basic_string<char,std::char_traits<char>,bex::HeapModule::Allocator_string<char>> * this, basic_string<char,std::char_traits<char>,bex::HeapModule::Allocator_string<char>> param_2)
7100030710	16	append	std::basic_string<char,std::char_traits<char>,bex::HeapModule::Allocator_string<char>>	d	a	1		basic_string<char,std::char_traits<char>,bex::HeapModule::Allocator_string<char>> * append(basic_string<char,std::char_traits<char>,bex::HeapModule::Allocator_string<char>> * this, ulong param_1, int param_2)
7100030720	16	__cxa_end_catch		i	d	1		undefined __cxa_end_catch()
7100030730	16	memset		i	i	1		void * memset(void * __s, int __c, size_t __n)
7100030740	16	~_Interface_FxTrigger	wl::_Interface_FxTrigger	d	a	1		undefined ~_Interface_FxTrigger(_Interface_FxTrigger * this)
7100030750	16	~_Interface_Based_Model	wl::_Interface_Based_Model	d	a	1		undefined ~_Interface_Based_Model(_Interface_Based_Model * this)
7100030760	16	destroy	std::__tree<std::__value_type<std::basic_string<char,std::char_traits<char>,bex::HeapModule::Allocator_string<char>>,bex::vector<std::function<void(bex::FxtCallbackParam_UserTrigger_const&)>>>,std::__map_value_compare<std::basic_string<char,std::char_traits<char>,bex::HeapModule::Allocator_string<char>>,std::__value_type<std::basic_string<char,std::char_traits<char>,bex::HeapModule::Allocator_string<char>>,bex::vector<std::function<void(bex::FxtCallbackParam_UserTrigger_const&)>>>,std::less<std::basic_string<char,std::char_traits<char>,bex::HeapModule::Allocator_string<char>>>,true>,bex::HeapModule::Allocator_map<std::__value_type<std::basic_string<char,std::char_traits<char>,bex::HeapModule::Allocator_string<char>>,bex::vector<std::function<void(bex::FxtCallbackParam_UserTrigger_const&)>>>>>	d	a	1		undefined destroy(__tree<std::__value_type<std::basic_string<char,std::char_traits<char>,bex::HeapModule::Allocator_string<char>>,bex::vector<std::function<void(bex::FxtCallbackParam_UserTrigger_const&)>>>,std::__map_value_compare<std::basic_string<char,std::char_traits<char>,bex::HeapModule::Allocator_string<char>>,std::__value_type<std::basic_string<char,std::char_traits<char>,bex::HeapModule::Allocator_string<char>>,bex::vector<std::function<void(bex::FxtCallbackParam_UserTrigger_const&)>>>,std::less<std::basic_string<char,std::char_traits<char>,bex::HeapModule::Allocator_string<char>>>,true>,bex::HeapModule::Allocator_map<std::__value_type<std::basic_string<char,std::char_traits<char>,bex::HeapModule::Allocator_string<char>>,bex::vector<std::function<void(bex::FxtCallbackParam_UserTrigger_const&)>>>>> * this, undefined8 * param_1)
7100030770	16	WaitLightEvent	<EXTERNAL>::nn::os	d	a	1		undefined WaitLightEvent(LightEventType * param_1)
7100030780	16	SignalLightEvent	<EXTERNAL>::nn::os	d	a	1		undefined SignalLightEvent(LightEventType * param_1)
7100030790	16	destroy	std::__tree<std::__value_type<std::basic_string<char,std::char_traits<char>,bex::HeapModule::Allocator_string<char>>,bex::vector<wl::vibration>>,std::__map_value_compare<std::basic_string<char,std::char_traits<char>,bex::HeapModule::Allocator_string<char>>,std::__value_type<std::basic_string<char,std::char_traits<char>,bex::HeapModule::Allocator_string<char>>,bex::vector<wl::vibration>>,std::less<std::basic_string<char,std::char_traits<char>,bex::HeapModule::Allocator_string<char>>>,true>,bex::HeapModule::Allocator_map<std::__value_type<std::basic_string<char,std::char_traits<char>,bex::HeapModule::Allocator_string<char>>,bex::vector<wl::vibration>>>>	d	a	1		undefined destroy(__tree<std::__value_type<std::basic_string<char,std::char_traits<char>,bex::HeapModule::Allocator_string<char>>,bex::vector<wl::vibration>>,std::__map_value_compare<std::basic_string<char,std::char_traits<char>,bex::HeapModule::Allocator_string<char>>,std::__value_type<std::basic_string<char,std::char_traits<char>,bex::HeapModule::Allocator_string<char>>,bex::vector<wl::vibration>>,std::less<std::basic_string<char,std::char_traits<char>,bex::HeapModule::Allocator_string<char>>>,true>,bex::HeapModule::Allocator_map<std::__value_type<std::basic_string<char,std::char_traits<char>,bex::HeapModule::Allocator_string<char>>,bex::vector<wl::vibration>>>> * this, undefined8 * param_1)
71000307a0	16	destroy	std::__tree<std::__value_type<std::basic_string<char,std::char_traits<char>,bex::HeapModule::Allocator_string<char>>,bex::vector<wl::sound>>,std::__map_value_compare<std::basic_string<char,std::char_traits<char>,bex::HeapModule::Allocator_string<char>>,std::__value_type<std::basic_string<char,std::char_traits<char>,bex::HeapModule::Allocator_string<char>>,bex::vector<wl::sound>>,std::less<std::basic_string<char,std::char_traits<char>,bex::HeapModule::Allocator_string<char>>>,true>,bex::HeapModule::Allocator_map<std::__value_type<std::basic_string<char,std::char_traits<char>,bex::HeapModule::Allocator_string<char>>,bex::vector<wl::sound>>>>	d	a	1		undefined destroy(__tree<std::__value_type<std::basic_string<char,std::char_traits<char>,bex::HeapModule::Allocator_string<char>>,bex::vector<wl::sound>>,std::__map_value_compare<std::basic_string<char,std::char_traits<char>,bex::HeapModule::Allocator_string<char>>,std::__value_type<std::basic_string<char,std::char_traits<char>,bex::HeapModule::Allocator_string<char>>,bex::vector<wl::sound>>,std::less<std::basic_string<char,std::char_traits<char>,bex::HeapModule::Allocator_string<char>>>,true>,bex::HeapModule::Allocator_map<std::__value_type<std::basic_string<char,std::char_traits<char>,bex::HeapModule::Allocator_string<char>>,bex::vector<wl::sound>>>> * this, undefined8 * param_1)
71000307b0	16	destroy	std::__tree<std::__value_type<std::basic_string<char,std::char_traits<char>,bex::HeapModule::Allocator_string<char>>,bex::vector<wl::effect>>,std::__map_value_compare<std::basic_string<char,std::char_traits<char>,bex::HeapModule::Allocator_string<char>>,std::__value_type<std::basic_string<char,std::char_traits<char>,bex::HeapModule::Allocator_string<char>>,bex::vector<wl::effect>>,std::less<std::basic_string<char,std::char_traits<char>,bex::HeapModule::Allocator_string<char>>>,true>,bex::HeapModule::Allocator_map<std::__value_type<std::basic_string<char,std::char_traits<char>,bex::HeapModule::Allocator_string<char>>,bex::vector<wl::effect>>>>	d	a	1		undefined destroy(__tree<std::__value_type<std::basic_string<char,std::char_traits<char>,bex::HeapModule::Allocator_string<char>>,bex::vector<wl::effect>>,std::__map_value_compare<std::basic_string<char,std::char_traits<char>,bex::HeapModule::Allocator_string<char>>,std::__value_type<std::basic_string<char,std::char_traits<char>,bex::HeapModule::Allocator_string<char>>,bex::vector<wl::effect>>,std::less<std::basic_string<char,std::char_traits<char>,bex::HeapModule::Allocator_string<char>>>,true>,bex::HeapModule::Allocator_map<std::__value_type<std::basic_string<char,std::char_traits<char>,bex::HeapModule::Allocator_string<char>>,bex::vector<wl::effect>>>> * this, undefined8 * param_1)
71000307c0	16	CalculateRotation	<EXTERNAL>::nn::bezel::Entity	d	a	1		undefined CalculateRotation(void)
71000307d0	16	GetScale	<EXTERNAL>::nn::bezel::Entity	d	a	1		undefined GetScale(void)
71000307e0	16	SetScale	<EXTERNAL>::nn::bezel::Entity	d	a	1		undefined SetScale(Vector3f * param_1)
71000307f0	16	DisappearTransparent	mg0110::Peepa	d	a	1		undefined DisappearTransparent(float param_1, Peepa * this)
7100030800	16	DisappearTransparent	mg0110::Key	d	a	1		undefined DisappearTransparent(float param_1, Key * this)
7100030810	16	FieldObjectManager	mg0110::FieldObjectManager	d	a	1		undefined FieldObjectManager(FieldObjectManager * this, undefined8 * param_1, float * param_2)
7100030820	16	Setup	mg0110::GameManager	d	a	1		undefined Setup(GameManager * this, undefined8 * param_1, float * param_2)
7100030830	16	CreatePlayerManager	mg0110::GameManager	d	a	1		undefined CreatePlayerManager(GameManager * this, undefined8 * param_1)
7100030840	16	SetupGameAccesser	mg0110::GameManager	d	a	1		undefined SetupGameAccesser(GameManager * this)
7100030850	16	GetPlayers	<EXTERNAL>::bq::WorkModule	d	a	1		undefined GetPlayers(void)
7100030860	16	GetMGEntryPlayerList	<EXTERNAL>::bq::PlayerWorkHolder	d	a	1		undefined GetMGEntryPlayerList(PlayerListSortBy param_1)
7100030870	16	AddComponent<mg0110::PlayerManagerComponent,bq::PlayerList,(void*)0>	nn::bezel::Entity	d	a	1		WeakHandle AddComponent<mg0110::PlayerManagerComponent,bq::PlayerList,(void*)0>(long * param_1_00, HandlePtr * param_2, long * param_3)
7100030880	16	Clean	mg0110::GameManager	d	a	1		undefined Clean(GameManager * this)
7100030890	16	SafeCreate<mg0110::PlayerManagerComponent,nn::bezel::HandlePtr<nn::bezel::Entity>const&,bq::PlayerList>	bex::ComponentUtil	d	a	1		WeakHandle SafeCreate<mg0110::PlayerManagerComponent,nn::bezel::HandlePtr<nn::bezel::Entity>const&,bq::PlayerList>(long * param_1_00, ComponentUtil * this, long * param_3)
71000308a0	16	SetupGameInit	mg0110::GameManager	d	a	1		undefined SetupGameInit(GameManager * this)
71000308b0	16	SetFirstPositions	mg0110::PlayerManagerComponent	d	a	1		undefined SetFirstPositions(PlayerManagerComponent * this, long * param_1)
71000308c0	16	SkipOpening	mg0110::GameManager	d	a	1		undefined SkipOpening(GameManager * this)
71000308d0	16	SetStartPositions	mg0110::PlayerManagerComponent	d	a	1		undefined SetStartPositions(PlayerManagerComponent * this, long * param_1)
71000308e0	16	PlayBGM	mg0110::GameManager	d	a	1		undefined PlayBGM(GameManager * this)
71000308f0	16	Play	<EXTERNAL>::bex::sound::SoundModule	d	a	1		undefined Play(char * param_1, float param_2, char * param_3)
7100030900	16	JumpBGM	mg0110::GameManager	d	a	1		undefined JumpBGM(undefined8 * param_1)
7100030910	16	RegionSequenceJump	<EXTERNAL>::bex::sound::SoundHandle	d	a	1		undefined RegionSequenceJump(char * param_1)
7100030920	16	StopGameMain	mg0110::GameManager	d	a	1		undefined StopGameMain(GameManager * this)
7100030930	16	StopOutTimer	mg0110::PlayerManagerComponent	d	a	1		undefined StopOutTimer(PlayerManagerComponent * this)
7100030940	16	StopOutCursor	mg0110::PlayerManagerComponent	d	a	1		undefined StopOutCursor(PlayerManagerComponent * this)
7100030950	16	SetFinished	mg0110::GameManager	d	a	1		undefined SetFinished(GameManager * this)
7100030960	16	Stop_Preset	<EXTERNAL>::bex::sound::SoundHandle	d	a	1		undefined Stop_Preset(FadeTimePreset param_1)
7100030970	16	SetResultToGameWork	mg0110::GameManager	d	a	1		undefined SetResultToGameWork(GameManager * this)
7100030980	16	SetMinigameRank	<EXTERNAL>::bq::PlayerWork	d	a	1		undefined SetMinigameRank(GameRank param_1)
7100030990	16	SetMinigameWinLose	<EXTERNAL>::bq::PlayerWork	d	a	1		undefined SetMinigameWinLose(GameWinLose param_1)
71000309a0	16	GetPlayerID	<EXTERNAL>::bq::PlayerWork	d	a	1		undefined GetPlayerID(void)
71000309b0	16	GetPlayer	mg0110::PlayerManagerComponent	d	a	1		PlayerManagerComponent * GetPlayer(PlayerManagerComponent * this, int * param_1)
71000309c0	16	CreateResultBuilder	mg0110::GameManager	d	a	1		undefined CreateResultBuilder(long * param_1, long param_2)
71000309d0	16	SetPlayersToResult	mg0110::PlayerManagerComponent	d	a	1		undefined SetPlayersToResult(PlayerManagerComponent * this, long param_1)
71000309e0	16	SetPlayersInitializeForResult	mg0110::PlayerManagerComponent	d	a	1		undefined SetPlayersInitializeForResult(PlayerManagerComponent * this, long param_1)
71000309f0	16	__push_back_slow_path<std::function<void()>const&>	std::vector<std::function<void()>,bex::HeapModule::Allocator_vector<std::function<void()>>>	d	a	1		void __push_back_slow_path<std::function<void()>const&>(vector<std::function<void()>,bex::HeapModule::Allocator_vector<std::function<void()>>> * this, long * param_1)
7100030a00	16	~FieldObjectManager	mg0110::FieldObjectManager	d	a	1		undefined ~FieldObjectManager(FieldObjectManager * this)
7100030a10	16	PlayerManagerComponent	mg0110::PlayerManagerComponent	d	a	1		undefined PlayerManagerComponent(PlayerManagerComponent * this, undefined8 * param_1, long * param_2)
7100030a20	16	SetHiddenGameUI	mg0110::PlayerManagerComponent	d	a	1		undefined SetHiddenGameUI(PlayerManagerComponent * this)
7100030a30	16	SuspendTimer	<EXTERNAL>::bq::ComUiTimer	d	a	1		undefined SuspendTimer(void)
7100030a40	16	SetSceneParam	mg0110::ParameterStorage	d	a	1		undefined1[16] SetSceneParam(ParameterStorage * this, long param_1)
7100030a50	16	insert_or_assign[abi:v160006]<int&>	std::map<unsigned_long,int,std::less<unsigned_long>,bex::HeapModule::Allocator_map<std::pair<unsigned_long_const,int>>>	d	a	1		undefined1[16] insert_or_assign[abi:v160006]<int&>(map<unsigned_long,int,std::less<unsigned_long>,bex::HeapModule::Allocator_map<std::pair<unsigned_long_const,int>>> * this, ulong * param_1, undefined4 * param_2)
7100030a60	16	insert_or_assign[abi:v160006]<bool&>	std::map<unsigned_long,bool,std::less<unsigned_long>,bex::HeapModule::Allocator_map<std::pair<unsigned_long_const,bool>>>	d	a	1		undefined1[16] insert_or_assign[abi:v160006]<bool&>(map<unsigned_long,bool,std::less<unsigned_long>,bex::HeapModule::Allocator_map<std::pair<unsigned_long_const,bool>>> * this, ulong * param_1, map<unsigned_long,bool,std::less<unsigned_long>,bex::HeapModule::Allocator_map<std::pair<unsigned_long_const,bool>>> * param_2)
7100030a70	16	insert_or_assign[abi:v160006]<float&>	std::map<unsigned_long,float,std::less<unsigned_long>,bex::HeapModule::Allocator_map<std::pair<unsigned_long_const,float>>>	d	a	1		undefined1[16] insert_or_assign[abi:v160006]<float&>(map<unsigned_long,float,std::less<unsigned_long>,bex::HeapModule::Allocator_map<std::pair<unsigned_long_const,float>>> * this, ulong * param_1, undefined4 * param_2)
7100030a80	16	LoadCSV	mg0110::ParameterStorage	d	a	1		undefined LoadCSV(void)
7100030a90	16	__find_equal<unsigned_long>	std::__tree<std::__value_type<unsigned_long,int>,std::__map_value_compare<unsigned_long,std::__value_type<unsigned_long,int>,std::less<unsigned_long>,true>,bex::HeapModule::Allocator_map<std::__value_type<unsigned_long,int>>>	d	a	1		__tree<std::__value_type<unsigned_long,int>,std::__map_value_compare<unsigned_long,std::__value_type<unsigned_long,int>,std::less<unsigned_long>,true>,bex::HeapModule::Allocator_map<std::__value_type<unsigned_long,int>>> * __find_equal<unsigned_long>(__tree<std::__value_type<unsigned_long,int>,std::__map_value_compare<unsigned_long,std::__value_type<unsigned_long,int>,std::less<unsigned_long>,true>,bex::HeapModule::Allocator_map<std::__value_type<unsigned_long,int>>> * this, __tree<std::__value_type<unsigned_long,int>,std::__map_value_compare<unsigned_long,std::__value_type<unsigned_long,int>,std::less<unsigned_long>,true>,bex::HeapModule::Allocator_map<std::__value_type<unsigned_long,int>>> * param_1, long * param_2, __tree<std::__value_type<unsigned_long,int>,std::__map_value_compare<unsigned_long,std::__value_type<unsigned_long,int>,std::less<unsigned_long>,true>,bex::HeapModule::Allocator_map<std::__value_type<unsigned_long,int>>> * param_3, ulong * param_4)
7100030aa0	16	__find_equal<unsigned_long>	std::__tree<std::__value_type<unsigned_long,bool>,std::__map_value_compare<unsigned_long,std::__value_type<unsigned_long,bool>,std::less<unsigned_long>,true>,bex::HeapModule::Allocator_map<std::__value_type<unsigned_long,bool>>>	d	a	1		__tree<std::__value_type<unsigned_long,bool>,std::__map_value_compare<unsigned_long,std::__value_type<unsigned_long,bool>,std::less<unsigned_long>,true>,bex::HeapModule::Allocator_map<std::__value_type<unsigned_long,bool>>> * __find_equal<unsigned_long>(__tree<std::__value_type<unsigned_long,bool>,std::__map_value_compare<unsigned_long,std::__value_type<unsigned_long,bool>,std::less<unsigned_long>,true>,bex::HeapModule::Allocator_map<std::__value_type<unsigned_long,bool>>> * this, __tree<std::__value_type<unsigned_long,bool>,std::__map_value_compare<unsigned_long,std::__value_type<unsigned_long,bool>,std::less<unsigned_long>,true>,bex::HeapModule::Allocator_map<std::__value_type<unsigned_long,bool>>> * param_1, long * param_2, __tree<std::__value_type<unsigned_long,bool>,std::__map_value_compare<unsigned_long,std::__value_type<unsigned_long,bool>,std::less<unsigned_long>,true>,bex::HeapModule::Allocator_map<std::__value_type<unsigned_long,bool>>> * param_3, ulong * param_4)
7100030ab0	16	__find_equal<unsigned_long>	std::__tree<std::__value_type<unsigned_long,float>,std::__map_value_compare<unsigned_long,std::__value_type<unsigned_long,float>,std::less<unsigned_long>,true>,bex::HeapModule::Allocator_map<std::__value_type<unsigned_long,float>>>	d	a	1		__tree<std::__value_type<unsigned_long,float>,std::__map_value_compare<unsigned_long,std::__value_type<unsigned_long,float>,std::less<unsigned_long>,true>,bex::HeapModule::Allocator_map<std::__value_type<unsigned_long,float>>> * __find_equal<unsigned_long>(__tree<std::__value_type<unsigned_long,float>,std::__map_value_compare<unsigned_long,std::__value_type<unsigned_long,float>,std::less<unsigned_long>,true>,bex::HeapModule::Allocator_map<std::__value_type<unsigned_long,float>>> * this, __tree<std::__value_type<unsigned_long,float>,std::__map_value_compare<unsigned_long,std::__value_type<unsigned_long,float>,std::less<unsigned_long>,true>,bex::HeapModule::Allocator_map<std::__value_type<unsigned_long,float>>> * param_1, long * param_2, __tree<std::__value_type<unsigned_long,float>,std::__map_value_compare<unsigned_long,std::__value_type<unsigned_long,float>,std::less<unsigned_long>,true>,bex::HeapModule::Allocator_map<std::__value_type<unsigned_long,float>>> * param_3, ulong * param_4)
7100030ac0	16	Reset	nn::bezel::HandleSource<nn::bezel::Component>	d	a	1		undefined Reset(HandleSource<nn::bezel::Component> * this, long param_1)
7100030ad0	16	CreateActor	mg0110::PlayerComponent	d	a	1		undefined CreateActor(PlayerComponent * this)
7100030ae0	16	AddComponent<bq::ComMatter,bex::PlayerID,bq::MatterType,(void*)0>	nn::bezel::Entity	d	a	1		WeakHandle AddComponent<bq::ComMatter,bex::PlayerID,bq::MatterType,(void*)0>(long * param_1_00, HandlePtr * param_2, undefined4 * param_3, undefined4 * param_4)
7100030af0	16	GetMotion	<EXTERNAL>::actor::ComActor	d	a	1		undefined GetMotion(void)
7100030b00	16	SetActorType	<EXTERNAL>::actor::ComActor	d	a	1		undefined SetActorType(uint param_1)
7100030b10	16	SetInputControlEnabled	<EXTERNAL>::actor::ComActor	d	a	1		undefined SetInputControlEnabled(bool param_1)
7100030b20	16	SetGroundedLimit	<EXTERNAL>::actor::ComActor	d	a	1		undefined SetGroundedLimit(Vector3f * param_1)
7100030b30	16	SetGravityScale	<EXTERNAL>::actor::ComActor	d	a	1		undefined SetGravityScale(float param_1)
7100030b40	16	SetGroundedTestEnabled	<EXTERNAL>::actor::ComActor	d	a	1		undefined SetGroundedTestEnabled(bool param_1)
7100030b50	16	EraseAction	<EXTERNAL>::actor::ComActor	d	a	1		undefined EraseAction(ActorHashedString * param_1)
7100030b60	16	RegisterAction	<EXTERNAL>::actor::ComActor	d	a	1		undefined RegisterAction(ActorHashedString * param_1, function * param_2)
7100030b70	16	CallAction	<EXTERNAL>::actor::ComActor	d	a	1		undefined CallAction(ActorHashedString * param_1, bool param_2)
7100030b80	16	AddHeading	<EXTERNAL>::bq::ComMatter	d	a	1		undefined AddHeading(void)
7100030b90	16	SetDecalShadowEnable	<EXTERNAL>::bex::gfx::ComModelBuffer	d	a	1		undefined SetDecalShadowEnable(bool param_1)
7100030ba0	16	SetStencilMaskDisabled	<EXTERNAL>::bex::gfx::ComModelBuffer	d	a	1		undefined SetStencilMaskDisabled(bool param_1)
7100030bb0	16	SafeCreate<bq::ComMatter,nn::bezel::HandlePtr<nn::bezel::Entity>const&,bex::PlayerID,bq::MatterType>	bex::ComponentUtil	d	a	1		WeakHandle SafeCreate<bq::ComMatter,nn::bezel::HandlePtr<nn::bezel::Entity>const&,bex::PlayerID,bq::MatterType>(long * param_1_00, ComponentUtil * this, undefined4 * param_3, undefined4 * param_4)
7100030bc0	16	lock	<EXTERNAL>::std::__shared_weak_count	d	a	1		undefined lock(void)
7100030bd0	16	SetActionName	<EXTERNAL>::actor::ComActor	d	a	1		undefined SetActionName(ActorHashedString * param_1, bool param_2)
7100030be0	16	make_shared<wl::Bone,nn::bezel::HandlePtr<nn::bezel::ComModel>,char_const(&)[14]>	wl	d	a	1		shared_ptr make_shared<wl::Bone,nn::bezel::HandlePtr<nn::bezel::ComModel>,char_const(&)[14]>(undefined8 * param_1_00, wl * this, char * param_3)
7100030bf0	16	AddComponent<nn::bezel::ComAttachment,,(void*)0>	nn::bezel::Entity	d	a	1		WeakHandle AddComponent<nn::bezel::ComAttachment,,(void*)0>(long * param_1, HandlePtr * param_2)
7100030c00	16	SetTarget	<EXTERNAL>::nn::bezel::ComAttachment	d	a	1		undefined SetTarget(WeakHandle * param_1)
7100030c10	16	Detach	wl::_Interface_Based_Model	d	a	1		undefined Detach(_Interface_Based_Model * this)
7100030c20	16	GetPosition	<EXTERNAL>::actor::ComActor	d	a	1		undefined GetPosition(void)
7100030c30	16	atan2f		i	i	1		float atan2f(float __y, float __x)
7100030c40	16	SetPosition	<EXTERNAL>::actor::ComActor	d	a	1		undefined SetPosition(Vector3f * param_1)
7100030c50	16	RequestRotation	<EXTERNAL>::actor::ComActor	d	a	1		undefined RequestRotation(Quaternion * param_1)
7100030c60	16	GetRotation	<EXTERNAL>::actor::ComActor	d	a	1		undefined GetRotation(void)
7100030c70	16	IsRotationEnd	<EXTERNAL>::actor::ComActor	d	a	1		undefined IsRotationEnd(void)
7100030c80	16	SetRotation	<EXTERNAL>::actor::ComActor	d	a	1		undefined SetRotation(Quaternion * param_1)
7100030c90	16	DefaultActionAnimation	<EXTERNAL>::actor::DefaultActorAction	d	a	1		undefined DefaultActionAnimation(ActionContext * param_1, ActorHashedString * param_2, StringViewHashPair * param_3, StringViewHashPair * param_4)
7100030ca0	16	AnimationName	actor::MotionArg	d	a	1		MotionArg * AnimationName(MotionArg * this, long param_1)
7100030cb0	16	Play	<EXTERNAL>::actor::ComActorMotion	d	a	1		undefined Play(MotionArg * param_1)
7100030cc0	16	IsNoMoveEye	mg0110::PlayerComponent	d	a	1		uint IsNoMoveEye(PlayerComponent * this)
7100030cd0	16	GetPlayerCharacterID	<EXTERNAL>::bq::ComCharacterParam	d	a	1		undefined GetPlayerCharacterID(void)
7100030ce0	16	SetPosition	mg0110::PlayerComponent	d	a	1		undefined SetPosition(long param_1)
7100030cf0	16	SetAngle	mg0110::PlayerComponent	d	a	1		undefined SetAngle(long param_1)
7100030d00	16	MoveToPosition	mg0110::PlayerComponent	d	a	1		undefined MoveToPosition(PlayerComponent * this, vector<nn::util::Vector3f,bex::HeapModule::Allocator_vector<nn::util::Vector3f>> * param_1)
7100030d10	16	assign<nn::util::Vector3f*,0>	std::vector<nn::util::Vector3f,bex::HeapModule::Allocator_vector<nn::util::Vector3f>>	d	a	1		undefined8 * assign<nn::util::Vector3f*,0>(vector<nn::util::Vector3f,bex::HeapModule::Allocator_vector<nn::util::Vector3f>> * this, undefined8 * param_1, undefined8 * param_2)
7100030d20	16	MoveToPosition	mg0110::PlayerComponent	d	a	1		undefined MoveToPosition(PlayerComponent * this, vector<nn::util::Vector3f,bex::HeapModule::Allocator_vector<nn::util::Vector3f>> * param_1, undefined8 * param_2)
7100030d30	16	RotateToAngle	mg0110::PlayerComponent	d	a	1		undefined RotateToAngle(PlayerComponent * this, undefined8 * param_1)
7100030d40	16	ScaleOut	mg0110::PlayerComponent	d	a	1		undefined ScaleOut(PlayerComponent * this)
7100030d50	16	PlayIdle	mg0110::PlayerComponent	d	a	1		undefined PlayIdle(PlayerComponent * this)
7100030d60	16	PlayKeyPickup	mg0110::PlayerComponent	d	a	1		undefined PlayKeyPickup(PlayerComponent * this, undefined8 * param_1)
7100030d70	16	PlayKeyRelease	mg0110::PlayerComponent	d	a	1		undefined PlayKeyRelease(PlayerComponent * this, undefined8 * param_1, undefined8 * param_2)
7100030d80	16	DisappearsKey	mg0110::PlayerComponent	d	a	1		undefined DisappearsKey(PlayerComponent * this)
7100030d90	16	HasCastableComponentImpl	<EXTERNAL>::nn::bezel::Entity	d	a	1		undefined HasCastableComponentImpl(TypeDesc * param_1)
7100030da0	16	_internalRemoveComponentByTypeDesc	<EXTERNAL>::nn::bezel::Entity	d	a	1		undefined _internalRemoveComponentByTypeDesc(TypeDesc * param_1)
7100030db0	16	PlayLookAround	mg0110::PlayerComponent	d	a	1		undefined PlayLookAround(PlayerComponent * this)
7100030dc0	16	PlayJoy	mg0110::PlayerComponent	d	a	1		undefined PlayJoy(PlayerComponent * this)
7100030dd0	16	PlaySorrow	mg0110::PlayerComponent	d	a	1		undefined PlaySorrow(PlayerComponent * this)
7100030de0	16	PlayGuts	mg0110::PlayerComponent	d	a	1		undefined PlayGuts(PlayerComponent * this)
7100030df0	16	PlayLookOut	mg0110::PlayerComponent	d	a	1		undefined PlayLookOut(PlayerComponent * this)
7100030e00	16	SetEscape	mg0110::PlayerComponent	d	a	1		undefined SetEscape(PlayerComponent * this, undefined4 param_1)
7100030e10	16	Bone	wl::Bone	d	a	1		undefined Bone(Bone * this, undefined8 * param_1, byte * param_2)
7100030e20	16	~PlayerComponent	mg0110::PlayerComponent	d	a	1		undefined ~PlayerComponent(PlayerComponent * this)
7100030e30	16	Create	<EXTERNAL>::nn::bezel::ComAttachment	d	a	1		undefined Create(HandlePtr * param_1)
7100030e40	16	Reserve	<EXTERNAL>::nn::bezel::detail::RcArena	d	a	1		undefined Reserve(void)
7100030e50	16	ComMatter	<EXTERNAL>::bq::ComMatter	d	a	1		undefined ComMatter(ComMatter * this, HandlePtr * param_1, PlayerID param_2, MatterType param_3)
7100030e60	16	GetBoneSocket	<EXTERNAL>::nn::bezel::ComModel	d	a	1		undefined GetBoneSocket(basic_string_view param_1)
7100030e70	16	PlayerComponent	mg0110::PlayerComponent	d	a	1		undefined PlayerComponent(PlayerComponent * this, undefined8 * param_1, undefined8 * param_2)
7100030e80	16	Setup	mg0110::PlayerControl	d	a	1		undefined Setup(PlayerControl * this, undefined8 * param_1)
7100030e90	16	ThinkTargetKey	mg0110::PlayerControl	d	a	1		undefined ThinkTargetKey(PlayerControl * this, long * param_1, long * param_2, int param_3)
7100030ea0	16	IsDistractSelect	mg0110::PlayerControl	d	a	1		bool IsDistractSelect(PlayerControl * this)
7100030eb0	16	GetProbabilityAgoTable	mg0110::PlayerControl	d	a	1		undefined GetProbabilityAgoTable(int * param_1_00, PlayerControl * param_2, long * param_3, long * param_4, int param_5)
7100030ec0	16	IsEasySelect	mg0110::PlayerControl	d	a	1		bool IsEasySelect(PlayerControl * this)
7100030ed0	16	format<int,int>	wl	d	a	1		char * format<int,int>(long * param_1_00, wl * this, uint * param_3, uint * param_4)
7100030ee0	16	GetComLevel	<EXTERNAL>::bq::PlayerWork	d	a	1		undefined GetComLevel(void)
7100030ef0	16	SyncRandModF	<EXTERNAL>::bex::RandModule	d	a	1		undefined SyncRandModF(float param_1)
7100030f00	16	GetRemenberCount	mg0110::PlayerControl	d	a	1		undefined4 GetRemenberCount(PlayerControl * this)
7100030f10	16	snprintf		i	i	1		int snprintf(char * __s, size_t __maxlen, char * __format, ...)
7100030f20	16	ThinkTargetDoor	mg0110::PlayerControl	d	a	1		undefined ThinkTargetDoor(PlayerControl * param_1, long * param_2, long * param_3, ulong param_4, int param_5)
7100030f30	16	format<int>	wl	d	a	1		char * format<int>(long * param_1_00, wl * this, uint * param_3)
7100030f40	16	GetBrainTime	mg0110::PlayerControl	d	a	1		float GetBrainTime(PlayerControl * this)
7100030f50	16	GetControlTime	mg0110::PlayerControl	d	a	1		undefined4 GetControlTime(PlayerControl * this)
7100030f60	16	GetDecideWaitTime	mg0110::PlayerControl	d	a	1		float GetDecideWaitTime(PlayerControl * this)
7100030f70	16	ResetOverlayInput	mg0110::PlayerControl	d	a	1		undefined ResetOverlayInput(PlayerControl * this)
7100030f80	16	GetPad	<EXTERNAL>::actor::ComActor	d	a	1		undefined GetPad(void)
7100030f90	16	SetOverlayHold	<EXTERNAL>::actor::ComActorPad	d	a	1		undefined SetOverlayHold(uint param_1)
7100030fa0	16	SetOverlayTrigger	<EXTERNAL>::actor::ComActorPad	d	a	1		undefined SetOverlayTrigger(uint param_1)
7100030fb0	16	SetOverlayRelease	<EXTERNAL>::actor::ComActorPad	d	a	1		undefined SetOverlayRelease(uint param_1)
7100030fc0	16	SetOverlayInput	mg0110::PlayerControl	d	a	1		undefined SetOverlayInput(PlayerControl * this, int param_1)
7100030fd0	16	IsOverlayEnabled	<EXTERNAL>::actor::ComActorPad	d	a	1		undefined IsOverlayEnabled(void)
7100030fe0	16	SetOverlayEnabled	<EXTERNAL>::actor::ComActorPad	d	a	1		undefined SetOverlayEnabled(bool param_1)
7100030ff0	16	PlayerControl	mg0110::PlayerControl	d	a	1		undefined PlayerControl(PlayerControl * this)
7100031000	16	CreateIBLTextures	mg0110::PlayerManagerComponent	d	a	1		undefined CreateIBLTextures(PlayerManagerComponent * this)
7100031010	16	CreatePlayers	mg0110::PlayerManagerComponent	d	a	1		undefined CreatePlayers(PlayerManagerComponent * this, long * param_1)
7100031020	16	CreateTelop	mg0110::PlayerManagerComponent	d	a	1		undefined CreateTelop(PlayerManagerComponent * this)
7100031030	16	CreateTimer	mg0110::PlayerManagerComponent	d	a	1		undefined CreateTimer(PlayerManagerComponent * this)
7100031040	16	CreateSelectCursor	mg0110::PlayerManagerComponent	d	a	1		undefined CreateSelectCursor(PlayerManagerComponent * this)
7100031050	16	CreateRouletteUI	mg0110::PlayerManagerComponent	d	a	1		undefined CreateRouletteUI(PlayerManagerComponent * this)
7100031060	16	CreateEntity	<EXTERNAL>::nn::bezel::EntityModule	d	a	1		undefined CreateEntity(CreateEntityParams * param_1)
7100031070	16	AddComponent<mg0110::PlayerComponent,nn::bezel::WeakHandle<bq::PlayerWork>const&,(void*)0>	nn::bezel::Entity	d	a	1		WeakHandle AddComponent<mg0110::PlayerComponent,nn::bezel::WeakHandle<bq::PlayerWork>const&,(void*)0>(long * param_1_00, HandlePtr * param_2, undefined8 * param_3)
7100031080	16	ToApply	mg0110::util::IBLTextures	d	a	1		undefined ToApply(IBLTextures * this, long * param_1)
7100031090	16	__push_back_slow_path<mg0110::PlayerManagerComponent::PlayerContainer_const&>	std::vector<mg0110::PlayerManagerComponent::PlayerContainer,bex::HeapModule::Allocator_vector<mg0110::PlayerManagerComponent::PlayerContainer>>	d	a	1		void __push_back_slow_path<mg0110::PlayerManagerComponent::PlayerContainer_const&>(vector<mg0110::PlayerManagerComponent::PlayerContainer,bex::HeapModule::Allocator_vector<mg0110::PlayerManagerComponent::PlayerContainer>> * this, undefined4 * param_1)
71000310a0	16	AddComponent<bq::ComUiGenericTelop,bq::ComUiGenericTelop::UiGenericTelopType,(void*)0>	nn::bezel::Entity	d	a	1		WeakHandle AddComponent<bq::ComUiGenericTelop,bq::ComUiGenericTelop::UiGenericTelopType,(void*)0>(long * param_1_00, HandlePtr * param_2, undefined4 * param_3)
71000310b0	16	SetMessageLabel	<EXTERNAL>::bq::ComUiGenericTelop	d	a	1		undefined SetMessageLabel(basic_string_view * param_1)
71000310c0	16	AddComponent<bq::ComUiTimer,bq::ComUiTimer::UiTimerType,(void*)0>	nn::bezel::Entity	d	a	1		WeakHandle AddComponent<bq::ComUiTimer,bq::ComUiTimer::UiTimerType,(void*)0>(long * param_1_00, HandlePtr * param_2, undefined4 * param_3)
71000310d0	16	AddComponent<bq::ComUi,char_const*,char_const(&)[19],(void*)0>	nn::bezel::Entity	d	a	1		WeakHandle AddComponent<bq::ComUi,char_const*,char_const(&)[19],(void*)0>(long * param_1_00, HandlePtr * param_2, undefined8 * param_3, char * param_4)
71000310e0	16	AddComponent<bq::ComUi,char_const*,char_const(&)[24],(void*)0>	nn::bezel::Entity	d	a	1		WeakHandle AddComponent<bq::ComUi,char_const*,char_const(&)[24],(void*)0>(long * param_1_00, HandlePtr * param_2, undefined8 * param_3, char * param_4)
71000310f0	16	AddComponent<bq::ComUi,char_const*,char_const(&)[22],(void*)0>	nn::bezel::Entity	d	a	1		WeakHandle AddComponent<bq::ComUi,char_const*,char_const(&)[22],(void*)0>(long * param_1_00, HandlePtr * param_2, undefined8 * param_3, char * param_4)
7100031100	16	IsWorkingTimer	<EXTERNAL>::bq::ComUiTimer	d	a	1		undefined IsWorkingTimer(void)
7100031110	16	RemainSecond	<EXTERNAL>::bq::ComUiTimer	d	a	1		undefined RemainSecond(void)
7100031120	16	In	<EXTERNAL>::bq::ComUiTimer	d	a	1		undefined In(bool param_1)
7100031130	16	SafeCreate<mg0110::PlayerComponent,nn::bezel::HandlePtr<nn::bezel::Entity>const&,nn::bezel::WeakHandle<bq::PlayerWork>const&>	bex::ComponentUtil	d	a	1		WeakHandle SafeCreate<mg0110::PlayerComponent,nn::bezel::HandlePtr<nn::bezel::Entity>const&,nn::bezel::WeakHandle<bq::PlayerWork>const&>(long * param_1_00, ComponentUtil * this, undefined8 * param_3)
7100031140	16	SafeCreate<bq::ComUiGenericTelop,nn::bezel::HandlePtr<nn::bezel::Entity>const&,bq::ComUiGenericTelop::UiGenericTelopType>	bex::ComponentUtil	d	a	1		WeakHandle SafeCreate<bq::ComUiGenericTelop,nn::bezel::HandlePtr<nn::bezel::Entity>const&,bq::ComUiGenericTelop::UiGenericTelopType>(long * param_1_00, ComponentUtil * this, undefined4 * param_3)
7100031150	16	SafeCreate<bq::ComUiTimer,nn::bezel::HandlePtr<nn::bezel::Entity>const&,bq::ComUiTimer::UiTimerType>	bex::ComponentUtil	d	a	1		WeakHandle SafeCreate<bq::ComUiTimer,nn::bezel::HandlePtr<nn::bezel::Entity>const&,bq::ComUiTimer::UiTimerType>(long * param_1_00, ComponentUtil * this, undefined4 * param_3)
7100031160	16	SafeCreate<bq::ComUi,nn::bezel::HandlePtr<nn::bezel::Entity>const&,char_const*,char_const(&)[19]>	bex::ComponentUtil	d	a	1		WeakHandle SafeCreate<bq::ComUi,nn::bezel::HandlePtr<nn::bezel::Entity>const&,char_const*,char_const(&)[19]>(long * param_1_00, ComponentUtil * this, undefined8 * param_3, char * param_4)
7100031170	16	SafeCreate<bq::ComUi,nn::bezel::HandlePtr<nn::bezel::Entity>const&,char_const*,char_const(&)[24]>	bex::ComponentUtil	d	a	1		WeakHandle SafeCreate<bq::ComUi,nn::bezel::HandlePtr<nn::bezel::Entity>const&,char_const*,char_const(&)[24]>(long * param_1_00, ComponentUtil * this, undefined8 * param_3, char * param_4)
7100031180	16	SafeCreate<bq::ComUi,nn::bezel::HandlePtr<nn::bezel::Entity>const&,char_const*,char_const(&)[22]>	bex::ComponentUtil	d	a	1		WeakHandle SafeCreate<bq::ComUi,nn::bezel::HandlePtr<nn::bezel::Entity>const&,char_const*,char_const(&)[22]>(long * param_1_00, ComponentUtil * this, undefined8 * param_3, char * param_4)
7100031190	16	GetPlayers	mg0110::PlayerManagerComponent	d	a	1		undefined GetPlayers(long * param_1, long param_2, long * param_3)
71000311a0	16	RoulettePlayerTurn	mg0110::PlayerManagerComponent	d	a	1		undefined RoulettePlayerTurn(PlayerManagerComponent * this, undefined8 param_2_00, undefined8 * param_2)
71000311b0	16	ShowTelop	mg0110::PlayerManagerComponent	d	a	1		undefined ShowTelop(PlayerManagerComponent * this)
71000311c0	16	WaitUntil	<EXTERNAL>::bex::Fiber	d	a	1		undefined WaitUntil(function param_1)
71000311d0	16	Play2D	<EXTERNAL>::bex::sound::SoundModule	d	a	1		undefined Play2D(char * param_1, Vector3f * param_2, float param_3)
71000311e0	16	SetHeadLookWeight	<EXTERNAL>::bex::ComHeading	d	a	1		undefined SetHeadLookWeight(float param_1)
71000311f0	16	SetHeadLookEnabled	<EXTERNAL>::bex::ComHeading	d	a	1		undefined SetHeadLookEnabled(bool param_1)
7100031200	16	SetEyesLookEnabled	<EXTERNAL>::bex::ComHeading	d	a	1		undefined SetEyesLookEnabled(bool param_1)
7100031210	16	SetTargetLookAtCamera	<EXTERNAL>::bex::ComHeading	d	a	1		undefined SetTargetLookAtCamera(WeakHandle * param_1)
7100031220	16	SetTargetLookAtEntity	<EXTERNAL>::bex::ComHeading	d	a	1		undefined SetTargetLookAtEntity(WeakHandle * param_1, int param_2)
7100031230	16	GetText	<EXTERNAL>::bq::ComUiBase	d	a	1		undefined GetText(char * param_1)
7100031240	16	SetIntVariable	<EXTERNAL>::bex::GuiLayoutText	d	a	1		undefined SetIntVariable(int param_1)
7100031250	16	SetMessageLabel	<EXTERNAL>::bq::GuiLayoutText	d	a	1		undefined SetMessageLabel(basic_string_view * param_1)
7100031260	16	Start	<EXTERNAL>::bq::ComUiGenericTelop	d	a	1		undefined Start(void)
7100031270	16	Out	<EXTERNAL>::bq::ComUiGenericTelop	d	a	1		undefined Out(void)
7100031280	16	NextPlayerTurn	mg0110::PlayerManagerComponent	d	a	1		undefined NextPlayerTurn(PlayerManagerComponent * this)
7100031290	16	SetEscape	mg0110::PlayerManagerComponent	d	a	1		undefined SetEscape(PlayerManagerComponent * this, int * param_1)
71000312a0	16	SetPlayerRank	<EXTERNAL>::bq::MGMgr	d	a	1		undefined SetPlayerRank(PlayerID param_1, GameRank param_2, bool param_3)
71000312b0	16	SetRankRemainPlayer	mg0110::PlayerManagerComponent	d	a	1		undefined SetRankRemainPlayer(PlayerManagerComponent * this)
71000312c0	16	StartTimer	mg0110::PlayerManagerComponent	d	a	1		undefined StartTimer(PlayerManagerComponent * this)
71000312d0	16	SetTimer	<EXTERNAL>::bq::ComUiTimer	d	a	1		undefined SetTimer(float param_1)
71000312e0	16	StartTimer	<EXTERNAL>::bq::ComUiTimer	d	a	1		undefined StartTimer(void)
71000312f0	16	IsEndTimer	<EXTERNAL>::bq::ComUiTimer	d	a	1		undefined IsEndTimer(void)
7100031300	16	IsFinished	<EXTERNAL>::bq::ComUiTimer	d	a	1		undefined IsFinished(void)
7100031310	16	Out	<EXTERNAL>::bq::ComUiTimer	d	a	1		undefined Out(bool param_1)
7100031320	16	SelectKey	mg0110::PlayerManagerComponent	d	a	1		ulong SelectKey(PlayerManagerComponent * this, int * param_1, long * param_2)
7100031330	16	TryStartWhistle	<EXTERNAL>::bq::MGSound	d	a	1		undefined TryStartWhistle(WHISTLE_TYPE param_1)
7100031340	16	GetPlayerType	<EXTERNAL>::bq::PlayerWork	d	a	1		undefined GetPlayerType(void)
7100031350	16	GetTrigger	<EXTERNAL>::actor::ComActorPad	d	a	1		undefined GetTrigger(void)
7100031360	16	LytPosFrom3DPos	<EXTERNAL>::bex::util	d	a	1		undefined LytPosFrom3DPos(Vector3f * param_1, Vector3f * param_2, WeakHandle * param_3)
7100031370	16	SelectDoor	mg0110::PlayerManagerComponent	d	a	1		ulong SelectDoor(PlayerManagerComponent * this, int * param_1, uint param_2, long * param_3)
7100031380	16	~PlayerManagerComponent	mg0110::PlayerManagerComponent	d	a	1		undefined ~PlayerManagerComponent(PlayerManagerComponent * this)
7100031390	16	destroy	std::__tree<std::__value_type<bex::PlayerID,mg0110::PlayerManagerComponent::PlayerContainer>,std::__map_value_compare<bex::PlayerID,std::__value_type<bex::PlayerID,mg0110::PlayerManagerComponent::PlayerContainer>,std::less<bex::PlayerID>,true>,bex::HeapModule::Allocator_map<std::__value_type<bex::PlayerID,mg0110::PlayerManagerComponent::PlayerContainer>>>	d	a	1		undefined destroy(__tree<std::__value_type<bex::PlayerID,mg0110::PlayerManagerComponent::PlayerContainer>,std::__map_value_compare<bex::PlayerID,std::__value_type<bex::PlayerID,mg0110::PlayerManagerComponent::PlayerContainer>,std::less<bex::PlayerID>,true>,bex::HeapModule::Allocator_map<std::__value_type<bex::PlayerID,mg0110::PlayerManagerComponent::PlayerContainer>>> * this, undefined8 * param_1)
71000313a0	16	SetTexture	<EXTERNAL>::bex::gfx::ComModelBuffer	d	a	1		undefined SetTexture(TextureType param_1, HandlePtr * param_2)
71000313b0	16	ComUiTimer	<EXTERNAL>::bq::ComUiTimer	d	a	1		undefined ComUiTimer(ComUiTimer * this, HandlePtr * param_1, UiTimerType param_2)
71000313c0	16	ComUiGenericTelop	<EXTERNAL>::bq::ComUiGenericTelop	d	a	1		undefined ComUiGenericTelop(ComUiGenericTelop * this, HandlePtr * param_1, UiGenericTelopType param_2)
71000313d0	16	ComUi	<EXTERNAL>::bq::ComUi	d	a	1		undefined ComUi(ComUi * this, HandlePtr * param_1, basic_string_view * param_2, basic_string_view * param_3)
71000313e0	16	IsIdle	<EXTERNAL>::bq::ComUiGenericTelop	d	a	1		undefined IsIdle(void)
71000313f0	16	Finished	<EXTERNAL>::bq::ComUiGenericTelop	d	a	1		undefined Finished(void)
7100031400	16	Scene	mg0110::Scene	d	a	1		undefined Scene(Scene * this)
7100031410	16	~Scene	mg0110::Scene	d	a	1		undefined ~Scene(Scene * this)
7100031420	16	getStaticTypeinfo	<EXTERNAL>::wl::IMinigameScene	d	a	1		undefined getStaticTypeinfo(void)
7100031430	16	Typeinfo	<EXTERNAL>::rtti::Typeinfo	d	a	1		undefined Typeinfo(Typeinfo * this, Typeinfo * param_1, char * param_2, char * param_3, _func_Property_ptr * param_4, _func_void_ptr * param_5, _func_void_void_ptr * param_6, uint param_7, uint param_8, _func_void_void_ptr_Property_ptr_PropertyList_ptr * param_9, _func_bool_void_ptr_Property_ptr_Typeinfo_ptr_uint * param_10)
7100031440	16	Property	<EXTERNAL>::rtti::Property	d	a	1		undefined Property(Property * this)
7100031450	16	checkGuiPropDefault	<EXTERNAL>::rtti::Typeinfo	d	a	1		undefined checkGuiPropDefault(void * param_1, Property * param_2, PropertyList * param_3)
7100031460	16	createGuiPropDefault	<EXTERNAL>::rtti::Typeinfo	d	a	1		undefined createGuiPropDefault(void * param_1, Property * param_2, Typeinfo * param_3, uint param_4)
7100031470	16	getStaticTypeinfo	<EXTERNAL>::bex::SceneParamBase	d	a	1		undefined getStaticTypeinfo(void)
7100031480	16	Property	<EXTERNAL>::rtti::Property	d	a	1		undefined Property(Property * this, char * param_1, char * param_2, uint param_3, void * param_4, Value * param_5, uint param_6, uchar param_7)
7100031490	16	Property	<EXTERNAL>::rtti::Property	d	a	1		undefined Property(Property * this, char * param_1, char * param_2, uint param_3, void * param_4, Type * param_5)
71000314a0	16	Property	<EXTERNAL>::rtti::Property	d	a	1		undefined Property(Property * this, char * param_1, char * param_2, uint param_3, void * param_4, Type * param_5, int param_6, int param_7, int param_8)
71000314b0	16	MinigameScene	<EXTERNAL>::bq::MinigameScene	d	a	1		undefined MinigameScene(MinigameScene * this)
71000314c0	16	Reset	nn::bezel::HandleSource<mg0110::Scene>	d	a	1		undefined Reset(HandleSource<mg0110::Scene> * this, long param_1)
71000314d0	16	LoadSceneNonPlayerCharacter	<EXTERNAL>::bq::CharacterDataModule	d	a	1		undefined LoadSceneNonPlayerCharacter(NonPlayerCharacterID param_1, bool param_2, bool param_3)
71000314e0	16	destroy	std::__tree<std::__value_type<unsigned_long,float>,std::__map_value_compare<unsigned_long,std::__value_type<unsigned_long,float>,std::less<unsigned_long>,true>,bex::HeapModule::Allocator_map<std::__value_type<unsigned_long,float>>>	d	a	1		undefined destroy(__tree<std::__value_type<unsigned_long,float>,std::__map_value_compare<unsigned_long,std::__value_type<unsigned_long,float>,std::less<unsigned_long>,true>,bex::HeapModule::Allocator_map<std::__value_type<unsigned_long,float>>> * this, undefined8 * param_1)
71000314f0	16	destroy	std::__tree<std::__value_type<unsigned_long,int>,std::__map_value_compare<unsigned_long,std::__value_type<unsigned_long,int>,std::less<unsigned_long>,true>,bex::HeapModule::Allocator_map<std::__value_type<unsigned_long,int>>>	d	a	1		undefined destroy(__tree<std::__value_type<unsigned_long,int>,std::__map_value_compare<unsigned_long,std::__value_type<unsigned_long,int>,std::less<unsigned_long>,true>,bex::HeapModule::Allocator_map<std::__value_type<unsigned_long,int>>> * this, undefined8 * param_1)
7100031500	16	destroy	std::__tree<std::__value_type<unsigned_long,bool>,std::__map_value_compare<unsigned_long,std::__value_type<unsigned_long,bool>,std::less<unsigned_long>,true>,bex::HeapModule::Allocator_map<std::__value_type<unsigned_long,bool>>>	d	a	1		undefined destroy(__tree<std::__value_type<unsigned_long,bool>,std::__map_value_compare<unsigned_long,std::__value_type<unsigned_long,bool>,std::less<unsigned_long>,true>,bex::HeapModule::Allocator_map<std::__value_type<unsigned_long,bool>>> * this, undefined8 * param_1)
7100031510	16	destroy	std::__tree<std::__value_type<wl::eSceneEventID,int>,std::__map_value_compare<wl::eSceneEventID,std::__value_type<wl::eSceneEventID,int>,std::less<wl::eSceneEventID>,true>,bex::HeapModule::Allocator_map<std::__value_type<wl::eSceneEventID,int>>>	d	a	1		undefined destroy(__tree<std::__value_type<wl::eSceneEventID,int>,std::__map_value_compare<wl::eSceneEventID,std::__value_type<wl::eSceneEventID,int>,std::less<wl::eSceneEventID>,true>,bex::HeapModule::Allocator_map<std::__value_type<wl::eSceneEventID,int>>> * this, undefined8 * param_1)
7100031520	16	~MinigameScene	<EXTERNAL>::bq::MinigameScene	d	a	1		undefined ~MinigameScene(MinigameScene * this)
7100031530	16	GetSceneParams	<EXTERNAL>::bex::SceneBase	d	a	1		undefined GetSceneParams(void)
7100031540	16	SetupEnv	mg0110::Scene	d	a	1		undefined SetupEnv(Scene * this)
7100031550	16	ForEachComponentImpl<bex::gfx::ComDirectionalLight>	nn::bezel::Entity	d	a	1		void ForEachComponentImpl<bex::gfx::ComDirectionalLight>(Entity * this, uint param_1, uint param_2, undefined8 * param_3)
7100031560	16	alternativeMemoryDealloc	<EXTERNAL>::nn::bezel::detail	d	a	1		undefined alternativeMemoryDealloc(void * param_1)
7100031570	16	PlaySequence<mg0110::SequenceOpening>	mg0110::SequenceDirector	d	a	1		void PlaySequence<mg0110::SequenceOpening>(SequenceDirector * this)
7100031580	16	Fiber	<EXTERNAL>::bex::Fiber	d	a	1		undefined Fiber(Fiber * this, basic_string_view * param_1, int param_2, bool param_3)
7100031590	16	PlaySequence<mg0110::SequenceMainpart>	mg0110::SequenceDirector	d	a	1		void PlaySequence<mg0110::SequenceMainpart>(SequenceDirector * this)
71000315a0	16	PlaySequence<mg0110::SequenceFinishAfter>	mg0110::SequenceDirector	d	a	1		void PlaySequence<mg0110::SequenceFinishAfter>(SequenceDirector * this)
71000315b0	16	Setup_DefaultEndingResult	<EXTERNAL>::wl::IMinigameScene	d	a	1		undefined Setup_DefaultEndingResult(WeakHandle * param_1, SceneResult_Builder * param_2)
71000315c0	16	alternativeAlignmentMemoryAlloc	<EXTERNAL>::nn::bezel::detail	d	a	1		undefined alternativeAlignmentMemoryAlloc(ulong param_1, ulong param_2)
71000315d0	16	IsTransformOverwrite	<EXTERNAL>::bex::gfx::ComDirectionalLight	d	a	1		undefined IsTransformOverwrite(void)
71000315e0	16	GetOverwriteRotation	<EXTERNAL>::bex::gfx::ComDirectionalLight	d	a	1		undefined GetOverwriteRotation(void)
71000315f0	16	getStaticTypeinfo	<EXTERNAL>::bex::Fiber	d	a	1		undefined getStaticTypeinfo(void)
7100031600	16	Fiber	<EXTERNAL>::bex::Fiber	d	a	1		undefined Fiber(Fiber * this, int param_1, bool param_2)
7100031610	16	GetNotEscapePlayers	mg0110::PlayerManagerComponent	d	a	1		undefined GetNotEscapePlayers(long * param_1, long param_2)
7100031620	16	MoveToPositionWithFiberWait	mg0110::PlayerComponent	d	a	1		undefined MoveToPositionWithFiberWait(PlayerComponent * this, undefined8 * param_1, undefined8 * param_2)
7100031630	16	~Fiber	<EXTERNAL>::bex::Fiber	d	a	1		undefined ~Fiber(Fiber * this)
7100031640	16	PhaseRoulette	mg0110::SequenceMainpart	d	a	1		undefined PhaseRoulette(SequenceMainpart * this)
7100031650	16	PhaseSelect	mg0110::SequenceMainpart	d	a	1		undefined PhaseSelect(SequenceMainpart * this)
7100031660	16	PhaseCorrect	mg0110::SequenceMainpart	d	a	1		undefined PhaseCorrect(undefined1[16] param_1, undefined1[16] param_2, undefined1[16] param_3, undefined1[16] param_4, SequenceMainpart * this)
7100031670	16	PhaseTakeAway	mg0110::SequenceMainpart	d	a	1		undefined PhaseTakeAway(SequenceMainpart * this)
7100031680	16	CheckPlayOnlyCPU	mg0110::SequenceMainpart	d	a	1		undefined CheckPlayOnlyCPU(SequenceMainpart * this)
7100031690	16	PhaseUncorrect	mg0110::SequenceMainpart	d	a	1		undefined PhaseUncorrect(undefined1[16] param_1, undefined1[16] param_2, undefined1[16] param_3, undefined1[16] param_4, SequenceMainpart * this)
71000316a0	16	GetPlayerIDList	mg0110::PlayerManagerComponent	d	a	1		undefined GetPlayerIDList(long * param_1, long param_2)
71000316b0	16	SetTargetNone	<EXTERNAL>::bex::ComHeading	d	a	1		undefined SetTargetNone(void)
71000316c0	16	MoveToPosition	mg0110::PlayerComponent	d	a	1		undefined MoveToPosition(float param_1, PlayerComponent * this, undefined8 * param_3)
71000316d0	16	MoveToPositionWithFiberWait	mg0110::PlayerComponent	d	a	1		undefined MoveToPositionWithFiberWait(PlayerComponent * this, undefined8 * param_1)
71000316e0	16	ReturnKey	mg0110::FieldObjectManager	d	a	1		undefined ReturnKey(FieldObjectManager * this, uint param_1)
71000316f0	16	AddPatternMemory	mg0110::PlayerControl	d	a	1		undefined AddPatternMemory(PlayerControl * this, undefined8 * param_1)
7100031700	16	RotateToAngleWithFiberWait	mg0110::PlayerComponent	d	a	1		undefined RotateToAngleWithFiberWait(float param_1, PlayerComponent * this)
7100031710	16	StartScaleOut	mg0110::PlayerComponent	d	a	1		undefined StartScaleOut(PlayerComponent * this)
7100031720	16	~SequenceMainpart	mg0110::SequenceMainpart	d	a	1		undefined ~SequenceMainpart(SequenceMainpart * this)
7100031730	16	AddComponent<bq::ComMatter,char_const*&,(void*)0>	nn::bezel::Entity	d	a	1		WeakHandle AddComponent<bq::ComMatter,char_const*&,(void*)0>(long * param_1_00, HandlePtr * param_2, undefined8 * param_3)
7100031740	16	_Interface_Animation	wl::_Interface_Animation	d	a	1		undefined _Interface_Animation(_Interface_Animation * this, long * param_1)
7100031750	16	_Interface_FxTrigger	wl::_Interface_FxTrigger	d	a	1		undefined _Interface_FxTrigger(_Interface_FxTrigger * this, undefined8 * param_1)
7100031760	16	format<unsigned_long>	wl	d	a	1		char * format<unsigned_long>(long * param_1_00, wl * this, undefined8 * param_3)
7100031770	16	AddAnimationSlot	wl::_Interface_Animation	d	a	1		undefined AddAnimationSlot(undefined8 * param_1_00, long param_2, byte * param_3)
7100031780	16	Play	<EXTERNAL>::actor::ActorAnimationSlot	d	a	1		undefined Play(StringViewHashPair * param_1)
7100031790	16	FindBone	wl::_Interface_Based_Model	d	a	1		undefined FindBone(undefined8 * param_1_00, long param_2, ulong * param_3)
71000317a0	16	SetRotation	<EXTERNAL>::bex::Effect	d	a	1		undefined SetRotation(Quaternion * param_1)
71000317b0	16	FindBoneIndex	<EXTERNAL>::nn::bezel::ComModel	d	a	1		undefined FindBoneIndex(basic_string_view param_1)
71000317c0	16	make_shared<wl::Bone,nn::bezel::HandlePtr<nn::bezel::ComModel>&,std::basic_string<char,std::char_traits<char>,bex::HeapModule::Allocator_string<char>>const&>	wl	d	a	1		shared_ptr make_shared<wl::Bone,nn::bezel::HandlePtr<nn::bezel::ComModel>&,std::basic_string<char,std::char_traits<char>,bex::HeapModule::Allocator_string<char>>const&>(undefined8 * param_1_00, wl * this, ulong * param_3)
71000317d0	16	GetDecalShadowIndex	<EXTERNAL>::bex::gfx::ComModelBuffer	d	a	1		undefined GetDecalShadowIndex(void)
71000317e0	16	SetDecalShadowModelTransformType	<EXTERNAL>::bex::gfx::ComModelBuffer	d	a	1		undefined SetDecalShadowModelTransformType(DecalShadowIndex param_1, DecalShadowModelTransformType param_2)
71000317f0	16	SetDecalShadowRotate	<EXTERNAL>::bex::gfx::ComModelBuffer	d	a	1		undefined SetDecalShadowRotate(DecalShadowIndex param_1, Vector3f * param_2)
7100031800	16	SetDecalShadowOffset	<EXTERNAL>::bex::gfx::ComModelBuffer	d	a	1		undefined SetDecalShadowOffset(DecalShadowIndex param_1, Vector3f * param_2)
7100031810	16	SetDecalShadowScale	<EXTERNAL>::bex::gfx::ComModelBuffer	d	a	1		undefined SetDecalShadowScale(DecalShadowIndex param_1, Vector3f * param_2)
7100031820	16	SetDecalShadowAttenuationStart	<EXTERNAL>::bex::gfx::ComModelBuffer	d	a	1		undefined SetDecalShadowAttenuationStart(DecalShadowIndex param_1, float param_2)
7100031830	16	SetCastShadowOverwriteDisabled	<EXTERNAL>::bex::gfx::ComModelBuffer	d	a	1		undefined SetCastShadowOverwriteDisabled(bool param_1)
7100031840	16	AddComponent<bq::ComMatter,bq::NonPlayerCharacterID,(void*)0>	nn::bezel::Entity	d	a	1		WeakHandle AddComponent<bq::ComMatter,bq::NonPlayerCharacterID,(void*)0>(long * param_1_00, HandlePtr * param_2, undefined4 * param_3)
7100031850	16	SafeCreate<bq::ComMatter,nn::bezel::HandlePtr<nn::bezel::Entity>const&,bq::NonPlayerCharacterID>	bex::ComponentUtil	d	a	1		WeakHandle SafeCreate<bq::ComMatter,nn::bezel::HandlePtr<nn::bezel::Entity>const&,bq::NonPlayerCharacterID>(long * param_1_00, ComponentUtil * this, undefined4 * param_3)
7100031860	16	Stop	<EXTERNAL>::nn::bezel::ComFxTrigger	d	a	1		undefined Stop(basic_string_view param_1)
7100031870	16	Play	<EXTERNAL>::nn::bezel::ComFxTrigger	d	a	1		undefined Play(basic_string_view param_1)
7100031880	16	AddAnimationSlot	<EXTERNAL>::actor::ComActorMotion	d	a	1		undefined AddAnimationSlot(StringViewHashPair * param_1)
7100031890	16	AddComponent<nn::bezel::ComAnimator,,(void*)0>	nn::bezel::Entity	d	a	1		WeakHandle AddComponent<nn::bezel::ComAnimator,,(void*)0>(long * param_1, HandlePtr * param_2)
71000318a0	16	AnimationController	<EXTERNAL>::bex::AnimationController	d	a	1		undefined AnimationController(AnimationController * this)
71000318b0	16	SetController	<EXTERNAL>::nn::bezel::ComAnimator	d	a	1		undefined SetController(UniqueHandlePtr param_1)
71000318c0	16	AddComponent<actor::ComActorMotion,,(void*)0>	nn::bezel::Entity	d	a	1		WeakHandle AddComponent<actor::ComActorMotion,,(void*)0>(long * param_1, HandlePtr * param_2)
71000318d0	16	Reset	nn::bezel::HandleSource<bex::FxtCallback_Particle>	d	a	1		undefined Reset(HandleSource<bex::FxtCallback_Particle> * this, long param_1)
71000318e0	16	Reset	nn::bezel::HandleSource<bex::FxtCallback_Audio>	d	a	1		undefined Reset(HandleSource<bex::FxtCallback_Audio> * this, long param_1)
71000318f0	16	Reset	nn::bezel::HandleSource<bex::FxtCallback_Vibration>	d	a	1		undefined Reset(HandleSource<bex::FxtCallback_Vibration> * this, long param_1)
7100031900	16	Reset	nn::bezel::HandleSource<bex::FxtCallback_UserTrigger>	d	a	1		undefined Reset(HandleSource<bex::FxtCallback_UserTrigger> * this, long param_1)
7100031910	16	AddFxTrigger	<EXTERNAL>::actor::Util	d	a	1		undefined AddFxTrigger(HandlePtr * param_1)
7100031920	16	_component	wl::_Interface_FxTrigger	d	a	1		undefined _component(long * param_1, long * param_2)
7100031930	16	AddParticleFxCallback	<EXTERNAL>::bex::ComFxTrigger	d	a	1		undefined AddParticleFxCallback(WeakHandle * param_1)
7100031940	16	AddAudioCallback	<EXTERNAL>::bex::ComFxTrigger	d	a	1		undefined AddAudioCallback(WeakHandle * param_1)
7100031950	16	AddVibrationCallback	<EXTERNAL>::bex::ComFxTrigger	d	a	1		undefined AddVibrationCallback(WeakHandle * param_1)
7100031960	16	AddUserTriggerCallback	<EXTERNAL>::bex::ComFxTrigger	d	a	1		undefined AddUserTriggerCallback(WeakHandle * param_1)
7100031970	16	SafeCreate<bq::ComMatter,nn::bezel::HandlePtr<nn::bezel::Entity>const&,char_const*&>	bex::ComponentUtil	d	a	1		WeakHandle SafeCreate<bq::ComMatter,nn::bezel::HandlePtr<nn::bezel::Entity>const&,char_const*&>(long * param_1_00, ComponentUtil * this, undefined8 * param_3)
7100031980	16	Create	<EXTERNAL>::nn::bezel::ComAnimator	d	a	1		undefined Create(HandlePtr * param_1)
7100031990	16	Create	<EXTERNAL>::actor::ComActorMotion	d	a	1		undefined Create(HandlePtr * param_1)
71000319a0	16	operator()	wl::_Interface_FxTrigger::_Interface_FxTrigger(wl::entity_const&)::{lambda(bex::FxtCallbackParam_Particle_const&)#1}	d	a	1		undefined operator()({lambda(bex::FxtCallbackParam_Particle_const&)#1} * this, undefined8 * param_1)
71000319b0	16	__find_equal<std::basic_string<char,std::char_traits<char>,bex::HeapModule::Allocator_string<char>>>	std::__tree<std::__value_type<std::basic_string<char,std::char_traits<char>,bex::HeapModule::Allocator_string<char>>,bex::vector<wl::effect>>,std::__map_value_compare<std::basic_string<char,std::char_traits<char>,bex::HeapModule::Allocator_string<char>>,std::__value_type<std::basic_string<char,std::char_traits<char>,bex::HeapModule::Allocator_string<char>>,bex::vector<wl::effect>>,std::less<std::basic_string<char,std::char_traits<char>,bex::HeapModule::Allocator_string<char>>>,true>,bex::HeapModule::Allocator_map<std::__value_type<std::basic_string<char,std::char_traits<char>,bex::HeapModule::Allocator_string<char>>,bex::vector<wl::effect>>>>	d	a	1		__tree<std::__value_type<std::basic_string<char,std::char_traits<char>,bex::HeapModule::Allocator_string<char>>,bex::vector<wl::effect>>,std::__map_value_compare<std::basic_string<char,std::char_traits<char>,bex::HeapModule::Allocator_string<char>>,std::__value_type<std::basic_string<char,std::char_traits<char>,bex::HeapModule::Allocator_string<char>>,bex::vector<wl::effect>>,std::less<std::basic_string<char,std::char_traits<char>,bex::HeapModule::Allocator_string<char>>>,true>,bex::HeapModule::Allocator_map<std::__value_type<std::basic_string<char,std::char_traits<char>,bex::HeapModule::Allocator_string<char>>,bex::vector<wl::effect>>>> * __find_equal<std::basic_string<char,std::char_traits<char>,bex::HeapModule::Allocator_string<char>>>(__tree<std::__value_type<std::basic_string<char,std::char_traits<char>,bex::HeapModule::Allocator_string<char>>,bex::vector<wl::effect>>,std::__map_value_compare<std::basic_string<char,std::char_traits<char>,bex::HeapModule::Allocator_string<char>>,std::__value_type<std::basic_string<char,std::char_traits<char>,bex::HeapModule::Allocator_string<char>>,bex::vector<wl::effect>>,std::less<std::basic_string<char,std::char_traits<char>,bex::HeapModule::Allocator_string<char>>>,true>,bex::HeapModule::Allocator_map<std::__value_type<std::basic_string<char,std::char_traits<char>,bex::HeapModule::Allocator_string<char>>,bex::vector<wl::effect>>>> * this, undefined8 * param_1, byte * param_2)
71000319c0	16	emplace_back<nn::bezel::HandlePtr<bex::Effect>const&>	std::vector<wl::effect,bex::HeapModule::Allocator_vector<wl::effect>>	d	a	1		undefined8 * emplace_back<nn::bezel::HandlePtr<bex::Effect>const&>(vector<wl::effect,bex::HeapModule::Allocator_vector<wl::effect>> * this, undefined8 * param_1)
71000319d0	16	memcmp		i	i	1		int memcmp(void * __s1, void * __s2, size_t __n)
71000319e0	16	~exception	<EXTERNAL>::std::exception	d	a	1		undefined ~exception(exception * this)
71000319f0	16	operator()	wl::_Interface_FxTrigger::_Interface_FxTrigger(wl::entity_const&)::{lambda(bex::FxtCallbackParam_Audio_const&)#1}	d	a	1		undefined operator()({lambda(bex::FxtCallbackParam_Audio_const&)#1} * this, undefined8 * param_1)
7100031a00	16	__find_equal<std::basic_string<char,std::char_traits<char>,bex::HeapModule::Allocator_string<char>>>	std::__tree<std::__value_type<std::basic_string<char,std::char_traits<char>,bex::HeapModule::Allocator_string<char>>,bex::vector<wl::sound>>,std::__map_value_compare<std::basic_string<char,std::char_traits<char>,bex::HeapModule::Allocator_string<char>>,std::__value_type<std::basic_string<char,std::char_traits<char>,bex::HeapModule::Allocator_string<char>>,bex::vector<wl::sound>>,std::less<std::basic_string<char,std::char_traits<char>,bex::HeapModule::Allocator_string<char>>>,true>,bex::HeapModule::Allocator_map<std::__value_type<std::basic_string<char,std::char_traits<char>,bex::HeapModule::Allocator_string<char>>,bex::vector<wl::sound>>>>	d	a	1		__tree<std::__value_type<std::basic_string<char,std::char_traits<char>,bex::HeapModule::Allocator_string<char>>,bex::vector<wl::sound>>,std::__map_value_compare<std::basic_string<char,std::char_traits<char>,bex::HeapModule::Allocator_string<char>>,std::__value_type<std::basic_string<char,std::char_traits<char>,bex::HeapModule::Allocator_string<char>>,bex::vector<wl::sound>>,std::less<std::basic_string<char,std::char_traits<char>,bex::HeapModule::Allocator_string<char>>>,true>,bex::HeapModule::Allocator_map<std::__value_type<std::basic_string<char,std::char_traits<char>,bex::HeapModule::Allocator_string<char>>,bex::vector<wl::sound>>>> * __find_equal<std::basic_string<char,std::char_traits<char>,bex::HeapModule::Allocator_string<char>>>(__tree<std::__value_type<std::basic_string<char,std::char_traits<char>,bex::HeapModule::Allocator_string<char>>,bex::vector<wl::sound>>,std::__map_value_compare<std::basic_string<char,std::char_traits<char>,bex::HeapModule::Allocator_string<char>>,std::__value_type<std::basic_string<char,std::char_traits<char>,bex::HeapModule::Allocator_string<char>>,bex::vector<wl::sound>>,std::less<std::basic_string<char,std::char_traits<char>,bex::HeapModule::Allocator_string<char>>>,true>,bex::HeapModule::Allocator_map<std::__value_type<std::basic_string<char,std::char_traits<char>,bex::HeapModule::Allocator_string<char>>,bex::vector<wl::sound>>>> * this, undefined8 * param_1, byte * param_2)
7100031a10	16	operator()	wl::_Interface_FxTrigger::_Interface_FxTrigger(wl::entity_const&)::{lambda(bex::FxtCallbackParam_Vibration_const&)#1}	d	a	1		undefined operator()({lambda(bex::FxtCallbackParam_Vibration_const&)#1} * this, undefined8 * param_1)
7100031a20	16	__find_equal<std::basic_string<char,std::char_traits<char>,bex::HeapModule::Allocator_string<char>>>	std::__tree<std::__value_type<std::basic_string<char,std::char_traits<char>,bex::HeapModule::Allocator_string<char>>,bex::vector<wl::vibration>>,std::__map_value_compare<std::basic_string<char,std::char_traits<char>,bex::HeapModule::Allocator_string<char>>,std::__value_type<std::basic_string<char,std::char_traits<char>,bex::HeapModule::Allocator_string<char>>,bex::vector<wl::vibration>>,std::less<std::basic_string<char,std::char_traits<char>,bex::HeapModule::Allocator_string<char>>>,true>,bex::HeapModule::Allocator_map<std::__value_type<std::basic_string<char,std::char_traits<char>,bex::HeapModule::Allocator_string<char>>,bex::vector<wl::vibration>>>>	d	a	1		__tree<std::__value_type<std::basic_string<char,std::char_traits<char>,bex::HeapModule::Allocator_string<char>>,bex::vector<wl::vibration>>,std::__map_value_compare<std::basic_string<char,std::char_traits<char>,bex::HeapModule::Allocator_string<char>>,std::__value_type<std::basic_string<char,std::char_traits<char>,bex::HeapModule::Allocator_string<char>>,bex::vector<wl::vibration>>,std::less<std::basic_string<char,std::char_traits<char>,bex::HeapModule::Allocator_string<char>>>,true>,bex::HeapModule::Allocator_map<std::__value_type<std::basic_string<char,std::char_traits<char>,bex::HeapModule::Allocator_string<char>>,bex::vector<wl::vibration>>>> * __find_equal<std::basic_string<char,std::char_traits<char>,bex::HeapModule::Allocator_string<char>>>(__tree<std::__value_type<std::basic_string<char,std::char_traits<char>,bex::HeapModule::Allocator_string<char>>,bex::vector<wl::vibration>>,std::__map_value_compare<std::basic_string<char,std::char_traits<char>,bex::HeapModule::Allocator_string<char>>,std::__value_type<std::basic_string<char,std::char_traits<char>,bex::HeapModule::Allocator_string<char>>,bex::vector<wl::vibration>>,std::less<std::basic_string<char,std::char_traits<char>,bex::HeapModule::Allocator_string<char>>>,true>,bex::HeapModule::Allocator_map<std::__value_type<std::basic_string<char,std::char_traits<char>,bex::HeapModule::Allocator_string<char>>,bex::vector<wl::vibration>>>> * this, undefined8 * param_1, byte * param_2)
7100031a30	16	__find_equal<std::basic_string<char,std::char_traits<char>,bex::HeapModule::Allocator_string<char>>>	std::__tree<std::__value_type<std::basic_string<char,std::char_traits<char>,bex::HeapModule::Allocator_string<char>>,bex::vector<std::function<void(bex::FxtCallbackParam_UserTrigger_const&)>>>,std::__map_value_compare<std::basic_string<char,std::char_traits<char>,bex::HeapModule::Allocator_string<char>>,std::__value_type<std::basic_string<char,std::char_traits<char>,bex::HeapModule::Allocator_string<char>>,bex::vector<std::function<void(bex::FxtCallbackParam_UserTrigger_const&)>>>,std::less<std::basic_string<char,std::char_traits<char>,bex::HeapModule::Allocator_string<char>>>,true>,bex::HeapModule::Allocator_map<std::__value_type<std::basic_string<char,std::char_traits<char>,bex::HeapModule::Allocator_string<char>>,bex::vector<std::function<void(bex::FxtCallbackParam_UserTrigger_const&)>>>>>	d	a	1		__tree<std::__value_type<std::basic_string<char,std::char_traits<char>,bex::HeapModule::Allocator_string<char>>,bex::vector<std::function<void(bex::FxtCallbackParam_UserTrigger_const&)>>>,std::__map_value_compare<std::basic_string<char,std::char_traits<char>,bex::HeapModule::Allocator_string<char>>,std::__value_type<std::basic_string<char,std::char_traits<char>,bex::HeapModule::Allocator_string<char>>,bex::vector<std::function<void(bex::FxtCallbackParam_UserTrigger_const&)>>>,std::less<std::basic_string<char,std::char_traits<char>,bex::HeapModule::Allocator_string<char>>>,true>,bex::HeapModule::Allocator_map<std::__value_type<std::basic_string<char,std::char_traits<char>,bex::HeapModule::Allocator_string<char>>,bex::vector<std::function<void(bex::FxtCallbackParam_UserTrigger_const&)>>>>> * __find_equal<std::basic_string<char,std::char_traits<char>,bex::HeapModule::Allocator_string<char>>>(__tree<std::__value_type<std::basic_string<char,std::char_traits<char>,bex::HeapModule::Allocator_string<char>>,bex::vector<std::function<void(bex::FxtCallbackParam_UserTrigger_const&)>>>,std::__map_value_compare<std::basic_string<char,std::char_traits<char>,bex::HeapModule::Allocator_string<char>>,std::__value_type<std::basic_string<char,std::char_traits<char>,bex::HeapModule::Allocator_string<char>>,bex::vector<std::function<void(bex::FxtCallbackParam_UserTrigger_const&)>>>,std::less<std::basic_string<char,std::char_traits<char>,bex::HeapModule::Allocator_string<char>>>,true>,bex::HeapModule::Allocator_map<std::__value_type<std::basic_string<char,std::char_traits<char>,bex::HeapModule::Allocator_string<char>>,bex::vector<std::function<void(bex::FxtCallbackParam_UserTrigger_const&)>>>>> * this, undefined8 * param_1, byte * param_2)
7100031a40	16	ComMatter	<EXTERNAL>::bq::ComMatter	d	a	1		undefined ComMatter(ComMatter * this, HandlePtr * param_1, NonPlayerCharacterID param_2)
7100077000	1	__nnmusl_init_dso	<EXTERNAL>	d	d	1		undefined __nnmusl_init_dso()
7100078000	1	ProtectRelro	nn::ro	a	a	0		undefined ProtectRelro(void * param_1, void * param_2, void * param_3, void * param_4, void * param_5)
7100079000	1	__nnmusl_fini_dso	<EXTERNAL>	d	d	1		undefined __nnmusl_fini_dso()
710007a000	1	__cxa_guard_acquire	<EXTERNAL>	d	d	1		undefined __cxa_guard_acquire()
710007c000	1	__cxa_guard_release	<EXTERNAL>	d	d	1		undefined __cxa_guard_release()
71000d3000	1	operator.delete	<EXTERNAL>	d	a	1		void operator.delete(void * param_1)
71000d4000	1	Free	<EXTERNAL>::bex::HeapModule	d	a	1		undefined Free(void * param_1)
71000d5000	1	CreateSceneEntity	<EXTERNAL>::bq::SceneBase	d	a	1		undefined CreateSceneEntity(basic_string_view * param_1)
71000d6000	1	AbortImpl	<EXTERNAL>::nn::diag::detail	d	a	1		undefined AbortImpl(void)
71000d8000	1	GetDefaultGraphicsLayer	<EXTERNAL>::nn::bezel::GraphicsCoreModule	d	a	1		undefined GetDefaultGraphicsLayer(void)
71000d9000	1	GetCamera	<EXTERNAL>::nn::bezel::ComCamera	d	a	1		undefined GetCamera(void)
71000da000	1	SetCamera	<EXTERNAL>::nn::bezel::GraphicsLayer	d	a	1		undefined SetCamera(WeakHandle * param_1)
71000db000	1	strlen	<EXTERNAL>	d	i	1		size_t strlen(char * __s)
71000dc000	1	AddAnimation	<EXTERNAL>::actor::ComActorMotion	d	a	1		undefined AddAnimation(StringViewHashPair * param_1, basic_string_view * param_2, bool param_3, AnimatinType param_4, bool param_5, bool param_6)
71000dd000	1	_internalCheckComponentValidity	<EXTERNAL>::nn::bezel::Entity	d	a	1		undefined _internalCheckComponentValidity(HandlePtr * param_1)
71000de000	1	AddComponentImpl	<EXTERNAL>::nn::bezel::Entity	d	a	1		undefined AddComponentImpl(HandlePtr * param_1)
71000df000	1	__cxa_begin_catch	<EXTERNAL>	d	d	1		undefined __cxa_begin_catch()
71000e0000	1	terminate	<EXTERNAL>::std	d	a	1		undefined terminate(void)
71000e1000	1	SetPauseEnabled	<EXTERNAL>::actor::ComActorMotion	d	a	1		undefined SetPauseEnabled(bool param_1)
71000e2000	1	Play	<EXTERNAL>::actor::ComActorMotion	d	a	1		undefined Play(StringViewHashPair * param_1)
71000e3000	1	GetFrameMax	<EXTERNAL>::actor::ComActorMotion	d	a	1		undefined GetFrameMax(void)
71000e4000	1	SetFrame	<EXTERNAL>::actor::ComActorMotion	d	a	1		undefined SetFrame(float param_1)
71000e5000	1	IsFinished	<EXTERNAL>::actor::ComActorMotion	d	a	1		undefined IsFinished(void)
71000e6000	1	memmove	<EXTERNAL>	d	i	1		void * memmove(void * __dest, void * __src, size_t __n)
71000e7000	1	Alloc	<EXTERNAL>::bex::HeapModule	d	a	1		undefined Alloc(HeapID param_1, ulong param_2, int param_3, char * param_4, int param_5, char * param_6, char * param_7)
71000e8000	1	__cxa_allocate_exception	<EXTERNAL>	d	d	1		undefined __cxa_allocate_exception()
71000e9000	1	~length_error	<EXTERNAL>::std::length_error	d	a	1		undefined ~length_error(length_error * this)
71000ea000	1	__cxa_throw	<EXTERNAL>	d	d	1		undefined __cxa_throw()
71000eb000	1	__cxa_free_exception	<EXTERNAL>	d	d	1		undefined __cxa_free_exception()
71000ec000	1	_Unwind_Resume	<EXTERNAL>	d	d	1		undefined _Unwind_Resume()
71000ed000	1	logic_error	<EXTERNAL>::std::logic_error	d	a	1		undefined logic_error(logic_error * this, char * param_1)
71000ef000	1	operator.new	<EXTERNAL>	d	a	1		void * operator.new(ulong param_1, ulong param_2, HeapID param_3)
71000f0000	1	ComMatter	<EXTERNAL>::bq::ComMatter	d	a	1		undefined ComMatter(ComMatter * this, HandlePtr * param_1, MatterType param_2, bool param_3)
71000f4000	1	GetModel	<EXTERNAL>::bq::ComMatter	d	a	1		undefined GetModel(void)
71000f5000	1	GetMotion	<EXTERNAL>::bq::ComMatter	d	a	1		undefined GetMotion(void)
71000f6000	1	Create	<EXTERNAL>::bex::Effect	d	a	1		undefined Create(basic_string_view * param_1)
71000f8000	1	SetPosition	<EXTERNAL>::bex::Effect	d	a	1		undefined SetPosition(Vector3f * param_1)
71000f9000	1	Start	<EXTERNAL>::bex::Effect	d	a	1		undefined Start(bool param_1)
71000fb000	1	SyncRandMod	<EXTERNAL>::bex::RandModule	d	a	1		undefined SyncRandMod(uint param_1)
71000fc000	1	__release_weak	<EXTERNAL>::std::__shared_weak_count	d	a	1		undefined __release_weak(void)
71000fd000	1	operator.new	<EXTERNAL>	d	a	1		void * operator.new(ulong param_1)
71000fe000	1	SetVisible	<EXTERNAL>::nn::bezel::ComModel	d	a	1		undefined SetVisible(bool param_1)
71000ff000	1	SetOpaque	<EXTERNAL>::bex::gfx::ComModelBuffer	d	a	1		undefined SetOpaque(float param_1)
