addr	size	name	namespace	namesrc	sigsrc	thunk	tags	signature
7100000080	12	nndetailRoGetRoDataStart		i	a	0		undefined * nndetailRoGetRoDataStart(void)
7100000090	12	nndetailRoGetRoDataEnd		i	a	0		undefined * nndetailRoGetRoDataEnd(void)
71000000a0	352	_init		i	i	0		int _init(EVP_PKEY_CTX * ctx)
7100000200	144	_fini		i	a	0		undefined _fini(void)
7100000290	36	FUN_7100000290		d	a	0		undefined8 FUN_7100000290(long param_1)
7100000340	120	FUN_7100000340		d	a	0		undefined8 FUN_7100000340(undefined8 param_1, undefined8 param_2, long param_3)
71000003c0	184	FUN_71000003c0		d	a	0		undefined FUN_71000003c0(long param_1, ulong param_2, ulong param_3)
7100000480	88	FUN_7100000480		d	a	0		undefined FUN_7100000480(void)
71000004e0	80	FUN_71000004e0		d	a	0		undefined FUN_71000004e0(void)
7100000530	88	FUN_7100000530		d	a	0		undefined FUN_7100000530(void)
7100000590	88	FUN_7100000590		d	a	0		undefined FUN_7100000590(void)
71000005f0	80	FUN_71000005f0		d	a	0		undefined FUN_71000005f0(void)
7100000640	80	FUN_7100000640		d	a	0		undefined FUN_7100000640(void)
7100000690	88	FUN_7100000690		d	a	0		undefined FUN_7100000690(void)
71000006f0	88	FUN_71000006f0		d	a	0		undefined FUN_71000006f0(void)
7100000750	88	FUN_7100000750		d	a	0		undefined FUN_7100000750(void)
71000007b0	88	FUN_71000007b0		d	a	0		undefined FUN_71000007b0(void)
7100000810	88	FUN_7100000810		d	a	0		undefined FUN_7100000810(void)
7100000870	88	FUN_7100000870		d	a	0		undefined FUN_7100000870(void)
71000008d0	88	FUN_71000008d0		d	a	0		undefined FUN_71000008d0(void)
7100000930	88	FUN_7100000930		d	a	0		undefined FUN_7100000930(void)
7100000990	88	FUN_7100000990		d	a	0		undefined FUN_7100000990(void)
71000009f0	88	FUN_71000009f0		d	a	0		undefined FUN_71000009f0(void)
7100000a50	80	FUN_7100000a50		d	a	0		undefined FUN_7100000a50(void)
7100000aa0	80	FUN_7100000aa0		d	a	0		undefined FUN_7100000aa0(void)
7100000af0	80	FUN_7100000af0		d	a	0		undefined FUN_7100000af0(void)
7100000b40	80	FUN_7100000b40		d	a	0		undefined FUN_7100000b40(void)
7100000b90	88	FUN_7100000b90		d	a	0		undefined FUN_7100000b90(void)
7100000bf0	88	FUN_7100000bf0		d	a	0		undefined FUN_7100000bf0(void)
7100000c50	88	FUN_7100000c50		d	a	0		undefined FUN_7100000c50(void)
7100000cb0	88	FUN_7100000cb0		d	a	0		undefined FUN_7100000cb0(void)
7100000d10	88	FUN_7100000d10		d	a	0		undefined FUN_7100000d10(void)
7100000d70	88	FUN_7100000d70		d	a	0		undefined FUN_7100000d70(void)
7100000dd0	88	FUN_7100000dd0		d	a	0		undefined FUN_7100000dd0(void)
7100000e30	88	FUN_7100000e30		d	a	0		undefined FUN_7100000e30(void)
7100000e90	88	FUN_7100000e90		d	a	0		undefined FUN_7100000e90(void)
7100000ef0	88	FUN_7100000ef0		d	a	0		undefined FUN_7100000ef0(void)
7100000f50	88	FUN_7100000f50		d	a	0		undefined FUN_7100000f50(void)
7100000fb0	88	FUN_7100000fb0		d	a	0		undefined FUN_7100000fb0(void)
7100001010	88	FUN_7100001010		d	a	0		undefined FUN_7100001010(void)
7100001070	88	FUN_7100001070		d	a	0		undefined FUN_7100001070(void)
71000010d0	88	FUN_71000010d0		d	a	0		undefined FUN_71000010d0(void)
7100001130	88	FUN_7100001130		d	a	0		undefined FUN_7100001130(void)
7100001190	88	FUN_7100001190		d	a	0		undefined FUN_7100001190(void)
71000011f0	88	FUN_71000011f0		d	a	0		undefined FUN_71000011f0(void)
7100001250	88	FUN_7100001250		d	a	0		undefined FUN_7100001250(void)
71000012b0	88	FUN_71000012b0		d	a	0		undefined FUN_71000012b0(void)
7100001310	88	FUN_7100001310		d	a	0		undefined FUN_7100001310(void)
7100001370	88	FUN_7100001370		d	a	0		undefined FUN_7100001370(void)
71000013d0	88	FUN_71000013d0		d	a	0		undefined FUN_71000013d0(void)
7100001430	88	FUN_7100001430		d	a	0		undefined FUN_7100001430(void)
7100001490	88	FUN_7100001490		d	a	0		undefined FUN_7100001490(void)
71000014f0	88	FUN_71000014f0		d	a	0		undefined FUN_71000014f0(void)
7100001550	88	FUN_7100001550		d	a	0		undefined FUN_7100001550(void)
71000015b0	88	FUN_71000015b0		d	a	0		undefined FUN_71000015b0(void)
7100001610	88	FUN_7100001610		d	a	0		undefined FUN_7100001610(void)
7100001670	88	FUN_7100001670		d	a	0		undefined FUN_7100001670(void)
71000016d0	88	FUN_71000016d0		d	a	0		undefined FUN_71000016d0(void)
7100001730	88	FUN_7100001730		d	a	0		undefined FUN_7100001730(void)
7100001790	88	FUN_7100001790		d	a	0		undefined FUN_7100001790(void)
71000017f0	88	FUN_71000017f0		d	a	0		undefined FUN_71000017f0(void)
7100001850	88	FUN_7100001850		d	a	0		undefined FUN_7100001850(void)
71000018b0	88	FUN_71000018b0		d	a	0		undefined FUN_71000018b0(void)
7100001910	88	FUN_7100001910		d	a	0		undefined FUN_7100001910(void)
7100001970	88	FUN_7100001970		d	a	0		undefined FUN_7100001970(void)
71000019d0	88	FUN_71000019d0		d	a	0		undefined FUN_71000019d0(void)
7100001a30	88	FUN_7100001a30		d	a	0		undefined FUN_7100001a30(void)
7100001a90	80	FUN_7100001a90		d	a	0		undefined FUN_7100001a90(void)
7100001ae0	80	FUN_7100001ae0		d	a	0		undefined FUN_7100001ae0(void)
7100001b30	80	FUN_7100001b30		d	a	0		undefined FUN_7100001b30(void)
7100001b80	80	FUN_7100001b80		d	a	0		undefined FUN_7100001b80(void)
7100001bd0	80	FUN_7100001bd0		d	a	0		undefined FUN_7100001bd0(void)
7100001c20	80	FUN_7100001c20		d	a	0		undefined FUN_7100001c20(void)
7100001c70	80	FUN_7100001c70		d	a	0		undefined FUN_7100001c70(void)
7100001cc0	88	FUN_7100001cc0		d	a	0		undefined FUN_7100001cc0(void)
7100001d20	88	FUN_7100001d20		d	a	0		undefined FUN_7100001d20(void)
7100001d80	88	FUN_7100001d80		d	a	0		undefined FUN_7100001d80(void)
7100001de0	88	FUN_7100001de0		d	a	0		undefined FUN_7100001de0(void)
7100001e40	88	FUN_7100001e40		d	a	0		undefined FUN_7100001e40(void)
7100001ea0	88	FUN_7100001ea0		d	a	0		undefined FUN_7100001ea0(void)
7100001f00	88	FUN_7100001f00		d	a	0		undefined FUN_7100001f00(void)
7100001f60	88	FUN_7100001f60		d	a	0		undefined FUN_7100001f60(void)
7100001fc0	88	FUN_7100001fc0		d	a	0		undefined FUN_7100001fc0(void)
7100002020	88	FUN_7100002020		d	a	0		undefined FUN_7100002020(void)
7100002080	88	FUN_7100002080		d	a	0		undefined FUN_7100002080(void)
71000020e0	88	FUN_71000020e0		d	a	0		undefined FUN_71000020e0(void)
7100002140	88	FUN_7100002140		d	a	0		undefined FUN_7100002140(void)
71000021a0	80	FUN_71000021a0		d	a	0		undefined FUN_71000021a0(void)
71000021f0	88	FUN_71000021f0		d	a	0		undefined FUN_71000021f0(void)
7100002250	88	FUN_7100002250		d	a	0		undefined FUN_7100002250(void)
71000022b0	80	FUN_71000022b0		d	a	0		undefined FUN_71000022b0(void)
7100002300	80	FUN_7100002300		d	a	0		undefined FUN_7100002300(void)
7100002350	80	FUN_7100002350		d	a	0		undefined FUN_7100002350(void)
71000023a0	80	FUN_71000023a0		d	a	0		undefined FUN_71000023a0(void)
71000023f0	88	FUN_71000023f0		d	a	0		undefined FUN_71000023f0(void)
7100002450	88	FUN_7100002450		d	a	0		undefined FUN_7100002450(void)
71000024b0	88	FUN_71000024b0		d	a	0		undefined FUN_71000024b0(void)
7100002510	88	FUN_7100002510		d	a	0		undefined FUN_7100002510(void)
7100002570	88	FUN_7100002570		d	a	0		undefined FUN_7100002570(void)
71000025d0	80	FUN_71000025d0		d	a	0		undefined FUN_71000025d0(void)
7100002620	80	FUN_7100002620		d	a	0		undefined FUN_7100002620(void)
7100002670	80	FUN_7100002670		d	a	0		undefined FUN_7100002670(void)
71000026c0	80	FUN_71000026c0		d	a	0		undefined FUN_71000026c0(void)
7100002710	80	FUN_7100002710		d	a	0		undefined FUN_7100002710(void)
7100002760	80	FUN_7100002760		d	a	0		undefined FUN_7100002760(void)
71000027b0	80	FUN_71000027b0		d	a	0		undefined FUN_71000027b0(void)
7100002800	80	FUN_7100002800		d	a	0		undefined FUN_7100002800(void)
7100002850	80	FUN_7100002850		d	a	0		undefined FUN_7100002850(void)
71000028a0	80	FUN_71000028a0		d	a	0		undefined FUN_71000028a0(void)
71000028f0	80	FUN_71000028f0		d	a	0		undefined FUN_71000028f0(void)
7100002940	80	FUN_7100002940		d	a	0		undefined FUN_7100002940(void)
7100002990	80	FUN_7100002990		d	a	0		undefined FUN_7100002990(void)
71000029e0	80	FUN_71000029e0		d	a	0		undefined FUN_71000029e0(void)
7100002a30	80	FUN_7100002a30		d	a	0		undefined FUN_7100002a30(void)
7100002a80	80	FUN_7100002a80		d	a	0		undefined FUN_7100002a80(void)
7100002ad0	80	FUN_7100002ad0		d	a	0		undefined FUN_7100002ad0(void)
7100002b20	80	FUN_7100002b20		d	a	0		undefined FUN_7100002b20(void)
7100002b70	80	FUN_7100002b70		d	a	0		undefined FUN_7100002b70(void)
7100002bc0	80	FUN_7100002bc0		d	a	0		undefined FUN_7100002bc0(void)
7100002c10	80	FUN_7100002c10		d	a	0		undefined FUN_7100002c10(void)
7100002c60	80	FUN_7100002c60		d	a	0		undefined FUN_7100002c60(void)
7100002cb0	80	FUN_7100002cb0		d	a	0		undefined FUN_7100002cb0(void)
7100002d00	80	FUN_7100002d00		d	a	0		undefined FUN_7100002d00(void)
7100002d50	80	FUN_7100002d50		d	a	0		undefined FUN_7100002d50(void)
7100002da0	80	FUN_7100002da0		d	a	0		undefined FUN_7100002da0(void)
7100002df0	88	FUN_7100002df0		d	a	0		undefined FUN_7100002df0(void)
7100002e50	88	FUN_7100002e50		d	a	0		undefined FUN_7100002e50(void)
7100002eb0	88	FUN_7100002eb0		d	a	0		undefined FUN_7100002eb0(void)
7100002f10	88	FUN_7100002f10		d	a	0		undefined FUN_7100002f10(void)
7100002f70	88	FUN_7100002f70		d	a	0		undefined FUN_7100002f70(void)
7100002fd0	88	FUN_7100002fd0		d	a	0		undefined FUN_7100002fd0(void)
7100003030	88	FUN_7100003030		d	a	0		undefined FUN_7100003030(void)
7100003090	88	FUN_7100003090		d	a	0		undefined FUN_7100003090(void)
71000030f0	88	FUN_71000030f0		d	a	0		undefined FUN_71000030f0(void)
7100003150	88	FUN_7100003150		d	a	0		undefined FUN_7100003150(void)
71000031b0	88	FUN_71000031b0		d	a	0		undefined FUN_71000031b0(void)
7100003210	88	FUN_7100003210		d	a	0		undefined FUN_7100003210(void)
7100003270	88	FUN_7100003270		d	a	0		undefined FUN_7100003270(void)
71000032d0	80	FUN_71000032d0		d	a	0		undefined FUN_71000032d0(void)
7100003320	80	FUN_7100003320		d	a	0		undefined FUN_7100003320(void)
7100003370	88	FUN_7100003370		d	a	0		undefined FUN_7100003370(void)
71000033d0	80	FUN_71000033d0		d	a	0		undefined FUN_71000033d0(void)
7100003420	80	FUN_7100003420		d	a	0		undefined FUN_7100003420(void)
7100003470	80	FUN_7100003470		d	a	0		undefined FUN_7100003470(void)
71000034c0	80	FUN_71000034c0		d	a	0		undefined FUN_71000034c0(void)
7100003510	80	FUN_7100003510		d	a	0		undefined FUN_7100003510(void)
7100003560	80	FUN_7100003560		d	a	0		undefined FUN_7100003560(void)
71000035b0	108	BreadMan	mg1111::BreadMan	a	a	0		undefined BreadMan(BreadMan * this)
7100003620	848	Pimpl	mg1111::BreadMan::Pimpl	a	a	0		undefined Pimpl(Pimpl * this)
7100003970	204	~BreadMan	mg1111::BreadMan	a	a	0		undefined ~BreadMan(void)
7100003a3c	28	SetActive	mg1111::BreadMan	a	a	0		undefined SetActive(byte param_1)
7100003a60	76	GetOpeningBreadBakeType	mg1111::BreadMan	a	a	0		undefined4 GetOpeningBreadBakeType(void)
7100003aac	24	SkipOpening	mg1111::BreadMan	a	a	0		undefined SkipOpening(undefined1[16] param_1, float param_2, float param_3)
7100003ad0	296	SkipOpening	mg1111::BreadMan::Pimpl	a	a	0		undefined SkipOpening(undefined1[16] param_1, float param_2, float param_3, Pimpl * this)
7100003c00	156	SetBreadPosition	mg1111::BreadMan	a	a	0		undefined SetBreadPosition(int param_1)
7100003c9c	32	SelectBread	mg1111::BreadMan	a	a	0		undefined4 SelectBread(int param_1)
7100003cc0	272	SelectBread	mg1111::BreadMan::Pimpl	a	a	0		undefined4 SelectBread(Pimpl * this, int param_1)
7100003dd4	28	TakeOutBread	mg1111::BreadMan	a	a	0		undefined TakeOutBread(int param_1)
7100003df0	348	TakeOutBread	mg1111::BreadMan::Pimpl	a	a	0		undefined TakeOutBread(Pimpl * this, int param_1)
7100003f50	72	FlyBread	mg1111::BreadMan	a	a	0		undefined FlyBread(int param_1)
7100003f98	36	VanishAllBread	mg1111::BreadMan	a	a	0		undefined VanishAllBread(undefined1[16] param_1, float param_2, float param_3, uint param_4)
7100003fc0	736	VanishAllBread	mg1111::BreadMan::Pimpl	a	a	0		undefined VanishAllBread(undefined1[16] param_1, float param_2, float param_3, Pimpl * this, ulong param_5, ulong param_6)
71000042a0	40	BeginItemUse	mg1111::BreadMan	a	a	0		undefined BeginItemUse(char param_1)
71000042c8	40	EndItemUse	mg1111::BreadMan	a	a	0		undefined EndItemUse(char param_1)
71000042f0	24	SetupLevel	mg1111::BreadMan	a	a	0		undefined SetupLevel(undefined1[16] param_1, float param_2, float param_3)
7100004310	856	SetupLevel	mg1111::BreadMan::Pimpl	a	a	0		undefined SetupLevel(undefined1[16] param_1, float param_2, float param_3, Pimpl * this)
7100004670	24	Update	mg1111::BreadMan	a	a	0		undefined Update(undefined1[16] param_1, undefined1[16] param_2, ulong param_3, float param_4)
7100004690	1948	Update	mg1111::BreadMan::Pimpl	a	a	0		undefined Update(undefined1[16] param_1, undefined1[16] param_2, ulong param_3, float param_4, Pimpl * this)
7100004e30	644	CreateBread	mg1111::BreadMan::Pimpl	a	a	0		undefined CreateBread(Pimpl * this, uint param_1)
71000050c0	1928	PlacementBread	mg1111::BreadMan::Pimpl	a	a	0		undefined PlacementBread(Pimpl * this, int param_1, int param_2, byte param_3)
7100005850	16	FUN_7100005850		d	a	0		undefined FUN_7100005850(void)
7100005860	20	FUN_7100005860		d	a	0		undefined FUN_7100005860(void)
7100005880	80	FUN_7100005880		d	a	0		undefined FUN_7100005880(char * param_1)
71000058d0	48	FUN_71000058d0		d	a	0		undefined FUN_71000058d0(logic_error * param_1, char * param_2)
7100005900	20	FUN_7100005900		d	a	0		undefined FUN_7100005900(void)
7100005914	20	FUN_7100005914		d	a	0		undefined FUN_7100005914(void)
7100005930	1132	FUN_7100005930		d	a	0		undefined FUN_7100005930(char * param_1, uint param_2)
7100005da0	184	FUN_7100005da0		d	a	0		undefined FUN_7100005da0(undefined8 * param_1)
7100005e60	188	FUN_7100005e60		d	a	0		undefined FUN_7100005e60(undefined8 * param_1)
7100005f24	60	FUN_7100005f24		d	a	0		undefined FUN_7100005f24(long param_1)
7100005f80	4	FUN_7100005f80		d	a	0		undefined FUN_7100005f80(void)
7100005f84	4	operator.delete	<EXTERNAL>	d	a	1		void operator.delete(void * param_1)
71000063a0	472	AddComponent<bq::ComMatter,char(&)[128],(void*)0>	nn::bezel::Entity	a	a	0		WeakHandle AddComponent<bq::ComMatter,char(&)[128],(void*)0>(long * param_1_00, HandlePtr * param_2, char * param_3)
710000657c	384	SafeCreate<bq::ComMatter,nn::bezel::HandlePtr<nn::bezel::Entity>const&,char(&)[128]>	bex::ComponentUtil	a	a	0		WeakHandle SafeCreate<bq::ComMatter,nn::bezel::HandlePtr<nn::bezel::Entity>const&,char(&)[128]>(long * param_1_00, ComponentUtil * this, char * param_3)
710000670c	32	IsDerivedFrom	nn::bezel::detail::StaticTypeDesc<bq::ComMatter,false,nn::bezel::Component>	a	a	0		bool IsDerivedFrom(undefined * param_1)
710000672c	12	GetBaseTypeDesc	nn::bezel::detail::StaticTypeDesc<bq::ComMatter,false,nn::bezel::Component>	a	a	0		undefined * GetBaseTypeDesc(void)
7100006738	20	GetNextBaseTypeDesc	nn::bezel::detail::StaticTypeDesc<bq::ComMatter,false,nn::bezel::Component>	a	a	0		undefined * GetNextBaseTypeDesc(long param_1)
710000674c	8	CastTo	nn::bezel::detail::StaticTypeDesc<bq::ComMatter,false,nn::bezel::Component>	a	a	0		undefined8 CastTo(undefined8 param_1, undefined8 param_2)
7100006754	8	CastToConst	nn::bezel::detail::StaticTypeDesc<bq::ComMatter,false,nn::bezel::Component>	a	a	0		undefined8 CastToConst(undefined8 param_1, undefined8 param_2)
710000675c	20	IsDerivedFrom	nn::bezel::detail::StaticTypeDesc<nn::bezel::Component,false>	a	a	0		bool IsDerivedFrom(undefined * param_1)
7100006770	8	GetBaseTypeDesc	nn::bezel::detail::StaticTypeDesc<nn::bezel::Component,false>	a	a	0		undefined8 GetBaseTypeDesc(void)
7100006778	8	GetNextBaseTypeDesc	nn::bezel::detail::StaticTypeDesc<nn::bezel::Component,false>	a	a	0		undefined8 GetNextBaseTypeDesc(void)
7100006780	8	CastTo	nn::bezel::detail::StaticTypeDesc<nn::bezel::Component,false>	a	a	0		undefined8 CastTo(undefined8 param_1, undefined8 param_2)
7100006788	8	CastToConst	nn::bezel::detail::StaticTypeDesc<nn::bezel::Component,false>	a	a	0		undefined8 CastToConst(undefined8 param_1, undefined8 param_2)
7100006790	32	IsDerivedFrom	nn::bezel::detail::StaticTypeDesc<actor::ComActorMotion,false,nn::bezel::Component>	a	a	0		bool IsDerivedFrom(undefined * param_1)
71000067b0	12	GetBaseTypeDesc	nn::bezel::detail::StaticTypeDesc<actor::ComActorMotion,false,nn::bezel::Component>	a	a	0		undefined * GetBaseTypeDesc(void)
71000067bc	20	GetNextBaseTypeDesc	nn::bezel::detail::StaticTypeDesc<actor::ComActorMotion,false,nn::bezel::Component>	a	a	0		undefined * GetNextBaseTypeDesc(long param_1)
71000067d0	8	CastTo	nn::bezel::detail::StaticTypeDesc<actor::ComActorMotion,false,nn::bezel::Component>	a	a	0		undefined8 CastTo(undefined8 param_1, undefined8 param_2)
71000067d8	8	CastToConst	nn::bezel::detail::StaticTypeDesc<actor::ComActorMotion,false,nn::bezel::Component>	a	a	0		undefined8 CastToConst(undefined8 param_1, undefined8 param_2)
71000067e0	12	NnDetailBezelGetTypeDesc	nn::bezel::StringViewHashPair	a	a	0		undefined * NnDetailBezelGetTypeDesc(void)
71000067ec	4	NnDetailBezelGetThisPtr	nn::bezel::StringViewHashPair	a	a	0		undefined NnDetailBezelGetThisPtr(void)
71000067f0	4	NnDetailBezelGetThisPtrConst	nn::bezel::StringViewHashPair	a	a	0		undefined NnDetailBezelGetThisPtrConst(void)
71000067f4	20	IsDerivedFrom	nn::bezel::detail::StaticTypeDesc<nn::bezel::StringViewHashPair,true>	a	a	0		bool IsDerivedFrom(undefined * param_1)
7100006808	8	GetBaseTypeDesc	nn::bezel::detail::StaticTypeDesc<nn::bezel::StringViewHashPair,true>	a	a	0		undefined8 GetBaseTypeDesc(void)
7100006810	8	GetNextBaseTypeDesc	nn::bezel::detail::StaticTypeDesc<nn::bezel::StringViewHashPair,true>	a	a	0		undefined8 GetNextBaseTypeDesc(void)
7100006818	8	CastTo	nn::bezel::detail::StaticTypeDesc<nn::bezel::StringViewHashPair,true>	a	a	0		undefined8 CastTo(undefined8 param_1, undefined8 param_2)
7100006820	8	CastToConst	nn::bezel::detail::StaticTypeDesc<nn::bezel::StringViewHashPair,true>	a	a	0		undefined8 CastToConst(undefined8 param_1, undefined8 param_2)
7100006830	304	AnimationName	actor::MotionArg	a	a	0		MotionArg * AnimationName(MotionArg * this, long param_1)
71000069b0	4	FUN_71000069b0		d	a	0		undefined FUN_71000069b0(void)
71000069b4	4	operator.delete	<EXTERNAL>	d	a	1		void operator.delete(void * param_1)
7100006a0c	20	FUN_7100006a0c		d	a	0		undefined FUN_7100006a0c(void)
7100006a20	324	FUN_7100006a20		d	a	0		undefined FUN_7100006a20(long param_1)
7100006b70	316	FUN_7100006b70		d	a	0		undefined FUN_7100006b70(float param_1, long param_2)
7100006cb4	32	IsDerivedFrom	nn::bezel::detail::StaticTypeDesc<bex::gfx::ComModelBuffer,false,nn::bezel::Component>	a	a	0		bool IsDerivedFrom(undefined * param_1)
7100006cd4	12	GetBaseTypeDesc	nn::bezel::detail::StaticTypeDesc<bex::gfx::ComModelBuffer,false,nn::bezel::Component>	a	a	0		undefined * GetBaseTypeDesc(void)
7100006ce0	20	GetNextBaseTypeDesc	nn::bezel::detail::StaticTypeDesc<bex::gfx::ComModelBuffer,false,nn::bezel::Component>	a	a	0		undefined * GetNextBaseTypeDesc(long param_1)
7100006cf4	8	CastTo	nn::bezel::detail::StaticTypeDesc<bex::gfx::ComModelBuffer,false,nn::bezel::Component>	a	a	0		undefined8 CastTo(undefined8 param_1, undefined8 param_2)
7100006cfc	8	CastToConst	nn::bezel::detail::StaticTypeDesc<bex::gfx::ComModelBuffer,false,nn::bezel::Component>	a	a	0		undefined8 CastToConst(undefined8 param_1, undefined8 param_2)
7100006d04	484	FUN_7100006d04		d	a	0		undefined FUN_7100006d04(char * param_1)
7100006ee8	832	SetIncreaseBreadSec	mg1111::BreadMan::Pimpl	a	a	0		undefined SetIncreaseBreadSec(Pimpl * this, uint param_1)
7100007230	960	AppearBread	mg1111::BreadMan::Pimpl	a	a	0		undefined AppearBread(Pimpl * this)
7100007600	608	FUN_7100007600		d	a	0		undefined4 * FUN_7100007600(long * param_1, long param_2, undefined4 * param_3)
7100007860	436	GetAppearBreadType	mg1111::BreadMan::Pimpl	a	a	0		undefined4 GetAppearBreadType(void)
7100007a14	108	CoinMan	mg1111::CoinMan	a	a	0		undefined CoinMan(CoinMan * this)
7100007a80	492	Pimpl	mg1111::CoinMan::Pimpl	a	a	0		undefined Pimpl(Pimpl * this)
7100007cb0	60	~CoinMan	mg1111::CoinMan	a	a	0		undefined ~CoinMan(void)
7100007cec	24	AppearItemCoinBag	mg1111::CoinMan	a	a	0		undefined AppearItemCoinBag(void)
7100007d10	2908	AppearItemCoinBag	mg1111::CoinMan::Pimpl	a	a	0		undefined AppearItemCoinBag(Pimpl * this)
71000088c0	28	AcquireRedCoin	mg1111::CoinMan	a	a	0		undefined AcquireRedCoin(int param_1)
71000088e0	488	AcquireRedCoin	mg1111::CoinMan::Pimpl	a	a	0		undefined AcquireRedCoin(Pimpl * this, int param_1)
7100008ad0	36	AcquireCoin	mg1111::CoinMan	a	a	0		undefined AcquireCoin(int param_1, long * param_2)
7100008b00	1340	AcquireCoin	mg1111::CoinMan::Pimpl	a	a	0		undefined AcquireCoin(Pimpl * this, int param_1, long * param_2, byte param_3)
7100009040	228	VanishAllCoin	mg1111::CoinMan	a	a	0		undefined VanishAllCoin(ulong param_1)
7100009130	24	Update	mg1111::CoinMan	a	a	0		undefined Update(void)
7100009150	1640	Update	mg1111::CoinMan::Pimpl	a	a	0		undefined Update(Pimpl * this)
71000097c0	368	FUN_71000097c0		d	a	0		undefined FUN_71000097c0(long * param_1, ulong param_2)
7100009940	888	CreateCoinModel	mg1111::CoinMan::Pimpl	a	a	0		undefined CreateCoinModel(Pimpl * this, long * param_1, undefined8 param_2, int param_3, undefined1 param_4)
7100009d4c	20	FUN_7100009d4c		d	a	0		undefined FUN_7100009d4c(void)
7100009d60	20	FUN_7100009d60		d	a	0		undefined FUN_7100009d60(void)
7100009d74	20	FUN_7100009d74		d	a	0		undefined FUN_7100009d74(void)
7100009d90	112	FUN_7100009d90		d	a	0		undefined FUN_7100009d90(undefined8 * param_1)
7100009e00	4	~__func	std::__function::__func<mg1111::CoinMan::Pimpl::CreateCoinModel(nn::bezel::WeakHandle<nn::bezel::Entity>&,char_const*,int,bool)::{lambda(nn::bezel::HandlePtr<nn::bezel::Entity>)#1},std::allocator<mg1111::CoinMan::Pimpl::CreateCoinModel(nn::bezel::WeakHandle<nn::bezel::Entity>&,char_const*,int,bool)::{lambda(nn::bezel::HandlePtr<nn::bezel::Entity>)#1}>,void(nn::bezel::HandlePtr<nn::bezel::Entity>)>	a	a	0		undefined ~__func(__func<mg1111::CoinMan::Pimpl::CreateCoinModel(nn::bezel::WeakHandle<nn::bezel::Entity>&,char_const*,int,bool)::{lambda(nn::bezel::HandlePtr<nn::bezel::Entity>)#1},std::allocator<mg1111::CoinMan::Pimpl::CreateCoinModel(nn::bezel::WeakHandle<nn::bezel::Entity>&,char_const*,int,bool)::{lambda(nn::bezel::HandlePtr<nn::bezel::Entity>)#1}>,void(nn::bezel::HandlePtr<nn::bezel::Entity>)> * this)
7100009e04	60	__clone	std::__function::__func<mg1111::CoinMan::Pimpl::CreateCoinModel(nn::bezel::WeakHandle<nn::bezel::Entity>&,char_const*,int,bool)::{lambda(nn::bezel::HandlePtr<nn::bezel::Entity>)#1},std::allocator<mg1111::CoinMan::Pimpl::CreateCoinModel(nn::bezel::WeakHandle<nn::bezel::Entity>&,char_const*,int,bool)::{lambda(nn::bezel::HandlePtr<nn::bezel::Entity>)#1}>,void(nn::bezel::HandlePtr<nn::bezel::Entity>)>	a	a	0		undefined __clone(__func<mg1111::CoinMan::Pimpl::CreateCoinModel(nn::bezel::WeakHandle<nn::bezel::Entity>&,char_const*,int,bool)::{lambda(nn::bezel::HandlePtr<nn::bezel::Entity>)#1},std::allocator<mg1111::CoinMan::Pimpl::CreateCoinModel(nn::bezel::WeakHandle<nn::bezel::Entity>&,char_const*,int,bool)::{lambda(nn::bezel::HandlePtr<nn::bezel::Entity>)#1}>,void(nn::bezel::HandlePtr<nn::bezel::Entity>)> * this)
7100009e40	28	__clone	std::__function::__func<mg1111::CoinMan::Pimpl::CreateCoinModel(nn::bezel::WeakHandle<nn::bezel::Entity>&,char_const*,int,bool)::{lambda(nn::bezel::HandlePtr<nn::bezel::Entity>)#1},std::allocator<mg1111::CoinMan::Pimpl::CreateCoinModel(nn::bezel::WeakHandle<nn::bezel::Entity>&,char_const*,int,bool)::{lambda(nn::bezel::HandlePtr<nn::bezel::Entity>)#1}>,void(nn::bezel::HandlePtr<nn::bezel::Entity>)>	a	a	0		undefined __clone(__func<mg1111::CoinMan::Pimpl::CreateCoinModel(nn::bezel::WeakHandle<nn::bezel::Entity>&,char_const*,int,bool)::{lambda(nn::bezel::HandlePtr<nn::bezel::Entity>)#1},std::allocator<mg1111::CoinMan::Pimpl::CreateCoinModel(nn::bezel::WeakHandle<nn::bezel::Entity>&,char_const*,int,bool)::{lambda(nn::bezel::HandlePtr<nn::bezel::Entity>)#1}>,void(nn::bezel::HandlePtr<nn::bezel::Entity>)> * this, long * param_1)
7100009e5c	4	destroy	std::__function::__func<mg1111::CoinMan::Pimpl::CreateCoinModel(nn::bezel::WeakHandle<nn::bezel::Entity>&,char_const*,int,bool)::{lambda(nn::bezel::HandlePtr<nn::bezel::Entity>)#1},std::allocator<mg1111::CoinMan::Pimpl::CreateCoinModel(nn::bezel::WeakHandle<nn::bezel::Entity>&,char_const*,int,bool)::{lambda(nn::bezel::HandlePtr<nn::bezel::Entity>)#1}>,void(nn::bezel::HandlePtr<nn::bezel::Entity>)>	a	a	0		undefined destroy(void)
7100009e60	4	destroy_deallocate	std::__function::__func<mg1111::CoinMan::Pimpl::CreateCoinModel(nn::bezel::WeakHandle<nn::bezel::Entity>&,char_const*,int,bool)::{lambda(nn::bezel::HandlePtr<nn::bezel::Entity>)#1},std::allocator<mg1111::CoinMan::Pimpl::CreateCoinModel(nn::bezel::WeakHandle<nn::bezel::Entity>&,char_const*,int,bool)::{lambda(nn::bezel::HandlePtr<nn::bezel::Entity>)#1}>,void(nn::bezel::HandlePtr<nn::bezel::Entity>)>	a	a	0		undefined destroy_deallocate(__func<mg1111::CoinMan::Pimpl::CreateCoinModel(nn::bezel::WeakHandle<nn::bezel::Entity>&,char_const*,int,bool)::{lambda(nn::bezel::HandlePtr<nn::bezel::Entity>)#1},std::allocator<mg1111::CoinMan::Pimpl::CreateCoinModel(nn::bezel::WeakHandle<nn::bezel::Entity>&,char_const*,int,bool)::{lambda(nn::bezel::HandlePtr<nn::bezel::Entity>)#1}>,void(nn::bezel::HandlePtr<nn::bezel::Entity>)> * this)
7100009e64	160	operator()	std::__function::__func<mg1111::CoinMan::Pimpl::CreateCoinModel(nn::bezel::WeakHandle<nn::bezel::Entity>&,char_const*,int,bool)::{lambda(nn::bezel::HandlePtr<nn::bezel::Entity>)#1},std::allocator<mg1111::CoinMan::Pimpl::CreateCoinModel(nn::bezel::WeakHandle<nn::bezel::Entity>&,char_const*,int,bool)::{lambda(nn::bezel::HandlePtr<nn::bezel::Entity>)#1}>,void(nn::bezel::HandlePtr<nn::bezel::Entity>)>	a	a	0		undefined operator()(__func<mg1111::CoinMan::Pimpl::CreateCoinModel(nn::bezel::WeakHandle<nn::bezel::Entity>&,char_const*,int,bool)::{lambda(nn::bezel::HandlePtr<nn::bezel::Entity>)#1},std::allocator<mg1111::CoinMan::Pimpl::CreateCoinModel(nn::bezel::WeakHandle<nn::bezel::Entity>&,char_const*,int,bool)::{lambda(nn::bezel::HandlePtr<nn::bezel::Entity>)#1}>,void(nn::bezel::HandlePtr<nn::bezel::Entity>)> * this, undefined8 * param_1)
7100009f10	472	AddComponent<bq::ComMatter,bq::ObjectID,nn::bezel::ModelCreateArg&,(void*)0>	nn::bezel::Entity	a	a	0		WeakHandle AddComponent<bq::ComMatter,bq::ObjectID,nn::bezel::ModelCreateArg&,(void*)0>(long * param_1_00, HandlePtr * param_2, undefined4 * param_3, undefined8 param_4)
710000a0ec	376	SafeCreate<bq::ComMatter,nn::bezel::HandlePtr<nn::bezel::Entity>const&,bq::ObjectID,nn::bezel::ModelCreateArg&>	bex::ComponentUtil	a	a	0		WeakHandle SafeCreate<bq::ComMatter,nn::bezel::HandlePtr<nn::bezel::Entity>const&,bq::ObjectID,nn::bezel::ModelCreateArg&>(long * param_1_00, ComponentUtil * this, undefined4 * param_3, undefined8 param_4)
710000a274	32	IsDerivedFrom	nn::bezel::detail::StaticTypeDesc<nn::bezel::ComModel,false,nn::bezel::Component>	a	a	0		bool IsDerivedFrom(undefined * param_1)
710000a294	12	GetBaseTypeDesc	nn::bezel::detail::StaticTypeDesc<nn::bezel::ComModel,false,nn::bezel::Component>	a	a	0		undefined * GetBaseTypeDesc(void)
710000a2a0	20	GetNextBaseTypeDesc	nn::bezel::detail::StaticTypeDesc<nn::bezel::ComModel,false,nn::bezel::Component>	a	a	0		undefined * GetNextBaseTypeDesc(long param_1)
710000a2b4	8	CastTo	nn::bezel::detail::StaticTypeDesc<nn::bezel::ComModel,false,nn::bezel::Component>	a	a	0		undefined8 CastTo(undefined8 param_1, undefined8 param_2)
710000a2bc	8	CastToConst	nn::bezel::detail::StaticTypeDesc<nn::bezel::ComModel,false,nn::bezel::Component>	a	a	0		undefined8 CastToConst(undefined8 param_1, undefined8 param_2)
710000a2d0	368	FUN_710000a2d0		d	a	0		undefined FUN_710000a2d0(long * param_1, byte param_2)
710000a450	740	__push_back_slow_path<mg1111::MapMan::BlockInfo_const&>	std::vector<mg1111::MapMan::BlockInfo,bex::HeapModule::Allocator_vector<mg1111::MapMan::BlockInfo>>	a	a	0		void __push_back_slow_path<mg1111::MapMan::BlockInfo_const&>(vector<mg1111::MapMan::BlockInfo,bex::HeapModule::Allocator_vector<mg1111::MapMan::BlockInfo>> * this, undefined8 * param_1)
710000a738	4	~__func	std::__function::__func<mg1111::CoinMan::Pimpl::AppearItemCoinBag()::{lambda(nn::bezel::HandlePtr<bex::Effect>)#1},std::allocator<mg1111::CoinMan::Pimpl::AppearItemCoinBag()::{lambda(nn::bezel::HandlePtr<bex::Effect>)#1}>,void(nn::bezel::HandlePtr<bex::Effect>)>	a	a	0		undefined ~__func(__func<mg1111::CoinMan::Pimpl::AppearItemCoinBag()::{lambda(nn::bezel::HandlePtr<bex::Effect>)#1},std::allocator<mg1111::CoinMan::Pimpl::AppearItemCoinBag()::{lambda(nn::bezel::HandlePtr<bex::Effect>)#1}>,void(nn::bezel::HandlePtr<bex::Effect>)> * this)
710000a73c	60	__clone	std::__function::__func<mg1111::CoinMan::Pimpl::AppearItemCoinBag()::{lambda(nn::bezel::HandlePtr<bex::Effect>)#1},std::allocator<mg1111::CoinMan::Pimpl::AppearItemCoinBag()::{lambda(nn::bezel::HandlePtr<bex::Effect>)#1}>,void(nn::bezel::HandlePtr<bex::Effect>)>	a	a	0		undefined __clone(__func<mg1111::CoinMan::Pimpl::AppearItemCoinBag()::{lambda(nn::bezel::HandlePtr<bex::Effect>)#1},std::allocator<mg1111::CoinMan::Pimpl::AppearItemCoinBag()::{lambda(nn::bezel::HandlePtr<bex::Effect>)#1}>,void(nn::bezel::HandlePtr<bex::Effect>)> * this)
710000a778	28	__clone	std::__function::__func<mg1111::CoinMan::Pimpl::AppearItemCoinBag()::{lambda(nn::bezel::HandlePtr<bex::Effect>)#1},std::allocator<mg1111::CoinMan::Pimpl::AppearItemCoinBag()::{lambda(nn::bezel::HandlePtr<bex::Effect>)#1}>,void(nn::bezel::HandlePtr<bex::Effect>)>	a	a	0		undefined __clone(__func<mg1111::CoinMan::Pimpl::AppearItemCoinBag()::{lambda(nn::bezel::HandlePtr<bex::Effect>)#1},std::allocator<mg1111::CoinMan::Pimpl::AppearItemCoinBag()::{lambda(nn::bezel::HandlePtr<bex::Effect>)#1}>,void(nn::bezel::HandlePtr<bex::Effect>)> * this, long * param_1)
710000a794	4	destroy	std::__function::__func<mg1111::CoinMan::Pimpl::AppearItemCoinBag()::{lambda(nn::bezel::HandlePtr<bex::Effect>)#1},std::allocator<mg1111::CoinMan::Pimpl::AppearItemCoinBag()::{lambda(nn::bezel::HandlePtr<bex::Effect>)#1}>,void(nn::bezel::HandlePtr<bex::Effect>)>	a	a	0		undefined destroy(void)
710000a798	4	destroy_deallocate	std::__function::__func<mg1111::CoinMan::Pimpl::AppearItemCoinBag()::{lambda(nn::bezel::HandlePtr<bex::Effect>)#1},std::allocator<mg1111::CoinMan::Pimpl::AppearItemCoinBag()::{lambda(nn::bezel::HandlePtr<bex::Effect>)#1}>,void(nn::bezel::HandlePtr<bex::Effect>)>	a	a	0		undefined destroy_deallocate(__func<mg1111::CoinMan::Pimpl::AppearItemCoinBag()::{lambda(nn::bezel::HandlePtr<bex::Effect>)#1},std::allocator<mg1111::CoinMan::Pimpl::AppearItemCoinBag()::{lambda(nn::bezel::HandlePtr<bex::Effect>)#1}>,void(nn::bezel::HandlePtr<bex::Effect>)> * this)
710000a79c	88	operator()	std::__function::__func<mg1111::CoinMan::Pimpl::AppearItemCoinBag()::{lambda(nn::bezel::HandlePtr<bex::Effect>)#1},std::allocator<mg1111::CoinMan::Pimpl::AppearItemCoinBag()::{lambda(nn::bezel::HandlePtr<bex::Effect>)#1}>,void(nn::bezel::HandlePtr<bex::Effect>)>	a	a	0		undefined operator()(__func<mg1111::CoinMan::Pimpl::AppearItemCoinBag()::{lambda(nn::bezel::HandlePtr<bex::Effect>)#1},std::allocator<mg1111::CoinMan::Pimpl::AppearItemCoinBag()::{lambda(nn::bezel::HandlePtr<bex::Effect>)#1}>,void(nn::bezel::HandlePtr<bex::Effect>)> * this, undefined8 * param_1)
710000a800	844	FUN_710000a800		d	a	0		undefined FUN_710000a800(long * param_1)
710000ab60	320	AcquireCoin	mg1111::CoinMan::Pimpl	a	a	0		undefined AcquireCoin(Pimpl * this, long * param_1, byte param_2)
710000aca8	52	FUN_710000aca8		d	a	0		undefined FUN_710000aca8(long param_1)
710000acf4	4	FUN_710000acf4		d	a	0		undefined FUN_710000acf4(void)
710000acf8	4	operator.delete	<EXTERNAL>	d	a	1		void operator.delete(void * param_1)
710000ad60	248	~Pimpl	mg1111::CoinMan::Pimpl	a	a	0		undefined ~Pimpl(Pimpl * this)
710000ae60	196	Common	mg1111::Common	a	a	0		undefined Common(Common * this)
710000af24	48	~Common	mg1111::Common	a	a	0		undefined ~Common(void)
710000af54	32	GetPlayerCharacterID	mg1111::Common	a	a	0		undefined4 GetPlayerCharacterID(void)
710000af74	56	IsSmallPlayerCharacter	mg1111::Common	a	a	0		uint IsSmallPlayerCharacter(void)
710000afac	48	SetLevel	mg1111::Common	a	a	0		undefined SetLevel(short param_1)
710000afdc	32	GetLevel	mg1111::Common	a	a	0		undefined2 GetLevel(void)
710000affc	72	GetLevelBreadType	mg1111::Common	a	a	0		undefined4 GetLevelBreadType(uint param_1)
710000b044	40	BeginItemUse	mg1111::Common	a	a	0		undefined BeginItemUse(char param_1)
710000b06c	36	EndItemUse	mg1111::Common	a	a	0		undefined EndItemUse(char param_1)
710000b090	40	IsActiveItemStar	mg1111::Common	a	a	0		bool IsActiveItemStar(void)
710000b0b8	24	EndPrepareGame	mg1111::Common	a	a	0		undefined EndPrepareGame(void)
710000b0d0	40	IsPrepareGame	mg1111::Common	a	a	0		bool IsPrepareGame(void)
710000b0f8	24	SetActiveSequenceID	mg1111::Common	a	a	0		undefined SetActiveSequenceID(undefined4 param_1)
710000b110	32	GetActiveSequenceID	mg1111::Common	a	a	0		undefined4 GetActiveSequenceID(void)
710000b130	48	SetPosition	mg1111::Common	a	a	0		undefined SetPosition(undefined8 * param_1)
710000b160	84	GetPosition	mg1111::Common	a	a	0		undefined1[16] GetPosition(long * param_1)
710000b1b4	48	SetScale	mg1111::Common	a	a	0		undefined SetScale(undefined8 * param_1)
710000b1e4	84	GetScale	mg1111::Common	a	a	0		undefined1[16] GetScale(long * param_1)
710000b240	296	SetVisible	mg1111::Common	a	a	0		undefined SetVisible(long * param_1)
710000b370	80	FUN_710000b370		d	a	0		undefined FUN_710000b370(void)
710000b3c0	80	FUN_710000b3c0		d	a	0		undefined FUN_710000b3c0(void)
710000b410	80	FUN_710000b410		d	a	0		undefined FUN_710000b410(void)
710000b460	80	FUN_710000b460		d	a	0		undefined FUN_710000b460(void)
710000b4b0	80	FUN_710000b4b0		d	a	0		undefined FUN_710000b4b0(void)
710000b500	260	LayoutMan	mg1111::LayoutMan	a	a	0		undefined LayoutMan(LayoutMan * this)
710000b604	48	~LayoutMan	mg1111::LayoutMan	a	a	0		undefined ~LayoutMan(void)
710000b634	24	ShowBreadMenu	mg1111::LayoutMan	a	a	0		undefined ShowBreadMenu(undefined1[16] param_1, undefined1[16] param_2)
710000b64c	948	ShowBreadMenu	mg1111::LayoutMan::Pimpl	a	a	0		undefined ShowBreadMenu(undefined1[16] param_1, undefined1[16] param_2, undefined8 * param_3)
710000ba00	72	HideBreadMenu	mg1111::LayoutMan	a	a	0		undefined HideBreadMenu(void)
710000ba50	468	AddComponent<ca::ui::CaComUiVisible,,(void*)0>	nn::bezel::Entity	a	a	0		WeakHandle AddComponent<ca::ui::CaComUiVisible,,(void*)0>(long * param_1, HandlePtr * param_2)
710000bc28	32	IsDerivedFrom	nn::bezel::detail::StaticTypeDesc<ca::ui::CaComUiVisible,false,nn::bezel::Component>	a	a	0		bool IsDerivedFrom(undefined * param_1)
710000bc48	12	GetBaseTypeDesc	nn::bezel::detail::StaticTypeDesc<ca::ui::CaComUiVisible,false,nn::bezel::Component>	a	a	0		undefined * GetBaseTypeDesc(void)
710000bc54	20	GetNextBaseTypeDesc	nn::bezel::detail::StaticTypeDesc<ca::ui::CaComUiVisible,false,nn::bezel::Component>	a	a	0		undefined * GetNextBaseTypeDesc(long param_1)
710000bc68	8	CastTo	nn::bezel::detail::StaticTypeDesc<ca::ui::CaComUiVisible,false,nn::bezel::Component>	a	a	0		undefined8 CastTo(undefined8 param_1, undefined8 param_2)
710000bc70	8	CastToConst	nn::bezel::detail::StaticTypeDesc<ca::ui::CaComUiVisible,false,nn::bezel::Component>	a	a	0		undefined8 CastToConst(undefined8 param_1, undefined8 param_2)
710000bc78	108	MapMan	mg1111::MapMan	a	a	0		undefined MapMan(MapMan * this)
710000bcf0	3108	Pimpl	mg1111::MapMan::Pimpl	a	a	0		undefined Pimpl(Pimpl * this)
710000c9d4	60	~MapMan	mg1111::MapMan	a	a	0		undefined ~MapMan(void)
710000ca10	64	GetHookMatrix	mg1111::MapMan	a	a	0		undefined1[16] GetHookMatrix(char * param_1)
710000ca50	400	GetHookMatrix	mg1111::MapMan::Pimpl	a	a	0		undefined1[16] GetHookMatrix(Pimpl * this, char * param_2)
710000cbe8	24	StartOpeningCameraAnim	mg1111::MapMan	a	a	0		undefined StartOpeningCameraAnim(void)
710000cc00	684	StartOpeningCameraAnim	mg1111::MapMan::Pimpl	a	a	0		undefined StartOpeningCameraAnim(Pimpl * this)
710000cebc	28	IsEndOpeningCameraAnim	mg1111::MapMan	a	a	0		undefined8 IsEndOpeningCameraAnim(void)
710000cee0	292	IsEndOpeningCameraAnim	mg1111::MapMan::Pimpl	a	a	0		undefined8 IsEndOpeningCameraAnim(Pimpl * this)
710000d010	264	DeleteOpeningModel	mg1111::MapMan	a	a	0		undefined DeleteOpeningModel(void)
710000d118	24	SkipOpening	mg1111::MapMan	a	a	0		undefined SkipOpening(void)
710000d130	896	SkipOpening	mg1111::MapMan::Pimpl	a	a	0		undefined SkipOpening(Pimpl * this)
710000d4c0	32	GetBlockIndexY	mg1111::MapMan	a	a	0		bool GetBlockIndexY(int param_1)
710000d4e0	104	GetBlockPosition	mg1111::MapMan	a	a	0		undefined1[16] GetBlockPosition(int param_1)
710000d548	116	GetBlockHookPosition	mg1111::MapMan	a	a	0		undefined1[16] GetBlockHookPosition(ulong param_1)
710000d5bc	84	GetBlockInfo	mg1111::MapMan	a	a	0		undefined GetBlockInfo(undefined8 * param_1_00, int param_2)
710000d610	348	GetBlockInfo	mg1111::MapMan::Pimpl	a	a	0		undefined GetBlockInfo(undefined8 * param_1, long param_2, int param_3)
710000d76c	28	SelectBlock	mg1111::MapMan	a	a	0		undefined SelectBlock(int param_1)
710000d790	264	SelectBlock	mg1111::MapMan::Pimpl	a	a	0		undefined SelectBlock(Pimpl * this, int param_1)
710000d8b0	228	PlacementBread	mg1111::MapMan	a	a	0		undefined PlacementBread(undefined8 * param_1_00, int param_2, int param_3)
710000d9a0	232	RemoveBread	mg1111::MapMan	a	a	0		undefined RemoveBread(undefined1[16] param_1_00, float param_2, float param_3, int param_4, uint param_5)
710000da90	80	IsPlacementEnabled	mg1111::MapMan	a	a	0		bool IsPlacementEnabled(int param_1)
710000dae0	56	PlacementItemBox	mg1111::MapMan	a	a	0		undefined1[16] PlacementItemBox(void)
710000db20	728	PlacementItemBox	mg1111::MapMan::Pimpl	a	a	0		undefined1[16] PlacementItemBox(Pimpl * this)
710000de00	24	ObtainItemBox	mg1111::MapMan	a	a	0		undefined ObtainItemBox(undefined1[16] param_1, float param_2, float param_3)
710000de20	236	ObtainItemBox	mg1111::MapMan::Pimpl	a	a	0		undefined ObtainItemBox(undefined1[16] param_1, float param_2, float param_3, long param_4)
710000df20	60	VanishItemBox	mg1111::MapMan	a	a	0		undefined VanishItemBox(void)
710000df70	152	IsExistItemBox	mg1111::MapMan	a	a	0		bool IsExistItemBox(int param_1)
710000e008	32	PlacementRedCoin	mg1111::MapMan	a	a	0		undefined PlacementRedCoin(int param_1, int param_2)
710000e030	348	PlacementRedCoin	mg1111::MapMan::Pimpl	a	a	0		undefined PlacementRedCoin(Pimpl * this, int param_1, int param_2)
710000e190	116	RemoveRedCoin	mg1111::MapMan	a	a	0		undefined RemoveRedCoin(int param_1)
710000e204	28	BeginItemUse	mg1111::MapMan	a	a	0		undefined BeginItemUse(char param_1)
710000e220	256	BeginItemUse	mg1111::MapMan::Pimpl	a	a	0		undefined BeginItemUse(Pimpl * this, char param_1)
710000e320	148	EndItemUse	mg1111::MapMan	a	a	0		undefined EndItemUse(char param_1)
710000e3b4	24	SetupLevel	mg1111::MapMan	a	a	0		undefined SetupLevel(void)
710000e3d0	688	SetupLevel	mg1111::MapMan::Pimpl	a	a	0		undefined SetupLevel(Pimpl * this)
710000e690	144	Update	mg1111::MapMan	a	a	0		undefined Update(void)
710000e720	296	FUN_710000e720		d	a	0		undefined FUN_710000e720(undefined8 * param_1, undefined8 param_2)
710000e850	4	~__func	std::__function::__func<mg1111::MapMan::Pimpl::Pimpl()::{lambda(nn::bezel::HandlePtr<nn::bezel::Entity>)#1},std::allocator<mg1111::MapMan::Pimpl::Pimpl()::{lambda(nn::bezel::HandlePtr<nn::bezel::Entity>)#1}>,void(nn::bezel::HandlePtr<nn::bezel::Entity>)>	a	a	0		undefined ~__func(__func<mg1111::MapMan::Pimpl::Pimpl()::{lambda(nn::bezel::HandlePtr<nn::bezel::Entity>)#1},std::allocator<mg1111::MapMan::Pimpl::Pimpl()::{lambda(nn::bezel::HandlePtr<nn::bezel::Entity>)#1}>,void(nn::bezel::HandlePtr<nn::bezel::Entity>)> * this)
710000e854	40	__clone	std::__function::__func<mg1111::MapMan::Pimpl::Pimpl()::{lambda(nn::bezel::HandlePtr<nn::bezel::Entity>)#1},std::allocator<mg1111::MapMan::Pimpl::Pimpl()::{lambda(nn::bezel::HandlePtr<nn::bezel::Entity>)#1}>,void(nn::bezel::HandlePtr<nn::bezel::Entity>)>	a	a	0		undefined __clone(void)
710000e87c	20	__clone	std::__function::__func<mg1111::MapMan::Pimpl::Pimpl()::{lambda(nn::bezel::HandlePtr<nn::bezel::Entity>)#1},std::allocator<mg1111::MapMan::Pimpl::Pimpl()::{lambda(nn::bezel::HandlePtr<nn::bezel::Entity>)#1}>,void(nn::bezel::HandlePtr<nn::bezel::Entity>)>	a	a	0		undefined __clone(undefined8 param_1_00, long * param_2)
710000e890	4	destroy	std::__function::__func<mg1111::MapMan::Pimpl::Pimpl()::{lambda(nn::bezel::HandlePtr<nn::bezel::Entity>)#1},std::allocator<mg1111::MapMan::Pimpl::Pimpl()::{lambda(nn::bezel::HandlePtr<nn::bezel::Entity>)#1}>,void(nn::bezel::HandlePtr<nn::bezel::Entity>)>	a	a	0		undefined destroy(void)
710000e894	4	destroy_deallocate	std::__function::__func<mg1111::MapMan::Pimpl::Pimpl()::{lambda(nn::bezel::HandlePtr<nn::bezel::Entity>)#1},std::allocator<mg1111::MapMan::Pimpl::Pimpl()::{lambda(nn::bezel::HandlePtr<nn::bezel::Entity>)#1}>,void(nn::bezel::HandlePtr<nn::bezel::Entity>)>	a	a	0		undefined destroy_deallocate(__func<mg1111::MapMan::Pimpl::Pimpl()::{lambda(nn::bezel::HandlePtr<nn::bezel::Entity>)#1},std::allocator<mg1111::MapMan::Pimpl::Pimpl()::{lambda(nn::bezel::HandlePtr<nn::bezel::Entity>)#1}>,void(nn::bezel::HandlePtr<nn::bezel::Entity>)> * this)
710000e898	48	operator()	std::__function::__func<mg1111::MapMan::Pimpl::Pimpl()::{lambda(nn::bezel::HandlePtr<nn::bezel::Entity>)#1},std::allocator<mg1111::MapMan::Pimpl::Pimpl()::{lambda(nn::bezel::HandlePtr<nn::bezel::Entity>)#1}>,void(nn::bezel::HandlePtr<nn::bezel::Entity>)>	a	a	0		undefined operator()(undefined8 param_1_00, undefined8 * param_2)
710000e8d0	472	AddComponent<bq::ComMatter,char_const(&)[30],(void*)0>	nn::bezel::Entity	a	a	0		WeakHandle AddComponent<bq::ComMatter,char_const(&)[30],(void*)0>(long * param_1_00, HandlePtr * param_2, char * param_3)
710000eaac	384	SafeCreate<bq::ComMatter,nn::bezel::HandlePtr<nn::bezel::Entity>const&,char_const(&)[30]>	bex::ComponentUtil	a	a	0		WeakHandle SafeCreate<bq::ComMatter,nn::bezel::HandlePtr<nn::bezel::Entity>const&,char_const(&)[30]>(long * param_1_00, ComponentUtil * this, char * param_3)
710000ec3c	4	~__func	std::__function::__func<mg1111::MapMan::Pimpl::Pimpl()::{lambda(nn::bezel::HandlePtr<nn::bezel::Entity>)#2},std::allocator<mg1111::MapMan::Pimpl::Pimpl()::{lambda(nn::bezel::HandlePtr<nn::bezel::Entity>)#2}>,void(nn::bezel::HandlePtr<nn::bezel::Entity>)>	a	a	0		undefined ~__func(__func<mg1111::MapMan::Pimpl::Pimpl()::{lambda(nn::bezel::HandlePtr<nn::bezel::Entity>)#2},std::allocator<mg1111::MapMan::Pimpl::Pimpl()::{lambda(nn::bezel::HandlePtr<nn::bezel::Entity>)#2}>,void(nn::bezel::HandlePtr<nn::bezel::Entity>)> * this)
710000ec40	40	__clone	std::__function::__func<mg1111::MapMan::Pimpl::Pimpl()::{lambda(nn::bezel::HandlePtr<nn::bezel::Entity>)#2},std::allocator<mg1111::MapMan::Pimpl::Pimpl()::{lambda(nn::bezel::HandlePtr<nn::bezel::Entity>)#2}>,void(nn::bezel::HandlePtr<nn::bezel::Entity>)>	a	a	0		undefined __clone(void)
710000ec68	20	__clone	std::__function::__func<mg1111::MapMan::Pimpl::Pimpl()::{lambda(nn::bezel::HandlePtr<nn::bezel::Entity>)#2},std::allocator<mg1111::MapMan::Pimpl::Pimpl()::{lambda(nn::bezel::HandlePtr<nn::bezel::Entity>)#2}>,void(nn::bezel::HandlePtr<nn::bezel::Entity>)>	a	a	0		undefined __clone(undefined8 param_1_00, long * param_2)
710000ec7c	4	destroy	std::__function::__func<mg1111::MapMan::Pimpl::Pimpl()::{lambda(nn::bezel::HandlePtr<nn::bezel::Entity>)#2},std::allocator<mg1111::MapMan::Pimpl::Pimpl()::{lambda(nn::bezel::HandlePtr<nn::bezel::Entity>)#2}>,void(nn::bezel::HandlePtr<nn::bezel::Entity>)>	a	a	0		undefined destroy(void)
710000ec80	4	destroy_deallocate	std::__function::__func<mg1111::MapMan::Pimpl::Pimpl()::{lambda(nn::bezel::HandlePtr<nn::bezel::Entity>)#2},std::allocator<mg1111::MapMan::Pimpl::Pimpl()::{lambda(nn::bezel::HandlePtr<nn::bezel::Entity>)#2}>,void(nn::bezel::HandlePtr<nn::bezel::Entity>)>	a	a	0		undefined destroy_deallocate(__func<mg1111::MapMan::Pimpl::Pimpl()::{lambda(nn::bezel::HandlePtr<nn::bezel::Entity>)#2},std::allocator<mg1111::MapMan::Pimpl::Pimpl()::{lambda(nn::bezel::HandlePtr<nn::bezel::Entity>)#2}>,void(nn::bezel::HandlePtr<nn::bezel::Entity>)> * this)
710000ec84	48	operator()	std::__function::__func<mg1111::MapMan::Pimpl::Pimpl()::{lambda(nn::bezel::HandlePtr<nn::bezel::Entity>)#2},std::allocator<mg1111::MapMan::Pimpl::Pimpl()::{lambda(nn::bezel::HandlePtr<nn::bezel::Entity>)#2}>,void(nn::bezel::HandlePtr<nn::bezel::Entity>)>	a	a	0		undefined operator()(undefined8 param_1_00, undefined8 * param_2)
710000ecc0	472	AddComponent<bq::ComMatter,char_const(&)[33],(void*)0>	nn::bezel::Entity	a	a	0		WeakHandle AddComponent<bq::ComMatter,char_const(&)[33],(void*)0>(long * param_1_00, HandlePtr * param_2, char * param_3)
710000ee9c	384	SafeCreate<bq::ComMatter,nn::bezel::HandlePtr<nn::bezel::Entity>const&,char_const(&)[33]>	bex::ComponentUtil	a	a	0		WeakHandle SafeCreate<bq::ComMatter,nn::bezel::HandlePtr<nn::bezel::Entity>const&,char_const(&)[33]>(long * param_1_00, ComponentUtil * this, char * param_3)
710000f02c	4	~__func	std::__function::__func<mg1111::MapMan::Pimpl::Pimpl()::{lambda(nn::bezel::HandlePtr<nn::bezel::Entity>)#3},std::allocator<mg1111::MapMan::Pimpl::Pimpl()::{lambda(nn::bezel::HandlePtr<nn::bezel::Entity>)#3}>,void(nn::bezel::HandlePtr<nn::bezel::Entity>)>	a	a	0		undefined ~__func(__func<mg1111::MapMan::Pimpl::Pimpl()::{lambda(nn::bezel::HandlePtr<nn::bezel::Entity>)#3},std::allocator<mg1111::MapMan::Pimpl::Pimpl()::{lambda(nn::bezel::HandlePtr<nn::bezel::Entity>)#3}>,void(nn::bezel::HandlePtr<nn::bezel::Entity>)> * this)
710000f030	40	__clone	std::__function::__func<mg1111::MapMan::Pimpl::Pimpl()::{lambda(nn::bezel::HandlePtr<nn::bezel::Entity>)#3},std::allocator<mg1111::MapMan::Pimpl::Pimpl()::{lambda(nn::bezel::HandlePtr<nn::bezel::Entity>)#3}>,void(nn::bezel::HandlePtr<nn::bezel::Entity>)>	a	a	0		undefined __clone(void)
710000f058	20	__clone	std::__function::__func<mg1111::MapMan::Pimpl::Pimpl()::{lambda(nn::bezel::HandlePtr<nn::bezel::Entity>)#3},std::allocator<mg1111::MapMan::Pimpl::Pimpl()::{lambda(nn::bezel::HandlePtr<nn::bezel::Entity>)#3}>,void(nn::bezel::HandlePtr<nn::bezel::Entity>)>	a	a	0		undefined __clone(undefined8 param_1_00, long * param_2)
710000f06c	4	destroy	std::__function::__func<mg1111::MapMan::Pimpl::Pimpl()::{lambda(nn::bezel::HandlePtr<nn::bezel::Entity>)#3},std::allocator<mg1111::MapMan::Pimpl::Pimpl()::{lambda(nn::bezel::HandlePtr<nn::bezel::Entity>)#3}>,void(nn::bezel::HandlePtr<nn::bezel::Entity>)>	a	a	0		undefined destroy(void)
710000f070	4	destroy_deallocate	std::__function::__func<mg1111::MapMan::Pimpl::Pimpl()::{lambda(nn::bezel::HandlePtr<nn::bezel::Entity>)#3},std::allocator<mg1111::MapMan::Pimpl::Pimpl()::{lambda(nn::bezel::HandlePtr<nn::bezel::Entity>)#3}>,void(nn::bezel::HandlePtr<nn::bezel::Entity>)>	a	a	0		undefined destroy_deallocate(__func<mg1111::MapMan::Pimpl::Pimpl()::{lambda(nn::bezel::HandlePtr<nn::bezel::Entity>)#3},std::allocator<mg1111::MapMan::Pimpl::Pimpl()::{lambda(nn::bezel::HandlePtr<nn::bezel::Entity>)#3}>,void(nn::bezel::HandlePtr<nn::bezel::Entity>)> * this)
710000f074	48	operator()	std::__function::__func<mg1111::MapMan::Pimpl::Pimpl()::{lambda(nn::bezel::HandlePtr<nn::bezel::Entity>)#3},std::allocator<mg1111::MapMan::Pimpl::Pimpl()::{lambda(nn::bezel::HandlePtr<nn::bezel::Entity>)#3}>,void(nn::bezel::HandlePtr<nn::bezel::Entity>)>	a	a	0		undefined operator()(undefined8 param_1_00, undefined8 * param_2)
710000f0b0	472	AddComponent<bq::ComMatter,char_const(&)[36],(void*)0>	nn::bezel::Entity	a	a	0		WeakHandle AddComponent<bq::ComMatter,char_const(&)[36],(void*)0>(long * param_1_00, HandlePtr * param_2, char * param_3)
710000f28c	384	SafeCreate<bq::ComMatter,nn::bezel::HandlePtr<nn::bezel::Entity>const&,char_const(&)[36]>	bex::ComponentUtil	a	a	0		WeakHandle SafeCreate<bq::ComMatter,nn::bezel::HandlePtr<nn::bezel::Entity>const&,char_const(&)[36]>(long * param_1_00, ComponentUtil * this, char * param_3)
710000f41c	4	~__func	std::__function::__func<mg1111::MapMan::Pimpl::Pimpl()::{lambda(nn::bezel::HandlePtr<nn::bezel::Entity>)#4},std::allocator<mg1111::MapMan::Pimpl::Pimpl()::{lambda(nn::bezel::HandlePtr<nn::bezel::Entity>)#4}>,void(nn::bezel::HandlePtr<nn::bezel::Entity>)>	a	a	0		undefined ~__func(__func<mg1111::MapMan::Pimpl::Pimpl()::{lambda(nn::bezel::HandlePtr<nn::bezel::Entity>)#4},std::allocator<mg1111::MapMan::Pimpl::Pimpl()::{lambda(nn::bezel::HandlePtr<nn::bezel::Entity>)#4}>,void(nn::bezel::HandlePtr<nn::bezel::Entity>)> * this)
710000f420	40	__clone	std::__function::__func<mg1111::MapMan::Pimpl::Pimpl()::{lambda(nn::bezel::HandlePtr<nn::bezel::Entity>)#4},std::allocator<mg1111::MapMan::Pimpl::Pimpl()::{lambda(nn::bezel::HandlePtr<nn::bezel::Entity>)#4}>,void(nn::bezel::HandlePtr<nn::bezel::Entity>)>	a	a	0		undefined __clone(void)
710000f448	20	__clone	std::__function::__func<mg1111::MapMan::Pimpl::Pimpl()::{lambda(nn::bezel::HandlePtr<nn::bezel::Entity>)#4},std::allocator<mg1111::MapMan::Pimpl::Pimpl()::{lambda(nn::bezel::HandlePtr<nn::bezel::Entity>)#4}>,void(nn::bezel::HandlePtr<nn::bezel::Entity>)>	a	a	0		undefined __clone(undefined8 param_1_00, long * param_2)
710000f45c	4	destroy	std::__function::__func<mg1111::MapMan::Pimpl::Pimpl()::{lambda(nn::bezel::HandlePtr<nn::bezel::Entity>)#4},std::allocator<mg1111::MapMan::Pimpl::Pimpl()::{lambda(nn::bezel::HandlePtr<nn::bezel::Entity>)#4}>,void(nn::bezel::HandlePtr<nn::bezel::Entity>)>	a	a	0		undefined destroy(void)
710000f460	4	destroy_deallocate	std::__function::__func<mg1111::MapMan::Pimpl::Pimpl()::{lambda(nn::bezel::HandlePtr<nn::bezel::Entity>)#4},std::allocator<mg1111::MapMan::Pimpl::Pimpl()::{lambda(nn::bezel::HandlePtr<nn::bezel::Entity>)#4}>,void(nn::bezel::HandlePtr<nn::bezel::Entity>)>	a	a	0		undefined destroy_deallocate(__func<mg1111::MapMan::Pimpl::Pimpl()::{lambda(nn::bezel::HandlePtr<nn::bezel::Entity>)#4},std::allocator<mg1111::MapMan::Pimpl::Pimpl()::{lambda(nn::bezel::HandlePtr<nn::bezel::Entity>)#4}>,void(nn::bezel::HandlePtr<nn::bezel::Entity>)> * this)
710000f464	48	operator()	std::__function::__func<mg1111::MapMan::Pimpl::Pimpl()::{lambda(nn::bezel::HandlePtr<nn::bezel::Entity>)#4},std::allocator<mg1111::MapMan::Pimpl::Pimpl()::{lambda(nn::bezel::HandlePtr<nn::bezel::Entity>)#4}>,void(nn::bezel::HandlePtr<nn::bezel::Entity>)>	a	a	0		undefined operator()(__func<mg1111::MapMan::Pimpl::Pimpl()::{lambda(nn::bezel::HandlePtr<nn::bezel::Entity>)#4},std::allocator<mg1111::MapMan::Pimpl::Pimpl()::{lambda(nn::bezel::HandlePtr<nn::bezel::Entity>)#4}>,void(nn::bezel::HandlePtr<nn::bezel::Entity>)> * this, long * param_1)
710000f4a0	364	operator()	mg1111::MapMan::Pimpl::Pimpl()::{lambda(nn::bezel::HandlePtr<nn::bezel::Entity>)#4}	a	a	0		undefined operator()({lambda(nn::bezel::HandlePtr<nn::bezel::Entity>)#4} * this, long * param_1)
710000f620	472	AddComponent<bq::ComMatter,char_const(&)[34],(void*)0>	nn::bezel::Entity	a	a	0		WeakHandle AddComponent<bq::ComMatter,char_const(&)[34],(void*)0>(long * param_1_00, HandlePtr * param_2, char * param_3)
710000f7fc	384	SafeCreate<bq::ComMatter,nn::bezel::HandlePtr<nn::bezel::Entity>const&,char_const(&)[34]>	bex::ComponentUtil	a	a	0		WeakHandle SafeCreate<bq::ComMatter,nn::bezel::HandlePtr<nn::bezel::Entity>const&,char_const(&)[34]>(long * param_1_00, ComponentUtil * this, char * param_3)
710000f98c	4	~__func	std::__function::__func<mg1111::MapMan::Pimpl::Pimpl()::{lambda(nn::bezel::HandlePtr<nn::bezel::Entity>)#5},std::allocator<mg1111::MapMan::Pimpl::Pimpl()::{lambda(nn::bezel::HandlePtr<nn::bezel::Entity>)#5}>,void(nn::bezel::HandlePtr<nn::bezel::Entity>)>	a	a	0		undefined ~__func(__func<mg1111::MapMan::Pimpl::Pimpl()::{lambda(nn::bezel::HandlePtr<nn::bezel::Entity>)#5},std::allocator<mg1111::MapMan::Pimpl::Pimpl()::{lambda(nn::bezel::HandlePtr<nn::bezel::Entity>)#5}>,void(nn::bezel::HandlePtr<nn::bezel::Entity>)> * this)
710000f990	40	__clone	std::__function::__func<mg1111::MapMan::Pimpl::Pimpl()::{lambda(nn::bezel::HandlePtr<nn::bezel::Entity>)#5},std::allocator<mg1111::MapMan::Pimpl::Pimpl()::{lambda(nn::bezel::HandlePtr<nn::bezel::Entity>)#5}>,void(nn::bezel::HandlePtr<nn::bezel::Entity>)>	a	a	0		undefined __clone(void)
710000f9b8	20	__clone	std::__function::__func<mg1111::MapMan::Pimpl::Pimpl()::{lambda(nn::bezel::HandlePtr<nn::bezel::Entity>)#5},std::allocator<mg1111::MapMan::Pimpl::Pimpl()::{lambda(nn::bezel::HandlePtr<nn::bezel::Entity>)#5}>,void(nn::bezel::HandlePtr<nn::bezel::Entity>)>	a	a	0		undefined __clone(undefined8 param_1_00, long * param_2)
710000f9cc	4	destroy	std::__function::__func<mg1111::MapMan::Pimpl::Pimpl()::{lambda(nn::bezel::HandlePtr<nn::bezel::Entity>)#5},std::allocator<mg1111::MapMan::Pimpl::Pimpl()::{lambda(nn::bezel::HandlePtr<nn::bezel::Entity>)#5}>,void(nn::bezel::HandlePtr<nn::bezel::Entity>)>	a	a	0		undefined destroy(void)
710000f9d0	4	destroy_deallocate	std::__function::__func<mg1111::MapMan::Pimpl::Pimpl()::{lambda(nn::bezel::HandlePtr<nn::bezel::Entity>)#5},std::allocator<mg1111::MapMan::Pimpl::Pimpl()::{lambda(nn::bezel::HandlePtr<nn::bezel::Entity>)#5}>,void(nn::bezel::HandlePtr<nn::bezel::Entity>)>	a	a	0		undefined destroy_deallocate(__func<mg1111::MapMan::Pimpl::Pimpl()::{lambda(nn::bezel::HandlePtr<nn::bezel::Entity>)#5},std::allocator<mg1111::MapMan::Pimpl::Pimpl()::{lambda(nn::bezel::HandlePtr<nn::bezel::Entity>)#5}>,void(nn::bezel::HandlePtr<nn::bezel::Entity>)> * this)
710000f9d4	48	operator()	std::__function::__func<mg1111::MapMan::Pimpl::Pimpl()::{lambda(nn::bezel::HandlePtr<nn::bezel::Entity>)#5},std::allocator<mg1111::MapMan::Pimpl::Pimpl()::{lambda(nn::bezel::HandlePtr<nn::bezel::Entity>)#5}>,void(nn::bezel::HandlePtr<nn::bezel::Entity>)>	a	a	0		undefined operator()(__func<mg1111::MapMan::Pimpl::Pimpl()::{lambda(nn::bezel::HandlePtr<nn::bezel::Entity>)#5},std::allocator<mg1111::MapMan::Pimpl::Pimpl()::{lambda(nn::bezel::HandlePtr<nn::bezel::Entity>)#5}>,void(nn::bezel::HandlePtr<nn::bezel::Entity>)> * this, long * param_1)
710000fa10	572	operator()	mg1111::MapMan::Pimpl::Pimpl()::{lambda(nn::bezel::HandlePtr<nn::bezel::Entity>)#5}	a	a	0		undefined operator()({lambda(nn::bezel::HandlePtr<nn::bezel::Entity>)#5} * this, long * param_1)
710000fc60	472	AddComponent<bq::ComMatter,bq::MatterType,(void*)0>	nn::bezel::Entity	a	a	0		WeakHandle AddComponent<bq::ComMatter,bq::MatterType,(void*)0>(long * param_1_00, HandlePtr * param_2, undefined4 * param_3)
710000fe3c	372	SafeCreate<bq::ComMatter,nn::bezel::HandlePtr<nn::bezel::Entity>const&,bq::MatterType>	bex::ComponentUtil	a	a	0		WeakHandle SafeCreate<bq::ComMatter,nn::bezel::HandlePtr<nn::bezel::Entity>const&,bq::MatterType>(long * param_1_00, ComponentUtil * this, undefined4 * param_3)
710000ffc0	32	IsDerivedFrom	nn::bezel::detail::StaticTypeDesc<nn::bezel::ComCamera,false,nn::bezel::Component>	a	a	0		bool IsDerivedFrom(undefined * param_1)
710000ffe0	12	GetBaseTypeDesc	nn::bezel::detail::StaticTypeDesc<nn::bezel::ComCamera,false,nn::bezel::Component>	a	a	0		undefined * GetBaseTypeDesc(void)
710000ffec	20	GetNextBaseTypeDesc	nn::bezel::detail::StaticTypeDesc<nn::bezel::ComCamera,false,nn::bezel::Component>	a	a	0		undefined * GetNextBaseTypeDesc(long param_1)
7100010000	8	CastTo	nn::bezel::detail::StaticTypeDesc<nn::bezel::ComCamera,false,nn::bezel::Component>	a	a	0		undefined8 CastTo(undefined8 param_1, undefined8 param_2)
7100010008	8	CastToConst	nn::bezel::detail::StaticTypeDesc<nn::bezel::ComCamera,false,nn::bezel::Component>	a	a	0		undefined8 CastToConst(undefined8 param_1, undefined8 param_2)
7100010010	4	~__func	std::__function::__func<mg1111::MapMan::Pimpl::Pimpl()::{lambda(nn::bezel::HandlePtr<nn::bezel::Entity>)#6},std::allocator<mg1111::MapMan::Pimpl::Pimpl()::{lambda(nn::bezel::HandlePtr<nn::bezel::Entity>)#6}>,void(nn::bezel::HandlePtr<nn::bezel::Entity>)>	a	a	0		undefined ~__func(__func<mg1111::MapMan::Pimpl::Pimpl()::{lambda(nn::bezel::HandlePtr<nn::bezel::Entity>)#6},std::allocator<mg1111::MapMan::Pimpl::Pimpl()::{lambda(nn::bezel::HandlePtr<nn::bezel::Entity>)#6}>,void(nn::bezel::HandlePtr<nn::bezel::Entity>)> * this)
7100010014	40	__clone	std::__function::__func<mg1111::MapMan::Pimpl::Pimpl()::{lambda(nn::bezel::HandlePtr<nn::bezel::Entity>)#6},std::allocator<mg1111::MapMan::Pimpl::Pimpl()::{lambda(nn::bezel::HandlePtr<nn::bezel::Entity>)#6}>,void(nn::bezel::HandlePtr<nn::bezel::Entity>)>	a	a	0		undefined __clone(void)
710001003c	20	__clone	std::__function::__func<mg1111::MapMan::Pimpl::Pimpl()::{lambda(nn::bezel::HandlePtr<nn::bezel::Entity>)#6},std::allocator<mg1111::MapMan::Pimpl::Pimpl()::{lambda(nn::bezel::HandlePtr<nn::bezel::Entity>)#6}>,void(nn::bezel::HandlePtr<nn::bezel::Entity>)>	a	a	0		undefined __clone(undefined8 param_1_00, long * param_2)
7100010050	4	destroy	std::__function::__func<mg1111::MapMan::Pimpl::Pimpl()::{lambda(nn::bezel::HandlePtr<nn::bezel::Entity>)#6},std::allocator<mg1111::MapMan::Pimpl::Pimpl()::{lambda(nn::bezel::HandlePtr<nn::bezel::Entity>)#6}>,void(nn::bezel::HandlePtr<nn::bezel::Entity>)>	a	a	0		undefined destroy(void)
7100010054	4	destroy_deallocate	std::__function::__func<mg1111::MapMan::Pimpl::Pimpl()::{lambda(nn::bezel::HandlePtr<nn::bezel::Entity>)#6},std::allocator<mg1111::MapMan::Pimpl::Pimpl()::{lambda(nn::bezel::HandlePtr<nn::bezel::Entity>)#6}>,void(nn::bezel::HandlePtr<nn::bezel::Entity>)>	a	a	0		undefined destroy_deallocate(__func<mg1111::MapMan::Pimpl::Pimpl()::{lambda(nn::bezel::HandlePtr<nn::bezel::Entity>)#6},std::allocator<mg1111::MapMan::Pimpl::Pimpl()::{lambda(nn::bezel::HandlePtr<nn::bezel::Entity>)#6}>,void(nn::bezel::HandlePtr<nn::bezel::Entity>)> * this)
7100010058	48	operator()	std::__function::__func<mg1111::MapMan::Pimpl::Pimpl()::{lambda(nn::bezel::HandlePtr<nn::bezel::Entity>)#6},std::allocator<mg1111::MapMan::Pimpl::Pimpl()::{lambda(nn::bezel::HandlePtr<nn::bezel::Entity>)#6}>,void(nn::bezel::HandlePtr<nn::bezel::Entity>)>	a	a	0		undefined operator()(undefined8 param_1_00, undefined8 * param_2)
7100010090	472	AddComponent<bq::ComMatter,char_const(&)[37],(void*)0>	nn::bezel::Entity	a	a	0		WeakHandle AddComponent<bq::ComMatter,char_const(&)[37],(void*)0>(long * param_1_00, HandlePtr * param_2, char * param_3)
710001026c	384	SafeCreate<bq::ComMatter,nn::bezel::HandlePtr<nn::bezel::Entity>const&,char_const(&)[37]>	bex::ComponentUtil	a	a	0		WeakHandle SafeCreate<bq::ComMatter,nn::bezel::HandlePtr<nn::bezel::Entity>const&,char_const(&)[37]>(long * param_1_00, ComponentUtil * this, char * param_3)
7100010460	452	FUN_7100010460		d	a	0		undefined FUN_7100010460(long * param_1, undefined8 * param_2)
7100010624	20	FUN_7100010624		d	a	0		undefined FUN_7100010624(void)
710001063c	36	FUN_710001063c		d	a	0		undefined FUN_710001063c(void)
7100010670	4	FUN_7100010670		d	a	0		undefined FUN_7100010670(void)
7100010674	4	operator.delete	<EXTERNAL>	d	a	1		void operator.delete(void * param_1)
7100010834	36	FUN_7100010834		d	a	0		undefined FUN_7100010834(void)
7100010868	4	FUN_7100010868		d	a	0		undefined FUN_7100010868(void)
710001086c	4	operator.delete	<EXTERNAL>	d	a	1		void operator.delete(void * param_1)
7100010bac	36	FUN_7100010bac		d	a	0		undefined FUN_7100010bac(void)
7100010be0	4	FUN_7100010be0		d	a	0		undefined FUN_7100010be0(void)
7100010be4	4	operator.delete	<EXTERNAL>	d	a	1		void operator.delete(void * param_1)
7100010c1c	36	FUN_7100010c1c		d	a	0		undefined FUN_7100010c1c(void)
7100010c50	4	FUN_7100010c50		d	a	0		undefined FUN_7100010c50(void)
7100010c54	4	operator.delete	<EXTERNAL>	d	a	1		void operator.delete(void * param_1)
7100010c8c	36	FUN_7100010c8c		d	a	0		undefined FUN_7100010c8c(void)
7100010cc0	4	FUN_7100010cc0		d	a	0		undefined FUN_7100010cc0(void)
7100010cc4	4	operator.delete	<EXTERNAL>	d	a	1		void operator.delete(void * param_1)
7100010d00	472	AddComponent<bq::ComMatter,char_const(&)[35],(void*)0>	nn::bezel::Entity	a	a	0		WeakHandle AddComponent<bq::ComMatter,char_const(&)[35],(void*)0>(long * param_1_00, HandlePtr * param_2, char * param_3)
7100010edc	384	SafeCreate<bq::ComMatter,nn::bezel::HandlePtr<nn::bezel::Entity>const&,char_const(&)[35]>	bex::ComponentUtil	a	a	0		WeakHandle SafeCreate<bq::ComMatter,nn::bezel::HandlePtr<nn::bezel::Entity>const&,char_const(&)[35]>(long * param_1_00, ComponentUtil * this, char * param_3)
710001106c	4	~__func	std::__function::__func<mg1111::MapMan::Pimpl::Pimpl()::{lambda(nn::bezel::HandlePtr<bex::Effect>)#1},std::allocator<mg1111::MapMan::Pimpl::Pimpl()::{lambda(nn::bezel::HandlePtr<bex::Effect>)#1}>,void(nn::bezel::HandlePtr<bex::Effect>)>	a	a	0		undefined ~__func(__func<mg1111::MapMan::Pimpl::Pimpl()::{lambda(nn::bezel::HandlePtr<bex::Effect>)#1},std::allocator<mg1111::MapMan::Pimpl::Pimpl()::{lambda(nn::bezel::HandlePtr<bex::Effect>)#1}>,void(nn::bezel::HandlePtr<bex::Effect>)> * this)
7100011070	40	__clone	std::__function::__func<mg1111::MapMan::Pimpl::Pimpl()::{lambda(nn::bezel::HandlePtr<bex::Effect>)#1},std::allocator<mg1111::MapMan::Pimpl::Pimpl()::{lambda(nn::bezel::HandlePtr<bex::Effect>)#1}>,void(nn::bezel::HandlePtr<bex::Effect>)>	a	a	0		undefined __clone(void)
7100011098	20	__clone	std::__function::__func<mg1111::MapMan::Pimpl::Pimpl()::{lambda(nn::bezel::HandlePtr<bex::Effect>)#1},std::allocator<mg1111::MapMan::Pimpl::Pimpl()::{lambda(nn::bezel::HandlePtr<bex::Effect>)#1}>,void(nn::bezel::HandlePtr<bex::Effect>)>	a	a	0		undefined __clone(undefined8 param_1_00, long * param_2)
71000110ac	4	destroy	std::__function::__func<mg1111::MapMan::Pimpl::Pimpl()::{lambda(nn::bezel::HandlePtr<bex::Effect>)#1},std::allocator<mg1111::MapMan::Pimpl::Pimpl()::{lambda(nn::bezel::HandlePtr<bex::Effect>)#1}>,void(nn::bezel::HandlePtr<bex::Effect>)>	a	a	0		undefined destroy(void)
71000110b0	4	destroy_deallocate	std::__function::__func<mg1111::MapMan::Pimpl::Pimpl()::{lambda(nn::bezel::HandlePtr<bex::Effect>)#1},std::allocator<mg1111::MapMan::Pimpl::Pimpl()::{lambda(nn::bezel::HandlePtr<bex::Effect>)#1}>,void(nn::bezel::HandlePtr<bex::Effect>)>	a	a	0		undefined destroy_deallocate(__func<mg1111::MapMan::Pimpl::Pimpl()::{lambda(nn::bezel::HandlePtr<bex::Effect>)#1},std::allocator<mg1111::MapMan::Pimpl::Pimpl()::{lambda(nn::bezel::HandlePtr<bex::Effect>)#1}>,void(nn::bezel::HandlePtr<bex::Effect>)> * this)
71000110b4	52	operator()	std::__function::__func<mg1111::MapMan::Pimpl::Pimpl()::{lambda(nn::bezel::HandlePtr<bex::Effect>)#1},std::allocator<mg1111::MapMan::Pimpl::Pimpl()::{lambda(nn::bezel::HandlePtr<bex::Effect>)#1}>,void(nn::bezel::HandlePtr<bex::Effect>)>	a	a	0		undefined operator()(undefined8 param_1_00, undefined8 * param_2)
71000110e8	4	~__func	std::__function::__func<mg1111::MapMan::Pimpl::Pimpl()::{lambda(nn::bezel::HandlePtr<bex::Effect>)#2},std::allocator<mg1111::MapMan::Pimpl::Pimpl()::{lambda(nn::bezel::HandlePtr<bex::Effect>)#2}>,void(nn::bezel::HandlePtr<bex::Effect>)>	a	a	0		undefined ~__func(__func<mg1111::MapMan::Pimpl::Pimpl()::{lambda(nn::bezel::HandlePtr<bex::Effect>)#2},std::allocator<mg1111::MapMan::Pimpl::Pimpl()::{lambda(nn::bezel::HandlePtr<bex::Effect>)#2}>,void(nn::bezel::HandlePtr<bex::Effect>)> * this)
71000110ec	40	__clone	std::__function::__func<mg1111::MapMan::Pimpl::Pimpl()::{lambda(nn::bezel::HandlePtr<bex::Effect>)#2},std::allocator<mg1111::MapMan::Pimpl::Pimpl()::{lambda(nn::bezel::HandlePtr<bex::Effect>)#2}>,void(nn::bezel::HandlePtr<bex::Effect>)>	a	a	0		undefined __clone(void)
7100011114	20	__clone	std::__function::__func<mg1111::MapMan::Pimpl::Pimpl()::{lambda(nn::bezel::HandlePtr<bex::Effect>)#2},std::allocator<mg1111::MapMan::Pimpl::Pimpl()::{lambda(nn::bezel::HandlePtr<bex::Effect>)#2}>,void(nn::bezel::HandlePtr<bex::Effect>)>	a	a	0		undefined __clone(undefined8 param_1_00, long * param_2)
7100011128	4	destroy	std::__function::__func<mg1111::MapMan::Pimpl::Pimpl()::{lambda(nn::bezel::HandlePtr<bex::Effect>)#2},std::allocator<mg1111::MapMan::Pimpl::Pimpl()::{lambda(nn::bezel::HandlePtr<bex::Effect>)#2}>,void(nn::bezel::HandlePtr<bex::Effect>)>	a	a	0		undefined destroy(void)
710001112c	4	destroy_deallocate	std::__function::__func<mg1111::MapMan::Pimpl::Pimpl()::{lambda(nn::bezel::HandlePtr<bex::Effect>)#2},std::allocator<mg1111::MapMan::Pimpl::Pimpl()::{lambda(nn::bezel::HandlePtr<bex::Effect>)#2}>,void(nn::bezel::HandlePtr<bex::Effect>)>	a	a	0		undefined destroy_deallocate(__func<mg1111::MapMan::Pimpl::Pimpl()::{lambda(nn::bezel::HandlePtr<bex::Effect>)#2},std::allocator<mg1111::MapMan::Pimpl::Pimpl()::{lambda(nn::bezel::HandlePtr<bex::Effect>)#2}>,void(nn::bezel::HandlePtr<bex::Effect>)> * this)
7100011130	16	operator()	std::__function::__func<mg1111::MapMan::Pimpl::Pimpl()::{lambda(nn::bezel::HandlePtr<bex::Effect>)#2},std::allocator<mg1111::MapMan::Pimpl::Pimpl()::{lambda(nn::bezel::HandlePtr<bex::Effect>)#2}>,void(nn::bezel::HandlePtr<bex::Effect>)>	a	a	0		undefined operator()(undefined8 param_1_00, undefined8 * param_2)
7100011140	4	~__func	std::__function::__func<mg1111::MapMan::Pimpl::BeginItemUse(ca::coin_athlon::Item)::{lambda(nn::bezel::HandlePtr<bex::Effect>)#1},std::allocator<mg1111::MapMan::Pimpl::BeginItemUse(ca::coin_athlon::Item)::{lambda(nn::bezel::HandlePtr<bex::Effect>)#1}>,void(nn::bezel::HandlePtr<bex::Effect>)>	a	a	0		undefined ~__func(__func<mg1111::MapMan::Pimpl::BeginItemUse(ca::coin_athlon::Item)::{lambda(nn::bezel::HandlePtr<bex::Effect>)#1},std::allocator<mg1111::MapMan::Pimpl::BeginItemUse(ca::coin_athlon::Item)::{lambda(nn::bezel::HandlePtr<bex::Effect>)#1}>,void(nn::bezel::HandlePtr<bex::Effect>)> * this)
7100011144	40	__clone	std::__function::__func<mg1111::MapMan::Pimpl::BeginItemUse(ca::coin_athlon::Item)::{lambda(nn::bezel::HandlePtr<bex::Effect>)#1},std::allocator<mg1111::MapMan::Pimpl::BeginItemUse(ca::coin_athlon::Item)::{lambda(nn::bezel::HandlePtr<bex::Effect>)#1}>,void(nn::bezel::HandlePtr<bex::Effect>)>	a	a	0		undefined __clone(void)
710001116c	20	__clone	std::__function::__func<mg1111::MapMan::Pimpl::BeginItemUse(ca::coin_athlon::Item)::{lambda(nn::bezel::HandlePtr<bex::Effect>)#1},std::allocator<mg1111::MapMan::Pimpl::BeginItemUse(ca::coin_athlon::Item)::{lambda(nn::bezel::HandlePtr<bex::Effect>)#1}>,void(nn::bezel::HandlePtr<bex::Effect>)>	a	a	0		undefined __clone(undefined8 param_1_00, long * param_2)
7100011180	4	destroy	std::__function::__func<mg1111::MapMan::Pimpl::BeginItemUse(ca::coin_athlon::Item)::{lambda(nn::bezel::HandlePtr<bex::Effect>)#1},std::allocator<mg1111::MapMan::Pimpl::BeginItemUse(ca::coin_athlon::Item)::{lambda(nn::bezel::HandlePtr<bex::Effect>)#1}>,void(nn::bezel::HandlePtr<bex::Effect>)>	a	a	0		undefined destroy(void)
7100011184	4	destroy_deallocate	std::__function::__func<mg1111::MapMan::Pimpl::BeginItemUse(ca::coin_athlon::Item)::{lambda(nn::bezel::HandlePtr<bex::Effect>)#1},std::allocator<mg1111::MapMan::Pimpl::BeginItemUse(ca::coin_athlon::Item)::{lambda(nn::bezel::HandlePtr<bex::Effect>)#1}>,void(nn::bezel::HandlePtr<bex::Effect>)>	a	a	0		undefined destroy_deallocate(__func<mg1111::MapMan::Pimpl::BeginItemUse(ca::coin_athlon::Item)::{lambda(nn::bezel::HandlePtr<bex::Effect>)#1},std::allocator<mg1111::MapMan::Pimpl::BeginItemUse(ca::coin_athlon::Item)::{lambda(nn::bezel::HandlePtr<bex::Effect>)#1}>,void(nn::bezel::HandlePtr<bex::Effect>)> * this)
7100011188	52	operator()	std::__function::__func<mg1111::MapMan::Pimpl::BeginItemUse(ca::coin_athlon::Item)::{lambda(nn::bezel::HandlePtr<bex::Effect>)#1},std::allocator<mg1111::MapMan::Pimpl::BeginItemUse(ca::coin_athlon::Item)::{lambda(nn::bezel::HandlePtr<bex::Effect>)#1}>,void(nn::bezel::HandlePtr<bex::Effect>)>	a	a	0		undefined operator()(undefined8 param_1_00, undefined8 * param_2)
71000111c0	352	~Pimpl	mg1111::MapMan::Pimpl	a	a	0		undefined ~Pimpl(Pimpl * this)
7100011328	108	ParamMan	mg1111::ParamMan	a	a	0		undefined ParamMan(ParamMan * this)
71000113a0	14676	Pimpl	mg1111::ParamMan::Pimpl	a	a	0		undefined Pimpl(Pimpl * this)
7100014d04	76	~ParamMan	mg1111::ParamMan	a	a	0		undefined ~ParamMan(void)
7100014d50	44	SetDrawImGuiEnabled	mg1111::ParamMan	a	a	0		undefined SetDrawImGuiEnabled(uint param_1)
7100014d7c	28	SetDrawBestTimingEnabled	mg1111::ParamMan	a	a	0		undefined SetDrawBestTimingEnabled(byte param_1)
7100014d98	40	IsDrawBestTimingEnabled	mg1111::ParamMan	a	a	0		bool IsDrawBestTimingEnabled(void)
7100014dc0	132	GetAppearBreadTotalRate	mg1111::ParamMan	a	a	0		float GetAppearBreadTotalRate(short param_1, int param_2)
7100014e44	108	GetBreadParam	mg1111::ParamMan	a	a	0		undefined GetBreadParam(undefined8 * param_1, int param_2)
7100014eb0	56	GetBreadCommonParam	mg1111::ParamMan	a	a	0		undefined4 GetBreadCommonParam(void)
7100014ee8	56	GetPlayerParam	mg1111::ParamMan	a	a	0		undefined4 GetPlayerParam(void)
7100014f20	32	GetCoinParam	mg1111::ParamMan	a	a	0		undefined4 GetCoinParam(void)
7100014f40	44	GetLayoutParam	mg1111::ParamMan	a	a	0		undefined1[16] GetLayoutParam(void)
7100014f6c	76	GetLevelParam	mg1111::ParamMan	a	a	0		undefined GetLevelParam(void * param_1, short param_2)
7100014fb8	108	PlayerMan	mg1111::PlayerMan	a	a	0		undefined PlayerMan(PlayerMan * this)
7100015030	1308	Pimpl	mg1111::PlayerMan::Pimpl	a	a	0		undefined Pimpl(Pimpl * this)
7100015554	80	~PlayerMan	mg1111::PlayerMan	a	a	0		undefined ~PlayerMan(void)
71000155a4	28	PlayVoice	mg1111::PlayerMan	a	a	0		undefined PlayVoice(char * param_1)
71000155c0	340	PlayVoice	mg1111::PlayerMan::Pimpl	a	a	0		undefined PlayVoice(Pimpl * this, char * param_1)
710001571c	32	StartTakeOutBread	mg1111::PlayerMan	a	a	0		ulong StartTakeOutBread(undefined1[16] param_1, float param_2, float param_3, float param_4, ulong param_5)
710001573c	320	StartTakeOutBread	mg1111::PlayerMan::Pimpl	a	a	0		bool StartTakeOutBread(undefined1[16] param_1, float param_2, float param_3, float param_4, Pimpl * param_5, ulong param_6)
7100015880	32	DeleteOpeningModel	mg1111::PlayerMan	a	a	0		undefined DeleteOpeningModel(void)
71000158a0	72	SkipOpening	mg1111::PlayerMan	a	a	0		undefined SkipOpening(void)
71000158e8	104	SetActive	mg1111::PlayerMan	a	a	0		undefined SetActive(byte param_1)
7100015954	40	IsEndState	mg1111::PlayerMan	a	a	0		bool IsEndState(void)
710001597c	24	Update	mg1111::PlayerMan	a	a	0		undefined Update(void)
71000159a0	488	Update	mg1111::PlayerMan::Pimpl	a	a	0		undefined Update(Pimpl * this)
7100015fb0	264	FUN_7100015fb0		d	a	0		undefined FUN_7100015fb0(undefined8 * param_1, undefined8 param_2)
71000160b8	4	~__func	std::__function::__func<mg1111::PlayerMan::Pimpl::Pimpl()::{lambda(nn::bezel::HandlePtr<nn::bezel::Entity>)#1},std::allocator<mg1111::PlayerMan::Pimpl::Pimpl()::{lambda(nn::bezel::HandlePtr<nn::bezel::Entity>)#1}>,void(nn::bezel::HandlePtr<nn::bezel::Entity>)>	a	a	0		undefined ~__func(__func<mg1111::PlayerMan::Pimpl::Pimpl()::{lambda(nn::bezel::HandlePtr<nn::bezel::Entity>)#1},std::allocator<mg1111::PlayerMan::Pimpl::Pimpl()::{lambda(nn::bezel::HandlePtr<nn::bezel::Entity>)#1}>,void(nn::bezel::HandlePtr<nn::bezel::Entity>)> * this)
71000160bc	40	__clone	std::__function::__func<mg1111::PlayerMan::Pimpl::Pimpl()::{lambda(nn::bezel::HandlePtr<nn::bezel::Entity>)#1},std::allocator<mg1111::PlayerMan::Pimpl::Pimpl()::{lambda(nn::bezel::HandlePtr<nn::bezel::Entity>)#1}>,void(nn::bezel::HandlePtr<nn::bezel::Entity>)>	a	a	0		undefined __clone(void)
71000160e4	20	__clone	std::__function::__func<mg1111::PlayerMan::Pimpl::Pimpl()::{lambda(nn::bezel::HandlePtr<nn::bezel::Entity>)#1},std::allocator<mg1111::PlayerMan::Pimpl::Pimpl()::{lambda(nn::bezel::HandlePtr<nn::bezel::Entity>)#1}>,void(nn::bezel::HandlePtr<nn::bezel::Entity>)>	a	a	0		undefined __clone(undefined8 param_1_00, long * param_2)
71000160f8	4	destroy	std::__function::__func<mg1111::PlayerMan::Pimpl::Pimpl()::{lambda(nn::bezel::HandlePtr<nn::bezel::Entity>)#1},std::allocator<mg1111::PlayerMan::Pimpl::Pimpl()::{lambda(nn::bezel::HandlePtr<nn::bezel::Entity>)#1}>,void(nn::bezel::HandlePtr<nn::bezel::Entity>)>	a	a	0		undefined destroy(void)
71000160fc	4	destroy_deallocate	std::__function::__func<mg1111::PlayerMan::Pimpl::Pimpl()::{lambda(nn::bezel::HandlePtr<nn::bezel::Entity>)#1},std::allocator<mg1111::PlayerMan::Pimpl::Pimpl()::{lambda(nn::bezel::HandlePtr<nn::bezel::Entity>)#1}>,void(nn::bezel::HandlePtr<nn::bezel::Entity>)>	a	a	0		undefined destroy_deallocate(__func<mg1111::PlayerMan::Pimpl::Pimpl()::{lambda(nn::bezel::HandlePtr<nn::bezel::Entity>)#1},std::allocator<mg1111::PlayerMan::Pimpl::Pimpl()::{lambda(nn::bezel::HandlePtr<nn::bezel::Entity>)#1}>,void(nn::bezel::HandlePtr<nn::bezel::Entity>)> * this)
7100016100	64	operator()	std::__function::__func<mg1111::PlayerMan::Pimpl::Pimpl()::{lambda(nn::bezel::HandlePtr<nn::bezel::Entity>)#1},std::allocator<mg1111::PlayerMan::Pimpl::Pimpl()::{lambda(nn::bezel::HandlePtr<nn::bezel::Entity>)#1}>,void(nn::bezel::HandlePtr<nn::bezel::Entity>)>	a	a	0		undefined operator()(undefined8 param_1_00, undefined8 * param_2)
7100016140	472	AddComponent<actor::ComActorPad,bex::PlayerID,(void*)0>	nn::bezel::Entity	a	a	0		WeakHandle AddComponent<actor::ComActorPad,bex::PlayerID,(void*)0>(long * param_1_00, HandlePtr * param_2, undefined4 * param_3)
710001631c	32	IsDerivedFrom	nn::bezel::detail::StaticTypeDesc<actor::ComActorPad,false,nn::bezel::Component>	a	a	0		bool IsDerivedFrom(undefined * param_1)
710001633c	12	GetBaseTypeDesc	nn::bezel::detail::StaticTypeDesc<actor::ComActorPad,false,nn::bezel::Component>	a	a	0		undefined * GetBaseTypeDesc(void)
7100016348	20	GetNextBaseTypeDesc	nn::bezel::detail::StaticTypeDesc<actor::ComActorPad,false,nn::bezel::Component>	a	a	0		undefined * GetNextBaseTypeDesc(long param_1)
710001635c	8	CastTo	nn::bezel::detail::StaticTypeDesc<actor::ComActorPad,false,nn::bezel::Component>	a	a	0		undefined8 CastTo(undefined8 param_1, undefined8 param_2)
7100016364	8	CastToConst	nn::bezel::detail::StaticTypeDesc<actor::ComActorPad,false,nn::bezel::Component>	a	a	0		undefined8 CastToConst(undefined8 param_1, undefined8 param_2)
710001636c	4	~__func	std::__function::__func<mg1111::PlayerMan::Pimpl::Pimpl()::{lambda(nn::bezel::HandlePtr<nn::bezel::Entity>)#2},std::allocator<mg1111::PlayerMan::Pimpl::Pimpl()::{lambda(nn::bezel::HandlePtr<nn::bezel::Entity>)#2}>,void(nn::bezel::HandlePtr<nn::bezel::Entity>)>	a	a	0		undefined ~__func(__func<mg1111::PlayerMan::Pimpl::Pimpl()::{lambda(nn::bezel::HandlePtr<nn::bezel::Entity>)#2},std::allocator<mg1111::PlayerMan::Pimpl::Pimpl()::{lambda(nn::bezel::HandlePtr<nn::bezel::Entity>)#2}>,void(nn::bezel::HandlePtr<nn::bezel::Entity>)> * this)
7100016370	40	__clone	std::__function::__func<mg1111::PlayerMan::Pimpl::Pimpl()::{lambda(nn::bezel::HandlePtr<nn::bezel::Entity>)#2},std::allocator<mg1111::PlayerMan::Pimpl::Pimpl()::{lambda(nn::bezel::HandlePtr<nn::bezel::Entity>)#2}>,void(nn::bezel::HandlePtr<nn::bezel::Entity>)>	a	a	0		undefined __clone(void)
7100016398	20	__clone	std::__function::__func<mg1111::PlayerMan::Pimpl::Pimpl()::{lambda(nn::bezel::HandlePtr<nn::bezel::Entity>)#2},std::allocator<mg1111::PlayerMan::Pimpl::Pimpl()::{lambda(nn::bezel::HandlePtr<nn::bezel::Entity>)#2}>,void(nn::bezel::HandlePtr<nn::bezel::Entity>)>	a	a	0		undefined __clone(undefined8 param_1_00, long * param_2)
71000163ac	4	destroy	std::__function::__func<mg1111::PlayerMan::Pimpl::Pimpl()::{lambda(nn::bezel::HandlePtr<nn::bezel::Entity>)#2},std::allocator<mg1111::PlayerMan::Pimpl::Pimpl()::{lambda(nn::bezel::HandlePtr<nn::bezel::Entity>)#2}>,void(nn::bezel::HandlePtr<nn::bezel::Entity>)>	a	a	0		undefined destroy(void)
71000163b0	4	destroy_deallocate	std::__function::__func<mg1111::PlayerMan::Pimpl::Pimpl()::{lambda(nn::bezel::HandlePtr<nn::bezel::Entity>)#2},std::allocator<mg1111::PlayerMan::Pimpl::Pimpl()::{lambda(nn::bezel::HandlePtr<nn::bezel::Entity>)#2}>,void(nn::bezel::HandlePtr<nn::bezel::Entity>)>	a	a	0		undefined destroy_deallocate(__func<mg1111::PlayerMan::Pimpl::Pimpl()::{lambda(nn::bezel::HandlePtr<nn::bezel::Entity>)#2},std::allocator<mg1111::PlayerMan::Pimpl::Pimpl()::{lambda(nn::bezel::HandlePtr<nn::bezel::Entity>)#2}>,void(nn::bezel::HandlePtr<nn::bezel::Entity>)> * this)
71000163b4	48	operator()	std::__function::__func<mg1111::PlayerMan::Pimpl::Pimpl()::{lambda(nn::bezel::HandlePtr<nn::bezel::Entity>)#2},std::allocator<mg1111::PlayerMan::Pimpl::Pimpl()::{lambda(nn::bezel::HandlePtr<nn::bezel::Entity>)#2}>,void(nn::bezel::HandlePtr<nn::bezel::Entity>)>	a	a	0		undefined operator()(undefined8 param_1_00, undefined8 * param_2)
71000163f0	472	AddComponent<bq::ComMatter,char_const(&)[38],(void*)0>	nn::bezel::Entity	a	a	0		WeakHandle AddComponent<bq::ComMatter,char_const(&)[38],(void*)0>(long * param_1_00, HandlePtr * param_2, char * param_3)
71000165cc	384	SafeCreate<bq::ComMatter,nn::bezel::HandlePtr<nn::bezel::Entity>const&,char_const(&)[38]>	bex::ComponentUtil	a	a	0		WeakHandle SafeCreate<bq::ComMatter,nn::bezel::HandlePtr<nn::bezel::Entity>const&,char_const(&)[38]>(long * param_1_00, ComponentUtil * this, char * param_3)
7100016760	36	FUN_7100016760		d	a	0		undefined FUN_7100016760(void)
7100016794	4	FUN_7100016794		d	a	0		undefined FUN_7100016794(void)
7100016798	4	operator.delete	<EXTERNAL>	d	a	1		void operator.delete(void * param_1)
710001693c	32	IsDerivedFrom	nn::bezel::detail::StaticTypeDesc<bex::ComFxTrigger,false,nn::bezel::Component>	a	a	0		bool IsDerivedFrom(undefined * param_1)
710001695c	12	GetBaseTypeDesc	nn::bezel::detail::StaticTypeDesc<bex::ComFxTrigger,false,nn::bezel::Component>	a	a	0		undefined * GetBaseTypeDesc(void)
7100016968	20	GetNextBaseTypeDesc	nn::bezel::detail::StaticTypeDesc<bex::ComFxTrigger,false,nn::bezel::Component>	a	a	0		undefined * GetNextBaseTypeDesc(long param_1)
710001697c	8	CastTo	nn::bezel::detail::StaticTypeDesc<bex::ComFxTrigger,false,nn::bezel::Component>	a	a	0		undefined8 CastTo(undefined8 param_1, undefined8 param_2)
7100016984	8	CastToConst	nn::bezel::detail::StaticTypeDesc<bex::ComFxTrigger,false,nn::bezel::Component>	a	a	0		undefined8 CastToConst(undefined8 param_1, undefined8 param_2)
7100016990	36	FUN_7100016990		d	a	0		undefined FUN_7100016990(void)
71000169c4	4	FUN_71000169c4		d	a	0		undefined FUN_71000169c4(void)
71000169c8	4	operator.delete	<EXTERNAL>	d	a	1		void operator.delete(void * param_1)
7100016a4c	4	FUN_7100016a4c		d	a	0		undefined FUN_7100016a4c(void)
7100016a50	4	operator.delete	<EXTERNAL>	d	a	1		void operator.delete(void * param_1)
7100016f80	472	AddComponent<bq::ComMatter,bex::PlayerID,bq::MatterType,(void*)0>	nn::bezel::Entity	a	a	0		WeakHandle AddComponent<bq::ComMatter,bex::PlayerID,bq::MatterType,(void*)0>(long * param_1_00, HandlePtr * param_2, undefined4 * param_3, undefined4 * param_4)
710001715c	384	SafeCreate<bq::ComMatter,nn::bezel::HandlePtr<nn::bezel::Entity>const&,bex::PlayerID,bq::MatterType>	bex::ComponentUtil	a	a	0		WeakHandle SafeCreate<bq::ComMatter,nn::bezel::HandlePtr<nn::bezel::Entity>const&,bex::PlayerID,bq::MatterType>(long * param_1_00, ComponentUtil * this, undefined4 * param_3, undefined4 * param_4)
710001733c	4	FUN_710001733c		d	a	0		undefined FUN_710001733c(void)
7100017340	4	operator.delete	<EXTERNAL>	d	a	1		void operator.delete(void * param_1)
7100017410	484	AddComponent<nn::bezel::ComAttachment,,(void*)0>	nn::bezel::Entity	a	a	0		WeakHandle AddComponent<nn::bezel::ComAttachment,,(void*)0>(long * param_1, HandlePtr * param_2)
71000175f8	32	IsDerivedFrom	nn::bezel::detail::StaticTypeDesc<nn::bezel::ComAttachment,false,nn::bezel::Component>	a	a	0		bool IsDerivedFrom(undefined * param_1)
7100017618	12	GetBaseTypeDesc	nn::bezel::detail::StaticTypeDesc<nn::bezel::ComAttachment,false,nn::bezel::Component>	a	a	0		undefined * GetBaseTypeDesc(void)
7100017624	20	GetNextBaseTypeDesc	nn::bezel::detail::StaticTypeDesc<nn::bezel::ComAttachment,false,nn::bezel::Component>	a	a	0		undefined * GetNextBaseTypeDesc(long param_1)
7100017638	8	CastTo	nn::bezel::detail::StaticTypeDesc<nn::bezel::ComAttachment,false,nn::bezel::Component>	a	a	0		undefined8 CastTo(undefined8 param_1, undefined8 param_2)
7100017640	8	CastToConst	nn::bezel::detail::StaticTypeDesc<nn::bezel::ComAttachment,false,nn::bezel::Component>	a	a	0		undefined8 CastToConst(undefined8 param_1, undefined8 param_2)
7100017648	32	IsDerivedFrom	nn::bezel::detail::StaticTypeDesc<nn::bezel::ComFxTrigger,false,nn::bezel::Component>	a	a	0		bool IsDerivedFrom(undefined * param_1)
7100017668	12	GetBaseTypeDesc	nn::bezel::detail::StaticTypeDesc<nn::bezel::ComFxTrigger,false,nn::bezel::Component>	a	a	0		undefined * GetBaseTypeDesc(void)
7100017674	20	GetNextBaseTypeDesc	nn::bezel::detail::StaticTypeDesc<nn::bezel::ComFxTrigger,false,nn::bezel::Component>	a	a	0		undefined * GetNextBaseTypeDesc(long param_1)
7100017688	8	CastTo	nn::bezel::detail::StaticTypeDesc<nn::bezel::ComFxTrigger,false,nn::bezel::Component>	a	a	0		undefined8 CastTo(undefined8 param_1, undefined8 param_2)
7100017690	8	CastToConst	nn::bezel::detail::StaticTypeDesc<nn::bezel::ComFxTrigger,false,nn::bezel::Component>	a	a	0		undefined8 CastToConst(undefined8 param_1, undefined8 param_2)
7100017698	308	SetState	mg1111::PlayerMan::Pimpl	a	a	0		undefined SetState(Pimpl * this, int param_1)
71000177d0	436	FUN_71000177d0		d	a	0		undefined FUN_71000177d0(long param_1, char * param_2)
7100017990	736	StateIdle	mg1111::PlayerMan::Pimpl	a	a	0		undefined StateIdle(undefined1[16] param_1, float param_2, float param_3, float param_4, Pimpl * this)
7100017c74	436	StateMove	mg1111::PlayerMan::Pimpl	a	a	0		undefined StateMove(Pimpl * this)
7100017e30	332	IsPushButton	mg1111::PlayerMan::Pimpl	a	a	0		bool IsPushButton(Pimpl * this, uint param_1)
7100017f80	68	DummySymbolLink	mg1111::Scene	a	a	0		undefined DummySymbolLink(ulong param_1)
7100017fc8	220	getStaticTypeinfo	mg1111::Scene	a	a	0		undefined * getStaticTypeinfo(void)
71000180a4	96	getPropertyList	mg1111::Scene	a	a	0		undefined8 getPropertyList(void)
7100018104	44	createInstance	mg1111::Scene	a	a	0		Scene * createInstance(void)
7100018130	20	deleteInstance	mg1111::Scene	a	a	0		undefined deleteInstance(long * param_1)
7100018144	4	checkGuiProperty	rtti::Class	a	a	0		undefined checkGuiProperty(void * param_1, Property * param_2, PropertyList * param_3)
7100018148	4	createGuiProperty	rtti::Class	a	a	0		undefined createGuiProperty(void * param_1, Property * param_2, Typeinfo * param_3, uint param_4)
710001814c	220	getStaticTypeinfo	mg1111::Scene::Params	a	a	0		undefined * getStaticTypeinfo(void)
7100018228	316	getPropertyList	mg1111::Scene::Params	a	a	0		undefined * getPropertyList(void)
7100018364	48	createInstance	mg1111::Scene::Params	a	a	0		undefined createInstance(void)
7100018394	20	deleteInstance	mg1111::Scene::Params	a	a	0		undefined deleteInstance(long * param_1)
71000183b0	216	Scene	mg1111::Scene	a	a	0		undefined Scene(Scene * this)
710001848c	260	~Scene	mg1111::Scene	a	a	0		undefined ~Scene(Scene * this)
7100018590	36	~Scene	mg1111::Scene	a	a	0		undefined ~Scene(Scene * this)
71000185c0	980	SetupGame	mg1111::Scene	a	a	0		undefined SetupGame(Scene * this)
7100018994	4	SyncedSetupGame	mg1111::Scene	a	a	0		undefined SyncedSetupGame(void)
71000189a0	332	CleanupGame	mg1111::Scene	a	a	0		undefined CleanupGame(Scene * this)
7100018af0	100	OnBeginLevel	mg1111::Scene	a	a	0		undefined OnBeginLevel(undefined1[16] param_1, float param_2, float param_3, Scene * this)
7100018b58	24	OnEndLevelTelop	mg1111::Scene	a	a	0		undefined OnEndLevelTelop(undefined1[16] param_1, undefined1[16] param_2)
7100018b70	80	TickUpdate	mg1111::Scene	a	a	0		undefined TickUpdate(undefined1[16] param_1, undefined1[16] param_2, ulong param_3, float param_4, Scene * this)
7100018bc8	40	OnTriggeredItemUseButton	mg1111::Scene	a	a	0		undefined OnTriggeredItemUseButton(void)
7100018bf0	76	OnBeginItemUse	mg1111::Scene	a	a	0		undefined OnBeginItemUse(Scene * this, char param_1)
7100018c3c	48	OnEndItemUse	mg1111::Scene	a	a	0		undefined OnEndItemUse(Scene * this, char param_1)
7100018c6c	32	OnHiddlenByFireball	mg1111::Scene	a	a	0		undefined OnHiddlenByFireball(undefined1[16] param_1, float param_2, float param_3)
7100018c8c	4	OnFilledItemGauge	mg1111::Scene	a	a	0		undefined OnFilledItemGauge(void)
7100018c90	16	OnItemBoxAppeared	mg1111::Scene	a	a	0		undefined OnItemBoxAppeared(void)
7100018ca0	4	OnItemBoxVanished	mg1111::Scene	a	a	0		undefined OnItemBoxVanished(void)
7100018ca4	40	OnGameOpening_Begin	mg1111::Scene	a	a	0		undefined OnGameOpening_Begin(Scene * this)
7100018cd0	196	SetSequence	mg1111::Scene	a	a	0		undefined SetSequence(Scene * this, int param_1)
7100018da0	116	OnGameOpening_Update	mg1111::Scene	a	a	0		SequenceState OnGameOpening_Update(Scene * this)
7100018e20	116	IsEndSequence	mg1111::Scene	a	a	0		SequenceState IsEndSequence(Scene * this)
7100018e94	24	OnGameOpening_Skipped	mg1111::Scene	a	a	0		undefined OnGameOpening_Skipped(undefined1[16] param_1, float param_2, float param_3)
7100018eac	40	OnGameMain_Begin	mg1111::Scene	a	a	0		undefined OnGameMain_Begin(Scene * this)
7100018ee0	116	OnGameMain_Update	mg1111::Scene	a	a	0		SequenceState OnGameMain_Update(Scene * this)
7100018f54	40	OnGameMain_End	mg1111::Scene	a	a	0		undefined OnGameMain_End(Scene * this)
7100018f7c	220	getInstanceTypeinfo	mg1111::Scene	a	a	0		undefined * getInstanceTypeinfo(void)
7100019058	16	GetSymbol	mg1111::Scene	a	a	0		undefined8 GetSymbol(void)
7100019068	8	GetTickElapsed	bex::SceneBase	a	a	0		undefined8 GetTickElapsed(void)
7100019070	28	GetHandle	bex::SceneBase	a	a	0		undefined GetHandle(undefined8 * param_1, long param_2)
710001908c	4	OnCleanupProcessing	bex::GameScene	a	a	0		undefined OnCleanupProcessing(void)
7100019090	4	OnSyncEnd	bex::NetworkGameScene	a	a	0		undefined OnSyncEnd(void)
7100019094	4	OnEndLevel	ca::coin_athlon::MinigameScene	a	a	0		undefined OnEndLevel(void)
7100019098	4	OnBeginItemSuffer	ca::coin_athlon::MinigameScene	a	a	0		undefined OnBeginItemSuffer(void)
710001909c	4	OnEndItemSuffer	ca::coin_athlon::MinigameScene	a	a	0		undefined OnEndItemSuffer(void)
71000190a0	4	OnPrePauseFireball	ca::coin_athlon::MinigameScene	a	a	0		undefined OnPrePauseFireball(void)
71000190a4	4	OnGameInit_Begin	ca::coin_athlon::MinigameScene	a	a	0		undefined OnGameInit_Begin(void)
71000190a8	8	OnGameInit_Update	ca::coin_athlon::MinigameScene	a	a	0		undefined8 OnGameInit_Update(void)
71000190b0	4	OnGameInit_End	ca::coin_athlon::MinigameScene	a	a	0		undefined OnGameInit_End(void)
71000190b4	4	OnGameOpening_End	ca::coin_athlon::MinigameScene	a	a	0		undefined OnGameOpening_End(void)
71000190b8	4	OnGameOpening_SkippedUpdate	ca::coin_athlon::MinigameScene	a	a	0		undefined OnGameOpening_SkippedUpdate(void)
71000190bc	4	OnGameStart_Begin	ca::coin_athlon::MinigameScene	a	a	0		undefined OnGameStart_Begin(void)
71000190c0	8	OnGameStart_Update	ca::coin_athlon::MinigameScene	a	a	0		undefined8 OnGameStart_Update(void)
71000190c8	4	OnGameStart_End	ca::coin_athlon::MinigameScene	a	a	0		undefined OnGameStart_End(void)
71000190cc	4	OnGameFinish_Begin	ca::coin_athlon::MinigameScene	a	a	0		undefined OnGameFinish_Begin(void)
71000190d0	8	OnGameFinish_Update	ca::coin_athlon::MinigameScene	a	a	0		undefined8 OnGameFinish_Update(void)
71000190d8	4	OnGameFinish_End	ca::coin_athlon::MinigameScene	a	a	0		undefined OnGameFinish_End(void)
71000190dc	4	OnGameEnding_Begin	ca::coin_athlon::MinigameScene	a	a	0		undefined OnGameEnding_Begin(void)
71000190e0	8	OnGameEnding_Update	ca::coin_athlon::MinigameScene	a	a	0		undefined8 OnGameEnding_Update(void)
71000190e8	4	OnGameEnding_End	ca::coin_athlon::MinigameScene	a	a	0		undefined OnGameEnding_End(void)
71000190ec	4	OnPreSetup	ca::coin_athlon::MinigameScene	a	a	0		undefined OnPreSetup(void)
71000190f0	4	~Params	mg1111::Scene::Params	a	a	0		undefined ~Params(Params * this)
71000190f4	220	getInstanceTypeinfo	mg1111::Scene::Params	a	a	0		undefined * getInstanceTypeinfo(void)
71000191d0	16	GetSymbol	mg1111::Scene::Params	a	a	0		undefined8 GetSymbol(void)
71000191e0	4	~Class	rtti::Class	a	a	0		undefined ~Class(void)
71000191e4	20	FUN_71000191e4		d	a	0		undefined FUN_71000191e4(void)
7100019200	624	FUN_7100019200		d	a	0		undefined FUN_7100019200(void)
7100019470	32	SequenceState	mg1111::SequenceState	a	a	0		undefined SequenceState(SequenceState * this, undefined4 param_1, undefined8 param_2)
7100019490	36	~SequenceState	mg1111::SequenceState	a	a	0		undefined ~SequenceState(SequenceState * this)
71000194b4	8	GetSequenceID	mg1111::SequenceState	a	a	0		undefined4 GetSequenceID(SequenceState * this)
71000194bc	8	IsEnd	mg1111::SequenceState	a	a	0		SequenceState IsEnd(SequenceState * this)
71000194c4	20	BeginOperation	mg1111::SequenceState	a	a	0		undefined BeginOperation(SequenceState * this)
71000194d8	36	EndOperation	mg1111::SequenceState	a	a	0		undefined EndOperation(SequenceState * this)
71000194fc	16	SetupLevel	mg1111::SequenceState	a	a	0		undefined SetupLevel(SequenceState * this)
710001950c	28	Update	mg1111::SequenceState	a	a	0		undefined Update(SequenceState * this)
7100019528	112	SequenceStateOpening	mg1111::SequenceStateOpening	a	a	0		undefined SequenceStateOpening(SequenceStateOpening * this)
7100019598	88	SequenceStateGameMain	mg1111::SequenceStateGameMain	a	a	0		undefined SequenceStateGameMain(SequenceStateGameMain * this)
71000195f0	80	~SequenceState	mg1111::SequenceState	a	a	0		undefined ~SequenceState(SequenceState * this)
7100019640	80	~SequenceStateOpening	mg1111::SequenceStateOpening	a	a	0		undefined ~SequenceStateOpening(SequenceStateOpening * this)
7100019690	80	~SequenceStateGameMain	mg1111::SequenceStateGameMain	a	a	0		undefined ~SequenceStateGameMain(SequenceStateGameMain * this)
71000196f0	4	OnEnd	mg1111::SequenceStatePimpl	a	a	0		undefined OnEnd(void)
71000196f4	4	OnSetupLevel	mg1111::SequenceStatePimpl	a	a	0		undefined OnSetupLevel(void)
71000196f8	220	FUN_71000196f8		d	a	0		undefined FUN_71000196f8(undefined1[16] param_1, undefined1[16] param_2, float param_3, float param_4, long param_5)
71000197d4	4	OnUpdate	mg1111::SequenceStatePimpl	a	a	0		undefined OnUpdate(void)
71000197d8	4	~SequenceStatePimpl	mg1111::SequenceStatePimpl	a	a	0		undefined ~SequenceStatePimpl(void)
71000197e8	44	FUN_71000197e8		d	a	0		undefined FUN_71000197e8(undefined1[16] param_1, float param_2, float param_3)
7100019820	8	RegisterGeneratedBindCodes_mg1111	nn::bezel::detail::autogen	a	a	0		undefined8 RegisterGeneratedBindCodes_mg1111(void)
7100019830	16	SuppressDeadStrip_mg1111	nn::bezel::detail::autogen	a	a	0		undefined4 SuppressDeadStrip_mg1111(void)
7100019840	8	RegisterGeneratedBindCodes_sharedPCH	nn::bezel::detail::autogen	a	a	0		undefined8 RegisterGeneratedBindCodes_sharedPCH(void)
7100019850	16	SuppressDeadStrip_sharedPCH	nn::bezel::detail::autogen	a	a	0		undefined4 SuppressDeadStrip_sharedPCH(void)
7100019860	20	FUN_7100019860		d	a	0		undefined FUN_7100019860(void)
7100019880	16	__nnmusl_init_dso		i	d	1		undefined __nnmusl_init_dso()
7100019890	16	ProtectRelro	<EXTERNAL>::nn::ro	d	a	1		undefined ProtectRelro(void * param_1, void * param_2, void * param_3, void * param_4, void * param_5)
71000198a0	16	__nnmusl_fini_dso		i	d	1		undefined __nnmusl_fini_dso()
71000198b0	16	__cxa_guard_acquire		i	d	1		undefined __cxa_guard_acquire()
71000198c0	16	__cxa_guard_release		i	d	1		undefined __cxa_guard_release()
71000198d0	16	operator.new	<EXTERNAL>	d	a	1		void * operator.new(ulong param_1, ulong param_2, HeapID param_3)
71000198e0	16	Pimpl	mg1111::BreadMan::Pimpl	d	a	1		undefined Pimpl(Pimpl * this)
71000198f0	16	AbortImpl	<EXTERNAL>::nn::diag::detail	d	a	1		undefined AbortImpl(void)
7100019900	16	operator.delete	<EXTERNAL>	d	a	1		void operator.delete(void * param_1, ulong param_2, HeapID param_3)
7100019910	16	_Unwind_Resume		i	d	1		undefined _Unwind_Resume()
7100019920	16	Alloc	<EXTERNAL>::bex::HeapModule	d	a	1		undefined Alloc(HeapID param_1, ulong param_2, int param_3, char * param_4, int param_5, char * param_6, char * param_7)
7100019930	16	Free	<EXTERNAL>::bex::HeapModule	d	a	1		undefined Free(void * param_1)
7100019940	16	GetLevelBreadType	mg1111::Common	d	a	1		undefined4 GetLevelBreadType(uint param_1)
7100019950	16	CreateBread	mg1111::BreadMan::Pimpl	d	a	1		undefined CreateBread(Pimpl * this, uint param_1)
7100019960	16	PlacementBread	mg1111::BreadMan::Pimpl	d	a	1		undefined PlacementBread(Pimpl * this, int param_1, int param_2, byte param_3)
7100019970	16	SetActive	mg1111::BreadMan	d	a	1		undefined SetActive(byte param_1)
7100019980	16	GetOpeningBreadBakeType	mg1111::BreadMan	d	a	1		undefined4 GetOpeningBreadBakeType(void)
7100019990	16	SkipOpening	mg1111::BreadMan	d	a	1		undefined SkipOpening(undefined1[16] param_1, float param_2, float param_3)
71000199a0	16	SkipOpening	mg1111::BreadMan::Pimpl	d	a	1		undefined SkipOpening(undefined1[16] param_1, float param_2, float param_3, Pimpl * this)
71000199b0	16	RemoveBread	mg1111::MapMan	d	a	1		undefined RemoveBread(undefined1[16] param_1_00, float param_2, float param_3, int param_4, uint param_5)
71000199c0	16	Stop	<EXTERNAL>::bex::Effect	d	a	1		undefined Stop(bool param_1)
71000199d0	16	SetVisible	mg1111::Common	d	a	1		undefined SetVisible(long * param_1)
71000199e0	16	SetBreadPosition	mg1111::BreadMan	d	a	1		undefined SetBreadPosition(int param_1)
71000199f0	16	SetPosition	mg1111::Common	d	a	1		undefined SetPosition(undefined8 * param_1)
7100019a00	16	SetPosition	<EXTERNAL>::bex::Effect	d	a	1		undefined SetPosition(Vector3f * param_1)
7100019a10	16	SelectBread	mg1111::BreadMan	d	a	1		undefined4 SelectBread(int param_1)
7100019a20	16	SelectBread	mg1111::BreadMan::Pimpl	d	a	1		undefined4 SelectBread(Pimpl * this, int param_1)
7100019a30	16	SetPauseEnabled	<EXTERNAL>::actor::ComActorMotion	d	a	1		undefined SetPauseEnabled(bool param_1)
7100019a40	16	GetAnimationSlot	<EXTERNAL>::actor::ComActorMotion	d	a	1		undefined GetAnimationSlot(StringViewHashPair * param_1)
7100019a50	16	SetPauseEnabled	<EXTERNAL>::actor::ActorAnimationSlot	d	a	1		undefined SetPauseEnabled(bool param_1)
7100019a60	16	TakeOutBread	mg1111::BreadMan	d	a	1		undefined TakeOutBread(int param_1)
7100019a70	16	TakeOutBread	mg1111::BreadMan::Pimpl	d	a	1		undefined TakeOutBread(Pimpl * this, int param_1)
7100019a80	16	GetPosition	mg1111::Common	d	a	1		undefined1[16] GetPosition(long * param_1)
7100019a90	16	Play3D	<EXTERNAL>::ca::coin_athlon::MinigameSound	d	a	1		undefined Play3D(char * param_1, Vector3f * param_2, float param_3)
7100019aa0	16	CreateEffect	<EXTERNAL>::ca::coin_athlon::MinigameFactory	d	a	1		undefined CreateEffect(char * param_1, function param_2)
7100019ab0	16	GetActiveSequenceID	mg1111::Common	d	a	1		undefined4 GetActiveSequenceID(void)
7100019ac0	16	GetBreadParam	mg1111::ParamMan	d	a	1		undefined GetBreadParam(undefined8 * param_1, int param_2)
7100019ad0	16	AcquireCoin	mg1111::CoinMan	d	a	1		undefined AcquireCoin(int param_1, long * param_2)
7100019ae0	16	GetCoinParam	mg1111::ParamMan	d	a	1		undefined4 GetCoinParam(void)
7100019af0	16	VanishAllBread	mg1111::BreadMan	d	a	1		undefined VanishAllBread(undefined1[16] param_1, float param_2, float param_3, uint param_4)
7100019b00	16	VanishAllBread	mg1111::BreadMan::Pimpl	d	a	1		undefined VanishAllBread(undefined1[16] param_1, float param_2, float param_3, Pimpl * this, ulong param_5, ulong param_6)
7100019b10	16	memmove		i	i	1		void * memmove(void * __dest, void * __src, size_t __n)
7100019b20	16	BeginItemUse	mg1111::BreadMan	d	a	1		undefined BeginItemUse(char param_1)
7100019b30	16	EndItemUse	mg1111::BreadMan	d	a	1		undefined EndItemUse(char param_1)
7100019b40	16	SetIncreaseBreadSec	mg1111::BreadMan::Pimpl	d	a	1		undefined SetIncreaseBreadSec(Pimpl * this, uint param_1)
7100019b50	16	SetupLevel	mg1111::BreadMan	d	a	1		undefined SetupLevel(undefined1[16] param_1, float param_2, float param_3)
7100019b60	16	SetupLevel	mg1111::BreadMan::Pimpl	d	a	1		undefined SetupLevel(undefined1[16] param_1, float param_2, float param_3, Pimpl * this)
7100019b70	16	IsActiveItemStar	mg1111::Common	d	a	1		bool IsActiveItemStar(void)
7100019b80	16	Update	mg1111::BreadMan	d	a	1		undefined Update(undefined1[16] param_1, undefined1[16] param_2, ulong param_3, float param_4)
7100019b90	16	Update	mg1111::BreadMan::Pimpl	d	a	1		undefined Update(undefined1[16] param_1, undefined1[16] param_2, ulong param_3, float param_4, Pimpl * this)
7100019ba0	16	AppearBread	mg1111::BreadMan::Pimpl	d	a	1		undefined AppearBread(Pimpl * this)
7100019bb0	16	Stop	<EXTERNAL>::bex::sound::SoundHandle	d	a	1		undefined Stop(void)
7100019bc0	16	GetDeltaTime	<EXTERNAL>::bex::MainModule	d	a	1		undefined GetDeltaTime(void)
7100019bd0	16	cosf		i	i	1		float cosf(float __x)
7100019be0	16	IsPrepareGame	mg1111::Common	d	a	1		bool IsPrepareGame(void)
7100019bf0	16	GetBlockIndexY	mg1111::MapMan	d	a	1		bool GetBlockIndexY(int param_1)
7100019c00	16	GetLevel	mg1111::Common	d	a	1		undefined2 GetLevel(void)
7100019c10	16	GetLevelParam	mg1111::ParamMan	d	a	1		undefined GetLevelParam(void * param_1, short param_2)
7100019c20	16	sinf		i	i	1		float sinf(float __x)
7100019c30	16	WriteLocalVariable	<EXTERNAL>::bex::sound::SoundHandle	d	a	1		undefined WriteLocalVariable(int param_1, int param_2)
7100019c40	16	GetBreadCommonParam	mg1111::ParamMan	d	a	1		undefined4 GetBreadCommonParam(void)
7100019c50	16	SNPrintf	<EXTERNAL>::nn::util	d	a	1		undefined SNPrintf(char * param_1, ulong param_2, char * param_3, ...)
7100019c60	16	CreateEntity	<EXTERNAL>::ca::coin_athlon::MinigameFactory	d	a	1		undefined CreateEntity(char * param_1, function param_2)
7100019c70	16	PlacementBread	mg1111::MapMan	d	a	1		undefined PlacementBread(undefined8 * param_1_00, int param_2, int param_3)
7100019c80	16	RandRangeF	<EXTERNAL>::bex::RandModule	d	a	1		undefined RandRangeF(float param_1, float param_2)
7100019c90	16	SetRotation	<EXTERNAL>::nn::bezel::Entity	d	a	1		undefined SetRotation(Quaternion * param_1)
7100019ca0	16	SetScale	mg1111::Common	d	a	1		undefined SetScale(undefined8 * param_1)
7100019cb0	16	IsThisPlaying	<EXTERNAL>::actor::ActorAnimationSlot	d	a	1		undefined IsThisPlaying(StringViewHashPair * param_1)
7100019cc0	16	GetFrameMax	<EXTERNAL>::actor::ActorAnimationSlot	d	a	1		undefined GetFrameMax(void)
7100019cd0	16	SetFrame	<EXTERNAL>::actor::ActorAnimationSlot	d	a	1		undefined SetFrame(float param_1)
7100019ce0	16	__cxa_begin_catch		i	d	1		undefined __cxa_begin_catch()
7100019cf0	16	terminate	<EXTERNAL>::std	d	a	1		undefined terminate(void)
7100019d00	16	__cxa_allocate_exception		i	d	1		undefined __cxa_allocate_exception()
7100019d10	16	__cxa_throw		i	d	1		undefined __cxa_throw()
7100019d20	16	__cxa_free_exception		i	d	1		undefined __cxa_free_exception()
7100019d30	16	logic_error	<EXTERNAL>::std::logic_error	d	a	1		undefined logic_error(logic_error * this, char * param_1)
7100019d40	16	PlayVoice	mg1111::PlayerMan	d	a	1		undefined PlayVoice(char * param_1)
7100019d50	16	Play	<EXTERNAL>::actor::ActorAnimationSlot	d	a	1		undefined Play(StringViewHashPair * param_1)
7100019d60	16	AnimationName	actor::MotionArg	d	a	1		MotionArg * AnimationName(MotionArg * this, long param_1)
7100019d70	16	Play	<EXTERNAL>::actor::ComActorMotion	d	a	1		undefined Play(MotionArg * param_1)
7100019d80	16	Play	<EXTERNAL>::actor::ActorAnimationSlot	d	a	1		undefined Play(MotionArg * param_1)
7100019d90	16	operator.delete	<EXTERNAL>	d	a	1		void operator.delete(void * param_1)
7100019da0	16	operator.new	<EXTERNAL>	d	a	1		void * operator.new(ulong param_1)
7100019db0	16	AddComponent<bq::ComMatter,char(&)[128],(void*)0>	nn::bezel::Entity	d	a	1		WeakHandle AddComponent<bq::ComMatter,char(&)[128],(void*)0>(long * param_1_00, HandlePtr * param_2, char * param_3)
7100019dc0	16	SetPrefix	<EXTERNAL>::actor::ComActorMotion	d	a	1		undefined SetPrefix(char * param_1)
7100019dd0	16	AddAnimationSlot	<EXTERNAL>::actor::ComActorMotion	d	a	1		undefined AddAnimationSlot(StringViewHashPair * param_1)
7100019de0	16	AddAnimation	<EXTERNAL>::actor::ComActorMotion	d	a	1		undefined AddAnimation(StringViewHashPair * param_1, basic_string_view * param_2, bool param_3, AnimatinType param_4, bool param_5, bool param_6)
7100019df0	16	strlen		i	i	1		size_t strlen(char * __s)
7100019e00	16	SafeCreate<bq::ComMatter,nn::bezel::HandlePtr<nn::bezel::Entity>const&,char(&)[128]>	bex::ComponentUtil	d	a	1		WeakHandle SafeCreate<bq::ComMatter,nn::bezel::HandlePtr<nn::bezel::Entity>const&,char(&)[128]>(long * param_1_00, ComponentUtil * this, char * param_3)
7100019e10	16	_internalCheckComponentValidity	<EXTERNAL>::nn::bezel::Entity	d	a	1		undefined _internalCheckComponentValidity(HandlePtr * param_1)
7100019e20	16	AddComponentImpl	<EXTERNAL>::nn::bezel::Entity	d	a	1		undefined AddComponentImpl(HandlePtr * param_1)
7100019e30	16	ComMatter	<EXTERNAL>::bq::ComMatter	d	a	1		undefined ComMatter(ComMatter * this, HandlePtr * param_1, basic_string_view * param_2, bool param_3)
7100019e40	16	Start	<EXTERNAL>::bex::Effect	d	a	1		undefined Start(bool param_1)
7100019e50	16	IsPauseEnabled	<EXTERNAL>::actor::ComActorMotion	d	a	1		undefined IsPauseEnabled(void)
7100019e60	16	GetFrameMax	<EXTERNAL>::actor::ComActorMotion	d	a	1		undefined GetFrameMax(void)
7100019e70	16	SetFrame	<EXTERNAL>::actor::ComActorMotion	d	a	1		undefined SetFrame(float param_1)
7100019e80	16	IsPauseEnabled	<EXTERNAL>::actor::ActorAnimationSlot	d	a	1		undefined IsPauseEnabled(void)
7100019e90	16	SetOpaque	<EXTERNAL>::bex::gfx::ComModelBuffer	d	a	1		undefined SetOpaque(float param_1)
7100019ea0	16	GetHookMatrix	mg1111::MapMan	d	a	1		undefined1[16] GetHookMatrix(char * param_1)
7100019eb0	16	GetElapsedSec	<EXTERNAL>::ca::coin_athlon::MinigameWork	d	a	1		undefined GetElapsedSec(void)
7100019ec0	16	IsPlacementEnabled	mg1111::MapMan	d	a	1		bool IsPlacementEnabled(int param_1)
7100019ed0	16	GetBlockInfo	mg1111::MapMan	d	a	1		undefined GetBlockInfo(undefined8 * param_1_00, int param_2)
7100019ee0	16	RandMod	<EXTERNAL>::bex::RandModule	d	a	1		undefined RandMod(uint param_1)
7100019ef0	16	GetAppearBreadType	mg1111::BreadMan::Pimpl	d	a	1		undefined4 GetAppearBreadType(void)
7100019f00	16	GetAppearBreadTotalRate	mg1111::ParamMan	d	a	1		float GetAppearBreadTotalRate(short param_1, int param_2)
7100019f10	16	BreadMan	mg1111::BreadMan	d	a	1		undefined BreadMan(BreadMan * this)
7100019f20	16	~BreadMan	mg1111::BreadMan	d	a	1		undefined ~BreadMan(void)
7100019f30	16	Pimpl	mg1111::CoinMan::Pimpl	d	a	1		undefined Pimpl(Pimpl * this)
7100019f40	16	CreateCoinModel	mg1111::CoinMan::Pimpl	d	a	1		undefined CreateCoinModel(Pimpl * this, long * param_1, undefined8 param_2, int param_3, undefined1 param_4)
7100019f50	16	~Pimpl	mg1111::CoinMan::Pimpl	d	a	1		undefined ~Pimpl(Pimpl * this)
7100019f60	16	AppearItemCoinBag	mg1111::CoinMan	d	a	1		undefined AppearItemCoinBag(void)
7100019f70	16	AppearItemCoinBag	mg1111::CoinMan::Pimpl	d	a	1		undefined AppearItemCoinBag(Pimpl * this)
7100019f80	16	__push_back_slow_path<mg1111::MapMan::BlockInfo_const&>	std::vector<mg1111::MapMan::BlockInfo,bex::HeapModule::Allocator_vector<mg1111::MapMan::BlockInfo>>	d	a	1		void __push_back_slow_path<mg1111::MapMan::BlockInfo_const&>(vector<mg1111::MapMan::BlockInfo,bex::HeapModule::Allocator_vector<mg1111::MapMan::BlockInfo>> * this, undefined8 * param_1)
7100019f90	16	PlacementRedCoin	mg1111::MapMan	d	a	1		undefined PlacementRedCoin(int param_1, int param_2)
7100019fa0	16	AcquireRedCoin	mg1111::CoinMan	d	a	1		undefined AcquireRedCoin(int param_1)
7100019fb0	16	AcquireRedCoin	mg1111::CoinMan::Pimpl	d	a	1		undefined AcquireRedCoin(Pimpl * this, int param_1)
7100019fc0	16	Play	<EXTERNAL>::ca::coin_athlon::MinigameVibration	d	a	1		undefined Play(char * param_1)
7100019fd0	16	NotifyCoinGet	<EXTERNAL>::ca::coin_athlon::MinigameWork	d	a	1		undefined NotifyCoinGet(int param_1, Vector3f * param_2, bool param_3)
7100019fe0	16	AcquireCoin	mg1111::CoinMan::Pimpl	d	a	1		undefined AcquireCoin(Pimpl * this, int param_1, long * param_2, byte param_3)
7100019ff0	16	AcquireCoin	mg1111::CoinMan::Pimpl	d	a	1		undefined AcquireCoin(Pimpl * this, long * param_1, byte param_2)
710001a000	16	VanishAllCoin	mg1111::CoinMan	d	a	1		undefined VanishAllCoin(ulong param_1)
710001a010	16	RemoveRedCoin	mg1111::MapMan	d	a	1		undefined RemoveRedCoin(int param_1)
710001a020	16	Update	mg1111::CoinMan	d	a	1		undefined Update(void)
710001a030	16	Update	mg1111::CoinMan::Pimpl	d	a	1		undefined Update(Pimpl * this)
710001a040	16	AllocInstance	<EXTERNAL>::nn::bezel::ComModel	d	a	1		undefined AllocInstance(void)
710001a050	16	SetScale	<EXTERNAL>::nn::bezel::Entity	d	a	1		undefined SetScale(Vector3f * param_1)
710001a060	16	AddComponent<bq::ComMatter,bq::ObjectID,nn::bezel::ModelCreateArg&,(void*)0>	nn::bezel::Entity	d	a	1		WeakHandle AddComponent<bq::ComMatter,bq::ObjectID,nn::bezel::ModelCreateArg&,(void*)0>(long * param_1_00, HandlePtr * param_2, undefined4 * param_3, undefined8 param_4)
710001a070	16	SafeCreate<bq::ComMatter,nn::bezel::HandlePtr<nn::bezel::Entity>const&,bq::ObjectID,nn::bezel::ModelCreateArg&>	bex::ComponentUtil	d	a	1		WeakHandle SafeCreate<bq::ComMatter,nn::bezel::HandlePtr<nn::bezel::Entity>const&,bq::ObjectID,nn::bezel::ModelCreateArg&>(long * param_1_00, ComponentUtil * this, undefined4 * param_3, undefined8 param_4)
710001a080	16	ComMatter	<EXTERNAL>::bq::ComMatter	d	a	1		undefined ComMatter(ComMatter * this, HandlePtr * param_1, ObjectID param_2, ModelCreateArg * param_3)
710001a090	16	GetScale	mg1111::Common	d	a	1		undefined1[16] GetScale(long * param_1)
710001a0a0	16	SetScale	<EXTERNAL>::bex::Effect	d	a	1		undefined SetScale(Vector3f * param_1)
710001a0b0	16	CoinMan	mg1111::CoinMan	d	a	1		undefined CoinMan(CoinMan * this)
710001a0c0	16	~CoinMan	mg1111::CoinMan	d	a	1		undefined ~CoinMan(void)
710001a0d0	16	GetPlayers	<EXTERNAL>::bq::WorkModule	d	a	1		undefined GetPlayers(void)
710001a0e0	16	GetPlayerID	<EXTERNAL>::ca::coin_athlon::MinigameWork	d	a	1		undefined GetPlayerID(void)
710001a0f0	16	FindFromPlayerID	<EXTERNAL>::bq::PlayerWorkHolder	d	a	1		undefined FindFromPlayerID(PlayerID param_1)
710001a100	16	GetCharacterID	<EXTERNAL>::bq::PlayerWork	d	a	1		undefined GetCharacterID(void)
710001a110	16	GetPlayerCharacterID	mg1111::Common	d	a	1		undefined4 GetPlayerCharacterID(void)
710001a120	16	IsSmallPlayerCharacter	mg1111::Common	d	a	1		uint IsSmallPlayerCharacter(void)
710001a130	16	SetLevel	mg1111::Common	d	a	1		undefined SetLevel(short param_1)
710001a140	16	BeginItemUse	mg1111::Common	d	a	1		undefined BeginItemUse(char param_1)
710001a150	16	EndItemUse	mg1111::Common	d	a	1		undefined EndItemUse(char param_1)
710001a160	16	EndPrepareGame	mg1111::Common	d	a	1		undefined EndPrepareGame(void)
710001a170	16	SetActiveSequenceID	mg1111::Common	d	a	1		undefined SetActiveSequenceID(undefined4 param_1)
710001a180	16	SetTranslation	<EXTERNAL>::nn::bezel::Entity	d	a	1		undefined SetTranslation(Vector3f * param_1)
710001a190	16	GetTranslation	<EXTERNAL>::nn::bezel::Entity	d	a	1		undefined GetTranslation(void)
710001a1a0	16	GetScale	<EXTERNAL>::nn::bezel::Entity	d	a	1		undefined GetScale(void)
710001a1b0	16	SetVisible	<EXTERNAL>::nn::bezel::ComModel	d	a	1		undefined SetVisible(bool param_1)
710001a1c0	16	Common	mg1111::Common	d	a	1		undefined Common(Common * this)
710001a1d0	16	~Common	mg1111::Common	d	a	1		undefined ~Common(void)
710001a1e0	16	CreateLayout	<EXTERNAL>::ca::coin_athlon::MinigameFactory	d	a	1		undefined CreateLayout(char * param_1, char * param_2, char * param_3, WeakHandle * param_4)
710001a1f0	16	AddComponent<ca::ui::CaComUiVisible,,(void*)0>	nn::bezel::Entity	d	a	1		WeakHandle AddComponent<ca::ui::CaComUiVisible,,(void*)0>(long * param_1, HandlePtr * param_2)
710001a200	16	Out	<EXTERNAL>::ca::ui::CaComUiVisible	d	a	1		undefined Out(char * param_1, bool param_2)
710001a210	16	ShowBreadMenu	mg1111::LayoutMan	d	a	1		undefined ShowBreadMenu(undefined1[16] param_1, undefined1[16] param_2)
710001a220	16	ShowBreadMenu	mg1111::LayoutMan::Pimpl	d	a	1		undefined ShowBreadMenu(undefined1[16] param_1, undefined1[16] param_2, undefined8 * param_3)
710001a230	16	GetLayoutParam	mg1111::ParamMan	d	a	1		undefined1[16] GetLayoutParam(void)
710001a240	16	IsBootStandAlone	<EXTERNAL>::ca::coin_athlon::MinigameWork	d	a	1		undefined IsBootStandAlone(void)
710001a250	16	SetTranslation	<EXTERNAL>::ca::ui::CaComUiBase	d	a	1		undefined SetTranslation(Vector3f param_1)
710001a260	16	SetPictureTexMap	<EXTERNAL>::ca::ui::CaComUiBase	d	a	1		undefined SetPictureTexMap(char * param_1, char * param_2)
710001a270	16	GetText	<EXTERNAL>::ca::ui::CaComUiBase	d	a	1		undefined GetText(char * param_1)
710001a280	16	SetIntVariable	<EXTERNAL>::bex::GuiLayoutText	d	a	1		undefined SetIntVariable(StringViewHashPair * param_1, int param_2)
710001a290	16	SetMessageLabel	<EXTERNAL>::bq::GuiLayoutText	d	a	1		undefined SetMessageLabel(basic_string_view * param_1)
710001a2a0	16	In	<EXTERNAL>::ca::ui::CaComUiVisible	d	a	1		undefined In(char * param_1, bool param_2)
710001a2b0	16	HideBreadMenu	mg1111::LayoutMan	d	a	1		undefined HideBreadMenu(void)
710001a2c0	16	Create	<EXTERNAL>::ca::ui::CaComUiVisible	d	a	1		undefined Create(HandlePtr * param_1, bool param_2)
710001a2d0	16	LayoutMan	mg1111::LayoutMan	d	a	1		undefined LayoutMan(LayoutMan * this)
710001a2e0	16	~LayoutMan	mg1111::LayoutMan	d	a	1		undefined ~LayoutMan(void)
710001a2f0	16	Pimpl	mg1111::MapMan::Pimpl	d	a	1		undefined Pimpl(Pimpl * this)
710001a300	16	FindMaterial	<EXTERNAL>::nn::bezel::ComModel	d	a	1		undefined FindMaterial(basic_string_view param_1)
710001a310	16	MaterialHandle	<EXTERNAL>::nn::bezel::MaterialHandle	d	a	1		undefined MaterialHandle(MaterialHandle * this)
710001a320	16	Reset	<EXTERNAL>::nn::bezel::MaterialHandle	d	a	1		undefined Reset(Material * param_1)
710001a330	16	Lock	<EXTERNAL>::nn::bezel::MaterialHandle	d	a	1		undefined Lock(void)
710001a340	16	~MaterialHandle	<EXTERNAL>::nn::bezel::MaterialHandle	d	a	1		undefined ~MaterialHandle(MaterialHandle * this)
710001a350	16	CreateTexture	<EXTERNAL>::nn::bezel::GraphicsCoreModule	d	a	1		undefined CreateTexture(basic_string_view param_1)
710001a360	16	SetTexture	<EXTERNAL>::nn::bezel::Material	d	a	1		undefined SetTexture(basic_string_view param_1, HandlePtr * param_2)
710001a370	16	GetHookMatrix	mg1111::MapMan::Pimpl	d	a	1		undefined1[16] GetHookMatrix(Pimpl * this, char * param_2)
710001a380	16	~Pimpl	mg1111::MapMan::Pimpl	d	a	1		undefined ~Pimpl(Pimpl * this)
710001a390	16	FindBoneIndex	<EXTERNAL>::nn::bezel::ComModel	d	a	1		undefined FindBoneIndex(basic_string_view param_1)
710001a3a0	16	CalculateWorldTransform	<EXTERNAL>::nn::bezel::SkeletonPose	d	a	1		undefined CalculateWorldTransform(int param_1)
710001a3b0	16	StartOpeningCameraAnim	mg1111::MapMan	d	a	1		undefined StartOpeningCameraAnim(void)
710001a3c0	16	StartOpeningCameraAnim	mg1111::MapMan::Pimpl	d	a	1		undefined StartOpeningCameraAnim(Pimpl * this)
710001a3d0	16	SetSpeed	<EXTERNAL>::actor::ActorAnimationSlot	d	a	1		undefined SetSpeed(float param_1)
710001a3e0	16	IsEndOpeningCameraAnim	mg1111::MapMan	d	a	1		undefined8 IsEndOpeningCameraAnim(void)
710001a3f0	16	IsEndOpeningCameraAnim	mg1111::MapMan::Pimpl	d	a	1		undefined8 IsEndOpeningCameraAnim(Pimpl * this)
710001a400	16	IsFinished	<EXTERNAL>::actor::ComActorMotion	d	a	1		undefined IsFinished(void)
710001a410	16	DeleteOpeningModel	mg1111::MapMan	d	a	1		undefined DeleteOpeningModel(void)
710001a420	16	SkipOpening	mg1111::MapMan	d	a	1		undefined SkipOpening(void)
710001a430	16	SkipOpening	mg1111::MapMan::Pimpl	d	a	1		undefined SkipOpening(Pimpl * this)
710001a440	16	GetBlockPosition	mg1111::MapMan	d	a	1		undefined1[16] GetBlockPosition(int param_1)
710001a450	16	GetBlockInfo	mg1111::MapMan::Pimpl	d	a	1		undefined GetBlockInfo(undefined8 * param_1, long param_2, int param_3)
710001a460	16	SelectBlock	mg1111::MapMan	d	a	1		undefined SelectBlock(int param_1)
710001a470	16	SelectBlock	mg1111::MapMan::Pimpl	d	a	1		undefined SelectBlock(Pimpl * this, int param_1)
710001a480	16	PlacementItemBox	mg1111::MapMan	d	a	1		undefined1[16] PlacementItemBox(void)
710001a490	16	PlacementItemBox	mg1111::MapMan::Pimpl	d	a	1		undefined1[16] PlacementItemBox(Pimpl * this)
710001a4a0	16	ObtainItemBox	mg1111::MapMan	d	a	1		undefined ObtainItemBox(undefined1[16] param_1, float param_2, float param_3)
710001a4b0	16	ObtainItemBox	mg1111::MapMan::Pimpl	d	a	1		undefined ObtainItemBox(undefined1[16] param_1, float param_2, float param_3, long param_4)
710001a4c0	16	IsActive	<EXTERNAL>::ca::coin_athlon::ItemBox	d	a	1		undefined IsActive(void)
710001a4d0	16	PCNumber	<EXTERNAL>::bq::CharacterData	d	a	1		undefined PCNumber(PlayerCharacterID param_1)
710001a4e0	16	Play	<EXTERNAL>::ca::coin_athlon::MinigameSound	d	a	1		undefined Play(char * param_1, float param_2, char * param_3)
710001a4f0	16	NotifyObtained	<EXTERNAL>::ca::coin_athlon::ItemBox	d	a	1		undefined NotifyObtained(void)
710001a500	16	VanishItemBox	mg1111::MapMan	d	a	1		undefined VanishItemBox(void)
710001a510	16	IsExistItemBox	mg1111::MapMan	d	a	1		bool IsExistItemBox(int param_1)
710001a520	16	PlacementRedCoin	mg1111::MapMan::Pimpl	d	a	1		undefined PlacementRedCoin(Pimpl * this, int param_1, int param_2)
710001a530	16	BeginItemUse	mg1111::MapMan	d	a	1		undefined BeginItemUse(char param_1)
710001a540	16	BeginItemUse	mg1111::MapMan::Pimpl	d	a	1		undefined BeginItemUse(Pimpl * this, char param_1)
710001a550	16	EndItemUse	mg1111::MapMan	d	a	1		undefined EndItemUse(char param_1)
710001a560	16	SetupLevel	mg1111::MapMan	d	a	1		undefined SetupLevel(void)
710001a570	16	SetupLevel	mg1111::MapMan::Pimpl	d	a	1		undefined SetupLevel(Pimpl * this)
710001a580	16	SetTexture	<EXTERNAL>::nn::bezel::Material	d	a	1		undefined SetTexture(int param_1, HandlePtr * param_2)
710001a590	16	Update	mg1111::MapMan	d	a	1		undefined Update(void)
710001a5a0	16	AddComponent<bq::ComMatter,char_const(&)[30],(void*)0>	nn::bezel::Entity	d	a	1		WeakHandle AddComponent<bq::ComMatter,char_const(&)[30],(void*)0>(long * param_1_00, HandlePtr * param_2, char * param_3)
710001a5b0	16	SafeCreate<bq::ComMatter,nn::bezel::HandlePtr<nn::bezel::Entity>const&,char_const(&)[30]>	bex::ComponentUtil	d	a	1		WeakHandle SafeCreate<bq::ComMatter,nn::bezel::HandlePtr<nn::bezel::Entity>const&,char_const(&)[30]>(long * param_1_00, ComponentUtil * this, char * param_3)
710001a5c0	16	AddComponent<bq::ComMatter,char_const(&)[33],(void*)0>	nn::bezel::Entity	d	a	1		WeakHandle AddComponent<bq::ComMatter,char_const(&)[33],(void*)0>(long * param_1_00, HandlePtr * param_2, char * param_3)
710001a5d0	16	SafeCreate<bq::ComMatter,nn::bezel::HandlePtr<nn::bezel::Entity>const&,char_const(&)[33]>	bex::ComponentUtil	d	a	1		WeakHandle SafeCreate<bq::ComMatter,nn::bezel::HandlePtr<nn::bezel::Entity>const&,char_const(&)[33]>(long * param_1_00, ComponentUtil * this, char * param_3)
710001a5e0	16	AddComponent<bq::ComMatter,char_const(&)[36],(void*)0>	nn::bezel::Entity	d	a	1		WeakHandle AddComponent<bq::ComMatter,char_const(&)[36],(void*)0>(long * param_1_00, HandlePtr * param_2, char * param_3)
710001a5f0	16	SafeCreate<bq::ComMatter,nn::bezel::HandlePtr<nn::bezel::Entity>const&,char_const(&)[36]>	bex::ComponentUtil	d	a	1		WeakHandle SafeCreate<bq::ComMatter,nn::bezel::HandlePtr<nn::bezel::Entity>const&,char_const(&)[36]>(long * param_1_00, ComponentUtil * this, char * param_3)
710001a600	16	operator()	mg1111::MapMan::Pimpl::Pimpl()::{lambda(nn::bezel::HandlePtr<nn::bezel::Entity>)#4}	d	a	1		undefined operator()({lambda(nn::bezel::HandlePtr<nn::bezel::Entity>)#4} * this, long * param_1)
710001a610	16	AddComponent<bq::ComMatter,char_const(&)[34],(void*)0>	nn::bezel::Entity	d	a	1		WeakHandle AddComponent<bq::ComMatter,char_const(&)[34],(void*)0>(long * param_1_00, HandlePtr * param_2, char * param_3)
710001a620	16	Play	<EXTERNAL>::actor::ComActorMotion	d	a	1		undefined Play(StringViewHashPair * param_1)
710001a630	16	SafeCreate<bq::ComMatter,nn::bezel::HandlePtr<nn::bezel::Entity>const&,char_const(&)[34]>	bex::ComponentUtil	d	a	1		WeakHandle SafeCreate<bq::ComMatter,nn::bezel::HandlePtr<nn::bezel::Entity>const&,char_const(&)[34]>(long * param_1_00, ComponentUtil * this, char * param_3)
710001a640	16	operator()	mg1111::MapMan::Pimpl::Pimpl()::{lambda(nn::bezel::HandlePtr<nn::bezel::Entity>)#5}	d	a	1		undefined operator()({lambda(nn::bezel::HandlePtr<nn::bezel::Entity>)#5} * this, long * param_1)
710001a650	16	AddComponent<bq::ComMatter,bq::MatterType,(void*)0>	nn::bezel::Entity	d	a	1		WeakHandle AddComponent<bq::ComMatter,bq::MatterType,(void*)0>(long * param_1_00, HandlePtr * param_2, undefined4 * param_3)
710001a660	16	SafeCreate<bq::ComMatter,nn::bezel::HandlePtr<nn::bezel::Entity>const&,bq::MatterType>	bex::ComponentUtil	d	a	1		WeakHandle SafeCreate<bq::ComMatter,nn::bezel::HandlePtr<nn::bezel::Entity>const&,bq::MatterType>(long * param_1_00, ComponentUtil * this, undefined4 * param_3)
710001a670	16	ComMatter	<EXTERNAL>::bq::ComMatter	d	a	1		undefined ComMatter(ComMatter * this, HandlePtr * param_1, MatterType param_2, bool param_3)
710001a680	16	AddComponent<bq::ComMatter,char_const(&)[37],(void*)0>	nn::bezel::Entity	d	a	1		WeakHandle AddComponent<bq::ComMatter,char_const(&)[37],(void*)0>(long * param_1_00, HandlePtr * param_2, char * param_3)
710001a690	16	SafeCreate<bq::ComMatter,nn::bezel::HandlePtr<nn::bezel::Entity>const&,char_const(&)[37]>	bex::ComponentUtil	d	a	1		WeakHandle SafeCreate<bq::ComMatter,nn::bezel::HandlePtr<nn::bezel::Entity>const&,char_const(&)[37]>(long * param_1_00, ComponentUtil * this, char * param_3)
710001a6a0	16	AddComponent<bq::ComMatter,char_const(&)[35],(void*)0>	nn::bezel::Entity	d	a	1		WeakHandle AddComponent<bq::ComMatter,char_const(&)[35],(void*)0>(long * param_1_00, HandlePtr * param_2, char * param_3)
710001a6b0	16	SafeCreate<bq::ComMatter,nn::bezel::HandlePtr<nn::bezel::Entity>const&,char_const(&)[35]>	bex::ComponentUtil	d	a	1		WeakHandle SafeCreate<bq::ComMatter,nn::bezel::HandlePtr<nn::bezel::Entity>const&,char_const(&)[35]>(long * param_1_00, ComponentUtil * this, char * param_3)
710001a6c0	16	SetSelfDestroyEnabled	<EXTERNAL>::bex::Effect	d	a	1		undefined SetSelfDestroyEnabled(bool param_1)
710001a6d0	16	MapMan	mg1111::MapMan	d	a	1		undefined MapMan(MapMan * this)
710001a6e0	16	~MapMan	mg1111::MapMan	d	a	1		undefined ~MapMan(void)
710001a6f0	16	Pimpl	mg1111::ParamMan::Pimpl	d	a	1		undefined Pimpl(Pimpl * this)
710001a700	16	memset		i	i	1		void * memset(void * __s, int __c, size_t __n)
710001a710	16	Create	<EXTERNAL>::ca::Serializer	d	a	1		undefined Create(bool param_1)
710001a720	16	GetPlayerParam	mg1111::ParamMan	d	a	1		undefined4 GetPlayerParam(void)
710001a730	16	memcpy		i	i	1		void * memcpy(void * __dest, void * __src, size_t __n)
710001a740	16	ParamMan	mg1111::ParamMan	d	a	1		undefined ParamMan(ParamMan * this)
710001a750	16	~ParamMan	mg1111::ParamMan	d	a	1		undefined ~ParamMan(void)
710001a760	16	Pimpl	mg1111::PlayerMan::Pimpl	d	a	1		undefined Pimpl(Pimpl * this)
710001a770	16	GetBoneSocket	<EXTERNAL>::nn::bezel::ComModel	d	a	1		undefined GetBoneSocket(basic_string_view param_1)
710001a780	16	SetState	mg1111::PlayerMan::Pimpl	d	a	1		undefined SetState(Pimpl * this, int param_1)
710001a790	16	PlayVoice	mg1111::PlayerMan::Pimpl	d	a	1		undefined PlayVoice(Pimpl * this, char * param_1)
710001a7a0	16	Play	<EXTERNAL>::nn::bezel::ComFxTrigger	d	a	1		undefined Play(basic_string_view param_1)
710001a7b0	16	StartTakeOutBread	mg1111::PlayerMan	d	a	1		ulong StartTakeOutBread(undefined1[16] param_1, float param_2, float param_3, float param_4, ulong param_5)
710001a7c0	16	StartTakeOutBread	mg1111::PlayerMan::Pimpl	d	a	1		bool StartTakeOutBread(undefined1[16] param_1, float param_2, float param_3, float param_4, Pimpl * param_5, ulong param_6)
710001a7d0	16	Reserve	<EXTERNAL>::ca::coin_athlon::ItemBox	d	a	1		undefined Reserve(void)
710001a7e0	16	DeleteOpeningModel	mg1111::PlayerMan	d	a	1		undefined DeleteOpeningModel(void)
710001a7f0	16	SkipOpening	mg1111::PlayerMan	d	a	1		undefined SkipOpening(void)
710001a800	16	SetActive	mg1111::PlayerMan	d	a	1		undefined SetActive(byte param_1)
710001a810	16	IsEndState	mg1111::PlayerMan	d	a	1		bool IsEndState(void)
710001a820	16	Update	mg1111::PlayerMan	d	a	1		undefined Update(void)
710001a830	16	Update	mg1111::PlayerMan::Pimpl	d	a	1		undefined Update(Pimpl * this)
710001a840	16	StateIdle	mg1111::PlayerMan::Pimpl	d	a	1		undefined StateIdle(undefined1[16] param_1, float param_2, float param_3, float param_4, Pimpl * this)
710001a850	16	SetPosition	<EXTERNAL>::ca::coin_athlon::ItemBox	d	a	1		undefined SetPosition(Vector3f * param_1)
710001a860	16	StateMove	mg1111::PlayerMan::Pimpl	d	a	1		undefined StateMove(Pimpl * this)
710001a870	16	GetFrame	<EXTERNAL>::actor::ComActorMotion	d	a	1		undefined GetFrame(void)
710001a880	16	AddComponent<actor::ComActorPad,bex::PlayerID,(void*)0>	nn::bezel::Entity	d	a	1		WeakHandle AddComponent<actor::ComActorPad,bex::PlayerID,(void*)0>(long * param_1_00, HandlePtr * param_2, undefined4 * param_3)
710001a890	16	Create	<EXTERNAL>::actor::ComActorPad	d	a	1		undefined Create(HandlePtr * param_1, PlayerID param_2, PadStyle param_3)
710001a8a0	16	AddComponent<bq::ComMatter,char_const(&)[38],(void*)0>	nn::bezel::Entity	d	a	1		WeakHandle AddComponent<bq::ComMatter,char_const(&)[38],(void*)0>(long * param_1_00, HandlePtr * param_2, char * param_3)
710001a8b0	16	SafeCreate<bq::ComMatter,nn::bezel::HandlePtr<nn::bezel::Entity>const&,char_const(&)[38]>	bex::ComponentUtil	d	a	1		WeakHandle SafeCreate<bq::ComMatter,nn::bezel::HandlePtr<nn::bezel::Entity>const&,char_const(&)[38]>(long * param_1_00, ComponentUtil * this, char * param_3)
710001a8c0	16	SetEnum	<EXTERNAL>::bex::ComFxTrigger	d	a	1		undefined SetEnum(basic_string_view * param_1, basic_string_view * param_2)
710001a8d0	16	AddComponent<bq::ComMatter,bex::PlayerID,bq::MatterType,(void*)0>	nn::bezel::Entity	d	a	1		WeakHandle AddComponent<bq::ComMatter,bex::PlayerID,bq::MatterType,(void*)0>(long * param_1_00, HandlePtr * param_2, undefined4 * param_3, undefined4 * param_4)
710001a8e0	16	SafeCreate<bq::ComMatter,nn::bezel::HandlePtr<nn::bezel::Entity>const&,bex::PlayerID,bq::MatterType>	bex::ComponentUtil	d	a	1		WeakHandle SafeCreate<bq::ComMatter,nn::bezel::HandlePtr<nn::bezel::Entity>const&,bex::PlayerID,bq::MatterType>(long * param_1_00, ComponentUtil * this, undefined4 * param_3, undefined4 * param_4)
710001a8f0	16	ComMatter	<EXTERNAL>::bq::ComMatter	d	a	1		undefined ComMatter(ComMatter * this, HandlePtr * param_1, PlayerID param_2, MatterType param_3)
710001a900	16	AddComponent<nn::bezel::ComAttachment,,(void*)0>	nn::bezel::Entity	d	a	1		WeakHandle AddComponent<nn::bezel::ComAttachment,,(void*)0>(long * param_1, HandlePtr * param_2)
710001a910	16	SetTarget	<EXTERNAL>::nn::bezel::ComAttachment	d	a	1		undefined SetTarget(WeakHandle * param_1)
710001a920	16	Create	<EXTERNAL>::nn::bezel::ComAttachment	d	a	1		undefined Create(HandlePtr * param_1)
710001a930	16	GetGraphicsLayer	<EXTERNAL>::ca::coin_athlon::MinigameWork	d	a	1		undefined GetGraphicsLayer(bool param_1)
710001a940	16	LytPosFrom3DPos	<EXTERNAL>::bex::util	d	a	1		undefined LytPosFrom3DPos(Vector3f * param_1, Vector3f * param_2, WeakHandle param_3)
710001a950	16	Play2D	<EXTERNAL>::ca::coin_athlon::MinigameSound	d	a	1		undefined Play2D(char * param_1, Vector3f * param_2, float param_3)
710001a960	16	IsPushButton	mg1111::PlayerMan::Pimpl	d	a	1		bool IsPushButton(Pimpl * this, uint param_1)
710001a970	16	GetPadActorDeg	<EXTERNAL>::actor::ComActorPad	d	a	1		undefined GetPadActorDeg(void)
710001a980	16	GetDepth	<EXTERNAL>::actor::PadLeverData	d	a	1		undefined GetDepth(void)
710001a990	16	GetDirectionVector	<EXTERNAL>::actor::PadLeverData	d	a	1		undefined GetDirectionVector(void)
710001a9a0	16	acosf		i	i	1		float acosf(float __x)
710001a9b0	16	GetTrigger	<EXTERNAL>::actor::ComActorPad	d	a	1		undefined GetTrigger(void)
710001a9c0	16	PlayerMan	mg1111::PlayerMan	d	a	1		undefined PlayerMan(PlayerMan * this)
710001a9d0	16	~PlayerMan	mg1111::PlayerMan	d	a	1		undefined ~PlayerMan(void)
710001a9e0	16	Scene	mg1111::Scene	d	a	1		undefined Scene(Scene * this)
710001a9f0	16	getStaticTypeinfo	<EXTERNAL>::ca::coin_athlon::MinigameScene	d	a	1		undefined getStaticTypeinfo(void)
710001aa00	16	Typeinfo	<EXTERNAL>::rtti::Typeinfo	d	a	1		undefined Typeinfo(Typeinfo * this, Typeinfo * param_1, char * param_2, char * param_3, _func_Property_ptr * param_4, _func_void_ptr * param_5, _func_void_void_ptr * param_6, uint param_7, uint param_8, _func_void_void_ptr_Property_ptr_PropertyList_ptr * param_9, _func_bool_void_ptr_Property_ptr_Typeinfo_ptr_uint * param_10)
710001aa10	16	Property	<EXTERNAL>::rtti::Property	d	a	1		undefined Property(Property * this)
710001aa20	16	checkGuiPropDefault	<EXTERNAL>::rtti::Typeinfo	d	a	1		undefined checkGuiPropDefault(void * param_1, Property * param_2, PropertyList * param_3)
710001aa30	16	createGuiPropDefault	<EXTERNAL>::rtti::Typeinfo	d	a	1		undefined createGuiPropDefault(void * param_1, Property * param_2, Typeinfo * param_3, uint param_4)
710001aa40	16	getStaticTypeinfo	<EXTERNAL>::bex::SceneParamBase	d	a	1		undefined getStaticTypeinfo(void)
710001aa50	16	Property	<EXTERNAL>::rtti::Property	d	a	1		undefined Property(Property * this, char * param_1, char * param_2, uint param_3, void * param_4, Type * param_5)
710001aa60	16	Property	<EXTERNAL>::rtti::Property	d	a	1		undefined Property(Property * this, char * param_1, char * param_2, uint param_3, void * param_4, Type * param_5, int param_6, int param_7, int param_8)
710001aa70	16	MinigameScene	<EXTERNAL>::ca::coin_athlon::MinigameScene	d	a	1		undefined MinigameScene(MinigameScene * this)
710001aa80	16	ArchiveName	<EXTERNAL>::bq::ObjectList	d	a	1		undefined ArchiveName(ObjectID param_1)
710001aa90	16	~MinigameScene	<EXTERNAL>::ca::coin_athlon::MinigameScene	d	a	1		undefined ~MinigameScene(MinigameScene * this)
710001aaa0	16	~Scene	mg1111::Scene	d	a	1		undefined ~Scene(Scene * this)
710001aab0	16	GetCurrentLevel	<EXTERNAL>::ca::coin_athlon::MinigameScene	d	a	1		undefined GetCurrentLevel(void)
710001aac0	16	SequenceStateOpening	mg1111::SequenceStateOpening	d	a	1		undefined SequenceStateOpening(SequenceStateOpening * this)
710001aad0	16	SequenceStateGameMain	mg1111::SequenceStateGameMain	d	a	1		undefined SequenceStateGameMain(SequenceStateGameMain * this)
710001aae0	16	SetupLevel	mg1111::SequenceState	d	a	1		undefined SetupLevel(SequenceState * this)
710001aaf0	16	Update	mg1111::SequenceState	d	a	1		undefined Update(SequenceState * this)
710001ab00	16	SetScale	<EXTERNAL>::ca::coin_athlon::ItemBox	d	a	1		undefined SetScale(float param_1)
710001ab10	16	SetSequence	mg1111::Scene	d	a	1		undefined SetSequence(Scene * this, int param_1)
710001ab20	16	GetSequenceID	mg1111::SequenceState	d	a	1		undefined4 GetSequenceID(SequenceState * this)
710001ab30	16	EndOperation	mg1111::SequenceState	d	a	1		undefined EndOperation(SequenceState * this)
710001ab40	16	BeginOperation	mg1111::SequenceState	d	a	1		undefined BeginOperation(SequenceState * this)
710001ab50	16	IsEnd	mg1111::SequenceState	d	a	1		SequenceState IsEnd(SequenceState * this)
710001ab60	16	~SequenceState	mg1111::SequenceState	d	a	1		undefined ~SequenceState(SequenceState * this)
7100049000	1	end		i	d	0		undefined end()
710004a000	1	ProtectRelro	<EXTERNAL>::nn::ro	d	a	1		undefined ProtectRelro(void * param_1, void * param_2, void * param_3, void * param_4, void * param_5)
710004b000	1	__nnmusl_fini_dso	<EXTERNAL>	d	d	1		undefined __nnmusl_fini_dso()
710004c000	1	__cxa_guard_acquire	<EXTERNAL>	d	d	1		undefined __cxa_guard_acquire()
710004e000	1	__cxa_guard_release	<EXTERNAL>	d	d	1		undefined __cxa_guard_release()
71000a5000	1	operator.new	<EXTERNAL>	d	a	1		void * operator.new(ulong param_1, ulong param_2, HeapID param_3)
71000a6000	1	AbortImpl	<EXTERNAL>::nn::diag::detail	d	a	1		undefined AbortImpl(void)
71000a7000	1	operator.delete	<EXTERNAL>	d	a	1		void operator.delete(void * param_1, ulong param_2, HeapID param_3)
71000a8000	1	_Unwind_Resume	<EXTERNAL>	d	d	1		undefined _Unwind_Resume()
71000a9000	1	Alloc	<EXTERNAL>::bex::HeapModule	d	a	1		undefined Alloc(HeapID param_1, ulong param_2, int param_3, char * param_4, int param_5, char * param_6, char * param_7)
71000aa000	1	Free	<EXTERNAL>::bex::HeapModule	d	a	1		undefined Free(void * param_1)
71000ab000	1	Stop	<EXTERNAL>::bex::Effect	d	a	1		undefined Stop(bool param_1)
71000ac000	1	SetPosition	<EXTERNAL>::bex::Effect	d	a	1		undefined SetPosition(Vector3f * param_1)
71000ad000	1	SetPauseEnabled	<EXTERNAL>::actor::ComActorMotion	d	a	1		undefined SetPauseEnabled(bool param_1)
71000ae000	1	GetAnimationSlot	<EXTERNAL>::actor::ComActorMotion	d	a	1		undefined GetAnimationSlot(StringViewHashPair * param_1)
71000af000	1	SetPauseEnabled	<EXTERNAL>::actor::ActorAnimationSlot	d	a	1		undefined SetPauseEnabled(bool param_1)
71000b0000	1	Play3D	<EXTERNAL>::ca::coin_athlon::MinigameSound	d	a	1		undefined Play3D(char * param_1, Vector3f * param_2, float param_3)
71000b1000	1	CreateEffect	<EXTERNAL>::ca::coin_athlon::MinigameFactory	d	a	1		undefined CreateEffect(char * param_1, function param_2)
71000b2000	1	memmove	<EXTERNAL>	d	i	1		void * memmove(void * __dest, void * __src, size_t __n)
71000b3000	1	Stop	<EXTERNAL>::bex::sound::SoundHandle	d	a	1		undefined Stop(void)
71000b4000	1	GetDeltaTime	<EXTERNAL>::bex::MainModule	d	a	1		undefined GetDeltaTime(void)
71000b5000	1	cosf	<EXTERNAL>	d	i	1		float cosf(float __x)
71000b6000	1	sinf	<EXTERNAL>	d	i	1		float sinf(float __x)
71000b7000	1	WriteLocalVariable	<EXTERNAL>::bex::sound::SoundHandle	d	a	1		undefined WriteLocalVariable(int param_1, int param_2)
71000b9000	1	SNPrintf	<EXTERNAL>::nn::util	d	a	1		undefined SNPrintf(char * param_1, ulong param_2, char * param_3, ...)
71000ba000	1	CreateEntity	<EXTERNAL>::ca::coin_athlon::MinigameFactory	d	a	1		undefined CreateEntity(char * param_1, function param_2)
71000bc000	1	RandRangeF	<EXTERNAL>::bex::RandModule	d	a	1		undefined RandRangeF(float param_1, float param_2)
71000c4000	1	SetRotation	<EXTERNAL>::nn::bezel::Entity	d	a	1		undefined SetRotation(Quaternion * param_1)
71000c6000	1	IsThisPlaying	<EXTERNAL>::actor::ActorAnimationSlot	d	a	1		undefined IsThisPlaying(StringViewHashPair * param_1)
71000c7000	1	GetFrameMax	<EXTERNAL>::actor::ActorAnimationSlot	d	a	1		undefined GetFrameMax(void)
71000c8000	1	SetFrame	<EXTERNAL>::actor::ActorAnimationSlot	d	a	1		undefined SetFrame(float param_1)
71000c9000	1	__cxa_begin_catch	<EXTERNAL>	d	d	1		undefined __cxa_begin_catch()
71000ca000	1	terminate	<EXTERNAL>::std	d	a	1		undefined terminate(void)
71000cb000	1	__cxa_allocate_exception	<EXTERNAL>	d	d	1		undefined __cxa_allocate_exception()
71000cc000	1	~length_error	<EXTERNAL>::std::length_error	d	a	1		undefined ~length_error(length_error * this)
71000cd000	1	__cxa_throw	<EXTERNAL>	d	d	1		undefined __cxa_throw()
71000ce000	1	__cxa_free_exception	<EXTERNAL>	d	d	1		undefined __cxa_free_exception()
71000cf000	1	logic_error	<EXTERNAL>::std::logic_error	d	a	1		undefined logic_error(logic_error * this, char * param_1)
71000d1000	1	Play	<EXTERNAL>::actor::ActorAnimationSlot	d	a	1		undefined Play(StringViewHashPair * param_1)
71000d2000	1	Play	<EXTERNAL>::actor::ComActorMotion	d	a	1		undefined Play(MotionArg * param_1)
71000d3000	1	Play	<EXTERNAL>::actor::ActorAnimationSlot	d	a	1		undefined Play(MotionArg * param_1)
71000d4000	1	operator.delete	<EXTERNAL>	d	a	1		void operator.delete(void * param_1)
71000d5000	1	operator.new	<EXTERNAL>	d	a	1		void * operator.new(ulong param_1)
71000d6000	1	SetPrefix	<EXTERNAL>::actor::ComActorMotion	d	a	1		undefined SetPrefix(char * param_1)
71000d7000	1	AddAnimationSlot	<EXTERNAL>::actor::ComActorMotion	d	a	1		undefined AddAnimationSlot(StringViewHashPair * param_1)
71000d8000	1	AddAnimation	<EXTERNAL>::actor::ComActorMotion	d	a	1		undefined AddAnimation(StringViewHashPair * param_1, basic_string_view * param_2, bool param_3, AnimatinType param_4, bool param_5, bool param_6)
71000d9000	1	strlen	<EXTERNAL>	d	i	1		size_t strlen(char * __s)
71000da000	1	_internalCheckComponentValidity	<EXTERNAL>::nn::bezel::Entity	d	a	1		undefined _internalCheckComponentValidity(HandlePtr * param_1)
71000db000	1	AddComponentImpl	<EXTERNAL>::nn::bezel::Entity	d	a	1		undefined AddComponentImpl(HandlePtr * param_1)
71000dc000	1	ComMatter	<EXTERNAL>::bq::ComMatter	d	a	1		undefined ComMatter(ComMatter * this, HandlePtr * param_1, basic_string_view * param_2, bool param_3)
71000dd000	1	Start	<EXTERNAL>::bex::Effect	d	a	1		undefined Start(bool param_1)
71000de000	1	IsPauseEnabled	<EXTERNAL>::actor::ComActorMotion	d	a	1		undefined IsPauseEnabled(void)
71000df000	1	GetFrameMax	<EXTERNAL>::actor::ComActorMotion	d	a	1		undefined GetFrameMax(void)
71000e0000	1	SetFrame	<EXTERNAL>::actor::ComActorMotion	d	a	1		undefined SetFrame(float param_1)
71000e1000	1	IsPauseEnabled	<EXTERNAL>::actor::ActorAnimationSlot	d	a	1		undefined IsPauseEnabled(void)
71000e2000	1	SetOpaque	<EXTERNAL>::bex::gfx::ComModelBuffer	d	a	1		undefined SetOpaque(float param_1)
71000e3000	1	GetElapsedSec	<EXTERNAL>::ca::coin_athlon::MinigameWork	d	a	1		undefined GetElapsedSec(void)
71000e4000	1	RandMod	<EXTERNAL>::bex::RandModule	d	a	1		undefined RandMod(uint param_1)
71000ea000	1	Play	<EXTERNAL>::ca::coin_athlon::MinigameVibration	d	a	1		undefined Play(char * param_1)
71000eb000	1	NotifyCoinGet	<EXTERNAL>::ca::coin_athlon::MinigameWork	d	a	1		undefined NotifyCoinGet(int param_1, Vector3f * param_2, bool param_3)
71000ec000	1	AllocInstance	<EXTERNAL>::nn::bezel::ComModel	d	a	1		undefined AllocInstance(void)
71000ed000	1	SetScale	<EXTERNAL>::nn::bezel::Entity	d	a	1		undefined SetScale(Vector3f * param_1)
71000ee000	1	ComMatter	<EXTERNAL>::bq::ComMatter	d	a	1		undefined ComMatter(ComMatter * this, HandlePtr * param_1, ObjectID param_2, ModelCreateArg * param_3)
71000ef000	1	SetScale	<EXTERNAL>::bex::Effect	d	a	1		undefined SetScale(Vector3f * param_1)
71000f0000	1	GetPlayers	<EXTERNAL>::bq::WorkModule	d	a	1		undefined GetPlayers(void)
71000f1000	1	GetPlayerID	<EXTERNAL>::ca::coin_athlon::MinigameWork	d	a	1		undefined GetPlayerID(void)
71000f2000	1	FindFromPlayerID	<EXTERNAL>::bq::PlayerWorkHolder	d	a	1		undefined FindFromPlayerID(PlayerID param_1)
71000f3000	1	GetCharacterID	<EXTERNAL>::bq::PlayerWork	d	a	1		undefined GetCharacterID(void)
71000f4000	1	SetTranslation	<EXTERNAL>::nn::bezel::Entity	d	a	1		undefined SetTranslation(Vector3f * param_1)
71000f5000	1	GetTranslation	<EXTERNAL>::nn::bezel::Entity	d	a	1		undefined GetTranslation(void)
71000f6000	1	GetScale	<EXTERNAL>::nn::bezel::Entity	d	a	1		undefined GetScale(void)
71000f7000	1	SetVisible	<EXTERNAL>::nn::bezel::ComModel	d	a	1		undefined SetVisible(bool param_1)
71000f8000	1	CreateLayout	<EXTERNAL>::ca::coin_athlon::MinigameFactory	d	a	1		undefined CreateLayout(char * param_1, char * param_2, char * param_3, WeakHandle * param_4)
71000f9000	1	Out	<EXTERNAL>::ca::ui::CaComUiVisible	d	a	1		undefined Out(char * param_1, bool param_2)
71000fa000	1	IsBootStandAlone	<EXTERNAL>::ca::coin_athlon::MinigameWork	d	a	1		undefined IsBootStandAlone(void)
71000fb000	1	SetTranslation	<EXTERNAL>::ca::ui::CaComUiBase	d	a	1		undefined SetTranslation(Vector3f param_1)
71000fc000	1	SetPictureTexMap	<EXTERNAL>::ca::ui::CaComUiBase	d	a	1		undefined SetPictureTexMap(char * param_1, char * param_2)
71000fd000	1	GetText	<EXTERNAL>::ca::ui::CaComUiBase	d	a	1		undefined GetText(char * param_1)
71000fe000	1	SetIntVariable	<EXTERNAL>::bex::GuiLayoutText	d	a	1		undefined SetIntVariable(StringViewHashPair * param_1, int param_2)
71000ff000	1	SetMessageLabel	<EXTERNAL>::bq::GuiLayoutText	d	a	1		undefined SetMessageLabel(basic_string_view * param_1)
