addr	size	name	namespace	namesrc	sigsrc	thunk	tags	signature
7100000080	12	nndetailRoGetRoDataStart		i	a	0		char * nndetailRoGetRoDataStart(void)
7100000090	12	nndetailRoGetRoDataEnd		i	a	0		undefined * nndetailRoGetRoDataEnd(void)
71000000a0	352	_init		i	i	0		int _init(EVP_PKEY_CTX * ctx)
7100000200	144	_fini		i	a	0		undefined _fini(void)
7100000290	36	FUN_7100000290		d	a	0		undefined8 FUN_7100000290(long param_1)
7100000340	120	FUN_7100000340		d	a	0		undefined8 FUN_7100000340(undefined8 param_1, undefined8 param_2, long param_3)
71000003c0	184	FUN_71000003c0		d	a	0		undefined FUN_71000003c0(long param_1, ulong param_2, ulong param_3)
7100000480	88	FUN_7100000480		d	a	0		undefined FUN_7100000480(void)
71000004e0	80	FUN_71000004e0		d	a	0		undefined FUN_71000004e0(void)
7100000530	88	FUN_7100000530		d	a	0		undefined FUN_7100000530(void)
7100000590	88	FUN_7100000590		d	a	0		undefined FUN_7100000590(void)
71000005f0	80	FUN_71000005f0		d	a	0		undefined FUN_71000005f0(void)
7100000640	80	FUN_7100000640		d	a	0		undefined FUN_7100000640(void)
7100000690	88	FUN_7100000690		d	a	0		undefined FUN_7100000690(void)
71000006f0	88	FUN_71000006f0		d	a	0		undefined FUN_71000006f0(void)
7100000750	88	FUN_7100000750		d	a	0		undefined FUN_7100000750(void)
71000007b0	88	FUN_71000007b0		d	a	0		undefined FUN_71000007b0(void)
7100000810	88	FUN_7100000810		d	a	0		undefined FUN_7100000810(void)
7100000870	88	FUN_7100000870		d	a	0		undefined FUN_7100000870(void)
71000008d0	88	FUN_71000008d0		d	a	0		undefined FUN_71000008d0(void)
7100000930	88	FUN_7100000930		d	a	0		undefined FUN_7100000930(void)
7100000990	88	FUN_7100000990		d	a	0		undefined FUN_7100000990(void)
71000009f0	88	FUN_71000009f0		d	a	0		undefined FUN_71000009f0(void)
7100000a50	80	FUN_7100000a50		d	a	0		undefined FUN_7100000a50(void)
7100000aa0	80	FUN_7100000aa0		d	a	0		undefined FUN_7100000aa0(void)
7100000af0	80	FUN_7100000af0		d	a	0		undefined FUN_7100000af0(void)
7100000b40	80	FUN_7100000b40		d	a	0		undefined FUN_7100000b40(void)
7100000b90	88	FUN_7100000b90		d	a	0		undefined FUN_7100000b90(void)
7100000bf0	88	FUN_7100000bf0		d	a	0		undefined FUN_7100000bf0(void)
7100000c50	88	FUN_7100000c50		d	a	0		undefined FUN_7100000c50(void)
7100000cb0	88	FUN_7100000cb0		d	a	0		undefined FUN_7100000cb0(void)
7100000d10	88	FUN_7100000d10		d	a	0		undefined FUN_7100000d10(void)
7100000d70	88	FUN_7100000d70		d	a	0		undefined FUN_7100000d70(void)
7100000dd0	88	FUN_7100000dd0		d	a	0		undefined FUN_7100000dd0(void)
7100000e30	88	FUN_7100000e30		d	a	0		undefined FUN_7100000e30(void)
7100000e90	88	FUN_7100000e90		d	a	0		undefined FUN_7100000e90(void)
7100000ef0	88	FUN_7100000ef0		d	a	0		undefined FUN_7100000ef0(void)
7100000f50	88	FUN_7100000f50		d	a	0		undefined FUN_7100000f50(void)
7100000fb0	88	FUN_7100000fb0		d	a	0		undefined FUN_7100000fb0(void)
7100001010	88	FUN_7100001010		d	a	0		undefined FUN_7100001010(void)
7100001070	88	FUN_7100001070		d	a	0		undefined FUN_7100001070(void)
71000010d0	88	FUN_71000010d0		d	a	0		undefined FUN_71000010d0(void)
7100001130	88	FUN_7100001130		d	a	0		undefined FUN_7100001130(void)
7100001190	88	FUN_7100001190		d	a	0		undefined FUN_7100001190(void)
71000011f0	88	FUN_71000011f0		d	a	0		undefined FUN_71000011f0(void)
7100001250	88	FUN_7100001250		d	a	0		undefined FUN_7100001250(void)
71000012b0	88	FUN_71000012b0		d	a	0		undefined FUN_71000012b0(void)
7100001310	88	FUN_7100001310		d	a	0		undefined FUN_7100001310(void)
7100001370	88	FUN_7100001370		d	a	0		undefined FUN_7100001370(void)
71000013d0	88	FUN_71000013d0		d	a	0		undefined FUN_71000013d0(void)
7100001430	88	FUN_7100001430		d	a	0		undefined FUN_7100001430(void)
7100001490	88	FUN_7100001490		d	a	0		undefined FUN_7100001490(void)
71000014f0	88	FUN_71000014f0		d	a	0		undefined FUN_71000014f0(void)
7100001550	88	FUN_7100001550		d	a	0		undefined FUN_7100001550(void)
71000015b0	88	FUN_71000015b0		d	a	0		undefined FUN_71000015b0(void)
7100001610	88	FUN_7100001610		d	a	0		undefined FUN_7100001610(void)
7100001670	88	FUN_7100001670		d	a	0		undefined FUN_7100001670(void)
71000016d0	88	FUN_71000016d0		d	a	0		undefined FUN_71000016d0(void)
7100001730	88	FUN_7100001730		d	a	0		undefined FUN_7100001730(void)
7100001790	88	FUN_7100001790		d	a	0		undefined FUN_7100001790(void)
71000017f0	88	FUN_71000017f0		d	a	0		undefined FUN_71000017f0(void)
7100001850	88	FUN_7100001850		d	a	0		undefined FUN_7100001850(void)
71000018b0	88	FUN_71000018b0		d	a	0		undefined FUN_71000018b0(void)
7100001910	88	FUN_7100001910		d	a	0		undefined FUN_7100001910(void)
7100001970	88	FUN_7100001970		d	a	0		undefined FUN_7100001970(void)
71000019d0	88	FUN_71000019d0		d	a	0		undefined FUN_71000019d0(void)
7100001a30	88	FUN_7100001a30		d	a	0		undefined FUN_7100001a30(void)
7100001a90	80	FUN_7100001a90		d	a	0		undefined FUN_7100001a90(void)
7100001ae0	80	FUN_7100001ae0		d	a	0		undefined FUN_7100001ae0(void)
7100001b30	80	FUN_7100001b30		d	a	0		undefined FUN_7100001b30(void)
7100001b80	80	FUN_7100001b80		d	a	0		undefined FUN_7100001b80(void)
7100001bd0	80	FUN_7100001bd0		d	a	0		undefined FUN_7100001bd0(void)
7100001c20	80	FUN_7100001c20		d	a	0		undefined FUN_7100001c20(void)
7100001c70	80	FUN_7100001c70		d	a	0		undefined FUN_7100001c70(void)
7100001cc0	88	FUN_7100001cc0		d	a	0		undefined FUN_7100001cc0(void)
7100001d20	88	FUN_7100001d20		d	a	0		undefined FUN_7100001d20(void)
7100001d80	88	FUN_7100001d80		d	a	0		undefined FUN_7100001d80(void)
7100001de0	88	FUN_7100001de0		d	a	0		undefined FUN_7100001de0(void)
7100001e40	88	FUN_7100001e40		d	a	0		undefined FUN_7100001e40(void)
7100001ea0	88	FUN_7100001ea0		d	a	0		undefined FUN_7100001ea0(void)
7100001f00	88	FUN_7100001f00		d	a	0		undefined FUN_7100001f00(void)
7100001f60	88	FUN_7100001f60		d	a	0		undefined FUN_7100001f60(void)
7100001fc0	88	FUN_7100001fc0		d	a	0		undefined FUN_7100001fc0(void)
7100002020	88	FUN_7100002020		d	a	0		undefined FUN_7100002020(void)
7100002080	88	FUN_7100002080		d	a	0		undefined FUN_7100002080(void)
71000020e0	88	FUN_71000020e0		d	a	0		undefined FUN_71000020e0(void)
7100002140	88	FUN_7100002140		d	a	0		undefined FUN_7100002140(void)
71000021a0	80	FUN_71000021a0		d	a	0		undefined FUN_71000021a0(void)
71000021f0	88	FUN_71000021f0		d	a	0		undefined FUN_71000021f0(void)
7100002250	88	FUN_7100002250		d	a	0		undefined FUN_7100002250(void)
71000022b0	80	FUN_71000022b0		d	a	0		undefined FUN_71000022b0(void)
7100002300	80	FUN_7100002300		d	a	0		undefined FUN_7100002300(void)
7100002350	80	FUN_7100002350		d	a	0		undefined FUN_7100002350(void)
71000023a0	80	FUN_71000023a0		d	a	0		undefined FUN_71000023a0(void)
71000023f0	88	FUN_71000023f0		d	a	0		undefined FUN_71000023f0(void)
7100002450	88	FUN_7100002450		d	a	0		undefined FUN_7100002450(void)
71000024b0	88	FUN_71000024b0		d	a	0		undefined FUN_71000024b0(void)
7100002510	88	FUN_7100002510		d	a	0		undefined FUN_7100002510(void)
7100002570	88	FUN_7100002570		d	a	0		undefined FUN_7100002570(void)
71000025d0	80	FUN_71000025d0		d	a	0		undefined FUN_71000025d0(void)
7100002620	80	FUN_7100002620		d	a	0		undefined FUN_7100002620(void)
7100002670	80	FUN_7100002670		d	a	0		undefined FUN_7100002670(void)
71000026c0	80	FUN_71000026c0		d	a	0		undefined FUN_71000026c0(void)
7100002710	80	FUN_7100002710		d	a	0		undefined FUN_7100002710(void)
7100002760	80	FUN_7100002760		d	a	0		undefined FUN_7100002760(void)
71000027b0	80	FUN_71000027b0		d	a	0		undefined FUN_71000027b0(void)
7100002800	80	FUN_7100002800		d	a	0		undefined FUN_7100002800(void)
7100002850	80	FUN_7100002850		d	a	0		undefined FUN_7100002850(void)
71000028a0	80	FUN_71000028a0		d	a	0		undefined FUN_71000028a0(void)
71000028f0	80	FUN_71000028f0		d	a	0		undefined FUN_71000028f0(void)
7100002940	80	FUN_7100002940		d	a	0		undefined FUN_7100002940(void)
7100002990	80	FUN_7100002990		d	a	0		undefined FUN_7100002990(void)
71000029e0	80	FUN_71000029e0		d	a	0		undefined FUN_71000029e0(void)
7100002a30	80	FUN_7100002a30		d	a	0		undefined FUN_7100002a30(void)
7100002a80	80	FUN_7100002a80		d	a	0		undefined FUN_7100002a80(void)
7100002ad0	80	FUN_7100002ad0		d	a	0		undefined FUN_7100002ad0(void)
7100002b20	80	FUN_7100002b20		d	a	0		undefined FUN_7100002b20(void)
7100002b70	80	FUN_7100002b70		d	a	0		undefined FUN_7100002b70(void)
7100002bc0	80	FUN_7100002bc0		d	a	0		undefined FUN_7100002bc0(void)
7100002c10	80	FUN_7100002c10		d	a	0		undefined FUN_7100002c10(void)
7100002c60	80	FUN_7100002c60		d	a	0		undefined FUN_7100002c60(void)
7100002cb0	80	FUN_7100002cb0		d	a	0		undefined FUN_7100002cb0(void)
7100002d00	80	FUN_7100002d00		d	a	0		undefined FUN_7100002d00(void)
7100002d50	80	FUN_7100002d50		d	a	0		undefined FUN_7100002d50(void)
7100002da0	80	FUN_7100002da0		d	a	0		undefined FUN_7100002da0(void)
7100002df0	88	FUN_7100002df0		d	a	0		undefined FUN_7100002df0(void)
7100002e50	88	FUN_7100002e50		d	a	0		undefined FUN_7100002e50(void)
7100002eb0	88	FUN_7100002eb0		d	a	0		undefined FUN_7100002eb0(void)
7100002f10	88	FUN_7100002f10		d	a	0		undefined FUN_7100002f10(void)
7100002f70	88	FUN_7100002f70		d	a	0		undefined FUN_7100002f70(void)
7100002fd0	88	FUN_7100002fd0		d	a	0		undefined FUN_7100002fd0(void)
7100003030	88	FUN_7100003030		d	a	0		undefined FUN_7100003030(void)
7100003090	88	FUN_7100003090		d	a	0		undefined FUN_7100003090(void)
71000030f0	88	FUN_71000030f0		d	a	0		undefined FUN_71000030f0(void)
7100003150	88	FUN_7100003150		d	a	0		undefined FUN_7100003150(void)
71000031b0	88	FUN_71000031b0		d	a	0		undefined FUN_71000031b0(void)
7100003210	88	FUN_7100003210		d	a	0		undefined FUN_7100003210(void)
7100003270	88	FUN_7100003270		d	a	0		undefined FUN_7100003270(void)
71000032d0	80	FUN_71000032d0		d	a	0		undefined FUN_71000032d0(void)
7100003320	80	FUN_7100003320		d	a	0		undefined FUN_7100003320(void)
7100003370	88	FUN_7100003370		d	a	0		undefined FUN_7100003370(void)
71000033d0	80	FUN_71000033d0		d	a	0		undefined FUN_71000033d0(void)
7100003420	80	FUN_7100003420		d	a	0		undefined FUN_7100003420(void)
7100003470	80	FUN_7100003470		d	a	0		undefined FUN_7100003470(void)
71000034c0	80	FUN_71000034c0		d	a	0		undefined FUN_71000034c0(void)
7100003510	80	FUN_7100003510		d	a	0		undefined FUN_7100003510(void)
7100003560	80	FUN_7100003560		d	a	0		undefined FUN_7100003560(void)
71000035b0	36	Camera	mg0107::Camera	a	a	0		undefined Camera(Camera * this)
71000035d4	84	~Camera	mg0107::Camera	a	a	0		undefined ~Camera(Camera * this)
7100003628	36	~Camera	mg0107::Camera	a	a	0		undefined ~Camera(Camera * this)
7100003650	1724	Setup	mg0107::Camera	a	a	0		undefined Setup(Camera * this)
7100003d20	468	AddComponent<bq::ComMatter,bq::MatterType,(void*)0>	nn::bezel::Entity	a	a	0		WeakHandle AddComponent<bq::ComMatter,bq::MatterType,(void*)0>(long * param_1_00, HandlePtr * param_2, undefined4 * param_3)
7100003f00	16	FUN_7100003f00		d	a	0		undefined FUN_7100003f00(void)
7100003f10	468	AddComponent<actor::ComActorAutoInterpolation,,(void*)0>	nn::bezel::Entity	a	a	0		WeakHandle AddComponent<actor::ComActorAutoInterpolation,,(void*)0>(long * param_1, HandlePtr * param_2)
71000040ec	124	InstInit	mg0107::Camera	a	a	0		undefined InstInit(Camera * this)
7100004168	124	PlayGame	mg0107::Camera	a	a	0		undefined PlayGame(Camera * this)
71000041e4	116	PlayOpening	mg0107::Camera	a	a	0		undefined PlayOpening(Camera * this)
7100004258	172	Update	mg0107::Camera	a	a	0		undefined Update(Camera * this)
7100004304	60	Destroy	mg0107::Camera	a	a	0		undefined Destroy(Camera * this)
7100004340	132	SetLookatHeight	mg0107::Camera	a	a	0		undefined SetLookatHeight(float param_1, Camera * this)
71000043c4	12	NnDetailBezelGetTypeDesc	nn::bezel::StringViewHashPair	a	a	0		undefined * NnDetailBezelGetTypeDesc(void)
71000043d0	4	NnDetailBezelGetThisPtr	nn::bezel::StringViewHashPair	a	a	0		undefined NnDetailBezelGetThisPtr(void)
71000043d4	4	NnDetailBezelGetThisPtrConst	nn::bezel::StringViewHashPair	a	a	0		undefined NnDetailBezelGetThisPtrConst(void)
71000043d8	20	IsDerivedFrom	nn::bezel::detail::StaticTypeDesc<nn::bezel::StringViewHashPair,true>	a	a	0		bool IsDerivedFrom(undefined * param_1)
71000043ec	8	GetBaseTypeDesc	nn::bezel::detail::StaticTypeDesc<nn::bezel::StringViewHashPair,true>	a	a	0		undefined8 GetBaseTypeDesc(void)
71000043f4	8	GetNextBaseTypeDesc	nn::bezel::detail::StaticTypeDesc<nn::bezel::StringViewHashPair,true>	a	a	0		undefined8 GetNextBaseTypeDesc(void)
71000043fc	8	CastTo	nn::bezel::detail::StaticTypeDesc<nn::bezel::StringViewHashPair,true>	a	a	0		undefined8 CastTo(undefined8 param_1, undefined8 param_2)
7100004404	8	CastToConst	nn::bezel::detail::StaticTypeDesc<nn::bezel::StringViewHashPair,true>	a	a	0		undefined8 CastToConst(undefined8 param_1, undefined8 param_2)
710000440c	372	SafeCreate<bq::ComMatter,nn::bezel::HandlePtr<nn::bezel::Entity>const&,bq::MatterType>	bex::ComponentUtil	a	a	0		WeakHandle SafeCreate<bq::ComMatter,nn::bezel::HandlePtr<nn::bezel::Entity>const&,bq::MatterType>(long * param_1_00, ComponentUtil * this, undefined4 * param_3)
7100004590	32	IsDerivedFrom	nn::bezel::detail::StaticTypeDesc<bq::ComMatter,false,nn::bezel::Component>	a	a	0		bool IsDerivedFrom(undefined * param_1)
71000045b0	12	GetBaseTypeDesc	nn::bezel::detail::StaticTypeDesc<bq::ComMatter,false,nn::bezel::Component>	a	a	0		undefined * GetBaseTypeDesc(void)
71000045bc	20	GetNextBaseTypeDesc	nn::bezel::detail::StaticTypeDesc<bq::ComMatter,false,nn::bezel::Component>	a	a	0		undefined * GetNextBaseTypeDesc(long param_1)
71000045d0	8	CastTo	nn::bezel::detail::StaticTypeDesc<bq::ComMatter,false,nn::bezel::Component>	a	a	0		undefined8 CastTo(undefined8 param_1, undefined8 param_2)
71000045d8	8	CastToConst	nn::bezel::detail::StaticTypeDesc<bq::ComMatter,false,nn::bezel::Component>	a	a	0		undefined8 CastToConst(undefined8 param_1, undefined8 param_2)
71000045e0	20	IsDerivedFrom	nn::bezel::detail::StaticTypeDesc<nn::bezel::Component,false>	a	a	0		bool IsDerivedFrom(undefined * param_1)
71000045f4	8	GetBaseTypeDesc	nn::bezel::detail::StaticTypeDesc<nn::bezel::Component,false>	a	a	0		undefined8 GetBaseTypeDesc(void)
71000045fc	8	GetNextBaseTypeDesc	nn::bezel::detail::StaticTypeDesc<nn::bezel::Component,false>	a	a	0		undefined8 GetNextBaseTypeDesc(void)
7100004604	8	CastTo	nn::bezel::detail::StaticTypeDesc<nn::bezel::Component,false>	a	a	0		undefined8 CastTo(undefined8 param_1, undefined8 param_2)
710000460c	8	CastToConst	nn::bezel::detail::StaticTypeDesc<nn::bezel::Component,false>	a	a	0		undefined8 CastToConst(undefined8 param_1, undefined8 param_2)
7100004614	32	IsDerivedFrom	nn::bezel::detail::StaticTypeDesc<nn::bezel::ComCamera,false,nn::bezel::Component>	a	a	0		bool IsDerivedFrom(undefined * param_1)
7100004634	12	GetBaseTypeDesc	nn::bezel::detail::StaticTypeDesc<nn::bezel::ComCamera,false,nn::bezel::Component>	a	a	0		undefined * GetBaseTypeDesc(void)
7100004640	20	GetNextBaseTypeDesc	nn::bezel::detail::StaticTypeDesc<nn::bezel::ComCamera,false,nn::bezel::Component>	a	a	0		undefined * GetNextBaseTypeDesc(long param_1)
7100004654	8	CastTo	nn::bezel::detail::StaticTypeDesc<nn::bezel::ComCamera,false,nn::bezel::Component>	a	a	0		undefined8 CastTo(undefined8 param_1, undefined8 param_2)
710000465c	8	CastToConst	nn::bezel::detail::StaticTypeDesc<nn::bezel::ComCamera,false,nn::bezel::Component>	a	a	0		undefined8 CastToConst(undefined8 param_1, undefined8 param_2)
7100004664	32	IsDerivedFrom	nn::bezel::detail::StaticTypeDesc<actor::ComActorMotion,false,nn::bezel::Component>	a	a	0		bool IsDerivedFrom(undefined * param_1)
7100004684	12	GetBaseTypeDesc	nn::bezel::detail::StaticTypeDesc<actor::ComActorMotion,false,nn::bezel::Component>	a	a	0		undefined * GetBaseTypeDesc(void)
7100004690	20	GetNextBaseTypeDesc	nn::bezel::detail::StaticTypeDesc<actor::ComActorMotion,false,nn::bezel::Component>	a	a	0		undefined * GetNextBaseTypeDesc(long param_1)
71000046a4	8	CastTo	nn::bezel::detail::StaticTypeDesc<actor::ComActorMotion,false,nn::bezel::Component>	a	a	0		undefined8 CastTo(undefined8 param_1, undefined8 param_2)
71000046ac	8	CastToConst	nn::bezel::detail::StaticTypeDesc<actor::ComActorMotion,false,nn::bezel::Component>	a	a	0		undefined8 CastToConst(undefined8 param_1, undefined8 param_2)
71000046b4	32	IsDerivedFrom	nn::bezel::detail::StaticTypeDesc<actor::ComActorAutoInterpolation,false,nn::bezel::Component>	a	a	0		bool IsDerivedFrom(undefined * param_1)
71000046d4	12	GetBaseTypeDesc	nn::bezel::detail::StaticTypeDesc<actor::ComActorAutoInterpolation,false,nn::bezel::Component>	a	a	0		undefined * GetBaseTypeDesc(void)
71000046e0	20	GetNextBaseTypeDesc	nn::bezel::detail::StaticTypeDesc<actor::ComActorAutoInterpolation,false,nn::bezel::Component>	a	a	0		undefined * GetNextBaseTypeDesc(long param_1)
71000046f4	8	CastTo	nn::bezel::detail::StaticTypeDesc<actor::ComActorAutoInterpolation,false,nn::bezel::Component>	a	a	0		undefined8 CastTo(undefined8 param_1, undefined8 param_2)
71000046fc	8	CastToConst	nn::bezel::detail::StaticTypeDesc<actor::ComActorAutoInterpolation,false,nn::bezel::Component>	a	a	0		undefined8 CastToConst(undefined8 param_1, undefined8 param_2)
7100004704	140	ComAI	mg0107::ComAI	a	a	0		undefined ComAI(ComAI * this, undefined8 * param_1, undefined4 * param_2)
7100004790	208	~ComAI	mg0107::ComAI	a	a	0		undefined ~ComAI(ComAI * this)
7100004860	8	~ComAI	mg0107::ComAI	a	a	0		undefined ~ComAI(ComAI * this)
7100004868	36	~ComAI	mg0107::ComAI	a	a	0		undefined ~ComAI(ComAI * this)
710000488c	40	~ComAI	mg0107::ComAI	a	a	0		undefined ~ComAI(ComAI * this)
71000048b4	64	DestroyComponentImpl	mg0107::ComAI	a	a	0		undefined DestroyComponentImpl(ComAI * this)
7100004900	340	Setup	mg0107::ComAI	a	a	0	ST_PARTIAL	undefined Setup(ComAI * this, undefined8 * param_1)
7100004a54	440	OnGameMainEazy	mg0107::ComAI	a	a	0		undefined OnGameMainEazy(ComAI * this)
7100004c10	408	OnGameMainNormal	mg0107::ComAI	a	a	0		undefined OnGameMainNormal(ComAI * this)
7100004dac	408	OnGameMainHard	mg0107::ComAI	a	a	0		undefined OnGameMainHard(ComAI * this)
7100004f48	408	OnGameMainMaster	mg0107::ComAI	a	a	0		undefined OnGameMainMaster(ComAI * this)
71000050e4	472	Weak	mg0107::ComAI	a	a	0	ST_PARTIAL	undefined Weak(ComAI * this)
71000052bc	244	OnGameMain	mg0107::ComAI	a	a	0		undefined OnGameMain(ComAI * this)
71000053b4	76	OnGameEnd	mg0107::ComAI	a	a	0		undefined OnGameEnd(ComAI * this)
7100005400	180	OnReset	mg0107::ComAI	a	a	0		undefined OnReset(ComAI * this)
71000054c0	2376	Strong	mg0107::ComAI	a	a	0	ST_PARTIAL	undefined Strong(ComAI * this)
7100005e18	260	IsFrontSandwitch	mg0107::ComAI	a	a	0		bool IsFrontSandwitch(ComAI * this)
7100005f1c	692	Normal	mg0107::ComAI	a	a	0	ST_PARTIAL	undefined Normal(ComAI * this)
71000061d0	116	OnWait	mg0107::ComAI	a	a	0		undefined OnWait(ComAI * this)
7100006244	44	UpdateMoveCounter	mg0107::ComAI	a	a	0		undefined UpdateMoveCounter(ComAI * this)
7100006270	16	IsMoveCounterEnd	mg0107::ComAI	a	a	0		bool IsMoveCounterEnd(ComAI * this)
7100006280	352	StartRandomMove	mg0107::ComAI	a	a	0		undefined StartRandomMove(long param_1)
71000063e0	60	IsWallHit	mg0107::ComAI	a	a	0		bool IsWallHit(undefined8 param_1_00, undefined8 * param_2)
710000641c	940	StartTargetMove	mg0107::ComAI	a	a	0		undefined StartTargetMove(ComAI * this)
71000067c8	312	IsSadwitchOnTopToPosForMaster	mg0107::ComAI	a	a	0		bool IsSadwitchOnTopToPosForMaster(void)
7100006900	92	OnJump	mg0107::ComAI	a	a	0		undefined OnJump(ComAI * this)
710000695c	44	UpdateJumpCounter	mg0107::ComAI	a	a	0		undefined UpdateJumpCounter(ComAI * this)
7100006988	188	OnJumpEnd	mg0107::ComAI	a	a	0		undefined OnJumpEnd(ComAI * this)
7100006a44	44	UpdateCancelCounter	mg0107::ComAI	a	a	0		undefined UpdateCancelCounter(ComAI * this)
7100006a70	172	OnRandomJump	mg0107::ComAI	a	a	0		undefined OnRandomJump(long param_1)
7100006b1c	16	IsCancelCounterEnd	mg0107::ComAI	a	a	0		bool IsCancelCounterEnd(ComAI * this)
7100006b2c	56	SetCancelCounter	mg0107::ComAI	a	a	0		undefined SetCancelCounter(ComAI * this)
7100006b64	216	IsSadwitchOnTopToPosForHard	mg0107::ComAI	a	a	0		bool IsSadwitchOnTopToPosForHard(ComAI * this)
7100006c3c	12	NnDetailBezelGetTypeDesc	mg0107::ComAI	a	a	0		undefined * NnDetailBezelGetTypeDesc(void)
7100006c48	4	NnDetailBezelGetThisPtr	mg0107::ComAI	a	a	0		undefined NnDetailBezelGetThisPtr(void)
7100006c4c	4	NnDetailBezelGetThisPtrConst	mg0107::ComAI	a	a	0		undefined NnDetailBezelGetThisPtrConst(void)
7100006c50	8	_internalGetTickMessageBitFlagSetImpl	mg0107::ComAI	a	a	0		undefined8 _internalGetTickMessageBitFlagSetImpl(void)
7100006c58	20	_internalGetComponentNameHashImpl	mg0107::ComAI	a	a	0		undefined8 _internalGetComponentNameHashImpl(void)
7100006c6c	8	_internalGetReceiveMessagePriorityImpl	mg0107::ComAI	a	a	0		undefined8 _internalGetReceiveMessagePriorityImpl(void)
7100006c74	12	ReceiveMessageImpl	bq::ComponentTemplate<mg0107::ComAI,nn::bezel::Component>	a	a	0		undefined ReceiveMessageImpl(undefined4 * param_1)
7100006c80	12	NnDetailBezelGetTypeDesc	mg0107::ComAI	a	a	0		undefined * NnDetailBezelGetTypeDesc(void)
7100006c8c	8	NnDetailBezelGetThisPtr	mg0107::ComAI	a	a	0		ComAI * NnDetailBezelGetThisPtr(ComAI * this)
7100006c94	8	NnDetailBezelGetThisPtrConst	mg0107::ComAI	a	a	0		ComAI * NnDetailBezelGetThisPtrConst(ComAI * this)
7100006c9c	12	ReceiveMessageImpl	bq::ComponentTemplate<mg0107::ComAI,nn::bezel::Component>	a	a	0		undefined ReceiveMessageImpl(undefined4 * param_1)
7100006ca8	32	IsDerivedFrom	nn::bezel::detail::StaticTypeDesc<mg0107::ComAI,false,nn::bezel::Component>	a	a	0		bool IsDerivedFrom(undefined * param_1)
7100006cc8	12	GetBaseTypeDesc	nn::bezel::detail::StaticTypeDesc<mg0107::ComAI,false,nn::bezel::Component>	a	a	0		undefined * GetBaseTypeDesc(void)
7100006cd4	20	GetNextBaseTypeDesc	nn::bezel::detail::StaticTypeDesc<mg0107::ComAI,false,nn::bezel::Component>	a	a	0		undefined * GetNextBaseTypeDesc(long param_1)
7100006ce8	8	CastTo	nn::bezel::detail::StaticTypeDesc<mg0107::ComAI,false,nn::bezel::Component>	a	a	0		undefined8 CastTo(undefined8 param_1, undefined8 param_2)
7100006cf0	8	CastToConst	nn::bezel::detail::StaticTypeDesc<mg0107::ComAI,false,nn::bezel::Component>	a	a	0		undefined8 CastToConst(undefined8 param_1, undefined8 param_2)
7100006d00	360	Reset	nn::bezel::HandleSource<nn::bezel::Component>	a	a	0		undefined Reset(HandleSource<nn::bezel::Component> * this, long param_1)
7100006e68	24	FUN_7100006e68		d	a	0		undefined FUN_7100006e68(void)
7100006e80	80	FUN_7100006e80		d	a	0		undefined FUN_7100006e80(char * param_1)
7100006ed0	48	FUN_7100006ed0		d	a	0		undefined FUN_7100006ed0(logic_error * param_1, char * param_2)
7100006f00	52	FUN_7100006f00		d	a	0		bool FUN_7100006f00(void)
7100006f34	32	IsDerivedFrom	nn::bezel::detail::StaticTypeDesc<actor::ComActor,false,nn::bezel::Component>	a	a	0		bool IsDerivedFrom(undefined * param_1)
7100006f54	12	GetBaseTypeDesc	nn::bezel::detail::StaticTypeDesc<actor::ComActor,false,nn::bezel::Component>	a	a	0		undefined * GetBaseTypeDesc(void)
7100006f60	20	GetNextBaseTypeDesc	nn::bezel::detail::StaticTypeDesc<actor::ComActor,false,nn::bezel::Component>	a	a	0		undefined * GetNextBaseTypeDesc(long param_1)
7100006f74	8	CastTo	nn::bezel::detail::StaticTypeDesc<actor::ComActor,false,nn::bezel::Component>	a	a	0		undefined8 CastTo(undefined8 param_1, undefined8 param_2)
7100006f7c	8	CastToConst	nn::bezel::detail::StaticTypeDesc<actor::ComActor,false,nn::bezel::Component>	a	a	0		undefined8 CastToConst(undefined8 param_1, undefined8 param_2)
7100006f84	36	GameManager	mg0107::GameManager	a	a	0		undefined GameManager(GameManager * this)
7100006fa8	132	~GameManager	mg0107::GameManager	a	a	0		undefined ~GameManager(GameManager * this)
710000702c	308	SetupGame	mg0107::GameManager	a	a	0	ST_ANALYZED	undefined SetupGame(GameManager * this)
7100007160	156	Destroy	mg0107::GameManager	a	a	0		undefined Destroy(GameManager * this)
71000071fc	44	OnGameInstInit	mg0107::GameManager	a	a	0		undefined OnGameInstInit(GameManager * this)
7100007228	4	OnGameOpeningInit	mg0107::GameManager	a	a	0		undefined OnGameOpeningInit(void)
710000722c	8	OnGameStartBefore	mg0107::GameManager	a	a	0		undefined OnGameStartBefore(GameManager * this)
7100007234	440	OnGameOpening	mg0107::GameManager	a	a	0	ST_PARTIAL	undefined8 OnGameOpening(GameManager * this)
71000073f0	60	OnGameOpeningSkip	mg0107::GameManager	a	a	0		undefined OnGameOpeningSkip(GameManager * this)
7100007430	8	OnGameStart	mg0107::GameManager	a	a	0		undefined OnGameStart(GameManager * this)
7100007438	40	OnGameStartAfter	mg0107::GameManager	a	a	0		undefined OnGameStartAfter(GameManager * this)
7100007460	128	OnGameMain	mg0107::GameManager	a	a	0	ST_ANALYZED	undefined8 OnGameMain(GameManager * this)
71000074e4	384	AddSandwitch	mg0107::GameManager	a	a	0	ST_ANALYZED	undefined AddSandwitch(GameManager * this)
7100007664	108	IsGameMainEnd	mg0107::GameManager	a	a	0		uint IsGameMainEnd(GameManager * this)
71000076d4	604	OnGameEnd	mg0107::GameManager	a	a	0	ST_PARTIAL	undefined OnGameEnd(GameManager * this)
7100007930	12	OnGameFinish	mg0107::GameManager	a	a	0		undefined OnGameFinish(GameManager * this)
710000793c	56	OnGameEndingBefore	mg0107::GameManager	a	a	0		undefined OnGameEndingBefore(GameManager * this)
7100007974	4	OnGameEnding	mg0107::GameManager	a	a	0		undefined OnGameEnding(void)
7100007978	8	IsGameEndingEnd	mg0107::GameManager	a	a	0		undefined8 IsGameEndingEnd(void)
7100007980	412	GetAddSandCount	mg0107::GameManager	a	a	0	ST_ANALYZED	undefined8 GetAddSandCount(GameManager * this)
7100007b20	504	GetCurrentPhase	mg0107::GameManager	a	a	0	ST_ANALYZED	undefined4 GetCurrentPhase(GameManager * this)
7100007d1c	28	GetFieldEntity	mg0107::GameManager	a	a	0		undefined GetFieldEntity(undefined8 * param_1, long * param_2)
7100007d38	32	GetPlayerEntity	mg0107::GameManager	a	a	0		undefined GetPlayerEntity(undefined8 * param_1, long param_2, uint param_3)
7100007d58	24	FUN_7100007d58		d	a	0		undefined FUN_7100007d58(void)
7100007d70	80	FUN_7100007d70		d	a	0		undefined FUN_7100007d70(char * param_1)
7100007dc0	48	FUN_7100007dc0		d	a	0		undefined FUN_7100007dc0(logic_error * param_1, char * param_2)
7100007df0	28	GameObjectManager	mg0107::GameObjectManager	a	a	0		undefined GameObjectManager(GameObjectManager * this)
7100007e0c	124	~GameObjectManager	mg0107::GameObjectManager	a	a	0		undefined ~GameObjectManager(GameObjectManager * this)
7100007e88	36	~GameObjectManager	mg0107::GameObjectManager	a	a	0		undefined ~GameObjectManager(GameObjectManager * this)
7100007eac	236	Setup	mg0107::GameObjectManager	a	a	0		undefined Setup(GameObjectManager * this)
7100007fa0	3028	Setup	mg0107::Field	a	a	0		undefined Setup(Field * this)
7100008b90	380	StartEnvStartWait	mg0107::Field	a	a	0		undefined StartEnvStartWait(Field * this)
7100008d14	40	OnGameInstInit	mg0107::GameObjectManager	a	a	0		undefined OnGameInstInit(GameObjectManager * this)
7100008d3c	64	OnGameStartBefore	mg0107::GameObjectManager	a	a	0		undefined OnGameStartBefore(GameObjectManager * this)
7100008d7c	80	OnOpeningStart	mg0107::GameObjectManager	a	a	0		undefined OnOpeningStart(GameObjectManager * this)
7100008dcc	40	OnOpeningStartMoveCamera	mg0107::GameObjectManager	a	a	0		undefined OnOpeningStartMoveCamera(GameObjectManager * this)
7100008e00	380	StartEnvStartMove	mg0107::Field	a	a	0		undefined StartEnvStartMove(Field * this)
7100008f84	8	OnOpening	mg0107::GameObjectManager	a	a	0		undefined OnOpening(GameObjectManager * this)
7100008f8c	80	OnSkipOpening	mg0107::GameObjectManager	a	a	0		undefined OnSkipOpening(GameObjectManager * this)
7100008fdc	184	Update	mg0107::GameObjectManager	a	a	0	ST_PARTIAL	undefined Update(GameObjectManager * this)
7100009094	4	Update	mg0107::Field	a	a	0		undefined Update(void)
7100009098	8	GameMainEnd	mg0107::GameObjectManager	a	a	0		undefined GameMainEnd(GameObjectManager * this)
71000090a0	236	Destroy	mg0107::GameObjectManager	a	a	0		undefined Destroy(GameObjectManager * this)
710000918c	100	Destroy	mg0107::Field	a	a	0		undefined Destroy(Field * this)
71000091f0	168	AddSandwitch	mg0107::GameObjectManager	a	a	0	ST_ANALYZED	undefined AddSandwitch(GameObjectManager * this, int param_1, float * param_2)
71000092a0	108	InvisibleSandwitch	mg0107::GameObjectManager	a	a	0		undefined InvisibleSandwitch(GameObjectManager * this)
710000930c	8	SandwitchDisableAll	mg0107::GameObjectManager	a	a	0		undefined SandwitchDisableAll(GameObjectManager * this)
7100009314	28	GetOpSandwitchEntity	mg0107::GameObjectManager	a	a	0		undefined GetOpSandwitchEntity(undefined8 * param_1, long param_2)
7100009330	28	Field	mg0107::Field	a	a	0		undefined Field(Field * this)
710000934c	4	~Field	mg0107::Field	a	a	0		undefined ~Field(void)
7100009350	36	~Field	mg0107::Field	a	a	0		undefined ~Field(Field * this)
7100009380	468	AddComponent<bq::ComMatter,char_const(&)[34],(void*)0>	nn::bezel::Entity	a	a	0		WeakHandle AddComponent<bq::ComMatter,char_const(&)[34],(void*)0>(long * param_1_00, HandlePtr * param_2, char * param_3)
7100009560	468	AddComponent<bq::ComMatter,char_const(&)[32],(void*)0>	nn::bezel::Entity	a	a	0		WeakHandle AddComponent<bq::ComMatter,char_const(&)[32],(void*)0>(long * param_1_00, HandlePtr * param_2, char * param_3)
7100009740	468	AddComponent<bq::ComMatter,char_const(&)[30],(void*)0>	nn::bezel::Entity	a	a	0		WeakHandle AddComponent<bq::ComMatter,char_const(&)[30],(void*)0>(long * param_1_00, HandlePtr * param_2, char * param_3)
7100009920	468	AddComponent<bq::ComMatter,char_const(&)[36],(void*)0>	nn::bezel::Entity	a	a	0		WeakHandle AddComponent<bq::ComMatter,char_const(&)[36],(void*)0>(long * param_1_00, HandlePtr * param_2, char * param_3)
7100009b00	468	AddComponent<bq::ComMatter,char_const(&)[37],(void*)0>	nn::bezel::Entity	a	a	0		WeakHandle AddComponent<bq::ComMatter,char_const(&)[37],(void*)0>(long * param_1_00, HandlePtr * param_2, char * param_3)
7100009ce0	468	AddComponent<bq::ComMatter,char_const*&,(void*)0>	nn::bezel::Entity	a	a	0		WeakHandle AddComponent<bq::ComMatter,char_const*&,(void*)0>(long * param_1_00, HandlePtr * param_2, undefined8 * param_3)
7100009ebc	248	UpdateWallPosition	mg0107::Field	a	a	0		undefined UpdateWallPosition(undefined8 param_1, long param_2)
7100009fb4	420	GetTopWall	mg0107::Field	a	a	0		undefined GetTopWall(undefined8 * param_1, long param_2)
710000a158	420	GetLowWall	mg0107::Field	a	a	0		undefined GetLowWall(undefined8 * param_1, long param_2)
710000a2fc	1428	GetMiddleWall	mg0107::Field	a	a	0		undefined GetMiddleWall(undefined8 * param_1, long param_2)
710000a890	704	ResultEnvStartAnim	mg0107::Field	a	a	0		undefined ResultEnvStartAnim(Field * this)
710000ab60	284	OnVisibleResultSadnwitch	mg0107::Field	a	a	0		undefined OnVisibleResultSadnwitch(Field * this)
710000ac84	384	SafeCreate<bq::ComMatter,nn::bezel::HandlePtr<nn::bezel::Entity>const&,char_const(&)[34]>	bex::ComponentUtil	a	a	0		WeakHandle SafeCreate<bq::ComMatter,nn::bezel::HandlePtr<nn::bezel::Entity>const&,char_const(&)[34]>(long * param_1_00, ComponentUtil * this, char * param_3)
710000ae14	384	SafeCreate<bq::ComMatter,nn::bezel::HandlePtr<nn::bezel::Entity>const&,char_const(&)[32]>	bex::ComponentUtil	a	a	0		WeakHandle SafeCreate<bq::ComMatter,nn::bezel::HandlePtr<nn::bezel::Entity>const&,char_const(&)[32]>(long * param_1_00, ComponentUtil * this, char * param_3)
710000afa4	384	SafeCreate<bq::ComMatter,nn::bezel::HandlePtr<nn::bezel::Entity>const&,char_const(&)[30]>	bex::ComponentUtil	a	a	0		WeakHandle SafeCreate<bq::ComMatter,nn::bezel::HandlePtr<nn::bezel::Entity>const&,char_const(&)[30]>(long * param_1_00, ComponentUtil * this, char * param_3)
710000b134	384	SafeCreate<bq::ComMatter,nn::bezel::HandlePtr<nn::bezel::Entity>const&,char_const(&)[36]>	bex::ComponentUtil	a	a	0		WeakHandle SafeCreate<bq::ComMatter,nn::bezel::HandlePtr<nn::bezel::Entity>const&,char_const(&)[36]>(long * param_1_00, ComponentUtil * this, char * param_3)
710000b2c4	384	SafeCreate<bq::ComMatter,nn::bezel::HandlePtr<nn::bezel::Entity>const&,char_const(&)[37]>	bex::ComponentUtil	a	a	0		WeakHandle SafeCreate<bq::ComMatter,nn::bezel::HandlePtr<nn::bezel::Entity>const&,char_const(&)[37]>(long * param_1_00, ComponentUtil * this, char * param_3)
710000b454	388	SafeCreate<bq::ComMatter,nn::bezel::HandlePtr<nn::bezel::Entity>const&,char_const*&>	bex::ComponentUtil	a	a	0		WeakHandle SafeCreate<bq::ComMatter,nn::bezel::HandlePtr<nn::bezel::Entity>const&,char_const*&>(long * param_1_00, ComponentUtil * this, undefined8 * param_3)
710000b5e8	32	IsDerivedFrom	nn::bezel::detail::StaticTypeDesc<nn::bezel::ComModel,false,nn::bezel::Component>	a	a	0		bool IsDerivedFrom(undefined * param_1)
710000b608	12	GetBaseTypeDesc	nn::bezel::detail::StaticTypeDesc<nn::bezel::ComModel,false,nn::bezel::Component>	a	a	0		undefined * GetBaseTypeDesc(void)
710000b614	20	GetNextBaseTypeDesc	nn::bezel::detail::StaticTypeDesc<nn::bezel::ComModel,false,nn::bezel::Component>	a	a	0		undefined * GetNextBaseTypeDesc(long param_1)
710000b628	8	CastTo	nn::bezel::detail::StaticTypeDesc<nn::bezel::ComModel,false,nn::bezel::Component>	a	a	0		undefined8 CastTo(undefined8 param_1, undefined8 param_2)
710000b630	8	CastToConst	nn::bezel::detail::StaticTypeDesc<nn::bezel::ComModel,false,nn::bezel::Component>	a	a	0		undefined8 CastToConst(undefined8 param_1, undefined8 param_2)
710000b638	4	Mg0107_Param	mg0107::Mg0107_Param	a	a	0		undefined Mg0107_Param(void)
710000b63c	4	~Mg0107_Param	mg0107::Mg0107_Param	a	a	0		undefined ~Mg0107_Param(void)
710000b640	580	Setup	mg0107::Mg0107_Param	a	a	0	ST_PARTIAL	undefined Setup(Mg0107_Param * this)
710000b890	704	Load	mg0107::Mg0107_Param	a	a	0		undefined Load(Mg0107_Param * this)
710000bb50	112	ComPlayer	mg0107::ComPlayer	a	a	0		undefined ComPlayer(ComPlayer * this, undefined8 * param_1, undefined4 * param_2)
710000bbc0	208	~ComPlayer	mg0107::ComPlayer	a	a	0		undefined ~ComPlayer(ComPlayer * this)
710000bc90	8	~ComPlayer	mg0107::ComPlayer	a	a	0		undefined ~ComPlayer(ComPlayer * this)
710000bc98	36	~ComPlayer	mg0107::ComPlayer	a	a	0		undefined ~ComPlayer(ComPlayer * this)
710000bcbc	40	~ComPlayer	mg0107::ComPlayer	a	a	0		undefined ~ComPlayer(ComPlayer * this)
710000bcf0	1548	DamageCheck	mg0107::ComPlayer	a	a	0	ST_PARTIAL	undefined DamageCheck(ComPlayer * this)
710000c32c	64	DestroyComponentImpl	mg0107::ComPlayer	a	a	0		undefined DestroyComponentImpl(ComPlayer * this)
710000c36c	64	Player	mg0107::Player	a	a	0		undefined Player(Player * this)
710000c3ac	4	~Player	mg0107::Player	a	a	0		undefined ~Player(void)
710000c3b0	36	~Player	mg0107::Player	a	a	0		undefined ~Player(Player * this)
710000c3e0	2844	Setup	mg0107::Player	a	a	0	ST_PARTIAL	undefined Setup(Player * this, int * param_1, undefined4 * param_2)
710000cf10	288	to_string<int>	bex	a	a	0		basic_string to_string<int>(long * param_1_00, int param_2)
710000d080	468	AddComponent<bq::ComMatter,bex::PlayerID_const&,bq::MatterType,(void*)0>	nn::bezel::Entity	a	a	0		WeakHandle AddComponent<bq::ComMatter,bex::PlayerID_const&,bq::MatterType,(void*)0>(long * param_1_00, HandlePtr * param_2, undefined4 * param_3, undefined4 * param_4)
710000d260	468	AddComponent<mg0107::ComPlayer,bex::PlayerID_const&,(void*)0>	nn::bezel::Entity	a	a	0		WeakHandle AddComponent<mg0107::ComPlayer,bex::PlayerID_const&,(void*)0>(long * param_1_00, HandlePtr * param_2, undefined4 * param_3)
710000d43c	220	SetupPosition	mg0107::Player	a	a	0		undefined SetupPosition(long param_1)
710000d518	560	SetupRotation	mg0107::Player	a	a	0		undefined SetupRotation(long param_1)
710000d750	468	AddComponent<mg0107::ComAI,bex::PlayerID&,(void*)0>	nn::bezel::Entity	a	a	0		WeakHandle AddComponent<mg0107::ComAI,bex::PlayerID&,(void*)0>(long * param_1_00, HandlePtr * param_2, undefined4 * param_3)
710000d92c	28	Destroy	mg0107::Player	a	a	0		undefined Destroy(Player * this)
710000d948	60	SetPosition	mg0107::Player	a	a	0		undefined SetPosition(long param_1)
710000d984	412	SetRotation	mg0107::Player	a	a	0		undefined SetRotation(long param_1)
710000db20	60	IsDead	mg0107::Player	a	a	0		undefined1 IsDead(Player * this)
710000db60	504	Start	mg0107::Player	a	a	0		undefined Start(Player * this)
710000dd60	248	ClampArea	mg0107::Player	a	a	0		undefined ClampArea(Player * this)
710000de58	100	StartOpSurprise	mg0107::Player	a	a	0		undefined StartOpSurprise(Player * this)
710000debc	72	StartActionIdle	mg0107::Player	a	a	0		undefined StartActionIdle(Player * this)
710000df04	572	OnGameMain	mg0107::Player	a	a	0	ST_PARTIAL	undefined OnGameMain(Player * this, ulong param_1)
710000e140	80	OnGameEnd	mg0107::Player	a	a	0		undefined OnGameEnd(Player * this)
710000e190	64	SetPlayerControlFlag	mg0107::Player	a	a	0		undefined SetPlayerControlFlag(long param_1)
710000e1d0	64	SetGravityFlag	mg0107::Player	a	a	0		undefined SetGravityFlag(Player * this, byte param_1)
710000e210	404	SetLookAtEntity	mg0107::Player	a	a	0		undefined SetLookAtEntity(long param_1)
710000e3b0	324	DisableLookAtHead	mg0107::Player	a	a	0		undefined DisableLookAtHead(Player * this)
710000e4fc	64	PlayerManager	mg0107::PlayerManager	a	a	0		undefined PlayerManager(PlayerManager * this)
710000e53c	608	Setup	mg0107::PlayerManager	a	a	0		undefined Setup(PlayerManager * this)
710000e79c	280	StartOpSurprise	mg0107::PlayerManager	a	a	0		undefined StartOpSurprise(PlayerManager * this)
710000e8b4	252	StartActionIdle	mg0107::PlayerManager	a	a	0		undefined StartActionIdle(PlayerManager * this)
710000e9b0	56	Start	mg0107::PlayerManager	a	a	0		undefined Start(PlayerManager * this)
710000e9e8	108	Update	mg0107::PlayerManager	a	a	0		undefined Update(PlayerManager * this, ulong param_1)
710000ea54	960	UpdateSetRank	mg0107::PlayerManager	a	a	0		undefined UpdateSetRank(PlayerManager * this)
710000ee18	512	OnGameEnd	mg0107::PlayerManager	a	a	0		undefined OnGameEnd(PlayerManager * this)
710000f018	244	Destroy	mg0107::PlayerManager	a	a	0		undefined Destroy(PlayerManager * this)
710000f10c	228	GetActivePlayerCounts	mg0107::PlayerManager	a	a	0		char GetActivePlayerCounts(PlayerManager * this)
710000f1f0	236	GetLastActivePlayerID	mg0107::PlayerManager	a	a	0		undefined GetLastActivePlayerID(undefined4 * param_1, long param_2)
710000f2dc	224	SetAllPlayerControlFlag	mg0107::PlayerManager	a	a	0		undefined SetAllPlayerControlFlag(long param_1)
710000f3bc	200	SetAllPlayerGravityFlag	mg0107::PlayerManager	a	a	0		undefined SetAllPlayerGravityFlag(PlayerManager * this, byte param_1)
710000f484	4	OnResult	mg0107::PlayerManager	a	a	0		undefined OnResult(void)
710000f488	152	SetOPSandLookat	mg0107::PlayerManager	a	a	0		undefined SetOPSandLookat(PlayerManager * this)
710000f520	56	ResetOPSandLookat	mg0107::PlayerManager	a	a	0		undefined ResetOPSandLookat(PlayerManager * this)
710000f558	68	IsDead	mg0107::PlayerManager	a	a	0		undefined1 IsDead(PlayerManager * this, uint param_1)
710000f59c	12	NnDetailBezelGetTypeDesc	mg0107::ComPlayer	a	a	0		undefined * NnDetailBezelGetTypeDesc(void)
710000f5a8	4	NnDetailBezelGetThisPtr	mg0107::ComPlayer	a	a	0		undefined NnDetailBezelGetThisPtr(void)
710000f5ac	4	NnDetailBezelGetThisPtrConst	mg0107::ComPlayer	a	a	0		undefined NnDetailBezelGetThisPtrConst(void)
710000f5b0	8	_internalGetTickMessageBitFlagSetImpl	mg0107::ComPlayer	a	a	0		undefined8 _internalGetTickMessageBitFlagSetImpl(void)
710000f5b8	20	_internalGetComponentNameHashImpl	mg0107::ComPlayer	a	a	0		undefined8 _internalGetComponentNameHashImpl(void)
710000f5cc	8	_internalGetReceiveMessagePriorityImpl	mg0107::ComPlayer	a	a	0		undefined8 _internalGetReceiveMessagePriorityImpl(void)
710000f5d4	12	ReceiveMessageImpl	bq::ComponentTemplate<mg0107::ComPlayer,nn::bezel::Component>	a	a	0		undefined ReceiveMessageImpl(undefined4 * param_1)
710000f5e0	12	NnDetailBezelGetTypeDesc	mg0107::ComPlayer	a	a	0		undefined * NnDetailBezelGetTypeDesc(void)
710000f5ec	8	NnDetailBezelGetThisPtr	mg0107::ComPlayer	a	a	0		ComPlayer * NnDetailBezelGetThisPtr(ComPlayer * this)
710000f5f4	8	NnDetailBezelGetThisPtrConst	mg0107::ComPlayer	a	a	0		ComPlayer * NnDetailBezelGetThisPtrConst(ComPlayer * this)
710000f5fc	12	ReceiveMessageImpl	bq::ComponentTemplate<mg0107::ComPlayer,nn::bezel::Component>	a	a	0		undefined ReceiveMessageImpl(undefined4 * param_1)
710000f608	152	~PlayerManager	mg0107::PlayerManager	a	a	0		undefined ~PlayerManager(PlayerManager * this)
710000f6a0	156	~PlayerManager	mg0107::PlayerManager	a	a	0		undefined ~PlayerManager(PlayerManager * this)
710000f73c	32	IsDerivedFrom	nn::bezel::detail::StaticTypeDesc<mg0107::ComPlayer,false,nn::bezel::Component>	a	a	0		bool IsDerivedFrom(undefined * param_1)
710000f75c	12	GetBaseTypeDesc	nn::bezel::detail::StaticTypeDesc<mg0107::ComPlayer,false,nn::bezel::Component>	a	a	0		undefined * GetBaseTypeDesc(void)
710000f768	20	GetNextBaseTypeDesc	nn::bezel::detail::StaticTypeDesc<mg0107::ComPlayer,false,nn::bezel::Component>	a	a	0		undefined * GetNextBaseTypeDesc(long param_1)
710000f77c	8	CastTo	nn::bezel::detail::StaticTypeDesc<mg0107::ComPlayer,false,nn::bezel::Component>	a	a	0		undefined8 CastTo(undefined8 param_1, undefined8 param_2)
710000f784	8	CastToConst	nn::bezel::detail::StaticTypeDesc<mg0107::ComPlayer,false,nn::bezel::Component>	a	a	0		undefined8 CastToConst(undefined8 param_1, undefined8 param_2)
710000f78c	20	FUN_710000f78c		d	a	0		bool FUN_710000f78c(void)
710000f7a0	32	IsDerivedFrom	nn::bezel::detail::StaticTypeDesc<actor::ComActorPad,false,nn::bezel::Component>	a	a	0		bool IsDerivedFrom(undefined * param_1)
710000f7c0	12	GetBaseTypeDesc	nn::bezel::detail::StaticTypeDesc<actor::ComActorPad,false,nn::bezel::Component>	a	a	0		undefined * GetBaseTypeDesc(void)
710000f7cc	20	GetNextBaseTypeDesc	nn::bezel::detail::StaticTypeDesc<actor::ComActorPad,false,nn::bezel::Component>	a	a	0		undefined * GetNextBaseTypeDesc(long param_1)
710000f7e0	8	CastTo	nn::bezel::detail::StaticTypeDesc<actor::ComActorPad,false,nn::bezel::Component>	a	a	0		undefined8 CastTo(undefined8 param_1, undefined8 param_2)
710000f7e8	8	CastToConst	nn::bezel::detail::StaticTypeDesc<actor::ComActorPad,false,nn::bezel::Component>	a	a	0		undefined8 CastToConst(undefined8 param_1, undefined8 param_2)
710000f7f0	32	IsDerivedFrom	nn::bezel::detail::StaticTypeDesc<actor::ComActorCollision,false,nn::bezel::Component>	a	a	0		bool IsDerivedFrom(undefined * param_1)
710000f810	12	GetBaseTypeDesc	nn::bezel::detail::StaticTypeDesc<actor::ComActorCollision,false,nn::bezel::Component>	a	a	0		undefined * GetBaseTypeDesc(void)
710000f81c	20	GetNextBaseTypeDesc	nn::bezel::detail::StaticTypeDesc<actor::ComActorCollision,false,nn::bezel::Component>	a	a	0		undefined * GetNextBaseTypeDesc(long param_1)
710000f830	8	CastTo	nn::bezel::detail::StaticTypeDesc<actor::ComActorCollision,false,nn::bezel::Component>	a	a	0		undefined8 CastTo(undefined8 param_1, undefined8 param_2)
710000f838	8	CastToConst	nn::bezel::detail::StaticTypeDesc<actor::ComActorCollision,false,nn::bezel::Component>	a	a	0		undefined8 CastToConst(undefined8 param_1, undefined8 param_2)
710000f840	132	~basic_ostringstream	std::basic_ostringstream<char,std::char_traits<char>,bex::HeapModule::Allocator_string<char>>	a	a	0		undefined ~basic_ostringstream(basic_ostringstream<char,std::char_traits<char>,bex::HeapModule::Allocator_string<char>> * this)
710000f8c4	140	~basic_ostringstream	std::basic_ostringstream<char,std::char_traits<char>,bex::HeapModule::Allocator_string<char>>	a	a	0		undefined ~basic_ostringstream(basic_ostringstream<char,std::char_traits<char>,bex::HeapModule::Allocator_string<char>> * this)
710000f950	140	~basic_ostringstream	std::basic_ostringstream<char,std::char_traits<char>,bex::HeapModule::Allocator_string<char>>	a	a	0		undefined ~basic_ostringstream(basic_ostringstream<char,std::char_traits<char>,bex::HeapModule::Allocator_string<char>> * this)
710000f9dc	148	~basic_ostringstream	std::basic_ostringstream<char,std::char_traits<char>,bex::HeapModule::Allocator_string<char>>	a	a	0		undefined ~basic_ostringstream(basic_ostringstream<char,std::char_traits<char>,bex::HeapModule::Allocator_string<char>> * this)
710000fa70	64	~basic_stringbuf	std::basic_stringbuf<char,std::char_traits<char>,bex::HeapModule::Allocator_string<char>>	a	a	0		undefined ~basic_stringbuf(basic_stringbuf<char,std::char_traits<char>,bex::HeapModule::Allocator_string<char>> * this)
710000fab0	72	~basic_stringbuf	std::basic_stringbuf<char,std::char_traits<char>,bex::HeapModule::Allocator_string<char>>	a	a	0		undefined ~basic_stringbuf(basic_stringbuf<char,std::char_traits<char>,bex::HeapModule::Allocator_string<char>> * this)
710000faf8	280	seekoff	std::basic_stringbuf<char,std::char_traits<char>,bex::HeapModule::Allocator_string<char>>	a	a	0		undefined1[16] seekoff(basic_stringbuf<char,std::char_traits<char>,bex::HeapModule::Allocator_string<char>> * this, long param_1, int param_2, uint param_3)
710000fc24	80	underflow	std::basic_stringbuf<char,std::char_traits<char>,bex::HeapModule::Allocator_string<char>>	a	a	0		ulong underflow(basic_stringbuf<char,std::char_traits<char>,bex::HeapModule::Allocator_string<char>> * this)
710000fc74	108	pbackfail	std::basic_stringbuf<char,std::char_traits<char>,bex::HeapModule::Allocator_string<char>>	a	a	0		uint pbackfail(basic_stringbuf<char,std::char_traits<char>,bex::HeapModule::Allocator_string<char>> * this, uint param_1)
710000fce0	472	overflow	std::basic_stringbuf<char,std::char_traits<char>,bex::HeapModule::Allocator_string<char>>	a	a	0		ulong overflow(basic_stringbuf<char,std::char_traits<char>,bex::HeapModule::Allocator_string<char>> * this, uint param_1)
710000fec4	308	push_back	std::basic_string<char,std::char_traits<char>,bex::HeapModule::Allocator_string<char>>	a	a	0		undefined push_back(basic_string<char,std::char_traits<char>,bex::HeapModule::Allocator_string<char>> * this, basic_string<char,std::char_traits<char>,bex::HeapModule::Allocator_string<char>> param_2)
710000fff8	404	append	std::basic_string<char,std::char_traits<char>,bex::HeapModule::Allocator_string<char>>	a	a	0		basic_string<char,std::char_traits<char>,bex::HeapModule::Allocator_string<char>> * append(basic_string<char,std::char_traits<char>,bex::HeapModule::Allocator_string<char>> * this, ulong param_1, int param_2)
7100010190	580	str	std::basic_stringbuf<char,std::char_traits<char>,bex::HeapModule::Allocator_string<char>>	a	a	0		undefined str(long * param_1, long param_2)
71000103d4	408	append	std::basic_string<char,std::char_traits<char>,bex::HeapModule::Allocator_string<char>>	a	a	0		basic_string<char,std::char_traits<char>,bex::HeapModule::Allocator_string<char>> * append(basic_string<char,std::char_traits<char>,bex::HeapModule::Allocator_string<char>> * this, void * param_1, ulong param_2)
710001056c	384	SafeCreate<bq::ComMatter,nn::bezel::HandlePtr<nn::bezel::Entity>const&,bex::PlayerID_const&,bq::MatterType>	bex::ComponentUtil	a	a	0		WeakHandle SafeCreate<bq::ComMatter,nn::bezel::HandlePtr<nn::bezel::Entity>const&,bex::PlayerID_const&,bq::MatterType>(long * param_1_00, ComponentUtil * this, undefined4 * param_3, undefined4 * param_4)
71000106fc	376	SafeCreate<mg0107::ComPlayer,nn::bezel::HandlePtr<nn::bezel::Entity>const&,bex::PlayerID_const&>	bex::ComponentUtil	a	a	0		WeakHandle SafeCreate<mg0107::ComPlayer,nn::bezel::HandlePtr<nn::bezel::Entity>const&,bex::PlayerID_const&>(long * param_1_00, ComponentUtil * this, undefined4 * param_3)
710001088c	36	FUN_710001088c		d	a	0		undefined FUN_710001088c(void)
71000108c0	4	FUN_71000108c0		d	a	0		undefined FUN_71000108c0(void)
71000108c4	4	operator.delete	<EXTERNAL>	d	a	1		void operator.delete(void * param_1)
710001094c	376	SafeCreate<mg0107::ComAI,nn::bezel::HandlePtr<nn::bezel::Entity>const&,bex::PlayerID&>	bex::ComponentUtil	a	a	0		WeakHandle SafeCreate<mg0107::ComAI,nn::bezel::HandlePtr<nn::bezel::Entity>const&,bex::PlayerID&>(long * param_1_00, ComponentUtil * this, undefined4 * param_3)
7100010ad4	72	RankManager	mg0107::RankManager	a	a	0		undefined RankManager(RankManager * this)
7100010b1c	196	~RankManager	mg0107::RankManager	a	a	0		undefined ~RankManager(RankManager * this)
7100010be0	36	~RankManager	mg0107::RankManager	a	a	0		undefined ~RankManager(RankManager * this)
7100010c04	664	Setup	mg0107::RankManager	a	a	0		undefined Setup(RankManager * this)
7100010ea0	256	AddDeadTime	mg0107::RankManager	a	a	0	ST_ANALYZED	undefined AddDeadTime(float param_1, RankManager * this, int * param_3)
7100010fa4	800	SetupResult	mg0107::RankManager	a	a	0	ST_ANALYZED	undefined4 SetupResult(RankManager * this)
71000112c4	792	SetupResultForEndress	mg0107::RankManager	a	a	0		undefined4 SetupResultForEndress(RankManager * this)
71000115dc	84	GetRank	mg0107::RankManager	a	a	0		int GetRank(RankManager * this, int * param_1)
7100011630	720	GetDeadAfterRank	mg0107::RankManager	a	a	0		int GetDeadAfterRank(RankManager * this, int * param_1)
7100011900	720	GetDeadAfterRankForEndress	mg0107::RankManager	a	a	0		int GetDeadAfterRankForEndress(RankManager * this, int * param_1)
7100011bd0	64	SandwitchManager	mg0107::SandwitchManager	a	a	0		undefined SandwitchManager(SandwitchManager * this)
7100011c10	112	~SandwitchManager	mg0107::SandwitchManager	a	a	0		undefined ~SandwitchManager(SandwitchManager * this)
7100011c88	324	~array	std::array<std::unique_ptr<mg0107::SandwitchFieldUnit,std::default_delete<mg0107::SandwitchFieldUnit>>,18ul>	a	a	0		undefined ~array(array<std::unique_ptr<mg0107::SandwitchFieldUnit,std::default_delete<mg0107::SandwitchFieldUnit>>,18ul> * this)
7100011dcc	36	~SandwitchManager	mg0107::SandwitchManager	a	a	0		undefined ~SandwitchManager(SandwitchManager * this)
7100011df0	316	Setup	mg0107::SandwitchManager	a	a	0	ST_ANALYZED	undefined Setup(SandwitchManager * this)
7100011f40	900	Setup	mg0107::SandwitchObject	a	a	0	ST_PARTIAL	undefined Setup(SandwitchObject * this, uint param_1)
71000122d0	436	Update	mg0107::SandwitchManager	a	a	0	ST_ANALYZED	undefined Update(SandwitchManager * this)
7100012494	208	Update	mg0107::SandwitchObject	a	a	0		undefined Update(SandwitchObject * this)
7100012564	32	IsMoving	mg0107::SandwitchObject	a	a	0		byte IsMoving(SandwitchObject * this)
7100012590	364	Destroy	mg0107::SandwitchManager	a	a	0		undefined Destroy(SandwitchManager * this)
7100012704	36	GetFieldPosition	mg0107::SandwitchManager	a	a	0		undefined GetFieldPosition(void)
7100012728	16	GetUnit	mg0107::SandwitchManager	a	a	0		undefined8 GetUnit(SandwitchManager * this, uint * param_1)
7100012738	196	AddSandwitchOnFieldForOpening	mg0107::SandwitchManager	a	a	0		undefined AddSandwitchOnFieldForOpening(SandwitchManager * this)
71000127fc	836	StartFall	mg0107::SandwitchObject	a	a	0	ST_PARTIAL	undefined StartFall(SandwitchObject * this, long * param_1, float * param_2, undefined4 * param_3, char * param_4)
7100012b40	224	SkipOpeningSandwitchMove	mg0107::SandwitchManager	a	a	0		undefined SkipOpeningSandwitchMove(SandwitchManager * this)
7100012c20	476	SkipFall	mg0107::SandwitchObject	a	a	0		undefined SkipFall(SandwitchObject * this)
7100012e04	264	GetLowestUnitHeight	mg0107::SandwitchManager	a	a	0		float GetLowestUnitHeight(SandwitchManager * this)
7100012f0c	20	GetUnitHeight	mg0107::SandwitchManager	a	a	0		undefined4 GetUnitHeight(SandwitchManager * this, uint * param_2)
7100012f20	256	GetHighestUnitHeight	mg0107::SandwitchManager	a	a	0		float GetHighestUnitHeight(SandwitchManager * this)
7100013020	48	GetUnitHeight	mg0107::SandwitchManager	a	a	0		undefined4 GetUnitHeight(SandwitchManager * this, undefined1[16] * param_2)
7100013050	1136	GetUnitNumFromPos	mg0107::SandwitchManager	a	a	0		undefined8 GetUnitNumFromPos(undefined1[16] param_1)
71000134c0	684	GetLowestUnitNum	mg0107::SandwitchManager	a	a	0		undefined4 GetLowestUnitNum(SandwitchManager * this)
7100013780	1124	GetRandomUnitNum	mg0107::SandwitchManager	a	a	0	ST_ANALYZED	int GetRandomUnitNum(SandwitchManager * this)
7100013bf0	104	IsSandwitchOnTop	mg0107::SandwitchManager	a	a	0		bool IsSandwitchOnTop(SandwitchManager * this, int param_1)
7100013c60	1564	GetHighestPlayerUnitNum	mg0107::SandwitchManager	a	a	0	ST_PARTIAL	ulong GetHighestPlayerUnitNum(SandwitchManager * this)
7100014280	384	AddSandwitchOnField	mg0107::SandwitchManager	a	a	0	ST_ANALYZED	undefined AddSandwitchOnField(SandwitchManager * this, float * param_1, int param_2)
7100014410	564	VisibleModelCompornent	mg0107::SandwitchObject	a	a	0		undefined VisibleModelCompornent(SandwitchObject * this)
7100014654	576	GetCurrentSpeed	mg0107::SandwitchManager	a	a	0	ST_ANALYZED	float GetCurrentSpeed(undefined8 param_1_00, float * param_2)
7100014898	16	ClearCurrentSandwitchAddUnitNum	mg0107::SandwitchManager	a	a	0		undefined ClearCurrentSandwitchAddUnitNum(SandwitchManager * this)
71000148b0	268	PlayJumpAnim	mg0107::SandwitchManager	a	a	0		undefined PlayJumpAnim(undefined1[16] param_1, SandwitchManager * this)
71000149bc	52	PlayJumpAnim	mg0107::SandwitchObject	a	a	0		undefined PlayJumpAnim(SandwitchObject * this)
71000149f0	328	GetUnderSandwitchPositionY	mg0107::SandwitchManager	a	a	0	ST_ANALYZED	float GetUnderSandwitchPositionY(undefined1[16] param_1, SandwitchManager * this)
7100014b38	12	IsActiveSandwitch	mg0107::SandwitchManager	a	a	0		uint IsActiveSandwitch(SandwitchManager * this, uint param_1)
7100014b50	272	IsVisibleModel	mg0107::SandwitchObject	a	a	0		uint IsVisibleModel(SandwitchObject * this)
7100014c68	80	SetDisableSandwitch	mg0107::SandwitchManager	a	a	0		undefined SetDisableSandwitch(SandwitchManager * this, uint param_1)
7100014cc0	564	InvisibleModelCompornet	mg0107::SandwitchObject	a	a	0		undefined InvisibleModelCompornet(SandwitchObject * this)
7100014f04	60	DesableActive	mg0107::SandwitchObject	a	a	0		undefined DesableActive(SandwitchObject * this)
7100014f40	120	DisableAll	mg0107::SandwitchManager	a	a	0		undefined DisableAll(SandwitchManager * this)
7100014fc0	72	InvisibleActiveSandwitch	mg0107::SandwitchManager	a	a	0		undefined InvisibleActiveSandwitch(SandwitchManager * this)
7100015010	540	FireGameEndEffect	mg0107::SandwitchObject	a	a	0		undefined FireGameEndEffect(SandwitchObject * this)
7100015240	72	GetSandwitchFallTime	mg0107::SandwitchManager	a	a	0		undefined4 GetSandwitchFallTime(SandwitchManager * this, int * param_2)
7100015288	12	GetFallTime	mg0107::SandwitchObject	a	a	0		undefined4 GetFallTime(SandwitchObject * this)
7100015294	64	HitRectToPointXZ	mg0107::SandwitchManager	a	a	0		undefined8 HitRectToPointXZ(undefined1[16] param_1, float param_2, float param_3, undefined1[16] param_4)
71000152d4	112	GetUDLRFieldIdx	mg0107::SandwitchManager	a	a	0		undefined GetUDLRFieldIdx(undefined1[16] param_1, undefined8 param_2, undefined4 * param_3)
7100015344	84	GetUDLRFieldIdx	mg0107::SandwitchManager	a	a	0		undefined GetUDLRFieldIdx(undefined8 param_1_00, uint param_2, undefined4 * param_3)
71000153a0	112	IsSandwitchOnTop	mg0107::SandwitchManager	a	a	0		bool IsSandwitchOnTop(undefined1[16] param_1, long param_2)
7100015420	156	GetSandwitchEntityOnTop	mg0107::SandwitchManager	a	a	0		long GetSandwitchEntityOnTop(undefined1[16] param_1, long param_2)
71000154c0	264	HitPointToAABB	mg0107::SandwitchManager	a	a	0		bool HitPointToAABB(SandwitchManager * this, Vector3f * param_1)
71000155d0	188	HitPointToAABB	mg0107::SandwitchObject	a	a	0		uint HitPointToAABB(SandwitchObject * this, Vector3f * param_1)
7100015690	128	CopyPhysicsAttribute	mg0107::SandwitchManager	a	a	0		undefined CopyPhysicsAttribute(SandwitchManager * this)
7100015710	60	GetPhysicsAttribute	mg0107::SandwitchObject	a	a	0		undefined GetPhysicsAttribute(SandwitchObject * this)
710001574c	8	SetFirstPhysicsAttribute	mg0107::SandwitchObject	a	a	0		undefined SetFirstPhysicsAttribute(SandwitchObject * this, undefined4 param_1)
7100015754	76	SandwitchObject	mg0107::SandwitchObject	a	a	0		undefined SandwitchObject(SandwitchObject * this)
71000157a0	804	SetupRigidbody	mg0107::SandwitchObject	a	a	0	ST_PARTIAL	undefined SetupRigidbody(SandwitchObject * this)
7100015ae0	480	AddComponent<nn::bezel::ComRigidBody,nn::bezel::HandlePtr<nn::bezel::RigidBody>,(void*)0>	nn::bezel::Entity	a	a	0		WeakHandle AddComponent<nn::bezel::ComRigidBody,nn::bezel::HandlePtr<nn::bezel::RigidBody>,(void*)0>(long * param_1_00, HandlePtr * param_2, HandlePtr * param_3)
7100015cd0	880	SetupRigidbodyFalled	mg0107::SandwitchObject	a	a	0	ST_PARTIAL	undefined SetupRigidbodyFalled(SandwitchObject * this)
7100016050	64	SetPhysicsAttribute	mg0107::SandwitchObject	a	a	0		undefined SetPhysicsAttribute(SandwitchObject * this)
7100016090	644	EndFall	mg0107::SandwitchObject	a	a	0	ST_PARTIAL	undefined EndFall(SandwitchObject * this, ulong param_1)
7100016324	60	EnableActive	mg0107::SandwitchObject	a	a	0		undefined EnableActive(SandwitchObject * this)
7100016360	52	PlayDecalAnim	mg0107::SandwitchObject	a	a	0		undefined PlayDecalAnim(SandwitchObject * this, undefined4 * param_1)
71000163a0	696	AddComponent<actor::ComActorCollision,,(void*)0>	nn::bezel::Entity	a	a	0		WeakHandle AddComponent<actor::ComActorCollision,,(void*)0>(long * param_1, HandlePtr * param_2)
7100016660	52	PlayLandingAnim	mg0107::SandwitchObject	a	a	0		undefined PlayLandingAnim(SandwitchObject * this)
7100016694	4	Destroy	mg0107::SandwitchObject	a	a	0		undefined Destroy(void)
71000166a0	520	PlayAnim	mg0107::SandwitchObject	a	a	0		undefined PlayAnim(undefined4 param_1, SandwitchObject * this, undefined8 * param_3)
71000168b0	300	AnimationName	actor::MotionArg	a	a	0		MotionArg * AnimationName(MotionArg * this, long param_1)
71000169e0	76	~SandwitchObject	mg0107::SandwitchObject	a	a	0		undefined ~SandwitchObject(SandwitchObject * this)
7100016a2c	76	~SandwitchObject	mg0107::SandwitchObject	a	a	0		undefined ~SandwitchObject(SandwitchObject * this)
7100016a78	228	operator=	nn::bezel::detail::Variant<nn::bezel::CollisionShape::Sphere,nn::bezel::CollisionShape::Plane,nn::bezel::CollisionShape::Capsule,nn::bezel::CollisionShape::Box,nn::bezel::CollisionShape::Mesh,nn::bezel::CollisionShape::Complex,nn::bezel::CollisionShape::Collection,nn::bezel::CollisionShape::RuntimeConvexMesh,nn::bezel::CollisionShape::RuntimeTriangleMesh,nn::bezel::CollisionShape::RuntimeHeightField>	a	a	0		Variant<nn::bezel::CollisionShape::Sphere,nn::bezel::CollisionShape::Plane,nn::bezel::CollisionShape::Capsule,nn::bezel::CollisionShape::Box,nn::bezel::CollisionShape::Mesh,nn::bezel::CollisionShape::Complex,nn::bezel::CollisionShape::Collection,nn::bezel::CollisionShape::RuntimeConvexMesh,nn::bezel::CollisionShape::RuntimeTriangleMesh,nn::bezel::CollisionShape::RuntimeHeightField> * operator=(Variant<nn::bezel::CollisionShape::Sphere,nn::bezel::CollisionShape::Plane,nn::bezel::CollisionShape::Capsule,nn::bezel::CollisionShape::Box,nn::bezel::CollisionShape::Mesh,nn::bezel::CollisionShape::Complex,nn::bezel::CollisionShape::Collection,nn::bezel::CollisionShape::RuntimeConvexMesh,nn::bezel::CollisionShape::RuntimeTriangleMesh,nn::bezel::CollisionShape::RuntimeHeightField> * this, long * param_1)
7100016b60	464	~Collection	nn::bezel::CollisionShape::Collection	a	a	0		undefined ~Collection(Collection * this)
7100016d40	288	Destroy	nn::bezel::detail::VariantImpl::CtorDtor<nn::bezel::CollisionShape::RuntimeConvexMesh,nn::bezel::CollisionShape::RuntimeTriangleMesh,nn::bezel::CollisionShape::RuntimeHeightField>	a	a	0		undefined Destroy(long param_1, char param_2)
7100016e70	288	Destroy	nn::bezel::detail::VariantImpl::CtorDtor<nn::bezel::CollisionShape::RuntimeTriangleMesh,nn::bezel::CollisionShape::RuntimeHeightField>	a	a	0		undefined Destroy(long param_1, char param_2)
7100016fa0	268	Destroy	nn::bezel::detail::VariantImpl::CtorDtor<nn::bezel::CollisionShape::RuntimeHeightField>	a	a	0		undefined Destroy(long param_1, char param_2)
71000170c0	284	CopyConstruct	nn::bezel::detail::VariantImpl::CtorDtor<nn::bezel::CollisionShape::Capsule,nn::bezel::CollisionShape::Box,nn::bezel::CollisionShape::Mesh,nn::bezel::CollisionShape::Complex,nn::bezel::CollisionShape::Collection,nn::bezel::CollisionShape::RuntimeConvexMesh,nn::bezel::CollisionShape::RuntimeTriangleMesh,nn::bezel::CollisionShape::RuntimeHeightField>	a	a	0		undefined CopyConstruct(long * param_1, long * param_2, char param_3)
71000171e0	360	FUN_71000171e0		d	a	0		undefined FUN_71000171e0(long * param_1, long * param_2)
7100017350	144	FUN_7100017350		d	a	0		undefined FUN_7100017350(undefined8 * param_1)
71000173e0	24	FUN_71000173e0		d	a	0		undefined FUN_71000173e0(void)
7100017400	244	CopyConstruct	nn::bezel::detail::VariantImpl::CtorDtor<nn::bezel::CollisionShape::RuntimeConvexMesh,nn::bezel::CollisionShape::RuntimeTriangleMesh,nn::bezel::CollisionShape::RuntimeHeightField>	a	a	0		undefined CopyConstruct(undefined8 * param_1, undefined8 * param_2, char param_3)
71000174f4	56	IsDerivedFrom	nn::bezel::detail::StaticTypeDesc<nn::bezel::RigidBody,false,nn::bezel::Collision>	a	a	0		bool IsDerivedFrom(undefined * param_1)
710001752c	12	GetBaseTypeDesc	nn::bezel::detail::StaticTypeDesc<nn::bezel::RigidBody,false,nn::bezel::Collision>	a	a	0		undefined * GetBaseTypeDesc(void)
7100017538	20	GetNextBaseTypeDesc	nn::bezel::detail::StaticTypeDesc<nn::bezel::RigidBody,false,nn::bezel::Collision>	a	a	0		undefined * GetNextBaseTypeDesc(long param_1)
710001754c	8	CastTo	nn::bezel::detail::StaticTypeDesc<nn::bezel::RigidBody,false,nn::bezel::Collision>	a	a	0		undefined8 CastTo(undefined8 param_1, undefined8 param_2)
7100017554	8	CastToConst	nn::bezel::detail::StaticTypeDesc<nn::bezel::RigidBody,false,nn::bezel::Collision>	a	a	0		undefined8 CastToConst(undefined8 param_1, undefined8 param_2)
710001755c	32	IsDerivedFrom	nn::bezel::detail::StaticTypeDesc<nn::bezel::Collision,false,nn::bezel::IBasis>	a	a	0		bool IsDerivedFrom(undefined * param_1)
710001757c	12	GetBaseTypeDesc	nn::bezel::detail::StaticTypeDesc<nn::bezel::Collision,false,nn::bezel::IBasis>	a	a	0		undefined * GetBaseTypeDesc(void)
7100017588	20	GetNextBaseTypeDesc	nn::bezel::detail::StaticTypeDesc<nn::bezel::Collision,false,nn::bezel::IBasis>	a	a	0		undefined * GetNextBaseTypeDesc(long param_1)
710001759c	8	CastTo	nn::bezel::detail::StaticTypeDesc<nn::bezel::Collision,false,nn::bezel::IBasis>	a	a	0		undefined8 CastTo(undefined8 param_1, undefined8 param_2)
71000175a4	8	CastToConst	nn::bezel::detail::StaticTypeDesc<nn::bezel::Collision,false,nn::bezel::IBasis>	a	a	0		undefined8 CastToConst(undefined8 param_1, undefined8 param_2)
71000175ac	20	IsDerivedFrom	nn::bezel::detail::StaticTypeDesc<nn::bezel::IBasis,false>	a	a	0		bool IsDerivedFrom(undefined * param_1)
71000175c0	8	GetBaseTypeDesc	nn::bezel::detail::StaticTypeDesc<nn::bezel::IBasis,false>	a	a	0		undefined8 GetBaseTypeDesc(void)
71000175c8	8	GetNextBaseTypeDesc	nn::bezel::detail::StaticTypeDesc<nn::bezel::IBasis,false>	a	a	0		undefined8 GetNextBaseTypeDesc(void)
71000175d0	8	CastTo	nn::bezel::detail::StaticTypeDesc<nn::bezel::IBasis,false>	a	a	0		undefined8 CastTo(undefined8 param_1, undefined8 param_2)
71000175d8	8	CastToConst	nn::bezel::detail::StaticTypeDesc<nn::bezel::IBasis,false>	a	a	0		undefined8 CastToConst(undefined8 param_1, undefined8 param_2)
71000175e0	20	FUN_71000175e0		d	a	0		bool FUN_71000175e0(void)
71000175f4	20	FUN_71000175f4		d	a	0		bool FUN_71000175f4(void)
7100017608	20	FUN_7100017608		d	a	0		bool FUN_7100017608(void)
710001761c	56	IsDerivedFrom	nn::bezel::detail::StaticTypeDesc<nn::bezel::ComRigidBody,false,nn::bezel::ComCollision>	a	a	0		bool IsDerivedFrom(undefined * param_1)
7100017654	12	GetBaseTypeDesc	nn::bezel::detail::StaticTypeDesc<nn::bezel::ComRigidBody,false,nn::bezel::ComCollision>	a	a	0		undefined * GetBaseTypeDesc(void)
7100017660	20	GetNextBaseTypeDesc	nn::bezel::detail::StaticTypeDesc<nn::bezel::ComRigidBody,false,nn::bezel::ComCollision>	a	a	0		undefined * GetNextBaseTypeDesc(long param_1)
7100017674	8	CastTo	nn::bezel::detail::StaticTypeDesc<nn::bezel::ComRigidBody,false,nn::bezel::ComCollision>	a	a	0		undefined8 CastTo(undefined8 param_1, undefined8 param_2)
710001767c	8	CastToConst	nn::bezel::detail::StaticTypeDesc<nn::bezel::ComRigidBody,false,nn::bezel::ComCollision>	a	a	0		undefined8 CastToConst(undefined8 param_1, undefined8 param_2)
7100017684	32	IsDerivedFrom	nn::bezel::detail::StaticTypeDesc<nn::bezel::ComCollision,false,nn::bezel::Component>	a	a	0		bool IsDerivedFrom(undefined * param_1)
71000176a4	12	GetBaseTypeDesc	nn::bezel::detail::StaticTypeDesc<nn::bezel::ComCollision,false,nn::bezel::Component>	a	a	0		undefined * GetBaseTypeDesc(void)
71000176b0	20	GetNextBaseTypeDesc	nn::bezel::detail::StaticTypeDesc<nn::bezel::ComCollision,false,nn::bezel::Component>	a	a	0		undefined * GetNextBaseTypeDesc(long param_1)
71000176c4	8	CastTo	nn::bezel::detail::StaticTypeDesc<nn::bezel::ComCollision,false,nn::bezel::Component>	a	a	0		undefined8 CastTo(undefined8 param_1, undefined8 param_2)
71000176cc	8	CastToConst	nn::bezel::detail::StaticTypeDesc<nn::bezel::ComCollision,false,nn::bezel::Component>	a	a	0		undefined8 CastToConst(undefined8 param_1, undefined8 param_2)
7100017728	4	FUN_7100017728		d	a	0		undefined FUN_7100017728(void)
710001772c	4	operator.delete	<EXTERNAL>	d	a	1		void operator.delete(void * param_1)
7100017730	404	FUN_7100017730		d	a	0	ST_ANALYZED	undefined FUN_7100017730(long param_1, long * param_2)
71000178cc	32	IsDerivedFrom	nn::bezel::detail::StaticTypeDesc<bex::gfx::ComModelBuffer,false,nn::bezel::Component>	a	a	0		bool IsDerivedFrom(undefined * param_1)
71000178ec	12	GetBaseTypeDesc	nn::bezel::detail::StaticTypeDesc<bex::gfx::ComModelBuffer,false,nn::bezel::Component>	a	a	0		undefined * GetBaseTypeDesc(void)
71000178f8	20	GetNextBaseTypeDesc	nn::bezel::detail::StaticTypeDesc<bex::gfx::ComModelBuffer,false,nn::bezel::Component>	a	a	0		undefined * GetNextBaseTypeDesc(long param_1)
710001790c	8	CastTo	nn::bezel::detail::StaticTypeDesc<bex::gfx::ComModelBuffer,false,nn::bezel::Component>	a	a	0		undefined8 CastTo(undefined8 param_1, undefined8 param_2)
7100017914	8	CastToConst	nn::bezel::detail::StaticTypeDesc<bex::gfx::ComModelBuffer,false,nn::bezel::Component>	a	a	0		undefined8 CastToConst(undefined8 param_1, undefined8 param_2)
710001791c	68	DummySymbolLink	mg0107::Scene	a	a	0		undefined DummySymbolLink(ulong param_1)
7100017964	220	getStaticTypeinfo	mg0107::Scene	a	a	0		undefined * getStaticTypeinfo(void)
7100017a40	96	getPropertyList	mg0107::Scene	a	a	0		undefined8 getPropertyList(void)
7100017aa0	44	createInstance	mg0107::Scene	a	a	0		Scene * createInstance(void)
7100017acc	20	deleteInstance	mg0107::Scene	a	a	0		undefined deleteInstance(long * param_1)
7100017ae0	4	checkGuiProperty	rtti::Class	a	a	0		undefined checkGuiProperty(void * param_1, Property * param_2, PropertyList * param_3)
7100017ae4	4	createGuiProperty	rtti::Class	a	a	0		undefined createGuiProperty(void * param_1, Property * param_2, Typeinfo * param_3, uint param_4)
7100017ae8	220	getStaticTypeinfo	mg0107::Scene::Params	a	a	0		undefined * getStaticTypeinfo(void)
7100017bc4	2104	getPropertyList	mg0107::Scene::Params	a	a	0	ST_PARTIAL	undefined * getPropertyList(void)
71000183fc	280	createInstance	mg0107::Scene::Params	a	a	0	ST_PARTIAL	undefined createInstance(void)
7100018514	20	deleteInstance	mg0107::Scene::Params	a	a	0		undefined deleteInstance(long * param_1)
7100018528	212	Scene	mg0107::Scene	a	a	0	ST_PARTIAL	undefined Scene(Scene * this)
71000185fc	160	~Scene	mg0107::Scene	a	a	0		undefined ~Scene(Scene * this)
710001869c	36	~Scene	mg0107::Scene	a	a	0		undefined ~Scene(Scene * this)
71000186c0	8	SetupGame	mg0107::Scene	a	a	0	ST_ANALYZED	undefined SetupGame(Scene * this)
71000186c8	8	SyncedSetupGame	mg0107::Scene	a	a	0		undefined SyncedSetupGame(Scene * this)
71000186d0	8	CleanupGame	mg0107::Scene	a	a	0		undefined CleanupGame(Scene * this)
71000186d8	8	OnGameInit	mg0107::Scene	a	a	0		undefined8 OnGameInit(void)
71000186e0	28	OnGameInstInit	mg0107::Scene	a	a	0		undefined8 OnGameInstInit(Scene * this)
71000186fc	8	OnGameFirstFade	mg0107::Scene	a	a	0		undefined8 OnGameFirstFade(void)
7100018704	8	OnGameOpening	mg0107::Scene	a	a	0		undefined OnGameOpening(Scene * this)
710001870c	28	OnGameOpeningSkip	mg0107::Scene	a	a	0		undefined8 OnGameOpeningSkip(Scene * this)
7100018728	28	OnGameStartBefore	mg0107::Scene	a	a	0		undefined8 OnGameStartBefore(Scene * this)
7100018744	28	OnGameStart	mg0107::Scene	a	a	0		undefined8 OnGameStart(Scene * this)
7100018760	28	OnGameStartAfter	mg0107::Scene	a	a	0		undefined8 OnGameStartAfter(Scene * this)
710001877c	8	OnGameMain	mg0107::Scene	a	a	0		undefined OnGameMain(Scene * this)
7100018784	28	OnGameEnd	mg0107::Scene	a	a	0		undefined8 OnGameEnd(Scene * this)
71000187a0	28	OnGameFinish	mg0107::Scene	a	a	0		undefined8 OnGameFinish(Scene * this)
71000187bc	8	OnGameFinishAfter	mg0107::Scene	a	a	0		undefined8 OnGameFinishAfter(void)
71000187c4	8	OnGameEndingFade	mg0107::Scene	a	a	0		undefined8 OnGameEndingFade(void)
71000187d0	1584	OnEndingInit	mg0107::Scene	a	a	0	ST_PARTIAL	undefined8 OnEndingInit(Scene * this, undefined8 * param_1)
7100018e18	8	OnGameEndingChangeCut	mg0107::Scene	a	a	0		undefined8 OnGameEndingChangeCut(void)
7100018e20	8	OnGameEndingBefore	mg0107::Scene	a	a	0		undefined8 OnGameEndingBefore(void)
7100018e28	40	OnGameEnding	mg0107::Scene	a	a	0		undefined OnGameEnding(void)
7100018e50	8	OnGameEndingAfter	mg0107::Scene	a	a	0		undefined8 OnGameEndingAfter(void)
7100018e58	8	OnGameEndingSkip	mg0107::Scene	a	a	0		undefined8 OnGameEndingSkip(void)
7100018e60	8	OnGameLastFade	mg0107::Scene	a	a	0		undefined8 OnGameLastFade(void)
7100018e68	8	OnGameExit	mg0107::Scene	a	a	0		undefined8 OnGameExit(void)
7100018e70	220	getInstanceTypeinfo	mg0107::Scene	a	a	0		undefined * getInstanceTypeinfo(void)
7100018f4c	16	GetSymbol	mg0107::Scene	a	a	0		undefined8 GetSymbol(void)
7100018f5c	8	GetTickElapsed	bex::SceneBase	a	a	0		undefined8 GetTickElapsed(void)
7100018f64	28	GetHandle	bex::SceneBase	a	a	0		undefined GetHandle(undefined8 * param_1, long param_2)
7100018f80	4	OnCleanupProcessing	bex::GameScene	a	a	0		undefined OnCleanupProcessing(void)
7100018f84	4	OnSyncEnd	bex::NetworkGameScene	a	a	0		undefined OnSyncEnd(void)
7100018f88	4	OnGameSequenceBefore	bq::MinigameScene	a	a	0		undefined OnGameSequenceBefore(void)
7100018f8c	4	OnGameSequenceAfter	bq::MinigameScene	a	a	0		undefined OnGameSequenceAfter(void)
7100018f90	4	OnThreeMinTimerEnd	mg0107::Scene	a	a	0		undefined OnThreeMinTimerEnd(void)
7100018f94	8	OnCharaGameDemoStart	bq::MinigameScene	a	a	0		undefined8 OnCharaGameDemoStart(void)
7100018f9c	8	OnCharaGameDemo	bq::MinigameScene	a	a	0		undefined8 OnCharaGameDemo(void)
7100018fa4	4	OnCharaGameDemoSkipStart	bq::MinigameScene	a	a	0		undefined OnCharaGameDemoSkipStart(void)
7100018fa8	4	OnCharaGameDemoSkipEnd	bq::MinigameScene	a	a	0		undefined OnCharaGameDemoSkipEnd(void)
7100018fac	8	OnCharaGameDemoEnd	bq::MinigameScene	a	a	0		undefined8 OnCharaGameDemoEnd(void)
7100018fb4	8	OnGameStartTelopBefore	bq::MinigameScene	a	a	0		undefined8 OnGameStartTelopBefore(void)
7100018fbc	4	~Params	mg0107::Scene::Params	a	a	0		undefined ~Params(Params * this)
7100018fc0	220	getInstanceTypeinfo	mg0107::Scene::Params	a	a	0		undefined * getInstanceTypeinfo(void)
710001909c	16	GetSymbol	mg0107::Scene::Params	a	a	0		undefined8 GetSymbol(void)
71000190ac	4	~Class	rtti::Class	a	a	0		undefined ~Class(void)
71000190b8	52	FUN_71000190b8		d	a	0		undefined FUN_71000190b8(long param_1)
7100019104	4	FUN_7100019104		d	a	0		undefined FUN_7100019104(void)
7100019108	4	operator.delete	<EXTERNAL>	d	a	1		void operator.delete(void * param_1)
71000194c0	700	FUN_71000194c0		d	a	0		undefined FUN_71000194c0(void)
710001977c	96	UIManager	mg0107::UIManager	a	a	0		undefined UIManager(UIManager * this)
71000197dc	16	~UIManager	mg0107::UIManager	a	a	0		undefined ~UIManager(void)
71000197ec	36	~UIManager	mg0107::UIManager	a	a	0		undefined ~UIManager(UIManager * this)
7100019810	948	Setup	mg0107::UIManager	a	a	0	ST_ANALYZED	undefined Setup(UIManager * this)
7100019bd0	468	AddComponent<bq::ComUiStatus,bq::ComUiStatus::UiStatusType,bq::ComUiStatus::UiStatusMatchType,bq::ComUiStatus::UiStatusPlaceType,(void*)0>	nn::bezel::Entity	a	a	0		WeakHandle AddComponent<bq::ComUiStatus,bq::ComUiStatus::UiStatusType,bq::ComUiStatus::UiStatusMatchType,bq::ComUiStatus::UiStatusPlaceType,(void*)0>(long * param_1_00, HandlePtr * param_2, undefined4 * param_3, undefined4 * param_4, undefined4 * param_5)
7100019db0	468	AddComponent<bq::ComUiCountUpTimer,,(void*)0>	nn::bezel::Entity	a	a	0		WeakHandle AddComponent<bq::ComUiCountUpTimer,,(void*)0>(long * param_1, HandlePtr * param_2)
7100019f90	468	AddComponent<bq::ComUiTimer,bq::ComUiTimer::UiTimerType,(void*)0>	nn::bezel::Entity	a	a	0		WeakHandle AddComponent<bq::ComUiTimer,bq::ComUiTimer::UiTimerType,(void*)0>(long * param_1_00, HandlePtr * param_2, undefined4 * param_3)
710001a16c	4	Update	mg0107::UIManager	a	a	0		undefined Update(void)
710001a170	136	In	mg0107::UIManager	a	a	0		undefined In(long param_1)
710001a1fc	184	Out	mg0107::UIManager	a	a	0		undefined Out(long param_1)
710001a2b8	92	Start	mg0107::UIManager	a	a	0		undefined Start(UIManager * this)
710001a318	96	StartAfter	mg0107::UIManager	a	a	0		undefined StartAfter(UIManager * this)
710001a37c	128	Stop	mg0107::UIManager	a	a	0		undefined Stop(UIManager * this)
710001a400	96	IsEndTimer	mg0107::UIManager	a	a	0		undefined8 IsEndTimer(UIManager * this)
710001a464	128	GetCurrentTime	mg0107::UIManager	a	a	0		undefined GetCurrentTime(UIManager * this)
710001a4e8	100	SetRank	mg0107::UIManager	a	a	0		undefined SetRank(UIManager * this, undefined4 * param_1, undefined8 param_2, int param_3)
710001a550	400	StartResultTelop	mg0107::UIManager	a	a	0		undefined StartResultTelop(void)
710001a6f0	468	AddComponent<bq::ComUiMGTelop,bq::ComUiMGTelop::UiMGTelopType,(void*)0>	nn::bezel::Entity	a	a	0		WeakHandle AddComponent<bq::ComUiMGTelop,bq::ComUiMGTelop::UiMGTelopType,(void*)0>(long * param_1_00, HandlePtr * param_2, undefined4 * param_3)
710001a8cc	312	SetEndressTimeStump	mg0107::UIManager	a	a	0		undefined SetEndressTimeStump(UIManager * this, undefined4 * param_1, ulong param_2)
710001aa08	384	SafeCreate<bq::ComUiStatus,nn::bezel::HandlePtr<nn::bezel::Entity>const&,bq::ComUiStatus::UiStatusType,bq::ComUiStatus::UiStatusMatchType,bq::ComUiStatus::UiStatusPlaceType>	bex::ComponentUtil	a	a	0		WeakHandle SafeCreate<bq::ComUiStatus,nn::bezel::HandlePtr<nn::bezel::Entity>const&,bq::ComUiStatus::UiStatusType,bq::ComUiStatus::UiStatusMatchType,bq::ComUiStatus::UiStatusPlaceType>(long * param_1_00, ComponentUtil * this, undefined4 * param_3, undefined4 * param_4, undefined4 * param_5)
710001ab98	32	IsDerivedFrom	nn::bezel::detail::StaticTypeDesc<bq::ComUiStatus,false,nn::bezel::Component>	a	a	0		bool IsDerivedFrom(undefined * param_1)
710001abb8	12	GetBaseTypeDesc	nn::bezel::detail::StaticTypeDesc<bq::ComUiStatus,false,nn::bezel::Component>	a	a	0		undefined * GetBaseTypeDesc(void)
710001abc4	20	GetNextBaseTypeDesc	nn::bezel::detail::StaticTypeDesc<bq::ComUiStatus,false,nn::bezel::Component>	a	a	0		undefined * GetNextBaseTypeDesc(long param_1)
710001abd8	8	CastTo	nn::bezel::detail::StaticTypeDesc<bq::ComUiStatus,false,nn::bezel::Component>	a	a	0		undefined8 CastTo(undefined8 param_1, undefined8 param_2)
710001abe0	8	CastToConst	nn::bezel::detail::StaticTypeDesc<bq::ComUiStatus,false,nn::bezel::Component>	a	a	0		undefined8 CastToConst(undefined8 param_1, undefined8 param_2)
710001abe8	360	SafeCreate<bq::ComUiCountUpTimer,nn::bezel::HandlePtr<nn::bezel::Entity>const&>	bex::ComponentUtil	a	a	0		WeakHandle SafeCreate<bq::ComUiCountUpTimer,nn::bezel::HandlePtr<nn::bezel::Entity>const&>(long * param_1, ComponentUtil * this)
710001ad60	32	IsDerivedFrom	nn::bezel::detail::StaticTypeDesc<bq::ComUiCountUpTimer,false,nn::bezel::Component>	a	a	0		bool IsDerivedFrom(undefined * param_1)
710001ad80	12	GetBaseTypeDesc	nn::bezel::detail::StaticTypeDesc<bq::ComUiCountUpTimer,false,nn::bezel::Component>	a	a	0		undefined * GetBaseTypeDesc(void)
710001ad8c	20	GetNextBaseTypeDesc	nn::bezel::detail::StaticTypeDesc<bq::ComUiCountUpTimer,false,nn::bezel::Component>	a	a	0		undefined * GetNextBaseTypeDesc(long param_1)
710001ada0	8	CastTo	nn::bezel::detail::StaticTypeDesc<bq::ComUiCountUpTimer,false,nn::bezel::Component>	a	a	0		undefined8 CastTo(undefined8 param_1, undefined8 param_2)
710001ada8	8	CastToConst	nn::bezel::detail::StaticTypeDesc<bq::ComUiCountUpTimer,false,nn::bezel::Component>	a	a	0		undefined8 CastToConst(undefined8 param_1, undefined8 param_2)
710001adb0	368	SafeCreate<bq::ComUiTimer,nn::bezel::HandlePtr<nn::bezel::Entity>const&,bq::ComUiTimer::UiTimerType>	bex::ComponentUtil	a	a	0		WeakHandle SafeCreate<bq::ComUiTimer,nn::bezel::HandlePtr<nn::bezel::Entity>const&,bq::ComUiTimer::UiTimerType>(long * param_1_00, ComponentUtil * this, undefined4 * param_3)
710001af30	32	IsDerivedFrom	nn::bezel::detail::StaticTypeDesc<bq::ComUiTimer,false,nn::bezel::Component>	a	a	0		bool IsDerivedFrom(undefined * param_1)
710001af50	12	GetBaseTypeDesc	nn::bezel::detail::StaticTypeDesc<bq::ComUiTimer,false,nn::bezel::Component>	a	a	0		undefined * GetBaseTypeDesc(void)
710001af5c	20	GetNextBaseTypeDesc	nn::bezel::detail::StaticTypeDesc<bq::ComUiTimer,false,nn::bezel::Component>	a	a	0		undefined * GetNextBaseTypeDesc(long param_1)
710001af70	8	CastTo	nn::bezel::detail::StaticTypeDesc<bq::ComUiTimer,false,nn::bezel::Component>	a	a	0		undefined8 CastTo(undefined8 param_1, undefined8 param_2)
710001af78	8	CastToConst	nn::bezel::detail::StaticTypeDesc<bq::ComUiTimer,false,nn::bezel::Component>	a	a	0		undefined8 CastToConst(undefined8 param_1, undefined8 param_2)
710001af80	368	SafeCreate<bq::ComUiMGTelop,nn::bezel::HandlePtr<nn::bezel::Entity>const&,bq::ComUiMGTelop::UiMGTelopType>	bex::ComponentUtil	a	a	0		WeakHandle SafeCreate<bq::ComUiMGTelop,nn::bezel::HandlePtr<nn::bezel::Entity>const&,bq::ComUiMGTelop::UiMGTelopType>(long * param_1_00, ComponentUtil * this, undefined4 * param_3)
710001b100	32	IsDerivedFrom	nn::bezel::detail::StaticTypeDesc<bq::ComUiMGTelop,false,nn::bezel::Component>	a	a	0		bool IsDerivedFrom(undefined * param_1)
710001b120	12	GetBaseTypeDesc	nn::bezel::detail::StaticTypeDesc<bq::ComUiMGTelop,false,nn::bezel::Component>	a	a	0		undefined * GetBaseTypeDesc(void)
710001b12c	20	GetNextBaseTypeDesc	nn::bezel::detail::StaticTypeDesc<bq::ComUiMGTelop,false,nn::bezel::Component>	a	a	0		undefined * GetNextBaseTypeDesc(long param_1)
710001b140	8	CastTo	nn::bezel::detail::StaticTypeDesc<bq::ComUiMGTelop,false,nn::bezel::Component>	a	a	0		undefined8 CastTo(undefined8 param_1, undefined8 param_2)
710001b148	8	CastToConst	nn::bezel::detail::StaticTypeDesc<bq::ComUiMGTelop,false,nn::bezel::Component>	a	a	0		undefined8 CastToConst(undefined8 param_1, undefined8 param_2)
710001b150	12	Interpolation	mg0107::Interpolation	a	a	0		undefined Interpolation(Interpolation * this)
710001b15c	4	~Interpolation	mg0107::Interpolation	a	a	0		undefined ~Interpolation(void)
710001b160	12	Lerp	mg0107::Interpolation	a	a	0		float Lerp(float param_1, float param_2, float param_3)
710001b16c	60	HermiteImpl	mg0107::Interpolation	a	a	0		float HermiteImpl(float param_1, float param_2, float param_3, float param_4, float param_5)
710001b1a8	56	UpdateTime	mg0107::Interpolation	a	a	0		undefined UpdateTime(Interpolation * this)
710001b1e0	16	IsEnd	mg0107::Interpolation	a	a	0		bool IsEnd(Interpolation * this)
710001b1f0	24	Start	mg0107::Interpolation	a	a	0		undefined Start(undefined4 param_1, undefined4 param_2, undefined4 param_3, Interpolation * this, undefined4 param_5)
710001b208	16	Acc	mg0107::Interpolation	a	a	0		float Acc(float param_1, float param_2, float param_3)
710001b218	28	Dec	mg0107::Interpolation	a	a	0		float Dec(float param_1, float param_2, float param_3)
710001b234	72	Hermite	mg0107::Interpolation	a	a	0		float Hermite(float param_1, float param_2, float param_3)
710001b27c	280	Update	mg0107::Interpolation	a	a	0	ST_ANALYZED	float Update(Interpolation * this)
710001b3a0	8	RegisterGeneratedBindCodes_mg0107	nn::bezel::detail::autogen	a	a	0		undefined8 RegisterGeneratedBindCodes_mg0107(void)
710001b3b0	16	SuppressDeadStrip_mg0107	nn::bezel::detail::autogen	a	a	0		undefined4 SuppressDeadStrip_mg0107(void)
710001b3c0	8	RegisterGeneratedBindCodes_sharedPCH	nn::bezel::detail::autogen	a	a	0		undefined8 RegisterGeneratedBindCodes_sharedPCH(void)
710001b3d0	16	SuppressDeadStrip_sharedPCH	nn::bezel::detail::autogen	a	a	0		undefined4 SuppressDeadStrip_sharedPCH(void)
710001b3e0	20	FUN_710001b3e0		d	a	0		undefined FUN_710001b3e0(void)
710001b400	16	__nnmusl_init_dso		i	d	1		undefined __nnmusl_init_dso()
710001b410	16	ProtectRelro	nn::ro	d	a	1		undefined ProtectRelro(void * param_1, void * param_2, void * param_3, void * param_4, void * param_5)
710001b420	16	__nnmusl_fini_dso		i	d	1		undefined __nnmusl_fini_dso()
710001b430	16	__cxa_guard_acquire		i	d	1		undefined __cxa_guard_acquire()
710001b440	16	__cxa_guard_release		i	d	1		undefined __cxa_guard_release()
710001b450	16	~Interpolation	mg0107::Interpolation	d	a	1		undefined ~Interpolation(void)
710001b460	16	operator.delete	<EXTERNAL>	d	a	1		void operator.delete(void * param_1)
710001b470	16	~Camera	mg0107::Camera	d	a	1		undefined ~Camera(Camera * this)
710001b480	16	Setup	mg0107::Camera	d	a	1		undefined Setup(Camera * this)
710001b490	16	CreateSceneEntity	<EXTERNAL>::bq::SceneBase	d	a	1		undefined CreateSceneEntity(basic_string_view * param_1)
710001b4a0	16	AddComponent<bq::ComMatter,bq::MatterType,(void*)0>	nn::bezel::Entity	d	a	1		WeakHandle AddComponent<bq::ComMatter,bq::MatterType,(void*)0>(long * param_1_00, HandlePtr * param_2, undefined4 * param_3)
710001b4b0	16	GetDefaultGraphicsLayer	<EXTERNAL>::nn::bezel::GraphicsCoreModule	d	a	1		undefined GetDefaultGraphicsLayer(void)
710001b4c0	16	GetCamera	<EXTERNAL>::nn::bezel::ComCamera	d	a	1		undefined GetCamera(void)
710001b4d0	16	SetCamera	<EXTERNAL>::nn::bezel::GraphicsLayer	d	a	1		undefined SetCamera(WeakHandle * param_1)
710001b4e0	16	AbortImpl	<EXTERNAL>::nn::diag::detail	d	a	1		undefined AbortImpl(void)
710001b4f0	16	AddAnimation	<EXTERNAL>::actor::ComActorMotion	d	a	1		undefined AddAnimation(StringViewHashPair * param_1, basic_string_view * param_2, bool param_3, AnimatinType param_4, bool param_5, bool param_6)
710001b500	16	operator.new	<EXTERNAL>	d	a	1		void * operator.new(ulong param_1)
710001b510	16	strlen		i	i	1		size_t strlen(char * __s)
710001b520	16	Play	<EXTERNAL>::actor::ComActorMotion	d	a	1		undefined Play(StringViewHashPair * param_1)
710001b530	16	SetFrame	<EXTERNAL>::actor::ComActorMotion	d	a	1		undefined SetFrame(float param_1)
710001b540	16	SetPauseEnabled	<EXTERNAL>::actor::ComActorMotion	d	a	1		undefined SetPauseEnabled(bool param_1)
710001b550	16	AddComponent<actor::ComActorAutoInterpolation,,(void*)0>	nn::bezel::Entity	d	a	1		WeakHandle AddComponent<actor::ComActorAutoInterpolation,,(void*)0>(long * param_1, HandlePtr * param_2)
710001b560	16	GetTranslation	<EXTERNAL>::nn::bezel::Entity	d	a	1		undefined GetTranslation(void)
710001b570	16	operator.new	<EXTERNAL>	d	a	1		void * operator.new(ulong param_1, ulong param_2, HeapID param_3)
710001b580	16	Interpolation	mg0107::Interpolation	d	a	1		undefined Interpolation(Interpolation * this)
710001b590	16	SafeCreate<bq::ComMatter,nn::bezel::HandlePtr<nn::bezel::Entity>const&,bq::MatterType>	bex::ComponentUtil	d	a	1		WeakHandle SafeCreate<bq::ComMatter,nn::bezel::HandlePtr<nn::bezel::Entity>const&,bq::MatterType>(long * param_1_00, ComponentUtil * this, undefined4 * param_3)
710001b5a0	16	_internalCheckComponentValidity	<EXTERNAL>::nn::bezel::Entity	d	a	1		undefined _internalCheckComponentValidity(HandlePtr * param_1)
710001b5b0	16	AddComponentImpl	<EXTERNAL>::nn::bezel::Entity	d	a	1		undefined AddComponentImpl(HandlePtr * param_1)
710001b5c0	16	__cxa_begin_catch		i	d	1		undefined __cxa_begin_catch()
710001b5d0	16	terminate	<EXTERNAL>::std	d	a	1		undefined terminate(void)
710001b5e0	16	Create	<EXTERNAL>::actor::ComActorAutoInterpolation	d	a	1		undefined Create(HandlePtr * param_1)
710001b5f0	16	InstInit	mg0107::Camera	d	a	1		undefined InstInit(Camera * this)
710001b600	16	PlayGame	mg0107::Camera	d	a	1		undefined PlayGame(Camera * this)
710001b610	16	PlayOpening	mg0107::Camera	d	a	1		undefined PlayOpening(Camera * this)
710001b620	16	Update	mg0107::Camera	d	a	1		undefined Update(Camera * this)
710001b630	16	IsEnd	mg0107::Interpolation	d	a	1		bool IsEnd(Interpolation * this)
710001b640	16	Update	mg0107::Interpolation	d	a	1		float Update(Interpolation * this)
710001b650	16	SetTranslation	<EXTERNAL>::nn::bezel::Entity	d	a	1		undefined SetTranslation(Vector3f * param_1)
710001b660	16	Destroy	mg0107::Camera	d	a	1		undefined Destroy(Camera * this)
710001b670	16	SetLookatHeight	mg0107::Camera	d	a	1		undefined SetLookatHeight(float param_1, Camera * this)
710001b680	16	Start	mg0107::Interpolation	d	a	1		undefined Start(undefined4 param_1, undefined4 param_2, undefined4 param_3, Interpolation * this, undefined4 param_5)
710001b690	16	ComMatter	<EXTERNAL>::bq::ComMatter	d	a	1		undefined ComMatter(ComMatter * this, HandlePtr * param_1, MatterType param_2, bool param_3)
710001b6a0	16	Camera	mg0107::Camera	d	a	1		undefined Camera(Camera * this)
710001b6b0	16	Reset	nn::bezel::HandleSource<nn::bezel::Component>	d	a	1		undefined Reset(HandleSource<nn::bezel::Component> * this, long param_1)
710001b6c0	16	WaitLightEvent	<EXTERNAL>::nn::os	d	a	1		undefined WaitLightEvent(LightEventType * param_1)
710001b6d0	16	SignalLightEvent	<EXTERNAL>::nn::os	d	a	1		undefined SignalLightEvent(LightEventType * param_1)
710001b6e0	16	~ComAI	mg0107::ComAI	d	a	1		undefined ~ComAI(ComAI * this)
710001b6f0	16	Free	<EXTERNAL>::bex::HeapModule	d	a	1		undefined Free(void * param_1)
710001b700	16	Setup	mg0107::ComAI	d	a	1		undefined Setup(ComAI * this, undefined8 * param_1)
710001b710	16	GetPlayers	<EXTERNAL>::bq::WorkModule	d	a	1		undefined GetPlayers(void)
710001b720	16	GetPlayerList	<EXTERNAL>::bq::PlayerWorkHolder	d	a	1		undefined GetPlayerList(PlayerListSortBy param_1)
710001b730	16	GetPlayerID	<EXTERNAL>::bq::PlayerWork	d	a	1		undefined GetPlayerID(void)
710001b740	16	GetComLevel	<EXTERNAL>::bq::PlayerWork	d	a	1		undefined GetComLevel(void)
710001b750	16	GetCurrentTime	mg0107::UIManager	d	a	1		undefined GetCurrentTime(UIManager * this)
710001b760	16	Check	<EXTERNAL>::bq::flag	d	a	1		undefined Check(FLAG param_1)
710001b770	16	GetDeltaTime	<EXTERNAL>::bex::MainModule	d	a	1		undefined GetDeltaTime(void)
710001b780	16	OnJumpEnd	mg0107::ComAI	d	a	1		undefined OnJumpEnd(ComAI * this)
710001b790	16	StartRandomMove	mg0107::ComAI	d	a	1		undefined StartRandomMove(long param_1)
710001b7a0	16	SyncRandRange	<EXTERNAL>::bex::RandModule	d	a	1		undefined SyncRandRange(uint param_1, uint param_2)
710001b7b0	16	SyncRandRangeF	<EXTERNAL>::bex::RandModule	d	a	1		undefined SyncRandRangeF(float param_1, float param_2)
710001b7c0	16	OnRandomJump	mg0107::ComAI	d	a	1		undefined OnRandomJump(long param_1)
710001b7d0	16	IsSandwitchOnTop	mg0107::SandwitchManager	d	a	1		bool IsSandwitchOnTop(undefined1[16] param_1, long param_2)
710001b7e0	16	OnReset	mg0107::ComAI	d	a	1		undefined OnReset(ComAI * this)
710001b7f0	16	OnGameMain	mg0107::ComAI	d	a	1		undefined OnGameMain(ComAI * this)
710001b800	16	FindFromPlayerID	<EXTERNAL>::bq::PlayerWorkHolder	d	a	1		undefined FindFromPlayerID(PlayerID param_1)
710001b810	16	GetPlayerType	<EXTERNAL>::bq::PlayerWork	d	a	1		undefined GetPlayerType(void)
710001b820	16	SetOverlayEnabled	<EXTERNAL>::actor::ComActorPad	d	a	1		undefined SetOverlayEnabled(bool param_1)
710001b830	16	OnGameEnd	mg0107::ComAI	d	a	1		undefined OnGameEnd(ComAI * this)
710001b840	16	SetOverlayStick	<EXTERNAL>::actor::ComActorPad	d	a	1		undefined SetOverlayStick(Vector3f * param_1)
710001b850	16	SetOverlayTrigger	<EXTERNAL>::actor::ComActorPad	d	a	1		undefined SetOverlayTrigger(uint param_1)
710001b860	16	SetOverlayHold	<EXTERNAL>::actor::ComActorPad	d	a	1		undefined SetOverlayHold(uint param_1)
710001b870	16	GetUnitHeight	mg0107::SandwitchManager	d	a	1		undefined4 GetUnitHeight(SandwitchManager * this, undefined1[16] * param_2)
710001b880	16	GetUDLRFieldIdx	mg0107::SandwitchManager	d	a	1		undefined GetUDLRFieldIdx(undefined1[16] param_1, undefined8 param_2, undefined4 * param_3)
710001b890	16	IsSandwitchOnTop	mg0107::SandwitchManager	d	a	1		bool IsSandwitchOnTop(SandwitchManager * this, int param_1)
710001b8a0	16	GetSandwitchFallTime	mg0107::SandwitchManager	d	a	1		undefined4 GetSandwitchFallTime(SandwitchManager * this, int * param_2)
710001b8b0	16	GetFieldPosition	mg0107::SandwitchManager	d	a	1		undefined GetFieldPosition(void)
710001b8c0	16	GetStick	<EXTERNAL>::actor::ComActorPad	d	a	1		undefined GetStick(void)
710001b8d0	16	HitPointToAABB	mg0107::SandwitchManager	d	a	1		bool HitPointToAABB(SandwitchManager * this, Vector3f * param_1)
710001b8e0	16	GetJumpStatus	<EXTERNAL>::actor::ComActor	d	a	1		undefined GetJumpStatus(void)
710001b8f0	16	GetUnitHeight	mg0107::SandwitchManager	d	a	1		undefined4 GetUnitHeight(SandwitchManager * this, uint * param_2)
710001b900	16	IsSadwitchOnTopToPosForMaster	mg0107::ComAI	d	a	1		bool IsSadwitchOnTopToPosForMaster(void)
710001b910	16	StartTargetMove	mg0107::ComAI	d	a	1		undefined StartTargetMove(ComAI * this)
710001b920	16	OnJump	mg0107::ComAI	d	a	1		undefined OnJump(ComAI * this)
710001b930	16	Reserve	<EXTERNAL>::nn::bezel::detail::RcArena	d	a	1		undefined Reserve(void)
710001b940	16	__cxa_allocate_exception		i	d	1		undefined __cxa_allocate_exception()
710001b950	16	__cxa_throw		i	d	1		undefined __cxa_throw()
710001b960	16	__cxa_free_exception		i	d	1		undefined __cxa_free_exception()
710001b970	16	_Unwind_Resume		i	d	1		undefined _Unwind_Resume()
710001b980	16	logic_error	<EXTERNAL>::std::logic_error	d	a	1		undefined logic_error(logic_error * this, char * param_1)
710001b990	16	bad_array_new_length	<EXTERNAL>::std::bad_array_new_length	d	a	1		undefined bad_array_new_length(bad_array_new_length * this)
710001b9a0	16	ComAI	mg0107::ComAI	d	a	1		undefined ComAI(ComAI * this, undefined8 * param_1, undefined4 * param_2)
710001b9b0	16	SetupGame	mg0107::GameManager	d	a	1		undefined SetupGame(GameManager * this)
710001b9c0	16	PlayerManager	mg0107::PlayerManager	d	a	1		undefined PlayerManager(PlayerManager * this)
710001b9d0	16	Setup	mg0107::PlayerManager	d	a	1		undefined Setup(PlayerManager * this)
710001b9e0	16	GameObjectManager	mg0107::GameObjectManager	d	a	1		undefined GameObjectManager(GameObjectManager * this)
710001b9f0	16	Setup	mg0107::GameObjectManager	d	a	1		undefined Setup(GameObjectManager * this)
710001ba00	16	RankManager	mg0107::RankManager	d	a	1		undefined RankManager(RankManager * this)
710001ba10	16	Setup	mg0107::RankManager	d	a	1		undefined Setup(RankManager * this)
710001ba20	16	UIManager	mg0107::UIManager	d	a	1		undefined UIManager(UIManager * this)
710001ba30	16	Setup	mg0107::UIManager	d	a	1		undefined Setup(UIManager * this)
710001ba40	16	Destroy	mg0107::GameManager	d	a	1		undefined Destroy(GameManager * this)
710001ba50	16	Destroy	mg0107::GameObjectManager	d	a	1		undefined Destroy(GameObjectManager * this)
710001ba60	16	Destroy	mg0107::PlayerManager	d	a	1		undefined Destroy(PlayerManager * this)
710001ba70	16	OnGameInstInit	mg0107::GameManager	d	a	1		undefined OnGameInstInit(GameManager * this)
710001ba80	16	OnGameInstInit	mg0107::GameObjectManager	d	a	1		undefined OnGameInstInit(GameObjectManager * this)
710001ba90	16	In	mg0107::UIManager	d	a	1		undefined In(long param_1)
710001baa0	16	OnGameStartBefore	mg0107::GameManager	d	a	1		undefined OnGameStartBefore(GameManager * this)
710001bab0	16	OnGameStartBefore	mg0107::GameObjectManager	d	a	1		undefined OnGameStartBefore(GameObjectManager * this)
710001bac0	16	OnGameOpening	mg0107::GameManager	d	a	1		undefined8 OnGameOpening(GameManager * this)
710001bad0	16	GetOpSandwitchEntity	mg0107::GameObjectManager	d	a	1		undefined GetOpSandwitchEntity(undefined8 * param_1, long param_2)
710001bae0	16	SetOPSandLookat	mg0107::PlayerManager	d	a	1		undefined SetOPSandLookat(PlayerManager * this)
710001baf0	16	OnOpening	mg0107::GameObjectManager	d	a	1		undefined OnOpening(GameObjectManager * this)
710001bb00	16	StartOpSurprise	mg0107::PlayerManager	d	a	1		undefined StartOpSurprise(PlayerManager * this)
710001bb10	16	StartActionIdle	mg0107::PlayerManager	d	a	1		undefined StartActionIdle(PlayerManager * this)
710001bb20	16	OnOpeningStartMoveCamera	mg0107::GameObjectManager	d	a	1		undefined OnOpeningStartMoveCamera(GameObjectManager * this)
710001bb30	16	ResetOPSandLookat	mg0107::PlayerManager	d	a	1		undefined ResetOPSandLookat(PlayerManager * this)
710001bb40	16	OnOpeningStart	mg0107::GameObjectManager	d	a	1		undefined OnOpeningStart(GameObjectManager * this)
710001bb50	16	OnSkipOpening	mg0107::GameObjectManager	d	a	1		undefined OnSkipOpening(GameObjectManager * this)
710001bb60	16	OnGameOpeningSkip	mg0107::GameManager	d	a	1		undefined OnGameOpeningSkip(GameManager * this)
710001bb70	16	OnGameStart	mg0107::GameManager	d	a	1		undefined OnGameStart(GameManager * this)
710001bb80	16	Start	mg0107::UIManager	d	a	1		undefined Start(UIManager * this)
710001bb90	16	OnGameStartAfter	mg0107::GameManager	d	a	1		undefined OnGameStartAfter(GameManager * this)
710001bba0	16	Start	mg0107::PlayerManager	d	a	1		undefined Start(PlayerManager * this)
710001bbb0	16	StartAfter	mg0107::UIManager	d	a	1		undefined StartAfter(UIManager * this)
710001bbc0	16	OnGameMain	mg0107::GameManager	d	a	1		undefined8 OnGameMain(GameManager * this)
710001bbd0	16	AddSandwitch	mg0107::GameManager	d	a	1		undefined AddSandwitch(GameManager * this)
710001bbe0	16	Update	mg0107::GameObjectManager	d	a	1		undefined Update(GameObjectManager * this)
710001bbf0	16	Update	mg0107::PlayerManager	d	a	1		undefined Update(PlayerManager * this, ulong param_1)
710001bc00	16	Update	mg0107::UIManager	d	a	1		undefined Update(void)
710001bc10	16	IsEndTimer	mg0107::UIManager	d	a	1		undefined8 IsEndTimer(UIManager * this)
710001bc20	16	GetActivePlayerCounts	mg0107::PlayerManager	d	a	1		char GetActivePlayerCounts(PlayerManager * this)
710001bc30	16	GameMainEnd	mg0107::GameObjectManager	d	a	1		undefined GameMainEnd(GameObjectManager * this)
710001bc40	16	GetAddSandCount	mg0107::GameManager	d	a	1		undefined8 GetAddSandCount(GameManager * this)
710001bc50	16	AddSandwitch	mg0107::GameObjectManager	d	a	1		undefined AddSandwitch(GameObjectManager * this, int param_1, float * param_2)
710001bc60	16	GetCurrentPhase	mg0107::GameManager	d	a	1		undefined4 GetCurrentPhase(GameManager * this)
710001bc70	16	OnGameEnd	mg0107::GameManager	d	a	1		undefined OnGameEnd(GameManager * this)
710001bc80	16	OnGameEnd	mg0107::PlayerManager	d	a	1		undefined OnGameEnd(PlayerManager * this)
710001bc90	16	SetAllPlayerControlFlag	mg0107::PlayerManager	d	a	1		undefined SetAllPlayerControlFlag(long param_1)
710001bca0	16	Stop	mg0107::UIManager	d	a	1		undefined Stop(UIManager * this)
710001bcb0	16	GetMGEntryPlayerList	<EXTERNAL>::bq::PlayerWorkHolder	d	a	1		undefined GetMGEntryPlayerList(PlayerListSortBy param_1)
710001bcc0	16	IsDead	mg0107::PlayerManager	d	a	1		undefined1 IsDead(PlayerManager * this, uint param_1)
710001bcd0	16	SetEndressTimeStump	mg0107::UIManager	d	a	1		undefined SetEndressTimeStump(UIManager * this, undefined4 * param_1, ulong param_2)
710001bce0	16	OnGameFinish	mg0107::GameManager	d	a	1		undefined OnGameFinish(GameManager * this)
710001bcf0	16	OnGameEndingBefore	mg0107::GameManager	d	a	1		undefined OnGameEndingBefore(GameManager * this)
710001bd00	16	Out	mg0107::UIManager	d	a	1		undefined Out(long param_1)
710001bd10	16	SandwitchDisableAll	mg0107::GameObjectManager	d	a	1		undefined SandwitchDisableAll(GameObjectManager * this)
710001bd20	16	OnVisibleResultSadnwitch	mg0107::Field	d	a	1		undefined OnVisibleResultSadnwitch(Field * this)
710001bd30	16	OnGameEnding	mg0107::GameManager	d	a	1		undefined OnGameEnding(void)
710001bd40	16	IsGameEndingEnd	mg0107::GameManager	d	a	1		undefined8 IsGameEndingEnd(void)
710001bd50	16	GetFieldEntity	mg0107::GameManager	d	a	1		undefined GetFieldEntity(undefined8 * param_1, long * param_2)
710001bd60	16	GetPlayerEntity	mg0107::GameManager	d	a	1		undefined GetPlayerEntity(undefined8 * param_1, long param_2, uint param_3)
710001bd70	16	GameManager	mg0107::GameManager	d	a	1		undefined GameManager(GameManager * this)
710001bd80	16	~GameManager	mg0107::GameManager	d	a	1		undefined ~GameManager(GameManager * this)
710001bd90	16	~GameObjectManager	mg0107::GameObjectManager	d	a	1		undefined ~GameObjectManager(GameObjectManager * this)
710001bda0	16	Field	mg0107::Field	d	a	1		undefined Field(Field * this)
710001bdb0	16	Setup	mg0107::Field	d	a	1		undefined Setup(Field * this)
710001bdc0	16	StartEnvStartWait	mg0107::Field	d	a	1		undefined StartEnvStartWait(Field * this)
710001bdd0	16	SandwitchManager	mg0107::SandwitchManager	d	a	1		undefined SandwitchManager(SandwitchManager * this)
710001bde0	16	Setup	mg0107::SandwitchManager	d	a	1		undefined Setup(SandwitchManager * this)
710001bdf0	16	AddComponent<bq::ComMatter,char_const(&)[34],(void*)0>	nn::bezel::Entity	d	a	1		WeakHandle AddComponent<bq::ComMatter,char_const(&)[34],(void*)0>(long * param_1_00, HandlePtr * param_2, char * param_3)
710001be00	16	AddComponent<bq::ComMatter,char_const(&)[32],(void*)0>	nn::bezel::Entity	d	a	1		WeakHandle AddComponent<bq::ComMatter,char_const(&)[32],(void*)0>(long * param_1_00, HandlePtr * param_2, char * param_3)
710001be10	16	AddComponent<bq::ComMatter,char_const(&)[30],(void*)0>	nn::bezel::Entity	d	a	1		WeakHandle AddComponent<bq::ComMatter,char_const(&)[30],(void*)0>(long * param_1_00, HandlePtr * param_2, char * param_3)
710001be20	16	GetMotion	<EXTERNAL>::bq::ComMatter	d	a	1		undefined GetMotion(void)
710001be30	16	AddAnimationSlot	<EXTERNAL>::actor::ComActorMotion	d	a	1		undefined AddAnimationSlot(StringViewHashPair * param_1)
710001be40	16	AddComponent<bq::ComMatter,char_const(&)[36],(void*)0>	nn::bezel::Entity	d	a	1		WeakHandle AddComponent<bq::ComMatter,char_const(&)[36],(void*)0>(long * param_1_00, HandlePtr * param_2, char * param_3)
710001be50	16	AddComponent<bq::ComMatter,char_const(&)[37],(void*)0>	nn::bezel::Entity	d	a	1		WeakHandle AddComponent<bq::ComMatter,char_const(&)[37],(void*)0>(long * param_1_00, HandlePtr * param_2, char * param_3)
710001be60	16	AddComponent<bq::ComMatter,char_const*&,(void*)0>	nn::bezel::Entity	d	a	1		WeakHandle AddComponent<bq::ComMatter,char_const*&,(void*)0>(long * param_1_00, HandlePtr * param_2, undefined8 * param_3)
710001be70	16	GetBoneSocket	<EXTERNAL>::nn::bezel::ComModel	d	a	1		undefined GetBoneSocket(basic_string_view param_1)
710001be80	16	SetRotation	<EXTERNAL>::nn::bezel::Entity	d	a	1		undefined SetRotation(Quaternion * param_1)
710001be90	16	SetScale	<EXTERNAL>::nn::bezel::Entity	d	a	1		undefined SetScale(Vector3f * param_1)
710001bea0	16	SetVisible	<EXTERNAL>::nn::bezel::ComModel	d	a	1		undefined SetVisible(bool param_1)
710001beb0	16	GetComAnimator	<EXTERNAL>::actor::ComActorMotion	d	a	1		undefined GetComAnimator(void)
710001bec0	16	Play	<EXTERNAL>::nn::bezel::ComAnimator	d	a	1		undefined Play(StringViewHashPair * param_1, StringViewHashPair * param_2)
710001bed0	16	SkipOpeningSandwitchMove	mg0107::SandwitchManager	d	a	1		undefined SkipOpeningSandwitchMove(SandwitchManager * this)
710001bee0	16	CopyPhysicsAttribute	mg0107::SandwitchManager	d	a	1		undefined CopyPhysicsAttribute(SandwitchManager * this)
710001bef0	16	AddSandwitchOnFieldForOpening	mg0107::SandwitchManager	d	a	1		undefined AddSandwitchOnFieldForOpening(SandwitchManager * this)
710001bf00	16	StartEnvStartMove	mg0107::Field	d	a	1		undefined StartEnvStartMove(Field * this)
710001bf10	16	Update	mg0107::SandwitchManager	d	a	1		undefined Update(SandwitchManager * this)
710001bf20	16	GetLowestUnitHeight	mg0107::SandwitchManager	d	a	1		float GetLowestUnitHeight(SandwitchManager * this)
710001bf30	16	UpdateWallPosition	mg0107::Field	d	a	1		undefined UpdateWallPosition(undefined8 param_1, long param_2)
710001bf40	16	InvisibleActiveSandwitch	mg0107::SandwitchManager	d	a	1		undefined InvisibleActiveSandwitch(SandwitchManager * this)
710001bf50	16	Destroy	mg0107::SandwitchManager	d	a	1		undefined Destroy(SandwitchManager * this)
710001bf60	16	AddSandwitchOnField	mg0107::SandwitchManager	d	a	1		undefined AddSandwitchOnField(SandwitchManager * this, float * param_1, int param_2)
710001bf70	16	IsActiveSandwitch	mg0107::SandwitchManager	d	a	1		uint IsActiveSandwitch(SandwitchManager * this, uint param_1)
710001bf80	16	SetDisableSandwitch	mg0107::SandwitchManager	d	a	1		undefined SetDisableSandwitch(SandwitchManager * this, uint param_1)
710001bf90	16	ClearCurrentSandwitchAddUnitNum	mg0107::SandwitchManager	d	a	1		undefined ClearCurrentSandwitchAddUnitNum(SandwitchManager * this)
710001bfa0	16	DisableAll	mg0107::SandwitchManager	d	a	1		undefined DisableAll(SandwitchManager * this)
710001bfb0	16	memset		i	i	1		void * memset(void * __s, int __c, size_t __n)
710001bfc0	16	~Field	mg0107::Field	d	a	1		undefined ~Field(void)
710001bfd0	16	SafeCreate<bq::ComMatter,nn::bezel::HandlePtr<nn::bezel::Entity>const&,char_const(&)[34]>	bex::ComponentUtil	d	a	1		WeakHandle SafeCreate<bq::ComMatter,nn::bezel::HandlePtr<nn::bezel::Entity>const&,char_const(&)[34]>(long * param_1_00, ComponentUtil * this, char * param_3)
710001bfe0	16	SafeCreate<bq::ComMatter,nn::bezel::HandlePtr<nn::bezel::Entity>const&,char_const(&)[32]>	bex::ComponentUtil	d	a	1		WeakHandle SafeCreate<bq::ComMatter,nn::bezel::HandlePtr<nn::bezel::Entity>const&,char_const(&)[32]>(long * param_1_00, ComponentUtil * this, char * param_3)
710001bff0	16	SafeCreate<bq::ComMatter,nn::bezel::HandlePtr<nn::bezel::Entity>const&,char_const(&)[30]>	bex::ComponentUtil	d	a	1		WeakHandle SafeCreate<bq::ComMatter,nn::bezel::HandlePtr<nn::bezel::Entity>const&,char_const(&)[30]>(long * param_1_00, ComponentUtil * this, char * param_3)
710001c000	16	SafeCreate<bq::ComMatter,nn::bezel::HandlePtr<nn::bezel::Entity>const&,char_const(&)[36]>	bex::ComponentUtil	d	a	1		WeakHandle SafeCreate<bq::ComMatter,nn::bezel::HandlePtr<nn::bezel::Entity>const&,char_const(&)[36]>(long * param_1_00, ComponentUtil * this, char * param_3)
710001c010	16	SafeCreate<bq::ComMatter,nn::bezel::HandlePtr<nn::bezel::Entity>const&,char_const(&)[37]>	bex::ComponentUtil	d	a	1		WeakHandle SafeCreate<bq::ComMatter,nn::bezel::HandlePtr<nn::bezel::Entity>const&,char_const(&)[37]>(long * param_1_00, ComponentUtil * this, char * param_3)
710001c020	16	SafeCreate<bq::ComMatter,nn::bezel::HandlePtr<nn::bezel::Entity>const&,char_const*&>	bex::ComponentUtil	d	a	1		WeakHandle SafeCreate<bq::ComMatter,nn::bezel::HandlePtr<nn::bezel::Entity>const&,char_const*&>(long * param_1_00, ComponentUtil * this, undefined8 * param_3)
710001c030	16	GetTopWall	mg0107::Field	d	a	1		undefined GetTopWall(undefined8 * param_1, long param_2)
710001c040	16	GetLowWall	mg0107::Field	d	a	1		undefined GetLowWall(undefined8 * param_1, long param_2)
710001c050	16	ResultEnvStartAnim	mg0107::Field	d	a	1		undefined ResultEnvStartAnim(Field * this)
710001c060	16	ComMatter	<EXTERNAL>::bq::ComMatter	d	a	1		undefined ComMatter(ComMatter * this, HandlePtr * param_1, basic_string_view * param_2, bool param_3)
710001c070	16	Setup	mg0107::Mg0107_Param	d	a	1		undefined Setup(Mg0107_Param * this)
710001c080	16	Load	mg0107::Mg0107_Param	d	a	1		undefined Load(Mg0107_Param * this)
710001c090	16	JsonReader	<EXTERNAL>::nn::bezel::JsonReader	d	a	1		undefined JsonReader(JsonReader * this)
710001c0a0	16	CreateFileView	<EXTERNAL>::nn::bezel::AssetModule	d	a	1		undefined CreateFileView(basic_string_view param_1)
710001c0b0	16	GetContent	<EXTERNAL>::nn::bezel::FileView	d	a	1		undefined GetContent(ulong param_1)
710001c0c0	16	GetFileSize	<EXTERNAL>::nn::bezel::FileView	d	a	1		undefined GetFileSize(void)
710001c0d0	16	ParseJsonString	<EXTERNAL>::nn::bezel::JsonReader	d	a	1		undefined ParseJsonString(char * param_1, ulong param_2)
710001c0e0	16	BeginObject	<EXTERNAL>::nn::bezel::JsonReader	d	a	1		undefined BeginObject(basic_string_view param_1)
710001c0f0	16	Get<float>	<EXTERNAL>::nn::bezel::JsonReader	d	a	1		float Get<float>(basic_string_view param_1)
710001c100	16	Get<int>	<EXTERNAL>::nn::bezel::JsonReader	d	a	1		int Get<int>(basic_string_view param_1)
710001c110	16	EndObject	<EXTERNAL>::nn::bezel::JsonReader	d	a	1		undefined EndObject(void)
710001c120	16	~JsonReader	<EXTERNAL>::nn::bezel::JsonReader	d	a	1		undefined ~JsonReader(JsonReader * this)
710001c130	16	Mg0107_Param	mg0107::Mg0107_Param	d	a	1		undefined Mg0107_Param(void)
710001c140	16	~Mg0107_Param	mg0107::Mg0107_Param	d	a	1		undefined ~Mg0107_Param(void)
710001c150	16	~ComPlayer	mg0107::ComPlayer	d	a	1		undefined ~ComPlayer(ComPlayer * this)
710001c160	16	DamageCheck	mg0107::ComPlayer	d	a	1		undefined DamageCheck(ComPlayer * this)
710001c170	16	SetActionName	<EXTERNAL>::actor::ComActor	d	a	1		undefined SetActionName(ActorHashedString * param_1, bool param_2)
710001c180	16	GetUnderSandwitchPositionY	mg0107::SandwitchManager	d	a	1		float GetUnderSandwitchPositionY(undefined1[16] param_1, SandwitchManager * this)
710001c190	16	SafeGetFxTrigger	<EXTERNAL>::bq::ComMatter	d	a	1		undefined SafeGetFxTrigger(void)
710001c1a0	16	Play	<EXTERNAL>::bex::ComFxTrigger	d	a	1		undefined Play(basic_string_view * param_1)
710001c1b0	16	SetCollisionLayerTestEnabled	<EXTERNAL>::actor::ComActorCollision	d	a	1		undefined SetCollisionLayerTestEnabled(int param_1, bool param_2)
710001c1c0	16	SetInputControlEnabled	<EXTERNAL>::actor::ComActor	d	a	1		undefined SetInputControlEnabled(bool param_1)
710001c1d0	16	AddDeadTime	mg0107::RankManager	d	a	1		undefined AddDeadTime(float param_1, RankManager * this, int * param_3)
710001c1e0	16	~Player	mg0107::Player	d	a	1		undefined ~Player(void)
710001c1f0	16	Setup	mg0107::Player	d	a	1		undefined Setup(Player * this, int * param_1, undefined4 * param_2)
710001c200	16	to_string<int>	bex	d	a	1		basic_string to_string<int>(long * param_1_00, int param_2)
710001c210	16	append	std::basic_string<char,std::char_traits<char>,bex::HeapModule::Allocator_string<char>>	d	a	1		basic_string<char,std::char_traits<char>,bex::HeapModule::Allocator_string<char>> * append(basic_string<char,std::char_traits<char>,bex::HeapModule::Allocator_string<char>> * this, void * param_1, ulong param_2)
710001c220	16	AddComponent<bq::ComMatter,bex::PlayerID_const&,bq::MatterType,(void*)0>	nn::bezel::Entity	d	a	1		WeakHandle AddComponent<bq::ComMatter,bex::PlayerID_const&,bq::MatterType,(void*)0>(long * param_1_00, HandlePtr * param_2, undefined4 * param_3, undefined4 * param_4)
710001c230	16	AddComponent<mg0107::ComPlayer,bex::PlayerID_const&,(void*)0>	nn::bezel::Entity	d	a	1		WeakHandle AddComponent<mg0107::ComPlayer,bex::PlayerID_const&,(void*)0>(long * param_1_00, HandlePtr * param_2, undefined4 * param_3)
710001c240	16	SetActorType	<EXTERNAL>::actor::ComActor	d	a	1		undefined SetActorType(uint param_1)
710001c250	16	EraseAction	<EXTERNAL>::actor::ComActor	d	a	1		undefined EraseAction(ActorHashedString * param_1)
710001c260	16	CallAction	<EXTERNAL>::actor::ComActor	d	a	1		undefined CallAction(ActorHashedString * param_1, bool param_2)
710001c270	16	SetLeverMove	<EXTERNAL>::actor::ComActor	d	a	1		undefined SetLeverMove(ActionLeverMove param_1)
710001c280	16	SetGroundedCheckEnabled	<EXTERNAL>::actor::ComActor	d	a	1		undefined SetGroundedCheckEnabled(bool param_1)
710001c290	16	RegisterAction	<EXTERNAL>::actor::ComActor	d	a	1		undefined RegisterAction(ActorHashedString * param_1, function * param_2)
710001c2a0	16	GetMotion	<EXTERNAL>::actor::ComActor	d	a	1		undefined GetMotion(void)
710001c2b0	16	RemoveAnimation	<EXTERNAL>::actor::ComActorMotion	d	a	1		undefined RemoveAnimation(StringViewHashPair * param_1)
710001c2c0	16	GetCollision	<EXTERNAL>::actor::ComActor	d	a	1		undefined GetCollision(void)
710001c2d0	16	SetSourceSphere	<EXTERNAL>::actor::ActorHitShapeCreateArg	d	a	1		undefined SetSourceSphere(Vector3f * param_1, float param_2)
710001c2e0	16	OnCollisionLayerBit	<EXTERNAL>::actor::ActorHitShapeCreateArg	d	a	1		undefined OnCollisionLayerBit(uint param_1)
710001c2f0	16	SetContactSameEntity	<EXTERNAL>::actor::ActorHitShapeCreateArg	d	a	1		undefined SetContactSameEntity(bool param_1)
710001c300	16	SetHitName	<EXTERNAL>::actor::ActorHitShapeCreateArg	d	a	1		undefined SetHitName(ActorHashedString * param_1)
710001c310	16	CreateShape	<EXTERNAL>::actor::ComActorCollision	d	a	1		undefined CreateShape(ActorHitShapeCreateArg * param_1)
710001c320	16	AddHeading	<EXTERNAL>::bq::ComMatter	d	a	1		undefined AddHeading(void)
710001c330	16	SetupRotation	mg0107::Player	d	a	1		undefined SetupRotation(long param_1)
710001c340	16	AddComponent<mg0107::ComAI,bex::PlayerID&,(void*)0>	nn::bezel::Entity	d	a	1		WeakHandle AddComponent<mg0107::ComAI,bex::PlayerID&,(void*)0>(long * param_1_00, HandlePtr * param_2, undefined4 * param_3)
710001c350	16	init	<EXTERNAL>::std::ios_base	d	a	1		undefined init(void * param_1)
710001c360	16	streambuf	<EXTERNAL>::std::streambuf	d	a	1		undefined streambuf(streambuf * this)
710001c370	16	operator<<	<EXTERNAL>::std::ostream	d	a	1		undefined operator<<(ostream * this, int param_1)
710001c380	16	str	std::basic_stringbuf<char,std::char_traits<char>,bex::HeapModule::Allocator_string<char>>	d	a	1		undefined str(long * param_1, long param_2)
710001c390	16	~streambuf	<EXTERNAL>::std::streambuf	d	a	1		undefined ~streambuf(streambuf * this)
710001c3a0	16	~ostream	<EXTERNAL>::std::ostream	d	a	1		undefined ~ostream(ostream * this)
710001c3b0	16	~ios	<EXTERNAL>::std::ios	d	a	1		undefined ~ios(ios * this)
710001c3c0	16	~basic_ostringstream	std::basic_ostringstream<char,std::char_traits<char>,bex::HeapModule::Allocator_string<char>>	d	a	1		undefined ~basic_ostringstream(basic_ostringstream<char,std::char_traits<char>,bex::HeapModule::Allocator_string<char>> * this)
710001c3d0	16	SafeCreate<bq::ComMatter,nn::bezel::HandlePtr<nn::bezel::Entity>const&,bex::PlayerID_const&,bq::MatterType>	bex::ComponentUtil	d	a	1		WeakHandle SafeCreate<bq::ComMatter,nn::bezel::HandlePtr<nn::bezel::Entity>const&,bex::PlayerID_const&,bq::MatterType>(long * param_1_00, ComponentUtil * this, undefined4 * param_3, undefined4 * param_4)
710001c3e0	16	SafeCreate<mg0107::ComPlayer,nn::bezel::HandlePtr<nn::bezel::Entity>const&,bex::PlayerID_const&>	bex::ComponentUtil	d	a	1		WeakHandle SafeCreate<mg0107::ComPlayer,nn::bezel::HandlePtr<nn::bezel::Entity>const&,bex::PlayerID_const&>(long * param_1_00, ComponentUtil * this, undefined4 * param_3)
710001c3f0	16	SetRotation	<EXTERNAL>::actor::ComActor	d	a	1		undefined SetRotation(Quaternion * param_1)
710001c400	16	SafeCreate<mg0107::ComAI,nn::bezel::HandlePtr<nn::bezel::Entity>const&,bex::PlayerID&>	bex::ComponentUtil	d	a	1		WeakHandle SafeCreate<mg0107::ComAI,nn::bezel::HandlePtr<nn::bezel::Entity>const&,bex::PlayerID&>(long * param_1_00, ComponentUtil * this, undefined4 * param_3)
710001c410	16	Start	mg0107::Player	d	a	1		undefined Start(Player * this)
710001c420	16	OnGameMain	mg0107::Player	d	a	1		undefined OnGameMain(Player * this, ulong param_1)
710001c430	16	PlayJumpAnim	mg0107::SandwitchManager	d	a	1		undefined PlayJumpAnim(undefined1[16] param_1, SandwitchManager * this)
710001c440	16	SetLookAtEntity	mg0107::Player	d	a	1		undefined SetLookAtEntity(long param_1)
710001c450	16	GetHeading	<EXTERNAL>::bq::ComMatter	d	a	1		undefined GetHeading(void)
710001c460	16	SetHeadLookEnabled	<EXTERNAL>::bex::ComHeading	d	a	1		undefined SetHeadLookEnabled(bool param_1)
710001c470	16	SetTargetLookAtEntity	<EXTERNAL>::bex::ComHeading	d	a	1		undefined SetTargetLookAtEntity(WeakHandle * param_1)
710001c480	16	DisableLookAtHead	mg0107::Player	d	a	1		undefined DisableLookAtHead(Player * this)
710001c490	16	Player	mg0107::Player	d	a	1		undefined Player(Player * this)
710001c4a0	16	UpdateSetRank	mg0107::PlayerManager	d	a	1		undefined UpdateSetRank(PlayerManager * this)
710001c4b0	16	SetRank	mg0107::UIManager	d	a	1		undefined SetRank(UIManager * this, undefined4 * param_1, undefined8 param_2, int param_3)
710001c4c0	16	GetDeadAfterRankForEndress	mg0107::RankManager	d	a	1		int GetDeadAfterRankForEndress(RankManager * this, int * param_1)
710001c4d0	16	GetDeadAfterRank	mg0107::RankManager	d	a	1		int GetDeadAfterRank(RankManager * this, int * param_1)
710001c4e0	16	push_back	std::basic_string<char,std::char_traits<char>,bex::HeapModule::Allocator_string<char>>	d	a	1		undefined push_back(basic_string<char,std::char_traits<char>,bex::HeapModule::Allocator_string<char>> * this, basic_string<char,std::char_traits<char>,bex::HeapModule::Allocator_string<char>> param_2)
710001c4f0	16	append	std::basic_string<char,std::char_traits<char>,bex::HeapModule::Allocator_string<char>>	d	a	1		basic_string<char,std::char_traits<char>,bex::HeapModule::Allocator_string<char>> * append(basic_string<char,std::char_traits<char>,bex::HeapModule::Allocator_string<char>> * this, ulong param_1, int param_2)
710001c500	16	__cxa_end_catch		i	d	1		undefined __cxa_end_catch()
710001c510	16	Alloc	<EXTERNAL>::bex::HeapModule	d	a	1		undefined Alloc(HeapID param_1, ulong param_2, int param_3, char * param_4, int param_5, char * param_6, char * param_7)
710001c520	16	memmove		i	i	1		void * memmove(void * __dest, void * __src, size_t __n)
710001c530	16	ComMatter	<EXTERNAL>::bq::ComMatter	d	a	1		undefined ComMatter(ComMatter * this, HandlePtr * param_1, PlayerID param_2, MatterType param_3)
710001c540	16	ComPlayer	mg0107::ComPlayer	d	a	1		undefined ComPlayer(ComPlayer * this, undefined8 * param_1, undefined4 * param_2)
710001c550	16	DefaultActionAnimation	<EXTERNAL>::actor::DefaultActorAction	d	a	1		undefined DefaultActionAnimation(ActionContext * param_1, ActorHashedString * param_2, StringViewHashPair * param_3, StringViewHashPair * param_4)
710001c560	16	~RankManager	mg0107::RankManager	d	a	1		undefined ~RankManager(RankManager * this)
710001c570	16	SetupResult	mg0107::RankManager	d	a	1		undefined4 SetupResult(RankManager * this)
710001c580	16	SetupResultForEndress	mg0107::RankManager	d	a	1		undefined4 SetupResultForEndress(RankManager * this)
710001c590	16	GetRank	mg0107::RankManager	d	a	1		int GetRank(RankManager * this, int * param_1)
710001c5a0	16	~array	std::array<std::unique_ptr<mg0107::SandwitchFieldUnit,std::default_delete<mg0107::SandwitchFieldUnit>>,18ul>	d	a	1		undefined ~array(array<std::unique_ptr<mg0107::SandwitchFieldUnit,std::default_delete<mg0107::SandwitchFieldUnit>>,18ul> * this)
710001c5b0	16	~SandwitchManager	mg0107::SandwitchManager	d	a	1		undefined ~SandwitchManager(SandwitchManager * this)
710001c5c0	16	SandwitchObject	mg0107::SandwitchObject	d	a	1		undefined SandwitchObject(SandwitchObject * this)
710001c5d0	16	Setup	mg0107::SandwitchObject	d	a	1		undefined Setup(SandwitchObject * this, uint param_1)
710001c5e0	16	SetupRigidbody	mg0107::SandwitchObject	d	a	1		undefined SetupRigidbody(SandwitchObject * this)
710001c5f0	16	Deactivate	<EXTERNAL>::nn::bezel::Entity	d	a	1		undefined Deactivate(void)
710001c600	16	EndFall	mg0107::SandwitchObject	d	a	1		undefined EndFall(SandwitchObject * this, ulong param_1)
710001c610	16	to_string	<EXTERNAL>::std	d	a	1		undefined to_string(int param_1)
710001c620	16	append	<EXTERNAL>::std::string	d	a	1		undefined append(char * param_1)
710001c630	16	append	<EXTERNAL>::std::string	d	a	1		undefined append(char * param_1, ulong param_2)
710001c640	16	StartFall	mg0107::SandwitchObject	d	a	1		undefined StartFall(SandwitchObject * this, long * param_1, float * param_2, undefined4 * param_3, char * param_4)
710001c650	16	Activate	<EXTERNAL>::nn::bezel::Entity	d	a	1		undefined Activate(void)
710001c660	16	_internalRemoveComponentByTypeDesc	<EXTERNAL>::nn::bezel::Entity	d	a	1		undefined _internalRemoveComponentByTypeDesc(TypeDesc * param_1)
710001c670	16	PlayAnim	mg0107::SandwitchObject	d	a	1		undefined PlayAnim(undefined4 param_1, SandwitchObject * this, undefined8 * param_3)
710001c680	16	AddComponent<actor::ComActorCollision,,(void*)0>	nn::bezel::Entity	d	a	1		WeakHandle AddComponent<actor::ComActorCollision,,(void*)0>(long * param_1, HandlePtr * param_2)
710001c690	16	SetSourceBox	<EXTERNAL>::actor::ActorHitShapeCreateArg	d	a	1		undefined SetSourceBox(Vector3f * param_1, Vector3f * param_2, Quaternion * param_3)
710001c6a0	16	SetAttackFunction	<EXTERNAL>::actor::ComActorCollision	d	a	1		undefined SetAttackFunction(function * param_1)
710001c6b0	16	Play	<EXTERNAL>::bex::sound::SoundModule	d	a	1		undefined Play(char * param_1, float param_2, char * param_3)
710001c6c0	16	SkipFall	mg0107::SandwitchObject	d	a	1		undefined SkipFall(SandwitchObject * this)
710001c6d0	16	GetUnitNumFromPos	mg0107::SandwitchManager	d	a	1		undefined8 GetUnitNumFromPos(undefined1[16] param_1)
710001c6e0	16	GetLowestUnitNum	mg0107::SandwitchManager	d	a	1		undefined4 GetLowestUnitNum(SandwitchManager * this)
710001c6f0	16	GetRandomUnitNum	mg0107::SandwitchManager	d	a	1		int GetRandomUnitNum(SandwitchManager * this)
710001c700	16	GetHighestPlayerUnitNum	mg0107::SandwitchManager	d	a	1		ulong GetHighestPlayerUnitNum(SandwitchManager * this)
710001c710	16	VisibleModelCompornent	mg0107::SandwitchObject	d	a	1		undefined VisibleModelCompornent(SandwitchObject * this)
710001c720	16	GetCurrentSpeed	mg0107::SandwitchManager	d	a	1		float GetCurrentSpeed(undefined8 param_1_00, float * param_2)
710001c730	16	SetDecalShadowVisible	<EXTERNAL>::bex::gfx::ComModelBuffer	d	a	1		undefined SetDecalShadowVisible(bool param_1)
710001c740	16	SetDecalShadowEnable	<EXTERNAL>::bex::gfx::ComModelBuffer	d	a	1		undefined SetDecalShadowEnable(bool param_1)
710001c750	16	IsVisibleModel	mg0107::SandwitchObject	d	a	1		uint IsVisibleModel(SandwitchObject * this)
710001c760	16	InvisibleModelCompornet	mg0107::SandwitchObject	d	a	1		undefined InvisibleModelCompornet(SandwitchObject * this)
710001c770	16	FireGameEndEffect	mg0107::SandwitchObject	d	a	1		undefined FireGameEndEffect(SandwitchObject * this)
710001c780	16	assign	<EXTERNAL>::std::string	d	a	1		undefined assign(char * param_1)
710001c790	16	GetFxTrigger	<EXTERNAL>::bq::ComMatter	d	a	1		undefined GetFxTrigger(void)
710001c7a0	16	Play3D	<EXTERNAL>::bex::sound::SoundModule	d	a	1		undefined Play3D(char * param_1, Vector3f * param_2, float param_3)
710001c7b0	16	HitAabbPoint	<EXTERNAL>::bex::Collision	d	a	1		undefined HitAabbPoint(CollisionAabb * param_1, Vector3f * param_2, Vector3f * param_3, Vector3f * param_4)
710001c7c0	16	GetPhysicsAttribute	<EXTERNAL>::nn::bezel::ComCollision	d	a	1		undefined GetPhysicsAttribute(void)
710001c7d0	16	CreateBox	<EXTERNAL>::nn::bezel::CollisionShape	d	a	1		undefined CreateBox(Vector3f * param_1)
710001c7e0	16	SetLocalTranslation	<EXTERNAL>::nn::bezel::CollisionShape	d	a	1		undefined SetLocalTranslation(Vector3f * param_1)
710001c7f0	16	CollisionShape	<EXTERNAL>::nn::bezel::CollisionShape	d	a	1		undefined CollisionShape(CollisionShape * this)
710001c800	16	operator=	nn::bezel::detail::Variant<nn::bezel::CollisionShape::Sphere,nn::bezel::CollisionShape::Plane,nn::bezel::CollisionShape::Capsule,nn::bezel::CollisionShape::Box,nn::bezel::CollisionShape::Mesh,nn::bezel::CollisionShape::Complex,nn::bezel::CollisionShape::Collection,nn::bezel::CollisionShape::RuntimeConvexMesh,nn::bezel::CollisionShape::RuntimeTriangleMesh,nn::bezel::CollisionShape::RuntimeHeightField>	d	a	1		Variant<nn::bezel::CollisionShape::Sphere,nn::bezel::CollisionShape::Plane,nn::bezel::CollisionShape::Capsule,nn::bezel::CollisionShape::Box,nn::bezel::CollisionShape::Mesh,nn::bezel::CollisionShape::Complex,nn::bezel::CollisionShape::Collection,nn::bezel::CollisionShape::RuntimeConvexMesh,nn::bezel::CollisionShape::RuntimeTriangleMesh,nn::bezel::CollisionShape::RuntimeHeightField> * operator=(Variant<nn::bezel::CollisionShape::Sphere,nn::bezel::CollisionShape::Plane,nn::bezel::CollisionShape::Capsule,nn::bezel::CollisionShape::Box,nn::bezel::CollisionShape::Mesh,nn::bezel::CollisionShape::Complex,nn::bezel::CollisionShape::Collection,nn::bezel::CollisionShape::RuntimeConvexMesh,nn::bezel::CollisionShape::RuntimeTriangleMesh,nn::bezel::CollisionShape::RuntimeHeightField> * this, long * param_1)
710001c810	16	CreateRigidBody	<EXTERNAL>::nn::bezel::PhysicsModule	d	a	1		undefined CreateRigidBody(RigidBodyCreateArg * param_1)
710001c820	16	AddComponent<nn::bezel::ComRigidBody,nn::bezel::HandlePtr<nn::bezel::RigidBody>,(void*)0>	nn::bezel::Entity	d	a	1		WeakHandle AddComponent<nn::bezel::ComRigidBody,nn::bezel::HandlePtr<nn::bezel::RigidBody>,(void*)0>(long * param_1_00, HandlePtr * param_2, HandlePtr * param_3)
710001c830	16	~CollisionShape	<EXTERNAL>::nn::bezel::CollisionShape	d	a	1		undefined ~CollisionShape(CollisionShape * this)
710001c840	16	Create	<EXTERNAL>::nn::bezel::ComRigidBody	d	a	1		undefined Create(HandlePtr * param_1, HandlePtr * param_2)
710001c850	16	SetupRigidbodyFalled	mg0107::SandwitchObject	d	a	1		undefined SetupRigidbodyFalled(SandwitchObject * this)
710001c860	16	SetPhysicsAttribute	<EXTERNAL>::nn::bezel::ComCollision	d	a	1		undefined SetPhysicsAttribute(int param_1)
710001c870	16	FadeTimeToSec	<EXTERNAL>::bex::sound::SoundModule	d	a	1		undefined FadeTimeToSec(FadeTimePreset param_1)
710001c880	16	Create	<EXTERNAL>::actor::ComActorCollision	d	a	1		undefined Create(HandlePtr * param_1, ActorCollisionCreateArg * param_2, HandlePtr * param_3)
710001c890	16	AnimationName	actor::MotionArg	d	a	1		MotionArg * AnimationName(MotionArg * this, long param_1)
710001c8a0	16	Play	<EXTERNAL>::actor::ComActorMotion	d	a	1		undefined Play(MotionArg * param_1)
710001c8b0	16	~CollisionMesh	<EXTERNAL>::nn::bezel::detail::CollisionMesh	d	a	1		undefined ~CollisionMesh(CollisionMesh * this)
710001c8c0	16	Destroy	nn::bezel::detail::VariantImpl::CtorDtor<nn::bezel::CollisionShape::RuntimeConvexMesh,nn::bezel::CollisionShape::RuntimeTriangleMesh,nn::bezel::CollisionShape::RuntimeHeightField>	d	a	1		undefined Destroy(long param_1, char param_2)
710001c8d0	16	~Complex	<EXTERNAL>::nn::bezel::CollisionShape::Complex	d	a	1		undefined ~Complex(Complex * this)
710001c8e0	16	CopyConstruct	nn::bezel::detail::VariantImpl::CtorDtor<nn::bezel::CollisionShape::Capsule,nn::bezel::CollisionShape::Box,nn::bezel::CollisionShape::Mesh,nn::bezel::CollisionShape::Complex,nn::bezel::CollisionShape::Collection,nn::bezel::CollisionShape::RuntimeConvexMesh,nn::bezel::CollisionShape::RuntimeTriangleMesh,nn::bezel::CollisionShape::RuntimeHeightField>	d	a	1		undefined CopyConstruct(long * param_1, long * param_2, char param_3)
710001c8f0	16	~Collection	nn::bezel::CollisionShape::Collection	d	a	1		undefined ~Collection(Collection * this)
710001c900	16	Destroy	nn::bezel::detail::VariantImpl::CtorDtor<nn::bezel::CollisionShape::RuntimeTriangleMesh,nn::bezel::CollisionShape::RuntimeHeightField>	d	a	1		undefined Destroy(long param_1, char param_2)
710001c910	16	Destroy	nn::bezel::detail::VariantImpl::CtorDtor<nn::bezel::CollisionShape::RuntimeHeightField>	d	a	1		undefined Destroy(long param_1, char param_2)
710001c920	16	CopyConstruct	nn::bezel::detail::VariantImpl::CtorDtor<nn::bezel::CollisionShape::RuntimeConvexMesh,nn::bezel::CollisionShape::RuntimeTriangleMesh,nn::bezel::CollisionShape::RuntimeHeightField>	d	a	1		undefined CopyConstruct(undefined8 * param_1, undefined8 * param_2, char param_3)
710001c930	16	Allocate	<EXTERNAL>::nn::bezel::detail::AllocateSupporter	d	a	1		undefined Allocate(ulong param_1, ulong param_2)
710001c940	16	Deallocate	<EXTERNAL>::nn::bezel::detail::AllocateSupporter	d	a	1		undefined Deallocate(void * param_1)
710001c950	16	HasCastableComponentImpl	<EXTERNAL>::nn::bezel::Entity	d	a	1		undefined HasCastableComponentImpl(TypeDesc * param_1)
710001c960	16	Scene	mg0107::Scene	d	a	1		undefined Scene(Scene * this)
710001c970	16	getStaticTypeinfo	<EXTERNAL>::bq::MinigameScene	d	a	1		undefined getStaticTypeinfo(void)
710001c980	16	Typeinfo	<EXTERNAL>::rtti::Typeinfo	d	a	1		undefined Typeinfo(Typeinfo * this, Typeinfo * param_1, char * param_2, char * param_3, _func_Property_ptr * param_4, _func_void_ptr * param_5, _func_void_void_ptr * param_6, uint param_7, uint param_8, _func_void_void_ptr_Property_ptr_PropertyList_ptr * param_9, _func_bool_void_ptr_Property_ptr_Typeinfo_ptr_uint * param_10)
710001c990	16	Property	<EXTERNAL>::rtti::Property	d	a	1		undefined Property(Property * this)
710001c9a0	16	checkGuiPropDefault	<EXTERNAL>::rtti::Typeinfo	d	a	1		undefined checkGuiPropDefault(void * param_1, Property * param_2, PropertyList * param_3)
710001c9b0	16	createGuiPropDefault	<EXTERNAL>::rtti::Typeinfo	d	a	1		undefined createGuiPropDefault(void * param_1, Property * param_2, Typeinfo * param_3, uint param_4)
710001c9c0	16	getStaticTypeinfo	<EXTERNAL>::bex::SceneParamBase	d	a	1		undefined getStaticTypeinfo(void)
710001c9d0	16	Property	<EXTERNAL>::rtti::Property	d	a	1		undefined Property(Property * this, char * param_1, char * param_2, uint param_3, void * param_4, Type * param_5, int param_6, int param_7, int param_8)
710001c9e0	16	Property	<EXTERNAL>::rtti::Property	d	a	1		undefined Property(Property * this, char * param_1, char * param_2, uint param_3, void * param_4, Type * param_5)
710001c9f0	16	Property	<EXTERNAL>::rtti::Property	d	a	1		undefined Property(Property * this, char * param_1, char * param_2, uint param_3, void * param_4, Value * param_5, uint param_6, uchar param_7)
710001ca00	16	MinigameScene	<EXTERNAL>::bq::MinigameScene	d	a	1		undefined MinigameScene(MinigameScene * this)
710001ca10	16	~MinigameScene	<EXTERNAL>::bq::MinigameScene	d	a	1		undefined ~MinigameScene(MinigameScene * this)
710001ca20	16	~Scene	mg0107::Scene	d	a	1		undefined ~Scene(Scene * this)
710001ca30	16	SetMinigameWinLose	<EXTERNAL>::bq::PlayerWork	d	a	1		undefined SetMinigameWinLose(GameWinLose param_1)
710001ca40	16	SetMinigameRank	<EXTERNAL>::bq::PlayerWork	d	a	1		undefined SetMinigameRank(GameRank param_1)
710001ca50	16	SetPlayer	<EXTERNAL>::bq::MGResult	d	a	1		undefined SetPlayer(PlayerID param_1, WeakHandle param_2)
710001ca60	16	SetModel	<EXTERNAL>::bq::MGResult	d	a	1		undefined SetModel(WeakHandle param_1)
710001ca70	16	ResultSetupFunction	<EXTERNAL>::bq::MGResult	d	a	1		undefined ResultSetupFunction(function * param_1)
710001ca80	16	~UIManager	mg0107::UIManager	d	a	1		undefined ~UIManager(void)
710001ca90	16	IsOpeningSkip	<EXTERNAL>::bq::MGSetting	d	a	1		undefined IsOpeningSkip(MinigameID param_1)
710001caa0	16	AddComponent<bq::ComUiStatus,bq::ComUiStatus::UiStatusType,bq::ComUiStatus::UiStatusMatchType,bq::ComUiStatus::UiStatusPlaceType,(void*)0>	nn::bezel::Entity	d	a	1		WeakHandle AddComponent<bq::ComUiStatus,bq::ComUiStatus::UiStatusType,bq::ComUiStatus::UiStatusMatchType,bq::ComUiStatus::UiStatusPlaceType,(void*)0>(long * param_1_00, HandlePtr * param_2, undefined4 * param_3, undefined4 * param_4, undefined4 * param_5)
710001cab0	16	SetScoreVisible	<EXTERNAL>::bq::ComUiStatus	d	a	1		undefined SetScoreVisible(PlayerID param_1, bool param_2)
710001cac0	16	AddComponent<bq::ComUiCountUpTimer,,(void*)0>	nn::bezel::Entity	d	a	1		WeakHandle AddComponent<bq::ComUiCountUpTimer,,(void*)0>(long * param_1, HandlePtr * param_2)
710001cad0	16	AddComponent<bq::ComUiTimer,bq::ComUiTimer::UiTimerType,(void*)0>	nn::bezel::Entity	d	a	1		WeakHandle AddComponent<bq::ComUiTimer,bq::ComUiTimer::UiTimerType,(void*)0>(long * param_1_00, HandlePtr * param_2, undefined4 * param_3)
710001cae0	16	SetTimer	<EXTERNAL>::bq::ComUiTimer	d	a	1		undefined SetTimer(float param_1)
710001caf0	16	SafeCreate<bq::ComUiStatus,nn::bezel::HandlePtr<nn::bezel::Entity>const&,bq::ComUiStatus::UiStatusType,bq::ComUiStatus::UiStatusMatchType,bq::ComUiStatus::UiStatusPlaceType>	bex::ComponentUtil	d	a	1		WeakHandle SafeCreate<bq::ComUiStatus,nn::bezel::HandlePtr<nn::bezel::Entity>const&,bq::ComUiStatus::UiStatusType,bq::ComUiStatus::UiStatusMatchType,bq::ComUiStatus::UiStatusPlaceType>(long * param_1_00, ComponentUtil * this, undefined4 * param_3, undefined4 * param_4, undefined4 * param_5)
710001cb00	16	SafeCreate<bq::ComUiCountUpTimer,nn::bezel::HandlePtr<nn::bezel::Entity>const&>	bex::ComponentUtil	d	a	1		WeakHandle SafeCreate<bq::ComUiCountUpTimer,nn::bezel::HandlePtr<nn::bezel::Entity>const&>(long * param_1, ComponentUtil * this)
710001cb10	16	SafeCreate<bq::ComUiTimer,nn::bezel::HandlePtr<nn::bezel::Entity>const&,bq::ComUiTimer::UiTimerType>	bex::ComponentUtil	d	a	1		WeakHandle SafeCreate<bq::ComUiTimer,nn::bezel::HandlePtr<nn::bezel::Entity>const&,bq::ComUiTimer::UiTimerType>(long * param_1_00, ComponentUtil * this, undefined4 * param_3)
710001cb20	16	In	<EXTERNAL>::bq::ComUiCountUpTimer	d	a	1		undefined In(bool param_1)
710001cb30	16	Stop	<EXTERNAL>::bq::ComUiCountUpTimer	d	a	1		undefined Stop(void)
710001cb40	16	Out	<EXTERNAL>::bq::ComUiStatus	d	a	1		undefined Out(bool param_1)
710001cb50	16	Out	<EXTERNAL>::bq::ComUiCountUpTimer	d	a	1		undefined Out(bool param_1)
710001cb60	16	Out	<EXTERNAL>::bq::ComUiTimer	d	a	1		undefined Out(bool param_1)
710001cb70	16	StartTimer	<EXTERNAL>::bq::ComUiTimer	d	a	1		undefined StartTimer(void)
710001cb80	16	Start	<EXTERNAL>::bq::ComUiCountUpTimer	d	a	1		undefined Start(bool param_1)
710001cb90	16	SuspendTimer	<EXTERNAL>::bq::ComUiTimer	d	a	1		undefined SuspendTimer(void)
710001cba0	16	IsEndTimer	<EXTERNAL>::bq::ComUiTimer	d	a	1		undefined IsEndTimer(void)
710001cbb0	16	CurrentTime	<EXTERNAL>::bq::ComUiCountUpTimer	d	a	1		undefined CurrentTime(void)
710001cbc0	16	RemainSecond	<EXTERNAL>::bq::ComUiTimer	d	a	1		undefined RemainSecond(void)
710001cbd0	16	SetPlayerRank	<EXTERNAL>::bq::MGMgr	d	a	1		undefined SetPlayerRank(PlayerID param_1, GameRank param_2, bool param_3)
710001cbe0	16	AddComponent<bq::ComUiMGTelop,bq::ComUiMGTelop::UiMGTelopType,(void*)0>	nn::bezel::Entity	d	a	1		WeakHandle AddComponent<bq::ComUiMGTelop,bq::ComUiMGTelop::UiMGTelopType,(void*)0>(long * param_1_00, HandlePtr * param_2, undefined4 * param_3)
710001cbf0	16	Start	<EXTERNAL>::bq::ComUiMGTelop	d	a	1		undefined Start(void)
710001cc00	16	SafeCreate<bq::ComUiMGTelop,nn::bezel::HandlePtr<nn::bezel::Entity>const&,bq::ComUiMGTelop::UiMGTelopType>	bex::ComponentUtil	d	a	1		WeakHandle SafeCreate<bq::ComUiMGTelop,nn::bezel::HandlePtr<nn::bezel::Entity>const&,bq::ComUiMGTelop::UiMGTelopType>(long * param_1_00, ComponentUtil * this, undefined4 * param_3)
710001cc10	16	SetTime	<EXTERNAL>::bq::ComUiStatus	d	a	1		undefined SetTime(PlayerID param_1, float param_2)
710001cc20	16	SetRank	<EXTERNAL>::bq::ComUiStatus	d	a	1		undefined SetRank(PlayerID param_1, GameRank param_2)
710001cc30	16	SetPlayerRecord	<EXTERNAL>::bq::MGRecorder	d	a	1		undefined SetPlayerRecord(PlayerID param_1, float param_2)
710001cc40	16	ComUiStatus	<EXTERNAL>::bq::ComUiStatus	d	a	1		undefined ComUiStatus(ComUiStatus * this, HandlePtr * param_1, UiStatusType param_2, UiStatusMatchType param_3, UiStatusPlaceType param_4)
710001cc50	16	ComUiCountUpTimer	<EXTERNAL>::bq::ComUiCountUpTimer	d	a	1		undefined ComUiCountUpTimer(ComUiCountUpTimer * this, HandlePtr * param_1)
710001cc60	16	ComUiTimer	<EXTERNAL>::bq::ComUiTimer	d	a	1		undefined ComUiTimer(ComUiTimer * this, HandlePtr * param_1, UiTimerType param_2)
710001cc70	16	ComUiMGTelop	<EXTERNAL>::bq::ComUiMGTelop	d	a	1		undefined ComUiMGTelop(ComUiMGTelop * this, HandlePtr * param_1, UiMGTelopType param_2)
710004f000	1	__nnmusl_init_dso	<EXTERNAL>	d	d	1		undefined __nnmusl_init_dso()
7100050000	1	ProtectRelro	nn::ro	a	a	0		undefined ProtectRelro(void * param_1, void * param_2, void * param_3, void * param_4, void * param_5)
7100051000	1	__nnmusl_fini_dso	<EXTERNAL>	d	d	1		undefined __nnmusl_fini_dso()
7100052000	1	__cxa_guard_acquire	<EXTERNAL>	d	d	1		undefined __cxa_guard_acquire()
7100054000	1	__cxa_guard_release	<EXTERNAL>	d	d	1		undefined __cxa_guard_release()
71000ab000	1	operator.delete	<EXTERNAL>	d	a	1		void operator.delete(void * param_1)
71000ac000	1	CreateSceneEntity	<EXTERNAL>::bq::SceneBase	d	a	1		undefined CreateSceneEntity(basic_string_view * param_1)
71000ae000	1	GetDefaultGraphicsLayer	<EXTERNAL>::nn::bezel::GraphicsCoreModule	d	a	1		undefined GetDefaultGraphicsLayer(void)
71000af000	1	GetCamera	<EXTERNAL>::nn::bezel::ComCamera	d	a	1		undefined GetCamera(void)
71000b0000	1	SetCamera	<EXTERNAL>::nn::bezel::GraphicsLayer	d	a	1		undefined SetCamera(WeakHandle * param_1)
71000b1000	1	AbortImpl	<EXTERNAL>::nn::diag::detail	d	a	1		undefined AbortImpl(void)
71000b2000	1	AddAnimation	<EXTERNAL>::actor::ComActorMotion	d	a	1		undefined AddAnimation(StringViewHashPair * param_1, basic_string_view * param_2, bool param_3, AnimatinType param_4, bool param_5, bool param_6)
71000b3000	1	operator.new	<EXTERNAL>	d	a	1		void * operator.new(ulong param_1)
71000b4000	1	strlen	<EXTERNAL>	d	i	1		size_t strlen(char * __s)
71000b5000	1	Play	<EXTERNAL>::actor::ComActorMotion	d	a	1		undefined Play(StringViewHashPair * param_1)
71000b6000	1	SetFrame	<EXTERNAL>::actor::ComActorMotion	d	a	1		undefined SetFrame(float param_1)
71000b7000	1	SetPauseEnabled	<EXTERNAL>::actor::ComActorMotion	d	a	1		undefined SetPauseEnabled(bool param_1)
71000b8000	1	GetTranslation	<EXTERNAL>::nn::bezel::Entity	d	a	1		undefined GetTranslation(void)
71000b9000	1	operator.new	<EXTERNAL>	d	a	1		void * operator.new(ulong param_1, ulong param_2, HeapID param_3)
71000ba000	1	_internalCheckComponentValidity	<EXTERNAL>::nn::bezel::Entity	d	a	1		undefined _internalCheckComponentValidity(HandlePtr * param_1)
71000bb000	1	AddComponentImpl	<EXTERNAL>::nn::bezel::Entity	d	a	1		undefined AddComponentImpl(HandlePtr * param_1)
71000bc000	1	__cxa_begin_catch	<EXTERNAL>	d	d	1		undefined __cxa_begin_catch()
71000bd000	1	terminate	<EXTERNAL>::std	d	a	1		undefined terminate(void)
71000be000	1	Create	<EXTERNAL>::actor::ComActorAutoInterpolation	d	a	1		undefined Create(HandlePtr * param_1)
71000bf000	1	SetTranslation	<EXTERNAL>::nn::bezel::Entity	d	a	1		undefined SetTranslation(Vector3f * param_1)
71000c0000	1	ComMatter	<EXTERNAL>::bq::ComMatter	d	a	1		undefined ComMatter(ComMatter * this, HandlePtr * param_1, MatterType param_2, bool param_3)
71000c5000	1	WaitLightEvent	<EXTERNAL>::nn::os	d	a	1		undefined WaitLightEvent(LightEventType * param_1)
71000c6000	1	SignalLightEvent	<EXTERNAL>::nn::os	d	a	1		undefined SignalLightEvent(LightEventType * param_1)
71000c7000	1	Free	<EXTERNAL>::bex::HeapModule	d	a	1		undefined Free(void * param_1)
71000c8000	1	GetPlayers	<EXTERNAL>::bq::WorkModule	d	a	1		undefined GetPlayers(void)
71000c9000	1	GetPlayerList	<EXTERNAL>::bq::PlayerWorkHolder	d	a	1		undefined GetPlayerList(PlayerListSortBy param_1)
71000ca000	1	GetPlayerID	<EXTERNAL>::bq::PlayerWork	d	a	1		undefined GetPlayerID(void)
71000cb000	1	GetComLevel	<EXTERNAL>::bq::PlayerWork	d	a	1		undefined GetComLevel(void)
71000cc000	1	Check	<EXTERNAL>::bq::flag	d	a	1		undefined Check(FLAG param_1)
71000cd000	1	GetDeltaTime	<EXTERNAL>::bex::MainModule	d	a	1		undefined GetDeltaTime(void)
71000cf000	1	SyncRandRange	<EXTERNAL>::bex::RandModule	d	a	1		undefined SyncRandRange(uint param_1, uint param_2)
71000d0000	1	SyncRandRangeF	<EXTERNAL>::bex::RandModule	d	a	1		undefined SyncRandRangeF(float param_1, float param_2)
71000d1000	1	FindFromPlayerID	<EXTERNAL>::bq::PlayerWorkHolder	d	a	1		undefined FindFromPlayerID(PlayerID param_1)
71000d2000	1	GetPlayerType	<EXTERNAL>::bq::PlayerWork	d	a	1		undefined GetPlayerType(void)
71000d3000	1	SetOverlayEnabled	<EXTERNAL>::actor::ComActorPad	d	a	1		undefined SetOverlayEnabled(bool param_1)
71000d4000	1	SetOverlayStick	<EXTERNAL>::actor::ComActorPad	d	a	1		undefined SetOverlayStick(Vector3f * param_1)
71000d5000	1	SetOverlayTrigger	<EXTERNAL>::actor::ComActorPad	d	a	1		undefined SetOverlayTrigger(uint param_1)
71000d6000	1	SetOverlayHold	<EXTERNAL>::actor::ComActorPad	d	a	1		undefined SetOverlayHold(uint param_1)
71000d7000	1	GetStick	<EXTERNAL>::actor::ComActorPad	d	a	1		undefined GetStick(void)
71000d8000	1	GetJumpStatus	<EXTERNAL>::actor::ComActor	d	a	1		undefined GetJumpStatus(void)
71000d9000	1	Reserve	<EXTERNAL>::nn::bezel::detail::RcArena	d	a	1		undefined Reserve(void)
71000da000	1	__cxa_allocate_exception	<EXTERNAL>	d	d	1		undefined __cxa_allocate_exception()
71000db000	1	~length_error	<EXTERNAL>::std::length_error	d	a	1		undefined ~length_error(length_error * this)
71000dc000	1	__cxa_throw	<EXTERNAL>	d	d	1		undefined __cxa_throw()
71000dd000	1	__cxa_free_exception	<EXTERNAL>	d	d	1		undefined __cxa_free_exception()
71000de000	1	_Unwind_Resume	<EXTERNAL>	d	d	1		undefined _Unwind_Resume()
71000df000	1	logic_error	<EXTERNAL>::std::logic_error	d	a	1		undefined logic_error(logic_error * this, char * param_1)
71000e1000	1	bad_array_new_length	<EXTERNAL>::std::bad_array_new_length	d	a	1		undefined bad_array_new_length(bad_array_new_length * this)
71000e2000	1	~bad_array_new_length	<EXTERNAL>::std::bad_array_new_length	d	a	1		undefined ~bad_array_new_length(bad_array_new_length * this)
71000e3000	1	DestroyImpl	<EXTERNAL>::nn::bezel::Component	d	a	1		undefined DestroyImpl(void)
71000e4000	1	GetDestroyableNodeImpl	<EXTERNAL>::nn::bezel::Component	d	a	1		undefined GetDestroyableNodeImpl(void)
71000e7000	1	GetMGEntryPlayerList	<EXTERNAL>::bq::PlayerWorkHolder	d	a	1		undefined GetMGEntryPlayerList(PlayerListSortBy param_1)
71000e8000	1	~out_of_range	<EXTERNAL>::std::out_of_range	d	a	1		undefined ~out_of_range(out_of_range * this)
71000ea000	1	GetMotion	<EXTERNAL>::bq::ComMatter	d	a	1		undefined GetMotion(void)
71000eb000	1	AddAnimationSlot	<EXTERNAL>::actor::ComActorMotion	d	a	1		undefined AddAnimationSlot(StringViewHashPair * param_1)
71000ec000	1	GetBoneSocket	<EXTERNAL>::nn::bezel::ComModel	d	a	1		undefined GetBoneSocket(basic_string_view param_1)
71000ed000	1	SetRotation	<EXTERNAL>::nn::bezel::Entity	d	a	1		undefined SetRotation(Quaternion * param_1)
71000ee000	1	SetScale	<EXTERNAL>::nn::bezel::Entity	d	a	1		undefined SetScale(Vector3f * param_1)
71000ef000	1	SetVisible	<EXTERNAL>::nn::bezel::ComModel	d	a	1		undefined SetVisible(bool param_1)
71000f0000	1	GetComAnimator	<EXTERNAL>::actor::ComActorMotion	d	a	1		undefined GetComAnimator(void)
71000f1000	1	Play	<EXTERNAL>::nn::bezel::ComAnimator	d	a	1		undefined Play(StringViewHashPair * param_1, StringViewHashPair * param_2)
71000f2000	1	memset	<EXTERNAL>	d	i	1		void * memset(void * __s, int __c, size_t __n)
71000f3000	1	ComMatter	<EXTERNAL>::bq::ComMatter	d	a	1		undefined ComMatter(ComMatter * this, HandlePtr * param_1, basic_string_view * param_2, bool param_3)
71000f4000	1	JsonReader	<EXTERNAL>::nn::bezel::JsonReader	d	a	1		undefined JsonReader(JsonReader * this)
71000f6000	1	CreateFileView	<EXTERNAL>::nn::bezel::AssetModule	d	a	1		undefined CreateFileView(basic_string_view param_1)
71000f7000	1	GetContent	<EXTERNAL>::nn::bezel::FileView	d	a	1		undefined GetContent(ulong param_1)
71000f8000	1	GetFileSize	<EXTERNAL>::nn::bezel::FileView	d	a	1		undefined GetFileSize(void)
71000f9000	1	ParseJsonString	<EXTERNAL>::nn::bezel::JsonReader	d	a	1		undefined ParseJsonString(char * param_1, ulong param_2)
71000fa000	1	BeginObject	<EXTERNAL>::nn::bezel::JsonReader	d	a	1		undefined BeginObject(basic_string_view param_1)
71000fb000	1	Get<float>	<EXTERNAL>::nn::bezel::JsonReader	d	a	1		float Get<float>(basic_string_view param_1)
71000fc000	1	Get<int>	<EXTERNAL>::nn::bezel::JsonReader	d	a	1		int Get<int>(basic_string_view param_1)
71000fd000	1	EndObject	<EXTERNAL>::nn::bezel::JsonReader	d	a	1		undefined EndObject(void)
71000fe000	1	~JsonReader	<EXTERNAL>::nn::bezel::JsonReader	d	a	1		undefined ~JsonReader(JsonReader * this)
71000ff000	1	SetActionName	<EXTERNAL>::actor::ComActor	d	a	1		undefined SetActionName(ActorHashedString * param_1, bool param_2)
