caller	callees
71000000a0	7100000480,71000004e0,71000915c0,71000915d0
7100000200	71000003c0,710006a560,7100079e90,71000915e0
7100000290	71000003c0
71000003c0	71000003c0
7100000480	71000915f0,7100091600
71000004e0	71000915f0,7100091600
7100000530	71000915f0,7100091600
7100000590	71000915f0,7100091600
71000005f0	71000915f0,7100091600
7100000640	71000915f0,7100091600
7100000690	71000915f0,7100091600
71000006f0	71000915f0,7100091600
7100000750	71000915f0,7100091600
71000007b0	71000915f0,7100091600
7100000810	71000915f0,7100091600
7100000870	71000915f0,7100091600
71000008d0	71000915f0,7100091600
7100000930	71000915f0,7100091600
7100000990	71000915f0,7100091600
71000009f0	71000915f0,7100091600
7100000a50	71000915f0,7100091600
7100000aa0	71000915f0,7100091600
7100000af0	71000915f0,7100091600
7100000b40	71000915f0,7100091600
7100000b90	71000915f0,7100091600
7100000bf0	71000915f0,7100091600
7100000c50	71000915f0,7100091600
7100000cb0	71000915f0,7100091600
7100000d10	71000915f0,7100091600
7100000d70	71000915f0,7100091600
7100000dd0	71000915f0,7100091600
7100000e30	71000915f0,7100091600
7100000e90	71000915f0,7100091600
7100000ef0	71000915f0,7100091600
7100000f50	71000915f0,7100091600
7100000fb0	71000915f0,7100091600
7100001010	71000915f0,7100091600
7100001070	71000915f0,7100091600
71000010d0	71000915f0,7100091600
7100001130	71000915f0,7100091600
7100001190	71000915f0,7100091600
71000011f0	71000915f0,7100091600
7100001250	71000915f0,7100091600
71000012b0	71000915f0,7100091600
7100001310	71000915f0,7100091600
7100001370	71000915f0,7100091600
71000013d0	71000915f0,7100091600
7100001430	71000915f0,7100091600
7100001490	71000915f0,7100091600
71000014f0	71000915f0,7100091600
7100001550	71000915f0,7100091600
71000015b0	71000915f0,7100091600
7100001610	71000915f0,7100091600
7100001670	71000915f0,7100091600
71000016d0	71000915f0,7100091600
7100001730	71000915f0,7100091600
7100001790	71000915f0,7100091600
71000017f0	71000915f0,7100091600
7100001850	71000915f0,7100091600
71000018b0	71000915f0,7100091600
7100001910	71000915f0,7100091600
7100001970	71000915f0,7100091600
71000019d0	71000915f0,7100091600
7100001a30	71000915f0,7100091600
7100001a90	71000915f0,7100091600
7100001ae0	71000915f0,7100091600
7100001b30	71000915f0,7100091600
7100001b80	71000915f0,7100091600
7100001bd0	71000915f0,7100091600
7100001c20	71000915f0,7100091600
7100001c70	71000915f0,7100091600
7100001cc0	71000915f0,7100091600
7100001d20	71000915f0,7100091600
7100001d80	71000915f0,7100091600
7100001de0	71000915f0,7100091600
7100001e40	71000915f0,7100091600
7100001ea0	71000915f0,7100091600
7100001f00	71000915f0,7100091600
7100001f60	71000915f0,7100091600
7100001fc0	71000915f0,7100091600
7100002020	71000915f0,7100091600
7100002080	71000915f0,7100091600
71000020e0	71000915f0,7100091600
7100002140	71000915f0,7100091600
71000021a0	71000915f0,7100091600
71000021f0	71000915f0,7100091600
7100002250	71000915f0,7100091600
71000022b0	71000915f0,7100091600
7100002300	71000915f0,7100091600
7100002350	71000915f0,7100091600
71000023a0	71000915f0,7100091600
71000023f0	71000915f0,7100091600
7100002450	71000915f0,7100091600
71000024b0	71000915f0,7100091600
7100002510	71000915f0,7100091600
7100002570	71000915f0,7100091600
71000025d0	71000915f0,7100091600
7100002620	71000915f0,7100091600
7100002670	71000915f0,7100091600
71000026c0	71000915f0,7100091600
7100002710	71000915f0,7100091600
7100002760	71000915f0,7100091600
71000027b0	71000915f0,7100091600
7100002800	71000915f0,7100091600
7100002850	71000915f0,7100091600
71000028a0	71000915f0,7100091600
71000028f0	71000915f0,7100091600
7100002940	71000915f0,7100091600
7100002990	71000915f0,7100091600
71000029e0	71000915f0,7100091600
7100002a30	71000915f0,7100091600
7100002a80	71000915f0,7100091600
7100002ad0	71000915f0,7100091600
7100002b20	71000915f0,7100091600
7100002b70	71000915f0,7100091600
7100002bc0	71000915f0,7100091600
7100002c10	71000915f0,7100091600
7100002c60	71000915f0,7100091600
7100002cb0	71000915f0,7100091600
7100002d00	71000915f0,7100091600
7100002d50	71000915f0,7100091600
7100002da0	71000915f0,7100091600
7100002df0	71000915f0,7100091600
7100002e50	71000915f0,7100091600
7100002eb0	71000915f0,7100091600
7100002f10	71000915f0,7100091600
7100002f70	71000915f0,7100091600
7100002fd0	71000915f0,7100091600
7100003030	71000915f0,7100091600
7100003090	71000915f0,7100091600
71000030f0	71000915f0,7100091600
7100003150	71000915f0,7100091600
71000031b0	71000915f0,7100091600
7100003210	71000915f0,7100091600
7100003270	71000915f0,7100091600
71000032d0	71000915f0,7100091600
7100003320	71000915f0,7100091600
7100003370	71000915f0,7100091600
71000033d0	71000915f0,7100091600
7100003420	71000915f0,7100091600
7100003470	71000915f0,7100091600
71000034c0	71000915f0,7100091600
7100003510	71000915f0,7100091600
7100003560	71000915f0,7100091600
71000035b0	7100091610,7100091620,7100091630
7100003650	7100091640,7100091650
7100003660	7100004cf0,7100005530,7100005bc0,7100006250,71000068e0,7100006f70,7100091660,7100091670,7100091680,7100091690,71000916a0
7100003e3c	71000916b0,71000916c0
7100003e60	71000916e0
7100003e68	71000916f0,7100091700,7100091710,7100091720
7100003fe8	71000917e0
7100003ff0	7100091630,71000917f0,7100091800,7100091810
7100004100	71000917e0,7100091830
71000041d8	7100091630
7100004200	710000bdc0
7100004288	7100091720,7100091860
71000042e8	7100091720,7100091860
7100004390	71000918b0
7100004398	71000918c0,71000918d0,71000918e0,71000918f0,7100091900
7100004498	71000918c0
7100004534	7100091720
7100004540	7100003650,7100004c5c,7100005330,710000bdc0,7100091660,71000918e0,7100091930,7100091940,7100091950,7100091960,7100091970,7100091980,7100091990
71000049fc	7100003650,7100004c5c,7100091940,7100091950,71000919b0
7100004ac8	7100091660,7100091930,71000919d0,71000919e0,71000919f0,7100091a00,7100091a10,7100091a20,7100091a30,7100091a40,7100091a50,7100091a60,7100091a70,7100091a80,7100091a90,7100091aa0,7100091ab0
7100004c34	71000916c0,71000919c0
7100004c5c	7100004c70
7100004c70	7100004cc0,7100091ad0,7100091ae0,7100091af0,7100091b00
7100004cc0	7100091b10
7100004cf0	7100005330,7100091b20,7100091b30
7100004de0	7100091b40,7100091b50
71000050a8	7100004c5c,71000051c8,7100091940,7100091950,7100091b00
71000051c8	7100091660
7100005220	7100091b40
71000054e0	7100091660,7100091a20
7100005530	7100005330,7100091b60,7100091b70
7100005620	7100091b40,7100091b80
71000058e8	7100004c5c,7100005a08,7100091940,7100091950,7100091b00
7100005a08	7100091660
7100005a60	7100091b40
7100005b70	7100091660,7100091a10
7100005bc0	7100005330,7100091b90,7100091ba0
7100005cb0	7100091b40,7100091bb0
7100005f78	7100004c5c,7100006098,7100091940,7100091950,7100091b00
7100006098	7100091660
71000060f0	7100091b40
7100006200	7100091660,7100091a00
7100006250	7100005330,7100091bc0,7100091bd0
7100006340	7100091b40,7100091be0
7100006608	7100004c5c,7100006728,7100091940,7100091950,7100091b00
7100006728	7100091660
7100006780	7100091b40
7100006890	7100091660,71000919f0
71000068e0	7100005330,7100091bf0,7100091c00
71000069d0	7100091b40,7100091c10
7100006c98	7100004c5c,7100006db8,7100091940,7100091950,7100091b00
7100006db8	7100091660
7100006e10	7100091b40
7100006f20	7100091660,71000919e0
7100006f70	7100005330,7100091c20,7100091c30
7100007060	7100091b40,7100091c40
7100007328	7100004c5c,7100007448,7100091940,7100091950,7100091b00
7100007448	7100091660
71000074a0	7100091b40
71000075b0	7100091660,71000919d0
7100007600	7100091660
71000076c4	7100091660,7100091a30
710000773c	7100091660,7100091a40
71000077cc	7100091660,7100091a50
710000785c	7100091660,7100091a60
7100007904	7100091660,7100091a70
7100007994	7100091660,7100091a80,7100091c50
71000079ec	7100091660
7100007a98	7100091660,7100091a90
7100007b40	7100091660,7100091930
7100007bb8	7100091660,7100091930,7100091ab0
7100007c14	71000918e0,71000918f0,7100091c60,7100091c70,7100091c80,7100091c90,7100091ca0,7100091cb0,7100091cc0,7100091cd0
7100007e40	7100004c5c,7100005330,710000bdc0,7100091660,71000918e0,71000918f0,7100091930,7100091940,7100091950,7100091970,7100091990,7100091b40,7100091b50,7100091b80,7100091be0,7100091c10,7100091c60,7100091c70,7100091c80,7100091c90,7100091ca0,7100091cb0,7100091cc0,7100091cd0,7100091ce0,7100091cf0,7100091d00,7100091d10,7100091d20,7100091d30,7100091d40,7100091d50,7100091d60,7100091d70,7100091d80,7100091d90,7100091da0,7100091db0,7100091dc0,7100091dd0,7100091de0,7100091df0
710000a650	7100003650,7100004c5c,7100005330,710000bdc0,710000c7a0,7100091630,7100091660,71000918e0,71000918f0,7100091940,7100091950,7100091990,7100091c40,7100091c60,7100091c70,7100091c80,7100091ca0,7100091cd0,7100091cf0,7100091d00,7100091dd0,7100091de0,7100091e00
710000af2c	7100004c5c,7100091660,7100091940,7100091950
710000b08c	7100004c5c,7100091940,7100091950,7100091d10
710000b1d0	7100091b40
710000b2e0	7100091660
710000b33c	7100004c5c,7100091660,7100091940,7100091950
710000b470	7100091b40
710000b580	710000b820,7100091930,7100091990,7100091e10
710000b820	7100005330,7100091b40
710000b9a0	7100005330,7100091940,7100091b40,7100091e20
710000bb2c	7100004c5c,7100091660,7100091940,7100091950,7100091b00
710000bcc0	7100091b40
710000bdc0	710000be10,7100091ad0,7100091ae0,7100091af0,7100091b00
710000be10	7100091b10
710000be40	7100091b40
710000bf40	7100091b40
710000c050	7100091b40
710000c160	7100091b40
710000c260	7100091b40
710000c370	7100091b40
710000c480	7100091b40
710000c590	7100091b40
710000c690	7100091b40
710000c7a0	7100004c70
710000c7c0	7100091b40
710000c8b4	7100003650,7100004c5c,710000bdc0,7100091660,71000918e0,7100091940,7100091950,7100091960,7100091970
710000cab0	7100091b40
710000cba4	7100004c5c,710000b2e0,7100091940,7100091950,7100091b00
710000cdc0	710000e3d4,7100091630,7100091660,7100091940,7100091e60
710000d230	7100091e60,7100091ea0
710000d4c0	7100003650,710000e3e8,7100091660,7100091940
710000d80c	7100091610,7100091630,7100091ec0
710000d890	7100091630,7100091660
710000d8e8	71000916c0,7100091ed0
710000d910	7100091f00
710000d930	7100091ea0,7100091f10,7100091f20,7100091f30,7100091f40,7100091f50
710000e360	71000916c0,7100091f60
710000e390	7100091f80
710000e3a8	7100091660
710000e3d4	7100004c70
710000e3e8	7100004c70
710000e3fc	7100091610,7100091630,7100091ec0
710000e4c4	7100091630,7100091660
710000e51c	71000916c0,7100091fa0
710000e540	7100091fc0,7100091fd0
710000e5c0	71000916c0,7100091fd0,7100091ff0
710000e6bc	7100092030
710000e73c	7100092050,7100092060
710000e824	7100092090
710000e884	71000920b0
710000e8e0	7100091660,71000916c0,7100091f60,7100091ff0,71000920d0
710000e9cc	71000916c0,71000920c0
710000e9f0	7100091940,7100091f80,71000920e0,71000920f0,7100092100,7100092110,7100092120,7100092130,7100092140
710000f0d0	7100091660,71000920d0
710000f110	7100091e60,7100092140,7100092150,7100092160,7100092170,7100092180,7100092190,71000921a0,71000921b0,71000921c0,71000921d0,71000921e0,71000921f0,7100092200,7100092210,7100092220,7100092230
710000f460	7100003650,7100005330,710000fa44,7100091660,7100091940,71000920d0
710000f800	7100092180,7100092240,7100092250,7100092260,7100092270,7100092280,7100092290,71000922a0,71000922b0
710000fa44	7100004c70
710000fa60	71000102d0,7100010620,7100010820,7100092130
71000102d0	7100010620
7100010c80	7100003650,7100010ff8,7100091630,7100091660,7100091940,71000922c0,71000922d0,71000922e0,71000922f0,7100092300,7100092310
7100010ff8	7100004c70
7100011010	7100091610,71000916c0,7100091ff0,7100092190,71000921e0,7100092280,7100092320,7100092330
7100011158	7100091610,7100091630,71000917c0,7100091ec0
71000112ec	71000916c0,7100092350
7100011310	7100091740,7100092370,7100092380,7100092390,71000923a0
710001137c	71000923c0
71000113f8	71000923c0
7100011480	71000923f0
7100011488	7100091630
71000115d0	7100091630
7100011608	7100091630
7100011674	7100091630
71000116c4	7100091630
7100011724	7100091630
7100011774	7100091630
71000117c4	7100092450
71000117d0	7100091630
7100011910	7100092470
7100011918	7100091630
7100011ac8	7100092490
7100011ad4	71000924b0
7100011adc	7100003650,7100004c5c,7100005330,7100091660,71000918e0,7100091940,7100091950,71000924c0,71000924d0
7100011d20	7100091630
7100011d80	7100091660,7100091f60,7100092500
7100011f7c	71000916c0,71000924f0
7100011fa0	7100091f80
7100011fb8	7100091660,7100092500
7100012020	7100005330,7100091630,7100091660,7100091940,7100092490,71000924c0,71000924d0,7100092510,7100092520,7100092530
71000122a0	7100005330,7100091630,7100091660,7100091940,71000923c0,71000924c0,71000924d0,7100092500,7100092540,7100092550,7100092560,7100092570
7100012970	71000918e0,71000918f0,7100091c60,7100091c90,7100091ca0,7100091cb0,7100091cc0,7100091cd0,7100091ce0,7100091cf0,7100092580,7100092590,71000925a0,71000925b0,71000925c0,71000925d0,71000925e0
7100012b40	7100003650,7100004c5c,7100005330,7100091660,71000918e0,7100091940,7100091950,71000924d0,71000925f0,7100092600,7100092610,7100092620,7100092630,7100092640
7100012f50	7100091dd0,7100092540,7100092650,7100092660
71000132d0	71000134d8,7100091660,7100091940
71000134d8	7100004c70
71000134f0	71000134d8,7100091660,7100091940
71000137f0	7100091b40
71000138f0	7100091b40
7100013a00	7100003650,7100004c5c,7100005330,7100091660,71000918e0,7100091940,7100091950,71000924d0,7100092620,7100092630
7100013f50	71000915f0,7100091600
7100013fa0	7100091610,7100091f10,7100092680
71000140f0	7100092690
7100014170	7100092690
7100014180	71000916c0,71000926a0
71000141e8	71000926b0
7100014234	71000926d0
7100014240	7100003650,7100004c5c,7100005330,7100091660,71000918e0,71000918f0,7100091940,7100091950,7100091970,7100091980,7100091dd0,71000926e0
71000145ec	71000926f0
71000145f4	7100003650,7100004c5c,710000bdc0,7100091660,71000918e0,7100091940,7100091950,7100091960,7100091970
710001485c	7100092720,7100092730,7100092740
71000148e0	7100092720,7100092730,7100092740,7100092760
7100014bc0	7100092750
7100014c14	7100092750
7100014c3c	7100092790
7100014c50	7100092760,71000927a0,71000927b0,71000927c0
7100014fc4	71000927b0,71000927c0
7100015088	71000927f0,7100092800
7100015148	7100092820,7100092830
71000151e4	7100092840,7100092850
7100015288	7100092870
7100015290	7100092850,7100092880
7100015b68	7100092890
7100015b70	71000928a0,71000928b0
7100015c44	7100092890
7100015c78	71000928d0
7100015c80	7100003650,710001aefc,7100091660,7100091940
7100015f5c	71000928e0
7100015f64	71000928f0
7100016288	7100092910,7100092920
71000162ec	7100092930,7100092940,7100092950
710001639c	7100092970
71000163a4	71000918e0,71000918f0,7100092980,7100092990,71000929a0
71000164e8	71000918e0,71000918f0
7100016580	71000929d0,71000929e0
71000165e4	7100092a00
71000165f0	7100092a10,7100092a20
7100016780	71000927c0
7100016790	71000918e0,7100092a40
7100016904	71000927b0
7100016910	71000918e0,7100092a60
7100016a90	7100092a90
7100016aa0	7100092ab0
7100016ba0	7100092ad0,7100092ae0
7100016c24	7100092b00
7100016c30	7100004c5c,7100005330,7100091630,7100091660,71000918e0,71000918f0,7100091930,7100091940,7100091950,7100091970,7100091d30,7100091dd0,71000926e0,7100092b10,7100092b20,7100092b30,7100092b40
7100017398	7100092b60
71000173a0	7100092b70
71000174cc	7100092b80
71000174e0	7100092b90
710001760c	7100092bb0
7100017620	7100092b70,7100092b90
710001778c	7100092bd0
71000177a0	7100092b90,7100092be0
71000178d8	71000928f0
71000178e0	7100092bf0
7100017a98	7100092c00
7100017aa0	7100092c10,7100092c20
7100017c78	7100092c40
7100017c80	7100092c50,7100092c60,7100092c70
7100017ec8	7100092930,7100092940
7100017f34	7100092c90
7100017f40	71000918e0,7100092ca0,7100092cb0,7100092cc0,7100092cd0,7100092ce0,7100092cf0,7100092d00
7100018178	7100092d10
7100018180	71000918e0,7100092ca0,7100092cb0,7100092cc0,7100092cd0,7100092ce0,7100092d20,7100092d30,7100092d40,7100092d50
71000183e8	7100092d60
71000183f0	7100092d70
7100018520	7100092d80
7100018530	7100092d90
7100018660	7100092db0
7100018670	7100092dc0
71000187a0	7100092dd0
71000187b0	7100092de0
71000188e0	7100091610,7100092e00
7100018968	7100092e30
7100018970	7100092e40
7100018aa0	7100092e60
7100018ab0	7100092e70
7100018be0	7100092e90
7100018d34	7100092eb0
7100018d40	71000918e0,7100092ec0
7100018ee8	7100092ee0
7100018ef0	71000918e0,7100092ec0,7100092ef0
71000190c4	7100092f10
71000190d0	71000918e0,71000928b0,7100092f20
7100019298	7100092f40
71000192a0	7100092f50
7100019420	7100091610,7100091630,7100092f60
71000194b8	710001d660,7100091660,7100091ec0,7100092680
7100019718	71000916c0,7100092f70
710001973c	7100092f90
7100019750	7100092fb0
7100019760	7100003650,710001f550,7100091660,7100091940
7100019940	7100092fd0
7100019950	7100003650,7100004c5c,7100005330,7100091660,71000918e0,7100091940,7100091950,7100092fe0,7100092ff0,7100093000,7100093010,7100093020,7100093030,7100093040
7100019bf8	7100091630,7100093060
7100019c14	7100003650,7100004c5c,710000bdc0,7100091660,71000918e0,7100091940,7100091950,7100093070,7100093080
7100019dcc	7100093090
7100019ddc	7100003650,7100004c5c,7100005330,7100091610,7100091630,7100091660,71000918e0,7100091940,7100091950,7100092680,7100093070,7100093080,71000930a0,71000930b0,71000930c0,71000930d0
710001a130	71000222a0,7100091660,71000930e0
710001a240	7100093100
710001a250	7100003650,7100004c5c,7100005330,71000222a0,7100091660,71000918e0,7100091940,7100091950,7100093110,7100093120
710001a524	7100093140
710001a534	7100003650,7100004c5c,710000bdc0,7100091660,71000918e0,7100091940,7100091950,7100093110,7100093150
710001a6ec	7100093160
710001a704	7100003650,7100004c5c,710000bdc0,71000208d0,7100091660,71000918e0,7100091940,7100091950,7100091f10,7100092720,7100093070,7100093080,7100093170,7100093180,7100093190,71000931a0,71000931b0
710001a9a0	7100092750
710001aa60	7100091660,7100091930,71000927b0,71000931b0,71000931e0,71000931f0,7100093200
710001ac54	71000916c0,71000931d0
710001ac78	7100091660
710001adcc	7100091660,7100091930,71000931f0
710001aefc	7100004c70
710001af10	7100093210,7100093220,7100093230,7100093240,7100093250
710001b160	71000918e0,7100093210,7100093260
710001b430	7100091630,7100093270,7100093280,7100093290
710001b668	71000926b0,71000926f0
710001b810	7100003650,7100004c5c,7100005330,710000bdc0,7100091660,71000918e0,71000918f0,7100091940,7100091950,7100091960,7100091970,71000926f0,7100092b10,7100092b30,7100092b40,71000932a0,71000932b0,71000932c0,71000932d0
710001c120	7100003650,7100004c5c,7100091660,7100091940,7100091950
710001c2a0	7100091b40
710001c3a0	7100091b40
710001c640	71000932e0
710001c900	71000932f0,7100093300
710001caa0	7100003650,710001cf88,7100091660,7100091940
710001cc30	7100091660,71000931e0,7100093320,7100093330
710001cd60	71000916c0,7100093310
710001cd90	71000931e0
710001ce20	7100093320,7100093330,7100093340
710001cf88	7100004c70
710001cfa0	7100091660,7100091f60,7100092fb0,7100093200,7100093360,7100093370,7100093380
710001d0e8	71000916c0,7100093350
710001d110	7100003650,7100004c5c,7100091660,7100091940,7100091950,7100091f80,7100092140,71000929a0,71000932e0
710001d660	7100005330,7100093390,71000933a0
710001d750	7100091b40,71000933b0
710001da18	7100004c5c,710001db38,7100091940,7100091950,7100091b00
710001db38	7100091660
710001db90	7100091b40
710001dca0	7100091660,7100093380
710001dcf0	7100091660,7100093360
710001dd40	7100091660,7100093200,7100093370
710001dda0	7100004c5c,7100005330,7100091630,7100091660,71000918e0,71000918f0,7100091940,7100091950,7100091990,7100091b40,7100091c60,7100091c70,7100091c80,7100091ca0,7100091cd0,7100091cf0,7100091d00,7100091d10,7100091dd0,7100091de0,7100092680,7100092fe0,7100093000,7100093020,7100093200,71000933c0
710001f0cc	7100091990
710001f1b0	710001f32c,7100091660,7100091940
710001f32c	7100004c70
710001f340	7100091b40
710001f440	7100091b40
710001f550	7100004c70
710001f570	7100091b40
710001f680	7100004c5c,7100005330,7100091630,7100091660,71000918e0,71000918f0,7100091930,7100091940,7100091950,7100091b40,7100091d30,7100091dd0,71000926e0,7100092b20,7100092b40,7100092d10,7100092d60,7100092d80,7100092db0,7100092dd0,7100093040,71000933d0,71000933e0,71000934b0,71000934c0,71000934d0,71000934e0,71000934f0
710002069c	71000208d0,7100091660,71000918e0,7100092720,7100093170,7100093180,7100093190,71000931a0,71000931b0,71000933d0
7100020798	71000208d0,7100091630,7100091660,71000933d0,71000933e0,7100093510
71000208d0	7100004c5c,7100091940,7100091950
7100020a00	7100091630,7100093280,7100093290,7100093520
7100020be0	7100091630,7100093280,7100093290,7100093530
7100020dc0	7100091630,7100093280,7100093290,7100093540
7100020fb0	7100091630,7100093280,7100093290,7100093550
7100021190	7100091630,7100093280,7100093290,7100093560
7100021370	7100091630,7100093280,7100093290,7100093570
710002154c	7100091610,7100093580
71000216d0	7100091610,7100093590
7100021850	7100091610,71000935a0
71000219d0	7100091610,71000935b0
7100021b50	7100091b40
7100021ca0	7100091660,71000934f0
7100021cf0	7100091630,7100093280,7100093290,71000935c0
7100021ecc	7100091610,71000918e0,71000935d0
7100022080	7100091660
71000226c0	7100091b40
7100022810	7100091b40
7100022920	7100091b40
7100022a14	7100091610,7100091630,71000935f0
7100022aac	7100025af0,7100028360,7100091660,7100091f10,7100093600
7100023034	71000916c0,7100093610
710002305c	7100093640
7100023064	7100003650,7100004c5c,7100005330,7100091660,71000918e0,7100091940,7100091950,7100093650,7100093660
71000232fc	7100093680
7100023304	71000936a0
710002330c	71000916c0,71000936b0,71000936c0
7100023468	7100092ba0
71000234b0	7100026200,7100092430,7100092530,7100092540,7100092560,71000926c0,7100092810,7100092860,71000928c0,7100092a30,7100092a50,7100092c30,7100092df0,71000936d0,71000936e0,71000936f0,7100093700
7100023940	7100092530,7100092810,7100092860,7100092a30,71000936a0,7100093700,7100093710,7100093720,7100093730
7100023c0c	7100092530,7100092540,7100092560,71000926c0,7100092780,7100092810,7100092860,71000928c0,7100092c30,71000936d0,71000936e0,7100093700,7100093740,7100093750,7100093760
71000240a0	7100093720
71000242c8	71000936e0
71000243d0	7100091740,7100092540,7100092560,71000926c0,71000928c0,7100092960,71000929c0,7100092c80,71000936d0,71000936e0,7100093770,7100093780,7100093790,71000937a0,71000937b0,71000937c0,71000937d0,71000937e0
71000248a0	7100091610,71000916c0,7100091820,71000936c0,7100093720,7100093730,71000937f0,7100093800,7100093810,7100093820,7100093830,7100093840,7100093850
7100024bbc	71000916c0,71000936b0,71000936c0,7100093800
7100024c60	7100026594,7100091860,7100093720
7100024ed4	7100091660,71000916c0,71000936b0,71000936c0,7100093870,7100093880,7100093890,71000938a0
7100025180	71000916c0,7100093860
7100025230	7100003650,7100004c5c,7100091660,71000918e0,7100091940,7100091950,71000938b0
7100025320	7100004c5c,7100005330,7100091660,71000918e0,7100091940,7100091950,7100091b00,71000938c0
71000254f0	7100093890,71000938d0
71000256a0	7100092760,71000937a0,71000938d0
7100025aa0	7100091660,7100093890
7100025af0	7100005330,71000938e0,71000938f0
7100025be0	7100091b40,7100093660
7100025ea8	7100004c5c,7100025fc8,7100091940,7100091950,7100091b00
7100025fc8	7100091660
7100026020	7100091b40
7100026130	7100091660,7100093880
7100026180	71000929c0
7100026200	7100092710,7100093900
7100026270	7100091630,7100092540,7100092650,7100092710,7100092960,7100093910
7100026348	7100093720,7100093730,7100093920,7100093930,7100093940,7100093950,7100093960,7100093970,7100093980,7100093990
7100026594	7100093720
710002659c	7100091860,7100092540,7100092560,7100092650,7100092710,7100092810,71000928c0,7100092900,7100092960,71000929c0,7100092ba0,71000936d0,71000939a0
7100026a70	7100091860,7100092810,7100092bc0,7100092e20,71000939a0
7100026b40	7100092540,7100092560,7100092650,7100092710,7100092810,7100092860,71000928c0,7100092960,7100093050,71000936d0,7100093910
7100026d20	7100003650,7100004c5c,7100005330,7100091630,7100091660,71000918e0,7100091940,7100091950,7100091b40,7100091c60,7100091c90,7100091ca0,7100091cb0,7100091cc0,7100091cd0,7100092580,7100092590,71000925a0,71000925b0,71000925c0,71000925d0,71000925e0,7100092760,7100092b20,71000933e0,71000939b0,71000939c0,71000939d0,71000939e0
71000274a4	7100092540,7100092560,7100092aa0,7100092ac0,71000939f0,7100093a00
7100027560	7100091630,7100093280,7100093290,7100093a10
7100027740	7100091630,7100093280,7100093290,7100093a20
710002791c	7100091610,7100093a30
7100027aa0	7100091610,71000918e0,7100093a40
7100027c40	7100091b40
7100027d50	7100003650,710002834c,7100091660,7100091940,7100093a50,7100093a60,7100093a70,7100093a80,7100093a90
710002834c	7100004c70
7100028360	7100005330,7100093aa0,7100093ab0
7100028450	7100091b40,71000938c0
7100028718	7100004c5c,7100028838,7100091940,7100091950,7100091b00
7100028838	7100091660
7100028890	7100091b40
71000289a0	7100091660,7100093870
71000289f0	7100091b40
7100028af0	7100091b40
7100028be4	7100091610,7100091630,7100093ad0
7100028c7c	7100091680,7100091ec0,7100092680,7100093ae0,7100093af0,7100093b00,7100093b10,7100093b20
7100028f38	71000916c0,7100093b30
7100028f5c	7100093b50
7100028f64	7100091740,7100093b60,7100093b70,7100093b80,7100093b90,7100093ba0,7100093bb0
7100029084	7100091630
71000290b8	7100091630
71000290ec	7100091630
7100029154	7100093c00
710002915c	7100004c5c,7100091660,71000918e0,7100091940,7100091950,7100093c10
7100029370	7100093c80
7100029378	7100003650,7100004c5c,7100091660,71000918e0,7100091940,7100091950,7100093c90,7100093ca0
71000297a0	7100093b10,7100093d70,7100093d80,7100093d90,7100093da0
71000298c0	7100093b10,7100093d80,7100093d90,7100093db0,7100093dc0
71000299f0	7100091660,7100091f60,7100093bb0,7100093de0,7100093df0
7100029b88	71000916c0,7100093dd0
7100029bf0	7100091e60,7100091f80,7100092140,7100093e10,7100093e20
7100029de4	7100093dd0
7100029dec	71000916c0,7100093dd0
7100029e14	7100093e00
7100029e20	7100091660,7100093e30,7100093e40,7100093e50,7100093e60
7100029fd0	7100003650,7100004c5c,7100091660,71000918e0,7100091940,7100091950,71000933c0
710002a0f0	71000918e0,71000918f0,7100091dd0
710002a1a4	7100003650,7100004c5c,7100091660,71000918e0,7100091940,7100091950,71000933c0
710002a2c4	71000918e0,71000918f0,7100091dd0
710002a37c	7100091660,7100093de0
710002a3cc	7100091660,7100093bb0
710002a420	71000922f0,7100093740,7100093b10,7100093dc0,7100093e70,7100093e80,7100093e90,7100093ea0,7100093eb0,7100093ec0
710002a660	7100003650,7100004c5c,7100091660,7100091680,71000918e0,7100091940,7100091950,71000933c0,7100093af0,7100093ed0
710002a9c0	7100003650,7100004c5c,7100091660,7100091680,71000918e0,7100091940,7100091950,71000933c0,7100093b00,7100093ed0
710002ad20	7100003650,7100004c5c,7100005330,7100091660,71000918e0,7100091940,7100091950,7100091b40,7100091c60,7100091c90,7100091ca0,7100091cb0,7100091cc0,7100091cd0,7100091cf0,7100091dd0,7100091de0,7100092580,7100092590,71000925a0,71000925b0,71000925c0,71000925d0,71000925e0,7100093a80,7100093ca0,7100093ee0,7100093ef0,7100093f00
710002c7e0	7100004c5c,7100091660,71000918e0,7100091940,7100091950,7100093e40,7100093e60,7100093f10,7100093f20,7100093f30,7100093f40
710002d220	7100091680,7100093a80,7100093f50
710002d340	7100091b40
710002d450	7100005330,7100091940,7100093f60
710002d590	7100091b40
710002d6a0	7100003650,7100004c5c,7100091660,7100091940,7100091950
710002d900	7100004c5c,7100091940,7100091950,7100093a90
710002daf8	7100003650,7100004c5c,7100091660,7100091940,7100091950
710002dd60	71000222a0,7100091660,7100091b40
710002df10	7100091b40
710002e004	7100091610,7100091630
710002e154	71000916c0,7100093f80
710002e178	7100093f90
710002e180	7100005330,710000bdc0,7100091630,7100091660,71000918e0,7100091940,7100091f10,7100092740,7100092d70,7100092d90,7100092de0,71000933e0,7100093410,7100093fa0,7100093fb0,7100093fc0,7100093fd0,7100093fe0,7100093ff0,7100094000,7100094010,7100094020,7100094030
710002eb28	7100094040
710002eb60	7100094050
710002ec90	710000bdc0
710002ed34	7100094070
710002ed40	7100091660,7100092730,7100092740,7100092b30,71000932b0,71000932c0,7100093fe0,7100094080
710002efbc	7100094090
710002efd0	71000918e0,7100092b20
710002f1c8	71000940a0
710002f1d0	71000918e0,7100092b20
710002f3c8	71000940b0
710002f558	7100093fe0
710002f560	7100092760,71000940c0
710002f708	71000940d0,71000940e0
710002f7c8	71000940e0,71000940f0
710002f888	7100094100
710002f890	7100093ff0,7100094000
710002fb78	7100094110
710002fb80	7100092bf0,7100093ff0,7100094000
710002fe2c	71000940c0
710002fe40	7100092830,7100092850,71000928b0,7100093ff0,7100094000
7100030544	7100003650,7100035534
7100030614	7100094120
7100030620	7100003650,7100004c5c,7100005330,710000bdc0,7100035548,71000355b8,7100091660,71000918e0,71000918f0,7100091940,7100091950,7100091960,7100091970,7100091b40,7100092b30,71000932b0,71000932c0,7100094130,7100094140,7100094150
7100030d94	71000918e0,71000918f0,7100094120
7100030dfc	7100094160
7100030e10	71000932e0
7100030f3c	7100094170
7100030f50	7100092a20
7100031094	7100094180
71000310a0	71000918e0,7100092a40
7100031208	7100094190
7100031210	71000918e0,7100092a60
7100031378	71000940e0
7100031380	71000918e0,7100092ca0,7100092cb0,7100092cc0,7100092cd0,7100092ce0,7100092d20,7100092d30,7100092d40,7100092d50
71000315e8	7100093910
7100031658	71000941a0
71000316b8	7100093910
7100031720	7100092930,7100092940
7100031790	71000918e0,7100093210,7100093220,7100093240,7100093250
7100031a80	7100092930,7100092940
7100031af0	71000918e0,7100093210,7100093260
7100031ca4	7100092950
7100032028	7100091610,7100091630
7100032148	71000941c0
71000321cc	71000941c0
7100032200	71000916c0,71000941d0
7100032224	71000941e0
7100032230	710000bdc0,7100091630,71000941f0
7100032404	7100094210,7100094220
7100032544	7100094210
710003254c	7100003650,7100035534,71000918e0,71000918f0,7100092930,7100092940,71000940e0,71000940f0,7100094260,7100094270
710003281c	7100094220
7100032830	710000bdc0,71000940d0,71000940e0,71000941f0,7100094290,71000942a0,71000942b0
7100032ad4	7100092560,7100093fe0
7100032b34	71000942f0
7100032b3c	71000940d0,71000940e0,71000942b0
7100032c78	7100094310
7100032c80	71000940e0,71000940f0,7100094260
7100032e28	71000942a0
7100032e30	7100092810,7100092860,71000928c0,71000940c0,7100094370
7100032ef4	7100003650,7100035534
7100032fb8	7100094290
7100032fc0	7100003650,7100004c5c,710000bdc0,7100091660,71000918e0,71000918f0,7100091940,7100091950,7100091960,7100094120,71000943a0,71000943b0
710003341c	71000918e0,71000918f0,7100094120
7100033494	7100094160
71000334b0	7100094170
71000334c8	7100094180
71000334e0	7100094190
71000334f8	7100094420
7100033500	7100092540,7100092560,7100092780,71000927e0,7100092810,7100092860,7100092960
710003370c	7100094460
7100033714	7100091f20,7100092710,7100092a30,7100092a50,7100094180,7100094190,7100094470
710003387c	7100093910
71000338f8	71000941a0
7100033964	7100093910
71000339d8	7100092930,7100092940
7100033a50	7100091610,7100091630,71000944c0
7100033af0	7100091740,71000917b0,7100091ec0,71000922f0,7100092300,7100093ae0,71000944d0
7100033d04	71000916c0,71000944e0
7100033d28	7100094500
7100033d38	7100091630,7100091920,7100094510
7100033e80	7100091610,7100091630,7100091940,71000941e0,7100094530
7100033f68	7100091630
7100033fc0	710000bdc0,7100091630
710003416c	7100094570
7100034180	7100094570
7100034194	71000941f0
71000341b0	7100005330,710000bdc0,7100091630,7100091940,7100092730,7100093fe0
710003466c	7100094270
7100034680	7100005330,7100091630,7100091940,7100093fe0,7100094070
710003482c	7100004c5c,71000918e0,7100091940,7100091950
71000348e0	7100091660,71000945a0,71000945b0
7100034ab0	71000916c0,7100094590
7100034ad4	7100091660,71000945a0
7100034b14	7100091660,71000945b0
7100034b60	7100091630,7100093280,7100093290,71000945c0
7100034d40	7100091630,71000918e0,7100093280,7100093290,71000945d0
7100034f58	7100091610,71000945e0
71000350e0	71000354a0,7100035520,7100091660,7100091940,7100091b00,7100094020
7100035300	7100004c5c,7100091660,7100091940,7100091950,7100091b00
71000354a0	7100091660
7100035520	7100004c70
7100035534	710000bdc0
7100035548	71000918e0,71000918f0
710003557c	710000bdc0,71000945f0
71000355b8	710000bdc0
71000355d0	7100091b40
71000356d0	7100091b40
71000357e0	7100091660,7100092930,7100092940,7100094260,7100094270
71000358e8	71000916c0,7100094600
710003590c	7100092a50,7100093fe0,7100094190
71000359ec	7100003650,71000355b8,71000918e0,71000918f0,7100091b40,7100092540,7100092560,7100092780,7100092810,7100092860,71000928c0,7100092960,7100093fe0,7100094260,7100094370
7100035bf0	7100091b40
7100035cf0	7100091b40
7100035e00	7100003650,7100004c5c,7100005330,7100037c58,7100091660,71000918e0,71000918f0,7100091940,7100091950,7100091970,7100091990,7100091b40,7100091c60,7100091c70,7100091c80,7100091ca0,7100091cd0,7100091cf0,7100091d00,7100092680,71000926e0,7100092fe0,71000943b0,7100094610,7100094620,7100094630
7100037130	7100091660,7100091f60,7100093df0,7100094650,7100094660,7100094670,7100094680
7100037200	71000916c0,7100094640
7100037230	7100091f20,7100091f80,7100092560,7100092710,7100092740,7100092760,71000927e0,7100092810,7100092860,7100092a30,7100092a40,7100092a50,7100092a60,71000932e0,7100094120,71000942b0,7100094420,7100094470,71000946a0
7100037c20	7100094640
7100037c28	71000916c0,7100094640
7100037c50	7100094690
7100037c58	7100004c70
7100037c6c	7100091660
7100037cc0	7100037f60,7100091990,7100094610,71000946b0
7100037f60	7100005330,7100091b40
71000380dc	7100091660,7100094610
7100038130	7100005330,7100091b40,71000946c0
7100038260	7100004c5c,7100037c6c,7100091940,7100091950,7100091b00
7100038380	7100005330,7100091660,7100091940,71000946d0
7100038580	7100091660,7100091930,71000946e0,71000946f0
710003862c	7100091660,71000946d0
710003866c	7100091660,7100094660,71000946d0
71000386b8	7100091660,7100094670
7100038708	7100091660,7100094610,71000946e0
7100038754	7100091660,71000946f0
71000387f0	7100093ff0,7100094000
7100038990	7100005330,7100091610,7100091940,7100093f90,7100094040,7100094090,7100094120,71000946d0,7100094700,7100094710
7100039430	7100005330,7100091940,71000946d0
7100039800	7100091660
7100039a20	7100094210,7100094220
7100039ba8	7100091ec0
7100039c20	7100091660,7100091f60
7100039dd0	7100091f80
7100039e08	7100092140
7100039e44	7100091660,7100091990
710003a000	7100003650,7100004c5c,71000355b8,7100091660,71000918e0,7100091940,7100091950,7100091b40
710003a380	7100091660
710003a400	7100003650,7100004c5c,7100091660,71000918e0,7100091940,7100091950
710003a5a4	7100091990
710003a6a4	7100091f80
710003a918	7100091f80
710003ab40	7100091610,7100091630,7100091ec0,7100092680,7100093ae0,7100094780,7100094790
710003ad20	71000916c0,71000947a0
710003ad44	71000947c0
710003ad4c	7100092540,7100092a70,7100092ed0,71000947d0,71000947e0,71000947f0,7100094800,7100094810,7100094820
710003ae44	71000947d0,71000947e0,71000947f0
710003ae94	7100094850
710003aea0	71000931b0,71000931e0,7100094860,7100094870,7100094880,7100094890
710003b0c8	71000948a0,71000948b0
710003b0d8	7100092560
710003b110	71000948f0
710003b120	71000923d0,7100092730,7100092740,71000927a0
710003b31c	7100094900
710003b330	7100003650,7100004c5c,7100005330,710000bdc0,7100091660,7100091790,71000918e0,7100091940,7100091950,7100091db0,7100092c10,7100092c20,7100094910,7100094920,7100094930
710003b8c0	7100091660,7100091f60,71000931b0,71000931e0,7100093df0,7100094860,7100094870,7100094880,7100094890
710003bbb8	71000916c0,7100094940
710003bc20	71000918e0,7100091950,7100091f80,7100092100,7100092180,7100092190,7100092430,7100092530,7100092540,7100092560,7100092810,7100092860,7100092a40,7100092a60,7100092a80,7100092e50,7100092e80,7100092f00,7100094860,7100094960,7100094970,7100094980,7100094990
710003c438	7100094940
710003c440	71000916c0,7100094940
710003c468	7100094950
710003c470	71000923b0,7100092560,7100092740,71000927a0
710003c5f0	71000923b0,7100092730,71000927a0
710003c7d0	7100003650,7100004c5c,710000bdc0,7100091660,71000918e0,7100091940,7100091950,7100094920,7100094930
710003c990	7100092b70,71000932a0,71000932e0,71000949a0,71000949b0
710003cc40	71000918e0,7100092a40,7100092a60
710003cde0	7100091b40
710003cee0	7100091b40
710003cff0	7100091660,7100091930,7100094880
710003d04c	7100091660,7100094890
710003d09c	7100092190,7100092560,7100092ac0,71000948a0,71000948b0,71000949c0,71000949d0
710003d328	7100092540,7100092560,7100092810,7100092aa0,7100092ea0,7100092f00,71000939f0,7100093a00
710003d460	7100003650,7100004c5c,7100005330,7100091660,7100091770,7100091870,71000918e0,7100091930,7100091940,7100091950,71000919a0,7100091b40,7100091d30,7100091f10,71000926e0,7100092740,7100092b20,7100092b90,7100092be0,7100093040,71000932a0,71000932d0,71000933e0,71000934c0,71000934d0,71000934e0,71000934f0,71000939c0,71000939d0,7100094930,71000949e0,71000949f0,7100094a00
710003e140	7100005330,7100091660,7100091780,7100091870,71000918e0,71000919a0,7100091f10,7100092720,71000927a0,7100092980,7100092c10,7100093170,7100093180,7100093190,71000931a0,71000931b0,7100093260,7100094920,7100094930,7100094a00,7100094a10,7100094a20,7100094a30
710003e680	7100003650,710003ec68,7100091660,71000917a0,7100091940
710003e844	7100004c5c,710003e97c,7100091940,7100091950,7100091b00
710003e97c	7100091660,7100091930
710003e9e0	7100091b40
710003eaf0	7100004c5c,710003ec1c,7100091940,7100091950,7100091b00
710003ec1c	7100091660
710003ec68	7100004c70
710003ec80	7100091b40
710003ed74	7100091610,7100091630,7100094a50
710003ee10	7100091ec0,7100091f10,7100092680,71000933e0,71000939b0,7100093ae0,7100094790,7100094a60,7100094a70,7100094a80,7100094a90,7100094aa0
710003f360	71000916c0,7100094ab0
710003f384	7100091870,7100094ad0
710003f3b8	7100094ae0
710003f3c0	7100003650,710000bdc0,7100091660,7100091750,7100091870,71000919a0,7100091d60,7100094af0,7100094b00
710003f48c	7100094b10
710003f494	71000948e0
710003f4cc	7100094b20
710003f4e0	7100091660,7100091750,71000919a0,71000923d0,7100092480
710003f608	7100091860,7100091910,7100094840,7100094b10
710003f66c	71000918a0
710003f684	7100094b60
710003f690	7100091860,7100094830,7100094ae0
710003f6c8	7100094b80
710003f6d0	7100091630,7100094a70,7100094a90,7100094aa0,7100094b90
710003f914	7100003650,710000bdc0,7100091750,7100091d60,7100094af0
710003f9a0	7100003650,710000bdc0,7100091750,7100091d60,7100094af0
710003fa1c	7100094be0
710003fa24	7100003650,7100004c5c,710000bdc0,7100091660,7100091750,71000918e0,7100091940,7100091950,7100091d60,7100094af0
710003fc10	7100094be0
710003fc78	7100091630,7100094c20
710003fd10	7100091630,7100094c20
710003fd70	7100003650,710000bdc0,7100091750,7100091d60,7100094af0
710003fdec	7100094c20
710003fec4	7100094cc0
710003fecc	7100003650,7100004c5c,7100091660,7100091750,71000918e0,7100091940,7100091950,7100094af0
710003ffcc	7100094c20
710003ffe0	7100003650,7100004c5c,710000bdc0,71000355b8,7100091630,7100091660,7100091750,71000918e0,71000918f0,7100091940,7100091950,7100091990,7100091b40,7100091d60,71000924a0,7100092a20,7100092b30,7100092b90,7100092be0,71000939d0,7100094ae0,7100094af0,7100094cd0
710004066c	7100094cf0
7100040680	7100092b30,7100094d00,7100094d10,7100094d20
71000409c4	7100094d60
71000409d0	7100091630,7100094a90
7100040ba4	7100094580
7100040bc0	7100094580
7100040bd8	7100094580
7100040c58	7100094cd0
7100040cb0	7100094a70,7100094dd0
7100040db0	7100094a70,7100094b10,7100094b90
7100040e1c	7100094a70,7100094ae0,7100094b90
7100040e90	7100091660,7100091f60,7100093df0,7100094a70,7100094aa0
71000410d4	71000916c0,7100094e00
7100041140	7100003650,710000bdc0,7100091630,7100091750,7100091b40,7100091e60,7100091f80,7100092140,71000921c0,7100092a20,7100092b70,71000931c0,71000932e0,7100094560,71000948d0,71000948e0,7100094a70,7100094a90,7100094be0,7100094dd0,7100094e20,7100094e30,7100094e40,7100094e50,7100094e60,7100094e70,7100094e80,7100094e90,7100094ea0,7100094eb0,7100094ec0,7100094ed0
7100041a30	7100094e00
7100041a38	71000916c0,7100094e00
7100041a60	7100094e10
7100041ac0	7100091630,7100094a90,7100094ee0,7100094ef0,7100094f00,7100094f10,7100094f20,7100094f30,7100094f40,7100094f50,7100094f60,7100094f70
7100041de0	7100003650,710000bdc0,7100091630,7100091660,7100091750,7100091990,7100091d60,71000921a0,71000921d0,71000922e0,71000924e0,7100094a90,7100094af0,7100094f70,7100094f80,7100094f90,7100094fa0,7100094fb0,7100094fc0
7100042660	7100091630,7100091e60,7100092140,71000921c0,7100094a90,7100094f70,7100094fa0,7100094fc0,7100094fd0
7100043170	7100092140,7100094a90,7100094e70
7100043340	7100091630,7100094a90,7100094fa0,7100094fc0
71000435c0	7100094a90,7100094fa0,7100094fd0,7100094fe0,7100094ff0
71000448e0	7100091b40
71000449e0	7100003650,7100004c5c,7100091660,7100091750,71000918e0,7100091940,7100091950,71000919a0,7100092b20,71000933c0
7100044ed0	7100003650,710000bdc0,7100091630,7100091660,7100091760,71000918e0,71000918f0,7100091990,71000919a0,7100091b40,7100091d70,7100091dd0,7100091f10,71000926e0,7100092b20,71000932d0,71000933e0,71000934c0,71000934e0,71000939c0,71000939d0,7100094b10,7100095000
7100045a10	7100091b40
7100045b10	7100094a90,7100094fa0
7100045cec	7100003650,7100004c5c,7100091940,7100091950
7100045e90	7100091660,7100095040,7100095050,7100095060,7100095070
7100046204	7100095060
710004624c	71000916c0,7100095080
7100046290	7100003650,71000355b8,71000918e0,7100091b40
7100046330	7100091b40
7100046444	7100095060
7100046508	7100095060
71000465c0	7100092140
7100046670	7100005330,71000498e0,7100091630,7100091660,7100095090,71000950a0,71000950b0
71000468cc	7100003650,7100004c5c,7100005330,7100049938,7100091660,71000918e0,7100091940,7100091950,71000950a0
7100046adc	7100091630,7100091940,71000950c0
7100046b94	7100091630
7100046bc0	7100091660
7100046df4	7100003650,7100004c5c,7100005330,7100091660,71000918e0,7100091940,7100091950,71000950d0,71000950e0
7100047190	7100003650,7100004c5c,7100091660,71000918e0,7100091940,7100091950,71000950d0
7100047280	7100049e90,7100049e94,7100049f48,7100049f4c,710004a004,710004a008,710004a0bc,710004a0c0,710004a124,710004a128,710004a1dc,710004a1e0,710004a244,710004a248,710004a2d4,710004a2d8,710004a364,710004a368,710004a3d0,710004a3d4,710004a478,710004a47c,710004a570,710004a574,710004a5ec,710004a5f0,710004a670,710004a674,710004a774,710004a778,710004a7f0,710004a7f4
71000478a0	7100091e60,71000921c0,7100094de0
71000479b4	7100092530,7100094de0
7100047a54	71000941b0
7100047a68	7100003650,7100004c5c,7100091940,7100091950
7100047b4c	7100091660
7100047b70	71000916c0,7100095150
7100047b9c	7100091610,7100091630,7100091ec0,7100092680,7100093ae0
7100047d04	71000916c0,7100095160
7100047d2c	7100095190
7100047d40	7100091660
7100047f30	7100091660
7100047ff0	7100091660
71000480ec	7100091660
71000483d8	7100095210
71000484fc	7100095220
710004850c	7100003650,7100004c5c,710000bdc0,7100091660,71000918e0,7100091940,7100091950,7100095230,7100095240
71000486cc	7100095260
71000486e0	7100003650,7100004c5c,7100005330,7100091660,71000918e0,7100091940,7100091950,7100095240
7100048894	7100095280
71000488b0	7100091660,7100091940,7100095060
7100048a68	71000952a0
7100048a80	7100091660,7100091940
7100048c88	7100091990
7100048d28	7100091660,7100095050
7100048d78	7100091660,7100095070
7100048e00	7100091660,7100091f60,7100093df0,71000952c0
7100049028	71000916c0,71000952b0
7100049090	7100091f80,71000952d0
71000490b0	71000952b0
71000490b8	71000916c0,71000952b0
71000490e0	7100091f80,71000952d0
7100049100	7100091660,71000952c0
7100049150	7100091660,7100091940
7100049320	7100091b40
7100049420	7100091b40
7100049530	7100091b40
7100049630	7100091b40
7100049740	7100004c5c,7100049860,7100091940,7100091950,7100091b00
7100049860	7100091660
71000498e0	7100091ad0,7100091ae0
7100049914	71000916c0,71000952e0
7100049aa0	7100004c5c,7100091660,7100091940,7100091950,7100091b00
7100049c30	7100091b40
7100049d30	7100091b40
7100049e44	71000952f0
7100049e94	71000916c0
7100049efc	71000952f0
7100049f4c	71000916c0
7100049fb8	71000952f0
710004a008	71000916c0
710004a070	71000952f0
710004a0c0	71000916c0
710004a0d8	71000952f0
710004a128	71000916c0
710004a190	71000952f0
710004a1e0	71000916c0
710004a1f8	71000952f0
710004a248	71000916c0
710004a288	71000952f0
710004a2d8	71000916c0
710004a318	71000952f0
710004a368	71000916c0
710004a384	71000952f0
710004a3d4	71000916c0
710004a3d8	7100095260
710004a42c	71000952f0
710004a47c	71000916c0
710004a480	7100095220
710004a524	71000952f0
710004a574	71000916c0
710004a578	7100091860
710004a5a0	71000952f0
710004a5f0	71000916c0
710004a624	71000952f0
710004a674	71000916c0
710004a728	71000952f0
710004a778	71000916c0
710004a7a4	71000952f0
710004a7f4	71000916c0
710004a820	71000915f0,7100091600
710004a880	71000915f0,7100091600
710004a8e0	71000915f0,7100091600
710004a938	7100095020
710004a970	71000922e0,7100095030,7100095310
710004a9cc	71000916c0,7100095320
710004a9f0	71000922e0,71000922f0,7100095330,7100095340,7100095350,7100095360
710004aa84	71000922e0,7100095310
710004aac4	710005f678,710005f67c,71000950f0
710004ab4c	7100091610,71000922e0,7100095130,7100095250,7100095370,7100095380,7100095390,71000953a0,71000953b0,71000953c0,71000953d0,71000953e0
710004ae80	7100091660,71000953f0,7100095400,7100095410
710004ba84	7100003650,7100004c5c,7100091610,7100091660,7100091850,7100091940,7100091950,71000953f0,7100095410,7100095420
710004c5e4	7100003650,7100004c5c,7100091660,71000918e0,7100091940,7100091950,7100094370,7100094bd0,7100094cb0,71000953f0,7100095410
71000501e8	7100091610,7100091660,7100094370,7100095340,7100095400,7100095410,7100095430,7100095440
710005146c	7100091610,7100091660,7100095340,7100095410,7100095430,7100095440,7100095450
71000549f0	710005b4b8,710005b4bc,710005b598,710005b59c,7100095130
7100054b40	7100003650,7100004c5c,7100091660,71000918e0,7100091940,7100091950
7100054f4c	7100003650,7100004c5c,7100091660,71000918e0,7100091940,7100091950
7100055378	7100091610,7100091850,7100091990,7100092540,7100092560,71000926c0,7100092710,71000928c0,7100092960,7100094370,7100095130,7100095470,7100095480
7100055f50	7100095130,7100095490
71000561a8	710005f328,710005f32c,710005f5c4,710005f5c8,7100092540,7100092560,71000926c0,7100095130
7100056330	71000954a0
710005634c	7100095020
7100056384	71000916c0,71000954b0
71000563a8	7100091610,7100091660,7100091850,71000922e0,7100095130,7100095380,7100095390
71000566a8	7100095020
71000566e0	71000916c0,71000954c0
7100056704	7100091610,7100091660,71000922e0,7100095130,7100095380,7100095390
7100056afc	7100095020
7100056b3c	71000916c0,71000954d0
7100056b60	7100091610,7100091660,71000922e0,7100095130,7100095370,7100095380,7100095390
7100056e68	7100095020
7100056ec0	71000916c0,71000954e0
7100056ee4	7100003650,7100004c5c,7100091610,7100091660,71000918e0,7100091940,7100091950,71000922e0,7100095130,7100095370,7100095380,7100095390,71000954f0
7100058404	71000588e8,71000588ec,71000589e4,71000589e8,7100058a54,7100058a58,7100058b58,7100058b5c,7100058c24,7100058c28,7100058cd4,7100058cd8,7100058da8,7100058dac
71000586e4	7100091660,7100093960,7100094d90,7100094da0,7100094df0,7100095140
71000587dc	71000916c0,7100095500
7100058800	7100093960
7100058894	71000952f0
71000588f0	7100095510
71000588f8	71000918e0,71000918f0,7100093960,7100094ca0
71000589a8	71000952f0
71000589ec	7100094ba0
7100058a00	71000952f0
7100058a5c	7100093960
7100058b04	71000952f0
7100058b60	7100091630,7100094d80
7100058bd0	71000952f0
7100058c2c	7100094da0
7100058c80	71000952f0
7100058cdc	7100092190,7100094df0
7100058d54	71000952f0
7100058db0	7100092190,7100094df0
7100058e24	7100059cd8,7100059cdc,7100059dc4,7100059dc8,7100059e7c,7100059e80,7100059f48,7100059f4c,710005a000,710005a004,710005a0b8,710005a0bc,710005a174,710005a178,710005a23c,710005a240,710005a2d4,710005a2d8,710005a3c0,710005a3c4,710005a4a8,710005a4ac,710005a56c,710005a570,710005a640,710005a644,710005a724,710005a728,710005a7a8,710005a7ac,710005a85c,710005a860,710005a924,710005a928,710005a9dc,710005a9e0,710005aa70,710005aa74,710005ab30,710005ab34,710005abe8,710005abec,710005ad14,710005ad18,710005ae2c,710005ae30,710005aed8,710005aedc,710005afb0,710005afb4,710005b070,710005b074
7100059870	71000922e0,71000937c0,7100094db0,7100095140,7100095310,7100095380,7100095530,7100095540,7100095550,7100095560,7100095570,7100095580,7100095590,71000955a0,71000955b0
7100059c00	71000916c0,7100095520
7100059c24	71000955c0,71000955d0
7100059c84	71000952f0
7100059ce0	7100091630,71000922e0,7100095380
7100059d70	71000952f0
7100059dcc	71000937c0
7100059e28	71000952f0
7100059e84	71000955e0
7100059ef4	71000952f0
7100059f50	71000922e0,71000955e0
7100059fac	71000952f0
710005a008	71000937c0
710005a064	71000952f0
710005a0c0	7100095560
710005a120	71000952f0
710005a17c	71000922e0,71000955f0
710005a1e8	71000952f0
710005a280	71000952f0
710005a2dc	7100094db0,7100094f80
710005a36c	71000952f0
710005a3c8	7100095530
710005a454	71000952f0
710005a4b0	7100095600,7100095610
710005a518	71000952f0
710005a574	71000922e0,7100095580
710005a5ec	71000952f0
710005a648	71000922e0,7100095620
710005a6d0	71000952f0
710005a72c	7100095630
710005a754	71000952f0
710005a7b0	7100095640
710005a808	71000952f0
710005a864	7100095640
710005a8d0	71000952f0
710005a92c	7100095650
710005a988	71000952f0
710005a9e4	7100095570
710005aa1c	71000952f0
710005aa78	7100095540
710005aadc	71000952f0
710005ab38	7100095550
710005ab94	71000952f0
710005abf0	7100095660
710005abf8	7100091630,7100095350,7100095590
710005acc0	71000952f0
710005ad1c	7100095670
710005ad24	7100091630,7100095310,7100095360
710005add8	71000952f0
710005ae34	71000955a0,7100095680
710005ae84	71000952f0
710005aee0	71000955b0
710005af5c	71000952f0
710005afb8	7100095340
710005b01c	71000952f0
710005b078	71000922e0,7100095690
710005b0e0	71000921d0,71000922e0,7100092460,7100094f80,7100094f90,71000956a0,71000956b0
710005b2c0	7100091660,7100092a30,7100092a50,7100095140,71000956d0
710005b3d4	71000916c0,71000956c0
710005b3f8	71000956e0,71000956f0
710005b464	71000952f0
710005b4c0	7100091990
710005b544	71000952f0
710005b5d0	7100091660,7100091950,7100092540,7100092560,7100092770,7100092780,7100092810,7100092860,7100092960,7100092a30,7100092a50,7100094d50,7100095100,7100095110,71000956d0,7100095700,7100095710,7100095720
710005b950	7100003650,710005bb70,7100091610,7100091660,7100091940,7100092540,7100092560,7100092da0
710005bb70	7100004c70
710005bb90	71000932f0,7100093300
710005bd18	710005c5a8,710005c5ac,710005c614,710005c618,710005dda0,710005dda4,710005de50,710005de54,710005df04,710005df08
710005bf30	7100091660,7100091930,7100092a50,7100095140,7100095740
710005c104	71000916c0,7100095730
710005c128	7100092140,7100092810,7100092860,7100094d50,7100095100,7100095110,7100095750
710005c2a0	7100091b40
710005c3b0	71000931a0
710005c3d0	7100093320,7100093330
710005c490	71000916c0,7100093320,7100093330
710005c554	71000952f0
710005c5c0	71000952f0
710005c61c	7100095760
710005c674	7100003650,7100004c5c,7100091660,71000918e0,71000918f0,7100091940,7100091950,7100095770
710005cc40	7100003650,7100004c5c,7100005330,710000bdc0,7100091660,71000918e0,7100091940,7100091950,7100091960,7100091970,7100092960,71000929b0,7100092a30,7100095460,7100095780
710005d024	7100092140,7100092560,71000927d0,71000929b0,7100092c30,71000939a0,7100095770
710005d2ec	7100091e60,7100092140,7100092560,7100092c30
710005d4e4	7100092140,7100095770
710005d5d8	7100091610,7100091ec0,7100092140,7100092a30,7100093050,7100095770,7100095790
710005d7b0	7100092560
710005d860	7100091e60,7100092140,71000921c0
710005da00	7100091b40
710005daf4	7100091630,7100092540,7100092700,7100092710,7100092900,7100092960
710005dbfc	7100091f60
710005dc8c	71000916c0,7100091f60
710005dd30	7100091f80
710005dd4c	71000952f0
710005dda8	7100095770
710005ddfc	71000952f0
710005de58	7100092a30
710005deb0	71000952f0
710005df70	7100091660,7100095740
710005dfe8	7100092a30,7100092a50,71000957a0
710005e218	71000918e0,71000918f0,7100092a30,7100092a50
710005e2c4	710005e920,710005e924,710005efb8,710005efbc,710005f0f0,710005f0f4
710005e420	7100091660,7100095140
710005e608	71000916c0,71000957b0
710005e630	7100092810,7100092860,71000929c0,71000929f0,7100095100,7100095110,71000957c0
710005e8cc	71000952f0
710005e928	71000957d0
710005e970	710005ef4c,7100091610,7100091660,71000918e0,7100091940,7100092540,7100092650,7100092810,7100092860,7100092960,71000929f0,7100092c10,7100092e10,7100093260,7100094060,71000942c0,7100095100,7100095110,71000954a0,71000957c0,71000957e0,71000957f0,7100095800
710005ef08	7100091630
710005ef4c	7100004c70
710005ef64	71000952f0
710005efc0	71000957d0
710005f09c	71000952f0
710005f100	71000929c0
710005f204	7100095140
710005f264	71000916c0,7100095140
710005f2d4	71000952f0
710005f330	7100095810
710005f36c	7100092560,7100092710,7100092bf0,7100094480,7100095120,71000954a0
710005f570	71000952f0
710005f5cc	7100092960
710005f62c	71000952f0
710005f67c	71000916c0
710005f680	7100093e80
710005f708	7100091610,7100091630,7100095860
710005f7a0	7100062580,7100091660,7100093600
710005fb4c	71000916c0,7100095870
710005fb70	7100091610,71000916c0,7100095890,71000958a0
710005fbdc	71000958c0
710005fbe4	7100003650,7100004c5c,7100005330,7100091660,71000918e0,7100091940,7100091950,71000958d0,71000958e0
710005fe6c	7100093680
710005fe74	71000936a0
710005fef4	71000955a0,7100095950
710005ff48	7100091860,7100094780,7100094df0,7100095960
710005ffd4	7100091860,71000936d0,7100094df0,7100095970
7100060074	7100091860,7100094df0,7100095970
7100060100	7100091860,71000918e0,71000918f0,7100093a80,7100093bf0,7100093c70,7100094730,7100095980,7100095990,71000959a0,71000959b0
7100060210	7100062d88,7100091610,71000916c0,7100091860,7100091880,7100091890,7100092080,71000922e0,7100093670,7100093690,71000936a0,7100093710,71000937c0,7100093960,7100093a80,7100093c40,7100093c50,7100094730,7100094760,7100094780,7100094ce0,7100094df0,7100095180,71000951e0,71000955a0,7100095620,7100095950,7100095960,7100095980,7100095990,71000959a0,71000959c0,71000959d0,71000959e0,71000959f0,7100095a00,7100095a10,7100095a20,7100095a30,7100095a40,7100095a50,7100095a60,7100095a70,7100095a80,7100095a90,7100095aa0,7100095ab0,7100095ac0,7100095ad0,7100095ae0,7100095af0,7100095b00,7100095b10,7100095b20,7100095b30,7100095b40,7100095b50,7100095b60,7100095b70,7100095b80,7100095b90,7100095ba0,7100095bb0,7100095bc0,7100095bd0,7100095be0,7100095bf0,7100095c00
7100060f80	7100091860,7100093670,7100093690,7100093710,7100094730,7100094b30,7100094df0,71000951a0,71000951b0,71000951c0,7100095980,7100095990,71000959a0,7100095a00,7100095c10,7100095c20,7100095c30,7100095c40,7100095c50,7100095c60,7100095c70
7100061320	7100091610,71000916c0,7100091860,7100091880,71000918e0,71000918f0,7100092080,7100092100,71000922e0,71000936a0,71000937b0,71000937c0,71000937f0,7100093800,7100093960,7100093a80,7100093cb0,7100093ce0,7100093d00,7100093d20,7100094730,7100094760,7100094770,7100094780,7100094b30,7100094b40,7100094b50,7100094b70,7100094c10,7100094ce0,7100094db0,7100094dc0,7100094df0,7100094f80,71000951b0,71000951f0,7100095960,7100095980,7100095990,71000959a0,71000959c0,71000959d0,7100095a00,7100095ad0,7100095ae0,7100095af0,7100095b00,7100095b10,7100095b20,7100095bc0,7100095c10,7100095c70,7100095c80,7100095c90,7100095ca0,7100095cb0,7100095cc0,7100095cd0,7100095ce0,7100095cf0
7100061ca0	7100091820,7100091860,7100091890,71000918e0,71000918f0,7100093a80,7100093b10,7100093c70,7100093cb0,7100093cf0,7100093d30,7100093e10,7100093ea0,7100093eb0,71000951b0,71000951f0,7100095950,7100095a30,7100095b40,7100095b50,7100095c10,7100095d00
71000621d0	7100091660,71000916c0,7100091860,71000938a0,71000958a0,7100095ae0,7100095d20
7100062288	71000916c0,7100095d10
71000622ac	7100095d30
71000622c0	7100003650,7100004c5c,7100091660,71000918e0,7100091940,7100091950,71000958d0
71000623b0	7100004c5c,7100005330,7100091660,71000918e0,7100091940,7100091950,7100091b00,71000958e0
7100062580	7100005330,7100095d40,7100095d50
7100062670	7100091b40,71000958e0
7100062938	7100004c5c,7100062a58,7100091940,7100091950,7100091b00
7100062a58	7100091660
7100062ab0	7100091b40
7100062bc0	7100091660,7100095d20
7100062c10	71000916c0,7100091860,7100093680,71000936a0,7100093db0,7100095a40,7100095ab0,7100095ae0,7100095b20,7100095bd0,7100095d60,7100095d70
7100062cf4	71000936a0,7100093960,7100094ce0
7100062d88	71000916c0,7100095ae0
7100062dd0	7100095cc0,7100095cd0,7100095ce0
7100062e54	7100093eb0
7100062ee0	71000937b0,7100094b30,7100094b40,7100094b50,7100094b70
7100062f6c	71000936a0,7100094c10,7100094ce0,7100094db0,7100094dc0
710006300c	7100095d80,7100095d90
7100063160	7100091b40
7100063254	7100091610,7100091630,7100095db0
71000632f0	7100095dc0,7100095dd0,7100095de0,7100095df0,7100095e00
7100063574	71000916c0,7100095e10
710006359c	7100095df0
71000635b0	7100091630,7100095e30,7100095e40,7100095e50,7100095e60
71000636e0	7100091630
710006370c	7100091630
7100063738	7100091630
7100063764	7100095e90
710006376c	7100003650,7100004c5c,710000bdc0,7100091660,71000918e0,7100091940,7100091950,7100095ea0
7100063870	7100095eb0
7100063878	7100003650,7100004c5c,710000bdc0,7100091660,71000918e0,7100091940,7100091950,7100095ec0
710006397c	7100095ed0
7100063984	7100003650,7100004c5c,710000bdc0,7100091660,71000918e0,7100091940,7100091950,7100095ee0
7100063ac4	7100093b10
7100063b0c	7100091680,7100095f10
7100063bd0	7100003650,7100004c5c,7100005330,7100091660,71000918e0,7100091940,7100091950,7100092ff0,7100093010,7100093030,7100093040,7100094010
71000646e0	7100003650,7100004c5c,7100005330,7100091660,71000918e0,7100091940,7100091950,7100093fb0,7100095ea0,7100095ec0,7100095ee0,7100095f40,7100095f50
7100064c70	71000222a0,7100091630,7100091660,7100093db0,7100093dc0,7100095dc0,7100095e30,7100095e40,7100095e50,7100095f60,7100095f70
7100065248	7100091660,7100091940,7100095f80
7100066b34	7100095fa0,7100095fb0,7100095fc0,7100095fd0
7100066be4	71000916c0,7100095f90
7100066c10	7100005330,7100091940,7100095fa0
7100066d4c	7100095fa0
7100066da8	71000916c0,7100095fa0
7100066de0	7100091660,7100095fa0
7100066e20	7100091b40
7100066f30	7100091b40
7100067040	7100091b40
7100067150	71000222a0,7100091630,7100091660,7100095fe0
71000672d0	7100005330,71000222a0,7100091660,7100091940
710006754c	7100091660,7100095fb0
710006759c	7100091660,7100095fc0
71000675ec	7100091660,7100095fd0
710006763c	7100091610,71000922f0,7100095e70
710006776c	71000916c0,7100096000
7100067790	7100093dc0
7100067920	7100096090
7100067ad0	71000960d0,71000960e0
7100067b1c	7100091610,7100091630,7100091ec0
7100067c70	71000916c0,71000960f0
7100067c94	7100096110
7100067ca0	7100003650,710006a540,7100091610,7100091660,71000917b0,7100091810,7100091940,71000923e0,7100092400,7100096120
7100067e78	7100093e10,7100096140
7100067f80	7100093dc0
7100068368	7100096090
71000685c0	7100096220
7100068620	71000960d0,71000960e0
71000686d0	7100096240
71000686e0	7100093b10,7100093dc0,71000960d0,71000960e0
7100068850	7100096250
7100068860	71000960d0,71000960e0
7100068960	7100091660,7100091f60
7100068a3c	71000916c0,7100096260
7100068a60	7100091f80,7100092140,7100093dc0,7100095d80,7100095ef0,7100096220,7100096270,7100096280
7100068d00	7100003650,7100037c58,71000695ec,7100091660,7100091860,7100091940,7100096290
71000695ec	7100004c70
7100069600	7100069d50,710006a050,710006a1d0,7100096290
7100069d50	710006a050
710006a540	7100004c70
710006a560	71000915f0,7100091600
710006a5b0	7100091610,71000962b0
710006a638	7100091610,7100091630,71000916c0,7100091e60,7100091e70,71000921c0,71000922d0,71000922f0,7100092430,7100092530,7100092680,7100094330,7100094350,7100094360,7100094390,7100094520,7100094a60,7100095800,7100095e70,71000962c0,71000962d0,71000962e0,71000962f0,7100096300
710006afc0	71000916c0,7100096310
710006b008	7100091fe0,7100092000
710006b044	7100096320
710006b04c	71000921a0,7100092430,7100094330,7100094340,7100094350,7100096060
710006b140	7100096330
710006b188	7100092430,7100094320,7100094330
710006b200	7100094340,7100094350,7100094de0
710006b270	7100092210
710006b27c	7100096340
710006b284	7100092210,7100093b10,7100093b20,71000942d0,7100094c60
710006b3d0	7100096350
710006b3d8	7100092200,71000942d0,71000951e0,7100096170,7100096180
710006b4c8	7100092430,7100094320
710006b4f0	7100094340
710006b508	7100091850,7100092040
710006b5ac	71000942d0
710006b5b8	71000942e0,7100096360
710006b5f8	7100094300,7100096360
710006b66c	7100096370
710006b678	7100095330
710006b684	7100096380
710006b6c0	7100092430,7100094330
710006b7cc	7100092020
710006b7d8	71000943e0
710006b83c	7100096390
710006b844	7100094390,71000963a0
710006b8bc	7100094390,71000943c0,71000963a0
710006b96c	71000963c0,71000963d0
710006b9a0	71000963f0
710006b9a8	7100092530,7100096410
710006bad4	7100092530,7100096410
710006bc00	71000943f0
710006bc0c	7100094400
710006bc18	7100094410
710006bc24	7100094430
710006bc30	7100091610,7100091630,7100091ec0,7100092680,7100093ae0
710006bdf8	71000916c0,7100096430
710006be1c	7100096450
710006be30	7100003650,7100005330,7100037c58,7100075804,710007760c,7100091610,7100091660,71000916c0,71000917b0,7100091940,7100096460,7100096470,7100096480,7100096490
710006c4c0	7100091630
710006c580	7100096190
710006c5b4	71000964a0
710006c5c0	7100091fe0,7100092000
710006c730	7100096330
710006c7b0	7100096320
710006c824	7100092210
710006c8b4	7100096350
710006c8f0	7100096350
710006cb68	71000964c0
710006cb70	7100091850,7100092040
710006cd60	71000960d0
710006ce14	7100092200,7100095a70,71000960d0
710006cee0	7100092220
710006cf64	71000964f0
710006cf70	7100077740,7100092200,7100092220,71000961f0,7100096500
710006d1a0	7100092540,7100092560,71000930f0
710006d22c	7100096410
710006d234	7100091dd0,7100092540,7100092560,7100092650,7100092660,71000930f0,7100093700
710006d318	7100096410,71000964f0
710006d348	7100096520
710006d350	7100092200
710006d54c	7100096530
710006d560	7100092200,7100092210,7100093d40,7100095e80
710006d668	7100096540
710006d670	7100092430,7100094330
710006d740	7100092430,7100094320
710006d7d0	7100096570
710006d814	7100096590
710006d820	7100092430,7100094330,7100094350
710006d920	71000965a0
710006d970	71000965b0
710006d9c0	7100094390
710006dab0	71000965e0
710006dac0	71000965f0
710006dc20	7100093ea0,7100096610
710006dcb0	7100096610
710006dd5c	7100096630
710006dd70	7100003650,7100078518,7100091660,7100091940,7100096640
710006df20	7100096650
710006df30	7100091610,7100091660,71000922f0,7100095270,7100095290,7100095850,71000961a0,7100096660
710006e1d0	71000922f0,71000961a0,7100096660
710006e2b0	7100096670
710006e2c0	7100091610,7100091660,7100095270,7100095290,7100095850,7100095e80,71000961a0
710006e4ac	7100091990,7100094240,7100094540,7100096680,7100096690
710006e570	7100091610,71000916c0,71000922f0,71000933e0,71000966a0,71000966b0,71000966c0,71000966d0,71000966e0
710006e73c	71000920a0,7100092100,7100092540,71000926c0,7100092770,7100092780,7100092810,7100092960,7100092e50,7100095720
710006e878	71000943f0
710006e8a0	7100091660,71000916c0,7100093df0,71000962f0,71000966a0,7100096700
710006eb5c	71000916c0,71000966f0
710006ebc4	71000966f0
710006ebcc	71000916c0,71000966f0
710006ebf4	7100091660
710006ec1c	7100091660,71000916c0
710006ec70	71000916c0,71000966a0
710006ed40	71000916c0,71000966a0
710006ee00	7100091630,7100093280,7100093290,7100096710
710006f038	7100092040,7100092180,7100092430,7100094200,7100094230,7100094250,7100094280,71000942d0,71000942e0,7100094300,7100094320,71000943e0,7100094550,7100094d50,7100095330,71000957c0,7100096340,7100096360,7100096370,7100096380,7100096720,7100096730,7100096740,7100096750,7100096760
710006f580	7100096770,7100096780
710006f6d0	7100092f50,7100096790
710006f860	71000967a0,71000967b0
710006f9d0	71000967c0,71000967d0
710006fb08	7100003650,7100004c5c,71000355b8,710006ffc0,7100091660,71000918e0,7100091940,7100091950,7100091990,7100091b40,7100094390,71000963a0,71000967e0
710006ffc0	7100003650,71000355b8,71000918e0,7100091b40
7100070190	7100092140,7100092540,7100092650,7100092960,7100092e10,7100093050,7100094490
7100070368	7100091e60,7100092140,7100092430,7100094320,7100094330,7100094390
71000705ec	7100091e60,7100091f20,7100092140,71000921a0,7100092430,7100092540,7100092770,7100092810,7100092960,71000942e0,7100094320,7100094330,7100094340,7100094350,7100094370,7100094390,7100096360,71000967f0
71000709c0	7100091e60,7100091f20,7100092140,71000921a0,7100092430,7100092460,7100092540,7100092770,7100092810,7100092960,7100094300,7100094320,7100094330,7100094340,7100094350,7100094370,7100094390,71000943c0,7100094450,7100096360,71000967f0
7100070e04	7100091610,71000916c0,7100091840,7100091860,7100092140,7100092180,7100092430,7100094320,7100094390,7100096320,7100096700,7100096800,7100096810,7100096820,7100096830,7100096840
71000710d4	7100092140,71000921a0,7100092430,7100092540,7100092650,7100092710,7100092810,7100092860,7100092960,71000936d0,7100093770,7100094320,7100094340,7100094390,71000943f0,71000944a0,7100096850
71000713f8	7100091860,7100092140,7100092430,7100092540,7100092810,7100092860,7100092960,71000930f0,7100093db0,7100094320,7100094340,7100094390,71000943d0,71000943f0,7100095700,71000963b0,7100096820,7100096860,7100096870,7100096880,7100096890,71000968a0
7100071984	71000916c0,7100092430,7100094330,7100094390,71000944b0,7100096320,7100096700,71000968b0
7100071b7c	7100091840,7100091e40,7100091e50,7100091e80,7100091e90,7100091eb0,7100092070,7100092140,7100092430,7100094320,7100094330,7100094390,7100096070,7100096080,71000960c0
7100071ed0	7100092430,7100094330
7100071f88	7100092140,7100092200,7100092430,7100093e10,7100093e80,71000942d0,7100094320,7100094370,7100096060,71000960a0,7100096170,71000968c0
7100072298	7100092140,7100092430,7100092460,7100092530,71000942d0,7100094320,7100094330,7100094340,7100094350,71000956a0
71000724f0	7100094450,7100096020,7100096080
7100072600	7100094450,7100096030
7100072724	7100092140,71000921a0,7100092420,7100092430,7100092460,7100092530,7100092540,7100092560,71000930f0,7100094320,7100094330,7100096410,71000968d0
7100072b00	7100091e60,7100092140,71000921c0,7100092430,7100094320,7100094330,7100094340,7100094350,7100094380,7100094390,71000956a0
7100072e0c	7100092140,71000921a0,7100092530,7100094390,7100096410,71000968d0
71000730fc	7100091e60,7100092140,7100092420,7100092430,7100092530,7100093700,7100094320,7100094330,7100094350,7100094390,71000943d0,7100096410,71000964f0,7100096610,71000968d0
7100073910	7100092200,7100092220,7100094390,71000963a0,71000968e0
7100073a40	7100091660,71000916c0,7100091f60,71000920d0,7100093df0,7100096490
7100073bf0	71000916c0,71000968f0
7100073c60	7100091f80,7100096900
7100073c90	71000968f0
7100073c98	71000916c0,71000968f0
7100073cc0	7100091f80,7100096900
7100073d00	7100092140,7100092200,7100092220,7100093e80,7100093e90,7100094c00,7100096130,71000961c0,7100096470,7100096910,7100096920,7100096930,7100096940,7100096950,7100096960,7100096970,7100096980,7100096990
7100073f90	7100003650,7100075804,7100091660,7100091940,7100092210
7100074120	7100092140,7100093cc0,7100096960,71000969a0,71000969b0
7100074230	71000922d0,7100093cd0,7100096040,7100096050,71000969c0,71000969d0,71000969e0
7100074340	7100003650,7100075920,710007599c,7100091610,7100091660,7100091940,7100092140,7100093e80,7100094bb0,7100094bc0,71000951e0,71000951f0,7100095270,7100095840,7100096200,71000969f0,7100096a00
7100074750	7100091ef0,7100092140,7100092180,7100092210,7100092430,7100094320,7100094360,7100094440,7100095700,7100096010,7100096080,7100096130,7100096170,7100096330,71000963f0,71000969c0,7100096a10,7100096a20,7100096a30,7100096a40,7100096a50,7100096a60,7100096a70,7100096a80
7100074ae0	7100091e60,71000921c0,7100092430,7100092460,7100092530,71000942d0,7100094320,7100094330,71000956a0
7100075150	7100092140,7100093ea0,7100095a70,7100095d90,7100096350
7100075270	7100091630,7100091830,7100092180,71000922f0,7100092410,7100092430,7100094320,7100094780,71000951e0,7100095a20,71000961e0,7100096750,7100096a90,7100096aa0,7100096ab0,7100096ac0,7100096ad0,7100096ae0,7100096af0,7100096b00,7100096b10,7100096b20,7100096b30,7100096b40,7100096b50
7100075720	7100091660,7100092160,7100092170,7100093db0,7100095e80,7100096b60,7100096b70
7100075804	7100004c70
7100075818	7100093e10,71000942d0,7100094370
7100075920	7100096b80
7100075960	71000918e0,71000918f0
710007599c	7100004c70
71000759b0	7100076100,7100076400,7100076580,7100096b80
7100076100	7100076400
71000768f0	7100091860,7100092140,71000921f0,7100092220,7100092430,7100094330,7100096070,71000960b0,7100096170
7100076b14	7100092140,7100092210,7100093eb0,7100096180,71000961a0,71000961d0,71000969e0,7100096b90
7100076c10	7100092200,7100096170,7100096180
7100076da4	7100092010,7100092180,7100092200,7100092430,7100093e80,71000942d0,7100094320,7100094c00,7100096ba0,7100096bb0
7100076f3c	7100092040,7100092140,7100095330,7100096370,7100096380
7100077000	7100092140,7100092200,7100092230,7100092430,7100093e10,71000942d0,7100094320,7100094370,7100094390,7100096060,71000960a0,7100096170,7100096180,71000968c0
710007747c	7100091660,7100091dd0,7100091f20,7100092430,7100093410,7100094320,71000967f0,7100096bc0
7100077580	7100091fe0,7100092000,71000948c0,7100094b30,7100096bd0
710007760c	7100004c70
7100077620	7100091630,71000917c0,7100091830,7100096be0
7100077740	71000222a0,7100091660
7100077834	7100092560,7100092780
7100077890	7100092430,7100094330,7100094350,7100094390
7100077ae8	7100092430,7100094320,7100094390,7100096bf0
7100077c74	7100092140,7100092430,7100092530,7100094320,7100094340,7100094350,71000956a0
7100077f70	7100094390,7100096bf0,7100096c00
71000780cc	7100092140,7100092430,7100094320,7100094330
710007826c	7100092200,7100092530,7100094330,7100094350,7100094390,7100096410,71000964f0
7100078518	7100004c70
710007852c	71000952f0,7100096c20
7100078574	7100000340,71000915f0,7100091600,7100096c30,7100096c40
7100078650	71000915f0,7100091600,7100096c50
71000786b0	71000952f0,7100096c20
710007870c	7100000340,71000915f0,7100091600,7100096c40,7100096c80
71000787e8	71000915f0,7100091600,7100096c50,7100096ca0,7100096cb0,7100096cc0,7100096cd0
7100078e54	71000952f0
7100078f70	7100079d50,7100096c90,7100096ce0
71000790c0	7100079d50,7100096c90,7100096ce0
7100079200	7100004c5c,7100091660,7100091940,7100091950,7100091b00,71000934f0,7100096cf0,7100096d00,7100096d10,7100096d20,710032d000
710007947c	7100096d20
71000794dc	71000916c0,7100096d30
7100079530	7100003650,7100004c5c,7100091610,7100091660,7100091900,7100091940,7100091950,71000934f0,7100096d40,7100096d50,7100096d60,7100096d70,7100096d80,7100096d90
7100079810	7100096d60
7100079844	7100096da0
7100079854	7100096da0
7100079864	7100096d60
7100079874	7100096da0
7100079884	7100096da0
710007989c	7100096da0
71000798ac	7100096da0
71000798bc	7100096da0
71000798cc	7100096db0
710007990c	7100096db0
710007994c	7100093db0,7100096db0
710007999c	7100091860
71000799a4	7100093710
71000799b0	7100095250
71000799d4	7100095250
71000799f8	7100095250
7100079a1c	7100000340,71000915f0,7100091600,7100096c30,7100096c40
7100079b40	7100091660
7100079c38	71000916c0,7100096dc0
7100079c5c	7100000340,71000915f0,7100091600,7100096c40,7100096c80
7100079d50	7100037c58,7100091660,7100091940,7100092680
7100079e90	7100000340,71000915f0,7100091600,7100096c30,7100096c40,7100096c80
710007a3b8	7100091610,7100096dd0
710007a43c	710007d660,7100091660,7100092680,7100093600,7100093ae0
710007a8a0	71000916c0,7100096de0
710007a8c4	7100096df0
710007a8cc	7100003650,7100004c5c,7100005330,7100091660,71000918e0,7100091940,7100091950,7100096e00,7100096e10
710007ab54	7100093680
710007ab60	71000936a0
710007ab6c	7100096e20
710007ab74	7100091610,7100091660,7100094bc0,7100095180,71000951d0,71000951e0,71000951f0,7100095200,7100095270,7100095290,7100095820,7100095830,7100095920,7100095e80,7100096e30
710007aecc	7100096e40
710007aed4	7100003650,7100004c5c,7100005330,7100091660,71000918a0,71000918e0,7100091940,7100091950,7100092fc0,7100093040,7100095f20
710007b094	7100091610,71000916d0,7100091740,7100091e30,7100091f90,7100092340,7100092670,7100092f80,71000935e0,7100093ac0,7100093f70,7100094720,7100094780,7100094a40,7100095010,7100095300,7100095da0,7100095ff0,71000962a0,7100096c10,7100096e50,7100096e60,7100096e70,7100096e80,7100096e90,7100096ea0,7100096eb0,7100096ec0
710007b668	7100091610,71000916c0,7100091730,7100091740,7100091ee0,7100091fb0,71000921a0,7100092360,7100092fa0,7100093620,7100093960,7100093b40,7100093be0,71000944f0,71000947b0,7100094ac0,7100094d70,7100095170,7100095880,7100095890,71000958a0,7100095e20,7100095f00,7100096100,7100096440,7100096ed0,7100096ee0,7100096ef0,7100096f00,7100096f10,7100096f20,7100096f30
710007b880	7100091860,7100096f40
710007b8a0	7100093bd0,7100094df0,7100096550
710007b940	7100091860,7100093630,7100093670,7100093690,71000936a0,7100093960,7100094d30,7100096580,7100096f40,7100096f50
710007bcd0	7100091860,7100093630,7100093670,71000936a0,7100093960,7100096560,7100096f50
710007bf00	7100091610,71000916c0,71000917c0,7100091860,7100093960,7100093a80,7100093c30,7100093c60,7100094d30,71000958f0,7100095c30,7100095c40,7100095c50,7100096f60,7100096f70,7100096f80,7100096f90,7100096fa0,7100096fb0
710007c1e0	7100091800,7100091830,7100091860,71000922e0,71000936d0,7100093710,7100093740,7100093960,7100093bc0,7100093e90,7100094760,7100094bc0,7100094bf0,7100094ce0,7100094db0,71000951a0,71000951b0,71000951c0,71000951d0,71000958b0,71000958f0,7100095920,7100095a90,7100095c10,7100095c30,7100095c40,7100095c50,7100095c60,7100095ef0,7100096150,71000961e0,7100096230,71000963e0,71000964d0,71000965c0,7100096600,7100096e30,7100096fc0,7100096fd0,7100096fe0,7100096ff0,7100097000,7100097010,7100097020,7100097030
710007c75c	7100091830,71000922e0,71000936d0,7100094760,7100095ab0,7100095c30,7100095c40,7100095c60,7100096400,7100096420
710007c8a0	71000916c0,7100091860,7100091880,7100092540,7100092810,7100092aa0,7100092ac0,7100092ea0,7100092f00,7100093670,71000937b0,71000937c0,7100093960,71000939f0,7100093a00,7100093b10,7100093d40,7100093d50,7100093db0,7100094b30,7100094b40,7100094b50,7100094b70,7100094ba0,7100094db0,71000958f0,7100095c50,7100095d90,7100096600,7100097040,7100097050,7100097060,7100097070,7100097080,7100097090,71000970a0,71000970b0,71000970c0,71000970d0,71000970e0,71000970f0,7100097100,7100097110
710007cec4	7100091660,71000916c0,71000938a0,7100093df0,71000958a0,7100096f30,7100096f70,71000970f0,7100097130,7100097140
710007d1d4	71000916c0,7100097120
710007d23c	7100003650,7100004c5c,7100091660,71000918e0,7100091940,7100091950,7100096e00
710007d32c	7100004c5c,7100005330,7100091660,71000918e0,7100091940,7100091950,7100091b00,7100096e10
710007d4f4	7100091860,7100093eb0,7100094740,7100094750,7100095930,7100095c50,7100096f50,7100097180,7100097190,71000971a0,71000971b0
710007d618	7100097120
710007d620	71000916c0,7100097120
710007d648	7100097170
710007d650	7100097150
710007d658	7100097160
710007d660	7100005330,71000971c0,71000971d0
710007d750	7100091b40,7100096e10
710007da18	7100004c5c,710007db38,7100091940,7100091950,7100091b00
710007db38	7100091660
710007db90	7100091b40
710007dca0	7100091660,7100097140
710007dcf0	7100003650,7100004c5c,71000355b8,7100091660,71000918e0,7100091940,7100091950,7100091b40,7100093960,7100094ca0,7100094cb0
710007df10	7100091610,71000916c0,71000970f0,71000971e0,71000971f0,7100097200,7100097210
710007dfb0	7100091860,7100091dd0,7100092650,7100092660,7100093130,7100093670,7100093690,7100093960,7100093d10,7100094d30,7100094d40,71000964e0,71000965d0,7100096620,7100096f40,7100097100,7100097110,7100097220,7100097230
710007e350	7100093710,7100093ea0,7100095c30,7100095c40,7100095d90,7100096230
710007e3f8	7100092150,7100093d40,7100093ea0,7100096600,7100097050,7100097100,7100097110,7100097240
710007e4ec	7100091860,7100093d40,7100095d90,7100097090,7100097220,7100097230,7100097250,7100097260
710007e780	7100093960,7100096510,71000965d0,7100096620
710007e9c8	7100093b10,7100093d40,7100093ea0,7100095d90,7100096230,7100096600,7100097100,7100097110
710007eaa8	7100092150,7100093960,7100093d40,7100093ea0,7100097100,7100097110,7100097240
710007ebb8	7100091860,7100093960,7100097100,7100097110,7100097270,7100097280,7100097290
710007ecfc	7100091860,71000921d0,71000922e0,7100093db0,7100094bb0,7100094c70,7100094c80,7100094c90,7100094d80,7100096200,7100097230,71000972a0
710007ef7c	7100003650,7100004c5c,71000355b8,7100091660,71000918e0,7100091940,7100091950,7100091b40,7100093960,7100094ca0,7100094cb0
710007f1b0	7100093b20,7100093d50,7100093d60,7100096140,71000972b0
710007f310	7100091860,7100093b10,7100093b20,7100093d00,7100097210
710007f374	71000916c0,71000958a0,7100096f30,7100096f70,7100096fb0,71000970f0
710007f640	7100091b40
710007f734	7100003650,7100004c5c,7100091660,71000918e0,7100091940,7100091950,7100093960,7100093db0,7100094780,7100094a60,7100094bc0,7100094bf0,7100094c30,7100094c40,7100094c50,7100094ca0,71000951d0,7100095400,7100095920,71000961b0,71000961e0,7100096750,7100096e30,7100096fc0,71000972a0,71000972c0
710007fb4c	7100091800,7100091860,7100095c30,7100095c40,7100096150,71000961e0
710007fc0c	7100093b10,7100095940,7100097110,71000972d0,71000972e0
710007fc98	7100091610,7100091630,7100091ec0,7100094780,7100094790
710007fdfc	71000916c0,71000972f0
710007fe20	7100097300
710007fe28	7100092540,7100092560,7100092a70,7100092ed0,7100094800,7100097310
710007fef8	7100092560
710007ff38	7100097320
710007ff40	7100097330
710007ff54	7100097340
710007ff5c	7100097350
7100080004	71000916c0,7100091f60,7100097360
7100080084	71000916c0,7100091f60,7100097360
7100080110	7100091f80,7100097370,7100097380
71000801c4	7100092190,7100092560,7100092810,7100092a80,7100092f00,7100092f30,7100094960,7100094970,7100095920
710008030c	7100091610,71000916c0,7100091870,7100093bf0,7100093c20,7100097360,7100097380,7100097390,71000973a0,71000973b0,71000973c0
71000804e4	7100092140,71000973d0
71000805b0	71000916c0,7100097360
71000805ec	7100091610,71000916c0,7100097360,7100097390,71000973b0,71000973c0,71000973e0
71000807fc	7100092140,71000973d0
71000808c8	71000916c0,7100097360
7100080910	71000973d0
7100080984	71000916c0,7100097360
71000809c0	7100091940
7100080a5c	7100091940
7100080af0	7100091940
7100080b98	71000973f0
7100080bec	71000973f0
7100080c28	71000916c0,7100097400
7100080c4c	7100091940
7100080cd4	7100091610,7100091630
7100080d48	7100091630,7100091660
7100080da0	71000916c0,7100097410
7100080dd0	7100091630
7100080e50	7100091630
7100080ed0	7100091630
7100080f50	7100091630
7100080fd0	7100091630
7100081050	7100091660
7100081120	7100091660,71000916c0
71000811f0	7100091660
7100081404	7100091610,7100091630,7100097420
7100081474	7100091ec0,7100092310,7100092680,7100093ae0
7100081890	7100091630,7100091660
71000818e8	71000916c0,7100097430
710008190c	7100091870
7100081948	7100091630
7100081984	7100091f20,71000964b0,71000967f0,7100097440
7100081a58	7100091f20,71000967f0
7100081af4	7100097450
7100081b44	7100091870
7100081b74	7100097460,7100097470
7100081bd0	7100097460,7100097470
7100081c24	7100097460,7100097470
7100081c7c	7100091f20,7100097450,7100097480,7100097490
7100081d60	7100097450
7100081df0	7100097450
7100081e6c	7100091f20,7100097480
7100081ed0	7100091f20,7100097450,7100097490,71000974a0
7100081fc0	7100091f20,7100097490,71000974a0
710008202c	7100097450
7100082060	7100091f20,7100097450,7100097490
71000820e8	7100091f20,7100097450,7100097490
710008218c	71000974b0
71000821c4	7100091f20,7100097490
710008221c	7100091f20,7100097490,71000974c0
71000822e0	7100091f20,71000974c0
7100082348	7100091f20,7100097490
7100082404	71000974d0
7100082434	7100091630,7100091f20,7100096090,7100097450,7100097490,71000974e0
7100082598	71000974a0
71000825e0	71000974a0
7100082618	71000974a0
7100082660	71000974e0
7100082678	7100091f20,7100097450,7100097480,71000974a0,71000974e0,71000974f0
71000827a4	7100091f20,7100097450,7100097490
7100082848	7100091f20,7100097450,7100097490
71000828d0	71000918e0,7100091f20,7100093cb0,7100097490,71000974f0,7100097500
71000829a8	7100091f20,7100097480
71000829e8	71000974e0
7100082a00	7100091f20,7100097490
7100082a58	7100091f20,7100097490,71000974a0
7100082ac4	7100091f20,71000967f0
7100082b30	7100091f20,71000967f0
7100082b9c	71000974a0
7100082bac	7100091f20,7100097490,71000974a0
7100082c18	7100091f20,7100097450,7100097490
7100082cbc	7100097450
7100082cf0	7100091f20,7100097450,7100097490,71000974a0
7100082dc8	7100097450,71000974a0
7100082e38	7100091f20,7100097490,71000974a0
7100082eac	7100091630,7100091f20,7100097450,7100097490
7100082fcc	71000974a0
7100083004	7100091f20,7100097450,7100097490,71000974a0
71000830f0	7100091f20,7100097450,7100097490,71000974a0
710008322c	7100091f20,7100097450,7100097490
7100083328	7100091f20,7100093db0,7100097490,7100097510
71000833ac	7100091f20,7100097490
7100083404	7100091f20,7100093db0,7100097490,7100097510
7100083488	7100097520
7100083518	7100097520
71000835b8	7100091f20,71000974f0
710008366c	7100091660,7100091f60,7100093df0,7100097450
7100083878	71000916c0,7100097530
71000838e0	7100091630,7100091950,7100091f20,7100091f80,7100092140,7100092b50,7100093130,71000967f0,7100097450,7100097490,7100097550
7100083b6c	7100097530
7100083b74	71000916c0,7100097530
7100083b9c	7100097540
7100083ba4	7100091630,7100091f20,7100097450,7100097490
7100083cb0	7100003650,7100083f20,7100091660,7100091940
7100083e28	7100091630,7100091f20,7100097450,7100097490
7100083f20	7100004c70
7100083f34	7100091f20,7100097490
7100083fc8	7100093db0,7100097510
7100084014	71000974a0
7100084024	7100091610,7100091630,7100097560
7100084094	7100085240,71000858d0,7100085f60,7100091660,7100091ec0
7100084524	7100091630,7100091660
710008457c	71000916c0,7100097570
71000845a0	7100097580
71000845b8	7100097590
71000845e8	7100003650,7100004c5c,710000bdc0,7100091630,7100091660,71000918e0,7100091940,7100091950,7100092960,71000929b0,7100092af0,71000975a0,71000975b0
7100084844	71000975c0
7100084860	7100003650,7100004c5c,710000bdc0,7100091630,7100091660,71000916c0,71000918e0,7100091940,7100091950,71000934f0,71000975a0,71000975b0,71000975d0,71000975e0
7100084b00	71000975f0
7100084b20	7100091630,71000918e0,71000918f0,7100091dd0,7100092af0
7100084c24	7100097600
7100084c3c	7100092710,71000975d0,7100097610,7100097620
7100084d08	71000916c0,71000934f0,71000975d0,71000975e0
7100084df0	7100097630
7100084e0c	7100003650,7100004c5c,7100005330,7100091660,71000918e0,7100091940,7100091950,7100093040
7100084fa8	7100097640
7100084fd0	7100003650,7100004c5c,71000222a0,7100091660,71000918e0,7100091940,7100091950,71000934d0
7100085160	7100091660,71000916c0,7100091f60,71000934f0,71000975e0,7100097660,7100097670,7100097680,7100097690
71000851f4	71000916c0,7100097650
7100085220	7100091f80,71000976a0
7100085240	7100005330,71000976b0,71000976c0
7100085330	7100091b40,71000976d0
71000855f8	7100004c5c,7100085718,7100091940,7100091950,7100091b00
7100085718	7100091660
7100085770	7100091b40
7100085880	7100091660,7100097680
71000858d0	7100005330,71000976e0,71000976f0
71000859c0	7100091b40,7100097700
7100085c88	7100004c5c,7100085da8,7100091940,7100091950,7100091b00
7100085da8	7100091660
7100085e00	7100091b40
7100085f10	7100091660,7100097670
7100085f60	7100005330,7100097710,7100097720
7100086050	7100091b40,7100097730
7100086318	7100004c5c,7100086438,7100091940,7100091950,7100091b00
7100086438	7100091660
7100086490	7100091b40
71000865a0	7100091660,7100097660
71000865f0	7100091660,7100097690,7100097740
7100086640	7100091660,7100097750,7100097760
71000866fc	7100091660,7100097750
710008674c	7100091660
7100086810	7100091660
7100086854	71000916c0,71000975e0
7100086890	7100003650,7100004c5c,7100086854,7100091630,7100091660,7100091940,7100091950,7100092140,71000975d0,7100097780,7100097790,71000977a0,71000977b0,71000977c0,71000977d0,71000977e0,71000977f0
7100086c50	7100037c58,7100091610,7100091630,7100091660,71000916c0,7100091830,7100091840,7100091940,7100092710,71000975d0,71000975e0,7100097610,7100097620,7100097800,7100097810,7100097820,7100097830,7100097840
7100087108	7100004c5c,710000bdc0,7100091660,71000918e0,7100091940,7100091950,7100091b00,7100092960,7100097850,7100097860,7100097870
7100087570	7100091b40
7100087670	7100091b40
7100087780	7100091b40
71000878d0	7100004c5c,7100005330,710000bdc0,7100091660,71000918e0,71000918f0,7100091930,7100091940,7100091950,7100091990,7100091b40,7100091c60,7100091c70,7100091c80,7100091ca0,7100091cd0,7100091d00,7100091dd0,7100091de0,71000933c0,71000975b0,7100097750,7100097880,7100097890,71000978a0,71000978b0,71000978c0
7100089c24	7100091660
7100089c70	710008a340,710008a398,7100091660,7100091940,7100091b00,7100097760,71000978b0
7100089f10	7100004c5c,7100091660,7100091940,7100091950,7100091b00,7100097770,71000978d0
710008a1b4	7100004c5c,7100091660,7100091940,7100091950,7100091b00
710008a340	7100091660,7100097760
710008a398	7100004c70
710008a3b0	7100091b40
710008a4c0	7100004c5c,710008a5fc,7100091940,7100091950,7100091b00
710008a5fc	7100091660,7100097740
710008a650	710008a398,7100091660,7100091940,7100091b00,7100097760,71000978b0,71000978e0
710008a8d0	7100091990
710008a9c0	710008ac60,7100091990,7100097750,71000978f0
710008ac60	7100005330,7100091b40
710008ade0	7100005330,7100091b40,7100097900
710008af10	7100004c5c,7100089c24,7100091940,7100091950,7100091b00
710008b030	7100091b40
710008b130	7100091610,7100091630,7100091940,7100091ec0
710008b294	7100091630,7100091660
710008b2ec	71000916c0,7100097910
710008b310	7100097920
710008b370	7100097930
710008b3e4	7100091630
710008b440	7100091630
710008b4b0	7100091630
710008b518	7100097940
710008b534	7100091630,71000917c0,7100097950,7100097960,7100097970
710008b650	7100091660,7100091f60
710008b76c	71000916c0,7100097980
710008b790	71000917c0,7100091800,7100091f80,7100092140,7100092220,71000922d0,7100093b10,7100093d70,7100095900,7100095b40,7100096210,7100097930,7100097970,7100097990,71000979a0,71000979b0,71000979c0
710008ba50	7100091660
710008bb20	7100091660,71000916c0
710008bbf0	7100091660,71000922d0,7100093b10,7100093dc0,7100096070,7100096170,71000979d0,71000979e0,71000979f0,7100097a00
710008bd80	7100091630,7100091660,7100091dd0,7100092140,7100093d80,7100093d90,7100093db0,7100093dc0,7100097a00
710008c2e0	7100091630,71000917c0,7100097970,71000979b0
710008c3fc	7100091630,71000979f0,7100097a10,7100097a20
710008c510	7100091660
710008c740	7100003650,710008cdf0,7100091630,7100091660,71000917c0,7100091940,71000922d0,7100096070,7100096080,7100096160,7100096170,7100097a10,7100097a30,7100097a40
710008cdf0	7100004c70
710008ce10	710008d560,710008d860,710008d9e0,7100097a30
710008d560	710008d860
710008dd50	710008e4a0,710008e7a0,710008e920,7100097a40
710008e4a0	710008e7a0
710008ec90	7100003650,710008ef94,7100091660,7100091940,71000922f0,7100092310,71000961a0,7100097a50
710008ef94	7100004c70
710008efa8	7100091610,7100091630,7100091ec0,7100092680,7100093ae0
710008f080	7100091630,7100091660
710008f0d8	71000916c0,7100097a60
710008f100	7100091610,71000916c0,7100091950,7100095890,71000958a0
710008f1d0	71000916c0,7100091950,71000958a0
710008f2a8	7100091630,7100095c30
710008f30c	7100095c30,7100097a70
710008f358	7100097a80
710008f380	7100091610,7100091630,71000916c0,7100091950,7100095890,71000958a0,7100095c30,7100095c40
710008f498	7100097a90
710008f4c0	7100091610,71000916c0,7100091950,7100095890,71000958a0,7100095c30,7100095c40,7100097a70
710008f5dc	7100095c40
710008f608	7100097aa0
710008f630	71000916c0,7100091950,71000958a0,7100095c50,7100095c60,7100097ab0
710008f718	7100095c50
710008f744	7100097ac0
710008f768	7100091630,71000922f0,7100096270,7100097ad0,7100097ae0
710008f8b4	7100097af0
710008f8d0	7100091610,71000916c0,71000917d0,7100097b00,7100097b10,7100097b20,7100097b30,7100097b40
710008f9f0	7100097b50
710008fa50	7100091660,71000916c0,7100091f60,7100093df0,71000958a0,7100097b10,7100097b70
710008fb40	71000916c0,7100097b60
710008fbb0	71000916c0,7100091950,7100091f80,7100092140,71000958a0,7100095c50,7100097b10,7100097b90
710008fca8	7100097b60
710008fcb0	71000916c0,7100097b60
710008fcd8	7100097b80
710008fce0	7100091610,71000916c0,7100091800,7100091830,7100092140,7100092150,7100092190,71000922f0,7100095910,7100095e80,7100096150,71000961a0,71000961b0,7100096200,7100097b70,7100097ba0,7100097bb0,7100097bc0,7100097bd0,7100097be0,7100097bf0
71000902a8	7100092160,71000921f0,7100092220,71000922d0,7100096070
7100090390	7100003650,71000904e4,7100091660,7100091940
71000904e4	7100004c70
71000904f8	71000917c0,71000922f0,7100096270,7100097ad0
71000905a0	7100091610,7100091630,7100092680
7100090624	7100091630,7100091660
710009067c	71000916c0,7100097c00
71000906a0	7100091630,7100095800
71000906fc	7100091630,7100095800
710009076c	7100091630,7100095800
7100090820	71000918e0,7100092580,7100092590,71000925a0,71000925b0
71000908f0	71000918e0,7100091cc0,71000925c0,71000925d0,71000925e0
71000909a8	7100091c90,7100091cb0,7100091cc0
7100090a50	7100003650,7100004c5c,7100091660,71000918e0,7100091940,7100091950,71000933c0,7100097c10
7100090d40	7100003650,7100004c5c,71000355b8,7100091660,7100091940,7100091950,7100091990,7100091b40,7100097c30,7100097c40
71000910e0	7100097c20
710009117c	71000956a0
71000911e4	71000956a0
71000912e4	71000956a0
71000913c0	7100004c5c,7100091660,7100091940,7100091950
71000915c0	710012c000
71000915d0	710012d000
71000915e0	710012e000
71000915f0	710012f000
7100091600	7100131000
7100091610	7100188000
7100091620	7100003660
7100091630	7100189000
7100091640	710018a000
7100091650	710018b000
7100091660	710018c000
7100091670	7100063b90
7100091680	710018d000
7100091690	710018e000
71000916a0	710018f000
71000916b0	7100003dd8
71000916c0	7100190000
71000916d0	7100003e60
71000916e0	7100003e68
71000916f0	7100007c14
7100091700	7100007e40
7100091710	710000a650
7100091720	7100004540
7100091730	7100003f6c
7100091740	7100003f70
7100091750	7100003f88
7100091760	7100003f94
7100091770	7100003fa0
7100091780	7100003fac
7100091790	7100003fb8
71000917a0	7100003fc4
71000917b0	7100003fd0
71000917c0	7100003fdc
71000917d0	7100003fe8
71000917e0	7100003ff0
71000917f0	71000684ec
7100091800	71000680d8
7100091810	7100011468
7100091820	7100004100
7100091830	71000680a4
7100091840	71000041d8
7100091850	7100004200
7100091860	7100080e50
7100091870	71000042dc
7100091880	71000042e8
7100091890	7100004380
71000918a0	7100004390
71000918b0	7100004398
71000918c0	7100191000
71000918d0	710000c8b4
71000918e0	7100192000
71000918f0	710000af2c
7100091900	7100193000
7100091910	7100004498
7100091920	7100004508
7100091930	7100007b40
7100091940	7100194000
7100091950	7100195000
7100091960	710000cab0
7100091970	710000b1d0
7100091980	710000cba4
7100091990	710000b08c
71000919a0	71000049fc
71000919b0	71000910e0
71000919c0	7100004ac8
71000919d0	71000075b0
71000919e0	7100006f20
71000919f0	7100006890
7100091a00	7100006200
7100091a10	7100005b70
7100091a20	71000054e0
7100091a30	71000076c4
7100091a40	710000773c
7100091a50	71000077cc
7100091a60	710000785c
7100091a70	7100007904
7100091a80	7100007994
7100091a90	7100007a98
7100091aa0	7100007600
7100091ab0	7100007bb8
7100091ac0	7100196000
7100091ad0	7100197000
7100091ae0	7100199000
7100091af0	710019a000
7100091b00	710019b000
7100091b10	710019c000
7100091b20	7100004de0
7100091b30	71000050a8
7100091b40	710019e000
7100091b50	7100005220
7100091b60	7100005620
7100091b70	71000058e8
7100091b80	7100005a60
7100091b90	7100005cb0
7100091ba0	7100005f78
7100091bb0	71000060f0
7100091bc0	7100006340
7100091bd0	7100006608
7100091be0	7100006780
7100091bf0	71000069d0
7100091c00	7100006c98
7100091c10	7100006e10
7100091c20	7100007060
7100091c30	7100007328
7100091c40	71000074a0
7100091c50	71000079ec
7100091c60	710019f000
7100091c70	7100090820
7100091c80	71000908f0
7100091c90	71001a0000
7100091ca0	71001a1000
7100091cb0	71001a2000
7100091cc0	71001a3000
7100091cd0	71001a4000
7100091ce0	71001a5000
7100091cf0	71001a6000
7100091d00	71000909a8
7100091d10	710000b33c
7100091d20	710000b470
7100091d30	710000b580
7100091d40	710000bcc0
7100091d50	710000be40
7100091d60	710000bf40
7100091d70	710000c050
7100091d80	710000c160
7100091d90	710000c260
7100091da0	710000c370
7100091db0	710000c480
7100091dc0	710000c590
7100091dd0	71001a7000
7100091de0	71001a8000
7100091df0	710000c690
7100091e00	710000c7c0
7100091e10	710000b9a0
7100091e20	710000bb2c
7100091e30	71000035b0
7100091e40	710000cd14
7100091e50	710000cdc0
7100091e60	71001af000
7100091e70	710000d174
7100091e80	710000d1cc
7100091e90	710000d230
7100091ea0	7100040cb0
7100091eb0	710000d4c0
7100091ec0	71001b3000
7100091ed0	710000d890
7100091ee0	710000d90c
7100091ef0	710000d910
7100091f00	710000d930
7100091f10	71001b4000
7100091f20	71001b6000
7100091f30	71001b7000
7100091f40	71001b8000
7100091f50	71001bf000
7100091f60	71001c0000
7100091f70	71001c1000
7100091f80	71001c2000
7100091f90	710000d80c
7100091fa0	710000e4c4
7100091fb0	710000e540
7100091fc0	7100010c80
7100091fd0	7100011010
7100091fe0	710000e5c0
7100091ff0	71001c3000
7100092000	710000e630
7100092010	710000e688
7100092020	710000e6bc
7100092030	71001c4000
7100092040	710000e73c
7100092050	71001c5000
7100092060	71001c6000
7100092070	710000e7e4
7100092080	710000e824
7100092090	71001c7000
71000920a0	710000e884
71000920b0	71001c8000
71000920c0	710000e8e0
71000920d0	710000f0d0
71000920e0	710000f800
71000920f0	71001c9000
7100092100	710003fc6c
7100092110	710000f110
7100092120	710000f460
7100092130	710000fa60
7100092140	71001ca000
7100092150	71000684f8
7100092160	7100068504
7100092170	7100068510
7100092180	71001cc000
7100092190	7100040d70
71000921a0	7100011724
71000921b0	71000912e4
71000921c0	71001cd000
71000921d0	710006b4c8
71000921e0	71001ce000
71000921f0	7100067ab8
7100092200	7100067ac4
7100092210	7100067790
7100092220	71000677b4
7100092230	71000678ec
7100092240	71001cf000
7100092250	71001d0000
7100092260	71001d1000
7100092270	71001d2000
7100092280	71001d3000
7100092290	71001d4000
71000922a0	71001d5000
71000922b0	71001d6000
71000922c0	710006c534
71000922d0	7100068020
71000922e0	710006c548
71000922f0	71000636e0
7100092300	7100063738
7100092310	71001d7000
7100092320	71001d8000
7100092330	71001d9000
7100092340	710000e3fc
7100092350	7100011288
7100092360	7100011310
7100092370	7100012020
7100092380	710003f4cc
7100092390	71000122a0
71000923a0	71001da000
71000923b0	710001137c
71000923c0	7100014c14
71000923d0	71000113f8
71000923e0	710001145c
71000923f0	7100011488
7100092400	71000115d0
7100092410	7100011608
7100092420	7100011674
7100092430	7100011774
7100092440	71000117c4
7100092450	71000117d0
7100092460	7100011910
7100092470	7100011918
7100092480	7100011ac8
7100092490	7100012b40
71000924a0	7100011ad4
71000924b0	7100011adc
71000924c0	71000137f0
71000924d0	71000138f0
71000924e0	7100011d20
71000924f0	7100011d80
7100092500	7100011fb8
7100092510	7100012970
7100092520	7100012f50
7100092530	71001db000
7100092540	7100019dcc
7100092550	71000178d8
7100092560	7100014c3c
7100092570	7100013a00
7100092580	71001de000
7100092590	71001df000
71000925a0	71001e0000
71000925b0	71001e1000
71000925c0	71001e2000
71000925d0	71001e3000
71000925e0	71001e4000
71000925f0	71001e5000
7100092600	71001e6000
7100092610	71001e8000
7100092620	71000132d0
7100092630	71000134f0
7100092640	71001e9000
7100092650	71000147cc
7100092660	7100017a98
7100092670	7100011158
7100092680	71001ea000
7100092690	710001a130
71000926a0	71000140f0
71000926b0	71001eb000
71000926c0	7100014234
71000926d0	7100014240
71000926e0	7100090a50
71000926f0	71000145f4
7100092700	7100014834
7100092710	7100014850
7100092720	71001ec000
7100092730	71001ed000
7100092740	71001ee000
7100092750	71000148e0
7100092760	71001ef000
7100092770	7100014bb0
7100092780	7100014bc0
7100092790	7100014c50
71000927a0	71001f0000
71000927b0	7100016910
71000927c0	7100016790
71000927d0	7100014fc4
71000927e0	7100015088
71000927f0	71001f1000
7100092800	71001f2000
7100092810	7100015148
7100092820	71001f3000
7100092830	71001f4000
7100092840	71001f5000
7100092850	71001f6000
7100092860	7100015288
7100092870	7100015290
7100092880	71001f7000
7100092890	7100015b70
71000928a0	71001f8000
71000928b0	71001f9000
71000928c0	7100015c44
71000928d0	7100015c80
71000928e0	7100015f64
71000928f0	71000178e0
7100092900	7100016288
7100092910	710001af10
7100092920	710001b160
7100092930	71001fb000
7100092940	71001fc000
7100092950	71001fd000
7100092960	710001639c
7100092970	71000163a4
7100092980	71001fe000
7100092990	710001b668
71000929a0	710001b810
71000929b0	71000164e8
71000929c0	7100016580
71000929d0	710001c500
71000929e0	710001c640
71000929f0	71000165e4
7100092a00	71000165f0
7100092a10	71001ff000
7100092a20	7100200000
7100092a30	7100016780
7100092a40	7100201000
7100092a50	7100016904
7100092a60	7100202000
7100092a70	7100016a84
7100092a80	7100016a90
7100092a90	7100203000
7100092aa0	7100016aa0
7100092ab0	7100205000
7100092ac0	7100016ba0
7100092ad0	7100207000
7100092ae0	7100208000
7100092af0	7100016c24
7100092b00	7100016c30
7100092b10	710001c2a0
7100092b20	7100209000
7100092b30	710020a000
7100092b40	710001c3a0
7100092b50	7100017398
7100092b60	71000173a0
7100092b70	710020b000
7100092b80	71000174e0
7100092b90	710020c000
7100092ba0	710001760c
7100092bb0	7100017620
7100092bc0	710001778c
7100092bd0	71000177a0
7100092be0	710020d000
7100092bf0	710020e000
7100092c00	7100017aa0
7100092c10	710020f000
7100092c20	7100210000
7100092c30	7100017c78
7100092c40	7100017c80
7100092c50	7100211000
7100092c60	7100212000
7100092c70	7100213000
7100092c80	7100017f34
7100092c90	7100017f40
7100092ca0	7100214000
7100092cb0	7100215000
7100092cc0	7100216000
7100092cd0	7100217000
7100092ce0	7100218000
7100092cf0	7100219000
7100092d00	710021a000
7100092d10	7100018180
7100092d20	710021b000
7100092d30	710021c000
7100092d40	710021d000
7100092d50	710021e000
7100092d60	71000183f0
7100092d70	710021f000
7100092d80	7100018530
7100092d90	7100220000
7100092da0	7100018660
7100092db0	7100018670
7100092dc0	7100221000
7100092dd0	71000187b0
7100092de0	7100222000
7100092df0	71000188e0
7100092e00	710001c900
7100092e10	7100018950
7100092e20	710001895c
7100092e30	7100018970
7100092e40	7100223000
7100092e50	7100018aa0
7100092e60	7100018ab0
7100092e70	7100224000
7100092e80	7100018be0
7100092e90	7100018bf0
7100092ea0	7100018d34
7100092eb0	7100018d40
7100092ec0	7100225000
7100092ed0	7100018ee8
7100092ee0	7100018ef0
7100092ef0	7100226000
7100092f00	71000190c4
7100092f10	71000190d0
7100092f20	7100227000
7100092f30	7100019298
7100092f40	71000192a0
7100092f50	7100228000
7100092f60	71000194b8
7100092f70	71000196b4
7100092f80	710001973c
7100092f90	710001dda0
7100092fa0	710001974c
7100092fb0	7100019760
7100092fc0	7100019940
7100092fd0	7100019950
7100092fe0	7100063764
7100092ff0	7100229000
7100093000	7100063870
7100093010	710022a000
7100093020	710006397c
7100093030	710022b000
7100093040	710001f570
7100093050	7100019bf8
7100093060	7100019c14
7100093070	710001f340
7100093080	710001f440
7100093090	7100019ddc
71000930a0	7100013fa0
71000930b0	710001f680
71000930c0	7100020798
71000930d0	710002069c
71000930e0	7100022080
71000930f0	710001a240
7100093100	710001a250
7100093110	7100022810
7100093120	71000226c0
7100093130	710001a524
7100093140	710001a534
7100093150	7100022920
7100093160	710001a704
7100093170	710022c000
7100093180	710022d000
7100093190	710022e000
71000931a0	710022f000
71000931b0	7100230000
71000931c0	710001a9a0
71000931d0	710001aa60
71000931e0	7100231000
71000931f0	710001adcc
7100093200	710001ac78
7100093210	7100232000
7100093220	7100233000
7100093230	710001b320
7100093240	710001b430
7100093250	7100234000
7100093260	7100235000
7100093270	7100236000
7100093280	7100237000
7100093290	7100238000
71000932a0	7100239000
71000932b0	710001c120
71000932c0	710023a000
71000932d0	710023b000
71000932e0	710023c000
71000932f0	710001ce20
7100093300	710023d000
7100093310	710001cc30
7100093320	710023f000
7100093330	7100240000
7100093340	7100241000
7100093350	710001cfa0
7100093360	710001dcf0
7100093370	710001dd40
7100093380	710001dca0
7100093390	710001d750
71000933a0	710001da18
71000933b0	710001db90
71000933c0	710001f1b0
71000933d0	710001f0cc
71000933e0	7100242000
71000933f0	7100243000
7100093400	7100244000
7100093410	7100245000
7100093420	7100246000
7100093430	7100020dc0
7100093440	7100020fb0
7100093450	7100247000
7100093460	7100248000
7100093470	7100021190
7100093480	7100021370
7100093490	7100020be0
71000934a0	7100020a00
71000934b0	7100249000
71000934c0	710024a000
71000934d0	7100021b50
71000934e0	710024b000
71000934f0	7100021ca0
7100093500	710024c000
7100093510	7100021cf0
7100093520	710002154c
7100093530	71000216d0
7100093540	710024d000
7100093550	710024e000
7100093560	7100021850
7100093570	71000219d0
7100093580	710024f000
7100093590	7100250000
71000935a0	7100251000
71000935b0	7100252000
71000935c0	7100021ecc
71000935d0	7100253000
71000935e0	7100019420
71000935f0	7100022aac
7100093600	7100039ba8
7100093610	7100022fd0
7100093620	7100023058
7100093630	710002305c
7100093640	7100023064
7100093650	7100028af0
7100093660	7100026020
7100093670	71000232fc
7100093680	710003a000
7100093690	7100023304
71000936a0	710003a614
71000936b0	71000254f0
71000936c0	7100254000
71000936d0	71000636c8
71000936e0	71000845b8
71000936f0	7100026270
7100093700	710003b31c
7100093710	7100080ed0
7100093720	7100084d08
7100093730	7100084da4
7100093740	7100068814
7100093750	710006d1a0
7100093760	710006d22c
7100093770	7100080fd0
7100093780	7100026d20
7100093790	71000274a4
71000937a0	710003f88c
71000937b0	710003f6c8
71000937c0	710006c5b4
71000937d0	71000256a0
71000937e0	710003b0c8
71000937f0	710008f8b4
7100093800	710008f9f0
7100093810	7100255000
7100093820	7100027d50
7100093830	7100256000
7100093840	7100257000
7100093850	7100258000
7100093860	7100024ed4
7100093870	71000289a0
7100093880	7100026130
7100093890	7100025aa0
71000938a0	7100039c20
71000938b0	71000289f0
71000938c0	7100028890
71000938d0	710003f8d0
71000938e0	7100025be0
71000938f0	7100025ea8
7100093900	7100031a80
7100093910	7100031790
7100093920	7100084844
7100093930	7100084b00
7100093940	7100084c24
7100093950	7100085138
7100093960	710003ffcc
7100093970	7100026b40
7100093980	710006d970
7100093990	710006ca90
71000939a0	7100040988
71000939b0	7100027560
71000939c0	7100027740
71000939d0	7100259000
71000939e0	7100027c40
71000939f0	710025a000
7100093a00	710025b000
7100093a10	710002791c
7100093a20	7100027aa0
7100093a30	710025c000
7100093a40	710025d000
7100093a50	71000295cc
7100093a60	71000295ec
7100093a70	71000295f8
7100093a80	710025e000
7100093a90	7100260000
7100093aa0	7100028450
7100093ab0	7100028718
7100093ac0	7100022a14
7100093ad0	7100028c7c
7100093ae0	71000809c0
7100093af0	7100261000
7100093b00	7100262000
7100093b10	7100263000
7100093b20	7100264000
7100093b30	7100028ed4
7100093b40	7100028f5c
7100093b50	7100028f64
7100093b60	710002a660
7100093b70	710002a9c0
7100093b80	710002ad20
7100093b90	710002c7e0
7100093ba0	710002d220
7100093bb0	710002a3cc
7100093bc0	7100029084
7100093bd0	71000290ec
7100093be0	7100029128
7100093bf0	7100029154
7100093c00	710002915c
7100093c10	7100265000
7100093c20	71000292e0
7100093c30	71000292ec
7100093c40	710002930c
7100093c50	7100029318
7100093c60	7100029324
7100093c70	7100029370
7100093c80	7100029378
7100093c90	710002df10
7100093ca0	710002d450
7100093cb0	7100029644
7100093cc0	71000296c4
7100093cd0	71000296dc
7100093ce0	71000296f0
7100093cf0	71000296fc
7100093d00	7100029708
7100093d10	7100029734
7100093d20	710002974c
7100093d30	7100029758
7100093d40	7100029764
7100093d50	7100029774
7100093d60	7100029780
7100093d70	7100266000
7100093d80	7100267000
7100093d90	7100268000
7100093da0	7100029e20
7100093db0	7100269000
7100093dc0	710026a000
7100093dd0	71000299f0
7100093de0	710002a37c
7100093df0	7100080b98
7100093e00	7100029bf0
7100093e10	710026b000
7100093e20	710002a420
7100093e30	710002a0f0
7100093e40	7100029fd0
7100093e50	710002a2c4
7100093e60	710002a1a4
7100093e70	710005feb8
7100093e80	710005fea0
7100093e90	710005fed0
7100093ea0	7100068528
7100093eb0	7100068570
7100093ec0	710006d54c
7100093ed0	710026c000
7100093ee0	710026d000
7100093ef0	710026e000
7100093f00	710002d340
7100093f10	710002d6a0
7100093f20	710002d900
7100093f30	710002dd60
7100093f40	710002daf8
7100093f50	710026f000
7100093f60	710002d590
7100093f70	7100028be4
7100093f80	710002e0f4
7100093f90	710002e180
7100093fa0	7100034d40
7100093fb0	7100270000
7100093fc0	7100034b60
7100093fd0	7100271000
7100093fe0	710002f560
7100093ff0	7100272000
7100094000	7100273000
7100094010	7100274000
7100094020	7100035300
7100094030	71000350e0
7100094040	710002eb60
7100094050	7100275000
7100094060	710002ed28
7100094070	710002ed40
7100094080	7100276000
7100094090	710002efd0
71000940a0	710002f1d0
71000940b0	710002f3d0
71000940c0	710002fe40
71000940d0	7100277000
71000940e0	7100031380
71000940f0	7100278000
7100094100	710002f890
7100094110	710002fb80
7100094120	7100030620
7100094130	71000355d0
7100094140	710003482c
7100094150	710003557c
7100094160	7100030e10
7100094170	7100030f50
7100094180	71000310a0
7100094190	7100031210
71000941a0	7100031af0
71000941b0	7100031cd4
71000941c0	7100039800
71000941d0	7100032148
71000941e0	7100032230
71000941f0	71000341b0
7100094200	7100032404
7100094210	710003254c
7100094220	7100032830
7100094230	7100032514
7100094240	710003252c
7100094250	7100032544
7100094260	710003590c
7100094270	7100034680
7100094280	710003281c
7100094290	7100032fc0
71000942a0	7100032e30
71000942b0	71000359ec
71000942c0	7100032aac
71000942d0	7100032b28
71000942e0	7100032b34
71000942f0	7100032b3c
7100094300	7100032c78
7100094310	7100032c80
7100094320	7100032dc4
7100094330	7100032dd0
7100094340	7100032de0
7100094350	7100032dec
7100094360	7100032e28
7100094370	71000636bc
7100094380	7100032ef4
7100094390	7100032fb8
71000943a0	7100035bf0
71000943b0	7100035cf0
71000943c0	710003341c
71000943d0	7100033494
71000943e0	71000334b0
71000943f0	71000334c8
7100094400	71000334e0
7100094410	71000334f8
7100094420	7100033500
7100094430	71000336c8
7100094440	7100033700
7100094450	710003370c
7100094460	7100033714
7100094470	710027a000
7100094480	710003387c
7100094490	71000338f8
71000944a0	7100033964
71000944b0	71000339d8
71000944c0	7100033af0
71000944d0	7100035e00
71000944e0	7100033ca0
71000944f0	7100033d28
7100094500	7100033d38
7100094510	7100038990
7100094520	7100033e80
7100094530	7100032028
7100094540	7100033fc0
7100094550	710003413c
7100094560	710003416c
7100094570	7100039a20
7100094580	7100034180
7100094590	71000348e0
71000945a0	7100034ad4
71000945b0	7100034b14
71000945c0	7100034f58
71000945d0	710027b000
71000945e0	710027c000
71000945f0	71000356d0
7100094600	71000357e0
7100094610	71000380dc
7100094620	7100037cc0
7100094630	710027d000
7100094640	7100037130
7100094650	7100038380
7100094660	710003866c
7100094670	71000386b8
7100094680	7100038580
7100094690	7100037230
71000946a0	71000387f0
71000946b0	7100038130
71000946c0	7100038260
71000946d0	710003862c
71000946e0	7100038708
71000946f0	7100038754
7100094700	7100039430
7100094710	710002e004
7100094720	7100033a50
7100094730	710003a400
7100094740	710003a684
7100094750	710003a68c
7100094760	710003a694
7100094770	710003a69c
7100094780	7100063aac
7100094790	7100063aa0
71000947a0	710003acbc
71000947b0	710003ad44
71000947c0	710003ad4c
71000947d0	710003d460
71000947e0	710003e140
71000947f0	710003e680
7100094800	710027f000
7100094810	710003d328
7100094820	710003f494
7100094830	710003ae44
7100094840	710003ae94
7100094850	710003aea0
7100094860	710003c990
7100094870	710003cc40
7100094880	710003cff0
7100094890	710003d04c
71000948a0	710003c5f0
71000948b0	710003c470
71000948c0	710003b0d8
71000948d0	710003b0f8
71000948e0	710003b110
71000948f0	710003b120
7100094900	710003b330
7100094910	710003ec80
7100094920	710003cde0
7100094930	710003cee0
7100094940	710003b8c0
7100094950	710003bc20
7100094960	7100280000
7100094970	7100281000
7100094980	710003d09c
7100094990	710003c7d0
71000949a0	7100282000
71000949b0	7100283000
71000949c0	7100284000
71000949d0	7100285000
71000949e0	7100286000
71000949f0	7100287000
7100094a00	710003e844
7100094a10	7100288000
7100094a20	710003e9e0
7100094a30	710003eaf0
7100094a40	710003ab40
7100094a50	710003ee10
7100094a60	71000636d4
7100094a70	710028a000
7100094a80	710028b000
7100094a90	710028c000
7100094aa0	710028d000
7100094ab0	710003f2fc
7100094ac0	710003f384
7100094ad0	71000449e0
7100094ae0	710003f3c0
7100094af0	71000448e0
7100094b00	7100044ed0
7100094b10	7100045810
7100094b20	710003f4e0
7100094b30	710003f608
7100094b40	710003f66c
7100094b50	710003f684
7100094b60	710028e000
7100094b70	710003f690
7100094b80	710003f6d0
7100094b90	710028f000
7100094ba0	710003f880
7100094bb0	710003f914
7100094bc0	710003f9a0
7100094bd0	710003fa1c
7100094be0	710003fa24
7100094bf0	710003fc10
7100094c00	710003fc60
7100094c10	710003fc78
7100094c20	710003ffe0
7100094c30	710003fcd8
7100094c40	710003fcf8
7100094c50	710003fd10
7100094c60	710003fd70
7100094c70	710003fdec
7100094c80	710003fe54
7100094c90	710003fe74
7100094ca0	710003fea8
7100094cb0	710003fec4
7100094cc0	710003fecc
7100094cd0	7100045b10
7100094ce0	7100040660
7100094cf0	7100040680
7100094d00	7100290000
7100094d10	7100291000
7100094d20	7100292000
7100094d30	7100040908
7100094d40	7100040914
7100094d50	71000409c4
7100094d60	71000409d0
7100094d70	7100040b80
7100094d80	7100040bc0
7100094d90	7100040bd8
7100094da0	7100040bf4
7100094db0	7100040c58
7100094dc0	7100040c6c
7100094dd0	7100293000
7100094de0	7100040d64
7100094df0	7100040d7c
7100094e00	7100040e90
7100094e10	7100041140
7100094e20	7100041ac0
7100094e30	7100041de0
7100094e40	7100042660
7100094e50	7100043170
7100094e60	710006c730
7100094e70	7100294000
7100094e80	7100043340
7100094e90	71000435c0
7100094ea0	7100295000
7100094eb0	7100296000
7100094ec0	7100297000
7100094ed0	7100298000
7100094ee0	7100299000
7100094ef0	710029a000
7100094f00	710029b000
7100094f10	710029c000
7100094f20	710029d000
7100094f30	710029e000
7100094f40	710029f000
7100094f50	71002a0000
7100094f60	71002a1000
7100094f70	71002a2000
7100094f80	710006b69c
7100094f90	710006b4f0
7100094fa0	71002a3000
7100094fb0	71002a4000
7100094fc0	71002a5000
7100094fd0	71002a8000
7100094fe0	71002aa000
7100094ff0	71002ab000
7100095000	7100045a10
7100095010	710003ed74
7100095020	7100045cec
7100095030	7100045e90
7100095040	7100046bc0
7100095050	7100048d28
7100095060	71002ac000
7100095070	7100048d78
7100095080	7100045e90
7100095090	7100049530
71000950a0	7100049630
71000950b0	7100049740
71000950c0	7100049aa0
71000950d0	7100049c30
71000950e0	7100049d30
71000950f0	7100047280
7100095100	71000478a0
7100095110	71000479b4
7100095120	7100047a54
7100095130	7100047a68
7100095140	7100047b4c
7100095150	7100047b4c
7100095160	7100047ca0
7100095170	7100047d28
7100095180	7100047d2c
7100095190	7100047d40
71000951a0	7100047f30
71000951b0	71000480d8
71000951c0	71000480ec
71000951d0	71000481ac
71000951e0	71000481cc
71000951f0	7100048230
7100095200	71000482f0
7100095210	71000483f0
7100095220	710004850c
7100095230	7100049320
7100095240	7100049420
7100095250	71000486cc
7100095260	71000486e0
7100095270	7100048894
7100095280	71000488b0
7100095290	7100048a68
71000952a0	7100048a80
71000952b0	7100048e00
71000952c0	7100049100
71000952d0	7100049150
71000952e0	71002ad000
71000952f0	71002ae000
7100095300	7100047b9c
7100095310	710006b64c
7100095320	710004a970
7100095330	71002b1000
7100095340	710006b5ac
7100095350	710006b5b8
7100095360	710006b638
7100095370	7100058404
7100095380	710006aff0
7100095390	7100058e24
71000953a0	710004ba84
71000953b0	710004ae80
71000953c0	710005146c
71000953d0	710004c5e4
71000953e0	71000501e8
71000953f0	7100054b40
7100095400	7100063ab8
7100095410	7100054f4c
7100095420	71000549f0
7100095430	7100055378
7100095440	7100055f50
7100095450	71000561a8
7100095460	710005c2a0
7100095470	710005bb90
7100095480	710005bd18
7100095490	710005e2c4
71000954a0	710006afe4
71000954b0	710004a970
71000954c0	710004a970
71000954d0	710004a970
71000954e0	710004a970
71000954f0	710006b994
7100095500	71000586e4
7100095510	71000588f8
7100095520	7100059870
7100095530	710006b784
7100095540	710006b508
7100095550	710006b7cc
7100095560	710006b188
7100095570	710006bc24
7100095580	710006b7d8
7100095590	710006b5f8
71000955a0	710006c5a4
71000955b0	71002b2000
71000955c0	710006b200
71000955d0	710005b0e0
71000955e0	710006b008
71000955f0	710006b044
7100095600	710006b3d0
7100095610	710006b818
7100095620	710006b83c
7100095630	710006b96c
7100095640	710006bc00
7100095650	710006bc18
7100095660	710005abf8
7100095670	710005ad24
7100095680	710006c598
7100095690	710006b684
71000956a0	71002b3000
71000956b0	710006affc
71000956c0	710005b2c0
71000956d0	7100081af4
71000956e0	710005b950
71000956f0	710005b5d0
7100095700	7100081948
7100095710	7100081a58
7100095720	7100081984
7100095730	710005bf30
7100095740	710005df70
7100095750	710005dfe8
7100095760	710005c674
7100095770	710005cc40
7100095780	710005da00
7100095790	710005daf4
71000957a0	710005e218
71000957b0	710005e420
71000957c0	71002b4000
71000957d0	710005e970
71000957e0	710005ee00
71000957f0	710005ef08
7100095800	71002b5000
7100095810	710005f36c
7100095820	710004a938
7100095830	710005634c
7100095840	7100056afc
7100095850	7100056e68
7100095860	710005f7a0
7100095870	710005fae8
7100095880	710005fb70
7100095890	71002b6000
71000958a0	71002b7000
71000958b0	710005fbdc
71000958c0	710005fbe4
71000958d0	7100063160
71000958e0	7100062ab0
71000958f0	710005fe6c
7100095900	710005fe7c
7100095910	710005fe88
7100095920	710005feac
7100095930	710005fec4
7100095940	710005fee8
7100095950	710006c950
7100095960	710007ff38
7100095970	710007ff5c
7100095980	71002b8000
7100095990	71002b9000
71000959a0	71002ba000
71000959b0	710007ff40
71000959c0	710006359c
71000959d0	71002bb000
71000959e0	71002bc000
71000959f0	7100062c10
7100095a00	710007ff14
7100095a10	71002bd000
7100095a20	71002be000
7100095a30	710006c868
7100095a40	710008f880
7100095a50	71002bf000
7100095a60	71000685c0
7100095a70	71000685b4
7100095a80	710006ce14
7100095a90	710006cb68
7100095aa0	710006cd38
7100095ab0	710008b370
7100095ac0	71002c0000
7100095ad0	71002c1000
7100095ae0	71002c2000
7100095af0	71002c3000
7100095b00	71002c4000
7100095b10	71002c5000
7100095b20	71002c6000
7100095b30	710006c8b4
7100095b40	710006c8f0
7100095b50	710006cd60
7100095b60	71002c7000
7100095b70	7100062dd0
7100095b80	7100062e54
7100095b90	71002c8000
7100095ba0	71002c9000
7100095bb0	71002ca000
7100095bc0	71002cb000
7100095bd0	710006cd44
7100095be0	7100062ee0
7100095bf0	7100062cf4
7100095c00	7100062f6c
7100095c10	710006c580
7100095c20	71002cc000
7100095c30	71002cd000
7100095c40	71002ce000
7100095c50	71002cf000
7100095c60	71002d0000
7100095c70	710007ff54
7100095c80	710006dd5c
7100095c90	710006e1d0
7100095ca0	710006c7b0
7100095cb0	710006df20
7100095cc0	71002d1000
7100095cd0	71002d2000
7100095ce0	71002d3000
7100095cf0	71002d4000
7100095d00	710006e2b0
7100095d10	71000621d0
7100095d20	7100062bc0
7100095d30	710006300c
7100095d40	7100062670
7100095d50	7100062938
7100095d60	71002d5000
7100095d70	71002d6000
7100095d80	71000636a4
7100095d90	7100068620
7100095da0	710005f708
7100095db0	71000632f0
7100095dc0	7100066c10
7100095dd0	71000646e0
7100095de0	7100064c70
7100095df0	71000635b0
7100095e00	7100065248
7100095e10	71000634dc
7100095e20	7100063598
7100095e30	71002d7000
7100095e40	71002d8000
7100095e50	71002d9000
7100095e60	71002da000
7100095e70	71000636b0
7100095e80	710006370c
7100095e90	710006376c
7100095ea0	7100066e20
7100095eb0	7100063878
7100095ec0	7100066f30
7100095ed0	7100063984
7100095ee0	7100067040
7100095ef0	7100063ac4
7100095f00	7100063b0c
7100095f10	71002db000
7100095f20	7100063b84
7100095f30	7100063bd0
7100095f40	71002dc000
7100095f50	71002dd000
7100095f60	7100067150
7100095f70	71002de000
7100095f80	71002df000
7100095f90	7100066b34
7100095fa0	7100066de0
7100095fb0	710006754c
7100095fc0	710006759c
7100095fd0	71000675ec
7100095fe0	71000672d0
7100095ff0	7100063254
7100096000	710006770c
7100096010	710006779c
7100096020	7100067854
7100096030	7100067884
7100096040	71000678b4
7100096050	71000678c0
7100096060	71000678cc
7100096070	7100067914
7100096080	7100067920
7100096090	710008b440
71000960a0	7100067970
71000960b0	71000679a4
71000960c0	7100067a78
71000960d0	710008b3e4
71000960e0	71002e0000
71000960f0	7100067c0c
7100096100	7100067c94
7100096110	7100067ca0
7100096120	710006763c
7100096130	7100067e78
7100096140	710008b33c
7100096150	7100067ec0
7100096160	7100067ef8
7100096170	7100067f04
7100096180	7100067f10
7100096190	7100067f20
71000961a0	7100067f80
71000961b0	710006812c
71000961c0	71000681ac
71000961d0	7100068280
71000961e0	7100068334
71000961f0	71000684c8
7100096200	7100068534
7100096210	710006858c
7100096220	71002e1000
7100096230	71000686d0
7100096240	71000686e0
7100096250	7100068860
7100096260	7100068960
7100096270	710008b4b0
7100096280	7100068d00
7100096290	7100069600
71000962a0	7100067b1c
71000962b0	710006a638
71000962c0	7100080af0
71000962d0	710006e4ac
71000962e0	71002e2000
71000962f0	71002e3000
7100096300	710006e570
7100096310	710006af60
7100096320	710006b04c
7100096330	710006f038
7100096340	710006b284
7100096350	710006b3d8
7100096360	7100080f50
7100096370	71002e4000
7100096380	71002e5000
7100096390	710006fb08
71000963a0	71002e6000
71000963b0	710006b8bc
71000963c0	71002e7000
71000963d0	71000724f0
71000963e0	710006b9a0
71000963f0	7100072640
7100096400	710006b9a8
7100096410	710006d234
7100096420	710006bad4
7100096430	710006bd94
7100096440	710006be1c
7100096450	710006be30
7100096460	710006a5b0
7100096470	7100074ae0
7100096480	71002e8000
7100096490	71002e9000
71000964a0	710006c5c0
71000964b0	710006c6f4
71000964c0	710006cb70
71000964d0	710006cdd4
71000964e0	710006cf64
71000964f0	710006cf70
7100096500	7100077834
7100096510	710006d348
7100096520	710006d350
7100096530	710006d560
7100096540	710006d670
7100096550	710006d740
7100096560	710006d7d0
7100096570	7100077890
7100096580	710006d814
7100096590	710006d820
71000965a0	71000779e0
71000965b0	7100077e68
71000965c0	710006d9c0
71000965d0	710006dab0
71000965e0	710006dac0
71000965f0	710007826c
7100096600	710006dc20
7100096610	7100073910
7100096620	710006dcb0
7100096630	710006dd70
7100096640	71002ea000
7100096650	710006df30
7100096660	71002eb000
7100096670	710006e2c0
7100096680	71002ec000
7100096690	71002ed000
71000966a0	71002ee000
71000966b0	71002ef000
71000966c0	710006ee00
71000966d0	71002f0000
71000966e0	71002f1000
71000966f0	710006e8a0
7100096700	71002f2000
7100096710	71002f3000
7100096720	710006f860
7100096730	710006f9d0
7100096740	710006f580
7100096750	710007feec
7100096760	710006f6d0
7100096770	71002f4000
7100096780	71002f5000
7100096790	71002f6000
71000967a0	71002f7000
71000967b0	71002f8000
71000967c0	71002f9000
71000967d0	71002fa000
71000967e0	7100070054
71000967f0	71002fb000
7100096800	710008f498
7100096810	710008f718
7100096820	710008f608
7100096830	71002fc000
7100096840	71002fd000
7100096850	71002fe000
7100096860	71002ff000
7100096870	7100301000
7100096880	7100302000
7100096890	7100303000
71000968a0	710008f358
71000968b0	710008f1d0
71000968c0	7100072298
71000968d0	7100072b00
71000968e0	710009076c
71000968f0	7100073a40
7100096900	7100073d00
7100096910	7100075270
7100096920	7100073f90
7100096930	7100074120
7100096940	7100074230
7100096950	7100074340
7100096960	7100304000
7100096970	7100074750
7100096980	710007747c
7100096990	7100075150
71000969a0	7100305000
71000969b0	7100306000
71000969c0	7100307000
71000969d0	7100308000
71000969e0	7100309000
71000969f0	7100075818
7100096a00	7100075960
7100096a10	71000768f0
7100096a20	7100076b14
7100096a30	7100076c10
7100096a40	710030a000
7100096a50	710030b000
7100096a60	710030c000
7100096a70	7100076da4
7100096a80	7100076f3c
7100096a90	7100075720
7100096aa0	710030d000
7100096ab0	710030e000
7100096ac0	710030f000
7100096ad0	7100310000
7100096ae0	7100311000
7100096af0	7100312000
7100096b00	7100313000
7100096b10	7100314000
7100096b20	7100315000
7100096b30	7100316000
7100096b40	7100317000
7100096b50	7100318000
7100096b60	7100319000
7100096b70	710031a000
7100096b80	71000759b0
7100096b90	710031b000
7100096ba0	710031c000
7100096bb0	710031d000
7100096bc0	710031e000
7100096bd0	7100077620
7100096be0	710031f000
7100096bf0	7100077c74
7100096c00	71000780cc
7100096c10	710006bc30
7100096c20	7100079200
7100096c30	7100320000
7100096c40	7100321000
7100096c50	7100323000
7100096c60	7100324000
7100096c70	7100325000
7100096c80	7100326000
7100096c90	71000787e8
7100096ca0	7100327000
7100096cb0	7100328000
7100096cc0	7100329000
7100096cd0	710032a000
7100096ce0	710032b000
7100096cf0	710032c000
7100096d00	710032d000
7100096d10	710007b090
7100096d20	710032e000
7100096d30	710007947c
7100096d40	7100080cd4
7100096d50	710007a3b8
7100096d60	710007a8c4
7100096d70	710007aecc
7100096d80	710032f000
7100096d90	7100330000
7100096da0	710007ab54
7100096db0	710007ab6c
7100096dc0	7100079b40
7100096dd0	710007a43c
7100096de0	710007a840
7100096df0	710007a8cc
7100096e00	710007f640
7100096e10	710007db90
7100096e20	710007ab74
7100096e30	7100362000
7100096e40	710007aed4
7100096e50	7100364000
7100096e60	71000905a0
7100096e70	71000906a0
7100096e80	7100081404
7100096e90	710008efa8
7100096ea0	7100084024
7100096eb0	710007fc98
7100096ec0	710008b130
7100096ed0	710008190c
7100096ee0	710008f0fc
7100096ef0	71000845a0
7100096f00	710007fe20
7100096f10	710008b310
7100096f20	7100365000
7100096f30	7100366000
7100096f40	710008f744
7100096f50	7100367000
7100096f60	7100368000
7100096f70	7100369000
7100096f80	710036a000
7100096f90	710036b000
7100096fa0	710036c000
7100096fb0	710036d000
7100096fc0	710036e000
7100096fd0	710036f000
7100096fe0	7100370000
7100096ff0	7100371000
7100097000	7100372000
7100097010	710008b320
7100097020	7100373000
7100097030	7100374000
7100097040	710007dcf0
7100097050	710007e9c8
7100097060	710007df10
7100097070	7100375000
7100097080	710007dfb0
7100097090	710007f1b0
71000970a0	710007e350
71000970b0	710007e3f8
71000970c0	7100376000
71000970d0	710007e4ec
71000970e0	710007e780
71000970f0	7100377000
7100097100	7100378000
7100097110	7100379000
7100097120	710007cec4
7100097130	710007f374
7100097140	710007dca0
7100097150	710007d23c
7100097160	710007d32c
7100097170	710007d4f4
7100097180	710007f734
7100097190	710007fb4c
71000971a0	710037a000
71000971b0	710007fc0c
71000971c0	710007d750
71000971d0	710007da18
71000971e0	710008b518
71000971f0	710037b000
7100097200	710037c000
7100097210	710037d000
7100097220	710037e000
7100097230	710007ebb8
7100097240	710007ecfc
7100097250	710037f000
7100097260	710007f310
7100097270	710007eaa8
7100097280	7100380000
7100097290	710007ef7c
71000972a0	7100381000
71000972b0	7100382000
71000972c0	7100383000
71000972d0	7100384000
71000972e0	7100385000
71000972f0	710007fd98
7100097300	710007fe28
7100097310	7100386000
7100097320	710008030c
7100097330	7100387000
7100097340	71000805ec
7100097350	7100388000
7100097360	7100389000
7100097370	71000801c4
7100097380	710038a000
7100097390	710038b000
71000973a0	710038c000
71000973b0	710038d000
71000973c0	710038e000
71000973d0	710038f000
71000973e0	7100390000
71000973f0	71000811f0
7100097400	7100080b98
7100097410	7100080d48
7100097420	7100081474
7100097430	7100081890
7100097440	7100391000
7100097450	7100392000
7100097460	7100393000
7100097470	7100394000
7100097480	7100395000
7100097490	7100396000
71000974a0	7100397000
71000974b0	7100398000
71000974c0	7100399000
71000974d0	7100083ba4
71000974e0	7100083cb0
71000974f0	710039a000
7100097500	710039b000
7100097510	710039d000
7100097520	710039e000
7100097530	710008366c
7100097540	71000838e0
7100097550	710039f000
7100097560	7100084094
7100097570	7100084524
7100097580	71000878d0
7100097590	71000845e8
71000975a0	710008b030
71000975b0	710008a3b0
71000975c0	7100084860
71000975d0	71003a0000
71000975e0	71003a1000
71000975f0	7100084b20
7100097600	7100084c3c
7100097610	71003a2000
7100097620	71003a3000
7100097630	7100084e0c
7100097640	7100084fd0
7100097650	7100085160
7100097660	71000865a0
7100097670	7100085f10
7100097680	7100085880
7100097690	71000865f0
71000976a0	7100086890
71000976b0	7100085330
71000976c0	71000855f8
71000976d0	7100085770
71000976e0	71000859c0
71000976f0	7100085c88
7100097700	7100085e00
7100097710	7100086050
7100097720	7100086318
7100097730	7100086490
7100097740	7100086640
7100097750	71000866fc
7100097760	710008674c
7100097770	7100086810
7100097780	71003a4000
7100097790	71003a5000
71000977a0	7100087108
71000977b0	71003a6000
71000977c0	7100086c50
71000977d0	7100087780
71000977e0	71003a7000
71000977f0	71003a8000
7100097800	71003a9000
7100097810	71003aa000
7100097820	71003ab000
7100097830	71003ac000
7100097840	71003ad000
7100097850	7100087570
7100097860	71000906fc
7100097870	7100087670
7100097880	710008a4c0
7100097890	710008a650
71000978a0	710008a9c0
71000978b0	7100089f10
71000978c0	7100089c70
71000978d0	710008a1b4
71000978e0	710008a8d0
71000978f0	710008ade0
7100097900	710008af10
7100097910	710008b294
7100097920	710008ec90
7100097930	71003ae000
7100097940	710008b534
7100097950	71003af000
7100097960	71003b0000
7100097970	71003b1000
7100097980	710008b650
7100097990	710008bbf0
71000979a0	710008bd80
71000979b0	71003b2000
71000979c0	710008c740
71000979d0	71003b3000
71000979e0	71003b4000
71000979f0	710008c2e0
7100097a00	710008c3fc
7100097a10	710008c510
7100097a20	71003b5000
7100097a30	710008ce10
7100097a40	710008dd50
7100097a50	71003b6000
7100097a60	710008f080
7100097a70	71003b7000
7100097a80	710008f380
7100097a90	710008f4c0
7100097aa0	710008f630
7100097ab0	7100090390
7100097ac0	710008f768
7100097ad0	71003b8000
7100097ae0	71000904f8
7100097af0	710008f8d0
7100097b00	71003b9000
7100097b10	71003ba000
7100097b20	71003bb000
7100097b30	71003bc000
7100097b40	71003bd000
7100097b50	71003be000
7100097b60	710008fa50
7100097b70	71003bf000
7100097b80	710008fbb0
7100097b90	710008fce0
7100097ba0	71003c0000
7100097bb0	71003c1000
7100097bc0	71000902a8
7100097bd0	71003c2000
7100097be0	71003c3000
7100097bf0	71003c4000
7100097c00	7100090624
7100097c10	71003c5000
7100097c20	7100090d40
7100097c30	71003c6000
7100097c40	71000913c0
